directorio,secuencia_p,orden,hogar,regis,per,p3271,p6040,p3042,inglabo,id_registro_original
8435968,1,1,1,10,2025,1,59,4.0,1650000.0,8
8435970,1,4,1,10,2025,1,11,4.0,,13
8435973,1,2,1,10,2025,1,71,5.0,800000.0,17
8435974,1,2,1,10,2025,1,53,1.0,,19
8435975,1,1,1,10,2025,1,70,1.0,,20
8435976,1,2,1,10,2025,2,45,5.0,760000.0,22
8435977,1,2,1,10,2025,1,42,4.0,400000.0,24
8435977,1,3,1,10,2025,2,17,5.0,,25
8435977,1,4,1,10,2025,2,15,5.0,,26
8435978,1,2,1,10,2025,1,28,1.0,500000.0,28
8435978,1,3,1,10,2025,1,17,4.0,,29
8435979,1,2,1,10,2025,2,60,4.0,150000.0,32
8435980,1,6,1,10,2025,2,3,2.0,,40
8435981,1,1,1,10,2025,1,54,10.0,4300000.0,41
8435982,1,1,1,10,2025,1,69,1.0,200000.0,44
8435982,1,2,1,10,2025,2,61,3.0,,45
8435982,1,3,1,10,2025,1,26,1.0,,46
8435982,1,10,1,10,2025,2,16,4.0,,53
8435984,1,3,1,10,2025,2,11,3.0,,60
8435985,1,1,1,10,2025,2,77,3.0,,63
8435989,1,2,1,10,2025,2,21,10.0,,68
8435990,1,1,1,10,2025,1,65,8.0,400000.0,70
8435993,1,2,1,10,2025,2,47,10.0,1600000.0,78
8435994,1,8,1,10,2025,1,1,,,87
8435995,1,1,1,10,2025,2,52,11.0,5000000.0,88
8435996,1,2,1,10,2025,1,16,4.0,,91
8435996,1,5,1,10,2025,1,4,2.0,,94
8435996,1,6,1,10,2025,2,82,1.0,,95
8436000,1,1,1,10,2025,1,67,1.0,,104
8436000,1,4,1,10,2025,1,25,5.0,400000.0,107
8436001,1,3,1,10,2025,1,2,,,111
8436001,1,4,1,10,2025,2,57,3.0,180000.0,112
8436002,1,1,1,10,2025,2,47,7.0,,114
8436004,1,2,1,10,2025,2,55,5.0,600000.0,123
8436004,1,4,1,10,2025,2,20,10.0,,125
8436004,1,8,1,10,2025,2,1,,,129
8436005,1,2,1,10,2025,2,67,1.0,150000.0,132
8436005,1,3,1,10,2025,2,44,1.0,200000.0,133
8436005,1,8,1,10,2025,2,10,3.0,,138
8436006,1,1,1,10,2025,1,55,1.0,500000.0,142
8436006,1,6,1,10,2025,1,22,3.0,,147
8436008,1,2,1,10,2025,2,66,3.0,,155
8436010,1,3,1,10,2025,1,31,5.0,400000.0,161
8436011,1,1,1,10,2025,1,50,3.0,400000.0,162
8436011,1,3,1,10,2025,1,30,5.0,1423500.0,164
8436012,1,1,1,10,2025,2,52,3.0,150000.0,166
8436012,1,2,1,10,2025,1,45,1.0,800000.0,167
8436012,1,4,1,10,2025,1,23,5.0,900000.0,169
8436013,1,4,1,10,2025,1,9,3.0,,173
8436013,1,5,1,10,2025,1,7,3.0,,174
8436014,1,3,1,10,2025,2,11,3.0,,177
8436015,1,2,1,10,2025,2,56,1.0,300000.0,179
8436017,1,1,1,10,2025,2,60,5.0,,187
8436018,1,1,1,10,2025,1,72,10.0,,189
8436019,1,2,1,10,2025,1,43,3.0,450000.0,194
8436020,1,2,1,10,2025,2,43,4.0,300000.0,196
8436020,1,3,1,10,2025,1,14,4.0,,197
8436023,1,1,1,10,2025,2,34,5.0,400000.0,203
8436024,1,1,1,10,2025,2,70,3.0,,205
8436026,1,4,1,10,2025,1,8,3.0,,216
8436026,1,7,1,10,2025,1,10,4.0,,219
8436027,1,1,1,10,2025,1,39,4.0,950000.0,220
8436027,1,4,1,10,2025,1,15,4.0,,223
8436028,1,1,1,10,2025,2,49,4.0,,225
8436029,1,2,1,10,2025,1,43,3.0,500000.0,232
8436031,1,1,1,10,2025,1,53,4.0,450000.0,237
8436032,1,3,1,10,2025,1,7,3.0,,241
8436032,1,4,1,10,2025,1,5,2.0,,242
8436036,1,1,1,10,2025,2,63,8.0,,246
8436038,1,1,1,10,2025,2,56,8.0,2500000.0,248
8436039,1,1,1,10,2025,1,46,10.0,3500000.0,249
8436041,1,2,1,10,2025,1,48,5.0,2500000.0,255
8436044,1,3,1,10,2025,2,16,5.0,,260
8436045,1,1,1,10,2025,1,56,5.0,1423500.0,261
8436049,1,2,1,10,2025,2,69,3.0,,269
8436050,1,1,1,10,2025,2,23,5.0,550000.0,270
8436050,1,2,1,10,2025,2,23,5.0,,271
8436052,1,3,1,10,2025,2,27,5.0,1423500.0,278
8436052,1,5,1,10,2025,1,16,5.0,,280
8436054,1,2,1,10,2025,2,32,5.0,300000.0,283
8436054,1,3,1,10,2025,2,10,3.0,,284
8436055,1,1,1,10,2025,2,70,3.0,,285
8436057,1,2,1,10,2025,2,42,3.0,1423500.0,292
8436058,1,1,1,10,2025,1,22,8.0,1423500.0,294
8436058,1,2,1,10,2025,2,27,5.0,1200000.0,295
8436060,1,2,1,10,2025,2,39,11.0,7000000.0,298
8436061,1,1,1,10,2025,1,29,12.0,13000000.0,299
8436068,1,1,1,10,2025,2,67,3.0,,314
8436068,1,3,1,10,2025,1,37,3.0,,316
8436070,1,3,1,10,2025,1,25,5.0,,326
8436071,1,1,1,10,2025,2,73,3.0,,327
8436072,1,2,1,10,2025,2,66,5.0,,331
8436073,1,1,1,10,2025,1,71,3.0,,332
8436074,1,2,1,10,2025,1,17,6.0,,334
8436075,1,1,1,10,2025,2,72,4.0,,336
8436077,1,1,1,10,2025,2,61,10.0,1423500.0,339
8436079,1,1,1,10,2025,2,52,5.0,,344
8436079,1,2,1,10,2025,1,13,4.0,,345
8436080,1,2,1,10,2025,2,38,5.0,,347
8436082,1,1,1,10,2025,2,25,10.0,,350
8436083,1,2,1,10,2025,1,32,9.0,1500000.0,352
8436087,1,1,1,10,2025,1,72,3.0,,356
8436088,1,1,1,10,2025,2,67,3.0,,358
8436088,1,2,1,10,2025,1,82,3.0,,359
8436089,1,1,1,10,2025,1,36,5.0,1600000.0,360
8436089,1,2,1,10,2025,2,31,5.0,,361
8436090,1,1,1,10,2025,2,26,10.0,,363
8436091,1,4,1,10,2025,1,11,3.0,,367
8436092,1,2,1,10,2025,2,50,3.0,800000.0,369
8436094,1,3,1,10,2025,1,4,2.0,,374
8436095,1,3,1,10,2025,2,9,3.0,,377
8436098,1,1,1,10,2025,1,45,3.0,1423500.0,382
8436098,1,3,1,10,2025,1,24,5.0,2500000.0,384
8436099,1,1,1,10,2025,1,54,3.0,500000.0,386
8436100,1,1,1,10,2025,1,40,5.0,1430000.0,389
8436101,1,1,1,10,2025,1,29,5.0,1423500.0,393
8436101,1,2,1,10,2025,2,18,5.0,,394
8436102,1,2,1,10,2025,2,40,3.0,950000.0,396
8436103,1,2,1,10,2025,1,17,5.0,,400
8436103,1,3,1,10,2025,1,14,4.0,,401
8436106,1,1,1,10,2025,2,41,3.0,600000.0,406
8436106,1,2,1,10,2025,2,14,4.0,,407
8436107,1,1,1,10,2025,2,80,1.0,,408
8436107,1,2,1,10,2025,2,50,1.0,,409
8436109,1,1,1,10,2025,2,76,3.0,,410
8436112,1,1,1,10,2025,1,74,3.0,,415
8436115,1,2,1,10,2025,2,52,3.0,364000.0,422
8436118,1,2,1,10,2025,1,15,5.0,,428
8436119,1,2,1,10,2025,2,58,3.0,,430
8436120,1,1,1,10,2025,1,46,3.0,950000.0,431
8436121,1,1,1,10,2025,1,41,3.0,1000000.0,436
8436121,1,4,1,10,2025,2,13,4.0,,439
8436121,1,5,1,10,2025,1,3,1.0,,440
8436122,1,2,1,10,2025,2,29,5.0,,442
8436122,1,4,1,10,2025,2,3,1.0,,444
8436123,1,1,1,10,2025,2,83,1.0,,445
8436124,1,3,1,10,2025,2,16,5.0,,448
8436126,1,1,1,10,2025,2,52,3.0,600000.0,452
8436126,1,2,1,10,2025,2,26,5.0,,453
8436129,1,1,1,10,2025,2,63,3.0,,459
8436130,1,1,1,10,2025,1,46,3.0,530000.0,460
8436130,1,2,1,10,2025,2,35,3.0,,461
8436132,1,3,1,10,2025,1,23,4.0,,469
8436136,1,5,1,10,2025,1,0,,,476
8436137,1,1,1,10,2025,1,46,3.0,2000000.0,477
8436138,1,1,1,10,2025,1,30,5.0,350000.0,482
8436141,1,5,1,10,2025,2,15,5.0,,494
8436142,1,1,1,10,2025,1,37,3.0,2000000.0,495
8436144,1,1,1,10,2025,2,73,3.0,,499
8436146,1,1,1,10,2025,1,75,3.0,,500
8436148,1,1,1,10,2025,1,42,3.0,1400000.0,503
8436153,1,2,1,10,2025,2,66,11.0,,511
8436153,1,3,1,10,2025,2,33,9.0,,512
8436155,1,1,1,10,2025,1,68,12.0,,514
8436156,1,1,1,10,2025,2,52,5.0,,515
8436156,1,2,1,10,2025,1,24,10.0,,516
8436157,1,1,1,10,2025,1,65,3.0,4900000.0,517
8436163,1,1,1,10,2025,1,39,5.0,1800000.0,527
8436165,1,2,1,10,2025,1,38,6.0,2100000.0,534
8436166,1,1,1,10,2025,1,52,6.0,3200000.0,535
8436166,1,2,1,10,2025,2,44,5.0,,536
8436166,1,3,1,10,2025,2,19,10.0,,537
8436169,1,2,1,10,2025,1,7,3.0,,542
8436169,1,3,1,10,2025,1,1,,,543
8436170,1,2,1,10,2025,2,12,4.0,,545
8436171,1,2,1,10,2025,1,33,5.0,1200000.0,547
8436172,1,1,1,10,2025,1,61,3.0,,548
8436172,1,2,1,10,2025,2,70,1.0,,549
8436173,1,1,1,10,2025,2,53,3.0,,550
8436173,1,4,1,10,2025,1,17,4.0,,553
8436177,1,2,1,10,2025,2,20,5.0,460000.0,563
8436180,1,1,1,10,2025,2,34,5.0,600000.0,569
8436183,1,2,1,10,2025,2,44,3.0,,580
8436183,1,3,1,10,2025,2,14,5.0,,581
8436183,1,4,1,10,2025,1,6,3.0,,582
8436185,1,1,1,10,2025,1,96,3.0,,587
8436185,1,2,1,10,2025,2,68,4.0,,588
8436188,1,1,1,10,2025,2,25,10.0,1423500.0,592
8436189,1,1,1,10,2025,2,62,4.0,1400000.0,594
8436190,1,2,1,10,2025,1,53,6.0,900000.0,596
8436191,1,2,1,10,2025,2,47,9.0,1423500.0,598
8436193,1,1,1,10,2025,1,73,3.0,100000.0,603
8436195,1,2,1,10,2025,2,46,5.0,240000.0,607
8436197,1,2,1,10,2025,2,52,5.0,,612
8436198,1,3,1,10,2025,2,78,1.0,,615
8436198,1,4,1,10,2025,1,85,3.0,,616
8436199,1,1,1,10,2025,2,62,1.0,,617
8436204,1,1,1,10,2025,2,73,3.0,,626
8436206,1,3,1,10,2025,1,8,3.0,,630
8436206,1,4,1,10,2025,1,16,5.0,,631
8436207,1,1,1,10,2025,2,63,5.0,,632
8436208,1,2,1,10,2025,1,59,3.0,1423500.0,634
8436210,1,2,1,10,2025,2,21,8.0,,640
8436211,1,3,1,10,2025,2,6,3.0,,643
8436212,1,2,1,10,2025,2,28,4.0,,645
8436212,1,3,1,10,2025,2,12,4.0,,646
8436213,1,2,1,10,2025,2,16,4.0,,649
8436213,1,3,1,10,2025,2,7,3.0,,650
8436214,1,3,1,10,2025,2,36,8.0,,653
8436221,1,2,1,10,2025,2,58,3.0,,669
8436222,1,1,1,10,2025,1,72,5.0,,670
8436222,1,3,1,10,2025,1,10,3.0,,672
8436225,1,1,1,10,2025,1,54,9.0,1800000.0,675
8436226,1,3,1,10,2025,1,4,1.0,,680
8436226,1,4,1,10,2025,2,26,5.0,,681
8436228,1,1,1,10,2025,1,80,4.0,1500000.0,686
8436230,1,1,1,10,2025,1,73,3.0,1300000.0,689
8436231,1,2,1,10,2025,2,17,6.0,,691
8436232,1,2,1,10,2025,2,55,3.0,,694
8436233,1,2,1,10,2025,1,51,4.0,,696
8436234,1,2,1,10,2025,1,60,3.0,800000.0,699
8436235,1,2,1,10,2025,2,53,8.0,,701
8436236,1,3,1,10,2025,1,80,3.0,,704
8436237,1,2,1,10,2025,2,54,3.0,,706
8436239,1,1,1,10,2025,1,54,3.0,800000.0,709
8436240,1,2,1,10,2025,1,57,3.0,400000.0,712
8436241,1,3,1,10,2025,1,21,5.0,,715
8436243,1,1,1,10,2025,1,75,4.0,,718
8436248,1,1,1,10,2025,1,70,3.0,1723500.0,729
8436249,1,2,1,10,2025,1,60,3.0,1100000.0,731
8436250,1,2,1,10,2025,1,34,8.0,1800000.0,734
8436250,1,3,1,10,2025,2,16,4.0,,735
8436251,1,1,1,10,2025,1,74,4.0,900000.0,736
8436253,1,1,1,10,2025,1,45,3.0,1350000.0,739
8436255,1,1,1,10,2025,2,35,4.0,600000.0,746
8436255,1,2,1,10,2025,1,48,3.0,1200000.0,747
8436255,1,3,1,10,2025,2,15,4.0,,748
8436255,1,4,1,10,2025,2,12,3.0,,749
8436258,1,1,1,10,2025,1,74,1.0,600000.0,752
8436258,1,4,1,10,2025,1,12,4.0,,755
8436263,1,1,1,10,2025,1,24,5.0,1800000.0,764
8436264,1,1,1,10,2025,1,55,10.0,1623500.0,766
8436265,1,1,1,10,2025,1,37,5.0,1800000.0,770
8436265,1,3,1,10,2025,2,14,4.0,,772
8436268,1,2,1,10,2025,1,17,6.0,,774
8436271,1,2,1,10,2025,2,50,5.0,,782
8436274,1,2,1,10,2025,2,72,3.0,1300000.0,790
8436276,1,4,1,10,2025,1,6,3.0,,798
8436278,1,1,1,10,2025,2,50,4.0,580000.0,804
8436279,1,1,1,10,2025,1,45,4.0,1800000.0,806
8436279,1,3,1,10,2025,2,22,5.0,,808
8436280,1,2,1,10,2025,2,53,3.0,,812
8436282,1,1,1,10,2025,1,48,3.0,1800000.0,814
8436282,1,4,1,10,2025,1,16,5.0,,817
8436287,1,2,1,10,2025,2,34,3.0,,822
8436287,1,3,1,10,2025,1,16,4.0,,823
8436289,1,1,1,10,2025,1,57,3.0,1400000.0,826
8436289,1,2,1,10,2025,2,53,3.0,0.0,827
8436290,1,2,1,10,2025,1,36,3.0,1200000.0,830
8436291,1,2,1,10,2025,2,44,3.0,,832
8436291,1,3,1,10,2025,1,15,3.0,,833
8436292,1,1,1,10,2025,1,74,3.0,800000.0,834
8436294,1,1,1,10,2025,1,39,10.0,4106000.0,839
8436295,1,1,1,10,2025,1,50,3.0,500000.0,843
8436295,1,3,1,10,2025,1,27,5.0,,845
8436297,1,1,1,10,2025,1,65,9.0,,850
8436298,1,3,1,10,2025,1,42,1.0,400000.0,853
8436299,1,2,1,10,2025,1,11,3.0,,855
8436304,1,2,1,10,2025,2,63,3.0,,869
8436304,1,3,1,10,2025,2,12,4.0,,870
8436309,1,1,1,10,2025,1,30,6.0,1050000.0,878
8436309,1,5,1,10,2025,1,1,,,882
8436310,1,1,1,10,2025,1,64,4.0,1850000.0,883
8436310,1,3,1,10,2025,2,22,10.0,1423500.0,885
8436313,1,1,1,10,2025,2,37,5.0,1200000.0,890
8436316,1,1,1,10,2025,2,60,8.0,,897
8436317,1,1,1,10,2025,2,61,3.0,,900
8436318,1,1,1,10,2025,2,69,3.0,100000.0,901
8436321,1,1,1,10,2025,2,80,1.0,,909
8436323,1,3,1,10,2025,1,25,10.0,,914
8436324,1,1,1,10,2025,2,71,3.0,,915
8436325,1,1,1,10,2025,1,84,3.0,,916
8436330,1,1,1,10,2025,2,64,3.0,400000.0,931
8436330,1,2,1,10,2025,2,29,3.0,1423500.0,932
8436330,1,3,1,10,2025,2,9,3.0,,933
8436331,1,2,1,10,2025,2,42,9.0,,935
8436340,1,1,1,10,2025,1,89,3.0,,951
8436341,1,2,1,10,2025,2,18,10.0,,953
8436346,1,1,1,10,2025,1,43,11.0,3300000.0,963
8436354,1,1,1,10,2025,2,27,4.0,240000.0,968
8436354,1,3,1,10,2025,2,0,,,970
8436355,1,1,1,10,2025,1,50,3.0,1200000.0,971
8436357,1,3,1,10,2025,1,40,1.0,1400000.0,976
8436360,1,2,1,10,2025,1,55,1.0,1500000.0,983
8436361,1,3,1,10,2025,1,13,3.0,,986
8436362,1,1,1,10,2025,1,50,3.0,1200000.0,988
8436367,1,1,1,10,2025,2,33,10.0,3500000.0,1002
8436367,1,2,1,10,2025,1,35,4.0,1500000.0,1003
8436369,1,2,1,10,2025,1,13,4.0,,1008
8436369,1,4,1,10,2025,2,1,,,1010
8436372,1,1,1,10,2025,2,34,9.0,1800000.0,1013
8436372,1,3,1,10,2025,2,9,3.0,,1015
8436374,1,4,1,10,2025,2,6,3.0,,1022
8436375,1,2,1,10,2025,2,65,8.0,,1024
8436376,1,1,1,10,2025,1,53,1.0,1400000.0,1025
8436377,1,1,1,10,2025,1,38,3.0,1400000.0,1026
8436378,1,1,1,10,2025,2,90,3.0,,1028
8436381,1,2,1,10,2025,1,32,5.0,1600000.0,1032
8436382,1,2,1,10,2025,2,9,3.0,,1034
8436384,1,2,1,10,2025,2,73,5.0,,1039
8436385,1,1,1,10,2025,1,68,3.0,,1041
8436385,1,4,1,10,2025,2,18,8.0,600000.0,1044
8436386,1,2,1,10,2025,1,24,4.0,1300000.0,1046
8436389,1,1,1,10,2025,1,54,4.0,1500000.0,1051
8436396,1,1,1,10,2025,2,43,3.0,,1055
8436397,1,1,1,10,2025,2,53,4.0,500000.0,1057
8436397,1,2,1,10,2025,2,28,5.0,1423500.0,1058
8436398,1,3,1,10,2025,2,0,,,1061
8436399,1,1,1,10,2025,1,65,3.0,1500000.0,1062
8436399,1,3,1,10,2025,1,33,5.0,1423500.0,1064
8436400,1,3,1,10,2025,2,10,3.0,,1069
8436402,1,1,1,10,2025,1,67,3.0,960000.0,1072
8436404,1,1,1,10,2025,1,70,3.0,,1078
8436404,1,2,1,10,2025,2,63,3.0,,1079
8436405,1,1,1,10,2025,1,27,5.0,1423500.0,1081
8436410,1,2,1,10,2025,2,39,4.0,2170000.0,1087
8436413,1,1,1,10,2025,2,81,3.0,,1090
8436414,1,1,1,10,2025,2,66,10.0,,1093
8436415,1,5,1,10,2025,1,7,3.0,,1098
8436418,1,2,1,10,2025,1,57,3.0,1000000.0,1101
8436418,1,3,1,10,2025,2,8,3.0,,1102
8436419,1,1,1,10,2025,2,26,8.0,1423500.0,1103
8436420,1,1,1,10,2025,2,51,5.0,,1104
8436423,1,1,1,10,2025,1,80,4.0,,1111
8436424,1,2,1,10,2025,2,37,5.0,,1113
8436426,1,1,1,10,2025,1,55,3.0,1400000.0,1117
8436427,1,1,1,10,2025,1,48,10.0,22300000.0,1119
8436427,1,2,1,10,2025,2,45,10.0,3500000.0,1120
8436427,1,3,1,10,2025,1,14,4.0,,1121
8436429,1,1,1,10,2025,1,73,9.0,,1126
8436432,1,3,1,10,2025,1,13,4.0,,1133
8436432,1,4,1,10,2025,2,8,3.0,,1134
8436434,1,3,1,10,2025,1,10,3.0,,1138
8436434,1,4,1,10,2025,1,8,3.0,,1139
8436438,1,1,1,10,2025,1,79,10.0,,1144
8436440,1,2,1,10,2025,2,21,10.0,,1148
8436441,1,5,1,10,2025,2,5,2.0,,1156
8436446,1,2,1,10,2025,2,42,3.0,320000.0,1169
8436450,1,2,1,10,2025,1,23,5.0,2745000.0,1177
8436451,1,2,1,10,2025,2,70,1.0,,1179
8436451,1,4,1,10,2025,2,32,5.0,,1181
8436452,1,2,1,10,2025,2,5,2.0,,1183
8436453,1,3,1,10,2025,1,46,3.0,,1186
8436453,1,5,1,10,2025,2,5,2.0,,1188
8436454,1,3,1,10,2025,2,17,5.0,,1191
8436458,1,1,1,10,2025,1,20,5.0,1500000.0,1196
8436458,1,2,1,10,2025,1,20,5.0,1500000.0,1197
8436460,1,1,1,10,2025,2,70,3.0,,1199
8436462,1,1,1,10,2025,1,56,3.0,360000.0,1208
8436464,1,1,1,10,2025,1,71,3.0,400000.0,1214
8436464,1,2,1,10,2025,2,55,1.0,560000.0,1215
8436465,1,1,1,10,2025,1,65,3.0,840000.0,1216
8436466,1,3,1,10,2025,1,1,,,1219
8436469,1,2,1,10,2025,2,17,5.0,,1224
8436470,1,1,1,10,2025,1,24,10.0,1000000.0,1226
8436471,1,2,1,10,2025,1,58,5.0,2800000.0,1230
8436473,1,3,1,10,2025,2,17,5.0,1623000.0,1234
8436476,1,1,1,10,2025,2,41,9.0,2500000.0,1238
8436476,1,2,1,10,2025,1,24,9.0,2500000.0,1239
8436476,1,3,1,10,2025,1,17,5.0,,1240
8436478,1,1,1,10,2025,2,63,8.0,,1243
8436478,1,2,1,10,2025,2,69,3.0,,1244
8436480,1,1,1,10,2025,2,55,4.0,900000.0,1247
8436482,1,3,1,10,2025,1,40,5.0,1423000.0,1253
8436483,1,2,1,10,2025,2,42,10.0,2000000.0,1255
8436483,1,4,1,10,2025,1,71,3.0,,1257
8436487,1,1,1,10,2025,2,34,12.0,3900000.0,1264
8436487,1,3,1,10,2025,2,3,2.0,,1266
8436488,1,3,1,10,2025,1,39,10.0,1500000.0,1269
8436489,1,2,1,10,2025,2,75,3.0,,1271
8436490,1,1,1,10,2025,2,66,3.0,,1273
8436491,1,2,1,10,2025,2,54,4.0,,1280
8436491,1,3,1,10,2025,2,9,3.0,,1281
8436493,1,1,1,10,2025,2,73,5.0,700000.0,1283
8436495,1,4,1,10,2025,1,13,4.0,,1291
8436496,1,1,1,10,2025,1,61,4.0,1500000.0,1292
8436499,1,2,1,10,2025,2,32,5.0,1000000.0,1299
8436499,1,4,1,10,2025,1,6,3.0,,1301
8436501,1,2,1,10,2025,2,31,5.0,,1304
8436503,1,1,1,10,2025,2,51,9.0,2300000.0,1313
8436503,1,3,1,10,2025,2,19,5.0,500000.0,1315
8436505,1,2,1,10,2025,2,51,10.0,4000000.0,1321
8436507,1,1,1,10,2025,1,57,10.0,5850000.0,1329
8436507,1,2,1,10,2025,2,53,5.0,1423000.0,1330
8436508,1,1,1,10,2025,1,67,3.0,1800000.0,1332
8436509,1,1,1,10,2025,2,86,3.0,,1335
8436509,1,8,1,10,2025,2,37,6.0,780000.0,1342
8436509,1,10,1,10,2025,2,23,5.0,1423500.0,1344
8436509,1,13,1,10,2025,1,37,3.0,,1347
8436510,1,3,1,10,2025,2,19,5.0,,1350
8436511,1,1,1,10,2025,1,29,5.0,1623500.0,1351
8436512,1,1,1,10,2025,2,56,5.0,1423500.0,1354
8436512,1,2,1,10,2025,1,30,5.0,1783500.0,1355
8436512,1,4,1,10,2025,2,6,2.0,,1357
8436513,1,4,1,10,2025,1,46,3.0,1700000.0,1361
8436514,1,2,1,10,2025,2,75,5.0,,1363
8436516,1,1,1,10,2025,1,51,5.0,2200000.0,1365
8436516,1,3,1,10,2025,1,7,3.0,,1367
8436517,1,2,1,10,2025,1,53,9.0,800000.0,1369
8436517,1,3,1,10,2025,2,23,10.0,1423500.0,1370
8436519,1,1,1,10,2025,1,29,5.0,1423500.0,1373
8436519,1,2,1,10,2025,1,22,5.0,1423500.0,1374
8436520,1,2,1,10,2025,1,29,4.0,1400000.0,1376
8436521,1,2,1,10,2025,1,32,5.0,1800000.0,1380
8436522,1,1,1,10,2025,1,31,5.0,1600000.0,1384
8436523,1,1,1,10,2025,1,63,4.0,,1386
8436526,1,2,1,10,2025,2,67,10.0,,1391
8436526,1,5,1,10,2025,1,3,1.0,,1394
8436527,1,4,1,10,2025,1,41,8.0,1700000.0,1399
8436528,1,1,1,10,2025,1,77,10.0,,1400
8436529,1,2,1,10,2025,2,50,11.0,,1403
8436530,1,3,1,10,2025,2,1,,,1407
8436531,1,2,1,10,2025,2,66,8.0,,1409
8436532,1,1,1,10,2025,2,60,8.0,,1410
8436534,1,1,1,10,2025,2,90,3.0,,1415
8436535,1,1,1,10,2025,2,72,5.0,,1417
8436536,1,2,1,10,2025,2,77,3.0,,1419
8436537,1,1,1,10,2025,2,84,3.0,,1420
8436539,1,1,1,10,2025,1,68,4.0,,1423
8436539,1,3,1,10,2025,2,39,10.0,3600000.0,1425
8436542,1,1,1,10,2025,1,38,5.0,1450000.0,1429
8436543,1,1,1,10,2025,1,42,8.0,4000000.0,1434
8436544,1,1,1,10,2025,1,25,10.0,300000.0,1436
8436545,1,1,1,10,2025,1,77,8.0,,1437
8436547,1,2,1,10,2025,2,39,10.0,5000000.0,1444
8436550,1,2,1,10,2025,2,51,10.0,6000000.0,1451
8436550,1,3,1,10,2025,2,21,10.0,1623000.0,1452
8436551,1,1,1,10,2025,2,33,5.0,400000.0,1453
8436554,1,3,1,10,2025,2,49,10.0,3800000.0,1461
8436556,1,1,1,10,2025,2,74,8.0,,1466
8436557,1,1,1,10,2025,1,63,5.0,,1467
8436559,1,1,1,10,2025,2,61,12.0,9500000.0,1472
8436560,1,1,1,10,2025,1,65,5.0,720000.0,1473
8436564,1,1,1,10,2025,2,41,3.0,1500000.0,1484
8436569,1,2,1,10,2025,2,27,8.0,3000000.0,1490
8436571,1,4,1,10,2025,1,4,1.0,,1498
8436572,1,3,1,10,2025,2,19,5.0,,1501
8436575,1,2,1,10,2025,1,33,9.0,1423500.0,1507
8436576,1,1,1,10,2025,2,72,5.0,,1509
8436576,1,2,1,10,2025,2,95,3.0,,1510
8436580,1,1,1,10,2025,1,83,5.0,,1517
8436581,1,3,1,10,2025,2,21,10.0,1623000.0,1520
8436581,1,4,1,10,2025,1,17,5.0,,1521
8436582,1,1,1,10,2025,1,34,11.0,9000000.0,1522
8436582,1,2,1,10,2025,2,29,11.0,8000000.0,1523
8436583,1,1,1,10,2025,2,35,10.0,2500000.0,1525
8436583,1,2,1,10,2025,1,41,10.0,,1526
8436583,1,3,1,10,2025,2,23,10.0,3000000.0,1527
8436584,1,1,1,10,2025,1,35,12.0,8000000.0,1528
8436584,1,2,1,10,2025,2,34,12.0,,1529
8436587,1,1,1,10,2025,2,32,5.0,1500000.0,1538
8436588,1,2,1,10,2025,2,9,3.0,,1542
8436590,1,1,1,10,2025,2,51,10.0,775000.0,1543
8436590,1,2,1,10,2025,1,43,5.0,775000.0,1544
8436591,1,1,1,10,2025,1,66,8.0,,1547
8436591,1,2,1,10,2025,2,60,5.0,,1548
8436591,1,4,1,10,2025,1,28,10.0,,1550
8436592,1,2,1,10,2025,2,47,5.0,4000000.0,1552
8436593,1,1,1,10,2025,1,34,9.0,400000.0,1553
8436596,1,1,1,10,2025,1,78,10.0,,1562
8436596,1,2,1,10,2025,2,73,10.0,,1563
8436597,1,3,1,10,2025,1,29,10.0,2100000.0,1566
8436597,1,4,1,10,2025,1,27,4.0,,1567
8436598,2,1,2,10,2025,1,27,8.0,1423000.0,1569
8436598,2,2,2,10,2025,2,22,5.0,400000.0,1570
8436599,1,4,1,10,2025,2,21,5.0,,1574
8436601,1,1,1,10,2025,2,20,8.0,1800000.0,1579
8436606,1,2,1,10,2025,2,54,5.0,,1590
8436608,1,1,1,10,2025,2,48,3.0,,1592
8436609,1,2,1,10,2025,1,25,5.0,1423500.0,1597
8436611,1,2,1,10,2025,1,63,10.0,,1603
8436612,1,1,1,10,2025,1,36,10.0,4500000.0,1606
8436612,1,2,1,10,2025,2,37,10.0,7200000.0,1607
8436612,1,3,1,10,2025,1,7,3.0,,1608
8436612,1,4,1,10,2025,2,66,4.0,,1609
8436613,1,1,1,10,2025,1,51,10.0,2500000.0,1610
8436613,1,4,1,10,2025,2,6,3.0,,1613
8436615,1,2,1,10,2025,2,37,5.0,29000.0,1617
8436615,1,3,1,10,2025,1,11,3.0,,1618
8436616,1,1,1,10,2025,1,42,12.0,10800000.0,1620
8436619,1,3,1,10,2025,1,19,10.0,2130000.0,1628
8436623,1,2,1,10,2025,1,53,5.0,1500000.0,1637
8436624,1,3,1,10,2025,2,31,10.0,2846000.0,1641
8436625,1,1,1,10,2025,1,58,9.0,3000000.0,1642
8436628,1,2,1,10,2025,2,29,9.0,2380000.0,1650
8436629,1,2,1,10,2025,2,24,5.0,,1653
8436629,1,3,1,10,2025,2,22,5.0,,1654
8436629,1,4,1,10,2025,1,6,3.0,,1655
8436633,1,2,1,10,2025,2,37,8.0,2000000.0,1662
8436635,1,2,1,10,2025,2,69,3.0,,1665
8436635,1,5,1,10,2025,2,18,5.0,,1668
8436635,1,6,1,10,2025,1,11,3.0,,1669
8436635,1,7,1,10,2025,1,8,1.0,,1670
8436637,1,1,1,10,2025,1,29,5.0,1623500.0,1676
8436637,1,2,1,10,2025,2,75,3.0,,1677
8436642,1,1,1,10,2025,1,45,10.0,2000000.0,1688
8436642,1,5,1,10,2025,2,71,3.0,,1692
8436643,1,1,1,10,2025,2,50,5.0,1600000.0,1694
8436644,2,1,2,10,2025,1,80,6.0,,1701
8436645,1,1,1,10,2025,1,36,4.0,1700000.0,1702
8436645,1,2,1,10,2025,2,35,4.0,,1703
8436649,1,1,1,10,2025,1,40,5.0,4800000.0,1712
8436653,1,1,1,10,2025,2,41,5.0,1423500.0,1717
8436653,1,3,1,10,2025,2,19,5.0,,1719
8436654,1,2,1,10,2025,1,78,4.0,,1721
8436656,1,3,1,10,2025,2,29,10.0,2950000.0,1726
8436658,1,1,1,10,2025,2,66,3.0,,1730
8436659,1,3,1,10,2025,1,24,6.0,1423500.0,1733
8436661,1,3,1,10,2025,2,21,8.0,1623500.0,1740
8436664,1,5,1,10,2025,1,33,10.0,1423500.0,1750
8436664,1,6,1,10,2025,1,0,,,1751
8436667,1,1,1,10,2025,1,61,3.0,1600000.0,1756
8436667,1,2,1,10,2025,2,58,4.0,300000.0,1757
8436667,1,3,1,10,2025,2,29,9.0,3200000.0,1758
8436668,1,1,1,10,2025,1,20,5.0,1423500.0,1759
8436669,1,1,1,10,2025,2,24,5.0,1423500.0,1762
8436670,1,1,1,10,2025,1,71,4.0,1000000.0,1765
8436671,1,3,1,10,2025,2,44,9.0,1423000.0,1768
8436675,1,2,1,10,2025,1,37,4.0,1700000.0,1773
8436676,1,2,1,10,2025,2,23,10.0,1800000.0,1775
8436676,1,3,1,10,2025,2,31,9.0,0.0,1776
8436677,1,1,1,10,2025,2,51,5.0,,1778
8436677,1,2,1,10,2025,1,44,5.0,1423500.0,1779
8436678,1,2,1,10,2025,2,63,5.0,,1783
8436680,1,2,1,10,2025,1,48,5.0,1600000.0,1786
8436680,1,3,1,10,2025,1,19,10.0,,1787
8436683,1,1,1,10,2025,1,27,9.0,1700000.0,1796
8436688,1,1,1,10,2025,1,54,4.0,1800000.0,1806
8436689,1,4,1,10,2025,2,37,9.0,2700000.0,1810
8436690,1,3,1,10,2025,1,26,8.0,600000.0,1814
8436691,1,2,1,10,2025,1,17,4.0,,1816
8436692,1,1,1,10,2025,2,41,8.0,1700000.0,1817
8436693,1,4,1,10,2025,1,4,2.0,,1822
8436694,1,2,1,10,2025,2,6,2.0,,1824
8436694,1,3,1,10,2025,2,21,5.0,2000000.0,1825
8436696,1,1,1,10,2025,2,61,3.0,,1828
8436696,1,2,1,10,2025,1,59,3.0,,1829
8436697,1,1,1,10,2025,1,50,4.0,1600000.0,1832
8436699,1,1,1,10,2025,2,65,3.0,,1839
8436700,1,3,1,10,2025,1,9,3.0,,1845
8436701,1,3,1,10,2025,1,14,3.0,,1848
8436703,1,2,1,10,2025,2,79,1.0,,1855
8436705,1,4,1,10,2025,1,3,2.0,,1860
8436705,1,5,1,10,2025,1,1,,,1861
8436707,1,4,1,10,2025,2,95,4.0,,1868
8436708,1,1,1,10,2025,2,60,8.0,,1869
8436709,1,1,1,10,2025,1,71,3.0,,1871
8436712,1,2,1,10,2025,2,42,5.0,1423500.0,1877
8436713,1,1,1,10,2025,1,63,9.0,1423500.0,1878
8436716,1,1,1,10,2025,2,24,9.0,1423000.0,1882
8436716,1,2,1,10,2025,2,22,9.0,2100000.0,1883
8436717,1,1,1,10,2025,2,31,8.0,1423500.0,1884
8436719,1,3,1,10,2025,1,18,4.0,960000.0,1889
8436720,1,2,1,10,2025,2,53,3.0,,1892
8436722,1,2,1,10,2025,1,34,5.0,1200000.0,1899
8436723,1,1,1,10,2025,1,42,5.0,3400000.0,1900
8436723,1,3,1,10,2025,2,28,5.0,1623000.0,1902
8436725,1,2,1,10,2025,1,40,10.0,2000000.0,1907
8436726,1,2,1,10,2025,1,52,4.0,,1911
8436728,1,5,1,10,2025,1,66,3.0,2000000.0,1916
8436729,1,1,1,10,2025,1,66,3.0,1300000.0,1918
8436730,1,3,1,10,2025,1,8,3.0,,1924
8436731,1,5,1,10,2025,1,27,5.0,2400000.0,1929
8436734,1,2,1,10,2025,2,29,5.0,500000.0,1934
8436738,1,1,1,10,2025,1,55,4.0,6000000.0,1938
8436740,1,2,1,10,2025,2,32,5.0,2500000.0,1942
8436740,1,4,1,10,2025,2,10,3.0,,1944
8436741,1,1,1,10,2025,2,63,8.0,,1945
8436743,1,2,1,10,2025,1,37,5.0,1800000.0,1950
8436743,1,3,1,10,2025,2,23,10.0,2000000.0,1951
8436744,1,2,1,10,2025,2,37,5.0,,1954
8436745,1,2,1,10,2025,2,23,5.0,,1958
8436750,1,1,1,10,2025,1,63,5.0,1500000.0,1962
8436751,1,1,1,10,2025,1,43,3.0,1500000.0,1965
8436752,1,3,1,10,2025,1,13,3.0,,1972
8436754,1,2,1,10,2025,1,42,5.0,2000000.0,1978
8436758,1,2,1,10,2025,2,41,5.0,,1985
8436758,1,3,1,10,2025,1,21,10.0,1900000.0,1986
8436760,1,2,1,10,2025,1,27,9.0,1423500.0,1989
8436761,1,1,1,10,2025,2,35,8.0,2400000.0,1990
8436761,1,4,1,10,2025,2,6,3.0,,1993
8436762,1,1,1,10,2025,2,34,8.0,1823500.0,1994
8436765,1,2,1,10,2025,1,36,4.0,2200000.0,1999
8436765,1,5,1,10,2025,2,69,1.0,,2002
8436767,1,1,1,10,2025,2,57,4.0,400000.0,2005
8436768,1,1,1,10,2025,2,35,8.0,3000000.0,2007
8436768,1,2,1,10,2025,1,19,10.0,500000.0,2008
8436769,1,2,1,10,2025,2,15,4.0,,2011
8436771,1,2,1,10,2025,1,35,5.0,2200000.0,2013
8436776,1,1,1,10,2025,1,24,9.0,1600000.0,2021
8436781,1,1,1,10,2025,1,73,10.0,,2027
8436781,1,2,1,10,2025,2,64,10.0,,2028
8436782,1,4,1,10,2025,2,43,5.0,3300000.0,2032
8436784,1,3,1,10,2025,1,21,10.0,,2037
8436786,1,2,1,10,2025,2,71,3.0,,2039
8436787,1,2,1,10,2025,2,43,11.0,5500000.0,2041
8436787,1,3,1,10,2025,1,16,5.0,,2042
8436788,1,1,1,10,2025,1,25,10.0,1500000.0,2043
8436789,1,2,1,10,2025,2,19,10.0,,2045
8436790,1,4,1,10,2025,1,18,10.0,,2050
8436793,1,1,1,10,2025,1,42,10.0,6000000.0,2053
8436793,1,3,1,10,2025,1,1,,,2055
8436794,1,1,1,10,2025,1,29,10.0,7500000.0,2056
8436799,1,1,1,10,2025,2,54,8.0,1500000.0,2062
8436799,1,2,1,10,2025,1,56,8.0,,2063
8436807,1,2,1,10,2025,2,36,10.0,2600000.0,2075
8436807,1,3,1,10,2025,2,91,3.0,,2076
8436808,1,1,1,10,2025,1,36,10.0,1500000.0,2077
8436809,1,1,1,10,2025,2,32,10.0,3000000.0,2080
8436809,1,3,1,10,2025,1,7,3.0,,2082
8436814,1,1,1,10,2025,1,36,5.0,1900000.0,2088
8436814,1,2,1,10,2025,2,55,5.0,,2089
8436820,1,4,1,10,2025,2,32,10.0,5000000.0,2104
8436822,1,2,1,10,2025,2,56,12.0,8541000.0,2108
8436823,1,2,1,10,2025,2,63,9.0,3000000.0,2112
8436824,1,1,1,10,2025,1,66,10.0,3000000.0,2113
8436824,1,2,1,10,2025,2,66,10.0,,2114
8436825,1,2,1,10,2025,2,66,5.0,,2119
8436828,1,4,1,10,2025,2,23,4.0,2200000.0,2127
8436831,1,3,1,10,2025,1,14,4.0,,2130
8436831,1,4,1,10,2025,1,11,3.0,,2131
8436831,1,5,1,10,2025,1,7,3.0,,2132
8436831,1,6,1,10,2025,1,6,2.0,,2133
8436832,1,2,1,10,2025,1,47,10.0,4000000.0,2136
8436833,1,4,1,10,2025,2,10,3.0,,2142
8436833,1,5,1,10,2025,2,65,4.0,,2143
8436834,1,1,1,10,2025,2,51,5.0,1100000.0,2144
8436834,1,4,1,10,2025,2,6,3.0,,2147
8436836,1,6,1,10,2025,2,12,3.0,,2158
8436836,1,7,1,10,2025,1,10,3.0,,2159
8436837,1,3,1,10,2025,2,42,8.0,300000.0,2162
8436837,1,5,1,10,2025,2,5,2.0,,2164
8436837,1,8,1,10,2025,1,71,1.0,,2167
8436841,1,2,1,10,2025,1,62,4.0,900000.0,2178
8436841,1,5,1,10,2025,2,46,5.0,2423500.0,2181
8436841,1,7,1,10,2025,2,19,10.0,,2183
8436841,1,8,1,10,2025,2,10,3.0,,2184
8436841,1,9,1,10,2025,1,75,3.0,,2185
8436842,1,1,1,10,2025,2,40,8.0,,2186
8436843,1,3,1,10,2025,2,12,4.0,,2192
8436844,1,1,1,10,2025,1,65,3.0,400000.0,2193
8436844,1,3,1,10,2025,1,26,5.0,1400000.0,2195
8436844,1,4,1,10,2025,2,17,8.0,,2196
8436846,1,3,1,10,2025,1,17,5.0,,2204
8436847,1,1,1,10,2025,2,47,8.0,,2206
8436847,1,2,1,10,2025,2,8,3.0,,2207
8436848,1,3,1,10,2025,1,16,5.0,,2210
8436849,1,3,1,10,2025,1,18,5.0,,2213
8436849,1,5,1,10,2025,1,35,5.0,1500000.0,2215
8436849,1,6,1,10,2025,2,15,4.0,,2216
8436850,1,6,1,10,2025,2,11,4.0,,2224
8436851,1,1,1,10,2025,1,72,3.0,1600000.0,2225
8436852,1,1,1,10,2025,1,25,10.0,3400000.0,2226
8436853,1,2,1,10,2025,1,31,9.0,,2228
8436854,1,1,1,10,2025,2,34,5.0,1500000.0,2229
8436855,1,1,1,10,2025,2,62,3.0,1600000.0,2230
8436856,1,4,1,10,2025,2,19,8.0,,2236
8436856,1,6,1,10,2025,1,36,5.0,1423500.0,2238
8436857,1,1,1,10,2025,2,59,4.0,,2242
8436857,1,5,1,10,2025,1,6,2.0,,2246
8436857,1,11,1,10,2025,2,67,4.0,,2252
8436858,1,1,1,10,2025,1,63,5.0,600000.0,2253
8436859,1,2,1,10,2025,2,29,8.0,15000.0,2260
8436860,1,1,1,10,2025,2,76,3.0,200000.0,2261
8436860,1,2,1,10,2025,1,79,3.0,,2262
8436861,1,6,1,10,2025,2,23,8.0,,2269
8436861,1,7,1,10,2025,1,20,5.0,1623500.0,2270
8436863,1,4,1,10,2025,1,32,5.0,1423500.0,2276
8436864,1,2,1,10,2025,1,76,4.0,120000.0,2279
8436864,1,3,1,10,2025,2,45,5.0,1200000.0,2280
8436865,1,2,1,10,2025,2,38,5.0,850000.0,2283
8436866,1,2,1,10,2025,2,56,3.0,300000.0,2287
8436866,1,3,1,10,2025,1,21,5.0,600000.0,2288
8436867,1,3,1,10,2025,1,24,5.0,1300000.0,2293
8436867,1,4,1,10,2025,2,77,1.0,,2294
8436868,1,2,1,10,2025,2,64,4.0,,2296
8436868,1,4,1,10,2025,1,34,8.0,800000.0,2298
8436869,1,1,1,10,2025,1,40,5.0,700000.0,2299
8436869,1,2,1,10,2025,2,29,5.0,,2300
8436869,1,4,1,10,2025,2,11,3.0,,2302
8436871,1,5,1,10,2025,1,22,5.0,1200000.0,2308
8436872,1,1,1,10,2025,1,29,8.0,1423500.0,2311
8436873,1,2,1,10,2025,2,50,5.0,1500000.0,2314
8436875,1,1,1,10,2025,2,35,8.0,850000.0,2318
8436875,1,5,1,10,2025,2,14,4.0,,2322
8436876,1,3,1,10,2025,1,25,10.0,500000.0,2326
8436878,1,2,1,10,2025,1,23,10.0,1423500.0,2330
8436881,1,2,1,10,2025,1,33,8.0,1423500.0,2342
8436881,1,3,1,10,2025,2,28,8.0,,2343
8436881,1,4,1,10,2025,1,3,2.0,,2344
8436881,1,6,1,10,2025,2,24,5.0,,2346
8436882,1,2,1,10,2025,1,1,,,2349
8436883,1,1,1,10,2025,2,51,3.0,300000.0,2350
8436885,1,3,1,10,2025,2,17,5.0,,2358
8436887,1,1,1,10,2025,1,46,8.0,1800000.0,2361
8436889,1,1,1,10,2025,1,76,4.0,,2367
8436889,1,2,1,10,2025,2,68,3.0,,2368
8436890,1,1,1,10,2025,1,49,4.0,840000.0,2369
8436890,1,4,1,10,2025,1,17,5.0,,2372
8436890,1,6,1,10,2025,1,14,4.0,,2374
8436892,1,1,1,10,2025,1,75,5.0,200000.0,2379
8436892,1,2,1,10,2025,2,67,3.0,,2380
8436893,1,5,1,10,2025,1,25,5.0,1000000.0,2387
8436894,1,1,1,10,2025,1,74,3.0,,2388
8436894,1,4,1,10,2025,2,44,5.0,600000.0,2391
8436895,1,1,1,10,2025,2,40,8.0,1423500.0,2393
8436896,1,1,1,10,2025,2,38,8.0,1600000.0,2397
8436896,1,3,1,10,2025,2,23,8.0,,2399
8436896,1,6,1,10,2025,2,4,1.0,,2402
8436896,1,7,1,10,2025,1,1,,,2403
8436898,1,4,1,10,2025,1,6,3.0,,2411
8436899,1,5,1,10,2025,1,9,3.0,,2418
8436900,1,1,1,10,2025,2,42,5.0,,2420
8436901,1,1,1,10,2025,1,47,5.0,1200000.0,2424
8436903,1,1,1,10,2025,1,30,8.0,1200000.0,2433
8436904,1,1,1,10,2025,1,32,5.0,2300000.0,2437
8436905,1,2,1,10,2025,2,42,5.0,1423500.0,2442
8436906,1,2,1,10,2025,2,38,5.0,700000.0,2445
8436907,1,6,1,10,2025,2,24,8.0,,2451
8436909,1,3,1,10,2025,1,23,5.0,1570000.0,2457
8436910,1,3,1,10,2025,2,18,10.0,,2461
8436913,1,2,1,10,2025,1,16,5.0,,2467
8436914,1,1,1,10,2025,1,58,8.0,1423500.0,2469
8436914,1,2,1,10,2025,2,55,9.0,,2470
8436916,1,5,1,10,2025,1,86,1.0,,2479
8436918,1,2,1,10,2025,2,85,3.0,,2484
8436918,1,3,1,10,2025,2,44,9.0,1423500.0,2485
8436919,1,3,1,10,2025,2,12,4.0,,2488
8436919,1,4,1,10,2025,2,9,3.0,,2489
8436920,1,1,1,10,2025,1,53,8.0,4750000.0,2490
8436920,1,3,1,10,2025,1,21,5.0,1423500.0,2492
8436920,1,4,1,10,2025,2,18,10.0,,2493
8436921,1,4,1,10,2025,1,8,3.0,,2497
8436922,1,1,1,10,2025,1,64,8.0,,2498
8436922,1,3,1,10,2025,2,28,10.0,4000000.0,2500
8436924,1,1,1,10,2025,2,37,10.0,1500000.0,2506
8436924,1,2,1,10,2025,2,12,4.0,,2507
8436924,1,3,1,10,2025,1,6,3.0,,2508
8436924,1,4,1,10,2025,1,62,5.0,1300000.0,2509
8436925,1,1,1,10,2025,1,42,5.0,2000000.0,2510
8436925,1,3,1,10,2025,1,8,3.0,,2512
8436926,1,2,1,10,2025,1,8,3.0,,2514
8436927,1,2,1,10,2025,2,61,6.0,,2516
8436928,1,1,1,10,2025,1,45,5.0,1400000.0,2517
8436930,1,1,1,10,2025,1,50,5.0,1500000.0,2522
8436931,1,1,1,10,2025,1,35,11.0,2200000.0,2525
8436932,1,4,1,10,2025,2,5,2.0,,2529
8436933,1,1,1,10,2025,1,46,5.0,4000000.0,2531
8436935,1,1,1,10,2025,1,64,8.0,,2537
8436937,1,1,1,10,2025,1,36,10.0,2500000.0,2541
8436937,1,2,1,10,2025,2,45,8.0,1500000.0,2542
8436937,1,3,1,10,2025,2,9,3.0,,2543
8436939,1,5,1,10,2025,2,21,10.0,,2549
8436940,1,4,1,10,2025,1,18,10.0,,2553
8436940,1,5,1,10,2025,2,58,4.0,,2554
8436941,1,3,1,10,2025,2,59,3.0,,2558
8436942,1,3,1,10,2025,2,25,5.0,1423000.0,2561
8436943,1,4,1,10,2025,2,72,10.0,3000000.0,2565
8436946,1,4,1,10,2025,1,28,10.0,,2573
8436947,1,1,1,10,2025,1,36,5.0,1400000.0,2574
8436947,1,2,1,10,2025,2,36,5.0,,2575
8436947,1,4,1,10,2025,2,6,3.0,,2577
8436948,1,2,1,10,2025,2,29,11.0,2500000.0,2579
8436949,1,2,1,10,2025,1,24,10.0,1580000.0,2583
8436950,1,1,1,10,2025,1,65,4.0,,2584
8436951,1,2,1,10,2025,1,48,5.0,1423500.0,2588
8436951,1,3,1,10,2025,2,47,3.0,,2589
8436954,1,1,1,10,2025,1,58,5.0,,2602
8436958,1,1,1,10,2025,2,60,3.0,,2612
8436959,1,1,1,10,2025,2,75,5.0,,2616
8436963,1,2,1,10,2025,2,37,11.0,4000000.0,2622
8436966,1,2,1,10,2025,2,61,3.0,,2626
8436967,1,1,1,10,2025,2,54,1.0,240000.0,2627
8436967,1,2,1,10,2025,1,24,5.0,1500000.0,2628
8436969,1,1,1,10,2025,1,40,3.0,,2631
8436969,1,3,1,10,2025,1,13,4.0,,2633
8436969,1,4,1,10,2025,1,11,3.0,,2634
8436969,1,5,1,10,2025,2,1,,,2635
8436969,1,6,1,10,2025,2,53,4.0,300000.0,2636
8436972,1,1,1,10,2025,1,74,5.0,,2638
8436972,1,3,1,10,2025,2,46,10.0,3000000.0,2640
8436973,1,3,1,10,2025,1,27,6.0,1423500.0,2645
8436977,1,3,1,10,2025,1,51,5.0,1700000.0,2656
8436978,1,1,1,10,2025,2,43,5.0,720000.0,2657
8436979,1,2,1,10,2025,2,61,11.0,6000000.0,2661
8436979,1,3,1,10,2025,1,27,12.0,5000000.0,2662
8436986,1,1,1,10,2025,1,50,5.0,1800000.0,2671
8436986,1,4,1,10,2025,1,82,3.0,,2674
8436986,1,5,1,10,2025,1,48,5.0,1423500.0,2675
8436988,1,3,1,10,2025,2,24,5.0,700000.0,2680
8436988,1,4,1,10,2025,1,22,5.0,,2681
8436990,1,1,1,10,2025,2,47,10.0,,2683
8436991,1,1,1,10,2025,1,58,4.0,1500000.0,2685
8436992,1,3,1,10,2025,1,3,2.0,,2690
8436995,1,1,1,10,2025,2,64,4.0,2500000.0,2696
8436996,1,2,1,10,2025,2,38,10.0,4000000.0,2698
8436998,1,1,1,10,2025,1,66,10.0,15000000.0,2700
8436998,1,2,1,10,2025,2,61,10.0,1423500.0,2701
8437001,1,2,1,10,2025,2,37,5.0,1800000.0,2707
8437004,1,1,1,10,2025,2,33,5.0,1423500.0,2710
8437004,1,3,1,10,2025,2,15,4.0,,2712
8437004,1,4,1,10,2025,2,10,3.0,,2713
8437005,1,1,1,10,2025,1,49,5.0,2000000.0,2714
8437006,1,1,1,10,2025,2,67,10.0,,2715
8437006,1,2,1,10,2025,1,44,12.0,23000000.0,2716
8437006,1,5,1,10,2025,2,4,2.0,,2719
8437007,1,2,1,10,2025,1,43,11.0,4200000.0,2721
8437007,1,3,1,10,2025,2,39,10.0,4500000.0,2722
8437007,1,4,1,10,2025,1,10,3.0,,2723
8437008,1,2,1,10,2025,1,25,10.0,,2725
8437008,1,3,1,10,2025,2,26,12.0,2661000.0,2726
8437009,1,3,1,10,2025,1,27,8.0,,2729
8437009,1,4,1,10,2025,2,17,5.0,,2730
8437010,1,3,1,10,2025,2,15,4.0,,2733
8437011,1,4,1,10,2025,2,9,3.0,,2737
8437012,1,1,1,10,2025,1,51,5.0,2190000.0,2738
8437013,1,1,1,10,2025,2,62,5.0,,2740
8437014,1,1,1,10,2025,1,48,5.0,4000000.0,2742
8437014,1,2,1,10,2025,2,51,11.0,8500000.0,2743
8437017,1,3,1,10,2025,1,22,10.0,,2750
8437017,1,5,1,10,2025,2,7,3.0,,2752
8437018,1,4,1,10,2025,2,10,3.0,,2756
8437018,1,5,1,10,2025,2,71,11.0,,2757
8437021,1,2,1,10,2025,2,36,10.0,5500000.0,2763
8437022,1,1,1,10,2025,1,55,9.0,3500000.0,2764
8437022,1,2,1,10,2025,2,56,5.0,2000000.0,2765
8437023,1,1,1,10,2025,1,29,10.0,1500000.0,2766
8437027,1,2,1,10,2025,1,35,5.0,2000000.0,2774
8437029,1,3,1,10,2025,2,7,3.0,,2779
8437030,1,1,1,10,2025,2,46,10.0,3800000.0,2780
8437030,1,2,1,10,2025,2,17,5.0,,2781
8437034,1,1,1,10,2025,2,28,10.0,4500000.0,2787
8437035,1,1,1,10,2025,2,45,3.0,,2788
8437035,1,2,1,10,2025,1,28,10.0,2500000.0,2789
8437035,1,4,1,10,2025,1,1,,,2791
8437036,1,2,1,10,2025,1,70,3.0,,2793
8437037,1,2,1,10,2025,2,52,5.0,1423500.0,2795
8437037,1,3,1,10,2025,2,27,10.0,1423500.0,2796
8437038,1,1,1,10,2025,2,77,3.0,,2798
8437039,1,1,1,10,2025,2,51,5.0,1423500.0,2799
8437043,1,4,1,10,2025,2,24,5.0,1960000.0,2811
8437044,1,1,1,10,2025,1,63,5.0,,2812
8437045,1,1,1,10,2025,2,44,10.0,4000000.0,2814
8437046,1,4,1,10,2025,1,6,3.0,,2821
8437047,1,1,1,10,2025,1,54,8.0,1400000.0,2822
8437052,1,1,1,10,2025,2,68,5.0,300000.0,2832
8437055,1,3,1,10,2025,1,21,10.0,1500000.0,2836
8437057,1,1,1,10,2025,1,59,8.0,1800000.0,2839
8437059,1,2,1,10,2025,2,51,10.0,4000000.0,2844
8437060,1,1,1,10,2025,1,47,11.0,7000000.0,2845
8437062,1,2,1,10,2025,2,42,10.0,2500000.0,2848
8437064,1,1,1,10,2025,1,51,4.0,1500000.0,2855
8437064,1,2,1,10,2025,1,33,5.0,,2856
8437065,1,4,1,10,2025,1,4,2.0,,2861
8437069,1,2,1,10,2025,2,55,5.0,700000.0,2867
8437070,1,1,1,10,2025,2,41,11.0,8000000.0,2868
8437072,1,1,1,10,2025,1,64,10.0,,2869
8437072,1,2,1,10,2025,2,66,10.0,,2870
8437072,1,3,1,10,2025,2,34,10.0,4500000.0,2871
8437074,1,3,1,10,2025,1,39,9.0,2500000.0,2874
8437075,1,2,1,10,2025,2,37,12.0,17000000.0,2876
8437079,1,2,1,10,2025,2,4,2.0,,2880
8437082,1,1,1,10,2025,1,62,3.0,,2883
8437083,1,1,1,10,2025,1,59,3.0,900000.0,2885
8437087,1,1,1,10,2025,2,41,4.0,1620000.0,2897
8437087,1,2,1,10,2025,2,18,5.0,,2898
8437087,1,4,1,10,2025,2,5,2.0,,2900
8437091,1,2,1,10,2025,2,47,5.0,,2910
8437091,1,3,1,10,2025,1,20,5.0,,2911
8437091,1,4,1,10,2025,1,10,3.0,,2912
8437092,1,3,1,10,2025,1,24,10.0,4500000.0,2916
8437093,1,2,1,10,2025,2,19,10.0,,2918
8437093,1,3,1,10,2025,1,8,3.0,,2919
8437094,1,2,1,10,2025,2,77,4.0,,2921
8437095,1,1,1,10,2025,2,49,10.0,1000000.0,2924
8437096,1,1,1,10,2025,2,68,3.0,,2927
8437096,1,3,1,10,2025,1,7,3.0,,2929
8437097,1,1,1,10,2025,2,51,5.0,840000.0,2930
8437102,1,1,1,10,2025,2,57,5.0,,2940
8437102,1,2,1,10,2025,1,55,3.0,700000.0,2941
8437102,1,3,1,10,2025,1,35,4.0,,2942
8437103,1,1,1,10,2025,2,56,10.0,1400000.0,2946
8437105,1,1,1,10,2025,2,61,4.0,,2954
8437106,1,2,1,10,2025,2,45,10.0,4500000.0,2957
8437108,1,2,1,10,2025,1,31,5.0,1400000.0,2965
8437109,1,3,1,10,2025,2,28,5.0,,2968
8437109,1,4,1,10,2025,2,17,5.0,,2969
8437111,1,3,1,10,2025,1,11,3.0,,2973
8437112,1,1,1,10,2025,1,33,4.0,2352000.0,2974
8437113,1,2,1,10,2025,2,56,3.0,2600000.0,2977
8437115,1,1,1,10,2025,2,27,10.0,1423500.0,2979
8437121,1,1,1,10,2025,2,60,5.0,2000000.0,2985
8437122,1,3,1,10,2025,2,12,4.0,,2989
8437123,1,3,1,10,2025,1,6,3.0,,2992
8437124,1,2,1,10,2025,1,60,5.0,1800000.0,2995
8437124,1,3,1,10,2025,2,32,5.0,2040000.0,2996
8437128,1,2,1,10,2025,1,33,11.0,,3003
8437129,1,2,1,10,2025,2,7,3.0,,3005
8437131,1,1,1,10,2025,1,54,3.0,4000000.0,3011
8437133,1,2,1,10,2025,2,58,5.0,,3014
8437133,1,3,1,10,2025,2,37,11.0,5000000.0,3015
8437134,1,2,1,10,2025,2,61,9.0,,3019
8437138,1,2,1,10,2025,2,70,3.0,,3029
8437138,1,6,1,10,2025,2,85,1.0,,3033
8437138,1,7,1,10,2025,1,61,1.0,,3034
8437139,1,2,1,10,2025,2,41,5.0,1800000.0,3037
8437139,1,3,1,10,2025,2,24,10.0,1850000.0,3038
8437140,1,1,1,10,2025,1,85,4.0,,3039
8437143,1,1,1,10,2025,1,33,5.0,1200000.0,3041
8437146,1,1,1,10,2025,1,72,3.0,,3043
8437146,1,3,1,10,2025,2,25,10.0,2100000.0,3045
8437146,1,4,1,10,2025,1,16,5.0,,3046
8437147,1,1,1,10,2025,1,58,3.0,2800000.0,3047
8437147,1,2,1,10,2025,2,58,3.0,,3048
8437147,1,3,1,10,2025,1,31,5.0,2500000.0,3049
8437147,1,4,1,10,2025,2,10,3.0,,3050
8437151,1,1,1,10,2025,1,62,3.0,1700000.0,3054
8437153,1,2,1,10,2025,1,69,3.0,,3058
8437154,1,2,1,10,2025,2,68,5.0,,3062
8437156,1,1,1,10,2025,2,37,9.0,1800000.0,3063
8437156,1,3,1,10,2025,2,61,4.0,,3065
8437161,1,2,1,10,2025,1,45,8.0,700000.0,3070
8437168,1,1,1,10,2025,1,75,1.0,,3078
8437168,1,3,1,10,2025,1,28,3.0,900000.0,3080
8437169,1,4,1,10,2025,1,18,4.0,,3087
8437170,1,1,1,10,2025,2,41,5.0,1423500.0,3088
8437170,1,2,1,10,2025,2,40,5.0,300000.0,3089
8437170,1,3,1,10,2025,1,21,10.0,,3090
8437172,1,1,1,10,2025,2,63,1.0,,3093
8437174,1,1,1,10,2025,1,33,10.0,2000000.0,3096
8437174,1,2,1,10,2025,2,33,9.0,1423500.0,3097
8437174,1,3,1,10,2025,2,8,3.0,,3098
8437174,1,4,1,10,2025,1,4,2.0,,3099
8437175,1,1,1,10,2025,2,44,3.0,720000.0,3100
8437175,1,2,1,10,2025,1,55,5.0,2000000.0,3101
8437176,1,1,1,10,2025,2,42,9.0,,3104
8437176,1,3,1,10,2025,1,20,4.0,,3106
8437177,1,1,1,10,2025,1,39,5.0,1423500.0,3107
8437179,1,2,1,10,2025,2,14,4.0,,3113
8437179,1,3,1,10,2025,2,6,3.0,,3114
8437179,1,4,1,10,2025,1,9,3.0,,3115
8437181,1,1,1,10,2025,2,44,9.0,,3117
8437181,1,3,1,10,2025,1,12,4.0,,3119
8437182,1,1,1,10,2025,2,45,5.0,350000.0,3120
8437182,1,2,1,10,2025,2,20,4.0,,3121
8437184,1,1,1,10,2025,2,38,3.0,,3123
8437184,1,5,1,10,2025,2,53,3.0,,3127
8437185,1,6,1,10,2025,2,3,2.0,,3134
8437191,1,1,1,10,2025,1,56,10.0,37000000.0,3141
8437193,1,1,1,10,2025,2,34,8.0,350000.0,3145
8437193,1,2,1,10,2025,1,31,6.0,1623500.0,3146
8437194,1,3,1,10,2025,1,22,10.0,,3149
8437194,1,5,1,10,2025,1,13,4.0,,3151
8437196,1,1,1,10,2025,1,50,3.0,600000.0,3152
8437197,1,2,1,10,2025,2,17,5.0,,3154
8437198,1,1,1,10,2025,1,55,4.0,1425000.0,3156
8437198,1,2,1,10,2025,2,39,8.0,500000.0,3157
8437198,1,4,1,10,2025,2,6,3.0,,3159
8437200,1,1,1,10,2025,2,75,3.0,,3162
8437204,1,1,1,10,2025,1,34,5.0,900000.0,3171
8437208,1,2,1,10,2025,2,41,8.0,1423000.0,3177
8437209,1,1,1,10,2025,2,63,5.0,960000.0,3178
8437209,1,3,1,10,2025,1,11,3.0,,3180
8437211,1,2,1,10,2025,2,55,3.0,1423500.0,3186
8437216,1,3,1,10,2025,1,11,3.0,,3197
8437220,1,2,1,10,2025,2,46,5.0,,3204
8437221,1,1,1,10,2025,2,48,5.0,480000.0,3206
8437221,1,3,1,10,2025,2,8,3.0,,3208
8437221,1,4,1,10,2025,2,7,3.0,,3209
8437223,1,3,1,10,2025,1,16,1.0,,3216
8437223,1,5,1,10,2025,2,54,3.0,,3218
8437223,1,7,1,10,2025,2,3,2.0,,3220
8437226,1,2,1,10,2025,1,40,3.0,600000.0,3225
8437226,1,3,1,10,2025,1,8,3.0,,3226
8437226,1,4,1,10,2025,1,8,3.0,,3227
8437227,1,2,1,10,2025,2,11,3.0,,3230
8437229,1,3,1,10,2025,2,18,8.0,,3233
8437229,1,4,1,10,2025,2,62,5.0,800000.0,3234
8437230,1,1,1,10,2025,1,50,3.0,2000000.0,3235
8437231,1,3,1,10,2025,1,19,5.0,,3240
8437232,1,1,1,10,2025,1,43,3.0,,3243
8437232,1,2,1,10,2025,2,38,5.0,500000.0,3244
8437235,1,2,1,10,2025,2,56,3.0,400000.0,3252
8437235,1,6,1,10,2025,1,17,5.0,,3256
8437235,1,7,1,10,2025,2,8,3.0,,3257
8437237,1,1,1,10,2025,1,44,5.0,1423500.0,3263
8437238,1,3,1,10,2025,2,18,10.0,,3269
8437239,1,1,1,10,2025,1,69,10.0,,3272
8437239,1,2,1,10,2025,2,64,9.0,2500000.0,3273
8437240,1,4,1,10,2025,1,28,10.0,2200000.0,3277
8437242,1,2,1,10,2025,1,49,5.0,1700000.0,3281
8437244,1,2,1,10,2025,2,37,5.0,,3286
8437246,1,2,1,10,2025,2,76,5.0,,3293
8437249,1,2,1,10,2025,2,21,10.0,,3295
8437249,1,4,1,10,2025,1,77,1.0,,3297
8437251,1,2,1,10,2025,2,35,8.0,2800000.0,3301
8437251,1,3,1,10,2025,1,43,8.0,1423000.0,3302
8437252,1,2,1,10,2025,1,30,4.0,1400000.0,3309
8437252,1,3,1,10,2025,1,8,3.0,,3310
8437252,2,1,2,10,2025,2,36,5.0,,3312
8437252,2,2,2,10,2025,1,33,4.0,1623500.0,3313
8437255,1,2,1,10,2025,2,44,3.0,,3318
8437255,1,3,1,10,2025,2,23,1.0,,3319
8437256,1,3,1,10,2025,1,17,5.0,,3325
8437257,1,4,1,10,2025,2,21,8.0,1000000.0,3330
8437259,1,1,1,10,2025,2,69,5.0,50000.0,3332
8437259,1,5,1,10,2025,2,33,5.0,,3336
8437259,1,7,1,10,2025,1,4,2.0,,3338
8437260,1,1,1,10,2025,1,32,9.0,1425000.0,3339
8437260,1,2,1,10,2025,2,26,8.0,1425000.0,3340
8437261,1,3,1,10,2025,1,10,3.0,,3344
8437261,1,7,1,10,2025,1,9,3.0,,3348
8437262,1,1,1,10,2025,2,58,4.0,,3349
8437263,1,3,1,10,2025,1,11,4.0,,3355
8437263,1,5,1,10,2025,1,9,3.0,,3357
8437266,1,2,1,10,2025,1,29,5.0,450000.0,3366
8437268,1,1,1,10,2025,2,28,8.0,900000.0,3369
8437268,1,2,1,10,2025,1,7,3.0,,3370
8437269,1,2,1,10,2025,2,31,8.0,1100000.0,3372
8437270,1,1,1,10,2025,2,52,8.0,1420000.0,3374
8437271,1,3,1,10,2025,2,19,8.0,,3381
8437275,1,2,1,10,2025,1,30,9.0,2000000.0,3391
8437277,1,2,1,10,2025,2,19,5.0,,3393
8437278,1,5,1,10,2025,2,48,1.0,,3398
8437279,1,1,1,10,2025,1,65,11.0,4000000.0,3399
8437279,1,3,1,10,2025,1,27,11.0,2500000.0,3401
8437281,1,2,1,10,2025,1,12,4.0,,3406
8437282,1,1,1,10,2025,1,75,10.0,,3407
8437283,1,4,1,10,2025,2,85,5.0,,3412
8437284,1,1,1,10,2025,2,66,3.0,,3413
8437285,1,1,1,10,2025,2,50,10.0,700000.0,3414
8437288,1,1,1,10,2025,1,47,8.0,1425000.0,3419
8437288,1,2,1,10,2025,2,38,8.0,1425000.0,3420
8437288,1,4,1,10,2025,1,8,3.0,,3422
8437289,1,1,1,10,2025,2,48,9.0,2000000.0,3423
8437290,1,3,1,10,2025,2,23,5.0,1425000.0,3428
8437291,1,1,1,10,2025,2,45,3.0,,3429
8437291,1,4,1,10,2025,2,11,3.0,,3432
8437292,1,4,1,10,2025,2,17,4.0,,3436
8437293,1,3,1,10,2025,2,8,3.0,,3440
8437293,1,4,1,10,2025,1,71,3.0,,3441
8437294,1,3,1,10,2025,2,8,3.0,,3444
8437296,1,4,1,10,2025,1,22,10.0,,3450
8437298,1,1,1,10,2025,2,53,5.0,300000.0,3454
8437298,1,3,1,10,2025,1,26,10.0,1400000.0,3456
8437300,1,2,1,10,2025,1,54,8.0,3000000.0,3462
8437301,1,2,1,10,2025,1,8,3.0,,3467
8437304,1,2,1,10,2025,1,34,5.0,1500000.0,3472
8437307,1,1,1,10,2025,1,53,10.0,7000000.0,3476
8437307,1,5,1,10,2025,1,11,3.0,,3480
8437307,1,6,1,10,2025,1,86,5.0,,3481
8437310,1,1,1,10,2025,2,56,4.0,800000.0,3484
8437312,1,6,1,10,2025,2,0,,,3492
8437313,1,2,1,10,2025,2,14,4.0,,3494
8437314,1,2,1,10,2025,1,48,8.0,,3496
8437314,1,3,1,10,2025,2,24,8.0,1423500.0,3497
8437316,1,4,1,10,2025,2,25,8.0,1550000.0,3503
8437316,1,5,1,10,2025,2,0,,,3504
8437317,1,2,1,10,2025,1,71,3.0,,3507
8437317,1,3,1,10,2025,2,41,8.0,50000.0,3508
8437318,1,1,1,10,2025,2,36,8.0,2000000.0,3510
8437318,1,2,1,10,2025,2,11,4.0,,3511
8437318,1,3,1,10,2025,2,6,3.0,,3512
8437319,2,1,2,10,2025,2,79,3.0,,3517
8437322,1,1,1,10,2025,2,29,10.0,1623500.0,3520
8437323,1,1,1,10,2025,2,50,5.0,,3523
8437323,1,5,1,10,2025,2,10,3.0,,3527
8437324,3,3,3,10,2025,2,6,3.0,,3540
8437325,1,1,1,10,2025,2,65,8.0,1423000.0,3542
8437326,1,1,1,10,2025,1,69,4.0,1400000.0,3544
8437327,1,2,1,10,2025,2,48,5.0,500000.0,3546
8437328,1,1,1,10,2025,1,45,1.0,1500000.0,3548
8437330,1,2,1,10,2025,2,33,9.0,2000000.0,3554
8437335,1,4,1,10,2025,2,14,4.0,,3568
8437338,1,2,1,10,2025,1,47,5.0,1500000.0,3574
8437338,1,3,1,10,2025,2,22,10.0,,3575
8437341,1,1,1,10,2025,1,56,4.0,1000000.0,3578
8437341,1,2,1,10,2025,2,35,4.0,,3579
8437342,1,2,1,10,2025,2,31,5.0,,3581
8437343,1,1,1,10,2025,1,55,3.0,,3584
8437343,1,3,1,10,2025,1,28,4.0,2000000.0,3586
8437344,1,1,1,10,2025,1,21,5.0,1423500.0,3587
8437345,1,3,1,10,2025,2,10,4.0,,3592
8437345,1,4,1,10,2025,1,6,3.0,,3593
8437346,1,1,1,10,2025,2,52,3.0,,3594
8437351,1,1,1,10,2025,2,62,10.0,,3606
8437351,1,3,1,10,2025,2,9,3.0,,3608
8437352,1,1,1,10,2025,1,29,10.0,2900000.0,3609
8437352,1,2,1,10,2025,2,27,10.0,6000000.0,3610
8437353,1,2,1,10,2025,1,35,10.0,3000000.0,3613
8437353,1,4,1,10,2025,1,10,4.0,,3615
8437354,1,2,1,10,2025,2,40,10.0,,3618
8437355,1,5,1,10,2025,1,27,9.0,1423000.0,3626
8437356,1,3,1,10,2025,1,42,9.0,2800000.0,3629
8437358,1,1,1,10,2025,1,50,9.0,2800000.0,3634
8437358,1,2,1,10,2025,2,46,10.0,2500000.0,3635
8437359,1,1,1,10,2025,2,30,10.0,,3636
8437362,1,3,1,10,2025,1,23,5.0,600000.0,3644
8437363,1,1,1,10,2025,2,55,5.0,,3645
8437363,1,4,1,10,2025,1,21,10.0,,3648
8437364,1,1,1,10,2025,2,45,5.0,,3649
8437365,1,4,1,10,2025,2,9,3.0,,3656
8437373,1,1,1,10,2025,1,39,10.0,2000000.0,3673
8437375,1,1,1,10,2025,2,36,9.0,,3674
8437375,1,4,1,10,2025,1,5,2.0,,3677
8437377,1,1,1,10,2025,2,26,10.0,2400000.0,3681
8437380,1,1,1,10,2025,2,71,10.0,7000000.0,3686
8437381,1,3,1,10,2025,2,24,1.0,,3689
8437386,1,1,1,10,2025,1,56,10.0,5600000.0,3695
8437386,1,2,1,10,2025,2,53,10.0,,3696
8437387,1,1,1,10,2025,1,70,10.0,,3698
8437388,1,2,1,10,2025,1,86,10.0,,3702
8437393,1,1,1,10,2025,2,73,10.0,,3706
8437393,1,2,1,10,2025,1,74,10.0,,3707
8437400,1,1,1,10,2025,1,64,10.0,1500000.0,3714
8437403,1,1,1,10,2025,1,69,10.0,3000000.0,3719
8437404,1,3,1,10,2025,2,11,4.0,,3722
8437405,1,5,1,10,2025,2,20,10.0,,3727
8437406,1,1,1,10,2025,2,29,6.0,850000.0,3730
8437407,1,1,1,10,2025,1,69,3.0,,3732
8437407,1,7,1,10,2025,1,13,4.0,,3738
8437408,1,1,1,10,2025,1,56,8.0,900000.0,3739
8437408,1,2,1,10,2025,2,53,5.0,900000.0,3740
8437409,1,1,1,10,2025,1,63,5.0,3000000.0,3743
8437409,1,2,1,10,2025,2,57,5.0,,3744
8437409,1,3,1,10,2025,1,28,10.0,3500000.0,3745
8437410,1,2,1,10,2025,2,25,5.0,,3748
8437412,1,2,1,10,2025,2,63,5.0,,3754
8437413,1,1,1,10,2025,1,35,10.0,4300000.0,3757
8437417,1,2,1,10,2025,2,44,5.0,400000.0,3765
8437418,1,1,1,10,2025,1,55,5.0,1423500.0,3766
8437418,1,2,1,10,2025,2,57,5.0,,3767
8437419,1,1,1,10,2025,2,50,10.0,,3768
8437419,1,2,1,10,2025,2,77,3.0,,3769
8437420,1,1,1,10,2025,2,55,5.0,,3771
8437421,1,5,1,10,2025,2,9,3.0,,3777
8437422,1,1,1,10,2025,1,48,10.0,1800000.0,3778
8437422,1,2,1,10,2025,2,32,10.0,2500000.0,3779
8437425,1,3,1,10,2025,1,34,5.0,1423500.0,3787
8437426,1,2,1,10,2025,2,63,10.0,4000000.0,3790
8437426,1,3,1,10,2025,2,66,11.0,6300000.0,3791
8437430,1,3,1,10,2025,2,5,2.0,,3804
8437431,1,2,1,10,2025,2,47,5.0,,3806
8437432,1,1,1,10,2025,1,59,10.0,5000000.0,3810
8437433,1,2,1,10,2025,1,46,1.0,,3812
8437435,1,2,1,10,2025,1,21,5.0,1423500.0,3815
8437436,1,2,1,10,2025,2,63,5.0,,3818
8437443,1,1,1,10,2025,2,29,8.0,1700000.0,3832
8437445,1,1,1,10,2025,2,41,6.0,1423500.0,3836
8437445,1,3,1,10,2025,2,13,4.0,,3838
8437447,1,2,1,10,2025,2,41,10.0,1000000.0,3843
8437447,1,3,1,10,2025,1,40,10.0,1423500.0,3844
8437447,1,4,1,10,2025,1,23,10.0,,3845
8437452,1,1,1,10,2025,1,55,3.0,2200000.0,3858
8437453,1,2,1,10,2025,2,26,8.0,,3861
8437454,1,2,1,10,2025,2,36,5.0,1423500.0,3863
8437454,1,3,1,10,2025,1,11,3.0,,3864
8437456,1,1,1,10,2025,2,35,11.0,4100000.0,3866
8437456,1,2,1,10,2025,1,38,10.0,3800000.0,3867
8437457,1,3,1,10,2025,1,22,10.0,2800000.0,3870
8437460,1,1,1,10,2025,1,48,12.0,4000000.0,3875
8437462,1,1,1,10,2025,2,64,5.0,,3879
8437462,1,2,1,10,2025,1,73,5.0,,3880
8437463,1,2,1,10,2025,2,31,10.0,2000000.0,3882
8437464,1,1,1,10,2025,2,59,5.0,2800000.0,3883
8437464,1,2,1,10,2025,1,55,5.0,1800000.0,3884
8437464,1,3,1,10,2025,2,19,10.0,,3885
8437465,1,4,1,10,2025,2,20,9.0,,3889
8437467,1,2,1,10,2025,2,53,10.0,3100000.0,3894
8437469,1,4,1,10,2025,1,2,,,3902
8437474,1,3,1,10,2025,2,24,10.0,,3918
8437474,1,4,1,10,2025,1,12,4.0,,3919
8437474,1,5,1,10,2025,2,22,10.0,,3920
8437474,1,6,1,10,2025,1,0,,,3921
8437476,1,2,1,10,2025,1,21,10.0,,3924
8437477,1,3,1,10,2025,2,22,10.0,,3928
8437478,1,6,1,10,2025,2,5,2.0,,3936
8437480,1,1,1,10,2025,2,61,3.0,,3941
8437482,1,1,1,10,2025,2,38,10.0,2000000.0,3946
8437483,1,4,1,10,2025,1,3,2.0,,3954
8437484,1,3,1,10,2025,2,12,4.0,,3957
8437488,1,2,1,10,2025,2,47,9.0,,3965
8437488,1,3,1,10,2025,2,12,4.0,,3966
8437489,1,3,1,10,2025,1,19,5.0,,3969
8437490,1,2,1,10,2025,2,44,10.0,4800000.0,3972
8437493,1,2,1,10,2025,2,28,12.0,2500000.0,3979
8437494,1,3,1,10,2025,1,16,5.0,,3982
8437495,1,1,1,10,2025,2,37,9.0,1423500.0,3983
8437495,1,2,1,10,2025,1,17,4.0,,3984
8437496,1,2,1,10,2025,1,28,10.0,,3987
8437498,1,2,1,10,2025,2,63,3.0,,3993
8437499,1,2,1,10,2025,1,47,10.0,10000000.0,3995
8437499,1,3,1,10,2025,1,15,5.0,,3996
8437499,1,4,1,10,2025,2,9,3.0,,3997
8437501,1,1,1,10,2025,1,33,10.0,4000000.0,4000
8437501,1,2,1,10,2025,2,34,12.0,6000000.0,4001
8437503,1,1,1,10,2025,1,57,3.0,,4003
8437504,1,1,1,10,2025,2,45,13.0,4000000.0,4007
8437505,1,2,1,10,2025,1,20,10.0,,4009
8437506,1,2,1,10,2025,1,40,9.0,1500000.0,4011
8437507,1,2,1,10,2025,2,43,12.0,3000000.0,4016
8437508,1,1,1,10,2025,1,53,10.0,1200000.0,4019
8437508,1,4,1,10,2025,2,18,10.0,,4022
8437509,1,1,1,10,2025,2,37,6.0,,4023
8437509,1,3,1,10,2025,2,11,3.0,,4025
8437511,1,1,1,10,2025,1,24,10.0,,4028
8437515,1,1,1,10,2025,2,26,8.0,1100000.0,4036
8437517,1,4,1,10,2025,2,14,4.0,,4042
8437520,1,1,1,10,2025,1,29,10.0,,4045
8437520,1,3,1,10,2025,1,1,,,4047
8437521,1,1,1,10,2025,2,46,11.0,4000000.0,4048
8437524,1,3,1,10,2025,2,35,12.0,2300000.0,4055
8437527,1,1,1,10,2025,2,84,10.0,,4058
8437527,1,2,1,10,2025,1,58,5.0,,4059
8437528,1,1,1,10,2025,2,52,12.0,4000000.0,4060
8437528,1,3,1,10,2025,2,20,10.0,,4062
8437529,1,2,1,10,2025,2,27,11.0,,4065
8437531,1,1,1,10,2025,2,21,10.0,800000.0,4067
8437532,1,2,1,10,2025,1,13,4.0,,4069
8437535,1,1,1,10,2025,1,84,3.0,,4072
8437537,1,3,1,10,2025,2,18,6.0,,4077
8437538,1,2,1,10,2025,2,88,8.0,,4081
8437538,1,3,1,10,2025,1,17,5.0,,4082
8437539,1,1,1,10,2025,1,52,5.0,10000000.0,4083
8437540,1,1,1,10,2025,1,57,6.0,,4085
8437540,1,3,1,10,2025,2,23,5.0,1423500.0,4087
8437541,1,1,1,10,2025,2,36,8.0,2800000.0,4088
8437543,1,1,1,10,2025,1,51,12.0,5500000.0,4093
8437543,1,4,1,10,2025,2,13,4.0,,4096
8437548,1,1,1,10,2025,2,71,3.0,,4104
8437548,1,2,1,10,2025,2,41,8.0,3200000.0,4105
8437549,1,1,1,10,2025,1,42,12.0,,4106
8437564,1,2,1,10,2025,2,29,8.0,1423500.0,4111
8437565,1,2,1,10,2025,2,23,10.0,,4113
8437569,1,1,1,10,2025,2,51,8.0,3000000.0,4114
8437569,1,3,1,10,2025,1,16,5.0,,4116
8437572,1,1,1,10,2025,1,24,5.0,1500000.0,4119
8437578,1,1,1,10,2025,1,27,6.0,1423500.0,4121
8437580,1,1,1,10,2025,2,59,12.0,4000000.0,4124
8437582,1,2,1,10,2025,2,74,3.0,,4130
8437582,1,4,1,10,2025,1,11,3.0,,4132
8437584,1,1,1,10,2025,2,71,4.0,,4134
8437585,1,3,1,10,2025,2,31,8.0,2900000.0,4137
8437586,1,3,1,10,2025,2,22,8.0,1423500.0,4141
8437586,1,5,1,10,2025,1,0,,,4143
8437593,1,1,1,10,2025,1,21,10.0,,4153
8437593,1,3,1,10,2025,2,84,3.0,,4155
8437594,1,1,1,10,2025,1,55,5.0,1550000.0,4156
8437597,1,1,1,10,2025,2,71,10.0,,4160
8437597,1,2,1,10,2025,2,66,10.0,,4161
8437597,1,3,1,10,2025,1,61,1.0,,4162
8437602,1,1,1,10,2025,1,47,5.0,1423500.0,4169
8437603,1,1,1,10,2025,1,69,3.0,1250000.0,4171
8437605,1,2,1,10,2025,1,44,5.0,1423500.0,4175
8437607,1,1,1,10,2025,2,77,9.0,,4180
8437609,1,1,1,10,2025,2,88,3.0,,4186
8437614,1,1,1,10,2025,1,37,9.0,2800000.0,4196
8437614,1,2,1,10,2025,2,32,11.0,5200000.0,4197
8437615,1,1,1,10,2025,1,43,9.0,5694000.0,4199
8437618,1,2,1,10,2025,1,49,3.0,1623500.0,4207
8437618,1,3,1,10,2025,1,26,5.0,1623500.0,4208
8437620,1,3,1,10,2025,2,14,4.0,,4212
8437621,1,1,1,10,2025,2,69,3.0,,4213
8437622,1,1,1,10,2025,2,64,3.0,,4217
8437626,1,1,1,10,2025,1,42,8.0,8000000.0,4225
8437626,1,3,1,10,2025,2,11,4.0,,4227
8437627,1,1,1,10,2025,1,60,11.0,6000000.0,4228
8437628,1,1,1,10,2025,2,65,5.0,,4229
8437630,1,1,1,10,2025,2,70,3.0,,4234
8437630,1,2,1,10,2025,1,32,1.0,,4235
8437632,1,6,1,10,2025,1,12,4.0,,4243
8437634,1,3,1,10,2025,2,22,10.0,600000.0,4246
8437636,1,2,1,10,2025,2,62,5.0,,4251
8437638,1,2,1,10,2025,2,23,4.0,,4258
8437638,1,4,1,10,2025,1,2,,,4260
8437644,1,1,1,10,2025,2,69,5.0,400000.0,4267
8437645,1,1,1,10,2025,1,64,3.0,1600000.0,4269
8437646,1,3,1,10,2025,2,13,4.0,,4272
8437647,1,1,1,10,2025,1,36,10.0,7200000.0,4273
8437647,1,2,1,10,2025,2,31,8.0,,4274
8437648,1,2,1,10,2025,1,37,5.0,3500000.0,4276
8437648,1,5,1,10,2025,1,7,3.0,,4279
8437649,1,1,1,10,2025,2,51,10.0,1623000.0,4280
8437649,1,4,1,10,2025,1,15,4.0,,4283
8437651,1,2,1,10,2025,2,35,10.0,3300000.0,4286
8437651,1,3,1,10,2025,1,25,10.0,800000.0,4287
8437653,1,2,1,10,2025,2,27,10.0,4000000.0,4291
8437655,1,1,1,10,2025,2,85,3.0,,4292
8437657,1,4,1,10,2025,2,12,1.0,,4297
8437659,1,3,1,10,2025,2,8,3.0,,4302
8437660,1,2,1,10,2025,1,14,4.0,,4305
8437661,1,1,1,10,2025,2,75,4.0,,4307
8437661,1,4,1,10,2025,2,81,3.0,,4310
8437664,1,1,1,10,2025,1,52,5.0,1623500.0,4312
8437664,1,2,1,10,2025,2,50,4.0,1623500.0,4313
8437667,1,1,1,10,2025,1,73,3.0,,4318
8437669,1,1,1,10,2025,1,42,5.0,1423500.0,4324
8437669,1,2,1,10,2025,2,41,5.0,1230000.0,4325
8437669,1,3,1,10,2025,1,17,10.0,,4326
8437671,1,1,1,10,2025,2,58,4.0,,4331
8437671,1,4,1,10,2025,2,13,4.0,,4334
8437671,1,5,1,10,2025,2,81,3.0,,4335
8437672,1,2,1,10,2025,2,55,4.0,160000.0,4337
8437673,1,3,1,10,2025,2,20,10.0,1423500.0,4340
8437675,1,1,1,10,2025,2,64,3.0,,4343
8437677,1,2,1,10,2025,2,92,3.0,,4348
8437679,1,1,1,10,2025,1,35,5.0,1623500.0,4351
8437679,1,3,1,10,2025,1,1,,,4353
8437681,1,3,1,10,2025,1,4,1.0,,4357
8437685,1,2,1,10,2025,2,57,8.0,800000.0,4367
8437687,1,2,1,10,2025,1,26,5.0,1423500.0,4370
8437688,1,2,1,10,2025,2,74,3.0,,4373
8437689,1,1,1,10,2025,2,43,10.0,2600000.0,4377
8437689,1,2,1,10,2025,1,47,5.0,,4378
8437694,1,1,1,10,2025,1,56,5.0,2100000.0,4383
8437694,1,3,1,10,2025,1,21,8.0,,4385
8437701,1,2,1,10,2025,2,36,5.0,,4394
8437701,1,3,1,10,2025,1,16,5.0,,4395
8437702,1,1,1,10,2025,1,60,5.0,1423500.0,4397
8437703,1,1,1,10,2025,2,36,10.0,3800000.0,4402
8437703,1,2,1,10,2025,2,7,3.0,,4403
8437704,1,2,1,10,2025,2,62,3.0,2000000.0,4406
8437705,1,1,1,10,2025,2,41,5.0,1423500.0,4407
8437706,1,3,1,10,2025,1,0,,,4410
8437708,1,1,1,10,2025,2,56,11.0,6300000.0,4412
8437711,1,1,1,10,2025,2,69,10.0,,4417
8437712,1,1,1,10,2025,2,66,8.0,,4419
8437714,1,2,1,10,2025,2,51,9.0,1423500.0,4423
8437717,1,1,1,10,2025,1,42,10.0,1423500.0,4433
8437721,1,3,1,10,2025,2,16,5.0,,4442
8437725,1,1,1,10,2025,2,25,9.0,712000.0,4449
8437727,1,2,1,10,2025,2,55,11.0,8000000.0,4453
8437728,1,3,1,10,2025,2,19,8.0,1423500.0,4456
8437729,1,3,1,10,2025,2,70,4.0,,4459
8437733,1,1,1,10,2025,2,61,3.0,,4463
8437734,1,1,1,10,2025,1,69,6.0,1000000.0,4464
8437734,1,2,1,10,2025,2,62,5.0,,4465
8437735,1,1,1,10,2025,1,83,11.0,,4466
8437736,1,2,1,10,2025,1,67,10.0,,4469
8437737,1,2,1,10,2025,1,12,4.0,,4474
8437745,1,2,1,10,2025,1,57,5.0,,4484
8437747,1,3,1,10,2025,1,22,5.0,,4487
8437752,1,2,1,10,2025,2,48,10.0,,4493
8437753,1,1,1,10,2025,1,74,1.0,100000.0,4494
8437754,1,5,1,10,2025,2,1,,,4500
8437755,1,1,1,10,2025,1,54,3.0,,4501
8437755,1,2,1,10,2025,2,53,3.0,,4502
8437756,1,2,1,10,2025,1,9,3.0,,4504
8437757,1,2,1,10,2025,2,8,3.0,,4507
8437760,1,2,1,10,2025,2,66,6.0,,4511
8437765,1,4,1,10,2025,2,9,3.0,,4523
8437765,1,6,1,10,2025,1,56,3.0,1600000.0,4525
8437766,1,3,1,10,2025,2,2,,,4528
8437770,1,2,1,10,2025,2,67,3.0,,4533
8437773,1,1,1,10,2025,1,59,6.0,920000.0,4535
8437774,1,4,1,10,2025,2,8,3.0,,4539
8437776,1,2,1,10,2025,2,81,3.0,,4543
8437777,1,1,1,10,2025,1,64,5.0,,4544
8437777,1,2,1,10,2025,2,21,10.0,,4545
8437778,1,1,1,10,2025,1,30,5.0,1423500.0,4548
8437778,1,2,1,10,2025,2,28,5.0,,4549
8437782,1,2,1,10,2025,1,66,4.0,,4557
8437783,1,2,1,10,2025,2,61,10.0,1423500.0,4559
8437786,1,1,1,10,2025,1,51,5.0,1623500.0,4561
8437788,1,1,1,10,2025,1,75,4.0,,4564
8437790,1,2,1,10,2025,2,55,8.0,3000000.0,4569
8437792,1,2,1,10,2025,1,26,8.0,1800000.0,4573
8437792,1,3,1,10,2025,2,17,6.0,,4574
8437793,1,3,1,10,2025,1,22,4.0,,4577
8437794,1,2,1,10,2025,1,39,8.0,1423500.0,4579
8437794,1,3,1,10,2025,2,18,10.0,2000000.0,4580
8437802,1,1,1,10,2025,1,55,8.0,2200000.0,4591
8437803,1,2,1,10,2025,2,28,5.0,1700000.0,4595
8437804,1,2,1,10,2025,1,31,4.0,1500000.0,4597
8437804,1,3,1,10,2025,2,11,4.0,,4598
8437808,1,1,1,10,2025,2,42,8.0,2000000.0,4601
8437808,1,2,1,10,2025,2,17,6.0,,4602
8437813,1,2,1,10,2025,2,53,3.0,,4606
8437814,1,1,1,10,2025,1,53,5.0,1423500.0,4609
8437815,1,3,1,10,2025,2,34,10.0,1423500.0,4613
8437815,1,5,1,10,2025,2,5,2.0,,4615
8437816,1,2,1,10,2025,2,38,5.0,,4617
8437816,1,3,1,10,2025,1,2,,,4618
8437817,1,1,1,10,2025,2,26,5.0,1200000.0,4619
8437821,1,1,1,10,2025,1,69,3.0,1423500.0,4629
8437822,1,1,1,10,2025,1,36,5.0,1423500.0,4631
8437822,1,2,1,10,2025,2,34,8.0,1423500.0,4632
8437823,1,1,1,10,2025,1,65,8.0,1600000.0,4634
8437825,1,1,1,10,2025,1,66,8.0,1800000.0,4636
8437825,1,2,1,10,2025,2,54,5.0,,4637
8437827,1,1,1,10,2025,1,36,9.0,1800000.0,4639
8437827,1,2,1,10,2025,2,30,9.0,1423500.0,4640
8437829,1,1,1,10,2025,2,59,8.0,1000000.0,4644
8437829,1,2,1,10,2025,2,21,10.0,,4645
8437830,1,3,1,10,2025,1,8,3.0,,4648
8437831,1,4,1,10,2025,1,20,8.0,1623500.0,4652
8437833,1,2,1,10,2025,1,55,4.0,,4655
8437833,1,4,1,10,2025,2,30,9.0,,4657
8437834,1,2,1,10,2025,1,37,4.0,1623500.0,4660
8437836,1,1,1,10,2025,2,56,10.0,3000000.0,4664
8437836,1,2,1,10,2025,1,51,8.0,1500000.0,4665
8437836,2,2,2,10,2025,1,37,5.0,1423500.0,4669
8437837,1,1,1,10,2025,2,55,9.0,,4671
8437839,1,1,1,10,2025,2,31,8.0,450000.0,4676
8437840,1,2,1,10,2025,1,16,5.0,,4679
8437843,1,2,1,10,2025,1,36,8.0,2000000.0,4684
8437844,1,4,1,10,2025,2,2,,,4689
8437846,1,1,1,10,2025,1,68,3.0,200000.0,4692
8437846,1,7,1,10,2025,2,21,4.0,300000.0,4698
8437848,1,3,1,10,2025,1,33,4.0,400000.0,4704
8437852,1,1,1,10,2025,2,23,5.0,,4712
8437853,1,1,1,10,2025,1,74,3.0,100000.0,4714
8437854,1,1,1,10,2025,2,51,1.0,100000.0,4715
8437854,1,3,1,10,2025,1,12,4.0,,4717
8437854,1,5,1,10,2025,2,32,3.0,100000.0,4719
8437855,1,2,1,10,2025,1,20,4.0,1400000.0,4721
8437858,1,3,1,10,2025,2,82,3.0,,4725
8437861,1,1,1,10,2025,1,54,3.0,,4731
8437862,1,1,1,10,2025,2,40,10.0,2000000.0,4732
8437866,1,2,1,10,2025,2,31,8.0,,4743
8437866,1,4,1,10,2025,1,7,3.0,,4745
8437867,1,2,1,10,2025,1,64,3.0,,4747
8437868,1,5,1,10,2025,1,19,4.0,,4752
8437870,1,1,1,10,2025,2,36,5.0,600000.0,4753
8437870,1,2,1,10,2025,2,15,5.0,,4754
8437878,1,3,1,10,2025,2,67,3.0,,4765
8437882,1,1,1,10,2025,2,45,3.0,1000000.0,4772
8437885,1,1,1,10,2025,2,37,1.0,,4776
8437885,1,3,1,10,2025,2,2,,,4778
8437886,1,1,1,10,2025,2,48,3.0,3000000.0,4779
8437888,1,1,1,10,2025,2,75,1.0,,4786
8437891,1,2,1,10,2025,2,55,11.0,2500000.0,4791
8437894,1,1,1,10,2025,1,28,10.0,700000.0,4795
8437896,1,1,1,10,2025,2,35,4.0,640000.0,4798
8437901,1,4,1,10,2025,1,11,4.0,,4809
8437902,1,1,1,10,2025,2,66,4.0,,4810
8437903,1,1,1,10,2025,1,64,3.0,,4812
8437907,1,5,1,10,2025,2,4,1.0,,4823
8437911,1,2,1,10,2025,2,38,1.0,,4827
8437916,1,2,1,10,2025,2,59,3.0,,4834
8437918,1,2,1,10,2025,2,26,4.0,1000000.0,4836
8437922,1,1,1,10,2025,2,78,3.0,,4842
8437924,1,2,1,10,2025,2,29,10.0,2000000.0,4845
8437924,1,3,1,10,2025,2,7,3.0,,4846
8437925,1,3,1,10,2025,2,16,4.0,,4850
8437926,1,1,1,10,2025,1,75,3.0,,4851
8437929,1,1,1,10,2025,2,42,11.0,50000000.0,4855
8437929,1,3,1,10,2025,2,72,8.0,,4857
8437930,1,2,1,10,2025,2,41,5.0,1800000.0,4859
8437930,1,3,1,10,2025,1,19,5.0,,4860
8437935,1,3,1,10,2025,1,17,3.0,,4871
8437935,1,4,1,10,2025,1,13,3.0,,4872
8437936,1,1,1,10,2025,1,25,10.0,6000000.0,4874
8437940,1,1,1,10,2025,1,40,10.0,6700000.0,4876
8437944,1,1,1,10,2025,1,41,10.0,8000000.0,4881
8437945,1,2,1,10,2025,2,68,10.0,12000000.0,4886
8437950,1,1,1,10,2025,2,76,3.0,,4894
8437951,1,1,1,10,2025,1,26,10.0,3500000.0,4895
8437955,1,1,1,10,2025,2,46,5.0,500000.0,4899
8437957,1,1,1,10,2025,2,58,5.0,400000.0,4901
8437961,1,1,1,10,2025,2,59,5.0,,4912
8437962,1,2,1,10,2025,2,6,3.0,,4915
8437965,1,2,1,10,2025,2,41,5.0,,4920
8437965,1,3,1,10,2025,2,10,5.0,,4921
8437966,1,1,1,10,2025,2,63,5.0,,4922
8437968,1,1,1,10,2025,1,42,5.0,650000.0,4925
8437969,1,1,1,10,2025,1,50,5.0,600000.0,4926
8437969,1,2,1,10,2025,2,39,8.0,250000.0,4927
8437969,1,4,1,10,2025,2,16,4.0,,4929
8437973,1,1,1,10,2025,1,67,3.0,,4935
8437973,1,2,1,10,2025,2,62,1.0,,4936
8437975,1,1,1,10,2025,2,78,3.0,,4940
8437977,1,1,1,10,2025,1,33,5.0,1423500.0,4941
8437980,1,2,1,10,2025,1,8,2.0,,4947
8437981,1,1,1,10,2025,1,36,5.0,800000.0,4948
8437981,1,2,1,10,2025,2,34,9.0,,4949
8437981,1,4,1,10,2025,2,6,3.0,,4951
8437982,1,2,1,10,2025,2,45,1.0,,4953
8437983,1,1,1,10,2025,2,38,10.0,4200000.0,4954
8437983,1,2,1,10,2025,1,15,5.0,,4955
8437983,1,4,1,10,2025,2,5,2.0,,4957
8437987,1,1,1,10,2025,2,50,5.0,,4962
8437987,1,4,1,10,2025,1,12,4.0,,4965
8437989,1,1,1,10,2025,2,60,3.0,1200000.0,4968
8437991,1,1,1,10,2025,2,39,10.0,3300000.0,4971
8437992,1,3,1,10,2025,2,50,5.0,,4976
8437994,1,2,1,10,2025,1,29,5.0,1200000.0,4979
8437997,1,2,1,10,2025,1,19,10.0,,4985
8437998,1,1,1,10,2025,1,53,3.0,1200000.0,4986
8438002,1,1,1,10,2025,2,29,5.0,1432000.0,4988
8438002,1,2,1,10,2025,1,3,1.0,,4989
8438004,1,3,1,10,2025,2,1,,,4992
8438006,1,3,1,10,2025,2,25,10.0,5000000.0,4998
8438009,1,2,1,10,2025,1,41,8.0,20000000.0,5002
8438010,1,2,1,10,2025,1,2,,,5005
8438012,1,1,1,10,2025,2,37,12.0,20000000.0,5008
8438013,1,3,1,10,2025,1,19,5.0,,5011
8438015,1,2,1,10,2025,2,26,5.0,800000.0,5016
8438016,1,1,1,10,2025,1,86,1.0,,5018
8438016,1,2,1,10,2025,2,80,3.0,,5019
8438022,1,2,1,10,2025,2,3,1.0,,5028
8438022,1,3,1,10,2025,1,1,,,5029
8438023,1,2,1,10,2025,1,6,3.0,,5031
8438024,1,1,1,10,2025,1,61,5.0,2000000.0,5032
8438024,1,5,1,10,2025,2,27,4.0,600000.0,5036
8438024,1,6,1,10,2025,1,0,,,5037
8438028,1,1,1,10,2025,2,39,8.0,3000000.0,5048
8438030,1,2,1,10,2025,1,56,12.0,4800000.0,5054
8438030,1,3,1,10,2025,2,16,5.0,,5055
8438031,1,3,1,10,2025,1,10,3.0,,5058
8438032,1,1,1,10,2025,2,78,3.0,,5059
8438032,1,4,1,10,2025,1,60,3.0,,5062
8438032,1,5,1,10,2025,1,46,5.0,400000.0,5063
8438033,1,3,1,10,2025,1,11,4.0,,5066
8438034,1,1,1,10,2025,1,59,4.0,1000000.0,5068
8438034,1,4,1,10,2025,2,92,1.0,,5071
8438036,1,3,1,10,2025,1,56,5.0,1000000.0,5076
8438038,1,3,1,10,2025,2,18,10.0,,5086
8438044,1,1,1,10,2025,1,27,10.0,960000.0,5103
8438048,1,1,1,10,2025,1,59,3.0,,5104
8438049,1,1,1,10,2025,2,56,3.0,,5105
8438051,1,1,1,10,2025,1,70,3.0,900000.0,5108
8438053,1,2,1,10,2025,2,54,10.0,5500000.0,5112
8438055,1,1,1,10,2025,2,46,8.0,,5115
8438057,1,2,1,10,2025,2,42,3.0,1423500.0,5120
8438057,1,5,1,10,2025,1,14,4.0,,5123
8438061,1,3,1,10,2025,1,33,5.0,1623500.0,5131
8438066,1,1,1,10,2025,2,29,5.0,,5134
8438068,1,1,1,10,2025,1,49,5.0,1400000.0,5137
8438068,1,2,1,10,2025,2,42,10.0,,5138
8438071,1,2,1,10,2025,2,23,5.0,1000000.0,5144
8438072,1,1,1,10,2025,1,65,4.0,,5145
8438074,1,1,1,10,2025,2,30,10.0,,5147
8438075,1,1,1,10,2025,1,38,9.0,2800000.0,5148
8438075,1,3,1,10,2025,2,10,3.0,,5150
8438077,1,2,1,10,2025,2,47,12.0,4800000.0,5156
8438079,1,1,1,10,2025,2,66,3.0,,5159
8438079,1,2,1,10,2025,1,39,9.0,600000.0,5160
8438079,1,3,1,10,2025,2,26,10.0,3000000.0,5161
8438080,1,2,1,10,2025,1,26,10.0,,5163
8438081,1,1,1,10,2025,2,44,11.0,8500000.0,5164
8438085,1,4,1,10,2025,1,16,5.0,,5169
8438087,1,1,1,10,2025,2,53,8.0,,5171
8438088,1,1,1,10,2025,1,28,10.0,,5173
8438088,1,2,1,10,2025,1,25,10.0,,5174
8438090,1,2,1,10,2025,1,49,4.0,1200000.0,5176
8438092,1,3,1,10,2025,1,7,3.0,,5181
8438096,1,5,1,10,2025,1,22,10.0,,5193
8438097,1,1,1,10,2025,2,78,3.0,,5194
8438097,1,2,1,10,2025,1,98,1.0,,5195
8438097,1,3,1,10,2025,1,71,3.0,1800000.0,5196
8438097,1,4,1,10,2025,1,29,10.0,,5197
8438099,1,1,1,10,2025,1,49,3.0,1000000.0,5201
8438101,1,2,1,10,2025,2,32,11.0,5000000.0,5209
8438101,1,3,1,10,2025,1,5,2.0,,5210
8438107,1,2,1,10,2025,1,49,11.0,8000000.0,5220
8438107,1,4,1,10,2025,2,8,3.0,,5222
8438110,1,3,1,10,2025,1,4,1.0,,5227
8438112,1,2,1,10,2025,2,70,3.0,,5230
8438113,1,1,1,10,2025,1,48,12.0,4750000.0,5233
8438114,1,2,1,10,2025,2,32,5.0,,5235
8438114,1,4,1,10,2025,1,8,3.0,,5237
8438121,1,2,1,10,2025,1,66,11.0,3800000.0,5243
8438123,2,2,2,10,2025,2,84,3.0,,5247
8438128,1,5,1,10,2025,1,27,10.0,,5254
8438129,1,2,1,10,2025,2,48,5.0,800000.0,5256
8438130,1,1,1,10,2025,2,63,4.0,,5260
8438137,1,1,1,10,2025,1,51,10.0,3200000.0,5267
8438140,1,1,1,10,2025,1,63,10.0,800000.0,5270
8438140,1,2,1,10,2025,2,40,4.0,,5271
8438141,1,1,1,10,2025,2,27,8.0,1423500.0,5272
8438144,1,1,1,10,2025,2,80,5.0,,5276
8438144,1,4,1,10,2025,1,19,10.0,,5279
8438147,1,3,1,10,2025,2,14,4.0,,5284
8438150,1,4,1,10,2025,2,4,2.0,,5298
8438150,2,1,2,10,2025,2,50,5.0,60000.0,5300
8438150,2,4,2,10,2025,2,12,4.0,,5303
8438152,1,1,1,10,2025,1,54,8.0,,5307
8438156,1,1,1,10,2025,2,19,10.0,,5313
8438156,3,1,3,10,2025,2,19,10.0,,5315
8438163,1,1,1,10,2025,1,65,5.0,,5319
8438164,1,4,1,10,2025,2,22,5.0,,5323
8438164,2,1,2,10,2025,2,43,3.0,480000.0,5324
8438164,2,2,2,10,2025,1,23,10.0,300000.0,5325
8438164,2,3,2,10,2025,2,18,5.0,,5326
8438164,3,1,3,10,2025,2,54,3.0,800000.0,5328
8438164,3,2,3,10,2025,1,71,3.0,1400000.0,5329
8438165,1,1,1,10,2025,2,31,5.0,,5330
8438165,1,4,1,10,2025,2,2,,,5333
8438166,1,3,1,10,2025,1,15,5.0,,5336
8438166,1,5,1,10,2025,2,7,3.0,,5338
8438169,1,3,1,10,2025,1,11,3.0,,5346
8438169,1,5,1,10,2025,2,55,3.0,,5348
8438180,1,1,1,10,2025,1,38,10.0,1300000.0,5358
8438180,1,2,1,10,2025,2,28,8.0,600000.0,5359
8438180,1,3,1,10,2025,2,10,3.0,,5360
8438181,1,1,1,10,2025,1,46,10.0,3500000.0,5361
8438181,1,3,1,10,2025,2,16,5.0,,5363
8438181,1,4,1,10,2025,2,10,4.0,,5364
8438186,1,1,1,10,2025,2,77,10.0,,5369
8438187,1,1,1,10,2025,1,22,5.0,1400000.0,5371
8438187,1,2,1,10,2025,2,26,8.0,,5372
8438187,1,3,1,10,2025,1,0,,,5373
8438189,1,1,1,10,2025,2,45,4.0,1000000.0,5374
8438189,1,2,1,10,2025,2,27,10.0,,5375
8438190,1,3,1,10,2025,2,4,2.0,,5379
8438191,1,1,1,10,2025,2,60,3.0,,5380
8438192,1,1,1,10,2025,1,56,5.0,300000.0,5383
8438194,1,3,1,10,2025,1,48,5.0,1423500.0,5388
8438195,1,2,1,10,2025,2,28,11.0,2790000.0,5391
8438197,1,3,1,10,2025,2,15,5.0,,5394
8438200,1,2,1,10,2025,2,50,8.0,0.0,5397
8438200,1,3,1,10,2025,1,17,6.0,,5398
8438205,1,1,1,10,2025,1,26,5.0,17000000.0,5399
8438207,1,2,1,10,2025,2,35,10.0,3000000.0,5403
8438207,1,4,1,10,2025,2,11,4.0,,5405
8438208,1,1,1,10,2025,2,63,5.0,1200000.0,5406
8438208,1,2,1,10,2025,1,30,9.0,,5407
8438212,1,1,1,10,2025,2,68,3.0,,5411
8438212,1,3,1,10,2025,1,20,5.0,,5413
8438216,1,1,1,10,2025,1,58,5.0,,5418
8438216,1,2,1,10,2025,2,37,8.0,,5419
8438216,1,3,1,10,2025,1,12,4.0,,5420
8438217,1,1,1,10,2025,2,39,8.0,2100000.0,5421
8438218,1,1,1,10,2025,2,34,9.0,1623500.0,5422
8438219,1,2,1,10,2025,1,44,5.0,800000.0,5424
8438220,1,4,1,10,2025,1,14,4.0,,5428
8438221,1,1,1,10,2025,1,39,5.0,500000.0,5430
8438222,1,1,1,10,2025,1,62,4.0,1100000.0,5433
8438222,1,4,1,10,2025,1,7,3.0,,5436
8438222,1,5,1,10,2025,1,3,1.0,,5437
8438224,1,1,1,10,2025,1,31,11.0,800000.0,5440
8438225,1,2,1,10,2025,2,20,10.0,,5442
8438226,1,1,1,10,2025,2,87,1.0,,5444
8438226,1,2,1,10,2025,2,60,3.0,,5445
8438229,1,2,1,10,2025,2,53,3.0,,5447
8438229,1,3,1,10,2025,2,36,8.0,,5448
8438230,1,2,1,10,2025,1,25,8.0,,5454
8438230,1,4,1,10,2025,2,12,4.0,,5456
8438230,1,5,1,10,2025,1,10,3.0,,5457
8438230,1,9,1,10,2025,2,19,5.0,1400000.0,5461
8438231,1,1,1,10,2025,2,63,3.0,800000.0,5462
8438231,1,2,1,10,2025,1,17,5.0,,5463
8438235,1,1,1,10,2025,1,29,1.0,560000.0,5467
8438235,1,2,1,10,2025,2,27,4.0,,5468
8438236,1,2,1,10,2025,2,31,5.0,,5471
8438236,1,4,1,10,2025,1,2,,,5473
8438238,1,5,1,10,2025,1,11,4.0,,5478
8438240,1,1,1,10,2025,1,57,5.0,650000.0,5482
8438241,1,1,1,10,2025,1,60,3.0,800000.0,5484
8438241,1,3,1,10,2025,2,16,4.0,,5486
8438242,1,1,1,10,2025,1,37,3.0,750000.0,5489
8438242,1,3,1,10,2025,2,6,1.0,,5491
8438242,1,4,1,10,2025,2,4,1.0,,5492
8438243,1,4,1,10,2025,2,10,3.0,,5496
8438248,1,3,1,10,2025,1,24,6.0,,5504
8438248,1,5,1,10,2025,2,22,10.0,,5506
8438250,1,1,1,10,2025,2,26,10.0,2300000.0,5510
8438253,1,2,1,10,2025,1,36,5.0,,5515
8438257,1,1,1,10,2025,2,58,10.0,,5520
8438258,1,3,1,10,2025,1,44,5.0,2000000.0,5524
8438259,1,1,1,10,2025,2,71,4.0,700000.0,5529
8438260,1,1,1,10,2025,2,40,5.0,2000000.0,5530
8438262,1,2,1,10,2025,2,9,3.0,,5538
8438263,1,2,1,10,2025,1,37,5.0,1423500.0,5540
8438264,1,3,1,10,2025,2,20,10.0,,5545
8438265,1,1,1,10,2025,2,34,10.0,5300000.0,5548
8438265,1,4,1,10,2025,1,4,2.0,,5551
8438266,1,1,1,10,2025,1,59,3.0,,5552
8438266,1,4,1,10,2025,1,11,3.0,,5555
8438269,1,4,1,10,2025,1,29,5.0,400000.0,5563
8438271,1,2,1,10,2025,2,50,8.0,900000.0,5568
8438272,1,3,1,10,2025,1,77,5.0,,5573
8438273,1,1,1,10,2025,2,64,10.0,,5575
8438273,1,2,1,10,2025,1,68,10.0,6500000.0,5576
8438273,1,3,1,10,2025,1,12,4.0,,5577
8438275,1,1,1,10,2025,2,40,10.0,1400000.0,5580
8438276,1,1,1,10,2025,1,41,10.0,2200000.0,5583
8438277,1,2,1,10,2025,1,50,5.0,800000.0,5588
8438280,1,1,1,10,2025,1,74,7.0,,5593
8438280,1,3,1,10,2025,2,45,10.0,,5595
8438280,1,4,1,10,2025,2,12,4.0,,5596
8438280,1,6,1,10,2025,1,18,10.0,,5598
8438285,1,3,1,10,2025,1,50,4.0,280000.0,5610
8438286,1,1,1,10,2025,1,29,10.0,1423500.0,5611
8438288,1,2,1,10,2025,2,39,10.0,5500000.0,5616
8438288,1,3,1,10,2025,2,6,3.0,,5617
8438289,1,2,1,10,2025,2,24,10.0,1200000.0,5619
8438291,1,2,1,10,2025,1,7,3.0,,5622
8438293,1,1,1,10,2025,2,29,5.0,250000.0,5624
8438293,1,2,1,10,2025,2,13,4.0,,5625
8438294,1,3,1,10,2025,1,14,4.0,,5630
8438297,1,3,1,10,2025,1,11,4.0,,5634
8438299,1,1,1,10,2025,2,26,5.0,,5639
8438299,1,3,1,10,2025,1,12,4.0,,5641
8438299,1,5,1,10,2025,1,1,,,5643
8438300,1,1,1,10,2025,2,76,1.0,,5644
8438301,1,3,1,10,2025,1,17,8.0,,5651
8438302,1,4,1,10,2025,1,15,4.0,,5657
8438304,1,1,1,10,2025,1,41,5.0,3000000.0,5660
8438306,1,2,1,10,2025,2,57,5.0,,5670
8438306,1,4,1,10,2025,1,35,8.0,3096000.0,5672
8438308,1,1,1,10,2025,2,62,11.0,5300000.0,5676
8438308,1,2,1,10,2025,1,27,11.0,3500000.0,5677
8438309,1,2,1,10,2025,1,10,4.0,,5679
8438311,1,1,1,10,2025,1,87,1.0,,5680
8438312,1,1,1,10,2025,2,51,5.0,,5681
8438314,1,1,1,10,2025,2,28,5.0,,5686
8438314,1,4,1,10,2025,1,3,2.0,,5689
8438316,1,2,1,10,2025,1,5,2.0,,5693
8438316,1,3,1,10,2025,1,2,,,5694
8438317,1,1,1,10,2025,2,56,3.0,300000.0,5695
8438318,1,1,1,10,2025,2,33,5.0,200000.0,5697
8438319,1,4,1,10,2025,2,13,4.0,,5702
8438321,1,4,1,10,2025,1,8,3.0,,5713
8438322,1,1,1,10,2025,2,55,5.0,,5715
8438323,1,2,1,10,2025,2,11,4.0,,5719
8438324,1,2,1,10,2025,2,38,5.0,1400000.0,5721
8438324,1,4,1,10,2025,2,7,3.0,,5723
8438326,1,3,1,10,2025,2,13,4.0,,5727
8438330,1,2,1,10,2025,2,18,5.0,,5735
8438332,1,3,1,10,2025,1,17,5.0,,5743
8438332,1,4,1,10,2025,1,9,3.0,,5744
8438333,1,1,1,10,2025,1,31,5.0,1400000.0,5745
8438333,1,3,1,10,2025,1,6,3.0,,5747
8438333,1,4,1,10,2025,1,0,,,5748
8438334,1,3,1,10,2025,2,37,6.0,,5751
8438335,1,1,1,10,2025,1,40,5.0,1400000.0,5752
8438336,1,1,1,10,2025,2,35,4.0,900000.0,5754
8438337,1,2,1,10,2025,2,33,5.0,1480000.0,5760
8438337,1,3,1,10,2025,1,12,4.0,,5761
8438337,1,4,1,10,2025,2,8,3.0,,5762
8438337,1,5,1,10,2025,2,5,1.0,,5763
8438338,1,2,1,10,2025,2,8,3.0,,5765
8438342,1,1,1,10,2025,2,31,5.0,1423500.0,5774
8438342,1,2,1,10,2025,1,36,5.0,1423500.0,5775
8438343,1,3,1,10,2025,2,33,10.0,1800000.0,5781
8438343,1,4,1,10,2025,2,13,4.0,,5782
8438343,1,5,1,10,2025,1,82,3.0,,5783
8438345,1,1,1,10,2025,2,23,5.0,480000.0,5785
8438348,1,1,1,10,2025,2,44,5.0,600000.0,5789
8438348,1,4,1,10,2025,2,0,,,5792
8438350,1,2,1,10,2025,2,51,3.0,,5797
8438350,1,3,1,10,2025,2,29,6.0,1000000.0,5798
8438350,1,4,1,10,2025,2,0,,,5799
8438350,1,5,1,10,2025,2,8,3.0,,5800
8438354,1,1,1,10,2025,2,42,5.0,1623500.0,5805
8438354,1,2,1,10,2025,2,12,4.0,,5806
8438358,1,3,1,10,2025,1,13,4.0,,5812
8438358,1,4,1,10,2025,1,11,3.0,,5813
8438362,1,1,1,10,2025,1,60,5.0,7000000.0,5818
8438362,1,2,1,10,2025,2,38,5.0,2500000.0,5819
8438366,1,1,1,10,2025,1,58,5.0,3000000.0,5824
8438369,1,1,1,10,2025,1,61,8.0,2847000.0,5828
8438370,1,2,1,10,2025,2,53,5.0,,5832
8438370,1,5,1,10,2025,2,25,10.0,,5835
8438371,1,1,1,10,2025,1,37,3.0,,5837
8438371,1,2,1,10,2025,2,21,4.0,,5838
8438371,1,3,1,10,2025,1,5,1.0,,5839
8438373,1,3,1,10,2025,2,62,3.0,500000.0,5845
8438373,1,4,1,10,2025,1,28,8.0,,5846
8438374,1,2,1,10,2025,1,28,8.0,1000000.0,5848
8438375,1,1,1,10,2025,2,60,3.0,,5849
8438379,1,3,1,10,2025,2,28,5.0,,5863
8438379,1,7,1,10,2025,2,3,2.0,,5867
8438381,1,1,1,10,2025,1,64,5.0,,5876
8438381,1,2,1,10,2025,2,53,5.0,1623500.0,5877
8438383,1,1,1,10,2025,2,34,8.0,1623500.0,5879
8438383,1,2,1,10,2025,2,6,2.0,,5880
8438386,1,2,1,10,2025,1,68,10.0,3500000.0,5889
8438386,1,3,1,10,2025,1,22,10.0,,5890
8438387,1,1,1,10,2025,1,75,11.0,,5891
8438392,1,1,1,10,2025,2,77,4.0,,5902
8438392,1,2,1,10,2025,2,73,5.0,,5903
8438396,1,1,1,10,2025,2,75,7.0,,5904
8438397,1,1,1,10,2025,2,74,5.0,,5906
8438399,1,3,1,10,2025,2,10,4.0,,5911
8438399,1,4,1,10,2025,2,1,,,5912
8438401,1,1,1,10,2025,2,27,11.0,8500000.0,5913
8438401,1,2,1,10,2025,1,28,11.0,7000000.0,5914
8438404,1,3,1,10,2025,1,2,,,5918
8438405,1,2,1,10,2025,2,56,11.0,,5921
8438411,1,2,1,10,2025,2,42,10.0,,5932
8438411,1,3,1,10,2025,2,14,4.0,,5933
8438417,1,3,1,10,2025,2,16,5.0,,5942
8438418,1,4,1,10,2025,1,7,3.0,,5948
8438420,1,1,1,10,2025,2,52,5.0,150000.0,5950
8438421,1,3,1,10,2025,2,16,5.0,,5954
8438422,1,3,1,10,2025,2,20,5.0,,5958
8438423,1,1,1,10,2025,1,41,11.0,8000000.0,5959
8438423,1,2,1,10,2025,2,48,11.0,6000000.0,5960
8438423,1,3,1,10,2025,2,19,10.0,,5961
8438424,1,3,1,10,2025,1,3,2.0,,5965
8438425,1,2,1,10,2025,1,55,5.0,1000000.0,5967
8438426,1,1,1,10,2025,1,32,10.0,5000000.0,5968
8438426,1,4,1,10,2025,2,4,2.0,,5971
8438427,1,1,1,10,2025,2,29,10.0,2200000.0,5974
8438428,1,5,1,10,2025,2,15,4.0,,5979
8438431,1,1,1,10,2025,2,46,5.0,1800000.0,5984
8438431,1,2,1,10,2025,2,20,10.0,,5985
8438432,1,3,1,10,2025,1,13,4.0,,5989
8438433,1,1,1,10,2025,1,81,8.0,,5994
8438433,1,2,1,10,2025,2,78,3.0,,5995
8438436,1,1,1,10,2025,1,45,5.0,,5996
8438437,1,5,1,10,2025,2,21,10.0,,6001
8438438,1,2,1,10,2025,2,57,3.0,,6003
8438442,1,1,1,10,2025,2,38,5.0,,6011
8438442,1,2,1,10,2025,2,13,4.0,,6012
8438443,1,2,1,10,2025,2,14,4.0,,6014
8438444,1,2,1,10,2025,2,28,4.0,,6017
8438444,1,3,1,10,2025,2,3,1.0,,6018
8438445,1,2,1,10,2025,2,47,10.0,,6020
8438447,1,1,1,10,2025,2,58,4.0,,6022
8438447,1,2,1,10,2025,1,32,10.0,2600000.0,6023
8438448,1,1,1,10,2025,1,30,5.0,1400000.0,6024
8438450,1,5,1,10,2025,1,36,5.0,290000.0,6031
8438450,1,6,1,10,2025,1,15,4.0,,6032
8438452,1,1,1,10,2025,2,46,5.0,1000000.0,6035
8438452,1,3,1,10,2025,1,23,10.0,,6037
8438452,1,5,1,10,2025,1,27,5.0,1423500.0,6039
8438453,2,2,2,10,2025,2,42,8.0,,6044
8438455,1,1,1,10,2025,2,57,5.0,100000.0,6047
8438455,1,3,1,10,2025,1,63,5.0,,6049
8438456,1,2,1,10,2025,2,27,5.0,1423500.0,6051
8438458,1,2,1,10,2025,2,21,5.0,,6056
8438460,1,1,1,10,2025,1,41,5.0,1300000.0,6058
8438462,1,3,1,10,2025,2,17,5.0,,6065
8438464,1,1,1,10,2025,1,47,5.0,1500000.0,6069
8438465,1,5,1,10,2025,2,24,5.0,800000.0,6077
8438467,1,3,1,10,2025,2,22,5.0,1000000.0,6082
8438467,1,5,1,10,2025,2,17,5.0,,6084
8438468,1,1,1,10,2025,1,46,5.0,1423500.0,6085
8438472,1,1,1,10,2025,1,87,4.0,,6096
8438472,1,2,1,10,2025,2,77,3.0,,6097
8438473,1,1,1,10,2025,1,37,5.0,1423500.0,6098
8438473,1,2,1,10,2025,2,24,4.0,1423500.0,6099
8438473,1,3,1,10,2025,2,6,3.0,,6100
8438474,1,1,1,10,2025,2,58,3.0,,6102
8438477,1,3,1,10,2025,1,20,5.0,,6105
8438477,1,5,1,10,2025,2,5,2.0,,6107
8438478,1,2,1,10,2025,1,42,5.0,2000000.0,6109
8438480,1,1,1,10,2025,1,31,5.0,3200000.0,6112
8438481,1,4,1,10,2025,1,17,5.0,,6120
8438482,1,2,1,10,2025,1,32,10.0,2300000.0,6122
8438488,1,1,1,10,2025,1,46,5.0,1400000.0,6134
8438488,1,2,1,10,2025,1,20,5.0,,6135
8438489,1,1,1,10,2025,1,35,10.0,3000000.0,6142
8438489,1,2,1,10,2025,2,33,9.0,600000.0,6143
8438489,1,3,1,10,2025,1,7,3.0,,6144
8438489,1,4,1,10,2025,2,2,,,6145
8438490,1,3,1,10,2025,2,14,4.0,,6148
8438493,1,1,1,10,2025,1,45,5.0,2000000.0,6150
8438494,1,1,1,10,2025,1,49,5.0,900000.0,6151
8438497,1,3,1,10,2025,1,27,10.0,800000.0,6159
8438499,1,2,1,10,2025,1,7,3.0,,6163
8438501,1,1,1,10,2025,2,34,10.0,3800000.0,6165
8438502,1,1,1,10,2025,1,37,5.0,1423500.0,6166
8438502,1,2,1,10,2025,2,35,9.0,,6167
8438503,1,3,1,10,2025,2,17,5.0,,6171
8438504,1,4,1,10,2025,2,14,4.0,,6175
8438505,1,2,1,10,2025,2,43,5.0,,6178
8438505,1,4,1,10,2025,2,3,1.0,,6180
8438507,1,1,1,10,2025,1,47,3.0,1800000.0,6185
8438508,1,3,1,10,2025,2,0,,,6190
8438510,1,2,1,10,2025,1,16,4.0,,6195
8438511,1,3,1,10,2025,1,28,10.0,2000000.0,6198
8438513,1,1,1,10,2025,1,25,5.0,900000.0,6202
8438514,1,1,1,10,2025,2,48,5.0,105000.0,6204
8438516,1,1,1,10,2025,1,66,10.0,,6209
8438516,1,2,1,10,2025,2,67,5.0,,6210
8438517,1,1,1,10,2025,1,78,5.0,,6211
8438521,1,3,1,10,2025,2,16,5.0,,6217
8438526,1,2,1,10,2025,2,46,11.0,4600000.0,6225
8438528,1,1,1,10,2025,1,34,5.0,2500000.0,6231
8438529,1,2,1,10,2025,1,29,5.0,1423500.0,6235
8438530,1,3,1,10,2025,1,14,4.0,,6240
8438531,1,2,1,10,2025,2,29,8.0,,6242
8438532,1,2,1,10,2025,1,18,5.0,500000.0,6246
8438533,1,4,1,10,2025,1,23,10.0,,6251
8438534,1,1,1,10,2025,2,59,10.0,,6252
8438535,1,1,1,10,2025,1,43,4.0,1000000.0,6254
8438540,1,3,1,10,2025,2,5,2.0,,6262
8438541,1,1,1,10,2025,2,39,12.0,4270500.0,6263
8438542,1,3,1,10,2025,1,8,3.0,,6267
8438545,1,3,1,10,2025,1,10,3.0,,6273
8438547,1,4,1,10,2025,1,11,3.0,,6277
8438555,1,6,1,10,2025,2,46,9.0,,6284
8438556,1,1,1,10,2025,1,79,3.0,,6285
8438557,1,1,1,10,2025,2,45,5.0,1423500.0,6288
8438558,1,1,1,10,2025,1,59,3.0,360000.0,6290
8438558,1,3,1,10,2025,2,34,8.0,2000000.0,6292
8438559,1,2,1,10,2025,2,55,3.0,1300000.0,6295
8438563,1,1,1,10,2025,2,36,5.0,1600000.0,6305
8438563,1,3,1,10,2025,2,16,5.0,,6307
8438565,1,3,1,10,2025,1,5,2.0,,6315
8438566,1,2,1,10,2025,2,14,4.0,,6317
8438569,1,1,1,10,2025,2,58,3.0,0.0,6323
8438570,1,1,1,10,2025,1,39,10.0,1423500.0,6325
8438570,1,3,1,10,2025,2,3,2.0,,6327
8438571,1,1,1,10,2025,1,32,5.0,2650000.0,6328
8438571,1,2,1,10,2025,2,27,5.0,,6329
8438571,1,3,1,10,2025,2,12,4.0,,6330
8438572,1,1,1,10,2025,2,64,4.0,840000.0,6332
8438573,1,1,1,10,2025,1,53,3.0,120000.0,6337
8438573,1,2,1,10,2025,2,45,3.0,,6338
8438573,1,4,1,10,2025,2,26,8.0,1800000.0,6340
8438579,1,1,1,10,2025,1,37,9.0,2500000.0,6351
8438582,1,2,1,10,2025,2,41,8.0,2529400.0,6356
8438583,1,4,1,10,2025,2,0,,,6362
8438584,1,2,1,10,2025,2,29,8.0,120000.0,6364
8438585,1,1,1,10,2025,1,29,3.0,1600000.0,6366
8438585,1,2,1,10,2025,2,28,10.0,3500000.0,6367
8438586,1,2,1,10,2025,2,56,5.0,1692000.0,6371
8438588,1,1,1,10,2025,2,36,4.0,1428500.0,6372
8438588,1,2,1,10,2025,1,17,5.0,,6373
8438590,1,2,1,10,2025,2,69,3.0,,6381
8438591,1,1,1,10,2025,1,24,5.0,2000000.0,6382
8438591,1,3,1,10,2025,1,10,3.0,,6384
8438592,1,3,1,10,2025,2,1,,,6387
8438593,1,2,1,10,2025,1,24,10.0,3300000.0,6389
8438594,1,2,1,10,2025,2,40,8.0,500000.0,6391
8438595,1,1,1,10,2025,1,54,5.0,2000000.0,6393
8438595,1,4,1,10,2025,1,35,9.0,4500000.0,6396
8438596,1,1,1,10,2025,2,63,3.0,,6397
8438597,1,3,1,10,2025,1,4,1.0,,6400
8438598,1,3,1,10,2025,2,0,,,6403
8438600,1,1,1,10,2025,1,48,5.0,2000000.0,6406
8438601,1,3,1,10,2025,2,7,3.0,,6411
8438604,1,1,1,10,2025,1,21,5.0,,6414
8438605,1,4,1,10,2025,1,93,3.0,,6418
8438607,1,2,1,10,2025,1,9,3.0,,6420
8438608,1,1,1,10,2025,2,37,9.0,650000.0,6421
8438615,1,2,1,10,2025,1,10,3.0,,6432
8438618,1,1,1,10,2025,1,70,10.0,,6444
8438620,1,1,1,10,2025,1,59,8.0,,6448
8438623,1,1,1,10,2025,2,31,10.0,400000.0,6449
8438624,1,2,1,10,2025,2,9,3.0,,6452
8438625,1,1,1,10,2025,2,56,1.0,,6454
8438625,1,2,1,10,2025,1,32,5.0,,6455
8438625,1,4,1,10,2025,2,20,5.0,,6457
8438626,1,4,1,10,2025,1,19,10.0,,6463
8438631,1,4,1,10,2025,2,10,3.0,,6470
8438636,1,2,1,10,2025,2,18,5.0,,6482
8438640,1,2,1,10,2025,2,7,3.0,,6487
8438641,1,2,1,10,2025,2,23,10.0,,6490
8438642,1,1,1,10,2025,2,34,5.0,,6494
8438643,1,1,1,10,2025,2,26,8.0,,6496
8438643,1,3,1,10,2025,2,12,3.0,,6498
8438644,1,2,1,10,2025,2,50,3.0,,6503
8438645,1,1,1,10,2025,2,42,4.0,1423500.0,6504
8438646,1,3,1,10,2025,2,16,4.0,,6509
8438646,1,5,1,10,2025,1,4,1.0,,6511
8438647,1,1,1,10,2025,1,64,3.0,,6512
8438647,1,4,1,10,2025,1,23,10.0,,6515
8438647,1,6,1,10,2025,2,1,,,6517
8438650,1,5,1,10,2025,1,11,3.0,,6524
8438651,1,1,1,10,2025,2,53,10.0,,6525
8438651,1,2,1,10,2025,2,11,4.0,,6526
8438653,1,2,1,10,2025,2,23,10.0,,6531
8438653,1,3,1,10,2025,1,17,5.0,,6532
8438655,1,1,1,10,2025,2,74,10.0,,6533
8438657,1,1,1,10,2025,2,60,11.0,4500000.0,6538
8438657,1,2,1,10,2025,1,61,10.0,4000000.0,6539
8438662,1,1,1,10,2025,1,47,12.0,2500000.0,6546
8438667,1,1,1,10,2025,2,44,10.0,,6549
8438667,1,2,1,10,2025,2,10,3.0,,6550
8438667,1,3,1,10,2025,1,1,,,6551
8438671,1,3,1,10,2025,2,26,3.0,,6557
8438671,1,4,1,10,2025,1,4,1.0,,6558
8438671,1,6,1,10,2025,1,24,4.0,,6560
8438672,1,2,1,10,2025,2,69,1.0,,6563
8438675,1,2,1,10,2025,1,22,4.0,800000.0,6570
8438677,1,4,1,10,2025,2,14,4.0,,6576
8438678,1,2,1,10,2025,2,26,10.0,,6582
8438692,1,2,1,10,2025,2,50,12.0,,6610
8438698,1,3,1,10,2025,1,11,3.0,,6619
8438702,1,1,1,10,2025,2,26,10.0,1400000.0,6624
8438702,1,2,1,10,2025,1,23,10.0,,6625
8438709,1,3,1,10,2025,2,22,10.0,,6637
8438713,1,2,1,10,2025,2,52,5.0,700000.0,6643
8438714,1,1,1,10,2025,2,40,8.0,1423500.0,6644
8438714,1,2,1,10,2025,1,23,5.0,,6645
8438714,1,4,1,10,2025,1,13,4.0,,6647
8438718,1,1,1,10,2025,2,74,3.0,,6653
8438721,1,3,1,10,2025,1,18,5.0,500000.0,6658
8438721,1,5,1,10,2025,1,2,,,6660
8438721,1,6,1,10,2025,2,24,5.0,,6661
8438724,1,1,1,10,2025,2,32,5.0,,6668
8438724,1,3,1,10,2025,2,10,3.0,,6670
8438728,1,1,1,10,2025,1,37,5.0,1420000.0,6675
8438728,1,2,1,10,2025,2,31,5.0,,6676
8438728,1,5,1,10,2025,1,2,,,6679
8438729,1,2,1,10,2025,1,31,8.0,1600000.0,6681
8438731,1,1,1,10,2025,1,76,10.0,,6683
8438734,1,1,1,10,2025,1,32,4.0,,6689
8438738,1,1,1,10,2025,1,31,5.0,,6696
8438739,1,2,1,10,2025,1,19,4.0,1400000.0,6701
8438740,1,1,1,10,2025,2,33,9.0,,6702
8438740,1,2,1,10,2025,1,47,10.0,1900000.0,6703
8438740,1,5,1,10,2025,2,6,3.0,,6706
8438741,1,1,1,10,2025,2,39,5.0,1000000.0,6708
8438741,1,4,1,10,2025,2,14,4.0,,6711
8438742,1,5,1,10,2025,1,4,2.0,,6717
8438742,1,6,1,10,2025,1,0,,,6718
8438744,1,4,1,10,2025,2,58,4.0,1423000.0,6723
8438746,1,2,1,10,2025,1,77,5.0,,6725
8438747,1,1,1,10,2025,2,47,3.0,,6728
8438747,1,3,1,10,2025,2,19,10.0,,6730
8438747,1,4,1,10,2025,2,14,4.0,,6731
8438750,1,1,1,10,2025,1,89,3.0,,6734
8438750,1,2,1,10,2025,2,70,3.0,,6735
8438750,1,3,1,10,2025,1,48,10.0,4000000.0,6736
8438752,1,2,1,10,2025,1,70,5.0,700000.0,6740
8438754,1,1,1,10,2025,1,78,10.0,,6743
8438761,1,3,1,10,2025,1,29,10.0,,6758
8438761,1,5,1,10,2025,1,23,10.0,,6760
8438764,1,2,1,10,2025,1,16,4.0,,6764
8438769,1,2,1,10,2025,2,7,3.0,,6770
8438772,1,2,1,10,2025,2,62,10.0,5000000.0,6774
8438772,1,4,1,10,2025,2,57,5.0,,6776
8438774,1,3,1,10,2025,2,16,5.0,,6779
8438774,1,5,1,10,2025,1,4,1.0,,6781
8438775,1,1,1,10,2025,2,82,10.0,,6782
8438775,1,4,1,10,2025,1,56,5.0,,6785
8438776,1,3,1,10,2025,1,15,5.0,,6788
8438777,1,2,1,10,2025,2,28,10.0,3000000.0,6790
8438779,1,2,1,10,2025,1,17,5.0,,6792
8438781,1,1,1,10,2025,2,41,5.0,210000.0,6796
8438781,1,4,1,10,2025,2,16,4.0,,6799
8438783,1,1,1,10,2025,2,25,5.0,,6800
8438785,1,1,1,10,2025,2,53,4.0,500000.0,6803
8438785,1,5,1,10,2025,1,1,,,6807
8438786,1,1,1,10,2025,2,35,5.0,,6808
8438789,1,3,1,10,2025,2,3,1.0,,6814
8438789,1,4,1,10,2025,2,2,,,6815
8438790,1,6,1,10,2025,1,10,3.0,,6822
8438792,1,1,1,10,2025,2,66,8.0,1000000.0,6827
8438793,1,3,1,10,2025,2,20,10.0,,6830
8438795,1,2,1,10,2025,1,35,10.0,3800000.0,6835
8438795,1,6,1,10,2025,2,21,10.0,,6839
8438796,1,3,1,10,2025,1,22,10.0,,6842
8438797,1,1,1,10,2025,2,37,10.0,,6843
8438797,1,2,1,10,2025,1,51,10.0,3000000.0,6844
8438802,1,3,1,10,2025,2,11,4.0,,6857
8438803,1,1,1,10,2025,2,80,3.0,,6859
8438804,1,2,1,10,2025,2,42,5.0,,6863
8438804,1,4,1,10,2025,2,1,,,6865
8438809,1,2,1,10,2025,2,51,5.0,1120000.0,6869
8438811,1,1,1,10,2025,2,86,3.0,,6870
8438813,1,1,1,10,2025,1,50,5.0,1000000.0,6878
8438814,1,1,1,10,2025,2,43,10.0,,6879
8438814,1,3,1,10,2025,2,3,2.0,,6881
8438819,1,1,1,10,2025,2,35,11.0,,6888
8438820,1,1,1,10,2025,1,53,8.0,1000000.0,6890
8438823,1,2,1,10,2025,1,45,4.0,1423500.0,6894
8438824,1,1,1,10,2025,2,30,5.0,1300000.0,6898
8438829,1,2,1,10,2025,2,35,10.0,,6906
8438830,1,1,1,10,2025,1,51,3.0,2200000.0,6907
8438830,1,2,1,10,2025,2,48,3.0,2500000.0,6908
8438833,1,2,1,10,2025,2,20,10.0,,6915
8438834,1,1,1,10,2025,2,77,3.0,,6916
8438834,1,2,1,10,2025,1,80,3.0,,6917
8438838,1,1,1,10,2025,2,59,3.0,700000.0,6923
8438839,1,1,1,10,2025,2,46,5.0,1423500.0,6925
8438839,1,3,1,10,2025,1,16,5.0,,6927
8438840,1,1,1,10,2025,2,56,3.0,900000.0,6929
8438841,1,1,1,10,2025,2,32,5.0,900000.0,6932
8438841,1,2,1,10,2025,1,11,4.0,,6933
8438841,1,3,1,10,2025,2,52,5.0,,6934
8438842,1,1,1,10,2025,1,58,3.0,1623500.0,6935
8438843,1,1,1,10,2025,2,53,5.0,,6936
8438844,1,2,1,10,2025,1,30,5.0,750000.0,6938
8438844,1,3,1,10,2025,1,3,1.0,,6939
8438845,1,1,1,10,2025,2,78,3.0,,6940
8438846,1,2,1,10,2025,2,53,9.0,,6943
8438846,1,3,1,10,2025,1,28,3.0,,6944
8438846,1,4,1,10,2025,2,37,12.0,7000000.0,6945
8438847,1,5,1,10,2025,1,13,4.0,,6951
8438848,1,1,1,10,2025,1,94,3.0,,6953
8438849,1,2,1,10,2025,1,47,5.0,500000.0,6956
8438850,1,3,1,10,2025,2,33,8.0,900000.0,6960
8438852,1,1,1,10,2025,2,81,3.0,,6964
8438856,1,2,1,10,2025,2,43,4.0,,6969
8438859,1,2,1,10,2025,1,60,3.0,,6973
8438861,1,3,1,10,2025,2,71,3.0,,6977
8438865,1,3,1,10,2025,2,15,4.0,,6985
8438865,1,4,1,10,2025,1,6,3.0,,6986
8438866,1,2,1,10,2025,2,14,4.0,,6988
8438867,1,1,1,10,2025,1,44,8.0,1423500.0,6990
8438867,1,4,1,10,2025,2,4,1.0,,6993
8438869,1,1,1,10,2025,2,57,3.0,600000.0,6997
8438874,1,1,1,10,2025,1,66,4.0,1400000.0,7004
8438876,1,1,1,10,2025,1,50,5.0,1500000.0,7006
8438877,1,1,1,10,2025,2,32,10.0,1500000.0,7010
8438878,1,3,1,10,2025,1,21,6.0,1423500.0,7014
8438880,1,2,1,10,2025,2,27,5.0,800000.0,7017
8438883,1,1,1,10,2025,2,63,1.0,,7022
8438884,1,1,1,10,2025,1,22,5.0,600000.0,7024
8438885,1,1,1,10,2025,1,74,3.0,1800000.0,7025
8438886,1,1,1,10,2025,2,42,3.0,,7027
8438886,1,2,1,10,2025,2,15,5.0,,7028
8438889,1,3,1,10,2025,1,15,4.0,,7035
8438893,1,2,1,10,2025,1,72,4.0,,7042
8438894,1,1,1,10,2025,2,61,5.0,400000.0,7043
8438894,1,2,1,10,2025,2,21,10.0,,7044
8438897,1,3,1,10,2025,1,13,4.0,,7055
8438897,1,4,1,10,2025,1,3,1.0,,7056
8438900,1,1,1,10,2025,2,69,3.0,,7059
8438901,1,3,1,10,2025,1,14,5.0,,7063
8438908,1,2,1,10,2025,2,38,12.0,4000000.0,7074
8438908,1,4,1,10,2025,1,2,,,7076
8438912,1,1,1,10,2025,1,89,3.0,,7082
8438917,1,2,1,10,2025,1,74,10.0,1600000.0,7092
8438917,1,3,1,10,2025,1,7,3.0,,7093
8438918,1,1,1,10,2025,1,53,5.0,,7095
8438918,1,3,1,10,2025,2,11,3.0,,7097
8438918,1,4,1,10,2025,1,3,1.0,,7098
8438920,1,2,1,10,2025,2,46,4.0,600000.0,7105
8438920,1,3,1,10,2025,2,29,5.0,,7106
8438923,1,1,1,10,2025,2,57,10.0,2000000.0,7109
8438925,1,1,1,10,2025,2,42,5.0,900000.0,7112
8438925,1,2,1,10,2025,1,6,2.0,,7113
8438927,1,1,1,10,2025,2,65,11.0,3400000.0,7116
8438931,1,1,1,10,2025,1,84,5.0,2400000.0,7119
8438933,1,2,1,10,2025,2,20,6.0,1800000.0,7122
8438935,1,1,1,10,2025,2,27,5.0,1600000.0,7123
8438937,1,3,1,10,2025,1,15,1.0,,7128
8438938,1,2,1,10,2025,1,31,10.0,2500000.0,7130
8438938,1,3,1,10,2025,2,5,1.0,,7131
8438938,1,4,1,10,2025,2,54,10.0,,7132
8438939,1,1,1,10,2025,2,53,5.0,,7133
8438939,1,4,1,10,2025,1,14,4.0,,7136
8438941,1,2,1,10,2025,1,38,10.0,1423500.0,7138
8438942,1,2,1,10,2025,1,50,5.0,1423500.0,7140
8438944,1,3,1,10,2025,2,8,3.0,,7144
8438948,1,2,1,10,2025,2,23,10.0,2500000.0,7150
8438948,1,3,1,10,2025,1,14,4.0,,7151
8438949,1,2,1,10,2025,2,63,3.0,,7153
8438950,1,3,1,10,2025,1,8,3.0,,7156
8438950,1,4,1,10,2025,2,62,3.0,,7157
8438951,1,1,1,10,2025,2,60,5.0,1800000.0,7158
8438953,1,1,1,10,2025,2,46,8.0,1423500.0,7160
8438955,1,3,1,10,2025,1,9,3.0,,7166
8438957,1,1,1,10,2025,2,52,11.0,4000000.0,7167
8438957,1,3,1,10,2025,1,33,11.0,5000000.0,7169
8438958,1,1,1,10,2025,2,63,3.0,,7171
8438958,1,2,1,10,2025,1,64,3.0,,7172
8438960,1,3,1,10,2025,2,23,5.0,,7177
8438961,1,2,1,10,2025,2,55,3.0,,7179
8438961,1,3,1,10,2025,2,20,5.0,,7180
8438962,1,1,1,10,2025,1,28,5.0,1623500.0,7184
8438962,1,2,1,10,2025,2,22,5.0,1623500.0,7185
8438963,1,3,1,10,2025,2,12,4.0,,7189
8438964,1,2,1,10,2025,1,55,4.0,1500000.0,7191
8438965,1,3,1,10,2025,2,14,4.0,,7195
8438969,1,1,1,10,2025,2,47,6.0,,7205
8438971,1,1,1,10,2025,1,46,6.0,2400000.0,7207
8438972,1,2,1,10,2025,2,65,4.0,,7212
8438973,1,1,1,10,2025,2,60,10.0,4400000.0,7213
8438974,1,1,1,10,2025,1,43,11.0,6000000.0,7215
8438974,1,2,1,10,2025,2,39,11.0,,7216
8438976,1,3,1,10,2025,2,23,10.0,,7219
8438979,1,2,1,10,2025,2,37,10.0,3000000.0,7222
8438981,1,4,1,10,2025,2,8,3.0,,7229
8438982,1,2,1,10,2025,1,74,5.0,,7232
8438984,1,1,1,10,2025,1,43,5.0,2200000.0,7237
8438984,1,4,1,10,2025,1,11,4.0,,7240
8438986,1,1,1,10,2025,1,41,11.0,18000000.0,7241
8438988,1,1,1,10,2025,2,44,10.0,,7245
8438989,1,2,1,10,2025,1,46,11.0,4750000.0,7248
8438989,1,4,1,10,2025,2,12,4.0,,7250
8438991,1,1,1,10,2025,1,77,5.0,,7255
8438992,1,3,1,10,2025,2,2,,,7259
8438994,1,2,1,10,2025,2,38,10.0,,7261
8438995,1,2,1,10,2025,2,18,10.0,,7264
8439002,1,4,1,10,2025,1,10,3.0,,7273
8439003,1,1,1,10,2025,1,32,8.0,3500000.0,7274
8439003,1,3,1,10,2025,2,16,5.0,,7276
8439003,1,5,1,10,2025,1,8,3.0,,7278
8439004,1,1,1,10,2025,2,52,5.0,900000.0,7279
8439004,1,2,1,10,2025,1,55,3.0,,7280
8439004,1,3,1,10,2025,1,27,5.0,1200000.0,7281
8439004,1,4,1,10,2025,2,25,10.0,2000000.0,7282
8439004,1,5,1,10,2025,1,5,3.0,,7283
8439005,1,2,1,10,2025,1,73,10.0,,7285
8439006,1,1,1,10,2025,2,24,10.0,,7287
8439006,1,3,1,10,2025,2,23,10.0,,7289
8439008,1,2,1,10,2025,2,41,10.0,1423500.0,7292
8439008,1,3,1,10,2025,2,8,3.0,,7293
8439013,1,3,1,10,2025,2,8,3.0,,7299
8439014,1,3,1,10,2025,2,33,5.0,,7303
8439017,1,2,1,10,2025,2,46,3.0,1000000.0,7309
8439018,1,1,1,10,2025,1,59,3.0,200000.0,7310
8439019,1,1,1,10,2025,1,67,5.0,,7311
8439024,1,2,1,10,2025,2,48,10.0,1500000.0,7317
8439024,1,3,1,10,2025,2,14,4.0,,7318
8439027,1,2,1,10,2025,1,38,10.0,1423500.0,7326
8439029,1,2,1,10,2025,2,30,10.0,2200000.0,7329
8439031,1,2,1,10,2025,2,50,5.0,,7336
8439031,1,4,1,10,2025,2,18,9.0,,7338
8439034,1,4,1,10,2025,2,14,4.0,,7342
8439034,1,5,1,10,2025,2,81,3.0,,7343
8439038,1,1,1,10,2025,2,67,3.0,,7347
8439038,1,3,1,10,2025,1,37,10.0,4800000.0,7349
8439047,1,1,1,10,2025,2,32,5.0,900000.0,7366
8439047,1,2,1,10,2025,1,33,5.0,1500000.0,7367
8439048,1,3,1,10,2025,2,25,8.0,,7372
8439049,1,1,1,10,2025,1,40,9.0,1700000.0,7373
8439050,1,2,1,10,2025,1,26,1.0,150000.0,7375
8439051,1,2,1,10,2025,2,51,7.0,2500000.0,7380
8439051,1,5,1,10,2025,2,17,4.0,820000.0,7383
8439052,1,2,1,10,2025,1,15,4.0,280000.0,7385
8439053,1,1,1,10,2025,2,43,3.0,300000.0,7387
8439053,1,2,1,10,2025,1,45,3.0,800000.0,7388
8439053,1,6,1,10,2025,2,21,4.0,,7392
8439056,1,3,1,10,2025,1,3,1.0,,7400
8439056,1,4,1,10,2025,2,69,9.0,,7401
8439058,1,3,1,10,2025,2,6,2.0,,7408
8439061,1,2,1,10,2025,2,25,10.0,1423500.0,7411
8439062,1,1,1,10,2025,2,64,5.0,,7412
8439066,1,3,1,10,2025,1,21,10.0,,7421
8439066,1,4,1,10,2025,2,17,10.0,,7422
8439067,1,1,1,10,2025,2,41,9.0,,7423
8439071,1,2,1,10,2025,1,13,3.0,,7431
8439072,1,1,1,10,2025,1,28,5.0,6000000.0,7432
8439073,1,5,1,10,2025,2,6,3.0,,7437
8439075,1,2,1,10,2025,1,14,4.0,,7440
8439076,1,1,1,10,2025,2,40,5.0,1450000.0,7442
8439076,1,3,1,10,2025,1,13,4.0,,7444
8439077,1,2,1,10,2025,1,43,9.0,4000000.0,7446
8439077,1,4,1,10,2025,1,7,3.0,,7448
8439079,1,3,1,10,2025,1,20,8.0,,7451
8439080,1,4,1,10,2025,1,17,3.0,,7456
8439080,1,6,1,10,2025,2,12,3.0,,7458
8439080,1,7,1,10,2025,1,9,3.0,,7459
8439085,1,2,1,10,2025,1,49,8.0,5100000.0,7468
8439085,1,5,1,10,2025,1,31,8.0,1900000.0,7471
8439085,1,6,1,10,2025,2,16,5.0,,7472
8439086,1,3,1,10,2025,1,16,4.0,,7475
8439088,1,1,1,10,2025,1,35,5.0,1200000.0,7481
8439091,1,1,1,10,2025,2,29,5.0,,7489
8439091,1,2,1,10,2025,1,31,9.0,1500000.0,7490
8439091,1,3,1,10,2025,2,12,4.0,,7491
8439092,1,7,1,10,2025,1,0,,,7500
8439097,1,3,1,10,2025,1,22,10.0,,7507
8439098,1,1,1,10,2025,1,39,3.0,600000.0,7510
8439099,1,1,1,10,2025,1,21,4.0,1500000.0,7513
8439101,1,2,1,10,2025,1,8,3.0,,7515
8439108,1,2,1,10,2025,1,31,4.0,600000.0,7522
8439108,1,3,1,10,2025,2,4,2.0,,7523
8439109,1,2,1,10,2025,2,26,10.0,1423000.0,7525
8439109,1,3,1,10,2025,1,24,10.0,,7526
8439110,1,2,1,10,2025,1,13,4.0,,7528
8439112,1,1,1,10,2025,1,42,5.0,2500000.0,7531
8439112,1,2,1,10,2025,2,41,8.0,,7532
8439112,1,4,1,10,2025,1,17,5.0,,7534
8439113,1,1,1,10,2025,2,51,8.0,,7537
8439114,1,1,1,10,2025,2,28,8.0,,7541
8439114,1,2,1,10,2025,1,29,10.0,3700000.0,7542
8439118,1,2,1,10,2025,2,25,10.0,,7548
8439120,1,2,1,10,2025,1,26,10.0,2200000.0,7551
8439121,1,3,1,10,2025,1,10,3.0,,7555
8439121,1,4,1,10,2025,2,5,3.0,,7556
8439121,1,5,1,10,2025,1,1,,,7557
8439123,1,5,1,10,2025,1,12,3.0,,7564
8439123,1,6,1,10,2025,2,19,4.0,860000.0,7565
8439123,1,7,1,10,2025,1,2,,,7566
8439126,1,3,1,10,2025,2,8,3.0,,7571
8439126,1,4,1,10,2025,2,6,2.0,,7572
8439127,1,1,1,10,2025,1,73,5.0,1600000.0,7573
8439128,1,2,1,10,2025,1,46,8.0,2500000.0,7575
8439129,1,2,1,10,2025,2,24,10.0,1700000.0,7577
8439129,1,3,1,10,2025,1,16,5.0,900000.0,7578
8439135,1,1,1,10,2025,1,53,8.0,,7585
8439136,1,2,1,10,2025,1,14,4.0,,7588
8439137,1,3,1,10,2025,2,4,2.0,,7592
8439140,1,1,1,10,2025,2,70,11.0,,7600
8439141,1,1,1,10,2025,1,47,11.0,8000000.0,7601
8439141,1,2,1,10,2025,2,47,10.0,,7602
8439142,1,1,1,10,2025,2,54,10.0,1150000.0,7603
8439147,1,1,1,10,2025,2,63,10.0,,7607
8439149,1,1,1,10,2025,1,91,10.0,,7609
8439150,1,1,1,10,2025,2,40,8.0,150000.0,7611
8439151,1,2,1,10,2025,1,44,5.0,,7614
8439156,1,1,1,10,2025,1,45,5.0,1423500.0,7624
8439158,1,1,1,10,2025,2,55,4.0,,7630
8439159,1,1,1,10,2025,2,29,10.0,1100000.0,7631
8439159,1,2,1,10,2025,2,28,10.0,,7632
8439159,1,3,1,10,2025,2,23,10.0,,7633
8439162,1,1,1,10,2025,1,36,5.0,1650000.0,7634
8439162,1,2,1,10,2025,2,26,10.0,1623000.0,7635
8439163,1,4,1,10,2025,1,65,3.0,6000000.0,7639
8439164,1,1,1,10,2025,1,56,9.0,2500000.0,7641
8439166,1,1,1,10,2025,1,54,5.0,900000.0,7645
8439169,1,4,1,10,2025,2,12,4.0,,7652
8439170,1,1,1,10,2025,1,56,5.0,1800000.0,7654
8439170,1,4,1,10,2025,2,18,10.0,,7657
8439171,1,1,1,10,2025,1,48,5.0,2500000.0,7659
8439171,1,2,1,10,2025,2,43,10.0,,7660
8439172,1,1,1,10,2025,1,58,4.0,750000.0,7664
8439174,1,4,1,10,2025,1,9,3.0,,7673
8439182,1,1,1,10,2025,1,49,5.0,1500000.0,7684
8439182,1,3,1,10,2025,2,9,1.0,,7686
8439186,1,2,1,10,2025,1,38,1.0,500000.0,7691
8439189,1,1,1,10,2025,1,67,1.0,1200000.0,7697
8439189,1,3,1,10,2025,1,2,,,7699
8439190,1,1,1,10,2025,1,63,3.0,,7700
8439191,1,1,1,10,2025,2,58,4.0,1560000.0,7701
8439193,1,1,1,10,2025,2,30,4.0,,7709
8439195,1,2,1,10,2025,2,23,8.0,1200000.0,7713
8439196,1,1,1,10,2025,2,79,1.0,,7714
8439202,1,4,1,10,2025,1,1,,,7720
8439209,1,1,1,10,2025,2,44,10.0,3000000.0,7735
8439211,1,1,1,10,2025,1,54,10.0,8000000.0,7741
8439211,1,2,1,10,2025,2,54,9.0,,7742
8439213,1,4,1,10,2025,2,6,3.0,,7747
8439215,1,1,1,10,2025,1,38,5.0,1423500.0,7749
8439215,1,2,1,10,2025,2,34,8.0,,7750
8439217,1,1,1,10,2025,1,77,13.0,,7754
8439218,1,1,1,10,2025,2,66,10.0,,7756
8439219,1,2,1,10,2025,1,67,5.0,,7758
8439220,1,1,1,10,2025,1,54,5.0,3500000.0,7760
8439221,1,5,1,10,2025,1,4,1.0,,7768
8439223,1,3,1,10,2025,2,7,3.0,,7772
8439227,1,1,1,10,2025,1,83,10.0,,7782
8439231,1,1,1,10,2025,2,75,3.0,,7787
8439233,1,2,1,10,2025,2,67,8.0,,7791
8439233,1,4,1,10,2025,1,39,5.0,1150000.0,7793
8439233,1,5,1,10,2025,1,38,10.0,1200000.0,7794
8439235,1,3,1,10,2025,2,25,1.0,,7798
8439236,1,2,1,10,2025,2,84,3.0,,7800
8439236,1,3,1,10,2025,2,75,5.0,,7801
8439238,1,1,1,10,2025,1,37,10.0,2800000.0,7803
8439238,1,3,1,10,2025,2,6,3.0,,7805
8439238,1,4,1,10,2025,2,3,1.0,,7806
8439241,1,1,1,10,2025,2,57,5.0,,7811
8439243,1,3,1,10,2025,1,27,10.0,1423500.0,7814
8439245,1,1,1,10,2025,2,68,10.0,,7817
8439245,1,4,1,10,2025,1,11,3.0,,7820
8439248,1,2,1,10,2025,1,25,8.0,2200000.0,7822
8439249,1,1,1,10,2025,2,53,10.0,,7825
8439249,1,2,1,10,2025,2,24,8.0,,7826
8439249,1,3,1,10,2025,2,24,8.0,,7827
8439249,1,5,1,10,2025,2,85,3.0,,7829
8439251,1,1,1,10,2025,2,65,5.0,1400000.0,7833
8439253,1,2,1,10,2025,2,77,3.0,,7838
8439254,1,2,1,10,2025,1,31,3.0,1200000.0,7840
8439255,1,4,1,10,2025,1,12,4.0,,7844
8439258,1,2,1,10,2025,2,44,5.0,,7846
8439262,1,3,1,10,2025,1,17,5.0,,7851
8439264,1,2,1,10,2025,2,63,5.0,,7857
8439266,1,6,1,10,2025,1,11,3.0,,7866
8439267,1,1,1,10,2025,2,72,5.0,,7868
8439268,1,2,1,10,2025,1,70,4.0,,7871
8439269,1,3,1,10,2025,1,17,10.0,,7874
8439269,1,4,1,10,2025,2,8,3.0,,7875
8439270,1,1,1,10,2025,2,33,10.0,2800000.0,7876
8439272,1,1,1,10,2025,1,51,9.0,,7877
8439272,1,2,1,10,2025,2,48,10.0,,7878
8439272,1,3,1,10,2025,2,14,4.0,,7879
8439273,1,1,1,10,2025,1,44,10.0,3200000.0,7880
8439273,1,2,1,10,2025,2,45,10.0,,7881
8439275,1,1,1,10,2025,1,36,5.0,1400000.0,7884
8439276,1,4,1,10,2025,2,7,3.0,,7891
8439277,1,1,1,10,2025,1,63,3.0,1300000.0,7893
8439277,1,3,1,10,2025,2,10,3.0,,7895
8439278,1,2,1,10,2025,2,75,3.0,,7897
8439278,1,3,1,10,2025,1,19,5.0,,7898
8439280,1,2,1,10,2025,2,58,3.0,800000.0,7904
8439281,1,1,1,10,2025,1,72,3.0,,7906
8439282,1,1,1,10,2025,2,24,6.0,1423500.0,7908
8439283,1,3,1,10,2025,1,25,5.0,,7912
8439284,1,1,1,10,2025,1,35,5.0,1423500.0,7914
8439287,1,4,1,10,2025,2,23,5.0,200000.0,7924
8439288,1,6,1,10,2025,1,69,1.0,,7931
8439289,1,2,1,10,2025,2,20,10.0,,7933
8439290,1,1,1,10,2025,2,31,5.0,1423500.0,7934
8439292,1,3,1,10,2025,1,30,3.0,,7939
8439292,1,4,1,10,2025,1,23,5.0,,7940
8439292,1,5,1,10,2025,1,16,5.0,,7941
8439293,1,1,1,10,2025,2,68,4.0,,7942
8439293,1,2,1,10,2025,2,46,10.0,2000000.0,7943
8439293,1,3,1,10,2025,1,9,3.0,,7944
8439298,1,1,1,10,2025,1,77,3.0,,7953
8439299,1,1,1,10,2025,2,32,10.0,1423500.0,7957
8439299,1,2,1,10,2025,1,33,8.0,1423500.0,7958
8439301,1,1,1,10,2025,1,85,5.0,,7963
8439301,1,3,1,10,2025,1,58,3.0,,7965
8439302,1,1,1,10,2025,2,50,8.0,1000000.0,7966
8439302,1,2,1,10,2025,1,55,5.0,1200000.0,7967
8439302,1,3,1,10,2025,2,30,5.0,,7968
8439304,1,1,1,10,2025,1,83,3.0,,7973
8439304,1,2,1,10,2025,2,68,3.0,,7974
8439305,1,2,1,10,2025,1,20,8.0,1423500.0,7977
8439306,1,1,1,10,2025,2,82,3.0,,7979
8439307,1,2,1,10,2025,1,58,5.0,900000.0,7982
8439308,1,1,1,10,2025,2,46,5.0,,7983
8439308,1,3,1,10,2025,2,11,4.0,,7985
8439309,1,1,1,10,2025,1,44,4.0,1500000.0,7986
8439309,1,2,1,10,2025,2,43,5.0,,7987
8439312,1,2,1,10,2025,2,44,5.0,1600000.0,7995
8439314,1,1,1,10,2025,1,28,5.0,1400000.0,7998
8439316,1,1,1,10,2025,1,37,9.0,,8003
8439318,1,3,1,10,2025,1,18,5.0,,8009
8439318,1,6,1,10,2025,2,6,3.0,,8012
8439319,1,1,1,10,2025,2,44,5.0,,8014
8439319,1,6,1,10,2025,1,6,3.0,,8019
8439321,1,2,1,10,2025,1,63,5.0,1423500.0,8021
8439321,1,3,1,10,2025,2,37,9.0,,8022
8439321,1,4,1,10,2025,2,11,4.0,,8023
8439324,1,2,1,10,2025,1,33,5.0,,8033
8439324,1,3,1,10,2025,1,3,1.0,,8034
8439327,1,2,1,10,2025,2,17,5.0,,8036
8439328,1,3,1,10,2025,1,42,5.0,500000.0,8039
8439330,1,1,1,10,2025,2,18,5.0,,8042
8439330,1,3,1,10,2025,2,2,,,8044
8439331,1,3,1,10,2025,2,16,5.0,,8047
8439342,1,3,1,10,2025,2,49,5.0,2000000.0,8058
8439342,1,5,1,10,2025,2,10,4.0,,8060
8439342,1,7,1,10,2025,2,21,10.0,,8062
8439343,1,2,1,10,2025,2,16,5.0,,8065
8439344,1,1,1,10,2025,2,74,3.0,,8067
8439344,1,2,1,10,2025,2,50,5.0,900000.0,8068
8439344,1,4,1,10,2025,1,10,3.0,,8070
8439349,1,1,1,10,2025,1,77,10.0,,8078
8439350,1,1,1,10,2025,2,48,5.0,,8082
8439350,1,2,1,10,2025,2,22,5.0,,8083
8439351,1,1,1,10,2025,2,35,10.0,,8087
8439351,1,2,1,10,2025,1,44,10.0,2500000.0,8088
8439356,1,1,1,10,2025,2,72,10.0,,8095
8439356,1,4,1,10,2025,1,23,10.0,,8098
8439356,1,5,1,10,2025,1,13,5.0,,8099
8439361,1,1,1,10,2025,2,47,10.0,,8106
8439365,1,1,1,10,2025,1,93,3.0,,8117
8439366,1,2,1,10,2025,2,42,11.0,3000000.0,8120
8439368,1,3,1,10,2025,2,20,8.0,1423500.0,8125
8439369,1,2,1,10,2025,2,62,8.0,,8127
8439371,1,1,1,10,2025,2,69,3.0,,8129
8439371,1,5,1,10,2025,2,0,,,8133
8439372,1,3,1,10,2025,1,34,5.0,1440000.0,8136
8439374,1,3,1,10,2025,2,94,10.0,,8139
8439375,1,1,1,10,2025,1,45,5.0,600000.0,8140
8439375,1,3,1,10,2025,1,2,,,8142
8439376,1,2,1,10,2025,1,70,3.0,1500000.0,8145
8439377,1,1,1,10,2025,1,28,3.0,900000.0,8147
8439377,1,3,1,10,2025,1,0,,,8149
8439378,1,1,1,10,2025,2,50,5.0,1300000.0,8150
8439378,1,3,1,10,2025,2,18,4.0,1200000.0,8152
8439380,1,2,1,10,2025,1,24,5.0,,8156
8439382,1,1,1,10,2025,1,52,5.0,1423500.0,8159
8439383,1,2,1,10,2025,2,21,10.0,2500000.0,8162
8439383,1,3,1,10,2025,2,16,4.0,,8163
8439385,1,1,1,10,2025,2,90,1.0,,8168
8439385,1,2,1,10,2025,2,54,1.0,,8169
8439386,1,3,1,10,2025,2,23,6.0,280000.0,8172
8439387,1,1,1,10,2025,1,66,5.0,,8174
8439390,1,1,1,10,2025,1,54,10.0,3500000.0,8183
8439402,1,3,1,10,2025,1,25,8.0,1423500.0,8200
8439405,1,1,1,10,2025,1,41,5.0,2500000.0,8204
8439405,1,2,1,10,2025,1,43,5.0,800000.0,8205
8439406,1,1,1,10,2025,2,81,3.0,,8206
8439406,1,2,1,10,2025,1,54,9.0,1423500.0,8207
8439410,1,1,1,10,2025,2,20,10.0,,8210
8439411,1,1,1,10,2025,2,22,8.0,1800000.0,8212
8439411,1,2,1,10,2025,1,21,5.0,1423500.0,8213
8439412,1,2,1,10,2025,1,27,5.0,6000000.0,8215
8439413,1,1,1,10,2025,2,47,10.0,1423500.0,8218
8439414,1,4,1,10,2025,1,13,4.0,,8223
8439416,1,1,1,10,2025,2,52,5.0,,8228
8439418,1,1,1,10,2025,1,29,6.0,1423500.0,8234
8439419,1,1,1,10,2025,1,36,5.0,1600000.0,8237
8439419,1,3,1,10,2025,1,16,5.0,,8239
8439424,1,1,1,10,2025,2,60,4.0,500000.0,8245
8439425,1,1,1,10,2025,1,75,3.0,,8246
8439427,1,2,1,10,2025,2,49,3.0,,8251
8439429,1,2,1,10,2025,2,60,5.0,,8256
8439429,1,3,1,10,2025,1,32,10.0,,8257
8439433,1,3,1,10,2025,1,31,5.0,1400000.0,8264
8439433,1,4,1,10,2025,2,16,4.0,,8265
8439439,1,1,1,10,2025,2,31,5.0,,8269
8439441,1,2,1,10,2025,2,24,5.0,,8275
8439442,1,2,1,10,2025,2,13,4.0,,8278
8439442,1,3,1,10,2025,1,7,3.0,,8279
8439443,1,2,1,10,2025,2,20,5.0,,8287
8439443,1,4,1,10,2025,2,12,4.0,,8289
8439444,1,1,1,10,2025,1,41,3.0,2500000.0,8290
8439444,1,2,1,10,2025,2,35,4.0,600000.0,8291
8439444,1,4,1,10,2025,2,15,4.0,,8293
8439444,1,6,1,10,2025,2,10,3.0,,8295
8439444,1,7,1,10,2025,1,8,3.0,,8296
8439447,1,2,1,10,2025,2,16,5.0,,8306
8439448,1,1,1,10,2025,1,52,5.0,1300000.0,8307
8439450,1,2,1,10,2025,2,13,4.0,,8315
8439456,1,3,1,10,2025,1,10,4.0,,8321
8439457,1,1,1,10,2025,1,51,4.0,1800000.0,8322
8439459,1,2,1,10,2025,2,25,6.0,1423500.0,8325
8439459,1,4,1,10,2025,2,70,4.0,,8327
8439460,1,2,1,10,2025,1,12,3.0,,8329
8439461,1,3,1,10,2025,1,19,10.0,,8334
8439462,1,2,1,10,2025,2,21,6.0,1523500.0,8337
8439462,1,3,1,10,2025,2,0,,,8338
8439463,1,1,1,10,2025,2,72,3.0,,8339
8439463,1,2,1,10,2025,1,23,10.0,1423500.0,8340
8439468,1,1,1,10,2025,2,64,3.0,800000.0,8342
8439468,1,3,1,10,2025,2,33,3.0,600000.0,8344
8439468,1,4,1,10,2025,2,13,4.0,,8345
8439468,1,6,1,10,2025,1,3,1.0,,8347
8439468,1,7,1,10,2025,1,96,3.0,,8348
8439471,1,1,1,10,2025,2,61,3.0,800000.0,8352
8439472,1,3,1,10,2025,2,8,3.0,,8355
8439472,1,5,1,10,2025,1,25,5.0,,8357
8439474,1,1,1,10,2025,2,23,5.0,,8360
8439476,1,1,1,10,2025,2,58,9.0,2200000.0,8366
8439477,1,2,1,10,2025,2,59,3.0,1823500.0,8368
8439478,1,1,1,10,2025,1,46,5.0,1000000.0,8369
8439478,1,3,1,10,2025,2,9,1.0,,8371
8439481,1,3,1,10,2025,1,8,3.0,,8375
8439483,1,2,1,10,2025,1,32,5.0,500000.0,8378
8439485,1,1,1,10,2025,2,45,8.0,1200000.0,8382
8439490,1,1,1,10,2025,1,31,10.0,2200000.0,8390
8439498,1,1,1,10,2025,1,56,3.0,2300000.0,8401
8439498,1,2,1,10,2025,2,52,10.0,,8402
8439499,1,1,1,10,2025,1,48,8.0,900000.0,8403
8439504,1,3,1,10,2025,1,2,,,8411
8439505,1,1,1,10,2025,2,49,10.0,,8413
8439507,1,1,1,10,2025,2,72,10.0,,8415
8439508,1,2,1,10,2025,2,49,10.0,,8417
8439511,1,1,1,10,2025,2,60,3.0,,8418
8439511,1,5,1,10,2025,1,27,5.0,1300000.0,8422
8439511,1,7,1,10,2025,2,62,1.0,,8424
8439513,1,1,1,10,2025,2,56,3.0,400000.0,8428
8439513,1,2,1,10,2025,1,31,1.0,,8429
8439513,1,3,1,10,2025,1,38,4.0,1300000.0,8430
8439513,1,4,1,10,2025,2,28,5.0,,8431
8439513,1,5,1,10,2025,2,5,1.0,,8432
8439515,1,1,1,10,2025,2,68,1.0,900000.0,8436
8439516,1,1,1,10,2025,1,24,10.0,2350000.0,8439
8439518,1,2,1,10,2025,1,34,8.0,1350000.0,8443
8439525,1,3,1,10,2025,2,10,3.0,,8461
8439525,1,4,1,10,2025,2,8,3.0,,8462
8439527,1,2,1,10,2025,1,20,4.0,1423000.0,8466
8439529,1,1,1,10,2025,2,53,3.0,700000.0,8469
8439529,1,3,1,10,2025,2,29,5.0,1200000.0,8471
8439529,1,7,1,10,2025,1,10,3.0,,8475
8439529,1,8,1,10,2025,2,6,3.0,,8476
8439530,1,3,1,10,2025,1,14,4.0,,8481
8439530,1,4,1,10,2025,2,12,4.0,,8482
8439533,1,2,1,10,2025,1,57,3.0,1200000.0,8493
8439533,1,4,1,10,2025,1,8,3.0,,8495
8439533,1,5,1,10,2025,1,32,5.0,,8496
8439533,1,6,1,10,2025,1,10,3.0,,8497
8439534,1,3,1,10,2025,2,2,,,8500
8439535,1,4,1,10,2025,1,7,3.0,,8504
8439536,1,3,1,10,2025,2,13,4.0,,8507
8439537,1,3,1,10,2025,1,13,4.0,,8510
8439539,1,1,1,10,2025,2,25,5.0,,8512
8439539,1,2,1,10,2025,1,9,3.0,,8513
8439541,1,2,1,10,2025,2,20,5.0,1000000.0,8517
8439541,1,3,1,10,2025,2,17,4.0,,8518
8439542,1,5,1,10,2025,1,13,4.0,,8524
8439543,1,1,1,10,2025,2,75,1.0,,8525
8439545,1,1,1,10,2025,1,46,5.0,1600000.0,8528
8439545,1,2,1,10,2025,2,46,8.0,,8529
8439546,1,2,1,10,2025,1,22,1.0,,8531
8439547,1,2,1,10,2025,2,37,10.0,,8533
8439549,1,2,1,10,2025,1,36,5.0,1500000.0,8543
8439550,1,1,1,10,2025,2,34,10.0,,8546
8439550,1,3,1,10,2025,1,13,4.0,,8548
8439551,1,1,1,10,2025,1,36,10.0,1500000.0,8550
8439557,1,1,1,10,2025,2,44,5.0,,8553
8439558,1,1,1,10,2025,2,53,5.0,400000.0,8555
8439559,1,1,1,10,2025,2,50,9.0,1600000.0,8557
8439559,1,2,1,10,2025,1,26,10.0,,8558
8439559,1,3,1,10,2025,2,16,5.0,,8559
8439560,1,1,1,10,2025,2,64,3.0,,8560
8439561,1,2,1,10,2025,1,46,11.0,3500000.0,8564
8439562,1,2,1,10,2025,2,35,10.0,1000000.0,8566
8439563,1,2,1,10,2025,2,66,5.0,,8568
8439565,1,1,1,10,2025,2,62,7.0,,8572
8439569,1,3,1,10,2025,1,27,10.0,1423500.0,8588
8439571,1,1,1,10,2025,2,56,3.0,1000000.0,8590
8439572,1,1,1,10,2025,1,79,5.0,,8592
8439572,1,4,1,10,2025,2,25,10.0,1000000.0,8595
8439574,1,2,1,10,2025,2,59,3.0,,8600
8439575,1,3,1,10,2025,2,29,9.0,900000.0,8603
8439575,2,3,2,10,2025,2,9,3.0,,8607
8439576,1,1,1,10,2025,2,42,9.0,1100000.0,8608
8439576,1,2,1,10,2025,2,20,10.0,,8609
8439578,1,2,1,10,2025,2,40,5.0,,8615
8439578,1,3,1,10,2025,2,13,4.0,,8616
8439579,1,2,1,10,2025,1,14,4.0,,8618
8439580,1,1,1,10,2025,1,82,3.0,200000.0,8620
8439581,1,4,1,10,2025,1,3,2.0,,8624
8439582,1,2,1,10,2025,2,46,3.0,,8626
8439591,1,1,1,10,2025,2,23,10.0,900000.0,8646
8439593,1,1,1,10,2025,1,29,3.0,300000.0,8647
8439594,1,2,1,10,2025,2,26,5.0,,8649
8439596,1,2,1,10,2025,2,38,5.0,1423500.0,8653
8439599,1,1,1,10,2025,1,59,11.0,3100000.0,8658
8439599,1,3,1,10,2025,2,60,3.0,,8660
8439601,1,1,1,10,2025,2,44,5.0,1100000.0,8664
8439601,1,2,1,10,2025,1,20,10.0,,8665
8439601,1,3,1,10,2025,2,2,,,8666
8439604,1,2,1,10,2025,1,26,10.0,150000.0,8672
8439604,1,4,1,10,2025,1,15,4.0,,8674
8439605,1,1,1,10,2025,2,48,3.0,70000.0,8675
8439607,1,3,1,10,2025,1,23,10.0,1000000.0,8681
8439608,1,3,1,10,2025,2,14,4.0,,8684
8439610,1,5,1,10,2025,2,23,5.0,200000.0,8691
8439613,1,3,1,10,2025,2,40,11.0,3030000.0,8698
8439615,1,1,1,10,2025,2,35,8.0,1500000.0,8705
8439615,1,2,1,10,2025,1,30,5.0,800000.0,8706
8439616,1,4,1,10,2025,2,29,5.0,1423500.0,8710
8439617,1,2,1,10,2025,1,83,3.0,,8712
8439619,1,2,1,10,2025,2,32,12.0,5200000.0,8717
8439619,1,3,1,10,2025,1,41,10.0,,8718
8439621,1,1,1,10,2025,1,84,3.0,,8723
8439621,1,3,1,10,2025,2,56,10.0,,8725
8439622,1,1,1,10,2025,2,66,11.0,6400000.0,8727
8439627,1,1,1,10,2025,2,58,5.0,50000.0,8736
8439628,1,1,1,10,2025,1,70,12.0,,8737
8439629,1,1,1,10,2025,2,43,4.0,200000.0,8738
8439631,1,1,1,10,2025,2,48,11.0,2000000.0,8743
8439633,1,1,1,10,2025,1,39,11.0,1500000.0,8745
8439633,1,3,1,10,2025,2,2,,,8747
8439634,1,2,1,10,2025,2,52,3.0,,8749
8439635,1,3,1,10,2025,2,2,,,8752
8439636,1,2,1,10,2025,2,80,3.0,,8754
8439637,1,1,1,10,2025,1,78,5.0,,8756
8439638,1,2,1,10,2025,1,40,11.0,1423000.0,8758
8439640,1,1,1,10,2025,2,63,3.0,240000.0,8761
8439640,2,1,2,10,2025,2,39,5.0,150000.0,8766
8439640,2,2,2,10,2025,1,50,3.0,1400000.0,8767
8439643,1,2,1,10,2025,2,55,12.0,8900000.0,8773
8439643,1,3,1,10,2025,2,16,4.0,,8774
8439645,1,2,1,10,2025,1,30,4.0,200000.0,8781
8439646,1,2,1,10,2025,1,65,3.0,600000.0,8785
8439647,1,1,1,10,2025,1,40,3.0,1000000.0,8786
8439647,1,3,1,10,2025,1,18,4.0,800000.0,8788
8439649,1,2,1,10,2025,1,30,1.0,,8791
8439650,1,2,1,10,2025,2,18,5.0,,8794
8439651,1,4,1,10,2025,2,25,5.0,1400000.0,8798
8439653,1,2,1,10,2025,2,78,3.0,,8803
8439654,1,3,1,10,2025,1,20,5.0,,8807
8439657,1,1,1,10,2025,2,69,3.0,700000.0,8813
8439658,1,1,1,10,2025,1,48,10.0,1000000.0,8816
8439659,1,1,1,10,2025,2,38,5.0,1000000.0,8820
8439663,1,1,1,10,2025,2,82,3.0,150000.0,8825
8439664,1,2,1,10,2025,2,49,5.0,50000.0,8828
8439664,1,4,1,10,2025,1,20,9.0,,8830
8439666,1,2,1,10,2025,2,7,3.0,,8836
8439670,1,1,1,10,2025,2,55,4.0,800000.0,8845
8439670,1,2,1,10,2025,1,33,5.0,480000.0,8846
8439670,1,3,1,10,2025,1,23,5.0,800000.0,8847
8439673,1,2,1,10,2025,2,87,3.0,,8860
8439674,1,4,1,10,2025,2,32,5.0,150000.0,8867
8439675,1,1,1,10,2025,1,66,4.0,,8868
8439675,1,2,1,10,2025,2,61,3.0,,8869
8439676,1,4,1,10,2025,2,33,5.0,500000.0,8874
8439681,1,3,1,10,2025,2,21,10.0,,8896
8439682,1,2,1,10,2025,1,36,5.0,,8899
8439682,1,3,1,10,2025,2,82,3.0,,8900
8439685,1,2,1,10,2025,2,80,3.0,,8905
8439689,1,3,1,10,2025,1,13,4.0,,8915
8439690,1,1,1,10,2025,1,45,5.0,800000.0,8916
8439690,1,3,1,10,2025,1,22,10.0,,8918
8439693,1,3,1,10,2025,1,32,10.0,2700000.0,8928
8439694,1,2,1,10,2025,1,18,5.0,120000.0,8930
8439695,1,1,1,10,2025,1,32,5.0,1200000.0,8931
8439698,1,1,1,10,2025,2,55,3.0,700000.0,8938
8439698,1,2,1,10,2025,2,31,10.0,1423500.0,8939
8439700,1,1,1,10,2025,2,55,10.0,1000000.0,8941
8439701,1,1,1,10,2025,2,61,3.0,400000.0,8942
8439703,1,4,1,10,2025,1,16,6.0,,8949
8439704,1,2,1,10,2025,2,52,6.0,700000.0,8953
8439705,1,4,1,10,2025,2,18,5.0,,8957
8439706,1,1,1,10,2025,1,37,8.0,,8959
8439708,1,2,1,10,2025,1,34,8.0,1923000.0,8965
8439711,1,1,1,10,2025,1,46,5.0,700000.0,8969
8439712,1,3,1,10,2025,2,2,,,8973
8439716,1,2,1,10,2025,2,72,8.0,,8979
8439717,1,1,1,10,2025,2,36,5.0,280000.0,8980
8439718,1,1,1,10,2025,1,71,1.0,100000.0,8986
8439719,1,1,1,10,2025,2,28,10.0,,8987
8439719,1,2,1,10,2025,1,31,5.0,2670000.0,8988
8439720,1,1,1,10,2025,2,60,10.0,,8990
8439722,1,1,1,10,2025,1,21,10.0,,8995
8439723,1,2,1,10,2025,1,18,5.0,600000.0,8997
8439725,1,1,1,10,2025,1,49,11.0,3770000.0,9002
8439725,1,2,1,10,2025,2,40,9.0,1300000.0,9003
8439729,1,1,1,10,2025,2,57,5.0,300000.0,9013
8439729,1,2,1,10,2025,2,37,10.0,600000.0,9014
8439729,1,3,1,10,2025,2,14,1.0,,9015
8439736,1,1,1,10,2025,1,70,12.0,2576500.0,9024
8439736,1,4,1,10,2025,2,77,5.0,,9027
8439739,1,1,1,10,2025,2,42,3.0,650000.0,9034
8439739,1,2,1,10,2025,1,19,5.0,,9035
8439739,1,3,1,10,2025,1,17,5.0,,9036
8439739,1,5,1,10,2025,1,35,3.0,700000.0,9038
8439739,1,6,1,10,2025,1,9,3.0,,9039
8439740,1,1,1,10,2025,1,34,5.0,2500000.0,9040
8439740,1,2,1,10,2025,1,6,3.0,,9041
8439759,1,1,1,10,2025,2,22,9.0,300000.0,9042
8439766,1,1,1,10,2025,1,48,3.0,2800000.0,9049
8439767,1,1,1,10,2025,1,48,3.0,,9052
8439768,1,3,1,10,2025,1,1,,,9058
8439769,1,2,1,10,2025,1,14,4.0,,9060
8439769,1,4,1,10,2025,2,28,5.0,1500000.0,9062
8439769,1,5,1,10,2025,1,6,2.0,,9063
8439769,1,6,1,10,2025,2,17,5.0,,9064
8439770,1,1,1,10,2025,1,57,5.0,1200000.0,9066
8439771,1,1,1,10,2025,1,75,3.0,,9068
8439773,1,1,1,10,2025,2,54,4.0,,9073
8439775,1,1,1,10,2025,2,67,3.0,,9077
8439775,1,3,1,10,2025,2,32,10.0,1500000.0,9079
8439776,1,3,1,10,2025,1,10,3.0,,9082
8439778,1,2,1,10,2025,2,32,4.0,,9086
8439781,1,1,1,10,2025,1,54,3.0,2500000.0,9095
8439783,1,3,1,10,2025,2,22,8.0,,9101
8439783,1,6,1,10,2025,2,12,4.0,,9104
8439789,1,4,1,10,2025,1,25,1.0,,9121
8439790,1,3,1,10,2025,1,32,4.0,1500000.0,9124
8439790,1,5,1,10,2025,1,10,3.0,,9126
8439791,1,1,1,10,2025,2,70,3.0,,9127
8439791,1,3,1,10,2025,2,36,1.0,,9129
8439793,1,2,1,10,2025,2,40,8.0,1423500.0,9135
8439793,1,4,1,10,2025,1,16,6.0,,9137
8439794,1,1,1,10,2025,2,31,6.0,,9138
8439794,1,4,1,10,2025,2,6,3.0,,9141
8439799,1,3,1,10,2025,1,20,5.0,1200000.0,9155
8439799,1,4,1,10,2025,1,16,5.0,,9156
8439800,1,5,1,10,2025,2,60,3.0,1100000.0,9161
8439802,1,1,1,10,2025,1,37,5.0,1600000.0,9166
8439805,1,1,1,10,2025,1,72,3.0,,9174
8439808,1,1,1,10,2025,1,26,5.0,1500000.0,9182
8439811,1,3,1,10,2025,2,59,3.0,840000.0,9187
8439812,1,1,1,10,2025,1,49,9.0,2500000.0,9188
8439812,1,3,1,10,2025,1,10,4.0,,9190
8439813,1,4,1,10,2025,1,24,10.0,,9195
8439813,1,5,1,10,2025,1,20,5.0,,9196
8439813,1,6,1,10,2025,2,14,4.0,,9197
8439814,1,2,1,10,2025,1,20,10.0,,9199
8439814,1,3,1,10,2025,1,16,6.0,0.0,9200
8439815,1,2,1,10,2025,2,52,5.0,930000.0,9204
8439817,1,1,1,10,2025,1,57,5.0,,9207
8439819,1,1,1,10,2025,2,66,5.0,,9214
8439825,1,4,1,10,2025,2,8,3.0,,9231
8439826,1,4,1,10,2025,2,28,9.0,,9235
8439826,1,5,1,10,2025,2,11,4.0,,9236
8439827,1,2,1,10,2025,2,30,5.0,,9238
8439827,1,4,1,10,2025,1,6,3.0,,9240
8439830,1,2,1,10,2025,2,23,5.0,,9251
8439833,1,2,1,10,2025,2,53,4.0,,9259
8439834,1,1,1,10,2025,2,60,1.0,,9260
8439837,1,1,1,10,2025,2,74,3.0,,9265
8439838,1,4,1,10,2025,1,11,4.0,,9269
8439839,1,1,1,10,2025,2,32,5.0,1300000.0,9272
8439839,1,3,1,10,2025,2,12,4.0,,9274
8439840,1,2,1,10,2025,2,9,3.0,,9278
8439841,1,2,1,10,2025,2,28,6.0,,9281
8439841,1,3,1,10,2025,1,25,5.0,600000.0,9282
8439841,1,4,1,10,2025,1,23,4.0,,9283
8439845,1,1,1,10,2025,1,35,10.0,2000000.0,9291
8439846,1,4,1,10,2025,1,1,,,9295
8439847,1,3,1,10,2025,1,64,5.0,,9298
8439848,1,6,1,10,2025,2,5,2.0,,9304
8439849,1,2,1,10,2025,2,85,1.0,,9306
8439850,1,1,1,10,2025,1,51,3.0,500000.0,9307
8439851,1,2,1,10,2025,1,52,5.0,1700000.0,9313
8439851,1,3,1,10,2025,2,21,10.0,1423500.0,9314
8439853,1,2,1,10,2025,1,44,3.0,1423500.0,9320
8439854,1,2,1,10,2025,2,86,3.0,,9326
8439855,1,2,1,10,2025,1,35,5.0,1500000.0,9328
8439856,1,1,1,10,2025,1,25,9.0,1500000.0,9331
8439858,1,3,1,10,2025,2,11,3.0,,9337
8439859,1,3,1,10,2025,2,15,6.0,,9341
8439862,1,1,1,10,2025,1,68,3.0,600000.0,9347
8439862,1,2,1,10,2025,2,64,3.0,,9348
8439863,1,1,1,10,2025,2,50,3.0,1550000.0,9350
8439864,1,2,1,10,2025,1,69,3.0,700000.0,9352
8439867,1,2,1,10,2025,2,26,8.0,1423500.0,9360
8439870,1,3,1,10,2025,1,2,,,9368
8439873,1,1,1,10,2025,2,86,5.0,,9378
8439877,1,2,1,10,2025,1,10,3.0,,9385
8439877,1,5,1,10,2025,1,66,3.0,,9388
8439878,1,1,1,10,2025,1,31,5.0,2000000.0,9389
8439878,1,2,1,10,2025,2,35,5.0,,9390
8439878,1,3,1,10,2025,1,6,3.0,,9391
8439879,1,3,1,10,2025,2,8,3.0,,9394
8439880,1,2,1,10,2025,2,32,5.0,,9397
8439880,1,3,1,10,2025,2,3,1.0,,9398
8439882,1,1,1,10,2025,1,53,5.0,1800000.0,9400
8439884,1,1,1,10,2025,1,29,9.0,4000000.0,9408
8439885,1,3,1,10,2025,1,22,10.0,1200000.0,9412
8439886,1,1,1,10,2025,2,33,8.0,1800000.0,9415
8439886,1,2,1,10,2025,1,11,4.0,,9416
8439891,1,1,1,10,2025,1,52,3.0,800000.0,9427
8439892,1,2,1,10,2025,2,29,5.0,,9430
8439892,1,3,1,10,2025,2,2,,,9431
8439893,1,1,1,10,2025,2,38,10.0,400000.0,9433
8439893,1,2,1,10,2025,1,48,10.0,3000000.0,9434
8439894,1,1,1,10,2025,1,43,10.0,3000000.0,9435
8439894,1,2,1,10,2025,2,41,10.0,3000000.0,9436
8439897,1,1,1,10,2025,1,67,3.0,,9443
8439897,1,4,1,10,2025,2,14,6.0,,9446
8439904,1,2,1,10,2025,1,37,10.0,2000000.0,9459
8439913,1,1,1,10,2025,1,62,5.0,1500000.0,9463
8439919,1,2,1,10,2025,1,28,5.0,1423500.0,9469
8439920,1,1,1,10,2025,1,34,8.0,2400000.0,9471
8439924,1,1,1,10,2025,1,76,10.0,,9475
8439924,1,3,1,10,2025,1,41,10.0,650000.0,9477
8439925,1,1,1,10,2025,1,67,11.0,4000000.0,9478
8439931,1,1,1,10,2025,2,49,5.0,600000.0,9480
8439932,1,1,1,10,2025,1,36,3.0,1600000.0,9481
8439932,1,4,1,10,2025,2,3,1.0,,9484
8439933,1,1,1,10,2025,2,49,8.0,1880000.0,9485
8439936,1,1,1,10,2025,2,72,3.0,,9486
8439965,1,1,1,10,2025,2,59,3.0,800000.0,9489
8439968,1,3,1,10,2025,2,7,3.0,,9497
8439969,1,1,1,10,2025,1,59,3.0,1423500.0,9498
8439970,1,2,1,10,2025,1,46,5.0,1423500.0,9500
8439970,1,3,1,10,2025,2,23,5.0,1423500.0,9501
8439971,1,1,1,10,2025,2,31,5.0,1300000.0,9503
8439972,1,3,1,10,2025,1,10,3.0,,9507
8439972,1,5,1,10,2025,1,67,5.0,,9509
8439974,1,1,1,10,2025,1,31,5.0,1423000.0,9510
8439974,1,3,1,10,2025,1,7,3.0,,9512
8439978,1,1,1,10,2025,2,73,4.0,,9518
8439979,1,1,1,10,2025,1,40,5.0,2000000.0,9519
8439981,1,2,1,10,2025,2,26,10.0,4800000.0,9523
8439983,1,3,1,10,2025,2,21,9.0,,9529
8439985,1,1,1,10,2025,1,68,10.0,,9530
8439989,1,1,1,10,2025,2,82,3.0,,9539
8439989,1,2,1,10,2025,1,41,10.0,,9540
8439991,1,1,1,10,2025,2,73,10.0,,9546
8439995,1,3,1,10,2025,1,7,3.0,,9555
8439997,1,1,1,10,2025,2,79,1.0,,9557
8439999,1,2,1,10,2025,2,56,5.0,600000.0,9559
8440000,1,2,1,10,2025,1,25,5.0,,9562
8440000,1,4,1,10,2025,2,20,8.0,,9564
8440000,1,5,1,10,2025,2,18,10.0,,9565
8440001,1,1,1,10,2025,1,42,5.0,1423500.0,9566
8440001,1,4,1,10,2025,2,14,4.0,,9569
8440002,1,1,1,10,2025,2,46,5.0,1423500.0,9570
8440004,1,1,1,10,2025,1,37,5.0,1423500.0,9573
8440006,1,1,1,10,2025,1,75,1.0,,9577
8440006,1,2,1,10,2025,2,67,3.0,,9578
8440010,1,1,1,10,2025,1,34,5.0,1600000.0,9584
8440013,1,1,1,10,2025,1,28,5.0,,9590
8440013,1,2,1,10,2025,2,24,5.0,200000.0,9591
8440013,1,3,1,10,2025,2,3,1.0,,9592
8440013,1,4,1,10,2025,1,2,,,9593
8440014,1,1,1,10,2025,1,39,4.0,,9594
8440019,1,1,1,10,2025,2,43,4.0,1290000.0,9603
8440020,1,1,1,10,2025,1,55,5.0,600000.0,9604
8440022,1,1,1,10,2025,1,36,6.0,900000.0,9606
8440023,1,1,1,10,2025,2,69,11.0,,9607
8440028,1,1,1,10,2025,2,82,3.0,,9612
8440030,1,2,1,10,2025,2,52,10.0,2650000.0,9615
8440032,1,2,1,10,2025,2,75,3.0,,9621
8440032,1,3,1,10,2025,2,37,8.0,,9622
8440034,1,2,1,10,2025,2,50,10.0,2100000.0,9626
8440034,1,5,1,10,2025,1,27,10.0,1423500.0,9629
8440035,1,3,1,10,2025,1,49,5.0,1423500.0,9633
8440036,1,1,1,10,2025,2,61,4.0,2000000.0,9634
8440036,1,2,1,10,2025,1,64,3.0,1000000.0,9635
8440037,1,1,1,10,2025,1,58,5.0,2000000.0,9636
8440038,1,2,1,10,2025,1,48,3.0,,9638
8440041,1,2,1,10,2025,2,26,5.0,,9645
8440044,1,2,1,10,2025,1,34,12.0,2500000.0,9650
8440045,1,1,1,10,2025,2,69,10.0,1300000.0,9652
8440046,1,1,1,10,2025,1,30,10.0,3500000.0,9653
8440050,1,1,1,10,2025,2,49,10.0,2000000.0,9656
8440052,1,2,1,10,2025,2,29,5.0,,9661
8440052,1,4,1,10,2025,1,6,3.0,,9663
8440054,1,1,1,10,2025,1,56,4.0,1423500.0,9664
8440054,1,2,1,10,2025,2,49,4.0,,9665
8440054,1,3,1,10,2025,2,20,3.0,,9666
8440055,1,2,1,10,2025,2,46,4.0,400000.0,9669
8440056,1,1,1,10,2025,2,41,4.0,1423000.0,9670
8440056,1,2,1,10,2025,1,19,3.0,,9671
8440057,1,2,1,10,2025,2,57,3.0,,9675
8440061,1,1,1,10,2025,2,57,4.0,1600000.0,9680
8440064,1,1,1,10,2025,1,72,3.0,900000.0,9685
8440065,1,1,1,10,2025,1,50,5.0,1423500.0,9687
8440065,1,3,1,10,2025,2,18,5.0,,9689
8440066,1,2,1,10,2025,2,80,1.0,,9692
8440066,1,4,1,10,2025,2,53,3.0,,9694
8440068,1,1,1,10,2025,1,67,3.0,,9700
8440070,1,2,1,10,2025,2,69,1.0,,9702
8440072,1,1,1,10,2025,2,34,9.0,1900000.0,9705
8440075,1,1,1,10,2025,1,32,10.0,3000000.0,9713
8440075,1,2,1,10,2025,2,30,10.0,2000000.0,9714
8440080,1,2,1,10,2025,1,59,5.0,,9721
8440084,1,2,1,10,2025,2,55,3.0,,9727
8440084,1,3,1,10,2025,1,21,5.0,,9728
8440085,1,2,1,10,2025,2,63,10.0,,9730
8440085,1,3,1,10,2025,2,23,10.0,2000000.0,9731
8440088,1,1,1,10,2025,1,60,10.0,3500000.0,9734
8440088,1,2,1,10,2025,2,59,5.0,,9735
8440088,1,3,1,10,2025,2,21,10.0,2000000.0,9736
8440091,1,3,1,10,2025,1,5,2.0,,9741
8440093,1,1,1,10,2025,2,61,6.0,,9743
8440094,1,2,1,10,2025,2,57,5.0,,9745
8440096,1,1,1,10,2025,2,67,5.0,,9747
8440096,1,2,1,10,2025,1,64,10.0,3200000.0,9748
8440096,1,3,1,10,2025,1,34,10.0,,9749
8440096,1,4,1,10,2025,2,90,3.0,,9750
8440098,1,4,1,10,2025,2,1,,,9757
8440099,1,2,1,10,2025,2,48,9.0,2000000.0,9759
8440099,1,3,1,10,2025,2,26,10.0,1423500.0,9760
8440099,1,4,1,10,2025,1,20,10.0,,9761
8440100,1,2,1,10,2025,2,31,10.0,,9764
8440101,1,2,1,10,2025,2,29,5.0,1423500.0,9768
8440105,1,1,1,10,2025,1,38,4.0,1500000.0,9775
8440106,1,2,1,10,2025,2,44,10.0,,9777
8440106,1,4,1,10,2025,2,16,6.0,,9779
8440108,1,1,1,10,2025,1,40,5.0,1423500.0,9782
8440108,1,2,1,10,2025,2,24,5.0,,9783
8440109,1,1,1,10,2025,1,52,3.0,1000000.0,9786
8440112,1,1,1,10,2025,1,54,4.0,,9791
8440113,1,1,1,10,2025,2,82,5.0,,9793
8440114,1,1,1,10,2025,1,49,4.0,,9795
8440115,1,1,1,10,2025,1,57,5.0,800000.0,9799
8440115,1,3,1,10,2025,1,71,3.0,,9801
8440118,1,2,1,10,2025,2,81,3.0,,9805
8440120,1,1,1,10,2025,1,76,3.0,200000.0,9809
8440121,1,2,1,10,2025,2,44,5.0,1080000.0,9811
8440121,1,3,1,10,2025,1,12,4.0,,9812
8440125,1,1,1,10,2025,1,66,3.0,1400000.0,9822
8440125,1,2,1,10,2025,2,76,3.0,,9823
8440126,1,1,1,10,2025,1,24,5.0,2100000.0,9825
8440126,1,2,1,10,2025,2,28,5.0,,9826
8440126,1,3,1,10,2025,2,7,3.0,,9827
8440127,1,2,1,10,2025,1,31,5.0,1500000.0,9829
8440127,1,5,1,10,2025,2,6,3.0,,9832
8440128,1,1,1,10,2025,2,48,5.0,900000.0,9833
8440128,1,3,1,10,2025,2,12,4.0,,9835
8440129,1,5,1,10,2025,1,12,4.0,,9841
8440131,1,2,1,10,2025,2,31,6.0,1200000.0,9843
8440132,1,1,1,10,2025,1,81,6.0,,9844
8440136,1,1,1,10,2025,1,57,9.0,,9848
8440136,1,2,1,10,2025,2,55,10.0,5200000.0,9849
8440136,1,3,1,10,2025,2,21,10.0,,9850
8440138,1,3,1,10,2025,1,10,3.0,,9855
8440139,1,1,1,10,2025,2,75,10.0,,9857
8440139,1,2,1,10,2025,2,42,10.0,500000.0,9858
8440143,1,1,1,10,2025,2,30,10.0,,9864
8440143,1,2,1,10,2025,2,9,3.0,,9865
8440144,1,1,1,10,2025,1,40,8.0,3700000.0,9869
8440146,1,1,1,10,2025,2,75,10.0,,9874
8440147,1,2,1,10,2025,2,50,5.0,,9878
8440148,1,2,1,10,2025,2,51,4.0,,9880
8440148,1,3,1,10,2025,1,20,9.0,,9881
8440151,1,1,1,10,2025,1,42,10.0,3880000.0,9890
8440152,1,2,1,10,2025,2,51,9.0,100000.0,9892
8440155,1,3,1,10,2025,2,42,4.0,1423500.0,9897
8440156,1,3,1,10,2025,1,12,4.0,,9900
8440161,1,1,1,10,2025,2,65,3.0,600000.0,9905
8440162,1,1,1,10,2025,1,72,3.0,,9906
8440163,1,1,1,10,2025,2,44,8.0,650000.0,9908
8440163,1,2,1,10,2025,2,15,5.0,,9909
8440164,1,1,1,10,2025,1,37,5.0,1900000.0,9910
8440164,1,3,1,10,2025,2,1,,,9912
8440165,1,1,1,10,2025,1,55,5.0,380000.0,9913
8440166,1,1,1,10,2025,1,55,5.0,1000000.0,9915
8440168,1,1,1,10,2025,2,27,5.0,1423500.0,9917
8440170,1,1,1,10,2025,1,68,3.0,,9921
8440170,1,2,1,10,2025,2,64,4.0,,9922
8440171,1,1,1,10,2025,2,42,5.0,580000.0,9923
8440171,1,2,1,10,2025,2,45,5.0,1423500.0,9924
8440174,1,2,1,10,2025,1,58,3.0,1000000.0,9929
8440177,1,3,1,10,2025,2,34,1.0,,9936
8440178,1,2,1,10,2025,1,10,3.0,,9939
8440180,1,1,1,10,2025,1,40,10.0,2200000.0,9940
8440180,1,3,1,10,2025,2,15,4.0,,9942
8440182,1,5,1,10,2025,2,8,3.0,,9948
8440184,1,2,1,10,2025,2,31,8.0,,9952
8440185,1,2,1,10,2025,2,20,8.0,,9956
8440186,1,3,1,10,2025,1,26,5.0,1425000.0,9959
8440187,1,1,1,10,2025,2,37,10.0,4200000.0,9961
8440187,1,2,1,10,2025,1,38,5.0,3000000.0,9962
8440190,1,1,1,10,2025,1,24,5.0,1423500.0,9969
8440194,1,1,1,10,2025,1,33,5.0,1423000.0,9976
8440194,1,2,1,10,2025,2,31,9.0,1423000.0,9977
8440195,1,2,1,10,2025,2,14,4.0,,9979
8440196,1,1,1,10,2025,1,25,8.0,1423000.0,9980
8440197,1,1,1,10,2025,2,78,3.0,,9981
8440198,1,1,1,10,2025,1,60,9.0,,9982
8440200,1,1,1,10,2025,1,55,4.0,500000.0,9985
8440202,1,1,1,10,2025,2,60,5.0,,9989
8440203,1,4,1,10,2025,1,18,4.0,1600000.0,9993
8440204,1,2,1,10,2025,2,6,3.0,,9995
8440204,1,4,1,10,2025,2,3,2.0,,9997
8440205,1,1,1,10,2025,2,26,5.0,1400000.0,9998
8440205,1,3,1,10,2025,1,8,3.0,,10000
8440207,1,2,1,10,2025,1,37,9.0,4500000.0,10002
8440210,1,1,1,10,2025,1,42,10.0,1400000.0,10007
8440211,1,2,1,10,2025,2,68,10.0,,10009
8440211,1,4,1,10,2025,2,29,10.0,,10011
8440213,1,3,1,10,2025,2,15,4.0,,10017
8440213,1,4,1,10,2025,2,10,3.0,,10018
8440215,1,3,1,10,2025,1,31,10.0,1800000.0,10022
8440216,1,3,1,10,2025,2,86,3.0,,10025
8440217,1,1,1,10,2025,1,56,10.0,5500000.0,10026
8440218,1,2,1,10,2025,1,30,10.0,,10029
8440221,1,1,1,10,2025,2,60,3.0,,10035
8440222,1,1,1,10,2025,2,61,11.0,10000000.0,10037
8440222,1,4,1,10,2025,2,5,2.0,,10040
8440225,1,3,1,10,2025,2,82,3.0,,10050
8440225,1,4,1,10,2025,1,45,3.0,,10051
8440228,1,1,1,10,2025,2,43,3.0,,10054
8440235,1,2,1,10,2025,1,31,4.0,1600000.0,10065
8440235,1,4,1,10,2025,2,8,3.0,,10067
8440235,1,5,1,10,2025,1,2,,,10068
8440236,1,1,1,10,2025,1,33,5.0,2000000.0,10069
8440236,1,2,1,10,2025,2,26,5.0,400000.0,10070
8440238,1,2,1,10,2025,2,73,5.0,,10074
8440239,1,1,1,10,2025,2,35,5.0,2000000.0,10076
8440239,1,3,1,10,2025,2,14,4.0,,10078
8440241,1,1,1,10,2025,1,41,6.0,1400000.0,10082
8440241,1,2,1,10,2025,2,16,4.0,,10083
8440242,1,1,1,10,2025,2,64,10.0,,10086
8440244,1,3,1,10,2025,1,22,5.0,,10091
8440245,1,2,1,10,2025,1,33,3.0,2100000.0,10094
8440248,1,2,1,10,2025,1,31,10.0,5700000.0,10099
8440249,1,2,1,10,2025,1,46,3.0,,10101
8440251,1,2,1,10,2025,2,42,10.0,,10107
8440251,1,3,1,10,2025,2,19,10.0,,10108
8440252,1,1,1,10,2025,1,65,11.0,,10110
8440252,1,2,1,10,2025,2,52,11.0,20000000.0,10111
8440253,1,1,1,10,2025,1,82,3.0,,10113
8440257,1,3,1,10,2025,1,16,5.0,,10120
8440258,1,1,1,10,2025,1,18,4.0,1424000.0,10121
8440260,1,1,1,10,2025,2,48,10.0,10000000.0,10127
8440262,1,1,1,10,2025,1,63,10.0,,10133
8440264,1,2,1,10,2025,2,36,8.0,,10141
8440265,1,1,1,10,2025,1,60,11.0,,10143
8440265,1,2,1,10,2025,2,64,12.0,,10144
8440266,1,2,1,10,2025,2,81,10.0,,10146
8440268,1,4,1,10,2025,2,4,1.0,,10152
8440268,1,6,1,10,2025,1,14,4.0,,10154
8440269,1,1,1,10,2025,1,59,10.0,,10155
8440271,1,1,1,10,2025,2,67,10.0,,10159
8440272,1,1,1,10,2025,2,55,11.0,3000000.0,10162
8440272,1,2,1,10,2025,2,30,10.0,3500000.0,10163
8440274,1,1,1,10,2025,1,39,5.0,1423500.0,10168
8440274,1,4,1,10,2025,1,0,,,10171
8440275,1,2,1,10,2025,1,9,3.0,,10173
8440276,1,1,1,10,2025,2,84,5.0,,10174
8440276,1,2,1,10,2025,2,51,3.0,1424000.0,10175
8440279,1,1,1,10,2025,2,54,3.0,400000.0,10177
8440279,1,2,1,10,2025,1,25,3.0,,10178
8440279,1,4,1,10,2025,2,15,4.0,,10180
8440281,1,2,1,10,2025,2,33,10.0,,10182
8440283,1,2,1,10,2025,1,35,4.0,100000.0,10188
8440284,1,1,1,10,2025,2,58,8.0,,10189
8440285,1,2,1,10,2025,1,34,5.0,1400000.0,10192
8440286,1,2,1,10,2025,1,40,4.0,1900000.0,10198
8440290,1,1,1,10,2025,2,28,3.0,240000.0,10206
8440291,1,1,1,10,2025,1,48,3.0,1200000.0,10208
8440294,1,4,1,10,2025,2,14,4.0,,10223
8440295,1,1,1,10,2025,2,38,8.0,,10224
8440295,1,2,1,10,2025,1,50,8.0,1423500.0,10225
8440295,1,3,1,10,2025,1,7,3.0,,10226
8440296,1,1,1,10,2025,2,67,4.0,,10227
8440296,1,3,1,10,2025,2,17,5.0,,10229
8440299,1,1,1,10,2025,2,33,5.0,700000.0,10236
8440299,1,2,1,10,2025,1,35,1.0,1000000.0,10237
8440303,1,4,1,10,2025,2,14,4.0,,10248
8440305,1,2,1,10,2025,1,34,5.0,1423000.0,10254
8440305,1,4,1,10,2025,2,24,9.0,,10256
8440306,1,2,1,10,2025,2,52,5.0,2000000.0,10258
8440307,1,1,1,10,2025,2,51,11.0,4200000.0,10259
8440307,1,2,1,10,2025,1,25,5.0,2000000.0,10260
8440307,1,3,1,10,2025,2,21,10.0,,10261
8440310,1,1,1,10,2025,2,63,10.0,,10267
8440310,1,3,1,10,2025,1,26,6.0,1423500.0,10269
8440313,1,1,1,10,2025,2,44,5.0,1500000.0,10271
8440313,1,4,1,10,2025,2,9,3.0,,10274
8440319,1,2,1,10,2025,2,49,3.0,,10280
8440323,1,1,1,10,2025,1,66,5.0,3000000.0,10285
8440325,1,1,1,10,2025,1,55,5.0,1600000.0,10289
8440326,1,1,1,10,2025,1,73,3.0,,10291
8440331,1,1,1,10,2025,1,63,12.0,,10295
8440331,1,2,1,10,2025,2,59,11.0,,10296
8440331,1,4,1,10,2025,2,45,8.0,1450000.0,10298
8440332,1,1,1,10,2025,2,27,10.0,4600000.0,10299
8440334,1,2,1,10,2025,2,47,5.0,1600000.0,10301
8440335,1,1,1,10,2025,2,27,9.0,1800000.0,10303
8440336,1,4,1,10,2025,1,1,,,10308
8440340,1,3,1,10,2025,1,4,2.0,,10318
8440342,1,3,1,10,2025,1,14,4.0,,10326
8440343,1,1,1,10,2025,2,51,5.0,1423500.0,10329
8440345,1,3,1,10,2025,2,61,5.0,,10335
8440346,1,1,1,10,2025,2,33,8.0,650000.0,10337
8440346,1,3,1,10,2025,2,15,4.0,,10339
8440347,1,2,1,10,2025,2,62,5.0,,10341
8440350,1,1,1,10,2025,2,52,9.0,2700000.0,10348
8440350,1,4,1,10,2025,2,38,5.0,,10351
8440355,1,1,1,10,2025,1,34,8.0,1900000.0,10360
8440355,1,2,1,10,2025,2,23,5.0,,10361
8440356,1,2,1,10,2025,2,93,3.0,,10364
8440357,1,2,1,10,2025,1,65,4.0,1423500.0,10367
8440358,1,1,1,10,2025,2,63,1.0,1700000.0,10368
8440359,1,1,1,10,2025,2,33,5.0,1600000.0,10370
8440361,1,1,1,10,2025,2,37,5.0,2000000.0,10372
8440362,1,1,1,10,2025,2,62,4.0,,10374
8440362,1,4,1,10,2025,1,15,5.0,,10377
8440364,1,2,1,10,2025,1,26,4.0,2000000.0,10383
8440368,1,1,1,10,2025,2,28,5.0,2000000.0,10389
8440369,1,2,1,10,2025,2,31,10.0,2100000.0,10392
8440369,1,3,1,10,2025,2,14,4.0,,10393
8440373,1,1,1,10,2025,2,76,10.0,,10404
8440374,1,1,1,10,2025,2,69,10.0,,10405
8440375,1,2,1,10,2025,1,42,8.0,1400000.0,10407
8440376,1,2,1,10,2025,2,20,5.0,,10409
8440377,1,3,1,10,2025,1,6,3.0,,10413
8440378,1,1,1,10,2025,2,63,5.0,,10414
8440378,1,2,1,10,2025,1,37,10.0,5500000.0,10415
8440379,1,1,1,10,2025,1,90,3.0,,10416
8440379,1,3,1,10,2025,2,56,3.0,,10418
8440379,1,5,1,10,2025,1,11,4.0,,10420
8440383,1,1,1,10,2025,2,65,3.0,,10425
8440384,1,3,1,10,2025,2,16,4.0,,10429
8440385,1,1,1,10,2025,1,72,5.0,,10431
8440387,1,1,1,10,2025,2,67,3.0,,10437
8440391,1,1,1,10,2025,1,33,10.0,2500000.0,10445
8440393,1,1,1,10,2025,2,38,8.0,1800000.0,10447
8440394,1,2,1,10,2025,1,70,3.0,4000000.0,10451
8440395,1,1,1,10,2025,1,40,5.0,2600000.0,10452
8440400,1,1,1,10,2025,2,49,5.0,,10461
8440401,1,1,1,10,2025,2,86,3.0,,10465
8440405,1,1,1,10,2025,2,32,8.0,1700000.0,10468
8440413,1,1,1,10,2025,2,27,5.0,1800000.0,10483
8440417,1,2,1,10,2025,2,62,3.0,,10488
8440417,1,3,1,10,2025,1,37,5.0,1500000.0,10489
8440419,1,2,1,10,2025,1,37,5.0,1100000.0,10494
8440423,2,2,2,10,2025,1,11,4.0,,10499
8440429,1,3,1,10,2025,2,43,8.0,1500000.0,10512
8440430,1,1,1,10,2025,1,36,5.0,1800000.0,10513
8440430,1,2,1,10,2025,2,22,3.0,,10514
8440434,1,2,1,10,2025,2,11,4.0,,10519
8440438,1,1,1,10,2025,1,77,3.0,,10522
8440440,1,1,1,10,2025,1,47,6.0,,10523
8440440,1,4,1,10,2025,1,10,3.0,,10526
8440441,1,2,1,10,2025,2,40,8.0,,10528
8440443,1,3,1,10,2025,1,19,4.0,,10535
8440445,1,2,1,10,2025,1,22,6.0,,10538
8440445,1,3,1,10,2025,2,16,6.0,,10539
8440446,1,1,1,10,2025,2,49,3.0,1423500.0,10541
8440450,1,1,1,10,2025,2,30,9.0,1423500.0,10550
8440450,1,2,1,10,2025,1,31,10.0,,10551
8440450,1,3,1,10,2025,2,10,3.0,,10552
8440451,1,2,1,10,2025,2,0,,,10554
8440452,1,1,1,10,2025,2,60,9.0,,10555
8440453,1,1,1,10,2025,2,53,8.0,3000000.0,10556
8440454,1,2,1,10,2025,1,53,3.0,700000.0,10559
8440456,1,4,1,10,2025,1,9,3.0,,10566
8440457,1,1,1,10,2025,2,28,6.0,,10567
8440459,1,1,1,10,2025,1,60,4.0,700000.0,10570
8440461,1,3,1,10,2025,1,0,,,10578
8440462,1,1,1,10,2025,2,21,6.0,600000.0,10579
8440462,1,2,1,10,2025,2,18,4.0,,10580
8440462,1,3,1,10,2025,1,33,8.0,1900000.0,10581
8440464,1,1,1,10,2025,2,51,6.0,1150000.0,10582
8440465,1,1,1,10,2025,2,42,10.0,300000.0,10583
8440467,1,1,1,10,2025,1,62,9.0,3000000.0,10587
8440468,1,4,1,10,2025,1,2,,,10591
8440471,1,1,1,10,2025,1,46,6.0,700000.0,10598
8440473,1,1,1,10,2025,1,29,4.0,700000.0,10599
8440475,1,3,1,10,2025,1,8,3.0,,10608
8440477,1,1,1,10,2025,1,60,4.0,3000000.0,10612
8440477,1,2,1,10,2025,2,59,6.0,,10613
8440478,1,2,1,10,2025,1,33,4.0,600000.0,10616
8440479,1,1,1,10,2025,2,52,6.0,,10617
8440479,1,2,1,10,2025,1,15,6.0,,10618
8440480,1,1,1,10,2025,2,40,4.0,1423500.0,10620
8440480,1,2,1,10,2025,2,23,10.0,,10621
8440482,1,3,1,10,2025,1,27,8.0,,10626
8440485,1,1,1,10,2025,2,40,10.0,2800000.0,10634
8440486,1,1,1,10,2025,1,47,9.0,2100000.0,10638
8440486,1,3,1,10,2025,1,16,6.0,,10640
8440489,1,2,1,10,2025,2,56,10.0,2800000.0,10645
8440493,1,1,1,10,2025,2,54,5.0,920000.0,10653
8440493,1,2,1,10,2025,1,19,10.0,,10654
8440495,1,2,1,10,2025,2,48,5.0,1523500.0,10662
8440496,1,1,1,10,2025,1,85,3.0,,10663
8440497,1,2,1,10,2025,2,67,5.0,,10665
8440498,1,1,1,10,2025,1,39,5.0,,10667
8440499,1,1,1,10,2025,1,79,8.0,,10668
8440499,1,2,1,10,2025,2,70,5.0,,10669
8440500,1,1,1,10,2025,2,28,5.0,1200000.0,10671
8440501,1,2,1,10,2025,1,27,6.0,,10676
8440502,1,1,1,10,2025,2,70,5.0,,10677
8440503,1,2,1,10,2025,2,72,3.0,,10683
8440504,1,3,1,10,2025,1,11,3.0,,10686
8440506,1,3,1,10,2025,2,61,5.0,,10692
8440509,1,1,1,10,2025,2,33,5.0,,10695
8440510,1,1,1,10,2025,1,24,5.0,900000.0,10699
8440512,1,1,1,10,2025,1,20,5.0,800000.0,10701
8440513,1,2,1,10,2025,2,14,4.0,,10703
8440518,1,2,1,10,2025,2,31,6.0,2800000.0,10711
8440518,1,3,1,10,2025,1,9,3.0,,10712
8440519,1,1,1,10,2025,2,31,10.0,,10714
8440519,1,3,1,10,2025,2,9,3.0,,10716
8440521,1,1,1,10,2025,1,75,3.0,120000.0,10721
8440522,1,2,1,10,2025,1,57,3.0,,10724
8440523,1,1,1,10,2025,1,48,10.0,13000000.0,10725
8440523,1,2,1,10,2025,2,37,10.0,1000000.0,10726
8440524,1,1,1,10,2025,2,31,10.0,4400000.0,10727
8440525,1,4,1,10,2025,1,9,3.0,,10731
8440527,1,1,1,10,2025,2,67,3.0,,10734
8440527,1,3,1,10,2025,2,71,3.0,,10736
8440531,1,1,1,10,2025,2,61,11.0,,10745
8440531,1,2,1,10,2025,2,34,12.0,2600000.0,10746
8440535,1,2,1,10,2025,2,19,5.0,1000000.0,10755
8440537,1,2,1,10,2025,2,78,7.0,,10759
8440538,1,2,1,10,2025,2,42,9.0,1200000.0,10761
8440539,1,1,1,10,2025,1,51,10.0,3500000.0,10762
8440539,1,2,1,10,2025,1,84,10.0,,10763
8440539,1,3,1,10,2025,2,81,12.0,,10764
8440540,1,1,1,10,2025,2,27,5.0,,10765
8440541,1,1,1,10,2025,2,47,10.0,4000000.0,10769
8440541,1,2,1,10,2025,1,16,5.0,,10770
8440541,1,4,1,10,2025,2,32,10.0,2000000.0,10772
8440544,1,2,1,10,2025,2,15,4.0,,10779
8440547,1,1,1,10,2025,1,56,12.0,5694000.0,10783
8440547,1,2,1,10,2025,2,56,11.0,,10784
8440547,1,3,1,10,2025,1,23,10.0,2500000.0,10785
8440548,1,1,1,10,2025,1,54,10.0,2500000.0,10786
8440548,1,3,1,10,2025,1,22,10.0,,10788
8440550,1,1,1,10,2025,2,63,5.0,,10791
8440551,1,2,1,10,2025,2,38,10.0,3000000.0,10794
8440554,1,1,1,10,2025,1,54,12.0,4000000.0,10800
8440554,1,3,1,10,2025,1,14,4.0,,10802
8440555,1,4,1,10,2025,1,8,3.0,,10806
8440556,1,3,1,10,2025,1,15,4.0,,10809
8440558,1,1,1,10,2025,2,53,5.0,3800000.0,10814
8440559,1,1,1,10,2025,2,69,5.0,,10816
8440560,1,1,1,10,2025,2,43,11.0,4000000.0,10818
8440561,1,1,1,10,2025,2,53,10.0,2800000.0,10822
8440562,1,3,1,10,2025,1,29,10.0,1930000.0,10827
8440563,1,1,1,10,2025,2,73,3.0,,10828
8440564,1,2,1,10,2025,2,41,5.0,100000.0,10832
8440564,1,4,1,10,2025,1,15,4.0,100000.0,10834
8440566,1,3,1,10,2025,2,14,4.0,,10839
8440567,1,2,1,10,2025,2,29,5.0,,10842
8440567,1,4,1,10,2025,2,0,,,10844
8440568,1,1,1,10,2025,2,56,5.0,2700000.0,10845
8440569,1,1,1,10,2025,2,38,3.0,1560000.0,10846
8440569,1,4,1,10,2025,1,11,4.0,,10849
8440571,1,3,1,10,2025,2,71,1.0,,10855
8440572,1,1,1,10,2025,2,46,3.0,720000.0,10858
8440572,1,3,1,10,2025,1,27,3.0,1500000.0,10860
8440574,1,3,1,10,2025,1,65,3.0,1400000.0,10865
8440576,1,6,1,10,2025,1,4,1.0,,10876
8440578,1,1,1,10,2025,2,36,3.0,740000.0,10883
8440579,1,1,1,10,2025,1,80,1.0,,10887
8440579,1,2,1,10,2025,1,52,3.0,300000.0,10888
8440580,1,2,1,10,2025,2,43,5.0,,10892
8440580,1,3,1,10,2025,1,19,5.0,400000.0,10893
8440581,1,2,1,10,2025,1,31,4.0,1500000.0,10896
8440581,1,6,1,10,2025,1,27,4.0,,10900
8440582,1,3,1,10,2025,1,22,10.0,,10903
8440583,1,1,1,10,2025,2,65,3.0,400000.0,10904
8440584,1,1,1,10,2025,1,36,5.0,400000.0,10905
8440584,1,2,1,10,2025,2,45,4.0,,10906
8440585,1,1,1,10,2025,1,33,5.0,1550000.0,10910
8440586,1,1,1,10,2025,1,63,3.0,,10913
8440588,1,3,1,10,2025,1,25,3.0,,10920
8440588,1,5,1,10,2025,1,18,5.0,400000.0,10922
8440588,1,6,1,10,2025,2,32,8.0,1423500.0,10923
8440588,1,7,1,10,2025,1,11,4.0,,10924
8440588,1,8,1,10,2025,2,5,2.0,,10925
8440589,1,3,1,10,2025,1,14,4.0,,10928
8440590,1,1,1,10,2025,1,57,5.0,1800000.0,10929
8440590,1,3,1,10,2025,1,11,3.0,,10931
8440591,1,1,1,10,2025,2,41,3.0,,10933
8440591,1,2,1,10,2025,1,33,5.0,1423500.0,10934
8440593,1,1,1,10,2025,2,62,3.0,,10937
8440595,1,1,1,10,2025,1,56,4.0,500000.0,10941
8440596,1,1,1,10,2025,1,50,5.0,2000000.0,10942
8440597,1,1,1,10,2025,1,49,3.0,1423500.0,10946
8440598,1,1,1,10,2025,2,35,5.0,,10948
8440599,1,2,1,10,2025,1,63,3.0,1423500.0,10952
8440599,1,3,1,10,2025,1,31,3.0,1000000.0,10953
8440601,1,1,1,10,2025,2,58,3.0,520000.0,10961
8440610,1,2,1,10,2025,2,56,10.0,3500000.0,10978
8440611,1,2,1,10,2025,2,64,5.0,,10983
8440612,1,1,1,10,2025,1,57,10.0,,10984
8440612,1,2,1,10,2025,2,54,5.0,,10985
8440613,1,1,1,10,2025,2,30,5.0,1200000.0,10987
8440613,1,3,1,10,2025,2,3,1.0,,10989
8440615,1,3,1,10,2025,1,0,,,10996
8440615,2,1,2,10,2025,2,58,3.0,1923500.0,10997
8440615,3,1,3,10,2025,2,38,6.0,1423500.0,10999
8440616,1,1,1,10,2025,1,24,10.0,,11001
8440617,1,1,1,10,2025,2,66,9.0,500000.0,11004
8440621,1,5,1,10,2025,2,7,3.0,,11016
8440622,1,2,1,10,2025,1,61,3.0,1423500.0,11018
8440624,1,1,1,10,2025,1,57,5.0,1850000.0,11022
8440624,1,3,1,10,2025,1,33,5.0,,11024
8440624,1,4,1,10,2025,1,7,3.0,,11025
8440625,1,1,1,10,2025,1,67,5.0,14400000.0,11027
8440626,1,1,1,10,2025,2,73,3.0,,11030
8440626,1,2,1,10,2025,2,22,10.0,,11031
8440627,1,3,1,10,2025,1,35,5.0,,11034
8440628,1,2,1,10,2025,2,55,4.0,,11036
8440628,1,3,1,10,2025,2,6,3.0,,11037
8440629,1,3,1,10,2025,2,20,5.0,1240000.0,11040
8440631,1,1,1,10,2025,1,39,10.0,5188000.0,11044
8440633,1,1,1,10,2025,1,34,10.0,7000000.0,11050
8440635,1,4,1,10,2025,1,50,1.0,1423500.0,11057
8440636,1,4,1,10,2025,1,18,5.0,,11061
8440637,1,2,1,10,2025,1,49,5.0,1500000.0,11063
8440637,1,5,1,10,2025,1,3,1.0,,11066
8440638,1,2,1,10,2025,1,12,4.0,,11068
8440640,1,1,1,10,2025,1,19,10.0,1423000.0,11073
8440644,1,2,1,10,2025,2,34,5.0,,11082
8440645,1,1,1,10,2025,2,39,5.0,,11084
8440646,1,2,1,10,2025,2,26,5.0,2000000.0,11088
8440646,1,3,1,10,2025,2,24,5.0,1879500.0,11089
8440648,1,3,1,10,2025,1,24,3.0,,11093
8440649,1,3,1,10,2025,1,33,8.0,1473000.0,11096
8440650,1,3,1,10,2025,2,19,5.0,1223000.0,11099
8440652,1,2,1,10,2025,1,48,3.0,1400000.0,11103
8440653,1,1,1,10,2025,1,72,4.0,300000.0,11105
8440655,1,1,1,10,2025,2,64,5.0,300000.0,11110
8440655,1,2,1,10,2025,1,62,3.0,600000.0,11111
8440655,1,3,1,10,2025,1,8,3.0,,11112
8440659,1,1,1,10,2025,2,43,10.0,23200000.0,11122
8440659,1,2,1,10,2025,1,46,5.0,,11123
8440660,1,1,1,10,2025,2,33,10.0,2300000.0,11125
8440661,1,1,1,10,2025,2,62,3.0,,11127
8440665,1,1,1,10,2025,2,44,10.0,6000000.0,11136
8440665,1,4,1,10,2025,2,57,3.0,300000.0,11139
8440666,1,4,1,10,2025,2,64,4.0,800000.0,11144
8440667,1,2,1,10,2025,1,16,5.0,,11146
8440668,1,2,1,10,2025,2,55,4.0,,11148
8440669,1,2,1,10,2025,2,64,8.0,1423500.0,11150
8440669,1,3,1,10,2025,2,29,8.0,,11151
8440669,1,4,1,10,2025,1,14,4.0,,11152
8440669,1,5,1,10,2025,1,1,,,11153
8440670,1,1,1,10,2025,2,46,8.0,1423500.0,11154
8440673,1,1,1,10,2025,2,38,5.0,2000000.0,11160
8440674,1,3,1,10,2025,1,68,5.0,,11164
8440674,1,4,1,10,2025,2,72,10.0,,11165
8440676,1,4,1,10,2025,1,13,4.0,,11170
8440678,1,2,1,10,2025,2,37,11.0,6980000.0,11174
8440682,1,1,1,10,2025,1,61,11.0,6600000.0,11180
8440700,1,1,1,10,2025,1,58,4.0,200000.0,11182
8440702,1,1,1,10,2025,1,66,3.0,700000.0,11187
8440704,1,2,1,10,2025,2,24,5.0,710000.0,11195
8440705,1,1,1,10,2025,2,93,3.0,,11196
8440705,1,2,1,10,2025,2,32,4.0,,11197
8440705,1,4,1,10,2025,1,12,4.0,,11199
8440706,1,1,1,10,2025,1,31,10.0,1423500.0,11202
8440706,1,3,1,10,2025,1,1,,,11204
8440707,1,1,1,10,2025,1,65,3.0,1850000.0,11206
8440707,1,6,1,10,2025,1,1,,,11211
8440708,1,1,1,10,2025,1,75,8.0,,11212
8440708,1,3,1,10,2025,1,83,3.0,,11214
8440708,1,4,1,10,2025,1,60,3.0,800000.0,11215
8440711,1,1,1,10,2025,2,40,5.0,,11222
8440711,1,3,1,10,2025,2,3,1.0,,11224
8440711,1,6,1,10,2025,2,19,5.0,,11227
8440713,1,3,1,10,2025,1,17,5.0,,11232
8440715,1,2,1,10,2025,1,77,5.0,,11241
8440716,1,1,1,10,2025,2,88,1.0,,11242
8440716,1,2,1,10,2025,2,70,6.0,100000.0,11243
8440717,1,1,1,10,2025,2,18,5.0,,11246
8440718,1,1,1,10,2025,2,57,3.0,800000.0,11247
8440719,1,2,1,10,2025,2,43,10.0,,11250
8440720,1,1,1,10,2025,1,71,11.0,,11251
8440723,1,1,1,10,2025,2,63,4.0,,11258
8440724,1,1,1,10,2025,1,51,4.0,1850000.0,11259
8440726,1,1,1,10,2025,1,71,10.0,,11260
8440728,1,2,1,10,2025,2,95,3.0,,11266
8440729,1,2,1,10,2025,2,49,1.0,,11268
8440729,1,4,1,10,2025,1,22,10.0,,11270
8440732,1,1,1,10,2025,1,67,5.0,1600000.0,11277
8440732,1,4,1,10,2025,2,37,8.0,1423500.0,11280
8440732,1,5,1,10,2025,1,19,5.0,,11281
8440734,1,2,1,10,2025,2,18,9.0,,11288
8440735,1,2,1,10,2025,2,76,3.0,,11291
8440735,1,3,1,10,2025,1,38,5.0,1423500.0,11292
8440736,1,1,1,10,2025,2,79,3.0,,11293
8440736,1,3,1,10,2025,1,83,3.0,,11295
8440740,1,3,1,10,2025,2,5,2.0,,11302
8440741,1,5,1,10,2025,1,10,3.0,,11309
8440742,1,1,1,10,2025,1,57,9.0,,11310
8440743,1,1,1,10,2025,1,61,5.0,1700000.0,11314
8440744,1,2,1,10,2025,2,65,5.0,,11319
8440744,1,3,1,10,2025,2,23,1.0,,11320
8440746,1,1,1,10,2025,2,57,5.0,150000.0,11322
8440748,1,1,1,10,2025,1,47,3.0,2000000.0,11329
8440748,1,4,1,10,2025,1,9,3.0,,11332
8440752,1,1,1,10,2025,1,45,5.0,,11339
8440753,1,2,1,10,2025,2,34,9.0,150000.0,11341
8440754,1,1,1,10,2025,1,62,5.0,480000.0,11344
8440754,1,3,1,10,2025,2,40,9.0,1623500.0,11346
8440754,1,5,1,10,2025,2,17,5.0,,11348
8440755,1,1,1,10,2025,2,32,5.0,300000.0,11349
8440755,1,2,1,10,2025,1,3,1.0,,11350
8440758,1,1,1,10,2025,1,60,5.0,720000.0,11351
8440758,1,2,1,10,2025,2,58,5.0,,11352
8440758,1,3,1,10,2025,2,33,12.0,,11353
8440759,1,3,1,10,2025,1,31,5.0,620000.0,11356
8440765,1,2,1,10,2025,2,63,5.0,,11369
8440768,1,2,1,10,2025,2,36,11.0,2000000.0,11373
8440768,1,3,1,10,2025,2,10,3.0,,11374
8440769,1,1,1,10,2025,1,35,10.0,1800000.0,11375
8440772,1,1,1,10,2025,1,75,3.0,450000.0,11385
8440772,1,4,1,10,2025,1,20,10.0,,11388
8440773,1,1,1,10,2025,1,50,3.0,,11391
8440773,1,2,1,10,2025,2,59,5.0,100000.0,11392
8440776,1,3,1,10,2025,2,14,4.0,,11400
8440776,1,4,1,10,2025,2,52,5.0,800000.0,11401
8440779,1,2,1,10,2025,1,68,9.0,,11404
8440781,1,2,1,10,2025,1,18,10.0,,11407
8440781,1,3,1,10,2025,2,50,5.0,350000.0,11408
8440787,1,2,1,10,2025,1,30,5.0,2000000.0,11424
8440787,1,3,1,10,2025,1,10,4.0,,11425
8440788,1,2,1,10,2025,1,66,1.0,600000.0,11427
8440789,1,3,1,10,2025,1,4,2.0,,11430
8440790,1,1,1,10,2025,1,67,4.0,300000.0,11431
8440791,1,1,1,10,2025,2,47,3.0,750000.0,11432
8440792,1,1,1,10,2025,1,59,3.0,1423500.0,11433
8440793,1,3,1,10,2025,1,29,5.0,400000.0,11439
8440794,1,3,1,10,2025,1,15,4.0,,11442
8440795,1,2,1,10,2025,1,3,1.0,,11446
8440796,1,3,1,10,2025,2,0,,,11449
8440797,1,1,1,10,2025,1,52,3.0,430000.0,11450
8440799,1,2,1,10,2025,1,36,5.0,1400000.0,11458
8440800,1,2,1,10,2025,2,13,4.0,,11463
8440800,1,3,1,10,2025,1,29,5.0,600000.0,11464
8440801,1,1,1,10,2025,1,47,5.0,500000.0,11467
8440801,1,4,1,10,2025,2,21,5.0,,11470
8440801,1,5,1,10,2025,1,19,5.0,,11471
8440801,1,6,1,10,2025,2,15,5.0,,11472
8440806,1,3,1,10,2025,1,13,4.0,,11481
8440808,1,1,1,10,2025,1,69,5.0,1400000.0,11483
8440808,1,3,1,10,2025,2,92,3.0,,11485
8440809,1,1,1,10,2025,2,92,1.0,,11486
8440809,1,3,1,10,2025,2,37,5.0,1200000.0,11488
8440809,1,5,1,10,2025,1,17,5.0,,11490
8440810,1,1,1,10,2025,1,62,4.0,1400000.0,11492
8440810,1,2,1,10,2025,2,61,5.0,1423500.0,11493
8440811,1,2,1,10,2025,2,8,3.0,,11498
8440811,1,3,1,10,2025,2,36,4.0,1200000.0,11499
8440814,1,1,1,10,2025,2,30,9.0,2000000.0,11502
8440814,1,4,1,10,2025,1,5,3.0,,11505
8440817,1,2,1,10,2025,2,59,11.0,,11507
8440819,1,1,1,10,2025,2,72,5.0,,11509
8440820,1,1,1,10,2025,1,55,5.0,2500000.0,11511
8440822,1,2,1,10,2025,1,45,10.0,2500000.0,11521
8440825,1,2,1,10,2025,2,39,4.0,400000.0,11525
8440827,1,2,1,10,2025,1,78,3.0,500000.0,11531
8440828,1,2,1,10,2025,2,60,5.0,200000.0,11535
8440830,1,2,1,10,2025,2,76,5.0,,11538
8440830,1,7,1,10,2025,1,72,5.0,,11543
8440831,1,3,1,10,2025,1,24,5.0,1525000.0,11546
8440831,1,4,1,10,2025,2,22,5.0,,11547
8440832,1,3,1,10,2025,2,40,5.0,1400000.0,11550
8440832,1,4,1,10,2025,1,16,5.0,,11551
8440834,1,5,1,10,2025,2,37,10.0,,11557
8440834,1,7,1,10,2025,2,4,2.0,,11559
8440837,1,1,1,10,2025,2,79,3.0,,11565
8440839,1,3,1,10,2025,1,9,3.0,,11573
8440842,1,2,1,10,2025,2,12,4.0,,11577
8440845,1,1,1,10,2025,1,49,3.0,255000.0,11580
8440845,1,2,1,10,2025,2,44,1.0,250000.0,11581
8440848,1,2,1,10,2025,1,35,5.0,2000000.0,11583
8440849,1,2,1,10,2025,2,27,5.0,,11585
8440852,1,3,1,10,2025,2,14,4.0,,11592
8440853,1,1,1,10,2025,1,81,4.0,,11593
8440855,1,1,1,10,2025,1,48,10.0,,11598
8440855,1,2,1,10,2025,1,25,10.0,,11599
8440855,1,3,1,10,2025,1,19,10.0,,11600
8440856,1,1,1,10,2025,2,42,5.0,,11602
8440860,1,2,1,10,2025,2,29,4.0,8000.0,11614
8440860,1,3,1,10,2025,2,10,3.0,,11615
8440861,1,1,1,10,2025,1,53,9.0,1500000.0,11618
8440862,1,1,1,10,2025,2,48,5.0,600000.0,11621
8440863,1,1,1,10,2025,2,45,8.0,1800000.0,11622
8440863,1,3,1,10,2025,1,20,8.0,,11624
8440863,1,5,1,10,2025,2,8,3.0,,11626
8440867,1,3,1,10,2025,1,13,4.0,,11633
8440867,1,6,1,10,2025,1,1,,,11636
8440869,1,2,1,10,2025,2,53,5.0,,11640
8440870,1,1,1,10,2025,1,56,3.0,1400000.0,11641
8440870,1,2,1,10,2025,2,56,3.0,,11642
8440872,1,2,1,10,2025,2,43,4.0,,11650
8440872,1,4,1,10,2025,2,11,4.0,,11652
8440873,1,1,1,10,2025,1,30,5.0,480000.0,11653
8440873,1,4,1,10,2025,2,51,3.0,270000.0,11656
8440875,1,1,1,10,2025,1,49,4.0,1120000.0,11657
8440875,1,2,1,10,2025,2,37,5.0,240000.0,11658
8440876,1,1,1,10,2025,2,82,1.0,,11661
8440876,1,3,1,10,2025,1,10,4.0,,11663
8440876,1,4,1,10,2025,1,27,10.0,1000000.0,11664
8440876,1,5,1,10,2025,2,26,10.0,1423500.0,11665
8440877,1,1,1,10,2025,2,68,3.0,,11667
8440877,1,3,1,10,2025,1,46,4.0,380000.0,11669
8440878,1,3,1,10,2025,1,17,10.0,,11674
8440878,1,5,1,10,2025,1,11,4.0,,11676
8440879,1,1,1,10,2025,1,65,5.0,,11678
8440879,1,2,1,10,2025,2,51,10.0,2600000.0,11679
8440880,1,3,1,10,2025,1,28,10.0,,11682
8440881,1,2,1,10,2025,2,52,3.0,,11684
8440881,1,4,1,10,2025,2,15,5.0,,11686
8440881,1,5,1,10,2025,1,6,3.0,,11687
8440882,1,1,1,10,2025,2,58,5.0,2000000.0,11688
8440883,1,3,1,10,2025,2,10,3.0,,11692
8440889,1,1,1,10,2025,2,60,5.0,,11697
8440893,1,1,1,10,2025,2,48,3.0,800000.0,11699
8440893,1,2,1,10,2025,1,19,5.0,1423500.0,11700
8440893,1,3,1,10,2025,1,14,4.0,,11701
8440899,1,1,1,10,2025,2,54,5.0,,11711
8440900,1,1,1,10,2025,2,31,10.0,1500000.0,11714
8440906,1,1,1,10,2025,1,52,5.0,1800000.0,11716
8440913,1,2,1,10,2025,2,15,4.0,,11718
8440918,1,1,1,10,2025,1,57,3.0,1500000.0,11727
8440919,1,1,1,10,2025,2,68,5.0,,11728
8440921,1,1,1,10,2025,1,51,9.0,1500000.0,11731
8440922,1,1,1,10,2025,1,60,5.0,,11735
8440922,1,2,1,10,2025,1,19,10.0,,11736
8440923,1,1,1,10,2025,2,82,3.0,,11738
8440924,1,1,1,10,2025,1,44,5.0,1423000.0,11740
8440924,1,3,1,10,2025,2,17,5.0,,11742
8440924,1,4,1,10,2025,2,2,,,11743
8440925,1,1,1,10,2025,2,31,10.0,1400000.0,11744
8440928,1,2,1,10,2025,1,54,5.0,1500000.0,11747
8440930,1,3,1,10,2025,1,23,8.0,,11753
8440930,1,4,1,10,2025,1,18,8.0,,11754
8440931,1,1,1,10,2025,1,42,3.0,1423500.0,11755
8440931,1,3,1,10,2025,2,2,,,11757
8440932,1,3,1,10,2025,2,2,,,11760
8440934,1,1,1,10,2025,2,56,5.0,,11761
8440935,1,2,1,10,2025,2,28,10.0,1423500.0,11764
8440936,1,2,1,10,2025,2,41,3.0,1050000.0,11767
8440937,1,2,1,10,2025,2,40,5.0,1423500.0,11769
8440943,1,1,1,10,2025,1,19,4.0,1423000.0,11779
8440943,1,3,1,10,2025,2,21,5.0,,11781
8440944,1,3,1,10,2025,1,12,4.0,,11785
8440948,1,2,1,10,2025,1,40,5.0,,11792
8440950,1,1,1,10,2025,1,76,4.0,200000.0,11793
8440951,1,1,1,10,2025,2,46,5.0,,11795
8440951,1,2,1,10,2025,2,21,10.0,,11796
8440956,1,2,1,10,2025,2,52,6.0,,11805
8440957,1,1,1,10,2025,2,75,3.0,,11806
8440958,1,2,1,10,2025,2,34,5.0,600000.0,11808
8440958,1,8,1,10,2025,2,70,1.0,,11814
8440960,1,1,1,10,2025,1,67,5.0,,11818
8440960,1,2,1,10,2025,2,71,3.0,,11819
8440962,1,2,1,10,2025,2,21,9.0,1500000.0,11822
8440968,1,1,1,10,2025,1,71,4.0,2500000.0,11826
8440968,1,2,1,10,2025,2,58,3.0,,11827
8440968,1,5,1,10,2025,1,12,4.0,,11830
8440969,1,1,1,10,2025,2,54,3.0,,11831
8440971,1,1,1,10,2025,1,36,3.0,1500000.0,11836
8440971,1,2,1,10,2025,2,31,5.0,,11837
8440971,1,3,1,10,2025,1,15,5.0,,11838
8440971,1,5,1,10,2025,2,9,3.0,,11840
8440972,1,1,1,10,2025,1,29,6.0,1423500.0,11842
8440972,1,2,1,10,2025,2,24,5.0,,11843
8440972,1,3,1,10,2025,1,7,3.0,,11844
8440973,1,3,1,10,2025,2,15,4.0,,11848
8440973,1,4,1,10,2025,1,14,4.0,,11849
8440980,1,1,1,10,2025,1,53,4.0,,11850
8440981,1,1,1,10,2025,2,61,5.0,,11854
8440981,1,4,1,10,2025,1,11,4.0,,11857
8440983,1,2,1,10,2025,2,33,5.0,1423500.0,11861
8440983,1,4,1,10,2025,1,11,4.0,,11863
8440987,1,1,1,10,2025,1,32,5.0,1800000.0,11864
8440989,1,3,1,10,2025,2,6,2.0,,11867
8440990,1,1,1,10,2025,2,67,3.0,,11869
8440991,1,1,1,10,2025,1,26,5.0,1423500.0,11871
8440993,1,1,1,10,2025,2,39,4.0,,11874
8440994,1,1,1,10,2025,1,25,5.0,1500000.0,11878
8440994,1,3,1,10,2025,2,4,2.0,,11880
8441000,1,3,1,10,2025,1,0,,,11886
8441002,1,1,1,10,2025,1,36,11.0,5000000.0,11888
8441003,1,4,1,10,2025,1,4,1.0,,11892
8441005,1,2,1,10,2025,1,22,4.0,,11894
8441008,1,1,1,10,2025,1,62,10.0,900000.0,11895
8441012,1,2,1,10,2025,1,4,1.0,,11899
8441014,1,1,1,10,2025,2,45,4.0,800000.0,11902
8441015,1,3,1,10,2025,2,7,3.0,,11907
8441015,1,4,1,10,2025,2,83,1.0,,11908
8441017,1,1,1,10,2025,2,46,5.0,1423500.0,11909
8441025,1,1,1,10,2025,2,42,5.0,400000.0,11917
8441025,1,4,1,10,2025,2,12,4.0,,11920
8441028,1,1,1,10,2025,2,18,8.0,1423500.0,11925
8441033,1,1,1,10,2025,2,75,8.0,,11930
8441033,1,2,1,10,2025,1,40,5.0,1500000.0,11931
8441035,1,3,1,10,2025,2,26,9.0,750000.0,11938
8441037,1,3,1,10,2025,1,16,4.0,,11942
8441037,1,5,1,10,2025,2,71,3.0,,11944
8441040,1,4,1,10,2025,1,45,10.0,3500000.0,11950
8441040,1,5,1,10,2025,1,8,3.0,,11951
8441040,1,6,1,10,2025,1,4,1.0,,11952
8441041,1,3,1,10,2025,1,16,5.0,,11955
8441043,1,2,1,10,2025,2,68,5.0,,11959
8441046,1,1,1,10,2025,2,62,5.0,,11960
8441046,1,2,1,10,2025,2,13,4.0,,11961
8441047,1,1,1,10,2025,1,53,10.0,1500000.0,11962
8441047,1,2,1,10,2025,2,46,10.0,1600000.0,11963
8441048,1,1,1,10,2025,1,35,5.0,1500000.0,11965
8441048,1,4,1,10,2025,1,3,2.0,,11968
8441052,1,3,1,10,2025,1,14,4.0,,11971
8441054,1,1,1,10,2025,2,35,5.0,,11974
8441054,1,2,1,10,2025,1,13,4.0,,11975
8441054,1,3,1,10,2025,1,1,,,11976
8441054,1,5,1,10,2025,2,65,1.0,,11978
8441054,1,6,1,10,2025,1,3,1.0,,11979
8441055,1,1,1,10,2025,2,60,3.0,,11980
8441057,1,1,1,10,2025,1,57,3.0,300000.0,11986
8441057,1,2,1,10,2025,2,53,1.0,120000.0,11987
8441057,1,3,1,10,2025,1,22,5.0,800000.0,11988
8441058,1,1,1,10,2025,1,64,4.0,150000.0,11990
8441059,1,1,1,10,2025,2,60,3.0,0.0,11991
8441064,1,3,1,10,2025,1,17,5.0,,11995
8441064,1,6,1,10,2025,1,5,2.0,,11998
8441067,1,2,1,10,2025,2,19,5.0,,12005
8441067,1,4,1,10,2025,2,84,1.0,,12007
8441068,1,1,1,10,2025,2,52,3.0,,12008
8441068,1,3,1,10,2025,2,23,9.0,,12010
8441068,1,4,1,10,2025,2,3,2.0,,12011
8441069,1,2,1,10,2025,2,46,10.0,3000000.0,12013
8441069,1,3,1,10,2025,1,20,5.0,1600000.0,12014
8441071,1,2,1,10,2025,1,7,3.0,,12019
8441080,1,4,1,10,2025,2,10,3.0,,12033
8441082,1,3,1,10,2025,1,4,2.0,,12040
8441084,1,1,1,10,2025,2,56,5.0,,12041
8441084,1,2,1,10,2025,2,17,5.0,,12042
8441086,1,1,1,10,2025,2,86,10.0,,12044
8441087,1,4,1,10,2025,2,16,6.0,,12048
8441088,1,2,1,10,2025,1,47,4.0,1000000.0,12050
8441089,1,1,1,10,2025,1,72,10.0,,12051
8441095,1,3,1,10,2025,2,29,11.0,4500000.0,12060
8441095,1,7,1,10,2025,1,8,3.0,,12064
8441096,1,1,1,10,2025,1,61,3.0,3000000.0,12065
8441098,1,1,1,10,2025,1,60,12.0,6800000.0,12071
8441098,1,2,1,10,2025,2,63,11.0,5800000.0,12072
8441100,1,3,1,10,2025,1,9,3.0,,12075
8441106,1,1,1,10,2025,1,58,4.0,1500000.0,12078
8441106,1,3,1,10,2025,2,23,10.0,6300000.0,12080
8441107,1,4,1,10,2025,2,8,3.0,,12084
8441110,1,4,1,10,2025,1,15,4.0,,12090
8441110,2,1,2,10,2025,1,30,5.0,800000.0,12092
8441111,1,1,1,10,2025,1,62,5.0,1573500.0,12095
8441113,1,1,1,10,2025,1,82,1.0,500000.0,12101
8441116,1,1,1,10,2025,1,37,5.0,1423500.0,12105
8441116,1,2,1,10,2025,2,29,5.0,,12106
8441121,1,2,1,10,2025,1,17,3.0,1400000.0,12123
8441123,1,3,1,10,2025,1,27,5.0,900000.0,12131
8441127,1,1,1,10,2025,2,29,4.0,1200000.0,12137
8441127,1,4,1,10,2025,1,6,3.0,,12140
8441128,1,1,1,10,2025,2,41,4.0,,12141
8441128,1,3,1,10,2025,1,23,5.0,380000.0,12143
8441130,1,1,1,10,2025,1,49,6.0,2100000.0,12148
8441135,1,2,1,10,2025,2,41,10.0,800000.0,12159
8441135,1,4,1,10,2025,1,19,6.0,1450000.0,12161
8441138,1,2,1,10,2025,2,38,10.0,7000000.0,12168
8441139,1,1,1,10,2025,1,73,3.0,250000.0,12169
8441139,1,2,1,10,2025,2,72,3.0,,12170
8441140,1,3,1,10,2025,1,30,8.0,600000.0,12173
8441144,1,1,1,10,2025,1,26,4.0,1300000.0,12179
8441146,1,1,1,10,2025,1,79,3.0,,12181
8441147,1,1,1,10,2025,2,59,10.0,4000000.0,12183
8441150,1,2,1,10,2025,2,42,4.0,450000.0,12191
8441150,1,3,1,10,2025,1,9,3.0,,12192
8441151,1,1,1,10,2025,1,24,5.0,,12193
8441152,1,4,1,10,2025,2,22,5.0,,12199
8441153,1,2,1,10,2025,2,34,9.0,1423500.0,12201
8441157,1,2,1,10,2025,1,16,4.0,,12206
8441159,1,1,1,10,2025,1,27,4.0,900000.0,12208
8441162,1,1,1,10,2025,1,53,5.0,1423500.0,12210
8441163,1,1,1,10,2025,2,74,3.0,,12212
8441163,1,2,1,10,2025,1,17,6.0,,12213
8441164,1,4,1,10,2025,2,23,6.0,,12217
8441171,1,2,1,10,2025,2,40,5.0,500000.0,12224
8441171,1,4,1,10,2025,2,17,4.0,,12226
8441173,1,1,1,10,2025,2,30,5.0,500000.0,12229
8441173,1,2,1,10,2025,1,4,2.0,,12230
8441176,1,1,1,10,2025,1,60,3.0,1700000.0,12233
8441180,1,2,1,10,2025,2,11,3.0,,12240
8441182,1,2,1,10,2025,1,55,5.0,2000000.0,12246
8441184,1,3,1,10,2025,2,10,3.0,,12254
8441185,1,2,1,10,2025,2,60,8.0,,12256
8441188,1,2,1,10,2025,2,70,10.0,,12262
8441191,1,3,1,10,2025,2,17,10.0,,12272
8441191,1,5,1,10,2025,1,11,3.0,,12274
8441193,1,1,1,10,2025,2,48,3.0,,12275
8441193,1,2,1,10,2025,1,49,3.0,1200000.0,12276
8441193,1,5,1,10,2025,1,11,3.0,,12279
8441194,1,2,1,10,2025,2,48,8.0,,12281
8441196,1,1,1,10,2025,1,53,6.0,1300000.0,12284
8441197,1,3,1,10,2025,1,26,9.0,4500000.0,12287
8441198,1,2,1,10,2025,1,52,3.0,450000.0,12289
8441200,1,1,1,10,2025,2,33,5.0,320000.0,12295
8441203,1,1,1,10,2025,1,78,3.0,1080000.0,12301
8441203,1,3,1,10,2025,1,4,2.0,,12303
8441205,1,2,1,10,2025,2,47,10.0,1350000.0,12305
8441208,1,1,1,10,2025,2,43,9.0,2500000.0,12308
8441208,1,3,1,10,2025,2,14,4.0,,12310
8441211,1,3,1,10,2025,1,9,3.0,,12314
8441213,1,2,1,10,2025,2,53,4.0,,12317
8441214,1,1,1,10,2025,2,63,3.0,800000.0,12321
8441214,1,4,1,10,2025,2,5,2.0,,12324
8441215,1,3,1,10,2025,2,6,3.0,,12327
8441221,1,1,1,10,2025,2,78,3.0,,12332
8441221,1,2,1,10,2025,1,49,6.0,2000000.0,12333
8441222,1,1,1,10,2025,1,72,3.0,,12334
8441223,1,3,1,10,2025,2,13,4.0,,12338
8441224,1,1,1,10,2025,2,62,3.0,,12340
8441225,1,1,1,10,2025,1,64,8.0,4270000.0,12341
8441227,1,1,1,10,2025,2,66,3.0,,12347
8441229,1,1,1,10,2025,2,44,9.0,1423500.0,12352
8441230,1,1,1,10,2025,1,40,4.0,1500000.0,12354
8441233,1,2,1,10,2025,1,12,4.0,,12364
8441234,1,2,1,10,2025,2,30,12.0,3700000.0,12366
8441235,1,3,1,10,2025,1,10,3.0,,12369
8441237,1,1,1,10,2025,2,56,5.0,2460000.0,12371
8441238,1,1,1,10,2025,1,57,4.0,1200000.0,12373
8441238,1,2,1,10,2025,2,50,5.0,,12374
8441239,1,1,1,10,2025,1,66,3.0,,12377
8441241,1,3,1,10,2025,2,4,1.0,,12384
8441245,1,2,1,10,2025,2,9,3.0,,12389
8441246,1,2,1,10,2025,1,18,5.0,,12392
8441248,1,2,1,10,2025,1,72,5.0,,12396
8441250,1,1,1,10,2025,2,20,6.0,1423500.0,12399
8441250,1,2,1,10,2025,1,36,6.0,,12400
8441250,1,3,1,10,2025,2,3,1.0,,12401
8441252,1,1,1,10,2025,2,43,10.0,3200000.0,12404
8441253,1,1,1,10,2025,1,18,10.0,,12406
8441258,1,2,1,10,2025,2,38,4.0,1623500.0,12411
8441261,1,1,1,10,2025,1,54,10.0,4500000.0,12421
8441262,1,1,1,10,2025,2,53,6.0,2500000.0,12423
8441262,1,2,1,10,2025,1,14,5.0,,12424
8441263,1,1,1,10,2025,2,37,5.0,1623500.0,12425
8441263,1,2,1,10,2025,1,33,5.0,,12426
8441266,1,2,1,10,2025,2,40,10.0,5000000.0,12431
8441266,1,4,1,10,2025,2,73,7.0,,12433
8441271,1,1,1,10,2025,1,74,8.0,,12437
8441271,1,2,1,10,2025,2,64,5.0,,12438
8441272,1,1,1,10,2025,2,64,5.0,,12440
8441274,1,1,1,10,2025,1,40,10.0,1200000.0,12441
8441276,1,3,1,10,2025,1,15,4.0,,12444
8441276,1,4,1,10,2025,1,3,2.0,,12445
8441281,1,2,1,10,2025,2,21,10.0,,12447
8441285,1,1,1,10,2025,2,67,3.0,,12449
8441287,1,2,1,10,2025,2,60,5.0,,12453
8441288,1,1,1,10,2025,2,67,4.0,,12455
8441289,1,1,1,10,2025,1,43,8.0,1800000.0,12456
8441290,1,3,1,10,2025,2,0,,,12460
8441291,1,3,1,10,2025,1,19,7.0,,12463
8441292,1,2,1,10,2025,1,47,9.0,2400000.0,12465
8441297,1,1,1,10,2025,1,51,5.0,4000000.0,12466
8441297,1,3,1,10,2025,2,24,10.0,,12468
8441298,1,2,1,10,2025,2,34,12.0,3200000.0,12470
8441299,1,1,1,10,2025,1,62,10.0,1400000.0,12471
8441299,1,3,1,10,2025,1,19,10.0,,12473
8441306,1,1,1,10,2025,1,70,3.0,600000.0,12483
8441306,1,2,1,10,2025,2,75,3.0,,12484
8441317,1,3,1,10,2025,2,21,10.0,,12500
8441317,1,4,1,10,2025,2,9,3.0,,12501
8441318,1,1,1,10,2025,1,64,3.0,2000000.0,12503
8441319,1,1,1,10,2025,1,40,3.0,1650000.0,12504
8441319,1,2,1,10,2025,2,34,4.0,150000.0,12505
8441320,1,1,1,10,2025,1,73,5.0,,12509
8441320,1,3,1,10,2025,1,42,9.0,1300000.0,12511
8441321,1,2,1,10,2025,2,54,5.0,1000000.0,12514
8441322,1,2,1,10,2025,2,33,8.0,1423500.0,12516
8441324,1,2,1,10,2025,1,16,4.0,,12518
8441326,1,1,1,10,2025,2,71,4.0,,12522
8441327,1,3,1,10,2025,2,12,4.0,,12525
8441328,1,2,1,10,2025,2,56,5.0,1623500.0,12528
8441328,1,3,1,10,2025,1,37,12.0,3300000.0,12529
8441330,1,2,1,10,2025,1,43,4.0,1423500.0,12534
8441333,1,1,1,10,2025,2,26,5.0,1423500.0,12539
8441334,1,3,1,10,2025,2,5,2.0,,12545
8441335,1,1,1,10,2025,1,76,11.0,,12546
8441339,1,2,1,10,2025,2,22,8.0,,12550
8441339,1,5,1,10,2025,2,17,5.0,,12553
8441340,1,4,1,10,2025,1,14,5.0,,12557
8441342,1,1,1,10,2025,2,25,8.0,1758000.0,12559
8441342,1,2,1,10,2025,1,22,10.0,1423500.0,12560
8441344,1,4,1,10,2025,1,23,10.0,1743000.0,12566
8441348,1,1,1,10,2025,2,62,3.0,,12570
8441348,1,3,1,10,2025,2,14,4.0,,12572
8441349,1,1,1,10,2025,2,53,8.0,1600000.0,12574
8441349,1,3,1,10,2025,2,34,10.0,1920000.0,12576
8441355,1,1,1,10,2025,2,23,10.0,2700000.0,12580
8441357,1,2,1,10,2025,2,20,10.0,,12587
8441359,1,2,1,10,2025,2,24,5.0,,12592
8441360,2,1,2,10,2025,1,41,5.0,1723500.0,12599
8441361,1,1,1,10,2025,2,37,3.0,400000.0,12603
8441361,1,4,1,10,2025,1,4,1.0,,12606
8441366,1,6,1,10,2025,1,19,4.0,300000.0,12621
8441367,1,1,1,10,2025,2,46,10.0,3500000.0,12623
8441369,1,1,1,10,2025,2,50,3.0,600000.0,12626
8441370,1,3,1,10,2025,2,23,6.0,1300000.0,12629
8441373,1,1,1,10,2025,2,31,5.0,600000.0,12636
8441373,1,2,1,10,2025,1,34,3.0,1000000.0,12637
8441376,1,1,1,10,2025,2,47,10.0,,12642
8441376,1,2,1,10,2025,1,53,9.0,3000000.0,12643
8441377,1,2,1,10,2025,2,44,3.0,,12646
8441378,1,1,1,10,2025,2,44,4.0,1000000.0,12647
8441378,1,2,1,10,2025,1,39,4.0,,12648
8441378,1,4,1,10,2025,2,31,10.0,500000.0,12650
8441378,1,5,1,10,2025,1,17,6.0,,12651
8441380,1,2,1,10,2025,2,40,5.0,,12654
8441382,1,2,1,10,2025,1,17,5.0,500000.0,12658
8441382,1,4,1,10,2025,2,78,3.0,,12660
8441383,1,1,1,10,2025,2,36,6.0,1500000.0,12661
8441384,1,1,1,10,2025,2,43,5.0,600000.0,12665
8441385,1,1,1,10,2025,2,22,8.0,,12668
8441386,1,1,1,10,2025,1,60,4.0,,12669
8441388,1,1,1,10,2025,2,51,8.0,2500000.0,12671
8441389,1,1,1,10,2025,2,42,3.0,,12672
8441390,1,1,1,10,2025,1,44,11.0,14000000.0,12674
8441393,1,2,1,10,2025,1,38,11.0,3000000.0,12681
8441393,1,3,1,10,2025,1,5,3.0,,12682
8441397,1,1,1,10,2025,2,26,10.0,,12688
8441399,1,1,1,10,2025,1,46,8.0,2500000.0,12693
8441399,1,2,1,10,2025,1,25,10.0,,12694
8441401,1,1,1,10,2025,2,46,5.0,,12696
8441405,1,1,1,10,2025,2,50,11.0,4500000.0,12697
8441410,1,1,1,10,2025,1,47,11.0,5000000.0,12699
8441410,1,2,1,10,2025,2,26,8.0,,12700
8441421,1,1,1,10,2025,2,56,5.0,900000.0,12708
8441421,1,2,1,10,2025,1,33,9.0,3000000.0,12709
8441425,1,2,1,10,2025,2,24,10.0,,12718
8441427,1,2,1,10,2025,1,47,10.0,4200000.0,12723
8441429,1,5,1,10,2025,1,5,1.0,,12729
8441429,1,6,1,10,2025,2,1,,,12730
8441431,1,3,1,10,2025,2,17,6.0,,12734
8441432,1,3,1,10,2025,1,2,,,12737
8441433,1,3,1,10,2025,1,29,5.0,1000000.0,12740
8441434,1,2,1,10,2025,2,21,10.0,,12742
8441435,1,1,1,10,2025,2,52,3.0,1423500.0,12743
8441435,1,2,1,10,2025,2,29,10.0,1423500.0,12744
8441437,1,2,1,10,2025,1,31,5.0,1800000.0,12751
8441438,1,1,1,10,2025,2,31,4.0,,12754
8441438,1,3,1,10,2025,2,14,4.0,,12756
8441438,1,4,1,10,2025,2,6,2.0,,12757
8441439,1,1,1,10,2025,2,25,5.0,1300000.0,12759
8441441,1,2,1,10,2025,1,2,,,12768
8441443,1,1,1,10,2025,1,50,1.0,200000.0,12771
8441443,1,2,1,10,2025,2,39,3.0,,12772
8441448,1,6,1,10,2025,1,3,1.0,,12784
8441449,1,3,1,10,2025,1,10,3.0,,12787
8441451,1,2,1,10,2025,2,14,3.0,,12790
8441452,1,1,1,10,2025,1,50,5.0,1423500.0,12791
8441454,1,3,1,10,2025,1,15,4.0,,12800
8441455,1,1,1,10,2025,1,38,9.0,3600000.0,12801
8441455,1,3,1,10,2025,2,1,,,12803
8441456,1,3,1,10,2025,1,28,10.0,2000000.0,12806
8441458,1,2,1,10,2025,1,37,9.0,2500000.0,12809
8441459,1,1,1,10,2025,2,31,6.0,800000.0,12810
8441466,1,1,1,10,2025,2,35,5.0,,12813
8441467,1,1,1,10,2025,2,38,4.0,,12815
8441471,1,1,1,10,2025,1,34,5.0,4000000.0,12826
8441471,1,3,1,10,2025,2,17,4.0,,12828
8441478,1,1,1,10,2025,1,47,11.0,4800000.0,12840
8441480,1,1,1,10,2025,2,41,5.0,,12843
8441480,1,2,1,10,2025,2,13,4.0,,12844
8441481,1,1,1,10,2025,1,44,10.0,3200000.0,12845
8441481,1,2,1,10,2025,2,42,10.0,3800000.0,12846
8441484,1,1,1,10,2025,1,24,10.0,,12852
8441485,1,2,1,10,2025,2,25,10.0,,12854
8441489,1,3,1,10,2025,2,5,2.0,,12863
8441492,1,1,1,10,2025,2,35,5.0,2300000.0,12867
8441492,1,3,1,10,2025,1,13,4.0,,12869
8441492,1,4,1,10,2025,2,3,1.0,,12870
8441493,1,1,1,10,2025,1,54,10.0,,12871
8441495,1,1,1,10,2025,2,48,5.0,950000.0,12875
8441497,1,3,1,10,2025,2,9,3.0,,12880
8441502,1,2,1,10,2025,2,81,3.0,,12888
8441505,1,1,1,10,2025,1,44,8.0,2800000.0,12891
8441505,1,3,1,10,2025,1,24,10.0,,12893
8441506,1,1,1,10,2025,2,67,5.0,1500000.0,12894
8441508,1,1,1,10,2025,2,71,3.0,,12898
8441509,1,1,1,10,2025,1,69,5.0,,12901
8441511,1,1,1,10,2025,1,60,5.0,1800000.0,12906
8441511,1,2,1,10,2025,2,60,3.0,,12907
8441511,1,4,1,10,2025,2,8,3.0,,12909
8441513,1,2,1,10,2025,2,52,1.0,1423500.0,12913
8441514,1,1,1,10,2025,2,48,9.0,,12917
8441518,1,2,1,10,2025,2,31,10.0,4500000.0,12923
8441518,1,3,1,10,2025,1,35,5.0,3000000.0,12924
8441518,1,4,1,10,2025,2,15,4.0,,12925
8441519,1,1,1,10,2025,1,38,4.0,2500000.0,12927
8441520,1,1,1,10,2025,1,66,4.0,1700000.0,12928
8441522,1,1,1,10,2025,2,37,5.0,,12930
8441529,1,3,1,10,2025,2,3,2.0,,12955
8441531,1,1,1,10,2025,1,62,3.0,1800000.0,12958
8441531,1,2,1,10,2025,2,55,5.0,,12959
8441531,1,4,1,10,2025,2,13,4.0,,12961
8441532,1,2,1,10,2025,2,54,8.0,,12963
8441532,1,3,1,10,2025,1,21,10.0,,12964
8441533,1,3,1,10,2025,1,5,2.0,,12967
8441534,1,2,1,10,2025,2,47,5.0,,12969
8441535,1,1,1,10,2025,1,42,5.0,1800000.0,12971
8441538,1,2,1,10,2025,1,10,3.0,,12976
8441539,1,2,1,10,2025,2,28,8.0,,12978
8441540,1,1,1,10,2025,1,32,8.0,2200000.0,12980
8441541,1,1,1,10,2025,2,68,5.0,,12984
8441542,1,1,1,10,2025,2,75,3.0,900000.0,12987
8441542,1,2,1,10,2025,1,47,1.0,,12988
8441544,1,1,1,10,2025,2,66,5.0,,12990
8441545,1,2,1,10,2025,1,48,8.0,,12993
8441547,1,1,1,10,2025,2,63,5.0,1600000.0,12995
8441547,1,2,1,10,2025,1,30,5.0,1600000.0,12996
8441551,1,1,1,10,2025,1,62,5.0,1423500.0,13004
8441551,1,2,1,10,2025,2,57,5.0,1423500.0,13005
8441551,1,3,1,10,2025,2,28,8.0,1800000.0,13006
8441551,1,4,1,10,2025,2,36,8.0,,13007
8441553,1,1,1,10,2025,1,66,5.0,,13011
8441555,1,3,1,10,2025,1,5,2.0,,13018
8441556,1,2,1,10,2025,1,32,5.0,1900000.0,13020
8441562,1,1,1,10,2025,2,65,1.0,,13039
8441563,1,2,1,10,2025,2,57,10.0,6500000.0,13042
8441569,1,1,1,10,2025,1,47,11.0,4500000.0,13049
8441569,1,3,1,10,2025,2,11,4.0,,13051
8441575,1,1,1,10,2025,2,46,5.0,800000.0,13056
8441576,1,2,1,10,2025,2,24,5.0,1000000.0,13060
8441577,1,1,1,10,2025,1,50,5.0,,13062
8441578,1,4,1,10,2025,1,9,3.0,,13067
8441578,1,5,1,10,2025,1,3,1.0,,13068
8441579,1,1,1,10,2025,1,56,10.0,4000000.0,13069
8441581,1,1,1,10,2025,2,51,4.0,800000.0,13074
8441583,1,1,1,10,2025,2,59,3.0,,13080
8441584,1,1,1,10,2025,1,43,5.0,1500000.0,13085
8441585,1,3,1,10,2025,1,15,5.0,,13088
8441587,1,1,1,10,2025,2,65,10.0,,13093
8441588,1,2,1,10,2025,2,73,3.0,,13096
8441594,1,1,1,10,2025,1,24,5.0,1700000.0,13108
8441595,1,2,1,10,2025,1,43,5.0,2000000.0,13110
8441598,1,1,1,10,2025,2,27,8.0,2500000.0,13112
8441600,1,1,1,10,2025,2,44,8.0,2700000.0,13116
8441600,1,2,1,10,2025,2,14,4.0,,13117
8441605,1,1,1,10,2025,1,22,3.0,500000.0,13120
8441606,1,1,1,10,2025,1,50,5.0,2000000.0,13122
8441608,1,1,1,10,2025,2,30,5.0,800000.0,13125
8441610,1,1,1,10,2025,2,53,8.0,3000000.0,13130
8441612,1,2,1,10,2025,2,5,1.0,,13136
8441613,1,2,1,10,2025,2,2,,,13138
8441615,1,2,1,10,2025,2,30,3.0,,13141
8441623,1,5,1,10,2025,2,15,4.0,,13146
8441624,1,1,1,10,2025,2,26,8.0,,13148
8441624,1,2,1,10,2025,1,32,5.0,3000000.0,13149
8441628,1,1,1,10,2025,1,32,4.0,1100000.0,13154
8441629,1,2,1,10,2025,2,34,4.0,,13156
8441630,1,1,1,10,2025,1,45,5.0,1200000.0,13157
8441630,1,4,1,10,2025,2,7,3.0,,13160
8441631,1,1,1,10,2025,1,64,3.0,400000.0,13162
8441631,1,2,1,10,2025,2,37,5.0,1400000.0,13163
8441632,1,2,1,10,2025,2,38,5.0,,13166
8441632,1,3,1,10,2025,2,12,4.0,,13167
8441633,1,5,1,10,2025,1,10,3.0,,13172
8441635,1,4,1,10,2025,1,9,3.0,,13180
8441635,1,5,1,10,2025,1,4,1.0,,13181
8441636,1,2,1,10,2025,2,41,5.0,,13183
8441636,1,3,1,10,2025,1,39,4.0,1600000.0,13184
8441636,1,5,1,10,2025,1,13,4.0,,13186
8441638,1,2,1,10,2025,1,25,4.0,,13189
8441638,1,5,1,10,2025,1,9,3.0,,13192
8441641,1,3,1,10,2025,2,26,4.0,,13197
8441641,1,4,1,10,2025,2,25,5.0,,13198
8441646,1,4,1,10,2025,2,6,3.0,,13206
8441646,1,5,1,10,2025,1,19,10.0,,13207
8441648,1,1,1,10,2025,2,46,10.0,4900000.0,13209
8441650,1,5,1,10,2025,2,6,3.0,,13215
8441650,1,6,1,10,2025,1,2,,,13216
8441652,1,1,1,10,2025,2,42,8.0,,13217
8441652,1,2,1,10,2025,1,36,5.0,2500000.0,13218
8441652,1,3,1,10,2025,2,22,10.0,,13219
8441652,1,4,1,10,2025,1,11,4.0,,13220
8441655,1,1,1,10,2025,1,29,5.0,1000000.0,13221
8441659,1,1,1,10,2025,2,41,4.0,1400000.0,13224
8441659,1,3,1,10,2025,2,12,3.0,,13226
8441660,1,1,1,10,2025,1,76,3.0,,13228
8441660,1,4,1,10,2025,1,17,4.0,,13231
8441660,1,5,1,10,2025,2,8,3.0,,13232
8441661,1,1,1,10,2025,1,41,4.0,1300000.0,13233
8441664,1,3,1,10,2025,1,7,3.0,,13236
8441668,1,1,1,10,2025,2,59,3.0,60000.0,13240
8441668,1,3,1,10,2025,2,25,4.0,250000.0,13242
8441670,1,1,1,10,2025,2,33,9.0,50000.0,13245
8441671,1,2,1,10,2025,1,20,5.0,0.0,13248
8441673,1,1,1,10,2025,2,27,5.0,,13253
8441673,1,2,1,10,2025,2,11,4.0,,13254
8441673,1,4,1,10,2025,2,7,3.0,,13256
8441674,1,1,1,10,2025,1,45,4.0,1423500.0,13259
8441674,1,2,1,10,2025,2,42,3.0,1423500.0,13260
8441674,1,4,1,10,2025,2,12,4.0,,13262
8441677,1,1,1,10,2025,1,68,1.0,,13268
8441677,1,2,1,10,2025,2,60,1.0,,13269
8441678,1,1,1,10,2025,2,51,4.0,2220000.0,13270
8441678,1,3,1,10,2025,2,8,3.0,,13272
8441680,1,1,1,10,2025,1,48,5.0,2206000.0,13274
8441680,1,3,1,10,2025,1,20,9.0,900000.0,13276
8441681,1,1,1,10,2025,1,35,5.0,3100000.0,13279
8441682,1,1,1,10,2025,1,34,8.0,2400000.0,13281
8441682,1,3,1,10,2025,2,4,1.0,,13283
8441684,1,1,1,10,2025,1,62,8.0,1800000.0,13291
8441685,1,2,1,10,2025,2,82,3.0,,13293
8441686,1,1,1,10,2025,2,37,9.0,1423500.0,13294
8441687,1,2,1,10,2025,1,14,5.0,,13298
8441691,1,3,1,10,2025,2,22,8.0,,13305
8441691,1,4,1,10,2025,2,19,5.0,,13306
8441691,1,5,1,10,2025,2,17,5.0,,13307
8441691,1,6,1,10,2025,2,72,1.0,,13308
8441692,1,1,1,10,2025,2,56,1.0,0.0,13309
8441693,1,2,1,10,2025,1,57,3.0,,13313
8441693,1,4,1,10,2025,2,34,9.0,1380000.0,13315
8441695,1,1,1,10,2025,1,33,4.0,400000.0,13317
8441695,1,2,1,10,2025,2,23,4.0,300000.0,13318
8441695,1,3,1,10,2025,2,3,1.0,,13319
8441695,1,4,1,10,2025,1,1,,,13320
8441695,1,6,1,10,2025,2,13,4.0,,13322
8441696,1,2,1,10,2025,1,20,5.0,1200000.0,13326
8441697,1,1,1,10,2025,2,20,8.0,,13327
8441701,1,1,1,10,2025,2,44,5.0,,13335
8441701,1,2,1,10,2025,1,14,4.0,,13336
8441703,1,1,1,10,2025,1,31,11.0,4500000.0,13338
8441703,1,2,1,10,2025,2,32,10.0,2800000.0,13339
8441707,1,2,1,10,2025,2,38,11.0,6000000.0,13345
8441707,1,3,1,10,2025,1,44,5.0,2000000.0,13346
8441708,1,1,1,10,2025,1,31,8.0,1800000.0,13348
8441709,1,2,1,10,2025,1,27,3.0,1800000.0,13352
8441709,1,3,1,10,2025,2,3,2.0,,13353
8441711,1,1,1,10,2025,1,36,3.0,0.0,13354
8441712,1,1,1,10,2025,1,42,11.0,9000000.0,13355
8441713,1,2,1,10,2025,1,48,3.0,1000000.0,13357
8441713,1,5,1,10,2025,2,81,1.0,,13360
8441716,1,1,1,10,2025,1,34,5.0,2700000.0,13363
8441717,1,3,1,10,2025,2,6,1.0,,13367
8441718,1,1,1,10,2025,2,38,9.0,2700000.0,13368
8441718,1,4,1,10,2025,2,12,4.0,,13371
8441720,1,1,1,10,2025,2,60,12.0,4300000.0,13373
8441722,1,2,1,10,2025,2,32,5.0,,13376
8441722,1,3,1,10,2025,1,11,3.0,,13377
8441723,1,4,1,10,2025,2,15,5.0,,13381
8441724,1,1,1,10,2025,1,62,10.0,600000.0,13382
8441730,1,1,1,10,2025,2,44,5.0,1500000.0,13392
8441731,1,2,1,10,2025,1,13,4.0,,13394
8441731,1,3,1,10,2025,2,6,3.0,,13395
8441734,1,1,1,10,2025,1,22,5.0,2800000.0,13398
8441738,1,4,1,10,2025,1,2,,,13414
8441740,1,1,1,10,2025,2,51,8.0,,13415
8441740,1,3,1,10,2025,2,16,5.0,,13417
8441744,1,3,1,10,2025,1,13,4.0,,13422
8441744,1,7,1,10,2025,2,37,10.0,1400000.0,13426
8441744,1,8,1,10,2025,1,34,9.0,,13427
8441749,1,2,1,10,2025,2,34,10.0,5500000.0,13431
8441751,1,1,1,10,2025,1,31,8.0,,13432
8441754,1,1,1,10,2025,2,47,3.0,900000.0,13433
8441762,1,3,1,10,2025,2,11,4.0,,13442
8441764,1,1,1,10,2025,1,30,11.0,1580000.0,13444
8441765,1,2,1,10,2025,2,43,5.0,2000000.0,13446
8441766,1,1,1,10,2025,2,32,9.0,4000000.0,13447
8441766,1,2,1,10,2025,1,8,3.0,,13448
8441767,1,1,1,10,2025,1,35,11.0,4470000.0,13449
8441767,1,4,1,10,2025,1,5,2.0,,13452
8441769,1,1,1,10,2025,1,67,5.0,3300000.0,13453
8441770,1,1,1,10,2025,2,59,3.0,,13454
8441771,1,1,1,10,2025,2,29,5.0,900000.0,13456
8441771,1,3,1,10,2025,2,1,,,13458
8441773,1,2,1,10,2025,1,41,8.0,2000000.0,13461
8441773,1,3,1,10,2025,2,28,10.0,2087000.0,13462
8441774,1,2,1,10,2025,1,31,4.0,600000.0,13466
8441775,1,1,1,10,2025,1,44,5.0,,13468
8441776,1,3,1,10,2025,2,15,5.0,,13473
8441776,1,4,1,10,2025,1,9,3.0,,13474
8441777,1,2,1,10,2025,1,48,3.0,750000.0,13476
8441778,1,2,1,10,2025,2,47,5.0,1600000.0,13479
8441778,1,4,1,10,2025,1,11,4.0,,13481
8441781,1,1,1,10,2025,1,29,8.0,1200000.0,13482
8441784,1,1,1,10,2025,1,52,5.0,1000000.0,13483
8441791,1,1,1,10,2025,2,42,10.0,,13492
8441811,1,1,1,10,2025,1,53,8.0,1500000.0,13496
8441811,1,2,1,10,2025,2,44,8.0,,13497
8441814,1,1,1,10,2025,1,36,5.0,800000.0,13507
8441815,1,1,1,10,2025,2,42,5.0,,13512
8441817,1,2,1,10,2025,2,59,3.0,,13515
8441817,1,4,1,10,2025,2,4,2.0,,13517
8441818,1,2,1,10,2025,1,32,5.0,800000.0,13520
8441819,1,3,1,10,2025,2,10,3.0,,13524
8441819,1,4,1,10,2025,1,7,3.0,,13525
8441820,1,1,1,10,2025,1,39,3.0,840000.0,13527
8441823,1,1,1,10,2025,1,27,8.0,900000.0,13533
8441827,1,1,1,10,2025,1,76,1.0,,13540
8441828,1,2,1,10,2025,1,21,5.0,,13543
8441830,1,2,1,10,2025,2,13,4.0,,13547
8441831,1,2,1,10,2025,1,32,5.0,1650000.0,13550
8441831,1,3,1,10,2025,1,10,3.0,,13551
8441831,1,4,1,10,2025,2,9,3.0,,13552
8441832,1,1,1,10,2025,1,37,9.0,5000000.0,13554
8441832,1,5,1,10,2025,2,6,2.0,,13558
8441836,1,3,1,10,2025,1,14,3.0,,13569
8441836,1,7,1,10,2025,2,0,,,13573
8441837,1,3,1,10,2025,1,3,1.0,,13576
8441838,1,1,1,10,2025,2,60,8.0,30000.0,13577
8441840,1,1,1,10,2025,1,71,1.0,,13583
8441841,1,1,1,10,2025,1,62,3.0,1423500.0,13584
8441843,1,2,1,10,2025,2,67,3.0,,13593
8441844,1,1,1,10,2025,1,81,3.0,,13594
8441845,1,2,1,10,2025,2,17,5.0,,13596
8441848,1,2,1,10,2025,2,73,3.0,,13603
8441849,1,3,1,10,2025,1,24,8.0,240000.0,13606
8441849,1,4,1,10,2025,2,19,5.0,,13607
8441849,1,5,1,10,2025,2,15,4.0,,13608
8441851,1,1,1,10,2025,2,21,5.0,,13611
8441851,1,2,1,10,2025,2,6,3.0,,13612
8441852,1,4,1,10,2025,1,11,3.0,,13616
8441852,1,7,1,10,2025,1,8,3.0,,13619
8441852,1,8,1,10,2025,2,11,3.0,,13620
8441854,1,2,1,10,2025,1,47,3.0,900000.0,13625
8441854,1,3,1,10,2025,2,18,10.0,,13626
8441856,1,2,1,10,2025,1,36,5.0,600000.0,13630
8441856,1,3,1,10,2025,1,7,3.0,,13631
8441858,1,2,1,10,2025,1,65,1.0,500000.0,13639
8441859,1,1,1,10,2025,2,66,3.0,,13641
8441860,1,1,1,10,2025,1,53,4.0,1000000.0,13643
8441860,1,7,1,10,2025,1,8,3.0,,13649
8441861,1,1,1,10,2025,2,52,3.0,,13650
8441865,1,4,1,10,2025,1,2,,,13667
8441865,1,5,1,10,2025,2,23,3.0,,13668
8441867,1,4,1,10,2025,2,30,4.0,,13675
8441868,1,5,1,10,2025,2,34,4.0,140000.0,13681
8441869,1,1,1,10,2025,2,59,5.0,600000.0,13684
8441872,1,2,1,10,2025,2,43,4.0,,13692
8441872,1,3,1,10,2025,1,23,10.0,,13693
8441872,1,4,1,10,2025,1,47,5.0,2123500.0,13694
8441872,1,5,1,10,2025,1,48,5.0,2123500.0,13695
8441873,1,1,1,10,2025,2,24,3.0,,13696
8441874,1,2,1,10,2025,1,8,3.0,,13698
8441874,1,3,1,10,2025,2,0,,,13699
8441877,1,4,1,10,2025,2,7,3.0,,13707
8441878,1,4,1,10,2025,1,7,3.0,,13711
8441879,1,1,1,10,2025,1,79,1.0,,13715
8441879,1,2,1,10,2025,2,63,4.0,,13716
8441881,1,1,1,10,2025,2,55,3.0,1000000.0,13720
8441883,1,1,1,10,2025,1,46,4.0,770000.0,13723
8441883,1,2,1,10,2025,2,61,3.0,,13724
8441884,1,1,1,10,2025,2,61,1.0,,13725
8441884,1,3,1,10,2025,1,22,4.0,450000.0,13727
8441887,1,1,1,10,2025,1,44,4.0,600000.0,13738
8441887,1,3,1,10,2025,2,14,5.0,,13740
8441887,1,4,1,10,2025,2,10,3.0,,13741
8441888,1,3,1,10,2025,1,22,8.0,,13744
8441890,1,4,1,10,2025,1,21,10.0,,13752
8441890,1,5,1,10,2025,2,20,8.0,1423500.0,13753
8441892,1,1,1,10,2025,1,84,3.0,,13762
8441892,1,2,1,10,2025,1,81,3.0,,13763
8441893,1,1,1,10,2025,1,71,3.0,1000000.0,13764
8441894,1,5,1,10,2025,2,2,,,13770
8441895,1,2,1,10,2025,2,55,3.0,1400000.0,13772
8441895,1,4,1,10,2025,1,31,5.0,500000.0,13774
8441896,1,1,1,10,2025,1,50,3.0,1000000.0,13776
8441897,1,1,1,10,2025,1,46,5.0,1400000.0,13780
8441897,1,2,1,10,2025,2,44,5.0,,13781
8441897,1,7,1,10,2025,1,5,1.0,,13786
8441898,1,4,1,10,2025,2,27,10.0,2500000.0,13792
8441899,1,2,1,10,2025,2,41,3.0,,13797
8441902,1,1,1,10,2025,1,70,10.0,,13805
8441904,1,1,1,10,2025,2,65,3.0,,13810
8441904,1,2,1,10,2025,1,78,3.0,,13811
8441904,1,3,1,10,2025,1,90,3.0,,13812
8441905,1,1,1,10,2025,1,27,10.0,1700000.0,13813
8441905,1,2,1,10,2025,2,25,10.0,3000000.0,13814
8441905,1,3,1,10,2025,2,5,1.0,,13815
8441906,1,2,1,10,2025,2,57,4.0,,13818
8441907,1,2,1,10,2025,2,24,10.0,900000.0,13820
8441908,1,1,1,10,2025,2,46,3.0,400000.0,13822
8441909,1,1,1,10,2025,2,46,4.0,1500000.0,13826
8441909,1,3,1,10,2025,1,25,6.0,,13828
8441909,1,4,1,10,2025,2,9,3.0,,13829
8441911,1,4,1,10,2025,2,2,,,13835
8441912,1,1,1,10,2025,2,48,8.0,2600000.0,13836
8441916,1,1,1,10,2025,1,35,3.0,1000000.0,13837
8441916,1,2,1,10,2025,2,42,8.0,200000.0,13838
8441920,1,3,1,10,2025,2,6,3.0,,13846
8441920,1,5,1,10,2025,1,1,,,13848
8441921,1,2,1,10,2025,1,16,6.0,,13850
8441921,1,3,1,10,2025,2,1,,,13851
8441922,1,2,1,10,2025,1,15,5.0,,13853
8441925,1,1,1,10,2025,1,39,3.0,700000.0,13856
8441925,1,2,1,10,2025,2,34,3.0,,13857
8441925,1,3,1,10,2025,2,18,3.0,,13858
8441925,1,4,1,10,2025,1,16,3.0,600000.0,13859
8441926,1,3,1,10,2025,1,17,3.0,750000.0,13863
8441926,1,6,1,10,2025,1,19,3.0,1200000.0,13866
8441928,1,2,1,10,2025,2,29,4.0,,13870
8441929,1,2,1,10,2025,2,73,1.0,,13872
8441931,1,2,1,10,2025,2,62,3.0,,13876
8441932,1,1,1,10,2025,1,31,5.0,1800000.0,13877
8441933,1,2,1,10,2025,2,28,6.0,250000.0,13884
8441936,1,1,1,10,2025,1,29,6.0,1500000.0,13888
8441937,1,2,1,10,2025,2,34,5.0,,13892
8441937,1,3,1,10,2025,2,14,6.0,,13893
8441938,1,2,1,10,2025,2,69,1.0,,13897
8441938,2,3,2,10,2025,2,16,5.0,,13900
8441939,1,1,1,10,2025,2,62,3.0,750000.0,13902
8441940,1,1,1,10,2025,1,26,3.0,800000.0,13904
8441941,1,2,1,10,2025,2,38,3.0,,13907
8441941,1,3,1,10,2025,2,17,4.0,90000.0,13908
8441941,1,4,1,10,2025,2,10,3.0,,13909
8441942,1,3,1,10,2025,1,16,6.0,600000.0,13913
8441943,1,2,1,10,2025,2,37,3.0,,13916
8441944,1,1,1,10,2025,1,52,3.0,,13919
8441944,1,3,1,10,2025,2,30,5.0,1120000.0,13921
8441945,1,3,1,10,2025,1,16,5.0,,13924
8441945,1,4,1,10,2025,1,14,4.0,,13925
8441946,1,4,1,10,2025,1,11,4.0,,13929
8441951,1,1,1,10,2025,2,49,1.0,,13937
8441959,1,1,1,10,2025,2,47,3.0,,13951
8441962,1,1,1,10,2025,1,32,4.0,1300000.0,13958
8441962,1,4,1,10,2025,1,14,4.0,,13961
8441962,1,5,1,10,2025,1,13,4.0,,13962
8441962,1,6,1,10,2025,2,17,4.0,,13963
8441963,1,1,1,10,2025,1,33,4.0,1500000.0,13964
8441963,1,2,1,10,2025,2,24,5.0,,13965
8441963,1,4,1,10,2025,2,3,1.0,,13967
8441964,1,2,1,10,2025,2,30,10.0,1000000.0,13969
8441967,1,1,1,10,2025,2,38,5.0,1500000.0,13976
8441967,1,2,1,10,2025,1,18,5.0,,13977
8441968,1,2,1,10,2025,2,56,3.0,400000.0,13980
8441968,1,3,1,10,2025,1,33,1.0,,13981
8441970,1,1,1,10,2025,1,26,5.0,,13985
8441972,1,1,1,10,2025,1,44,4.0,2900000.0,13991
8441972,1,4,1,10,2025,2,21,5.0,,13994
8441973,1,3,1,10,2025,2,8,3.0,,13999
8441974,1,3,1,10,2025,2,12,4.0,,14002
8441983,1,2,1,10,2025,2,52,1.0,,14022
8441985,1,1,1,10,2025,1,42,5.0,700000.0,14026
8441985,1,3,1,10,2025,1,2,,,14028
8441986,1,4,1,10,2025,2,27,8.0,1423500.0,14032
8441986,1,6,1,10,2025,2,11,4.0,,14034
8441987,1,1,1,10,2025,1,72,1.0,,14035
8441988,1,2,1,10,2025,1,43,3.0,,14037
8441990,1,2,1,10,2025,2,65,4.0,,14043
8441991,1,1,1,10,2025,1,37,3.0,600000.0,14044
8441991,1,2,1,10,2025,2,43,3.0,,14045
8441994,1,1,1,10,2025,2,72,3.0,550000.0,14050
8441995,1,1,1,10,2025,2,53,3.0,,14051
8441995,1,2,1,10,2025,2,95,1.0,,14052
8441997,1,5,1,10,2025,2,86,1.0,,14061
8441999,1,2,1,10,2025,2,75,3.0,,14065
8442003,1,1,1,10,2025,1,34,6.0,1150000.0,14071
8442005,1,3,1,10,2025,2,11,4.0,,14076
8442005,1,4,1,10,2025,2,8,3.0,,14077
8442006,1,2,1,10,2025,1,35,11.0,7800000.0,14079
8442009,1,1,1,10,2025,1,70,6.0,1500000.0,14084
8442012,1,2,1,10,2025,2,51,5.0,,14089
8442017,1,2,1,10,2025,2,27,3.0,,14095
8442017,1,3,1,10,2025,2,9,3.0,,14096
8442017,1,4,1,10,2025,2,7,3.0,,14097
8442018,1,1,1,10,2025,1,71,1.0,,14098
8442019,1,2,1,10,2025,1,40,3.0,2800000.0,14101
8442021,1,4,1,10,2025,2,6,3.0,,14107
8442022,1,5,1,10,2025,1,4,1.0,,14112
8442023,1,1,1,10,2025,1,60,3.0,500000.0,14113
8442023,1,4,1,10,2025,2,12,4.0,,14116
8442024,1,1,1,10,2025,1,50,1.0,900000.0,14117
8442024,1,2,1,10,2025,2,60,1.0,,14118
8442026,1,1,1,10,2025,1,69,3.0,500000.0,14120
8442029,1,2,1,10,2025,1,39,4.0,,14122
8442033,1,1,1,10,2025,2,71,3.0,,14124
8442038,1,1,1,10,2025,2,68,5.0,2000000.0,14131
8442039,1,1,1,10,2025,1,32,5.0,1000000.0,14132
8442040,1,1,1,10,2025,1,63,3.0,800000.0,14133
8442040,1,2,1,10,2025,2,68,5.0,170000.0,14134
8442041,1,2,1,10,2025,2,49,5.0,1423000.0,14136
8442043,1,2,1,10,2025,1,40,8.0,1500000.0,14140
8442044,1,2,1,10,2025,2,70,10.0,,14142
8442045,1,1,1,10,2025,2,48,11.0,7300000.0,14143
8442045,1,3,1,10,2025,1,10,3.0,,14145
8442045,1,4,1,10,2025,2,77,11.0,,14146
8442046,1,1,1,10,2025,1,35,5.0,1100000.0,14147
8442048,1,1,1,10,2025,1,60,3.0,1423500.0,14149
8442052,1,1,1,10,2025,1,40,1.0,1000000.0,14155
8442052,1,3,1,10,2025,2,17,5.0,376000.0,14157
8442053,1,2,1,10,2025,2,9,3.0,,14161
8442053,1,3,1,10,2025,1,0,,,14162
8442056,1,1,1,10,2025,2,63,3.0,,14169
8442057,1,1,1,10,2025,2,24,3.0,360000.0,14172
8442059,1,1,1,10,2025,2,37,1.0,520000.0,14175
8442059,1,3,1,10,2025,1,12,3.0,,14177
8442059,1,4,1,10,2025,1,8,3.0,,14178
8442060,1,2,1,10,2025,2,29,9.0,1423000.0,14180
8442061,1,1,1,10,2025,1,75,3.0,,14182
8442064,1,1,1,10,2025,2,54,5.0,,14187
8442065,1,1,1,10,2025,1,67,3.0,,14188
8442067,1,1,1,10,2025,1,33,5.0,1120000.0,14190
8442068,1,2,1,10,2025,2,79,3.0,,14192
8442070,1,2,1,10,2025,1,7,3.0,,14198
8442071,1,2,1,10,2025,2,43,5.0,150000.0,14203
8442072,1,1,1,10,2025,1,70,3.0,,14207
8442073,1,4,1,10,2025,2,17,5.0,,14212
8442074,1,1,1,10,2025,1,45,5.0,900000.0,14213
8442074,1,4,1,10,2025,2,5,2.0,,14216
8442075,1,2,1,10,2025,2,19,8.0,390000.0,14218
8442078,1,1,1,10,2025,2,56,4.0,400000.0,14222
8442081,1,2,1,10,2025,2,86,3.0,,14231
8442082,1,1,1,10,2025,1,70,3.0,640000.0,14233
8442082,1,4,1,10,2025,1,30,3.0,800000.0,14236
8442083,1,3,1,10,2025,1,30,3.0,,14239
8442084,1,1,1,10,2025,1,76,1.0,400000.0,14240
8442085,1,2,1,10,2025,2,85,1.0,,14243
8442087,1,1,1,10,2025,1,74,3.0,1700000.0,14247
8442090,1,1,1,10,2025,1,43,5.0,840000.0,14256
8442091,1,2,1,10,2025,2,53,5.0,,14260
8442091,1,4,1,10,2025,2,24,5.0,150000.0,14262
8442094,1,1,1,10,2025,2,83,3.0,,14267
8442096,1,1,1,10,2025,1,66,3.0,1723500.0,14270
8442096,1,2,1,10,2025,2,59,3.0,350000.0,14271
8442097,1,3,1,10,2025,2,12,4.0,,14275
8442098,1,1,1,10,2025,2,27,8.0,,14276
8442102,1,1,1,10,2025,1,47,10.0,1900000.0,14278
8442102,1,2,1,10,2025,2,57,5.0,,14279
8442109,1,1,1,10,2025,2,86,3.0,,14292
8442110,1,1,1,10,2025,2,83,3.0,,14293
8442110,1,2,1,10,2025,2,63,3.0,800000.0,14294
8442111,1,2,1,10,2025,1,33,5.0,1400000.0,14296
8442112,1,3,1,10,2025,2,34,10.0,2700000.0,14299
8442113,1,1,1,10,2025,2,71,1.0,450000.0,14300
8442114,1,3,1,10,2025,1,36,5.0,1000000.0,14303
8442115,1,1,1,10,2025,1,57,5.0,1400000.0,14305
8442115,2,1,2,10,2025,1,33,10.0,1900000.0,14309
8442115,2,2,2,10,2025,2,31,10.0,4200000.0,14310
8442118,1,2,1,10,2025,2,57,5.0,1500000.0,14317
8442118,1,3,1,10,2025,1,36,10.0,2000000.0,14318
8442123,1,1,1,10,2025,1,50,5.0,800000.0,14325
8442124,1,2,1,10,2025,2,35,5.0,1300000.0,14328
8442126,1,2,1,10,2025,2,27,6.0,,14332
8442127,1,2,1,10,2025,2,55,5.0,1500000.0,14335
8442127,1,3,1,10,2025,2,32,5.0,1500000.0,14336
8442128,1,2,1,10,2025,2,20,3.0,600000.0,14339
8442131,1,2,1,10,2025,1,28,10.0,800000.0,14342
8442134,1,2,1,10,2025,2,23,4.0,,14345
8442136,1,1,1,10,2025,1,41,4.0,1400000.0,14350
8442137,1,4,1,10,2025,1,23,5.0,700000.0,14357
8442138,1,2,1,10,2025,2,14,4.0,,14359
8442139,1,1,1,10,2025,1,39,3.0,900000.0,14360
8442142,1,1,1,10,2025,1,47,3.0,900000.0,14368
8442142,1,3,1,10,2025,2,55,3.0,600000.0,14370
8442143,1,2,1,10,2025,2,33,3.0,200000.0,14372
8442149,1,1,1,10,2025,2,20,5.0,,14383
8442151,1,2,1,10,2025,1,67,3.0,,14390
8442152,1,3,1,10,2025,1,16,10.0,,14393
8442152,1,4,1,10,2025,2,9,3.0,,14394
8442153,1,2,1,10,2025,2,61,1.0,,14396
8442154,1,2,1,10,2025,1,43,10.0,4000000.0,14399
8442156,1,2,1,10,2025,2,61,3.0,,14402
8442158,1,2,1,10,2025,1,21,9.0,400000.0,14406
8442158,1,3,1,10,2025,2,38,5.0,1200000.0,14407
8442158,1,4,1,10,2025,2,21,10.0,,14408
8442159,1,2,1,10,2025,2,25,5.0,8300000.0,14410
8442159,1,4,1,10,2025,2,1,,,14412
8442160,1,1,1,10,2025,1,29,5.0,1600000.0,14413
8442162,1,1,1,10,2025,2,77,4.0,,14417
8442163,1,1,1,10,2025,2,45,8.0,500000.0,14419
8442164,1,2,1,10,2025,2,34,11.0,4300000.0,14423
8442165,1,3,1,10,2025,1,31,5.0,1000000.0,14426
8442166,1,2,1,10,2025,2,16,4.0,,14430
8442166,1,5,1,10,2025,2,21,5.0,1800000.0,14433
8442166,1,6,1,10,2025,2,3,2.0,,14434
8442168,1,1,1,10,2025,2,65,3.0,,14437
8442168,1,2,1,10,2025,1,71,1.0,,14438
8442169,1,1,1,10,2025,2,37,5.0,1423500.0,14442
8442169,1,2,1,10,2025,1,21,5.0,700000.0,14443
8442170,1,1,1,10,2025,2,54,5.0,,14445
8442174,1,2,1,10,2025,1,11,3.0,,14450
8442175,1,2,1,10,2025,2,39,5.0,,14452
8442176,1,5,1,10,2025,2,4,2.0,,14457
8442177,1,1,1,10,2025,2,69,3.0,,14459
8442180,1,1,1,10,2025,2,47,5.0,1423500.0,14474
8442180,1,2,1,10,2025,1,66,3.0,,14475
8442181,1,1,1,10,2025,2,38,8.0,480000.0,14477
8442182,1,5,1,10,2025,1,2,,,14484
8442185,1,1,1,10,2025,1,64,11.0,,14487
8442186,1,3,1,10,2025,1,20,5.0,1423500.0,14492
8442186,1,4,1,10,2025,1,15,4.0,,14493
8442189,1,1,1,10,2025,2,31,5.0,,14497
8442189,1,4,1,10,2025,1,6,2.0,,14500
8442190,1,1,1,10,2025,1,71,3.0,,14501
8442190,1,3,1,10,2025,1,47,4.0,1423500.0,14503
8442194,1,1,1,10,2025,2,39,5.0,1000000.0,14510
8442194,1,4,1,10,2025,2,35,5.0,1423500.0,14513
8442195,1,3,1,10,2025,2,4,1.0,,14516
8442197,1,1,1,10,2025,2,45,4.0,,14522
8442197,1,2,1,10,2025,1,21,4.0,,14523
8442197,1,6,1,10,2025,2,24,5.0,1423500.0,14527
8442198,1,2,1,10,2025,2,17,4.0,,14530
8442201,1,4,1,10,2025,1,36,3.0,1423500.0,14539
8442202,1,1,1,10,2025,2,45,5.0,,14542
8442202,1,4,1,10,2025,2,10,3.0,,14545
8442203,1,1,1,10,2025,2,61,1.0,,14548
8442203,1,2,1,10,2025,2,36,5.0,1873500.0,14549
8442204,1,1,1,10,2025,2,45,5.0,2023500.0,14553
8442204,1,2,1,10,2025,1,18,5.0,600000.0,14554
8442204,1,3,1,10,2025,2,35,10.0,2023500.0,14555
8442206,1,2,1,10,2025,2,26,5.0,1060000.0,14559
8442209,1,1,1,10,2025,1,41,10.0,,14566
8442211,1,1,1,10,2025,1,27,10.0,4900000.0,14571
8442211,1,2,1,10,2025,1,29,10.0,6300000.0,14572
8442214,1,1,1,10,2025,2,28,9.0,4000000.0,14577
8442216,1,4,1,10,2025,2,74,3.0,,14584
8442217,1,2,1,10,2025,1,25,8.0,,14586
8442218,1,1,1,10,2025,2,77,5.0,,14588
8442224,1,2,1,10,2025,1,27,10.0,4000000.0,14603
8442225,1,2,1,10,2025,1,23,5.0,,14605
8442227,1,2,1,10,2025,1,25,12.0,3850000.0,14609
8442228,1,1,1,10,2025,1,66,10.0,6000000.0,14611
8442228,1,3,1,10,2025,2,21,5.0,,14613
8442228,1,6,1,10,2025,1,11,3.0,,14616
8442229,1,3,1,10,2025,1,47,9.0,2050000.0,14619
8442232,1,1,1,10,2025,1,41,10.0,7000000.0,14624
8442232,1,2,1,10,2025,2,30,10.0,,14625
8442234,1,3,1,10,2025,2,28,5.0,,14630
8442235,1,2,1,10,2025,2,73,4.0,,14634
8442236,1,2,1,10,2025,2,55,3.0,,14636
8442236,1,3,1,10,2025,2,23,5.0,1423000.0,14637
8442238,1,1,1,10,2025,1,69,4.0,2120000.0,14641
8442239,1,1,1,10,2025,1,54,3.0,1423500.0,14642
8442239,1,2,1,10,2025,2,49,4.0,1800000.0,14643
8442240,1,2,1,10,2025,2,54,10.0,2850000.0,14645
8442243,1,1,1,10,2025,1,30,9.0,2100000.0,14650
8442246,1,2,1,10,2025,2,78,8.0,,14654
8442249,1,1,1,10,2025,2,45,10.0,1400000.0,14658
8442252,1,1,1,10,2025,2,84,10.0,,14661
8442254,1,1,1,10,2025,2,28,5.0,1700000.0,14665
8442254,1,3,1,10,2025,2,12,4.0,,14667
8442255,1,1,1,10,2025,2,45,10.0,2600000.0,14670
8442257,1,3,1,10,2025,1,24,5.0,1423500.0,14674
8442258,1,1,1,10,2025,1,61,3.0,,14675
8442260,1,6,1,10,2025,2,25,9.0,,14688
8442262,1,1,1,10,2025,1,49,9.0,3100000.0,14691
8442263,1,1,1,10,2025,1,58,3.0,0.0,14694
8442265,1,1,1,10,2025,2,77,10.0,,14698
8442268,1,1,1,10,2025,2,37,11.0,4700000.0,14703
8442268,1,2,1,10,2025,1,42,13.0,9500000.0,14704
8442271,1,2,1,10,2025,2,8,3.0,,14709
8442272,1,1,1,10,2025,1,55,13.0,13000000.0,14710
8442274,1,2,1,10,2025,2,31,10.0,7000000.0,14715
8442276,1,1,1,10,2025,1,39,10.0,8300000.0,14717
8442280,1,1,1,10,2025,2,77,3.0,,14724
8442283,1,1,1,10,2025,2,73,4.0,,14730
8442283,1,2,1,10,2025,1,45,5.0,3000000.0,14731
8442285,1,1,1,10,2025,2,62,10.0,,14736
8442285,1,2,1,10,2025,2,85,6.0,,14737
8442286,1,1,1,10,2025,2,68,10.0,5000000.0,14739
8442286,1,2,1,10,2025,1,29,12.0,13000000.0,14740
8442286,1,3,1,10,2025,2,27,10.0,2400000.0,14741
8442288,1,1,1,10,2025,2,41,5.0,1423500.0,14743
8442289,1,2,1,10,2025,1,35,11.0,12000000.0,14747
8442290,1,2,1,10,2025,1,19,5.0,,14749
8442292,1,2,1,10,2025,2,72,4.0,,14752
8442292,1,3,1,10,2025,2,49,3.0,,14753
8442292,1,4,1,10,2025,1,46,3.0,2000000.0,14754
8442292,1,5,1,10,2025,2,10,3.0,,14755
8442293,1,1,1,10,2025,2,67,5.0,,14756
8442295,1,1,1,10,2025,1,67,11.0,8000000.0,14759
8442300,1,1,1,10,2025,2,34,12.0,7000000.0,14766
8442301,1,2,1,10,2025,1,50,8.0,3000000.0,14770
8442302,1,4,1,10,2025,1,17,5.0,,14778
8442304,1,1,1,10,2025,2,34,10.0,3500000.0,14781
8442305,1,5,1,10,2025,1,6,3.0,,14786
8442306,1,1,1,10,2025,2,39,3.0,,14787
8442306,1,2,1,10,2025,1,45,5.0,1420000.0,14788
8442307,1,1,1,10,2025,1,63,6.0,1420000.0,14792
8442308,1,1,1,10,2025,2,25,5.0,200000.0,14796
8442310,1,2,1,10,2025,2,14,4.0,,14803
8442313,1,2,1,10,2025,1,60,5.0,480000.0,14815
8442314,1,6,1,10,2025,2,65,3.0,,14822
8442314,1,7,1,10,2025,1,70,3.0,,14823
8442314,1,8,1,10,2025,1,38,5.0,1200000.0,14824
8442315,1,1,1,10,2025,2,67,5.0,,14826
8442316,1,3,1,10,2025,2,16,5.0,,14831
8442316,1,4,1,10,2025,2,8,3.0,,14832
8442317,1,4,1,10,2025,1,35,5.0,1425000.0,14837
8442319,1,1,1,10,2025,1,33,4.0,600000.0,14841
8442319,1,3,1,10,2025,2,9,3.0,,14843
8442320,1,2,1,10,2025,1,79,3.0,900000.0,14845
8442321,1,2,1,10,2025,2,30,8.0,,14848
8442323,1,1,1,10,2025,2,62,3.0,,14853
8442324,1,2,1,10,2025,1,36,8.0,1423500.0,14857
8442324,1,3,1,10,2025,2,12,4.0,,14858
8442326,1,3,1,10,2025,1,12,3.0,,14866
8442328,1,1,1,10,2025,2,49,9.0,1800000.0,14871
8442331,1,1,1,10,2025,2,40,5.0,400000.0,14873
8442332,1,1,1,10,2025,1,41,5.0,3500000.0,14875
8442333,1,1,1,10,2025,2,32,4.0,350000.0,14879
8442335,1,1,1,10,2025,2,58,8.0,550000.0,14885
8442335,1,2,1,10,2025,2,24,9.0,,14886
8442335,1,3,1,10,2025,2,24,9.0,,14887
8442335,1,4,1,10,2025,2,81,3.0,,14888
8442339,1,1,1,10,2025,1,53,5.0,800000.0,14893
8442340,1,1,1,10,2025,1,27,8.0,400000.0,14894
8442341,1,4,1,10,2025,2,15,4.0,,14900
8442341,1,5,1,10,2025,1,11,4.0,,14901
8442342,1,1,1,10,2025,2,70,10.0,,14903
8442344,1,3,1,10,2025,1,24,9.0,,14909
8442344,1,4,1,10,2025,1,19,10.0,,14910
8442346,1,2,1,10,2025,1,63,5.0,,14915
8442352,1,2,1,10,2025,2,49,8.0,,14931
8442353,1,3,1,10,2025,2,29,9.0,2000000.0,14935
8442353,1,4,1,10,2025,1,11,3.0,,14936
8442354,1,2,1,10,2025,2,65,8.0,,14939
8442355,1,3,1,10,2025,1,7,3.0,,14944
8442356,1,5,1,10,2025,2,25,4.0,,14949
8442356,1,6,1,10,2025,2,1,,,14950
8442361,1,2,1,10,2025,1,64,1.0,250000.0,14959
8442362,1,1,1,10,2025,2,78,3.0,,14961
8442362,1,3,1,10,2025,1,16,5.0,,14963
8442365,1,2,1,10,2025,2,38,10.0,,14968
8442366,1,2,1,10,2025,2,19,8.0,,14971
8442371,1,1,1,10,2025,2,77,3.0,,14978
8442372,1,1,1,10,2025,1,65,3.0,,14981
8442372,1,3,1,10,2025,2,16,5.0,,14983
8442374,1,2,1,10,2025,1,45,5.0,2000000.0,14987
8442379,1,1,1,10,2025,1,63,5.0,300000.0,14997
8442380,1,2,1,10,2025,2,17,10.0,,15000
8442380,1,4,1,10,2025,2,1,,,15002
8442383,1,1,1,10,2025,2,77,3.0,,15006
8442384,1,3,1,10,2025,1,16,10.0,,15009
8442386,1,1,1,10,2025,1,72,11.0,,15013
8442386,1,2,1,10,2025,2,69,11.0,6400000.0,15014
8442386,1,3,1,10,2025,1,39,11.0,,15015
8442387,1,2,1,10,2025,1,51,11.0,5000000.0,15017
8442387,1,4,1,10,2025,1,9,3.0,,15019
8442388,1,2,1,10,2025,1,13,4.0,,15021
8442390,1,1,1,10,2025,2,30,5.0,850000.0,15025
8442393,1,1,1,10,2025,1,23,10.0,,15029
8442395,1,4,1,10,2025,2,14,4.0,,15036
8442396,1,1,1,10,2025,2,53,11.0,,15037
8442397,1,2,1,10,2025,2,74,3.0,,15039
8442397,1,3,1,10,2025,2,18,5.0,,15040
8442400,1,1,1,10,2025,2,81,3.0,,15045
8442401,1,1,1,10,2025,1,80,1.0,100000.0,15046
8442402,1,1,1,10,2025,2,56,8.0,,15047
8442408,1,1,1,10,2025,1,85,4.0,,15060
8442408,1,3,1,10,2025,2,13,4.0,,15062
8442409,1,1,1,10,2025,1,84,3.0,,15063
8442411,1,1,1,10,2025,2,22,8.0,1423500.0,15066
8442413,1,4,1,10,2025,2,18,5.0,,15071
8442413,1,5,1,10,2025,1,57,4.0,1600000.0,15072
8442414,1,2,1,10,2025,1,17,5.0,,15074
8442419,1,1,1,10,2025,2,55,3.0,,15084
8442420,1,2,1,10,2025,1,25,5.0,1200000.0,15087
8442428,1,1,1,10,2025,2,45,5.0,800000.0,15099
8442429,1,2,1,10,2025,2,12,4.0,,15101
8442432,1,2,1,10,2025,2,72,10.0,,15106
8442432,1,3,1,10,2025,1,70,10.0,1900000.0,15107
8442433,1,1,1,10,2025,1,78,10.0,,15108
8442434,1,1,1,10,2025,2,101,3.0,,15111
8442434,1,2,1,10,2025,1,67,5.0,,15112
8442435,1,3,1,10,2025,1,12,4.0,,15115
8442436,1,2,1,10,2025,2,9,3.0,,15117
8442437,1,1,1,10,2025,2,86,3.0,,15119
8442438,1,1,1,10,2025,1,48,13.0,8700000.0,15120
8442443,1,1,1,10,2025,1,66,3.0,,15131
8442444,1,1,1,10,2025,2,46,5.0,650000.0,15134
8442444,1,2,1,10,2025,1,49,5.0,1400000.0,15135
8442445,1,2,1,10,2025,1,66,3.0,,15139
8442445,1,3,1,10,2025,1,39,5.0,960000.0,15140
8442445,1,4,1,10,2025,2,54,3.0,,15141
8442447,1,1,1,10,2025,1,58,9.0,1800000.0,15143
8442447,1,3,1,10,2025,1,22,10.0,,15145
8442448,1,1,1,10,2025,2,49,5.0,,15148
8442448,1,5,1,10,2025,2,6,3.0,,15152
8442451,1,3,1,10,2025,1,6,3.0,,15157
8442454,1,1,1,10,2025,1,39,8.0,1600000.0,15162
8442454,1,2,1,10,2025,2,30,10.0,1600000.0,15163
8442455,1,1,1,10,2025,1,72,4.0,,15167
8442457,1,2,1,10,2025,2,47,10.0,2300000.0,15171
8442458,1,2,1,10,2025,2,25,10.0,,15174
8442459,1,4,1,10,2025,2,84,3.0,,15180
8442468,1,1,1,10,2025,1,49,4.0,1600000.0,15195
8442469,1,2,1,10,2025,1,5,3.0,,15200
8442470,1,1,1,10,2025,1,46,5.0,1423500.0,15201
8442471,1,1,1,10,2025,2,61,3.0,,15207
8442473,1,1,1,10,2025,2,39,5.0,1100000.0,15214
8442474,1,3,1,10,2025,1,13,4.0,,15218
8442474,1,4,1,10,2025,1,0,,,15219
8442476,1,2,1,10,2025,2,56,4.0,,15223
8442481,1,2,1,10,2025,2,31,7.0,52000.0,15231
8442481,1,4,1,10,2025,2,1,,,15233
8442482,1,1,1,10,2025,2,31,5.0,,15234
8442482,1,2,1,10,2025,1,12,4.0,,15235
8442484,1,1,1,10,2025,2,45,5.0,,15241
8442486,1,4,1,10,2025,2,11,4.0,,15248
8442487,1,1,1,10,2025,2,43,5.0,100000.0,15249
8442487,1,2,1,10,2025,1,39,5.0,1423500.0,15250
8442488,1,1,1,10,2025,1,65,4.0,200000.0,15252
8442489,1,1,1,10,2025,1,75,3.0,300000.0,15253
8442490,1,3,1,10,2025,2,34,11.0,4000000.0,15257
8442491,1,1,1,10,2025,1,25,5.0,1423500.0,15258
8442491,1,4,1,10,2025,1,21,8.0,1423500.0,15261
8442493,1,1,1,10,2025,2,62,5.0,,15263
8442495,1,2,1,10,2025,1,69,3.0,800000.0,15268
8442496,1,1,1,10,2025,2,68,3.0,,15269
8442497,1,3,1,10,2025,2,17,10.0,,15274
8442500,1,1,1,10,2025,2,59,3.0,800000.0,15280
8442500,1,2,1,10,2025,1,77,1.0,,15281
8442501,1,1,1,10,2025,2,29,10.0,2500000.0,15282
8442503,1,1,1,10,2025,2,61,10.0,,15289
8442504,1,1,1,10,2025,1,54,1.0,1040000.0,15290
8442504,1,2,1,10,2025,2,69,3.0,,15291
8442504,1,3,1,10,2025,1,21,5.0,1160000.0,15292
8442506,1,2,1,10,2025,2,28,5.0,,15297
8442506,1,4,1,10,2025,1,6,2.0,,15299
8442508,1,1,1,10,2025,1,78,3.0,,15301
8442509,1,2,1,10,2025,1,23,5.0,,15303
8442510,1,3,1,10,2025,1,2,,,15306
8442510,1,4,1,10,2025,2,16,4.0,,15307
8442511,1,1,1,10,2025,2,44,9.0,1500000.0,15308
8442511,1,3,1,10,2025,1,11,3.0,,15310
8442513,1,1,1,10,2025,1,85,10.0,,15311
8442513,1,3,1,10,2025,2,53,8.0,,15313
8442514,1,1,1,10,2025,2,74,10.0,,15314
8442515,1,1,1,10,2025,2,25,3.0,,15315
8442515,1,2,1,10,2025,2,8,3.0,,15316
8442516,1,1,1,10,2025,1,45,3.0,800000.0,15318
8442517,1,1,1,10,2025,2,78,1.0,,15319
8442518,1,1,1,10,2025,1,47,10.0,2500000.0,15320
8442518,1,2,1,10,2025,2,44,8.0,900000.0,15321
8442518,1,3,1,10,2025,1,18,10.0,,15322
8442522,1,1,1,10,2025,1,33,10.0,950000.0,15332
8442526,1,1,1,10,2025,1,69,3.0,,15336
8442527,1,2,1,10,2025,1,48,3.0,,15338
8442535,1,1,1,10,2025,1,30,5.0,500000.0,15349
8442535,1,2,1,10,2025,2,24,5.0,,15350
8442535,1,3,1,10,2025,1,5,2.0,,15351
8442537,1,2,1,10,2025,2,13,4.0,,15358
8442539,1,1,1,10,2025,2,36,5.0,600000.0,15362
8442540,1,3,1,10,2025,1,4,2.0,,15366
8442541,1,2,1,10,2025,1,21,10.0,,15368
8442543,1,2,1,10,2025,2,56,3.0,,15373
8442543,1,4,1,10,2025,1,4,2.0,,15375
8442544,1,1,1,10,2025,1,37,10.0,1800000.0,15377
8442545,1,3,1,10,2025,2,6,3.0,,15380
8442548,1,1,1,10,2025,2,39,10.0,,15383
8442548,1,3,1,10,2025,1,6,3.0,,15385
8442549,1,1,1,10,2025,2,55,5.0,1423500.0,15386
8442549,1,4,1,10,2025,2,4,2.0,,15389
8442550,1,2,1,10,2025,2,58,10.0,4500000.0,15391
8442552,1,2,1,10,2025,2,13,4.0,,15393
8442553,1,1,1,10,2025,2,56,5.0,500000.0,15395
8442555,1,4,1,10,2025,1,5,2.0,,15404
8442556,1,2,1,10,2025,1,53,5.0,,15407
8442567,1,2,1,10,2025,2,51,3.0,,15426
8442567,1,3,1,10,2025,2,20,5.0,,15427
8442569,1,2,1,10,2025,1,36,3.0,400000.0,15431
8442570,1,2,1,10,2025,1,80,3.0,200000.0,15435
8442581,1,1,1,10,2025,2,45,4.0,,15443
8442581,1,2,1,10,2025,1,37,5.0,1423500.0,15444
8442582,1,2,1,10,2025,2,56,3.0,,15446
8442583,1,4,1,10,2025,2,9,3.0,,15450
8442586,1,1,1,10,2025,2,29,5.0,,15455
8442591,1,1,1,10,2025,1,69,6.0,3600000.0,15467
8442592,1,1,1,10,2025,1,81,3.0,,15468
8442595,1,1,1,10,2025,2,25,10.0,,15471
8442596,1,2,1,10,2025,1,44,4.0,900000.0,15473
8442597,1,1,1,10,2025,2,32,5.0,,15474
8442597,1,2,1,10,2025,1,44,3.0,,15475
8442597,1,3,1,10,2025,1,10,3.0,,15476
8442597,1,4,1,10,2025,2,5,3.0,,15477
8442598,1,2,1,10,2025,1,80,1.0,,15479
8442601,1,2,1,10,2025,1,65,10.0,,15484
8442603,1,1,1,10,2025,1,40,12.0,5000000.0,15488
8442607,1,2,1,10,2025,2,53,5.0,,15495
8442608,1,2,1,10,2025,1,51,8.0,1423500.0,15497
8442608,1,3,1,10,2025,1,9,3.0,,15498
8442611,1,1,1,10,2025,2,78,5.0,,15502
8442611,1,2,1,10,2025,2,41,8.0,1423500.0,15503
8442614,1,1,1,10,2025,1,49,8.0,,15506
8442615,1,1,1,10,2025,1,63,4.0,1200000.0,15508
8442616,1,3,1,10,2025,2,37,8.0,,15511
8442618,1,2,1,10,2025,1,11,4.0,,15516
8442619,1,1,1,10,2025,1,49,3.0,300000.0,15518
8442619,1,2,1,10,2025,2,71,5.0,300000.0,15519
8442623,1,2,1,10,2025,2,41,8.0,3100000.0,15526
8442626,1,1,1,10,2025,1,33,3.0,,15531
8442627,1,3,1,10,2025,1,30,10.0,,15534
8442628,1,4,1,10,2025,2,16,5.0,,15538
8442628,1,5,1,10,2025,2,15,4.0,,15539
8442629,1,1,1,10,2025,2,78,5.0,1200000.0,15540
8442630,1,3,1,10,2025,1,4,1.0,,15544
8442634,1,2,1,10,2025,1,62,3.0,,15550
8442644,1,2,1,10,2025,2,32,9.0,,15572
8442645,1,2,1,10,2025,2,53,5.0,,15574
8442646,1,2,1,10,2025,1,12,4.0,,15578
8442649,1,1,1,10,2025,2,60,4.0,,15583
8442650,1,3,1,10,2025,2,39,5.0,1220000.0,15587
8442651,1,1,1,10,2025,2,67,4.0,,15590
8442653,1,2,1,10,2025,1,43,5.0,350000.0,15592
8442654,1,3,1,10,2025,1,10,4.0,,15595
8442654,1,5,1,10,2025,2,2,,,15597
8442656,1,1,1,10,2025,2,34,5.0,1423500.0,15602
8442656,1,3,1,10,2025,1,13,4.0,,15604
8442658,1,1,1,10,2025,2,43,10.0,1500000.0,15606
8442659,1,1,1,10,2025,2,59,5.0,1000000.0,15609
8442661,1,2,1,10,2025,1,32,11.0,2600000.0,15612
8442662,1,1,1,10,2025,2,37,4.0,1000000.0,15614
8442663,1,4,1,10,2025,1,10,3.0,,15620
8442664,1,1,1,10,2025,1,29,5.0,1623500.0,15621
8442664,1,2,1,10,2025,2,29,5.0,,15622
8442665,1,2,1,10,2025,1,43,5.0,1800000.0,15624
8442665,1,4,1,10,2025,1,11,4.0,,15626
8442665,1,5,1,10,2025,1,5,2.0,,15627
8442666,1,1,1,10,2025,1,25,5.0,840000.0,15628
8442667,1,4,1,10,2025,1,10,4.0,,15632
8442668,1,2,1,10,2025,1,43,5.0,,15634
8442668,1,3,1,10,2025,1,14,5.0,,15635
8442669,1,2,1,10,2025,2,27,5.0,400000.0,15637
8442669,1,3,1,10,2025,1,9,3.0,,15638
8442672,1,2,1,10,2025,2,30,5.0,600000.0,15649
8442674,1,2,1,10,2025,1,23,5.0,2000000.0,15655
8442674,1,3,1,10,2025,2,0,,,15656
8442677,1,2,1,10,2025,2,35,10.0,1423500.0,15663
8442677,1,3,1,10,2025,1,14,4.0,,15664
8442679,1,5,1,10,2025,2,31,11.0,2700000.0,15671
8442680,1,2,1,10,2025,1,56,8.0,,15673
8442682,1,1,1,10,2025,2,62,3.0,250000.0,15676
8442683,1,1,1,10,2025,1,63,3.0,1500000.0,15680
8442683,1,3,1,10,2025,1,37,5.0,1200000.0,15682
8442684,1,2,1,10,2025,1,12,4.0,,15684
8442684,1,3,1,10,2025,1,10,3.0,,15685
8442684,1,4,1,10,2025,2,65,3.0,,15686
8442685,1,4,1,10,2025,1,18,5.0,,15690
8442686,1,2,1,10,2025,2,69,1.0,,15692
8442691,1,2,1,10,2025,1,14,4.0,,15700
8442691,1,3,1,10,2025,2,13,4.0,,15701
8442694,1,1,1,10,2025,1,62,3.0,1500000.0,15706
8442700,1,4,1,10,2025,2,12,4.0,,15723
8442701,1,2,1,10,2025,2,35,5.0,,15725
8442708,1,2,1,10,2025,1,66,3.0,200000.0,15742
8442710,1,2,1,10,2025,1,18,10.0,,15747
8442711,1,1,1,10,2025,1,54,3.0,1500000.0,15748
8442712,1,1,1,10,2025,2,59,5.0,,15749
8442712,1,2,1,10,2025,2,89,3.0,,15750
8442713,1,1,1,10,2025,1,38,10.0,1700000.0,15751
8442717,1,2,1,10,2025,1,9,3.0,,15759
8442717,1,4,1,10,2025,2,29,8.0,450000.0,15761
8442719,1,1,1,10,2025,1,84,5.0,,15763
8442720,1,3,1,10,2025,1,14,4.0,,15766
8442721,1,1,1,10,2025,1,62,4.0,350000.0,15768
8442721,1,3,1,10,2025,1,23,1.0,,15770
8442721,1,4,1,10,2025,1,35,3.0,1423500.0,15771
8442722,1,2,1,10,2025,1,30,10.0,10300000.0,15775
8442724,1,1,1,10,2025,2,43,5.0,600000.0,15778
8442725,1,2,1,10,2025,1,17,5.0,800000.0,15783
8442726,1,3,1,10,2025,1,20,6.0,1423500.0,15787
8442727,1,1,1,10,2025,1,30,5.0,1400000.0,15788
8442730,1,2,1,10,2025,1,24,9.0,1823000.0,15793
8442733,1,1,1,10,2025,2,35,5.0,1423500.0,15798
8442733,1,2,1,10,2025,1,49,4.0,,15799
8442735,1,3,1,10,2025,1,15,6.0,,15808
8442737,1,1,1,10,2025,2,29,10.0,,15811
8442737,1,2,1,10,2025,1,11,4.0,,15812
8442738,1,1,1,10,2025,1,50,10.0,4700000.0,15815
8442738,1,2,1,10,2025,2,45,10.0,,15816
8442739,1,1,1,10,2025,2,39,5.0,1800000.0,15817
8442739,1,2,1,10,2025,1,3,1.0,,15818
8442740,1,3,1,10,2025,2,94,1.0,,15821
8442743,1,2,1,10,2025,2,17,4.0,,15830
8442744,1,2,1,10,2025,2,12,4.0,,15832
8442745,1,2,1,10,2025,1,21,4.0,600000.0,15834
8442746,1,1,1,10,2025,1,39,3.0,1560000.0,15835
8442746,1,5,1,10,2025,2,27,5.0,250000.0,15839
8442748,1,1,1,10,2025,2,33,5.0,,15842
8442749,1,2,1,10,2025,2,12,4.0,,15847
8442749,1,4,1,10,2025,1,25,6.0,1423500.0,15849
8442750,1,1,1,10,2025,2,23,10.0,,15850
8442752,1,3,1,10,2025,1,18,4.0,2000000.0,15854
8442755,1,1,1,10,2025,2,32,11.0,8910000.0,15859
8442759,1,2,1,10,2025,1,13,4.0,,15864
8442760,1,1,1,10,2025,2,38,5.0,1423500.0,15866
8442761,1,4,1,10,2025,2,12,4.0,,15874
8442762,1,1,1,10,2025,1,70,4.0,12000000.0,15875
8442764,1,1,1,10,2025,1,29,10.0,4500000.0,15878
8442765,1,1,1,10,2025,2,48,5.0,,15879
8442768,1,1,1,10,2025,2,37,5.0,1200000.0,15887
8442768,1,2,1,10,2025,2,18,8.0,,15888
8442768,1,3,1,10,2025,2,15,4.0,,15889
8442768,1,5,1,10,2025,2,34,1.0,,15891
8442772,1,2,1,10,2025,1,60,5.0,1400000.0,15898
8442773,1,1,1,10,2025,2,63,5.0,1423500.0,15899
8442775,1,4,1,10,2025,1,1,,,15908
8442776,1,1,1,10,2025,1,28,11.0,2500000.0,15909
8442778,1,2,1,10,2025,2,19,10.0,,15913
8442778,1,3,1,10,2025,2,70,4.0,,15914
8442779,1,1,1,10,2025,1,72,10.0,,15915
8442780,1,1,1,10,2025,2,54,5.0,2023500.0,15916
8442784,1,2,1,10,2025,1,35,8.0,2000000.0,15924
8442788,1,2,1,10,2025,2,17,6.0,,15931
8442793,1,2,1,10,2025,1,29,10.0,1423500.0,15938
8442794,1,1,1,10,2025,2,51,8.0,300000.0,15939
8442794,1,4,1,10,2025,1,11,4.0,,15942
8442795,1,2,1,10,2025,1,47,3.0,300000.0,15944
8442798,1,1,1,10,2025,1,32,5.0,3300000.0,15948
8442800,1,2,1,10,2025,1,10,3.0,,15955
8442805,1,1,1,10,2025,1,39,5.0,3200000.0,15968
8442805,1,3,1,10,2025,1,8,3.0,,15970
8442807,1,1,1,10,2025,1,25,5.0,1423500.0,15972
8442808,1,1,1,10,2025,2,69,3.0,90000.0,15973
8442809,1,1,1,10,2025,1,67,5.0,1200000.0,15974
8442810,1,3,1,10,2025,1,19,5.0,,15977
8442811,1,3,1,10,2025,2,26,9.0,,15981
8442812,1,2,1,10,2025,1,18,5.0,,15985
8442813,1,2,1,10,2025,2,30,8.0,1350000.0,15989
8442815,1,3,1,10,2025,2,16,4.0,,16001
8442816,1,3,1,10,2025,2,16,5.0,,16004
8442816,1,4,1,10,2025,2,3,1.0,,16005
8442818,1,1,1,10,2025,2,79,1.0,,16010
8442819,1,2,1,10,2025,2,47,5.0,1423500.0,16014
8442819,1,3,1,10,2025,2,32,5.0,1000000.0,16015
8442820,1,3,1,10,2025,1,16,5.0,,16018
8442821,1,1,1,10,2025,2,40,11.0,4000000.0,16019
8442821,1,3,1,10,2025,1,11,4.0,,16021
8442822,1,1,1,10,2025,1,53,10.0,700000.0,16022
8442822,1,3,1,10,2025,2,15,4.0,,16024
8442824,1,1,1,10,2025,1,68,5.0,,16026
8442827,1,2,1,10,2025,2,55,10.0,7300000.0,16032
8442828,1,1,1,10,2025,1,57,8.0,,16033
8442829,1,2,1,10,2025,1,33,10.0,,16035
8442830,1,1,1,10,2025,1,49,3.0,1423500.0,16036
8442831,1,1,1,10,2025,1,69,5.0,,16040
8442831,1,3,1,10,2025,2,10,4.0,,16042
8442832,1,1,1,10,2025,2,68,5.0,,16043
8442832,1,2,1,10,2025,2,27,11.0,6400000.0,16044
8442834,1,3,1,10,2025,1,27,10.0,,16049
8442835,1,2,1,10,2025,1,8,3.0,,16051
8442838,1,6,1,10,2025,2,20,10.0,,16063
8442840,1,1,1,10,2025,2,68,4.0,300000.0,16067
8442840,1,4,1,10,2025,2,15,5.0,,16070
8442842,1,1,1,10,2025,1,56,4.0,600000.0,16072
8442843,1,1,1,10,2025,2,67,3.0,,16074
8442845,1,3,1,10,2025,1,43,5.0,920000.0,16078
8442847,1,1,1,10,2025,1,50,5.0,1423000.0,16080
8442850,1,3,1,10,2025,1,12,4.0,,16086
8442851,1,4,1,10,2025,2,91,3.0,,16090
8442854,1,1,1,10,2025,1,25,10.0,2000000.0,16096
8442855,1,1,1,10,2025,2,78,3.0,,16098
8442855,1,4,1,10,2025,1,75,5.0,,16101
8442857,1,1,1,10,2025,2,51,5.0,,16103
8442859,1,3,1,10,2025,2,23,10.0,,16107
8442861,1,2,1,10,2025,1,43,4.0,1600000.0,16112
8442863,1,1,1,10,2025,2,27,11.0,3200000.0,16116
8442866,1,1,1,10,2025,2,54,10.0,1423000.0,16120
8442867,1,3,1,10,2025,1,30,5.0,1423500.0,16123
8442868,1,1,1,10,2025,1,40,4.0,400000.0,16124
8442869,1,1,1,10,2025,1,26,5.0,1200000.0,16127
8442869,1,2,1,10,2025,2,24,10.0,820000.0,16128
8442870,1,1,1,10,2025,1,58,5.0,1850000.0,16130
8442871,1,2,1,10,2025,2,79,3.0,,16132
8442872,1,2,1,10,2025,1,58,3.0,1500000.0,16136
8442872,1,4,1,10,2025,1,15,5.0,,16138
8442873,1,2,1,10,2025,2,29,4.0,,16140
8442873,1,3,1,10,2025,1,2,,,16141
8442874,1,1,1,10,2025,2,24,5.0,1500000.0,16142
8442876,1,1,1,10,2025,2,34,12.0,3500000.0,16147
8442878,1,1,1,10,2025,1,63,9.0,800000.0,16151
8442878,1,4,1,10,2025,2,20,9.0,,16154
8442881,1,1,1,10,2025,2,47,5.0,1100000.0,16159
8442881,1,2,1,10,2025,1,17,5.0,,16160
8442883,1,1,1,10,2025,1,37,8.0,3200000.0,16166
8442884,1,1,1,10,2025,1,44,4.0,2000000.0,16168
8442884,1,3,1,10,2025,1,26,9.0,1900000.0,16170
8442884,1,4,1,10,2025,2,20,10.0,,16171
8442889,1,3,1,10,2025,2,1,,,16176
8442889,1,4,1,10,2025,1,19,5.0,1200000.0,16177
8442890,1,2,1,10,2025,2,5,1.0,,16179
8442892,1,4,1,10,2025,1,16,4.0,,16184
8442894,1,1,1,10,2025,2,56,5.0,,16189
8442895,1,1,1,10,2025,2,59,3.0,,16190
8442896,1,1,1,10,2025,2,49,5.0,,16194
8442896,1,3,1,10,2025,1,21,10.0,,16196
8442897,1,1,1,10,2025,2,38,4.0,400000.0,16198
8442900,1,1,1,10,2025,1,34,5.0,2600000.0,16203
8442901,1,2,1,10,2025,2,15,5.0,,16205
8442902,1,2,1,10,2025,2,38,5.0,600000.0,16207
8442902,1,4,1,10,2025,1,7,3.0,,16209
8442908,1,1,1,10,2025,1,66,11.0,1000000.0,16218
8442909,1,1,1,10,2025,2,65,5.0,,16221
8442910,1,1,1,10,2025,1,27,4.0,2300000.0,16222
8442911,1,1,1,10,2025,2,73,4.0,,16224
8442914,1,2,1,10,2025,1,7,3.0,,16228
8442915,1,2,1,10,2025,2,87,3.0,,16230
8442916,1,1,1,10,2025,2,74,3.0,,16232
8442916,1,2,1,10,2025,1,42,10.0,600000.0,16233
8442917,1,1,1,10,2025,2,46,10.0,4300000.0,16234
8442918,1,1,1,10,2025,2,84,3.0,,16235
8442919,1,3,1,10,2025,2,14,4.0,,16238
8442920,1,3,1,10,2025,2,43,10.0,,16241
8442922,1,1,1,10,2025,1,28,8.0,,16247
8442923,1,2,1,10,2025,1,15,4.0,,16249
8442923,1,4,1,10,2025,1,5,2.0,,16251
8442924,1,3,1,10,2025,2,9,3.0,,16254
8442924,1,4,1,10,2025,2,3,1.0,,16255
8442925,1,1,1,10,2025,2,70,5.0,,16256
8442925,1,3,1,10,2025,2,37,11.0,6000000.0,16258
8442926,1,2,1,10,2025,2,57,4.0,,16260
8442926,1,4,1,10,2025,2,10,3.0,,16262
8442926,1,5,1,10,2025,1,8,3.0,,16263
8442927,1,3,1,10,2025,2,6,3.0,,16266
8442928,1,1,1,10,2025,1,43,5.0,1800000.0,16267
8442932,1,4,1,10,2025,2,25,8.0,,16283
8442933,1,2,1,10,2025,2,18,3.0,,16286
8442936,1,1,1,10,2025,2,63,3.0,,16293
8442936,1,4,1,10,2025,1,9,3.0,,16296
8442938,1,5,1,10,2025,2,9,3.0,,16305
8442940,1,1,1,10,2025,1,50,3.0,,16309
8442942,1,1,1,10,2025,1,61,3.0,,16314
8442942,1,2,1,10,2025,2,60,3.0,,16315
8442944,1,1,1,10,2025,1,31,5.0,1423500.0,16317
8442946,1,1,1,10,2025,1,55,12.0,12000000.0,16321
8442948,1,3,1,10,2025,2,16,5.0,,16328
8442950,1,1,1,10,2025,1,35,3.0,1400000.0,16331
8442951,1,1,1,10,2025,2,45,8.0,1423500.0,16334
8442953,1,2,1,10,2025,2,56,4.0,,16337
8442954,1,2,1,10,2025,1,17,5.0,,16339
8442956,1,2,1,10,2025,2,60,5.0,1820000.0,16342
8442958,1,2,1,10,2025,2,71,3.0,,16346
8442959,1,3,1,10,2025,1,18,4.0,,16349
8442960,1,1,1,10,2025,1,52,9.0,2000000.0,16350
8442960,1,2,1,10,2025,2,55,10.0,5100000.0,16351
8442961,1,1,1,10,2025,1,64,3.0,,16352
8442961,1,2,1,10,2025,2,53,5.0,1450000.0,16353
8442963,1,2,1,10,2025,1,26,8.0,2210000.0,16356
8442964,1,1,1,10,2025,2,41,8.0,750000.0,16357
8442965,1,2,1,10,2025,1,58,4.0,,16360
8442967,1,1,1,10,2025,1,36,8.0,1423500.0,16363
8442967,1,3,1,10,2025,2,12,4.0,,16365
8442967,1,4,1,10,2025,2,10,3.0,,16366
8442968,1,2,1,10,2025,1,60,3.0,1000000.0,16368
8442968,1,3,1,10,2025,2,40,6.0,,16369
8442969,1,1,1,10,2025,2,82,3.0,,16373
8442970,1,1,1,10,2025,2,62,3.0,,16375
8442972,1,1,1,10,2025,2,52,6.0,,16381
8442972,1,2,1,10,2025,1,63,3.0,600000.0,16382
8442973,1,1,1,10,2025,2,59,3.0,,16384
8442974,1,1,1,10,2025,1,27,5.0,750000.0,16386
8442976,1,5,1,10,2025,2,56,5.0,,16392
8442978,1,1,1,10,2025,1,49,5.0,500000.0,16396
8442979,1,3,1,10,2025,2,35,6.0,240000.0,16401
8442980,1,2,1,10,2025,2,24,5.0,,16403
8442980,1,3,1,10,2025,2,7,3.0,,16404
8442981,1,3,1,10,2025,1,11,4.0,,16408
8442981,1,4,1,10,2025,1,9,3.0,,16409
8442981,2,1,2,10,2025,1,76,3.0,,16412
8442982,1,1,1,10,2025,1,59,5.0,,16413
8442985,1,1,1,10,2025,1,85,1.0,,16419
8442987,1,1,1,10,2025,1,30,4.0,1600000.0,16422
8442988,1,1,1,10,2025,1,70,8.0,,16425
8442989,1,2,1,10,2025,2,64,10.0,,16428
8442990,1,1,1,10,2025,1,23,5.0,1000000.0,16429
8442990,1,2,1,10,2025,2,22,8.0,,16430
8442991,1,1,1,10,2025,2,55,3.0,945000.0,16432
8442997,1,3,1,10,2025,2,18,10.0,,16441
8442999,1,1,1,10,2025,1,55,11.0,10000000.0,16445
8443000,1,1,1,10,2025,2,82,1.0,,16448
8443001,1,1,1,10,2025,2,74,3.0,,16449
8443001,1,3,1,10,2025,2,58,4.0,,16451
8443002,1,1,1,10,2025,1,34,5.0,3443000.0,16453
8443003,1,1,1,10,2025,1,73,4.0,,16454
8443005,1,1,1,10,2025,1,49,4.0,3000000.0,16457
8443006,1,1,1,10,2025,1,25,5.0,1800000.0,16458
8443008,1,1,1,10,2025,1,36,4.0,,16463
8443008,1,5,1,10,2025,1,11,3.0,,16467
8443009,1,1,1,10,2025,2,35,5.0,,16468
8443010,1,3,1,10,2025,2,26,5.0,740000.0,16474
8443011,1,3,1,10,2025,1,4,2.0,,16479
8443012,1,3,1,10,2025,2,3,2.0,,16483
8443014,1,1,1,10,2025,1,53,5.0,600000.0,16487
8443014,1,3,1,10,2025,1,24,5.0,1423500.0,16489
8443014,1,4,1,10,2025,1,21,5.0,720000.0,16490
8443014,1,5,1,10,2025,2,27,8.0,400000.0,16491
8443016,1,2,1,10,2025,1,62,10.0,,16497
8443017,1,3,1,10,2025,1,12,4.0,,16500
8443018,1,2,1,10,2025,2,53,9.0,,16502
8443019,1,1,1,10,2025,1,50,5.0,,16504
8443020,1,1,1,10,2025,1,28,5.0,1423500.0,16505
8443020,1,2,1,10,2025,2,23,5.0,,16506
8443020,1,3,1,10,2025,1,7,3.0,,16507
8443020,1,5,1,10,2025,1,26,4.0,500000.0,16509
8443021,1,3,1,10,2025,2,9,3.0,,16515
8443021,1,5,1,10,2025,1,0,,,16517
8443022,1,1,1,10,2025,2,50,10.0,3200000.0,16518
8443023,1,1,1,10,2025,1,49,10.0,,16522
8443024,1,1,1,10,2025,1,45,5.0,2500000.0,16525
8443024,1,4,1,10,2025,1,7,3.0,,16528
8443026,1,1,1,10,2025,2,27,10.0,1900000.0,16531
8443026,1,3,1,10,2025,2,24,10.0,2500000.0,16533
8443027,1,3,1,10,2025,1,6,3.0,,16537
8443027,1,4,1,10,2025,1,5,2.0,,16538
8443028,1,5,1,10,2025,2,1,,,16544
8443031,1,3,1,10,2025,2,21,5.0,,16555
8443032,1,2,1,10,2025,2,29,9.0,,16558
8443033,1,2,1,10,2025,2,29,10.0,1423500.0,16560
8443033,1,3,1,10,2025,2,9,3.0,,16561
8443034,1,1,1,10,2025,1,56,5.0,,16562
8443040,1,2,1,10,2025,2,33,5.0,367000.0,16576
8443041,1,1,1,10,2025,1,33,5.0,,16578
8443041,1,2,1,10,2025,2,33,10.0,1100000.0,16579
8443045,1,2,1,10,2025,2,56,10.0,,16588
8443046,1,2,1,10,2025,1,16,5.0,,16591
8443047,1,2,1,10,2025,2,48,10.0,5000000.0,16594
8443047,1,3,1,10,2025,1,9,3.0,,16595
8443048,1,1,1,10,2025,1,72,5.0,2000000.0,16596
8443049,1,1,1,10,2025,2,64,13.0,15000000.0,16598
8443051,1,1,1,10,2025,2,73,1.0,,16601
8443052,1,2,1,10,2025,1,55,10.0,1423000.0,16603
8443055,1,1,1,10,2025,1,37,12.0,7000000.0,16607
8443057,1,2,1,10,2025,2,43,11.0,6000000.0,16612
8443058,1,2,1,10,2025,2,58,10.0,2500000.0,16615
8443061,1,3,1,10,2025,2,5,2.0,,16620
8443064,1,1,1,10,2025,1,47,5.0,2000000.0,16623
8443064,1,3,1,10,2025,2,16,5.0,,16625
8443065,1,3,1,10,2025,1,14,3.0,,16629
8443065,1,4,1,10,2025,2,8,3.0,,16630
8443066,1,2,1,10,2025,1,30,5.0,850000.0,16632
8443067,1,1,1,10,2025,1,37,1.0,,16637
8443067,1,3,1,10,2025,1,13,3.0,,16639
8443067,1,4,1,10,2025,2,10,3.0,,16640
8443067,1,5,1,10,2025,2,0,,,16641
8443068,1,2,1,10,2025,1,40,5.0,1000000.0,16645
8443068,1,3,1,10,2025,2,20,6.0,,16646
8443069,1,1,1,10,2025,1,75,3.0,150000.0,16647
8443069,1,2,1,10,2025,2,73,4.0,,16648
8443070,1,1,1,10,2025,1,25,5.0,,16649
8443072,1,1,1,10,2025,1,48,5.0,300000.0,16652
8443076,1,3,1,10,2025,2,20,4.0,1300000.0,16660
8443077,1,1,1,10,2025,1,28,4.0,1400000.0,16664
8443077,1,3,1,10,2025,2,10,3.0,,16666
8443078,1,1,1,10,2025,1,43,6.0,3200000.0,16667
8443078,1,3,1,10,2025,1,22,10.0,600000.0,16669
8443079,1,1,1,10,2025,1,26,10.0,1000000.0,16671
8443080,1,2,1,10,2025,1,34,10.0,5000000.0,16673
8443080,1,3,1,10,2025,2,10,3.0,,16674
8443084,1,1,1,10,2025,1,87,3.0,,16679
8443086,1,2,1,10,2025,2,27,10.0,1423500.0,16684
8443087,1,1,1,10,2025,1,60,4.0,,16685
8443087,1,4,1,10,2025,1,13,4.0,,16688
8443089,1,2,1,10,2025,2,47,1.0,,16692
8443091,1,4,1,10,2025,2,68,3.0,,16700
8443094,1,1,1,10,2025,1,65,6.0,,16703
8443096,1,1,1,10,2025,1,65,4.0,1850000.0,16710
8443097,1,1,1,10,2025,1,49,12.0,5500000.0,16711
8443097,1,2,1,10,2025,2,30,7.0,2900000.0,16712
8443097,1,4,1,10,2025,1,12,4.0,,16714
8443097,1,5,1,10,2025,2,4,2.0,,16715
8443098,1,1,1,10,2025,1,46,10.0,5000000.0,16716
8443099,1,2,1,10,2025,2,28,8.0,600000.0,16721
8443099,1,3,1,10,2025,1,3,1.0,,16722
8443100,1,1,1,10,2025,2,54,3.0,300000.0,16723
8443102,1,1,1,10,2025,1,64,4.0,400000.0,16726
8443102,1,3,1,10,2025,1,39,4.0,500000.0,16728
8443105,1,1,1,10,2025,2,60,1.0,500000.0,16736
8443106,1,1,1,10,2025,1,31,6.0,4500000.0,16741
8443108,1,2,1,10,2025,2,30,5.0,,16746
8443108,1,3,1,10,2025,2,8,3.0,,16747
8443109,1,1,1,10,2025,1,31,5.0,,16749
8443111,1,1,1,10,2025,2,57,10.0,4000000.0,16751
8443114,1,2,1,10,2025,2,6,2.0,,16756
8443117,1,1,1,10,2025,2,58,10.0,,16761
8443117,1,4,1,10,2025,1,17,4.0,,16764
8443117,1,5,1,10,2025,1,3,1.0,,16765
8443121,1,3,1,10,2025,1,9,3.0,,16771
8443125,1,3,1,10,2025,1,36,5.0,,16782
8443126,1,3,1,10,2025,1,21,10.0,,16786
8443130,1,1,1,10,2025,1,63,5.0,2000000.0,16790
8443131,1,1,1,10,2025,2,27,4.0,,16791
8443133,1,3,1,10,2025,1,25,6.0,,16797
8443133,1,4,1,10,2025,1,9,3.0,,16798
8443134,1,2,1,10,2025,1,32,8.0,3000000.0,16800
8443134,1,4,1,10,2025,2,6,3.0,,16802
8443136,1,1,1,10,2025,1,52,8.0,2500000.0,16804
8443140,1,3,1,10,2025,2,30,8.0,,16816
8443140,1,4,1,10,2025,1,1,,,16817
8443144,1,1,1,10,2025,2,41,8.0,,16821
8443147,1,1,1,10,2025,1,33,8.0,3000000.0,16827
8443148,1,3,1,10,2025,1,1,,,16830
8443149,1,3,1,10,2025,2,13,4.0,,16833
8443151,1,2,1,10,2025,2,67,10.0,3500000.0,16838
8443164,1,1,1,10,2025,1,50,3.0,1200000.0,16855
8443164,1,2,1,10,2025,2,16,4.0,,16856
8443165,1,2,1,10,2025,2,90,3.0,,16858
8443166,1,1,1,10,2025,1,21,5.0,2000000.0,16859
8443166,1,3,1,10,2025,1,3,1.0,,16861
8443168,1,1,1,10,2025,2,22,4.0,,16865
8443171,1,5,1,10,2025,1,9,3.0,,16875
8443174,1,1,1,10,2025,2,34,10.0,4900000.0,16880
8443175,1,2,1,10,2025,2,42,10.0,3200000.0,16884
8443176,1,4,1,10,2025,1,14,4.0,,16889
8443177,1,1,1,10,2025,1,46,10.0,4400000.0,16891
8443177,1,2,1,10,2025,2,38,12.0,9600000.0,16892
8443178,1,1,1,10,2025,1,44,10.0,3500000.0,16894
8443179,1,1,1,10,2025,1,58,5.0,2500000.0,16897
8443180,1,2,1,10,2025,2,55,3.0,,16901
8443180,1,3,1,10,2025,1,25,10.0,2800000.0,16902
8443180,1,4,1,10,2025,1,21,5.0,,16903
8443185,1,2,1,10,2025,2,60,8.0,,16911
8443201,1,4,1,10,2025,1,18,4.0,,16919
8443203,1,3,1,10,2025,1,11,3.0,,16927
8443204,1,1,1,10,2025,2,66,3.0,700000.0,16933
8443204,1,2,1,10,2025,1,63,1.0,1600000.0,16934
8443205,1,1,1,10,2025,2,50,3.0,900000.0,16935
8443205,1,5,1,10,2025,2,4,1.0,,16939
8443206,1,1,1,10,2025,1,22,3.0,1600000.0,16940
8443207,1,1,1,10,2025,1,67,1.0,,16943
8443208,1,1,1,10,2025,2,93,3.0,,16944
8443208,1,2,1,10,2025,2,56,4.0,,16945
8443208,1,3,1,10,2025,1,26,6.0,,16946
8443209,1,2,1,10,2025,1,34,1.0,1500000.0,16948
8443213,1,1,1,10,2025,1,66,4.0,800000.0,16953
8443214,1,3,1,10,2025,2,7,3.0,,16957
8443216,1,3,1,10,2025,1,57,1.0,1300000.0,16963
8443217,1,2,1,10,2025,1,44,5.0,,16968
8443219,1,2,1,10,2025,1,61,4.0,600000.0,16974
8443220,1,1,1,10,2025,1,28,4.0,900000.0,16976
8443221,1,2,1,10,2025,1,6,3.0,,16978
8443223,1,4,1,10,2025,2,16,6.0,,16986
8443224,1,3,1,10,2025,1,24,10.0,,16989
8443225,1,1,1,10,2025,1,64,4.0,500000.0,16990
8443227,1,2,1,10,2025,2,52,3.0,,16992
8443227,1,3,1,10,2025,1,22,5.0,500000.0,16993
8443227,1,5,1,10,2025,2,11,4.0,,16995
8443228,1,2,1,10,2025,1,58,10.0,2500000.0,16997
8443232,1,3,1,10,2025,2,37,5.0,700000.0,17007
8443232,1,4,1,10,2025,1,21,8.0,1600000.0,17008
8443233,1,1,1,10,2025,2,45,5.0,,17010
8443234,1,1,1,10,2025,2,35,5.0,,17012
8443234,1,5,1,10,2025,2,3,1.0,,17016
8443235,1,1,1,10,2025,1,61,1.0,200000.0,17017
8443238,1,1,1,10,2025,1,31,5.0,600000.0,17020
8443239,1,2,1,10,2025,1,46,5.0,900000.0,17024
8443240,1,2,1,10,2025,2,68,1.0,,17026
8443241,1,3,1,10,2025,2,14,4.0,,17032
8443242,1,3,1,10,2025,2,7,3.0,,17035
8443243,1,1,1,10,2025,1,45,3.0,400000.0,17036
8443245,1,1,1,10,2025,2,55,5.0,,17038
8443245,1,2,1,10,2025,2,26,8.0,960000.0,17039
8443247,1,3,1,10,2025,2,33,8.0,500000.0,17047
8443248,1,4,1,10,2025,1,23,8.0,,17051
8443249,1,2,1,10,2025,2,46,8.0,1630000.0,17053
8443252,1,3,1,10,2025,1,8,3.0,,17058
8443253,1,1,1,10,2025,1,60,3.0,,17059
8443254,1,1,1,10,2025,1,67,5.0,450000.0,17060
8443254,1,3,1,10,2025,2,3,1.0,,17062
8443255,1,1,1,10,2025,1,26,3.0,,17063
8443255,1,3,1,10,2025,1,4,1.0,,17065
8443256,1,1,1,10,2025,1,20,4.0,720000.0,17066
8443257,1,1,1,10,2025,1,40,10.0,3500000.0,17067
8443258,1,1,1,10,2025,2,52,3.0,35000.0,17070
8443258,1,2,1,10,2025,1,15,4.0,,17071
8443260,1,1,1,10,2025,1,65,3.0,1000000.0,17076
8443261,1,1,1,10,2025,2,60,3.0,200000.0,17079
8443262,1,1,1,10,2025,2,58,3.0,,17081
8443263,1,1,1,10,2025,1,39,4.0,580000.0,17085
8443263,1,2,1,10,2025,2,26,4.0,,17086
8443264,1,3,1,10,2025,2,14,4.0,,17091
8443265,1,4,1,10,2025,1,10,3.0,,17096
8443267,1,2,1,10,2025,2,70,3.0,,17100
8443268,1,1,1,10,2025,1,46,5.0,1423500.0,17102
8443268,1,4,1,10,2025,1,13,4.0,,17105
8443268,1,5,1,10,2025,1,11,3.0,,17106
8443268,1,6,1,10,2025,1,33,3.0,1100000.0,17107
8443269,1,1,1,10,2025,2,75,3.0,,17109
8443270,1,2,1,10,2025,2,50,3.0,,17111
8443270,1,3,1,10,2025,2,30,10.0,,17112
8443270,1,4,1,10,2025,1,31,5.0,1423500.0,17113
8443270,1,5,1,10,2025,2,3,1.0,,17114
8443271,1,1,1,10,2025,2,22,4.0,,17115
8443272,1,1,1,10,2025,1,58,1.0,1423500.0,17118
8443273,1,2,1,10,2025,2,47,3.0,,17124
8443274,1,1,1,10,2025,1,28,3.0,1423500.0,17127
8443275,1,2,1,10,2025,2,33,3.0,,17131
8443275,1,5,1,10,2025,1,6,3.0,,17134
8443277,1,3,1,10,2025,2,23,10.0,1423500.0,17139
8443277,1,4,1,10,2025,2,18,5.0,,17140
8443280,1,2,1,10,2025,2,76,5.0,,17147
8443281,1,3,1,10,2025,2,7,2.0,,17150
8443283,1,1,1,10,2025,1,54,5.0,600000.0,17157
8443283,1,2,1,10,2025,2,38,5.0,,17158
8443284,1,4,1,10,2025,1,7,3.0,,17164
8443286,1,3,1,10,2025,2,56,3.0,350000.0,17168
8443287,1,2,1,10,2025,2,23,4.0,,17173
8443287,1,3,1,10,2025,2,6,3.0,,17174
8443288,1,6,1,10,2025,2,22,5.0,200000.0,17181
8443290,1,1,1,10,2025,1,19,5.0,,17184
8443290,1,4,1,10,2025,2,0,,,17187
8443291,1,7,1,10,2025,1,3,1.0,,17194
8443299,1,2,1,10,2025,2,36,7.0,80000.0,17212
8443300,1,2,1,10,2025,1,20,5.0,1423500.0,17216
8443301,1,3,1,10,2025,1,37,3.0,500000.0,17221
8443302,1,1,1,10,2025,1,55,3.0,300000.0,17224
8443302,1,2,1,10,2025,2,57,5.0,300000.0,17225
8443302,1,5,1,10,2025,2,43,4.0,,17228
8443302,1,7,1,10,2025,1,1,,,17230
8443303,1,3,1,10,2025,1,44,3.0,,17233
8443305,1,2,1,10,2025,2,27,4.0,100000.0,17237
8443305,1,3,1,10,2025,2,14,4.0,,17238
8443305,1,5,1,10,2025,1,5,3.0,,17240
8443309,1,1,1,10,2025,1,28,4.0,800000.0,17249
8443310,1,5,1,10,2025,2,13,4.0,,17258
8443314,1,2,1,10,2025,2,33,5.0,,17261
8443314,1,4,1,10,2025,2,5,3.0,,17263
8443318,1,2,1,10,2025,1,11,3.0,,17269
8443322,1,1,1,10,2025,1,80,1.0,300000.0,17273
8443326,1,1,1,10,2025,1,38,5.0,1000000.0,17277
8443327,1,2,1,10,2025,2,58,5.0,,17279
8443328,1,1,1,10,2025,1,71,1.0,500000.0,17281
8443330,1,1,1,10,2025,2,32,1.0,,17284
8443331,1,2,1,10,2025,2,29,5.0,500000.0,17288
8443335,1,2,1,10,2025,1,36,5.0,1500000.0,17295
8443337,1,1,1,10,2025,1,62,1.0,,17300
8443337,1,5,1,10,2025,1,16,3.0,,17304
8443338,1,4,1,10,2025,1,57,3.0,1950000.0,17308
8443339,1,1,1,10,2025,2,35,5.0,1020000.0,17309
8443339,1,2,1,10,2025,2,20,5.0,820000.0,17310
8443339,1,3,1,10,2025,1,14,4.0,,17311
8443341,1,2,1,10,2025,2,39,5.0,110000.0,17315
8443341,1,4,1,10,2025,2,12,4.0,,17317
8443342,1,2,1,10,2025,1,25,10.0,740000.0,17319
8443342,1,3,1,10,2025,1,23,5.0,500000.0,17320
8443343,1,3,1,10,2025,1,3,2.0,,17323
8443344,1,3,1,10,2025,2,12,4.0,,17326
8443345,1,1,1,10,2025,1,25,9.0,2600000.0,17327
8443346,1,1,1,10,2025,1,53,1.0,300000.0,17330
8443347,1,7,1,10,2025,2,26,10.0,,17338
8443347,1,8,1,10,2025,2,5,2.0,,17339
8443347,1,9,1,10,2025,1,2,,,17340
8443348,1,1,1,10,2025,1,20,5.0,1500000.0,17341
8443349,1,1,1,10,2025,2,33,9.0,,17343
8443350,1,3,1,10,2025,2,45,5.0,,17349
8443350,1,6,1,10,2025,2,10,3.0,,17352
8443352,1,3,1,10,2025,2,18,10.0,,17360
8443353,1,1,1,10,2025,1,68,3.0,600000.0,17362
8443353,1,4,1,10,2025,1,16,5.0,,17365
8443355,1,1,1,10,2025,1,82,3.0,,17370
8443356,1,3,1,10,2025,2,38,3.0,,17373
8443356,1,5,1,10,2025,2,11,3.0,,17375
8443356,1,7,1,10,2025,2,4,1.0,,17377
8443356,1,9,1,10,2025,1,3,1.0,,17379
8443356,1,10,1,10,2025,2,36,1.0,,17380
8443357,1,3,1,10,2025,1,21,3.0,,17384
8443357,1,4,1,10,2025,1,28,5.0,,17385
8443358,1,1,1,10,2025,1,71,1.0,,17387
8443358,1,2,1,10,2025,2,61,3.0,1650000.0,17388
8443359,1,1,1,10,2025,1,67,1.0,700000.0,17391
8443363,1,3,1,10,2025,2,12,3.0,,17401
8443364,1,2,1,10,2025,2,28,4.0,,17403
8443366,1,1,1,10,2025,1,49,4.0,1700000.0,17407
8443368,1,1,1,10,2025,1,71,3.0,1000000.0,17411
8443368,1,2,1,10,2025,2,60,3.0,250000.0,17412
8443370,1,1,1,10,2025,1,61,5.0,1000000.0,17414
8443370,1,3,1,10,2025,1,15,5.0,,17416
8443373,1,2,1,10,2025,1,9,3.0,,17423
8443374,1,1,1,10,2025,1,44,3.0,1600000.0,17424
8443375,1,1,1,10,2025,1,24,3.0,1200000.0,17428
8443375,1,2,1,10,2025,2,22,4.0,,17429
8443376,1,2,1,10,2025,1,54,3.0,1500000.0,17432
8443376,1,3,1,10,2025,1,20,4.0,,17433
8443377,1,2,1,10,2025,2,58,4.0,,17436
8443379,1,1,1,10,2025,2,45,3.0,800000.0,17438
8443379,1,4,1,10,2025,1,8,3.0,,17441
8443382,1,1,1,10,2025,1,68,3.0,1400000.0,17449
8443383,1,3,1,10,2025,2,9,3.0,,17453
8443384,1,1,1,10,2025,1,39,3.0,1400000.0,17454
8443385,1,1,1,10,2025,2,40,3.0,1150000.0,17455
8443385,1,2,1,10,2025,2,8,3.0,,17456
8443387,1,1,1,10,2025,2,55,5.0,,17460
8443387,1,2,1,10,2025,1,54,4.0,1100000.0,17461
8443389,1,2,1,10,2025,1,23,5.0,1650000.0,17464
8443392,1,1,1,10,2025,1,45,5.0,3300000.0,17469
8443393,1,2,1,10,2025,1,69,3.0,1290000.0,17474
8443395,1,1,1,10,2025,2,54,3.0,1700000.0,17478
8443397,1,1,1,10,2025,1,31,8.0,2700000.0,17479
8443399,1,1,1,10,2025,1,75,3.0,,17483
8443399,1,2,1,10,2025,2,73,3.0,,17484
8443401,1,1,1,10,2025,2,65,3.0,1000000.0,17487
8443403,1,2,1,10,2025,2,62,3.0,,17492
8443404,1,1,1,10,2025,1,54,3.0,1500000.0,17493
8443405,1,5,1,10,2025,2,11,3.0,,17499
8443408,1,2,1,10,2025,2,69,3.0,,17509
8443410,1,1,1,10,2025,2,29,5.0,1450000.0,17512
8443410,1,3,1,10,2025,2,2,,,17514
8443412,1,4,1,10,2025,2,9,3.0,,17519
8443414,1,1,1,10,2025,1,70,3.0,1950000.0,17522
8443414,1,2,1,10,2025,2,44,3.0,,17523
8443417,1,2,1,10,2025,2,65,3.0,,17532
8443418,1,2,1,10,2025,2,65,3.0,,17535
8443420,1,1,1,10,2025,1,23,5.0,1550000.0,17538
8443421,1,1,1,10,2025,1,64,3.0,3000000.0,17540
8443423,1,1,1,10,2025,2,48,5.0,,17545
8443424,1,1,1,10,2025,1,65,3.0,2100000.0,17547
8443425,1,1,1,10,2025,1,40,10.0,2450000.0,17549
8443425,1,3,1,10,2025,1,7,3.0,,17551
8443426,1,1,1,10,2025,1,70,3.0,400000.0,17553
8443427,1,2,1,10,2025,1,24,3.0,700000.0,17555
8443429,1,1,1,10,2025,2,80,3.0,,17559
8443431,1,1,1,10,2025,2,42,3.0,,17562
8443432,1,2,1,10,2025,2,18,5.0,,17567
8443433,1,3,1,10,2025,2,21,5.0,,17570
8443434,1,1,1,10,2025,2,54,3.0,,17573
8443438,1,1,1,10,2025,2,52,5.0,1650000.0,17580
8443442,1,2,1,10,2025,1,67,5.0,,17588
8443443,1,1,1,10,2025,1,57,5.0,2400000.0,17589
8443444,1,1,1,10,2025,2,49,3.0,2000000.0,17590
8443446,1,1,1,10,2025,2,48,6.0,1580000.0,17593
8443447,1,1,1,10,2025,2,62,4.0,,17595
8443447,1,2,1,10,2025,2,45,9.0,1500000.0,17596
8443447,1,4,1,10,2025,1,20,6.0,,17598
8443448,1,1,1,10,2025,1,65,1.0,,17599
8443448,1,2,1,10,2025,2,60,3.0,,17600
8443451,1,3,1,10,2025,2,4,2.0,,17606
8443453,1,1,1,10,2025,1,41,4.0,2000000.0,17609
8443454,1,3,1,10,2025,2,16,5.0,,17615
8443456,1,2,1,10,2025,2,28,5.0,800000.0,17621
8443456,1,3,1,10,2025,1,10,3.0,,17622
8443457,1,3,1,10,2025,2,1,,,17625
8443458,1,1,1,10,2025,1,27,5.0,1400000.0,17626
8443458,1,3,1,10,2025,1,1,,,17628
8443460,1,4,1,10,2025,1,13,4.0,,17635
8443461,1,2,1,10,2025,2,38,5.0,900000.0,17637
8443462,1,1,1,10,2025,1,45,3.0,400000.0,17640
8443462,1,3,1,10,2025,2,24,5.0,1400000.0,17642
8443463,1,2,1,10,2025,1,21,4.0,640000.0,17645
8443464,1,1,1,10,2025,1,80,3.0,,17648
8443465,1,2,1,10,2025,1,2,,,17651
8443468,1,1,1,10,2025,2,52,5.0,400000.0,17661
8443469,1,1,1,10,2025,1,40,4.0,1000000.0,17662
8443473,1,2,1,10,2025,1,14,4.0,,17669
8443477,1,3,1,10,2025,2,10,3.0,,17682
8443478,1,3,1,10,2025,1,36,5.0,,17685
8443479,1,1,1,10,2025,1,33,5.0,2000000.0,17687
8443479,1,3,1,10,2025,1,2,,,17689
8443481,1,2,1,10,2025,1,60,5.0,600000.0,17693
8443481,1,3,1,10,2025,2,31,8.0,1423500.0,17694
8443481,1,4,1,10,2025,2,6,3.0,,17695
8443482,1,1,1,10,2025,1,56,3.0,200000.0,17696
8443482,1,2,1,10,2025,1,34,5.0,1030000.0,17697
8443483,1,1,1,10,2025,2,98,3.0,,17700
8443484,1,1,1,10,2025,2,84,4.0,,17702
8443485,1,2,1,10,2025,2,63,3.0,,17706
8443485,1,3,1,10,2025,1,39,5.0,,17707
8443485,1,4,1,10,2025,1,7,3.0,,17708
8443486,1,1,1,10,2025,1,61,1.0,,17709
8443486,1,3,1,10,2025,2,20,4.0,1500000.0,17711
8443486,1,4,1,10,2025,1,4,1.0,,17712
8443488,1,4,1,10,2025,2,5,3.0,,17717
8443492,1,3,1,10,2025,1,25,10.0,,17729
8443497,1,1,1,10,2025,2,69,4.0,,17739
8443497,1,4,1,10,2025,1,22,4.0,900000.0,17742
8443500,1,3,1,10,2025,1,16,5.0,,17751
8443501,1,2,1,10,2025,1,45,3.0,1400000.0,17753
8443501,1,3,1,10,2025,2,24,5.0,,17754
8443503,1,1,1,10,2025,2,63,1.0,,17758
8443503,1,2,1,10,2025,1,55,3.0,1450000.0,17759
8443506,1,2,1,10,2025,1,48,3.0,1500000.0,17768
8443506,1,4,1,10,2025,1,35,5.0,480000.0,17770
8443506,1,5,1,10,2025,2,16,5.0,,17771
8443511,1,1,1,10,2025,2,55,3.0,,17784
8443511,1,2,1,10,2025,1,63,3.0,150000.0,17785
8443512,1,2,1,10,2025,2,23,6.0,320000.0,17790
8443512,1,3,1,10,2025,2,16,5.0,,17791
8443520,1,1,1,10,2025,1,74,1.0,,17809
8443520,1,2,1,10,2025,2,71,1.0,,17810
8443522,1,1,1,10,2025,2,58,3.0,100000.0,17813
8443525,1,3,1,10,2025,2,72,5.0,,17819
8443526,1,1,1,10,2025,2,66,5.0,,17821
8443527,1,1,1,10,2025,2,50,10.0,9300000.0,17822
8443527,1,2,1,10,2025,1,57,5.0,4000000.0,17823
8443527,1,4,1,10,2025,1,16,4.0,,17825
8443528,1,2,1,10,2025,2,48,13.0,10100000.0,17827
8443531,1,2,1,10,2025,2,29,8.0,,17832
8443532,1,1,1,10,2025,1,89,1.0,,17834
8443533,1,1,1,10,2025,2,25,8.0,1800000.0,17835
8443535,1,4,1,10,2025,2,48,8.0,1423000.0,17841
8443538,1,2,1,10,2025,2,66,5.0,,17851
8443539,1,2,1,10,2025,1,34,5.0,1423000.0,17853
8443539,1,3,1,10,2025,2,9,3.0,,17854
8443543,1,2,1,10,2025,2,42,9.0,1423500.0,17861
8443546,1,2,1,10,2025,1,24,10.0,1423500.0,17864
8443548,1,1,1,10,2025,1,68,5.0,,17868
8443548,1,2,1,10,2025,2,70,3.0,,17869
8443549,1,1,1,10,2025,1,55,4.0,300000.0,17872
8443551,1,4,1,10,2025,2,10,3.0,,17883
8443551,1,6,1,10,2025,1,4,1.0,,17885
8443552,1,1,1,10,2025,1,31,5.0,1200000.0,17886
8443554,1,2,1,10,2025,2,1,,,17892
8443555,1,1,1,10,2025,1,74,1.0,,17893
8443560,1,1,1,10,2025,2,41,5.0,,17908
8443564,1,2,1,10,2025,2,65,4.0,,17918
8443569,1,1,1,10,2025,1,68,1.0,400000.0,17924
8443570,1,2,1,10,2025,2,53,1.0,,17928
8443572,1,1,1,10,2025,2,38,10.0,,17931
8443572,1,2,1,10,2025,1,45,10.0,,17932
8443572,1,3,1,10,2025,1,19,10.0,,17933
8443575,1,2,1,10,2025,1,50,3.0,1200000.0,17942
8443577,1,2,1,10,2025,1,18,5.0,100000.0,17948
8443577,1,3,1,10,2025,1,15,4.0,,17949
8443578,1,4,1,10,2025,1,21,5.0,520000.0,17954
8443580,1,2,1,10,2025,2,16,4.0,,17958
8443580,1,4,1,10,2025,2,6,3.0,,17960
8443581,1,2,1,10,2025,2,68,1.0,,17962
8443583,1,1,1,10,2025,2,78,3.0,,17967
8443583,1,2,1,10,2025,1,56,3.0,560000.0,17968
8443584,1,3,1,10,2025,2,16,5.0,,17971
8443586,1,3,1,10,2025,2,22,10.0,80000.0,17974
8443588,1,1,1,10,2025,2,86,1.0,,17977
8443589,1,1,1,10,2025,2,41,5.0,,17980
8443589,1,2,1,10,2025,1,45,4.0,500000.0,17981
8443591,1,1,1,10,2025,2,76,3.0,,17985
8443591,1,2,1,10,2025,1,56,3.0,800000.0,17986
8443592,1,1,1,10,2025,1,48,4.0,700000.0,17987
8443592,1,2,1,10,2025,2,70,1.0,,17988
8443595,1,2,1,10,2025,1,53,3.0,300000.0,17993
8443595,1,7,1,10,2025,2,1,,,17998
8443596,1,1,1,10,2025,1,26,5.0,1000000.0,17999
8443596,1,2,1,10,2025,2,24,5.0,,18000
8443597,1,2,1,10,2025,1,51,5.0,1600000.0,18002
8443598,1,1,1,10,2025,1,43,5.0,300000.0,18005
8443598,2,1,2,10,2025,1,78,1.0,,18008
8443598,2,2,2,10,2025,2,77,3.0,,18009
8443603,1,1,1,10,2025,2,56,3.0,,18023
8443603,1,2,1,10,2025,1,54,4.0,300000.0,18024
8443604,1,1,1,10,2025,1,66,1.0,500000.0,18025
8443604,1,2,1,10,2025,2,62,3.0,150000.0,18026
8443606,1,1,1,10,2025,1,73,4.0,300000.0,18028
8443607,1,1,1,10,2025,2,34,8.0,,18029
8443608,1,2,1,10,2025,2,60,5.0,,18031
8443610,1,2,1,10,2025,2,19,10.0,,18037
8443610,1,4,1,10,2025,1,19,5.0,,18039
8443611,1,1,1,10,2025,1,72,1.0,,18040
8443611,1,2,1,10,2025,2,70,3.0,,18041
8443611,1,5,1,10,2025,1,18,5.0,,18044
8443612,1,1,1,10,2025,1,51,8.0,3000000.0,18045
8443614,1,1,1,10,2025,1,63,3.0,1800000.0,18049
8443614,1,2,1,10,2025,2,54,3.0,,18050
8443614,1,3,1,10,2025,2,32,3.0,900000.0,18051
8443614,1,4,1,10,2025,2,28,3.0,,18052
8443615,1,1,1,10,2025,1,33,9.0,6850000.0,18053
8443615,1,2,1,10,2025,2,28,5.0,,18054
8443616,1,3,1,10,2025,1,60,4.0,2500000.0,18058
8443616,1,4,1,10,2025,2,53,5.0,2500000.0,18059
8443616,1,6,1,10,2025,1,15,4.0,,18061
8443617,1,1,1,10,2025,2,81,3.0,,18062
8443618,1,2,1,10,2025,2,66,9.0,,18066
8443619,1,4,1,10,2025,1,32,8.0,1500000.0,18071
8443621,1,4,1,10,2025,2,22,5.0,300000.0,18078
8443622,1,1,1,10,2025,1,69,4.0,2400000.0,18079
8443623,1,2,1,10,2025,2,62,5.0,,18081
8443624,1,1,1,10,2025,2,47,5.0,1423000.0,18082
8443625,1,5,1,10,2025,1,2,,,18087
8443626,1,3,1,10,2025,2,23,5.0,,18090
8443630,1,1,1,10,2025,2,33,5.0,1723000.0,18100
8443630,1,2,1,10,2025,2,14,4.0,,18101
8443630,1,5,1,10,2025,1,36,5.0,1500000.0,18104
8443631,1,1,1,10,2025,2,27,8.0,1423000.0,18106
8443636,1,1,1,10,2025,1,63,10.0,10000000.0,18118
8443636,1,4,1,10,2025,1,18,5.0,,18121
8443638,1,2,1,10,2025,2,78,10.0,,18123
8443639,1,2,1,10,2025,2,32,12.0,8000000.0,18125
8443640,1,2,1,10,2025,2,9,3.0,,18128
8443640,1,5,1,10,2025,2,81,1.0,,18131
8443642,1,1,1,10,2025,2,92,3.0,,18134
8443643,1,1,1,10,2025,1,45,10.0,12300000.0,18136
8443644,1,1,1,10,2025,2,75,3.0,360000.0,18140
8443645,1,3,1,10,2025,2,12,4.0,,18143
8443646,1,1,1,10,2025,1,63,8.0,,18144
8443648,1,2,1,10,2025,2,71,1.0,,18149
8443648,1,3,1,10,2025,1,37,5.0,1600000.0,18150
8443649,1,1,1,10,2025,2,61,3.0,,18151
8443649,1,3,1,10,2025,1,26,5.0,1000000.0,18153
8443651,1,1,1,10,2025,1,44,1.0,970000.0,18157
8443651,1,2,1,10,2025,2,31,6.0,970000.0,18158
8443652,1,1,1,10,2025,1,32,5.0,3200000.0,18161
8443653,1,1,1,10,2025,1,86,3.0,,18162
8443655,1,3,1,10,2025,2,0,,,18168
8443656,1,2,1,10,2025,2,85,4.0,50000.0,18170
8443658,1,1,1,10,2025,1,61,4.0,2000000.0,18175
8443658,1,3,1,10,2025,1,37,5.0,1900000.0,18177
8443659,1,3,1,10,2025,1,25,10.0,,18180
8443659,1,4,1,10,2025,1,20,10.0,,18181
8443661,1,1,1,10,2025,1,68,4.0,,18184
8443663,1,1,1,10,2025,2,38,11.0,,18187
8443669,1,3,1,10,2025,2,7,3.0,,18206
8443670,1,1,1,10,2025,2,42,5.0,450000.0,18208
8443670,1,5,1,10,2025,1,12,3.0,,18212
8443670,1,6,1,10,2025,2,12,3.0,,18213
8443670,1,7,1,10,2025,1,62,5.0,,18214
8443672,1,1,1,10,2025,2,60,12.0,,18216
8443673,1,3,1,10,2025,1,23,8.0,1623000.0,18220
8443677,1,2,1,10,2025,2,52,10.0,,18227
8443677,1,3,1,10,2025,2,16,10.0,,18228
8443681,1,1,1,10,2025,1,63,11.0,7500000.0,18235
8443684,1,1,1,10,2025,1,93,4.0,,18240
8443684,1,2,1,10,2025,2,66,8.0,,18241
8443686,1,1,1,10,2025,1,51,4.0,2380000.0,18243
8443689,1,1,1,10,2025,1,24,10.0,8000000.0,18250
8443692,1,2,1,10,2025,1,15,5.0,,18257
8443693,1,2,1,10,2025,2,48,3.0,,18259
8443698,1,1,1,10,2025,1,78,9.0,,18271
8443700,1,2,1,10,2025,1,10,3.0,,18277
8443701,1,1,1,10,2025,1,68,3.0,,18278
8443702,1,2,1,10,2025,2,51,5.0,1623500.0,18281
8443704,1,2,1,10,2025,2,66,3.0,,18285
8443706,1,1,1,10,2025,1,40,1.0,1440000.0,18288
8443706,1,2,1,10,2025,1,45,3.0,600000.0,18289
8443707,1,1,1,10,2025,2,68,3.0,200000.0,18290
8443709,1,3,1,10,2025,1,22,10.0,1600000.0,18295
8443711,1,1,1,10,2025,2,68,1.0,,18299
8443711,1,3,1,10,2025,2,34,8.0,2060000.0,18301
8443712,1,1,1,10,2025,2,52,3.0,,18304
8443712,1,2,1,10,2025,2,17,4.0,,18305
8443714,1,1,1,10,2025,2,61,3.0,,18310
8443715,1,1,1,10,2025,2,43,5.0,210000.0,18312
8443716,1,1,1,10,2025,2,21,3.0,1300000.0,18313
8443716,1,2,1,10,2025,2,3,1.0,,18314
8443719,1,2,1,10,2025,2,29,5.0,,18320
8443721,1,2,1,10,2025,1,60,8.0,2500000.0,18323
8443726,1,2,1,10,2025,2,35,11.0,,18338
8443728,1,1,1,10,2025,2,54,8.0,9000000.0,18342
8443729,1,1,1,10,2025,1,71,10.0,1000000.0,18344
8443730,1,2,1,10,2025,2,34,10.0,3500000.0,18347
8443733,1,4,1,10,2025,2,1,,,18357
8443736,1,4,1,10,2025,1,13,4.0,,18365
8443736,1,5,1,10,2025,1,8,3.0,,18366
8443739,1,1,1,10,2025,1,33,5.0,1800000.0,18371
8443739,1,2,1,10,2025,1,44,5.0,1650000.0,18372
8443740,1,4,1,10,2025,1,14,4.0,,18376
8443742,1,3,1,10,2025,2,28,8.0,1500000.0,18382
8443742,1,7,1,10,2025,2,15,5.0,,18386
8443743,1,2,1,10,2025,1,26,8.0,,18389
8443746,1,4,1,10,2025,1,6,2.0,,18399
8443754,1,4,1,10,2025,1,4,2.0,,18414
8443758,1,2,1,10,2025,1,31,5.0,1423500.0,18422
8443760,1,5,1,10,2025,2,0,,,18428
8443761,1,1,1,10,2025,2,75,3.0,,18429
8443761,1,4,1,10,2025,2,15,4.0,,18432
8443762,1,1,1,10,2025,1,55,5.0,1423500.0,18433
8443762,1,2,1,10,2025,2,49,8.0,1423500.0,18434
8443763,1,1,1,10,2025,2,81,3.0,,18435
8443764,1,1,1,10,2025,1,58,5.0,1000000.0,18438
8443766,1,1,1,10,2025,2,53,5.0,,18442
8443766,1,2,1,10,2025,1,46,10.0,1423500.0,18443
8443767,1,1,1,10,2025,2,65,12.0,,18445
8443767,1,2,1,10,2025,2,25,10.0,3000000.0,18446
8443768,1,2,1,10,2025,2,69,5.0,,18448
8443774,1,1,1,10,2025,1,71,5.0,,18453
8443774,1,2,1,10,2025,2,61,8.0,400000.0,18454
8443775,1,2,1,10,2025,1,70,8.0,,18456
8443776,1,1,1,10,2025,2,70,5.0,,18457
8443782,1,1,1,10,2025,1,63,11.0,,18466
8443783,1,2,1,10,2025,2,20,10.0,,18469
8443784,1,1,1,10,2025,2,85,4.0,,18470
8443784,1,3,1,10,2025,1,59,5.0,500000.0,18472
8443786,1,3,1,10,2025,2,17,8.0,,18476
8443787,1,4,1,10,2025,1,18,5.0,,18482
8443788,1,2,1,10,2025,2,23,5.0,,18485
8443789,1,3,1,10,2025,1,39,8.0,,18490
8443790,1,3,1,10,2025,2,2,,,18493
8443792,1,2,1,10,2025,2,49,4.0,,18499
8443793,1,1,1,10,2025,1,48,5.0,1600000.0,18502
8443793,1,3,1,10,2025,1,26,9.0,1425000.0,18504
8443795,1,1,1,10,2025,2,74,4.0,,18510
8443796,1,2,1,10,2025,2,66,10.0,2800000.0,18513
8443797,1,2,1,10,2025,1,11,3.0,,18517
8443797,1,3,1,10,2025,2,8,3.0,,18518
8443799,1,2,1,10,2025,1,41,6.0,1600000.0,18523
8443800,1,1,1,10,2025,1,34,8.0,2800000.0,18527
8443800,1,4,1,10,2025,2,7,3.0,,18530
8443801,1,1,1,10,2025,2,71,5.0,,18532
8443801,1,2,1,10,2025,1,74,11.0,10000000.0,18533
8443803,1,3,1,10,2025,1,29,8.0,1800000.0,18537
8443804,1,1,1,10,2025,2,64,1.0,100000.0,18540
8443805,1,4,1,10,2025,2,6,2.0,,18545
8443806,1,2,1,10,2025,2,24,5.0,400000.0,18547
8443810,1,2,1,10,2025,2,34,4.0,,18558
8443811,1,2,1,10,2025,1,46,3.0,800000.0,18562
8443811,1,4,1,10,2025,2,19,5.0,,18564
8443812,1,3,1,10,2025,1,23,8.0,,18567
8443814,1,1,1,10,2025,1,53,10.0,,18570
8443815,1,1,1,10,2025,2,27,5.0,,18574
8443815,1,4,1,10,2025,1,15,4.0,,18577
8443817,1,1,1,10,2025,2,52,3.0,,18582
8443817,1,6,1,10,2025,2,12,4.0,,18587
8443819,1,2,1,10,2025,2,32,9.0,,18593
8443822,1,3,1,10,2025,1,42,9.0,,18603
8443822,1,4,1,10,2025,1,17,10.0,,18604
8443823,1,5,1,10,2025,2,6,2.0,,18609
8443824,1,2,1,10,2025,1,59,5.0,,18611
8443826,1,1,1,10,2025,1,75,4.0,,18614
8443827,1,3,1,10,2025,2,12,4.0,,18618
8443828,1,1,1,10,2025,2,53,5.0,1423000.0,18619
8443828,1,3,1,10,2025,1,20,5.0,,18621
8443829,1,4,1,10,2025,1,8,3.0,,18625
8443830,1,1,1,10,2025,2,62,5.0,,18626
8443831,1,3,1,10,2025,2,1,,,18629
8443832,1,1,1,10,2025,2,51,5.0,1500000.0,18630
8443833,1,3,1,10,2025,1,17,5.0,,18634
8443833,1,4,1,10,2025,1,10,4.0,,18635
8443838,1,2,1,10,2025,1,28,10.0,1423500.0,18646
8443841,1,2,1,10,2025,2,20,10.0,,18651
8443842,1,2,1,10,2025,1,39,5.0,1423500.0,18655
8443843,1,1,1,10,2025,1,21,8.0,1900000.0,18657
8443844,1,2,1,10,2025,2,64,5.0,500000.0,18659
8443845,1,1,1,10,2025,2,37,9.0,4200000.0,18660
8443846,1,2,1,10,2025,1,23,10.0,,18663
8443848,1,2,1,10,2025,2,51,10.0,2000000.0,18667
8443849,1,2,1,10,2025,1,50,11.0,1423500.0,18671
8443852,1,3,1,10,2025,2,60,3.0,,18677
8443856,1,1,1,10,2025,2,60,5.0,,18683
8443857,1,1,1,10,2025,2,43,12.0,5000000.0,18685
8443862,1,2,1,10,2025,2,26,9.0,1623500.0,18698
8443863,1,2,1,10,2025,1,55,3.0,1423500.0,18701
8443863,1,3,1,10,2025,1,22,10.0,,18702
8443864,1,1,1,10,2025,1,39,5.0,1423500.0,18704
8443864,1,4,1,10,2025,2,10,3.0,,18707
8443866,1,1,1,10,2025,1,20,9.0,1423500.0,18709
8443868,1,1,1,10,2025,1,49,8.0,4300000.0,18712
8443869,1,1,1,10,2025,1,35,9.0,2600000.0,18713
8443870,1,1,1,10,2025,1,31,12.0,,18714
8443873,1,2,1,10,2025,2,31,10.0,,18722
8443877,1,1,1,10,2025,1,42,5.0,3000000.0,18727
8443877,1,4,1,10,2025,2,15,4.0,,18730
8443878,1,3,1,10,2025,2,34,10.0,700000.0,18734
8443879,1,1,1,10,2025,2,77,3.0,,18735
8443880,1,1,1,10,2025,2,38,5.0,2000000.0,18736
8443880,1,3,1,10,2025,1,15,4.0,,18738
8443881,1,3,1,10,2025,2,8,3.0,,18741
8443882,1,1,1,10,2025,2,59,4.0,800000.0,18742
8443883,1,2,1,10,2025,1,61,5.0,1423500.0,18744
8443884,1,2,1,10,2025,2,42,10.0,1900000.0,18748
8443886,1,3,1,10,2025,1,18,5.0,600000.0,18755
8443890,1,3,1,10,2025,2,15,5.0,,18763
8443892,1,3,1,10,2025,2,15,4.0,,18769
8443894,1,2,1,10,2025,1,57,3.0,1480000.0,18777
8443895,1,1,1,10,2025,2,71,3.0,,18778
8443897,1,2,1,10,2025,1,13,4.0,,18782
8443899,1,4,1,10,2025,1,5,2.0,,18788
8443900,1,1,1,10,2025,1,29,8.0,1623500.0,18789
8443900,1,3,1,10,2025,1,8,3.0,,18791
8443900,1,4,1,10,2025,1,6,3.0,,18792
8443901,1,1,1,10,2025,2,82,5.0,,18793
8443902,1,1,1,10,2025,1,60,3.0,1600000.0,18795
8443902,1,3,1,10,2025,1,12,1.0,,18797
8443902,1,4,1,10,2025,2,6,3.0,,18798
8443902,1,5,1,10,2025,2,6,3.0,,18799
8443905,1,2,1,10,2025,1,44,3.0,2440000.0,18805
8443905,1,3,1,10,2025,2,0,,,18806
8443906,1,2,1,10,2025,1,32,3.0,1623500.0,18808
8443908,1,1,1,10,2025,1,53,3.0,,18813
8443908,1,2,1,10,2025,2,44,3.0,1548500.0,18814
8443910,1,3,1,10,2025,1,2,,,18820
8443911,1,1,1,10,2025,2,70,3.0,,18823
8443911,1,2,1,10,2025,2,35,3.0,900000.0,18824
8443912,1,3,1,10,2025,2,4,2.0,,18827
8443916,1,1,1,10,2025,1,41,3.0,200000.0,18832
8443917,1,1,1,10,2025,1,36,5.0,,18834
8443924,1,1,1,10,2025,1,68,4.0,1800000.0,18842
8443924,1,2,1,10,2025,2,64,3.0,,18843
8443926,1,1,1,10,2025,2,42,5.0,200000.0,18845
8443930,1,2,1,10,2025,2,22,8.0,1623500.0,18858
8443932,1,1,1,10,2025,1,67,11.0,6000000.0,18861
8443932,1,2,1,10,2025,2,51,8.0,,18862
8443935,1,2,1,10,2025,1,71,3.0,200000.0,18867
8443935,1,3,1,10,2025,2,67,3.0,,18868
8443936,1,1,1,10,2025,1,47,8.0,2800000.0,18869
8443937,1,1,1,10,2025,1,42,3.0,200000.0,18871
8443938,1,3,1,10,2025,2,0,,,18874
8443944,1,2,1,10,2025,2,43,4.0,260000.0,18879
8443945,1,2,1,10,2025,1,66,5.0,,18882
8443945,1,3,1,10,2025,2,62,4.0,160000.0,18883
8443946,1,1,1,10,2025,2,24,10.0,1300000.0,18886
8443946,1,2,1,10,2025,1,21,5.0,900000.0,18887
8443947,1,1,1,10,2025,2,61,3.0,400000.0,18888
8443947,1,2,1,10,2025,2,83,1.0,,18889
8443948,1,1,1,10,2025,1,18,5.0,1700000.0,18890
8443949,1,4,1,10,2025,2,0,,,18894
8443949,2,2,2,10,2025,1,6,3.0,,18897
8443950,1,1,1,10,2025,1,79,4.0,,18898
8443950,1,3,1,10,2025,1,49,10.0,1500000.0,18900
8443951,1,2,1,10,2025,2,34,4.0,,18902
8443954,1,3,1,10,2025,1,22,5.0,,18910
8443955,1,1,1,10,2025,2,33,8.0,1200000.0,18911
8443955,1,2,1,10,2025,1,25,5.0,1000000.0,18912
8443955,1,3,1,10,2025,2,15,5.0,,18913
8443957,1,2,1,10,2025,1,50,5.0,1600000.0,18916
8443957,1,4,1,10,2025,2,10,4.0,,18918
8443959,1,1,1,10,2025,2,40,8.0,1623500.0,18920
8443959,1,2,1,10,2025,2,20,9.0,1623500.0,18921
8443962,1,4,1,10,2025,2,59,3.0,,18929
8443963,1,1,1,10,2025,1,67,5.0,,18932
8443964,1,1,1,10,2025,1,62,3.0,400000.0,18935
8443965,1,1,1,10,2025,1,33,5.0,2500000.0,18937
8443965,1,2,1,10,2025,2,36,10.0,,18938
8443965,1,3,1,10,2025,2,12,3.0,,18939
8443967,1,3,1,10,2025,1,21,8.0,1400000.0,18945
8443971,1,2,1,10,2025,2,60,5.0,,18952
8443973,1,1,1,10,2025,1,33,5.0,1000000.0,18957
8443973,1,2,1,10,2025,2,24,8.0,1625000.0,18958
8443973,1,3,1,10,2025,1,12,4.0,,18959
8443974,1,5,1,10,2025,2,28,8.0,,18965
8443974,1,6,1,10,2025,2,0,,,18966
8443975,1,1,1,10,2025,1,35,5.0,1423500.0,18967
8443979,1,3,1,10,2025,1,12,4.0,,18976
8443983,1,1,1,10,2025,2,48,10.0,1000000.0,18981
8443988,1,2,1,10,2025,2,54,3.0,,18991
8443988,1,5,1,10,2025,1,14,4.0,,18994
8443989,1,1,1,10,2025,2,57,4.0,1423500.0,18997
8443989,1,3,1,10,2025,1,29,9.0,1623500.0,18999
8443990,1,3,1,10,2025,1,39,5.0,1600000.0,19004
8443990,1,4,1,10,2025,1,34,4.0,1600000.0,19005
8443990,1,5,1,10,2025,1,45,1.0,,19006
8443992,1,2,1,10,2025,2,6,3.0,,19009
8443994,1,2,1,10,2025,2,86,1.0,,19016
8443996,1,2,1,10,2025,1,35,5.0,1300000.0,19021
8443997,1,1,1,10,2025,2,32,6.0,,19024
8443997,1,3,1,10,2025,2,55,5.0,1320000.0,19026
8443999,1,1,1,10,2025,1,55,3.0,250000.0,19031
8443999,1,2,1,10,2025,2,63,1.0,800000.0,19032
8444000,1,3,1,10,2025,1,16,5.0,,19035
8444000,1,6,1,10,2025,2,19,9.0,,19038
8444004,1,1,1,10,2025,2,41,4.0,,19045
8444004,1,2,1,10,2025,2,24,10.0,,19046
8444004,1,3,1,10,2025,1,22,9.0,1400000.0,19047
8444005,1,1,1,10,2025,1,50,4.0,1600000.0,19049
8444005,1,3,1,10,2025,1,25,5.0,1200000.0,19051
8444005,1,4,1,10,2025,2,29,8.0,,19052
8444006,1,1,1,10,2025,2,30,5.0,600000.0,19054
8444007,1,1,1,10,2025,2,65,1.0,800000.0,19056
8444008,1,1,1,10,2025,2,70,5.0,,19057
8444009,1,2,1,10,2025,2,6,3.0,,19060
8444010,1,1,1,10,2025,1,46,5.0,2000000.0,19061
8444010,1,2,1,10,2025,2,38,5.0,,19062
8444010,1,3,1,10,2025,2,1,,,19063
8444011,1,1,1,10,2025,1,79,3.0,,19066
8444012,1,2,1,10,2025,2,37,5.0,900000.0,19069
8444013,1,2,1,10,2025,2,44,8.0,1200000.0,19073
8444013,1,3,1,10,2025,1,21,10.0,1200000.0,19074
8444014,1,1,1,10,2025,1,40,5.0,1625000.0,19076
8444014,1,2,1,10,2025,2,42,5.0,500000.0,19077
8444014,1,3,1,10,2025,2,20,9.0,,19078
8444014,1,4,1,10,2025,2,16,5.0,,19079
8444015,1,1,1,10,2025,2,87,10.0,,19080
8444018,1,1,1,10,2025,2,35,5.0,1400000.0,19085
8444019,1,2,1,10,2025,1,54,4.0,1600000.0,19090
8444019,1,3,1,10,2025,2,31,11.0,3200000.0,19091
8444019,1,4,1,10,2025,1,30,10.0,2300000.0,19092
8444019,1,5,1,10,2025,2,66,3.0,,19093
8444025,1,1,1,10,2025,1,46,3.0,600000.0,19106
8444025,1,2,1,10,2025,2,48,3.0,850000.0,19107
8444025,1,3,1,10,2025,1,16,4.0,,19108
8444026,1,3,1,10,2025,1,41,1.0,950000.0,19111
8444027,1,3,1,10,2025,2,16,4.0,,19114
8444028,1,5,1,10,2025,2,7,3.0,,19122
8444029,1,3,1,10,2025,1,17,4.0,,19125
8444030,1,1,1,10,2025,2,25,4.0,,19129
8444030,1,2,1,10,2025,1,8,1.0,,19130
8444030,1,3,1,10,2025,2,6,1.0,,19131
8444032,1,3,1,10,2025,1,14,4.0,,19139
8444033,1,1,1,10,2025,2,61,8.0,,19140
8444033,1,3,1,10,2025,2,66,3.0,,19142
8444034,1,1,1,10,2025,2,47,4.0,800000.0,19147
8444034,1,5,1,10,2025,2,14,4.0,,19151
8444036,1,2,1,10,2025,2,19,8.0,,19156
8444037,1,1,1,10,2025,1,27,9.0,1423000.0,19161
8444038,1,1,1,10,2025,2,38,8.0,,19163
8444038,1,4,1,10,2025,2,6,3.0,,19166
8444040,1,1,1,10,2025,2,54,3.0,1000000.0,19168
8444044,1,1,1,10,2025,2,70,1.0,,19181
8444047,1,1,1,10,2025,1,53,3.0,1200000.0,19187
8444047,1,2,1,10,2025,1,29,5.0,1200000.0,19188
8444049,1,1,1,10,2025,2,67,4.0,,19189
8444050,1,1,1,10,2025,1,59,3.0,390000.0,19192
8444051,1,1,1,10,2025,1,82,12.0,,19193
8444051,1,3,1,10,2025,2,45,10.0,1600000.0,19195
8444052,1,1,1,10,2025,1,43,4.0,900000.0,19197
8444052,1,3,1,10,2025,2,13,4.0,,19199
8444053,1,2,1,10,2025,1,21,5.0,800000.0,19201
8444055,1,1,1,10,2025,2,58,13.0,9800000.0,19209
8444056,1,2,1,10,2025,2,38,10.0,3000000.0,19212
8444056,1,4,1,10,2025,2,10,4.0,,19214
8444058,1,1,1,10,2025,1,24,4.0,510000.0,19217
8444060,1,2,1,10,2025,1,33,5.0,,19221
8444060,1,3,1,10,2025,1,25,5.0,1150000.0,19222
8444061,1,3,1,10,2025,1,13,3.0,,19225
8444062,1,1,1,10,2025,2,38,4.0,662000.0,19226
8444063,1,1,1,10,2025,2,47,5.0,250000.0,19230
8444063,1,3,1,10,2025,2,24,5.0,,19232
8444066,1,2,1,10,2025,2,11,4.0,,19241
8444068,1,2,1,10,2025,1,22,4.0,1423500.0,19246
8444069,1,2,1,10,2025,1,21,5.0,800000.0,19248
8444069,1,3,1,10,2025,2,2,,,19249
8444071,1,2,1,10,2025,2,42,3.0,,19255
8444073,1,1,1,10,2025,2,36,5.0,,19260
8444074,1,2,1,10,2025,1,55,4.0,1200000.0,19264
8444075,1,1,1,10,2025,1,44,11.0,4270500.0,19266
8444076,1,1,1,10,2025,1,65,10.0,,19270
8444076,1,2,1,10,2025,2,23,10.0,3800000.0,19271
8444078,1,5,1,10,2025,2,3,1.0,,19278
8444086,1,1,1,10,2025,2,42,5.0,200000.0,19295
8444086,1,2,1,10,2025,1,17,5.0,,19296
8444089,1,2,1,10,2025,2,15,4.0,,19305
8444091,1,1,1,10,2025,1,58,3.0,5588000.0,19307
8444091,1,2,1,10,2025,2,47,3.0,,19308
8444091,1,3,1,10,2025,2,20,10.0,,19309
8444094,1,2,1,10,2025,2,24,8.0,2500000.0,19316
8444095,1,1,1,10,2025,1,36,11.0,4200000.0,19317
8444097,1,1,1,10,2025,2,60,10.0,270000.0,19321
8444098,1,1,1,10,2025,1,36,8.0,3000000.0,19324
8444099,1,2,1,10,2025,2,29,3.0,,19326
8444101,1,1,1,10,2025,1,58,8.0,100000.0,19329
8444101,1,2,1,10,2025,2,48,9.0,,19330
8444102,1,1,1,10,2025,1,47,9.0,3200000.0,19332
8444102,1,3,1,10,2025,1,16,5.0,,19334
8444105,1,1,1,10,2025,1,51,5.0,,19336
8444105,1,4,1,10,2025,2,16,4.0,,19339
8444110,1,1,1,10,2025,1,42,5.0,200000.0,19347
8444110,1,2,1,10,2025,2,34,5.0,,19348
8444110,1,4,1,10,2025,1,10,3.0,,19350
8444113,1,1,1,10,2025,1,31,9.0,,19353
8444118,1,1,1,10,2025,2,24,5.0,,19359
8444118,1,2,1,10,2025,1,30,5.0,1200000.0,19360
8444118,1,3,1,10,2025,2,10,3.0,,19361
8444119,1,2,1,10,2025,1,40,5.0,1200000.0,19365
8444120,1,2,1,10,2025,2,4,2.0,,19370
8444123,1,1,1,10,2025,1,70,3.0,,19372
8444124,1,1,1,10,2025,2,49,5.0,1423500.0,19373
8444128,1,2,1,10,2025,2,31,8.0,,19377
8444128,1,3,1,10,2025,2,11,3.0,,19378
8444128,1,5,1,10,2025,2,4,2.0,,19380
8444129,1,2,1,10,2025,2,1,,,19382
8444131,1,5,1,10,2025,1,16,4.0,,19391
8444131,1,7,1,10,2025,2,6,3.0,,19393
8444133,1,1,1,10,2025,2,57,5.0,,19396
8444133,1,2,1,10,2025,2,33,5.0,,19397
8444133,1,5,1,10,2025,1,10,3.0,,19400
8444134,1,1,1,10,2025,2,61,3.0,,19401
8444137,1,4,1,10,2025,1,7,3.0,,19407
8444138,1,1,1,10,2025,2,35,3.0,,19409
8444138,1,3,1,10,2025,2,14,4.0,,19411
8444139,1,1,1,10,2025,2,36,5.0,,19413
8444148,1,2,1,10,2025,1,62,4.0,1980000.0,19418
8444149,1,5,1,10,2025,1,14,4.0,,19423
8444149,1,7,1,10,2025,2,84,1.0,,19425
8444150,1,1,1,10,2025,2,68,11.0,4000000.0,19426
8444150,1,4,1,10,2025,2,31,11.0,,19429
8444152,1,1,1,10,2025,1,23,10.0,,19433
8444155,1,1,1,10,2025,2,41,4.0,,19435
8444155,1,2,1,10,2025,2,19,5.0,,19436
8444156,1,2,1,10,2025,1,43,5.0,1423000.0,19439
8444156,1,4,1,10,2025,2,18,10.0,,19441
8444157,1,1,1,10,2025,2,70,4.0,,19445
8444158,1,2,1,10,2025,1,45,5.0,1500000.0,19448
8444159,1,3,1,10,2025,2,23,10.0,,19453
8444164,1,1,1,10,2025,2,31,5.0,1400000.0,19458
8444164,1,2,1,10,2025,2,11,4.0,,19459
8444166,1,1,1,10,2025,2,60,11.0,,19460
8444167,1,2,1,10,2025,2,45,8.0,800000.0,19464
8444167,1,4,1,10,2025,1,3,2.0,,19466
8444168,1,1,1,10,2025,2,88,3.0,,19468
8444168,1,3,1,10,2025,1,25,10.0,,19470
8444173,1,3,1,10,2025,1,25,10.0,,19477
8444175,1,3,1,10,2025,2,3,1.0,,19481
8444177,1,1,1,10,2025,2,35,5.0,1450000.0,19483
8444177,1,2,1,10,2025,1,45,5.0,1000000.0,19484
8444180,1,2,1,10,2025,2,64,5.0,,19490
8444184,1,1,1,10,2025,1,42,10.0,800000.0,19494
8444184,1,3,1,10,2025,1,16,5.0,,19496
8444191,1,4,1,10,2025,1,12,3.0,,19503
8444191,1,5,1,10,2025,2,10,3.0,,19504
8444192,1,1,1,10,2025,1,41,1.0,,19506
8444192,1,4,1,10,2025,1,15,4.0,,19509
8444193,1,2,1,10,2025,1,31,1.0,,19513
8444193,1,3,1,10,2025,2,12,4.0,,19514
8444197,1,2,1,10,2025,2,63,3.0,,19519
8444205,1,3,1,10,2025,1,13,4.0,,19525
8444205,1,5,1,10,2025,1,1,,,19527
8444206,1,1,1,10,2025,2,41,10.0,2000000.0,19528
8444207,1,3,1,10,2025,1,23,5.0,1400000.0,19531
8444209,1,1,1,10,2025,2,50,6.0,1423500.0,19535
8444209,1,2,1,10,2025,1,8,3.0,,19536
8444211,1,1,1,10,2025,1,32,10.0,2470000.0,19540
8444213,1,1,1,10,2025,1,56,5.0,1800000.0,19544
8444216,1,1,1,10,2025,2,64,3.0,,19555
8444216,1,3,1,10,2025,1,31,5.0,3000000.0,19557
8444218,1,1,1,10,2025,2,43,5.0,1623500.0,19560
8444219,1,2,1,10,2025,2,73,3.0,,19563
8444220,1,2,1,10,2025,1,20,4.0,800000.0,19565
8444223,1,1,1,10,2025,1,28,5.0,1200000.0,19569
8444224,1,1,1,10,2025,2,24,8.0,1423500.0,19570
8444225,1,2,1,10,2025,1,16,5.0,,19572
8444226,1,3,1,10,2025,1,21,10.0,,19576
8444226,1,4,1,10,2025,1,14,4.0,,19577
8444227,1,2,1,10,2025,1,62,10.0,4700000.0,19580
8444228,1,3,1,10,2025,2,12,4.0,,19583
8444228,1,4,1,10,2025,2,5,2.0,,19584
8444230,1,1,1,10,2025,2,40,10.0,2800000.0,19589
8444231,1,2,1,10,2025,2,31,5.0,,19592
8444232,1,1,1,10,2025,2,68,11.0,,19594
8444232,1,3,1,10,2025,2,28,10.0,,19596
8444234,1,4,1,10,2025,2,14,5.0,,19601
8444234,1,5,1,10,2025,2,6,2.0,,19602
8444238,1,1,1,10,2025,1,22,4.0,,19609
8444240,1,3,1,10,2025,2,6,3.0,,19614
8444242,1,2,1,10,2025,1,19,5.0,1500000.0,19617
8444243,1,2,1,10,2025,1,42,3.0,1500000.0,19623
8444244,1,2,1,10,2025,2,45,4.0,,19627
8444244,1,6,1,10,2025,1,5,2.0,,19631
8444245,1,1,1,10,2025,2,80,1.0,,19632
8444245,1,2,1,10,2025,1,49,3.0,,19633
8444246,1,1,1,10,2025,2,18,4.0,,19635
8444246,1,2,1,10,2025,1,24,4.0,1000000.0,19636
8444248,1,4,1,10,2025,1,19,4.0,800000.0,19643
8444248,1,5,1,10,2025,2,15,4.0,,19644
8444249,1,2,1,10,2025,1,31,3.0,600000.0,19646
8444251,1,1,1,10,2025,2,66,3.0,300000.0,19648
8444254,1,3,1,10,2025,1,22,4.0,1000000.0,19661
8444255,1,1,1,10,2025,2,29,5.0,,19664
8444255,1,2,1,10,2025,1,36,3.0,1500000.0,19665
8444255,1,3,1,10,2025,2,5,2.0,,19666
8444257,1,1,1,10,2025,2,67,3.0,1000000.0,19668
8444257,1,2,1,10,2025,1,45,3.0,1300000.0,19669
8444258,1,2,1,10,2025,2,24,10.0,,19671
8444259,1,1,1,10,2025,2,38,4.0,1500000.0,19672
8444259,1,2,1,10,2025,1,26,5.0,1800000.0,19673
8444259,1,4,1,10,2025,2,19,5.0,1200000.0,19675
8444260,1,2,1,10,2025,2,42,8.0,1800000.0,19677
8444261,1,2,1,10,2025,2,73,4.0,,19681
8444269,1,3,1,10,2025,2,14,4.0,,19688
8444270,1,2,1,10,2025,2,39,5.0,600000.0,19691
8444270,1,3,1,10,2025,2,25,8.0,900000.0,19692
8444270,1,4,1,10,2025,1,21,5.0,,19693
8444270,1,7,1,10,2025,1,11,4.0,,19696
8444270,1,8,1,10,2025,1,20,5.0,,19697
8444272,1,1,1,10,2025,2,37,10.0,2067000.0,19701
8444275,1,1,1,10,2025,2,55,4.0,800000.0,19704
8444275,1,2,1,10,2025,1,28,5.0,600000.0,19705
8444275,1,3,1,10,2025,2,22,5.0,650000.0,19706
8444275,1,4,1,10,2025,2,5,2.0,,19707
8444280,1,2,1,10,2025,1,48,1.0,1950000.0,19719
8444282,1,1,1,10,2025,1,37,8.0,1500000.0,19725
8444284,1,1,1,10,2025,2,52,3.0,10000000.0,19728
8444284,1,2,1,10,2025,1,35,3.0,,19729
8444287,1,1,1,10,2025,2,33,8.0,,19736
8444287,1,4,1,10,2025,1,2,,,19739
8444291,1,3,1,10,2025,2,1,,,19749
8444292,1,5,1,10,2025,1,6,3.0,,19754
8444294,1,2,1,10,2025,2,10,3.0,,19758
8444294,1,3,1,10,2025,2,6,3.0,,19759
8444295,1,2,1,10,2025,1,37,8.0,3000000.0,19762
8444295,1,3,1,10,2025,1,4,1.0,,19763
8444296,1,1,1,10,2025,2,30,10.0,,19764
8444296,1,2,1,10,2025,1,30,10.0,2200000.0,19765
8444300,1,3,1,10,2025,1,14,5.0,,19772
8444302,1,4,1,10,2025,1,14,4.0,,19776
8444302,1,5,1,10,2025,1,11,3.0,,19777
8444304,1,1,1,10,2025,1,75,5.0,,19779
8444306,1,1,1,10,2025,2,23,5.0,1623500.0,19788
8444306,1,2,1,10,2025,2,1,,,19789
8444307,1,1,1,10,2025,2,34,5.0,,19791
8444309,1,1,1,10,2025,1,69,3.0,,19797
8444310,1,4,1,10,2025,2,17,5.0,,19801
8444310,1,5,1,10,2025,2,14,4.0,,19802
8444314,1,4,1,10,2025,2,21,8.0,,19811
8444317,1,1,1,10,2025,2,52,5.0,400000.0,19818
8444318,1,1,1,10,2025,2,38,8.0,1600000.0,19820
8444318,1,4,1,10,2025,1,11,4.0,,19823
8444320,1,1,1,10,2025,2,74,5.0,,19826
8444321,1,2,1,10,2025,2,37,5.0,1000000.0,19829
8444322,1,2,1,10,2025,1,54,5.0,1700000.0,19831
8444323,1,1,1,10,2025,2,61,5.0,,19833
8444324,1,2,1,10,2025,1,28,5.0,1500000.0,19836
8444325,1,2,1,10,2025,2,44,5.0,1200000.0,19839
8444326,1,1,1,10,2025,2,55,9.0,1423500.0,19841
8444326,1,4,1,10,2025,2,49,1.0,,19844
8444327,1,2,1,10,2025,2,30,5.0,,19846
8444328,1,1,1,10,2025,1,51,3.0,1300000.0,19847
8444328,1,2,1,10,2025,2,49,5.0,1200000.0,19848
8444328,1,4,1,10,2025,1,18,5.0,,19850
8444331,1,4,1,10,2025,2,2,,,19858
8444332,1,3,1,10,2025,2,15,5.0,,19861
8444332,1,4,1,10,2025,2,13,4.0,,19862
8444335,1,1,1,10,2025,1,41,3.0,1400000.0,19869
8444335,1,2,1,10,2025,2,40,5.0,1423500.0,19870
8444336,1,2,1,10,2025,2,17,5.0,,19873
8444337,1,1,1,10,2025,2,38,5.0,,19874
8444337,1,3,1,10,2025,2,16,5.0,,19876
8444338,1,1,1,10,2025,2,47,5.0,600000.0,19877
8444339,1,1,1,10,2025,1,51,5.0,1900000.0,19880
8444342,1,2,1,10,2025,1,36,6.0,,19886
8444343,1,4,1,10,2025,1,36,1.0,,19890
8444344,1,1,1,10,2025,2,31,5.0,1800000.0,19891
8444345,1,1,1,10,2025,2,55,3.0,,19893
8444348,1,1,1,10,2025,2,69,3.0,,19898
8444350,1,1,1,10,2025,2,48,3.0,400000.0,19902
8444350,1,2,1,10,2025,1,26,4.0,1200000.0,19903
8444353,1,1,1,10,2025,2,32,9.0,1560000.0,19908
8444354,1,1,1,10,2025,1,24,4.0,1450000.0,19910
8444354,1,2,1,10,2025,2,33,5.0,,19911
8444354,1,3,1,10,2025,2,4,1.0,,19912
8444354,1,4,1,10,2025,1,2,,,19913
8444356,1,1,1,10,2025,2,41,3.0,600000.0,19915
8444356,1,2,1,10,2025,2,7,3.0,,19916
8444357,1,1,1,10,2025,1,45,3.0,4000000.0,19917
8444359,1,1,1,10,2025,1,30,3.0,1400000.0,19919
8444360,1,1,1,10,2025,1,50,5.0,1423500.0,19922
8444360,1,3,1,10,2025,2,13,4.0,,19924
8444360,1,4,1,10,2025,1,11,3.0,,19925
8444363,1,1,1,10,2025,1,33,5.0,1900000.0,19930
8444363,1,2,1,10,2025,2,29,6.0,2147000.0,19931
8444363,1,3,1,10,2025,1,4,2.0,,19932
8444364,1,1,1,10,2025,2,25,5.0,500000.0,19933
8444368,1,2,1,10,2025,2,38,3.0,,19946
8444369,1,2,1,10,2025,2,29,5.0,400000.0,19950
8444371,1,1,1,10,2025,1,43,5.0,1500000.0,19952
8444372,1,1,1,10,2025,2,30,5.0,1200000.0,19957
8444372,1,2,1,10,2025,1,39,5.0,1423500.0,19958
8444373,1,3,1,10,2025,2,23,1.0,,19963
8444373,2,1,2,10,2025,2,69,3.0,35000.0,19964
8444374,1,2,1,10,2025,1,43,10.0,500000.0,19966
8444375,1,4,1,10,2025,2,92,3.0,,19971
8444376,1,2,1,10,2025,2,25,5.0,3500000.0,19973
8444376,1,3,1,10,2025,1,7,3.0,,19974
8444378,1,1,1,10,2025,2,30,8.0,,19978
8444378,1,3,1,10,2025,1,4,2.0,,19980
8444378,1,4,1,10,2025,1,0,,,19981
8444379,1,1,1,10,2025,2,21,5.0,1500000.0,19982
8444383,1,1,1,10,2025,1,50,5.0,1423500.0,19990
8444383,1,2,1,10,2025,2,47,6.0,,19991
8444383,1,3,1,10,2025,2,11,4.0,,19992
8444387,1,1,1,10,2025,2,50,11.0,5000000.0,20001
8444388,1,3,1,10,2025,2,17,6.0,,20005
8444389,1,2,1,10,2025,2,44,9.0,1423500.0,20007
8444390,1,3,1,10,2025,2,58,1.0,,20010
8444395,1,1,1,10,2025,1,84,5.0,,20019
8444395,1,2,1,10,2025,2,50,9.0,1523500.0,20020
8444395,1,3,1,10,2025,1,42,5.0,1423500.0,20021
8444396,1,1,1,10,2025,2,31,4.0,400000.0,20023
8444396,1,2,1,10,2025,2,13,4.0,,20024
8444397,1,3,1,10,2025,1,48,4.0,1500000.0,20028
8444397,1,5,1,10,2025,2,17,4.0,,20030
8444398,1,2,1,10,2025,2,73,3.0,,20033
8444399,1,3,1,10,2025,2,21,5.0,400000.0,20038
8444400,1,2,1,10,2025,1,31,5.0,1300000.0,20042
8444401,1,2,1,10,2025,2,68,5.0,,20045
8444402,1,1,1,10,2025,1,34,5.0,1300000.0,20047
8444404,1,2,1,10,2025,2,28,6.0,1423500.0,20051
8444407,1,1,1,10,2025,2,53,8.0,1723000.0,20054
8444407,1,2,1,10,2025,2,28,10.0,500000.0,20055
8444411,1,2,1,10,2025,2,39,5.0,,20065
8444411,1,3,1,10,2025,2,16,5.0,,20066
8444412,1,1,1,10,2025,2,66,5.0,,20067
8444415,1,3,1,10,2025,2,13,4.0,,20074
8444418,1,2,1,10,2025,2,27,6.0,300000.0,20078
8444420,1,2,1,10,2025,2,48,3.0,,20084
8444421,1,2,1,10,2025,1,44,3.0,,20086
8444421,1,4,1,10,2025,2,5,3.0,,20088
8444422,1,1,1,10,2025,2,30,5.0,500000.0,20090
8444423,1,1,1,10,2025,1,60,3.0,,20095
8444423,1,2,1,10,2025,2,60,5.0,,20096
8444426,1,2,1,10,2025,2,42,4.0,480000.0,20104
8444426,1,3,1,10,2025,2,24,10.0,,20105
8444429,1,4,1,10,2025,2,6,3.0,,20117
8444430,1,1,1,10,2025,2,24,4.0,,20119
8444433,1,1,1,10,2025,2,21,6.0,,20125
8444436,1,2,1,10,2025,1,27,4.0,3000000.0,20130
8444437,1,2,1,10,2025,1,28,4.0,,20135
8444440,1,3,1,10,2025,2,18,10.0,,20144
8444441,1,2,1,10,2025,2,34,5.0,1200000.0,20147
8444442,1,1,1,10,2025,2,47,12.0,2800000.0,20151
8444443,1,2,1,10,2025,2,44,11.0,5200000.0,20153
8444444,1,2,1,10,2025,2,30,5.0,1423500.0,20156
8444445,1,4,1,10,2025,1,10,3.0,,20161
8444445,1,5,1,10,2025,2,31,8.0,2368000.0,20162
8444449,1,2,1,10,2025,2,51,3.0,,20171
8444450,1,3,1,10,2025,1,9,3.0,,20175
8444451,1,2,1,10,2025,2,45,5.0,,20179
8444452,1,1,1,10,2025,2,56,5.0,250000.0,20181
8444452,1,3,1,10,2025,1,15,4.0,,20183
8444452,1,4,1,10,2025,2,14,4.0,,20184
8444453,1,2,1,10,2025,1,52,4.0,2000000.0,20186
8444456,1,2,1,10,2025,2,15,4.0,,20196
8444456,1,3,1,10,2025,1,3,1.0,,20197
8444458,1,2,1,10,2025,2,31,10.0,,20200
8444460,1,2,1,10,2025,2,67,5.0,,20204
8444461,1,2,1,10,2025,1,30,5.0,1000000.0,20206
8444462,1,1,1,10,2025,1,74,4.0,,20207
8444464,1,1,1,10,2025,1,24,5.0,2000000.0,20209
8444465,1,1,1,10,2025,1,75,5.0,1200000.0,20211
8444466,1,1,1,10,2025,2,47,3.0,800000.0,20212
8444466,1,2,1,10,2025,1,15,4.0,,20213
8444467,1,1,1,10,2025,1,39,3.0,1423500.0,20215
8444467,1,4,1,10,2025,2,11,4.0,,20218
8444467,1,5,1,10,2025,2,8,3.0,,20219
8444470,1,2,1,10,2025,2,46,3.0,,20226
8444471,1,3,1,10,2025,2,21,10.0,,20229
8444472,1,1,1,10,2025,1,73,3.0,700000.0,20231
8444473,1,4,1,10,2025,2,85,5.0,,20236
8444474,1,2,1,10,2025,1,21,10.0,,20238
8444475,1,1,1,10,2025,2,41,8.0,1423500.0,20240
8444475,1,4,1,10,2025,2,47,1.0,,20243
8444475,1,6,1,10,2025,2,13,4.0,,20245
8444476,1,2,1,10,2025,2,31,5.0,,20247
8444476,1,4,1,10,2025,2,0,,,20249
8444480,1,1,1,10,2025,1,69,5.0,,20255
8444481,1,1,1,10,2025,1,69,5.0,700000.0,20256
8444482,1,2,1,10,2025,2,43,5.0,800000.0,20260
8444485,1,1,1,10,2025,2,43,10.0,,20265
8444485,1,2,1,10,2025,1,61,5.0,1423500.0,20266
8444486,1,1,1,10,2025,2,39,5.0,1423500.0,20268
8444489,1,4,1,10,2025,2,16,5.0,,20277
8444489,1,6,1,10,2025,2,4,2.0,,20279
8444491,1,2,1,10,2025,2,80,5.0,,20285
8444493,1,3,1,10,2025,2,2,,,20290
8444498,1,3,1,10,2025,1,5,2.0,,20305
8444498,1,4,1,10,2025,2,18,4.0,,20306
8444498,1,6,1,10,2025,2,58,4.0,650000.0,20308
8444499,1,1,1,10,2025,1,29,4.0,900000.0,20310
8444499,1,4,1,10,2025,1,4,1.0,,20313
8444500,1,1,1,10,2025,1,24,4.0,,20314
8444504,1,1,1,10,2025,1,59,4.0,,20321
8444506,1,2,1,10,2025,2,64,4.0,,20327
8444508,1,1,1,10,2025,1,73,5.0,,20329
8444508,1,2,1,10,2025,2,62,5.0,,20330
8444509,1,2,1,10,2025,2,55,5.0,,20333
8444510,1,2,1,10,2025,1,19,1.0,,20335
8444512,1,1,1,10,2025,1,49,4.0,1423500.0,20339
8444513,1,1,1,10,2025,2,35,10.0,2200000.0,20345
8444515,1,1,1,10,2025,2,46,1.0,1750000.0,20351
8444517,1,1,1,10,2025,1,72,3.0,,20354
8444517,1,2,1,10,2025,2,69,4.0,,20355
8444518,1,1,1,10,2025,2,35,10.0,2500000.0,20356
8444522,1,2,1,10,2025,1,31,5.0,1423500.0,20366
8444523,1,1,1,10,2025,2,44,8.0,1423500.0,20367
8444523,1,3,1,10,2025,1,24,9.0,1600000.0,20369
8444525,1,3,1,10,2025,1,24,5.0,600000.0,20375
8444529,1,3,1,10,2025,1,7,3.0,,20385
8444530,1,1,1,10,2025,2,54,4.0,,20387
8444530,1,2,1,10,2025,2,28,9.0,2200000.0,20388
8444531,1,2,1,10,2025,2,59,4.0,,20390
8444531,1,3,1,10,2025,1,40,8.0,1200000.0,20391
8444532,1,2,1,10,2025,1,89,3.0,500000.0,20393
8444534,1,2,1,10,2025,1,36,3.0,1423500.0,20400
8444534,1,3,1,10,2025,2,31,5.0,900000.0,20401
8444535,1,1,1,10,2025,2,60,3.0,,20402
8444535,1,4,1,10,2025,1,39,4.0,1800000.0,20405
8444535,1,5,1,10,2025,2,18,10.0,,20406
8444536,1,1,1,10,2025,1,75,1.0,,20408
8444538,1,1,1,10,2025,2,62,5.0,,20414
8444538,1,2,1,10,2025,1,66,3.0,,20415
8444539,1,2,1,10,2025,1,22,10.0,,20417
8444540,1,3,1,10,2025,1,26,9.0,,20420
8444541,1,1,1,10,2025,1,65,3.0,,20421
8444543,1,2,1,10,2025,2,73,3.0,,20426
8444543,1,3,1,10,2025,1,45,10.0,3500000.0,20427
8444543,1,4,1,10,2025,1,53,5.0,,20428
8444543,1,5,1,10,2025,1,22,10.0,,20429
8444545,1,1,1,10,2025,1,70,10.0,,20431
8444545,1,2,1,10,2025,2,70,10.0,,20432
8444549,1,1,1,10,2025,2,70,3.0,,20441
8444550,1,2,1,10,2025,1,49,4.0,,20444
8444551,1,4,1,10,2025,1,69,3.0,100000.0,20450
8444552,1,2,1,10,2025,2,23,6.0,,20452
8444553,1,2,1,10,2025,1,77,5.0,600000.0,20454
8444554,1,1,1,10,2025,2,38,4.0,2000000.0,20455
8444554,1,2,1,10,2025,1,40,4.0,3400000.0,20456
8444554,1,3,1,10,2025,2,14,4.0,,20457
8444555,1,3,1,10,2025,2,24,5.0,,20460
8444557,1,1,1,10,2025,2,42,4.0,1000000.0,20465
8444557,1,3,1,10,2025,2,16,4.0,,20467
8444558,1,1,1,10,2025,2,46,4.0,,20470
8444560,1,3,1,10,2025,1,14,4.0,,20478
8444561,1,2,1,10,2025,1,21,4.0,,20480
8444562,1,1,1,10,2025,1,84,3.0,,20482
8444565,1,1,1,10,2025,2,36,5.0,1423500.0,20488
8444565,1,2,1,10,2025,2,26,5.0,1423500.0,20489
8444567,1,1,1,10,2025,2,66,10.0,2800000.0,20495
8444568,1,1,1,10,2025,1,43,4.0,,20497
8444569,1,1,1,10,2025,1,51,10.0,2000000.0,20498
8444574,1,1,1,10,2025,1,63,5.0,,20508
8444577,1,1,1,10,2025,2,81,3.0,,20515
8444582,1,1,1,10,2025,1,77,3.0,,20526
8444584,1,1,1,10,2025,2,35,10.0,2900000.0,20531
8444585,1,1,1,10,2025,1,57,5.0,1200000.0,20533
8444587,1,3,1,10,2025,1,32,6.0,1574000.0,20538
8444589,1,2,1,10,2025,2,21,9.0,1423500.0,20541
8444590,1,2,1,10,2025,2,73,3.0,,20543
8444591,1,1,1,10,2025,2,28,10.0,1423500.0,20544
8444592,1,1,1,10,2025,1,55,3.0,2300000.0,20547
8444593,1,1,1,10,2025,2,50,4.0,,20548
8444593,1,2,1,10,2025,1,22,8.0,1000000.0,20549
8444597,1,2,1,10,2025,2,35,5.0,1400000.0,20555
8444598,1,3,1,10,2025,1,73,4.0,,20559
8444598,1,4,1,10,2025,2,63,5.0,,20560
8444598,1,6,1,10,2025,1,23,1.0,,20562
8444600,1,2,1,10,2025,1,28,5.0,1425000.0,20568
8444600,1,3,1,10,2025,2,0,,,20569
8444601,1,3,1,10,2025,1,93,1.0,,20572
8444602,1,1,1,10,2025,1,60,3.0,700000.0,20573
8444602,1,2,1,10,2025,2,45,3.0,,20574
8444603,1,2,1,10,2025,1,31,6.0,2000000.0,20576
8444604,1,1,1,10,2025,1,81,1.0,,20578
8444606,1,2,1,10,2025,2,63,3.0,,20581
8444607,1,1,1,10,2025,1,50,3.0,2500000.0,20583
8444607,1,2,1,10,2025,2,41,5.0,,20584
8444608,1,3,1,10,2025,2,27,4.0,1423500.0,20589
8444609,1,1,1,10,2025,2,52,3.0,,20590
8444610,1,1,1,10,2025,1,43,3.0,1900000.0,20592
8444611,1,1,1,10,2025,2,44,4.0,1000000.0,20595
8444611,1,2,1,10,2025,1,15,4.0,,20596
8444612,1,2,1,10,2025,2,47,3.0,,20598
8444613,1,1,1,10,2025,2,48,5.0,240000.0,20599
8444614,1,1,1,10,2025,1,51,5.0,500000.0,20601
8444615,1,1,1,10,2025,2,52,5.0,1300000.0,20603
8444615,1,2,1,10,2025,1,49,3.0,,20604
8444617,1,1,1,10,2025,1,56,4.0,1423500.0,20607
8444617,1,5,1,10,2025,1,13,4.0,,20611
8444620,1,1,1,10,2025,1,55,5.0,1423500.0,20619
8444621,1,3,1,10,2025,1,20,5.0,600000.0,20623
8444622,1,1,1,10,2025,1,20,6.0,1300000.0,20624
8444624,1,1,1,10,2025,1,56,8.0,3000000.0,20627
8444625,1,1,1,10,2025,2,54,6.0,2000000.0,20628
8444625,1,2,1,10,2025,1,58,3.0,,20629
8444626,1,3,1,10,2025,2,75,3.0,,20632
8444627,1,1,1,10,2025,2,34,9.0,1423500.0,20633
8444627,1,2,1,10,2025,1,11,4.0,,20634
8444628,1,2,1,10,2025,2,64,9.0,,20636
8444629,1,2,1,10,2025,2,20,6.0,,20639
8444629,1,4,1,10,2025,2,25,6.0,,20641
8444630,1,2,1,10,2025,1,3,1.0,,20643
8444631,1,5,1,10,2025,2,3,1.0,,20648
8444633,1,1,1,10,2025,2,59,5.0,,20649
8444633,1,2,1,10,2025,2,22,10.0,,20650
8444634,2,1,2,10,2025,2,38,4.0,1000000.0,20653
8444635,1,2,1,10,2025,2,77,3.0,,20657
8444637,1,3,1,10,2025,1,8,3.0,,20665
8444638,1,2,1,10,2025,2,82,5.0,,20668
8444640,1,1,1,10,2025,1,63,3.0,500000.0,20670
8444641,1,2,1,10,2025,1,27,8.0,,20672
8444642,1,2,1,10,2025,2,23,4.0,,20674
8444643,1,1,1,10,2025,2,36,5.0,,20675
8444643,1,4,1,10,2025,2,16,4.0,,20678
8444643,1,6,1,10,2025,2,3,1.0,,20680
8444648,1,1,1,10,2025,1,44,5.0,2000000.0,20691
8444648,1,2,1,10,2025,2,42,3.0,,20692
8444648,1,3,1,10,2025,1,20,5.0,900000.0,20693
8444648,1,4,1,10,2025,1,17,5.0,900000.0,20694
8444649,1,2,1,10,2025,2,46,6.0,,20696
8444649,1,3,1,10,2025,2,15,4.0,,20697
8444651,1,4,1,10,2025,1,1,,,20704
8444652,1,1,1,10,2025,1,47,8.0,2000000.0,20705
8444653,1,1,1,10,2025,2,58,6.0,1800000.0,20706
8444653,1,3,1,10,2025,2,28,5.0,,20708
8444656,1,1,1,10,2025,1,35,4.0,1600000.0,20716
8444656,1,3,1,10,2025,2,9,3.0,,20718
8444657,1,2,1,10,2025,1,63,3.0,,20721
8444661,1,1,1,10,2025,1,55,9.0,2500000.0,20728
8444661,1,2,1,10,2025,1,6,3.0,,20729
8444662,1,3,1,10,2025,2,32,9.0,1423000.0,20732
8444663,1,2,1,10,2025,1,20,9.0,1423500.0,20735
8444664,1,1,1,10,2025,1,69,8.0,1423500.0,20736
8444665,1,2,1,10,2025,2,21,10.0,,20740
8444667,1,2,1,10,2025,2,92,3.0,,20742
8444669,1,1,1,10,2025,1,58,6.0,1423500.0,20746
8444669,1,2,1,10,2025,2,40,5.0,1300000.0,20747
8444669,1,3,1,10,2025,2,18,10.0,,20748
8444670,1,1,1,10,2025,2,31,13.0,5000000.0,20749
8444671,1,1,1,10,2025,1,44,8.0,,20750
8444671,1,2,1,10,2025,2,37,8.0,1423500.0,20751
8444671,1,4,1,10,2025,1,7,3.0,,20753
8444672,1,1,1,10,2025,1,55,10.0,2100000.0,20754
8444675,1,3,1,10,2025,1,49,10.0,1423500.0,20760
8444676,1,1,1,10,2025,2,37,10.0,1423500.0,20762
8444677,1,1,1,10,2025,2,66,6.0,,20765
8444677,1,3,1,10,2025,1,4,2.0,,20767
8444678,1,1,1,10,2025,2,75,5.0,,20769
8444681,1,4,1,10,2025,2,71,5.0,,20777
8444682,1,1,1,10,2025,1,79,11.0,,20778
8444682,1,2,1,10,2025,2,66,11.0,,20779
8444686,1,1,1,10,2025,2,60,3.0,,20787
8444687,1,1,1,10,2025,1,77,10.0,,20789
8444687,1,2,1,10,2025,2,77,10.0,,20790
8444688,1,1,1,10,2025,2,63,6.0,900000.0,20791
8444689,1,1,1,10,2025,1,46,10.0,10000000.0,20792
8444689,1,2,1,10,2025,2,40,12.0,30000000.0,20793
8444690,1,2,1,10,2025,1,63,3.0,,20796
8444690,1,5,1,10,2025,1,7,3.0,,20799
8444691,1,1,1,10,2025,2,52,4.0,500000.0,20800
8444691,2,2,2,10,2025,2,13,4.0,,20803
8444693,1,3,1,10,2025,2,18,10.0,,20809
8444694,1,4,1,10,2025,2,20,10.0,,20813
8444697,1,2,1,10,2025,1,56,5.0,1500000.0,20818
8444697,1,3,1,10,2025,2,20,9.0,,20819
8444701,1,1,1,10,2025,1,82,1.0,,20828
8444702,1,1,1,10,2025,2,81,3.0,,20830
8444703,1,6,1,10,2025,1,9,3.0,,20837
8444705,1,4,1,10,2025,2,30,5.0,,20844
8444705,1,8,1,10,2025,2,21,5.0,,20848
8444705,1,9,1,10,2025,2,13,4.0,,20849
8444706,1,1,1,10,2025,2,25,5.0,,20850
8444706,1,2,1,10,2025,1,4,2.0,,20851
8444708,1,3,1,10,2025,2,1,,,20859
8444709,1,1,1,10,2025,1,53,4.0,2500000.0,20860
8444710,1,1,1,10,2025,1,65,10.0,20000.0,20861
8444710,1,2,1,10,2025,2,65,11.0,,20862
8444710,1,3,1,10,2025,1,26,10.0,1500000.0,20863
8444712,1,1,1,10,2025,2,35,5.0,1420000.0,20864
8444712,1,2,1,10,2025,1,33,3.0,1423500.0,20865
8444714,1,3,1,10,2025,1,0,,,20873
8444715,1,2,1,10,2025,2,29,5.0,,20875
8444716,1,1,1,10,2025,2,61,12.0,8000000.0,20876
8444717,1,1,1,10,2025,2,43,5.0,1200000.0,20877
8444718,1,1,1,10,2025,2,27,10.0,1800000.0,20879
8444718,1,2,1,10,2025,1,27,6.0,2300000.0,20880
8444721,1,4,1,10,2025,1,12,4.0,,20891
8444725,1,1,1,10,2025,1,61,6.0,700000.0,20900
8444725,1,2,1,10,2025,2,51,6.0,1200000.0,20901
8444726,1,1,1,10,2025,1,45,8.0,2300000.0,20902
8444727,1,1,1,10,2025,1,30,6.0,3200000.0,20906
8444728,1,2,1,10,2025,2,39,8.0,1423500.0,20910
8444729,1,1,1,10,2025,1,32,5.0,1500000.0,20913
8444729,1,2,1,10,2025,2,28,10.0,1980000.0,20914
8444730,1,1,1,10,2025,2,31,6.0,1000000.0,20917
8444730,1,2,1,10,2025,1,9,3.0,,20918
8444733,1,2,1,10,2025,2,64,10.0,,20927
8444734,1,3,1,10,2025,1,15,5.0,,20930
8444737,1,2,1,10,2025,2,67,5.0,225000.0,20938
8444737,1,3,1,10,2025,1,25,10.0,,20939
8444740,1,1,1,10,2025,1,40,5.0,600000.0,20945
8444740,1,2,1,10,2025,2,38,5.0,,20946
8444740,1,3,1,10,2025,2,14,5.0,,20947
8444741,1,2,1,10,2025,2,79,1.0,,20951
8444744,1,1,1,10,2025,2,31,5.0,1000000.0,20955
8444744,1,2,1,10,2025,1,10,4.0,,20956
8444744,1,3,1,10,2025,2,6,3.0,,20957
8444745,1,4,1,10,2025,1,15,5.0,,20961
8444746,1,1,1,10,2025,1,71,10.0,,20962
8444747,1,2,1,10,2025,1,21,5.0,946000.0,20965
8444748,1,1,1,10,2025,1,66,3.0,1200000.0,20968
8444749,1,1,1,10,2025,1,90,3.0,,20969
8444749,1,2,1,10,2025,1,59,5.0,960000.0,20970
8444751,1,3,1,10,2025,2,10,3.0,,20975
8444752,1,3,1,10,2025,1,11,4.0,,20978
8444755,1,2,1,10,2025,1,47,1.0,1300000.0,20986
8444756,1,1,1,10,2025,2,55,3.0,400000.0,20987
8444756,1,2,1,10,2025,1,62,3.0,500000.0,20988
8444757,1,1,1,10,2025,1,60,3.0,900000.0,20990
8444758,1,2,1,10,2025,2,26,10.0,,20992
8444758,1,3,1,10,2025,1,4,2.0,,20993
8444759,1,2,1,10,2025,2,53,3.0,650000.0,20995
8444761,1,3,1,10,2025,2,17,5.0,,21002
8444765,1,3,1,10,2025,2,14,5.0,,21011
8444767,1,1,1,10,2025,2,70,1.0,,21014
8444767,1,2,1,10,2025,1,33,4.0,,21015
8444768,1,2,1,10,2025,2,28,5.0,,21017
8444769,1,2,1,10,2025,2,42,5.0,750000.0,21021
8444770,1,2,1,10,2025,2,6,3.0,,21024
8444770,1,3,1,10,2025,2,20,5.0,,21025
8444771,1,3,1,10,2025,1,11,4.0,,21029
8444772,1,2,1,10,2025,2,37,5.0,1000000.0,21032
8444772,1,3,1,10,2025,1,4,1.0,,21033
8444773,1,1,1,10,2025,1,47,5.0,800000.0,21034
8444773,1,4,1,10,2025,2,11,3.0,,21037
8444777,1,2,1,10,2025,2,7,3.0,,21048
8444778,1,4,1,10,2025,1,9,3.0,,21052
8444779,1,1,1,10,2025,2,86,5.0,,21054
8444779,1,2,1,10,2025,2,45,9.0,1000000.0,21055
8444782,1,1,1,10,2025,2,83,1.0,,21061
8444783,1,1,1,10,2025,2,70,3.0,,21066
8444784,1,1,1,10,2025,1,75,1.0,800000.0,21069
8444786,1,1,1,10,2025,1,50,3.0,500000.0,21072
8444786,1,2,1,10,2025,2,41,3.0,650000.0,21073
8444788,1,1,1,10,2025,1,63,9.0,,21078
8444789,1,1,1,10,2025,1,54,4.0,1300000.0,21079
8444790,1,1,1,10,2025,1,33,4.0,1400000.0,21081
8444791,1,1,1,10,2025,1,79,5.0,,21082
8444791,1,2,1,10,2025,2,45,5.0,,21083
8444791,1,3,1,10,2025,2,24,10.0,,21084
8444792,1,2,1,10,2025,2,69,3.0,,21086
8444792,1,4,1,10,2025,1,19,5.0,,21088
8444793,1,2,1,10,2025,2,27,5.0,3200000.0,21090
8444793,1,4,1,10,2025,1,3,1.0,,21092
8444795,1,2,1,10,2025,1,64,5.0,500000.0,21096
8444796,1,1,1,10,2025,1,35,5.0,1500000.0,21097
8444796,1,2,1,10,2025,2,30,6.0,1423500.0,21098
8444797,1,4,1,10,2025,1,18,10.0,,21103
8444798,1,1,1,10,2025,2,56,3.0,400000.0,21104
8444798,1,4,1,10,2025,2,9,3.0,,21107
8444801,1,1,1,10,2025,1,25,10.0,,21111
8444805,1,4,1,10,2025,2,14,5.0,,21120
8444806,1,3,1,10,2025,1,19,8.0,,21123
8444807,1,1,1,10,2025,1,43,4.0,100000.0,21128
8444807,1,2,1,10,2025,2,36,4.0,,21129
8444807,1,4,1,10,2025,1,14,4.0,,21131
8444808,1,2,1,10,2025,2,18,5.0,400000.0,21133
8444808,1,4,1,10,2025,2,13,4.0,,21135
8444810,1,3,1,10,2025,2,57,4.0,0.0,21142
8444811,1,1,1,10,2025,2,76,4.0,,21144
8444814,1,2,1,10,2025,1,54,5.0,900000.0,21151
8444816,1,3,1,10,2025,2,21,8.0,,21156
8444816,1,4,1,10,2025,2,14,5.0,,21157
8444817,1,1,1,10,2025,2,26,5.0,,21158
8444817,1,3,1,10,2025,1,12,3.0,,21160
8444817,1,4,1,10,2025,2,10,3.0,,21161
8444817,1,5,1,10,2025,1,9,3.0,,21162
8444820,1,1,1,10,2025,1,76,4.0,,21166
8444822,1,1,1,10,2025,2,28,3.0,,21173
8444824,1,1,1,10,2025,1,34,5.0,,21178
8444824,1,2,1,10,2025,2,27,8.0,6000000.0,21179
8444826,1,1,1,10,2025,1,50,3.0,1923500.0,21182
8444827,1,4,1,10,2025,2,29,1.0,,21187
8444828,1,2,1,10,2025,2,43,5.0,,21189
8444828,1,3,1,10,2025,1,21,6.0,1423500.0,21190
8444829,1,1,1,10,2025,2,42,6.0,1423500.0,21192
8444829,1,2,1,10,2025,1,37,8.0,1800000.0,21193
8444830,1,1,1,10,2025,2,58,3.0,1500000.0,21195
8444831,1,1,1,10,2025,1,82,10.0,,21198
8444831,1,2,1,10,2025,2,77,10.0,,21199
8444831,1,3,1,10,2025,2,46,8.0,2000000.0,21200
8444831,1,4,1,10,2025,1,20,5.0,,21201
8444834,1,1,1,10,2025,1,24,8.0,2500000.0,21206
8444836,1,2,1,10,2025,2,57,5.0,,21213
8444836,1,3,1,10,2025,1,39,5.0,1600000.0,21214
8444838,1,1,1,10,2025,1,39,10.0,3000000.0,21217
8444841,1,1,1,10,2025,2,22,10.0,3000000.0,21221
8444843,1,2,1,10,2025,2,39,8.0,1800000.0,21224
8444846,1,1,1,10,2025,2,78,3.0,,21228
8444849,1,2,1,10,2025,2,38,8.0,1600000.0,21232
8444851,1,2,1,10,2025,2,34,5.0,1900000.0,21240
8444854,1,1,1,10,2025,1,55,8.0,1423500.0,21247
8444855,1,2,1,10,2025,2,32,6.0,500000.0,21251
8444855,1,3,1,10,2025,2,15,5.0,,21252
8444858,1,1,1,10,2025,2,56,9.0,2000000.0,21257
8444858,1,2,1,10,2025,2,33,9.0,,21258
8444859,1,1,1,10,2025,1,40,5.0,1200000.0,21259
8444859,1,2,1,10,2025,2,37,5.0,,21260
8444861,1,1,1,10,2025,1,45,5.0,,21265
8444861,1,2,1,10,2025,2,44,5.0,,21266
8444862,1,1,1,10,2025,2,47,10.0,4000000.0,21270
8444870,1,2,1,10,2025,2,25,5.0,1650000.0,21279
8444871,1,1,1,10,2025,1,59,6.0,1600000.0,21280
8444871,1,2,1,10,2025,1,17,4.0,,21281
8444874,1,1,1,10,2025,2,37,8.0,960000.0,21288
8444874,1,2,1,10,2025,2,16,5.0,,21289
8444875,1,3,1,10,2025,2,12,4.0,,21293
8444877,1,1,1,10,2025,1,40,5.0,,21298
8444879,1,1,1,10,2025,2,24,10.0,3500000.0,21300
8444879,1,4,1,10,2025,1,23,10.0,,21303
8444881,1,1,1,10,2025,2,68,5.0,500000.0,21305
8444881,1,2,1,10,2025,1,24,10.0,1200000.0,21306
8444882,1,1,1,10,2025,1,38,8.0,2000000.0,21307
8444882,1,2,1,10,2025,2,36,8.0,,21308
8444883,1,1,1,10,2025,1,64,5.0,,21310
8444883,1,2,1,10,2025,2,59,5.0,,21311
8444884,1,1,1,10,2025,1,50,4.0,2000000.0,21315
8444884,1,2,1,10,2025,1,21,5.0,1500000.0,21316
8444885,1,1,1,10,2025,1,44,4.0,1000000.0,21317
8444885,1,2,1,10,2025,2,41,4.0,750000.0,21318
8444887,1,1,1,10,2025,2,37,5.0,1423500.0,21325
8444887,1,3,1,10,2025,2,14,4.0,,21327
8444889,1,1,1,10,2025,2,21,9.0,,21329
8444894,1,3,1,10,2025,1,17,10.0,,21335
8444895,1,1,1,10,2025,1,56,11.0,,21337
8444895,1,3,1,10,2025,2,17,10.0,,21339
8444895,1,5,1,10,2025,1,3,2.0,,21341
8444899,1,1,1,10,2025,1,33,5.0,1500000.0,21349
8444900,1,3,1,10,2025,1,31,10.0,3000000.0,21353
8444901,1,1,1,10,2025,1,28,8.0,1800000.0,21355
8444902,1,1,1,10,2025,1,20,5.0,3200000.0,21359
8444903,1,1,1,10,2025,2,50,10.0,1800000.0,21361
8444903,1,2,1,10,2025,1,42,10.0,2000000.0,21362
8444904,1,1,1,10,2025,2,37,4.0,1200000.0,21363
8444904,1,3,1,10,2025,1,13,4.0,,21365
8444905,1,2,1,10,2025,2,28,10.0,1800000.0,21367
8444905,1,3,1,10,2025,2,36,5.0,500000.0,21368
8444905,1,4,1,10,2025,2,17,5.0,,21369
8444905,1,5,1,10,2025,1,16,5.0,,21370
8444905,1,7,1,10,2025,2,68,3.0,,21372
8444906,1,1,1,10,2025,2,21,10.0,1900000.0,21373
8444909,1,2,1,10,2025,2,26,5.0,3000000.0,21379
8444910,1,1,1,10,2025,1,44,11.0,3800000.0,21380
8444912,1,2,1,10,2025,1,72,5.0,,21389
8444913,1,2,1,10,2025,2,59,8.0,1500000.0,21392
8444914,1,2,1,10,2025,2,66,5.0,1500000.0,21394
8444915,1,1,1,10,2025,2,58,5.0,,21396
8444915,1,2,1,10,2025,2,35,8.0,2100000.0,21397
8444916,1,1,1,10,2025,1,59,4.0,,21401
8444921,1,1,1,10,2025,1,66,4.0,,21414
8444924,1,3,1,10,2025,2,30,5.0,1623000.0,21426
8444927,1,1,1,10,2025,1,57,8.0,2000000.0,21435
8444927,1,4,1,10,2025,2,31,10.0,2800000.0,21438
8444929,1,1,1,10,2025,2,38,8.0,2500000.0,21441
8444929,1,2,1,10,2025,1,33,5.0,1600000.0,21442
8444932,1,2,1,10,2025,1,29,3.0,6000000.0,21448
8444933,1,1,1,10,2025,1,53,5.0,1500000.0,21449
8444934,1,3,1,10,2025,1,8,3.0,,21454
8444936,1,1,1,10,2025,1,58,3.0,1600000.0,21456
8444937,1,2,1,10,2025,1,42,10.0,4000000.0,21458
8444946,1,3,1,10,2025,2,1,,,21462
8444946,1,4,1,10,2025,1,15,5.0,,21463
8444948,1,1,1,10,2025,1,28,9.0,3400000.0,21467
8444950,1,3,1,10,2025,1,8,3.0,,21475
8444951,1,1,1,10,2025,1,51,4.0,1800000.0,21476
8444952,1,1,1,10,2025,2,23,4.0,500000.0,21478
8444953,1,1,1,10,2025,1,24,5.0,1400000.0,21480
8444954,1,1,1,10,2025,1,39,5.0,6200000.0,21481
8444955,1,1,1,10,2025,1,41,8.0,2200000.0,21482
8444955,1,2,1,10,2025,2,37,10.0,3100000.0,21483
8444957,1,1,1,10,2025,1,33,3.0,1800000.0,21485
8444962,1,1,1,10,2025,2,61,5.0,300000.0,21494
8444966,1,1,1,10,2025,2,37,8.0,2800000.0,21500
8444966,1,2,1,10,2025,1,40,9.0,2800000.0,21501
8444967,1,2,1,10,2025,2,41,10.0,3900000.0,21505
8444968,1,2,1,10,2025,2,43,11.0,7000000.0,21508
8444968,1,3,1,10,2025,1,12,4.0,,21509
8444970,1,3,1,10,2025,1,12,3.0,,21516
8444970,1,4,1,10,2025,2,78,3.0,,21517
8444971,1,2,1,10,2025,1,45,8.0,1987000.0,21519
8444972,1,1,1,10,2025,1,48,11.0,3200000.0,21521
8444972,1,3,1,10,2025,1,24,10.0,2800000.0,21523
8444975,1,1,1,10,2025,1,49,5.0,1680000.0,21527
8444975,1,2,1,10,2025,2,50,5.0,,21528
8444976,1,2,1,10,2025,2,25,11.0,2587000.0,21531
8444977,1,1,1,10,2025,2,78,3.0,300000.0,21532
8444978,1,1,1,10,2025,2,76,3.0,,21533
8444978,1,2,1,10,2025,2,19,5.0,,21534
8444979,1,2,1,10,2025,1,13,4.0,,21536
8444981,1,1,1,10,2025,1,27,10.0,4000000.0,21539
8445174,1,1,1,10,2025,1,62,4.0,568000.0,21545
8445174,1,3,1,10,2025,1,21,8.0,,21547
8445175,1,3,1,10,2025,2,15,5.0,13000.0,21550
8445176,1,1,1,10,2025,2,36,8.0,200000.0,21552
8445178,1,2,1,10,2025,2,37,5.0,3100000.0,21556
8445178,1,4,1,10,2025,2,9,3.0,,21558
8445178,1,6,1,10,2025,1,17,5.0,,21560
8445178,1,7,1,10,2025,1,15,5.0,,21561
8445180,1,1,1,10,2025,1,80,3.0,,21563
8445183,1,2,1,10,2025,2,65,1.0,,21567
8445185,1,1,1,10,2025,1,55,3.0,900000.0,21570
8445186,1,2,1,10,2025,2,68,3.0,300000.0,21577
8445187,1,2,1,10,2025,2,49,5.0,300000.0,21580
8445187,1,8,1,10,2025,1,0,,,21586
8445187,1,11,1,10,2025,2,8,3.0,,21589
8445188,1,2,1,10,2025,2,56,5.0,,21591
8445189,1,1,1,10,2025,2,56,4.0,700000.0,21595
8445194,1,2,1,10,2025,1,46,1.0,920000.0,21603
8445195,1,1,1,10,2025,2,64,1.0,,21605
8445195,1,2,1,10,2025,1,57,1.0,1000000.0,21606
8445199,1,1,1,10,2025,2,49,3.0,,21615
8445199,1,2,1,10,2025,1,23,4.0,900000.0,21616
8445199,1,3,1,10,2025,2,15,5.0,,21617
8445202,1,1,1,10,2025,1,41,5.0,800000.0,21620
8445203,1,1,1,10,2025,1,75,1.0,600000.0,21623
8445205,1,2,1,10,2025,1,42,4.0,600000.0,21626
8445206,1,1,1,10,2025,1,70,1.0,900000.0,21628
8445207,1,1,1,10,2025,1,66,3.0,1200000.0,21629
8445209,1,1,1,10,2025,1,55,3.0,1200000.0,21634
8445209,1,3,1,10,2025,1,16,5.0,,21636
8445210,1,3,1,10,2025,1,6,2.0,,21641
8445212,1,1,1,10,2025,2,53,5.0,,21644
8445212,1,2,1,10,2025,1,73,5.0,1200000.0,21645
8445212,1,3,1,10,2025,2,20,8.0,,21646
8445213,1,2,1,10,2025,2,4,1.0,,21648
8445216,1,2,1,10,2025,1,33,4.0,1000000.0,21654
8445217,1,1,1,10,2025,1,29,5.0,1423500.0,21656
8445217,1,2,1,10,2025,2,26,4.0,,21657
8445217,1,3,1,10,2025,2,8,3.0,,21658
8445217,1,4,1,10,2025,1,5,2.0,,21659
8445218,1,2,1,10,2025,1,51,5.0,1423500.0,21661
8445219,1,4,1,10,2025,2,9,3.0,,21665
8445219,1,5,1,10,2025,2,7,3.0,,21666
8445220,1,1,1,10,2025,2,24,5.0,500000.0,21667
8445221,1,2,1,10,2025,1,49,8.0,,21670
8445222,1,3,1,10,2025,2,10,3.0,,21674
8445224,1,1,1,10,2025,2,25,5.0,,21675
8445226,1,1,1,10,2025,2,50,4.0,1623000.0,21678
8445230,1,5,1,10,2025,1,2,,,21691
8445231,1,1,1,10,2025,2,51,3.0,450000.0,21694
8445231,1,2,1,10,2025,1,17,4.0,,21695
8445231,1,4,1,10,2025,2,11,3.0,,21697
8445233,1,2,1,10,2025,1,33,5.0,1000000.0,21701
8445233,1,3,1,10,2025,2,10,3.0,,21702
8445235,1,1,1,10,2025,2,26,3.0,,21705
8445235,1,2,1,10,2025,1,27,3.0,400000.0,21706
8445235,1,4,1,10,2025,2,1,,,21708
8445236,1,1,1,10,2025,2,31,4.0,,21709
8445236,1,2,1,10,2025,1,32,3.0,,21710
8445236,1,3,1,10,2025,2,11,3.0,,21711
8445236,1,4,1,10,2025,1,8,3.0,,21712
8445236,1,5,1,10,2025,2,4,1.0,,21713
8445237,1,3,1,10,2025,2,10,3.0,,21717
8445238,1,1,1,10,2025,2,85,1.0,,21718
8445239,1,1,1,10,2025,2,24,4.0,,21720
8445239,1,2,1,10,2025,1,31,3.0,600000.0,21721
8445239,1,3,1,10,2025,1,5,3.0,,21722
8445240,1,2,1,10,2025,2,17,4.0,,21727
8445241,1,1,1,10,2025,2,61,1.0,,21729
8445241,1,2,1,10,2025,1,57,1.0,,21730
8445242,1,3,1,10,2025,2,17,5.0,,21733
8445243,1,1,1,10,2025,2,30,5.0,2200000.0,21734
8445243,1,5,1,10,2025,1,3,1.0,,21738
8445243,1,6,1,10,2025,2,2,,,21739
8445244,1,1,1,10,2025,1,30,1.0,1000000.0,21740
8445244,1,2,1,10,2025,1,7,2.0,,21741
8445244,1,4,1,10,2025,2,3,1.0,,21743
8445245,1,6,1,10,2025,1,23,4.0,250000.0,21749
8445247,1,1,1,10,2025,2,57,1.0,200000.0,21752
8445247,1,2,1,10,2025,2,14,4.0,,21753
8445247,1,4,1,10,2025,1,9,3.0,,21755
8445248,1,2,1,10,2025,1,53,5.0,800000.0,21757
8445248,1,3,1,10,2025,2,18,5.0,,21758
8445249,1,1,1,10,2025,1,28,5.0,1000000.0,21759
8445249,1,5,1,10,2025,2,0,,,21763
8445250,1,1,1,10,2025,2,28,4.0,580000.0,21764
8445251,1,2,1,10,2025,1,38,3.0,1500000.0,21768
8445252,1,2,1,10,2025,2,49,4.0,,21772
8445253,1,2,1,10,2025,2,59,5.0,,21776
8445253,1,3,1,10,2025,1,32,4.0,600000.0,21777
8445253,1,4,1,10,2025,1,22,1.0,,21778
8445254,1,1,1,10,2025,2,44,5.0,1423500.0,21779
8445254,1,2,1,10,2025,2,22,8.0,,21780
8445254,1,4,1,10,2025,1,11,4.0,,21782
8445256,1,2,1,10,2025,2,35,3.0,400000.0,21788
8445256,1,3,1,10,2025,1,14,4.0,,21789
8445257,1,1,1,10,2025,1,23,5.0,1930000.0,21791
8445258,1,1,1,10,2025,2,43,10.0,3200000.0,21792
8445258,1,3,1,10,2025,2,5,2.0,,21794
8445259,1,3,1,10,2025,1,47,3.0,375000.0,21797
8445261,1,1,1,10,2025,2,67,8.0,,21798
8445262,1,2,1,10,2025,2,12,3.0,,21800
8445262,1,3,1,10,2025,1,10,3.0,,21801
8445263,1,1,1,10,2025,2,40,8.0,430000.0,21802
8445263,1,2,1,10,2025,2,13,4.0,,21803
8445263,1,3,1,10,2025,2,6,3.0,,21804
8445267,1,1,1,10,2025,1,71,4.0,1200000.0,21812
8445267,1,2,1,10,2025,2,61,3.0,400000.0,21813
8445267,1,3,1,10,2025,2,38,5.0,1000000.0,21814
8445267,1,4,1,10,2025,2,16,5.0,,21815
8445268,1,3,1,10,2025,1,4,2.0,,21820
8445270,1,4,1,10,2025,2,10,3.0,,21828
8445271,1,3,1,10,2025,1,29,5.0,1000000.0,21831
8445272,1,4,1,10,2025,1,20,10.0,,21836
8445272,1,5,1,10,2025,1,18,8.0,,21837
8445273,1,1,1,10,2025,1,31,5.0,2100000.0,21838
8445273,1,4,1,10,2025,1,12,3.0,,21841
8445275,1,3,1,10,2025,2,88,1.0,,21846
8445276,1,1,1,10,2025,1,65,5.0,1800000.0,21847
8445276,1,2,1,10,2025,2,61,5.0,1423500.0,21848
8445277,1,2,1,10,2025,1,37,4.0,360000.0,21852
8445278,1,3,1,10,2025,2,18,5.0,,21857
8445278,1,4,1,10,2025,2,7,3.0,,21858
8445279,1,4,1,10,2025,1,13,3.0,,21862
8445280,1,3,1,10,2025,1,23,5.0,1000000.0,21866
8445282,1,3,1,10,2025,2,16,5.0,,21870
8445285,1,4,1,10,2025,1,8,3.0,,21875
8445287,1,1,1,10,2025,2,41,5.0,,21877
8445288,1,3,1,10,2025,1,28,9.0,200000.0,21883
8445289,1,2,1,10,2025,2,42,5.0,225000.0,21888
8445290,1,3,1,10,2025,1,14,4.0,,21893
8445291,1,3,1,10,2025,2,16,4.0,,21896
8445295,1,4,1,10,2025,2,12,4.0,,21909
8445296,1,3,1,10,2025,2,38,5.0,,21913
8445298,1,1,1,10,2025,2,56,5.0,,21919
8445304,1,2,1,10,2025,1,53,3.0,700000.0,21935
8445304,1,3,1,10,2025,1,24,5.0,320000.0,21936
8445305,1,4,1,10,2025,1,15,4.0,,21941
8445305,1,5,1,10,2025,1,13,4.0,,21942
8445305,1,6,1,10,2025,1,12,4.0,,21943
8445307,1,1,1,10,2025,2,62,3.0,,21947
8445308,1,2,1,10,2025,2,27,4.0,240000.0,21951
8445310,1,1,1,10,2025,2,83,1.0,,21955
8445313,1,2,1,10,2025,1,33,3.0,,21961
8445313,1,4,1,10,2025,2,18,4.0,,21963
8445313,1,6,1,10,2025,2,4,1.0,,21965
8445314,1,1,1,10,2025,2,91,3.0,,21967
8445314,1,5,1,10,2025,1,8,3.0,,21971
8445316,1,3,1,10,2025,2,33,9.0,200000.0,21977
8445318,1,1,1,10,2025,1,66,4.0,,21983
8445319,1,1,1,10,2025,2,30,5.0,,21984
8445320,1,2,1,10,2025,1,16,4.0,150000.0,21987
8445322,1,1,1,10,2025,2,56,3.0,400000.0,21990
8445323,1,1,1,10,2025,1,32,3.0,800000.0,21991
8445325,1,2,1,10,2025,2,59,4.0,200000.0,21999
8445327,1,1,1,10,2025,1,28,5.0,1423500.0,22001
8445328,1,1,1,10,2025,1,53,5.0,2300000.0,22002
8445328,1,2,1,10,2025,2,50,5.0,,22003
8445329,1,1,1,10,2025,1,54,3.0,1000000.0,22004
8445329,1,2,1,10,2025,2,53,3.0,,22005
8445330,1,1,1,10,2025,2,54,3.0,1000000.0,22006
8445335,1,1,1,10,2025,2,46,5.0,1623500.0,22015
8445335,1,2,1,10,2025,1,54,3.0,400000.0,22016
8445338,1,1,1,10,2025,1,24,10.0,2000000.0,22021
8445340,1,1,1,10,2025,2,29,5.0,400000.0,22023
8445342,1,1,1,10,2025,2,80,3.0,,22027
8445343,1,3,1,10,2025,1,17,4.0,,22030
8445344,1,1,1,10,2025,1,59,3.0,600000.0,22031
8445346,1,1,1,10,2025,1,25,3.0,800000.0,22035
8445346,1,2,1,10,2025,2,25,3.0,300000.0,22036
8445346,1,4,1,10,2025,1,5,2.0,,22038
8445347,1,2,1,10,2025,1,10,3.0,,22040
8445348,1,1,1,10,2025,2,37,3.0,,22041
8445348,1,3,1,10,2025,1,16,5.0,,22043
8445348,1,6,1,10,2025,2,4,1.0,,22046
8445352,1,5,1,10,2025,2,4,1.0,,22058
8445353,1,1,1,10,2025,1,55,4.0,1200000.0,22059
8445355,1,1,1,10,2025,2,19,5.0,,22063
8445355,1,2,1,10,2025,1,19,3.0,1500000.0,22064
8445356,1,1,1,10,2025,1,40,5.0,1450000.0,22066
8445356,1,3,1,10,2025,2,15,5.0,,22068
8445357,1,1,1,10,2025,1,29,5.0,800000.0,22070
8445357,1,2,1,10,2025,2,38,5.0,600000.0,22071
8445358,1,2,1,10,2025,2,57,3.0,,22074
8445358,1,3,1,10,2025,2,27,5.0,,22075
8445362,1,1,1,10,2025,2,40,4.0,1000000.0,22080
8445362,1,3,1,10,2025,2,7,3.0,,22082
8445365,1,1,1,10,2025,1,47,3.0,1450000.0,22088
8445365,1,3,1,10,2025,2,25,10.0,800000.0,22090
8445372,1,2,1,10,2025,2,14,4.0,,22101
8445373,1,2,1,10,2025,2,27,5.0,,22104
8445375,1,1,1,10,2025,2,57,5.0,,22105
8445376,1,3,1,10,2025,2,43,1.0,,22111
8445385,1,2,1,10,2025,1,8,3.0,,22124
8445386,1,1,1,10,2025,1,70,5.0,700000.0,22125
8445386,1,2,1,10,2025,2,65,5.0,,22126
8445387,1,3,1,10,2025,2,3,1.0,,22129
8445388,1,3,1,10,2025,2,22,10.0,,22132
8445388,1,4,1,10,2025,1,15,4.0,,22133
8445388,1,5,1,10,2025,1,6,3.0,,22134
8445389,1,1,1,10,2025,1,62,10.0,,22135
8445390,1,1,1,10,2025,1,56,8.0,2500000.0,22137
8445390,1,5,1,10,2025,2,18,10.0,,22141
8445391,1,4,1,10,2025,1,14,4.0,,22145
8445394,1,1,1,10,2025,1,55,5.0,500000.0,22152
8445394,1,4,1,10,2025,2,29,10.0,,22155
8445395,1,1,1,10,2025,1,34,9.0,1423500.0,22156
8445396,1,1,1,10,2025,1,62,4.0,450000.0,22158
8445396,1,2,1,10,2025,2,61,5.0,,22159
8445397,1,2,1,10,2025,2,49,5.0,1423500.0,22161
8445399,1,1,1,10,2025,1,74,3.0,,22165
8445400,1,2,1,10,2025,1,42,10.0,0.0,22168
8445403,1,5,1,10,2025,1,11,4.0,,22178
8445404,1,2,1,10,2025,2,73,11.0,,22180
8445406,1,2,1,10,2025,2,18,10.0,500000.0,22183
8445407,1,2,1,10,2025,1,47,3.0,500000.0,22185
8445408,1,1,1,10,2025,1,53,3.0,800000.0,22186
8445408,1,2,1,10,2025,2,58,3.0,,22187
8445409,1,1,1,10,2025,2,66,1.0,,22188
8445411,1,1,1,10,2025,2,98,3.0,,22190
8445415,1,2,1,10,2025,2,57,4.0,,22199
8445416,1,2,1,10,2025,1,30,5.0,1150000.0,22203
8445416,1,3,1,10,2025,1,1,,,22204
8445419,1,1,1,10,2025,1,24,5.0,2800000.0,22211
8445419,1,3,1,10,2025,2,5,2.0,,22213
8445421,1,3,1,10,2025,2,16,6.0,,22218
8445422,1,2,1,10,2025,2,33,8.0,1423500.0,22221
8445422,1,3,1,10,2025,2,11,4.0,,22222
8445425,1,2,1,10,2025,2,40,3.0,,22229
8445426,1,1,1,10,2025,1,67,3.0,,22231
8445426,1,2,1,10,2025,2,67,5.0,,22232
8445429,1,2,1,10,2025,2,49,5.0,1500000.0,22242
8445430,1,2,1,10,2025,2,49,8.0,1423500.0,22244
8445431,1,2,1,10,2025,1,52,9.0,,22246
8445432,1,1,1,10,2025,1,35,5.0,1423500.0,22247
8445432,1,5,1,10,2025,1,6,3.0,,22251
8445439,1,2,1,10,2025,2,18,9.0,,22259
8445439,1,3,1,10,2025,2,15,5.0,,22260
8445442,1,2,1,10,2025,2,72,3.0,,22263
8445443,1,1,1,10,2025,1,23,4.0,1000000.0,22264
8445445,1,1,1,10,2025,2,74,1.0,,22269
8445449,1,3,1,10,2025,1,23,10.0,,22279
8445451,1,2,1,10,2025,2,50,3.0,,22285
8445451,1,3,1,10,2025,1,20,5.0,800000.0,22286
8445456,1,1,1,10,2025,1,62,3.0,400000.0,22297
8445458,1,4,1,10,2025,2,16,5.0,,22303
8445459,1,1,1,10,2025,1,63,3.0,,22305
8445460,1,2,1,10,2025,1,11,4.0,,22308
8445462,1,1,1,10,2025,2,48,5.0,2010000.0,22313
8445463,1,1,1,10,2025,2,51,3.0,500000.0,22314
8445463,1,2,1,10,2025,2,28,5.0,700000.0,22315
8445464,1,3,1,10,2025,2,72,3.0,,22318
8445466,1,5,1,10,2025,2,1,,,22324
8445467,1,1,1,10,2025,2,79,3.0,,22325
8445468,1,1,1,10,2025,1,79,3.0,,22326
8445468,1,2,1,10,2025,2,72,1.0,,22327
8445473,1,1,1,10,2025,1,78,3.0,,22334
8445474,1,1,1,10,2025,1,90,3.0,,22336
8445475,1,4,1,10,2025,1,0,,,22341
8445476,1,1,1,10,2025,1,68,5.0,2000000.0,22342
8445477,1,4,1,10,2025,1,1,,,22347
8445479,1,1,1,10,2025,2,65,8.0,,22349
8445480,1,3,1,10,2025,1,58,3.0,1430000.0,22352
8445481,1,4,1,10,2025,2,7,3.0,,22356
8445483,1,3,1,10,2025,1,19,1.0,,22361
8445484,1,1,1,10,2025,1,56,3.0,700000.0,22364
8445484,1,3,1,10,2025,1,23,5.0,1423500.0,22366
8445485,1,3,1,10,2025,2,36,5.0,1423500.0,22369
8445486,1,2,1,10,2025,2,75,4.0,,22371
8445487,1,1,1,10,2025,1,45,5.0,2300000.0,22372
8445487,1,3,1,10,2025,1,6,2.0,,22374
8445491,1,3,1,10,2025,2,29,9.0,800000.0,22379
8445491,1,4,1,10,2025,2,4,1.0,,22380
8445494,1,2,1,10,2025,1,51,5.0,210000.0,22389
8445495,1,2,1,10,2025,1,61,3.0,1800000.0,22391
8445496,1,1,1,10,2025,1,36,5.0,1423500.0,22393
8445499,1,1,1,10,2025,1,67,3.0,650000.0,22394
8445499,1,2,1,10,2025,2,63,3.0,,22395
8445504,1,2,1,10,2025,2,32,5.0,,22407
8445504,1,4,1,10,2025,1,11,4.0,,22409
8445508,1,2,1,10,2025,1,16,4.0,,22419
8445508,1,3,1,10,2025,2,10,5.0,,22420
8445511,1,2,1,10,2025,2,70,3.0,,22429
8445511,1,3,1,10,2025,1,49,3.0,500000.0,22430
8445511,1,5,1,10,2025,1,15,5.0,,22432
8445513,1,1,1,10,2025,1,26,3.0,1200000.0,22434
8445514,1,2,1,10,2025,1,6,3.0,,22436
8445514,1,3,1,10,2025,1,3,2.0,,22437
8445518,1,1,1,10,2025,2,38,4.0,800000.0,22446
8445519,1,3,1,10,2025,2,29,10.0,,22452
8445520,1,2,1,10,2025,1,40,4.0,500000.0,22454
8445521,1,1,1,10,2025,2,82,3.0,,22455
8445522,1,1,1,10,2025,2,29,4.0,,22456
8445523,1,3,1,10,2025,2,24,10.0,800000.0,22462
8445523,2,2,2,10,2025,2,37,5.0,,22466
8445524,1,1,1,10,2025,2,62,4.0,,22468
8445524,1,2,1,10,2025,1,66,3.0,,22469
8445526,1,1,1,10,2025,1,56,5.0,1800000.0,22477
8445527,1,2,1,10,2025,1,86,1.0,,22479
8445529,1,3,1,10,2025,1,13,4.0,,22483
8445531,1,2,1,10,2025,2,38,5.0,80000.0,22486
8445533,1,1,1,10,2025,2,25,10.0,2200000.0,22493
8445535,1,1,1,10,2025,2,56,11.0,6512000.0,22496
8445535,1,2,1,10,2025,1,54,4.0,1600000.0,22497
8445537,1,1,1,10,2025,2,41,8.0,2200000.0,22498
8445543,1,1,1,10,2025,1,71,3.0,,22501
8445544,1,3,1,10,2025,1,4,1.0,,22504
8445545,1,1,1,10,2025,2,31,5.0,,22505
8445545,1,4,1,10,2025,2,0,,,22508
8445545,1,5,1,10,2025,1,21,3.0,1000000.0,22509
8445546,1,1,1,10,2025,1,31,6.0,1200000.0,22510
8445547,1,1,1,10,2025,2,53,3.0,,22513
8445547,1,4,1,10,2025,2,16,6.0,,22516
8445550,1,1,1,10,2025,1,43,8.0,1500000.0,22523
8445551,1,3,1,10,2025,2,25,9.0,,22530
8445552,1,1,1,10,2025,2,45,5.0,800000.0,22532
8445556,1,1,1,10,2025,2,65,3.0,,22544
8445558,1,2,1,10,2025,2,60,3.0,,22550
8445564,1,1,1,10,2025,1,33,10.0,6600000.0,22551
8445566,1,2,1,10,2025,2,8,3.0,,22555
8445567,1,3,1,10,2025,2,26,5.0,1600000.0,22559
8445568,1,1,1,10,2025,1,69,3.0,1700000.0,22560
8445568,1,2,1,10,2025,2,52,3.0,,22561
8445569,1,5,1,10,2025,2,28,5.0,680000.0,22570
8445571,1,1,1,10,2025,1,61,6.0,2123500.0,22574
8445572,1,1,1,10,2025,1,27,6.0,1700000.0,22575
8445574,1,1,1,10,2025,2,50,1.0,500000.0,22581
8445574,1,2,1,10,2025,1,17,3.0,900000.0,22582
8445575,1,1,1,10,2025,1,30,5.0,1773500.0,22583
8445575,1,2,1,10,2025,2,26,4.0,,22584
8445575,1,3,1,10,2025,2,5,3.0,,22585
8445576,1,3,1,10,2025,1,5,2.0,,22589
8445576,1,4,1,10,2025,1,68,3.0,,22590
8445577,1,3,1,10,2025,1,29,5.0,1423500.0,22593
8445582,1,2,1,10,2025,1,46,6.0,1600000.0,22600
8445585,1,1,1,10,2025,1,38,3.0,1623500.0,22611
8445585,1,3,1,10,2025,1,6,3.0,,22613
8445586,1,1,1,10,2025,1,73,1.0,,22614
8445587,1,1,1,10,2025,2,63,3.0,,22615
8445588,1,4,1,10,2025,1,12,4.0,,22620
8445589,1,1,1,10,2025,2,71,4.0,,22621
8445589,1,2,1,10,2025,1,43,4.0,224000.0,22622
8445591,1,1,1,10,2025,1,65,5.0,1000000.0,22629
8445596,1,5,1,10,2025,2,1,,,22645
8445599,1,1,1,10,2025,2,43,5.0,1523500.0,22652
8445601,1,1,1,10,2025,2,34,8.0,1423500.0,22654
8445602,1,1,1,10,2025,2,41,8.0,1423500.0,22656
8445606,1,1,1,10,2025,1,80,3.0,120000.0,22662
8445606,1,2,1,10,2025,2,69,3.0,,22663
8445606,1,3,1,10,2025,2,45,5.0,950000.0,22664
8445606,1,4,1,10,2025,1,47,5.0,1600000.0,22665
8445611,1,1,1,10,2025,2,63,3.0,,22670
8445612,1,1,1,10,2025,1,70,4.0,,22672
8445613,1,1,1,10,2025,1,44,6.0,1500000.0,22674
8445613,1,3,1,10,2025,1,15,4.0,,22676
8445614,1,1,1,10,2025,1,21,8.0,,22678
8445614,1,3,1,10,2025,2,14,4.0,,22680
8445615,1,3,1,10,2025,2,1,,,22683
8445616,1,3,1,10,2025,2,8,3.0,,22686
8445622,1,2,1,10,2025,2,77,3.0,,22695
8445624,1,2,1,10,2025,2,37,3.0,1000000.0,22699
8445627,1,1,1,10,2025,2,54,3.0,1400000.0,22703
8445628,1,2,1,10,2025,2,33,4.0,,22707
8445628,1,3,1,10,2025,1,15,4.0,,22708
8445629,1,1,1,10,2025,2,44,3.0,450000.0,22709
8445629,1,2,1,10,2025,2,14,4.0,,22710
8445631,1,2,1,10,2025,2,30,3.0,,22715
8445631,1,3,1,10,2025,2,2,,,22716
8445635,1,1,1,10,2025,1,55,3.0,900000.0,22725
8445637,1,1,1,10,2025,2,47,7.0,300000.0,22729
8445642,1,1,1,10,2025,1,23,5.0,600000.0,22738
8445647,1,1,1,10,2025,2,49,3.0,950000.0,22747
8445648,1,2,1,10,2025,1,65,3.0,800000.0,22750
8445648,1,4,1,10,2025,1,10,3.0,,22752
8445649,1,3,1,10,2025,1,2,,,22755
8445649,1,5,1,10,2025,1,1,,,22757
8445650,1,2,1,10,2025,2,53,5.0,350000.0,22759
8445651,1,2,1,10,2025,2,34,5.0,,22761
8445651,1,3,1,10,2025,2,14,4.0,,22762
8445656,1,1,1,10,2025,1,64,8.0,1423500.0,22775
8445658,1,1,1,10,2025,1,59,3.0,1823500.0,22779
8445658,1,2,1,10,2025,2,60,3.0,,22780
8445658,1,3,1,10,2025,2,20,10.0,540000.0,22781
8445659,1,1,1,10,2025,1,43,3.0,1423500.0,22782
8445659,1,3,1,10,2025,2,9,3.0,,22784
8445659,1,4,1,10,2025,2,7,3.0,,22785
8445662,1,1,1,10,2025,1,68,1.0,,22789
8445662,1,2,1,10,2025,1,46,4.0,1200000.0,22790
8445663,1,1,1,10,2025,2,73,10.0,,22791
8445668,1,2,1,10,2025,2,63,5.0,1423500.0,22801
8445668,1,3,1,10,2025,1,32,4.0,1400000.0,22802
8445669,1,4,1,10,2025,1,12,4.0,,22806
8445670,1,1,1,10,2025,2,52,3.0,,22807
8445672,1,1,1,10,2025,1,56,1.0,1200000.0,22812
8445674,1,1,1,10,2025,1,26,5.0,1633500.0,22814
8445678,1,1,1,10,2025,1,57,5.0,1723500.0,22819
8445678,1,2,1,10,2025,2,21,10.0,,22820
8445679,1,2,1,10,2025,2,48,8.0,500000.0,22822
8445680,1,3,1,10,2025,1,4,1.0,,22825
8445682,1,1,1,10,2025,1,70,3.0,,22827
8445683,1,1,1,10,2025,1,56,3.0,1423500.0,22831
8445684,1,5,1,10,2025,1,55,1.0,1400000.0,22840
8445685,1,1,1,10,2025,2,51,8.0,,22842
8445685,1,2,1,10,2025,2,23,5.0,1623500.0,22843
8445685,1,5,1,10,2025,2,6,3.0,,22846
8445686,1,1,1,10,2025,2,51,3.0,800000.0,22847
8445686,1,3,1,10,2025,2,4,1.0,,22849
8445687,1,3,1,10,2025,1,23,5.0,,22852
8445688,1,1,1,10,2025,1,65,8.0,2700000.0,22854
8445688,1,2,1,10,2025,2,63,5.0,,22855
8445689,1,1,1,10,2025,1,47,12.0,5000000.0,22856
8445689,1,2,1,10,2025,2,47,10.0,2000000.0,22857
8445689,1,4,1,10,2025,2,72,3.0,,22859
8445691,1,1,1,10,2025,2,52,5.0,1423500.0,22864
8445693,1,1,1,10,2025,2,68,3.0,,22868
8445696,1,1,1,10,2025,1,63,5.0,2500000.0,22872
8445705,1,4,1,10,2025,1,24,4.0,1000000.0,22884
8445706,1,2,1,10,2025,1,78,3.0,1200000.0,22886
8445708,1,1,1,10,2025,1,50,5.0,1650000.0,22891
8445710,1,3,1,10,2025,1,35,4.0,1000000.0,22896
8445714,1,1,1,10,2025,1,46,5.0,1700000.0,22901
8445717,1,1,1,10,2025,1,60,5.0,1800000.0,22904
8445720,1,1,1,10,2025,2,66,3.0,,22907
8445722,1,2,1,10,2025,2,26,6.0,800000.0,22910
8445724,1,1,1,10,2025,2,59,4.0,1200000.0,22913
8445727,1,2,1,10,2025,1,26,8.0,2000000.0,22921
8445730,1,1,1,10,2025,1,38,3.0,1800000.0,22924
8445730,1,3,1,10,2025,2,16,4.0,,22926
8445730,1,4,1,10,2025,2,10,3.0,,22927
8445733,1,4,1,10,2025,1,10,3.0,,22936
8445735,1,1,1,10,2025,1,57,5.0,1800000.0,22938
8445736,1,3,1,10,2025,2,12,3.0,,22942
8445737,1,2,1,10,2025,2,41,5.0,,22944
8445739,1,1,1,10,2025,1,53,3.0,1500000.0,22947
8445742,1,1,1,10,2025,1,66,1.0,520000.0,22951
8445742,1,2,1,10,2025,2,72,3.0,150000.0,22952
8445743,1,2,1,10,2025,2,37,5.0,1400000.0,22954
8445743,1,3,1,10,2025,2,15,4.0,,22955
8445744,1,1,1,10,2025,2,64,5.0,,22957
8445748,1,1,1,10,2025,1,60,5.0,2500000.0,22964
8445749,1,2,1,10,2025,2,69,4.0,,22967
8445755,1,1,1,10,2025,1,35,5.0,1500000.0,22973
8445756,1,2,1,10,2025,2,37,5.0,1423500.0,22977
8445757,1,3,1,10,2025,2,16,5.0,,22980
8445759,1,1,1,10,2025,2,48,3.0,700000.0,22981
8445760,1,3,1,10,2025,1,25,5.0,1423500.0,22984
8445760,1,4,1,10,2025,1,17,5.0,,22985
8445761,1,1,1,10,2025,2,48,3.0,800000.0,22986
8445761,1,3,1,10,2025,2,29,5.0,,22988
8445762,1,6,1,10,2025,2,16,6.0,,22995
8445763,1,3,1,10,2025,2,21,5.0,,22998
8445768,1,1,1,10,2025,2,34,5.0,900000.0,23004
8445768,1,2,1,10,2025,2,16,6.0,,23005
8445771,1,3,1,10,2025,1,15,4.0,,23011
8445772,1,2,1,10,2025,2,43,8.0,,23013
8445773,1,1,1,10,2025,1,53,12.0,5600000.0,23015
8445775,1,1,1,10,2025,1,31,5.0,1000000.0,23021
8445775,1,5,1,10,2025,2,55,3.0,,23025
8445776,1,2,1,10,2025,2,29,6.0,1780000.0,23027
8445778,1,1,1,10,2025,1,55,10.0,1700000.0,23028
8445783,1,2,1,10,2025,2,53,5.0,,23037
8445786,1,1,1,10,2025,1,21,3.0,,23045
8445786,1,2,1,10,2025,2,16,4.0,,23046
8445787,1,2,1,10,2025,1,24,5.0,800000.0,23049
8445788,1,4,1,10,2025,1,11,4.0,,23053
8445789,1,2,1,10,2025,2,31,5.0,,23055
8445789,1,4,1,10,2025,1,0,,,23057
8445792,1,1,1,10,2025,1,71,3.0,840000.0,23063
8445794,1,2,1,10,2025,2,58,3.0,,23067
8445795,1,1,1,10,2025,2,82,1.0,,23071
8445799,1,2,1,10,2025,2,18,4.0,,23078
8445800,1,3,1,10,2025,1,5,1.0,,23082
8445801,1,1,1,10,2025,1,39,5.0,1500000.0,23083
8445801,1,3,1,10,2025,1,3,1.0,,23085
8445802,1,2,1,10,2025,1,22,8.0,800000.0,23087
8445803,1,1,1,10,2025,2,67,3.0,,23088
8445804,1,1,1,10,2025,2,47,8.0,,23089
8445807,1,1,1,10,2025,1,63,3.0,,23096
8445807,1,2,1,10,2025,2,49,5.0,1500000.0,23097
8445807,1,3,1,10,2025,2,28,10.0,1700000.0,23098
8445808,1,1,1,10,2025,2,54,3.0,150000.0,23099
8445811,1,1,1,10,2025,1,77,3.0,,23106
8445812,1,1,1,10,2025,2,53,5.0,,23107
8445813,1,3,1,10,2025,1,88,3.0,,23110
8445814,1,2,1,10,2025,1,52,3.0,1600000.0,23112
8445821,1,1,1,10,2025,1,59,3.0,800000.0,23124
8445822,1,1,1,10,2025,2,51,3.0,,23128
8445823,1,2,1,10,2025,2,45,5.0,,23131
8445824,1,2,1,10,2025,2,71,3.0,,23133
8445826,1,3,1,10,2025,2,12,3.0,,23137
8445827,1,1,1,10,2025,2,64,3.0,,23140
8445827,1,3,1,10,2025,1,42,4.0,1420000.0,23142
8445827,1,4,1,10,2025,1,24,5.0,1420000.0,23143
8445827,1,5,1,10,2025,2,76,3.0,,23144
8445827,1,6,1,10,2025,2,25,1.0,,23145
8445829,1,3,1,10,2025,2,21,4.0,,23148
8445830,1,1,1,10,2025,2,59,4.0,,23150
8445834,1,1,1,10,2025,2,69,3.0,400000.0,23157
8445834,1,2,1,10,2025,1,79,3.0,,23158
8445837,1,1,1,10,2025,1,73,1.0,1100000.0,23163
8445839,1,1,1,10,2025,2,57,9.0,,23165
8445841,1,1,1,10,2025,2,72,3.0,,23169
8445842,1,1,1,10,2025,1,63,3.0,1600000.0,23171
8445842,1,2,1,10,2025,2,47,3.0,,23172
8445844,1,1,1,10,2025,1,70,3.0,500000.0,23174
8445848,1,1,1,10,2025,1,53,3.0,3000000.0,23180
8445848,1,3,1,10,2025,2,24,9.0,500000.0,23182
8445848,1,4,1,10,2025,2,14,4.0,,23183
8445849,1,2,1,10,2025,1,71,8.0,,23185
8445850,1,2,1,10,2025,2,53,11.0,,23187
8445850,1,3,1,10,2025,2,72,3.0,,23188
8445853,1,3,1,10,2025,1,25,5.0,1600000.0,23196
8445859,1,2,1,10,2025,2,42,10.0,,23199
8445860,1,2,1,10,2025,1,33,5.0,1600000.0,23202
8445862,1,1,1,10,2025,2,68,3.0,,23206
8445865,1,1,1,10,2025,2,43,3.0,,23211
8445865,1,5,1,10,2025,1,8,3.0,,23215
8445866,1,1,1,10,2025,1,58,3.0,1200000.0,23216
8445866,1,2,1,10,2025,2,53,5.0,1050000.0,23217
8445867,1,1,1,10,2025,2,54,3.0,500000.0,23218
8445875,1,1,1,10,2025,1,58,1.0,900000.0,23229
8445876,1,1,1,10,2025,1,76,3.0,,23230
8445878,1,3,1,10,2025,2,21,8.0,,23235
8445878,1,4,1,10,2025,1,27,5.0,800000.0,23236
8445879,1,3,1,10,2025,1,9,3.0,,23240
8445880,1,1,1,10,2025,1,38,3.0,2100000.0,23241
8445882,1,1,1,10,2025,1,22,5.0,1300000.0,23247
8445883,1,1,1,10,2025,1,45,5.0,1000000.0,23248
8445884,1,2,1,10,2025,2,21,8.0,,23250
8445886,1,1,1,10,2025,1,57,3.0,1000000.0,23252
8445889,1,2,1,10,2025,2,67,3.0,,23258
8445890,1,1,1,10,2025,1,59,10.0,50000.0,23261
8445891,1,3,1,10,2025,2,83,3.0,,23266
8445894,1,3,1,10,2025,2,1,,,23273
8445896,1,1,1,10,2025,2,76,3.0,,23276
8445896,1,2,1,10,2025,2,50,3.0,,23277
8445896,1,3,1,10,2025,2,52,3.0,200000.0,23278
8445899,1,3,1,10,2025,1,25,10.0,2500000.0,23286
8445899,1,5,1,10,2025,2,12,4.0,,23288
8445900,1,1,1,10,2025,2,51,5.0,0.0,23289
8445901,1,2,1,10,2025,1,26,5.0,1200000.0,23291
8445902,1,1,1,10,2025,2,24,8.0,2800000.0,23292
8445904,1,3,1,10,2025,2,9,3.0,,23298
8445906,1,3,1,10,2025,2,33,5.0,,23303
8445906,1,4,1,10,2025,1,5,3.0,,23304
8445907,1,2,1,10,2025,2,50,3.0,,23306
8445909,1,1,1,10,2025,1,51,3.0,2600000.0,23309
8445909,1,2,1,10,2025,2,44,4.0,,23310
8445910,1,2,1,10,2025,2,42,5.0,,23314
8445910,1,4,1,10,2025,1,16,5.0,,23316
8445911,1,2,1,10,2025,2,74,3.0,,23318
8445912,1,1,1,10,2025,1,44,4.0,500000.0,23319
8445912,1,2,1,10,2025,2,37,5.0,,23320
8445912,1,3,1,10,2025,2,14,4.0,,23321
8445915,1,2,1,10,2025,2,39,8.0,1400000.0,23328
8445918,1,1,1,10,2025,1,80,3.0,,23336
8445920,1,1,1,10,2025,1,40,5.0,1500000.0,23338
8445920,1,3,1,10,2025,2,12,4.0,,23340
8445922,1,1,1,10,2025,2,70,1.0,,23342
8445922,1,2,1,10,2025,1,55,3.0,800000.0,23343
8445933,1,1,1,10,2025,1,55,3.0,420000.0,23357
8445934,1,1,1,10,2025,1,56,3.0,,23358
8445935,1,4,1,10,2025,1,8,3.0,,23363
8445937,1,4,1,10,2025,1,22,5.0,240000.0,23369
8445937,1,5,1,10,2025,2,14,4.0,,23370
8445940,1,1,1,10,2025,2,77,3.0,,23379
8445943,1,2,1,10,2025,2,46,5.0,,23388
8445944,1,1,1,10,2025,2,66,1.0,,23389
8445945,1,1,1,10,2025,1,70,1.0,,23390
8445946,1,1,1,10,2025,1,43,5.0,,23392
8445948,1,2,1,10,2025,2,77,3.0,,23397
8445948,1,4,1,10,2025,1,60,3.0,600000.0,23399
8445953,1,1,1,10,2025,2,80,3.0,,23405
8445953,1,2,1,10,2025,2,35,5.0,2773500.0,23406
8445954,1,2,1,10,2025,2,36,10.0,,23409
8445954,1,4,1,10,2025,1,11,4.0,,23411
8445956,1,1,1,10,2025,1,62,8.0,3200000.0,23417
8445957,1,1,1,10,2025,2,57,8.0,,23419
8445957,1,2,1,10,2025,1,61,10.0,3500000.0,23420
8445960,1,1,1,10,2025,2,28,8.0,1423500.0,23424
8445960,1,3,1,10,2025,2,9,3.0,,23426
8445963,1,1,1,10,2025,1,64,5.0,400000.0,23431
8445963,1,4,1,10,2025,1,8,3.0,,23434
8445964,1,1,1,10,2025,1,28,5.0,,23435
8445965,1,1,1,10,2025,1,42,3.0,1423500.0,23437
8445965,1,2,1,10,2025,2,44,3.0,600000.0,23438
8445966,1,1,1,10,2025,1,66,3.0,1500000.0,23441
8445966,1,3,1,10,2025,2,23,8.0,1423000.0,23443
8445967,1,3,1,10,2025,2,6,3.0,,23446
8445969,1,2,1,10,2025,2,72,1.0,,23452
8445970,1,1,1,10,2025,1,57,5.0,800000.0,23454
8445971,1,2,1,10,2025,2,31,5.0,,23457
8445973,1,1,1,10,2025,1,73,5.0,5000000.0,23462
8445974,1,3,1,10,2025,1,14,4.0,,23465
8445975,1,2,1,10,2025,2,62,4.0,,23467
8445977,1,4,1,10,2025,1,13,4.0,,23473
8445978,1,1,1,10,2025,1,28,10.0,1000000.0,23474
8445978,1,3,1,10,2025,2,1,,,23476
8445979,1,3,1,10,2025,2,24,5.0,,23479
8445979,1,4,1,10,2025,2,8,3.0,,23480
8445980,1,3,1,10,2025,1,7,3.0,,23483
8445981,1,2,1,10,2025,1,71,3.0,700000.0,23486
8445982,1,3,1,10,2025,1,8,3.0,,23490
8445984,1,3,1,10,2025,2,10,3.0,,23496
8445986,1,2,1,10,2025,2,39,5.0,,23501
8445988,1,2,1,10,2025,2,31,10.0,,23507
8445988,1,4,1,10,2025,2,0,,,23509
8445989,1,2,1,10,2025,2,30,5.0,,23511
8445989,1,6,1,10,2025,2,11,3.0,,23515
8445989,1,7,1,10,2025,1,5,3.0,,23516
8445990,1,1,1,10,2025,1,80,1.0,400000.0,23517
8445993,1,3,1,10,2025,1,24,10.0,,23524
8445994,1,1,1,10,2025,1,48,10.0,300000.0,23525
8445994,1,3,1,10,2025,2,19,10.0,,23527
8445994,1,4,1,10,2025,2,15,4.0,,23528
8445996,1,3,1,10,2025,1,14,4.0,,23534
8445999,1,2,1,10,2025,2,29,5.0,600000.0,23537
8446002,1,1,1,10,2025,2,51,5.0,,23540
8446002,1,2,1,10,2025,1,50,4.0,2700000.0,23541
8446004,1,1,1,10,2025,2,49,5.0,,23542
8446004,1,4,1,10,2025,1,2,,,23545
8446005,1,1,1,10,2025,2,91,3.0,,23547
8446006,1,1,1,10,2025,2,63,8.0,,23549
8446006,1,2,1,10,2025,1,64,3.0,,23550
8446006,1,5,1,10,2025,1,9,3.0,,23553
8446007,1,2,1,10,2025,2,49,5.0,,23559
8446008,1,2,1,10,2025,1,12,4.0,,23561
8446016,1,1,1,10,2025,1,31,10.0,6000000.0,23576
8446016,1,2,1,10,2025,2,25,8.0,,23577
8446019,1,1,1,10,2025,2,66,3.0,300000.0,23583
8446020,1,4,1,10,2025,1,10,3.0,,23587
8446022,1,1,1,10,2025,1,62,8.0,230000.0,23589
8446025,1,1,1,10,2025,2,58,3.0,,23597
8446025,1,3,1,10,2025,2,20,8.0,2000000.0,23599
8446026,1,3,1,10,2025,2,48,11.0,5700000.0,23603
8446027,1,2,1,10,2025,2,86,3.0,,23605
8446027,1,3,1,10,2025,2,64,5.0,,23606
8446028,1,2,1,10,2025,2,20,5.0,,23609
8446029,1,1,1,10,2025,1,27,10.0,1500000.0,23610
8446029,1,2,1,10,2025,2,21,5.0,2800000.0,23611
8446030,1,1,1,10,2025,2,48,9.0,3600000.0,23612
8446030,1,2,1,10,2025,2,23,5.0,400000.0,23613
8446032,1,2,1,10,2025,1,57,3.0,2200000.0,23620
8446033,1,1,1,10,2025,2,57,5.0,360000.0,23622
8446033,1,2,1,10,2025,2,58,8.0,300000.0,23623
8446035,1,3,1,10,2025,2,27,10.0,1700000.0,23631
8446036,1,1,1,10,2025,1,50,12.0,5000000.0,23632
8446037,1,1,1,10,2025,1,47,10.0,4500000.0,23634
8446039,1,3,1,10,2025,1,7,3.0,,23640
8446040,1,1,1,10,2025,1,70,4.0,1500000.0,23644
8446040,1,2,1,10,2025,2,64,4.0,,23645
8446042,1,1,1,10,2025,1,25,5.0,2500000.0,23648
8446042,1,2,1,10,2025,2,28,8.0,1423000.0,23649
8446044,1,2,1,10,2025,1,18,5.0,,23652
8446045,1,1,1,10,2025,2,33,10.0,4300000.0,23655
8446049,1,1,1,10,2025,1,35,10.0,2900000.0,23660
8446050,1,3,1,10,2025,1,20,10.0,,23663
8446051,1,3,1,10,2025,1,12,4.0,,23667
8446054,1,1,1,10,2025,2,56,3.0,200000.0,23670
8446054,1,2,1,10,2025,1,62,1.0,500000.0,23671
8446054,1,4,1,10,2025,1,28,4.0,1000000.0,23673
8446054,1,7,1,10,2025,1,8,3.0,,23676
8446055,1,1,1,10,2025,2,81,3.0,,23677
8446055,1,3,1,10,2025,1,23,5.0,1400000.0,23679
8446056,1,1,1,10,2025,1,43,11.0,3500000.0,23680
8446056,1,2,1,10,2025,2,42,12.0,5000000.0,23681
8446057,1,3,1,10,2025,2,8,3.0,,23684
8446063,1,1,1,10,2025,2,57,10.0,,23686
8446064,1,2,1,10,2025,1,33,5.0,2350000.0,23690
8446066,1,3,1,10,2025,2,25,9.0,1800000.0,23693
8446067,1,1,1,10,2025,2,28,11.0,4500000.0,23694
8446067,1,2,1,10,2025,1,36,12.0,5000000.0,23695
8446069,1,1,1,10,2025,1,42,5.0,1623000.0,23699
8446069,1,2,1,10,2025,2,39,10.0,3300000.0,23700
8446072,1,3,1,10,2025,1,12,4.0,,23707
8446073,1,1,1,10,2025,2,22,10.0,,23710
8446075,1,3,1,10,2025,1,19,8.0,1426000.0,23715
8446077,1,4,1,10,2025,1,19,10.0,,23723
8446080,1,3,1,10,2025,2,58,10.0,1600000.0,23726
8446082,1,1,1,10,2025,1,66,10.0,,23727
8446084,1,5,1,10,2025,1,5,2.0,,23734
8446086,1,2,1,10,2025,2,11,3.0,,23736
8446089,1,3,1,10,2025,1,26,4.0,1400000.0,23743
8446090,1,3,1,10,2025,2,2,,,23746
8446090,1,4,1,10,2025,1,18,5.0,2000000.0,23747
8446093,1,2,1,10,2025,2,66,3.0,,23750
8446093,1,3,1,10,2025,2,42,5.0,1423500.0,23751
8446093,1,4,1,10,2025,1,60,5.0,200000.0,23752
8446094,1,2,1,10,2025,2,26,10.0,0.0,23755
8446094,1,3,1,10,2025,2,10,3.0,,23756
8446096,1,3,1,10,2025,2,57,5.0,600000.0,23764
8446096,1,5,1,10,2025,2,59,5.0,600000.0,23766
8446100,1,3,1,10,2025,2,35,5.0,3200000.0,23774
8446100,1,4,1,10,2025,2,19,5.0,1900000.0,23775
8446101,1,2,1,10,2025,2,50,5.0,,23777
8446102,1,2,1,10,2025,1,26,5.0,1600000.0,23781
8446103,1,1,1,10,2025,1,33,5.0,2000000.0,23782
8446103,1,4,1,10,2025,2,22,9.0,1600000.0,23785
8446104,1,1,1,10,2025,2,38,10.0,2900000.0,23786
8446105,1,4,1,10,2025,2,1,,,23792
8446111,1,2,1,10,2025,2,63,9.0,,23802
8446114,1,1,1,10,2025,2,61,5.0,,23809
8446119,1,4,1,10,2025,2,66,3.0,,23819
8446121,1,3,1,10,2025,2,9,3.0,,23827
8446121,1,4,1,10,2025,1,4,2.0,,23828
8446122,1,1,1,10,2025,2,68,3.0,600000.0,23829
8446123,1,2,1,10,2025,1,32,1.0,,23833
8446124,1,1,1,10,2025,2,36,3.0,500000.0,23836
8446125,1,1,1,10,2025,1,41,5.0,2800000.0,23840
8446125,1,2,1,10,2025,2,30,5.0,,23841
8446128,1,1,1,10,2025,2,45,4.0,1423500.0,23852
8446129,1,1,1,10,2025,2,46,10.0,5000000.0,23854
8446130,1,1,1,10,2025,1,28,5.0,,23856
8446131,1,1,1,10,2025,2,50,5.0,1300000.0,23857
8446131,1,2,1,10,2025,1,43,3.0,2000000.0,23858
8446133,1,2,1,10,2025,1,67,3.0,,23861
8446135,1,2,1,10,2025,2,46,10.0,3400000.0,23863
8446135,1,3,1,10,2025,1,20,9.0,,23864
8446136,1,1,1,10,2025,1,33,8.0,,23865
8446137,1,2,1,10,2025,2,51,4.0,1823500.0,23868
8446140,1,2,1,10,2025,1,27,5.0,1400000.0,23876
8446141,1,1,1,10,2025,2,61,3.0,,23879
8446142,1,1,1,10,2025,2,68,1.0,,23882
8446142,1,3,1,10,2025,2,45,10.0,,23884
8446143,1,1,1,10,2025,1,48,9.0,2000000.0,23885
8446143,1,2,1,10,2025,2,49,4.0,,23886
8446145,1,2,1,10,2025,1,16,4.0,,23891
8446147,1,2,1,10,2025,2,40,5.0,1623000.0,23893
8446148,1,1,1,10,2025,1,32,3.0,1400000.0,23895
8446152,1,2,1,10,2025,2,2,,,23903
8446154,1,2,1,10,2025,2,29,5.0,,23905
8446155,1,2,1,10,2025,2,18,5.0,420000.0,23908
8446155,1,5,1,10,2025,1,24,5.0,,23911
8446156,1,2,1,10,2025,1,53,5.0,4000000.0,23914
8446157,1,2,1,10,2025,1,49,10.0,7000000.0,23917
8446158,1,2,1,10,2025,1,34,8.0,5000000.0,23920
8446159,1,2,1,10,2025,2,40,10.0,1600000.0,23923
8446159,1,3,1,10,2025,1,12,4.0,,23924
8446161,1,4,1,10,2025,2,13,4.0,,23932
8446161,1,5,1,10,2025,2,3,1.0,,23933
8446163,1,2,1,10,2025,1,12,4.0,,23935
8446164,1,3,1,10,2025,1,8,3.0,,23939
8446165,1,1,1,10,2025,1,45,12.0,14000000.0,23942
8446166,1,4,1,10,2025,2,20,10.0,,23947
8446167,1,2,1,10,2025,2,20,10.0,,23949
8446169,1,2,1,10,2025,2,75,3.0,,23953
8446170,1,2,1,10,2025,1,17,5.0,,23955
8446171,1,1,1,10,2025,1,31,9.0,2000000.0,23956
8446175,1,1,1,10,2025,2,28,9.0,1423500.0,23963
8446175,1,2,1,10,2025,2,50,8.0,1900000.0,23964
8446178,1,2,1,10,2025,2,6,2.0,,23967
8446179,1,2,1,10,2025,2,37,4.0,400000.0,23969
8446182,1,2,1,10,2025,2,25,8.0,,23975
8446183,1,2,1,10,2025,1,42,5.0,1200000.0,23978
8446186,1,2,1,10,2025,1,73,11.0,,23987
8446187,1,2,1,10,2025,2,58,10.0,5694000.0,23992
8446188,1,1,1,10,2025,1,49,10.0,3000000.0,23994
8446188,1,2,1,10,2025,2,59,8.0,,23995
8446188,1,3,1,10,2025,1,24,10.0,3000000.0,23996
8446190,1,1,1,10,2025,1,50,8.0,1800000.0,24000
8446191,1,3,1,10,2025,1,25,10.0,1423500.0,24006
8446194,1,2,1,10,2025,2,60,10.0,1400000.0,24014
8446194,1,3,1,10,2025,1,20,10.0,,24015
8446195,1,1,1,10,2025,1,45,10.0,2500000.0,24016
8446195,1,3,1,10,2025,1,23,10.0,2500000.0,24018
8446195,1,5,1,10,2025,2,23,10.0,,24020
8446196,1,2,1,10,2025,2,72,8.0,,24022
8446197,1,1,1,10,2025,1,37,8.0,1500000.0,24023
8446197,1,2,1,10,2025,2,35,10.0,,24024
8446197,1,5,1,10,2025,2,69,5.0,,24027
8446198,1,3,1,10,2025,1,44,10.0,3500000.0,24030
8446198,1,4,1,10,2025,1,38,10.0,,24031
8446201,1,2,1,10,2025,1,62,5.0,1423500.0,24036
8446202,1,1,1,10,2025,1,50,10.0,6200000.0,24037
8446202,1,4,1,10,2025,2,23,10.0,1900000.0,24040
8446205,1,1,1,10,2025,1,62,10.0,6500000.0,24044
8446205,1,2,1,10,2025,2,62,10.0,,24045
8446206,1,2,1,10,2025,1,39,10.0,5000000.0,24047
8446206,1,3,1,10,2025,1,15,4.0,,24048
8446206,1,4,1,10,2025,2,6,3.0,,24049
8446206,1,5,1,10,2025,2,61,5.0,3620000.0,24050
8446209,1,4,1,10,2025,2,37,5.0,2100000.0,24059
8446210,1,1,1,10,2025,1,70,10.0,5000000.0,24060
8446211,1,1,1,10,2025,1,42,8.0,3400000.0,24062
8446217,1,1,1,10,2025,2,62,10.0,250000.0,24069
8446218,1,1,1,10,2025,1,86,10.0,,24070
8446218,1,2,1,10,2025,2,79,5.0,,24071
8446218,1,3,1,10,2025,2,42,3.0,2200000.0,24072
8446223,1,1,1,10,2025,2,35,12.0,6000000.0,24080
8446224,1,2,1,10,2025,1,80,5.0,,24083
8446224,1,3,1,10,2025,2,38,10.0,3200000.0,24084
8446226,1,3,1,10,2025,2,61,10.0,,24096
8446226,1,5,1,10,2025,1,53,8.0,1500000.0,24098
8446226,1,6,1,10,2025,2,26,10.0,3200000.0,24099
8446227,1,3,1,10,2025,1,10,3.0,,24103
8446227,1,4,1,10,2025,2,71,10.0,,24104
8446228,1,3,1,10,2025,1,12,4.0,,24107
8446229,1,3,1,10,2025,1,12,4.0,,24110
8446229,1,4,1,10,2025,2,5,2.0,,24111
8446231,1,3,1,10,2025,2,30,10.0,3100000.0,24115
8446231,1,6,1,10,2025,2,34,5.0,,24118
8446233,1,6,1,10,2025,1,7,3.0,,24129
8446234,1,1,1,10,2025,1,51,10.0,6000000.0,24130
8446234,1,2,1,10,2025,2,44,8.0,500000.0,24131
8446234,1,4,1,10,2025,1,17,5.0,,24133
8446234,1,5,1,10,2025,1,17,10.0,,24134
8446235,1,1,1,10,2025,2,40,5.0,,24135
8446235,1,2,1,10,2025,1,19,10.0,800000.0,24136
8446236,1,3,1,10,2025,2,31,5.0,840000.0,24141
8446237,1,3,1,10,2025,1,12,3.0,,24146
8446237,1,6,1,10,2025,1,1,,,24149
8446238,1,3,1,10,2025,1,22,4.0,900000.0,24152
8446238,1,4,1,10,2025,1,17,3.0,,24153
8446239,1,1,1,10,2025,1,43,5.0,1700000.0,24154
8446239,1,3,1,10,2025,2,18,5.0,,24156
8446239,1,5,1,10,2025,2,5,2.0,,24158
8446239,1,16,1,10,2025,2,8,3.0,,24169
8446240,1,1,1,10,2025,1,41,5.0,1500000.0,24170
8446241,1,1,1,10,2025,2,65,3.0,,24171
8446241,1,6,1,10,2025,1,8,3.0,,24176
8446241,1,7,1,10,2025,1,6,2.0,,24177
8446241,1,12,1,10,2025,1,35,3.0,,24182
8446243,1,1,1,10,2025,2,65,3.0,1650000.0,24186
8446244,1,1,1,10,2025,1,52,8.0,0.0,24189
8446244,1,2,1,10,2025,2,49,4.0,,24190
8446245,1,1,1,10,2025,1,63,3.0,,24193
8446246,1,1,1,10,2025,2,50,8.0,100000.0,24196
8446248,1,1,1,10,2025,1,23,6.0,1450000.0,24201
8446249,1,1,1,10,2025,2,58,3.0,,24203
8446249,1,3,1,10,2025,1,10,3.0,,24205
8446249,1,4,1,10,2025,2,23,5.0,,24206
8446249,1,7,1,10,2025,1,10,4.0,,24209
8446251,1,1,1,10,2025,2,64,3.0,,24211
8446251,1,2,1,10,2025,2,92,1.0,,24212
8446252,1,4,1,10,2025,1,32,5.0,1450000.0,24216
8446253,1,2,1,10,2025,1,34,6.0,1553000.0,24218
8446255,1,4,1,10,2025,1,14,4.0,,24229
8446256,1,2,1,10,2025,2,56,3.0,,24231
8446257,1,1,1,10,2025,1,23,10.0,900000.0,24234
8446258,1,2,1,10,2025,2,39,5.0,400000.0,24237
8446259,1,2,1,10,2025,2,23,5.0,1423500.0,24245
8446259,1,3,1,10,2025,1,3,1.0,,24246
8446262,1,1,1,10,2025,2,56,5.0,,24251
8446262,1,3,1,10,2025,1,25,5.0,2500000.0,24253
8446262,1,5,1,10,2025,2,13,4.0,,24255
8446262,1,6,1,10,2025,2,12,4.0,,24256
8446262,1,7,1,10,2025,1,8,3.0,,24257
8446265,1,3,1,10,2025,2,25,5.0,1300000.0,24261
8446266,1,1,1,10,2025,2,30,4.0,1600000.0,24264
8446268,1,1,1,10,2025,2,30,3.0,1350000.0,24270
8446272,1,2,1,10,2025,2,23,5.0,1000000.0,24276
8446274,1,1,1,10,2025,2,46,4.0,1400000.0,24277
8446278,1,1,1,10,2025,1,52,8.0,1736200.0,24284
8446279,1,3,1,10,2025,2,18,5.0,560000.0,24290
8446279,1,4,1,10,2025,2,12,4.0,,24291
8446280,1,3,1,10,2025,1,25,8.0,1423500.0,24294
8446281,1,3,1,10,2025,1,15,4.0,,24297
8446282,1,3,1,10,2025,1,18,8.0,,24300
8446287,1,4,1,10,2025,2,10,3.0,,24316
8446288,1,2,1,10,2025,1,20,5.0,1000000.0,24318
8446289,1,1,1,10,2025,1,46,4.0,800000.0,24319
8446289,1,3,1,10,2025,1,18,5.0,,24321
8446290,1,1,1,10,2025,1,71,4.0,,24322
8446292,1,1,1,10,2025,2,57,5.0,900000.0,24324
8446292,1,6,1,10,2025,2,13,4.0,,24329
8446292,1,8,1,10,2025,1,60,3.0,500000.0,24331
8446295,1,1,1,10,2025,1,67,4.0,1100000.0,24339
8446296,1,4,1,10,2025,2,17,8.0,,24344
8446297,1,1,1,10,2025,1,37,8.0,1423500.0,24346
8446300,1,4,1,10,2025,1,59,4.0,,24355
8446302,1,1,1,10,2025,1,64,10.0,1000000.0,24359
8446303,1,2,1,10,2025,2,53,3.0,1000000.0,24362
8446304,1,1,1,10,2025,1,34,8.0,3200000.0,24363
8446305,1,1,1,10,2025,1,43,6.0,1450000.0,24367
8446306,1,1,1,10,2025,1,37,8.0,3500000.0,24372
8446306,1,2,1,10,2025,2,39,5.0,,24373
8446306,1,4,1,10,2025,1,14,4.0,,24375
8446307,1,2,1,10,2025,2,24,8.0,1680000.0,24378
8446311,1,1,1,10,2025,1,34,10.0,3000000.0,24388
8446318,1,3,1,10,2025,1,16,5.0,,24404
8446320,1,1,1,10,2025,2,56,3.0,1100000.0,24409
8446322,1,1,1,10,2025,1,41,3.0,300000.0,24416
8446323,1,1,1,10,2025,2,44,5.0,700000.0,24417
8446324,1,1,1,10,2025,1,49,1.0,800000.0,24418
8446325,1,1,1,10,2025,1,54,5.0,1700000.0,24421
8446325,1,2,1,10,2025,2,67,4.0,700000.0,24422
8446326,1,1,1,10,2025,2,21,5.0,,24425
8446326,1,3,1,10,2025,1,5,2.0,,24427
8446327,1,1,1,10,2025,1,81,4.0,,24428
8446330,1,4,1,10,2025,1,32,5.0,1423500.0,24440
8446331,1,1,1,10,2025,2,32,5.0,1423500.0,24442
8446333,1,5,1,10,2025,2,72,1.0,,24451
8446334,1,4,1,10,2025,2,3,2.0,,24455
8446335,1,1,1,10,2025,1,28,5.0,1500000.0,24457
8446337,1,2,1,10,2025,2,27,5.0,320000.0,24465
8446337,1,3,1,10,2025,2,12,3.0,,24466
8446337,1,4,1,10,2025,2,6,3.0,,24467
8446338,1,2,1,10,2025,2,25,5.0,,24469
8446338,1,4,1,10,2025,1,5,2.0,,24471
8446340,1,1,1,10,2025,2,43,8.0,1900000.0,24473
8446344,1,1,1,10,2025,2,48,11.0,5900000.0,24480
8446344,1,3,1,10,2025,1,16,5.0,,24482
8446347,1,3,1,10,2025,1,43,4.0,1500000.0,24492
8446350,1,3,1,10,2025,2,2,,,24499
8446351,1,3,1,10,2025,2,7,3.0,,24502
8446354,1,1,1,10,2025,2,30,10.0,2600000.0,24506
8446356,1,1,1,10,2025,1,31,4.0,1000000.0,24509
8446356,1,3,1,10,2025,2,12,4.0,,24511
8446359,1,4,1,10,2025,2,8,3.0,,24517
8446360,1,2,1,10,2025,1,61,3.0,,24519
8446361,1,1,1,10,2025,1,67,3.0,,24520
8446361,1,2,1,10,2025,2,64,5.0,,24521
8446361,1,3,1,10,2025,1,42,8.0,1200000.0,24522
8446363,1,1,1,10,2025,1,60,5.0,800000.0,24527
8446365,1,1,1,10,2025,1,45,3.0,2000000.0,24529
8446365,1,2,1,10,2025,2,40,5.0,,24530
8446366,1,1,1,10,2025,1,92,3.0,,24532
8446367,1,1,1,10,2025,1,54,5.0,2000000.0,24533
8446369,1,2,1,10,2025,2,73,4.0,,24537
8446370,1,2,1,10,2025,2,34,5.0,2000000.0,24541
8446370,1,3,1,10,2025,2,8,3.0,,24542
8446372,1,1,1,10,2025,1,80,5.0,,24546
8446375,1,1,1,10,2025,2,81,3.0,,24551
8446376,1,1,1,10,2025,1,41,5.0,500000.0,24553
8446377,1,2,1,10,2025,2,31,9.0,1423500.0,24556
8446377,1,4,1,10,2025,1,3,2.0,,24558
8446378,1,3,1,10,2025,2,26,1.0,24000.0,24561
8446383,1,2,1,10,2025,1,54,11.0,2000000.0,24572
8446385,1,2,1,10,2025,2,50,4.0,1120000.0,24575
8446385,1,3,1,10,2025,2,20,5.0,,24576
8446386,1,3,1,10,2025,1,23,10.0,4500000.0,24579
8446388,1,3,1,10,2025,1,3,2.0,,24583
8446388,1,4,1,10,2025,1,74,3.0,,24584
8446389,1,3,1,10,2025,2,53,5.0,,24587
8446390,1,2,1,10,2025,2,49,3.0,500000.0,24590
8446391,1,3,1,10,2025,1,11,3.0,,24594
8446394,1,1,1,10,2025,1,57,5.0,2500000.0,24597
8446394,1,2,1,10,2025,2,47,5.0,3800000.0,24598
8446395,1,2,1,10,2025,1,10,3.0,,24602
8446396,1,1,1,10,2025,2,25,8.0,,24604
8446396,1,5,1,10,2025,1,19,4.0,1500000.0,24608
8446397,1,1,1,10,2025,1,44,12.0,5000000.0,24609
8446398,1,1,1,10,2025,2,32,8.0,1423500.0,24613
8446399,1,2,1,10,2025,1,23,10.0,,24618
8446402,1,1,1,10,2025,1,42,11.0,9000000.0,24622
8446402,1,3,1,10,2025,1,12,4.0,,24624
8446403,1,1,1,10,2025,2,32,10.0,1423500.0,24625
8446405,1,2,1,10,2025,1,60,3.0,2000000.0,24628
8446406,1,1,1,10,2025,1,32,9.0,2000000.0,24630
8446406,1,2,1,10,2025,2,33,10.0,,24631
8446411,1,1,1,10,2025,1,32,9.0,1800000.0,24640
8446413,1,1,1,10,2025,1,48,10.0,6800000.0,24642
8446416,1,1,1,10,2025,2,30,8.0,2400000.0,24647
8446417,1,1,1,10,2025,1,45,12.0,4200000.0,24648
8446418,1,1,1,10,2025,2,49,9.0,1423500.0,24649
8446419,1,1,1,10,2025,1,44,9.0,,24651
8446421,1,1,1,10,2025,2,71,12.0,,24655
8446423,1,3,1,10,2025,2,22,10.0,,24660
8446424,1,1,1,10,2025,1,71,12.0,,24661
8446424,1,3,1,10,2025,1,29,10.0,,24663
8446426,1,1,1,10,2025,2,55,3.0,,24667
8446430,1,1,1,10,2025,1,88,5.0,,24671
8446432,1,2,1,10,2025,2,71,3.0,,24673
8446436,1,1,1,10,2025,2,62,4.0,,24677
8446436,1,3,1,10,2025,2,25,5.0,900000.0,24679
8446436,1,4,1,10,2025,1,4,2.0,,24680
8446437,1,1,1,10,2025,2,45,8.0,2000000.0,24681
8446437,1,2,1,10,2025,1,12,4.0,,24682
8446437,1,3,1,10,2025,2,11,4.0,,24683
8446437,1,4,1,10,2025,2,11,4.0,,24684
8446438,1,1,1,10,2025,1,21,4.0,3700000.0,24685
8446439,1,2,1,10,2025,1,25,6.0,2000000.0,24688
8446440,1,1,1,10,2025,2,31,5.0,1800000.0,24691
8446442,1,1,1,10,2025,2,53,5.0,1423500.0,24694
8446442,1,2,1,10,2025,2,15,4.0,,24695
8446442,1,3,1,10,2025,1,31,5.0,1423500.0,24696
8446445,2,1,2,10,2025,2,42,10.0,2200000.0,24708
8446446,1,3,1,10,2025,1,36,10.0,,24711
8446447,1,3,1,10,2025,1,32,10.0,1900000.0,24714
8446451,1,1,1,10,2025,1,48,4.0,1423500.0,24721
8446454,1,1,1,10,2025,1,75,4.0,,24727
8446455,1,1,1,10,2025,1,70,10.0,10000000.0,24730
8446459,1,1,1,10,2025,1,47,10.0,3000000.0,24734
8446460,1,1,1,10,2025,1,61,5.0,600000.0,24736
8446462,1,1,1,10,2025,2,39,13.0,12811500.0,24742
8446464,1,3,1,10,2025,2,19,10.0,,24748
8446466,1,2,1,10,2025,1,8,3.0,,24754
8446468,1,1,1,10,2025,2,55,5.0,1500000.0,24758
8446469,1,2,1,10,2025,2,25,5.0,480000.0,24761
8446469,1,3,1,10,2025,1,39,3.0,2800000.0,24762
8446469,1,4,1,10,2025,2,3,2.0,,24763
8446471,1,2,1,10,2025,2,32,5.0,1423500.0,24767
8446471,1,3,1,10,2025,1,15,4.0,,24768
8446471,1,6,1,10,2025,1,28,5.0,2500000.0,24771
8446472,1,1,1,10,2025,2,72,3.0,400000.0,24772
8446472,1,5,1,10,2025,1,21,5.0,1400000.0,24776
8446472,1,6,1,10,2025,2,16,4.0,,24777
8446472,1,7,1,10,2025,1,15,4.0,,24778
8446474,1,3,1,10,2025,1,0,,,24789
8446480,1,2,1,10,2025,2,24,5.0,1600000.0,24800
8446481,1,2,1,10,2025,2,20,10.0,,24803
8446483,1,1,1,10,2025,1,75,3.0,,24805
8446483,1,3,1,10,2025,1,8,3.0,,24807
8446484,1,3,1,10,2025,1,16,5.0,,24810
8446485,1,2,1,10,2025,2,46,12.0,7000000.0,24813
8446486,1,1,1,10,2025,1,44,11.0,6500000.0,24815
8446486,1,4,1,10,2025,1,1,,,24818
8446487,1,1,1,10,2025,1,30,10.0,3000000.0,24819
8446488,1,1,1,10,2025,2,55,5.0,1828000.0,24820
8446489,1,3,1,10,2025,2,8,3.0,,24824
8446491,1,1,1,10,2025,1,61,11.0,3250000.0,24826
8446495,1,2,1,10,2025,2,22,8.0,1800000.0,24835
8446495,1,3,1,10,2025,2,19,5.0,1900000.0,24836
8446498,1,1,1,10,2025,1,78,3.0,,24837
8446499,1,1,1,10,2025,2,66,3.0,,24839
8446499,1,2,1,10,2025,1,33,10.0,1686000.0,24840
8446499,1,3,1,10,2025,1,27,1.0,,24841
8446499,1,4,1,10,2025,1,21,4.0,1200000.0,24842
8446501,1,1,1,10,2025,1,43,5.0,3000000.0,24845
8446508,1,4,1,10,2025,2,13,4.0,,24858
8446508,1,6,1,10,2025,1,3,1.0,,24860
8446509,1,2,1,10,2025,2,9,3.0,,24862
8446510,1,1,1,10,2025,1,40,12.0,16000000.0,24864
8446510,1,2,1,10,2025,2,33,12.0,18000000.0,24865
8446511,1,3,1,10,2025,2,1,,,24869
8446518,1,1,1,10,2025,2,66,5.0,400000.0,24880
8446524,1,3,1,10,2025,2,11,4.0,,24887
8446525,1,6,1,10,2025,1,15,4.0,,24893
8446525,1,8,1,10,2025,2,23,8.0,,24895
8446526,1,1,1,10,2025,1,57,5.0,1200000.0,24897
8446528,1,1,1,10,2025,1,41,5.0,1350000.0,24898
8446529,1,1,1,10,2025,1,26,4.0,1400000.0,24900
8446529,1,3,1,10,2025,2,2,,,24902
8446531,1,1,1,10,2025,1,57,5.0,,24904
8446532,1,3,1,10,2025,1,18,5.0,,24908
8446532,1,5,1,10,2025,2,23,5.0,,24910
8446534,1,4,1,10,2025,2,3,1.0,,24915
8446535,1,2,1,10,2025,2,28,3.0,,24917
8446535,1,4,1,10,2025,2,7,3.0,,24919
8446535,1,5,1,10,2025,2,5,1.0,,24920
8446540,1,5,1,10,2025,1,25,10.0,305000.0,24930
8446541,1,5,1,10,2025,2,40,5.0,,24935
8446541,3,1,3,10,2025,2,33,5.0,,24942
8446541,3,2,3,10,2025,1,39,5.0,1400000.0,24943
8446545,1,1,1,10,2025,2,75,8.0,,24952
8446550,1,1,1,10,2025,2,61,4.0,,24955
8446550,1,3,1,10,2025,2,32,4.0,1000000.0,24957
8446550,1,6,1,10,2025,1,6,3.0,,24960
8446553,1,3,1,10,2025,2,16,4.0,,24964
8446556,1,3,1,10,2025,1,17,9.0,,24969
8446556,1,4,1,10,2025,2,14,4.0,,24970
8446558,1,2,1,10,2025,2,33,5.0,,24972
8446558,1,3,1,10,2025,2,9,3.0,,24973
8446559,1,1,1,10,2025,2,74,3.0,,24975
8446559,1,2,1,10,2025,2,53,10.0,,24976
8446559,1,3,1,10,2025,1,55,6.0,2000000.0,24977
8446559,1,4,1,10,2025,1,19,10.0,520000.0,24978
8446559,1,5,1,10,2025,1,16,5.0,,24979
8446559,1,7,1,10,2025,1,6,3.0,,24981
8446559,1,9,1,10,2025,1,2,,,24983
8446560,1,2,1,10,2025,2,23,8.0,,24985
8446563,1,2,1,10,2025,2,36,5.0,,24998
8446564,1,1,1,10,2025,1,34,3.0,1420000.0,25001
8446564,1,2,1,10,2025,2,25,5.0,,25002
8446565,1,3,1,10,2025,1,14,4.0,,25007
8446568,1,1,1,10,2025,1,43,9.0,6800000.0,25011
8446568,1,2,1,10,2025,2,35,10.0,,25012
8446570,1,1,1,10,2025,1,60,3.0,600000.0,25015
8446571,1,2,1,10,2025,1,38,8.0,1800000.0,25017
8446571,1,3,1,10,2025,1,11,4.0,,25018
8446571,1,4,1,10,2025,1,3,2.0,,25019
8446572,1,1,1,10,2025,2,73,4.0,,25020
8446572,1,2,1,10,2025,1,51,4.0,500000.0,25021
8446573,1,1,1,10,2025,2,71,3.0,,25022
8446573,2,1,2,10,2025,2,52,8.0,,25024
8446573,2,2,2,10,2025,1,48,8.0,800000.0,25025
8446573,2,3,2,10,2025,1,13,3.0,,25026
8446573,2,4,2,10,2025,2,10,3.0,,25027
8446573,3,1,3,10,2025,2,41,5.0,,25028
8446573,3,5,3,10,2025,1,15,5.0,,25032
8446573,4,2,4,10,2025,2,23,5.0,,25034
8446573,5,1,5,10,2025,1,59,5.0,3000000.0,25036
8446575,1,2,1,10,2025,1,17,5.0,,25041
8446575,1,4,1,10,2025,2,3,2.0,,25043
8446576,1,1,1,10,2025,2,30,8.0,300000.0,25045
8446576,1,3,1,10,2025,1,4,2.0,,25047
8446578,1,1,1,10,2025,1,28,8.0,2800000.0,25048
8446580,1,2,1,10,2025,1,41,3.0,1800000.0,25050
8446580,1,5,1,10,2025,2,42,1.0,,25053
8446582,1,1,1,10,2025,2,29,5.0,2600000.0,25054
8446582,1,3,1,10,2025,1,11,3.0,,25056
8446583,1,5,1,10,2025,2,25,8.0,,25062
8446584,1,1,1,10,2025,1,45,10.0,3800000.0,25065
8446585,1,1,1,10,2025,2,50,3.0,800000.0,25071
8446585,1,2,1,10,2025,1,44,4.0,1500000.0,25072
8446585,1,5,1,10,2025,2,27,5.0,1423500.0,25075
8446587,1,1,1,10,2025,2,48,4.0,600000.0,25083
8446588,1,1,1,10,2025,2,46,5.0,,25085
8446589,1,3,1,10,2025,1,3,1.0,,25090
8446590,1,1,1,10,2025,2,57,3.0,700000.0,25091
8446591,1,2,1,10,2025,2,26,4.0,200000.0,25095
8446591,1,4,1,10,2025,2,5,2.0,,25097
8446593,1,2,1,10,2025,1,22,8.0,,25103
8446595,1,2,1,10,2025,2,46,8.0,1420000.0,25105
8446595,1,3,1,10,2025,2,2,,,25106
8446600,1,2,1,10,2025,1,45,10.0,6000000.0,25115
8446600,1,3,1,10,2025,1,22,10.0,4000000.0,25116
8446600,1,4,1,10,2025,2,19,10.0,,25117
8446601,1,2,1,10,2025,1,21,10.0,,25120
8446602,1,2,1,10,2025,1,26,10.0,6000000.0,25123
8446603,1,2,1,10,2025,2,31,10.0,4000000.0,25125
8446604,1,4,1,10,2025,2,10,4.0,,25129
8446606,1,2,1,10,2025,1,52,5.0,1000000.0,25136
8446607,1,1,1,10,2025,1,38,9.0,7000000.0,25137
8446607,1,3,1,10,2025,2,6,2.0,,25139
8446609,1,2,1,10,2025,1,16,5.0,,25144
8446611,1,3,1,10,2025,2,5,2.0,,25152
8446612,1,2,1,10,2025,1,47,5.0,1500000.0,25155
8446614,1,1,1,10,2025,1,37,4.0,1120000.0,25158
8446615,1,3,1,10,2025,2,10,3.0,,25164
8446619,1,3,1,10,2025,1,19,10.0,,25172
8446619,1,4,1,10,2025,1,14,4.0,,25173
8446620,1,2,1,10,2025,2,40,10.0,,25175
8446622,1,3,1,10,2025,2,9,3.0,,25179
8446622,1,4,1,10,2025,1,5,2.0,,25180
8446622,1,5,1,10,2025,1,3,2.0,,25181
8446622,1,6,1,10,2025,2,56,5.0,,25182
8446623,1,2,1,10,2025,2,48,4.0,,25187
8446623,1,3,1,10,2025,1,25,8.0,420000.0,25188
8446623,1,4,1,10,2025,1,3,2.0,,25189
8446629,1,1,1,10,2025,1,32,5.0,1423500.0,25190
8446630,1,2,1,10,2025,2,39,8.0,,25192
8446630,1,3,1,10,2025,2,19,8.0,750000.0,25193
8446631,1,1,1,10,2025,2,50,9.0,1423500.0,25194
8446631,1,4,1,10,2025,1,27,10.0,2800000.0,25197
8446633,1,1,1,10,2025,1,36,11.0,1423500.0,25202
8446635,1,1,1,10,2025,2,54,4.0,1200000.0,25208
8446636,1,1,1,10,2025,2,39,8.0,1423500.0,25213
8446640,1,2,1,10,2025,2,28,10.0,,25229
8446643,1,1,1,10,2025,1,29,5.0,1956000.0,25235
8446644,1,1,1,10,2025,1,33,11.0,1423500.0,25236
8446646,1,1,1,10,2025,1,28,10.0,2000000.0,25240
8446647,1,2,1,10,2025,2,20,10.0,,25242
8446647,1,3,1,10,2025,2,8,3.0,,25243
8446649,1,1,1,10,2025,2,28,10.0,1423500.0,25247
8446650,1,3,1,10,2025,1,27,11.0,,25250
8446651,1,1,1,10,2025,1,70,10.0,,25252
8446652,1,3,1,10,2025,1,3,1.0,,25256
8446653,1,4,1,10,2025,1,18,5.0,,25260
8446653,1,5,1,10,2025,1,16,4.0,,25261
8446656,1,2,1,10,2025,1,69,3.0,500000.0,25267
8446658,1,1,1,10,2025,1,49,5.0,1423500.0,25270
8446659,1,4,1,10,2025,1,2,,,25276
8446660,1,2,1,10,2025,1,41,8.0,4000000.0,25278
8446661,1,1,1,10,2025,1,53,5.0,1000000.0,25281
8446662,1,2,1,10,2025,2,59,5.0,800000.0,25285
8446663,1,1,1,10,2025,1,52,5.0,1200000.0,25288
8446675,1,1,1,10,2025,2,37,10.0,1423500.0,25305
8446679,1,1,1,10,2025,1,39,8.0,1423500.0,25311
8446679,1,2,1,10,2025,1,14,4.0,,25312
8446680,1,1,1,10,2025,1,28,10.0,3000000.0,25313
8446680,1,2,1,10,2025,2,30,10.0,1500000.0,25314
8446681,1,1,1,10,2025,1,40,3.0,1000000.0,25315
8446681,1,2,1,10,2025,2,42,8.0,1423500.0,25316
8446681,1,4,1,10,2025,1,5,3.0,,25318
8446682,1,1,1,10,2025,1,44,5.0,1423500.0,25319
8446682,1,3,1,10,2025,2,17,5.0,,25321
8446685,1,2,1,10,2025,2,16,5.0,,25326
8446686,1,1,1,10,2025,2,54,10.0,3900000.0,25327
8446686,1,2,1,10,2025,1,58,10.0,7000000.0,25328
8446689,1,3,1,10,2025,2,11,4.0,,25333
8446690,1,1,1,10,2025,1,41,5.0,2000000.0,25336
8446691,1,3,1,10,2025,2,6,3.0,,25339
8446692,1,4,1,10,2025,2,10,4.0,,25343
8446693,1,2,1,10,2025,2,29,9.0,1423500.0,25345
8446694,1,3,1,10,2025,1,25,10.0,,25349
8446694,1,4,1,10,2025,1,18,10.0,,25350
8446695,1,1,1,10,2025,2,35,10.0,4000000.0,25351
8446695,1,4,1,10,2025,1,6,3.0,,25354
8446715,1,2,1,10,2025,2,35,4.0,,25358
8446717,1,2,1,10,2025,2,61,5.0,800000.0,25360
8446732,1,2,1,10,2025,1,47,3.0,1000000.0,25363
8446735,1,2,1,10,2025,2,32,8.0,,25370
8446739,1,3,1,10,2025,2,10,3.0,,25379
8446741,1,3,1,10,2025,1,22,8.0,,25385
8446741,1,4,1,10,2025,1,11,3.0,,25386
8446742,1,2,1,10,2025,1,90,3.0,,25388
8446745,1,2,1,10,2025,1,46,9.0,8000000.0,25398
8446746,1,4,1,10,2025,1,9,3.0,,25403
8446747,1,1,1,10,2025,1,52,11.0,10000000.0,25404
8446749,1,1,1,10,2025,2,48,9.0,1423500.0,25410
8446750,1,2,1,10,2025,2,38,4.0,800000.0,25413
8446755,1,3,1,10,2025,1,24,4.0,1800000.0,25421
8446756,1,2,1,10,2025,2,33,5.0,,25426
8446758,1,2,1,10,2025,1,14,4.0,,25430
8446759,1,2,1,10,2025,2,55,10.0,2500000.0,25433
8446760,1,1,1,10,2025,2,33,4.0,300000.0,25435
8446760,1,3,1,10,2025,1,13,1.0,,25437
8446760,1,5,1,10,2025,2,7,3.0,,25439
8446761,1,2,1,10,2025,1,9,3.0,,25442
8446762,1,1,1,10,2025,2,29,5.0,,25443
8446762,1,2,1,10,2025,1,22,5.0,1344000.0,25444
8446764,1,1,1,10,2025,2,61,8.0,,25447
8446766,1,1,1,10,2025,1,64,6.0,,25450
8446766,1,2,1,10,2025,2,69,5.0,,25451
8446768,1,1,1,10,2025,1,46,9.0,2500000.0,25456
8446770,1,1,1,10,2025,2,62,8.0,,25458
8446770,1,2,1,10,2025,2,34,11.0,2000000.0,25459
8446774,1,1,1,10,2025,2,40,5.0,1500000.0,25467
8446774,1,2,1,10,2025,1,18,5.0,1423500.0,25468
8446775,1,2,1,10,2025,1,47,10.0,2500000.0,25471
8446775,1,4,1,10,2025,2,19,10.0,,25473
8446776,1,1,1,10,2025,2,35,8.0,,25474
8446778,1,1,1,10,2025,1,67,3.0,500000.0,25481
8446781,1,2,1,10,2025,2,47,3.0,,25486
8446783,1,1,1,10,2025,2,51,3.0,,25491
8446784,1,3,1,10,2025,1,47,1.0,,25495
8446785,1,2,1,10,2025,1,38,5.0,1600000.0,25497
8446786,1,3,1,10,2025,2,38,5.0,,25503
8446789,1,4,1,10,2025,2,11,4.0,,25513
8446795,1,2,1,10,2025,2,54,5.0,600000.0,25525
8446801,1,1,1,10,2025,2,59,5.0,1500000.0,25528
8446802,1,2,1,10,2025,1,52,4.0,1000000.0,25531
8446802,1,6,1,10,2025,2,1,,,25535
8446804,1,2,1,10,2025,1,23,10.0,1475000.0,25537
8446806,1,1,1,10,2025,1,52,4.0,1100000.0,25542
8446806,1,3,1,10,2025,1,8,3.0,,25544
8446807,1,1,1,10,2025,1,51,6.0,1423500.0,25545
8446807,1,2,1,10,2025,2,55,5.0,,25546
8446807,1,4,1,10,2025,2,17,5.0,1423500.0,25548
8446809,1,1,1,10,2025,1,50,4.0,700000.0,25550
8446809,1,4,1,10,2025,2,17,4.0,,25553
8446810,1,4,1,10,2025,2,19,9.0,,25557
8446811,1,3,1,10,2025,1,28,10.0,1623500.0,25560
8446813,1,2,1,10,2025,2,47,5.0,,25565
8446813,1,3,1,10,2025,2,21,10.0,700000.0,25566
8446814,1,2,1,10,2025,1,0,,,25568
8446814,1,4,1,10,2025,1,59,3.0,,25570
8446816,1,1,1,10,2025,2,59,3.0,200000.0,25571
8446818,1,2,1,10,2025,2,44,1.0,,25573
8446824,1,1,1,10,2025,2,66,4.0,,25582
8446824,1,3,1,10,2025,2,38,8.0,200000.0,25584
8446825,1,1,1,10,2025,1,31,8.0,1423500.0,25586
8446827,1,2,1,10,2025,2,21,8.0,1700000.0,25593
8446828,1,1,1,10,2025,1,43,5.0,500000.0,25594
8446828,1,2,1,10,2025,2,39,5.0,1500000.0,25595
8446828,1,3,1,10,2025,2,11,4.0,,25596
8446829,1,3,1,10,2025,1,19,10.0,1220000.0,25600
8446830,1,2,1,10,2025,2,70,5.0,,25603
8446831,1,1,1,10,2025,2,50,5.0,,25605
8446831,1,3,1,10,2025,2,23,10.0,1423500.0,25607
8446832,1,1,1,10,2025,2,88,3.0,,25608
8446834,1,1,1,10,2025,2,74,5.0,,25611
8446835,1,1,1,10,2025,2,60,9.0,500000.0,25613
8446835,1,2,1,10,2025,2,39,10.0,1623500.0,25614
8446835,1,4,1,10,2025,1,37,9.0,1623500.0,25616
8446837,1,2,1,10,2025,2,61,3.0,,25621
8446838,1,4,1,10,2025,1,17,5.0,,25625
8446840,1,3,1,10,2025,1,5,2.0,,25629
8446842,1,1,1,10,2025,2,66,12.0,7000000.0,25632
8446843,1,4,1,10,2025,2,55,3.0,,25637
8446844,1,2,1,10,2025,2,42,10.0,,25639
8446845,1,1,1,10,2025,2,87,4.0,,25641
8446847,1,3,1,10,2025,2,29,5.0,300000.0,25645
8446849,1,1,1,10,2025,2,18,5.0,1423500.0,25648
8446849,1,2,1,10,2025,2,19,5.0,1423500.0,25649
8446852,1,1,1,10,2025,1,60,3.0,1500000.0,25656
8446852,1,2,1,10,2025,2,56,3.0,,25657
8446854,1,1,1,10,2025,2,43,8.0,,25662
8446854,1,2,1,10,2025,2,27,8.0,1423500.0,25663
8446858,1,1,1,10,2025,1,66,5.0,,25667
8446858,1,2,1,10,2025,2,63,5.0,,25668
8446859,1,3,1,10,2025,1,6,3.0,,25671
8446860,1,1,1,10,2025,2,42,4.0,1712000.0,25672
8446860,1,6,1,10,2025,2,21,5.0,,25677
8446861,1,1,1,10,2025,1,36,5.0,1423500.0,25680
8446861,1,3,1,10,2025,1,9,3.0,,25682
8446862,1,3,1,10,2025,2,20,10.0,,25685
8446865,1,1,1,10,2025,2,42,8.0,1600000.0,25687
8446866,1,2,1,10,2025,2,56,8.0,,25690
8446867,1,2,1,10,2025,1,35,10.0,3000000.0,25692
8446870,1,3,1,10,2025,2,25,10.0,,25699
8446871,1,1,1,10,2025,1,20,10.0,1623500.0,25700
8446875,1,2,1,10,2025,2,39,5.0,1423500.0,25705
8446877,1,3,1,10,2025,1,21,5.0,,25712
8446880,1,1,1,10,2025,2,55,4.0,1423500.0,25718
8446881,1,1,1,10,2025,1,27,10.0,3625000.0,25724
8446882,1,1,1,10,2025,1,33,5.0,1700000.0,25726
8446882,1,2,1,10,2025,2,29,8.0,,25727
8446885,1,2,1,10,2025,2,45,8.0,1623500.0,25731
8446885,1,3,1,10,2025,1,24,10.0,2000000.0,25732
8446886,1,1,1,10,2025,1,82,3.0,,25733
8446889,1,1,1,10,2025,2,21,10.0,,25738
8446891,1,2,1,10,2025,2,52,8.0,,25740
8446891,1,4,1,10,2025,2,80,5.0,,25742
8446894,1,2,1,10,2025,1,81,10.0,,25746
8446897,1,3,1,10,2025,2,26,10.0,1423500.0,25753
8446900,1,3,1,10,2025,1,48,8.0,,25760
8446901,1,1,1,10,2025,2,30,11.0,3000000.0,25762
8446901,1,2,1,10,2025,1,36,11.0,4000000.0,25763
8446901,1,3,1,10,2025,1,1,,,25764
8446902,1,2,1,10,2025,1,20,10.0,,25766
8446903,1,2,1,10,2025,1,4,2.0,,25769
8446905,1,1,1,10,2025,1,36,5.0,2800000.0,25770
8446906,1,2,1,10,2025,1,40,12.0,6500000.0,25772
8446907,1,3,1,10,2025,1,12,4.0,,25777
8446908,1,2,1,10,2025,2,53,10.0,3500000.0,25781
8446908,1,3,1,10,2025,1,16,4.0,,25782
8446909,1,2,1,10,2025,1,36,3.0,1423500.0,25785
8446911,1,2,1,10,2025,1,19,8.0,,25791
8446913,1,1,1,10,2025,1,57,8.0,1800000.0,25798
8446913,1,2,1,10,2025,2,52,10.0,1423500.0,25799
8446914,1,1,1,10,2025,1,55,9.0,2846000.0,25800
8446915,1,1,1,10,2025,1,25,8.0,1623500.0,25802
8446916,1,3,1,10,2025,2,46,10.0,2500000.0,25806
8446917,1,5,1,10,2025,2,22,8.0,1423500.0,25812
8446918,1,1,1,10,2025,2,71,4.0,,25813
8446919,1,1,1,10,2025,2,61,5.0,,25816
8446919,1,4,1,10,2025,1,28,5.0,800000.0,25819
8446921,1,2,1,10,2025,1,32,9.0,4000000.0,25821
8446925,1,1,1,10,2025,2,54,5.0,2000000.0,25827
8446925,1,3,1,10,2025,2,21,10.0,,25829
8446927,1,1,1,10,2025,2,37,5.0,700000.0,25834
8446927,1,4,1,10,2025,2,8,3.0,,25837
8446929,1,1,1,10,2025,2,24,10.0,697000.0,25840
8446929,1,2,1,10,2025,2,2,,,25841
8446930,1,1,1,10,2025,2,60,3.0,,25842
8446931,1,2,1,10,2025,1,27,3.0,,25844
8446931,1,5,1,10,2025,1,12,3.0,,25847
8446932,1,5,1,10,2025,1,72,3.0,2200000.0,25854
8446933,1,3,1,10,2025,1,36,4.0,1623500.0,25857
8446937,1,4,1,10,2025,2,12,4.0,,25872
8446938,1,1,1,10,2025,1,33,5.0,1800000.0,25873
8446939,1,1,1,10,2025,2,50,8.0,1600000.0,25875
8446941,1,1,1,10,2025,2,31,8.0,1423500.0,25881
8446942,1,1,1,10,2025,1,60,3.0,600000.0,25884
8446943,1,2,1,10,2025,1,32,6.0,6000000.0,25887
8446946,1,1,1,10,2025,2,72,3.0,,25890
8446948,1,1,1,10,2025,2,65,3.0,980000.0,25896
8446955,1,1,1,10,2025,2,48,5.0,500000.0,25906
8446956,1,1,1,10,2025,1,42,5.0,1800000.0,25908
8446957,1,1,1,10,2025,2,52,3.0,400000.0,25909
8446958,1,3,1,10,2025,2,20,7.0,,25912
8446958,1,4,1,10,2025,1,16,4.0,,25913
8446960,1,3,1,10,2025,2,86,1.0,,25920
8446961,1,1,1,10,2025,2,31,8.0,800000.0,25921
8446961,1,2,1,10,2025,1,42,5.0,,25922
8446964,1,4,1,10,2025,1,11,3.0,,25933
8446969,1,1,1,10,2025,2,34,8.0,1200000.0,25942
8446969,1,2,1,10,2025,1,16,5.0,,25943
8446971,1,2,1,10,2025,2,75,3.0,,25946
8446973,1,1,1,10,2025,1,51,3.0,1500000.0,25948
8446973,1,3,1,10,2025,1,22,4.0,1500000.0,25950
8446975,1,1,1,10,2025,2,47,3.0,1300000.0,25951
8446981,1,2,1,10,2025,2,30,5.0,,25960
8446981,1,3,1,10,2025,2,8,3.0,,25961
8446981,1,5,1,10,2025,1,0,,,25963
8446983,1,1,1,10,2025,2,43,5.0,1300000.0,25965
8446984,1,1,1,10,2025,1,35,8.0,1623000.0,25968
8446984,1,2,1,10,2025,2,31,9.0,1623000.0,25969
8446985,1,2,1,10,2025,1,13,4.0,,25972
8446985,1,3,1,10,2025,2,8,3.0,,25973
8446986,1,2,1,10,2025,1,34,9.0,1423500.0,25975
8446992,1,1,1,10,2025,1,32,5.0,800000.0,25981
8446993,1,2,1,10,2025,1,57,10.0,3000000.0,25984
8446994,1,2,1,10,2025,2,23,5.0,900000.0,25986
8446994,1,3,1,10,2025,2,6,3.0,,25987
8446999,1,4,1,10,2025,1,18,4.0,,25998
8447005,1,3,1,10,2025,2,6,3.0,,26005
8447008,1,2,1,10,2025,2,70,3.0,,26009
8447010,1,2,1,10,2025,2,42,5.0,,26011
8447012,1,1,1,10,2025,1,74,3.0,,26016
8447012,1,2,1,10,2025,2,56,9.0,3500000.0,26017
8447016,1,1,1,10,2025,2,46,10.0,4000000.0,26022
8447016,1,2,1,10,2025,1,29,5.0,,26023
8447019,1,1,1,10,2025,1,60,10.0,2500000.0,26031
8447021,1,2,1,10,2025,1,20,5.0,,26035
8447024,1,3,1,10,2025,1,29,9.0,5300000.0,26038
8447024,1,4,1,10,2025,2,29,10.0,,26039
8447024,1,5,1,10,2025,1,12,4.0,,26040
8447024,1,6,1,10,2025,2,3,2.0,,26041
8447025,1,1,1,10,2025,2,24,5.0,950000.0,26042
8447027,1,3,1,10,2025,1,28,4.0,800000.0,26048
8447033,1,1,1,10,2025,1,36,3.0,1000000.0,26060
8447033,1,3,1,10,2025,2,11,4.0,,26062
8447034,1,3,1,10,2025,2,33,8.0,1400000.0,26066
8447034,1,4,1,10,2025,1,13,4.0,,26067
8447035,1,2,1,10,2025,2,47,3.0,,26069
8447037,1,1,1,10,2025,2,34,5.0,,26071
8447039,1,3,1,10,2025,2,26,10.0,,26079
8447040,1,1,1,10,2025,1,39,5.0,1440000.0,26080
8447040,1,5,1,10,2025,2,3,1.0,,26084
8447041,1,1,1,10,2025,2,73,5.0,,26085
8447042,1,3,1,10,2025,2,18,5.0,1400000.0,26090
8447042,1,4,1,10,2025,1,17,5.0,,26091
8447042,1,5,1,10,2025,1,15,4.0,300000.0,26092
8447043,1,4,1,10,2025,2,14,4.0,,26096
8447044,1,2,1,10,2025,2,34,5.0,,26098
8447047,1,3,1,10,2025,2,17,10.0,,26103
8447049,1,1,1,10,2025,1,38,9.0,5500000.0,26105
8447049,1,2,1,10,2025,2,35,8.0,,26106
8447051,1,2,1,10,2025,1,38,4.0,3800000.0,26110
8447051,1,3,1,10,2025,2,14,4.0,,26111
8447054,1,1,1,10,2025,1,47,8.0,1400000.0,26116
8447055,1,1,1,10,2025,2,29,3.0,,26119
8447055,1,3,1,10,2025,2,14,3.0,,26121
8447056,1,2,1,10,2025,2,20,5.0,,26124
8447058,1,1,1,10,2025,1,62,10.0,3800000.0,26126
8447059,1,1,1,10,2025,2,60,5.0,3000000.0,26128
8447059,1,3,1,10,2025,1,26,10.0,,26130
8447060,1,1,1,10,2025,2,63,5.0,,26131
8447060,1,3,1,10,2025,2,19,9.0,300000.0,26133
8447061,1,1,1,10,2025,1,27,8.0,1400000.0,26134
8447061,1,2,1,10,2025,2,25,9.0,,26135
8447062,1,1,1,10,2025,2,35,8.0,,26136
8447063,1,1,1,10,2025,1,72,5.0,8500000.0,26139
8447063,1,4,1,10,2025,2,25,8.0,,26142
8447065,1,2,1,10,2025,1,46,5.0,1200000.0,26145
8447067,1,2,1,10,2025,1,72,3.0,,26150
8447068,1,2,1,10,2025,1,13,4.0,,26152
8447069,1,1,1,10,2025,2,39,3.0,1950000.0,26153
8447069,1,2,1,10,2025,1,39,3.0,1500000.0,26154
8447072,1,1,1,10,2025,2,51,5.0,,26158
8447072,1,2,1,10,2025,1,62,5.0,3000000.0,26159
8447074,1,1,1,10,2025,2,34,10.0,800000.0,26160
8447074,1,3,1,10,2025,1,12,4.0,,26162
8447075,1,1,1,10,2025,2,51,3.0,840000.0,26163
8447076,1,1,1,10,2025,2,36,10.0,6000000.0,26164
8447078,1,5,1,10,2025,1,11,3.0,,26173
8447078,1,6,1,10,2025,2,8,3.0,,26174
8447080,1,1,1,10,2025,2,24,10.0,3000000.0,26177
8447084,1,2,1,10,2025,1,16,3.0,,26182
8447084,1,3,1,10,2025,1,10,3.0,,26183
8447087,1,1,1,10,2025,1,26,3.0,800000.0,26188
8447089,1,4,1,10,2025,1,23,10.0,,26195
8447093,1,2,1,10,2025,1,9,3.0,,26202
8447093,1,3,1,10,2025,2,4,1.0,,26203
8447094,1,1,1,10,2025,1,58,3.0,2800000.0,26204
8447095,1,2,1,10,2025,2,54,11.0,9500000.0,26206
8447097,1,2,1,10,2025,1,25,5.0,,26209
8447098,1,3,1,10,2025,1,8,3.0,,26213
8447100,1,1,1,10,2025,2,45,3.0,1800000.0,26216
8447100,1,3,1,10,2025,2,23,4.0,,26218
8447100,1,4,1,10,2025,2,3,1.0,,26219
8447104,1,1,1,10,2025,1,63,11.0,4500000.0,26224
8447113,1,1,1,10,2025,1,29,10.0,1600000.0,26227
8447113,1,2,1,10,2025,2,62,3.0,,26228
8447113,1,3,1,10,2025,2,8,3.0,,26229
8447116,1,1,1,10,2025,1,21,10.0,,26230
8447118,1,3,1,10,2025,2,16,5.0,,26235
8447119,1,1,1,10,2025,1,85,4.0,,26236
8447125,1,1,1,10,2025,1,46,10.0,1700000.0,26238
8447131,1,1,1,10,2025,1,67,11.0,,26241
8447131,1,2,1,10,2025,2,68,10.0,,26242
8447134,1,2,1,10,2025,1,81,3.0,,26244
8447135,1,1,1,10,2025,2,32,5.0,520000.0,26245
8447135,1,3,1,10,2025,2,5,2.0,,26247
8447137,1,1,1,10,2025,2,43,8.0,,26249
8447137,1,3,1,10,2025,1,10,3.0,,26251
8447141,1,1,1,10,2025,1,63,13.0,6000000.0,26252
8447141,1,2,1,10,2025,2,45,8.0,,26253
8447141,1,3,1,10,2025,1,20,10.0,,26254
8447145,1,1,1,10,2025,1,62,3.0,1200000.0,26255
8447147,1,3,1,10,2025,1,15,5.0,,26261
8447154,1,1,1,10,2025,2,25,10.0,,26267
8447157,1,1,1,10,2025,1,55,3.0,440000.0,26271
8447157,1,2,1,10,2025,1,34,5.0,1423000.0,26272
8447160,1,1,1,10,2025,1,41,4.0,1200000.0,26275
8447165,1,1,1,10,2025,1,58,4.0,1000000.0,26277
8447171,1,1,1,10,2025,1,56,4.0,250000.0,26285
8447173,1,1,1,10,2025,1,78,5.0,,26288
8447173,1,2,1,10,2025,2,78,4.0,,26289
8447173,1,4,1,10,2025,2,48,8.0,500000.0,26291
8447174,1,3,1,10,2025,1,6,3.0,,26294
8447178,1,2,1,10,2025,2,60,4.0,,26298
8447179,1,1,1,10,2025,1,82,3.0,1500000.0,26301
8447186,1,1,1,10,2025,2,55,3.0,,26316
8447187,1,4,1,10,2025,2,11,3.0,,26320
8447187,1,5,1,10,2025,1,9,3.0,,26321
8447191,1,1,1,10,2025,1,16,5.0,,26328
8447192,1,1,1,10,2025,1,19,10.0,,26329
8447198,1,2,1,10,2025,1,28,5.0,1200000.0,26335
8447199,1,1,1,10,2025,2,72,4.0,,26338
8447205,1,2,1,10,2025,1,65,6.0,,26356
8447206,1,1,1,10,2025,2,59,6.0,600000.0,26357
8447207,1,1,1,10,2025,2,68,5.0,,26361
8447208,1,2,1,10,2025,2,43,10.0,2000000.0,26364
8447208,1,3,1,10,2025,2,17,5.0,,26365
8447209,1,2,1,10,2025,2,5,3.0,,26369
8447211,1,2,1,10,2025,1,31,5.0,1623500.0,26372
8447215,1,1,1,10,2025,2,51,4.0,,26381
8447215,1,2,1,10,2025,1,63,5.0,1800000.0,26382
8447216,1,2,1,10,2025,2,62,3.0,,26386
8447217,1,1,1,10,2025,2,67,4.0,,26387
8447217,1,2,1,10,2025,2,3,1.0,,26388
8447218,1,3,1,10,2025,2,17,5.0,,26391
8447220,1,3,1,10,2025,2,4,2.0,,26399
8447222,1,2,1,10,2025,1,42,8.0,1423500.0,26402
8447223,1,2,1,10,2025,1,33,3.0,1500000.0,26404
8447223,1,3,1,10,2025,1,25,8.0,1423500.0,26405
8447224,1,2,1,10,2025,2,25,8.0,1100000.0,26407
8447225,1,2,1,10,2025,2,54,10.0,2400000.0,26409
8447229,1,1,1,10,2025,2,60,5.0,,26414
8447229,1,2,1,10,2025,1,38,10.0,4000000.0,26415
8447231,1,3,1,10,2025,1,4,1.0,,26422
8447232,1,2,1,10,2025,1,74,3.0,1800000.0,26425
8447235,1,2,1,10,2025,1,65,4.0,720000.0,26430
8447235,1,3,1,10,2025,1,36,8.0,360000.0,26431
8447236,1,5,1,10,2025,2,10,4.0,,26439
8447236,1,6,1,10,2025,2,4,2.0,,26440
8447236,2,1,2,10,2025,2,55,3.0,240000.0,26441
8447236,2,3,2,10,2025,2,19,5.0,,26443
8447237,1,3,1,10,2025,2,10,3.0,,26447
8447237,1,6,1,10,2025,1,8,3.0,,26450
8447239,1,1,1,10,2025,2,58,4.0,,26453
8447241,1,2,1,10,2025,2,20,9.0,500000.0,26457
8447242,1,2,1,10,2025,2,49,5.0,,26460
8447242,1,3,1,10,2025,2,23,10.0,,26461
8447242,1,4,1,10,2025,1,19,10.0,,26462
8447242,1,5,1,10,2025,1,16,5.0,,26463
8447243,1,2,1,10,2025,2,46,10.0,5200000.0,26465
8447248,1,2,1,10,2025,2,13,4.0,,26471
8447248,1,4,1,10,2025,2,8,3.0,,26473
8447250,1,1,1,10,2025,2,47,5.0,,26478
8447252,1,1,1,10,2025,1,41,5.0,900000.0,26484
8447252,1,3,1,10,2025,1,21,9.0,,26486
8447253,1,1,1,10,2025,2,51,5.0,450000.0,26489
8447253,1,2,1,10,2025,1,56,4.0,500000.0,26490
8447254,1,1,1,10,2025,1,32,8.0,2500000.0,26491
8447254,1,4,1,10,2025,2,3,2.0,,26494
8447255,1,1,1,10,2025,2,39,11.0,3900000.0,26495
8447255,1,2,1,10,2025,2,12,4.0,,26496
8447255,1,4,1,10,2025,2,6,2.0,,26498
8447255,1,5,1,10,2025,2,78,10.0,,26499
8447256,1,1,1,10,2025,1,35,5.0,2500000.0,26500
8447256,1,4,1,10,2025,2,10,4.0,,26503
8447257,1,2,1,10,2025,2,66,1.0,250000.0,26505
8447257,1,4,1,10,2025,1,13,3.0,,26507
8447257,1,6,1,10,2025,1,88,1.0,,26509
8447258,1,7,1,10,2025,1,1,,,26516
8447260,1,1,1,10,2025,2,43,8.0,,26519
8447260,1,2,1,10,2025,1,17,3.0,,26520
8447263,1,3,1,10,2025,2,22,10.0,,26528
8447264,1,2,1,10,2025,2,55,4.0,1400000.0,26532
8447265,1,4,1,10,2025,2,8,3.0,,26537
8447268,1,3,1,10,2025,1,24,10.0,640000.0,26544
8447269,1,1,1,10,2025,1,35,9.0,3000000.0,26545
8447269,1,2,1,10,2025,2,28,5.0,1000000.0,26546
8447269,1,3,1,10,2025,1,5,2.0,,26547
8447270,1,1,1,10,2025,2,54,10.0,,26548
8447270,1,2,1,10,2025,2,30,10.0,,26549
8447273,1,1,1,10,2025,1,34,11.0,5000000.0,26557
8447273,1,2,1,10,2025,2,28,10.0,,26558
8447274,1,2,1,10,2025,2,22,5.0,100000.0,26561
8447276,1,1,1,10,2025,2,58,6.0,,26566
8447279,1,4,1,10,2025,2,34,8.0,1700000.0,26576
8447279,1,6,1,10,2025,2,8,3.0,,26578
8447283,1,4,1,10,2025,2,24,5.0,1500000.0,26590
8447283,1,5,1,10,2025,2,3,2.0,,26591
8447284,1,2,1,10,2025,2,7,3.0,,26593
8447285,1,2,1,10,2025,2,37,5.0,160000.0,26596
8447285,1,3,1,10,2025,1,15,4.0,,26597
8447287,1,2,1,10,2025,1,16,5.0,,26600
8447287,1,3,1,10,2025,1,13,4.0,,26601
8447288,1,1,1,10,2025,2,35,8.0,1623500.0,26603
8447289,1,2,1,10,2025,1,62,3.0,700000.0,26607
8447289,1,5,1,10,2025,1,6,3.0,,26610
8447291,1,1,1,10,2025,1,66,3.0,,26611
8447292,1,2,1,10,2025,2,36,4.0,1500000.0,26613
8447292,1,5,1,10,2025,1,10,1.0,,26616
8447293,1,1,1,10,2025,1,68,5.0,1600000.0,26619
8447294,1,2,1,10,2025,2,42,5.0,1000000.0,26622
8447294,1,6,1,10,2025,1,44,3.0,2000000.0,26626
8447297,1,2,1,10,2025,2,55,10.0,,26633
8447297,1,3,1,10,2025,1,28,8.0,1423000.0,26634
8447298,1,4,1,10,2025,1,5,2.0,,26639
8447299,1,4,1,10,2025,1,12,4.0,,26643
8447301,1,2,1,10,2025,1,8,3.0,,26649
8447303,1,3,1,10,2025,2,45,5.0,,26652
8447304,1,3,1,10,2025,2,40,6.0,1200000.0,26656
8447309,1,1,1,10,2025,1,46,8.0,4900000.0,26665
8447309,1,2,1,10,2025,2,43,6.0,,26666
8447312,1,5,1,10,2025,1,7,2.0,,26674
8447314,1,5,1,10,2025,1,7,3.0,,26680
8447314,1,6,1,10,2025,2,31,5.0,600000.0,26681
8447315,1,1,1,10,2025,1,67,3.0,1800000.0,26682
8447320,1,3,1,10,2025,2,44,8.0,,26691
8447321,1,2,1,10,2025,1,19,10.0,,26694
8447321,1,3,1,10,2025,2,15,4.0,,26695
8447321,1,4,1,10,2025,1,11,3.0,,26696
8447324,1,1,1,10,2025,1,55,10.0,5000000.0,26699
8447324,1,2,1,10,2025,2,56,9.0,,26700
8447325,1,3,1,10,2025,1,12,3.0,,26704
8447327,1,1,1,10,2025,2,44,10.0,1423500.0,26713
8447327,1,4,1,10,2025,1,7,3.0,,26716
8447328,1,1,1,10,2025,2,46,6.0,,26718
8447331,1,1,1,10,2025,1,37,8.0,,26724
8447331,1,3,1,10,2025,2,6,2.0,,26726
8447333,1,2,1,10,2025,2,28,11.0,3000000.0,26729
8447334,1,1,1,10,2025,2,30,11.0,2847000.0,26730
8447337,1,1,1,10,2025,2,55,10.0,2500000.0,26732
8447339,1,2,1,10,2025,2,60,5.0,,26735
8447340,1,2,1,10,2025,2,24,5.0,2500000.0,26738
8447340,1,3,1,10,2025,2,51,4.0,1800000.0,26739
8447341,1,1,1,10,2025,1,53,5.0,1700000.0,26740
8447343,1,1,1,10,2025,2,25,4.0,720000.0,26742
8447343,1,2,1,10,2025,1,10,3.0,,26743
8447344,1,3,1,10,2025,2,11,4.0,,26747
8447346,1,1,1,10,2025,1,26,10.0,,26750
8447348,1,4,1,10,2025,2,11,4.0,,26756
8447357,1,5,1,10,2025,2,10,3.0,,26773
8447358,1,5,1,10,2025,1,8,3.0,,26779
8447360,1,2,1,10,2025,2,21,8.0,1423500.0,26783
8447362,1,1,1,10,2025,1,41,4.0,1423500.0,26789
8447363,1,1,1,10,2025,1,79,5.0,,26792
8447365,1,1,1,10,2025,1,27,5.0,1000000.0,26795
8447372,1,3,1,10,2025,1,24,4.0,400000.0,26811
8447372,1,4,1,10,2025,1,15,4.0,,26812
8447377,1,1,1,10,2025,2,36,10.0,2000000.0,26829
8447377,1,3,1,10,2025,2,22,8.0,,26831
8447377,1,4,1,10,2025,2,11,3.0,,26832
8447379,1,1,1,10,2025,2,39,5.0,,26835
8447379,1,3,1,10,2025,1,16,4.0,,26837
8447379,1,4,1,10,2025,1,10,3.0,,26838
8447380,1,3,1,10,2025,2,19,10.0,,26841
8447380,1,4,1,10,2025,2,8,3.0,,26842
8447380,1,5,1,10,2025,2,59,3.0,1200000.0,26843
8447383,1,2,1,10,2025,2,63,5.0,,26849
8447386,1,1,1,10,2025,2,49,5.0,1423500.0,26861
8447388,1,2,1,10,2025,2,32,5.0,,26864
8447389,1,2,1,10,2025,2,62,5.0,1423500.0,26867
8447392,1,1,1,10,2025,1,56,5.0,700000.0,26876
8447392,1,4,1,10,2025,1,2,,,26879
8447392,1,5,1,10,2025,1,22,5.0,1000000.0,26880
8447393,1,3,1,10,2025,2,13,4.0,,26884
8447393,1,5,1,10,2025,1,10,3.0,,26886
8447396,1,2,1,10,2025,1,5,3.0,,26891
8447399,1,3,1,10,2025,2,88,1.0,,26905
8447400,1,2,1,10,2025,2,64,3.0,690000.0,26907
8447407,1,2,1,10,2025,2,25,10.0,,26924
8447409,1,1,1,10,2025,1,27,9.0,1423500.0,26925
8447410,1,1,1,10,2025,2,31,5.0,1423500.0,26927
8447417,1,1,1,10,2025,2,35,5.0,800000.0,26939
8447418,1,2,1,10,2025,2,25,4.0,,26942
8447418,1,3,1,10,2025,2,9,3.0,,26943
8447419,1,3,1,10,2025,2,21,5.0,1800000.0,26948
8447419,1,4,1,10,2025,1,20,5.0,1423500.0,26949
8447422,1,1,1,10,2025,1,29,8.0,1500000.0,26951
8447424,1,2,1,10,2025,2,7,3.0,,26954
8447426,1,1,1,10,2025,1,29,10.0,1700000.0,26958
8447426,1,2,1,10,2025,2,36,9.0,1423500.0,26959
8447426,1,3,1,10,2025,1,4,1.0,,26960
8447427,1,1,1,10,2025,1,42,5.0,1700000.0,26961
8447427,1,2,1,10,2025,2,39,3.0,120000.0,26962
8447435,1,2,1,10,2025,2,65,3.0,,26977
8447436,1,3,1,10,2025,1,40,10.0,2400000.0,26980
8447437,1,2,1,10,2025,2,33,10.0,1600000.0,26982
8447439,1,2,1,10,2025,2,47,10.0,0.0,26988
8447442,1,1,1,10,2025,1,53,4.0,2183500.0,26995
8447442,1,2,1,10,2025,2,16,4.0,,26996
8447445,1,2,1,10,2025,1,14,4.0,,27000
8447446,1,1,1,10,2025,2,24,10.0,4000000.0,27002
8447452,1,2,1,10,2025,2,51,3.0,,27014
8447452,1,3,1,10,2025,1,21,9.0,,27015
8447452,1,5,1,10,2025,2,15,5.0,,27017
8447452,1,6,1,10,2025,2,27,8.0,800000.0,27018
8447453,1,4,1,10,2025,2,0,,,27023
8447458,1,1,1,10,2025,2,71,10.0,,27029
8447462,1,3,1,10,2025,1,18,10.0,,27034
8447462,1,7,1,10,2025,2,60,4.0,,27038
8447463,1,1,1,10,2025,2,40,10.0,,27039
8447463,1,3,1,10,2025,1,7,3.0,,27041
8447464,1,4,1,10,2025,1,17,4.0,,27046
8447466,1,1,1,10,2025,1,39,10.0,4800000.0,27048
8447466,1,2,1,10,2025,2,48,10.0,5000000.0,27049
8447466,1,5,1,10,2025,2,19,5.0,1350000.0,27052
8447468,1,1,1,10,2025,2,54,8.0,,27053
8447468,1,2,1,10,2025,2,28,8.0,,27054
8447468,1,3,1,10,2025,2,9,3.0,,27055
8447468,1,4,1,10,2025,2,20,10.0,,27056
8447470,1,1,1,10,2025,1,27,5.0,1423500.0,27064
8447470,1,2,1,10,2025,2,23,5.0,,27065
8447471,1,1,1,10,2025,1,45,9.0,3600000.0,27069
8447471,1,4,1,10,2025,1,9,3.0,,27072
8447472,1,1,1,10,2025,2,49,11.0,4500000.0,27073
8447475,1,2,1,10,2025,2,12,4.0,,27077
8447476,1,2,1,10,2025,1,30,8.0,1423500.0,27079
8447477,1,2,1,10,2025,2,29,8.0,,27083
8447478,1,3,1,10,2025,1,25,10.0,1800000.0,27089
8447479,1,2,1,10,2025,1,40,5.0,500000.0,27093
8447479,1,5,1,10,2025,1,3,1.0,,27096
8447479,1,6,1,10,2025,2,2,,,27097
8447480,1,2,1,10,2025,1,13,4.0,,27099
8447481,1,1,1,10,2025,2,40,3.0,200000.0,27101
8447482,1,3,1,10,2025,2,12,4.0,,27105
8447483,1,4,1,10,2025,1,1,,,27111
8447489,1,1,1,10,2025,2,41,4.0,500000.0,27122
8447489,1,3,1,10,2025,2,25,5.0,,27124
8447493,1,2,1,10,2025,2,29,10.0,,27129
8447497,1,1,1,10,2025,2,40,10.0,,27131
8447497,1,2,1,10,2025,1,15,5.0,,27132
8447499,1,1,1,10,2025,1,40,10.0,,27134
8447500,1,1,1,10,2025,2,30,10.0,1100000.0,27136
8447502,1,1,1,10,2025,2,39,8.0,,27139
8447503,1,3,1,10,2025,1,53,10.0,,27142
8447504,1,1,1,10,2025,2,53,11.0,3000000.0,27143
8447504,1,2,1,10,2025,2,27,10.0,,27144
8447505,1,1,1,10,2025,2,41,10.0,,27146
8447507,1,2,1,10,2025,2,34,10.0,2670000.0,27148
8447507,1,3,1,10,2025,2,19,10.0,,27149
8447510,1,4,1,10,2025,1,8,3.0,,27154
8447511,1,1,1,10,2025,2,29,10.0,,27156
8447518,1,3,1,10,2025,2,31,10.0,3750000.0,27162
8447519,1,2,1,10,2025,2,58,4.0,1700000.0,27164
8447520,1,2,1,10,2025,1,28,5.0,,27167
8447522,1,3,1,10,2025,1,59,5.0,800000.0,27172
8447528,1,1,1,10,2025,1,42,5.0,1423500.0,27174
8447528,1,2,1,10,2025,2,41,5.0,1423500.0,27175
8447530,1,1,1,10,2025,1,42,5.0,1423500.0,27177
8447530,1,2,1,10,2025,2,41,5.0,,27178
8447530,1,4,1,10,2025,2,25,5.0,1423500.0,27180
8447532,1,1,1,10,2025,1,43,5.0,1623500.0,27185
8447534,1,1,1,10,2025,2,65,4.0,,27190
8447534,1,2,1,10,2025,2,25,5.0,1300000.0,27191
8447542,1,1,1,10,2025,2,45,5.0,1423500.0,27200
8447543,1,4,1,10,2025,1,13,4.0,,27204
8447546,1,1,1,10,2025,2,42,10.0,5000000.0,27208
8447546,1,2,1,10,2025,1,42,11.0,5000000.0,27209
8447551,1,1,1,10,2025,2,62,5.0,,27217
8447551,1,4,1,10,2025,1,78,3.0,,27220
8447555,1,1,1,10,2025,2,73,3.0,,27230
8447555,1,2,1,10,2025,2,48,4.0,700000.0,27231
8447556,1,3,1,10,2025,1,19,10.0,,27235
8447556,1,5,1,10,2025,2,5,2.0,,27237
8447560,1,1,1,10,2025,2,46,10.0,5000000.0,27238
8447560,1,3,1,10,2025,2,14,4.0,,27240
8447560,1,4,1,10,2025,2,12,4.0,,27241
8447560,1,5,1,10,2025,1,9,3.0,,27242
8447562,1,3,1,10,2025,1,24,5.0,1200000.0,27245
8447564,1,1,1,10,2025,2,51,5.0,1500000.0,27246
8447564,1,3,1,10,2025,2,30,10.0,1640000.0,27248
8447569,1,1,1,10,2025,2,32,5.0,1423500.0,27256
8447569,1,2,1,10,2025,1,29,5.0,1423500.0,27257
8447569,1,4,1,10,2025,2,12,4.0,,27259
8447578,1,1,1,10,2025,2,60,4.0,400000.0,27269
8447578,1,3,1,10,2025,2,23,4.0,800000.0,27271
8447578,1,4,1,10,2025,1,3,1.0,,27272
8447580,1,1,1,10,2025,1,55,3.0,1000000.0,27275
8447583,1,1,1,10,2025,1,63,6.0,,27277
8447589,1,1,1,10,2025,2,37,5.0,,27289
8447589,1,2,1,10,2025,1,39,5.0,1600000.0,27290
8447595,1,2,1,10,2025,1,63,1.0,,27296
8447596,1,3,1,10,2025,2,78,3.0,,27301
8447598,1,1,1,10,2025,1,62,11.0,6000000.0,27302
8447600,1,2,1,10,2025,2,76,3.0,,27310
8447601,1,2,1,10,2025,1,33,3.0,1200000.0,27314
8447605,1,2,1,10,2025,2,14,4.0,,27326
8447607,1,1,1,10,2025,2,47,5.0,1423500.0,27327
8447607,1,2,1,10,2025,1,11,4.0,,27328
8447611,1,4,1,10,2025,2,13,4.0,,27339
8447614,1,1,1,10,2025,2,60,8.0,,27340
8447614,1,2,1,10,2025,1,65,5.0,,27341
8447617,1,1,1,10,2025,2,32,10.0,,27343
8447617,1,2,1,10,2025,2,7,3.0,,27344
8447619,1,2,1,10,2025,2,40,10.0,3518600.0,27350
8447619,1,3,1,10,2025,1,10,3.0,,27351
8447620,1,1,1,10,2025,1,57,5.0,1200000.0,27352
8447620,1,2,1,10,2025,2,41,5.0,1200000.0,27353
8447621,1,4,1,10,2025,2,3,1.0,,27359
8447624,1,3,1,10,2025,1,20,5.0,1000000.0,27364
8447627,1,1,1,10,2025,1,32,5.0,1700000.0,27368
8447627,1,2,1,10,2025,2,40,8.0,1800000.0,27369
8447627,1,4,1,10,2025,2,17,5.0,,27371
8447627,1,5,1,10,2025,1,2,,,27372
8447629,1,2,1,10,2025,1,54,1.0,100000.0,27374
8447629,1,3,1,10,2025,1,29,10.0,3500000.0,27375
8447631,1,3,1,10,2025,1,21,4.0,900000.0,27383
8447634,1,1,1,10,2025,1,52,3.0,1800000.0,27391
8447634,1,3,1,10,2025,2,21,4.0,,27393
8447635,1,1,1,10,2025,2,72,3.0,,27394
8447636,1,2,1,10,2025,2,4,1.0,,27398
8447637,1,1,1,10,2025,1,61,3.0,600000.0,27399
8447637,1,2,1,10,2025,2,55,3.0,,27400
8447637,1,4,1,10,2025,1,24,3.0,,27402
8447638,1,1,1,10,2025,2,44,5.0,200000.0,27403
8447639,1,3,1,10,2025,2,19,8.0,,27408
8447639,1,4,1,10,2025,2,15,5.0,,27409
8447640,1,1,1,10,2025,2,64,5.0,,27410
8447642,1,2,1,10,2025,2,39,4.0,,27417
8447642,1,6,1,10,2025,2,10,3.0,,27421
8447643,1,3,1,10,2025,2,27,10.0,2400000.0,27424
8447643,1,8,1,10,2025,2,92,3.0,,27429
8447643,1,9,1,10,2025,1,6,2.0,,27430
8447647,1,2,1,10,2025,2,43,1.0,,27433
8447649,1,1,1,10,2025,2,44,13.0,9000000.0,27439
8447650,1,1,1,10,2025,2,58,12.0,6700000.0,27441
8447653,1,3,1,10,2025,2,5,1.0,,27447
8447655,1,2,1,10,2025,2,12,4.0,,27452
8447657,1,1,1,10,2025,2,21,10.0,1600000.0,27457
8447660,1,1,1,10,2025,1,43,9.0,600000.0,27463
8447660,1,2,1,10,2025,1,16,5.0,,27464
8447662,1,3,1,10,2025,2,3,1.0,,27469
8447667,1,1,1,10,2025,2,56,4.0,4000000.0,27475
8447679,1,3,1,10,2025,2,9,3.0,,27494
8447679,1,5,1,10,2025,1,5,2.0,,27496
8447680,1,2,1,10,2025,2,33,3.0,850000.0,27498
8447682,1,2,1,10,2025,1,3,2.0,,27501
8447684,1,1,1,10,2025,2,64,8.0,2200000.0,27504
8447684,1,3,1,10,2025,1,4,2.0,,27506
8447686,1,3,1,10,2025,1,26,8.0,750000.0,27510
8447689,1,1,1,10,2025,1,38,5.0,1000000.0,27512
8447696,1,2,1,10,2025,1,16,5.0,,27521
8447698,1,1,1,10,2025,2,52,10.0,,27526
8447704,1,3,1,10,2025,2,6,2.0,,27540
8447711,1,1,1,10,2025,2,26,4.0,800000.0,27553
8447712,1,1,1,10,2025,2,35,4.0,1000000.0,27556
8447712,1,2,1,10,2025,2,13,4.0,,27557
8447714,1,3,1,10,2025,2,20,10.0,,27561
8447716,1,1,1,10,2025,1,28,5.0,1450000.0,27562
8447716,1,2,1,10,2025,2,31,5.0,900000.0,27563
8447717,1,2,1,10,2025,1,45,3.0,600000.0,27567
8447717,1,5,1,10,2025,1,4,1.0,,27570
8447721,1,1,1,10,2025,1,53,3.0,2000000.0,27575
8447723,1,1,1,10,2025,1,49,5.0,500000.0,27577
8447724,1,1,1,10,2025,1,24,5.0,2400000.0,27578
8447725,1,1,1,10,2025,1,74,1.0,,27581
8447725,1,4,1,10,2025,1,16,4.0,,27584
8447725,1,5,1,10,2025,1,7,3.0,,27585
8447726,1,2,1,10,2025,1,18,5.0,,27588
8447727,1,2,1,10,2025,1,25,5.0,1000000.0,27591
8447730,1,2,1,10,2025,1,59,11.0,,27593
8447730,1,4,1,10,2025,2,21,1.0,,27595
8447731,1,2,1,10,2025,2,24,10.0,,27597
8447731,1,3,1,10,2025,2,21,10.0,,27598
8447731,1,5,1,10,2025,2,5,2.0,,27600
8447732,1,1,1,10,2025,2,47,10.0,700000.0,27601
8447740,1,1,1,10,2025,1,29,10.0,1500000.0,27606
8447746,1,1,1,10,2025,2,59,8.0,3500000.0,27609
8447747,1,1,1,10,2025,1,78,5.0,,27610
8447749,1,2,1,10,2025,1,78,10.0,,27612
8447752,1,2,1,10,2025,2,54,8.0,,27614
8447753,1,2,1,10,2025,1,23,3.0,1000000.0,27617
8447753,1,3,1,10,2025,2,13,3.0,,27618
8447753,1,4,1,10,2025,1,3,1.0,,27619
8447754,1,2,1,10,2025,2,55,5.0,,27621
8447756,1,2,1,10,2025,2,35,9.0,,27625
8447756,1,4,1,10,2025,1,7,3.0,,27627
8447760,1,4,1,10,2025,1,16,4.0,,27638
8447760,1,6,1,10,2025,2,25,5.0,,27640
8447766,1,3,1,10,2025,1,27,4.0,,27646
8447767,1,2,1,10,2025,1,68,3.0,1000000.0,27650
8447767,1,5,1,10,2025,1,48,5.0,600000.0,27653
8447770,1,1,1,10,2025,1,39,10.0,1423500.0,27663
8447772,1,1,1,10,2025,2,66,1.0,,27667
8447772,1,2,1,10,2025,2,70,1.0,,27668
8447773,1,1,1,10,2025,2,32,5.0,900000.0,27670
8447777,1,2,1,10,2025,2,39,5.0,,27677
8447777,1,3,1,10,2025,1,20,8.0,,27678
8447778,1,1,1,10,2025,1,34,10.0,600000.0,27681
8447778,1,2,1,10,2025,2,27,5.0,500000.0,27682
8447778,1,3,1,10,2025,2,5,3.0,,27683
8447782,1,1,1,10,2025,1,22,5.0,2000000.0,27686
8447784,1,1,1,10,2025,1,64,3.0,,27688
8447784,1,3,1,10,2025,1,25,3.0,,27690
8447785,1,1,1,10,2025,2,36,3.0,800000.0,27691
8447785,1,3,1,10,2025,1,10,3.0,,27693
8447787,1,1,1,10,2025,2,87,3.0,,27697
8447792,1,2,1,10,2025,2,32,10.0,4200000.0,27703
8447793,1,5,1,10,2025,2,0,,,27709
8447793,1,9,1,10,2025,2,65,3.0,,27713
8447796,1,1,1,10,2025,2,57,11.0,6700000.0,27720
8447797,1,1,1,10,2025,2,67,1.0,,27723
8447798,1,4,1,10,2025,1,0,,,27730
8447800,1,2,1,10,2025,2,44,6.0,,27733
8447801,1,3,1,10,2025,1,14,4.0,,27741
8447801,1,5,1,10,2025,2,8,3.0,,27743
8447802,1,2,1,10,2025,2,64,4.0,,27745
8447803,1,2,1,10,2025,2,37,10.0,1423500.0,27749
8447803,1,4,1,10,2025,1,2,,,27751
8447803,1,5,1,10,2025,1,0,,,27752
8447805,1,1,1,10,2025,1,27,8.0,1623500.0,27756
8447805,1,3,1,10,2025,2,8,3.0,,27758
8447806,1,3,1,10,2025,1,12,4.0,,27761
8447806,1,4,1,10,2025,2,13,4.0,,27762
8447809,1,2,1,10,2025,2,41,10.0,2000000.0,27767
8447811,1,1,1,10,2025,2,69,4.0,,27777
8447813,1,1,1,10,2025,1,52,10.0,2847000.0,27781
8447813,1,2,1,10,2025,2,45,8.0,,27782
8447813,1,4,1,10,2025,2,8,3.0,,27784
8447814,1,1,1,10,2025,2,44,8.0,2000000.0,27785
8447814,1,3,1,10,2025,2,72,5.0,,27787
8447815,1,1,1,10,2025,2,47,10.0,500000.0,27788
8447815,1,2,1,10,2025,1,17,5.0,,27789
8447815,1,3,1,10,2025,1,14,4.0,,27790
8447816,1,1,1,10,2025,2,66,8.0,,27791
8447818,1,1,1,10,2025,1,50,11.0,4500000.0,27796
8447820,1,4,1,10,2025,2,28,10.0,,27806
8447820,1,5,1,10,2025,1,5,2.0,,27807
8447821,1,2,1,10,2025,1,42,3.0,1400000.0,27809
8447823,1,2,1,10,2025,2,83,5.0,,27816
8447824,1,1,1,10,2025,2,62,10.0,,27818
8447824,1,2,1,10,2025,2,23,10.0,1500000.0,27819
8447828,1,1,1,10,2025,1,87,9.0,,27827
8447830,1,1,1,10,2025,1,48,5.0,1000000.0,27831
8447831,1,1,1,10,2025,2,38,10.0,2800000.0,27833
8447832,1,2,1,10,2025,2,33,9.0,2000000.0,27836
8447832,1,3,1,10,2025,1,11,3.0,,27837
8447832,1,4,1,10,2025,1,9,3.0,,27838
8447834,1,1,1,10,2025,2,42,9.0,1423500.0,27839
8447835,1,1,1,10,2025,2,30,10.0,2847000.0,27841
8447836,1,1,1,10,2025,2,40,10.0,3800000.0,27843
8447838,1,3,1,10,2025,2,32,10.0,4200000.0,27847
8447839,1,1,1,10,2025,1,76,10.0,,27849
8447840,1,3,1,10,2025,1,38,10.0,3000000.0,27853
8447840,1,5,1,10,2025,1,2,,,27855
8447842,1,1,1,10,2025,1,37,5.0,1600000.0,27861
8447842,1,2,1,10,2025,2,35,5.0,,27862
8447843,1,2,1,10,2025,1,30,10.0,2670140.0,27866
8447843,1,3,1,10,2025,2,12,4.0,,27867
8447843,1,4,1,10,2025,1,4,2.0,,27868
8447846,1,1,1,10,2025,1,33,5.0,1423500.0,27874
8447850,1,1,1,10,2025,2,37,10.0,3000000.0,27882
8447854,1,6,1,10,2025,2,55,10.0,,27890
8447854,1,7,1,10,2025,2,27,10.0,,27891
8447856,1,1,1,10,2025,2,51,3.0,,27897
8447856,1,2,1,10,2025,1,57,4.0,1200000.0,27898
8447861,1,1,1,10,2025,2,61,10.0,,27904
8447866,1,3,1,10,2025,1,27,10.0,9200000.0,27907
8447869,1,4,1,10,2025,1,52,10.0,,27911
8447875,1,1,1,10,2025,2,38,9.0,1423500.0,27921
8447875,1,2,1,10,2025,1,16,5.0,,27922
8447876,1,1,1,10,2025,1,37,9.0,3000000.0,27923
8447876,1,3,1,10,2025,2,5,2.0,,27925
8447880,1,1,1,10,2025,2,22,10.0,,27929
8447882,1,1,1,10,2025,2,50,4.0,,27931
8447884,1,2,1,10,2025,2,46,11.0,3000000.0,27938
8447884,1,3,1,10,2025,1,11,4.0,,27939
8447886,1,4,1,10,2025,2,36,10.0,1423500.0,27950
8447887,1,1,1,10,2025,2,30,5.0,1800000.0,27952
8447887,1,2,1,10,2025,1,7,3.0,,27953
8447889,1,1,1,10,2025,1,29,11.0,4000000.0,27957
8447889,1,3,1,10,2025,2,1,,,27959
8447889,1,4,1,10,2025,2,54,5.0,1423500.0,27960
8447891,1,1,1,10,2025,2,54,4.0,2080000.0,27965
8447891,1,3,1,10,2025,1,19,5.0,1600000.0,27967
8447892,1,1,1,10,2025,2,53,3.0,30000.0,27968
8447896,1,1,1,10,2025,1,43,10.0,3000000.0,27971
8447896,1,2,1,10,2025,2,40,12.0,,27972
8447896,1,3,1,10,2025,2,9,3.0,,27973
8447897,1,2,1,10,2025,2,60,5.0,450000.0,27976
8447898,1,2,1,10,2025,2,41,5.0,350000.0,27979
8447899,1,2,1,10,2025,2,35,9.0,,27983
8447900,1,1,1,10,2025,1,24,5.0,1650000.0,27986
8447901,1,2,1,10,2025,2,30,3.0,500000.0,27989
8447902,1,1,1,10,2025,2,63,10.0,,27992
8447902,1,3,1,10,2025,1,27,10.0,,27994
8447905,1,4,1,10,2025,2,48,3.0,1423500.0,27998
8447908,1,2,1,10,2025,2,19,4.0,1200000.0,28002
8447910,1,1,1,10,2025,2,40,5.0,1423500.0,28006
8447911,1,1,1,10,2025,1,40,8.0,,28010
8447912,1,4,1,10,2025,2,13,4.0,,28019
8447912,1,5,1,10,2025,1,3,2.0,,28020
8447913,1,1,1,10,2025,2,39,5.0,1423500.0,28021
8447914,1,1,1,10,2025,2,35,1.0,1500000.0,28026
8447914,1,4,1,10,2025,1,9,3.0,,28029
8447915,1,4,1,10,2025,2,10,3.0,,28035
8447917,1,2,1,10,2025,2,66,5.0,,28040
8447917,1,3,1,10,2025,2,30,5.0,,28041
8447917,2,1,2,10,2025,2,22,4.0,1820000.0,28042
8447920,1,3,1,10,2025,1,33,4.0,1200000.0,28051
8447921,1,1,1,10,2025,2,38,5.0,1500000.0,28052
8447923,1,2,1,10,2025,2,23,5.0,,28056
8447925,1,2,1,10,2025,2,6,3.0,,28062
8447932,1,3,1,10,2025,1,4,1.0,,28077
8447934,1,3,1,10,2025,2,13,4.0,,28081
8447935,1,3,1,10,2025,1,5,1.0,,28084
8447937,1,2,1,10,2025,2,1,,,28092
8447938,1,2,1,10,2025,1,6,3.0,,28094
8447941,1,2,1,10,2025,2,8,3.0,,28098
8447943,1,2,1,10,2025,1,37,8.0,1423500.0,28102
8447944,1,3,1,10,2025,2,12,3.0,,28105
8447944,1,4,1,10,2025,1,4,2.0,,28106
8447944,1,5,1,10,2025,1,4,2.0,,28107
8447946,1,1,1,10,2025,2,35,3.0,390000.0,28109
8447946,1,2,1,10,2025,1,42,3.0,1423500.0,28110
8447946,1,3,1,10,2025,2,17,5.0,,28111
8447946,1,4,1,10,2025,2,15,4.0,,28112
8447946,1,5,1,10,2025,1,10,3.0,,28113
8447947,1,1,1,10,2025,2,39,4.0,,28114
8447951,1,4,1,10,2025,2,26,9.0,1423500.0,28125
8447953,1,3,1,10,2025,1,7,3.0,,28133
8447953,1,4,1,10,2025,2,0,,,28134
8447954,1,2,1,10,2025,2,32,5.0,,28136
8447954,1,3,1,10,2025,2,11,4.0,,28137
8447955,1,2,1,10,2025,1,11,3.0,,28140
8447960,1,1,1,10,2025,2,63,3.0,600000.0,28145
8447960,1,2,1,10,2025,1,32,5.0,,28146
8447960,1,4,1,10,2025,1,7,3.0,,28148
8447960,1,5,1,10,2025,1,4,2.0,,28149
8447961,1,2,1,10,2025,1,30,5.0,1800000.0,28151
8447961,1,4,1,10,2025,1,4,2.0,,28153
8447963,1,1,1,10,2025,2,33,11.0,2600000.0,28154
8447963,1,2,1,10,2025,1,12,4.0,,28155
8447963,1,3,1,10,2025,1,6,2.0,,28156
8447965,1,1,1,10,2025,1,35,5.0,1500000.0,28160
8447965,1,2,1,10,2025,2,26,5.0,1200000.0,28161
8447965,1,3,1,10,2025,1,16,4.0,,28162
8447965,1,4,1,10,2025,1,12,3.0,,28163
8447966,1,3,1,10,2025,2,18,5.0,3000000.0,28166
8447966,1,4,1,10,2025,2,16,5.0,,28167
8447971,1,2,1,10,2025,2,29,10.0,1623500.0,28175
8447981,1,1,1,10,2025,1,32,4.0,1423500.0,28185
8447982,1,1,1,10,2025,1,44,10.0,4200000.0,28187
8447983,1,1,1,10,2025,1,28,5.0,1423500.0,28190
8447983,1,2,1,10,2025,2,30,5.0,1423500.0,28191
8447995,1,3,1,10,2025,1,8,3.0,,28205
8447996,1,1,1,10,2025,2,74,3.0,,28207
8447996,1,4,1,10,2025,2,32,5.0,700000.0,28210
8447996,1,5,1,10,2025,2,5,2.0,,28211
8447997,1,2,1,10,2025,2,65,3.0,700000.0,28214
8447998,1,1,1,10,2025,2,55,5.0,,28215
8447998,1,5,1,10,2025,1,49,5.0,1600000.0,28219
8447999,1,1,1,10,2025,2,63,3.0,,28222
8448001,1,1,1,10,2025,1,34,5.0,1500000.0,28228
8448003,1,3,1,10,2025,2,43,10.0,4000000.0,28236
8448003,1,5,1,10,2025,2,8,3.0,,28238
8448006,1,1,1,10,2025,1,62,5.0,3000000.0,28242
8448009,1,4,1,10,2025,1,9,3.0,,28254
8448010,1,4,1,10,2025,1,11,3.0,,28258
8448016,1,3,1,10,2025,1,28,10.0,1423500.0,28264
8448017,1,1,1,10,2025,1,72,5.0,2200000.0,28265
8448017,1,2,1,10,2025,2,76,5.0,,28266
8448018,1,1,1,10,2025,1,41,6.0,1600000.0,28267
8448018,1,2,1,10,2025,2,42,3.0,,28268
8448019,1,2,1,10,2025,2,35,4.0,,28273
8448019,1,3,1,10,2025,1,18,5.0,1200000.0,28274
8448019,1,5,1,10,2025,1,5,2.0,,28276
8448020,1,1,1,10,2025,2,55,10.0,1423500.0,28277
8448020,1,2,1,10,2025,1,26,10.0,6000000.0,28278
8448022,1,1,1,10,2025,2,30,9.0,1423000.0,28284
8448023,1,3,1,10,2025,2,3,1.0,,28288
8448024,1,3,1,10,2025,1,23,10.0,,28291
8448025,1,1,1,10,2025,1,22,10.0,500000.0,28293
8448026,1,3,1,10,2025,1,10,4.0,,28296
8448031,1,2,1,10,2025,1,59,11.0,,28305
8448034,1,4,1,10,2025,2,30,11.0,,28314
8448036,1,2,1,10,2025,2,37,5.0,900000.0,28319
8448037,1,1,1,10,2025,1,30,10.0,2400000.0,28321
8448037,1,3,1,10,2025,2,2,,,28323
8448039,1,2,1,10,2025,2,32,6.0,600000.0,28328
8448042,1,1,1,10,2025,2,57,5.0,,28337
8448042,1,2,1,10,2025,1,34,10.0,1500000.0,28338
8448046,1,2,1,10,2025,2,33,10.0,1300000.0,28352
8448048,1,2,1,10,2025,1,69,10.0,,28357
8448050,1,2,1,10,2025,1,24,10.0,,28362
8448050,1,4,1,10,2025,1,36,8.0,2500000.0,28364
8448052,1,1,1,10,2025,2,34,10.0,3000000.0,28368
8448056,1,1,1,10,2025,2,66,3.0,,28386
8448057,1,3,1,10,2025,1,14,4.0,,28390
8448058,1,1,1,10,2025,2,42,12.0,1800000.0,28391
8448058,1,2,1,10,2025,1,30,10.0,4650000.0,28392
8448058,1,3,1,10,2025,2,10,4.0,,28393
8448058,1,4,1,10,2025,1,10,4.0,,28394
8448060,1,1,1,10,2025,1,65,6.0,,28397
8448060,1,2,1,10,2025,2,62,6.0,,28398
8448060,1,5,1,10,2025,1,10,3.0,,28401
8448062,1,1,1,10,2025,1,20,10.0,300000.0,28407
8448062,1,2,1,10,2025,1,17,5.0,,28408
8448063,1,2,1,10,2025,1,41,10.0,2000000.0,28410
8448064,1,1,1,10,2025,1,39,5.0,800000.0,28412
8448065,1,2,1,10,2025,2,68,3.0,800000.0,28417
8448071,1,1,1,10,2025,1,33,5.0,1663500.0,28427
8448076,1,1,1,10,2025,1,78,3.0,0.0,28433
8448077,1,2,1,10,2025,2,58,5.0,,28436
8448080,1,1,1,10,2025,1,62,3.0,,28442
8448081,1,1,1,10,2025,1,66,6.0,,28444
8448081,1,3,1,10,2025,1,27,11.0,1800000.0,28446
8448082,1,3,1,10,2025,2,37,5.0,,28450
8448083,1,1,1,10,2025,1,63,3.0,800000.0,28451
8448084,1,1,1,10,2025,1,43,4.0,1680000.0,28453
8448084,1,4,1,10,2025,2,16,5.0,,28456
8448087,1,1,1,10,2025,2,83,3.0,,28460
8448088,1,1,1,10,2025,2,31,12.0,5692000.0,28463
8448094,1,2,1,10,2025,1,26,10.0,,28473
8448095,1,3,1,10,2025,2,21,10.0,,28476
8448098,1,2,1,10,2025,1,46,4.0,1400000.0,28482
8448101,1,1,1,10,2025,1,68,10.0,800000.0,28487
8448102,1,2,1,10,2025,1,69,12.0,,28490
8448104,1,1,1,10,2025,1,52,10.0,1423000.0,28492
8448105,1,1,1,10,2025,1,22,10.0,,28495
8448108,1,2,1,10,2025,2,27,11.0,,28497
8448109,1,2,1,10,2025,2,24,10.0,,28501
8448110,1,1,1,10,2025,1,56,3.0,1800000.0,28502
8448110,1,3,1,10,2025,1,31,10.0,0.0,28504
8448141,1,3,1,10,2025,2,17,6.0,,28519
8448141,1,5,1,10,2025,2,8,3.0,,28521
8448147,1,1,1,10,2025,1,37,9.0,3000000.0,28534
8448147,2,5,2,10,2025,1,3,1.0,,28539
8448149,1,3,1,10,2025,2,21,10.0,1500000.0,28545
8448149,1,4,1,10,2025,1,17,6.0,,28546
8448150,1,3,1,10,2025,2,1,,,28549
8448153,1,3,1,10,2025,2,8,3.0,,28559
8448154,1,2,1,10,2025,2,41,5.0,,28561
8448154,1,5,1,10,2025,2,57,3.0,,28564
8448155,1,1,1,10,2025,2,26,5.0,,28567
8448155,1,5,1,10,2025,2,0,,,28571
8448163,1,3,1,10,2025,1,14,5.0,,28588
8448166,1,2,1,10,2025,2,54,5.0,,28595
8448166,1,5,1,10,2025,2,64,4.0,,28598
8448168,1,3,1,10,2025,2,13,4.0,,28602
8448170,1,1,1,10,2025,1,47,10.0,3200000.0,28607
8448172,1,2,1,10,2025,2,32,10.0,1623500.0,28612
8448172,1,4,1,10,2025,1,1,,,28614
8448175,1,1,1,10,2025,2,39,4.0,1200000.0,28618
8448176,1,1,1,10,2025,1,65,5.0,,28626
8448176,1,4,1,10,2025,1,4,2.0,,28629
8448177,1,1,1,10,2025,1,52,6.0,1680000.0,28630
8448179,1,1,1,10,2025,2,37,5.0,,28633
8448180,1,1,1,10,2025,2,40,5.0,,28636
8448180,1,2,1,10,2025,1,25,5.0,1800000.0,28637
8448181,1,2,1,10,2025,2,21,5.0,,28642
8448182,1,2,1,10,2025,1,34,8.0,3800000.0,28644
8448184,1,3,1,10,2025,1,1,,,28649
8448185,1,2,1,10,2025,1,58,3.0,1000000.0,28651
8448185,1,3,1,10,2025,2,27,5.0,,28652
8448186,1,1,1,10,2025,1,37,6.0,1500000.0,28654
8448186,1,2,1,10,2025,2,32,4.0,,28655
8448187,1,2,1,10,2025,2,20,5.0,,28659
8448191,1,2,1,10,2025,2,60,2.0,,28666
8448192,1,2,1,10,2025,1,40,3.0,1000000.0,28670
8448194,1,3,1,10,2025,1,73,3.0,,28673
8448194,1,4,1,10,2025,1,70,3.0,,28674
8448195,1,2,1,10,2025,2,47,9.0,,28676
8448196,1,2,1,10,2025,1,40,5.0,,28679
8448197,1,1,1,10,2025,2,34,5.0,,28680
8448197,1,2,1,10,2025,2,9,3.0,,28681
8448198,1,1,1,10,2025,1,28,5.0,1423500.0,28683
8448203,1,3,1,10,2025,1,15,4.0,,28694
8448204,1,1,1,10,2025,2,19,5.0,,28697
8448206,1,1,1,10,2025,2,35,5.0,1200000.0,28701
8448207,1,1,1,10,2025,1,42,4.0,1800000.0,28703
8448207,1,2,1,10,2025,2,37,4.0,,28704
8448207,1,3,1,10,2025,1,20,5.0,,28705
8448207,1,4,1,10,2025,2,12,4.0,,28706
8448208,1,3,1,10,2025,2,11,4.0,,28709
8448209,1,2,1,10,2025,2,24,10.0,1650000.0,28711
8448209,1,3,1,10,2025,2,22,5.0,,28712
8448210,1,3,1,10,2025,2,17,5.0,,28716
8448210,1,5,1,10,2025,1,2,,,28718
8448211,1,1,1,10,2025,2,61,3.0,,28719
8448212,1,2,1,10,2025,2,61,3.0,350000.0,28722
8448213,1,2,1,10,2025,1,27,5.0,1700000.0,28724
8448214,1,2,1,10,2025,2,21,5.0,,28727
8448217,1,2,1,10,2025,2,65,4.0,,28735
8448217,1,4,1,10,2025,1,0,,,28737
8448218,1,3,1,10,2025,2,22,10.0,,28740
8448219,1,1,1,10,2025,2,33,9.0,,28742
8448219,1,3,1,10,2025,2,7,3.0,,28744
8448220,1,4,1,10,2025,2,13,4.0,,28748
8448221,1,3,1,10,2025,1,57,3.0,1400000.0,28752
8448221,1,5,1,10,2025,1,13,4.0,,28754
8448222,1,4,1,10,2025,2,6,3.0,,28758
8448223,1,1,1,10,2025,1,35,3.0,1423500.0,28760
8448227,1,1,1,10,2025,2,27,5.0,600000.0,28769
8448227,1,2,1,10,2025,1,9,3.0,,28770
8448228,1,1,1,10,2025,2,55,4.0,900000.0,28772
8448228,1,6,1,10,2025,1,3,1.0,,28777
8448229,1,2,1,10,2025,1,58,3.0,400000.0,28779
8448231,1,1,1,10,2025,2,29,8.0,1900000.0,28787
8448231,1,2,1,10,2025,1,36,4.0,1200000.0,28788
8448231,1,4,1,10,2025,1,49,5.0,800000.0,28790
8448232,1,1,1,10,2025,2,35,3.0,,28791
8448232,1,3,1,10,2025,1,9,3.0,,28793
8448233,1,1,1,10,2025,2,31,3.0,950000.0,28794
8448234,1,2,1,10,2025,2,40,3.0,,28799
8448234,1,3,1,10,2025,2,17,3.0,,28800
8448234,1,5,1,10,2025,2,78,1.0,,28802
8448237,1,1,1,10,2025,1,52,5.0,1423500.0,28803
8448240,1,2,1,10,2025,2,25,1.0,,28808
8448241,1,1,1,10,2025,2,35,8.0,,28810
8448241,1,2,1,10,2025,2,3,1.0,,28811
8448242,1,2,1,10,2025,2,50,6.0,,28813
8448242,1,3,1,10,2025,2,8,3.0,,28814
8448276,1,3,1,10,2025,1,16,4.0,,28827
8448277,1,1,1,10,2025,2,27,5.0,,28828
8448278,1,2,1,10,2025,2,82,3.0,,28830
8448279,1,1,1,10,2025,2,36,3.0,600000.0,28831
8448279,1,2,1,10,2025,2,10,3.0,,28832
8448285,1,1,1,10,2025,1,90,3.0,,28835
8448286,1,1,1,10,2025,1,50,11.0,5500000.0,28837
8448286,1,2,1,10,2025,2,50,9.0,200000.0,28838
8448290,1,1,1,10,2025,2,63,5.0,,28844
8448290,1,2,1,10,2025,1,54,5.0,1800000.0,28845
8448294,1,2,1,10,2025,1,20,5.0,,28856
8448295,1,1,1,10,2025,1,39,5.0,1423000.0,28858
8448295,1,2,1,10,2025,2,35,5.0,,28859
8448295,1,4,1,10,2025,1,5,2.0,,28861
8448303,1,1,1,10,2025,2,30,5.0,600000.0,28871
8448303,1,3,1,10,2025,2,9,3.0,,28873
8448312,1,1,1,10,2025,2,31,4.0,840000.0,28880
8448313,1,1,1,10,2025,2,38,3.0,1740000.0,28883
8448313,1,3,1,10,2025,1,5,1.0,,28885
8448314,1,1,1,10,2025,2,42,4.0,800000.0,28887
8448317,1,1,1,10,2025,1,41,9.0,9000000.0,28890
8448317,1,3,1,10,2025,1,19,10.0,,28892
8448322,1,1,1,10,2025,2,42,10.0,3000000.0,28897
8448323,1,1,1,10,2025,2,58,5.0,1423000.0,28899
8448323,1,2,1,10,2025,2,28,10.0,,28900
8448326,1,2,1,10,2025,1,21,10.0,,28902
8448328,1,1,1,10,2025,1,58,1.0,1080000.0,28908
8448328,1,2,1,10,2025,2,73,1.0,780000.0,28909
8448329,1,1,1,10,2025,1,66,10.0,2000000.0,28911
8448338,1,1,1,10,2025,1,74,4.0,,28929
8448340,1,1,1,10,2025,1,72,3.0,,28932
8448345,1,1,1,10,2025,1,69,8.0,3596500.0,28938
8448352,1,1,1,10,2025,1,76,4.0,,28943
8448353,1,3,1,10,2025,2,16,5.0,,28947
8448354,1,2,1,10,2025,2,58,8.0,2500000.0,28950
8448354,1,3,1,10,2025,1,28,9.0,,28951
8448355,1,2,1,10,2025,2,65,5.0,,28954
8448356,1,2,1,10,2025,2,16,5.0,,28956
8448357,1,1,1,10,2025,1,29,9.0,2500000.0,28957
8448360,1,3,1,10,2025,1,19,10.0,,28964
8448361,1,2,1,10,2025,2,23,4.0,400000.0,28966
8448363,1,1,1,10,2025,2,34,8.0,,28973
8448365,1,3,1,10,2025,2,32,8.0,1423500.0,28976
8448367,1,1,1,10,2025,1,50,4.0,1200000.0,28980
8448368,1,3,1,10,2025,1,14,5.0,,28984
8448369,1,1,1,10,2025,2,24,5.0,1600000.0,28986
8448370,1,2,1,10,2025,2,16,4.0,,28989
8448371,1,1,1,10,2025,1,27,8.0,600000.0,28990
8448376,1,1,1,10,2025,1,40,3.0,,28999
8448376,1,2,1,10,2025,2,31,4.0,1000000.0,29000
8448376,1,4,1,10,2025,1,10,4.0,,29002
8448379,1,4,1,10,2025,2,14,4.0,,29013
8448380,1,1,1,10,2025,2,45,5.0,1200000.0,29014
8448382,1,3,1,10,2025,1,4,1.0,,29019
8448384,1,4,1,10,2025,2,18,5.0,,29025
8448387,1,1,1,10,2025,2,75,3.0,1300000.0,29032
8448388,1,1,1,10,2025,2,57,3.0,,29033
8448388,1,2,1,10,2025,2,30,5.0,1423500.0,29034
8448388,1,4,1,10,2025,2,10,3.0,,29036
8448389,1,4,1,10,2025,2,1,,,29040
8448393,1,2,1,10,2025,2,76,3.0,,29045
8448394,1,2,1,10,2025,1,12,4.0,,29051
8448397,1,2,1,10,2025,2,66,5.0,,29057
8448398,1,1,1,10,2025,2,62,3.0,,29059
8448398,1,2,1,10,2025,1,81,5.0,,29060
8448400,1,2,1,10,2025,2,48,10.0,2500000.0,29063
8448400,1,4,1,10,2025,2,11,4.0,,29065
8448402,1,2,1,10,2025,2,51,3.0,1803500.0,29070
8448403,1,1,1,10,2025,2,74,3.0,,29072
8448404,1,1,1,10,2025,1,75,3.0,,29074
8448405,1,4,1,10,2025,2,23,5.0,1430000.0,29078
8448409,1,1,1,10,2025,2,53,4.0,,29084
8448409,1,4,1,10,2025,2,31,4.0,1400000.0,29087
8448409,1,5,1,10,2025,2,12,4.0,,29088
8448410,1,1,1,10,2025,2,58,5.0,,29090
8448410,1,3,1,10,2025,2,89,3.0,,29092
8448411,1,2,1,10,2025,2,68,5.0,,29095
8448411,1,3,1,10,2025,2,94,5.0,,29096
8448414,1,2,1,10,2025,2,45,9.0,,29098
8448416,2,2,2,10,2025,1,29,5.0,1400000.0,29105
8448417,1,1,1,10,2025,2,34,10.0,4500000.0,29108
8448417,1,2,1,10,2025,1,23,5.0,1400000.0,29109
8448418,1,1,1,10,2025,2,50,3.0,,29110
8448418,1,2,1,10,2025,1,42,5.0,1800000.0,29111
8448418,1,3,1,10,2025,1,21,5.0,2400000.0,29112
8448418,1,4,1,10,2025,2,17,5.0,,29113
8448419,1,2,1,10,2025,2,52,5.0,,29115
8448419,1,6,1,10,2025,2,28,10.0,1423500.0,29119
8448423,1,1,1,10,2025,2,25,4.0,800000.0,29125
8448423,1,2,1,10,2025,1,33,5.0,800000.0,29126
8448426,1,1,1,10,2025,1,31,5.0,1500000.0,29131
8448429,1,2,1,10,2025,2,69,4.0,,29134
8448432,1,1,1,10,2025,2,31,8.0,1600000.0,29138
8448434,1,2,1,10,2025,2,44,3.0,1000000.0,29142
8448434,1,4,1,10,2025,1,24,5.0,1000000.0,29144
8448435,1,2,1,10,2025,1,40,5.0,500000.0,29146
8448435,1,4,1,10,2025,2,77,1.0,,29148
8448436,1,1,1,10,2025,2,46,3.0,,29149
8448443,1,1,1,10,2025,2,55,10.0,,29155
8448443,1,2,1,10,2025,1,24,10.0,1624500.0,29156
8448443,1,3,1,10,2025,2,22,8.0,1624500.0,29157
8448444,1,1,1,10,2025,1,68,3.0,500000.0,29158
8448445,1,3,1,10,2025,2,8,3.0,,29164
8448452,1,2,1,10,2025,2,25,8.0,1423500.0,29177
8448454,1,3,1,10,2025,1,14,4.0,,29180
8448456,1,1,1,10,2025,2,44,5.0,,29184
8448457,1,1,1,10,2025,2,63,8.0,,29187
8448458,1,1,1,10,2025,1,77,5.0,,29189
8448458,1,2,1,10,2025,2,75,4.0,,29190
8448461,1,1,1,10,2025,2,58,9.0,2800000.0,29192
8448462,1,2,1,10,2025,1,29,5.0,1400000.0,29194
8448463,1,1,1,10,2025,2,33,8.0,2200000.0,29195
8448463,1,2,1,10,2025,1,33,9.0,2000000.0,29196
8448464,1,1,1,10,2025,1,43,10.0,5000000.0,29197
8448464,1,2,1,10,2025,2,41,9.0,2200000.0,29198
8448464,1,3,1,10,2025,1,22,10.0,,29199
8448467,1,1,1,10,2025,1,47,5.0,1673500.0,29201
8448467,1,3,1,10,2025,2,17,5.0,,29203
8448467,1,4,1,10,2025,2,14,4.0,,29204
8448470,1,1,1,10,2025,1,73,5.0,,29206
8448470,1,2,1,10,2025,2,61,8.0,1423500.0,29207
8448470,1,4,1,10,2025,1,19,5.0,1423500.0,29209
8448476,1,2,1,10,2025,1,30,11.0,2800000.0,29217
8448478,1,2,1,10,2025,2,22,10.0,1423500.0,29222
8448478,1,4,1,10,2025,2,32,9.0,1423500.0,29224
8448480,1,3,1,10,2025,1,65,4.0,800000.0,29229
8448481,1,1,1,10,2025,1,52,5.0,1600000.0,29230
8448484,1,2,1,10,2025,2,22,4.0,,29235
8448484,1,3,1,10,2025,1,4,2.0,,29236
8448485,1,1,1,10,2025,2,41,5.0,1423500.0,29240
8448488,1,5,1,10,2025,2,7,3.0,,29250
8448491,1,3,1,10,2025,2,8,3.0,,29254
8448493,1,1,1,10,2025,2,42,8.0,,29257
8448493,1,2,1,10,2025,1,25,5.0,1423500.0,29258
8448493,1,3,1,10,2025,2,21,5.0,1423500.0,29259
8448494,1,2,1,10,2025,2,70,3.0,1600000.0,29262
8448495,1,1,1,10,2025,2,26,10.0,1800000.0,29263
8448495,1,2,1,10,2025,2,22,10.0,1400000.0,29264
8448497,1,4,1,10,2025,1,14,4.0,,29269
8448498,1,1,1,10,2025,1,70,3.0,,29270
8448499,1,2,1,10,2025,1,49,3.0,1400000.0,29272
8448500,1,1,1,10,2025,1,79,3.0,,29275
8448500,1,2,1,10,2025,2,75,5.0,,29276
8448500,1,3,1,10,2025,1,55,5.0,,29277
8448504,1,1,1,10,2025,1,59,3.0,,29280
8448509,1,1,1,10,2025,2,54,4.0,1600000.0,29288
8448514,1,1,1,10,2025,1,32,8.0,1423500.0,29298
8448516,1,3,1,10,2025,2,41,12.0,3200000.0,29302
8448516,1,4,1,10,2025,1,18,10.0,,29303
8448517,1,1,1,10,2025,1,71,4.0,,29304
8448518,1,1,1,10,2025,2,34,4.0,1200000.0,29307
8448518,1,5,1,10,2025,2,24,4.0,1423500.0,29311
8448519,1,4,1,10,2025,1,6,2.0,,29316
8448521,1,3,1,10,2025,1,25,5.0,1423500.0,29319
8448522,1,1,1,10,2025,2,27,10.0,,29321
8448522,1,3,1,10,2025,2,49,5.0,,29323
8448523,1,1,1,10,2025,1,23,10.0,2400000.0,29324
8448525,1,1,1,10,2025,2,61,10.0,,29326
8448527,1,1,1,10,2025,2,50,4.0,,29328
8448527,1,3,1,10,2025,1,22,4.0,,29330
8448527,1,5,1,10,2025,1,16,4.0,,29332
8448527,1,6,1,10,2025,2,14,4.0,,29333
8448527,1,8,1,10,2025,1,8,3.0,,29335
8448528,1,3,1,10,2025,1,35,3.0,1700000.0,29338
8448529,1,1,1,10,2025,1,21,5.0,1450000.0,29340
8448535,1,3,1,10,2025,1,57,3.0,1400000.0,29349
8448536,1,1,1,10,2025,2,70,3.0,90000.0,29350
8448537,1,1,1,10,2025,2,43,5.0,1785000.0,29351
8448538,1,1,1,10,2025,1,61,5.0,3000000.0,29353
8448538,1,2,1,10,2025,2,58,8.0,1600000.0,29354
8448541,1,1,1,10,2025,2,40,3.0,,29359
8448541,1,2,1,10,2025,1,36,5.0,1500000.0,29360
8448544,1,3,1,10,2025,2,66,5.0,,29369
8448544,1,4,1,10,2025,1,19,10.0,920000.0,29370
8448545,1,1,1,10,2025,2,56,10.0,3000000.0,29371
8448545,1,2,1,10,2025,1,93,3.0,,29372
8448545,1,3,1,10,2025,2,90,3.0,,29373
8448546,1,4,1,10,2025,2,9,3.0,,29377
8448547,1,3,1,10,2025,1,49,4.0,1700000.0,29380
8448549,1,1,1,10,2025,1,35,3.0,2400000.0,29382
8448550,1,3,1,10,2025,1,15,4.0,,29387
8448551,1,1,1,10,2025,1,61,5.0,,29388
8448557,1,1,1,10,2025,1,50,5.0,1400000.0,29394
8448558,1,3,1,10,2025,2,17,10.0,,29398
8448563,1,1,1,10,2025,1,40,9.0,1300000.0,29399
8448563,1,2,1,10,2025,2,27,9.0,1423500.0,29400
8448563,1,3,1,10,2025,2,7,3.0,,29401
8448563,1,4,1,10,2025,1,35,6.0,2400000.0,29402
8448565,1,2,1,10,2025,2,22,4.0,,29405
8448568,1,2,1,10,2025,1,38,5.0,1500000.0,29414
8448568,1,3,1,10,2025,1,13,4.0,,29415
8448570,1,2,1,10,2025,1,25,10.0,,29422
8448571,1,2,1,10,2025,2,67,3.0,,29424
8448571,1,4,1,10,2025,2,33,5.0,800000.0,29426
8448571,1,5,1,10,2025,1,12,4.0,,29427
8448571,1,6,1,10,2025,1,8,3.0,,29428
8448574,1,1,1,10,2025,2,62,4.0,80000.0,29434
8448574,1,2,1,10,2025,2,30,10.0,1600000.0,29435
8448576,1,1,1,10,2025,1,69,11.0,,29440
8448576,1,3,1,10,2025,1,35,10.0,2500000.0,29442
8448577,1,1,1,10,2025,1,71,3.0,1300000.0,29443
8448578,1,1,1,10,2025,2,93,5.0,,29445
8448581,1,2,1,10,2025,2,61,10.0,,29453
8448581,1,3,1,10,2025,2,33,5.0,1800000.0,29454
8448581,1,4,1,10,2025,1,5,2.0,,29455
8448585,1,2,1,10,2025,2,40,10.0,3000000.0,29463
8448589,1,2,1,10,2025,1,41,5.0,4000000.0,29471
8448590,1,2,1,10,2025,2,32,10.0,4000000.0,29474
8448593,1,1,1,10,2025,1,26,9.0,1800000.0,29478
8448594,1,1,1,10,2025,2,39,6.0,1800000.0,29480
8448594,1,2,1,10,2025,1,81,3.0,,29481
8448596,1,2,1,10,2025,2,32,11.0,4300000.0,29486
8448597,1,2,1,10,2025,2,32,9.0,2100000.0,29489
8448597,1,5,1,10,2025,2,53,3.0,2400000.0,29492
8448599,1,1,1,10,2025,1,34,10.0,2800000.0,29495
8448600,1,2,1,10,2025,2,41,5.0,1423500.0,29497
8448600,1,3,1,10,2025,2,20,5.0,1423500.0,29498
8448601,1,2,1,10,2025,1,39,9.0,1423500.0,29502
8448601,1,4,1,10,2025,2,7,3.0,,29504
8448604,1,3,1,10,2025,1,19,5.0,1423500.0,29510
8448604,1,4,1,10,2025,2,15,5.0,,29511
8448640,1,2,1,10,2025,2,69,3.0,,29516
8448640,1,3,1,10,2025,1,27,10.0,3000000.0,29517
8448647,1,6,1,10,2025,1,7,3.0,,29532
8448648,1,2,1,10,2025,1,54,3.0,300000.0,29536
8448650,1,1,1,10,2025,2,87,1.0,,29538
8448650,1,4,1,10,2025,1,43,1.0,,29541
8448650,1,5,1,10,2025,2,47,5.0,,29542
8448651,1,3,1,10,2025,1,36,4.0,850000.0,29546
8448651,1,5,1,10,2025,1,17,5.0,,29548
8448651,1,6,1,10,2025,2,15,5.0,,29549
8448651,1,8,1,10,2025,1,6,3.0,,29551
8448653,1,1,1,10,2025,2,42,4.0,,29553
8448653,1,4,1,10,2025,1,15,5.0,,29556
8448654,1,1,1,10,2025,1,56,1.0,710000.0,29558
8448656,1,2,1,10,2025,2,77,1.0,,29560
8448656,1,5,1,10,2025,2,11,4.0,,29563
8448657,1,1,1,10,2025,1,25,3.0,850000.0,29564
8448657,1,2,1,10,2025,2,29,5.0,,29565
8448657,1,3,1,10,2025,2,10,3.0,,29566
8448657,1,6,1,10,2025,1,23,5.0,590000.0,29569
8448659,1,1,1,10,2025,2,49,4.0,550000.0,29572
8448659,1,4,1,10,2025,1,17,4.0,,29575
8448659,1,5,1,10,2025,2,14,4.0,,29576
8448661,1,1,1,10,2025,2,70,1.0,,29577
8448661,1,2,1,10,2025,1,25,5.0,400000.0,29578
8448662,1,3,1,10,2025,1,8,3.0,,29582
8448662,1,4,1,10,2025,1,4,2.0,,29583
8448664,1,1,1,10,2025,2,47,5.0,,29585
8448666,1,1,1,10,2025,2,63,1.0,1423500.0,29587
8448666,1,3,1,10,2025,1,29,5.0,950000.0,29589
8448669,1,3,1,10,2025,1,25,5.0,300000.0,29597
8448670,1,1,1,10,2025,1,70,1.0,450000.0,29600
8448671,1,1,1,10,2025,1,40,3.0,350000.0,29601
8448671,1,2,1,10,2025,2,33,4.0,,29602
8448673,1,3,1,10,2025,1,15,4.0,,29607
8448673,1,4,1,10,2025,1,21,10.0,,29608
8448673,1,5,1,10,2025,2,3,1.0,,29609
8448675,1,5,1,10,2025,1,12,4.0,,29615
8448675,1,6,1,10,2025,1,23,5.0,900000.0,29616
8448675,1,7,1,10,2025,2,22,5.0,400000.0,29617
8448676,1,2,1,10,2025,1,36,5.0,1100000.0,29620
8448676,1,4,1,10,2025,2,16,4.0,,29622
8448677,1,3,1,10,2025,1,13,4.0,,29626
8448678,1,4,1,10,2025,1,0,,,29630
8448679,1,1,1,10,2025,2,27,5.0,660000.0,29632
8448684,1,1,1,10,2025,1,79,1.0,1700000.0,29643
8448684,1,3,1,10,2025,1,49,5.0,,29645
8448687,1,2,1,10,2025,1,85,1.0,,29647
8448687,1,4,1,10,2025,2,18,10.0,,29649
8448688,1,2,1,10,2025,2,44,5.0,1423500.0,29653
8448688,1,5,1,10,2025,2,6,3.0,,29656
8448689,1,4,1,10,2025,1,21,10.0,,29661
8448694,1,1,1,10,2025,1,40,5.0,500000.0,29666
8448695,1,1,1,10,2025,2,67,5.0,,29669
8448695,1,2,1,10,2025,1,47,10.0,,29670
8448698,1,1,1,10,2025,1,30,10.0,,29672
8448699,1,1,1,10,2025,2,21,5.0,,29676
8448702,1,1,1,10,2025,2,76,4.0,,29683
8448702,1,2,1,10,2025,1,56,5.0,1586000.0,29684
8448702,1,3,1,10,2025,1,21,10.0,,29685
8448703,1,3,1,10,2025,2,14,5.0,,29688
8448703,1,4,1,10,2025,1,12,4.0,,29689
8448703,1,5,1,10,2025,2,4,2.0,,29690
8448704,1,1,1,10,2025,1,31,5.0,3000000.0,29691
8448705,1,3,1,10,2025,2,45,5.0,,29696
8448705,1,4,1,10,2025,1,46,8.0,700000.0,29697
8448705,1,6,1,10,2025,1,16,4.0,,29699
8448707,1,2,1,10,2025,1,5,3.0,,29704
8448707,1,3,1,10,2025,2,2,,,29705
8448709,1,1,1,10,2025,1,60,11.0,10000000.0,29706
8448710,1,1,1,10,2025,1,40,4.0,400000.0,29708
8448711,1,1,1,10,2025,2,34,10.0,,29712
8448711,1,3,1,10,2025,1,13,4.0,,29714
8448711,1,4,1,10,2025,2,1,,,29715
8448714,1,2,1,10,2025,2,33,10.0,2200000.0,29722
8448714,1,3,1,10,2025,2,8,3.0,,29723
8448714,1,4,1,10,2025,1,4,2.0,,29724
8448715,1,3,1,10,2025,1,28,10.0,1800000.0,29727
8448715,1,4,1,10,2025,1,23,10.0,,29728
8448715,1,5,1,10,2025,1,37,10.0,600000.0,29729
8448721,1,2,1,10,2025,1,3,2.0,,29735
8448723,1,1,1,10,2025,2,57,3.0,560000.0,29739
8448723,1,2,1,10,2025,1,14,4.0,,29740
8448724,1,2,1,10,2025,1,34,4.0,450000.0,29743
8448725,1,3,1,10,2025,2,7,3.0,,29750
8448726,1,2,1,10,2025,1,15,5.0,,29752
8448728,1,1,1,10,2025,1,34,3.0,780000.0,29757
8448729,1,2,1,10,2025,1,7,3.0,,29763
8448733,1,2,1,10,2025,1,15,5.0,,29768
8448735,1,3,1,10,2025,2,16,5.0,,29773
8448737,1,1,1,10,2025,2,32,8.0,,29777
8448738,1,1,1,10,2025,2,46,3.0,300000.0,29780
8448739,1,2,1,10,2025,1,19,10.0,,29783
8448741,1,1,1,10,2025,2,68,3.0,,29786
8448743,1,2,1,10,2025,1,27,10.0,1890000.0,29791
8448743,1,3,1,10,2025,1,24,10.0,,29792
8448746,1,3,1,10,2025,1,7,3.0,,29797
8448747,1,2,1,10,2025,2,10,3.0,,29799
8448747,1,3,1,10,2025,1,6,3.0,,29800
8448750,1,4,1,10,2025,2,37,8.0,1100000.0,29805
8448753,1,1,1,10,2025,2,26,8.0,2000000.0,29813
8448753,1,3,1,10,2025,2,1,,,29815
8448754,1,4,1,10,2025,1,16,5.0,,29819
8448755,1,1,1,10,2025,2,44,9.0,,29820
8448755,1,2,1,10,2025,1,41,5.0,2000000.0,29821
8448757,1,2,1,10,2025,1,23,10.0,,29827
8448758,1,2,1,10,2025,1,52,5.0,1000000.0,29829
8448758,1,4,1,10,2025,2,24,10.0,,29831
8448758,1,5,1,10,2025,2,14,4.0,,29832
8448764,1,1,1,10,2025,1,78,3.0,,29835
8448766,1,1,1,10,2025,1,60,5.0,1600000.0,29838
8448766,1,3,1,10,2025,1,10,4.0,,29840
8448767,1,5,1,10,2025,2,4,1.0,,29845
8448769,1,1,1,10,2025,2,53,3.0,1423500.0,29846
8448771,1,1,1,10,2025,1,47,3.0,1723500.0,29849
8448771,1,2,1,10,2025,2,41,3.0,,29850
8448772,1,1,1,10,2025,1,65,5.0,,29853
8448772,1,2,1,10,2025,1,61,4.0,,29854
8448773,1,1,1,10,2025,2,55,3.0,,29855
8448773,1,2,1,10,2025,1,25,10.0,1423500.0,29856
8448775,1,1,1,10,2025,1,32,13.0,4500000.0,29857
8448776,1,1,1,10,2025,2,35,10.0,2223000.0,29860
8448776,1,2,1,10,2025,1,10,3.0,,29861
8448777,1,1,1,10,2025,1,68,5.0,,29862
8448778,1,2,1,10,2025,2,49,10.0,,29865
8448782,1,1,1,10,2025,1,38,10.0,5000000.0,29870
8448783,1,1,1,10,2025,1,61,5.0,500000.0,29873
8448784,1,2,1,10,2025,2,47,5.0,,29876
8448785,1,1,1,10,2025,2,77,4.0,,29879
8448787,1,2,1,10,2025,2,78,4.0,,29883
8448789,1,4,1,10,2025,1,22,10.0,,29891
8448790,1,1,1,10,2025,2,61,5.0,,29893
8448792,1,2,1,10,2025,2,78,3.0,,29899
8448793,1,1,1,10,2025,2,73,5.0,,29903
8448799,1,2,1,10,2025,2,27,5.0,1300000.0,29913
8448799,1,4,1,10,2025,2,3,1.0,,29915
8448802,1,1,1,10,2025,2,78,3.0,,29916
8448806,1,1,1,10,2025,2,52,11.0,6300000.0,29923
8448808,1,1,1,10,2025,2,81,3.0,,29924
8448812,1,3,1,10,2025,1,8,3.0,,29931
8448816,1,1,1,10,2025,1,31,5.0,1000000.0,29936
8448817,1,1,1,10,2025,1,23,9.0,1423000.0,29938
8448818,1,1,1,10,2025,2,46,5.0,1500000.0,29940
8448819,1,1,1,10,2025,2,48,3.0,,29941
8448822,1,2,1,10,2025,2,60,3.0,,29943
8448825,1,2,1,10,2025,1,44,10.0,1400000.0,29946
8448826,1,1,1,10,2025,1,67,5.0,,29948
8448828,1,4,1,10,2025,1,23,5.0,1500000.0,29953
8448843,1,1,1,10,2025,1,61,5.0,1800000.0,29957
8448846,1,1,1,10,2025,2,38,10.0,2500000.0,29959
8448847,1,1,1,10,2025,1,25,11.0,3000000.0,29962
8448851,1,2,1,10,2025,1,57,5.0,800000.0,29968
8448852,1,2,1,10,2025,2,57,3.0,,29970
8448852,1,4,1,10,2025,2,18,5.0,,29972
8448852,1,7,1,10,2025,2,5,2.0,,29975
8448864,1,1,1,10,2025,2,40,8.0,,29981
8448864,1,3,1,10,2025,2,20,8.0,,29983
8448864,1,4,1,10,2025,2,11,4.0,,29984
8448865,1,2,1,10,2025,2,56,3.0,,29986
8448866,1,2,1,10,2025,2,77,3.0,,29988
8448868,1,1,1,10,2025,1,58,5.0,1200000.0,29993
8448868,1,2,1,10,2025,2,85,3.0,,29994
8448872,1,1,1,10,2025,1,66,4.0,,29999
8448887,1,1,1,10,2025,2,62,5.0,1000000.0,30007
8448888,1,1,1,10,2025,2,46,4.0,1000000.0,30009
8448889,1,2,1,10,2025,2,30,8.0,,30014
8448893,1,3,1,10,2025,2,18,6.0,1423500.0,30025
8448894,1,1,1,10,2025,2,72,3.0,,30026
8448894,1,4,1,10,2025,1,36,5.0,1440000.0,30029
8448895,1,3,1,10,2025,1,3,1.0,,30033
8448895,1,4,1,10,2025,2,44,3.0,1623500.0,30034
8448896,1,3,1,10,2025,2,13,4.0,,30037
8448898,1,2,1,10,2025,2,54,3.0,,30041
8448902,1,1,1,10,2025,2,62,4.0,,30043
8448902,1,2,1,10,2025,1,69,3.0,600000.0,30044
8448902,1,3,1,10,2025,2,97,3.0,,30045
8448904,1,5,1,10,2025,2,5,1.0,,30052
8448907,1,1,1,10,2025,1,51,3.0,1500000.0,30055
8448907,1,5,1,10,2025,2,24,6.0,500000.0,30059
8448908,1,1,1,10,2025,2,42,5.0,,30061
8448908,1,2,1,10,2025,1,48,5.0,1800000.0,30062
8448908,1,3,1,10,2025,1,23,6.0,,30063
8448913,1,2,1,10,2025,1,11,3.0,,30077
8448913,1,4,1,10,2025,2,26,5.0,1423500.0,30079
8448913,1,5,1,10,2025,1,2,,,30080
8448914,1,1,1,10,2025,1,43,4.0,1100000.0,30081
8448915,1,2,1,10,2025,2,61,3.0,,30086
8448915,1,3,1,10,2025,2,40,5.0,1423500.0,30087
8448915,1,5,1,10,2025,1,10,3.0,,30089
8448916,1,1,1,10,2025,1,33,4.0,1800000.0,30091
8448916,1,3,1,10,2025,2,7,2.0,,30093
8448916,1,4,1,10,2025,2,2,,,30094
8448917,1,2,1,10,2025,1,19,5.0,,30096
8448920,1,1,1,10,2025,2,44,8.0,840000.0,30099
8448920,1,3,1,10,2025,1,18,10.0,,30101
8448932,1,1,1,10,2025,2,43,5.0,1100000.0,30111
8448932,1,2,1,10,2025,1,27,5.0,1800000.0,30112
8448932,1,6,1,10,2025,2,12,4.0,,30116
8448933,1,1,1,10,2025,2,52,8.0,2000000.0,30117
8448948,1,1,1,10,2025,1,68,5.0,1500000.0,30130
8448949,1,4,1,10,2025,1,32,5.0,1900000.0,30134
8448950,1,5,1,10,2025,1,8,3.0,,30139
8448954,1,2,1,10,2025,1,35,5.0,,30145
8448954,1,3,1,10,2025,1,25,5.0,,30146
8448955,1,1,1,10,2025,2,26,8.0,500000.0,30148
8448962,1,2,1,10,2025,1,49,5.0,,30152
8448963,1,1,1,10,2025,2,76,3.0,,30153
8448965,1,1,1,10,2025,2,65,4.0,,30155
8448969,1,2,1,10,2025,2,7,3.0,,30157
8448972,1,1,1,10,2025,1,37,5.0,700000.0,30161
8448972,1,3,1,10,2025,1,11,5.0,,30163
8448973,1,3,1,10,2025,2,11,3.0,,30168
8448977,1,1,1,10,2025,2,43,5.0,1510000.0,30171
8448979,1,2,1,10,2025,2,58,3.0,,30180
8448980,1,4,1,10,2025,1,79,3.0,,30184
8448982,1,1,1,10,2025,1,82,3.0,,30187
8448983,1,2,1,10,2025,2,63,6.0,,30190
8448984,1,1,1,10,2025,2,30,5.0,2000000.0,30192
8448985,1,1,1,10,2025,2,28,8.0,1800000.0,30193
8448987,1,2,1,10,2025,2,59,5.0,1423500.0,30196
8448987,1,3,1,10,2025,2,24,10.0,,30197
8448989,1,4,1,10,2025,2,87,3.0,,30203
8448992,1,1,1,10,2025,2,47,11.0,9620000.0,30207
8448995,1,1,1,10,2025,1,63,3.0,3200000.0,30211
8448995,1,2,1,10,2025,2,55,3.0,1423500.0,30212
8448995,1,3,1,10,2025,1,21,5.0,1440000.0,30213
8448998,1,2,1,10,2025,2,23,5.0,1040000.0,30218
8448998,1,5,1,10,2025,1,1,,,30221
8449002,1,3,1,10,2025,1,17,10.0,,30225
8449006,1,3,1,10,2025,1,5,2.0,,30230
8449007,1,1,1,10,2025,2,59,3.0,,30232
8449010,1,1,1,10,2025,1,61,4.0,60000.0,30241
8449012,1,2,1,10,2025,2,40,4.0,70000.0,30248
8449012,1,3,1,10,2025,2,17,5.0,700000.0,30249
8449016,1,2,1,10,2025,2,67,5.0,,30258
8449020,1,1,1,10,2025,2,66,10.0,,30261
8449023,1,1,1,10,2025,1,25,10.0,2260000.0,30264
8449025,1,1,1,10,2025,1,33,5.0,1000000.0,30267
8449026,1,2,1,10,2025,1,14,4.0,,30272
8449026,1,4,1,10,2025,1,29,3.0,425000.0,30274
8449026,1,6,1,10,2025,2,10,3.0,,30276
8449028,1,1,1,10,2025,1,23,4.0,1640000.0,30279
8449031,1,1,1,10,2025,2,58,5.0,1423500.0,30285
8449031,1,2,1,10,2025,1,29,9.0,,30286
8449032,1,4,1,10,2025,1,15,4.0,,30290
8449034,1,3,1,10,2025,2,12,4.0,,30295
8449038,1,1,1,10,2025,2,42,6.0,800000.0,30299
8449043,1,3,1,10,2025,2,15,5.0,,30305
8449043,1,5,1,10,2025,1,1,,,30307
8449044,1,1,1,10,2025,2,51,10.0,1500000.0,30308
8449044,1,3,1,10,2025,2,50,10.0,2000000.0,30310
8449046,1,1,1,10,2025,1,40,8.0,2000000.0,30317
8449046,1,2,1,10,2025,2,50,6.0,400000.0,30318
8449047,1,1,1,10,2025,1,54,5.0,1423500.0,30320
8449049,1,2,1,10,2025,2,86,5.0,,30323
8449049,1,3,1,10,2025,2,58,10.0,,30324
8449051,1,2,1,10,2025,1,39,5.0,,30329
8449051,1,3,1,10,2025,1,59,5.0,,30330
8449055,1,1,1,10,2025,2,57,10.0,20000000.0,30336
8449055,1,2,1,10,2025,2,30,10.0,2300000.0,30337
8449059,1,2,1,10,2025,2,33,8.0,3000000.0,30340
8449061,1,3,1,10,2025,2,15,4.0,,30346
8449064,1,2,1,10,2025,1,17,4.0,,30350
8449064,1,3,1,10,2025,2,12,4.0,,30351
8449066,1,2,1,10,2025,2,51,10.0,3300000.0,30356
8449067,1,4,1,10,2025,2,2,,,30360
8449068,1,2,1,10,2025,2,56,4.0,,30362
8449068,1,3,1,10,2025,2,26,8.0,,30363
8449069,1,1,1,10,2025,1,44,5.0,1200000.0,30366
8449069,1,2,1,10,2025,2,36,6.0,1150000.0,30367
8449069,1,4,1,10,2025,1,12,4.0,,30369
8449069,1,5,1,10,2025,1,11,4.0,,30370
8449073,1,3,1,10,2025,1,15,6.0,,30376
8449073,1,4,1,10,2025,2,12,4.0,,30377
8449078,1,2,1,10,2025,1,68,3.0,,30380
8449079,1,1,1,10,2025,2,30,5.0,,30381
8449079,1,2,1,10,2025,1,41,5.0,2700000.0,30382
8449080,1,3,1,10,2025,1,33,8.0,,30385
8449081,1,1,1,10,2025,2,47,3.0,1759500.0,30386
8449081,1,2,1,10,2025,1,23,5.0,1423500.0,30387
8449081,1,3,1,10,2025,1,49,3.0,1200000.0,30388
8449082,1,2,1,10,2025,1,16,5.0,,30390
8449084,1,2,1,10,2025,2,20,9.0,,30394
8449085,1,2,1,10,2025,2,40,5.0,,30397
8449086,1,1,1,10,2025,1,36,3.0,1500000.0,30401
8449086,1,2,1,10,2025,2,33,4.0,1000000.0,30402
8449087,1,3,1,10,2025,1,33,5.0,1300000.0,30406
8449088,1,1,1,10,2025,1,72,5.0,,30407
8449088,1,2,1,10,2025,2,65,3.0,,30408
8449091,1,3,1,10,2025,2,16,5.0,,30413
8449095,1,2,1,10,2025,2,37,10.0,1423500.0,30420
8449095,1,3,1,10,2025,2,9,3.0,,30421
8449097,1,2,1,10,2025,2,35,10.0,1423500.0,30427
8449100,1,1,1,10,2025,1,56,4.0,2500000.0,30429
8449104,1,1,1,10,2025,2,33,5.0,1400000.0,30434
8449104,1,2,1,10,2025,2,17,5.0,,30435
8449106,1,1,1,10,2025,2,40,4.0,1200000.0,30437
8449106,1,2,1,10,2025,1,25,4.0,1600000.0,30438
8449106,1,8,1,10,2025,2,22,8.0,,30444
8449107,1,3,1,10,2025,2,20,10.0,,30448
8449107,1,4,1,10,2025,2,15,4.0,,30449
8449110,1,1,1,10,2025,1,25,8.0,1000000.0,30454
8449111,1,2,1,10,2025,2,59,8.0,,30457
8449111,1,3,1,10,2025,2,43,5.0,,30458
8449117,1,2,1,10,2025,1,22,4.0,1400000.0,30464
8449118,1,2,1,10,2025,1,8,3.0,,30468
8449120,1,2,1,10,2025,2,42,5.0,,30471
8449121,1,1,1,10,2025,1,26,5.0,2100000.0,30473
8449123,1,1,1,10,2025,1,62,5.0,1500000.0,30474
8449124,1,1,1,10,2025,2,51,4.0,,30477
8449124,1,2,1,10,2025,1,55,4.0,1500000.0,30478
8449125,1,1,1,10,2025,1,58,5.0,,30480
8449125,1,2,1,10,2025,2,47,5.0,1700000.0,30481
8449126,1,2,1,10,2025,1,33,8.0,1500000.0,30483
8449127,1,1,1,10,2025,1,84,3.0,,30487
8449135,1,5,1,10,2025,2,7,3.0,,30499
8449147,1,4,1,10,2025,2,13,4.0,,30503
8449148,1,1,1,10,2025,2,45,10.0,3800000.0,30504
8449148,1,2,1,10,2025,1,13,4.0,,30505
8449150,1,1,1,10,2025,2,43,5.0,,30508
8449150,1,3,1,10,2025,1,15,4.0,,30510
8449161,1,2,1,10,2025,2,47,8.0,2000000.0,30521
8449167,1,3,1,10,2025,1,28,5.0,,30529
8449167,1,4,1,10,2025,2,18,4.0,,30530
8449168,2,1,2,10,2025,1,38,5.0,1600000.0,30532
8449173,1,1,1,10,2025,1,42,10.0,5200000.0,30536
8449174,1,1,1,10,2025,2,69,1.0,60000.0,30537
8449174,1,2,1,10,2025,1,80,3.0,,30538
8449175,1,1,1,10,2025,1,67,3.0,,30541
8449177,1,1,1,10,2025,2,53,4.0,1900000.0,30548
8449177,1,2,1,10,2025,2,20,10.0,,30549
8449178,1,1,1,10,2025,2,40,10.0,1500000.0,30551
8449178,1,2,1,10,2025,1,23,4.0,2523500.0,30552
8449178,1,4,1,10,2025,2,8,3.0,,30554
8449178,1,5,1,10,2025,2,21,4.0,,30555
8449180,1,2,1,10,2025,2,22,8.0,,30560
8449181,1,3,1,10,2025,1,33,4.0,2400000.0,30564
8449182,1,2,1,10,2025,1,31,4.0,2323500.0,30567
8449182,1,3,1,10,2025,2,5,3.0,,30568
8449183,1,1,1,10,2025,2,43,4.0,1823500.0,30569
8449184,1,1,1,10,2025,2,38,11.0,400000.0,30571
8449184,1,4,1,10,2025,1,12,4.0,,30574
8449188,1,1,1,10,2025,1,35,11.0,5190000.0,30576
8449191,1,3,1,10,2025,1,20,4.0,,30579
8449191,1,5,1,10,2025,2,16,4.0,,30581
8449193,1,1,1,10,2025,1,38,9.0,2087000.0,30588
8449194,1,2,1,10,2025,2,18,5.0,1000000.0,30590
8449194,1,3,1,10,2025,2,15,1.0,,30591
8449194,1,4,1,10,2025,2,13,4.0,,30592
8449195,1,1,1,10,2025,1,59,10.0,6500000.0,30593
8449197,1,2,1,10,2025,2,21,4.0,,30596
8449197,1,3,1,10,2025,2,3,1.0,,30597
8449200,1,3,1,10,2025,2,16,5.0,,30602
8449200,1,5,1,10,2025,1,12,3.0,,30604
8449200,1,6,1,10,2025,1,10,3.0,,30605
8449202,1,2,1,10,2025,2,61,3.0,,30608
8449203,1,4,1,10,2025,1,35,8.0,1200000.0,30612
8449204,1,1,1,10,2025,1,60,3.0,1000000.0,30613
8449205,1,1,1,10,2025,1,50,3.0,1000000.0,30615
8449206,1,2,1,10,2025,1,50,3.0,1400000.0,30617
8449210,1,2,1,10,2025,2,20,8.0,,30629
8449214,1,2,1,10,2025,1,21,6.0,0.0,30634
8449214,1,3,1,10,2025,2,20,6.0,,30635
8449216,1,3,1,10,2025,2,7,3.0,,30640
8449217,1,1,1,10,2025,2,51,5.0,,30641
8449220,1,1,1,10,2025,2,30,5.0,300000.0,30649
8449221,1,1,1,10,2025,2,77,3.0,,30654
8449224,1,1,1,10,2025,2,76,3.0,,30659
8449224,1,3,1,10,2025,1,53,4.0,1000000.0,30661
8449226,1,2,1,10,2025,1,52,3.0,400000.0,30666
8449227,1,1,1,10,2025,1,67,3.0,900000.0,30668
8449228,1,2,1,10,2025,2,33,3.0,,30670
8449230,1,1,1,10,2025,1,51,3.0,1000000.0,30676
8449231,1,1,1,10,2025,1,51,3.0,1100000.0,30677
8449234,1,2,1,10,2025,2,41,3.0,,30683
8449235,1,1,1,10,2025,1,39,4.0,700000.0,30686
8449237,1,1,1,10,2025,1,48,10.0,1423500.0,30688
8449239,1,2,1,10,2025,1,11,4.0,,30692
8449240,1,1,1,10,2025,1,50,3.0,,30695
8449241,1,1,1,10,2025,2,39,5.0,200000.0,30696
8449241,1,4,1,10,2025,2,13,4.0,,30699
8449241,1,5,1,10,2025,1,7,3.0,,30700
8449242,1,1,1,10,2025,2,19,5.0,,30702
8449246,1,3,1,10,2025,2,4,1.0,,30713
8449247,1,1,1,10,2025,2,46,5.0,250000.0,30714
8449248,1,1,1,10,2025,1,73,3.0,400000.0,30715
8449249,1,3,1,10,2025,1,17,4.0,,30718
8449249,1,4,1,10,2025,1,5,1.0,,30719
8449253,1,1,1,10,2025,1,53,3.0,840000.0,30723
8449253,1,3,1,10,2025,1,25,10.0,,30725
8449253,1,4,1,10,2025,2,17,4.0,,30726
8449255,1,1,1,10,2025,2,21,5.0,240000.0,30730
8449255,1,2,1,10,2025,1,2,,,30731
8449256,1,1,1,10,2025,2,22,4.0,,30732
8449257,1,2,1,10,2025,2,18,5.0,,30738
8449258,1,1,1,10,2025,1,53,3.0,300000.0,30739
8449259,1,3,1,10,2025,1,4,2.0,,30745
8449260,1,1,1,10,2025,1,32,4.0,1120000.0,30746
8449261,1,3,1,10,2025,1,9,3.0,,30755
8449262,1,1,1,10,2025,1,82,1.0,,30756
8449262,1,3,1,10,2025,1,47,3.0,350000.0,30758
8449263,1,4,1,10,2025,2,14,4.0,,30762
8449263,1,5,1,10,2025,1,11,3.0,,30763
8449264,1,1,1,10,2025,2,63,1.0,40000.0,30765
8449264,1,4,1,10,2025,2,3,2.0,,30768
8449265,1,1,1,10,2025,1,83,1.0,900000.0,30771
8449266,1,1,1,10,2025,1,72,1.0,,30773
8449267,1,1,1,10,2025,2,47,4.0,150000.0,30776
8449268,1,1,1,10,2025,1,80,1.0,,30777
8449268,1,3,1,10,2025,2,63,1.0,,30779
8449269,1,2,1,10,2025,1,45,5.0,1423500.0,30781
8449269,1,3,1,10,2025,1,14,4.0,,30782
8449270,1,1,1,10,2025,2,57,3.0,,30785
8449270,1,2,1,10,2025,1,25,5.0,,30786
8449271,1,2,1,10,2025,2,37,5.0,,30788
8449271,1,3,1,10,2025,1,30,5.0,1000000.0,30789
8449272,1,2,1,10,2025,2,57,3.0,,30794
8449272,1,3,1,10,2025,2,38,5.0,,30795
8449272,1,4,1,10,2025,1,13,4.0,,30796
8449274,1,1,1,10,2025,2,91,3.0,,30800
8449275,1,1,1,10,2025,1,53,3.0,,30804
8449276,1,1,1,10,2025,2,76,1.0,40000.0,30808
8449278,1,1,1,10,2025,2,71,1.0,30000.0,30812
8449280,1,2,1,10,2025,2,21,5.0,200000.0,30816
8449281,1,1,1,10,2025,1,63,5.0,1823500.0,30817
8449287,1,2,1,10,2025,2,43,5.0,250000.0,30831
8449287,1,3,1,10,2025,1,16,5.0,,30832
8449289,1,1,1,10,2025,1,54,3.0,700000.0,30837
8449289,1,4,1,10,2025,1,6,3.0,,30840
8449291,1,2,1,10,2025,2,50,5.0,570000.0,30846
8449294,1,1,1,10,2025,2,34,5.0,800000.0,30852
8449295,1,1,1,10,2025,1,43,3.0,400000.0,30854
8449297,1,3,1,10,2025,2,57,3.0,,30865
8449298,1,1,1,10,2025,1,56,1.0,1573500.0,30867
8449299,1,1,1,10,2025,1,63,3.0,1200000.0,30868
8449299,1,4,1,10,2025,2,22,5.0,,30871
8449300,1,1,1,10,2025,1,58,1.0,650000.0,30872
8449300,1,2,1,10,2025,2,48,3.0,,30873
8449302,1,3,1,10,2025,2,23,10.0,,30878
8449303,1,1,1,10,2025,1,39,4.0,1000000.0,30879
8449303,1,2,1,10,2025,2,36,3.0,,30880
8449303,1,3,1,10,2025,1,19,3.0,800000.0,30881
8449303,1,4,1,10,2025,1,17,3.0,,30882
8449303,1,5,1,10,2025,2,12,4.0,,30883
8449304,1,1,1,10,2025,1,46,1.0,700000.0,30887
8449304,1,2,1,10,2025,2,36,4.0,,30888
8449306,1,3,1,10,2025,1,25,9.0,1923500.0,30895
8449309,1,4,1,10,2025,2,12,4.0,,30907
8449311,1,2,1,10,2025,1,37,4.0,600000.0,30912
8449311,1,6,1,10,2025,2,4,1.0,,30916
8449314,1,5,1,10,2025,1,0,,,30927
8449317,1,1,1,10,2025,2,63,1.0,,30933
8449317,1,3,1,10,2025,2,7,3.0,,30935
8449319,1,1,1,10,2025,1,59,5.0,1600000.0,30937
8449325,1,1,1,10,2025,1,41,4.0,150000.0,30948
8449325,1,2,1,10,2025,2,41,5.0,,30949
8449326,1,1,1,10,2025,2,55,1.0,,30953
8449330,1,1,1,10,2025,2,25,5.0,800000.0,30957
8449330,1,3,1,10,2025,1,8,3.0,,30959
8449330,1,4,1,10,2025,2,3,1.0,,30960
8449331,1,1,1,10,2025,2,41,8.0,1700000.0,30961
8449335,1,1,1,10,2025,2,68,3.0,,30969
8449336,1,1,1,10,2025,2,34,5.0,1500000.0,30971
8449336,1,2,1,10,2025,1,13,4.0,,30972
8449336,1,3,1,10,2025,1,10,3.0,,30973
8449337,1,2,1,10,2025,2,44,3.0,1600000.0,30975
8449339,1,2,1,10,2025,1,34,5.0,2800000.0,30980
8449340,1,1,1,10,2025,2,63,3.0,,30982
8449343,1,3,1,10,2025,2,12,4.0,,30990
8449346,1,2,1,10,2025,2,18,5.0,,30999
8449348,1,1,1,10,2025,1,49,3.0,1700000.0,31004
8449349,1,1,1,10,2025,2,43,5.0,800000.0,31009
8449350,1,2,1,10,2025,2,47,4.0,,31012
8449350,1,3,1,10,2025,2,15,4.0,,31013
8449352,1,1,1,10,2025,1,37,3.0,1600000.0,31017
8449352,1,2,1,10,2025,2,32,5.0,,31018
8449356,1,2,1,10,2025,2,40,3.0,,31028
8449358,1,1,1,10,2025,2,20,4.0,1000000.0,31032
8449358,1,2,1,10,2025,2,2,,,31033
8449358,1,3,1,10,2025,2,18,4.0,1000000.0,31034
8449359,1,2,1,10,2025,2,25,5.0,,31037
8449360,1,1,1,10,2025,1,56,3.0,2000000.0,31039
8449360,1,2,1,10,2025,2,50,3.0,,31040
8449361,1,1,1,10,2025,1,65,3.0,1000000.0,31041
8449362,1,1,1,10,2025,2,67,3.0,,31044
8449364,1,2,1,10,2025,2,76,3.0,,31050
8449366,1,2,1,10,2025,2,18,5.0,,31055
8449368,1,1,1,10,2025,1,41,3.0,2800000.0,31060
8449368,1,2,1,10,2025,2,28,10.0,,31061
8449369,1,1,1,10,2025,1,62,3.0,1000000.0,31062
8449370,1,2,1,10,2025,2,38,5.0,,31065
8449370,1,3,1,10,2025,2,13,4.0,,31066
8449370,1,4,1,10,2025,2,19,5.0,400000.0,31067
8449371,1,2,1,10,2025,2,35,5.0,,31070
8449371,1,3,1,10,2025,2,10,3.0,,31071
8449371,1,4,1,10,2025,2,6,3.0,,31072
8449375,1,2,1,10,2025,2,66,10.0,,31081
8449378,1,2,1,10,2025,2,43,5.0,500000.0,31085
8449379,1,3,1,10,2025,1,11,4.0,,31089
8449380,1,1,1,10,2025,2,44,4.0,500000.0,31091
8449380,1,2,1,10,2025,1,17,4.0,2000000.0,31092
8449380,1,3,1,10,2025,1,15,4.0,1200000.0,31093
8449382,1,3,1,10,2025,1,11,3.0,,31100
8449383,1,2,1,10,2025,2,33,3.0,,31102
8449385,1,1,1,10,2025,1,57,3.0,900000.0,31107
8449385,1,3,1,10,2025,1,25,5.0,1200000.0,31109
8449388,1,1,1,10,2025,2,18,5.0,696000.0,31114
8449393,1,1,1,10,2025,1,56,3.0,1400000.0,31127
8449393,1,3,1,10,2025,1,20,5.0,1200000.0,31129
8449395,1,2,1,10,2025,2,43,5.0,400000.0,31133
8449396,1,1,1,10,2025,1,62,3.0,2200000.0,31135
8449396,1,3,1,10,2025,2,30,5.0,,31137
8449398,1,1,1,10,2025,2,31,5.0,700000.0,31140
8449400,1,1,1,10,2025,1,38,5.0,1800000.0,31144
8449400,1,2,1,10,2025,2,34,5.0,,31145
8449403,1,3,1,10,2025,2,11,3.0,,31151
8449406,1,2,1,10,2025,1,39,3.0,1500000.0,31158
8449408,1,2,1,10,2025,2,39,10.0,,31165
8449408,1,3,1,10,2025,1,4,2.0,,31166
8449410,1,2,1,10,2025,2,63,3.0,,31170
8449411,1,3,1,10,2025,1,28,5.0,1000000.0,31173
8449413,1,1,1,10,2025,1,48,3.0,1200000.0,31175
8449413,1,2,1,10,2025,2,43,3.0,360000.0,31176
8449415,1,1,1,10,2025,1,48,4.0,700000.0,31181
8449415,1,2,1,10,2025,2,40,3.0,,31182
8449417,1,4,1,10,2025,2,20,10.0,,31192
8449420,1,1,1,10,2025,1,31,5.0,3000000.0,31200
8449423,1,1,1,10,2025,1,61,3.0,2000000.0,31210
8449423,1,2,1,10,2025,2,62,3.0,,31211
8449424,1,1,1,10,2025,1,64,1.0,960000.0,31212
8449424,1,2,1,10,2025,1,36,4.0,1000000.0,31213
8449424,1,4,1,10,2025,2,18,5.0,,31215
8449425,1,2,1,10,2025,1,52,3.0,800000.0,31219
8449427,1,3,1,10,2025,1,18,10.0,,31227
8449427,1,4,1,10,2025,1,15,6.0,,31228
8449429,1,3,1,10,2025,2,1,,,31235
8449431,1,1,1,10,2025,2,69,1.0,,31236
8449431,1,2,1,10,2025,2,80,3.0,,31237
8449434,1,1,1,10,2025,1,48,9.0,400000.0,31245
8449435,1,5,1,10,2025,2,2,,,31250
8449436,1,1,1,10,2025,2,73,3.0,,31251
8449437,1,1,1,10,2025,1,63,1.0,800000.0,31253
8449439,1,1,1,10,2025,2,47,3.0,1000000.0,31257
8449439,1,3,1,10,2025,2,10,3.0,,31259
8449442,1,3,1,10,2025,2,11,4.0,,31266
8449442,1,5,1,10,2025,1,4,1.0,,31268
8449444,1,1,1,10,2025,2,20,5.0,1700000.0,31270
8449444,1,2,1,10,2025,1,2,,,31271
8449452,1,1,1,10,2025,1,53,1.0,400000.0,31280
8449455,1,1,1,10,2025,1,72,1.0,,31285
8449456,1,2,1,10,2025,1,11,4.0,,31288
8449457,1,2,1,10,2025,2,48,4.0,,31291
8449457,1,3,1,10,2025,1,24,5.0,1200000.0,31292
8449457,1,4,1,10,2025,2,15,5.0,,31293
8449459,1,1,1,10,2025,1,29,5.0,1250000.0,31295
8449459,1,4,1,10,2025,1,2,,,31298
8449463,1,2,1,10,2025,2,67,3.0,,31303
8449464,1,2,1,10,2025,2,45,3.0,,31305
8449465,1,1,1,10,2025,1,88,3.0,,31308
8449466,1,2,1,10,2025,2,46,3.0,,31311
8449467,1,2,1,10,2025,1,67,3.0,375000.0,31313
8449470,1,1,1,10,2025,2,54,3.0,,31319
8449472,1,1,1,10,2025,1,53,3.0,300000.0,31322
8449472,1,2,1,10,2025,1,25,5.0,300000.0,31323
8449478,1,1,1,10,2025,1,21,4.0,300000.0,31338
8449478,1,2,1,10,2025,2,19,4.0,,31339
8449478,1,3,1,10,2025,2,2,,,31340
8449480,1,1,1,10,2025,2,71,1.0,,31343
8449482,1,1,1,10,2025,2,78,3.0,,31346
8449483,1,1,1,10,2025,1,41,3.0,800000.0,31347
8449483,1,3,1,10,2025,1,18,5.0,500000.0,31349
8449485,1,2,1,10,2025,2,46,3.0,50000.0,31353
8449485,1,4,1,10,2025,1,20,5.0,,31355
8449487,1,2,1,10,2025,2,43,4.0,,31361
8449489,1,1,1,10,2025,2,35,5.0,,31366
8449489,1,3,1,10,2025,2,62,3.0,,31368
8449491,1,1,1,10,2025,1,51,3.0,0.0,31370
8449491,1,4,1,10,2025,1,1,,,31373
8449492,1,2,1,10,2025,2,34,5.0,,31375
8449493,1,5,1,10,2025,1,15,5.0,,31381
8449494,1,1,1,10,2025,2,46,3.0,400000.0,31382
8449495,1,2,1,10,2025,2,27,9.0,,31384
8449497,1,2,1,10,2025,1,53,3.0,1423500.0,31387
8449497,1,3,1,10,2025,2,27,10.0,1423500.0,31388
8449498,1,2,1,10,2025,1,22,4.0,900000.0,31393
8449502,1,1,1,10,2025,2,43,5.0,950000.0,31402
8449503,1,3,1,10,2025,2,73,3.0,,31408
8449505,1,3,1,10,2025,2,41,5.0,1400000.0,31413
8449507,1,2,1,10,2025,2,44,9.0,3200000.0,31417
8449507,1,3,1,10,2025,2,17,5.0,,31418
8449510,1,2,1,10,2025,2,53,5.0,150000.0,31424
8449510,1,3,1,10,2025,2,17,4.0,,31425
8449513,1,1,1,10,2025,2,68,1.0,,31429
8449514,1,2,1,10,2025,2,82,3.0,660000.0,31431
8449515,1,1,1,10,2025,2,79,1.0,,31433
8449517,1,3,1,10,2025,2,11,3.0,,31438
8449517,1,5,1,10,2025,1,0,,,31440
8449518,1,1,1,10,2025,1,60,3.0,1451667.0,31441
8449519,1,2,1,10,2025,2,41,5.0,,31444
8449520,1,2,1,10,2025,2,76,3.0,,31447
8449521,1,1,1,10,2025,1,50,1.0,700000.0,31448
8449522,1,1,1,10,2025,1,51,3.0,710000.0,31451
8449523,1,1,1,10,2025,2,48,4.0,600000.0,31454
8449527,1,1,1,10,2025,2,81,3.0,,31464
8449527,1,2,1,10,2025,1,42,9.0,939500.0,31465
8449528,1,1,1,10,2025,2,72,3.0,,31466
8449530,1,1,1,10,2025,1,54,3.0,950000.0,31472
8449530,1,2,1,10,2025,2,47,5.0,,31473
8449534,1,3,1,10,2025,1,11,4.0,,31484
8449537,1,3,1,10,2025,1,22,8.0,1687000.0,31493
8449538,1,2,1,10,2025,2,49,3.0,550000.0,31495
8449538,1,3,1,10,2025,1,15,4.0,,31496
8449539,1,2,1,10,2025,2,18,10.0,,31498
8449540,1,1,1,10,2025,2,79,3.0,,31499
8449543,1,1,1,10,2025,1,82,3.0,,31506
8449544,1,2,1,10,2025,2,40,5.0,,31509
8449546,1,1,1,10,2025,2,77,3.0,,31513
8449549,1,1,1,10,2025,1,34,5.0,1600000.0,31520
8449549,1,4,1,10,2025,1,14,4.0,,31523
8449550,1,1,1,10,2025,1,74,10.0,,31525
8449553,1,2,1,10,2025,2,66,3.0,1700000.0,31527
8449555,1,1,1,10,2025,1,29,5.0,1800000.0,31530
8449555,1,3,1,10,2025,2,3,1.0,,31532
8449555,1,4,1,10,2025,2,31,3.0,1600000.0,31533
8449556,1,2,1,10,2025,2,38,3.0,200000.0,31536
8449557,1,1,1,10,2025,1,66,3.0,1000000.0,31537
8449562,1,2,1,10,2025,2,64,3.0,,31544
8449563,1,1,1,10,2025,1,79,1.0,,31545
8449563,1,3,1,10,2025,2,42,6.0,,31547
8449564,1,2,1,10,2025,2,25,6.0,,31551
8449568,1,2,1,10,2025,2,34,6.0,1200000.0,31559
8449568,1,3,1,10,2025,2,12,4.0,,31560
8449570,1,1,1,10,2025,1,45,11.0,7000000.0,31561
8449572,1,1,1,10,2025,2,82,3.0,,31564
8449573,1,1,1,10,2025,1,72,5.0,,31565
8449575,1,1,1,10,2025,1,68,3.0,900000.0,31570
8449575,1,2,1,10,2025,2,56,4.0,,31571
8449576,1,1,1,10,2025,1,54,3.0,,31572
8449577,1,1,1,10,2025,2,62,3.0,,31574
8449577,1,4,1,10,2025,1,31,6.0,750000.0,31577
8449579,1,3,1,10,2025,1,14,4.0,,31581
8449581,1,1,1,10,2025,1,46,4.0,1000000.0,31582
8449581,1,2,1,10,2025,2,46,4.0,,31583
8449581,1,4,1,10,2025,1,15,4.0,400000.0,31585
8449582,1,1,1,10,2025,1,57,5.0,,31587
8449589,1,3,1,10,2025,1,18,5.0,,31604
8449589,1,5,1,10,2025,1,13,4.0,,31606
8449591,1,3,1,10,2025,1,11,4.0,,31611
8449593,1,1,1,10,2025,1,64,3.0,500000.0,31619
8449593,1,3,1,10,2025,2,15,4.0,,31621
8449593,1,4,1,10,2025,1,14,4.0,,31622
8449594,1,3,1,10,2025,1,16,5.0,,31625
8449595,1,1,1,10,2025,2,65,3.0,700000.0,31627
8449597,1,5,1,10,2025,1,85,1.0,,31637
8449599,1,1,1,10,2025,2,69,3.0,,31638
8449601,1,3,1,10,2025,2,17,8.0,,31643
8449604,1,2,1,10,2025,1,8,3.0,,31648
8449608,1,3,1,10,2025,1,5,2.0,,31654
8449610,1,1,1,10,2025,2,73,10.0,,31658
8449614,1,1,1,10,2025,2,41,3.0,1500000.0,31661
8449617,1,1,1,10,2025,2,36,3.0,900000.0,31669
8449622,1,1,1,10,2025,2,76,3.0,400000.0,31676
8449622,1,3,1,10,2025,1,36,1.0,,31678
8449623,1,1,1,10,2025,2,49,3.0,,31679
8449624,1,2,1,10,2025,1,60,3.0,1423000.0,31681
8449626,1,2,1,10,2025,1,8,3.0,,31686
8449626,1,3,1,10,2025,1,2,,,31687
8449627,1,3,1,10,2025,2,19,8.0,,31690
8449629,1,1,1,10,2025,1,65,1.0,,31694
8449631,1,1,1,10,2025,2,37,5.0,,31698
8449632,1,3,1,10,2025,2,1,,,31702
8449636,1,2,1,10,2025,2,14,4.0,,31708
8449637,1,2,1,10,2025,1,15,4.0,,31711
8449640,1,1,1,10,2025,1,42,10.0,,31717
8449641,1,1,1,10,2025,2,43,3.0,,31722
8449641,1,3,1,10,2025,2,16,5.0,,31724
8449642,1,1,1,10,2025,2,22,5.0,,31726
8449642,1,2,1,10,2025,1,5,1.0,,31727
8449643,1,2,1,10,2025,2,39,8.0,1700000.0,31729
8449643,1,5,1,10,2025,1,4,1.0,,31732
8449645,1,1,1,10,2025,2,25,4.0,205000.0,31735
8449646,1,1,1,10,2025,2,45,5.0,,31738
8449647,1,1,1,10,2025,1,65,1.0,,31741
8449647,1,5,1,10,2025,2,13,3.0,,31745
8449648,1,1,1,10,2025,1,82,1.0,,31747
8449651,1,2,1,10,2025,2,15,4.0,,31759
8449651,1,3,1,10,2025,1,13,4.0,,31760
8449652,1,2,1,10,2025,2,33,1.0,,31763
8449653,1,2,1,10,2025,2,29,1.0,,31768
8449654,1,2,1,10,2025,2,23,4.0,,31774
8449655,1,2,1,10,2025,2,49,1.0,,31778
8449655,1,3,1,10,2025,1,13,1.0,,31779
8449655,1,5,1,10,2025,1,6,1.0,,31781
8449657,1,1,1,10,2025,1,50,5.0,2000000.0,31787
8449658,1,1,1,10,2025,1,49,5.0,1000000.0,31788
8449659,1,4,1,10,2025,2,3,1.0,,31793
8449660,1,1,1,10,2025,1,51,3.0,800000.0,31794
8449661,1,1,1,10,2025,1,27,4.0,1500000.0,31796
8449661,1,3,1,10,2025,1,2,,,31798
8449663,1,2,1,10,2025,2,28,8.0,98000.0,31800
8449663,1,3,1,10,2025,1,24,5.0,310000.0,31801
8449663,1,4,1,10,2025,2,10,3.0,,31802
8449666,1,1,1,10,2025,1,49,5.0,670000.0,31805
8449667,1,1,1,10,2025,1,61,3.0,400000.0,31808
8449668,1,1,1,10,2025,1,29,5.0,600000.0,31809
8449670,1,4,1,10,2025,1,16,4.0,,31816
8449671,1,3,1,10,2025,1,13,4.0,,31819
8449673,1,1,1,10,2025,2,60,3.0,,31822
8449674,1,1,1,10,2025,1,65,3.0,1300000.0,31825
8449674,1,2,1,10,2025,2,53,4.0,,31826
8449675,1,1,1,10,2025,1,41,3.0,1200000.0,31827
8449675,1,4,1,10,2025,2,13,4.0,,31830
8449676,1,1,1,10,2025,2,61,3.0,,31831
8449677,1,1,1,10,2025,1,43,4.0,1350000.0,31833
8449677,1,2,1,10,2025,2,34,5.0,,31834
8449677,1,3,1,10,2025,2,9,3.0,,31835
8449678,1,1,1,10,2025,1,67,3.0,700000.0,31836
8449679,1,1,1,10,2025,2,60,3.0,,31839
8449680,1,1,1,10,2025,1,32,3.0,2000000.0,31840
8449680,1,2,1,10,2025,2,51,3.0,,31841
8449686,1,1,1,10,2025,1,48,1.0,900000.0,31856
8449691,1,3,1,10,2025,1,10,4.0,,31865
8449692,1,1,1,10,2025,2,51,3.0,1000000.0,31866
8449694,1,1,1,10,2025,2,63,3.0,,31869
8449695,1,1,1,10,2025,2,25,4.0,,31872
8449696,1,2,1,10,2025,1,32,5.0,1200000.0,31875
8449697,1,4,1,10,2025,2,13,3.0,,31880
8449698,1,1,1,10,2025,1,38,3.0,,31882
8449698,1,2,1,10,2025,2,32,3.0,,31883
8449698,1,4,1,10,2025,2,14,4.0,,31885
8449698,1,8,1,10,2025,2,3,1.0,,31889
8449700,1,1,1,10,2025,2,29,4.0,,31894
8449701,1,3,1,10,2025,1,14,4.0,,31899
8449702,1,1,1,10,2025,2,36,5.0,1150000.0,31900
8449705,1,1,1,10,2025,1,46,3.0,,31906
8449705,1,2,1,10,2025,2,46,1.0,,31907
8449705,1,4,1,10,2025,2,15,4.0,,31909
8449707,1,3,1,10,2025,1,14,4.0,,31917
8449707,1,6,1,10,2025,2,5,2.0,,31920
8449707,1,8,1,10,2025,1,1,,,31922
8449713,1,1,1,10,2025,2,41,4.0,,31937
8449713,1,3,1,10,2025,2,10,4.0,,31939
8449715,1,2,1,10,2025,1,43,3.0,1600000.0,31943
8449716,1,1,1,10,2025,1,35,5.0,2000000.0,31946
8449717,1,2,1,10,2025,2,14,3.0,,31951
8449719,1,1,1,10,2025,2,24,8.0,,31953
8449720,1,2,1,10,2025,1,41,5.0,1100000.0,31956
8449720,1,4,1,10,2025,1,15,5.0,,31958
8449720,1,5,1,10,2025,2,13,4.0,,31959
8449722,1,3,1,10,2025,1,8,3.0,,31964
8449725,1,1,1,10,2025,2,53,5.0,,31970
8449726,1,2,1,10,2025,2,10,3.0,,31973
8449727,1,1,1,10,2025,2,39,5.0,,31974
8449727,1,3,1,10,2025,1,14,4.0,,31976
8449728,1,3,1,10,2025,2,10,3.0,,31979
8449730,1,3,1,10,2025,1,2,,,31984
8449733,1,1,1,10,2025,2,18,5.0,,31990
8449734,1,1,1,10,2025,1,44,1.0,,31991
8449735,1,1,1,10,2025,2,26,5.0,,31992
8449736,1,2,1,10,2025,2,41,3.0,,31995
8449738,1,2,1,10,2025,1,35,5.0,700000.0,32000
8449741,1,2,1,10,2025,2,32,4.0,,32005
8449743,1,2,1,10,2025,2,53,3.0,,32010
8449743,1,3,1,10,2025,1,27,4.0,550000.0,32011
8449745,1,1,1,10,2025,2,68,4.0,200000.0,32016
8449745,1,2,1,10,2025,1,82,3.0,,32017
8449746,1,2,1,10,2025,1,5,1.0,,32019
8449747,1,3,1,10,2025,2,6,3.0,,32022
8449749,1,2,1,10,2025,2,16,5.0,,32026
8449750,1,1,1,10,2025,2,72,3.0,,32028
8449751,1,2,1,10,2025,1,6,2.0,,32030
8449754,1,1,1,10,2025,2,72,3.0,250000.0,32035
8449755,1,1,1,10,2025,2,51,4.0,1500000.0,32036
8449755,1,4,1,10,2025,2,14,4.0,,32039
8449757,1,1,1,10,2025,1,68,4.0,300000.0,32042
8449757,1,3,1,10,2025,1,8,3.0,,32044
8449758,1,3,1,10,2025,2,0,,,32047
8449759,1,2,1,10,2025,2,37,5.0,,32049
8449760,1,2,1,10,2025,2,29,5.0,300000.0,32051
8449764,1,3,1,10,2025,1,6,3.0,,32060
8449766,1,1,1,10,2025,2,25,4.0,,32064
8449767,1,1,1,10,2025,2,24,5.0,800000.0,32067
8449769,1,1,1,10,2025,1,54,3.0,800000.0,32071
8449770,1,1,1,10,2025,2,26,5.0,600000.0,32075
8449771,1,1,1,10,2025,1,27,10.0,700000.0,32077
8449772,1,1,1,10,2025,2,33,5.0,,32079
8449772,1,3,1,10,2025,1,14,4.0,,32081
8449773,1,1,1,10,2025,2,79,1.0,,32084
8449774,1,1,1,10,2025,1,46,5.0,700000.0,32085
8449774,1,2,1,10,2025,1,20,5.0,2500000.0,32086
8449776,1,1,1,10,2025,1,84,1.0,,32089
8449778,1,3,1,10,2025,2,12,3.0,,32093
8449780,1,1,1,10,2025,1,31,4.0,600000.0,32096
8449781,1,1,1,10,2025,1,86,1.0,,32099
8449782,1,2,1,10,2025,1,16,5.0,700000.0,32101
8449783,1,1,1,10,2025,2,62,3.0,1700000.0,32102
8449784,1,2,1,10,2025,2,84,1.0,,32104
8449785,1,1,1,10,2025,1,34,5.0,2200000.0,32105
8449787,1,1,1,10,2025,2,57,1.0,500000.0,32107
8449787,1,2,1,10,2025,2,19,5.0,,32108
8449789,1,2,1,10,2025,2,55,3.0,400000.0,32114
8449791,1,6,1,10,2025,2,12,4.0,,32121
8449791,1,7,1,10,2025,2,3,1.0,,32122
8449796,1,2,1,10,2025,1,1,,,32129
8449797,1,1,1,10,2025,2,50,3.0,550000.0,32130
8449798,1,1,1,10,2025,1,61,3.0,6400000.0,32131
8449804,1,1,1,10,2025,1,42,10.0,900000.0,32147
8449804,1,3,1,10,2025,1,16,5.0,,32149
8449809,1,1,1,10,2025,2,59,4.0,300000.0,32159
8449810,1,1,1,10,2025,2,85,1.0,200000.0,32161
8449811,1,1,1,10,2025,2,63,11.0,2800000.0,32162
8449813,1,1,1,10,2025,1,65,5.0,,32166
8449814,1,2,1,10,2025,2,27,4.0,,32169
8449815,1,1,1,10,2025,2,51,3.0,600000.0,32172
8449817,1,3,1,10,2025,2,9,3.0,,32177
8449821,1,4,1,10,2025,2,5,3.0,,32186
8449821,1,5,1,10,2025,2,12,4.0,,32187
8449822,1,2,1,10,2025,1,45,5.0,900000.0,32189
8449822,1,6,1,10,2025,1,5,2.0,,32193
8449824,1,1,1,10,2025,1,43,5.0,1400000.0,32198
8449827,1,1,1,10,2025,2,39,10.0,4500000.0,32204
8449827,1,3,1,10,2025,1,14,4.0,,32206
8449829,1,2,1,10,2025,2,10,3.0,,32213
8449831,1,2,1,10,2025,1,22,5.0,7500000.0,32217
8449833,1,1,1,10,2025,2,40,3.0,400000.0,32219
8449834,1,3,1,10,2025,1,17,4.0,600000.0,32223
8449838,1,1,1,10,2025,2,41,3.0,,32228
8449839,1,1,1,10,2025,1,35,5.0,1423000.0,32230
8449840,1,3,1,10,2025,1,25,5.0,1423500.0,32236
8449843,1,2,1,10,2025,1,35,5.0,2500000.0,32242
8449843,1,3,1,10,2025,2,30,10.0,,32243
8449844,1,1,1,10,2025,1,45,8.0,2800000.0,32245
8449844,1,3,1,10,2025,2,14,4.0,,32247
8449846,1,2,1,10,2025,1,30,10.0,2000000.0,32252
8449847,1,1,1,10,2025,1,78,5.0,,32253
8449847,1,3,1,10,2025,1,51,8.0,380000.0,32255
8449849,1,1,1,10,2025,1,36,9.0,3250000.0,32257
8449849,1,2,1,10,2025,2,13,4.0,,32258
8449850,1,3,1,10,2025,1,67,10.0,,32261
8449850,1,4,1,10,2025,1,65,4.0,,32262
8449852,1,3,1,10,2025,1,24,5.0,1423500.0,32269
8449853,1,8,1,10,2025,1,0,,,32277
8449855,1,1,1,10,2025,1,53,5.0,2500000.0,32284
8449855,1,2,1,10,2025,2,54,5.0,1423000.0,32285
8449857,1,2,1,10,2025,2,64,3.0,600000.0,32290
8449859,1,1,1,10,2025,2,55,3.0,1426000.0,32295
8449859,1,7,1,10,2025,1,14,4.0,,32301
8449860,1,1,1,10,2025,2,56,4.0,,32302
8449861,1,1,1,10,2025,2,44,11.0,4270000.0,32305
8449865,1,1,1,10,2025,1,69,4.0,2000000.0,32311
8449866,1,1,1,10,2025,1,77,1.0,,32315
8449868,1,1,1,10,2025,2,33,3.0,90000.0,32318
8449868,1,3,1,10,2025,1,3,1.0,,32320
8449868,1,4,1,10,2025,2,0,,,32321
8449869,1,2,1,10,2025,2,35,5.0,1423500.0,32323
8449869,1,3,1,10,2025,1,12,4.0,,32324
8449870,1,1,1,10,2025,2,86,3.0,,32325
8449870,1,2,1,10,2025,2,57,10.0,,32326
8449870,1,3,1,10,2025,1,16,5.0,,32327
8449871,1,3,1,10,2025,1,4,1.0,,32330
8449879,1,2,1,10,2025,1,26,5.0,,32342
8449884,1,1,1,10,2025,1,68,10.0,,32349
8449885,1,2,1,10,2025,2,20,9.0,,32351
8449886,1,1,1,10,2025,2,89,4.0,,32352
8449886,1,2,1,10,2025,2,62,5.0,,32353
8449887,1,1,1,10,2025,1,67,5.0,,32354
8449888,1,3,1,10,2025,2,16,4.0,,32357
8449889,1,1,1,10,2025,1,64,10.0,,32358
8449889,1,2,1,10,2025,2,58,5.0,,32359
8449889,1,3,1,10,2025,1,25,10.0,4000000.0,32360
8449891,1,1,1,10,2025,1,56,9.0,4000000.0,32363
8449891,1,3,1,10,2025,1,29,5.0,2000000.0,32365
8449898,1,1,1,10,2025,1,33,8.0,1500000.0,32380
8449898,1,4,1,10,2025,1,2,,,32383
8449899,1,2,1,10,2025,1,49,3.0,,32385
8449900,1,2,1,10,2025,2,4,2.0,,32388
8449901,1,1,1,10,2025,1,67,4.0,,32389
8449905,1,1,1,10,2025,1,35,8.0,3000000.0,32396
8449906,1,1,1,10,2025,2,53,10.0,,32397
8449906,1,2,1,10,2025,2,31,10.0,1800000.0,32398
8449908,1,2,1,10,2025,2,22,5.0,7000000.0,32401
8449909,1,3,1,10,2025,2,6,3.0,,32404
8449909,1,4,1,10,2025,2,31,5.0,1450000.0,32405
8449911,1,1,1,10,2025,1,31,10.0,1450000.0,32408
8449912,1,2,1,10,2025,2,52,4.0,,32410
8449913,1,1,1,10,2025,2,63,13.0,,32411
8449915,1,1,1,10,2025,1,73,10.0,,32413
8449915,1,3,1,10,2025,1,16,5.0,,32415
8449919,1,1,1,10,2025,2,39,5.0,120000.0,32422
8449920,1,2,1,10,2025,2,53,4.0,600000.0,32426
8449920,1,3,1,10,2025,2,31,10.0,1423500.0,32427
8449922,1,2,1,10,2025,2,65,5.0,400000.0,32430
8449923,1,3,1,10,2025,1,24,8.0,2400000.0,32434
8449926,1,1,1,10,2025,1,59,3.0,,32437
8449928,1,1,1,10,2025,2,56,10.0,,32446
8449928,1,2,1,10,2025,1,50,3.0,,32447
8449931,1,1,1,10,2025,2,65,4.0,500000.0,32455
8449931,1,3,1,10,2025,2,36,6.0,800000.0,32457
8449931,1,4,1,10,2025,2,11,3.0,,32458
8449932,1,2,1,10,2025,2,21,9.0,1923500.0,32460
8449935,1,2,1,10,2025,2,39,5.0,,32466
8449935,1,3,1,10,2025,1,12,4.0,,32467
8449936,1,2,1,10,2025,2,32,9.0,,32471
8449936,1,4,1,10,2025,1,2,,,32473
8449938,1,2,1,10,2025,2,21,8.0,200000.0,32477
8449939,1,1,1,10,2025,1,42,9.0,700000.0,32478
8449942,1,5,1,10,2025,1,60,5.0,,32493
8449943,1,1,1,10,2025,1,20,10.0,,32495
8449944,1,1,1,10,2025,1,40,5.0,,32496
8449945,1,5,1,10,2025,1,52,3.0,1200000.0,32503
8449946,1,3,1,10,2025,2,15,6.0,,32506
8449948,1,2,1,10,2025,1,57,3.0,300000.0,32515
8449949,1,2,1,10,2025,1,22,9.0,1420000.0,32518
8449949,1,3,1,10,2025,1,39,8.0,1420000.0,32519
8449950,1,1,1,10,2025,2,60,3.0,1423500.0,32520
8449952,1,2,1,10,2025,1,62,4.0,,32527
8449952,1,4,1,10,2025,1,21,10.0,,32529
8449953,1,2,1,10,2025,1,31,5.0,,32531
8449954,1,1,1,10,2025,2,78,1.0,,32532
8449954,1,2,1,10,2025,1,41,8.0,,32533
8449956,1,1,1,10,2025,1,83,3.0,,32541
8449956,1,2,1,10,2025,2,67,4.0,,32542
8449956,1,3,1,10,2025,1,48,10.0,12.0,32543
8449959,1,2,1,10,2025,2,68,5.0,,32547
8449961,1,1,1,10,2025,2,40,8.0,,32550
8449961,1,2,1,10,2025,2,15,5.0,,32551
8449961,1,3,1,10,2025,1,9,3.0,,32552
8449962,1,2,1,10,2025,2,21,5.0,,32554
8449964,1,1,1,10,2025,2,25,10.0,2500000.0,32558
8449966,1,1,1,10,2025,2,40,5.0,600000.0,32560
8449967,1,4,1,10,2025,2,27,8.0,,32566
8449967,1,6,1,10,2025,1,7,3.0,,32568
8449968,1,1,1,10,2025,2,40,3.0,500000.0,32569
8449968,1,2,1,10,2025,1,42,3.0,900000.0,32570
8449968,2,4,2,10,2025,1,4,2.0,,32578
8449968,3,1,3,10,2025,1,38,5.0,1300000.0,32579
8449969,1,3,1,10,2025,2,6,3.0,,32585
8449969,1,4,1,10,2025,1,4,2.0,,32586
8449970,1,3,1,10,2025,2,6,3.0,,32589
8449971,1,3,1,10,2025,2,28,9.0,1623500.0,32594
8449972,1,2,1,10,2025,2,16,4.0,,32599
8449973,1,2,1,10,2025,2,37,5.0,,32601
8449974,1,1,1,10,2025,2,24,5.0,,32604
8449975,1,1,1,10,2025,2,23,8.0,,32605
8449975,1,3,1,10,2025,1,3,1.0,,32607
8449976,1,1,1,10,2025,2,70,3.0,,32608
8449977,1,4,1,10,2025,2,5,2.0,,32613
8449978,1,1,1,10,2025,1,73,3.0,,32614
8449978,1,2,1,10,2025,2,65,3.0,600000.0,32615
8449978,1,3,1,10,2025,2,44,1.0,,32616
8449978,1,4,1,10,2025,1,33,5.0,,32617
8449979,1,3,1,10,2025,2,8,3.0,,32620
8449982,1,3,1,10,2025,2,7,3.0,,32627
8449982,1,4,1,10,2025,2,19,5.0,1423500.0,32628
8449984,1,1,1,10,2025,2,61,4.0,,32632
8449988,1,1,1,10,2025,2,36,4.0,300000.0,32638
8449988,1,2,1,10,2025,1,53,5.0,800000.0,32639
8449988,1,3,1,10,2025,2,17,5.0,,32640
8449988,1,4,1,10,2025,2,15,5.0,,32641
8449988,1,5,1,10,2025,2,11,4.0,,32642
8449990,1,1,1,10,2025,2,68,3.0,,32644
8449990,1,2,1,10,2025,2,40,10.0,2800000.0,32645
8449990,1,3,1,10,2025,1,3,1.0,,32646
8449994,1,1,1,10,2025,1,48,12.0,3500000.0,32653
8449995,1,1,1,10,2025,1,37,10.0,7000000.0,32656
8449999,1,1,1,10,2025,2,57,4.0,,32664
8450000,1,2,1,10,2025,1,34,3.0,1423500.0,32666
8450001,1,1,1,10,2025,1,27,6.0,1423500.0,32668
8450002,1,2,1,10,2025,2,66,3.0,900000.0,32670
8450003,1,1,1,10,2025,1,62,4.0,600000.0,32671
8450005,1,1,1,10,2025,1,40,5.0,1423500.0,32675
8450005,1,3,1,10,2025,2,17,5.0,,32677
8450006,1,3,1,10,2025,1,18,5.0,,32680
8450009,1,1,1,10,2025,2,71,4.0,,32684
8450012,1,1,1,10,2025,2,61,5.0,,32688
8450016,1,2,1,10,2025,1,71,5.0,,32694
8450017,1,1,1,10,2025,1,50,3.0,700000.0,32695
8450018,1,2,1,10,2025,1,67,10.0,1800000.0,32697
8450020,1,1,1,10,2025,1,37,4.0,2000000.0,32701
8450020,1,3,1,10,2025,1,10,3.0,,32703
8450023,1,1,1,10,2025,2,33,5.0,1423500.0,32705
8450023,1,4,1,10,2025,1,10,3.0,,32708
8450024,1,1,1,10,2025,2,80,1.0,,32710
8450025,1,2,1,10,2025,2,22,5.0,1423500.0,32715
8450027,1,1,1,10,2025,2,38,1.0,1400000.0,32719
8450029,1,4,1,10,2025,2,30,10.0,,32727
8450030,1,1,1,10,2025,2,65,4.0,600000.0,32728
8450032,1,1,1,10,2025,2,22,5.0,1800000.0,32733
8450033,1,3,1,10,2025,2,6,4.0,,32736
8450036,1,2,1,10,2025,1,25,8.0,2050000.0,32742
8450039,1,2,1,10,2025,2,17,5.0,,32747
8450041,1,1,1,10,2025,2,39,12.0,5880000.0,32749
8450042,1,2,1,10,2025,1,25,11.0,,32751
8450044,1,1,1,10,2025,1,49,5.0,2000000.0,32756
8450044,2,2,2,10,2025,1,4,1.0,,32760
8450045,1,1,1,10,2025,2,47,3.0,600000.0,32761
8450045,1,4,1,10,2025,1,27,4.0,1600000.0,32764
8450046,1,3,1,10,2025,2,34,5.0,2100000.0,32768
8450046,1,4,1,10,2025,1,27,9.0,1000000.0,32769
8450047,1,1,1,10,2025,2,29,5.0,,32770
8450047,1,2,1,10,2025,1,7,3.0,,32771
8450049,1,1,1,10,2025,1,48,10.0,2526000.0,32775
8450051,1,1,1,10,2025,2,76,8.0,,32778
8450052,1,1,1,10,2025,2,87,3.0,,32781
8450054,1,1,1,10,2025,1,59,8.0,2900000.0,32785
8450055,1,4,1,10,2025,1,26,4.0,,32791
8450056,1,1,1,10,2025,2,41,10.0,2500000.0,32794
8450056,1,2,1,10,2025,2,15,5.0,,32795
8450059,1,1,1,10,2025,2,34,10.0,,32800
8450060,1,1,1,10,2025,1,55,12.0,7500000.0,32802
8450060,1,3,1,10,2025,2,96,3.0,,32804
8450062,1,2,1,10,2025,2,80,3.0,,32808
8450063,1,2,1,10,2025,1,28,10.0,2100000.0,32811
8450065,1,1,1,10,2025,2,56,3.0,,32814
8450065,1,4,1,10,2025,1,17,8.0,,32817
8450066,1,1,1,10,2025,1,69,4.0,,32819
8450066,1,2,1,10,2025,1,33,8.0,,32820
8450069,1,1,1,10,2025,2,31,8.0,1600000.0,32823
8450069,1,4,1,10,2025,2,4,2.0,,32826
8450071,1,1,1,10,2025,1,39,10.0,3000000.0,32832
8450074,1,4,1,10,2025,2,15,5.0,,32841
8450075,1,1,1,10,2025,2,39,5.0,,32843
8450075,1,2,1,10,2025,2,12,4.0,,32844
8450076,1,2,1,10,2025,1,39,9.0,1423500.0,32847
8450076,1,4,1,10,2025,2,11,4.0,,32849
8450077,1,6,1,10,2025,2,26,10.0,,32855
8450079,1,1,1,10,2025,2,67,3.0,,32860
8450080,1,1,1,10,2025,1,30,10.0,,32861
8450082,1,1,1,10,2025,1,85,4.0,,32866
8450085,1,3,1,10,2025,2,27,10.0,2400000.0,32874
8450086,1,3,1,10,2025,1,60,4.0,1423000.0,32877
8450087,1,1,1,10,2025,2,71,3.0,,32878
8450088,1,3,1,10,2025,2,32,3.0,,32882
8450088,1,4,1,10,2025,1,2,,,32883
8450090,1,2,1,10,2025,2,67,4.0,,32889
8450090,1,3,1,10,2025,1,29,8.0,800000.0,32890
8450090,1,4,1,10,2025,2,32,4.0,500000.0,32891
8450094,1,1,1,10,2025,1,44,5.0,,32902
8450095,1,2,1,10,2025,2,57,3.0,4300000.0,32904
8450095,1,3,1,10,2025,1,54,13.0,8000000.0,32905
8450097,1,1,1,10,2025,2,46,5.0,1000000.0,32908
8450097,1,3,1,10,2025,1,7,3.0,,32910
8450102,1,1,1,10,2025,1,46,5.0,1400000.0,32918
8450103,1,2,1,10,2025,2,65,3.0,,32920
8450104,1,1,1,10,2025,2,41,10.0,,32921
8450107,1,1,1,10,2025,2,51,4.0,200000.0,32926
8450107,1,2,1,10,2025,1,47,1.0,600000.0,32927
8450109,1,1,1,10,2025,1,29,12.0,3000000.0,32932
8450113,1,1,1,10,2025,1,57,3.0,1400000.0,32938
8450118,1,2,1,10,2025,2,69,3.0,,32943
8450120,1,2,1,10,2025,1,41,11.0,,32950
8450120,1,3,1,10,2025,1,34,11.0,,32951
8450123,1,1,1,10,2025,2,39,5.0,700000.0,32954
8450123,1,2,1,10,2025,2,8,3.0,,32955
8450124,1,1,1,10,2025,1,39,10.0,,32956
8450127,1,2,1,10,2025,1,12,4.0,,32960
8450129,1,2,1,10,2025,2,54,8.0,,32963
8450132,1,1,1,10,2025,2,56,3.0,800000.0,32971
8450133,1,1,1,10,2025,1,39,8.0,,32976
8450133,1,3,1,10,2025,2,10,3.0,,32978
8450134,1,1,1,10,2025,2,71,3.0,,32979
8450135,1,1,1,10,2025,2,75,1.0,,32980
8450135,1,2,1,10,2025,2,55,5.0,500000.0,32981
8450135,1,3,1,10,2025,1,48,5.0,900000.0,32982
8450136,1,1,1,10,2025,1,54,3.0,600000.0,32984
8450137,1,1,1,10,2025,1,41,1.0,1200000.0,32985
8450137,1,2,1,10,2025,1,11,3.0,,32986
8450139,1,2,1,10,2025,2,57,3.0,,32989
8450139,1,5,1,10,2025,2,25,5.0,,32992
8450140,1,1,1,10,2025,1,37,5.0,1423500.0,32994
8450141,1,1,1,10,2025,2,34,5.0,1700000.0,32997
8450141,1,2,1,10,2025,1,16,4.0,,32998
8450142,1,3,1,10,2025,1,1,,,33001
8450144,1,1,1,10,2025,1,59,5.0,2900000.0,33003
8450147,1,1,1,10,2025,1,77,3.0,,33008
8450147,1,5,1,10,2025,1,25,10.0,1423500.0,33012
8450148,1,2,1,10,2025,2,32,5.0,,33014
8450149,1,4,1,10,2025,1,15,4.0,,33019
8450150,1,2,1,10,2025,2,69,5.0,,33021
8450150,1,3,1,10,2025,1,46,5.0,1300000.0,33022
8450154,1,4,1,10,2025,2,20,3.0,150000.0,33036
8450155,1,2,1,10,2025,1,47,3.0,,33041
8450155,1,4,1,10,2025,2,41,5.0,,33043
8450155,1,5,1,10,2025,1,15,4.0,,33044
8450158,1,1,1,10,2025,2,29,5.0,,33047
8450158,1,2,1,10,2025,1,36,5.0,,33048
8450160,1,1,1,10,2025,1,86,3.0,,33052
8450161,1,7,1,10,2025,2,49,10.0,3300000.0,33060
8450165,1,2,1,10,2025,2,56,11.0,5694000.0,33070
8450167,1,2,1,10,2025,2,20,5.0,1400000.0,33074
8450167,1,3,1,10,2025,1,17,5.0,,33075
8450168,1,1,1,10,2025,2,38,5.0,1423500.0,33076
8450170,1,2,1,10,2025,2,24,10.0,1200000.0,33083
8450171,1,4,1,10,2025,1,8,3.0,,33088
8450171,1,5,1,10,2025,2,2,,,33089
8450172,1,1,1,10,2025,2,52,4.0,,33090
8450173,1,1,1,10,2025,2,64,5.0,,33093
8450174,1,1,1,10,2025,2,95,4.0,,33094
8450177,1,1,1,10,2025,2,44,10.0,1423500.0,33099
8450179,1,1,1,10,2025,1,60,8.0,200000.0,33106
8450180,1,1,1,10,2025,1,68,3.0,868500.0,33107
8450181,1,3,1,10,2025,1,30,3.0,1475000.0,33111
8450182,1,2,1,10,2025,1,56,5.0,2160000.0,33114
8450184,1,2,1,10,2025,2,15,5.0,,33119
8450186,1,1,1,10,2025,1,33,5.0,700000.0,33121
8450191,1,1,1,10,2025,2,68,5.0,,33133
8450192,1,4,1,10,2025,2,27,10.0,1600000.0,33137
8450198,1,1,1,10,2025,2,48,1.0,600000.0,33147
8450198,1,3,1,10,2025,1,15,4.0,,33149
8450199,1,2,1,10,2025,2,4,2.0,,33153
8450199,1,3,1,10,2025,1,2,,,33154
8450204,1,1,1,10,2025,2,59,8.0,,33165
8450204,1,2,1,10,2025,2,24,10.0,,33166
8450209,1,2,1,10,2025,2,56,10.0,,33178
8450210,1,2,1,10,2025,2,11,3.0,,33182
8450211,1,1,1,10,2025,1,43,8.0,2200000.0,33183
8450212,1,1,1,10,2025,2,54,3.0,600000.0,33185
8450213,1,1,1,10,2025,2,42,5.0,200000.0,33188
8450214,1,1,1,10,2025,1,61,12.0,6300000.0,33194
8450216,1,1,1,10,2025,1,56,5.0,,33199
8450216,1,5,1,10,2025,1,7,3.0,,33203
8450217,1,1,1,10,2025,2,30,8.0,500000.0,33205
8450217,1,3,1,10,2025,2,3,1.0,,33207
8450220,1,1,1,10,2025,2,60,3.0,250000.0,33212
8450221,1,5,1,10,2025,2,12,3.0,,33218
8450222,1,1,1,10,2025,1,40,11.0,,33219
8450223,1,1,1,10,2025,2,23,8.0,,33223
8450228,1,1,1,10,2025,2,46,8.0,,33230
8450229,1,4,1,10,2025,2,29,10.0,3300000.0,33235
8450230,1,2,1,10,2025,2,29,8.0,1500000.0,33238
8450233,1,1,1,10,2025,2,23,5.0,,33243
8450233,1,2,1,10,2025,2,1,,,33244
8450234,1,3,1,10,2025,2,14,4.0,,33247
8450234,1,4,1,10,2025,2,12,3.0,,33248
8450237,1,2,1,10,2025,1,39,4.0,1200000.0,33252
8450237,1,4,1,10,2025,1,15,4.0,,33254
8450239,1,1,1,10,2025,2,32,11.0,3420000.0,33257
8450240,1,2,1,10,2025,2,62,3.0,,33262
8450243,1,3,1,10,2025,1,46,5.0,1200000.0,33268
8450243,1,5,1,10,2025,1,13,3.0,,33270
8450243,1,6,1,10,2025,2,7,3.0,,33271
8450245,1,1,1,10,2025,1,55,5.0,1400000.0,33274
8450245,1,2,1,10,2025,2,59,5.0,,33275
8450246,1,2,1,10,2025,1,12,4.0,,33277
8450247,1,3,1,10,2025,2,43,4.0,1600000.0,33280
8450248,1,1,1,10,2025,2,54,5.0,1700000.0,33282
8450248,1,2,1,10,2025,1,36,3.0,,33283
8450253,1,1,1,10,2025,1,60,3.0,2000000.0,33295
8450255,1,1,1,10,2025,2,66,3.0,,33301
8450255,1,2,1,10,2025,2,33,10.0,,33302
8450256,1,2,1,10,2025,1,41,3.0,500000.0,33304
8450256,1,3,1,10,2025,2,7,3.0,,33305
8450257,1,1,1,10,2025,2,18,3.0,,33306
8450259,1,1,1,10,2025,1,80,3.0,700000.0,33311
8450261,1,3,1,10,2025,1,23,5.0,1200000.0,33317
8450262,1,3,1,10,2025,1,8,3.0,,33320
8450263,1,1,1,10,2025,2,64,5.0,400000.0,33321
8450265,1,1,1,10,2025,2,64,3.0,600000.0,33322
8450266,1,1,1,10,2025,2,55,3.0,600000.0,33323
8450267,1,1,1,10,2025,1,36,5.0,1423500.0,33324
8450267,1,3,1,10,2025,2,2,,,33326
8450268,1,1,1,10,2025,2,79,3.0,,33327
8450271,1,2,1,10,2025,2,49,5.0,,33331
8450274,1,3,1,10,2025,1,3,1.0,,33340
8450275,1,1,1,10,2025,2,69,5.0,,33341
8450275,1,2,1,10,2025,2,41,11.0,,33342
8450278,1,1,1,10,2025,1,43,5.0,,33349
8450282,1,4,1,10,2025,2,15,5.0,,33361
8450283,1,4,1,10,2025,1,6,3.0,,33365
8450284,1,1,1,10,2025,2,58,4.0,800000.0,33366
8450285,1,1,1,10,2025,2,68,3.0,,33367
8450285,1,2,1,10,2025,1,47,1.0,,33368
8450288,1,1,1,10,2025,2,58,3.0,,33377
8450290,1,1,1,10,2025,2,35,10.0,2000000.0,33383
8450291,1,2,1,10,2025,2,34,8.0,2050000.0,33386
8450292,1,2,1,10,2025,2,64,3.0,,33389
8450292,1,4,1,10,2025,1,39,8.0,900000.0,33391
8450292,1,5,1,10,2025,2,23,8.0,,33392
8450292,1,7,1,10,2025,2,5,2.0,,33394
8450294,1,1,1,10,2025,1,74,4.0,,33397
8450295,1,2,1,10,2025,2,30,5.0,1423500.0,33401
8450295,1,3,1,10,2025,2,11,3.0,,33402
8450298,1,1,1,10,2025,2,59,4.0,,33407
8450298,1,3,1,10,2025,1,32,4.0,2200000.0,33409
8450302,1,1,1,10,2025,2,80,3.0,,33422
8450302,1,2,1,10,2025,1,19,4.0,,33423
8450302,1,4,1,10,2025,2,0,,,33425
8450306,1,2,1,10,2025,1,44,10.0,,33432
8450308,1,1,1,10,2025,1,32,8.0,1423500.0,33435
8450308,1,4,1,10,2025,2,3,1.0,,33438
8450309,1,3,1,10,2025,2,38,3.0,,33441
8450309,1,4,1,10,2025,2,9,3.0,,33442
8450310,1,3,1,10,2025,1,9,3.0,,33447
8450311,1,1,1,10,2025,1,39,10.0,850000.0,33448
8450312,1,2,1,10,2025,1,47,5.0,3000000.0,33450
8450312,1,5,1,10,2025,1,7,3.0,,33453
8450314,1,3,1,10,2025,2,53,5.0,500000.0,33458
8450314,1,4,1,10,2025,2,36,9.0,,33459
8450314,1,5,1,10,2025,2,18,10.0,,33460
8450315,1,2,1,10,2025,1,16,5.0,,33462
8450315,1,3,1,10,2025,2,11,4.0,,33463
8450316,1,3,1,10,2025,1,7,3.0,,33467
8450317,1,3,1,10,2025,2,12,4.0,,33470
8450320,1,1,1,10,2025,1,32,5.0,800000.0,33474
8450321,1,1,1,10,2025,2,39,10.0,,33477
8450322,1,1,1,10,2025,2,61,10.0,,33479
8450326,1,3,1,10,2025,1,30,10.0,1800000.0,33488
8450327,1,1,1,10,2025,1,53,5.0,,33489
8450327,1,3,1,10,2025,1,18,8.0,200000.0,33491
8450328,1,1,1,10,2025,2,25,5.0,1423500.0,33492
8450328,1,2,1,10,2025,2,50,5.0,,33493
8450329,1,2,1,10,2025,2,43,11.0,1400000.0,33495
8450330,1,1,1,10,2025,2,33,5.0,,33499
8450330,1,2,1,10,2025,1,13,4.0,,33500
8450331,1,1,1,10,2025,2,54,8.0,,33501
8450331,1,2,1,10,2025,2,16,10.0,,33502
8450334,1,3,1,10,2025,2,62,5.0,,33509
8450336,1,1,1,10,2025,2,83,3.0,,33511
8450339,1,2,1,10,2025,2,80,3.0,,33513
8450340,1,3,1,10,2025,1,17,3.0,1560000.0,33516
8450341,1,1,1,10,2025,1,58,4.0,,33520
8450342,1,3,1,10,2025,1,18,4.0,360000.0,33524
8450344,1,1,1,10,2025,2,41,10.0,,33530
8450347,1,1,1,10,2025,1,40,12.0,,33539
8450347,1,2,1,10,2025,2,45,8.0,1800000.0,33540
8450349,1,3,1,10,2025,2,2,,,33547
8450349,1,4,1,10,2025,2,65,3.0,,33548
8450351,1,1,1,10,2025,2,50,4.0,,33553
8450352,1,1,1,10,2025,2,56,5.0,500000.0,33554
8450352,1,2,1,10,2025,2,7,3.0,,33555
8450354,1,1,1,10,2025,1,69,5.0,,33556
8450354,1,2,1,10,2025,2,66,3.0,,33557
8450354,1,3,1,10,2025,2,38,10.0,3000000.0,33558
8450356,1,3,1,10,2025,2,39,10.0,1423500.0,33564
8450357,1,2,1,10,2025,2,78,5.0,,33566
8450358,1,2,1,10,2025,2,34,10.0,2000000.0,33568
8450359,1,1,1,10,2025,2,40,6.0,900000.0,33570
8450361,1,2,1,10,2025,2,75,4.0,,33576
8450361,1,3,1,10,2025,2,21,10.0,,33577
8450363,1,1,1,10,2025,1,63,5.0,1423000.0,33579
8450363,1,3,1,10,2025,1,33,5.0,0.0,33581
8450363,1,4,1,10,2025,2,30,11.0,1500000.0,33582
8450366,1,1,1,10,2025,2,56,5.0,,33586
8450368,1,1,1,10,2025,1,51,3.0,1500000.0,33590
8450369,1,2,1,10,2025,2,40,10.0,3300000.0,33593
8450370,1,1,1,10,2025,2,59,3.0,,33595
8450373,1,1,1,10,2025,1,60,10.0,1200000.0,33601
8450374,1,3,1,10,2025,2,15,5.0,,33604
8450375,1,2,1,10,2025,2,8,3.0,,33606
8450377,1,3,1,10,2025,2,23,10.0,1423000.0,33611
8450377,1,5,1,10,2025,2,3,1.0,,33613
8450378,1,1,1,10,2025,1,38,3.0,500000.0,33614
8450379,1,1,1,10,2025,1,34,10.0,1600000.0,33616
8450381,1,1,1,10,2025,2,61,5.0,1500000.0,33622
8450383,1,2,1,10,2025,2,49,5.0,1940000.0,33627
8450384,1,3,1,10,2025,1,23,10.0,,33630
8450386,1,2,1,10,2025,1,87,3.0,,33635
8450386,1,3,1,10,2025,2,71,3.0,,33636
8450389,1,1,1,10,2025,1,81,3.0,,33639
8450392,1,1,1,10,2025,1,48,10.0,1700000.0,33645
8450393,1,1,1,10,2025,1,50,13.0,9724000.0,33647
8450395,1,2,1,10,2025,2,61,4.0,400000.0,33650
8450395,1,3,1,10,2025,1,32,5.0,500000.0,33651
8450396,1,1,1,10,2025,1,23,6.0,2500000.0,33654
8450400,1,1,1,10,2025,1,63,5.0,,33662
8450401,1,1,1,10,2025,2,76,3.0,350000.0,33665
8450407,1,2,1,10,2025,1,56,3.0,1200000.0,33676
8450407,1,3,1,10,2025,1,19,9.0,,33677
8450408,1,2,1,10,2025,1,24,8.0,,33679
8450411,1,1,1,10,2025,1,50,4.0,1400000.0,33687
8450411,1,3,1,10,2025,1,16,4.0,,33689
8450415,1,3,1,10,2025,1,39,3.0,,33698
8450417,1,1,1,10,2025,2,59,5.0,400000.0,33702
8450417,1,2,1,10,2025,1,31,3.0,700000.0,33703
8450419,1,1,1,10,2025,2,70,5.0,,33709
8450419,1,2,1,10,2025,1,84,3.0,,33710
8450420,1,1,1,10,2025,1,63,5.0,,33711
8450420,1,5,1,10,2025,1,2,,,33715
8450422,1,1,1,10,2025,2,45,4.0,1423500.0,33717
8450422,1,3,1,10,2025,1,21,5.0,1423500.0,33719
8450426,1,2,1,10,2025,1,51,5.0,1500000.0,33729
8450431,1,1,1,10,2025,2,57,4.0,,33739
8450432,1,1,1,10,2025,1,29,5.0,1900000.0,33742
8450432,1,4,1,10,2025,1,3,1.0,,33745
8450432,1,5,1,10,2025,1,72,3.0,,33746
8450435,1,1,1,10,2025,2,51,3.0,400000.0,33752
8450438,1,1,1,10,2025,1,87,1.0,100000.0,33754
8450439,1,1,1,10,2025,1,36,5.0,1000000.0,33756
8450439,1,2,1,10,2025,2,31,4.0,,33757
8450441,1,1,1,10,2025,1,56,5.0,1400000.0,33761
8450442,1,1,1,10,2025,1,62,10.0,3500000.0,33763
8450442,1,2,1,10,2025,2,57,11.0,3000000.0,33764
8450448,1,1,1,10,2025,1,57,5.0,1830000.0,33775
8450456,1,1,1,10,2025,2,78,10.0,,33787
8450459,1,1,1,10,2025,1,88,5.0,,33792
8450462,1,1,1,10,2025,2,63,11.0,1800000.0,33795
8450464,1,1,1,10,2025,1,65,10.0,,33797
8450465,1,1,1,10,2025,1,44,11.0,6000000.0,33799
8450467,1,1,1,10,2025,2,70,3.0,,33804
8450468,1,3,1,10,2025,1,53,1.0,,33807
8450470,1,2,1,10,2025,2,25,9.0,1600000.0,33811
8450471,1,3,1,10,2025,1,14,4.0,,33814
8450471,1,4,1,10,2025,2,11,3.0,,33815
8450472,1,1,1,10,2025,2,74,3.0,,33817
8450473,1,3,1,10,2025,1,39,5.0,1500000.0,33820
8450475,1,2,1,10,2025,2,57,4.0,,33825
8450477,1,2,1,10,2025,2,36,4.0,,33829
8450477,1,3,1,10,2025,2,15,4.0,,33830
8450479,1,1,1,10,2025,2,52,10.0,1600000.0,33834
8450482,1,1,1,10,2025,1,69,3.0,,33839
8450483,1,1,1,10,2025,2,55,3.0,,33841
8450483,1,2,1,10,2025,2,28,5.0,,33842
8450484,1,1,1,10,2025,1,66,3.0,,33844
8450485,1,1,1,10,2025,1,70,4.0,3000000.0,33845
8450486,1,1,1,10,2025,1,41,3.0,1423500.0,33846
8450486,1,2,1,10,2025,2,43,5.0,,33847
8450487,1,1,1,10,2025,2,69,5.0,,33848
8450490,1,1,1,10,2025,1,25,5.0,1423500.0,33851
8450491,1,1,1,10,2025,2,23,10.0,,33853
8450492,1,2,1,10,2025,1,25,5.0,1723500.0,33855
8450495,1,1,1,10,2025,2,44,5.0,1000000.0,33858
8450497,1,3,1,10,2025,1,26,3.0,800000.0,33863
8450498,1,1,1,10,2025,2,74,3.0,,33864
8450499,1,1,1,10,2025,1,40,10.0,3300000.0,33865
8450501,1,1,1,10,2025,2,33,5.0,,33868
8450504,1,3,1,10,2025,1,7,3.0,,33876
8450505,1,1,1,10,2025,2,52,5.0,,33877
8450506,1,1,1,10,2025,2,40,5.0,600000.0,33880
8450506,1,2,1,10,2025,2,20,10.0,,33881
8450511,1,3,1,10,2025,2,17,6.0,,33894
8450512,1,3,1,10,2025,2,16,6.0,,33898
8450513,1,2,1,10,2025,1,61,4.0,,33902
8450513,1,4,1,10,2025,2,9,3.0,,33904
8450517,1,3,1,10,2025,2,25,10.0,2000000.0,33913
8450518,1,3,1,10,2025,2,77,1.0,,33916
8450519,1,2,1,10,2025,2,29,5.0,400000.0,33918
8450519,1,3,1,10,2025,2,14,4.0,,33919
8450520,1,2,1,10,2025,1,34,3.0,1000000.0,33923
8450521,1,2,1,10,2025,2,60,3.0,860000.0,33927
8450523,1,2,1,10,2025,2,39,4.0,,33933
8450523,1,4,1,10,2025,1,6,3.0,,33935
8450525,1,1,1,10,2025,2,43,5.0,350000.0,33938
8450525,1,2,1,10,2025,1,55,5.0,1600000.0,33939
8450527,1,1,1,10,2025,1,45,5.0,900000.0,33943
8450528,1,2,1,10,2025,1,32,5.0,1000000.0,33945
8450528,1,3,1,10,2025,2,4,1.0,,33946
8450529,1,1,1,10,2025,2,45,5.0,700000.0,33948
8450530,1,3,1,10,2025,1,17,5.0,800000.0,33951
8450530,1,4,1,10,2025,1,12,4.0,,33952
8450531,1,2,1,10,2025,1,33,5.0,2400000.0,33955
8450531,1,5,1,10,2025,1,8,3.0,,33958
8450532,1,2,1,10,2025,1,49,5.0,800000.0,33961
8450535,1,1,1,10,2025,1,52,5.0,1423500.0,33968
8450535,1,2,1,10,2025,2,38,3.0,,33969
8450545,1,4,1,10,2025,1,9,3.0,,33999
8450546,1,2,1,10,2025,2,49,5.0,,34001
8450547,1,1,1,10,2025,1,40,13.0,70000000.0,34002
8450548,1,2,1,10,2025,2,54,12.0,7115000.0,34004
8450549,1,1,1,10,2025,2,34,8.0,1553000.0,34005
8450549,1,2,1,10,2025,2,12,4.0,,34006
8450550,1,3,1,10,2025,2,3,2.0,,34010
8450552,1,1,1,10,2025,1,26,10.0,3500000.0,34012
8450553,1,1,1,10,2025,1,47,12.0,9876856.0,34014
8450553,1,3,1,10,2025,2,14,4.0,,34016
8450555,1,1,1,10,2025,2,26,5.0,1423000.0,34022
8450556,1,3,1,10,2025,2,32,10.0,1800000.0,34029
8450559,1,1,1,10,2025,1,58,9.0,,34035
8450562,1,1,1,10,2025,2,58,12.0,,34039
8450563,1,1,1,10,2025,1,44,6.0,500000.0,34040
8450564,1,2,1,10,2025,2,34,3.0,,34043
8450565,1,2,1,10,2025,2,25,3.0,,34048
8450565,1,4,1,10,2025,1,22,3.0,940000.0,34050
8450565,1,6,1,10,2025,1,20,3.0,1200000.0,34052
8450566,1,1,1,10,2025,2,27,10.0,5000000.0,34054
8450567,1,1,1,10,2025,1,48,3.0,900000.0,34056
8450569,1,4,1,10,2025,1,0,,,34068
8450570,1,1,1,10,2025,2,63,3.0,,34069
8450572,1,4,1,10,2025,1,29,5.0,1423500.0,34077
8450574,1,1,1,10,2025,2,51,8.0,240000.0,34080
8450576,1,3,1,10,2025,2,16,4.0,,34086
8450577,1,2,1,10,2025,2,37,10.0,1850000.0,34088
8450577,1,3,1,10,2025,1,13,4.0,,34089
8450579,1,1,1,10,2025,2,56,10.0,,34095
8450582,1,4,1,10,2025,1,3,1.0,,34103
8450583,1,2,1,10,2025,1,8,3.0,,34105
8450584,1,1,1,10,2025,2,40,10.0,5000000.0,34106
8450584,1,2,1,10,2025,1,34,11.0,4000000.0,34107
8450585,1,2,1,10,2025,2,42,9.0,,34110
8450585,1,3,1,10,2025,1,19,6.0,1400000.0,34111
8450586,1,1,1,10,2025,1,68,3.0,,34113
8450587,1,1,1,10,2025,1,53,5.0,2500000.0,34115
8450588,1,3,1,10,2025,1,18,9.0,,34120
8450589,1,1,1,10,2025,1,58,5.0,,34122
8450589,1,2,1,10,2025,2,61,5.0,960000.0,34123
8450590,1,3,1,10,2025,2,23,4.0,1200000.0,34127
8450592,1,1,1,10,2025,1,39,6.0,4500000.0,34130
8450593,1,2,1,10,2025,2,70,5.0,,34132
8450594,1,2,1,10,2025,1,62,3.0,200000.0,34134
8450596,1,1,1,10,2025,2,68,3.0,200000.0,34139
8450598,1,1,1,10,2025,1,80,3.0,,34142
8450599,1,1,1,10,2025,2,62,3.0,,34144
8450600,1,1,1,10,2025,1,63,3.0,1423500.0,34145
8450601,1,1,1,10,2025,2,65,3.0,,34147
8450602,1,1,1,10,2025,1,69,5.0,1000000.0,34149
8450602,1,5,1,10,2025,1,17,5.0,1600000.0,34153
8450602,1,6,1,10,2025,2,17,5.0,,34154
8450605,1,2,1,10,2025,2,35,8.0,,34162
8450605,1,3,1,10,2025,2,13,4.0,,34163
8450606,1,1,1,10,2025,1,28,8.0,1423500.0,34164
8450607,1,1,1,10,2025,2,59,5.0,,34167
8450608,1,4,1,10,2025,2,57,5.0,600000.0,34173
8450609,1,1,1,10,2025,1,61,12.0,10000000.0,34175
8450611,1,1,1,10,2025,2,49,10.0,4200000.0,34178
8450611,1,2,1,10,2025,1,24,10.0,,34179
8450612,1,1,1,10,2025,2,61,5.0,320000.0,34180
8450614,1,1,1,10,2025,1,80,3.0,1300000.0,34184
8450617,1,2,1,10,2025,1,19,3.0,1200000.0,34189
8450618,1,1,1,10,2025,1,59,9.0,1800000.0,34191
8450619,1,3,1,10,2025,1,9,3.0,,34194
8450620,1,1,1,10,2025,2,56,10.0,,34195
8450621,1,1,1,10,2025,1,38,5.0,15000000.0,34197
8450622,1,1,1,10,2025,2,75,10.0,,34198
8450623,1,2,1,10,2025,1,24,3.0,1400000.0,34200
8450623,1,3,1,10,2025,1,76,3.0,,34201
8450624,1,2,1,10,2025,1,33,8.0,2100000.0,34203
8450624,1,3,1,10,2025,2,2,,,34204
8450626,1,2,1,10,2025,2,18,8.0,,34208
8450626,1,3,1,10,2025,2,17,5.0,,34209
8450627,1,1,1,10,2025,1,49,5.0,1423500.0,34211
8450628,1,1,1,10,2025,2,60,9.0,,34213
8450628,1,2,1,10,2025,2,22,9.0,,34214
8450628,1,3,1,10,2025,2,78,5.0,,34215
8450628,1,6,1,10,2025,2,17,5.0,,34218
8450632,1,2,1,10,2025,2,40,10.0,3600000.0,34226
8450632,1,3,1,10,2025,1,16,6.0,,34227
8450634,1,2,1,10,2025,2,27,5.0,1423000.0,34232
8450634,1,3,1,10,2025,2,10,3.0,,34233
8450635,1,2,1,10,2025,2,73,5.0,,34236
8450637,1,1,1,10,2025,2,61,3.0,,34239
8450638,1,3,1,10,2025,1,16,4.0,,34243
8450640,1,2,1,10,2025,2,38,10.0,1500000.0,34246
8450642,1,3,1,10,2025,2,40,5.0,,34252
8450642,1,5,1,10,2025,2,12,4.0,,34254
8450643,1,2,1,10,2025,2,28,5.0,,34257
8450644,1,3,1,10,2025,2,29,5.0,,34263
8450644,1,4,1,10,2025,1,3,1.0,,34264
8450645,1,1,1,10,2025,1,63,3.0,,34266
8450646,1,2,1,10,2025,2,74,3.0,,34269
8450648,1,2,1,10,2025,2,50,4.0,,34276
8450650,1,1,1,10,2025,1,84,1.0,,34280
8450651,1,1,1,10,2025,1,69,4.0,950000.0,34282
8450652,1,1,1,10,2025,1,64,5.0,,34283
8450657,1,4,1,10,2025,1,35,5.0,1500000.0,34299
8450658,1,1,1,10,2025,2,60,8.0,1423500.0,34302
8450659,1,1,1,10,2025,2,46,3.0,1200000.0,34304
8450661,1,1,1,10,2025,2,45,5.0,340000.0,34310
8450661,1,2,1,10,2025,1,3,1.0,,34311
8450661,1,3,1,10,2025,1,22,5.0,450000.0,34312
8450661,1,4,1,10,2025,2,19,4.0,,34313
8450662,1,2,1,10,2025,2,3,1.0,,34316
8450663,1,2,1,10,2025,1,48,4.0,550000.0,34319
8450665,1,3,1,10,2025,2,13,4.0,,34324
8450673,1,1,1,10,2025,2,39,5.0,,34340
8450674,1,1,1,10,2025,2,43,12.0,3600000.0,34343
8450675,1,3,1,10,2025,1,22,5.0,500000.0,34346
8450676,1,1,1,10,2025,1,60,5.0,820000.0,34347
8450678,1,1,1,10,2025,1,64,3.0,1300000.0,34352
8450679,1,2,1,10,2025,2,7,3.0,,34354
8450679,1,3,1,10,2025,1,24,5.0,800000.0,34355
8450681,1,2,1,10,2025,2,52,5.0,,34361
8450684,1,1,1,10,2025,2,53,4.0,1000000.0,34369
8450684,1,2,1,10,2025,1,19,9.0,,34370
8450686,1,3,1,10,2025,1,24,5.0,,34377
8450698,1,2,1,10,2025,1,55,3.0,400000.0,34383
8450699,1,1,1,10,2025,2,29,10.0,2000000.0,34384
8450699,1,4,1,10,2025,2,18,5.0,,34387
8450700,1,1,1,10,2025,2,27,5.0,,34388
8450700,1,2,1,10,2025,1,35,3.0,260000.0,34389
8450701,1,1,1,10,2025,1,31,5.0,1200000.0,34392
8450701,1,2,1,10,2025,2,22,5.0,,34393
8450702,1,3,1,10,2025,2,18,9.0,,34399
8450704,1,2,1,10,2025,2,56,9.0,,34405
8450705,1,1,1,10,2025,2,73,1.0,,34406
8450706,1,2,1,10,2025,2,10,3.0,,34408
8450707,1,2,1,10,2025,2,11,4.0,,34410
8450708,1,1,1,10,2025,2,75,3.0,,34413
8450710,1,1,1,10,2025,2,53,12.0,15630000.0,34415
8450711,1,2,1,10,2025,2,32,7.0,1600000.0,34418
8450711,1,3,1,10,2025,1,9,3.0,,34419
8450711,1,5,1,10,2025,1,20,8.0,1200000.0,34421
8450712,1,2,1,10,2025,2,20,9.0,,34423
8450714,1,1,1,10,2025,1,64,5.0,5500000.0,34427
8450715,1,2,1,10,2025,2,66,5.0,,34429
8450715,1,3,1,10,2025,1,37,5.0,900000.0,34430
8450716,1,1,1,10,2025,1,53,5.0,1500000.0,34431
8450717,1,1,1,10,2025,2,44,5.0,,34435
8450719,1,1,1,10,2025,2,64,3.0,500000.0,34441
8450722,1,2,1,10,2025,2,44,5.0,1400000.0,34447
8450723,1,1,1,10,2025,2,65,3.0,63000.0,34449
8450725,1,1,1,10,2025,2,74,3.0,,34455
8450726,1,2,1,10,2025,1,20,10.0,400000.0,34457
8450729,1,1,1,10,2025,1,69,5.0,,34461
8450729,1,2,1,10,2025,2,67,6.0,,34462
8450731,1,2,1,10,2025,2,51,5.0,2000000.0,34465
8450731,1,3,1,10,2025,2,23,9.0,2120000.0,34466
8450734,1,1,1,10,2025,2,40,4.0,1400000.0,34471
8450735,1,3,1,10,2025,1,65,1.0,,34476
8450736,1,3,1,10,2025,2,67,3.0,,34480
8450739,1,1,1,10,2025,1,61,11.0,,34483
8450740,1,1,1,10,2025,1,77,12.0,,34485
8450740,1,2,1,10,2025,2,74,9.0,,34486
8450741,1,1,1,10,2025,1,30,8.0,,34487
8450746,1,2,1,10,2025,1,22,5.0,,34495
8450746,1,3,1,10,2025,1,20,5.0,,34496
8450747,1,4,1,10,2025,2,9,3.0,,34501
8450748,1,3,1,10,2025,1,17,4.0,1500000.0,34504
8450748,1,6,1,10,2025,1,5,1.0,,34507
8450748,1,8,1,10,2025,1,7,3.0,,34509
8450751,1,1,1,10,2025,1,27,5.0,1000000.0,34516
8450754,1,2,1,10,2025,1,61,4.0,2847000.0,34523
8450755,1,2,1,10,2025,1,44,5.0,1200000.0,34525
8450755,1,5,1,10,2025,1,4,1.0,,34528
8450756,1,3,1,10,2025,2,20,10.0,510000.0,34531
8450757,1,2,1,10,2025,1,34,3.0,1423500.0,34533
8450757,1,3,1,10,2025,2,7,3.0,,34534
8450759,1,2,1,10,2025,1,29,4.0,,34539
8450762,1,1,1,10,2025,1,38,10.0,5000000.0,34544
8450766,1,1,1,10,2025,1,74,4.0,2100000.0,34551
8450770,1,3,1,10,2025,1,2,,,34557
8450772,1,1,1,10,2025,1,53,10.0,,34559
8450775,1,2,1,10,2025,1,64,3.0,,34567
8450776,1,2,1,10,2025,2,60,5.0,,34569
8450777,1,1,1,10,2025,1,75,3.0,,34570
8450777,1,2,1,10,2025,2,62,3.0,,34571
8450778,1,1,1,10,2025,2,35,5.0,2100000.0,34572
8450778,1,3,1,10,2025,2,15,5.0,,34574
8450779,1,2,1,10,2025,2,55,5.0,,34576
8450781,1,1,1,10,2025,1,51,5.0,1600000.0,34578
8450781,1,2,1,10,2025,2,51,3.0,1600000.0,34579
8450782,1,1,1,10,2025,1,54,4.0,800000.0,34580
8450786,1,1,1,10,2025,1,73,3.0,,34584
8450786,1,2,1,10,2025,2,78,3.0,,34585
8450788,1,3,1,10,2025,1,5,3.0,,34590
8450788,1,6,1,10,2025,2,57,3.0,,34593
8450789,1,2,1,10,2025,2,48,4.0,,34598
8450789,1,5,1,10,2025,2,22,8.0,2200000.0,34601
8450790,1,2,1,10,2025,2,39,8.0,,34604
8450791,1,1,1,10,2025,1,42,5.0,2400000.0,34606
8450791,1,4,1,10,2025,1,22,8.0,2400000.0,34609
8450793,1,1,1,10,2025,1,50,5.0,1000000.0,34612
8450797,1,2,1,10,2025,2,63,4.0,,34618
8450799,1,1,1,10,2025,2,57,5.0,1700000.0,34621
8450799,1,4,1,10,2025,2,8,3.0,,34624
8450802,1,2,1,10,2025,1,34,4.0,1200000.0,34628
8450803,1,1,1,10,2025,1,53,5.0,1500000.0,34631
8450803,1,2,1,10,2025,2,52,5.0,,34632
8450804,1,1,1,10,2025,2,39,8.0,,34634
8450804,1,2,1,10,2025,1,16,4.0,,34635
8450807,1,1,1,10,2025,1,37,5.0,1623500.0,34640
8450809,1,2,1,10,2025,1,33,5.0,1000000.0,34646
8450810,1,1,1,10,2025,2,40,7.0,4000000.0,34648
8450811,1,2,1,10,2025,1,49,8.0,3000000.0,34651
8450812,1,1,1,10,2025,1,26,10.0,3000000.0,34652
8450814,1,1,1,10,2025,1,38,5.0,2500000.0,34654
8450816,1,2,1,10,2025,1,28,10.0,,34659
8450816,1,3,1,10,2025,2,6,3.0,,34660
8450816,1,4,1,10,2025,2,1,,,34661
8450818,1,2,1,10,2025,2,64,3.0,,34664
8450820,1,1,1,10,2025,2,29,5.0,1000000.0,34666
8450825,1,1,1,10,2025,1,68,3.0,800000.0,34677
8450827,1,1,1,10,2025,1,31,10.0,4070000.0,34682
8450828,1,1,1,10,2025,2,45,5.0,2000000.0,34683
8450828,1,2,1,10,2025,2,19,9.0,,34684
8450829,1,1,1,10,2025,1,77,3.0,,34685
8450829,1,4,1,10,2025,2,18,5.0,,34688
8450831,1,4,1,10,2025,1,17,4.0,,34694
8450832,1,2,1,10,2025,2,54,3.0,,34696
8450833,1,2,1,10,2025,1,59,3.0,700000.0,34700
8450833,1,4,1,10,2025,2,29,5.0,,34702
8450833,1,5,1,10,2025,1,4,1.0,,34703
8450833,1,6,1,10,2025,1,2,,,34704
8450834,1,1,1,10,2025,1,30,4.0,1400000.0,34705
8450835,1,1,1,10,2025,2,32,5.0,1000000.0,34709
8450835,1,2,1,10,2025,1,29,5.0,1423500.0,34710
8450835,1,3,1,10,2025,1,14,4.0,,34711
8450835,1,4,1,10,2025,1,1,,,34712
8450837,1,2,1,10,2025,2,48,3.0,,34717
8450837,1,3,1,10,2025,2,31,8.0,1000000.0,34718
8450839,1,2,1,10,2025,2,12,4.0,,34724
8450843,1,1,1,10,2025,1,52,4.0,240000.0,34734
8450843,1,3,1,10,2025,1,19,5.0,300000.0,34736
8450844,1,1,1,10,2025,2,55,3.0,1540000.0,34737
8450845,1,1,1,10,2025,2,30,10.0,,34738
8450846,1,1,1,10,2025,1,76,1.0,,34740
8450847,1,3,1,10,2025,2,37,10.0,,34743
8450848,1,4,1,10,2025,1,10,3.0,,34747
8450851,1,1,1,10,2025,2,63,3.0,150000.0,34755
8450854,1,1,1,10,2025,2,42,8.0,1850000.0,34758
8450857,1,1,1,10,2025,2,34,3.0,900000.0,34763
8450859,1,1,1,10,2025,2,67,3.0,,34767
8450859,1,3,1,10,2025,1,14,4.0,,34769
8450860,1,3,1,10,2025,1,4,1.0,,34772
8450864,1,3,1,10,2025,1,39,5.0,900000.0,34779
8450864,1,8,1,10,2025,1,34,5.0,700000.0,34784
8450864,1,9,1,10,2025,2,6,2.0,,34785
8450864,1,10,1,10,2025,1,1,,,34786
8450866,1,1,1,10,2025,1,77,3.0,,34788
8450869,1,2,1,10,2025,1,64,8.0,2200000.0,34795
8450872,1,1,1,10,2025,1,48,3.0,800000.0,34798
8450872,1,5,1,10,2025,2,30,8.0,,34802
8450882,1,1,1,10,2025,2,61,4.0,,34810
8450883,1,3,1,10,2025,2,40,10.0,2500000.0,34814
8450883,1,4,1,10,2025,2,38,10.0,,34815
8450883,1,5,1,10,2025,2,14,4.0,,34816
8450885,1,2,1,10,2025,1,16,4.0,,34818
8450886,1,1,1,10,2025,1,72,11.0,,34821
8450887,1,4,1,10,2025,2,94,3.0,,34827
8450888,1,1,1,10,2025,1,59,10.0,5000000.0,34828
8450890,1,1,1,10,2025,1,35,5.0,2000000.0,34830
8450890,1,2,1,10,2025,2,36,5.0,2000000.0,34831
8450893,1,1,1,10,2025,1,46,11.0,6000000.0,34834
8450894,1,1,1,10,2025,2,67,8.0,2200000.0,34837
8450897,1,1,1,10,2025,2,60,8.0,,34841
8450899,1,3,1,10,2025,2,8,3.0,,34847
8450899,1,5,1,10,2025,1,2,,,34849
8450900,1,1,1,10,2025,2,62,5.0,,34850
8450902,1,2,1,10,2025,2,20,4.0,,34858
8450902,1,3,1,10,2025,1,3,2.0,,34859
8450903,1,1,1,10,2025,1,55,3.0,700000.0,34860
8450905,1,2,1,10,2025,1,61,1.0,,34862
8450906,1,2,1,10,2025,2,18,4.0,,34864
8450907,1,2,1,10,2025,2,19,5.0,120000.0,34867
8450908,1,2,1,10,2025,2,71,3.0,220000.0,34871
8450909,1,1,1,10,2025,2,55,1.0,,34873
8450911,1,1,1,10,2025,2,53,1.0,200000.0,34879
8450911,1,4,1,10,2025,2,23,4.0,,34882
8450911,1,5,1,10,2025,1,17,3.0,,34883
8450915,1,3,1,10,2025,2,96,1.0,,34894
8450916,1,1,1,10,2025,2,42,1.0,,34895
8450916,1,2,1,10,2025,2,17,4.0,,34896
8450916,1,3,1,10,2025,2,5,1.0,,34897
8450917,1,2,1,10,2025,1,41,3.0,800000.0,34899
8450917,1,4,1,10,2025,1,11,3.0,,34901
8450922,1,1,1,10,2025,2,20,4.0,100000.0,34916
8450923,1,1,1,10,2025,2,43,1.0,,34918
8450923,1,2,1,10,2025,1,37,1.0,,34919
8450923,1,5,1,10,2025,2,2,,,34922
8450924,1,1,1,10,2025,2,37,1.0,400000.0,34923
8450925,1,4,1,10,2025,2,15,4.0,,34929
8450926,1,1,1,10,2025,1,36,4.0,,34934
8450926,1,3,1,10,2025,2,7,3.0,,34936
8450926,1,4,1,10,2025,1,6,3.0,,34937
8450927,1,10,1,10,2025,1,10,3.0,,34948
8450927,1,12,1,10,2025,1,4,1.0,,34950
8450928,1,2,1,10,2025,1,8,3.0,,34952
8450928,1,3,1,10,2025,2,12,3.0,,34953
8450930,1,1,1,10,2025,1,55,1.0,100000.0,34956
8450930,1,7,1,10,2025,1,8,3.0,,34962
8450931,1,1,1,10,2025,1,21,5.0,,34963
8450931,1,2,1,10,2025,2,21,5.0,30000.0,34964
8450932,1,1,1,10,2025,2,47,1.0,,34965
8450933,1,1,1,10,2025,2,74,1.0,,34967
8450933,1,2,1,10,2025,1,9,3.0,,34968
8450934,1,3,1,10,2025,2,4,1.0,,34971
8450934,1,4,1,10,2025,2,2,,,34972
8450935,1,1,1,10,2025,1,64,1.0,,34973
8450935,1,2,1,10,2025,2,26,5.0,,34974
8450935,1,4,1,10,2025,1,1,,,34976
8450938,1,4,1,10,2025,1,13,4.0,,34985
8450939,1,2,1,10,2025,1,2,,,34990
8450942,1,1,1,10,2025,2,36,3.0,,34996
8450942,1,2,1,10,2025,1,38,1.0,800000.0,34997
8450942,1,3,1,10,2025,1,7,3.0,,34998
8450943,1,5,1,10,2025,2,70,1.0,,35004
8450945,1,1,1,10,2025,2,61,1.0,,35005
8450945,1,2,1,10,2025,2,28,4.0,,35006
8450946,1,1,1,10,2025,1,69,1.0,,35007
8450947,1,1,1,10,2025,2,46,3.0,350000.0,35009
8450947,1,3,1,10,2025,2,19,7.0,,35011
8450947,1,5,1,10,2025,2,4,1.0,,35013
8450950,1,2,1,10,2025,1,32,3.0,700000.0,35015
8450950,1,3,1,10,2025,1,17,4.0,,35016
8450950,1,6,1,10,2025,1,10,3.0,,35019
8450950,1,7,1,10,2025,2,6,3.0,,35020
8450957,1,2,1,10,2025,1,29,5.0,600000.0,35027
8450957,1,3,1,10,2025,2,13,4.0,,35028
8450957,1,4,1,10,2025,2,4,2.0,,35029
8450964,1,2,1,10,2025,2,61,3.0,,35045
8450968,1,1,1,10,2025,1,85,1.0,,35046
8450968,1,3,1,10,2025,2,34,5.0,750000.0,35048
8450969,1,2,1,10,2025,1,32,5.0,700000.0,35052
8450970,1,5,1,10,2025,1,9,3.0,,35057
8450972,1,1,1,10,2025,1,49,3.0,700000.0,35061
8450973,1,3,1,10,2025,1,33,5.0,2300000.0,35066
8450975,1,1,1,10,2025,1,94,1.0,,35072
8450975,1,5,1,10,2025,2,14,4.0,,35076
8450976,1,1,1,10,2025,1,76,3.0,450000.0,35078
8450976,1,2,1,10,2025,2,70,3.0,112500.0,35079
8450976,1,5,1,10,2025,2,35,5.0,600000.0,35082
8450976,1,7,1,10,2025,1,12,4.0,,35084
8450977,1,1,1,10,2025,1,44,5.0,900000.0,35085
8450979,1,1,1,10,2025,1,53,5.0,1300000.0,35089
8450979,1,4,1,10,2025,2,16,5.0,,35092
8450979,1,5,1,10,2025,1,16,4.0,,35093
8450980,1,1,1,10,2025,1,50,5.0,,35094
8450980,1,2,1,10,2025,2,47,5.0,,35095
8450982,1,10,1,10,2025,2,15,4.0,,35108
8450984,1,4,1,10,2025,2,24,10.0,,35116
8450985,1,1,1,10,2025,1,70,5.0,1300000.0,35117
8450985,1,2,1,10,2025,1,63,5.0,250000.0,35118
8450988,1,1,1,10,2025,2,38,4.0,,35125
8450989,1,4,1,10,2025,1,2,,,35130
8450990,1,3,1,10,2025,2,20,5.0,420000.0,35133
8450991,1,3,1,10,2025,1,18,5.0,900000.0,35138
8450992,1,2,1,10,2025,1,59,3.0,300000.0,35141
8450995,1,2,1,10,2025,2,35,10.0,,35146
8450995,1,3,1,10,2025,1,13,4.0,,35147
8450995,1,4,1,10,2025,1,6,3.0,,35148
8450996,1,1,1,10,2025,1,53,3.0,1100000.0,35149
8450999,1,2,1,10,2025,2,64,1.0,50000.0,35152
8451005,1,3,1,10,2025,1,14,4.0,,35158
8451010,1,1,1,10,2025,2,78,4.0,,35168
8451011,1,2,1,10,2025,2,18,8.0,,35170
8451015,1,1,1,10,2025,1,73,3.0,1500000.0,35178
8451027,1,3,1,10,2025,2,18,4.0,,35198
8451027,1,5,1,10,2025,1,15,3.0,,35200
8451027,1,6,1,10,2025,1,19,3.0,800000.0,35201
8451028,1,2,1,10,2025,1,87,1.0,,35203
8451029,1,2,1,10,2025,2,96,3.0,,35205
8451030,1,3,1,10,2025,1,40,5.0,2050000.0,35208
8451032,1,1,1,10,2025,1,50,3.0,600000.0,35211
8451032,1,2,1,10,2025,2,64,3.0,,35212
8451033,1,1,1,10,2025,1,83,3.0,,35213
8451033,1,2,1,10,2025,2,86,3.0,,35214
8451035,1,2,1,10,2025,2,69,3.0,,35218
8451036,1,1,1,10,2025,2,89,3.0,,35220
8451036,1,2,1,10,2025,1,64,3.0,500000.0,35221
8451040,1,2,1,10,2025,1,64,3.0,300000.0,35229
8451041,1,1,1,10,2025,2,65,3.0,1200000.0,35230
8451041,1,2,1,10,2025,1,28,10.0,,35231
8451042,1,1,1,10,2025,2,74,1.0,,35232
8451046,1,1,1,10,2025,1,81,1.0,,35241
8451047,1,2,1,10,2025,1,27,8.0,2900000.0,35245
8451047,1,3,1,10,2025,1,1,,,35246
8451048,1,1,1,10,2025,1,43,5.0,1423500.0,35247
8451052,1,4,1,10,2025,2,0,,,35257
8451053,1,2,1,10,2025,2,58,3.0,,35259
8451054,1,1,1,10,2025,1,33,6.0,2700000.0,35263
8451054,1,3,1,10,2025,1,6,3.0,,35265
8451056,1,2,1,10,2025,2,4,1.0,,35268
8451062,1,1,1,10,2025,1,62,3.0,2023500.0,35276
8451065,1,1,1,10,2025,2,60,3.0,1320000.0,35283
8451065,1,3,1,10,2025,2,30,5.0,160000.0,35285
8451066,1,4,1,10,2025,2,2,,,35290
8451067,1,4,1,10,2025,1,0,,,35294
8451070,1,1,1,10,2025,1,51,9.0,3077000.0,35298
8451070,1,2,1,10,2025,2,44,9.0,150000.0,35299
8451072,1,1,1,10,2025,1,80,10.0,,35301
8451072,1,3,1,10,2025,2,84,5.0,,35303
8451073,1,2,1,10,2025,1,24,10.0,1200000.0,35305
8451073,1,3,1,10,2025,1,8,3.0,,35306
8451075,1,2,1,10,2025,2,32,4.0,210000.0,35310
8451076,1,1,1,10,2025,1,27,5.0,150000.0,35314
8451077,1,1,1,10,2025,1,59,4.0,1000000.0,35316
8451079,1,2,1,10,2025,2,55,4.0,500000.0,35322
8451080,1,1,1,10,2025,1,42,5.0,800000.0,35323
8451081,1,1,1,10,2025,1,58,3.0,2000000.0,35325
8451085,1,1,1,10,2025,1,55,5.0,1990000.0,35334
8451086,1,2,1,10,2025,2,46,5.0,,35336
8451086,1,3,1,10,2025,1,24,8.0,500000.0,35337
8451091,1,3,1,10,2025,2,2,,,35341
8451093,1,3,1,10,2025,1,12,4.0,,35345
8451094,1,3,1,10,2025,1,6,3.0,,35348
8451096,1,2,1,10,2025,2,26,10.0,,35353
8451098,1,1,1,10,2025,2,32,5.0,600000.0,35357
8451098,1,4,1,10,2025,2,22,8.0,600000.0,35360
8451099,1,1,1,10,2025,2,28,10.0,480000.0,35362
8451101,1,2,1,10,2025,2,33,3.0,,35369
8451101,1,4,1,10,2025,1,9,3.0,,35371
8451104,1,1,1,10,2025,1,23,4.0,1300000.0,35379
8451104,1,3,1,10,2025,2,3,1.0,,35381
8451106,1,1,1,10,2025,1,37,4.0,1300000.0,35383
8451109,1,1,1,10,2025,2,66,5.0,1423500.0,35387
8451112,1,1,1,10,2025,1,39,3.0,600000.0,35398
8451112,1,3,1,10,2025,1,17,4.0,,35400
8451113,1,2,1,10,2025,2,45,4.0,1423500.0,35405
8451114,1,1,1,10,2025,2,51,3.0,1600000.0,35406
8451115,1,1,1,10,2025,1,43,1.0,600000.0,35407
8451118,1,1,1,10,2025,1,46,1.0,1550000.0,35409
8451121,1,2,1,10,2025,1,46,1.0,800000.0,35414
8451122,1,3,1,10,2025,2,46,1.0,,35419
8451122,1,6,1,10,2025,1,11,3.0,,35422
8451123,1,1,1,10,2025,1,31,5.0,,35425
8451123,1,5,1,10,2025,2,10,3.0,,35429
8451124,1,3,1,10,2025,1,14,3.0,,35433
8451126,1,1,1,10,2025,2,31,4.0,,35438
8451126,1,4,1,10,2025,1,7,3.0,,35441
8451127,1,1,1,10,2025,1,32,1.0,1000000.0,35444
8451127,1,4,1,10,2025,1,8,3.0,,35447
8451128,1,1,1,10,2025,2,67,1.0,,35448
8451130,1,1,1,10,2025,2,63,12.0,2795000.0,35450
8451131,1,1,1,10,2025,2,41,3.0,600000.0,35452
8451131,1,3,1,10,2025,1,17,5.0,,35454
8451132,1,1,1,10,2025,1,33,1.0,,35456
8451133,1,3,1,10,2025,1,11,3.0,,35459
8451134,1,1,1,10,2025,2,82,1.0,,35462
8451136,1,1,1,10,2025,2,48,5.0,15600000.0,35468
8451139,1,3,1,10,2025,1,37,10.0,2600000.0,35475
8451139,1,5,1,10,2025,1,4,2.0,,35477
8451143,1,1,1,10,2025,2,40,3.0,,35484
8451143,1,2,1,10,2025,1,23,3.0,1423500.0,35485
8451144,1,1,1,10,2025,2,86,3.0,,35488
8451148,1,2,1,10,2025,2,32,5.0,400000.0,35497
8451149,1,1,1,10,2025,1,36,5.0,,35500
8451149,1,3,1,10,2025,1,13,4.0,,35502
8451149,1,4,1,10,2025,2,5,3.0,,35503
8451151,1,1,1,10,2025,2,35,3.0,1320000.0,35506
8451151,1,6,1,10,2025,2,13,4.0,,35511
8451155,1,2,1,10,2025,2,8,3.0,,35518
8451158,1,3,1,10,2025,2,13,4.0,,35529
8451159,1,1,1,10,2025,2,29,5.0,300000.0,35530
8451160,1,1,1,10,2025,1,39,4.0,1450000.0,35535
8451164,1,2,1,10,2025,2,26,5.0,1400000.0,35541
8451167,1,1,1,10,2025,2,43,8.0,1423500.0,35544
8451169,1,1,1,10,2025,2,37,5.0,600000.0,35546
8451170,1,1,1,10,2025,2,19,9.0,1000000.0,35547
8451171,1,2,1,10,2025,2,31,8.0,,35550
8451171,1,3,1,10,2025,2,11,4.0,,35551
8451171,1,4,1,10,2025,1,8,3.0,,35552
8451172,1,1,1,10,2025,1,59,3.0,1000000.0,35554
8451173,1,3,1,10,2025,1,18,8.0,,35558
8451173,1,4,1,10,2025,1,16,5.0,,35559
8451173,1,5,1,10,2025,1,10,3.0,,35560
8451174,1,2,1,10,2025,2,69,3.0,,35562
8451175,1,1,1,10,2025,1,74,3.0,0.0,35563
8451176,1,1,1,10,2025,2,26,3.0,700000.0,35566
8451178,1,3,1,10,2025,2,11,4.0,,35576
8451179,1,1,1,10,2025,1,39,5.0,350000.0,35577
8451179,1,2,1,10,2025,2,35,5.0,0.0,35578
8451180,1,3,1,10,2025,2,24,8.0,,35584
8451180,1,5,1,10,2025,1,11,4.0,,35586
8451181,1,3,1,10,2025,1,28,5.0,1800000.0,35590
8451182,1,1,1,10,2025,1,31,4.0,700000.0,35592
8451182,1,2,1,10,2025,2,28,4.0,150000.0,35593
8451184,1,1,1,10,2025,1,47,5.0,,35595
8451184,1,2,1,10,2025,1,10,4.0,,35596
8451188,1,1,1,10,2025,1,40,1.0,1000000.0,35608
8451188,1,4,1,10,2025,1,6,3.0,,35611
8451189,1,2,1,10,2025,2,35,3.0,600000.0,35613
8451190,1,1,1,10,2025,2,25,5.0,,35619
8451191,1,1,1,10,2025,1,63,3.0,1100000.0,35623
8451191,1,7,1,10,2025,1,3,1.0,,35629
8451193,1,1,1,10,2025,2,39,3.0,0.0,35635
8451193,1,2,1,10,2025,2,20,4.0,,35636
8451193,1,4,1,10,2025,1,15,4.0,,35638
8451194,1,2,1,10,2025,1,29,3.0,1000000.0,35640
8451194,1,3,1,10,2025,2,7,3.0,,35641
8451195,1,1,1,10,2025,2,50,3.0,500000.0,35643
8451195,1,4,1,10,2025,2,21,4.0,800000.0,35646
8451197,1,1,1,10,2025,1,62,1.0,320000.0,35648
8451198,1,2,1,10,2025,2,26,5.0,,35650
8451207,1,4,1,10,2025,1,7,3.0,,35670
8451208,1,2,1,10,2025,2,54,3.0,,35672
8451209,1,2,1,10,2025,2,21,8.0,,35675
8451209,1,3,1,10,2025,1,0,,,35676
8451210,1,1,1,10,2025,2,56,3.0,,35677
8451210,1,3,1,10,2025,1,13,4.0,,35679
8451213,1,2,1,10,2025,2,31,10.0,,35686
8451213,1,3,1,10,2025,1,9,3.0,,35687
8451214,1,2,1,10,2025,2,10,3.0,,35689
8451215,1,2,1,10,2025,1,33,5.0,800000.0,35691
8451217,1,4,1,10,2025,1,4,1.0,,35697
8451219,1,1,1,10,2025,1,57,3.0,1200000.0,35700
8451219,1,2,1,10,2025,2,48,9.0,1423000.0,35701
8451226,1,2,1,10,2025,2,60,4.0,,35706
8451227,1,1,1,10,2025,2,43,5.0,,35708
8451227,1,2,1,10,2025,1,20,8.0,880000.0,35709
8451228,1,1,1,10,2025,2,45,5.0,1057000.0,35711
8451230,1,1,1,10,2025,2,39,8.0,1900000.0,35713
8451230,1,2,1,10,2025,1,30,5.0,,35714
8451231,1,2,1,10,2025,2,52,1.0,,35718
8451231,1,4,1,10,2025,1,30,5.0,1000000.0,35720
8451231,1,5,1,10,2025,2,29,5.0,,35721
8451231,1,7,1,10,2025,1,4,1.0,,35723
8451232,1,1,1,10,2025,2,49,3.0,0.0,35724
8451234,1,4,1,10,2025,2,86,1.0,,35732
8451236,1,1,1,10,2025,2,43,5.0,240000.0,35735
8451236,1,2,1,10,2025,1,39,3.0,750000.0,35736
8451242,1,1,1,10,2025,1,50,3.0,800000.0,35753
8451243,1,1,1,10,2025,2,34,3.0,,35754
8451244,1,1,1,10,2025,1,44,5.0,1600000.0,35761
8451248,1,1,1,10,2025,1,74,4.0,,35771
8451251,1,2,1,10,2025,2,70,5.0,,35776
8451253,1,1,1,10,2025,1,45,8.0,4100000.0,35779
8451253,1,2,1,10,2025,1,22,5.0,,35780
8451254,1,1,1,10,2025,2,35,10.0,3000000.0,35781
8451258,1,1,1,10,2025,1,39,5.0,2000000.0,35787
8451258,1,4,1,10,2025,1,11,4.0,,35790
8451259,1,2,1,10,2025,2,35,5.0,850000.0,35792
8451262,1,3,1,10,2025,2,25,3.0,1200000.0,35802
8451263,1,1,1,10,2025,1,52,3.0,1200000.0,35804
8451263,1,2,1,10,2025,1,5,1.0,,35805
8451267,1,2,1,10,2025,2,21,10.0,,35812
8451272,1,1,1,10,2025,1,25,10.0,400000.0,35814
8451276,1,1,1,10,2025,1,56,8.0,2000000.0,35823
8451276,1,3,1,10,2025,1,28,8.0,1950000.0,35825
8451276,1,5,1,10,2025,2,30,9.0,300000.0,35827
8451279,1,3,1,10,2025,2,7,3.0,,35835
8451280,1,1,1,10,2025,1,31,4.0,1200000.0,35837
8451281,1,1,1,10,2025,1,58,3.0,1200000.0,35841
8451281,1,3,1,10,2025,1,21,5.0,800000.0,35843
8451281,1,4,1,10,2025,2,14,4.0,,35844
8451282,1,4,1,10,2025,1,31,4.0,1200000.0,35848
8451283,1,7,1,10,2025,2,6,3.0,,35856
8451287,1,6,1,10,2025,2,27,8.0,,35869
8451289,1,2,1,10,2025,2,9,3.0,,35876
8451290,1,2,1,10,2025,2,20,4.0,,35879
8451291,1,3,1,10,2025,2,30,10.0,,35883
8451291,1,4,1,10,2025,2,18,10.0,,35884
8451293,1,1,1,10,2025,1,31,10.0,800000.0,35886
8451298,1,1,1,10,2025,1,20,4.0,3000000.0,35898
8451298,1,2,1,10,2025,2,18,6.0,,35899
8451299,1,1,1,10,2025,1,33,4.0,2000000.0,35900
8451300,1,3,1,10,2025,1,19,4.0,,35903
8451301,1,1,1,10,2025,2,49,3.0,,35905
8451306,1,2,1,10,2025,1,29,10.0,1200000.0,35915
8451306,1,3,1,10,2025,1,19,5.0,,35916
8451310,1,2,1,10,2025,2,42,10.0,1430000.0,35920
8451310,1,3,1,10,2025,1,22,10.0,,35921
8451311,1,1,1,10,2025,1,26,3.0,350000.0,35922
8451312,1,1,1,10,2025,1,44,3.0,,35925
8451312,1,2,1,10,2025,2,46,3.0,,35926
8451312,1,8,1,10,2025,2,30,5.0,280000.0,35932
8451313,1,1,1,10,2025,2,62,3.0,,35935
8451313,1,2,1,10,2025,1,62,3.0,540000.0,35936
8451314,1,2,1,10,2025,2,50,3.0,,35939
8451315,1,2,1,10,2025,2,25,5.0,750000.0,35942
8451315,1,3,1,10,2025,1,7,3.0,,35943
8451317,1,1,1,10,2025,2,33,5.0,920000.0,35946
8451317,1,2,1,10,2025,2,15,5.0,,35947
8451319,1,2,1,10,2025,2,57,3.0,,35952
8451319,1,3,1,10,2025,2,20,4.0,,35953
8451324,1,3,1,10,2025,1,10,4.0,,35965
8451325,2,2,2,10,2025,2,13,4.0,,35969
8451326,1,2,1,10,2025,2,65,3.0,,35973
8451327,1,1,1,10,2025,2,31,3.0,400000.0,35975
8451328,1,1,1,10,2025,2,25,6.0,,35978
8451329,1,1,1,10,2025,1,65,3.0,900000.0,35981
8451330,1,1,1,10,2025,1,40,3.0,2400000.0,35982
8451335,1,2,1,10,2025,2,35,4.0,,35989
8451337,1,2,1,10,2025,2,30,5.0,,35995
8451339,1,2,1,10,2025,2,32,8.0,500000.0,36003
8451340,1,1,1,10,2025,1,51,5.0,350000.0,36005
8451340,1,4,1,10,2025,1,2,,,36008
8451340,2,1,2,10,2025,1,31,9.0,600000.0,36009
8451343,1,1,1,10,2025,2,33,5.0,1120000.0,36017
8451343,1,2,1,10,2025,2,16,5.0,,36018
8451343,1,3,1,10,2025,2,8,3.0,,36019
8451344,1,1,1,10,2025,2,26,10.0,800000.0,36021
8451345,1,1,1,10,2025,2,34,4.0,200000.0,36023
8451349,1,1,1,10,2025,1,78,3.0,1500000.0,36031
8451350,1,1,1,10,2025,2,38,3.0,400000.0,36032
8451351,1,1,1,10,2025,2,63,4.0,,36035
8451351,1,2,1,10,2025,1,66,3.0,1000000.0,36036
8451352,1,2,1,10,2025,2,54,5.0,1500000.0,36039
8451357,1,2,1,10,2025,2,80,3.0,,36051
8451357,1,3,1,10,2025,1,43,3.0,,36052
8451360,1,1,1,10,2025,1,82,3.0,,36057
8451362,1,3,1,10,2025,1,33,3.0,1250000.0,36064
8451363,1,1,1,10,2025,1,82,1.0,,36066
8451364,1,1,1,10,2025,2,35,5.0,1000000.0,36069
8451364,1,2,1,10,2025,2,9,3.0,,36070
8451366,1,1,1,10,2025,1,76,3.0,,36073
8451368,1,1,1,10,2025,1,41,4.0,1300000.0,36077
8451370,1,2,1,10,2025,1,4,1.0,,36081
8451371,1,3,1,10,2025,1,40,3.0,1400000.0,36084
8451372,1,2,1,10,2025,2,39,1.0,,36088
8451372,1,4,1,10,2025,1,25,4.0,1700000.0,36090
8451374,1,2,1,10,2025,1,78,1.0,1200000.0,36093
8451375,1,1,1,10,2025,2,64,1.0,,36098
8451375,1,2,1,10,2025,2,34,4.0,1423500.0,36099
8451375,1,3,1,10,2025,1,36,3.0,1423500.0,36100
8451375,1,6,1,10,2025,2,6,3.0,,36103
8451376,1,3,1,10,2025,1,48,5.0,1500000.0,36106
8451377,1,3,1,10,2025,1,40,4.0,2500000.0,36109
8451378,1,4,1,10,2025,1,8,3.0,,36114
8451378,1,6,1,10,2025,2,2,,,36116
8451379,1,3,1,10,2025,1,35,10.0,3900000.0,36119
8451380,1,2,1,10,2025,2,48,3.0,,36121
8451382,1,1,1,10,2025,1,59,1.0,300000.0,36125
8451382,1,2,1,10,2025,2,84,3.0,,36126
8451383,1,2,1,10,2025,1,42,1.0,1423500.0,36128
8451383,1,3,1,10,2025,1,40,1.0,1600000.0,36129
8451385,1,5,1,10,2025,1,13,4.0,,36135
8451386,1,1,1,10,2025,2,59,3.0,550000.0,36136
8451386,1,2,1,10,2025,1,30,3.0,1673500.0,36137
8451387,1,2,1,10,2025,2,47,3.0,,36139
8451387,1,4,1,10,2025,1,18,5.0,,36141
8451388,1,2,1,10,2025,2,36,3.0,,36143
8451389,1,3,1,10,2025,2,13,4.0,,36147
8451392,1,2,1,10,2025,2,21,5.0,200000.0,36151
8451393,1,2,1,10,2025,2,74,1.0,,36153
8451394,1,1,1,10,2025,1,61,1.0,142350.0,36155
8451394,1,3,1,10,2025,2,24,5.0,,36157
8451397,1,2,1,10,2025,2,33,5.0,,36163
8451402,1,1,1,10,2025,1,61,5.0,2000000.0,36174
8451402,1,2,1,10,2025,2,59,5.0,,36175
8451402,1,3,1,10,2025,2,33,7.0,,36176
8451402,1,5,1,10,2025,2,90,3.0,,36178
8451404,1,1,1,10,2025,1,66,1.0,750000.0,36183
8451405,1,1,1,10,2025,1,63,3.0,1800000.0,36185
8451406,1,1,1,10,2025,1,60,3.0,1600000.0,36186
8451411,1,1,1,10,2025,2,45,4.0,,36191
8451411,1,4,1,10,2025,1,22,4.0,,36194
8451413,1,2,1,10,2025,2,34,5.0,1423500.0,36202
8451416,1,2,1,10,2025,1,56,5.0,1423500.0,36208
8451417,1,2,1,10,2025,2,62,1.0,,36212
8451418,1,2,1,10,2025,2,50,4.0,,36214
8451418,1,3,1,10,2025,2,20,5.0,1423500.0,36215
8451419,1,6,1,10,2025,2,18,6.0,,36224
8451420,1,4,1,10,2025,2,8,3.0,,36229
8451421,1,1,1,10,2025,1,71,3.0,,36231
8451422,1,1,1,10,2025,1,68,5.0,2500000.0,36235
8451423,1,2,1,10,2025,2,49,8.0,1423500.0,36238
8451423,1,3,1,10,2025,1,45,5.0,1423500.0,36239
8451424,1,1,1,10,2025,1,69,8.0,,36240
8451424,1,2,1,10,2025,2,57,3.0,,36241
8451426,1,2,1,10,2025,2,65,3.0,,36245
8451428,1,2,1,10,2025,2,52,3.0,,36247
8451430,1,1,1,10,2025,1,69,3.0,350000.0,36251
8451432,1,1,1,10,2025,2,57,3.0,450000.0,36255
8451434,1,1,1,10,2025,2,45,10.0,3500000.0,36257
8451437,1,2,1,10,2025,2,13,4.0,,36264
8451438,1,1,1,10,2025,1,37,3.0,850000.0,36265
8451439,1,3,1,10,2025,2,5,2.0,,36268
8451442,1,1,1,10,2025,2,76,3.0,,36272
8451443,1,3,1,10,2025,2,60,4.0,,36276
8451444,1,2,1,10,2025,1,67,3.0,,36278
8451446,1,1,1,10,2025,2,73,3.0,500000.0,36279
8451447,1,1,1,10,2025,2,22,5.0,1000000.0,36280
8451448,1,1,1,10,2025,1,91,1.0,,36281
8451448,1,2,1,10,2025,2,80,3.0,,36282
8451449,1,1,1,10,2025,1,93,3.0,,36283
8451452,1,1,1,10,2025,1,67,3.0,600000.0,36288
8451456,1,2,1,10,2025,1,17,5.0,,36300
8451457,1,3,1,10,2025,1,2,,,36304
8451457,1,4,1,10,2025,2,19,5.0,,36305
8451457,1,5,1,10,2025,1,9,3.0,,36306
8451460,1,1,1,10,2025,2,31,3.0,,36311
8451460,1,4,1,10,2025,1,3,1.0,,36314
8451461,1,2,1,10,2025,1,38,1.0,,36317
8451463,1,1,1,10,2025,1,63,4.0,1050000.0,36321
8451466,1,2,1,10,2025,1,40,3.0,100000.0,36325
8451467,1,3,1,10,2025,1,31,10.0,,36328
8451470,1,3,1,10,2025,2,28,8.0,,36333
8451472,1,1,1,10,2025,1,36,5.0,1423500.0,36336
8451473,1,1,1,10,2025,2,35,5.0,1423500.0,36339
8451473,1,2,1,10,2025,1,16,5.0,,36340
8451474,1,3,1,10,2025,1,12,4.0,,36344
8451474,1,4,1,10,2025,2,1,,,36345
8451475,1,1,1,10,2025,2,54,3.0,,36346
8451476,1,3,1,10,2025,1,12,4.0,,36350
8451477,1,1,1,10,2025,1,38,5.0,2050000.0,36352
8451479,1,2,1,10,2025,2,9,3.0,,36355
8451481,1,2,1,10,2025,2,2,,,36358
8451482,1,2,1,10,2025,1,20,4.0,800000.0,36360
8451482,1,3,1,10,2025,1,13,4.0,,36361
8451483,1,1,1,10,2025,1,45,3.0,1000000.0,36362
8451484,1,1,1,10,2025,2,30,5.0,1150000.0,36365
8451486,1,1,1,10,2025,1,72,1.0,,36373
8451486,1,2,1,10,2025,2,62,1.0,,36374
8451486,1,3,1,10,2025,1,13,4.0,,36375
8451487,1,3,1,10,2025,1,21,5.0,1100000.0,36378
8451490,1,3,1,10,2025,1,20,8.0,,36387
8451491,1,1,1,10,2025,2,41,4.0,600000.0,36388
8451493,1,2,1,10,2025,2,55,5.0,700000.0,36393
8451495,1,2,1,10,2025,1,14,3.0,,36397
8451495,1,3,1,10,2025,2,25,4.0,900000.0,36398
8451495,1,5,1,10,2025,2,5,1.0,,36400
8451496,1,2,1,10,2025,1,45,1.0,1500000.0,36402
8451499,1,1,1,10,2025,1,39,3.0,1000000.0,36410
8451500,1,1,1,10,2025,2,44,3.0,1423000.0,36411
8451500,1,2,1,10,2025,2,23,5.0,,36412
8451503,1,1,1,10,2025,1,60,8.0,4600000.0,36414
8451503,1,2,1,10,2025,2,52,4.0,,36415
8451503,1,3,1,10,2025,2,28,10.0,,36416
8451505,1,4,1,10,2025,2,11,4.0,,36423
8451506,1,2,1,10,2025,2,71,3.0,1250000.0,36425
8451507,1,1,1,10,2025,1,45,5.0,,36428
8451507,1,2,1,10,2025,2,45,3.0,400000.0,36429
8451508,1,3,1,10,2025,1,11,3.0,,36434
8451509,1,3,1,10,2025,2,8,3.0,,36437
8451509,1,4,1,10,2025,2,0,,,36438
8451510,1,1,1,10,2025,1,68,1.0,200000.0,36439
8451510,1,3,1,10,2025,1,33,4.0,900000.0,36441
8451511,1,1,1,10,2025,1,46,4.0,1300000.0,36445
8451513,1,2,1,10,2025,2,70,3.0,,36450
8451514,1,1,1,10,2025,2,19,5.0,,36451
8451515,1,1,1,10,2025,2,44,3.0,400000.0,36453
8451523,1,2,1,10,2025,2,34,4.0,,36475
8451523,1,5,1,10,2025,1,12,4.0,,36478
8451526,1,3,1,10,2025,1,23,5.0,620000.0,36490
8451526,1,4,1,10,2025,1,15,4.0,,36491
8451527,1,3,1,10,2025,1,9,3.0,,36494
8451528,1,2,1,10,2025,1,60,3.0,450000.0,36496
8451530,1,2,1,10,2025,2,58,3.0,,36500
8451534,1,1,1,10,2025,2,67,3.0,30000.0,36510
8451538,1,1,1,10,2025,2,29,5.0,1500000.0,36512
8451538,1,2,1,10,2025,1,6,2.0,,36513
8451540,1,2,1,10,2025,2,35,10.0,2500000.0,36518
8451542,1,2,1,10,2025,1,22,5.0,1423000.0,36523
8451557,1,1,1,10,2025,1,35,5.0,1423000.0,36543
8451557,1,3,1,10,2025,1,9,4.0,,36545
8451560,1,1,1,10,2025,1,21,5.0,1700000.0,36547
8451564,1,2,1,10,2025,2,9,3.0,,36553
8451568,1,4,1,10,2025,1,27,10.0,6000000.0,36566
8451572,1,3,1,10,2025,1,15,4.0,,36571
8451578,1,1,1,10,2025,2,30,5.0,1423000.0,36578
8451579,1,3,1,10,2025,2,7,3.0,,36581
8451580,1,1,1,10,2025,2,63,4.0,,36582
8451581,1,2,1,10,2025,2,97,3.0,,36585
8451584,1,1,1,10,2025,2,70,5.0,,36590
8451585,1,1,1,10,2025,2,31,10.0,3800000.0,36592
8451586,1,1,1,10,2025,2,84,8.0,,36596
8451588,1,2,1,10,2025,2,54,5.0,,36599
8451589,1,1,1,10,2025,1,40,11.0,8000000.0,36602
8451595,1,2,1,10,2025,2,42,9.0,4300000.0,36609
8451598,1,5,1,10,2025,2,17,5.0,,36622
8451599,1,1,1,10,2025,2,45,5.0,1423500.0,36623
8451599,1,3,1,10,2025,1,26,5.0,,36625
8451600,1,1,1,10,2025,1,39,5.0,2000000.0,36626
8451600,1,2,1,10,2025,2,39,10.0,4000000.0,36627
8451601,1,1,1,10,2025,2,71,5.0,,36629
8451603,1,2,1,10,2025,1,18,3.0,200000.0,36634
8451604,1,3,1,10,2025,2,13,4.0,,36637
8451606,1,2,1,10,2025,1,65,4.0,3500000.0,36642
8451610,1,2,1,10,2025,2,33,8.0,,36651
8451610,1,4,1,10,2025,1,25,4.0,1423000.0,36653
8451610,1,5,1,10,2025,2,79,1.0,,36654
8451612,1,1,1,10,2025,2,70,10.0,,36658
8451615,1,1,1,10,2025,1,21,8.0,4000000.0,36664
8451615,1,2,1,10,2025,2,18,5.0,300000.0,36665
8451616,1,3,1,10,2025,2,24,4.0,,36668
8451617,1,1,1,10,2025,1,63,4.0,,36671
8451618,1,2,1,10,2025,1,18,10.0,,36674
8451619,1,1,1,10,2025,1,38,5.0,2823000.0,36675
8451619,1,2,1,10,2025,2,28,5.0,,36676
8451621,1,2,1,10,2025,2,28,10.0,,36682
8451622,1,2,1,10,2025,2,77,3.0,,36684
8451623,1,2,1,10,2025,1,63,9.0,,36689
8451623,1,3,1,10,2025,2,61,5.0,,36690
8451625,1,4,1,10,2025,1,58,5.0,1400000.0,36696
8451625,1,6,1,10,2025,2,23,10.0,2800000.0,36698
8451626,1,4,1,10,2025,2,8,3.0,,36702
8451627,1,1,1,10,2025,2,64,10.0,,36704
8451628,1,2,1,10,2025,1,57,3.0,3000000.0,36708
8451630,1,2,1,10,2025,2,35,10.0,4500000.0,36712
8451630,1,3,1,10,2025,2,37,5.0,,36713
8451633,1,2,1,10,2025,1,6,3.0,,36717
8451634,1,1,1,10,2025,2,37,5.0,1400000.0,36718
8451634,1,2,1,10,2025,2,19,5.0,,36719
8451636,1,1,1,10,2025,2,50,5.0,,36724
8451637,1,2,1,10,2025,1,58,5.0,1623500.0,36726
8451637,1,3,1,10,2025,1,28,5.0,2000000.0,36727
8451639,1,2,1,10,2025,1,71,4.0,,36732
8451640,1,2,1,10,2025,2,44,11.0,13000000.0,36734
8451641,1,2,1,10,2025,2,66,5.0,,36739
8451642,1,1,1,10,2025,1,49,5.0,1600000.0,36742
8451645,1,3,1,10,2025,1,13,3.0,,36750
8451646,1,4,1,10,2025,1,6,3.0,,36754
8451647,1,4,1,10,2025,2,7,3.0,,36759
8451649,1,4,1,10,2025,2,24,8.0,,36767
8451650,1,1,1,10,2025,2,55,4.0,,36768
8451650,1,3,1,10,2025,1,16,4.0,,36770
8451651,1,2,1,10,2025,2,25,10.0,,36775
8451651,1,3,1,10,2025,2,20,10.0,200000.0,36776
8451652,1,1,1,10,2025,2,67,10.0,,36779
8451657,1,2,1,10,2025,2,29,4.0,,36793
8451658,1,2,1,10,2025,1,67,4.0,,36797
8451659,1,1,1,10,2025,1,62,5.0,,36799
8451659,1,2,1,10,2025,2,58,5.0,,36800
8451663,1,2,1,10,2025,1,55,5.0,1425000.0,36810
8451664,1,1,1,10,2025,2,41,5.0,,36813
8451665,1,1,1,10,2025,2,32,5.0,,36815
8451667,1,2,1,10,2025,1,28,5.0,1300000.0,36822
8451667,1,3,1,10,2025,2,4,2.0,,36823
8451672,1,2,1,10,2025,1,1,,,36833
8451674,1,3,1,10,2025,1,0,,,36838
8451675,1,3,1,10,2025,1,0,,,36841
8451677,1,1,1,10,2025,1,64,4.0,1423000.0,36844
8451678,1,5,1,10,2025,2,17,10.0,,36851
8451679,1,1,1,10,2025,1,51,10.0,,36853
8451680,1,1,1,10,2025,2,51,4.0,,36856
8451680,1,2,1,10,2025,1,28,9.0,2000000.0,36857
8451681,1,1,1,10,2025,2,73,4.0,800000.0,36858
8451682,1,2,1,10,2025,2,18,10.0,,36860
8451682,1,3,1,10,2025,2,76,3.0,,36861
8451684,1,1,1,10,2025,2,65,4.0,,36864
8451687,1,1,1,10,2025,2,63,5.0,250000.0,36868
8451687,1,4,1,10,2025,1,3,2.0,,36871
8451688,1,4,1,10,2025,2,9,3.0,,36875
8451690,1,3,1,10,2025,2,24,10.0,1423500.0,36881
8451690,1,4,1,10,2025,2,16,4.0,,36882
8451691,1,1,1,10,2025,2,45,9.0,2800000.0,36883
8451691,1,2,1,10,2025,2,19,10.0,,36884
8451691,1,3,1,10,2025,2,6,2.0,,36885
8451693,1,3,1,10,2025,1,9,3.0,,36889
8451694,1,3,1,10,2025,1,25,10.0,,36893
8451695,1,1,1,10,2025,1,38,11.0,7000000.0,36895
8451695,1,3,1,10,2025,1,4,2.0,,36897
8451697,1,3,1,10,2025,2,13,4.0,,36901
8451700,1,1,1,10,2025,2,68,10.0,,36905
8451704,1,1,1,10,2025,1,81,6.0,,36916
8451706,1,2,1,10,2025,1,53,5.0,1425000.0,36924
8451707,1,1,1,10,2025,1,67,10.0,3000000.0,36925
8451709,1,1,1,10,2025,1,72,3.0,,36930
8451710,1,1,1,10,2025,2,36,5.0,,36932
8451710,1,4,1,10,2025,2,10,3.0,,36935
8451711,1,1,1,10,2025,2,22,8.0,1603500.0,36937
8451713,1,3,1,10,2025,2,68,10.0,,36944
8451715,1,1,1,10,2025,1,58,3.0,1000000.0,36948
8451717,1,3,1,10,2025,2,5,2.0,,36954
8451719,1,4,1,10,2025,1,14,4.0,,36959
8451722,1,2,1,10,2025,2,27,5.0,1423500.0,36967
8451722,1,3,1,10,2025,2,11,3.0,,36968
8451722,1,4,1,10,2025,1,4,1.0,,36969
8451723,1,3,1,10,2025,1,32,5.0,1500000.0,36972
8451726,1,3,1,10,2025,2,5,2.0,,36979
8451729,1,1,1,10,2025,1,47,3.0,1423500.0,36985
8451729,1,2,1,10,2025,2,39,5.0,1423500.0,36986
8451729,1,4,1,10,2025,1,12,4.0,,36988
8451730,1,1,1,10,2025,2,59,8.0,1423500.0,36989
8451730,1,2,1,10,2025,1,72,5.0,,36990
8451731,1,2,1,10,2025,1,28,5.0,2000000.0,36992
8451731,1,3,1,10,2025,1,5,2.0,,36993
8451733,1,1,1,10,2025,1,35,4.0,2000000.0,36996
8451734,1,2,1,10,2025,1,38,10.0,,37001
8451736,1,1,1,10,2025,2,58,11.0,9000000.0,37006
8451737,1,2,1,10,2025,1,53,5.0,1423500.0,37008
8451737,1,3,1,10,2025,2,21,5.0,,37009
8451738,1,1,1,10,2025,2,39,10.0,1423500.0,37012
8451739,1,3,1,10,2025,1,34,10.0,,37017
8451741,1,1,1,10,2025,1,33,8.0,1423500.0,37021
8451742,1,1,1,10,2025,1,54,4.0,80000.0,37026
8451743,1,4,1,10,2025,2,16,10.0,,37030
8451744,1,3,1,10,2025,2,29,10.0,,37033
8451745,1,2,1,10,2025,1,30,11.0,3300000.0,37037
8451746,1,1,1,10,2025,2,57,11.0,4000000.0,37039
8451746,1,2,1,10,2025,1,17,5.0,,37040
8451749,1,1,1,10,2025,1,53,4.0,1423500.0,37045
8451750,1,3,1,10,2025,1,10,3.0,,37051
8451751,1,1,1,10,2025,2,41,10.0,3500000.0,37052
8451751,1,2,1,10,2025,1,25,10.0,,37053
8451753,1,4,1,10,2025,1,23,10.0,,37058
8451756,1,1,1,10,2025,1,25,10.0,1423500.0,37066
8451757,1,1,1,10,2025,2,43,8.0,1423500.0,37067
8451758,1,5,1,10,2025,2,7,3.0,,37074
8451761,1,1,1,10,2025,2,51,10.0,,37078
8451763,1,4,1,10,2025,2,14,4.0,,37084
8451764,1,1,1,10,2025,2,62,8.0,,37085
8451764,1,2,1,10,2025,1,30,10.0,2000000.0,37086
8451764,1,4,1,10,2025,1,7,3.0,,37088
8451765,1,1,1,10,2025,1,77,3.0,,37089
8451765,1,3,1,10,2025,2,39,10.0,2800000.0,37091
8451767,1,1,1,10,2025,2,45,10.0,0.0,37094
8451768,1,1,1,10,2025,1,43,10.0,3000000.0,37097
8451770,1,1,1,10,2025,2,64,4.0,,37100
8451770,1,2,1,10,2025,1,68,5.0,,37101
8451774,1,1,1,10,2025,1,53,9.0,2500000.0,37112
8451774,1,4,1,10,2025,1,21,10.0,1623500.0,37115
8451776,1,2,1,10,2025,2,71,10.0,,37118
8451777,1,5,1,10,2025,2,20,4.0,,37123
8451777,1,9,1,10,2025,2,56,3.0,,37127
8451779,1,2,1,10,2025,2,25,10.0,2846000.0,37131
8451780,1,2,1,10,2025,1,33,5.0,1500000.0,37133
8451781,1,3,1,10,2025,2,14,3.0,,37136
8451781,1,4,1,10,2025,2,6,2.0,,37137
8451781,1,5,1,10,2025,1,4,2.0,,37138
8451784,1,2,1,10,2025,2,77,4.0,,37150
8451785,2,1,2,10,2025,2,20,10.0,700000.0,37153
8451787,1,2,1,10,2025,2,44,11.0,4269000.0,37156
8451789,1,1,1,10,2025,2,54,4.0,,37159
8451793,1,1,1,10,2025,1,60,5.0,1623500.0,37167
8451795,1,1,1,10,2025,1,81,3.0,,37172
8451798,1,1,1,10,2025,2,66,3.0,,37178
8451800,1,1,1,10,2025,1,71,5.0,,37181
8451801,1,2,1,10,2025,1,19,8.0,,37184
8451802,1,1,1,10,2025,1,65,8.0,1860000.0,37186
8451802,1,2,1,10,2025,2,65,4.0,,37187
8451803,1,3,1,10,2025,1,18,10.0,,37190
8451805,1,3,1,10,2025,2,41,12.0,5000000.0,37194
8451806,1,2,1,10,2025,2,16,5.0,,37196
8451807,1,1,1,10,2025,2,36,9.0,1907600.0,37197
8451808,1,2,1,10,2025,2,28,8.0,2000000.0,37201
8451808,1,3,1,10,2025,2,6,3.0,,37202
8451809,1,3,1,10,2025,2,13,4.0,,37206
8451811,1,1,1,10,2025,1,54,3.0,1300000.0,37208
8451811,1,5,1,10,2025,2,7,3.0,,37212
8451813,1,2,1,10,2025,2,14,3.0,,37215
8451813,1,3,1,10,2025,2,8,3.0,,37216
8451816,1,3,1,10,2025,1,18,10.0,,37221
8451816,1,4,1,10,2025,1,9,3.0,,37222
8451817,1,1,1,10,2025,1,31,12.0,4800000.0,37223
8451818,1,1,1,10,2025,2,58,10.0,1800000.0,37225
8451821,1,2,1,10,2025,2,51,5.0,,37229
8451821,1,3,1,10,2025,2,25,10.0,,37230
8451826,1,2,1,10,2025,2,33,5.0,,37240
8451827,1,1,1,10,2025,2,37,6.0,,37242
8451827,1,3,1,10,2025,2,13,4.0,,37244
8451827,1,4,1,10,2025,2,8,3.0,,37245
8451828,1,1,1,10,2025,1,69,4.0,,37246
8451828,1,2,1,10,2025,2,75,3.0,100000.0,37247
8451829,1,4,1,10,2025,1,88,3.0,,37251
8451830,1,2,1,10,2025,2,34,5.0,1090000.0,37253
8451831,1,2,1,10,2025,2,37,3.0,400000.0,37257
8451832,1,1,1,10,2025,1,40,10.0,3900000.0,37258
8451838,1,1,1,10,2025,1,60,8.0,1500000.0,37272
8451841,1,2,1,10,2025,2,12,4.0,,37279
8451844,1,1,1,10,2025,1,60,3.0,,37290
8451844,1,2,1,10,2025,2,46,4.0,,37291
8451847,1,1,1,10,2025,1,29,4.0,700000.0,37296
8451847,1,2,1,10,2025,2,19,3.0,600000.0,37297
8451848,1,2,1,10,2025,1,16,5.0,,37300
8451850,1,2,1,10,2025,1,48,1.0,1200000.0,37305
8451852,1,1,1,10,2025,2,30,5.0,1120000.0,37310
8451854,1,2,1,10,2025,2,33,10.0,500000.0,37317
8451855,1,2,1,10,2025,1,11,3.0,,37319
8451856,1,2,1,10,2025,2,65,1.0,,37321
8451857,1,1,1,10,2025,2,62,3.0,2000000.0,37322
8451857,1,2,1,10,2025,1,61,5.0,,37323
8451858,1,1,1,10,2025,1,29,10.0,5000000.0,37325
8451858,1,3,1,10,2025,1,2,,,37327
8451860,1,2,1,10,2025,1,82,3.0,,37331
8451860,1,4,1,10,2025,1,49,5.0,5000000.0,37333
8451862,1,2,1,10,2025,1,65,10.0,,37340
8451862,1,3,1,10,2025,1,12,4.0,,37341
8451865,1,1,1,10,2025,2,64,3.0,,37343
8451866,1,1,1,10,2025,1,20,5.0,2500000.0,37344
8451868,1,1,1,10,2025,1,33,10.0,800000.0,37348
8451869,1,1,1,10,2025,2,34,5.0,1500000.0,37349
8451876,2,1,2,10,2025,2,52,5.0,,37364
8451876,3,1,3,10,2025,2,34,5.0,1400000.0,37366
8451877,1,1,1,10,2025,1,87,3.0,,37369
8451879,1,3,1,10,2025,2,66,3.0,1400000.0,37373
8451884,1,1,1,10,2025,2,71,3.0,,37381
8451884,1,5,1,10,2025,2,24,9.0,780000.0,37385
8451886,1,1,1,10,2025,2,61,5.0,,37390
8451889,1,2,1,10,2025,2,45,8.0,,37395
8451890,1,3,1,10,2025,1,44,10.0,1000000.0,37399
8451891,1,1,1,10,2025,2,55,8.0,3000000.0,37401
8451892,1,1,1,10,2025,2,43,12.0,6000000.0,37403
8451893,1,3,1,10,2025,2,36,6.0,,37406
8451893,1,4,1,10,2025,2,15,4.0,,37407
8451893,1,5,1,10,2025,1,4,2.0,,37408
8451898,1,3,1,10,2025,1,15,4.0,,37415
8451899,1,1,1,10,2025,2,33,10.0,,37416
8451899,1,2,1,10,2025,1,7,3.0,,37417
8451900,1,3,1,10,2025,2,29,10.0,,37420
8451901,1,3,1,10,2025,2,7,3.0,,37423
8451901,1,4,1,10,2025,2,13,4.0,,37424
8451903,1,4,1,10,2025,1,29,10.0,1600000.0,37430
8451903,1,5,1,10,2025,1,0,,,37431
8451906,1,2,1,10,2025,1,54,1.0,,37440
8451907,1,1,1,10,2025,2,35,11.0,1660000.0,37441
8451907,1,2,1,10,2025,1,44,9.0,4000000.0,37442
8451908,1,2,1,10,2025,1,60,10.0,2700000.0,37445
8451910,1,1,1,10,2025,2,38,8.0,1623500.0,37449
8451910,1,2,1,10,2025,2,20,5.0,,37450
8451912,1,1,1,10,2025,2,45,9.0,,37458
8451912,1,2,1,10,2025,2,15,5.0,,37459
8451915,1,1,1,10,2025,1,62,3.0,,37466
8451918,1,1,1,10,2025,2,26,6.0,1300000.0,37471
8451918,1,2,1,10,2025,1,0,,,37472
8451919,1,3,1,10,2025,1,12,4.0,,37475
8451928,1,1,1,10,2025,2,51,3.0,400000.0,37495
8451929,1,1,1,10,2025,2,72,1.0,,37497
8451929,1,2,1,10,2025,1,48,3.0,,37498
8451930,1,3,1,10,2025,2,33,8.0,,37501
8451934,1,1,1,10,2025,1,73,5.0,,37512
8451934,1,2,1,10,2025,2,92,3.0,,37513
8451935,1,1,1,10,2025,2,44,5.0,,37514
8451937,1,2,1,10,2025,1,34,5.0,1423000.0,37519
8451937,1,3,1,10,2025,2,23,10.0,,37520
8451940,1,1,1,10,2025,2,39,5.0,900000.0,37523
8451940,1,2,1,10,2025,1,18,5.0,,37524
8451941,1,1,1,10,2025,2,45,5.0,,37525
8451941,1,4,1,10,2025,2,35,10.0,2400000.0,37528
8451942,1,3,1,10,2025,2,12,4.0,,37531
8451943,1,2,1,10,2025,2,36,10.0,2000000.0,37535
8451943,1,4,1,10,2025,1,12,4.0,,37537
8451944,1,1,1,10,2025,1,44,3.0,100000.0,37538
8451945,1,2,1,10,2025,2,30,5.0,,37540
8451945,1,3,1,10,2025,2,18,5.0,,37541
8451945,1,6,1,10,2025,1,8,3.0,,37544
8451946,1,1,1,10,2025,2,46,5.0,1423500.0,37545
8451946,1,3,1,10,2025,1,26,5.0,800000.0,37547
8451947,1,3,1,10,2025,2,25,5.0,1423500.0,37552
8451952,1,1,1,10,2025,1,44,8.0,1400000.0,37564
8451953,1,2,1,10,2025,2,30,8.0,1423500.0,37569
8451960,1,2,1,10,2025,2,30,10.0,1423500.0,37586
8451960,1,4,1,10,2025,1,1,,,37588
8451962,1,1,1,10,2025,1,38,8.0,1200000.0,37592
8451962,1,2,1,10,2025,2,34,5.0,150000.0,37593
8451962,1,4,1,10,2025,1,12,4.0,,37595
8451963,1,2,1,10,2025,1,32,5.0,2000000.0,37598
8451964,1,2,1,10,2025,2,57,5.0,2000000.0,37600
8451965,1,6,1,10,2025,2,7,3.0,,37607
8451969,1,1,1,10,2025,1,47,5.0,1500000.0,37614
8451971,1,1,1,10,2025,1,43,5.0,800000.0,37620
8451972,1,3,1,10,2025,1,22,5.0,,37624
8451974,1,1,1,10,2025,1,74,3.0,,37627
8451976,1,1,1,10,2025,1,65,5.0,2300000.0,37634
8451976,1,2,1,10,2025,2,64,3.0,,37635
8451977,1,1,1,10,2025,2,59,4.0,,37637
8451978,1,1,1,10,2025,1,52,3.0,1000000.0,37639
8451979,1,1,1,10,2025,1,39,3.0,1700000.0,37642
8451983,1,2,1,10,2025,2,27,10.0,1423500.0,37651
8451984,1,1,1,10,2025,2,34,10.0,112000.0,37652
8451987,1,1,1,10,2025,1,41,5.0,1700000.0,37658
8451989,1,2,1,10,2025,1,51,5.0,1420000.0,37667
8451992,1,2,1,10,2025,2,28,10.0,1600000.0,37675
8451993,1,2,1,10,2025,1,27,5.0,,37677
8451993,1,6,1,10,2025,1,25,5.0,,37681
8451995,1,3,1,10,2025,1,7,3.0,,37685
8451995,1,4,1,10,2025,2,6,3.0,,37686
8451996,1,1,1,10,2025,2,55,3.0,500000.0,37688
8451998,1,1,1,10,2025,2,25,10.0,2000000.0,37693
8452001,1,3,1,10,2025,2,18,5.0,,37702
8452002,1,1,1,10,2025,1,51,9.0,2500000.0,37705
8452002,1,2,1,10,2025,2,54,5.0,,37706
8452004,1,3,1,10,2025,2,87,5.0,,37712
8452005,1,1,1,10,2025,2,86,8.0,,37713
8452007,1,1,1,10,2025,2,61,8.0,,37716
8452008,1,3,1,10,2025,1,26,10.0,,37720
8452008,1,5,1,10,2025,2,44,8.0,,37722
8452008,1,6,1,10,2025,2,22,10.0,,37723
8452013,1,1,1,10,2025,2,63,5.0,1200000.0,37729
8452013,1,2,1,10,2025,2,48,10.0,2000000.0,37730
8452023,1,1,1,10,2025,2,61,5.0,,37746
8452024,1,1,1,10,2025,1,31,3.0,1800000.0,37748
8452026,1,1,1,10,2025,2,36,5.0,,37752
8452030,1,2,1,10,2025,2,4,2.0,,37761
8452031,1,3,1,10,2025,1,11,4.0,,37764
8452035,1,2,1,10,2025,2,53,10.0,,37767
8452036,1,2,1,10,2025,2,28,10.0,900000.0,37769
8452037,1,1,1,10,2025,2,35,10.0,,37770
8452041,1,1,1,10,2025,2,46,5.0,1200000.0,37778
8452042,1,1,1,10,2025,2,72,3.0,,37781
8452042,1,2,1,10,2025,1,74,3.0,,37782
8452045,1,2,1,10,2025,2,17,4.0,,37790
8452045,1,3,1,10,2025,1,1,,,37791
8452046,1,1,1,10,2025,2,44,8.0,1850000.0,37792
8452047,1,2,1,10,2025,1,31,10.0,,37796
8452048,1,1,1,10,2025,2,28,5.0,2000000.0,37798
8452048,1,2,1,10,2025,1,12,3.0,,37799
8452048,1,4,1,10,2025,1,3,1.0,,37801
8452055,1,1,1,10,2025,2,45,4.0,750000.0,37816
8452056,1,2,1,10,2025,1,14,4.0,,37819
8452057,1,1,1,10,2025,1,66,3.0,600000.0,37821
8452058,1,2,1,10,2025,2,64,3.0,,37824
8452058,1,3,1,10,2025,1,20,5.0,1423500.0,37825
8452060,1,3,1,10,2025,1,16,6.0,,37831
8452063,1,2,1,10,2025,2,69,3.0,,37838
8452064,1,1,1,10,2025,2,40,4.0,400000.0,37839
8452064,1,2,1,10,2025,1,35,5.0,1423500.0,37840
8452065,1,1,1,10,2025,2,51,5.0,,37841
8452065,1,2,1,10,2025,1,30,5.0,1200000.0,37842
8452066,1,1,1,10,2025,1,74,10.0,,37846
8452066,1,2,1,10,2025,2,74,5.0,,37847
8452067,1,4,1,10,2025,1,17,8.0,,37852
8452068,1,2,1,10,2025,2,73,10.0,,37855
8452071,1,2,1,10,2025,2,52,5.0,600000.0,37863
8452074,1,1,1,10,2025,2,35,8.0,1423500.0,37868
8452074,1,3,1,10,2025,1,3,1.0,,37870
8452075,1,3,1,10,2025,2,10,3.0,,37874
8452076,1,2,1,10,2025,2,29,11.0,1800000.0,37876
8452078,1,2,1,10,2025,1,45,11.0,5000000.0,37880
8452078,1,4,1,10,2025,1,2,,,37882
8452079,1,2,1,10,2025,2,27,8.0,1423500.0,37884
8452082,1,3,1,10,2025,2,16,5.0,,37892
8452085,1,2,1,10,2025,2,59,10.0,5000000.0,37900
8452086,1,6,1,10,2025,2,9,3.0,,37906
8452087,1,2,1,10,2025,2,20,10.0,,37908
8452088,1,2,1,10,2025,1,56,3.0,1200000.0,37910
8452089,1,1,1,10,2025,1,54,3.0,1000000.0,37915
8452091,1,1,1,10,2025,2,23,4.0,250000.0,37918
8452096,1,2,1,10,2025,2,33,5.0,,37931
8452097,1,1,1,10,2025,1,45,3.0,2500000.0,37935
8452097,1,5,1,10,2025,1,0,,,37939
8452098,1,4,1,10,2025,1,9,3.0,,37943
8452100,1,2,1,10,2025,2,42,5.0,75000.0,37947
8452102,1,1,1,10,2025,1,65,3.0,400000.0,37952
8452106,1,1,1,10,2025,2,28,8.0,720000.0,37965
8452106,1,4,1,10,2025,2,6,2.0,,37968
8452108,1,2,1,10,2025,2,8,3.0,,37972
8452108,1,3,1,10,2025,1,4,1.0,,37973
8452110,1,2,1,10,2025,2,41,13.0,5000000.0,37977
8452112,1,1,1,10,2025,2,36,9.0,1500000.0,37985
8452115,1,1,1,10,2025,2,38,10.0,2100000.0,37992
8452116,1,1,1,10,2025,1,43,10.0,,37994
8452116,1,2,1,10,2025,2,37,10.0,3000000.0,37995
8452117,1,1,1,10,2025,1,80,10.0,,37996
8452119,1,1,1,10,2025,1,21,5.0,800000.0,38001
8452122,1,1,1,10,2025,1,42,10.0,4000000.0,38004
8452122,1,2,1,10,2025,2,40,10.0,2000000.0,38005
8452123,1,1,1,10,2025,2,37,8.0,,38006
8452124,1,2,1,10,2025,2,37,4.0,,38012
8452124,1,3,1,10,2025,1,19,6.0,1700000.0,38013
8452125,1,1,1,10,2025,1,65,3.0,2000000.0,38014
8452125,1,4,1,10,2025,1,18,9.0,300000.0,38017
8452127,1,1,1,10,2025,2,56,3.0,,38020
8452127,1,3,1,10,2025,2,12,4.0,,38022
8452129,1,1,1,10,2025,2,43,3.0,,38026
8452131,1,1,1,10,2025,2,29,5.0,,38029
8452132,1,2,1,10,2025,1,26,9.0,2800000.0,38032
8452134,1,1,1,10,2025,2,74,3.0,,38035
8452135,1,1,1,10,2025,1,67,4.0,600000.0,38037
8452136,1,1,1,10,2025,1,40,4.0,1800000.0,38039
8452136,1,2,1,10,2025,1,5,2.0,,38040
8452139,1,2,1,10,2025,2,64,5.0,,38045
8452140,1,1,1,10,2025,2,29,5.0,,38047
8452140,1,2,1,10,2025,1,4,2.0,,38048
8452141,1,2,1,10,2025,1,15,4.0,,38050
8452142,1,1,1,10,2025,1,50,8.0,,38051
8452143,1,1,1,10,2025,2,41,5.0,1423500.0,38053
8452144,1,3,1,10,2025,1,6,3.0,,38059
8452147,1,5,1,10,2025,2,66,3.0,800000.0,38068
8452148,1,1,1,10,2025,1,25,10.0,5000000.0,38069
8452148,1,3,1,10,2025,2,47,3.0,2220000.0,38071
8452149,1,1,1,10,2025,2,32,5.0,1800000.0,38072
8452149,1,3,1,10,2025,2,15,4.0,,38074
8452150,1,1,1,10,2025,2,31,10.0,,38075
8452152,1,1,1,10,2025,1,47,5.0,5000000.0,38079
8452153,1,2,1,10,2025,2,24,10.0,,38083
8452154,1,2,1,10,2025,1,23,5.0,1423500.0,38085
8452154,1,3,1,10,2025,2,19,10.0,,38086
8452156,1,1,1,10,2025,2,45,3.0,,38088
8452157,1,4,1,10,2025,1,5,2.0,,38093
8452158,1,1,1,10,2025,2,45,10.0,4150000.0,38094
8452159,1,1,1,10,2025,1,66,9.0,2500000.0,38095
8452159,1,2,1,10,2025,2,62,8.0,2500000.0,38096
8452160,1,4,1,10,2025,2,28,5.0,600000.0,38100
8452161,1,1,1,10,2025,2,67,4.0,,38101
8452161,1,2,1,10,2025,2,61,10.0,,38102
8452163,1,3,1,10,2025,2,26,10.0,,38108
8452163,1,4,1,10,2025,2,24,10.0,,38109
8452164,1,2,1,10,2025,2,62,5.0,,38111
8452169,1,2,1,10,2025,2,21,8.0,,38122
8452169,1,5,1,10,2025,2,21,5.0,1400000.0,38125
8452170,1,2,1,10,2025,1,36,10.0,6200000.0,38127
8452175,1,2,1,10,2025,2,41,5.0,,38134
8452175,1,4,1,10,2025,2,15,5.0,,38136
8452179,1,1,1,10,2025,1,57,3.0,1500000.0,38143
8452184,1,1,1,10,2025,1,79,8.0,,38149
8452185,1,1,1,10,2025,2,42,8.0,,38150
8452189,1,1,1,10,2025,2,25,5.0,1500000.0,38157
8452189,1,3,1,10,2025,1,21,4.0,1200000.0,38159
8452190,1,1,1,10,2025,2,63,3.0,,38160
8452190,1,3,1,10,2025,2,31,10.0,1423000.0,38162
8452192,1,1,1,10,2025,1,42,5.0,,38168
8452193,1,2,1,10,2025,2,63,4.0,,38170
8452194,1,1,1,10,2025,1,76,10.0,,38175
8452194,1,5,1,10,2025,2,10,3.0,,38179
8452196,1,2,1,10,2025,2,37,4.0,,38183
8452197,1,2,1,10,2025,2,76,3.0,,38187
8452198,1,1,1,10,2025,2,60,3.0,,38189
8452199,1,1,1,10,2025,2,69,5.0,400000.0,38191
8452199,1,2,1,10,2025,2,44,12.0,2800000.0,38192
8452202,1,2,1,10,2025,1,29,10.0,14230000.0,38199
8452202,1,3,1,10,2025,2,3,2.0,,38200
8452206,1,2,1,10,2025,1,28,6.0,1423000.0,38214
8452207,1,1,1,10,2025,2,67,10.0,200000.0,38215
8452207,1,3,1,10,2025,2,10,3.0,,38217
8452209,1,2,1,10,2025,2,27,10.0,750000.0,38221
8452210,1,3,1,10,2025,1,31,1.0,,38225
8452211,1,1,1,10,2025,1,56,3.0,1423000.0,38227
8452213,1,1,1,10,2025,2,68,4.0,800000.0,38232
8452213,1,2,1,10,2025,1,26,10.0,1510000.0,38233
8452215,1,1,1,10,2025,2,46,5.0,1500000.0,38236
8452215,1,2,1,10,2025,1,47,5.0,1200000.0,38237
8452217,1,1,1,10,2025,1,66,6.0,,38244
8452217,1,2,1,10,2025,2,57,6.0,1200000.0,38245
8452219,1,2,1,10,2025,1,54,4.0,1500000.0,38252
8452220,1,1,1,10,2025,2,68,3.0,,38254
8452221,1,2,1,10,2025,2,55,6.0,,38256
8452221,1,5,1,10,2025,1,14,4.0,,38259
8452222,1,1,1,10,2025,1,43,8.0,,38260
8452222,1,2,1,10,2025,2,43,5.0,,38261
8452223,1,3,1,10,2025,2,31,10.0,3000000.0,38266
8452223,1,4,1,10,2025,1,32,8.0,1600000.0,38267
8452225,1,1,1,10,2025,2,46,5.0,800000.0,38270
8452227,1,1,1,10,2025,2,21,10.0,,38273
8452228,1,3,1,10,2025,2,1,,,38276
8452229,1,2,1,10,2025,2,34,8.0,1423000.0,38278
8452231,1,1,1,10,2025,2,69,3.0,390000.0,38282
8452233,1,2,1,10,2025,1,25,5.0,1500000.0,38287
8452234,1,1,1,10,2025,2,59,3.0,420000.0,38288
8452235,1,1,1,10,2025,2,55,3.0,540000.0,38290
8452236,1,1,1,10,2025,1,71,1.0,150000.0,38293
8452236,1,2,1,10,2025,2,70,1.0,,38294
8452237,1,2,1,10,2025,2,13,4.0,,38297
8452239,1,1,1,10,2025,1,67,4.0,1600000.0,38300
8452242,1,3,1,10,2025,2,26,10.0,,38307
8452243,1,1,1,10,2025,2,96,1.0,,38309
8452246,1,2,1,10,2025,1,70,3.0,,38316
8452247,1,2,1,10,2025,1,23,6.0,800000.0,38318
8452249,1,1,1,10,2025,2,38,8.0,1400000.0,38321
8452249,1,2,1,10,2025,1,41,5.0,1200000.0,38322
8452249,1,4,1,10,2025,1,14,4.0,,38324
8452249,1,6,1,10,2025,2,2,,,38326
8452250,1,2,1,10,2025,2,55,4.0,,38328
8452250,1,4,1,10,2025,1,11,4.0,,38330
8452254,1,4,1,10,2025,1,3,1.0,,38338
8452258,1,4,1,10,2025,2,18,5.0,,38346
8452259,1,2,1,10,2025,1,23,10.0,1570000.0,38349
8452260,1,3,1,10,2025,1,83,3.0,,38353
8452261,1,1,1,10,2025,2,66,3.0,250000.0,38354
8452261,1,2,1,10,2025,1,32,5.0,1500000.0,38355
8452261,1,4,1,10,2025,1,14,4.0,,38357
8452262,1,1,1,10,2025,1,47,4.0,,38359
8452266,1,1,1,10,2025,2,32,5.0,700000.0,38367
8452266,1,3,1,10,2025,1,4,2.0,,38369
8452266,1,6,1,10,2025,1,16,4.0,,38372
8452267,1,1,1,10,2025,1,83,3.0,950000.0,38373
8452268,1,4,1,10,2025,1,7,3.0,,38379
8452273,1,2,1,10,2025,2,33,5.0,500000.0,38393
8452273,1,3,1,10,2025,1,6,3.0,,38394
8452275,1,1,1,10,2025,1,35,5.0,980000.0,38400
8452275,1,2,1,10,2025,2,35,5.0,1400000.0,38401
8452275,1,5,1,10,2025,2,9,3.0,,38404
8452276,1,1,1,10,2025,2,31,10.0,700000.0,38405
8452277,1,1,1,10,2025,1,57,1.0,,38408
8452278,1,1,1,10,2025,1,35,10.0,6500000.0,38410
8452279,1,2,1,10,2025,1,16,4.0,1000000.0,38414
8452280,1,1,1,10,2025,1,72,3.0,,38415
8452282,1,1,1,10,2025,2,78,3.0,,38417
8452282,1,3,1,10,2025,1,59,3.0,,38419
8452286,1,1,1,10,2025,2,71,3.0,110000.0,38426
8452287,1,2,1,10,2025,2,60,3.0,,38429
8452289,1,1,1,10,2025,2,44,10.0,1500000.0,38434
8452291,1,1,1,10,2025,1,26,8.0,2950000.0,38437
8452291,1,2,1,10,2025,2,28,10.0,,38438
8452292,1,1,1,10,2025,1,38,10.0,5000000.0,38439
8452296,1,3,1,10,2025,1,23,10.0,3000000.0,38453
8452297,1,1,1,10,2025,2,59,10.0,,38455
8452298,1,3,1,10,2025,2,21,10.0,,38458
8452299,1,1,1,10,2025,1,67,3.0,500000.0,38459
8452306,1,1,1,10,2025,2,30,8.0,1500000.0,38471
8452307,1,2,1,10,2025,1,27,10.0,4270500.0,38476
8452310,1,3,1,10,2025,1,27,5.0,600000.0,38483
8452313,1,1,1,10,2025,2,29,4.0,800000.0,38486
8452315,1,1,1,10,2025,2,44,5.0,1423500.0,38490
8452317,1,3,1,10,2025,2,39,5.0,,38495
8452317,1,5,1,10,2025,1,11,3.0,,38497
8452319,1,1,1,10,2025,1,67,3.0,,38501
8452319,1,2,1,10,2025,2,64,1.0,900000.0,38502
8452320,1,3,1,10,2025,2,82,3.0,,38505
8452321,1,1,1,10,2025,1,68,3.0,650000.0,38506
8452323,1,2,1,10,2025,1,65,9.0,,38509
8452324,1,1,1,10,2025,1,75,3.0,,38510
8452326,1,1,1,10,2025,1,40,5.0,4800000.0,38515
8452327,1,2,1,10,2025,1,60,4.0,1500000.0,38517
8452329,1,1,1,10,2025,2,54,11.0,7200000.0,38519
8452331,1,1,1,10,2025,1,75,3.0,,38523
8452333,1,2,1,10,2025,2,57,5.0,,38526
8452335,1,1,1,10,2025,2,68,11.0,,38529
8452335,1,2,1,10,2025,1,84,5.0,,38530
8452336,1,2,1,10,2025,1,83,1.0,,38532
8452336,1,4,1,10,2025,1,34,5.0,800000.0,38534
8452338,1,3,1,10,2025,1,11,3.0,,38540
8452340,1,2,1,10,2025,1,22,5.0,2080000.0,38550
8452341,1,1,1,10,2025,2,76,8.0,,38551
8452343,1,3,1,10,2025,1,30,4.0,,38555
8452343,1,4,1,10,2025,1,8,2.0,,38556
8452344,1,2,1,10,2025,2,45,10.0,4800000.0,38559
8452347,1,2,1,10,2025,1,63,5.0,1423500.0,38569
8452347,1,4,1,10,2025,1,37,5.0,3400000.0,38571
8452347,1,7,1,10,2025,1,6,3.0,,38574
8452347,1,8,1,10,2025,2,1,,,38575
8452348,1,2,1,10,2025,2,37,5.0,1623500.0,38577
8452350,1,2,1,10,2025,1,17,4.0,1423500.0,38582
8452351,1,2,1,10,2025,2,30,5.0,1423500.0,38584
8452351,1,4,1,10,2025,1,15,5.0,,38586
8452352,1,2,1,10,2025,2,44,5.0,,38588
8452353,1,2,1,10,2025,1,67,5.0,600000.0,38591
8452355,1,2,1,10,2025,2,60,3.0,,38595
8452359,1,1,1,10,2025,2,47,5.0,,38604
8452360,1,1,1,10,2025,1,73,5.0,2000000.0,38607
8452363,1,1,1,10,2025,1,46,5.0,1624500.0,38611
8452364,1,2,1,10,2025,2,20,8.0,,38613
8452364,1,3,1,10,2025,1,13,4.0,,38614
8452365,1,1,1,10,2025,1,76,10.0,,38616
8452368,1,1,1,10,2025,1,36,5.0,1500000.0,38622
8452368,1,2,1,10,2025,2,24,5.0,,38623
8452371,1,2,1,10,2025,1,49,3.0,1423500.0,38628
8452372,1,3,1,10,2025,2,16,6.0,,38631
8452373,1,2,1,10,2025,2,35,10.0,2000000.0,38634
8452374,1,1,1,10,2025,2,29,8.0,,38636
8452374,1,3,1,10,2025,2,9,3.0,,38638
8452374,1,4,1,10,2025,2,2,,,38639
8452375,1,1,1,10,2025,1,37,4.0,3353000.0,38640
8452375,1,3,1,10,2025,2,10,3.0,,38642
8452377,1,2,1,10,2025,1,27,10.0,3500000.0,38645
8452379,1,3,1,10,2025,1,2,,,38651
8452381,1,2,1,10,2025,1,21,5.0,1423500.0,38655
8452382,1,3,1,10,2025,2,60,10.0,1800000.0,38658
8452383,1,1,1,10,2025,1,55,3.0,600000.0,38660
8452384,1,2,1,10,2025,2,59,3.0,,38663
8452385,1,4,1,10,2025,1,7,3.0,,38670
8452387,1,3,1,10,2025,2,58,10.0,3000000.0,38674
8452387,1,4,1,10,2025,1,55,9.0,,38675
8452388,1,1,1,10,2025,1,45,10.0,,38676
8452388,1,3,1,10,2025,1,12,4.0,,38678
8452389,1,3,1,10,2025,1,13,4.0,,38682
8452390,1,1,1,10,2025,1,39,10.0,,38683
8452391,1,5,1,10,2025,2,10,3.0,,38689
8452392,1,3,1,10,2025,1,25,8.0,1000000.0,38692
8452394,1,1,1,10,2025,2,31,9.0,4100000.0,38695
8452396,1,1,1,10,2025,1,64,5.0,,38697
8452396,1,3,1,10,2025,2,18,6.0,,38699
8452397,1,4,1,10,2025,2,12,4.0,,38703
8452400,1,1,1,10,2025,1,32,6.0,2000000.0,38709
8452400,1,4,1,10,2025,1,9,3.0,,38712
8452401,1,1,1,10,2025,1,50,3.0,,38714
8452404,1,1,1,10,2025,1,68,4.0,,38720
8452406,1,4,1,10,2025,2,5,2.0,,38726
8452407,1,4,1,10,2025,2,7,3.0,,38730
8452408,1,1,1,10,2025,2,41,5.0,1423500.0,38731
8452409,1,1,1,10,2025,2,48,3.0,300000.0,38734
8452409,1,3,1,10,2025,1,9,1.0,,38736
8452411,1,1,1,10,2025,2,40,3.0,350000.0,38739
8452413,1,2,1,10,2025,2,33,5.0,,38748
8452414,1,3,1,10,2025,2,19,5.0,,38752
8452414,1,4,1,10,2025,2,16,9.0,,38753
8452418,1,1,1,10,2025,2,47,5.0,1423500.0,38761
8452418,1,2,1,10,2025,1,23,10.0,,38762
8452423,1,1,1,10,2025,2,26,5.0,,38770
8452423,1,3,1,10,2025,1,1,,,38772
8452425,1,2,1,10,2025,1,33,6.0,750000.0,38778
8452425,1,4,1,10,2025,2,3,1.0,,38780
8452425,1,5,1,10,2025,1,1,,,38781
8452426,1,2,1,10,2025,2,26,10.0,,38783
8452428,1,1,1,10,2025,2,45,10.0,7000000.0,38785
8452428,1,2,1,10,2025,1,18,10.0,,38786
8452428,1,3,1,10,2025,1,6,3.0,,38787
8452430,1,1,1,10,2025,1,87,3.0,,38791
8452431,1,1,1,10,2025,2,26,10.0,300000.0,38793
8452432,1,3,1,10,2025,2,71,3.0,,38796
8452433,1,2,1,10,2025,1,38,5.0,900000.0,38798
8452434,1,3,1,10,2025,2,19,10.0,,38802
8452437,1,2,1,10,2025,2,9,3.0,,38807
8452438,1,4,1,10,2025,2,77,3.0,,38811
8452439,1,1,1,10,2025,1,42,3.0,1623000.0,38812
8452440,1,1,1,10,2025,2,66,10.0,,38813
8452441,1,1,1,10,2025,2,71,3.0,,38814
8452442,1,3,1,10,2025,1,53,5.0,1423000.0,38817
8452443,1,1,1,10,2025,1,72,4.0,,38818
8452444,1,6,1,10,2025,1,26,4.0,1350000.0,38825
8452444,1,7,1,10,2025,2,7,3.0,,38826
8452444,1,8,1,10,2025,1,5,2.0,,38827
8452445,1,1,1,10,2025,2,73,3.0,,38828
8452445,1,2,1,10,2025,1,37,5.0,,38829
8452445,1,5,1,10,2025,1,47,9.0,2000000.0,38832
8452446,1,3,1,10,2025,1,13,4.0,,38837
8452447,1,1,1,10,2025,2,36,9.0,,38838
8452447,1,4,1,10,2025,2,7,3.0,,38841
8452448,1,4,1,10,2025,2,9,3.0,,38845
8452449,1,2,1,10,2025,2,40,5.0,1600000.0,38847
8452449,1,3,1,10,2025,1,17,5.0,,38848
8452449,1,5,1,10,2025,2,15,4.0,,38850
8452450,1,2,1,10,2025,1,18,6.0,,38852
8452451,1,3,1,10,2025,1,18,6.0,,38855
8452452,1,4,1,10,2025,2,6,2.0,,38859
8452452,1,5,1,10,2025,2,3,1.0,,38860
8452454,1,4,1,10,2025,1,18,10.0,,38869
8452454,1,5,1,10,2025,2,12,4.0,,38870
8452455,1,2,1,10,2025,1,19,4.0,800000.0,38872
8452456,1,3,1,10,2025,2,18,5.0,,38876
8452456,1,5,1,10,2025,1,14,3.0,,38878
8452459,1,2,1,10,2025,1,36,12.0,6700000.0,38890
8452460,1,3,1,10,2025,2,19,5.0,1423500.0,38894
8452462,1,1,1,10,2025,2,32,12.0,2800000.0,38896
8452464,1,1,1,10,2025,2,32,9.0,2500000.0,38899
8452464,1,2,1,10,2025,2,34,9.0,2100000.0,38900
8452466,1,6,1,10,2025,1,6,3.0,,38910
8452471,1,3,1,10,2025,2,22,10.0,,38919
8452473,1,1,1,10,2025,1,35,5.0,1300000.0,38924
8452474,1,1,1,10,2025,1,75,10.0,,38925
8452475,1,1,1,10,2025,1,53,3.0,1400000.0,38926
8452476,1,1,1,10,2025,2,50,10.0,500000.0,38929
8452479,1,1,1,10,2025,2,27,8.0,350000.0,38932
8452479,1,2,1,10,2025,1,37,5.0,1600000.0,38933
8452479,1,3,1,10,2025,1,10,3.0,,38934
8452482,1,1,1,10,2025,1,35,9.0,,38940
8452488,1,1,1,10,2025,2,35,10.0,,38952
8452490,1,2,1,10,2025,2,37,8.0,,38958
8452491,1,1,1,10,2025,1,30,8.0,1423500.0,38959
8452493,1,1,1,10,2025,1,71,8.0,,38963
8452495,1,1,1,10,2025,2,60,12.0,8000000.0,38967
8452495,1,2,1,10,2025,2,23,10.0,,38968
8452496,1,1,1,10,2025,2,74,5.0,1423500.0,38969
8452500,1,1,1,10,2025,2,76,8.0,,38977
8452502,1,1,1,10,2025,1,38,5.0,1200000.0,38979
8452502,1,3,1,10,2025,1,2,,,38981
8452503,1,8,1,10,2025,2,30,5.0,,38990
8452503,1,9,1,10,2025,2,7,3.0,,38991
8452505,1,1,1,10,2025,1,75,8.0,,38994
8452506,1,1,1,10,2025,1,37,8.0,1623500.0,38996
8452506,1,3,1,10,2025,2,17,5.0,,38998
8452506,1,4,1,10,2025,2,17,5.0,,38999
8452507,1,2,1,10,2025,2,55,3.0,1400000.0,39001
8452508,1,2,1,10,2025,1,61,3.0,,39003
8452508,1,4,1,10,2025,2,17,4.0,,39005
8452510,1,3,1,10,2025,2,14,4.0,,39013
8452511,1,2,1,10,2025,2,26,4.0,,39016
8452514,1,3,1,10,2025,2,8,3.0,,39024
8452517,1,1,1,10,2025,1,71,10.0,2500000.0,39030
8452519,1,2,1,10,2025,2,67,5.0,,39033
8452520,1,4,1,10,2025,1,5,2.0,,39038
8452520,1,5,1,10,2025,2,1,,,39039
8452521,1,2,1,10,2025,2,38,5.0,1800000.0,39041
8452522,1,1,1,10,2025,2,54,3.0,,39044
8452525,1,1,1,10,2025,2,47,12.0,4450000.0,39050
8452527,1,1,1,10,2025,1,60,3.0,1200000.0,39057
8452532,1,1,1,10,2025,1,57,5.0,800000.0,39072
8452533,1,4,1,10,2025,2,30,5.0,1500000.0,39076
8452534,1,1,1,10,2025,2,20,5.0,800000.0,39079
8452535,1,1,1,10,2025,2,58,5.0,1000000.0,39082
8452535,1,3,1,10,2025,1,23,6.0,1000000.0,39084
8452536,1,2,1,10,2025,2,34,8.0,1700000.0,39086
8452537,1,5,1,10,2025,2,7,3.0,,39091
8452539,1,1,1,10,2025,2,30,5.0,200000.0,39094
8452541,1,1,1,10,2025,1,35,8.0,2100000.0,39099
8452545,1,1,1,10,2025,2,42,4.0,600000.0,39108
8452546,1,1,1,10,2025,1,49,5.0,3200000.0,39110
8452548,1,1,1,10,2025,1,44,4.0,900000.0,39116
8452549,1,3,1,10,2025,1,15,4.0,,39121
8452550,1,2,1,10,2025,1,66,5.0,2200000.0,39125
8452550,1,3,1,10,2025,1,15,4.0,,39126
8452551,1,2,1,10,2025,2,34,5.0,,39128
8452551,1,4,1,10,2025,1,7,3.0,,39130
8452552,1,1,1,10,2025,1,68,5.0,,39131
8452554,1,1,1,10,2025,2,45,5.0,1500000.0,39134
8452555,1,3,1,10,2025,1,12,4.0,,39139
8452555,1,4,1,10,2025,1,7,3.0,,39140
8452556,1,2,1,10,2025,2,42,10.0,5128272.0,39142
8452556,1,3,1,10,2025,2,10,3.0,,39143
8452557,1,4,1,10,2025,2,16,5.0,,39147
8452558,1,4,1,10,2025,1,11,4.0,,39151
8452560,1,2,1,10,2025,1,58,4.0,2000000.0,39154
8452560,1,4,1,10,2025,2,25,6.0,1623500.0,39156
8452561,1,2,1,10,2025,2,69,5.0,,39158
8452563,1,1,1,10,2025,1,63,4.0,1000000.0,39160
8452565,1,3,1,10,2025,2,11,3.0,,39166
8452565,1,6,1,10,2025,2,0,,,39169
8452566,1,6,1,10,2025,1,7,3.0,,39175
8452569,1,1,1,10,2025,2,44,8.0,1800000.0,39181
8452570,1,1,1,10,2025,1,69,5.0,1500000.0,39184
8452571,1,1,1,10,2025,2,57,3.0,,39187
8452572,1,1,1,10,2025,2,67,4.0,,39192
8452572,1,3,1,10,2025,2,42,5.0,1423500.0,39194
8452573,1,2,1,10,2025,2,30,9.0,,39196
8452574,1,1,1,10,2025,1,22,5.0,1600000.0,39198
8452575,1,1,1,10,2025,2,65,4.0,,39201
8452577,1,2,1,10,2025,2,61,3.0,,39205
8452580,1,2,1,10,2025,2,89,3.0,,39211
8452581,1,2,1,10,2025,2,25,10.0,,39213
8452584,1,2,1,10,2025,2,50,5.0,,39216
8452584,1,3,1,10,2025,2,18,4.0,,39217
8452586,1,3,1,10,2025,2,15,4.0,,39222
8452589,1,1,1,10,2025,2,45,12.0,5400000.0,39232
8452589,1,2,1,10,2025,2,9,3.0,,39233
8452596,1,2,1,10,2025,1,51,3.0,500000.0,39243
8452599,1,1,1,10,2025,1,46,5.0,1500000.0,39245
8452601,1,2,1,10,2025,2,30,5.0,1400000.0,39249
8452602,1,2,1,10,2025,1,42,3.0,1500000.0,39255
8452603,1,3,1,10,2025,2,9,3.0,,39258
8452603,1,5,1,10,2025,2,2,,,39260
8452604,1,2,1,10,2025,2,16,5.0,,39262
8452605,1,2,1,10,2025,2,29,8.0,2400000.0,39265
8452606,1,4,1,10,2025,2,9,3.0,,39271
8461751,1,3,1,10,2025,1,22,5.0,1250000.0,39275
8461752,1,1,1,10,2025,1,42,5.0,11800000.0,39276
8461752,1,4,1,10,2025,1,6,2.0,,39279
8461753,1,2,1,10,2025,2,38,4.0,,39281
8461753,1,8,1,10,2025,2,21,5.0,1000000.0,39287
8461753,1,9,1,10,2025,1,4,1.0,,39288
8461754,1,1,1,10,2025,1,31,8.0,200000.0,39292
8461755,1,1,1,10,2025,2,36,8.0,300000.0,39295
8461757,1,1,1,10,2025,1,79,5.0,,39301
8461757,1,2,1,10,2025,2,73,5.0,,39302
8461758,1,2,1,10,2025,2,32,10.0,3540000.0,39305
8461761,1,5,1,10,2025,1,10,3.0,,39313
8461762,1,1,1,10,2025,1,52,4.0,1200000.0,39314
8461763,1,1,1,10,2025,2,76,4.0,,39318
8461763,1,3,1,10,2025,1,20,5.0,,39320
8461768,1,1,1,10,2025,2,59,5.0,1350000.0,39330
8461769,1,1,1,10,2025,1,51,5.0,1000000.0,39332
8461769,1,2,1,10,2025,2,80,11.0,,39333
8461770,1,4,1,10,2025,1,12,4.0,,39337
8461772,1,3,1,10,2025,2,13,3.0,,39342
8461772,1,4,1,10,2025,1,7,2.0,,39343
8461773,1,2,1,10,2025,1,10,3.0,,39345
8461774,1,1,1,10,2025,1,46,5.0,1623500.0,39348
8461776,1,2,1,10,2025,1,39,3.0,896000.0,39354
8461776,1,3,1,10,2025,1,23,5.0,300000.0,39355
8461776,1,4,1,10,2025,1,7,3.0,,39356
8461776,1,5,1,10,2025,2,4,2.0,,39357
8461777,1,2,1,10,2025,1,32,5.0,1950000.0,39359
8461778,1,2,1,10,2025,2,80,3.0,,39361
8461779,1,2,1,10,2025,1,41,3.0,1200000.0,39365
8461780,1,1,1,10,2025,2,84,1.0,,39370
8461782,1,2,1,10,2025,2,55,5.0,1400000.0,39372
8461784,1,6,1,10,2025,1,9,3.0,,39383
8461785,1,1,1,10,2025,2,54,5.0,1800000.0,39385
8461785,1,5,1,10,2025,1,9,3.0,,39389
8461787,1,2,1,10,2025,1,11,4.0,,39393
8461787,1,3,1,10,2025,2,3,1.0,,39394
8461787,1,5,1,10,2025,1,62,3.0,1200000.0,39396
8461789,1,2,1,10,2025,2,58,4.0,450000.0,39398
8461791,1,2,1,10,2025,2,75,4.0,,39402
8461792,1,1,1,10,2025,1,37,5.0,1500000.0,39403
8461792,1,2,1,10,2025,2,32,5.0,,39404
8461795,1,1,1,10,2025,1,27,10.0,1800000.0,39413
8461797,1,1,1,10,2025,1,51,5.0,1000000.0,39417
8461798,1,4,1,10,2025,2,11,4.0,,39421
8461799,1,4,1,10,2025,2,10,3.0,,39426
8461800,1,1,1,10,2025,2,23,8.0,,39428
8461800,1,3,1,10,2025,1,10,3.0,,39430
8461801,1,4,1,10,2025,1,25,5.0,520000.0,39435
8461803,1,4,1,10,2025,1,8,3.0,,39441
8461806,1,1,1,10,2025,2,44,5.0,1620000.0,39445
8461806,1,3,1,10,2025,1,13,3.0,,39447
8461807,1,1,1,10,2025,1,37,5.0,600000.0,39448
8461807,1,2,1,10,2025,2,39,3.0,420000.0,39449
8461808,1,5,1,10,2025,2,7,3.0,,39455
8461810,1,1,1,10,2025,1,41,3.0,3000000.0,39459
8461814,1,2,1,10,2025,2,43,3.0,250000.0,39467
8461816,1,2,1,10,2025,2,55,1.0,,39479
8461816,1,5,1,10,2025,1,10,3.0,,39482
8461816,1,7,1,10,2025,2,23,5.0,,39484
8461817,1,1,1,10,2025,1,54,3.0,600000.0,39486
8461817,1,2,1,10,2025,2,50,1.0,,39487
8461817,1,4,1,10,2025,2,6,2.0,,39489
8461821,1,2,1,10,2025,2,32,5.0,,39499
8461821,1,5,1,10,2025,1,3,1.0,,39502
8461822,1,3,1,10,2025,1,18,1.0,400000.0,39505
8461822,1,5,1,10,2025,1,5,2.0,,39507
8461825,1,2,1,10,2025,2,55,1.0,,39519
8461825,1,5,1,10,2025,1,6,2.0,,39522
8461825,1,6,1,10,2025,2,4,1.0,,39523
8461825,1,8,1,10,2025,1,32,1.0,700000.0,39525
8461825,1,11,1,10,2025,2,15,4.0,,39528
8461826,1,1,1,10,2025,2,86,1.0,,39529
8461829,1,1,1,10,2025,2,41,3.0,400000.0,39537
8461829,1,4,1,10,2025,1,2,,,39540
8461832,1,1,1,10,2025,1,54,5.0,850000.0,39543
8461837,1,1,1,10,2025,1,48,3.0,1000000.0,39549
8461840,1,1,1,10,2025,1,19,1.0,500000.0,39552
8461841,1,1,1,10,2025,1,76,1.0,500000.0,39553
8461844,1,1,1,10,2025,1,57,3.0,500000.0,39558
8461845,1,1,1,10,2025,2,73,1.0,468000.0,39559
8461846,1,1,1,10,2025,1,66,1.0,1200000.0,39560
8461848,1,5,1,10,2025,1,10,3.0,,39569
8461848,1,6,1,10,2025,1,4,2.0,,39570
8461849,1,2,1,10,2025,2,19,5.0,400000.0,39572
8461850,1,1,1,10,2025,1,59,3.0,1300000.0,39573
8461851,1,4,1,10,2025,1,16,4.0,,39578
8461853,1,2,1,10,2025,2,43,8.0,,39582
8461856,1,1,1,10,2025,2,44,9.0,1800000.0,39588
8461857,1,1,1,10,2025,1,32,4.0,300000.0,39589
8461857,1,4,1,10,2025,2,3,2.0,,39592
8461858,1,1,1,10,2025,2,39,8.0,,39593
8461858,1,5,1,10,2025,2,6,2.0,,39597
8461861,1,1,1,10,2025,1,34,10.0,1000000.0,39602
8461864,1,1,1,10,2025,1,43,5.0,1423500.0,39606
8461866,1,2,1,10,2025,1,29,5.0,2400000.0,39608
8461867,1,2,1,10,2025,1,47,5.0,2400000.0,39611
8461867,1,4,1,10,2025,2,10,3.0,,39613
8461869,1,3,1,10,2025,1,3,1.0,,39620
8461870,1,4,1,10,2025,2,9,3.0,,39624
8461871,1,2,1,10,2025,2,37,10.0,,39626
8461873,1,2,1,10,2025,2,59,5.0,1423500.0,39629
8461874,1,3,1,10,2025,2,18,5.0,,39632
8461875,1,1,1,10,2025,1,34,11.0,2500000.0,39635
8461878,1,1,1,10,2025,2,30,5.0,1700000.0,39640
8461881,1,3,1,10,2025,1,13,4.0,,39646
8461881,1,6,1,10,2025,1,55,10.0,700000.0,39649
8461884,1,3,1,10,2025,1,14,3.0,,39657
8461884,1,4,1,10,2025,2,11,3.0,,39658
8461885,1,2,1,10,2025,2,26,4.0,,39662
8461885,1,4,1,10,2025,2,8,3.0,,39664
8461888,1,1,1,10,2025,1,55,1.0,200000.0,39668
8461889,1,3,1,10,2025,1,7,3.0,,39671
8461890,1,2,1,10,2025,1,33,8.0,1423500.0,39675
8461891,1,2,1,10,2025,2,16,4.0,,39678
8461892,1,1,1,10,2025,2,75,1.0,,39679
8461892,1,2,1,10,2025,2,25,8.0,1423500.0,39680
8461893,1,1,1,10,2025,1,49,8.0,2300000.0,39682
8461893,1,2,1,10,2025,2,35,4.0,,39683
8461895,1,2,1,10,2025,1,41,5.0,1630000.0,39689
8461895,1,3,1,10,2025,1,14,4.0,,39690
8461897,1,3,1,10,2025,1,30,3.0,600000.0,39696
8461898,1,1,1,10,2025,2,41,10.0,600000.0,39698
8461899,1,2,1,10,2025,1,56,11.0,2158000.0,39702
8461900,1,1,1,10,2025,2,27,10.0,1630000.0,39703
8461905,1,5,1,10,2025,2,4,1.0,,39716
8461908,1,3,1,10,2025,2,4,1.0,,39720
8461908,1,4,1,10,2025,2,1,,,39721
8461910,1,6,1,10,2025,2,12,4.0,,39728
8461914,1,1,1,10,2025,1,45,4.0,1500000.0,39734
8461915,1,4,1,10,2025,2,4,1.0,,39739
8461915,1,5,1,10,2025,1,2,,,39740
8461916,1,6,1,10,2025,1,9,1.0,,39746
8461919,1,1,1,10,2025,2,75,3.0,200000.0,39755
8461919,1,5,1,10,2025,1,9,3.0,,39759
8461920,1,4,1,10,2025,1,1,,,39766
8461921,1,1,1,10,2025,1,22,5.0,1400000.0,39767
8461924,1,1,1,10,2025,1,83,8.0,,39776
8461924,1,2,1,10,2025,1,37,5.0,1423500.0,39777
8461925,1,3,1,10,2025,1,11,3.0,,39780
8461927,1,2,1,10,2025,1,24,5.0,300000.0,39786
8461930,1,1,1,10,2025,2,28,8.0,100000.0,39792
8461931,1,4,1,10,2025,2,2,,,39799
8461933,1,3,1,10,2025,2,17,5.0,,39803
8461934,1,1,1,10,2025,2,41,5.0,135000.0,39807
8461934,1,4,1,10,2025,2,21,5.0,,39810
8461936,1,1,1,10,2025,2,40,8.0,700000.0,39816
8461941,1,2,1,10,2025,1,35,5.0,800000.0,39829
8461946,1,2,1,10,2025,1,9,3.0,,39833
8461946,1,3,1,10,2025,1,1,,,39834
8461947,1,4,1,10,2025,1,17,3.0,40000.0,39838
8461947,1,6,1,10,2025,2,8,3.0,,39840
8461948,1,2,1,10,2025,2,20,5.0,,39843
8461949,1,2,1,10,2025,2,31,5.0,,39846
8461949,1,5,1,10,2025,1,8,2.0,,39849
8461950,1,1,1,10,2025,1,49,5.0,1000000.0,39850
8461950,1,3,1,10,2025,1,21,5.0,150000.0,39852
8461951,1,1,1,10,2025,1,65,4.0,900000.0,39854
8461951,1,2,1,10,2025,2,54,4.0,,39855
8461952,2,2,2,10,2025,1,55,3.0,550000.0,39860
8461953,1,3,1,10,2025,2,17,5.0,,39863
8461953,1,4,1,10,2025,1,14,4.0,,39864
8461953,2,2,2,10,2025,2,5,1.0,,39866
8461954,1,1,1,10,2025,1,44,3.0,500000.0,39869
8461954,1,3,1,10,2025,1,15,4.0,,39871
8461955,1,2,1,10,2025,1,22,5.0,900000.0,39875
8461955,1,4,1,10,2025,2,88,3.0,,39877
8461957,1,1,1,10,2025,1,65,1.0,400000.0,39882
8461958,1,2,1,10,2025,2,3,1.0,,39887
8461959,1,1,1,10,2025,1,42,1.0,700000.0,39888
8461960,1,4,1,10,2025,2,1,,,39896
8461961,1,2,1,10,2025,2,57,10.0,,39898
8461962,1,2,1,10,2025,2,59,8.0,1423500.0,39900
8461965,1,4,1,10,2025,2,8,3.0,,39910
8461966,1,1,1,10,2025,1,56,3.0,720000.0,39911
8461968,1,1,1,10,2025,2,64,3.0,40000.0,39918
8461977,1,2,1,10,2025,1,25,10.0,,39934
8461979,1,2,1,10,2025,1,11,4.0,,39940
8461980,1,1,1,10,2025,1,67,3.0,,39941
8461980,1,2,1,10,2025,2,64,3.0,,39942
8461980,1,3,1,10,2025,1,29,4.0,320000.0,39943
8461980,1,6,1,10,2025,1,10,4.0,,39946
8461981,1,1,1,10,2025,1,23,4.0,1600000.0,39947
8461982,1,2,1,10,2025,2,77,3.0,,39951
8461985,1,1,1,10,2025,1,65,5.0,,39956
8461985,1,2,1,10,2025,2,65,3.0,800000.0,39957
8461986,1,2,1,10,2025,2,43,5.0,,39959
8461991,1,1,1,10,2025,1,33,3.0,1200000.0,39972
8461992,1,1,1,10,2025,1,53,4.0,850000.0,39976
8461993,1,3,1,10,2025,1,24,4.0,400000.0,39984
8461995,1,1,1,10,2025,1,55,3.0,1800000.0,39985
8461995,1,4,1,10,2025,2,33,5.0,750000.0,39988
8461996,1,2,1,10,2025,2,40,5.0,,39990
8461997,1,1,1,10,2025,2,35,5.0,400000.0,39994
8461997,1,2,1,10,2025,1,16,5.0,,39995
8461997,1,5,1,10,2025,1,34,4.0,850000.0,39998
8462000,1,3,1,10,2025,1,27,10.0,,40001
8462001,1,4,1,10,2025,2,7,3.0,,40006
8462001,1,5,1,10,2025,2,6,3.0,,40007
8462002,1,2,1,10,2025,2,45,4.0,,40009
8462003,1,1,1,10,2025,2,51,7.0,1800000.0,40011
8462003,1,3,1,10,2025,2,11,4.0,,40013
8462004,1,1,1,10,2025,2,62,3.0,,40014
8462004,1,3,1,10,2025,1,39,3.0,1000000.0,40016
8462004,1,4,1,10,2025,2,16,4.0,,40017
8462004,1,6,1,10,2025,1,13,3.0,,40019
8462006,1,2,1,10,2025,2,26,5.0,,40024
8462008,1,1,1,10,2025,2,30,12.0,3518668.0,40028
8462008,1,2,1,10,2025,1,12,4.0,,40029
8462009,1,1,1,10,2025,1,43,4.0,1800000.0,40031
8462009,1,3,1,10,2025,2,20,5.0,1200000.0,40033
8462010,1,1,1,10,2025,2,66,3.0,300000.0,40038
8462015,1,2,1,10,2025,1,4,2.0,,40051
8462017,1,1,1,10,2025,2,57,3.0,500000.0,40052
8462019,1,3,1,10,2025,1,17,4.0,,40061
8462019,1,5,1,10,2025,2,16,4.0,,40063
8462020,1,1,1,10,2025,1,76,1.0,,40065
8462021,1,4,1,10,2025,2,10,3.0,,40069
8462022,1,4,1,10,2025,2,9,3.0,,40074
8462024,1,1,1,10,2025,1,46,5.0,1440000.0,40075
8462029,1,1,1,10,2025,1,55,3.0,1800000.0,40080
8462035,1,1,1,10,2025,1,26,5.0,2050000.0,40094
8462036,1,2,1,10,2025,2,29,5.0,,40097
8462036,1,3,1,10,2025,2,5,1.0,,40098
8462037,1,2,1,10,2025,1,62,3.0,600000.0,40100
8462038,1,2,1,10,2025,2,29,4.0,,40102
8462040,1,1,1,10,2025,1,52,1.0,600000.0,40109
8462041,1,2,1,10,2025,1,51,4.0,1423500.0,40111
8462041,1,3,1,10,2025,1,27,5.0,,40112
8462042,1,2,1,10,2025,2,38,4.0,,40115
8462043,1,1,1,10,2025,2,68,3.0,,40118
8462048,1,1,1,10,2025,1,61,1.0,800000.0,40126
8462049,1,1,1,10,2025,1,61,3.0,1560000.0,40127
8462052,1,1,1,10,2025,1,85,1.0,500000.0,40132
8462058,1,1,1,10,2025,2,45,3.0,,40142
8462062,1,2,1,10,2025,1,13,4.0,,40148
8462064,1,2,1,10,2025,1,47,5.0,200000.0,40155
8462064,1,3,1,10,2025,1,12,4.0,,40156
8462065,1,1,1,10,2025,1,90,3.0,300000.0,40160
8462065,1,2,1,10,2025,2,83,3.0,,40161
8462066,1,1,1,10,2025,2,62,10.0,6600000.0,40164
8462070,1,1,1,10,2025,1,29,5.0,1500000.0,40168
8462072,1,2,1,10,2025,1,69,3.0,,40170
8462075,1,1,1,10,2025,2,58,3.0,52000.0,40176
8462078,1,1,1,10,2025,1,32,5.0,1423000.0,40182
8462084,1,2,1,10,2025,2,67,3.0,,40191
8462088,1,1,1,10,2025,2,87,1.0,,40196
8462088,1,2,1,10,2025,2,63,3.0,,40197
8462089,1,1,1,10,2025,1,44,4.0,600000.0,40198
8462090,1,3,1,10,2025,2,7,3.0,,40202
8462090,1,4,1,10,2025,2,73,1.0,,40203
8462092,1,2,1,10,2025,2,9,3.0,,40208
8462092,1,3,1,10,2025,2,7,3.0,,40209
8462093,1,1,1,10,2025,1,66,4.0,700000.0,40210
8462094,1,1,1,10,2025,1,62,10.0,4000000.0,40211
8462094,1,3,1,10,2025,2,24,10.0,,40213
8462096,1,2,1,10,2025,2,46,4.0,,40221
8462097,1,2,1,10,2025,1,51,5.0,500000.0,40224
8462098,1,2,1,10,2025,1,22,5.0,,40229
8462099,1,1,1,10,2025,2,64,1.0,,40231
8462103,1,1,1,10,2025,1,29,5.0,1200000.0,40243
8462103,1,2,1,10,2025,2,25,5.0,,40244
8462103,1,4,1,10,2025,2,2,,,40246
8462106,1,2,1,10,2025,1,36,5.0,200000.0,40255
8462106,1,5,1,10,2025,2,11,3.0,,40258
8462107,1,1,1,10,2025,2,87,5.0,,40259
8462108,1,3,1,10,2025,2,15,4.0,,40263
8462108,1,4,1,10,2025,1,11,3.0,,40264
8462112,1,2,1,10,2025,2,77,3.0,,40268
8462115,1,1,1,10,2025,1,43,5.0,1423000.0,40271
8462115,1,2,1,10,2025,2,40,5.0,,40272
8462115,1,3,1,10,2025,1,18,5.0,,40273
8462115,1,5,1,10,2025,2,7,3.0,,40275
8462118,1,1,1,10,2025,2,73,3.0,,40280
8462119,1,1,1,10,2025,1,36,10.0,1423500.0,40283
8462120,1,3,1,10,2025,2,35,5.0,,40286
8462120,1,6,1,10,2025,2,40,5.0,1350000.0,40289
8462121,1,3,1,10,2025,2,10,3.0,,40293
8462122,1,4,1,10,2025,1,35,5.0,800000.0,40297
8462124,1,1,1,10,2025,1,83,1.0,,40304
8462124,1,2,1,10,2025,2,79,1.0,,40305
8462124,1,3,1,10,2025,1,51,1.0,,40306
8462124,1,4,1,10,2025,1,56,1.0,300000.0,40307
8462124,1,6,1,10,2025,1,29,5.0,536000.0,40309
8462124,1,8,1,10,2025,2,8,3.0,,40311
8462124,1,9,1,10,2025,1,2,,,40312
8462128,1,3,1,10,2025,1,6,3.0,,40319
8462128,1,4,1,10,2025,1,4,1.0,,40320
8462129,1,1,1,10,2025,1,38,4.0,1200000.0,40321
8462129,1,3,1,10,2025,1,13,4.0,,40323
8462131,1,3,1,10,2025,2,13,4.0,,40331
8462131,1,4,1,10,2025,1,7,3.0,,40332
8462131,1,5,1,10,2025,1,5,1.0,,40333
8462132,1,1,1,10,2025,2,37,4.0,,40334
8462132,1,4,1,10,2025,1,13,4.0,,40337
8462133,1,1,1,10,2025,1,51,3.0,1400000.0,40339
8462139,1,4,1,10,2025,1,83,5.0,,40355
8462141,1,1,1,10,2025,1,64,10.0,6000000.0,40359
8462143,1,1,1,10,2025,2,46,5.0,,40361
8462144,1,1,1,10,2025,2,52,5.0,,40367
8462144,1,2,1,10,2025,1,57,5.0,,40368
8462144,1,4,1,10,2025,1,9,3.0,,40370
8462144,1,7,1,10,2025,1,6,3.0,,40373
8462146,1,1,1,10,2025,1,47,10.0,,40376
8462146,1,5,1,10,2025,2,13,4.0,,40380
8462147,1,1,1,10,2025,2,50,5.0,,40381
8462150,1,4,1,10,2025,1,46,1.0,700000.0,40388
8462150,1,5,1,10,2025,1,17,4.0,300000.0,40389
8462154,1,1,1,10,2025,1,72,1.0,1300000.0,40393
8462156,1,2,1,10,2025,2,17,1.0,,40396
8462156,1,3,1,10,2025,2,0,,,40397
8462158,1,3,1,10,2025,1,20,8.0,,40401
8462158,1,4,1,10,2025,2,16,5.0,,40402
8462158,1,5,1,10,2025,2,12,4.0,,40403
8462158,1,6,1,10,2025,1,10,3.0,,40404
8462159,1,1,1,10,2025,1,78,1.0,,40405
8462160,1,1,1,10,2025,1,59,3.0,1530000.0,40407
8462162,1,1,1,10,2025,2,41,11.0,5900000.0,40409
8462172,1,2,1,10,2025,1,28,5.0,1600000.0,40413
8462173,1,1,1,10,2025,1,64,10.0,,40414
8462173,1,2,1,10,2025,2,63,10.0,300000.0,40415
8462175,1,1,1,10,2025,2,28,9.0,8000000.0,40416
8462175,1,2,1,10,2025,1,27,5.0,1423500.0,40417
8462175,1,3,1,10,2025,1,3,2.0,,40418
8462176,1,1,1,10,2025,2,66,5.0,,40419
8462178,1,1,1,10,2025,2,31,5.0,1423500.0,40424
8462179,1,1,1,10,2025,1,60,5.0,1423500.0,40426
8462181,1,3,1,10,2025,2,28,5.0,,40432
8462181,1,7,1,10,2025,1,17,4.0,,40436
8462182,1,2,1,10,2025,1,82,1.0,,40438
8462184,1,2,1,10,2025,2,56,3.0,400000.0,40442
8462186,1,1,1,10,2025,2,46,8.0,1423500.0,40443
8462186,1,2,1,10,2025,2,25,10.0,,40444
8462187,1,1,1,10,2025,2,42,4.0,600000.0,40447
8462187,1,2,1,10,2025,1,8,2.0,,40448
8462189,1,1,1,10,2025,1,75,11.0,,40451
8462190,1,1,1,10,2025,2,86,3.0,,40452
8462193,1,4,1,10,2025,2,11,4.0,,40456
8462195,1,1,1,10,2025,1,66,3.0,,40459
8462197,1,2,1,10,2025,2,29,5.0,,40463
8462197,1,3,1,10,2025,1,11,4.0,,40464
8462197,1,4,1,10,2025,2,7,3.0,,40465
8462199,1,3,1,10,2025,2,40,5.0,,40471
8462199,1,5,1,10,2025,2,16,5.0,,40473
8462200,1,1,1,10,2025,2,75,3.0,,40475
8462203,1,1,1,10,2025,2,51,10.0,1623500.0,40483
8462204,1,2,1,10,2025,1,36,4.0,1423000.0,40486
8462207,1,1,1,10,2025,1,43,8.0,3500000.0,40494
8462207,1,2,1,10,2025,2,36,3.0,,40495
8462208,1,2,1,10,2025,2,32,3.0,,40497
8462209,1,1,1,10,2025,1,28,4.0,1000000.0,40500
8462211,1,2,1,10,2025,2,49,3.0,,40505
8462212,1,1,1,10,2025,2,65,3.0,0.0,40506
8462212,1,2,1,10,2025,1,28,4.0,520000.0,40507
8462213,1,3,1,10,2025,2,13,4.0,,40510
8462213,1,4,1,10,2025,2,7,3.0,,40511
8462214,1,1,1,10,2025,1,67,1.0,1000000.0,40512
8462218,1,2,1,10,2025,1,30,10.0,1200000.0,40520
8462220,1,3,1,10,2025,1,16,4.0,,40524
8462223,1,1,1,10,2025,2,64,5.0,45000.0,40528
8462224,1,2,1,10,2025,2,29,5.0,,40531
8462224,1,3,1,10,2025,1,7,3.0,,40532
8462228,1,2,1,10,2025,2,41,3.0,,40539
8462228,1,4,1,10,2025,2,13,4.0,,40541
8462228,1,5,1,10,2025,1,4,1.0,,40542
8462229,1,2,1,10,2025,2,45,5.0,400000.0,40544
8462229,1,3,1,10,2025,1,27,5.0,,40545
8462232,1,1,1,10,2025,2,64,3.0,,40550
8462233,1,4,1,10,2025,2,7,3.0,,40555
8462234,1,1,1,10,2025,2,39,4.0,,40556
8462234,1,2,1,10,2025,1,44,5.0,1600000.0,40557
8462235,1,1,1,10,2025,1,37,6.0,,40560
8462236,1,4,1,10,2025,2,6,2.0,,40565
8462238,1,5,1,10,2025,1,5,1.0,,40571
8462239,1,1,1,10,2025,2,40,3.0,,40572
8462239,1,3,1,10,2025,2,0,,,40574
8462241,1,1,1,10,2025,1,77,3.0,,40575
8462243,1,1,1,10,2025,1,20,5.0,1400000.0,40578
8462246,1,2,1,10,2025,2,9,3.0,,40584
8462251,1,2,1,10,2025,2,19,10.0,,40590
8462251,1,3,1,10,2025,2,7,3.0,,40591
8462252,1,1,1,10,2025,2,75,1.0,,40592
8462253,1,1,1,10,2025,2,60,1.0,,40593
8462256,1,2,1,10,2025,2,56,8.0,2500000.0,40597
8462260,1,1,1,10,2025,1,61,3.0,,40601
8462261,1,2,1,10,2025,1,15,4.0,,40603
8462262,1,1,1,10,2025,2,29,4.0,1400000.0,40605
8462263,1,2,1,10,2025,1,3,2.0,,40608
8462264,1,2,1,10,2025,2,49,3.0,,40610
8462266,1,2,1,10,2025,1,6,3.0,,40615
8462269,1,1,1,10,2025,2,64,1.0,,40619
8462269,1,2,1,10,2025,1,38,3.0,1400000.0,40620
8462270,1,1,1,10,2025,2,35,4.0,1400000.0,40621
8462271,1,2,1,10,2025,2,76,3.0,,40624
8462272,1,2,1,10,2025,1,48,1.0,1400000.0,40626
8462281,1,2,1,10,2025,1,11,3.0,,40644
8462287,1,1,1,10,2025,1,65,3.0,1450000.0,40652
8462288,1,2,1,10,2025,2,51,4.0,,40654
8462289,1,1,1,10,2025,1,50,3.0,1000000.0,40655
8462289,1,4,1,10,2025,2,13,4.0,,40658
8462290,1,2,1,10,2025,2,41,4.0,,40660
8462291,1,1,1,10,2025,2,24,3.0,,40662
8462293,1,3,1,10,2025,1,17,10.0,,40667
8462293,1,4,1,10,2025,2,13,3.0,,40668
8462294,1,1,1,10,2025,2,67,3.0,,40669
8462295,1,2,1,10,2025,2,80,3.0,,40671
8462299,1,2,1,10,2025,2,40,3.0,,40679
8462299,1,3,1,10,2025,2,10,3.0,,40680
8462301,1,2,1,10,2025,1,32,4.0,1000000.0,40685
8462301,1,3,1,10,2025,2,5,3.0,,40686
8462302,1,2,1,10,2025,1,53,3.0,1800000.0,40688
8462304,1,3,1,10,2025,1,25,3.0,2100000.0,40691
8462307,1,2,1,10,2025,2,42,3.0,,40698
8462308,1,2,1,10,2025,2,38,4.0,,40700
8462311,1,2,1,10,2025,1,9,3.0,,40707
8462313,1,1,1,10,2025,1,75,1.0,1140000.0,40711
8462314,1,1,1,10,2025,1,61,3.0,1500000.0,40713
8462316,1,1,1,10,2025,2,34,3.0,,40717
8462318,1,1,1,10,2025,1,54,3.0,1000000.0,40721
8462318,1,2,1,10,2025,2,37,3.0,,40722
8462318,1,3,1,10,2025,1,8,3.0,,40723
8462319,1,1,1,10,2025,1,72,3.0,1000000.0,40725
8462322,1,4,1,10,2025,1,9,3.0,,40735
8462323,1,1,1,10,2025,1,78,1.0,2200000.0,40736
8462328,1,1,1,10,2025,1,30,5.0,1423500.0,40745
8462330,1,2,1,10,2025,2,31,10.0,,40749
8462330,1,3,1,10,2025,2,11,4.0,,40750
8462330,1,4,1,10,2025,2,1,,,40751
8462331,1,1,1,10,2025,2,60,5.0,950000.0,40752
8462331,1,2,1,10,2025,2,29,5.0,,40753
8462336,1,1,1,10,2025,1,58,3.0,1300000.0,40761
8462338,1,1,1,10,2025,2,28,5.0,,40766
8462338,1,2,1,10,2025,2,1,,,40767
8462339,1,1,1,10,2025,1,83,3.0,,40768
8462340,1,1,1,10,2025,2,28,5.0,,40769
8462341,1,1,1,10,2025,2,44,3.0,600000.0,40770
8462341,1,4,1,10,2025,2,16,5.0,,40773
8462344,1,1,1,10,2025,2,39,3.0,1100000.0,40778
8462345,1,2,1,10,2025,1,78,1.0,,40784
8462346,1,1,1,10,2025,2,75,1.0,,40785
8462347,1,2,1,10,2025,1,36,5.0,1600000.0,40787
8462348,1,1,1,10,2025,1,36,3.0,1300000.0,40788
8462348,1,2,1,10,2025,1,15,4.0,,40789
8462349,1,1,1,10,2025,1,70,3.0,,40790
8462352,1,2,1,10,2025,2,64,3.0,,40795
8462352,1,3,1,10,2025,2,13,4.0,,40796
8462353,1,1,1,10,2025,1,32,5.0,1300000.0,40797
8462354,1,1,1,10,2025,1,32,4.0,1800000.0,40800
8462355,1,1,1,10,2025,2,58,4.0,,40801
8462356,1,2,1,10,2025,1,67,3.0,,40803
8462358,1,2,1,10,2025,1,57,3.0,1500000.0,40808
8462360,1,3,1,10,2025,1,11,4.0,,40813
8462361,1,1,1,10,2025,1,67,4.0,,40815
8462361,1,2,1,10,2025,2,64,3.0,,40816
8462363,1,1,1,10,2025,1,82,3.0,,40818
8462366,1,1,1,10,2025,1,29,5.0,1700000.0,40825
8462366,1,2,1,10,2025,2,25,5.0,,40826
8462368,1,1,1,10,2025,2,81,3.0,,40829
8462369,1,2,1,10,2025,1,27,5.0,1800000.0,40831
8462371,1,1,1,10,2025,1,67,3.0,,40834
8462373,1,2,1,10,2025,2,36,4.0,,40837
8462376,1,2,1,10,2025,1,39,1.0,,40843
8462377,1,2,1,10,2025,2,54,5.0,,40845
8462378,1,1,1,10,2025,2,28,8.0,1800000.0,40847
8462384,1,2,1,10,2025,2,70,3.0,,40864
8462387,1,2,1,10,2025,2,77,3.0,,40873
8462391,1,1,1,10,2025,1,63,9.0,1800000.0,40879
8462392,1,1,1,10,2025,1,49,3.0,1500000.0,40881
8462395,1,1,1,10,2025,1,74,3.0,,40889
8462395,1,3,1,10,2025,1,35,5.0,2400000.0,40891
8462398,1,1,1,10,2025,2,26,5.0,1200000.0,40897
8462401,1,2,1,10,2025,2,66,5.0,,40902
8462402,1,3,1,10,2025,1,28,3.0,1200000.0,40905
8462405,1,1,1,10,2025,1,52,3.0,1800000.0,40910
8462406,1,1,1,10,2025,1,51,3.0,1500000.0,40912
8462406,1,3,1,10,2025,1,20,5.0,,40914
8462407,1,1,1,10,2025,1,53,5.0,,40915
8462408,1,1,1,10,2025,2,30,4.0,1200000.0,40916
8462409,1,1,1,10,2025,2,46,5.0,500000.0,40920
8462413,1,1,1,10,2025,1,95,1.0,,40926
8462415,1,1,1,10,2025,1,75,5.0,,40932
8462416,1,1,1,10,2025,1,43,8.0,3000000.0,40934
8462416,1,2,1,10,2025,2,24,8.0,,40935
8462417,1,1,1,10,2025,2,37,5.0,500000.0,40937
8462417,1,2,1,10,2025,2,20,8.0,,40938
8462418,1,1,1,10,2025,2,46,5.0,1000000.0,40939
8462420,1,1,1,10,2025,1,38,8.0,1700000.0,40943
8462421,1,3,1,10,2025,1,15,4.0,,40948
8462423,1,3,1,10,2025,1,14,4.0,,40953
8462424,1,1,1,10,2025,1,38,5.0,3000000.0,40956
8462424,1,5,1,10,2025,2,3,1.0,,40960
8462425,1,1,1,10,2025,2,52,4.0,1000000.0,40961
8462426,1,1,1,10,2025,1,45,10.0,2800000.0,40963
8462427,1,2,1,10,2025,2,73,3.0,,40965
8462428,1,2,1,10,2025,2,22,5.0,200000.0,40967
8462428,1,3,1,10,2025,1,2,,,40968
8462429,1,2,1,10,2025,2,80,3.0,,40970
8462431,1,2,1,10,2025,2,48,4.0,,40973
8462432,1,1,1,10,2025,2,44,4.0,1200000.0,40974
8462432,1,2,1,10,2025,2,16,5.0,,40975
8462435,1,1,1,10,2025,2,54,5.0,1800000.0,40980
8462435,1,2,1,10,2025,2,30,11.0,6000000.0,40981
8462436,1,1,1,10,2025,2,72,3.0,,40983
8462436,1,2,1,10,2025,2,51,3.0,750000.0,40984
8462437,1,1,1,10,2025,1,58,4.0,600000.0,40985
8462442,1,1,1,10,2025,1,60,3.0,500000.0,40992
8462443,1,1,1,10,2025,1,73,3.0,,40994
8462443,1,2,1,10,2025,2,73,4.0,,40995
8462444,1,2,1,10,2025,2,15,5.0,,40997
8462448,1,2,1,10,2025,2,49,5.0,,41002
8462448,1,3,1,10,2025,2,69,3.0,,41003
8462449,1,1,1,10,2025,2,53,3.0,900000.0,41004
8462454,1,1,1,10,2025,1,20,3.0,1350000.0,41016
8462458,1,2,1,10,2025,1,57,4.0,500000.0,41025
8462458,1,3,1,10,2025,1,19,10.0,,41026
8462460,1,2,1,10,2025,2,53,3.0,,41030
8462463,1,1,1,10,2025,1,36,3.0,400000.0,41035
8462468,1,2,1,10,2025,1,24,5.0,1300000.0,41045
8462469,1,1,1,10,2025,1,36,3.0,1250000.0,41046
8462469,1,4,1,10,2025,1,8,3.0,,41049
8462471,1,1,1,10,2025,1,45,11.0,,41053
8462474,1,1,1,10,2025,2,30,5.0,1000000.0,41060
8462481,1,2,1,10,2025,1,24,3.0,800000.0,41075
8462481,1,4,1,10,2025,1,1,,,41077
8462482,1,1,1,10,2025,1,56,3.0,800000.0,41078
8462483,1,1,1,10,2025,1,81,1.0,,41079
8462485,1,2,1,10,2025,2,38,3.0,,41082
8462486,1,2,1,10,2025,2,39,3.0,,41085
8462486,1,3,1,10,2025,2,14,3.0,,41086
8462487,1,1,1,10,2025,2,17,3.0,,41087
8462487,1,2,1,10,2025,1,23,4.0,600000.0,41088
8462488,1,1,1,10,2025,1,56,4.0,2000000.0,41089
8462488,1,2,1,10,2025,2,77,3.0,,41090
8462490,1,2,1,10,2025,1,41,12.0,4000000.0,41095
8462493,1,1,1,10,2025,2,36,10.0,700000.0,41098
8462495,1,1,1,10,2025,1,54,3.0,1400000.0,41105
8462495,1,2,1,10,2025,1,49,3.0,1560000.0,41106
8462499,1,4,1,10,2025,2,11,4.0,,41118
8462500,1,3,1,10,2025,1,48,4.0,900000.0,41123
8462504,1,1,1,10,2025,1,39,5.0,1500000.0,41132
8462507,1,1,1,10,2025,1,32,5.0,800000.0,41141
8462509,1,4,1,10,2025,2,13,4.0,,41149
8462510,1,2,1,10,2025,1,44,3.0,900000.0,41151
8462511,1,2,1,10,2025,2,58,3.0,,41153
8462512,1,1,1,10,2025,1,41,5.0,290000.0,41155
8462514,1,2,1,10,2025,2,32,5.0,,41161
8462514,1,4,1,10,2025,1,1,,,41163
8462516,1,4,1,10,2025,1,7,3.0,,41169
8462520,1,3,1,10,2025,1,42,8.0,1350000.0,41176
8462521,1,1,1,10,2025,1,32,10.0,1500000.0,41177
8462521,1,3,1,10,2025,2,9,3.0,,41179
8462521,1,4,1,10,2025,2,71,3.0,,41180
8462522,1,2,1,10,2025,2,25,5.0,1600000.0,41182
8462525,1,1,1,10,2025,1,66,10.0,,41186
8462528,1,2,1,10,2025,2,61,5.0,,41192
8462528,1,3,1,10,2025,1,31,5.0,1623500.0,41193
8462528,1,4,1,10,2025,2,24,10.0,2700000.0,41194
8462528,1,7,1,10,2025,1,1,,,41197
8462529,1,2,1,10,2025,2,29,8.0,640000.0,41199
8462530,1,6,1,10,2025,1,15,5.0,,41205
8462531,1,1,1,10,2025,2,52,4.0,400000.0,41206
8462531,1,6,1,10,2025,2,4,1.0,,41211
8462532,1,2,1,10,2025,1,69,3.0,,41214
8462532,1,4,1,10,2025,1,12,3.0,,41216
8462533,1,1,1,10,2025,2,49,5.0,136000.0,41218
8462533,1,2,1,10,2025,2,29,10.0,2103500.0,41219
8462535,1,2,1,10,2025,2,67,10.0,,41225
8462537,1,3,1,10,2025,1,23,10.0,3300000.0,41229
8462540,1,3,1,10,2025,1,12,3.0,,41233
8462543,1,2,1,10,2025,2,45,5.0,,41238
8462546,1,1,1,10,2025,2,41,5.0,150000.0,41245
8462547,1,3,1,10,2025,1,16,5.0,,41249
8462547,1,5,1,10,2025,1,15,4.0,,41251
8462551,1,2,1,10,2025,2,46,8.0,400000.0,41257
8462551,1,3,1,10,2025,2,15,5.0,,41258
8462551,1,4,1,10,2025,1,11,4.0,,41259
8462552,1,2,1,10,2025,2,51,3.0,,41261
8462552,1,6,1,10,2025,1,10,3.0,,41265
8462553,1,4,1,10,2025,1,0,,,41269
8462554,1,1,1,10,2025,2,67,3.0,540000.0,41270
8462554,1,2,1,10,2025,2,53,1.0,,41271
8462555,1,1,1,10,2025,1,62,8.0,,41272
8462557,1,2,1,10,2025,2,28,6.0,,41278
8462557,1,4,1,10,2025,1,4,1.0,,41280
8462557,1,5,1,10,2025,1,1,,,41281
8462558,1,3,1,10,2025,2,7,3.0,,41284
8462559,1,2,1,10,2025,2,6,2.0,,41286
8462560,1,1,1,10,2025,2,26,5.0,1623500.0,41287
8462560,1,2,1,10,2025,2,10,4.0,,41288
8462562,1,3,1,10,2025,2,18,4.0,,41294
8462563,1,1,1,10,2025,1,69,1.0,,41296
8462568,1,2,1,10,2025,1,47,5.0,,41306
8462568,1,3,1,10,2025,1,21,6.0,1426000.0,41307
8462570,1,1,1,10,2025,2,51,4.0,,41310
8462571,1,3,1,10,2025,1,10,4.0,,41314
8462572,1,1,1,10,2025,1,76,3.0,,41315
8462575,1,1,1,10,2025,1,57,3.0,1100000.0,41323
8462575,1,3,1,10,2025,2,89,1.0,,41325
8462576,1,3,1,10,2025,1,10,3.0,,41328
8462576,1,4,1,10,2025,2,8,3.0,,41329
8462577,1,3,1,10,2025,1,47,3.0,1900000.0,41332
8462579,1,1,1,10,2025,2,40,5.0,,41337
8462583,1,2,1,10,2025,1,15,5.0,,41343
8462583,1,3,1,10,2025,2,13,4.0,,41344
8462583,1,5,1,10,2025,2,2,,,41346
8462584,1,2,1,10,2025,1,49,5.0,,41348
8462587,1,2,1,10,2025,1,18,5.0,120000.0,41354
8462588,1,2,1,10,2025,1,15,5.0,,41357
8462589,1,1,1,10,2025,2,36,5.0,1000000.0,41358
8462589,1,3,1,10,2025,2,17,5.0,,41360
8462589,1,5,1,10,2025,1,5,2.0,,41362
8462592,1,1,1,10,2025,2,52,3.0,,41367
8462592,1,2,1,10,2025,2,28,5.0,400000.0,41368
8462595,1,2,1,10,2025,1,45,6.0,1423500.0,41370
8462596,1,2,1,10,2025,2,76,3.0,,41372
8462603,1,1,1,10,2025,2,62,6.0,,41375
8462606,1,1,1,10,2025,1,49,5.0,1500000.0,41383
8462610,1,1,1,10,2025,2,31,4.0,1843500.0,41387
8462621,1,1,1,10,2025,2,64,3.0,,41402
8462622,1,2,1,10,2025,1,82,1.0,,41405
8462623,1,1,1,10,2025,2,77,3.0,,41406
8462624,1,1,1,10,2025,2,46,4.0,,41408
8462627,1,3,1,10,2025,2,37,10.0,1600000.0,41414
8462628,1,2,1,10,2025,1,37,5.0,1423000.0,41418
8462629,1,2,1,10,2025,1,53,5.0,1820000.0,41422
8462630,1,1,1,10,2025,1,45,3.0,2023500.0,41424
8462631,1,1,1,10,2025,1,75,1.0,800000.0,41427
8462635,1,3,1,10,2025,1,29,10.0,,41434
8462637,1,1,1,10,2025,2,45,6.0,,41436
8462638,1,1,1,10,2025,2,32,9.0,500000.0,41438
8462639,1,1,1,10,2025,2,69,3.0,200000.0,41441
8462643,1,3,1,10,2025,2,10,3.0,,41449
8462643,1,6,1,10,2025,2,1,,,41452
8462653,1,2,1,10,2025,1,40,6.0,1700000.0,41471
8462653,1,3,1,10,2025,1,19,10.0,,41472
8462654,1,1,1,10,2025,1,57,3.0,1440000.0,41474
8462654,1,2,1,10,2025,2,46,5.0,,41475
8462655,1,3,1,10,2025,2,8,3.0,,41478
8462657,1,1,1,10,2025,2,51,9.0,,41479
8462658,1,2,1,10,2025,1,87,1.0,,41481
8462658,1,3,1,10,2025,1,64,3.0,350000.0,41482
8462660,1,4,1,10,2025,1,20,5.0,1870000.0,41487
8462660,1,5,1,10,2025,2,15,5.0,,41488
8462660,1,6,1,10,2025,2,50,1.0,,41489
8462661,1,2,1,10,2025,2,75,3.0,0.0,41491
8462664,1,2,1,10,2025,2,18,10.0,,41494
8462669,1,1,1,10,2025,2,42,10.0,4800000.0,41502
8462670,1,1,1,10,2025,1,36,3.0,1800000.0,41504
8462671,1,1,1,10,2025,1,71,3.0,,41505
8462672,1,2,1,10,2025,2,82,5.0,,41511
8462672,1,3,1,10,2025,2,77,11.0,,41512
8462678,1,1,1,10,2025,1,77,3.0,,41519
8462678,1,3,1,10,2025,1,13,4.0,,41521
8462683,1,1,1,10,2025,1,46,5.0,2323500.0,41530
8462684,1,1,1,10,2025,1,64,1.0,,41534
8462685,1,1,1,10,2025,1,59,5.0,1423500.0,41535
8462686,1,1,1,10,2025,2,43,10.0,1423500.0,41538
8462688,1,1,1,10,2025,1,50,10.0,,41541
8462690,1,1,1,10,2025,2,30,10.0,1423500.0,41546
8462691,1,1,1,10,2025,1,34,10.0,4270500.0,41547
8462693,1,1,1,10,2025,2,39,4.0,,41553
8462693,1,2,1,10,2025,2,21,8.0,,41554
8462695,1,1,1,10,2025,1,70,4.0,1423500.0,41556
8462697,1,3,1,10,2025,2,13,4.0,,41562
8462698,1,1,1,10,2025,2,70,1.0,150000.0,41565
8462701,1,2,1,10,2025,2,17,5.0,200000.0,41568
8462706,1,4,1,10,2025,2,13,4.0,,41584
8462709,1,1,1,10,2025,1,47,5.0,400000.0,41602
8462709,1,3,1,10,2025,1,19,5.0,500000.0,41604
8462710,1,5,1,10,2025,2,9,3.0,,41610
8462711,1,4,1,10,2025,1,9,3.0,,41616
8462712,1,1,1,10,2025,2,27,5.0,120000.0,41619
8462712,1,2,1,10,2025,1,3,2.0,,41620
8462713,1,2,1,10,2025,2,60,3.0,,41622
8462713,1,3,1,10,2025,1,29,3.0,300000.0,41623
8462714,1,1,1,10,2025,2,43,5.0,,41626
8462714,1,2,1,10,2025,1,21,3.0,,41627
8462714,1,4,1,10,2025,2,17,3.0,,41629
8462714,1,5,1,10,2025,1,1,,,41630
8462715,1,2,1,10,2025,1,46,3.0,1350000.0,41632
8462716,1,1,1,10,2025,1,40,3.0,340000.0,41633
8462717,1,1,1,10,2025,1,67,4.0,0.0,41634
8462718,1,1,1,10,2025,1,57,4.0,2000000.0,41635
8462718,1,2,1,10,2025,2,60,5.0,,41636
8462719,1,1,1,10,2025,1,74,3.0,2223500.0,41640
8462719,1,2,1,10,2025,2,73,4.0,,41641
8462721,1,2,1,10,2025,1,13,4.0,,41646
8462729,1,2,1,10,2025,2,35,5.0,,41650
8462732,1,2,1,10,2025,1,10,3.0,,41653
8462732,1,3,1,10,2025,2,6,3.0,,41654
8462733,1,1,1,10,2025,1,38,3.0,4000000.0,41655
8462739,1,2,1,10,2025,1,73,3.0,170000.0,41659
8462739,1,3,1,10,2025,1,48,4.0,800000.0,41660
8462742,1,2,1,10,2025,1,55,4.0,1350000.0,41667
8462742,1,3,1,10,2025,2,31,8.0,2700000.0,41668
8462743,1,2,1,10,2025,1,22,5.0,,41671
8462747,1,1,1,10,2025,1,75,10.0,,41675
8462747,1,2,1,10,2025,2,71,12.0,,41676
8462749,1,2,1,10,2025,2,56,4.0,,41680
8462750,1,1,1,10,2025,2,82,4.0,,41682
8462751,1,2,1,10,2025,2,25,5.0,,41685
8462751,1,3,1,10,2025,2,4,1.0,,41686
8462757,1,2,1,10,2025,2,35,10.0,3500000.0,41692
8462758,1,1,1,10,2025,2,51,5.0,,41694
8462759,1,4,1,10,2025,2,11,4.0,,41699
8462760,1,2,1,10,2025,1,64,11.0,8000000.0,41701
8462760,1,3,1,10,2025,2,17,4.0,,41702
8462761,1,2,1,10,2025,2,37,8.0,430000.0,41704
8462762,1,1,1,10,2025,1,51,5.0,,41706
8462762,1,2,1,10,2025,2,51,5.0,,41707
8462763,1,1,1,10,2025,2,54,4.0,,41710
8462763,1,4,1,10,2025,1,66,3.0,,41713
8462764,1,1,1,10,2025,2,80,3.0,,41714
8462765,1,3,1,10,2025,1,16,3.0,,41717
8462765,1,5,1,10,2025,1,2,,,41719
8462765,1,6,1,10,2025,2,22,4.0,,41720
8462765,1,7,1,10,2025,2,5,2.0,,41721
8462767,1,2,1,10,2025,2,63,4.0,,41725
8462768,1,1,1,10,2025,2,78,3.0,,41727
8462774,1,2,1,10,2025,2,28,4.0,,41733
8462781,1,1,1,10,2025,1,82,3.0,375000.0,41745
8462782,1,5,1,10,2025,1,3,1.0,,41751
8462783,1,1,1,10,2025,2,82,3.0,,41752
8462785,1,1,1,10,2025,2,81,3.0,,41755
8462789,1,1,1,10,2025,1,44,3.0,1240000.0,41766
8462789,1,2,1,10,2025,2,46,4.0,,41767
8462789,1,3,1,10,2025,2,15,5.0,,41768
8462790,1,3,1,10,2025,1,3,1.0,,41771
8462791,1,1,1,10,2025,2,59,3.0,,41772
8462793,1,1,1,10,2025,2,91,1.0,,41776
8462793,1,3,1,10,2025,1,61,4.0,1400000.0,41778
8462794,1,2,1,10,2025,2,32,5.0,,41780
8462797,1,2,1,10,2025,2,46,3.0,,41793
8462797,1,3,1,10,2025,2,19,6.0,,41794
8462798,1,2,1,10,2025,2,59,1.0,,41796
8462799,1,3,1,10,2025,1,35,5.0,,41800
8462800,1,2,1,10,2025,2,45,5.0,1750000.0,41803
8462802,1,3,1,10,2025,1,14,4.0,,41807
8462810,1,2,1,10,2025,2,14,4.0,,41813
8462812,1,2,1,10,2025,2,16,5.0,,41815
8462813,1,2,1,10,2025,2,27,3.0,,41817
8462814,1,3,1,10,2025,2,14,4.0,,41820
8462815,1,1,1,10,2025,1,74,1.0,1200000.0,41821
8462816,1,1,1,10,2025,1,57,3.0,1045000.0,41823
8462817,1,2,1,10,2025,2,83,3.0,,41826
8462818,1,1,1,10,2025,1,48,3.0,,41828
8462818,1,3,1,10,2025,1,69,4.0,250000.0,41830
8462824,1,2,1,10,2025,2,82,3.0,,41840
8462825,1,4,1,10,2025,2,16,3.0,,41845
8462826,1,1,1,10,2025,1,37,8.0,1423500.0,41847
8462827,1,1,1,10,2025,1,75,3.0,1723500.0,41850
8462827,1,2,1,10,2025,2,67,1.0,,41851
8462828,1,1,1,10,2025,2,37,5.0,,41852
8462829,1,2,1,10,2025,2,61,3.0,,41856
8462831,1,3,1,10,2025,2,17,5.0,,41860
8462832,1,1,1,10,2025,2,64,3.0,,41861
8462834,1,1,1,10,2025,1,46,4.0,3000000.0,41863
8462835,1,1,1,10,2025,2,40,4.0,,41866
8462835,1,3,1,10,2025,2,5,1.0,,41868
8462837,1,2,1,10,2025,1,43,4.0,1800000.0,41872
8462837,1,3,1,10,2025,1,10,3.0,,41873
8462838,1,1,1,10,2025,2,73,3.0,,41874
8462839,1,2,1,10,2025,1,27,4.0,1923500.0,41876
8462840,1,1,1,10,2025,1,73,3.0,1423500.0,41877
8462841,1,3,1,10,2025,1,21,4.0,1923500.0,41882
8462841,1,4,1,10,2025,1,16,4.0,,41883
8462852,1,2,1,10,2025,1,41,11.0,2500000.0,41886
8462853,1,2,1,10,2025,2,71,3.0,,41888
8462858,1,1,1,10,2025,1,59,3.0,1000000.0,41895
8462859,1,1,1,10,2025,1,47,3.0,1000000.0,41897
8462861,1,1,1,10,2025,1,35,4.0,500000.0,41900
8462861,1,4,1,10,2025,2,9,3.0,,41903
8462863,1,2,1,10,2025,2,52,5.0,500000.0,41909
8462864,1,2,1,10,2025,1,12,4.0,,41911
8462865,1,2,1,10,2025,1,31,4.0,1423500.0,41913
8462865,1,3,1,10,2025,1,12,4.0,,41914
8462865,1,4,1,10,2025,1,8,3.0,,41915
8462866,1,2,1,10,2025,2,53,5.0,500000.0,41917
8462867,1,3,1,10,2025,2,40,9.0,1423500.0,41922
8462868,1,2,1,10,2025,2,39,8.0,,41924
8462872,1,2,1,10,2025,2,51,3.0,1423500.0,41932
8462875,1,1,1,10,2025,1,34,3.0,2000000.0,41938
8462875,1,4,1,10,2025,1,2,,,41941
8462879,1,1,1,10,2025,2,66,3.0,,41946
8462881,1,1,1,10,2025,2,47,1.0,850000.0,41949
8462882,1,1,1,10,2025,1,49,8.0,,41952
8462883,1,1,1,10,2025,2,36,10.0,15200000.0,41953
8462883,1,2,1,10,2025,1,37,12.0,35000000.0,41954
8462883,1,3,1,10,2025,2,2,,,41955
8462889,1,1,1,10,2025,1,34,5.0,400000.0,41966
8462889,1,2,1,10,2025,2,21,5.0,,41967
8462889,1,3,1,10,2025,1,4,2.0,,41968
8462890,1,5,1,10,2025,1,55,5.0,1500000.0,41973
8462891,1,1,1,10,2025,1,55,3.0,1500000.0,41974
8462892,1,1,1,10,2025,1,72,3.0,1340000.0,41977
8462896,1,2,1,10,2025,2,15,5.0,,41982
8462896,1,4,1,10,2025,1,4,1.0,,41984
8462897,1,1,1,10,2025,2,77,4.0,,41987
8462898,1,1,1,10,2025,1,25,3.0,1600000.0,41988
8462901,1,1,1,10,2025,1,82,3.0,,41990
8462901,1,2,1,10,2025,2,73,3.0,,41991
8462902,1,1,1,10,2025,2,42,4.0,600000.0,41992
8462905,1,1,1,10,2025,2,62,3.0,,41997
8462907,1,2,1,10,2025,2,35,5.0,1600000.0,42001
8462907,1,3,1,10,2025,2,14,4.0,,42002
8462908,1,2,1,10,2025,2,58,3.0,,42004
8462911,1,1,1,10,2025,1,45,3.0,2000000.0,42009
8462911,1,2,1,10,2025,2,49,3.0,,42010
8462915,1,1,1,10,2025,1,55,10.0,2000000.0,42020
8462916,1,1,1,10,2025,2,33,5.0,1500000.0,42021
8462917,1,3,1,10,2025,2,23,10.0,,42025
8462920,1,1,1,10,2025,1,53,3.0,1823500.0,42030
8462921,1,1,1,10,2025,2,51,8.0,2000000.0,42032
8462922,1,1,1,10,2025,2,81,3.0,,42034
8462923,1,2,1,10,2025,2,37,5.0,,42036
8462923,1,3,1,10,2025,2,26,10.0,,42037
8462924,1,2,1,10,2025,2,44,5.0,,42040
8462924,1,3,1,10,2025,1,20,10.0,,42041
8462925,1,4,1,10,2025,1,77,3.0,,42045
8462929,1,3,1,10,2025,1,28,10.0,2400000.0,42050
8462931,1,1,1,10,2025,1,60,4.0,1500000.0,42054
8462932,1,1,1,10,2025,1,51,5.0,1200000.0,42055
8462943,1,1,1,10,2025,2,32,5.0,,42065
8462944,1,1,1,10,2025,1,35,5.0,,42067
8462944,1,3,1,10,2025,1,11,3.0,,42069
8462945,1,1,1,10,2025,1,22,5.0,1423500.0,42072
8462949,1,4,1,10,2025,1,7,3.0,,42081
8462951,1,1,1,10,2025,1,67,1.0,1000000.0,42085
8462951,1,2,1,10,2025,2,54,3.0,,42086
8462951,1,3,1,10,2025,2,10,3.0,,42087
8462959,1,5,1,10,2025,1,7,3.0,,42103
8462960,1,2,1,10,2025,2,41,4.0,,42107
8462960,1,3,1,10,2025,1,22,5.0,1200000.0,42108
8462960,1,4,1,10,2025,1,18,5.0,,42109
8462961,1,2,1,10,2025,2,47,4.0,1000000.0,42111
8462961,1,3,1,10,2025,1,28,6.0,1750000.0,42112
8462961,1,4,1,10,2025,2,18,4.0,,42113
8462963,1,1,1,10,2025,1,29,5.0,1423500.0,42116
8462964,1,2,1,10,2025,2,42,3.0,,42120
8462968,1,1,1,10,2025,1,73,4.0,,42121
8462969,1,1,1,10,2025,1,36,3.0,1400000.0,42123
8462969,1,2,1,10,2025,2,34,3.0,1350000.0,42124
8462970,1,1,1,10,2025,1,43,3.0,1850000.0,42125
8462970,1,3,1,10,2025,1,12,4.0,,42127
8462970,1,4,1,10,2025,1,10,3.0,,42128
8462971,1,1,1,10,2025,2,53,4.0,,42131
8462972,1,2,1,10,2025,2,34,3.0,,42134
8462976,1,1,1,10,2025,2,61,11.0,800000.0,42142
8462979,1,1,1,10,2025,2,58,3.0,,42146
8462979,1,2,1,10,2025,1,23,3.0,1300000.0,42147
8462979,1,3,1,10,2025,2,20,10.0,,42148
8462981,1,3,1,10,2025,2,3,1.0,,42152
8462983,1,1,1,10,2025,1,27,5.0,1450000.0,42153
8462983,1,2,1,10,2025,2,27,5.0,,42154
8462983,1,3,1,10,2025,1,10,3.0,,42155
8462984,1,3,1,10,2025,1,6,3.0,,42159
8462985,1,2,1,10,2025,2,48,3.0,650000.0,42161
8462987,1,1,1,10,2025,1,54,4.0,1500000.0,42163
8462987,1,3,1,10,2025,2,85,1.0,,42165
8462988,1,3,1,10,2025,1,22,5.0,1450000.0,42168
8462990,1,2,1,10,2025,1,23,3.0,1800000.0,42173
8462990,1,7,1,10,2025,2,5,1.0,,42178
8462995,1,1,1,10,2025,2,74,3.0,,42185
8462997,1,2,1,10,2025,1,31,6.0,500000.0,42189
8462997,1,3,1,10,2025,2,28,6.0,,42190
8462997,1,4,1,10,2025,1,26,6.0,2700000.0,42191
8462997,1,5,1,10,2025,1,3,1.0,,42192
8463000,1,1,1,10,2025,1,61,3.0,1100000.0,42197
8463000,1,3,1,10,2025,2,17,8.0,,42199
8463001,1,2,1,10,2025,1,26,6.0,,42201
8463002,1,2,1,10,2025,1,31,5.0,900000.0,42203
8463002,1,4,1,10,2025,2,11,4.0,,42205
8463003,1,3,1,10,2025,1,2,,,42208
8463006,1,1,1,10,2025,1,54,3.0,0.0,42214
8463006,1,3,1,10,2025,2,24,8.0,1000000.0,42216
8463008,1,1,1,10,2025,1,78,3.0,940000.0,42219
8463009,1,2,1,10,2025,2,62,3.0,100000.0,42221
8463010,1,1,1,10,2025,1,48,3.0,1200000.0,42222
8463010,1,2,1,10,2025,2,53,11.0,6700000.0,42223
8463012,1,1,1,10,2025,2,36,5.0,1000000.0,42224
8463013,1,1,1,10,2025,1,30,5.0,2000000.0,42225
8463014,1,1,1,10,2025,2,40,8.0,460000.0,42226
8463017,1,2,1,10,2025,2,75,3.0,,42235
8463018,1,1,1,10,2025,1,64,3.0,1750000.0,42237
8463019,1,1,1,10,2025,1,43,3.0,1500000.0,42239
8463021,1,3,1,10,2025,2,22,10.0,,42244
8463022,1,1,1,10,2025,1,36,5.0,1300000.0,42245
8463022,1,2,1,10,2025,2,33,5.0,,42246
8463030,1,1,1,10,2025,2,69,3.0,,42265
8463030,1,2,1,10,2025,1,42,3.0,900000.0,42266
8463033,1,1,1,10,2025,2,90,3.0,,42273
8463037,1,1,1,10,2025,1,69,3.0,400000.0,42282
8463039,1,1,1,10,2025,1,59,11.0,3000000.0,42283
8463041,1,1,1,10,2025,1,54,3.0,12000000.0,42286
8463042,1,1,1,10,2025,1,57,3.0,1423500.0,42288
8463044,1,2,1,10,2025,2,50,3.0,,42293
8463044,1,3,1,10,2025,1,19,8.0,1400000.0,42294
8463046,1,3,1,10,2025,1,63,1.0,,42300
8463049,1,1,1,10,2025,1,45,5.0,1596800.0,42306
8463054,1,1,1,10,2025,2,51,5.0,800000.0,42314
8463057,1,1,1,10,2025,1,62,3.0,800000.0,42320
8463057,1,2,1,10,2025,2,45,5.0,,42321
8463057,1,3,1,10,2025,1,21,10.0,,42322
8463058,1,1,1,10,2025,1,63,3.0,1900000.0,42323
8463061,1,1,1,10,2025,1,38,5.0,1200000.0,42329
8463062,1,2,1,10,2025,2,31,3.0,,42334
8463064,1,3,1,10,2025,1,4,2.0,,42337
8463066,1,2,1,10,2025,1,60,3.0,1400000.0,42341
8463067,1,1,1,10,2025,2,65,4.0,500000.0,42342
8463068,1,2,1,10,2025,1,46,3.0,900000.0,42345
8463068,1,3,1,10,2025,1,6,3.0,,42346
8463070,1,4,1,10,2025,1,90,3.0,,42353
8463073,1,2,1,10,2025,2,48,5.0,,42361
8463075,1,2,1,10,2025,1,19,4.0,950000.0,42364
8463081,1,1,1,10,2025,1,58,4.0,1400000.0,42377
8463082,1,1,1,10,2025,1,61,10.0,4500000.0,42379
8463083,1,2,1,10,2025,2,69,1.0,,42382
8463084,1,3,1,10,2025,2,21,5.0,950000.0,42385
8463088,1,2,1,10,2025,2,11,4.0,,42391
8463090,1,2,1,10,2025,1,27,5.0,1600000.0,42394
8463091,1,1,1,10,2025,2,50,1.0,,42398
8463091,1,2,1,10,2025,1,64,3.0,1423500.0,42399
8463094,1,5,1,10,2025,1,2,,,42407
8463096,1,3,1,10,2025,1,5,3.0,,42411
8463097,1,1,1,10,2025,1,66,3.0,,42412
8463097,1,2,1,10,2025,2,61,4.0,,42413
8463099,1,2,1,10,2025,2,35,10.0,3000000.0,42420
8463099,1,3,1,10,2025,2,11,4.0,,42421
8463100,1,1,1,10,2025,1,29,3.0,1423500.0,42422
8463100,1,3,1,10,2025,1,22,5.0,1423500.0,42424
8463102,1,1,1,10,2025,1,43,5.0,1500000.0,42427
8463104,1,1,1,10,2025,1,81,1.0,1250000.0,42430
8463105,1,1,1,10,2025,1,32,4.0,1550000.0,42431
8463105,1,2,1,10,2025,2,33,4.0,,42432
8463107,1,2,1,10,2025,2,41,4.0,,42439
8463110,1,1,1,10,2025,1,54,3.0,300000.0,42445
8463111,1,4,1,10,2025,1,20,5.0,1400000.0,42449
8463113,1,2,1,10,2025,2,54,1.0,400000.0,42454
8463125,1,2,1,10,2025,1,63,3.0,,42457
8463128,1,1,1,10,2025,1,45,5.0,,42462
8463129,1,2,1,10,2025,2,63,3.0,,42464
8463130,1,2,1,10,2025,1,32,4.0,2023500.0,42466
8463133,1,1,1,10,2025,1,53,3.0,1423500.0,42467
8463133,1,2,1,10,2025,2,57,3.0,,42468
8463138,1,2,1,10,2025,1,33,5.0,1500000.0,42479
8463143,1,3,1,10,2025,2,25,9.0,1700000.0,42485
8463145,1,1,1,10,2025,2,45,3.0,,42487
8463146,1,2,1,10,2025,2,46,3.0,500000.0,42490
8463147,1,3,1,10,2025,2,68,4.0,,42493
8463147,1,4,1,10,2025,2,74,3.0,,42494
8463149,1,4,1,10,2025,1,28,8.0,1423500.0,42498
8463152,1,2,1,10,2025,1,82,4.0,,42504
8463152,1,3,1,10,2025,2,78,4.0,,42505
8463160,1,2,1,10,2025,1,54,3.0,500000.0,42509
8463160,1,3,1,10,2025,1,27,4.0,,42510
8463161,1,2,1,10,2025,2,19,5.0,1426000.0,42512
8463162,1,1,1,10,2025,1,44,8.0,300000.0,42513
8463164,1,3,1,10,2025,1,15,4.0,,42521
8463164,2,1,2,10,2025,2,55,3.0,350000.0,42523
8463164,2,2,2,10,2025,1,37,3.0,400000.0,42524
8463166,1,2,1,10,2025,1,87,3.0,,42533
8463166,1,5,1,10,2025,1,51,8.0,1600000.0,42536
8463169,1,1,1,10,2025,2,58,5.0,400000.0,42541
8463171,1,2,1,10,2025,1,28,5.0,1500000.0,42548
8463172,1,2,1,10,2025,2,48,11.0,10390000.0,42551
8463177,1,1,1,10,2025,2,46,10.0,1423500.0,42558
8463177,1,3,1,10,2025,1,4,1.0,,42560
8463178,1,1,1,10,2025,1,44,5.0,2500000.0,42561
8463179,1,1,1,10,2025,2,69,8.0,1500000.0,42562
8463181,1,1,1,10,2025,2,30,5.0,2600000.0,42569
8463181,1,2,1,10,2025,1,22,5.0,1000000.0,42570
8463181,1,3,1,10,2025,2,10,3.0,,42571
8463190,1,1,1,10,2025,2,43,5.0,1658000.0,42586
8463190,1,2,1,10,2025,2,18,5.0,1600000.0,42587
8463190,1,3,1,10,2025,2,14,4.0,,42588
8463191,1,2,1,10,2025,2,49,8.0,,42590
8463192,1,5,1,10,2025,2,18,9.0,2500000.0,42595
8463194,1,5,1,10,2025,2,3,2.0,,42606
8463195,1,2,1,10,2025,1,28,5.0,2000000.0,42608
8463197,1,1,1,10,2025,1,47,12.0,,42612
8463199,1,3,1,10,2025,1,59,5.0,120000.0,42617
8463199,1,4,1,10,2025,1,54,3.0,,42618
8463199,1,8,1,10,2025,1,20,5.0,,42622
8463200,1,1,1,10,2025,1,22,6.0,1623500.0,42623
8463202,1,2,1,10,2025,2,31,5.0,1200000.0,42628
8463202,1,3,1,10,2025,1,8,3.0,,42629
8463203,1,1,1,10,2025,2,47,5.0,800000.0,42630
8463203,1,4,1,10,2025,2,23,10.0,1600000.0,42633
8463203,1,5,1,10,2025,1,88,3.0,,42634
8463205,1,2,1,10,2025,1,46,3.0,1000000.0,42639
8463207,1,2,1,10,2025,2,51,8.0,1423500.0,42643
8463209,1,1,1,10,2025,2,31,5.0,1423000.0,42653
8463210,1,2,1,10,2025,2,71,8.0,,42657
8463211,1,1,1,10,2025,1,61,4.0,3000000.0,42658
8463211,1,2,1,10,2025,2,62,9.0,,42659
8463212,1,1,1,10,2025,1,56,5.0,2000000.0,42660
8463212,1,2,1,10,2025,2,56,5.0,800000.0,42661
8463213,1,2,1,10,2025,2,38,5.0,,42663
8463213,1,4,1,10,2025,1,9,3.0,,42665
8463218,1,1,1,10,2025,1,27,4.0,2000000.0,42673
8463220,1,4,1,10,2025,1,28,4.0,1873000.0,42677
8463221,1,1,1,10,2025,2,68,1.0,,42678
8463221,1,2,1,10,2025,1,35,5.0,200000.0,42679
8463226,1,1,1,10,2025,2,43,8.0,1900000.0,42684
8463227,1,1,1,10,2025,2,48,5.0,1423500.0,42686
8463228,1,3,1,10,2025,1,17,5.0,1400000.0,42690
8463230,1,1,1,10,2025,2,39,8.0,2500000.0,42697
8463230,1,3,1,10,2025,1,22,5.0,1623500.0,42699
8463232,1,1,1,10,2025,2,65,8.0,,42701
8463232,1,2,1,10,2025,2,31,10.0,2900000.0,42702
8463234,1,2,1,10,2025,1,43,5.0,1723500.0,42707
8463234,1,3,1,10,2025,1,24,5.0,,42708
8463234,1,4,1,10,2025,1,20,8.0,,42709
8463236,1,3,1,10,2025,1,37,9.0,2100000.0,42712
8463237,1,1,1,10,2025,2,50,11.0,3500000.0,42713
8463237,1,3,1,10,2025,2,84,7.0,,42715
8463239,1,2,1,10,2025,2,76,4.0,,42717
8463241,1,2,1,10,2025,2,16,4.0,,42719
8463242,1,2,1,10,2025,1,55,5.0,1700000.0,42721
8463243,1,4,1,10,2025,2,21,8.0,1300000.0,42725
8463245,1,1,1,10,2025,2,50,6.0,1743500.0,42728
8463246,1,3,1,10,2025,2,19,8.0,1623000.0,42733
8463251,1,1,1,10,2025,2,71,5.0,,42740
8463251,1,3,1,10,2025,1,42,10.0,1423000.0,42742
8463252,1,1,1,10,2025,2,75,8.0,500000.0,42744
8463254,1,1,1,10,2025,2,62,5.0,,42753
8463256,1,6,1,10,2025,1,13,4.0,,42763
8463257,1,1,1,10,2025,2,38,10.0,1423000.0,42766
8463258,1,2,1,10,2025,2,41,10.0,2000000.0,42770
8463258,1,4,1,10,2025,2,6,3.0,,42772
8463259,1,3,1,10,2025,1,28,9.0,1423500.0,42776
8463261,1,3,1,10,2025,1,26,5.0,800000.0,42782
8463261,2,1,2,10,2025,1,30,5.0,1400000.0,42785
8463261,2,4,2,10,2025,1,3,2.0,,42788
8463262,1,1,1,10,2025,2,52,3.0,1423500.0,42789
8463262,1,2,1,10,2025,1,25,4.0,1600000.0,42790
8463262,1,3,1,10,2025,2,23,5.0,1423500.0,42791
8463263,1,4,1,10,2025,1,78,3.0,,42795
8463264,1,1,1,10,2025,2,32,5.0,500000.0,42796
8463265,1,1,1,10,2025,1,43,5.0,2900000.0,42801
8463265,1,2,1,10,2025,2,34,10.0,1423500.0,42802
8463268,1,4,1,10,2025,1,17,4.0,230000.0,42811
8463269,1,5,1,10,2025,1,28,9.0,,42816
8463271,1,1,1,10,2025,1,31,9.0,1100000.0,42817
8463273,1,3,1,10,2025,2,10,4.0,,42825
8463274,1,1,1,10,2025,1,36,5.0,0.0,42828
8463274,1,3,1,10,2025,2,10,3.0,,42830
8463274,1,4,1,10,2025,2,3,1.0,,42831
8463277,1,2,1,10,2025,2,75,3.0,,42836
8463277,1,4,1,10,2025,1,52,3.0,1823500.0,42838
8463277,1,5,1,10,2025,1,37,10.0,1100000.0,42839
8463280,1,3,1,10,2025,2,32,8.0,2000000.0,42844
8463282,1,1,1,10,2025,1,30,9.0,2823500.0,42846
8463284,1,1,1,10,2025,1,37,9.0,1623500.0,42850
8463285,1,1,1,10,2025,2,53,4.0,,42851
8463292,1,3,1,10,2025,2,8,3.0,,42865
8463293,1,1,1,10,2025,1,44,8.0,,42867
8463294,1,1,1,10,2025,2,62,5.0,,42870
8463295,1,4,1,10,2025,1,26,3.0,,42874
8463295,1,5,1,10,2025,1,24,3.0,,42875
8463296,1,1,1,10,2025,2,23,10.0,1426000.0,42876
8463297,1,3,1,10,2025,2,3,1.0,,42879
8463306,1,1,1,10,2025,1,38,8.0,2100000.0,42895
8463307,1,1,1,10,2025,1,67,11.0,2000000.0,42896
8463311,1,2,1,10,2025,2,62,4.0,,42903
8463311,1,3,1,10,2025,2,92,3.0,,42904
8463312,1,2,1,10,2025,2,72,6.0,,42906
8463313,1,2,1,10,2025,2,61,3.0,,42908
8463313,1,4,1,10,2025,2,39,5.0,,42910
8463314,1,2,1,10,2025,2,30,8.0,1300000.0,42914
8463315,1,1,1,10,2025,2,80,1.0,,42917
8463316,1,2,1,10,2025,1,11,3.0,,42922
8463318,1,1,1,10,2025,2,34,10.0,400000.0,42926
8463321,1,2,1,10,2025,2,32,5.0,,42930
8463321,1,4,1,10,2025,2,9,3.0,,42932
8463323,1,1,1,10,2025,2,28,5.0,1140000.0,42939
8463323,1,5,1,10,2025,2,0,,,42943
8463325,1,3,1,10,2025,1,12,3.0,,42947
8463327,1,1,1,10,2025,1,60,3.0,1500000.0,42950
8463327,1,5,1,10,2025,2,8,3.0,,42954
8463328,1,2,1,10,2025,2,40,5.0,400000.0,42956
8463330,1,1,1,10,2025,1,54,3.0,2450000.0,42961
8463330,2,2,2,10,2025,1,25,6.0,,42966
8463331,1,2,1,10,2025,2,50,8.0,1600000.0,42968
8463331,1,4,1,10,2025,1,33,9.0,1300000.0,42970
8463332,1,1,1,10,2025,1,55,3.0,600000.0,42972
8463334,1,3,1,10,2025,1,40,5.0,1200000.0,42980
8463337,1,1,1,10,2025,1,60,3.0,1600000.0,42985
8463338,1,1,1,10,2025,2,86,1.0,,42987
8463338,1,3,1,10,2025,2,60,5.0,1330000.0,42989
8463338,1,4,1,10,2025,1,24,5.0,800000.0,42990
8463340,1,2,1,10,2025,2,26,5.0,1423000.0,42995
8463341,1,2,1,10,2025,2,62,1.0,,42999
8463344,1,2,1,10,2025,2,58,9.0,,43008
8463344,1,3,1,10,2025,1,25,1.0,,43009
8463345,1,2,1,10,2025,2,24,10.0,1800000.0,43011
8463346,1,1,1,10,2025,2,69,5.0,,43012
8463347,1,2,1,10,2025,2,69,5.0,,43014
8463348,1,4,1,10,2025,1,7,3.0,,43021
8463349,1,2,1,10,2025,1,55,4.0,,43023
8463350,1,3,1,10,2025,2,22,10.0,,43027
8463351,1,1,1,10,2025,2,39,5.0,1200000.0,43029
8463353,1,2,1,10,2025,2,11,3.0,,43036
8463353,1,4,1,10,2025,2,7,3.0,,43038
8463355,1,2,1,10,2025,1,16,3.0,600000.0,43043
8463356,1,1,1,10,2025,2,44,5.0,250000.0,43044
8463356,1,2,1,10,2025,1,45,4.0,450000.0,43045
8463356,1,3,1,10,2025,1,20,5.0,500000.0,43046
8463356,1,4,1,10,2025,1,15,4.0,,43047
8463357,1,1,1,10,2025,2,46,5.0,1500000.0,43051
8463359,1,1,1,10,2025,1,33,3.0,1500000.0,43054
8463359,1,2,1,10,2025,1,10,1.0,,43055
8463361,1,2,1,10,2025,2,17,5.0,300000.0,43058
8463361,1,3,1,10,2025,1,1,,,43059
8463362,1,3,1,10,2025,1,15,5.0,,43062
8463363,1,1,1,10,2025,1,52,8.0,1423500.0,43064
8463363,1,4,1,10,2025,1,22,10.0,1423500.0,43067
8463365,1,4,1,10,2025,1,19,10.0,,43073
8463365,1,6,1,10,2025,1,4,2.0,,43075
8463366,1,1,1,10,2025,1,53,5.0,560000.0,43076
8463366,1,2,1,10,2025,2,37,5.0,1200000.0,43077
8463367,1,1,1,10,2025,2,31,8.0,1700000.0,43079
8463368,1,3,1,10,2025,2,15,4.0,,43083
8463372,1,2,1,10,2025,2,17,5.0,,43090
8463377,1,2,1,10,2025,2,61,4.0,,43105
8463377,1,3,1,10,2025,1,18,8.0,,43106
8463378,1,2,1,10,2025,2,28,5.0,1000000.0,43111
8463378,1,3,1,10,2025,2,5,2.0,,43112
8463379,1,2,1,10,2025,2,53,5.0,400000.0,43116
8463382,1,1,1,10,2025,2,48,9.0,,43122
8463382,1,3,1,10,2025,2,24,10.0,,43124
8463384,1,3,1,10,2025,2,1,,,43132
8463384,1,5,1,10,2025,1,21,4.0,1680000.0,43134
8463385,1,1,1,10,2025,1,86,1.0,,43135
8463386,1,3,1,10,2025,2,7,3.0,,43140
8463387,1,4,1,10,2025,1,50,6.0,1800000.0,43146
8463387,1,5,1,10,2025,2,59,5.0,,43147
8463387,1,7,1,10,2025,2,32,9.0,,43149
8463388,1,2,1,10,2025,2,19,5.0,2000000.0,43152
8463393,1,2,1,10,2025,2,31,5.0,,43159
8463394,1,1,1,10,2025,1,31,5.0,,43161
8463396,1,1,1,10,2025,2,29,8.0,1423500.0,43164
8463396,1,2,1,10,2025,1,13,4.0,,43165
8463397,1,2,1,10,2025,2,34,9.0,,43167
8463401,1,3,1,10,2025,2,10,3.0,,43185
8463403,1,4,1,10,2025,1,35,10.0,4300000.0,43191
8463404,1,4,1,10,2025,1,2,,,43196
8463405,1,1,1,10,2025,1,67,3.0,600000.0,43197
8463406,1,2,1,10,2025,2,45,10.0,,43199
8463409,1,1,1,10,2025,1,62,10.0,3000000.0,43206
8463409,1,3,1,10,2025,1,21,10.0,,43208
8463410,1,1,1,10,2025,1,27,10.0,4500000.0,43209
8463410,1,2,1,10,2025,2,24,10.0,4100000.0,43210
8463412,1,1,1,10,2025,2,22,10.0,,43214
8463413,1,1,1,10,2025,2,46,9.0,2000000.0,43216
8463413,1,2,1,10,2025,1,15,5.0,,43217
8463417,1,2,1,10,2025,1,61,10.0,1500000.0,43227
8463418,1,1,1,10,2025,2,73,5.0,400000.0,43230
8463418,1,2,1,10,2025,1,68,8.0,2959000.0,43231
8463419,1,1,1,10,2025,2,71,10.0,,43232
8463419,1,2,1,10,2025,2,49,10.0,,43233
8463419,1,3,1,10,2025,1,29,10.0,1423500.0,43234
8463421,1,3,1,10,2025,2,65,10.0,,43247
8463423,1,1,1,10,2025,1,69,8.0,,43251
8463423,1,4,1,10,2025,1,13,4.0,,43254
8463425,1,1,1,10,2025,2,62,9.0,,43257
8463427,1,2,1,10,2025,1,43,5.0,800000.0,43266
8463428,1,3,1,10,2025,2,1,,,43272
8463431,1,1,1,10,2025,1,71,5.0,700000.0,43275
8463432,1,1,1,10,2025,1,51,4.0,800000.0,43276
8463435,1,2,1,10,2025,2,46,8.0,,43282
8463435,1,5,1,10,2025,2,11,3.0,,43285
8463436,1,1,1,10,2025,1,32,4.0,1200000.0,43286
8463437,1,1,1,10,2025,2,37,5.0,2000000.0,43288
8463439,1,1,1,10,2025,1,42,5.0,1800000.0,43292
8463440,1,1,1,10,2025,2,63,3.0,,43294
8463440,1,3,1,10,2025,1,11,4.0,,43296
8463441,1,4,1,10,2025,2,13,4.0,,43300
8463444,1,4,1,10,2025,2,40,5.0,,43310
8463445,1,1,1,10,2025,1,71,5.0,,43314
8463448,1,2,1,10,2025,1,28,10.0,2500000.0,43319
8463450,1,1,1,10,2025,1,55,5.0,2600000.0,43322
8463450,1,2,1,10,2025,2,53,5.0,,43323
8463450,1,3,1,10,2025,1,34,5.0,1650000.0,43324
8463452,1,1,1,10,2025,2,82,4.0,,43326
8463452,1,2,1,10,2025,2,55,3.0,2400000.0,43327
8463454,1,2,1,10,2025,2,51,12.0,7117500.0,43329
8463454,1,3,1,10,2025,2,22,12.0,3000000.0,43330
8463456,1,4,1,10,2025,2,6,3.0,,43337
8463459,1,1,1,10,2025,2,52,4.0,1800000.0,43341
8463461,1,3,1,10,2025,2,66,5.0,1040000.0,43348
8463466,1,1,1,10,2025,2,83,3.0,,43361
8463468,1,2,1,10,2025,2,36,5.0,,43367
8463468,1,3,1,10,2025,1,16,4.0,,43368
8463469,1,1,1,10,2025,1,46,11.0,28000000.0,43370
8463470,1,1,1,10,2025,1,51,5.0,1700000.0,43373
8463470,1,4,1,10,2025,2,22,5.0,,43376
8463471,1,1,1,10,2025,1,65,8.0,,43377
8463472,1,2,1,10,2025,2,43,11.0,4597000.0,43380
8463473,1,1,1,10,2025,1,65,12.0,5000000.0,43381
8463476,1,2,1,10,2025,2,56,4.0,500000.0,43391
8463476,1,4,1,10,2025,1,17,4.0,500000.0,43393
8463477,1,3,1,10,2025,1,8,3.0,,43396
8463478,1,1,1,10,2025,1,69,3.0,,43397
8463479,1,3,1,10,2025,1,18,10.0,,43403
8463479,1,5,1,10,2025,1,32,10.0,2500000.0,43405
8463480,1,2,1,10,2025,2,67,10.0,,43408
8463480,2,1,2,10,2025,2,79,10.0,,43409
8463481,1,1,1,10,2025,2,82,10.0,,43410
8463483,1,1,1,10,2025,2,69,5.0,,43416
8463484,1,3,1,10,2025,1,18,5.0,1180000.0,43420
8463486,1,2,1,10,2025,2,4,2.0,,43424
8463488,1,2,1,10,2025,2,58,3.0,,43428
8463490,1,1,1,10,2025,2,39,5.0,1960000.0,43429
8463490,1,2,1,10,2025,1,41,5.0,1500000.0,43430
8463491,1,1,1,10,2025,1,65,4.0,,43432
8463491,1,3,1,10,2025,1,28,5.0,1500000.0,43434
8463491,1,4,1,10,2025,1,45,5.0,1423500.0,43435
8463492,1,1,1,10,2025,1,51,5.0,4000000.0,43436
8463493,1,1,1,10,2025,2,37,9.0,3000000.0,43440
8463493,1,3,1,10,2025,1,21,9.0,,43442
8463494,1,1,1,10,2025,2,41,3.0,600000.0,43443
8463495,1,1,1,10,2025,1,84,5.0,,43447
8463496,1,1,1,10,2025,1,79,5.0,,43449
8463501,1,1,1,10,2025,2,62,5.0,,43459
8463503,1,2,1,10,2025,2,49,3.0,,43461
8463505,1,1,1,10,2025,1,44,8.0,1600000.0,43463
8463505,1,4,1,10,2025,2,17,5.0,,43466
8463506,1,2,1,10,2025,2,27,5.0,1500000.0,43468
8463508,1,4,1,10,2025,2,65,5.0,1500000.0,43475
8463511,1,2,1,10,2025,2,7,3.0,,43477
8463514,1,1,1,10,2025,2,29,10.0,9500000.0,43486
8463515,1,1,1,10,2025,1,63,3.0,,43488
8463516,1,1,1,10,2025,1,75,12.0,,43489
8463516,1,3,1,10,2025,1,47,10.0,0.0,43491
8463519,1,2,1,10,2025,2,74,8.0,,43496
8463521,1,1,1,10,2025,2,73,11.0,4000000.0,43500
8463523,1,1,1,10,2025,2,44,10.0,5200000.0,43503
8463525,1,2,1,10,2025,2,77,8.0,,43507
8463529,1,1,1,10,2025,1,71,5.0,1200000.0,43512
8463529,1,3,1,10,2025,2,38,10.0,2500000.0,43514
8463534,1,1,1,10,2025,2,81,3.0,,43523
8463536,1,1,1,10,2025,1,54,13.0,13000000.0,43526
8463540,1,1,1,10,2025,2,80,3.0,,43534
8463541,1,2,1,10,2025,2,27,8.0,,43539
8463543,1,4,1,10,2025,1,24,5.0,1423500.0,43545
8463544,1,1,1,10,2025,1,53,5.0,1400000.0,43546
8463544,1,2,1,10,2025,1,29,5.0,1500000.0,43547
8463551,1,1,1,10,2025,2,69,4.0,600000.0,43563
8463552,1,1,1,10,2025,1,29,9.0,1600000.0,43566
8463552,1,3,1,10,2025,2,1,,,43568
8463556,1,4,1,10,2025,2,18,5.0,,43576
8463560,1,1,1,10,2025,1,45,10.0,5600000.0,43581
8463561,1,3,1,10,2025,2,30,10.0,,43586
8463561,1,4,1,10,2025,1,26,10.0,,43587
8463562,1,1,1,10,2025,1,63,4.0,1500000.0,43588
8463564,1,2,1,10,2025,1,33,11.0,6000000.0,43591
8463565,1,1,1,10,2025,1,65,5.0,,43593
8463565,1,2,1,10,2025,2,57,5.0,1400000.0,43594
8463565,2,1,2,10,2025,1,32,5.0,1423500.0,43595
8463565,2,4,2,10,2025,1,0,,,43598
8463568,1,2,1,10,2025,2,51,5.0,1050000.0,43605
8463569,1,2,1,10,2025,1,78,3.0,,43607
8463571,1,1,1,10,2025,2,26,10.0,1800000.0,43608
8463575,1,1,1,10,2025,1,34,5.0,1500000.0,43613
8463576,1,4,1,10,2025,1,47,5.0,1423500.0,43619
8463577,1,1,1,10,2025,2,41,5.0,1800000.0,43620
8463577,1,3,1,10,2025,1,16,5.0,,43622
8463578,1,1,1,10,2025,2,45,3.0,1500000.0,43623
8463578,1,2,1,10,2025,1,58,3.0,,43624
8463579,1,1,1,10,2025,1,61,5.0,1500000.0,43625
8463579,1,2,1,10,2025,2,56,9.0,2300000.0,43626
8463581,1,1,1,10,2025,2,45,3.0,,43630
8463588,1,1,1,10,2025,2,34,5.0,2000000.0,43639
8463588,1,2,1,10,2025,2,18,5.0,,43640
8463590,1,1,1,10,2025,2,35,10.0,3050000.0,43646
8463594,1,1,1,10,2025,2,59,4.0,1423500.0,43652
8463600,1,1,1,10,2025,2,44,9.0,1423500.0,43659
8463600,1,2,1,10,2025,1,8,3.0,,43660
8463602,1,1,1,10,2025,1,69,9.0,2000000.0,43661
8463602,1,3,1,10,2025,1,45,10.0,4000000.0,43663
8463603,1,2,1,10,2025,1,90,3.0,,43665
8463604,1,2,1,10,2025,1,77,3.0,,43668
8463607,1,2,1,10,2025,2,64,4.0,,43676
8463608,1,1,1,10,2025,2,74,3.0,,43677
8463608,1,2,1,10,2025,2,52,5.0,540000.0,43678
8463608,1,3,1,10,2025,1,24,8.0,1600000.0,43679
8463609,1,1,1,10,2025,1,27,11.0,7500000.0,43681
8463610,1,1,1,10,2025,1,31,12.0,6000000.0,43682
8463617,1,3,1,10,2025,2,17,5.0,,43691
8463617,1,4,1,10,2025,1,10,4.0,,43692
8463618,1,1,1,10,2025,2,36,11.0,3300000.0,43693
8463618,1,2,1,10,2025,1,29,9.0,1600000.0,43694
8463619,1,2,1,10,2025,2,29,5.0,1000000.0,43697
8463621,1,1,1,10,2025,1,71,3.0,,43702
8463623,1,2,1,10,2025,2,46,5.0,,43709
8463624,1,1,1,10,2025,2,40,5.0,2000000.0,43712
8463625,1,1,1,10,2025,2,66,5.0,500000.0,43716
8463626,1,4,1,10,2025,1,16,5.0,,43720
8463627,1,2,1,10,2025,1,25,5.0,,43722
8463628,1,3,1,10,2025,2,37,5.0,1423500.0,43725
8463629,1,1,1,10,2025,1,39,8.0,2300000.0,43728
8463633,1,1,1,10,2025,1,30,5.0,3900000.0,43732
8463633,1,2,1,10,2025,2,27,5.0,,43733
8463634,1,2,1,10,2025,2,71,8.0,,43735
8463636,1,3,1,10,2025,2,14,4.0,,43741
8463637,1,3,1,10,2025,2,31,11.0,4200000.0,43745
8463641,1,3,1,10,2025,1,11,3.0,,43753
8463642,1,4,1,10,2025,1,26,5.0,,43759
8463643,1,2,1,10,2025,1,37,10.0,2000000.0,43762
8463644,1,1,1,10,2025,2,80,3.0,,43764
8463644,1,2,1,10,2025,1,58,3.0,150000.0,43765
8463645,1,2,1,10,2025,1,37,5.0,1723500.0,43767
8463646,1,2,1,10,2025,2,29,5.0,2000000.0,43769
8463646,1,3,1,10,2025,2,56,5.0,,43770
8463648,1,1,1,10,2025,1,41,4.0,,43772
8463651,1,2,1,10,2025,2,42,4.0,,43782
8463651,1,3,1,10,2025,2,17,5.0,,43783
8463654,1,3,1,10,2025,2,1,,,43788
8463655,1,2,1,10,2025,1,24,11.0,800000.0,43791
8463658,1,1,1,10,2025,1,70,3.0,800000.0,43796
8463658,1,2,1,10,2025,2,68,4.0,,43797
8463659,1,1,1,10,2025,1,28,5.0,,43800
8463659,1,2,1,10,2025,2,30,10.0,2800000.0,43801
8463662,1,1,1,10,2025,2,49,5.0,2500000.0,43806
8463663,1,2,1,10,2025,2,16,5.0,,43809
8463663,1,3,1,10,2025,2,58,4.0,350000.0,43810
8463667,1,1,1,10,2025,1,69,5.0,1000000.0,43811
8463668,1,1,1,10,2025,2,49,11.0,15000000.0,43813
8463668,1,2,1,10,2025,1,5,2.0,,43814
8463668,1,3,1,10,2025,2,71,6.0,,43815
8463669,1,1,1,10,2025,2,39,5.0,1423500.0,43817
8463669,1,4,1,10,2025,1,15,4.0,,43820
8463676,1,2,1,10,2025,2,79,3.0,,43832
8463677,1,2,1,10,2025,2,41,8.0,5000000.0,43834
8463677,1,3,1,10,2025,2,6,3.0,,43835
8463678,1,1,1,10,2025,1,24,10.0,1800000.0,43837
8463681,1,2,1,10,2025,2,44,5.0,1400000.0,43842
8463685,1,7,1,10,2025,1,5,2.0,,43856
8463685,1,8,1,10,2025,2,22,5.0,1500000.0,43857
8463685,1,10,1,10,2025,2,75,1.0,,43859
8463687,1,5,1,10,2025,1,21,9.0,2000000.0,43866
8463690,1,3,1,10,2025,1,46,5.0,1200000.0,43871
8463690,2,2,2,10,2025,2,49,5.0,1423500.0,43873
8463693,1,1,1,10,2025,1,44,5.0,1600000.0,43874
8463693,1,5,1,10,2025,2,2,,,43878
8463695,1,1,1,10,2025,2,61,4.0,,43879
8463696,1,3,1,10,2025,1,3,1.0,,43884
8463698,1,1,1,10,2025,2,72,3.0,,43885
8463698,1,2,1,10,2025,1,40,3.0,1400000.0,43886
8463698,1,4,1,10,2025,2,20,4.0,,43888
8463700,1,4,1,10,2025,2,16,4.0,,43893
8463701,1,1,1,10,2025,2,38,5.0,,43895
8463701,1,5,1,10,2025,2,10,3.0,,43899
8463704,1,3,1,10,2025,2,13,4.0,,43903
8463704,1,4,1,10,2025,1,7,3.0,,43904
8463705,1,1,1,10,2025,2,59,1.0,1400000.0,43905
8463707,1,2,1,10,2025,2,6,2.0,,43911
8463708,1,2,1,10,2025,2,32,5.0,,43913
8463708,1,3,1,10,2025,1,12,4.0,,43914
8463708,1,4,1,10,2025,1,6,3.0,,43915
8463712,1,3,1,10,2025,1,6,2.0,,43925
8463713,1,1,1,10,2025,2,26,5.0,,43926
8463714,1,2,1,10,2025,2,60,4.0,,43929
8463719,1,1,1,10,2025,2,63,3.0,,43938
8463719,1,2,1,10,2025,1,70,3.0,,43939
8463720,1,1,1,10,2025,1,52,8.0,2000000.0,43940
8463724,1,1,1,10,2025,1,59,10.0,2800000.0,43941
8463724,1,2,1,10,2025,2,61,9.0,1500000.0,43942
8463726,1,1,1,10,2025,2,56,9.0,1800000.0,43944
8463727,1,1,1,10,2025,1,77,9.0,,43946
8463727,1,3,1,10,2025,2,47,5.0,200000.0,43948
8463731,1,1,1,10,2025,2,41,5.0,1425000.0,43951
8463731,1,2,1,10,2025,1,48,5.0,,43952
8463731,1,4,1,10,2025,1,14,4.0,,43954
8463732,1,1,1,10,2025,2,37,5.0,,43955
8463733,1,2,1,10,2025,2,62,3.0,,43959
8463734,1,2,1,10,2025,2,47,10.0,,43961
8463734,1,3,1,10,2025,1,14,4.0,,43962
8463735,1,3,1,10,2025,2,14,4.0,,43965
8463736,1,4,1,10,2025,1,7,3.0,,43970
8463736,1,6,1,10,2025,2,20,5.0,,43972
8463738,1,4,1,10,2025,1,17,5.0,,43977
8463739,1,1,1,10,2025,1,43,8.0,720000.0,43979
8463739,1,4,1,10,2025,1,24,5.0,1423500.0,43982
8463739,1,5,1,10,2025,2,22,9.0,,43983
8463739,1,6,1,10,2025,2,1,,,43984
8463743,1,2,1,10,2025,2,48,9.0,1600000.0,43989
8463747,1,2,1,10,2025,2,25,8.0,,43994
8463748,1,1,1,10,2025,2,83,5.0,,43995
8463751,1,2,1,10,2025,2,49,10.0,800000.0,43999
8463751,1,3,1,10,2025,2,18,10.0,,44000
8463752,1,4,1,10,2025,1,4,2.0,,44005
8463754,1,1,1,10,2025,1,44,8.0,,44007
8463754,1,2,1,10,2025,2,43,9.0,2000000.0,44008
8463756,1,3,1,10,2025,2,24,9.0,,44015
8463757,1,4,1,10,2025,1,38,4.0,600000.0,44020
8463758,1,1,1,10,2025,1,54,10.0,1420000.0,44021
8463759,1,3,1,10,2025,2,20,9.0,,44026
8463759,1,5,1,10,2025,1,10,3.0,,44028
8463760,1,3,1,10,2025,1,14,4.0,,44031
8463761,1,3,1,10,2025,1,16,5.0,,44034
8463763,1,3,1,10,2025,1,9,3.0,,44041
8463767,1,3,1,10,2025,1,1,,,44051
8463768,1,2,1,10,2025,2,60,5.0,,44053
8463771,1,2,1,10,2025,2,62,3.0,,44056
8463771,1,3,1,10,2025,1,25,5.0,1200000.0,44057
8463772,1,1,1,10,2025,1,52,3.0,1300000.0,44058
8463772,1,2,1,10,2025,2,42,4.0,840000.0,44059
8463773,1,1,1,10,2025,1,64,1.0,240000.0,44062
8463775,1,1,1,10,2025,1,40,5.0,,44064
8463780,1,1,1,10,2025,1,45,8.0,400000.0,44071
8463780,1,2,1,10,2025,2,44,6.0,3000000.0,44072
8463780,1,4,1,10,2025,2,11,4.0,,44074
8463781,1,3,1,10,2025,1,37,4.0,1423500.0,44077
8463782,1,6,1,10,2025,2,12,4.0,,44085
8463783,1,1,1,10,2025,2,26,4.0,1300000.0,44086
8463783,1,5,1,10,2025,1,5,2.0,,44090
8463784,1,2,1,10,2025,2,23,4.0,,44092
8463785,1,5,1,10,2025,1,8,3.0,,44099
8463788,1,1,1,10,2025,1,33,10.0,,44105
8463789,1,1,1,10,2025,2,49,8.0,,44106
8463789,1,2,1,10,2025,1,52,4.0,800000.0,44107
8463790,1,4,1,10,2025,1,15,5.0,,44113
8463791,1,1,1,10,2025,2,32,5.0,1200000.0,44114
8463793,1,5,1,10,2025,2,77,3.0,,44121
8463795,1,2,1,10,2025,2,40,10.0,2200000.0,44125
8463796,1,1,1,10,2025,1,68,3.0,,44126
8463797,1,3,1,10,2025,1,44,5.0,,44129
8463798,1,1,1,10,2025,2,53,5.0,1423500.0,44132
8463799,1,1,1,10,2025,2,63,10.0,,44133
8463800,1,2,1,10,2025,2,27,10.0,2900000.0,44136
8463800,1,3,1,10,2025,2,1,,,44137
8463800,1,4,1,10,2025,2,19,5.0,1423500.0,44138
8463801,1,1,1,10,2025,1,30,8.0,2500000.0,44139
8463802,1,2,1,10,2025,2,16,5.0,,44143
8463804,1,3,1,10,2025,2,10,3.0,,44147
8463804,1,4,1,10,2025,2,2,,,44148
8463805,1,3,1,10,2025,1,23,10.0,,44151
8463808,1,2,1,10,2025,2,58,5.0,750000.0,44158
8463809,1,3,1,10,2025,1,15,5.0,,44161
8463810,1,2,1,10,2025,2,23,10.0,,44164
8463811,1,1,1,10,2025,2,62,3.0,,44165
8463811,1,3,1,10,2025,1,39,8.0,2200000.0,44167
8463811,1,4,1,10,2025,1,16,10.0,,44168
8463813,1,2,1,10,2025,2,30,8.0,,44173
8463814,1,1,1,10,2025,1,61,5.0,,44175
8463815,1,2,1,10,2025,1,67,9.0,4000000.0,44177
8463815,1,3,1,10,2025,1,24,10.0,,44178
8463815,1,4,1,10,2025,1,20,10.0,,44179
8463816,1,3,1,10,2025,2,11,3.0,,44183
8463816,1,4,1,10,2025,2,5,2.0,,44184
8463818,1,1,1,10,2025,1,36,8.0,1423500.0,44188
8463818,1,2,1,10,2025,2,38,9.0,1423500.0,44189
8463820,1,1,1,10,2025,2,76,3.0,,44194
8463821,1,3,1,10,2025,1,6,3.0,,44197
8463821,1,4,1,10,2025,1,26,5.0,250000.0,44198
8463823,1,1,1,10,2025,1,78,3.0,,44202
8463826,1,2,1,10,2025,2,20,5.0,,44211
8463827,1,1,1,10,2025,1,52,4.0,1500000.0,44213
8463827,1,2,1,10,2025,2,44,4.0,,44214
8463828,1,2,1,10,2025,2,32,5.0,1400000.0,44217
8463829,1,1,1,10,2025,1,20,8.0,2500000.0,44220
8463833,1,6,1,10,2025,2,69,5.0,,44234
8463835,1,1,1,10,2025,1,26,10.0,1430000.0,44236
8463836,1,2,1,10,2025,2,61,3.0,,44239
8463838,1,1,1,10,2025,2,53,3.0,1300000.0,44241
8463839,1,2,1,10,2025,1,0,,,44243
8463840,1,1,1,10,2025,2,38,5.0,1500000.0,44244
8463841,1,2,1,10,2025,2,84,3.0,,44248
8463842,1,2,1,10,2025,1,23,6.0,,44251
8463844,1,1,1,10,2025,1,19,8.0,1423500.0,44253
8463853,1,3,1,10,2025,2,22,5.0,,44258
8463862,1,3,1,10,2025,1,31,5.0,1423500.0,44264
8463866,1,2,1,10,2025,1,47,3.0,2000000.0,44268
8463866,1,4,1,10,2025,2,17,5.0,,44270
8463866,1,8,1,10,2025,1,6,3.0,,44274
8463871,1,3,1,10,2025,1,34,10.0,2700000.0,44278
8463871,1,4,1,10,2025,2,38,10.0,1600000.0,44279
8463871,1,5,1,10,2025,1,11,3.0,,44280
8463873,1,3,1,10,2025,1,9,3.0,,44283
8463875,1,2,1,10,2025,1,67,3.0,,44286
8463877,1,1,1,10,2025,2,47,11.0,4000000.0,44294
8463877,1,2,1,10,2025,1,43,12.0,14000000.0,44295
8463878,1,1,1,10,2025,1,53,3.0,3800000.0,44299
8463879,1,1,1,10,2025,2,78,3.0,,44303
8463890,1,5,1,10,2025,1,11,3.0,,44333
8463895,1,1,1,10,2025,1,42,5.0,1423500.0,44339
8463900,1,2,1,10,2025,1,27,10.0,1400000.0,44347
8463901,1,1,1,10,2025,2,47,9.0,1423500.0,44350
8463903,1,1,1,10,2025,2,61,8.0,,44355
8463904,1,1,1,10,2025,1,37,8.0,2500000.0,44358
8463905,1,1,1,10,2025,2,60,5.0,,44359
8463908,1,2,1,10,2025,2,59,8.0,,44366
8463910,1,2,1,10,2025,2,38,8.0,1423500.0,44371
8463910,1,4,1,10,2025,1,19,5.0,,44373
8463911,1,3,1,10,2025,1,31,5.0,2000000.0,44376
8463914,1,3,1,10,2025,1,23,10.0,,44379
8463917,1,2,1,10,2025,2,30,10.0,,44381
8463920,1,2,1,10,2025,2,73,5.0,,44386
8463921,1,2,1,10,2025,2,28,11.0,,44388
8463921,1,3,1,10,2025,1,2,,,44389
8463925,1,4,1,10,2025,1,7,3.0,,44396
8463926,1,2,1,10,2025,1,33,11.0,6000000.0,44398
8463929,1,1,1,10,2025,2,40,11.0,2800000.0,44404
8463930,1,1,1,10,2025,1,43,9.0,2023500.0,44406
8463930,1,2,1,10,2025,2,38,8.0,1423500.0,44407
8463931,1,2,1,10,2025,2,71,5.0,,44411
8463932,1,3,1,10,2025,1,45,8.0,1873500.0,44414
8463932,1,4,1,10,2025,1,20,10.0,600000.0,44415
8463935,1,2,1,10,2025,1,31,9.0,1500000.0,44422
8463936,1,2,1,10,2025,1,51,4.0,,44424
8463936,1,5,1,10,2025,2,70,1.0,,44427
8463938,1,3,1,10,2025,2,14,4.0,,44432
8463940,1,2,1,10,2025,2,50,5.0,400000.0,44436
8463940,1,4,1,10,2025,1,19,10.0,,44438
8463941,1,1,1,10,2025,2,55,8.0,1800000.0,44439
8463948,1,3,1,10,2025,1,21,8.0,1423500.0,44456
8463949,1,1,1,10,2025,2,27,6.0,1423500.0,44457
8463949,1,4,1,10,2025,1,5,2.0,,44460
8463951,1,1,1,10,2025,1,46,4.0,2000000.0,44463
8463951,1,3,1,10,2025,1,18,5.0,,44465
8463953,1,1,1,10,2025,1,54,10.0,4000000.0,44468
8463953,1,3,1,10,2025,1,26,10.0,,44470
8463959,1,2,1,10,2025,2,32,5.0,700000.0,44481
8463960,1,2,1,10,2025,1,11,4.0,,44485
8463960,1,4,1,10,2025,1,20,8.0,1423500.0,44487
8463963,1,1,1,10,2025,1,78,4.0,,44491
8463964,1,1,1,10,2025,2,29,8.0,1800000.0,44494
8463964,1,3,1,10,2025,1,18,10.0,1423500.0,44496
8463967,1,1,1,10,2025,2,34,10.0,2600000.0,44501
8463967,1,2,1,10,2025,1,37,9.0,1423500.0,44502
8463969,1,1,1,10,2025,2,49,8.0,,44508
8463971,1,2,1,10,2025,2,41,11.0,2800000.0,44514
8463973,1,1,1,10,2025,1,66,9.0,,44516
8463973,1,2,1,10,2025,2,62,4.0,2000000.0,44517
8463975,1,1,1,10,2025,2,62,5.0,,44521
8463976,1,1,1,10,2025,1,52,5.0,2200000.0,44522
8463977,1,1,1,10,2025,1,62,3.0,2000000.0,44526
8463978,1,1,1,10,2025,2,81,3.0,,44529
8463979,1,1,1,10,2025,2,25,5.0,1423500.0,44530
8463980,1,2,1,10,2025,1,34,10.0,,44532
8463980,1,3,1,10,2025,1,26,10.0,1000000.0,44533
8463982,1,1,1,10,2025,2,48,5.0,2000000.0,44535
8463986,1,1,1,10,2025,2,28,8.0,1423500.0,44538
8463986,1,2,1,10,2025,1,27,5.0,1423500.0,44539
8463986,1,3,1,10,2025,2,7,3.0,,44540
8463987,1,2,1,10,2025,2,29,8.0,,44542
8463988,1,2,1,10,2025,2,28,9.0,1423500.0,44544
8463989,1,1,1,10,2025,1,60,3.0,2000000.0,44546
8463989,1,2,1,10,2025,2,56,5.0,,44547
8463991,1,2,1,10,2025,2,57,7.0,3900000.0,44554
8463991,1,3,1,10,2025,2,10,3.0,,44555
8463992,1,1,1,10,2025,2,25,8.0,1423500.0,44556
8463993,1,1,1,10,2025,2,78,3.0,50000.0,44558
8463995,1,3,1,10,2025,1,34,9.0,4000000.0,44561
8464000,1,1,1,10,2025,2,38,3.0,1680000.0,44566
8464000,1,2,1,10,2025,1,40,5.0,1423500.0,44567
8464000,1,3,1,10,2025,2,16,4.0,,44568
8464004,1,1,1,10,2025,2,69,3.0,,44571
8464004,1,2,1,10,2025,2,23,10.0,1000000.0,44572
8464005,1,2,1,10,2025,1,26,8.0,1423500.0,44574
8464006,1,1,1,10,2025,1,34,5.0,1800000.0,44575
8464006,1,2,1,10,2025,2,39,9.0,,44576
8464007,1,1,1,10,2025,2,71,3.0,,44577
8464014,1,1,1,10,2025,2,80,3.0,,44588
8464016,1,2,1,10,2025,1,14,4.0,,44591
8464017,1,3,1,10,2025,1,14,4.0,,44594
8464019,1,1,1,10,2025,2,66,4.0,,44595
8464024,1,1,1,10,2025,2,42,9.0,2000000.0,44612
8464025,1,1,1,10,2025,2,34,4.0,1423500.0,44613
8464026,1,2,1,10,2025,2,60,3.0,1423500.0,44617
8464028,1,1,1,10,2025,1,59,11.0,6500000.0,44621
8464030,1,2,1,10,2025,2,41,5.0,,44629
8464031,1,1,1,10,2025,1,25,9.0,1900000.0,44631
8464031,1,2,1,10,2025,2,20,9.0,800000.0,44632
8464037,1,2,1,10,2025,1,72,4.0,,44646
8464037,1,3,1,10,2025,1,44,10.0,,44647
8464046,1,1,1,10,2025,1,68,10.0,7000000.0,44656
8464046,1,2,1,10,2025,2,64,10.0,,44657
8464047,1,2,1,10,2025,1,67,3.0,,44659
8464049,1,1,1,10,2025,2,38,5.0,1423500.0,44664
8464049,1,3,1,10,2025,2,19,4.0,,44666
8464051,1,2,1,10,2025,1,32,4.0,,44673
8464051,1,3,1,10,2025,2,43,5.0,750000.0,44674
8464051,1,4,1,10,2025,1,39,5.0,,44675
8464054,1,2,1,10,2025,2,34,8.0,,44682
8464054,1,3,1,10,2025,1,3,1.0,,44683
8464055,1,1,1,10,2025,2,81,5.0,,44684
8464056,1,1,1,10,2025,1,47,5.0,1423500.0,44686
8464066,1,3,1,10,2025,1,11,4.0,,44696
8464068,1,2,1,10,2025,1,35,11.0,4270500.0,44700
8464070,1,3,1,10,2025,2,6,3.0,,44708
8464071,1,3,1,10,2025,1,20,10.0,,44711
8464071,1,4,1,10,2025,2,12,4.0,,44712
8464072,1,1,1,10,2025,1,33,5.0,2000000.0,44714
8464074,1,1,1,10,2025,1,65,5.0,,44718
8464077,1,1,1,10,2025,2,42,9.0,1623500.0,44723
8464081,1,1,1,10,2025,1,52,9.0,1623500.0,44729
8464087,1,3,1,10,2025,2,14,4.0,,44738
8464087,1,4,1,10,2025,2,9,3.0,,44739
8464089,1,1,1,10,2025,1,59,10.0,3000000.0,44742
8464094,1,1,1,10,2025,2,51,4.0,1200000.0,44746
8464097,1,3,1,10,2025,1,16,5.0,,44754
8464098,1,3,1,10,2025,1,19,10.0,,44757
8464102,1,1,1,10,2025,1,27,5.0,2000000.0,44759
8464102,1,2,1,10,2025,2,41,5.0,1423500.0,44760
8464106,1,2,1,10,2025,2,31,10.0,2500000.0,44764
8464107,1,2,1,10,2025,2,28,9.0,980000.0,44766
8464112,1,1,1,10,2025,2,20,9.0,1540000.0,44769
8464115,1,1,1,10,2025,1,73,10.0,,44774
8464118,1,1,1,10,2025,1,20,3.0,200000.0,44778
8464118,1,2,1,10,2025,2,19,4.0,,44779
8464120,1,1,1,10,2025,1,59,3.0,200000.0,44781
8464120,1,2,1,10,2025,2,50,3.0,,44782
8464120,1,3,1,10,2025,2,25,4.0,1200000.0,44783
8464122,1,2,1,10,2025,2,46,3.0,,44787
8464123,1,2,1,10,2025,2,41,3.0,,44790
8464124,1,1,1,10,2025,1,38,10.0,1773500.0,44794
8464124,1,2,1,10,2025,2,24,5.0,,44795
8464127,1,1,1,10,2025,2,73,5.0,100000.0,44801
8464128,1,2,1,10,2025,2,67,4.0,,44803
8464129,1,1,1,10,2025,2,68,3.0,500000.0,44804
8464130,1,1,1,10,2025,2,28,9.0,1800000.0,44805
8464131,1,4,1,10,2025,2,12,4.0,,44810
8464132,1,2,1,10,2025,2,45,5.0,,44812
8464134,1,1,1,10,2025,1,31,5.0,,44816
8464136,1,1,1,10,2025,2,42,4.0,,44820
8464136,1,2,1,10,2025,2,23,5.0,1600000.0,44821
8464137,1,4,1,10,2025,2,19,10.0,900000.0,44826
8464138,1,1,1,10,2025,2,65,3.0,0.0,44827
8464138,1,3,1,10,2025,2,23,9.0,,44829
8464138,1,5,1,10,2025,2,8,3.0,,44831
8464141,1,1,1,10,2025,1,58,5.0,0.0,44835
8464143,1,1,1,10,2025,2,39,10.0,0.0,44840
8464144,1,2,1,10,2025,2,7,3.0,,44844
8464146,1,2,1,10,2025,2,5,2.0,,44849
8464149,1,1,1,10,2025,1,35,8.0,2500000.0,44854
8464150,1,1,1,10,2025,1,45,5.0,,44855
8464152,1,1,1,10,2025,2,63,5.0,,44859
8464153,1,1,1,10,2025,2,24,5.0,,44861
8464155,1,2,1,10,2025,1,19,10.0,0.0,44867
8464156,1,1,1,10,2025,2,53,11.0,5000000.0,44868
8464157,1,1,1,10,2025,2,32,10.0,1188000.0,44869
8464158,1,1,1,10,2025,1,35,11.0,5500000.0,44872
8464159,1,1,1,10,2025,1,44,5.0,2100000.0,44874
8464159,1,2,1,10,2025,2,47,5.0,400000.0,44875
8464161,1,2,1,10,2025,2,32,8.0,,44879
8464162,1,1,1,10,2025,1,22,10.0,1000000.0,44881
8464166,1,1,1,10,2025,1,59,5.0,2000000.0,44885
8464167,1,1,1,10,2025,1,34,10.0,1650000.0,44888
8464167,1,3,1,10,2025,2,8,3.0,,44890
8464169,1,1,1,10,2025,2,35,8.0,2500000.0,44894
8464172,1,2,1,10,2025,2,3,1.0,,44897
8464173,1,1,1,10,2025,1,62,11.0,3500000.0,44898
8464176,1,1,1,10,2025,1,43,10.0,2800000.0,44902
8464177,1,1,1,10,2025,1,70,3.0,,44905
8464179,1,2,1,10,2025,1,26,4.0,1600000.0,44909
8464182,1,1,1,10,2025,2,45,9.0,3000000.0,44914
8464182,1,2,1,10,2025,2,6,2.0,,44915
8464183,1,1,1,10,2025,2,55,3.0,,44916
8464184,1,1,1,10,2025,2,50,5.0,,44918
8464189,1,2,1,10,2025,1,25,10.0,1150000.0,44927
8464190,1,2,1,10,2025,1,18,10.0,,44929
8464191,1,1,1,10,2025,2,58,5.0,,44930
8464191,1,2,1,10,2025,2,15,4.0,,44931
8464192,1,1,1,10,2025,2,45,8.0,800000.0,44932
8464196,1,1,1,10,2025,1,64,3.0,,44940
8464199,1,1,1,10,2025,1,49,3.0,2000000.0,44946
8464199,1,2,1,10,2025,2,53,10.0,3850000.0,44947
8464203,1,1,1,10,2025,2,24,8.0,2100000.0,44956
8464203,1,2,1,10,2025,1,8,3.0,,44957
8464207,1,2,1,10,2025,2,26,10.0,1700000.0,44964
8464207,1,3,1,10,2025,1,23,9.0,1423500.0,44965
8464207,1,4,1,10,2025,1,10,4.0,,44966
8464209,1,3,1,10,2025,2,16,4.0,,44969
8464209,1,7,1,10,2025,2,6,3.0,,44973
8464211,1,2,1,10,2025,2,33,5.0,,44979
8464213,1,1,1,10,2025,1,75,5.0,1500000.0,44983
8464217,1,1,1,10,2025,1,22,4.0,1680000.0,44987
8464218,1,2,1,10,2025,1,29,10.0,,44990
8464222,1,2,1,10,2025,2,52,3.0,,44997
8464223,1,2,1,10,2025,2,12,4.0,,44999
8464225,1,2,1,10,2025,1,12,4.0,,45002
8464228,1,1,1,10,2025,1,76,10.0,,45006
8464231,1,1,1,10,2025,1,56,5.0,2500000.0,45010
8464235,1,2,1,10,2025,1,18,5.0,,45014
8464238,1,1,1,10,2025,2,66,10.0,,45016
8464240,1,1,1,10,2025,1,47,10.0,6200000.0,45017
8464241,1,7,1,10,2025,2,8,2.0,,45027
8464245,1,3,1,10,2025,1,15,4.0,,45033
8464246,1,1,1,10,2025,1,19,10.0,,45034
8464255,1,1,1,10,2025,2,39,10.0,1600000.0,45035
8464256,1,1,1,10,2025,2,43,5.0,5300000.0,45036
8464263,1,2,1,10,2025,1,24,5.0,1600000.0,45040
8464271,1,2,1,10,2025,2,19,9.0,,45048
8464277,1,1,1,10,2025,2,47,4.0,400000.0,45056
8464277,1,2,1,10,2025,1,10,3.0,,45057
8464279,1,1,1,10,2025,2,66,10.0,,45059
8464282,1,1,1,10,2025,2,34,8.0,1423000.0,45064
8464282,1,2,1,10,2025,1,8,3.0,,45065
8464282,1,3,1,10,2025,2,15,4.0,,45066
8464283,1,1,1,10,2025,2,28,5.0,0.0,45067
8464284,1,1,1,10,2025,1,95,3.0,,45069
8464294,1,2,1,10,2025,2,13,4.0,,45079
8464296,1,2,1,10,2025,1,63,10.0,3500000.0,45083
8464296,1,4,1,10,2025,2,24,10.0,,45085
8464297,1,1,1,10,2025,1,39,6.0,2300000.0,45087
8464297,1,2,1,10,2025,2,35,6.0,,45088
8464298,1,1,1,10,2025,1,39,10.0,2500000.0,45091
8464298,1,2,1,10,2025,1,35,10.0,,45092
8464302,1,2,1,10,2025,1,62,3.0,1200000.0,45102
8464307,1,1,1,10,2025,2,36,6.0,,45113
8464309,1,4,1,10,2025,1,11,4.0,,45124
8464310,1,2,1,10,2025,2,40,6.0,,45127
8464310,1,3,1,10,2025,2,17,5.0,,45128
8464311,1,1,1,10,2025,2,35,8.0,800000.0,45129
8464311,1,3,1,10,2025,1,13,4.0,,45131
8464311,1,5,1,10,2025,1,6,3.0,,45133
8464313,1,1,1,10,2025,2,77,3.0,,45137
8464314,1,2,1,10,2025,2,27,5.0,,45140
8464314,1,3,1,10,2025,1,13,4.0,,45141
8464315,1,1,1,10,2025,2,24,5.0,800000.0,45143
8464315,1,2,1,10,2025,1,2,,,45144
8464315,1,3,1,10,2025,2,16,5.0,,45145
8464316,1,1,1,10,2025,1,64,3.0,,45146
8464316,1,2,1,10,2025,2,63,3.0,,45147
8464316,1,3,1,10,2025,1,38,8.0,1500000.0,45148
8464316,1,5,1,10,2025,1,14,4.0,,45150
8464317,1,1,1,10,2025,2,40,6.0,2000000.0,45153
8464317,1,2,1,10,2025,1,18,9.0,,45154
8464317,1,4,1,10,2025,1,2,,,45156
8464318,1,3,1,10,2025,2,17,10.0,,45159
8464319,1,1,1,10,2025,2,30,8.0,900000.0,45161
8464321,1,2,1,10,2025,1,34,5.0,500000.0,45167
8464323,1,1,1,10,2025,1,50,3.0,1500000.0,45169
8464324,1,3,1,10,2025,1,5,2.0,,45176
8464326,1,3,1,10,2025,1,28,10.0,1423500.0,45181
8464327,1,1,1,10,2025,2,56,5.0,1600000.0,45182
8464329,1,2,1,10,2025,2,72,3.0,,45185
8464329,1,3,1,10,2025,2,67,3.0,,45186
8464330,1,1,1,10,2025,2,63,5.0,,45192
8464330,1,3,1,10,2025,1,34,10.0,3200000.0,45194
8464330,1,4,1,10,2025,2,19,10.0,,45195
8464333,1,1,1,10,2025,1,29,8.0,600000.0,45198
8464333,1,2,1,10,2025,2,29,5.0,200000.0,45199
8464333,1,3,1,10,2025,2,11,3.0,,45200
8464333,1,5,1,10,2025,2,62,3.0,,45202
8464336,1,1,1,10,2025,1,49,3.0,1200000.0,45207
8464336,1,2,1,10,2025,2,50,3.0,350000.0,45208
8464338,1,1,1,10,2025,1,34,5.0,1200000.0,45215
8464338,1,2,1,10,2025,2,35,5.0,,45216
8464341,1,2,1,10,2025,2,46,10.0,2100000.0,45220
8464344,1,2,1,10,2025,2,21,3.0,,45224
8464345,1,1,1,10,2025,1,47,10.0,1423500.0,45228
8464346,1,3,1,10,2025,2,25,8.0,1500000.0,45231
8464350,1,3,1,10,2025,1,5,2.0,,45241
8464350,1,4,1,10,2025,2,2,,,45242
8464351,1,2,1,10,2025,1,25,9.0,850000.0,45244
8464352,1,4,1,10,2025,1,23,5.0,400000.0,45248
8464357,1,4,1,10,2025,1,51,3.0,1800000.0,45260
8464361,1,1,1,10,2025,1,47,5.0,1423500.0,45265
8464361,1,2,1,10,2025,2,49,8.0,2100000.0,45266
8464361,1,4,1,10,2025,2,12,4.0,,45268
8464362,1,5,1,10,2025,2,8,3.0,,45273
8464363,1,1,1,10,2025,2,25,10.0,1764000.0,45275
8464367,1,1,1,10,2025,2,37,5.0,700000.0,45280
8464367,1,2,1,10,2025,1,20,10.0,,45281
8464368,1,3,1,10,2025,1,23,5.0,,45285
8464370,1,2,1,10,2025,2,29,9.0,1200000.0,45292
8464375,1,1,1,10,2025,2,31,5.0,600000.0,45306
8464375,1,2,1,10,2025,1,12,4.0,,45307
8464376,1,1,1,10,2025,1,46,3.0,1000000.0,45309
8464376,1,3,1,10,2025,1,20,8.0,,45311
8464376,1,4,1,10,2025,2,15,5.0,,45312
8464385,1,5,1,10,2025,1,13,4.0,,45333
8464386,1,3,1,10,2025,1,3,1.0,,45336
8464386,1,4,1,10,2025,2,0,,,45337
8464390,1,3,1,10,2025,2,34,5.0,,45342
8464391,1,1,1,10,2025,2,44,5.0,,45345
8464392,1,3,1,10,2025,1,26,10.0,,45348
8464394,1,1,1,10,2025,2,61,5.0,1500000.0,45354
8464399,1,1,1,10,2025,2,72,6.0,,45363
8464400,1,1,1,10,2025,2,59,4.0,,45366
8464400,1,2,1,10,2025,2,35,10.0,2847000.0,45367
8464404,1,3,1,10,2025,2,17,5.0,,45376
8464404,1,4,1,10,2025,1,6,3.0,,45377
8464405,1,1,1,10,2025,2,63,10.0,4900000.0,45378
8464409,1,2,1,10,2025,1,44,9.0,600000.0,45385
8464412,1,3,1,10,2025,1,64,1.0,,45389
8464417,1,4,1,10,2025,1,18,5.0,,45398
8464418,1,6,1,10,2025,1,21,5.0,1200000.0,45404
8464419,1,1,1,10,2025,1,26,10.0,2190000.0,45406
8464431,1,3,1,10,2025,1,8,3.0,,45423
8464433,1,3,1,10,2025,2,25,1.0,,45430
8464434,1,2,1,10,2025,2,29,4.0,,45434
8464435,1,2,1,10,2025,2,23,8.0,,45438
8464436,1,1,1,10,2025,1,88,3.0,,45440
8464436,1,6,1,10,2025,2,22,9.0,950000.0,45445
8464437,1,2,1,10,2025,1,7,3.0,,45449
8464438,1,2,1,10,2025,2,15,4.0,,45451
8464438,1,5,1,10,2025,1,8,3.0,,45454
8464440,1,1,1,10,2025,2,41,4.0,1240000.0,45455
8464440,1,4,1,10,2025,2,8,3.0,,45458
8464440,1,5,1,10,2025,2,6,3.0,,45459
8464441,1,6,1,10,2025,1,31,4.0,30000.0,45465
8464441,1,9,1,10,2025,1,47,3.0,960000.0,45468
8464442,1,2,1,10,2025,1,42,3.0,,45472
8464442,1,3,1,10,2025,1,21,5.0,,45473
8464442,1,4,1,10,2025,1,16,4.0,,45474
8464445,1,2,1,10,2025,1,86,3.0,,45481
8464447,1,2,1,10,2025,2,42,5.0,,45487
8464449,1,2,1,10,2025,1,31,4.0,1100000.0,45494
8464449,1,3,1,10,2025,1,17,10.0,,45495
8464451,1,2,1,10,2025,1,28,8.0,1000000.0,45497
8464451,1,3,1,10,2025,2,40,5.0,900000.0,45498
8464453,1,1,1,10,2025,1,42,5.0,4800000.0,45501
8464453,1,2,1,10,2025,2,41,5.0,,45502
8464454,1,4,1,10,2025,1,1,,,45508
8464456,1,1,1,10,2025,2,45,5.0,1423500.0,45511
8464457,1,1,1,10,2025,1,66,4.0,1600000.0,45514
8464458,1,2,1,10,2025,1,41,1.0,,45523
8464460,1,2,1,10,2025,1,68,5.0,1000000.0,45531
8464460,1,3,1,10,2025,1,43,3.0,1000000.0,45532
8464461,1,2,1,10,2025,1,22,10.0,,45536
8464463,1,1,1,10,2025,1,34,11.0,1600000.0,45538
8464469,1,1,1,10,2025,1,70,4.0,700000.0,45542
8464471,1,1,1,10,2025,2,42,10.0,1423500.0,45544
8464472,1,1,1,10,2025,1,49,10.0,2800000.0,45546
8464477,1,3,1,10,2025,2,50,8.0,1423500.0,45558
8464478,1,1,1,10,2025,1,42,5.0,1843500.0,45560
8464478,1,3,1,10,2025,1,11,4.0,,45562
8464480,1,1,1,10,2025,1,70,3.0,400000.0,45565
8464483,1,1,1,10,2025,2,32,10.0,3571000.0,45566
8464487,1,3,1,10,2025,2,66,5.0,,45579
8464487,1,4,1,10,2025,1,59,5.0,1400000.0,45580
8464490,1,4,1,10,2025,2,12,4.0,,45588
8464491,1,1,1,10,2025,1,32,5.0,1800000.0,45589
8464491,1,2,1,10,2025,2,27,5.0,800000.0,45590
8464491,1,3,1,10,2025,2,3,1.0,,45591
8464491,1,4,1,10,2025,1,2,,,45592
8464493,1,2,1,10,2025,1,31,10.0,3000000.0,45597
8464494,1,1,1,10,2025,2,33,10.0,1423500.0,45598
8464494,1,3,1,10,2025,2,6,3.0,,45600
8464497,1,3,1,10,2025,2,13,4.0,,45606
8464498,1,1,1,10,2025,1,36,8.0,2600000.0,45608
8464499,1,1,1,10,2025,2,38,9.0,2847000.0,45611
8464501,1,1,1,10,2025,2,36,5.0,1423500.0,45618
8464503,1,4,1,10,2025,1,2,,,45624
8464507,1,2,1,10,2025,1,28,8.0,1600000.0,45632
8464511,1,1,1,10,2025,2,37,5.0,,45641
8464511,1,3,1,10,2025,1,8,3.0,,45643
8464513,1,3,1,10,2025,1,4,1.0,,45650
8464515,1,1,1,10,2025,1,57,3.0,,45651
8464516,1,1,1,10,2025,1,46,8.0,1423500.0,45654
8464516,1,3,1,10,2025,2,21,10.0,2000000.0,45656
8464519,1,1,1,10,2025,2,35,5.0,2500000.0,45661
8464519,1,2,1,10,2025,1,14,4.0,,45662
8464520,1,1,1,10,2025,2,73,11.0,,45664
8464520,1,3,1,10,2025,2,16,3.0,,45666
8464522,1,2,1,10,2025,1,69,3.0,800000.0,45672
8464523,1,1,1,10,2025,2,41,4.0,400000.0,45673
8464523,1,2,1,10,2025,2,21,5.0,,45674
8464525,1,1,1,10,2025,2,23,8.0,300000.0,45680
8464527,1,3,1,10,2025,2,12,4.0,,45688
8464528,1,3,1,10,2025,1,14,4.0,,45692
8464528,1,4,1,10,2025,1,13,4.0,,45693
8464530,1,1,1,10,2025,2,68,11.0,,45697
8464535,1,2,1,10,2025,1,12,4.0,,45699
8464535,1,3,1,10,2025,2,7,3.0,,45700
8464538,1,1,1,10,2025,2,65,10.0,1900000.0,45705
8464542,1,4,1,10,2025,1,49,5.0,,45712
8464544,1,1,1,10,2025,2,53,5.0,,45716
8464547,1,1,1,10,2025,2,45,12.0,8500000.0,45720
8464551,1,3,1,10,2025,1,23,5.0,,45725
8464552,1,4,1,10,2025,2,42,10.0,,45729
8464554,1,2,1,10,2025,2,21,5.0,500000.0,45731
8464554,1,4,1,10,2025,2,1,,,45733
8464556,1,3,1,10,2025,1,13,4.0,,45738
8464557,1,2,1,10,2025,1,30,4.0,1600000.0,45742
8464557,1,5,1,10,2025,1,23,4.0,1580000.0,45745
8464558,1,3,1,10,2025,2,20,8.0,,45749
8464559,1,1,1,10,2025,1,40,11.0,2500000.0,45753
8464561,1,4,1,10,2025,2,11,4.0,,45761
8464562,1,2,1,10,2025,1,19,8.0,,45763
8464563,1,2,1,10,2025,1,15,4.0,,45766
8464563,1,3,1,10,2025,2,14,1.0,,45767
8464563,1,6,1,10,2025,1,3,1.0,,45770
8464567,1,2,1,10,2025,1,53,5.0,,45774
8464569,1,4,1,10,2025,1,10,3.0,,45778
8464570,1,3,1,10,2025,1,5,2.0,,45784
8464576,1,1,1,10,2025,2,37,10.0,,45788
8464577,1,2,1,10,2025,1,30,5.0,800000.0,45790
8464577,1,4,1,10,2025,1,3,1.0,,45792
8464581,1,1,1,10,2025,1,71,3.0,,45801
8464581,1,5,1,10,2025,1,5,2.0,,45805
8464582,1,2,1,10,2025,2,18,8.0,,45807
8464582,1,4,1,10,2025,2,3,1.0,,45809
8464586,1,3,1,10,2025,2,10,3.0,,45815
8464586,1,5,1,10,2025,2,24,10.0,800000.0,45817
8464589,1,4,1,10,2025,1,7,3.0,,45827
8464592,1,2,1,10,2025,2,12,4.0,,45834
8464593,1,1,1,10,2025,1,61,1.0,,45835
8464593,1,2,1,10,2025,2,65,1.0,,45836
8464594,1,1,1,10,2025,2,52,3.0,,45838
8464595,1,4,1,10,2025,2,9,3.0,,45845
8464597,1,1,1,10,2025,2,33,5.0,950000.0,45852
8464601,1,1,1,10,2025,1,75,4.0,,45861
8464601,1,2,1,10,2025,2,65,8.0,200000.0,45862
8464604,1,2,1,10,2025,2,14,4.0,,45870
8464606,1,1,1,10,2025,2,23,10.0,,45874
8464606,1,2,1,10,2025,1,23,10.0,1600000.0,45875
8464607,1,2,1,10,2025,2,60,5.0,,45877
8464607,1,4,1,10,2025,1,36,8.0,2500000.0,45879
8464611,1,4,1,10,2025,1,15,4.0,,45883
8464611,1,6,1,10,2025,2,40,5.0,1400000.0,45885
8464612,1,3,1,10,2025,1,6,2.0,,45888
8464613,1,2,1,10,2025,2,26,10.0,,45890
8464614,1,2,1,10,2025,1,18,10.0,,45892
8464616,1,1,1,10,2025,1,32,10.0,1300000.0,45895
8464616,1,2,1,10,2025,2,22,10.0,1300000.0,45896
8464618,1,3,1,10,2025,1,7,3.0,,45902
8464623,1,1,1,10,2025,2,43,5.0,1423500.0,45909
8464623,1,2,1,10,2025,1,16,5.0,,45910
8464623,1,3,1,10,2025,2,12,4.0,,45911
8464624,1,1,1,10,2025,2,60,3.0,,45912
8464624,1,2,1,10,2025,2,31,10.0,,45913
8464626,1,1,1,10,2025,2,30,10.0,300000.0,45917
8464626,1,4,1,10,2025,1,1,,,45920
8464627,1,3,1,10,2025,1,9,3.0,,45923
8464628,1,3,1,10,2025,2,25,5.0,,45926
8464629,1,2,1,10,2025,1,11,3.0,,45930
8464630,1,1,1,10,2025,2,37,10.0,,45933
8464630,1,3,1,10,2025,2,6,3.0,,45935
8464636,1,3,1,10,2025,1,6,3.0,,45943
8464637,1,1,1,10,2025,1,56,5.0,1200000.0,45944
8464639,1,3,1,10,2025,2,18,6.0,,45951
8464640,1,2,1,10,2025,2,23,5.0,400000.0,45954
8464640,1,4,1,10,2025,1,5,2.0,,45956
8464643,1,1,1,10,2025,2,31,5.0,1623500.0,45957
8464647,1,7,1,10,2025,1,18,5.0,,45968
8464649,1,2,1,10,2025,1,29,10.0,2500000.0,45976
8464649,1,3,1,10,2025,1,27,10.0,2000000.0,45977
8464654,1,1,1,10,2025,1,62,5.0,1900000.0,45989
8464655,1,4,1,10,2025,2,29,10.0,2000000.0,45994
8464656,1,1,1,10,2025,1,72,4.0,,45996
8464657,1,1,1,10,2025,2,43,5.0,600000.0,45999
8464659,1,4,1,10,2025,2,60,5.0,,46008
8464661,1,1,1,10,2025,1,63,10.0,1600000.0,46012
8464661,1,2,1,10,2025,2,55,5.0,,46013
8464663,1,3,1,10,2025,1,3,2.0,,46018
8464664,1,1,1,10,2025,2,40,10.0,1900000.0,46019
8464664,1,3,1,10,2025,1,8,3.0,,46021
8464674,1,2,1,10,2025,1,16,4.0,,46040
8464679,1,1,1,10,2025,2,79,3.0,,46043
8464679,1,2,1,10,2025,1,54,5.0,1423500.0,46044
8464681,1,2,1,10,2025,1,62,3.0,1000000.0,46049
8464682,1,2,1,10,2025,2,52,3.0,,46054
8464684,1,2,1,10,2025,2,61,4.0,,46057
8464684,1,4,1,10,2025,2,27,4.0,500000.0,46059
8464686,1,1,1,10,2025,2,55,3.0,1500000.0,46064
8464686,1,2,1,10,2025,2,39,5.0,1800000.0,46065
8464689,1,2,1,10,2025,1,14,4.0,,46067
8464690,1,1,1,10,2025,1,73,4.0,,46068
8464692,1,1,1,10,2025,2,77,3.0,,46075
8464693,1,1,1,10,2025,2,37,5.0,,46077
8464693,1,3,1,10,2025,1,15,5.0,,46079
8464693,1,4,1,10,2025,2,8,3.0,,46080
8464694,1,1,1,10,2025,2,59,8.0,2800000.0,46083
8464695,1,4,1,10,2025,1,8,3.0,,46089
8464696,1,1,1,10,2025,1,76,5.0,,46091
8464697,1,2,1,10,2025,2,64,10.0,1800000.0,46093
8464697,1,3,1,10,2025,1,30,10.0,1423500.0,46094
8464698,1,1,1,10,2025,1,23,10.0,1200000.0,46095
8464698,1,2,1,10,2025,2,25,10.0,,46096
8464700,1,2,1,10,2025,1,12,4.0,,46098
8464704,1,3,1,10,2025,2,28,8.0,800000.0,46107
8464706,1,3,1,10,2025,1,42,8.0,2000000.0,46113
8464706,1,6,1,10,2025,2,9,3.0,,46116
8464706,1,7,1,10,2025,1,53,1.0,,46117
8464706,1,8,1,10,2025,1,28,10.0,2200000.0,46118
8464707,1,2,1,10,2025,2,66,4.0,,46120
8464711,1,1,1,10,2025,1,32,10.0,1800000.0,46128
8464711,1,4,1,10,2025,2,1,,,46131
8464713,1,1,1,10,2025,1,30,10.0,8000000.0,46132
8464713,1,3,1,10,2025,2,25,10.0,,46134
8464714,1,2,1,10,2025,2,51,10.0,5000000.0,46137
8464716,1,2,1,10,2025,2,39,10.0,,46139
8464716,1,3,1,10,2025,1,11,4.0,,46140
8464717,1,1,1,10,2025,1,34,11.0,3000000.0,46141
8464720,1,3,1,10,2025,2,40,10.0,2800000.0,46144
8464722,1,1,1,10,2025,1,41,6.0,3500000.0,46149
8464724,1,2,1,10,2025,2,37,10.0,2500000.0,46157
8464727,1,2,1,10,2025,2,44,8.0,600000.0,46163
8464728,1,1,1,10,2025,1,37,8.0,5694000.0,46165
8464728,1,2,1,10,2025,2,34,10.0,,46166
8464730,1,1,1,10,2025,1,33,5.0,2000000.0,46167
8464732,1,1,1,10,2025,2,30,11.0,2847000.0,46173
8464733,1,2,1,10,2025,2,27,10.0,2500000.0,46176
8464735,1,2,1,10,2025,1,25,4.0,300000.0,46178
8464737,1,3,1,10,2025,1,16,6.0,,46188
8464738,1,3,1,10,2025,2,24,10.0,1400000.0,46192
8464739,1,1,1,10,2025,1,33,3.0,3800000.0,46194
8464740,1,2,1,10,2025,1,32,4.0,1175000.0,46200
8464743,1,4,1,10,2025,2,61,5.0,,46210
8464750,1,1,1,10,2025,1,26,3.0,600000.0,46214
8464751,1,1,1,10,2025,2,49,8.0,1680000.0,46216
8464754,1,1,1,10,2025,1,35,5.0,1000000.0,46217
8464754,1,4,1,10,2025,2,11,4.0,,46220
8464756,1,2,1,10,2025,1,11,3.0,,46224
8464761,1,3,1,10,2025,1,5,2.0,,46228
8464769,1,1,1,10,2025,1,55,5.0,2500000.0,46235
8464771,1,4,1,10,2025,2,24,10.0,,46241
8464771,1,6,1,10,2025,1,35,5.0,1400000.0,46243
8464772,1,1,1,10,2025,2,65,4.0,200000.0,46244
8464773,1,1,1,10,2025,2,42,8.0,1600000.0,46248
8464776,1,1,1,10,2025,1,39,10.0,14500000.0,46252
8464776,1,4,1,10,2025,2,8,3.0,,46255
8464777,1,3,1,10,2025,1,19,10.0,,46258
8464777,1,4,1,10,2025,2,12,4.0,,46259
8464781,1,2,1,10,2025,1,48,4.0,1200000.0,46265
8464784,1,1,1,10,2025,1,27,10.0,1423500.0,46268
8464786,1,4,1,10,2025,2,23,10.0,800000.0,46272
8464787,1,3,1,10,2025,1,37,5.0,1200000.0,46276
8464787,1,6,1,10,2025,2,1,,,46279
8464788,1,1,1,10,2025,2,75,1.0,,46280
8464788,1,2,1,10,2025,1,71,1.0,,46281
8464789,1,1,1,10,2025,2,67,1.0,100000.0,46282
8464795,1,1,1,10,2025,2,46,8.0,1423500.0,46286
8464800,1,2,1,10,2025,1,22,5.0,,46293
8464803,1,2,1,10,2025,1,44,4.0,,46296
8464803,1,6,1,10,2025,1,40,4.0,,46300
8464804,1,1,1,10,2025,1,62,5.0,4900000.0,46301
8464808,1,2,1,10,2025,2,68,9.0,,46306
8464809,1,3,1,10,2025,2,13,4.0,,46309
8464811,1,2,1,10,2025,2,69,5.0,,46311
8464811,1,3,1,10,2025,1,44,5.0,,46312
8464814,1,1,1,10,2025,1,73,10.0,,46318
8464814,1,2,1,10,2025,2,74,5.0,,46319
8464822,1,1,1,10,2025,2,29,1.0,240000.0,46327
8464822,1,4,1,10,2025,2,8,3.0,,46330
8464824,1,1,1,10,2025,2,28,3.0,80000.0,46336
8464824,1,3,1,10,2025,2,8,3.0,,46338
8464824,1,5,1,10,2025,1,3,1.0,,46340
8464827,1,1,1,10,2025,2,59,1.0,252000.0,46341
8464829,1,4,1,10,2025,2,4,1.0,,46347
8464830,1,1,1,10,2025,1,25,4.0,1000000.0,46348
8464831,1,2,1,10,2025,2,21,10.0,,46350
8464834,1,1,1,10,2025,2,46,10.0,6000000.0,46354
8464834,1,2,1,10,2025,1,14,4.0,,46355
8464835,1,1,1,10,2025,1,55,9.0,2000000.0,46356
8464836,1,1,1,10,2025,1,48,10.0,4000000.0,46357
8464838,1,1,1,10,2025,1,51,3.0,430000.0,46361
8464838,1,4,1,10,2025,2,14,4.0,,46364
8464838,1,6,1,10,2025,2,10,3.0,,46366
8464839,1,1,1,10,2025,2,43,3.0,200000.0,46369
8464843,1,2,1,10,2025,1,22,5.0,1200000.0,46375
8464843,1,4,1,10,2025,2,1,,,46377
8464844,1,1,1,10,2025,1,61,3.0,3200000.0,46378
8464845,1,2,1,10,2025,2,65,10.0,,46381
8464846,1,3,1,10,2025,2,22,5.0,,46384
8464847,1,1,1,10,2025,1,69,8.0,,46385
8464847,1,2,1,10,2025,2,67,10.0,,46386
8464850,1,1,1,10,2025,2,42,8.0,,46390
8464851,1,1,1,10,2025,2,85,3.0,,46395
8464851,1,2,1,10,2025,2,43,1.0,,46396
8464854,1,1,1,10,2025,1,67,5.0,700000.0,46399
8464855,1,1,1,10,2025,2,48,5.0,300000.0,46402
8464860,1,1,1,10,2025,1,56,3.0,700000.0,46411
8464863,1,1,1,10,2025,1,46,4.0,1000000.0,46414
8464863,1,4,1,10,2025,1,2,,,46417
8464865,1,4,1,10,2025,1,13,3.0,,46425
8464868,1,5,1,10,2025,2,16,3.0,,46433
8464870,1,1,1,10,2025,2,31,3.0,2200000.0,46434
8464870,1,5,1,10,2025,1,6,2.0,,46438
8464873,1,1,1,10,2025,1,23,5.0,1423500.0,46445
8464874,1,2,1,10,2025,2,48,12.0,4270500.0,46448
8464874,1,3,1,10,2025,2,17,10.0,,46449
8464876,1,1,1,10,2025,1,43,10.0,1800000.0,46453
8464876,1,2,1,10,2025,2,43,10.0,,46454
8464876,1,3,1,10,2025,2,19,10.0,,46455
8464879,1,2,1,10,2025,2,62,5.0,1000000.0,46459
8464883,1,1,1,10,2025,1,54,10.0,,46463
8464884,1,3,1,10,2025,2,50,10.0,5000000.0,46469
8464885,1,1,1,10,2025,1,62,11.0,60000000.0,46471
8464885,1,2,1,10,2025,2,58,11.0,29000000.0,46472
8464886,1,3,1,10,2025,1,18,6.0,,46477
8464890,1,1,1,10,2025,1,48,11.0,30000000.0,46480
8464890,1,2,1,10,2025,2,43,11.0,2000000.0,46481
8464891,1,2,1,10,2025,1,63,10.0,,46485
8464891,1,3,1,10,2025,1,25,10.0,2300000.0,46486
8464896,1,1,1,10,2025,2,33,8.0,1423500.0,46488
8464896,1,3,1,10,2025,2,7,3.0,,46490
8464897,1,2,1,10,2025,1,38,5.0,900000.0,46492
8464901,1,4,1,10,2025,1,12,4.0,,46508
8464902,1,1,1,10,2025,2,49,3.0,,46509
8464902,1,2,1,10,2025,1,26,5.0,1400000.0,46510
8464902,1,4,1,10,2025,2,6,2.0,,46512
8464906,1,2,1,10,2025,1,49,3.0,1423500.0,46517
8464906,1,4,1,10,2025,1,5,2.0,,46519
8464908,1,2,1,10,2025,1,51,3.0,,46524
8464911,1,1,1,10,2025,2,48,8.0,,46529
8464911,1,2,1,10,2025,1,42,5.0,1600000.0,46530
8464911,1,3,1,10,2025,2,22,10.0,,46531
8464913,1,5,1,10,2025,2,18,5.0,,46537
8464916,1,1,1,10,2025,2,56,8.0,1350000.0,46547
8464916,1,2,1,10,2025,1,23,10.0,,46548
8464916,1,3,1,10,2025,2,23,10.0,,46549
8464917,1,2,1,10,2025,2,13,4.0,,46551
8464917,1,3,1,10,2025,1,12,4.0,,46552
8464918,1,1,1,10,2025,1,57,4.0,1600000.0,46554
8464920,1,3,1,10,2025,2,16,5.0,,46557
8464920,1,4,1,10,2025,1,6,3.0,,46558
8464921,1,1,1,10,2025,2,30,10.0,,46559
8464921,1,3,1,10,2025,2,1,,,46561
8464923,1,4,1,10,2025,2,14,4.0,,46565
8464924,1,1,1,10,2025,2,51,5.0,900000.0,46568
8464924,1,3,1,10,2025,2,19,4.0,,46570
8464924,1,4,1,10,2025,1,4,1.0,,46571
8464925,1,2,1,10,2025,1,17,5.0,,46573
8464925,1,3,1,10,2025,1,15,4.0,,46574
8464926,1,4,1,10,2025,1,2,,,46580
8464927,1,2,1,10,2025,2,39,1.0,,46583
8464932,1,3,1,10,2025,2,14,4.0,,46601
8464933,1,2,1,10,2025,2,1,,,46604
8464937,1,2,1,10,2025,2,73,4.0,,46607
8464943,1,1,1,10,2025,1,63,10.0,4000000.0,46610
8464944,1,4,1,10,2025,2,4,2.0,,46615
8464945,1,3,1,10,2025,1,4,2.0,,46618
8464950,1,3,1,10,2025,1,19,8.0,,46625
8464950,1,5,1,10,2025,2,15,4.0,,46627
8464951,1,2,1,10,2025,1,14,4.0,,46629
8464952,1,1,1,10,2025,2,94,10.0,,46630
8464952,1,3,1,10,2025,1,59,10.0,,46632
8464953,1,2,1,10,2025,2,33,10.0,2000000.0,46634
8464954,1,1,1,10,2025,1,34,5.0,2500000.0,46636
8464954,1,2,1,10,2025,1,32,10.0,2500000.0,46637
8464957,1,3,1,10,2025,1,32,10.0,3500000.0,46648
8464959,1,3,1,10,2025,2,23,5.0,,46652
8464960,1,1,1,10,2025,2,72,1.0,,46653
8464961,1,1,1,10,2025,2,51,4.0,1800000.0,46654
8464966,1,4,1,10,2025,1,15,5.0,,46665
8464967,1,1,1,10,2025,1,52,8.0,,46666
8464973,1,1,1,10,2025,1,50,5.0,1900000.0,46674
8464974,1,2,1,10,2025,2,9,3.0,,46676
8464978,1,1,1,10,2025,2,27,8.0,,46683
8464981,1,1,1,10,2025,1,57,5.0,1500000.0,46691
8464981,1,2,1,10,2025,2,47,3.0,,46692
8464981,1,3,1,10,2025,1,23,5.0,1260000.0,46693
8464981,1,4,1,10,2025,1,18,5.0,,46694
8464981,1,5,1,10,2025,1,14,4.0,,46695
8464982,1,2,1,10,2025,1,27,5.0,1600000.0,46697
8464983,1,1,1,10,2025,2,37,5.0,,46699
8464983,1,4,1,10,2025,2,10,3.0,,46702
8464984,1,1,1,10,2025,2,60,10.0,,46704
8464984,1,2,1,10,2025,1,32,10.0,3300000.0,46705
8464984,1,3,1,10,2025,1,27,10.0,1423500.0,46706
8464984,1,4,1,10,2025,1,68,3.0,,46707
8464985,1,1,1,10,2025,2,41,5.0,,46708
8464985,1,2,1,10,2025,2,18,5.0,,46709
8464986,1,1,1,10,2025,1,51,5.0,2000000.0,46710
8464987,1,2,1,10,2025,1,49,3.0,,46715
8464987,1,5,1,10,2025,1,17,4.0,,46718
8464989,1,1,1,10,2025,2,47,5.0,700000.0,46719
8464989,1,2,1,10,2025,1,49,5.0,800000.0,46720
8464989,1,3,1,10,2025,1,27,9.0,1420000.0,46721
8464989,1,4,1,10,2025,2,21,10.0,,46722
8464990,1,1,1,10,2025,2,44,8.0,1423500.0,46724
8464990,1,3,1,10,2025,1,20,10.0,,46726
8464992,1,2,1,10,2025,2,68,4.0,,46732
8464992,1,5,1,10,2025,1,17,4.0,,46735
8464994,1,1,1,10,2025,1,31,10.0,2800000.0,46740
8464994,1,2,1,10,2025,2,32,8.0,2200000.0,46741
8464996,1,1,1,10,2025,2,71,5.0,,46746
8464996,1,2,1,10,2025,1,43,10.0,2000000.0,46747
8464998,1,1,1,10,2025,2,57,5.0,,46749
8464999,1,1,1,10,2025,1,32,5.0,1623500.0,46751
8465000,1,2,1,10,2025,2,53,8.0,1423500.0,46755
8465003,1,1,1,10,2025,2,86,8.0,,46760
8465004,1,2,1,10,2025,1,15,4.0,,46764
8465008,1,1,1,10,2025,2,60,6.0,,46767
8465008,1,2,1,10,2025,1,85,5.0,,46768
8465010,1,2,1,10,2025,2,60,1.0,360000.0,46771
8465010,1,6,1,10,2025,1,40,5.0,650000.0,46775
8465010,1,7,1,10,2025,1,20,5.0,500000.0,46776
8465010,1,8,1,10,2025,1,18,8.0,,46777
8465010,1,12,1,10,2025,2,9,3.0,,46781
8465011,1,1,1,10,2025,2,57,4.0,,46782
8465011,1,2,1,10,2025,1,72,3.0,1200000.0,46783
8465012,1,1,1,10,2025,2,32,5.0,900000.0,46786
8465012,1,2,1,10,2025,1,30,5.0,1000000.0,46787
8465012,1,4,1,10,2025,1,1,,,46789
8465013,1,2,1,10,2025,1,79,3.0,,46791
8465014,1,1,1,10,2025,2,63,3.0,500000.0,46792
8465016,1,2,1,10,2025,1,21,9.0,,46794
8465017,1,3,1,10,2025,2,6,2.0,,46797
8465018,1,1,1,10,2025,2,73,1.0,,46799
8465021,1,2,1,10,2025,2,40,8.0,1423500.0,46810
8465022,1,1,1,10,2025,2,51,5.0,800000.0,46813
8465022,1,2,1,10,2025,2,30,9.0,2300000.0,46814
8465022,1,3,1,10,2025,2,24,5.0,,46815
8465024,1,1,1,10,2025,1,76,3.0,,46817
8465024,1,3,1,10,2025,1,16,4.0,,46819
8465025,1,4,1,10,2025,2,0,,,46823
8465027,1,2,1,10,2025,1,19,5.0,1423500.0,46827
8465027,1,3,1,10,2025,2,19,4.0,,46828
8465032,1,1,1,10,2025,1,40,10.0,4800000.0,46833
8465033,1,1,1,10,2025,1,38,5.0,3000000.0,46837
8465033,1,4,1,10,2025,1,3,1.0,,46840
8465034,1,2,1,10,2025,2,17,10.0,,46843
8465037,1,1,1,10,2025,1,44,4.0,600000.0,46845
8465037,1,2,1,10,2025,2,39,8.0,,46846
8465037,1,4,1,10,2025,1,4,1.0,,46848
8465038,1,1,1,10,2025,1,46,5.0,1100000.0,46849
8465039,1,1,1,10,2025,1,73,4.0,1500000.0,46850
8465040,1,2,1,10,2025,1,59,1.0,1300000.0,46852
8465040,1,3,1,10,2025,2,25,5.0,500000.0,46853
8465043,1,1,1,10,2025,1,66,4.0,1500000.0,46859
8465044,1,1,1,10,2025,1,66,3.0,1200000.0,46860
8465044,1,4,1,10,2025,2,16,5.0,,46863
8465044,1,5,1,10,2025,2,13,4.0,,46864
8465046,1,2,1,10,2025,2,25,10.0,,46868
8465047,1,1,1,10,2025,2,50,5.0,1200000.0,46870
8465049,1,1,1,10,2025,2,33,5.0,1500000.0,46874
8465059,1,2,1,10,2025,2,35,11.0,3000000.0,46881
8465059,1,3,1,10,2025,1,9,3.0,,46882
8465060,1,1,1,10,2025,2,58,3.0,,46883
8465061,1,5,1,10,2025,2,23,7.0,1423500.0,46889
8465062,1,2,1,10,2025,2,79,7.0,,46892
8465063,1,1,1,10,2025,1,55,8.0,1423500.0,46897
8465067,1,1,1,10,2025,1,19,10.0,,46912
8465071,1,2,1,10,2025,1,24,5.0,2420000.0,46920
8465071,1,3,1,10,2025,2,22,3.0,,46921
8465072,1,1,1,10,2025,2,51,5.0,300000.0,46923
8465072,1,2,1,10,2025,1,53,5.0,900000.0,46924
8465072,1,3,1,10,2025,2,27,10.0,3920000.0,46925
8465073,1,3,1,10,2025,1,38,5.0,,46929
8465074,1,1,1,10,2025,2,45,10.0,2000000.0,46931
8465076,1,1,1,10,2025,1,31,6.0,3300000.0,46936
8465077,1,2,1,10,2025,1,54,9.0,1600000.0,46940
8465078,1,1,1,10,2025,1,78,3.0,,46943
8465081,1,1,1,10,2025,1,36,6.0,950000.0,46955
8465082,1,2,1,10,2025,1,43,5.0,225000.0,46959
8465085,1,2,1,10,2025,2,61,3.0,,46967
8465086,1,1,1,10,2025,2,60,3.0,,46968
8465087,1,1,1,10,2025,1,69,10.0,,46971
8465089,1,1,1,10,2025,1,77,3.0,800000.0,46977
8465090,1,1,1,10,2025,2,64,1.0,960000.0,46979
8465090,1,2,1,10,2025,2,39,5.0,1500000.0,46980
8465092,1,2,1,10,2025,2,31,5.0,,46985
8465092,1,3,1,10,2025,2,16,5.0,,46986
8465092,1,4,1,10,2025,1,0,,,46987
8465093,1,2,1,10,2025,1,43,10.0,3500000.0,46989
8465094,1,2,1,10,2025,2,31,7.0,1423500.0,46991
8465095,1,1,1,10,2025,1,67,4.0,800000.0,46994
8465096,1,2,1,10,2025,1,40,6.0,900000.0,46997
8465099,1,3,1,10,2025,1,16,5.0,,47004
8465101,1,1,1,10,2025,2,69,5.0,,47007
8465101,1,2,1,10,2025,1,49,5.0,1423500.0,47008
8465102,1,3,1,10,2025,1,22,10.0,1300000.0,47011
8465102,1,4,1,10,2025,1,20,10.0,350000.0,47012
8465103,1,1,1,10,2025,2,68,5.0,,47013
8465103,1,2,1,10,2025,1,65,3.0,50000.0,47014
8465103,1,3,1,10,2025,2,62,5.0,1423500.0,47015
8465105,1,1,1,10,2025,2,53,3.0,850000.0,47020
8465105,1,4,1,10,2025,1,4,2.0,,47023
8465108,1,3,1,10,2025,1,55,5.0,1600000.0,47031
8465109,1,2,1,10,2025,2,37,10.0,700000.0,47034
8465110,1,2,1,10,2025,2,41,3.0,500000.0,47037
8465113,1,1,1,10,2025,2,68,4.0,968000.0,47040
8465114,1,3,1,10,2025,1,52,8.0,1423500.0,47044
8465117,1,2,1,10,2025,2,72,3.0,,47052
8465118,1,1,1,10,2025,2,31,11.0,1423500.0,47055
8465121,1,2,1,10,2025,1,12,4.0,,47064
8465123,1,2,1,10,2025,2,38,9.0,,47068
8465123,1,4,1,10,2025,2,4,2.0,,47070
8465125,1,1,1,10,2025,2,38,5.0,1623500.0,47074
8465125,1,2,1,10,2025,1,38,3.0,900000.0,47075
8465126,1,2,1,10,2025,1,8,3.0,,47079
8465126,1,3,1,10,2025,2,28,10.0,1423000.0,47080
8465131,1,3,1,10,2025,1,20,5.0,,47087
8465131,1,4,1,10,2025,1,16,5.0,,47088
8465133,1,3,1,10,2025,2,2,,,47093
8465134,1,1,1,10,2025,2,30,10.0,,47094
8465134,1,2,1,10,2025,1,13,4.0,,47095
8465135,1,1,1,10,2025,2,65,3.0,,47097
8465137,1,3,1,10,2025,2,4,2.0,,47103
8465140,1,1,1,10,2025,1,28,12.0,1800000.0,47104
8465141,1,3,1,10,2025,1,11,4.0,,47108
8465143,1,3,1,10,2025,1,25,5.0,,47112
8465175,1,1,1,10,2025,2,35,8.0,1050000.0,47121
8465176,1,1,1,10,2025,2,43,6.0,1423500.0,47123
8465176,1,2,1,10,2025,1,21,10.0,,47124
8465177,1,1,1,10,2025,2,37,8.0,,47126
8465177,1,3,1,10,2025,2,16,6.0,,47128
8465179,1,2,1,10,2025,1,60,3.0,,47133
8465179,1,5,1,10,2025,1,8,3.0,,47136
8465180,1,1,1,10,2025,2,58,3.0,1000000.0,47137
8465181,1,2,1,10,2025,1,51,3.0,1000000.0,47140
8465184,1,2,1,10,2025,1,27,11.0,3000000.0,47148
8465185,1,2,1,10,2025,1,45,4.0,1400000.0,47150
8465188,1,1,1,10,2025,1,25,6.0,1500000.0,47158
8465190,1,2,1,10,2025,2,46,10.0,,47161
8465190,1,4,1,10,2025,2,23,10.0,,47163
8465193,1,1,1,10,2025,2,41,5.0,,47170
8465193,1,2,1,10,2025,1,48,5.0,1300000.0,47171
8465193,1,5,1,10,2025,1,12,4.0,,47174
8465195,1,3,1,10,2025,2,31,5.0,,47180
8465195,1,5,1,10,2025,2,7,3.0,,47182
8465196,1,3,1,10,2025,2,7,3.0,,47185
8465197,1,1,1,10,2025,2,72,3.0,,47186
8465200,1,4,1,10,2025,2,16,6.0,,47197
8465203,1,1,1,10,2025,2,45,6.0,,47201
8465203,1,4,1,10,2025,1,21,4.0,800000.0,47204
8465205,1,1,1,10,2025,2,29,5.0,1800000.0,47212
8465205,1,2,1,10,2025,1,30,5.0,1600000.0,47213
8465205,1,4,1,10,2025,2,4,2.0,,47215
8465207,1,1,1,10,2025,2,70,3.0,,47219
8465212,1,1,1,10,2025,2,43,3.0,1320000.0,47225
8465216,1,1,1,10,2025,1,45,5.0,1000000.0,47229
8465216,1,2,1,10,2025,2,48,5.0,,47230
8465217,1,3,1,10,2025,2,29,6.0,1400000.0,47233
8465218,1,10,1,10,2025,1,12,4.0,,47243
8465220,1,2,1,10,2025,2,5,2.0,,47245
8465221,1,1,1,10,2025,2,66,3.0,,47246
8465221,1,2,1,10,2025,1,44,10.0,1500000.0,47247
8465222,1,2,1,10,2025,1,36,5.0,,47249
8465224,1,1,1,10,2025,2,40,10.0,1600000.0,47252
8465224,1,3,1,10,2025,1,0,,,47254
8465225,1,1,1,10,2025,2,49,11.0,4250000.0,47256
8465227,1,3,1,10,2025,1,26,5.0,1200000.0,47262
8465227,1,5,1,10,2025,1,2,,,47264
8465228,1,1,1,10,2025,1,39,5.0,2000000.0,47265
8465229,1,2,1,10,2025,1,48,8.0,1200000.0,47270
8465229,1,3,1,10,2025,1,18,6.0,,47271
8465232,1,1,1,10,2025,1,52,9.0,1100000.0,47277
8465232,1,2,1,10,2025,2,42,8.0,1000000.0,47278
8465233,1,1,1,10,2025,1,62,5.0,1423500.0,47280
8465233,1,2,1,10,2025,2,51,4.0,,47281
8465233,1,3,1,10,2025,2,18,5.0,,47282
8465234,1,1,1,10,2025,1,74,3.0,,47283
8465235,1,3,1,10,2025,2,73,4.0,,47286
8465236,1,1,1,10,2025,2,38,10.0,5300000.0,47288
8465237,1,1,1,10,2025,1,50,5.0,700000.0,47292
8465238,1,3,1,10,2025,2,64,4.0,1100000.0,47295
8465239,1,1,1,10,2025,1,84,13.0,,47296
8465240,1,1,1,10,2025,1,25,10.0,,47298
8465242,1,1,1,10,2025,2,56,3.0,1663500.0,47301
8465243,1,1,1,10,2025,2,45,8.0,,47303
8465243,1,3,1,10,2025,2,23,10.0,,47305
8465244,1,1,1,10,2025,1,30,3.0,1200000.0,47306
8465244,1,3,1,10,2025,1,6,3.0,,47308
8465245,1,2,1,10,2025,1,57,3.0,800000.0,47311
8465246,1,2,1,10,2025,2,49,3.0,,47314
8465247,1,2,1,10,2025,1,88,3.0,,47317
8465247,1,3,1,10,2025,2,24,8.0,1500000.0,47318
8465249,1,1,1,10,2025,1,54,3.0,600000.0,47324
8465250,1,3,1,10,2025,2,15,4.0,,47327
8465254,1,1,1,10,2025,2,80,3.0,,47333
8465254,1,3,1,10,2025,1,37,5.0,800000.0,47335
8465255,1,1,1,10,2025,2,53,3.0,,47336
8465257,1,2,1,10,2025,2,23,5.0,1500000.0,47344
8465257,1,3,1,10,2025,1,18,5.0,,47345
8465260,1,1,1,10,2025,1,67,5.0,,47348
8465260,1,2,1,10,2025,2,65,5.0,,47349
8465262,1,1,1,10,2025,2,38,3.0,,47351
8465262,1,3,1,10,2025,2,19,8.0,,47353
8465267,1,4,1,10,2025,1,13,4.0,,47360
8465267,1,5,1,10,2025,2,26,5.0,1400000.0,47361
8465274,1,1,1,10,2025,1,81,1.0,,47373
8465277,1,2,1,10,2025,1,32,5.0,880000.0,47376
8465283,1,2,1,10,2025,1,31,6.0,2100000.0,47378
8465283,1,3,1,10,2025,1,4,1.0,,47379
8465290,1,2,1,10,2025,2,64,5.0,320000.0,47385
8465314,1,3,1,10,2025,2,7,3.0,,47390
8465316,1,2,1,10,2025,1,48,10.0,3000000.0,47393
8465317,1,2,1,10,2025,2,32,5.0,,47396
8465323,1,1,1,10,2025,2,33,9.0,1850000.0,47408
8465326,1,1,1,10,2025,2,55,11.0,9000000.0,47411
8465329,1,1,1,10,2025,1,63,9.0,6000000.0,47413
8465329,1,3,1,10,2025,1,45,10.0,4000000.0,47415
8465331,1,2,1,10,2025,2,49,10.0,6000000.0,47420
8465333,1,3,1,10,2025,2,13,4.0,,47427
8465337,1,1,1,10,2025,2,44,3.0,,47436
8465337,1,3,1,10,2025,2,5,1.0,,47438
8465337,1,4,1,10,2025,1,34,1.0,1400000.0,47439
8465339,1,2,1,10,2025,2,38,5.0,700000.0,47442
8465339,1,4,1,10,2025,1,5,3.0,,47444
8465342,1,2,1,10,2025,2,48,3.0,500000.0,47447
8465344,1,6,1,10,2025,1,10,3.0,,47455
8465344,1,7,1,10,2025,2,0,,,47456
8465347,1,1,1,10,2025,2,42,5.0,700000.0,47457
8465353,1,1,1,10,2025,1,24,11.0,2700000.0,47469
8465355,1,1,1,10,2025,2,22,10.0,780000.0,47470
8465355,1,2,1,10,2025,2,22,10.0,,47471
8465356,1,2,1,10,2025,2,37,5.0,,47473
8465357,1,1,1,10,2025,2,51,10.0,2200000.0,47476
8465357,1,2,1,10,2025,1,24,10.0,,47477
8465359,1,2,1,10,2025,2,66,4.0,,47481
8465360,1,1,1,10,2025,2,30,12.0,5200000.0,47483
8465361,1,3,1,10,2025,1,46,10.0,1423500.0,47486
8465363,1,2,1,10,2025,2,54,10.0,,47488
8465366,1,1,1,10,2025,1,38,10.0,4000000.0,47492
8465366,1,2,1,10,2025,1,35,10.0,3000000.0,47493
8465370,1,2,1,10,2025,2,21,10.0,,47498
8465375,1,1,1,10,2025,1,49,9.0,1423500.0,47504
8465375,1,3,1,10,2025,2,85,3.0,50000.0,47506
8465376,1,2,1,10,2025,2,75,12.0,,47508
8465378,1,4,1,10,2025,1,8,3.0,,47513
8465383,1,4,1,10,2025,2,71,3.0,,47520
8465384,1,2,1,10,2025,2,31,10.0,2200000.0,47522
8465385,1,2,1,10,2025,1,64,3.0,960000.0,47524
8465386,1,1,1,10,2025,2,60,1.0,,47525
8465387,1,3,1,10,2025,1,28,5.0,1423500.0,47530
8465387,1,4,1,10,2025,2,18,8.0,1423500.0,47531
8465390,1,1,1,10,2025,1,30,5.0,,47532
8465393,1,1,1,10,2025,1,64,4.0,500000.0,47539
8465393,1,3,1,10,2025,1,58,5.0,,47541
8465396,1,3,1,10,2025,2,9,3.0,,47544
8465397,1,1,1,10,2025,1,61,1.0,840000.0,47546
8465404,1,1,1,10,2025,1,34,10.0,1423500.0,47555
8465406,1,2,1,10,2025,1,43,5.0,1300000.0,47557
8465407,1,2,1,10,2025,1,44,5.0,1800000.0,47561
8465409,1,1,1,10,2025,1,61,4.0,1500000.0,47562
8465414,1,1,1,10,2025,2,21,5.0,2400000.0,47570
8465418,1,2,1,10,2025,1,16,8.0,,47574
8465419,1,3,1,10,2025,2,1,,,47578
8465425,1,2,1,10,2025,1,45,5.0,,47587
8465426,1,3,1,10,2025,1,15,4.0,,47593
8465426,1,4,1,10,2025,2,14,4.0,,47594
8465427,1,1,1,10,2025,1,41,8.0,1500000.0,47595
8465429,1,3,1,10,2025,2,22,9.0,800000.0,47600
8465429,1,5,1,10,2025,1,14,4.0,,47602
8465430,1,1,1,10,2025,2,26,5.0,1300000.0,47603
8465431,1,1,1,10,2025,1,75,4.0,,47604
8465433,1,1,1,10,2025,1,44,5.0,1400000.0,47610
8465433,1,3,1,10,2025,2,11,3.0,,47612
8465434,1,1,1,10,2025,2,42,9.0,1500000.0,47613
8465434,1,2,1,10,2025,1,15,5.0,,47614
8465436,1,1,1,10,2025,2,52,5.0,1200000.0,47616
8465437,1,2,1,10,2025,2,63,5.0,,47618
8465439,1,1,1,10,2025,2,55,5.0,1423000.0,47619
8465442,1,1,1,10,2025,1,26,6.0,800000.0,47629
8465444,1,2,1,10,2025,2,45,5.0,1120000.0,47633
8465447,1,2,1,10,2025,2,59,1.0,,47638
8465451,1,2,1,10,2025,2,17,5.0,,47645
8465457,1,1,1,10,2025,2,56,4.0,1600000.0,47659
8465458,1,1,1,10,2025,2,38,4.0,800000.0,47660
8465461,1,1,1,10,2025,1,43,9.0,1100000.0,47666
8465462,1,1,1,10,2025,1,70,5.0,,47668
8465463,1,1,1,10,2025,1,30,10.0,1423500.0,47669
8465464,1,2,1,10,2025,2,59,3.0,,47671
8465465,1,2,1,10,2025,2,72,4.0,,47673
8465465,1,4,1,10,2025,1,41,5.0,1460000.0,47675
8465465,1,5,1,10,2025,1,18,10.0,,47676
8465465,1,6,1,10,2025,1,11,3.0,,47677
8465470,1,3,1,10,2025,2,7,3.0,,47687
8465476,1,1,1,10,2025,2,37,5.0,2500000.0,47691
8465476,1,2,1,10,2025,1,16,5.0,,47692
8465479,1,2,1,10,2025,1,58,3.0,1900000.0,47696
8465479,1,4,1,10,2025,1,66,3.0,2300000.0,47698
8465479,1,5,1,10,2025,1,42,5.0,1200000.0,47699
8465480,1,3,1,10,2025,1,7,3.0,,47702
8465481,1,1,1,10,2025,2,45,5.0,1500000.0,47704
8465481,1,2,1,10,2025,1,42,5.0,1400000.0,47705
8465481,1,4,1,10,2025,2,65,4.0,,47707
8465482,1,2,1,10,2025,2,32,5.0,1700000.0,47709
8465484,1,1,1,10,2025,2,31,5.0,400000.0,47710
8465485,1,1,1,10,2025,2,69,3.0,,47715
8465487,1,1,1,10,2025,2,54,5.0,1500000.0,47721
8465487,1,2,1,10,2025,1,30,10.0,6000000.0,47722
8465488,1,1,1,10,2025,2,49,3.0,1500000.0,47725
8465488,1,2,1,10,2025,2,27,5.0,,47726
8465495,1,1,1,10,2025,1,34,9.0,1800000.0,47732
8465496,1,1,1,10,2025,1,40,10.0,4000000.0,47733
8465496,1,2,1,10,2025,2,51,10.0,,47734
8465496,1,3,1,10,2025,2,15,4.0,,47735
8465497,1,1,1,10,2025,2,27,5.0,1400000.0,47736
8465498,1,3,1,10,2025,2,21,8.0,1423000.0,47740
8465499,1,2,1,10,2025,2,12,4.0,,47742
8465500,1,5,1,10,2025,1,18,8.0,1423000.0,47747
8465501,1,1,1,10,2025,2,29,10.0,2846000.0,47748
8465503,1,1,1,10,2025,1,61,5.0,,47749
8465511,1,1,1,10,2025,1,66,5.0,,47763
8465512,1,1,1,10,2025,2,35,12.0,3200000.0,47766
8465512,1,2,1,10,2025,2,1,,,47767
8465513,1,3,1,10,2025,2,15,4.0,,47770
8465515,1,2,1,10,2025,1,30,5.0,1823500.0,47772
8465517,1,2,1,10,2025,2,29,10.0,,47778
8465519,1,4,1,10,2025,2,12,4.0,,47787
8465520,1,1,1,10,2025,2,67,3.0,,47790
8465521,1,1,1,10,2025,1,61,5.0,,47793
8465521,1,2,1,10,2025,2,27,8.0,3400000.0,47794
8465522,1,1,1,10,2025,1,62,4.0,,47795
8465522,1,2,1,10,2025,2,56,1.0,,47796
8465525,1,1,1,10,2025,2,47,8.0,1420000.0,47802
8465525,1,2,1,10,2025,1,51,3.0,1500000.0,47803
8465525,1,3,1,10,2025,2,19,8.0,,47804
8465529,1,1,1,10,2025,2,47,5.0,1400000.0,47806
8465530,1,1,1,10,2025,2,31,5.0,,47810
8465530,1,3,1,10,2025,2,7,3.0,,47812
8465530,1,4,1,10,2025,1,4,1.0,,47813
8465532,1,3,1,10,2025,1,17,9.0,,47818
8465535,1,2,1,10,2025,1,17,6.0,,47821
8465537,1,2,1,10,2025,1,59,3.0,1300000.0,47824
8465537,1,4,1,10,2025,1,20,8.0,1423000.0,47826
8465537,2,3,2,10,2025,2,16,6.0,,47830
8465539,1,1,1,10,2025,1,59,4.0,1600000.0,47835
8465539,1,2,1,10,2025,2,58,5.0,,47836
8465544,1,1,1,10,2025,2,60,4.0,,47840
8465544,1,2,1,10,2025,2,35,5.0,1400000.0,47841
8465544,1,4,1,10,2025,2,15,4.0,,47843
8465550,1,2,1,10,2025,2,32,8.0,1424000.0,47848
8465550,1,3,1,10,2025,2,65,3.0,,47849
8465551,1,1,1,10,2025,2,35,10.0,2000000.0,47850
8465552,1,1,1,10,2025,2,65,3.0,1623500.0,47853
8465554,1,2,1,10,2025,2,49,5.0,1200000.0,47857
8465554,1,4,1,10,2025,1,30,5.0,1200000.0,47859
8465558,1,1,1,10,2025,2,49,10.0,2800000.0,47863
8465558,1,2,1,10,2025,1,23,10.0,,47864
8465558,1,3,1,10,2025,1,20,10.0,,47865
8465560,1,2,1,10,2025,2,20,9.0,1423000.0,47871
8465560,1,3,1,10,2025,2,16,9.0,,47872
8465561,1,2,1,10,2025,1,16,4.0,,47875
8465570,1,2,1,10,2025,2,15,5.0,,47884
8465571,1,3,1,10,2025,1,7,3.0,,47887
8465578,1,1,1,10,2025,1,27,5.0,2400000.0,47893
8465578,1,2,1,10,2025,2,25,8.0,1423500.0,47894
8465578,1,3,1,10,2025,1,2,,,47895
8465580,1,2,1,10,2025,2,64,5.0,,47897
8465580,1,4,1,10,2025,2,25,5.0,,47899
8465581,1,1,1,10,2025,2,38,3.0,1423500.0,47900
8465581,1,2,1,10,2025,2,14,4.0,,47901
8465583,1,1,1,10,2025,2,54,3.0,1200000.0,47903
8465589,1,1,1,10,2025,2,37,5.0,1400000.0,47910
8465593,1,3,1,10,2025,2,2,,,47917
8465595,1,3,1,10,2025,1,32,10.0,1600000.0,47925
8465596,1,3,1,10,2025,1,16,5.0,,47928
8465598,1,1,1,10,2025,1,36,4.0,1450000.0,47932
8465598,1,5,1,10,2025,2,1,,,47936
8465599,1,1,1,10,2025,2,28,4.0,1600000.0,47939
8465599,1,3,1,10,2025,1,11,3.0,,47941
8465599,1,4,1,10,2025,2,5,2.0,,47942
8465609,1,2,1,10,2025,2,17,5.0,,47947
8465609,1,3,1,10,2025,1,12,4.0,,47948
8465611,1,2,1,10,2025,1,47,8.0,1800000.0,47951
8465612,1,1,1,10,2025,1,25,9.0,2000000.0,47954
8465612,1,2,1,10,2025,2,22,9.0,1365000.0,47955
8465613,1,2,1,10,2025,2,18,6.0,,47958
8465618,1,1,1,10,2025,2,33,9.0,,47961
8465623,1,1,1,10,2025,2,52,11.0,6000000.0,47964
8465623,1,2,1,10,2025,1,39,5.0,2300000.0,47965
8465624,1,1,1,10,2025,2,31,10.0,1500000.0,47967
8465626,1,1,1,10,2025,2,53,10.0,1423500.0,47973
8465628,3,1,3,10,2025,1,22,10.0,1600000.0,47980
8465630,1,2,1,10,2025,2,45,9.0,1423500.0,47984
8465630,1,3,1,10,2025,1,20,10.0,,47985
8465632,1,1,1,10,2025,1,36,6.0,5000000.0,47987
8465637,1,2,1,10,2025,1,45,5.0,1423000.0,47995
8465638,1,1,1,10,2025,1,41,10.0,2000000.0,47996
8465640,1,2,1,10,2025,2,42,10.0,2500000.0,48004
8465640,1,3,1,10,2025,2,14,4.0,,48005
8465646,1,2,1,10,2025,2,76,4.0,,48023
8465646,1,3,1,10,2025,1,74,3.0,,48024
8465646,1,4,1,10,2025,1,59,5.0,2000000.0,48025
8465647,1,3,1,10,2025,2,76,10.0,,48028
8465649,1,2,1,10,2025,2,67,8.0,,48033
8465653,1,1,1,10,2025,2,54,3.0,1723500.0,48042
8465653,1,2,1,10,2025,2,24,8.0,1423500.0,48043
8465655,1,3,1,10,2025,1,18,5.0,100000.0,48050
8465656,1,1,1,10,2025,2,32,10.0,,48052
8465656,1,3,1,10,2025,1,11,3.0,,48054
8465659,1,2,1,10,2025,2,37,11.0,4500000.0,48057
8465660,1,1,1,10,2025,1,39,10.0,4800000.0,48059
8465660,1,2,1,10,2025,2,48,9.0,2600000.0,48060
8465662,1,2,1,10,2025,2,46,10.0,353000.0,48063
8465663,1,2,1,10,2025,2,63,8.0,,48066
8465665,1,1,1,10,2025,1,47,3.0,6000000.0,48069
8465666,1,1,1,10,2025,2,61,11.0,8000000.0,48073
8465668,1,2,1,10,2025,1,38,5.0,1500000.0,48079
8465668,1,4,1,10,2025,2,12,4.0,,48081
8465672,1,2,1,10,2025,2,58,3.0,1440000.0,48091
8465701,1,1,1,10,2025,2,73,10.0,,48094
8465701,1,2,1,10,2025,2,25,10.0,5800000.0,48095
8465701,1,3,1,10,2025,2,23,10.0,,48096
8465703,1,1,1,10,2025,1,54,5.0,400000.0,48097
8465703,1,3,1,10,2025,2,17,4.0,,48099
8465703,1,4,1,10,2025,1,22,3.0,250000.0,48100
8465704,1,1,1,10,2025,2,52,5.0,1423500.0,48101
8465704,1,2,1,10,2025,2,17,5.0,,48102
8465705,1,2,1,10,2025,2,48,4.0,300000.0,48104
8465705,1,3,1,10,2025,1,29,5.0,900000.0,48105
8465705,1,7,1,10,2025,1,27,4.0,1200000.0,48109
8465705,1,8,1,10,2025,2,29,5.0,300000.0,48110
8465705,1,9,1,10,2025,2,8,3.0,,48111
8465706,1,1,1,10,2025,1,66,1.0,1200000.0,48113
8465708,1,7,1,10,2025,2,18,5.0,,48122
8465708,1,8,1,10,2025,1,72,3.0,,48123
8465711,1,3,1,10,2025,1,16,5.0,,48127
8465717,1,1,1,10,2025,1,54,4.0,1050000.0,48143
8465717,1,4,1,10,2025,2,12,4.0,,48146
8465721,1,2,1,10,2025,2,25,8.0,,48155
8465729,1,1,1,10,2025,2,49,5.0,880000.0,48168
8465729,1,3,1,10,2025,2,21,10.0,,48170
8465729,1,4,1,10,2025,2,14,5.0,,48171
8465732,1,3,1,10,2025,1,44,10.0,,48182
8465733,1,1,1,10,2025,2,68,4.0,,48184
8465734,1,1,1,10,2025,1,46,11.0,3500000.0,48185
8465737,1,3,1,10,2025,2,6,3.0,,48191
8465741,1,2,1,10,2025,2,50,10.0,,48201
8465742,1,1,1,10,2025,1,47,10.0,6000000.0,48203
8465742,1,2,1,10,2025,2,39,8.0,1500000.0,48204
8465742,1,3,1,10,2025,1,18,5.0,,48205
8465749,1,3,1,10,2025,2,95,5.0,,48215
8465751,1,1,1,10,2025,1,65,5.0,360000.0,48219
8465752,1,3,1,10,2025,1,29,3.0,500000.0,48223
8465753,1,2,1,10,2025,2,35,5.0,,48225
8465753,1,4,1,10,2025,1,9,3.0,,48227
8465754,1,2,1,10,2025,1,23,5.0,100000.0,48231
8465755,1,2,1,10,2025,2,28,10.0,,48233
8465757,1,1,1,10,2025,1,55,5.0,700000.0,48235
8465757,1,3,1,10,2025,2,8,3.0,,48237
8465758,1,2,1,10,2025,2,0,,,48239
8465759,1,2,1,10,2025,2,66,3.0,70000.0,48243
8465760,1,1,1,10,2025,1,43,8.0,1623500.0,48244
8465760,1,3,1,10,2025,1,19,10.0,730000.0,48246
8465761,1,2,1,10,2025,2,47,5.0,700000.0,48249
8465761,1,5,1,10,2025,2,9,3.0,,48252
8465765,1,1,1,10,2025,2,53,5.0,,48257
8465766,1,1,1,10,2025,2,60,4.0,,48261
8465769,1,2,1,10,2025,2,20,5.0,,48267
8465772,1,4,1,10,2025,2,26,10.0,,48273
8465773,1,2,1,10,2025,1,35,10.0,600000.0,48275
8465775,1,1,1,10,2025,2,52,5.0,,48280
8465775,1,2,1,10,2025,1,53,5.0,1200000.0,48281
8465776,1,2,1,10,2025,2,24,10.0,3000000.0,48285
8465777,1,1,1,10,2025,1,62,5.0,,48286
8465777,1,2,1,10,2025,2,60,5.0,,48287
8465777,1,3,1,10,2025,1,36,10.0,,48288
8465777,1,4,1,10,2025,2,38,5.0,,48289
8465778,1,1,1,10,2025,1,50,9.0,,48291
8465779,1,1,1,10,2025,2,73,3.0,500000.0,48294
8465781,1,2,1,10,2025,2,60,3.0,,48300
8465782,1,2,1,10,2025,1,10,3.0,,48302
8465785,1,1,1,10,2025,2,52,4.0,,48308
8465787,1,1,1,10,2025,1,30,9.0,2500000.0,48313
8465787,1,3,1,10,2025,2,3,2.0,,48315
8465788,1,1,1,10,2025,2,48,5.0,1900000.0,48316
8465789,1,2,1,10,2025,2,33,5.0,1600000.0,48322
8465791,1,1,1,10,2025,2,26,5.0,,48323
8465791,1,2,1,10,2025,1,29,5.0,1423500.0,48324
8465796,1,1,1,10,2025,1,36,9.0,1800000.0,48330
8465796,1,2,1,10,2025,1,40,5.0,900000.0,48331
8465797,1,1,1,10,2025,1,61,8.0,1000000.0,48332
8465797,1,3,1,10,2025,2,29,8.0,1500000.0,48334
8465800,1,1,1,10,2025,2,38,5.0,,48338
8465800,1,3,1,10,2025,2,11,4.0,,48340
8465800,1,4,1,10,2025,1,0,,,48341
8465801,1,1,1,10,2025,1,48,9.0,8000000.0,48342
8465804,1,1,1,10,2025,1,65,8.0,,48345
8465805,1,1,1,10,2025,1,27,8.0,1400000.0,48348
8465808,1,2,1,10,2025,2,36,6.0,,48357
8465808,1,3,1,10,2025,2,1,,,48358
8465811,1,1,1,10,2025,1,41,10.0,0.0,48361
8465813,1,2,1,10,2025,1,51,3.0,1500000.0,48368
8465813,1,7,1,10,2025,1,2,,,48373
8465813,1,9,1,10,2025,2,3,2.0,,48375
8465813,1,11,1,10,2025,2,72,3.0,,48377
8465814,1,1,1,10,2025,2,51,3.0,800000.0,48378
8465814,1,2,1,10,2025,1,48,1.0,600000.0,48379
8465816,1,1,1,10,2025,1,43,5.0,1423500.0,48383
8465819,1,1,1,10,2025,2,48,3.0,800000.0,48385
8465820,1,2,1,10,2025,2,70,3.0,,48388
8465820,1,5,1,10,2025,2,11,3.0,,48391
8465821,1,1,1,10,2025,2,50,3.0,,48392
8465822,1,2,1,10,2025,1,33,3.0,1500000.0,48395
8465822,1,3,1,10,2025,1,17,5.0,,48396
8465823,1,1,1,10,2025,1,58,5.0,1400000.0,48397
8465823,1,2,1,10,2025,2,53,3.0,1400000.0,48398
8465826,1,1,1,10,2025,2,60,5.0,,48404
8465826,1,2,1,10,2025,1,30,10.0,,48405
8465826,1,3,1,10,2025,1,21,8.0,,48406
8465829,1,2,1,10,2025,2,62,10.0,,48413
8465831,1,1,1,10,2025,2,84,4.0,,48415
8465832,1,1,1,10,2025,1,73,10.0,5500000.0,48417
8465832,1,3,1,10,2025,1,13,4.0,,48419
8465833,1,3,1,10,2025,1,21,5.0,,48424
8465834,1,1,1,10,2025,1,77,3.0,,48425
8465835,1,1,1,10,2025,2,34,9.0,,48427
8465837,1,2,1,10,2025,2,28,6.0,1423500.0,48433
8465838,1,3,1,10,2025,2,24,10.0,,48437
8465841,1,2,1,10,2025,2,50,4.0,,48440
8465844,1,2,1,10,2025,2,25,10.0,1400000.0,48449
8465844,1,3,1,10,2025,2,13,4.0,,48450
8465844,1,4,1,10,2025,2,12,4.0,,48451
8465845,1,2,1,10,2025,2,35,1.0,,48453
8465847,1,2,1,10,2025,1,21,6.0,500000.0,48455
8465848,1,1,1,10,2025,1,25,9.0,2200000.0,48456
8465848,1,2,1,10,2025,2,22,10.0,,48457
8465849,1,2,1,10,2025,2,53,5.0,1000000.0,48459
8465850,1,1,1,10,2025,1,28,9.0,1900000.0,48461
8465850,1,2,1,10,2025,2,29,10.0,1623000.0,48462
8465853,1,2,1,10,2025,1,62,10.0,,48470
8465853,1,3,1,10,2025,2,23,11.0,2000000.0,48471
8465853,1,4,1,10,2025,2,64,5.0,,48472
8465854,1,1,1,10,2025,2,47,3.0,1000000.0,48474
8465854,1,3,1,10,2025,1,27,3.0,800000.0,48476
8465856,1,1,1,10,2025,2,28,4.0,650000.0,48482
8465857,1,1,1,10,2025,1,69,5.0,,48487
8465858,1,1,1,10,2025,2,67,5.0,,48489
8465861,1,1,1,10,2025,2,39,3.0,1450000.0,48490
8465861,1,2,1,10,2025,1,14,4.0,,48491
8465861,1,6,1,10,2025,2,22,5.0,,48495
8465862,1,2,1,10,2025,1,7,3.0,,48502
8465865,1,1,1,10,2025,2,49,3.0,,48508
8465865,1,2,1,10,2025,1,26,5.0,,48509
8465865,1,3,1,10,2025,1,24,5.0,720000.0,48510
8465865,1,5,1,10,2025,1,20,5.0,,48512
8465866,1,2,1,10,2025,1,16,4.0,,48517
8465867,1,1,1,10,2025,2,67,4.0,,48520
8465868,1,1,1,10,2025,1,30,10.0,3246000.0,48522
8465868,1,2,1,10,2025,2,29,10.0,1600000.0,48523
8465869,1,2,1,10,2025,2,25,10.0,100000.0,48526
8465870,1,2,1,10,2025,2,29,10.0,,48528
8465871,1,1,1,10,2025,2,56,5.0,1300000.0,48529
8465872,1,1,1,10,2025,1,33,4.0,1423000.0,48531
8465872,1,3,1,10,2025,2,8,3.0,,48533
8465874,1,4,1,10,2025,1,7,3.0,,48537
8465878,1,1,1,10,2025,2,48,5.0,1500000.0,48541
8465878,1,2,1,10,2025,2,12,4.0,,48542
8465881,1,2,1,10,2025,2,43,9.0,1423000.0,48552
8465882,1,1,1,10,2025,1,60,4.0,2800000.0,48555
8465882,1,3,1,10,2025,1,21,4.0,,48557
8465884,1,1,1,10,2025,2,71,6.0,,48563
8465890,1,2,1,10,2025,2,61,5.0,35000.0,48568
8465890,1,3,1,10,2025,2,6,3.0,,48569
8465891,1,1,1,10,2025,1,75,3.0,,48570
8465891,1,2,1,10,2025,2,68,4.0,,48571
8465895,1,1,1,10,2025,2,63,3.0,,48575
8465898,1,1,1,10,2025,1,80,3.0,,48578
8465899,1,1,1,10,2025,2,71,3.0,,48581
8465900,1,1,1,10,2025,2,22,5.0,,48583
8465901,1,2,1,10,2025,2,12,4.0,,48586
8465902,1,1,1,10,2025,1,67,3.0,500000.0,48587
8465905,1,2,1,10,2025,1,61,3.0,1800000.0,48589
8465905,1,3,1,10,2025,1,25,9.0,1400000.0,48590
8465908,1,1,1,10,2025,2,50,5.0,,48595
8465908,1,2,1,10,2025,1,57,4.0,1500000.0,48596
8465910,1,1,1,10,2025,2,30,9.0,2200000.0,48601
8465910,1,3,1,10,2025,1,6,3.0,,48603
8465911,1,1,1,10,2025,2,30,4.0,1000000.0,48604
8465913,1,2,1,10,2025,1,62,9.0,300000.0,48611
8465913,1,3,1,10,2025,1,16,4.0,,48612
8465914,1,1,1,10,2025,2,58,4.0,,48613
8465915,1,2,1,10,2025,1,41,5.0,2200000.0,48616
8465915,1,4,1,10,2025,2,85,3.0,,48618
8465916,1,1,1,10,2025,1,43,8.0,1423500.0,48619
8465918,1,2,1,10,2025,2,39,5.0,,48625
8465919,1,2,1,10,2025,2,9,3.0,,48629
8465925,1,4,1,10,2025,2,10,3.0,,48634
8465929,1,1,1,10,2025,1,30,5.0,1200000.0,48647
8465929,1,4,1,10,2025,2,6,3.0,,48650
8465934,1,2,1,10,2025,2,85,3.0,,48655
8465935,1,4,1,10,2025,1,33,10.0,,48661
8465944,1,1,1,10,2025,2,62,3.0,,48670
8465953,1,1,1,10,2025,2,67,3.0,,48674
8465954,1,1,1,10,2025,2,58,11.0,,48676
8465959,1,3,1,10,2025,2,8,1.0,,48679
8465959,1,4,1,10,2025,2,2,,,48680
8465960,1,2,1,10,2025,1,16,4.0,,48682
8465960,1,4,1,10,2025,2,25,5.0,100000.0,48684
8465962,1,2,1,10,2025,2,7,3.0,,48688
8465964,1,3,1,10,2025,1,6,3.0,,48694
8465966,1,1,1,10,2025,2,39,10.0,2500000.0,48699
8465967,1,1,1,10,2025,1,58,12.0,2500000.0,48702
8465967,1,2,1,10,2025,2,53,12.0,6500000.0,48703
8465967,1,4,1,10,2025,2,20,10.0,,48705
8465972,1,3,1,10,2025,2,17,5.0,,48725
8465972,1,6,1,10,2025,2,37,3.0,2033500.0,48728
8465975,1,1,1,10,2025,2,41,10.0,12500000.0,48737
8465975,1,2,1,10,2025,2,20,10.0,,48738
8465977,1,1,1,10,2025,1,52,5.0,,48741
8465977,1,4,1,10,2025,1,11,4.0,,48744
8465980,1,1,1,10,2025,1,48,4.0,500000.0,48746
8465980,1,2,1,10,2025,2,47,3.0,,48747
8465981,1,3,1,10,2025,1,23,5.0,1423500.0,48751
8465981,1,5,1,10,2025,2,37,8.0,2100000.0,48753
8465981,1,6,1,10,2025,1,13,4.0,,48754
8465983,1,2,1,10,2025,2,47,5.0,,48756
8465988,1,1,1,10,2025,1,53,10.0,1400000.0,48762
8465988,1,3,1,10,2025,1,20,10.0,,48764
8465989,1,1,1,10,2025,2,47,3.0,,48765
8465989,1,6,1,10,2025,2,6,3.0,,48770
8465989,1,7,1,10,2025,2,21,6.0,,48771
8465989,1,8,1,10,2025,2,7,3.0,,48772
8465993,1,1,1,10,2025,2,68,3.0,400000.0,48775
8465993,1,3,1,10,2025,1,26,5.0,1700000.0,48777
8465996,1,2,1,10,2025,1,29,5.0,1800000.0,48784
8465997,1,2,1,10,2025,1,53,5.0,1423500.0,48786
8465997,1,3,1,10,2025,1,15,5.0,,48787
8466000,1,3,1,10,2025,1,35,10.0,1800000.0,48793
8466004,1,3,1,10,2025,1,13,4.0,,48798
8466004,1,5,1,10,2025,2,61,3.0,,48800
8466006,1,2,1,10,2025,1,47,4.0,1000000.0,48807
8466008,1,1,1,10,2025,1,72,3.0,,48809
8466011,1,3,1,10,2025,1,20,10.0,600000.0,48820
8466012,1,3,1,10,2025,1,50,10.0,1000000.0,48823
8466013,1,2,1,10,2025,2,21,10.0,,48825
8466014,1,1,1,10,2025,2,36,6.0,1700000.0,48827
8466014,1,2,1,10,2025,1,9,3.0,,48828
8466015,1,2,1,10,2025,2,32,10.0,9800000.0,48830
8466017,1,1,1,10,2025,1,48,10.0,2500000.0,48832
8466018,1,1,1,10,2025,1,80,5.0,,48835
8466020,1,3,1,10,2025,2,17,10.0,,48839
8466032,1,3,1,10,2025,1,23,10.0,,48847
8466034,1,1,1,10,2025,2,59,5.0,,48849
8466036,1,1,1,10,2025,2,62,5.0,,48852
8466036,1,5,1,10,2025,2,11,3.0,,48856
8466036,1,7,1,10,2025,2,4,2.0,,48858
8466039,1,3,1,10,2025,1,39,8.0,1550000.0,48863
8466040,1,3,1,10,2025,2,14,4.0,,48866
8466040,1,4,1,10,2025,2,23,5.0,1423500.0,48867
8466040,1,5,1,10,2025,2,1,,,48868
8466042,1,1,1,10,2025,2,86,3.0,,48872
8466047,1,1,1,10,2025,1,42,3.0,2000000.0,48877
8466047,1,3,1,10,2025,1,7,3.0,,48879
8466049,1,1,1,10,2025,1,34,5.0,1600000.0,48881
8466055,1,1,1,10,2025,2,34,12.0,5150000.0,48887
8466063,1,2,1,10,2025,1,53,3.0,900000.0,48890
8466066,1,3,1,10,2025,2,54,5.0,1800000.0,48900
8466067,1,3,1,10,2025,2,5,3.0,,48903
8466069,1,1,1,10,2025,2,70,4.0,,48905
8466073,1,1,1,10,2025,2,64,3.0,400000.0,48911
8466077,1,3,1,10,2025,1,0,,,48917
8466079,1,2,1,10,2025,2,49,4.0,400000.0,48919
8466086,1,2,1,10,2025,1,21,3.0,400000.0,48929
8466087,1,3,1,10,2025,1,18,6.0,,48932
8466088,1,1,1,10,2025,1,21,5.0,1600000.0,48934
8466089,1,1,1,10,2025,2,56,8.0,2847000.0,48935
8466092,1,1,1,10,2025,2,59,4.0,600000.0,48939
8466093,1,2,1,10,2025,2,25,12.0,4500000.0,48943
8466095,1,1,1,10,2025,1,49,10.0,5500000.0,48945
8466097,1,2,1,10,2025,1,24,6.0,3000000.0,48952
8466098,1,3,1,10,2025,2,18,10.0,,48955
8466100,1,1,1,10,2025,1,41,5.0,2184000.0,48959
8466100,1,3,1,10,2025,1,4,2.0,,48961
8466101,2,3,2,10,2025,1,21,5.0,,48965
8466109,1,1,1,10,2025,1,71,5.0,3900000.0,48972
8466109,1,2,1,10,2025,2,66,4.0,,48973
8466110,1,1,1,10,2025,2,51,4.0,1700000.0,48975
8466110,1,2,1,10,2025,1,62,5.0,,48976
8466111,1,1,1,10,2025,2,44,10.0,1800000.0,48978
8466112,1,1,1,10,2025,1,38,9.0,1423500.0,48980
8466112,1,3,1,10,2025,2,10,4.0,,48982
8466113,1,2,1,10,2025,1,39,5.0,,48985
8466113,1,3,1,10,2025,2,15,5.0,,48986
8466114,1,3,1,10,2025,2,19,10.0,,48990
8466114,1,5,1,10,2025,1,29,6.0,1600000.0,48992
8466115,1,1,1,10,2025,1,36,5.0,1000000.0,48995
8466117,1,2,1,10,2025,1,11,4.0,,49001
8466119,1,1,1,10,2025,2,34,8.0,1423500.0,49003
8466129,1,2,1,10,2025,2,50,5.0,,49013
8466134,1,2,1,10,2025,2,27,8.0,,49026
8466135,1,1,1,10,2025,2,31,10.0,1423500.0,49027
8466136,1,2,1,10,2025,2,34,6.0,1750000.0,49031
8466139,1,1,1,10,2025,2,35,8.0,,49042
8466140,1,1,1,10,2025,2,39,4.0,1600000.0,49045
8466141,1,1,1,10,2025,1,58,3.0,1423500.0,49047
8466142,1,1,1,10,2025,1,36,8.0,1600000.0,49049
8466143,1,1,1,10,2025,2,34,5.0,240000.0,49052
8466143,1,4,1,10,2025,1,28,4.0,1423500.0,49055
8466143,1,6,1,10,2025,1,7,2.0,,49057
8466144,1,1,1,10,2025,1,35,4.0,2000000.0,49058
8466144,1,2,1,10,2025,2,28,5.0,,49059
8466148,1,1,1,10,2025,2,41,5.0,500000.0,49070
8466148,1,2,1,10,2025,1,19,6.0,,49071
8466148,1,3,1,10,2025,2,12,3.0,,49072
8466149,1,1,1,10,2025,2,33,6.0,1423500.0,49073
8466150,1,1,1,10,2025,1,34,9.0,4500000.0,49076
8466151,1,2,1,10,2025,2,32,6.0,,49080
8466153,1,1,1,10,2025,2,48,8.0,1423500.0,49084
8466153,1,2,1,10,2025,1,25,6.0,,49085
8466156,1,1,1,10,2025,1,76,5.0,,49089
8466156,1,2,1,10,2025,2,67,4.0,,49090
8466157,1,2,1,10,2025,2,17,9.0,,49092
8466159,1,2,1,10,2025,1,31,5.0,,49097
8466159,1,3,1,10,2025,2,1,,,49098
8466162,1,2,1,10,2025,1,15,4.0,,49100
8466163,1,4,1,10,2025,1,27,5.0,,49104
8466163,1,5,1,10,2025,2,8,3.0,,49105
8466163,1,6,1,10,2025,2,2,,,49106
8466164,1,2,1,10,2025,2,15,5.0,,49108
8466166,1,4,1,10,2025,1,23,10.0,,49116
8466168,1,3,1,10,2025,2,16,5.0,,49122
8466169,1,1,1,10,2025,1,26,5.0,1200000.0,49123
8466171,1,4,1,10,2025,2,14,4.0,,49128
8466173,1,2,1,10,2025,2,61,10.0,,49132
8466174,1,2,1,10,2025,2,15,4.0,,49135
8466176,1,1,1,10,2025,1,35,10.0,3800000.0,49139
8466177,1,1,1,10,2025,2,29,5.0,1800000.0,49141
8466177,1,4,1,10,2025,2,70,3.0,,49144
8466178,1,1,1,10,2025,1,62,5.0,,49146
8466179,1,1,1,10,2025,2,25,10.0,,49149
8466180,1,1,1,10,2025,1,71,8.0,,49150
8466180,1,2,1,10,2025,2,69,3.0,,49151
8466182,1,2,1,10,2025,2,70,3.0,,49155
8466183,1,2,1,10,2025,2,44,10.0,,49158
8466187,1,1,1,10,2025,1,35,6.0,1423500.0,49163
8466190,1,1,1,10,2025,1,23,5.0,1600000.0,49172
8466191,1,1,1,10,2025,1,33,5.0,900000.0,49173
8466193,1,3,1,10,2025,1,20,10.0,,49178
8466193,1,4,1,10,2025,1,16,5.0,,49179
8466196,1,2,1,10,2025,2,58,5.0,,49185
8466197,1,1,1,10,2025,2,47,11.0,5000000.0,49187
8466198,1,2,1,10,2025,2,33,6.0,1000000.0,49190
8466199,1,1,1,10,2025,2,41,5.0,1400000.0,49192
8466199,1,2,1,10,2025,2,21,5.0,1623000.0,49193
8466200,1,1,1,10,2025,2,22,5.0,1800000.0,49195
8466200,1,2,1,10,2025,2,3,1.0,,49196
8466203,1,2,1,10,2025,1,59,4.0,,49204
8466207,1,1,1,10,2025,2,59,5.0,1423500.0,49208
8466207,1,2,1,10,2025,2,27,10.0,10000000.0,49209
8466209,1,1,1,10,2025,2,37,10.0,2000000.0,49210
8466211,1,4,1,10,2025,2,69,4.0,1423500.0,49216
8466216,1,2,1,10,2025,1,13,4.0,,49222
8466218,1,1,1,10,2025,1,30,5.0,2500000.0,49226
8466221,1,1,1,10,2025,1,48,5.0,1623500.0,49232
8466222,1,1,1,10,2025,1,59,5.0,7000000.0,49235
8466222,1,2,1,10,2025,2,58,5.0,,49236
8466224,1,1,1,10,2025,2,54,8.0,2800000.0,49237
8466228,1,1,1,10,2025,2,35,8.0,3000000.0,49240
8466228,1,2,1,10,2025,1,41,5.0,2300000.0,49241
8466232,1,1,1,10,2025,2,87,5.0,,49242
8466244,1,1,1,10,2025,1,21,3.0,1300000.0,49246
8466246,1,1,1,10,2025,1,58,4.0,3000000.0,49247
8466247,1,1,1,10,2025,1,30,9.0,2000000.0,49250
8466247,1,2,1,10,2025,2,27,8.0,,49251
8466247,1,3,1,10,2025,2,6,3.0,,49252
8466249,1,2,1,10,2025,2,39,5.0,2000000.0,49260
8466255,1,2,1,10,2025,1,19,4.0,,49271
8466256,1,1,1,10,2025,1,37,5.0,2000000.0,49274
8466258,1,1,1,10,2025,1,37,5.0,1700000.0,49276
8466267,1,2,1,10,2025,1,30,10.0,6000000.0,49280
8466269,1,2,1,10,2025,2,18,5.0,2100000.0,49282
8466269,1,3,1,10,2025,2,16,5.0,,49283
8466270,1,1,1,10,2025,2,31,10.0,2800000.0,49284
8466271,1,4,1,10,2025,2,18,5.0,1400000.0,49289
8466272,1,4,1,10,2025,1,6,3.0,,49294
8466275,1,1,1,10,2025,1,69,3.0,1200000.0,49296
8466275,1,2,1,10,2025,2,67,4.0,,49297
8466275,1,3,1,10,2025,2,23,10.0,780000.0,49298
8466279,1,1,1,10,2025,1,31,5.0,700000.0,49302
8466280,1,1,1,10,2025,2,28,8.0,2500000.0,49305
8466281,1,1,1,10,2025,2,66,8.0,400000.0,49308
8466282,1,1,1,10,2025,1,29,10.0,5600000.0,49311
8466284,1,2,1,10,2025,1,21,5.0,1500000.0,49313
8466284,1,3,1,10,2025,2,24,8.0,1500000.0,49314
8466285,1,1,1,10,2025,1,70,5.0,1000000.0,49316
8466287,1,1,1,10,2025,1,49,8.0,6500000.0,49318
8466288,1,1,1,10,2025,1,73,10.0,,49319
8466289,1,1,1,10,2025,2,31,10.0,5300000.0,49325
8466292,1,1,1,10,2025,2,76,3.0,,49328
8466293,1,3,1,10,2025,1,12,4.0,,49335
8466296,1,1,1,10,2025,1,31,7.0,2000000.0,49340
8466297,1,3,1,10,2025,1,33,4.0,350000.0,49343
8466306,1,2,1,10,2025,2,34,7.0,,49351
8466307,1,2,1,10,2025,2,9,3.0,,49354
8466310,1,1,1,10,2025,1,63,9.0,,49355
8466310,1,3,1,10,2025,1,35,10.0,5600000.0,49357
8466315,1,2,1,10,2025,2,35,10.0,2000000.0,49364
8466318,1,3,1,10,2025,1,19,10.0,800000.0,49370
8466324,1,1,1,10,2025,1,46,3.0,1250000.0,49378
8466324,1,2,1,10,2025,2,48,4.0,,49379
8466325,1,2,1,10,2025,1,19,3.0,960000.0,49384
8466325,2,1,2,10,2025,2,35,4.0,100000.0,49386
8466326,1,1,1,10,2025,1,32,4.0,1400000.0,49389
8466326,1,3,1,10,2025,2,10,3.0,,49391
8466327,1,3,1,10,2025,1,7,3.0,,49395
8466328,1,4,1,10,2025,1,10,3.0,,49400
8466330,1,5,1,10,2025,1,22,5.0,1600000.0,49409
8466331,1,1,1,10,2025,2,44,3.0,800000.0,49410
8466332,1,1,1,10,2025,1,58,5.0,1080000.0,49412
8466335,1,1,1,10,2025,2,30,4.0,,49418
8466335,1,5,1,10,2025,1,4,1.0,,49422
8466336,1,1,1,10,2025,1,31,5.0,1423500.0,49423
8466336,1,2,1,10,2025,2,27,5.0,,49424
8466337,1,3,1,10,2025,2,17,4.0,,49429
8466338,1,1,1,10,2025,1,44,4.0,2000000.0,49431
8466338,1,2,1,10,2025,2,34,5.0,1423500.0,49432
8466338,1,3,1,10,2025,1,17,4.0,,49433
8466340,1,1,1,10,2025,1,37,4.0,1573500.0,49442
8466341,1,1,1,10,2025,1,60,4.0,1000000.0,49444
8466344,1,1,1,10,2025,2,38,4.0,400000.0,49453
8466344,1,3,1,10,2025,1,20,4.0,,49455
8466344,1,5,1,10,2025,2,13,4.0,,49457
8466344,1,6,1,10,2025,2,3,1.0,,49458
8466345,1,1,1,10,2025,1,54,1.0,1100000.0,49459
8466345,1,8,1,10,2025,1,11,3.0,,49466
8466347,1,4,1,10,2025,1,6,3.0,,49472
8466348,1,6,1,10,2025,2,8,3.0,,49479
8466349,1,1,1,10,2025,1,63,8.0,600000.0,49483
8466351,1,1,1,10,2025,2,27,3.0,,49489
8466351,1,2,1,10,2025,1,27,4.0,600000.0,49490
8466351,1,3,1,10,2025,1,12,4.0,,49491
8466359,1,2,1,10,2025,1,26,10.0,2700000.0,49496
8466359,1,3,1,10,2025,2,8,3.0,,49497
8466359,1,4,1,10,2025,1,7,3.0,,49498
8466360,1,1,1,10,2025,2,37,5.0,,49499
8466360,1,2,1,10,2025,1,5,3.0,,49500
8466361,1,3,1,10,2025,1,8,3.0,,49503
8466361,1,4,1,10,2025,1,4,1.0,,49504
8466362,1,3,1,10,2025,1,2,,,49510
8466363,1,1,1,10,2025,2,40,10.0,,49511
8466364,1,3,1,10,2025,2,4,2.0,,49516
8466365,1,2,1,10,2025,1,42,5.0,350000.0,49518
8466365,1,4,1,10,2025,2,3,1.0,,49520
8466367,1,6,1,10,2025,2,8,3.0,,49528
8466367,1,8,1,10,2025,1,4,1.0,,49530
8466370,1,2,1,10,2025,1,32,5.0,1423000.0,49534
8466372,1,1,1,10,2025,1,72,3.0,,49541
8466372,1,2,1,10,2025,2,69,3.0,,49542
8466373,1,1,1,10,2025,1,57,6.0,,49543
8466374,1,1,1,10,2025,1,33,9.0,1723000.0,49547
8466378,1,3,1,10,2025,1,13,4.0,,49556
8466380,1,1,1,10,2025,2,59,5.0,,49558
8466382,1,2,1,10,2025,2,56,3.0,,49566
8466384,1,2,1,10,2025,2,17,6.0,,49568
8466386,1,2,1,10,2025,2,39,5.0,,49570
8466387,1,2,1,10,2025,2,49,3.0,,49574
8466388,1,1,1,10,2025,1,68,3.0,1600000.0,49577
8466390,1,1,1,10,2025,1,26,4.0,1440000.0,49581
8466391,1,2,1,10,2025,2,46,3.0,,49583
8466392,1,2,1,10,2025,2,28,5.0,,49586
8466392,1,3,1,10,2025,1,7,3.0,,49587
8466393,1,1,1,10,2025,2,48,3.0,,49588
8466393,1,2,1,10,2025,1,16,4.0,40000.0,49589
8466395,1,2,1,10,2025,2,58,3.0,,49592
8466395,1,3,1,10,2025,1,18,5.0,,49593
8466398,1,1,1,10,2025,2,45,1.0,350000.0,49600
8466398,1,4,1,10,2025,2,19,4.0,,49603
8466398,1,5,1,10,2025,1,20,5.0,500000.0,49604
8466398,1,7,1,10,2025,2,21,3.0,,49606
8466398,1,10,1,10,2025,1,4,1.0,,49609
8466399,1,4,1,10,2025,2,10,3.0,,49614
8466400,1,1,1,10,2025,2,53,3.0,100000.0,49615
8466400,1,3,1,10,2025,1,36,4.0,680000.0,49617
8466400,1,4,1,10,2025,2,30,3.0,,49618
8466400,1,5,1,10,2025,2,11,4.0,,49619
8466401,1,2,1,10,2025,2,40,8.0,1423000.0,49622
8466401,1,3,1,10,2025,1,10,4.0,,49623
8466402,1,2,1,10,2025,1,49,6.0,1600000.0,49625
8466402,1,6,1,10,2025,2,22,6.0,,49629
8466405,1,3,1,10,2025,2,0,,,49637
8466408,1,4,1,10,2025,2,13,4.0,,49643
8466408,1,5,1,10,2025,2,11,4.0,,49644
8466408,1,6,1,10,2025,1,8,3.0,,49645
8466408,1,7,1,10,2025,1,37,5.0,1400000.0,49646
8466411,1,3,1,10,2025,2,5,3.0,,49654
8466411,1,4,1,10,2025,2,2,,,49655
8466412,1,1,1,10,2025,2,24,5.0,1423000.0,49658
8466412,1,2,1,10,2025,1,6,3.0,,49659
8466415,1,1,1,10,2025,1,43,3.0,250000.0,49663
8466415,1,3,1,10,2025,2,16,10.0,,49665
8466416,1,2,1,10,2025,1,24,6.0,,49667
8466417,1,1,1,10,2025,1,68,3.0,1200000.0,49668
8466417,1,3,1,10,2025,1,6,3.0,,49670
8466417,1,4,1,10,2025,2,5,2.0,,49671
8466418,1,5,1,10,2025,2,23,5.0,1200000.0,49676
8466419,1,1,1,10,2025,1,58,3.0,1200000.0,49678
8466419,1,2,1,10,2025,2,46,3.0,,49679
8466419,1,6,1,10,2025,1,10,3.0,,49683
8466420,1,1,1,10,2025,1,32,9.0,0.0,49686
8466420,1,3,1,10,2025,1,8,3.0,,49688
8466420,1,5,1,10,2025,1,75,3.0,0.0,49690
8466421,1,2,1,10,2025,1,79,4.0,,49692
8466421,1,3,1,10,2025,1,33,1.0,,49693
8466421,1,4,1,10,2025,1,13,3.0,,49694
8466423,1,1,1,10,2025,2,31,9.0,,49697
8466423,1,3,1,10,2025,1,7,3.0,,49699
8466424,1,1,1,10,2025,1,51,3.0,1500000.0,49701
8466425,1,1,1,10,2025,2,71,1.0,,49702
8466425,1,2,1,10,2025,1,41,1.0,600000.0,49703
8466425,1,4,1,10,2025,1,12,3.0,,49705
8466426,1,5,1,10,2025,2,4,1.0,,49710
8466428,1,1,1,10,2025,1,57,1.0,800000.0,49713
8466428,1,2,1,10,2025,2,48,3.0,,49714
8466429,1,3,1,10,2025,1,13,4.0,,49719
8466434,1,3,1,10,2025,2,8,3.0,,49724
8466438,1,3,1,10,2025,1,80,1.0,,49735
8466439,1,4,1,10,2025,2,5,1.0,,49740
8466442,1,2,1,10,2025,2,79,3.0,,49748
8466444,1,1,1,10,2025,2,61,3.0,400000.0,49751
8466449,1,1,1,10,2025,2,39,5.0,100000.0,49758
8466452,1,3,1,10,2025,1,11,3.0,,49769
8466453,1,1,1,10,2025,1,43,5.0,1800000.0,49770
8466453,1,3,1,10,2025,1,22,10.0,,49772
8466453,1,4,1,10,2025,2,19,10.0,,49773
8466453,1,5,1,10,2025,1,15,5.0,,49774
8466454,1,1,1,10,2025,1,40,9.0,2800000.0,49775
8466454,1,4,1,10,2025,1,11,4.0,,49778
8466456,1,1,1,10,2025,1,82,3.0,,49781
8466457,1,1,1,10,2025,2,62,4.0,800000.0,49783
8466458,1,1,1,10,2025,2,33,3.0,450000.0,49786
8466458,1,2,1,10,2025,2,12,3.0,,49787
8466458,1,3,1,10,2025,2,4,1.0,,49788
8466459,1,1,1,10,2025,2,73,3.0,,49789
8466459,1,3,1,10,2025,2,46,4.0,,49791
8466459,1,6,1,10,2025,2,3,1.0,,49794
8466460,1,1,1,10,2025,1,52,5.0,1500000.0,49795
8466460,1,4,1,10,2025,2,72,3.0,,49798
8466461,1,1,1,10,2025,2,50,5.0,150000.0,49799
8466462,1,3,1,10,2025,2,20,6.0,,49805
8466463,1,1,1,10,2025,2,26,5.0,1000000.0,49806
8466464,1,1,1,10,2025,1,29,4.0,1400000.0,49810
8466464,1,4,1,10,2025,2,2,,,49813
8466465,1,1,1,10,2025,2,35,6.0,1600000.0,49814
8466465,1,4,1,10,2025,2,13,4.0,,49817
8466466,1,3,1,10,2025,1,52,3.0,1423000.0,49820
8466467,1,1,1,10,2025,1,23,6.0,800000.0,49821
8466468,1,1,1,10,2025,1,31,6.0,1100000.0,49823
8466470,1,1,1,10,2025,1,65,1.0,600000.0,49824
8466478,1,2,1,10,2025,2,42,4.0,,49837
8466478,1,3,1,10,2025,1,18,5.0,,49838
8466479,1,1,1,10,2025,1,71,3.0,1503000.0,49841
8466479,1,2,1,10,2025,2,53,3.0,,49842
8466479,1,3,1,10,2025,1,17,5.0,,49843
8466480,1,1,1,10,2025,1,39,5.0,1550000.0,49845
8466480,1,3,1,10,2025,2,10,3.0,,49847
8466482,1,4,1,10,2025,1,5,3.0,,49853
8466483,1,2,1,10,2025,1,48,1.0,1600000.0,49855
8466483,1,7,1,10,2025,2,9,3.0,,49860
8466484,1,2,1,10,2025,2,34,5.0,,49862
8466484,1,5,1,10,2025,2,6,3.0,,49865
8466487,1,1,1,10,2025,1,47,3.0,600000.0,49872
8466488,1,2,1,10,2025,2,40,3.0,,49874
8466488,1,4,1,10,2025,2,11,3.0,,49876
8466490,1,1,1,10,2025,1,38,3.0,1800000.0,49880
8466490,1,3,1,10,2025,2,15,5.0,,49882
8466491,1,1,1,10,2025,2,53,3.0,180000.0,49885
8466493,1,2,1,10,2025,2,64,1.0,,49890
8466493,1,3,1,10,2025,2,21,1.0,,49891
8466495,1,2,1,10,2025,2,63,1.0,,49893
8466495,1,5,1,10,2025,2,30,8.0,,49896
8466496,1,2,1,10,2025,1,66,8.0,,49900
8466497,1,1,1,10,2025,2,30,6.0,,49904
8466497,1,2,1,10,2025,1,38,4.0,1600000.0,49905
8466498,1,1,1,10,2025,2,28,8.0,,49909
8466498,1,2,1,10,2025,2,8,3.0,,49910
8466500,1,2,1,10,2025,1,8,3.0,,49915
8466500,1,3,1,10,2025,2,4,2.0,,49916
8466502,1,3,1,10,2025,2,16,4.0,1000000.0,49919
8466502,1,5,1,10,2025,2,8,3.0,,49921
8466502,1,6,1,10,2025,2,5,3.0,,49922
8466504,1,3,1,10,2025,1,32,1.0,,49928
8466505,1,4,1,10,2025,1,8,3.0,,49932
8466506,1,3,1,10,2025,1,2,,,49935
8466508,1,4,1,10,2025,1,7,3.0,,49941
8466511,1,4,1,10,2025,2,5,1.0,,49947
8466513,1,1,1,10,2025,2,40,4.0,,49952
8466513,1,3,1,10,2025,1,6,3.0,,49954
8466514,1,1,1,10,2025,2,63,3.0,,49955
8466515,1,1,1,10,2025,1,48,5.0,2500000.0,49959
8466515,1,3,1,10,2025,2,15,5.0,,49961
8466518,1,3,1,10,2025,1,4,2.0,,49971
8466519,1,1,1,10,2025,1,67,6.0,,49973
8466520,1,2,1,10,2025,2,18,4.0,800000.0,49976
8466521,1,1,1,10,2025,2,58,10.0,1200000.0,49977
8466523,1,1,1,10,2025,2,55,5.0,,49980
8466524,1,1,1,10,2025,2,45,3.0,,49982
8466528,1,1,1,10,2025,1,65,10.0,1700000.0,49991
8466529,1,1,1,10,2025,1,91,5.0,,49993
8466529,1,3,1,10,2025,1,18,10.0,,49995
8466533,1,2,1,10,2025,1,55,1.0,200000.0,50001
8466534,1,1,1,10,2025,2,67,1.0,,50002
8466540,1,3,1,10,2025,2,16,5.0,700000.0,50011
8466541,1,1,1,10,2025,1,38,3.0,700000.0,50012
8466542,1,1,1,10,2025,1,76,10.0,1000000.0,50015
8466546,1,1,1,10,2025,1,70,10.0,,50020
8466550,1,3,1,10,2025,2,13,4.0,,50029
8466551,1,2,1,10,2025,1,43,4.0,1200000.0,50031
8466557,1,1,1,10,2025,2,49,8.0,2200000.0,50040
8466557,1,3,1,10,2025,1,21,5.0,1663500.0,50042
8466560,1,1,1,10,2025,1,43,5.0,1500000.0,50046
8466560,1,2,1,10,2025,2,39,5.0,,50047
8466560,1,3,1,10,2025,2,24,8.0,,50048
8466560,1,4,1,10,2025,2,19,10.0,,50049
8466563,1,1,1,10,2025,2,56,6.0,600000.0,50054
8466564,1,1,1,10,2025,1,52,4.0,600000.0,50056
8466564,1,3,1,10,2025,1,14,4.0,,50058
8466565,1,5,1,10,2025,2,9,3.0,,50063
8466567,1,4,1,10,2025,1,8,3.0,,50070
8466570,1,1,1,10,2025,1,63,3.0,1200000.0,50076
8466570,1,2,1,10,2025,2,55,5.0,420000.0,50077
8466575,1,2,1,10,2025,2,35,5.0,1423000.0,50089
8466575,1,3,1,10,2025,1,19,5.0,1400000.0,50090
8466575,1,5,1,10,2025,1,10,5.0,,50092
8466576,1,2,1,10,2025,1,44,5.0,2400000.0,50094
8466576,1,6,1,10,2025,1,5,3.0,,50098
8466577,1,2,1,10,2025,1,41,4.0,1423000.0,50100
8466577,1,3,1,10,2025,1,18,3.0,1000000.0,50101
8466577,1,4,1,10,2025,2,11,4.0,,50102
8466581,1,1,1,10,2025,2,53,3.0,650000.0,50111
8466583,1,2,1,10,2025,1,52,3.0,1750000.0,50117
8466584,1,1,1,10,2025,2,41,3.0,,50119
8466585,1,1,1,10,2025,2,69,3.0,,50121
8466587,1,2,1,10,2025,1,13,4.0,,50125
8466589,1,1,1,10,2025,2,29,4.0,1000000.0,50127
8466589,1,3,1,10,2025,2,14,4.0,,50129
8466591,1,1,1,10,2025,1,40,5.0,1800000.0,50132
8466591,1,2,1,10,2025,1,16,5.0,,50133
8466593,1,1,1,10,2025,1,45,4.0,1200000.0,50137
8466598,1,2,1,10,2025,1,26,4.0,1300000.0,50148
8466599,1,2,1,10,2025,2,35,5.0,800000.0,50150
8466602,1,1,1,10,2025,2,23,3.0,900000.0,50154
8466603,1,2,1,10,2025,1,53,3.0,1500000.0,50157
8466604,1,2,1,10,2025,2,16,4.0,,50159
8466606,1,1,1,10,2025,2,57,3.0,,50162
8466606,1,3,1,10,2025,1,15,4.0,,50164
8466607,1,1,1,10,2025,2,27,5.0,,50165
8466607,1,2,1,10,2025,1,5,1.0,,50166
8466608,1,2,1,10,2025,1,10,3.0,,50168
8466609,1,3,1,10,2025,1,14,4.0,,50171
8466613,1,2,1,10,2025,1,13,4.0,,50179
8466615,1,1,1,10,2025,1,64,3.0,1750000.0,50182
8466615,1,2,1,10,2025,2,57,3.0,,50183
8466616,1,1,1,10,2025,1,33,3.0,1200000.0,50184
8466616,1,2,1,10,2025,2,27,4.0,,50185
8466618,1,2,1,10,2025,2,57,3.0,,50190
8466619,1,2,1,10,2025,2,25,5.0,,50192
8466621,1,1,1,10,2025,2,42,3.0,1500000.0,50197
8466622,1,1,1,10,2025,2,75,3.0,,50200
8466622,1,2,1,10,2025,2,54,3.0,1200000.0,50201
8466624,1,3,1,10,2025,2,8,3.0,,50207
8466628,1,2,1,10,2025,2,1,,,50217
8466629,1,1,1,10,2025,2,28,5.0,,50218
8466629,1,3,1,10,2025,1,9,3.0,,50220
8466630,1,3,1,10,2025,1,5,2.0,,50224
8466631,1,1,1,10,2025,2,32,8.0,,50226
8466631,1,3,1,10,2025,2,8,3.0,,50228
8466633,1,2,1,10,2025,1,14,5.0,,50231
8466635,1,1,1,10,2025,2,58,3.0,,50233
8466636,1,2,1,10,2025,1,1,,,50236
8466638,1,1,1,10,2025,1,46,3.0,2050000.0,50240
8466638,1,3,1,10,2025,1,5,1.0,,50242
8466640,1,1,1,10,2025,2,62,3.0,,50246
8466643,1,1,1,10,2025,1,77,3.0,,50250
8466644,1,2,1,10,2025,2,23,5.0,,50252
8466645,1,3,1,10,2025,2,16,5.0,,50257
8466650,1,1,1,10,2025,1,20,5.0,1500000.0,50267
8466651,1,1,1,10,2025,1,57,3.0,1500000.0,50270
8466651,1,2,1,10,2025,2,48,4.0,,50271
8466653,1,1,1,10,2025,1,69,3.0,1720000.0,50273
8466657,1,1,1,10,2025,2,43,5.0,700000.0,50283
8466657,1,2,1,10,2025,1,8,3.0,,50284
8466659,1,1,1,10,2025,2,25,5.0,,50287
8466660,1,1,1,10,2025,1,75,3.0,1200000.0,50288
8466660,1,2,1,10,2025,2,70,3.0,,50289
8466661,1,3,1,10,2025,1,3,1.0,,50292
8466668,1,4,1,10,2025,2,4,2.0,,50312
8466670,1,5,1,10,2025,2,10,3.0,,50317
8466670,1,6,1,10,2025,1,5,2.0,,50318
8466671,1,1,1,10,2025,2,25,4.0,,50320
8466671,1,3,1,10,2025,2,4,1.0,,50322
8466673,1,6,1,10,2025,2,7,3.0,,50332
8466674,1,4,1,10,2025,2,31,3.0,,50336
8466676,1,1,1,10,2025,2,55,3.0,,50338
8466676,1,2,1,10,2025,1,54,3.0,3000000.0,50339
8466677,1,1,1,10,2025,2,28,5.0,1250000.0,50341
8466678,1,2,1,10,2025,1,54,4.0,2150000.0,50344
8466678,1,3,1,10,2025,1,7,3.0,,50345
8466683,1,2,1,10,2025,2,65,4.0,550000.0,50350
8466685,1,2,1,10,2025,2,28,5.0,1600000.0,50354
8466685,1,3,1,10,2025,2,18,5.0,,50355
8466688,1,1,1,10,2025,1,29,10.0,,50359
8466688,1,2,1,10,2025,2,32,10.0,2500000.0,50360
8466689,1,1,1,10,2025,2,66,3.0,,50361
8466690,1,1,1,10,2025,2,76,5.0,,50364
8466695,1,2,1,10,2025,2,20,5.0,,50374
8466696,1,3,1,10,2025,2,13,4.0,,50378
8466697,1,2,1,10,2025,1,43,10.0,,50380
8466698,1,1,1,10,2025,2,44,10.0,1500000.0,50382
8466700,1,1,1,10,2025,1,34,3.0,1000000.0,50386
8466701,1,1,1,10,2025,1,56,1.0,600000.0,50388
8466702,1,1,1,10,2025,1,55,5.0,1450000.0,50391
8466704,1,1,1,10,2025,2,81,3.0,,50395
8466708,1,2,1,10,2025,2,27,3.0,,50405
8466709,1,2,1,10,2025,1,25,5.0,800000.0,50408
8466710,1,1,1,10,2025,2,46,9.0,3000000.0,50411
8466710,1,2,1,10,2025,1,51,5.0,1423500.0,50412
8466710,1,3,1,10,2025,1,17,5.0,,50413
8466711,1,1,1,10,2025,2,63,3.0,100000.0,50415
8466713,1,1,1,10,2025,1,23,10.0,,50420
8466713,1,2,1,10,2025,1,26,5.0,3000000.0,50421
8466714,1,4,1,10,2025,1,22,10.0,,50425
8466715,1,1,1,10,2025,1,28,4.0,1200000.0,50426
8466716,1,4,1,10,2025,1,15,4.0,,50431
8466722,1,1,1,10,2025,2,60,10.0,,50438
8466724,1,1,1,10,2025,2,25,10.0,4000000.0,50441
8466725,1,1,1,10,2025,1,63,3.0,,50442
8466726,1,1,1,10,2025,1,33,10.0,6000000.0,50444
8466726,1,3,1,10,2025,2,9,3.0,,50446
8466727,1,3,1,10,2025,1,16,5.0,,50450
8466727,1,4,1,10,2025,1,13,4.0,,50451
8466727,1,5,1,10,2025,2,11,3.0,,50452
8466728,1,1,1,10,2025,2,79,3.0,,50453
8466730,1,1,1,10,2025,1,65,3.0,1200000.0,50456
8466731,1,1,1,10,2025,1,30,4.0,1650000.0,50457
8466732,1,1,1,10,2025,2,53,3.0,,50460
8466732,1,2,1,10,2025,2,33,5.0,1350000.0,50461
8466732,1,5,1,10,2025,1,8,4.0,,50464
8466733,1,1,1,10,2025,1,28,8.0,2100000.0,50466
8466739,1,1,1,10,2025,1,55,4.0,1600000.0,50470
8466740,1,1,1,10,2025,1,44,5.0,1800000.0,50471
8466741,1,1,1,10,2025,2,64,3.0,1000000.0,50472
8466742,1,2,1,10,2025,1,18,10.0,,50474
8466743,1,2,1,10,2025,2,55,3.0,,50477
8466744,1,3,1,10,2025,2,24,5.0,1500000.0,50482
8466746,1,2,1,10,2025,1,84,3.0,,50484
8466747,1,1,1,10,2025,1,78,1.0,,50489
8466747,1,2,1,10,2025,2,77,10.0,,50490
8466749,1,1,1,10,2025,1,61,4.0,,50495
8466750,1,1,1,10,2025,1,67,10.0,,50498
8466751,1,1,1,10,2025,2,60,6.0,2500000.0,50500
8466752,1,3,1,10,2025,2,66,10.0,,50504
8466756,1,1,1,10,2025,1,51,5.0,2000000.0,50513
8466756,1,2,1,10,2025,2,47,10.0,5000000.0,50514
8466757,1,1,1,10,2025,2,52,11.0,5000000.0,50516
8466757,1,2,1,10,2025,1,32,10.0,3000000.0,50517
8466761,1,3,1,10,2025,1,34,5.0,1200000.0,50524
8466763,1,2,1,10,2025,2,60,4.0,,50529
8466763,1,3,1,10,2025,1,21,4.0,700000.0,50530
8466764,1,3,1,10,2025,1,19,8.0,,50533
8466765,1,2,1,10,2025,2,20,6.0,1300000.0,50537
8466766,1,2,1,10,2025,2,70,3.0,400000.0,50540
8466768,1,3,1,10,2025,1,56,3.0,1000000.0,50545
8466770,1,2,1,10,2025,2,13,4.0,,50549
8466780,1,2,1,10,2025,2,20,5.0,,50553
8466783,1,3,1,10,2025,1,61,10.0,2400000.0,50561
8466784,1,2,1,10,2025,1,28,12.0,3000000.0,50563
8466785,1,3,1,10,2025,1,11,4.0,,50566
8466787,1,1,1,10,2025,1,66,5.0,720000.0,50567
8466788,1,2,1,10,2025,1,56,1.0,1500000.0,50570
8466788,1,3,1,10,2025,2,38,5.0,560000.0,50571
8466792,1,2,1,10,2025,2,44,4.0,,50577
8466792,2,1,2,10,2025,2,26,5.0,1500000.0,50579
8466792,2,2,2,10,2025,1,7,3.0,,50580
8466793,1,1,1,10,2025,1,60,3.0,1000000.0,50582
8466793,1,2,1,10,2025,2,54,3.0,,50583
8466793,1,4,1,10,2025,2,30,5.0,,50585
8466793,1,5,1,10,2025,1,12,3.0,,50586
8466795,1,1,1,10,2025,2,75,10.0,,50587
8466795,1,3,1,10,2025,2,25,6.0,2360000.0,50589
8466796,1,1,1,10,2025,1,52,3.0,1200000.0,50590
8466796,1,2,1,10,2025,2,56,3.0,,50591
8466797,1,1,1,10,2025,1,29,4.0,1440000.0,50592
8466797,1,2,1,10,2025,2,43,5.0,,50593
8466798,1,3,1,10,2025,2,16,5.0,,50597
8466799,1,1,1,10,2025,2,57,4.0,,50599
8466800,1,2,1,10,2025,1,29,4.0,1400000.0,50602
8466802,1,1,1,10,2025,2,58,5.0,,50605
8466802,1,2,1,10,2025,1,57,3.0,,50606
8466802,1,4,1,10,2025,2,4,1.0,,50608
8466803,1,1,1,10,2025,2,29,5.0,1423500.0,50610
8466803,1,2,1,10,2025,1,33,8.0,1400000.0,50611
8466803,1,3,1,10,2025,2,9,3.0,,50612
8466804,1,1,1,10,2025,1,53,4.0,1400000.0,50613
8466804,1,2,1,10,2025,1,30,10.0,,50614
8466805,1,2,1,10,2025,2,20,9.0,,50617
8466806,1,2,1,10,2025,2,27,10.0,1400000.0,50619
8466807,1,1,1,10,2025,2,37,5.0,1513500.0,50620
8466808,1,1,1,10,2025,1,44,9.0,3600000.0,50622
8466809,1,2,1,10,2025,1,35,6.0,600000.0,50624
8466813,1,2,1,10,2025,2,51,3.0,,50634
8466814,1,3,1,10,2025,1,13,4.0,,50637
8466814,1,4,1,10,2025,1,13,4.0,,50638
8466817,1,1,1,10,2025,1,44,3.0,1550000.0,50645
8466818,1,1,1,10,2025,1,88,3.0,,50648
8466819,1,1,1,10,2025,1,70,10.0,0.0,50650
8466821,1,2,1,10,2025,2,37,3.0,,50656
8466821,1,3,1,10,2025,1,17,10.0,,50657
8466821,1,4,1,10,2025,1,7,3.0,,50658
8466822,1,2,1,10,2025,2,25,5.0,,50660
8466828,1,1,1,10,2025,1,50,1.0,2700000.0,50664
8466829,1,3,1,10,2025,2,5,2.0,,50668
8466830,1,1,1,10,2025,2,41,3.0,330000.0,50669
8466831,1,2,1,10,2025,2,20,5.0,,50673
8466832,1,3,1,10,2025,1,7,3.0,,50677
8466832,1,4,1,10,2025,1,7,3.0,,50678
8466834,1,1,1,10,2025,1,31,5.0,840000.0,50681
8466834,1,3,1,10,2025,2,0,,,50683
8466837,1,1,1,10,2025,1,55,3.0,750000.0,50686
8466837,1,2,1,10,2025,2,54,3.0,310000.0,50687
8466838,1,4,1,10,2025,2,6,2.0,,50691
8466839,1,1,1,10,2025,1,19,5.0,1500000.0,50692
8466839,1,3,1,10,2025,2,1,,,50694
8466841,1,1,1,10,2025,1,41,3.0,600000.0,50697
8466841,1,2,1,10,2025,2,36,1.0,,50698
8466843,1,2,1,10,2025,1,29,3.0,950000.0,50706
8466844,1,1,1,10,2025,2,77,1.0,,50708
8466844,1,2,1,10,2025,1,100,1.0,,50709
8466846,1,1,1,10,2025,1,45,3.0,700000.0,50712
8466846,1,2,1,10,2025,1,36,3.0,480000.0,50713
8466848,1,2,1,10,2025,2,66,3.0,,50717
8466848,1,3,1,10,2025,1,35,4.0,,50718
8466849,1,3,1,10,2025,2,54,1.0,,50724
8466852,1,2,1,10,2025,2,40,1.0,800000.0,50733
8466852,1,4,1,10,2025,2,8,3.0,,50735
8466853,1,4,1,10,2025,1,11,3.0,,50740
8466854,1,2,1,10,2025,2,44,3.0,,50742
8466855,1,1,1,10,2025,1,24,3.0,400000.0,50743
8466855,1,2,1,10,2025,2,30,4.0,,50744
8466855,1,3,1,10,2025,1,10,3.0,,50745
8466856,1,2,1,10,2025,1,30,5.0,700000.0,50747
8466856,1,3,1,10,2025,2,4,2.0,,50748
8466856,1,4,1,10,2025,1,2,,,50749
8466857,1,2,1,10,2025,2,52,1.0,500000.0,50751
8466858,1,1,1,10,2025,1,62,3.0,700000.0,50754
8466859,1,2,1,10,2025,2,32,3.0,360000.0,50756
8466859,1,3,1,10,2025,1,16,4.0,,50757
8466860,1,2,1,10,2025,1,39,1.0,480000.0,50760
8466860,1,4,1,10,2025,1,15,4.0,360000.0,50762
8466861,1,1,1,10,2025,1,25,3.0,800000.0,50764
8466861,1,3,1,10,2025,1,11,3.0,,50766
8466863,1,1,1,10,2025,1,31,5.0,5000000.0,50770
8466864,1,1,1,10,2025,2,24,3.0,,50772
8466864,1,2,1,10,2025,1,28,3.0,1500000.0,50773
8466865,1,1,1,10,2025,1,24,3.0,1200000.0,50775
8466865,1,2,1,10,2025,2,19,5.0,1200000.0,50776
8466866,1,1,1,10,2025,2,43,3.0,720000.0,50777
8466867,1,4,1,10,2025,2,5,2.0,,50782
8466868,1,2,1,10,2025,2,21,3.0,100000.0,50785
8466868,1,3,1,10,2025,2,5,2.0,,50786
8466870,1,1,1,10,2025,1,34,8.0,1423500.0,50787
8466870,1,2,1,10,2025,2,30,10.0,80000.0,50788
8466870,1,4,1,10,2025,1,3,2.0,,50790
8466871,1,3,1,10,2025,1,13,4.0,,50793
8466875,1,2,1,10,2025,1,25,5.0,1000000.0,50799
8466875,1,4,1,10,2025,1,7,3.0,,50801
8466879,1,1,1,10,2025,1,27,5.0,2500000.0,50806
8466879,1,3,1,10,2025,1,1,,,50808
8466882,1,5,1,10,2025,2,80,1.0,,50821
8466884,1,2,1,10,2025,2,19,7.0,600000.0,50826
8466894,1,1,1,10,2025,2,45,3.0,,50831
8466894,1,2,1,10,2025,2,22,6.0,1400000.0,50832
8466895,1,2,1,10,2025,2,30,5.0,,50836
8466895,1,3,1,10,2025,2,4,2.0,,50837
8466896,1,2,1,10,2025,2,8,3.0,,50839
8466898,1,2,1,10,2025,2,30,5.0,,50843
8466898,1,3,1,10,2025,2,9,3.0,,50844
8466899,1,1,1,10,2025,2,31,10.0,2500000.0,50845
8466901,1,2,1,10,2025,2,35,5.0,,50852
8466901,1,3,1,10,2025,2,11,4.0,,50853
8466902,1,3,1,10,2025,1,19,8.0,400000.0,50856
8466907,1,1,1,10,2025,1,63,3.0,2000000.0,50865
8466908,1,1,1,10,2025,1,55,1.0,1000000.0,50866
8466909,1,1,1,10,2025,2,62,5.0,,50869
8466910,1,1,1,10,2025,1,63,1.0,1100000.0,50872
8466926,1,3,1,10,2025,2,8,3.0,,50880
8466926,1,4,1,10,2025,2,8,3.0,,50881
8466932,1,3,1,10,2025,2,32,5.0,,50889
8466932,1,4,1,10,2025,1,9,3.0,,50890
8466933,1,1,1,10,2025,2,29,3.0,,50893
8466933,1,2,1,10,2025,1,11,3.0,,50894
8466935,1,4,1,10,2025,1,3,1.0,,50899
8466937,1,2,1,10,2025,1,56,4.0,400000.0,50901
8466937,1,3,1,10,2025,2,21,5.0,50000.0,50902
8466940,1,1,1,10,2025,1,44,3.0,700000.0,50904
8466940,1,3,1,10,2025,2,2,,,50906
8466941,1,1,1,10,2025,1,51,1.0,480000.0,50907
8466942,1,3,1,10,2025,1,12,4.0,,50911
8466943,1,1,1,10,2025,2,40,3.0,,50912
8466943,1,6,1,10,2025,2,18,5.0,,50917
8466943,1,7,1,10,2025,2,0,,,50918
8466944,1,1,1,10,2025,1,67,11.0,6800000.0,50920
8466945,1,3,1,10,2025,2,39,10.0,100000.0,50925
8466945,1,5,1,10,2025,1,6,3.0,,50927
8466946,1,2,1,10,2025,2,46,5.0,,50929
8466946,1,3,1,10,2025,2,22,10.0,,50930
8466947,1,2,1,10,2025,2,27,5.0,,50933
8466948,1,2,1,10,2025,2,74,3.0,,50935
8466949,1,1,1,10,2025,1,47,1.0,800000.0,50937
8466949,1,2,1,10,2025,2,44,4.0,710000.0,50938
8466951,1,3,1,10,2025,1,20,5.0,,50944
8466955,1,1,1,10,2025,1,25,5.0,1500000.0,50947
8466955,1,2,1,10,2025,2,23,5.0,750000.0,50948
8466957,1,2,1,10,2025,2,30,5.0,,50950
8466958,1,1,1,10,2025,2,30,5.0,140000.0,50953
8466958,1,3,1,10,2025,1,7,3.0,,50955
8466959,1,1,1,10,2025,2,36,4.0,,50956
8466959,1,2,1,10,2025,1,13,4.0,,50957
8466960,1,1,1,10,2025,2,40,3.0,200000.0,50959
8466960,1,3,1,10,2025,2,17,4.0,,50961
8466961,1,1,1,10,2025,2,40,4.0,80000.0,50965
8466961,1,2,1,10,2025,2,19,5.0,,50966
8466963,1,1,1,10,2025,2,51,3.0,300000.0,50970
8466964,1,1,1,10,2025,2,66,1.0,156000.0,50972
8466967,1,2,1,10,2025,1,34,5.0,800000.0,50978
8466967,1,3,1,10,2025,1,9,3.0,,50979
8466967,2,1,2,10,2025,2,40,5.0,200000.0,50980
8466969,1,1,1,10,2025,2,51,1.0,,50983
8466969,1,2,1,10,2025,1,35,5.0,900000.0,50984
8466970,1,1,1,10,2025,2,62,1.0,150000.0,50986
8466970,1,2,1,10,2025,2,86,1.0,,50987
8466971,1,2,1,10,2025,2,37,5.0,1800000.0,50990
8466971,1,5,1,10,2025,1,13,4.0,,50993
8466972,1,1,1,10,2025,1,63,3.0,600000.0,50995
8466973,1,1,1,10,2025,2,34,5.0,600000.0,50998
8466973,1,3,1,10,2025,2,12,4.0,,51000
8466974,1,3,1,10,2025,1,36,5.0,440000.0,51004
8466974,1,5,1,10,2025,2,19,10.0,,51006
8466975,1,1,1,10,2025,1,62,4.0,300000.0,51007
8466975,1,2,1,10,2025,2,65,3.0,60000.0,51008
8466975,1,3,1,10,2025,1,30,10.0,,51009
8466975,1,6,1,10,2025,2,27,10.0,,51012
8466976,1,1,1,10,2025,1,47,10.0,350000.0,51014
8466978,1,3,1,10,2025,1,40,5.0,1000000.0,51022
8466979,1,1,1,10,2025,1,47,4.0,70000.0,51023
8466980,1,1,1,10,2025,1,41,5.0,600000.0,51025
8466982,1,1,1,10,2025,2,79,1.0,,51031
8466983,1,3,1,10,2025,1,4,1.0,,51035
8466987,1,4,1,10,2025,2,20,5.0,,51047
8466987,1,5,1,10,2025,2,25,10.0,500000.0,51048
8466989,1,4,1,10,2025,1,19,5.0,,51055
8466990,1,3,1,10,2025,2,20,5.0,,51058
8466992,1,2,1,10,2025,2,43,4.0,,51064
8466995,1,1,1,10,2025,1,35,10.0,2000000.0,51070
8466996,1,2,1,10,2025,2,41,4.0,280000.0,51074
8466996,1,3,1,10,2025,2,21,5.0,,51075
8466996,1,4,1,10,2025,1,7,3.0,,51076
8466996,1,6,1,10,2025,1,5,2.0,,51078
8466998,1,2,1,10,2025,2,55,5.0,40000.0,51081
8466999,1,5,1,10,2025,1,6,3.0,,51086
8467000,1,1,1,10,2025,1,27,5.0,640000.0,51087
8467000,1,3,1,10,2025,2,6,3.0,,51089
8467001,1,1,1,10,2025,1,43,3.0,400000.0,51091
8467001,1,2,1,10,2025,2,40,3.0,,51092
8467001,1,4,1,10,2025,2,8,3.0,,51094
8467002,1,2,1,10,2025,2,40,3.0,,51097
8467002,1,3,1,10,2025,2,25,5.0,160000.0,51098
8467002,1,4,1,10,2025,1,23,5.0,500000.0,51099
8467003,1,2,1,10,2025,1,64,3.0,600000.0,51102
8467003,1,5,1,10,2025,2,13,4.0,,51105
8467003,1,7,1,10,2025,1,13,4.0,,51107
8467004,1,3,1,10,2025,2,1,,,51110
8467005,1,1,1,10,2025,1,66,4.0,,51112
8467007,1,1,1,10,2025,1,45,5.0,1200000.0,51114
8467008,1,1,1,10,2025,1,65,13.0,,51116
8467015,1,1,1,10,2025,2,62,4.0,,51128
8467016,1,1,1,10,2025,2,45,8.0,2600000.0,51129
8467016,1,2,1,10,2025,1,10,3.0,,51130
8467017,1,4,1,10,2025,2,18,8.0,3000000.0,51135
8467022,1,1,1,10,2025,1,35,3.0,1423500.0,51141
8467024,1,1,1,10,2025,2,35,10.0,4400000.0,51144
8467025,1,1,1,10,2025,2,28,10.0,4680000.0,51145
8467025,1,2,1,10,2025,1,29,8.0,3500000.0,51146
8467027,1,1,1,10,2025,2,40,10.0,3200000.0,51148
8467027,1,2,1,10,2025,2,25,10.0,3500000.0,51149
8467029,1,3,1,10,2025,1,35,6.0,2200000.0,51153
8467030,1,1,1,10,2025,2,37,8.0,,51154
8467030,1,2,1,10,2025,1,17,5.0,,51155
8467031,1,1,1,10,2025,2,84,1.0,,51156
8467034,1,2,1,10,2025,1,21,4.0,,51161
8467034,1,3,1,10,2025,1,15,4.0,,51162
8467036,1,1,1,10,2025,2,34,8.0,1800000.0,51164
8467037,1,3,1,10,2025,1,7,3.0,,51169
8467038,1,1,1,10,2025,1,42,8.0,2000000.0,51170
8467044,1,1,1,10,2025,2,55,5.0,600000.0,51179
8467047,1,2,1,10,2025,2,55,5.0,,51185
8467047,1,3,1,10,2025,2,20,5.0,,51186
8467049,1,1,1,10,2025,1,55,5.0,1200000.0,51188
8467049,1,3,1,10,2025,2,32,5.0,1423500.0,51190
8467050,1,1,1,10,2025,2,48,3.0,,51193
8467051,1,1,1,10,2025,1,37,10.0,2000000.0,51195
8467051,1,3,1,10,2025,2,4,1.0,,51197
8467052,1,2,1,10,2025,1,68,6.0,1400000.0,51200
8467052,1,3,1,10,2025,1,28,10.0,2200000.0,51201
8467053,1,3,1,10,2025,2,16,5.0,,51204
8467053,1,4,1,10,2025,2,14,4.0,,51205
8467053,1,5,1,10,2025,1,12,4.0,,51206
8467059,1,3,1,10,2025,1,8,3.0,,51214
8467059,1,4,1,10,2025,1,2,,,51215
8467060,1,1,1,10,2025,2,55,8.0,,51216
8467060,1,8,1,10,2025,1,8,3.0,,51223
8467061,1,2,1,10,2025,1,15,5.0,,51227
8467066,1,1,1,10,2025,2,43,3.0,,51235
8467067,1,3,1,10,2025,2,9,3.0,,51241
8467068,1,3,1,10,2025,1,14,5.0,,51244
8467069,1,1,1,10,2025,2,35,4.0,1150000.0,51246
8467069,1,2,1,10,2025,2,12,4.0,,51247
8467070,1,3,1,10,2025,2,13,4.0,,51250
8467072,1,1,1,10,2025,2,56,1.0,,51256
8467072,1,3,1,10,2025,1,43,4.0,700000.0,51258
8467073,1,1,1,10,2025,1,44,4.0,,51259
8467073,1,3,1,10,2025,1,26,1.0,,51261
8467074,1,2,1,10,2025,1,19,10.0,,51263
8467076,1,1,1,10,2025,1,41,5.0,1423500.0,51268
8467076,1,2,1,10,2025,2,45,8.0,1423500.0,51269
8467076,1,3,1,10,2025,1,17,5.0,,51270
8467076,2,2,2,10,2025,2,37,5.0,,51273
8467076,2,3,2,10,2025,1,22,5.0,,51274
8467079,1,1,1,10,2025,1,72,3.0,900000.0,51284
8467080,1,2,1,10,2025,2,33,5.0,,51288
8467080,1,4,1,10,2025,2,6,3.0,,51290
8467081,1,2,1,10,2025,1,49,5.0,1200000.0,51293
8467081,1,3,1,10,2025,1,48,5.0,800000.0,51294
8467082,1,1,1,10,2025,2,23,4.0,,51295
8467083,1,1,1,10,2025,1,37,3.0,900000.0,51299
8467083,1,2,1,10,2025,2,16,5.0,,51300
8467084,1,4,1,10,2025,2,1,,,51305
8467086,1,2,1,10,2025,1,69,5.0,1423500.0,51310
8467087,1,2,1,10,2025,2,41,4.0,,51313
8467088,1,2,1,10,2025,2,51,5.0,,51317
8467089,1,1,1,10,2025,1,39,9.0,1800000.0,51321
8467091,1,1,1,10,2025,2,23,5.0,1200000.0,51328
8467091,1,3,1,10,2025,2,26,5.0,1423500.0,51330
8467092,1,1,1,10,2025,1,62,5.0,1000000.0,51332
8467093,1,2,1,10,2025,2,51,1.0,,51337
8467094,1,4,1,10,2025,1,9,3.0,,51342
8467095,1,2,1,10,2025,2,31,1.0,,51345
8467098,1,3,1,10,2025,1,14,4.0,,51354
8467099,1,2,1,10,2025,2,45,5.0,,51356
8467099,1,4,1,10,2025,2,8,3.0,,51358
8467100,1,3,1,10,2025,1,26,6.0,1600000.0,51362
8467101,1,1,1,10,2025,1,49,3.0,1423500.0,51366
8467101,1,2,1,10,2025,2,44,5.0,,51367
8467101,1,3,1,10,2025,2,19,10.0,,51368
8467102,1,2,1,10,2025,1,38,3.0,1500000.0,51371
8467102,1,4,1,10,2025,1,6,3.0,,51373
8467105,1,1,1,10,2025,1,50,5.0,1000000.0,51378
8467105,1,3,1,10,2025,1,27,3.0,,51380
8467106,1,8,1,10,2025,2,23,8.0,,51388
8467107,1,2,1,10,2025,2,65,4.0,,51390
8467109,1,3,1,10,2025,2,54,5.0,600000.0,51397
8467111,1,1,1,10,2025,2,34,8.0,1623500.0,51402
8467112,1,6,1,10,2025,1,10,3.0,,51410
8467114,1,2,1,10,2025,2,40,3.0,,51416
8467114,1,3,1,10,2025,2,10,3.0,,51417
8467114,1,4,1,10,2025,2,4,1.0,,51418
8467117,1,2,1,10,2025,2,21,8.0,,51430
8467117,1,3,1,10,2025,1,12,4.0,,51431
8467118,1,2,1,10,2025,2,57,3.0,380000.0,51433
8467121,1,1,1,10,2025,1,42,10.0,6500000.0,51436
8467121,1,2,1,10,2025,2,34,8.0,,51437
8467125,1,1,1,10,2025,1,47,9.0,1420000.0,51449
8467125,1,3,1,10,2025,1,22,9.0,,51451
8467125,1,4,1,10,2025,2,18,5.0,,51452
8467125,1,5,1,10,2025,2,6,3.0,,51453
8467126,1,5,1,10,2025,2,9,3.0,,51458
8467127,1,1,1,10,2025,1,60,4.0,1420000.0,51459
8467130,1,3,1,10,2025,1,33,1.0,,51470
8467131,1,1,1,10,2025,1,23,9.0,2000000.0,51471
8467131,1,3,1,10,2025,1,18,9.0,,51473
8467132,1,4,1,10,2025,2,17,5.0,,51477
8467132,1,5,1,10,2025,1,15,4.0,,51478
8467133,1,2,1,10,2025,1,63,3.0,600000.0,51480
8467135,1,1,1,10,2025,1,32,10.0,1800000.0,51482
8467137,1,2,1,10,2025,1,38,9.0,2000000.0,51488
8467139,1,1,1,10,2025,2,52,3.0,960000.0,51495
8467140,1,1,1,10,2025,1,50,3.0,1423500.0,51499
8467142,1,2,1,10,2025,1,32,4.0,,51505
8467143,1,1,1,10,2025,1,83,3.0,,51507
8467143,1,2,1,10,2025,2,72,3.0,,51508
8467148,1,1,1,10,2025,1,37,5.0,3000000.0,51517
8467151,1,2,1,10,2025,1,33,5.0,1423500.0,51526
8467155,1,2,1,10,2025,2,18,6.0,,51540
8467156,1,2,1,10,2025,2,11,4.0,,51542
8467158,1,1,1,10,2025,1,72,5.0,,51545
8467159,1,1,1,10,2025,1,81,4.0,,51547
8467159,1,2,1,10,2025,2,68,5.0,,51548
8467160,1,2,1,10,2025,2,43,3.0,400000.0,51550
8467163,1,1,1,10,2025,1,17,10.0,800000.0,51554
8467166,1,3,1,10,2025,1,20,10.0,,51560
8467167,1,2,1,10,2025,1,68,3.0,800000.0,51562
8467174,1,2,1,10,2025,2,24,10.0,,51571
8467175,1,1,1,10,2025,1,77,10.0,,51572
8467175,1,2,1,10,2025,2,71,10.0,,51573
8467176,1,2,1,10,2025,1,31,5.0,1423500.0,51575
8467177,1,1,1,10,2025,1,55,3.0,1500000.0,51576
8467179,1,1,1,10,2025,1,61,4.0,,51581
8467185,1,1,1,10,2025,1,51,5.0,700000.0,51595
8467188,1,1,1,10,2025,1,57,5.0,1600000.0,51600
8467192,1,1,1,10,2025,2,44,9.0,1423500.0,51607
8467193,1,2,1,10,2025,2,41,8.0,,51610
8467195,1,2,1,10,2025,2,26,10.0,,51615
8467196,1,1,1,10,2025,1,75,3.0,,51616
8467196,1,2,1,10,2025,2,64,3.0,,51617
8467196,1,5,1,10,2025,2,13,4.0,,51620
8467197,1,2,1,10,2025,1,45,10.0,3000000.0,51622
8467199,1,3,1,10,2025,2,3,2.0,,51629
8467201,1,2,1,10,2025,1,38,4.0,2200000.0,51633
8467201,1,4,1,10,2025,1,79,3.0,1200000.0,51635
8467204,1,2,1,10,2025,2,42,9.0,1801000.0,51640
8467204,1,3,1,10,2025,1,15,4.0,,51641
8467206,1,2,1,10,2025,2,36,8.0,1423500.0,51644
8467206,1,3,1,10,2025,2,11,4.0,,51645
8467206,1,4,1,10,2025,2,5,3.0,,51646
8467208,1,1,1,10,2025,2,25,8.0,1900000.0,51648
8467209,1,2,1,10,2025,2,21,8.0,1423500.0,51650
8467209,1,3,1,10,2025,2,20,5.0,1423500.0,51651
8467211,1,2,1,10,2025,2,68,5.0,,51656
8467213,1,3,1,10,2025,2,33,10.0,150000.0,51663
8467214,1,2,1,10,2025,2,32,10.0,2200000.0,51665
8467217,1,3,1,10,2025,1,29,5.0,1623500.0,51672
8467218,1,1,1,10,2025,2,52,5.0,500000.0,51673
8467219,1,1,1,10,2025,2,44,8.0,1500000.0,51676
8467219,1,2,1,10,2025,2,7,3.0,,51677
8467222,1,1,1,10,2025,2,54,10.0,,51683
8467222,1,2,1,10,2025,1,64,11.0,6000000.0,51684
8467227,1,1,1,10,2025,1,77,3.0,,51691
8467230,1,1,1,10,2025,2,71,8.0,,51697
8467230,1,4,1,10,2025,1,45,4.0,1000000.0,51700
8467232,1,1,1,10,2025,2,33,10.0,,51704
8467233,1,3,1,10,2025,1,32,10.0,,51708
8467236,1,3,1,10,2025,2,17,10.0,,51713
8467237,1,1,1,10,2025,1,63,5.0,,51714
8467237,1,2,1,10,2025,2,88,5.0,,51715
8467238,1,1,1,10,2025,2,42,5.0,2000000.0,51716
8467240,1,2,1,10,2025,2,23,10.0,450000.0,51720
8467241,1,1,1,10,2025,2,50,12.0,6100000.0,51721
8467250,1,1,1,10,2025,2,48,5.0,750000.0,51737
8467252,1,2,1,10,2025,2,44,10.0,3200000.0,51741
8467253,1,1,1,10,2025,1,43,3.0,1200000.0,51743
8467255,1,1,1,10,2025,2,70,4.0,,51750
8467256,1,2,1,10,2025,2,26,5.0,,51752
8467258,1,1,1,10,2025,1,19,10.0,,51756
8467259,1,1,1,10,2025,2,78,3.0,,51757
8467261,1,1,1,10,2025,2,36,3.0,,51760
8467262,1,2,1,10,2025,2,37,3.0,400000.0,51765
8467262,1,3,1,10,2025,1,18,5.0,,51766
8467262,1,4,1,10,2025,2,16,5.0,,51767
8467263,1,1,1,10,2025,1,62,3.0,,51768
8467263,1,2,1,10,2025,1,27,5.0,1623500.0,51769
8467264,1,1,1,10,2025,2,58,4.0,,51771
8467264,1,3,1,10,2025,1,18,10.0,,51773
8467266,1,1,1,10,2025,2,21,10.0,500000.0,51775
8467270,1,2,1,10,2025,1,47,3.0,,51783
8467272,1,3,1,10,2025,2,19,10.0,,51793
8467273,1,1,1,10,2025,1,40,5.0,550000.0,51795
8467274,1,1,1,10,2025,2,66,3.0,2240000.0,51799
8467275,1,1,1,10,2025,2,80,3.0,,51801
8467275,1,2,1,10,2025,2,83,3.0,,51802
8467277,1,1,1,10,2025,1,29,8.0,1000000.0,51805
8467281,1,3,1,10,2025,1,13,4.0,,51815
8467282,1,1,1,10,2025,1,28,6.0,1700000.0,51816
8467282,1,2,1,10,2025,2,27,5.0,140000.0,51817
8467285,1,1,1,10,2025,2,53,3.0,1703500.0,51823
8467286,1,3,1,10,2025,2,5,2.0,,51826
8467288,1,3,1,10,2025,2,27,10.0,,51831
8467289,1,1,1,10,2025,2,20,9.0,,51833
8467292,1,1,1,10,2025,2,46,10.0,1400000.0,51838
8467293,1,1,1,10,2025,1,61,3.0,540000.0,51841
8467298,1,1,1,10,2025,2,76,3.0,,51847
8467301,1,4,1,10,2025,2,38,10.0,1600000.0,51856
8467304,1,1,1,10,2025,1,55,9.0,2700000.0,51864
8467304,1,3,1,10,2025,1,23,9.0,,51866
8467304,1,4,1,10,2025,1,18,5.0,,51867
8467304,1,5,1,10,2025,2,10,3.0,,51868
8467305,1,2,1,10,2025,1,55,5.0,1500000.0,51870
8467307,1,1,1,10,2025,2,95,1.0,,51873
8467307,1,2,1,10,2025,1,76,3.0,,51874
8467308,1,1,1,10,2025,2,53,8.0,1423500.0,51875
8467309,1,2,1,10,2025,1,15,4.0,,51878
8467309,1,3,1,10,2025,1,3,2.0,,51879
8467310,1,1,1,10,2025,2,26,8.0,500000.0,51880
8467310,1,2,1,10,2025,1,6,3.0,,51881
8467311,1,2,1,10,2025,2,20,9.0,,51884
8467315,1,1,1,10,2025,1,53,3.0,1500000.0,51887
8467318,1,1,1,10,2025,2,50,6.0,900000.0,51894
8467318,1,3,1,10,2025,1,6,3.0,,51896
8467319,1,2,1,10,2025,1,22,10.0,,51898
8467321,1,3,1,10,2025,2,17,8.0,,51903
8467321,1,4,1,10,2025,1,14,4.0,,51904
8467322,1,3,1,10,2025,2,33,10.0,,51908
8467322,1,5,1,10,2025,2,1,,,51910
8467323,1,1,1,10,2025,2,45,6.0,,51911
8467323,1,4,1,10,2025,1,16,4.0,,51914
8467327,1,1,1,10,2025,1,33,10.0,2500000.0,51919
8467328,1,2,1,10,2025,2,72,3.0,,51923
8467329,1,3,1,10,2025,2,35,5.0,,51926
8467329,1,4,1,10,2025,2,13,4.0,,51927
8467330,1,1,1,10,2025,2,29,5.0,,51929
8467332,1,3,1,10,2025,2,29,10.0,1000000.0,51934
8467333,1,2,1,10,2025,2,43,4.0,300000.0,51938
8467333,1,4,1,10,2025,1,22,5.0,300000.0,51940
8467335,1,2,1,10,2025,1,13,4.0,,51943
8467335,1,3,1,10,2025,2,6,3.0,,51944
8467336,1,1,1,10,2025,2,69,3.0,,51945
8467336,1,2,1,10,2025,1,71,3.0,900000.0,51946
8467338,1,4,1,10,2025,1,29,10.0,3600000.0,51952
8467338,1,6,1,10,2025,2,17,5.0,,51954
8467338,1,7,1,10,2025,1,17,5.0,,51955
8467341,1,1,1,10,2025,2,76,5.0,,51961
8467344,1,2,1,10,2025,1,62,10.0,2500000.0,51967
8467344,1,4,1,10,2025,1,15,5.0,,51969
8467345,1,3,1,10,2025,2,54,10.0,,51972
8467346,1,1,1,10,2025,1,66,5.0,,51973
8467346,1,2,1,10,2025,2,64,3.0,,51974
8467347,1,1,1,10,2025,1,76,3.0,,51976
8467347,1,2,1,10,2025,2,73,3.0,,51977
8467347,1,8,1,10,2025,2,23,10.0,,51983
8467348,1,2,1,10,2025,2,58,10.0,400000.0,51985
8467352,1,1,1,10,2025,1,83,10.0,,51992
8467358,1,1,1,10,2025,1,74,8.0,,52005
8467361,1,3,1,10,2025,1,15,4.0,,52014
8467361,1,4,1,10,2025,1,10,3.0,,52015
8467363,1,4,1,10,2025,2,54,8.0,320000.0,52022
8467366,1,2,1,10,2025,2,40,5.0,,52029
8467367,1,1,1,10,2025,1,30,5.0,1300000.0,52031
8467367,1,2,1,10,2025,2,21,5.0,,52032
8467368,1,1,1,10,2025,2,52,3.0,,52033
8467368,1,4,1,10,2025,2,5,1.0,,52036
8467370,1,3,1,10,2025,1,85,1.0,,52040
8467372,1,1,1,10,2025,1,55,4.0,2000000.0,52047
8467374,1,1,1,10,2025,2,42,5.0,1600000.0,52053
8467375,1,1,1,10,2025,2,52,11.0,4000000.0,52056
8467376,1,3,1,10,2025,2,22,10.0,,52059
8467376,1,4,1,10,2025,1,13,4.0,,52060
8467382,1,2,1,10,2025,2,18,5.0,,52072
8467385,1,1,1,10,2025,2,42,3.0,1000000.0,52082
8467388,1,1,1,10,2025,2,27,5.0,4000000.0,52086
8467388,1,2,1,10,2025,2,9,3.0,,52087
8467389,1,2,1,10,2025,2,48,5.0,,52089
8467389,1,3,1,10,2025,2,19,8.0,,52090
8467391,1,3,1,10,2025,1,16,5.0,,52096
8467392,1,5,1,10,2025,1,6,3.0,,52101
8467393,1,1,1,10,2025,2,25,5.0,1423500.0,52103
8467405,1,2,1,10,2025,1,62,4.0,800000.0,52107
8467405,1,3,1,10,2025,2,31,5.0,,52108
8467405,1,4,1,10,2025,1,29,5.0,1200000.0,52109
8467406,1,3,1,10,2025,1,6,3.0,,52112
8467408,1,1,1,10,2025,2,34,8.0,1200000.0,52117
8467410,1,2,1,10,2025,1,20,5.0,,52121
8467411,1,1,1,10,2025,2,67,3.0,,52123
8467411,1,2,1,10,2025,1,23,5.0,,52124
8467412,1,1,1,10,2025,2,42,8.0,,52126
8467415,1,1,1,10,2025,2,28,5.0,,52135
8467415,1,2,1,10,2025,1,11,3.0,,52136
8467416,1,2,1,10,2025,2,84,3.0,,52140
8467416,1,3,1,10,2025,1,11,3.0,,52141
8467418,1,1,1,10,2025,2,21,10.0,,52144
8467420,1,1,1,10,2025,2,30,10.0,,52147
8467420,1,2,1,10,2025,1,3,1.0,,52148
8467423,1,3,1,10,2025,2,1,,,52151
8467426,1,3,1,10,2025,1,9,3.0,,52156
8467427,1,1,1,10,2025,2,50,4.0,1423500.0,52157
8467429,1,2,1,10,2025,2,5,2.0,,52162
8467431,1,2,1,10,2025,1,29,3.0,800000.0,52165
8467431,1,3,1,10,2025,1,13,3.0,,52166
8467432,1,3,1,10,2025,1,22,5.0,,52171
8467432,1,4,1,10,2025,1,24,10.0,,52172
8467434,1,1,1,10,2025,2,38,5.0,,52177
8467435,1,3,1,10,2025,1,8,3.0,,52183
8467436,1,1,1,10,2025,1,29,5.0,,52185
8467437,1,3,1,10,2025,2,78,3.0,,52188
8467437,1,4,1,10,2025,2,57,5.0,,52189
8467438,1,2,1,10,2025,1,9,3.0,,52191
8467438,1,3,1,10,2025,2,7,3.0,,52192
8467441,1,2,1,10,2025,1,30,4.0,700000.0,52199
8467441,1,3,1,10,2025,2,11,4.0,,52200
8467441,1,4,1,10,2025,2,7,3.0,,52201
8467443,1,1,1,10,2025,2,51,3.0,,52206
8467443,1,3,1,10,2025,2,14,4.0,,52208
8467449,1,4,1,10,2025,1,13,4.0,,52219
8467451,1,4,1,10,2025,1,7,3.0,,52229
8467452,1,1,1,10,2025,2,39,5.0,150000.0,52230
8467453,1,1,1,10,2025,1,31,4.0,,52235
8467456,1,1,1,10,2025,2,38,5.0,300000.0,52238
8467456,1,2,1,10,2025,1,19,4.0,200000.0,52239
8467459,1,3,1,10,2025,2,21,10.0,,52248
8467459,1,4,1,10,2025,2,17,5.0,,52249
8467460,1,5,1,10,2025,1,1,,,52256
8467462,1,1,1,10,2025,1,49,4.0,1600000.0,52257
8467464,1,2,1,10,2025,1,44,3.0,1400000.0,52266
8467464,1,3,1,10,2025,1,18,6.0,,52267
8467466,1,1,1,10,2025,1,58,10.0,3000000.0,52271
8467467,1,3,1,10,2025,2,40,11.0,1423500.0,52275
8467468,1,1,1,10,2025,2,55,10.0,3700000.0,52279
8467469,1,1,1,10,2025,1,58,8.0,1800000.0,52280
8467473,1,1,1,10,2025,2,46,5.0,,52290
8467473,1,2,1,10,2025,2,16,6.0,,52291
8467475,1,1,1,10,2025,2,64,4.0,,52294
8467476,1,1,1,10,2025,2,58,4.0,,52296
8467477,1,1,1,10,2025,2,31,5.0,1000000.0,52299
8467480,1,4,1,10,2025,2,13,4.0,,52309
8467481,1,1,1,10,2025,1,59,10.0,4000000.0,52310
8467481,1,3,1,10,2025,1,21,10.0,,52312
8467484,1,1,1,10,2025,2,41,10.0,,52318
8467484,1,2,1,10,2025,2,21,10.0,,52319
8467487,1,2,1,10,2025,2,47,4.0,1423500.0,52325
8467488,1,1,1,10,2025,2,64,4.0,,52329
8467488,1,2,1,10,2025,1,60,5.0,1423500.0,52330
8467491,1,2,1,10,2025,2,51,4.0,950000.0,52334
8467493,1,3,1,10,2025,1,15,4.0,,52340
8467493,1,4,1,10,2025,2,8,3.0,,52341
8467499,1,2,1,10,2025,2,61,5.0,2800000.0,52350
8467500,1,2,1,10,2025,1,62,5.0,1423500.0,52352
8467500,1,3,1,10,2025,1,24,10.0,,52353
8467501,1,1,1,10,2025,2,67,3.0,,52354
8467501,1,4,1,10,2025,1,47,4.0,1423500.0,52357
8467506,1,1,1,10,2025,1,40,4.0,1500000.0,52364
8467507,1,2,1,10,2025,2,65,4.0,,52366
8467507,1,3,1,10,2025,1,39,5.0,1423500.0,52367
8467510,1,1,1,10,2025,1,71,10.0,,52370
8467511,1,1,1,10,2025,2,89,3.0,,52371
8467512,1,3,1,10,2025,1,12,4.0,,52374
8467513,1,1,1,10,2025,2,80,3.0,,52375
8467514,1,2,1,10,2025,2,44,3.0,,52377
8467515,1,1,1,10,2025,2,28,4.0,50000.0,52378
8467515,1,3,1,10,2025,1,2,,,52380
8467517,1,3,1,10,2025,2,11,3.0,,52386
8467517,1,4,1,10,2025,1,86,3.0,,52387
8467521,1,2,1,10,2025,1,10,3.0,,52394
8467525,1,6,1,10,2025,2,4,1.0,,52404
8467527,1,1,1,10,2025,1,69,3.0,160000.0,52408
8467529,1,1,1,10,2025,2,52,4.0,,52411
8467529,1,2,1,10,2025,1,62,3.0,700000.0,52412
8467529,1,3,1,10,2025,1,33,5.0,500000.0,52413
8467529,1,6,1,10,2025,1,2,,,52416
8467530,1,1,1,10,2025,2,29,8.0,1784000.0,52417
8467532,1,1,1,10,2025,2,52,8.0,1630000.0,52420
8467538,1,2,1,10,2025,1,9,3.0,,52430
8467539,1,1,1,10,2025,2,47,4.0,1000000.0,52432
8467540,1,1,1,10,2025,1,42,1.0,1500000.0,52436
8467543,1,2,1,10,2025,2,6,3.0,,52440
8467543,1,3,1,10,2025,2,0,,,52441
8467546,1,1,1,10,2025,1,52,3.0,,52442
8467547,1,2,1,10,2025,2,68,8.0,,52444
8467547,1,5,1,10,2025,1,13,4.0,,52447
8467549,1,1,1,10,2025,1,43,10.0,4000000.0,52449
8467549,1,2,1,10,2025,2,30,5.0,1423500.0,52450
8467550,1,1,1,10,2025,1,79,9.0,,52451
8467553,1,1,1,10,2025,2,60,3.0,,52458
8467553,1,2,1,10,2025,1,60,5.0,,52459
8467554,1,2,1,10,2025,1,73,5.0,500000.0,52462
8467555,1,1,1,10,2025,1,56,10.0,2500000.0,52464
8467559,1,1,1,10,2025,2,64,3.0,,52470
8467559,1,3,1,10,2025,1,57,3.0,,52472
8467560,1,1,1,10,2025,1,63,8.0,,52473
8467562,1,2,1,10,2025,1,41,5.0,800000.0,52484
8467563,1,1,1,10,2025,2,54,5.0,,52486
8467564,1,1,1,10,2025,2,37,5.0,1400000.0,52488
8467564,1,2,1,10,2025,1,19,5.0,,52489
8467565,1,1,1,10,2025,2,61,3.0,,52492
8467565,1,2,1,10,2025,1,31,5.0,1500000.0,52493
8467565,1,3,1,10,2025,2,8,3.0,,52494
8467566,1,1,1,10,2025,2,73,6.0,,52497
8467566,1,2,1,10,2025,1,10,3.0,,52498
8467567,1,2,1,10,2025,2,80,5.0,,52500
8467571,1,3,1,10,2025,1,4,2.0,,52509
8467572,1,1,1,10,2025,1,41,5.0,1100000.0,52510
8467574,1,1,1,10,2025,2,63,4.0,,52513
8467575,1,2,1,10,2025,1,30,5.0,1200000.0,52515
8467575,1,3,1,10,2025,2,26,5.0,,52516
8467577,1,1,1,10,2025,2,35,3.0,1000000.0,52524
8467579,1,1,1,10,2025,1,28,4.0,1200000.0,52529
8467580,1,3,1,10,2025,1,14,4.0,,52532
8467583,1,1,1,10,2025,2,50,12.0,9900000.0,52539
8467583,1,2,1,10,2025,1,52,11.0,5000000.0,52540
8467583,1,3,1,10,2025,2,25,11.0,,52541
8467588,1,1,1,10,2025,2,70,3.0,,52555
8467588,1,2,1,10,2025,1,70,3.0,,52556
8467589,1,2,1,10,2025,2,40,5.0,1423500.0,52558
8467591,1,1,1,10,2025,1,51,10.0,1400000.0,52564
8467593,1,4,1,10,2025,2,23,10.0,,52573
8467593,1,5,1,10,2025,2,2,,,52574
8467594,1,3,1,10,2025,1,35,6.0,700000.0,52578
8467595,1,1,1,10,2025,2,49,5.0,900000.0,52581
8467595,1,6,1,10,2025,1,25,5.0,1400000.0,52586
8467596,1,1,1,10,2025,2,73,5.0,,52587
8467597,1,1,1,10,2025,1,65,3.0,960000.0,52588
8467597,1,2,1,10,2025,2,61,3.0,320000.0,52589
8467598,1,3,1,10,2025,2,14,4.0,,52594
8467599,1,4,1,10,2025,1,10,3.0,,52598
8467599,1,5,1,10,2025,2,2,,,52599
8467599,1,6,1,10,2025,1,33,4.0,120000.0,52600
8467602,1,2,1,10,2025,2,44,5.0,800000.0,52606
8467603,1,2,1,10,2025,1,31,10.0,7800000.0,52609
8467605,1,1,1,10,2025,1,54,4.0,1423500.0,52612
8467607,1,1,1,10,2025,1,37,5.0,200000.0,52615
8467607,1,3,1,10,2025,2,9,3.0,,52617
8467608,1,5,1,10,2025,1,31,5.0,1500000.0,52623
8467610,1,3,1,10,2025,2,65,8.0,600000.0,52629
8467614,1,3,1,10,2025,1,22,5.0,1600000.0,52637
8467614,1,4,1,10,2025,2,16,5.0,,52638
8467615,1,3,1,10,2025,1,93,3.0,,52642
8467616,1,1,1,10,2025,1,78,3.0,,52644
8467616,1,4,1,10,2025,2,9,3.0,,52647
8467617,1,2,1,10,2025,1,24,10.0,700000.0,52651
8467618,1,1,1,10,2025,2,38,10.0,5550000.0,52652
8467619,1,2,1,10,2025,2,91,3.0,,52654
8467621,1,1,1,10,2025,1,61,3.0,250000.0,52656
8467622,1,2,1,10,2025,2,30,10.0,,52659
8467625,1,1,1,10,2025,2,80,3.0,,52667
8467626,1,1,1,10,2025,1,54,5.0,870000.0,52668
8467627,1,1,1,10,2025,2,75,4.0,200000.0,52672
8467627,2,1,2,10,2025,2,49,1.0,900000.0,52673
8467627,3,1,3,10,2025,1,55,3.0,900000.0,52675
8467628,1,1,1,10,2025,2,69,5.0,,52676
8467629,1,1,1,10,2025,2,87,3.0,,52678
8467632,1,1,1,10,2025,1,84,3.0,,52683
8467632,1,2,1,10,2025,2,83,3.0,,52684
8467633,1,1,1,10,2025,1,51,5.0,1423000.0,52688
8467633,1,3,1,10,2025,2,25,5.0,250000.0,52690
8467634,1,1,1,10,2025,1,47,5.0,1423000.0,52691
8467637,1,3,1,10,2025,1,10,3.0,,52697
8467639,1,2,1,10,2025,1,48,5.0,1400000.0,52700
8467640,1,1,1,10,2025,2,35,5.0,,52702
8467641,1,2,1,10,2025,2,45,5.0,,52705
8467642,1,1,1,10,2025,2,41,5.0,1000000.0,52706
8467642,1,4,1,10,2025,2,70,1.0,,52709
8467643,1,2,1,10,2025,1,52,3.0,2700000.0,52711
8467648,1,2,1,10,2025,2,67,3.0,,52724
8467649,1,1,1,10,2025,1,73,11.0,1200000.0,52726
8467649,1,2,1,10,2025,2,67,8.0,,52727
8467650,1,3,1,10,2025,1,16,6.0,250000.0,52730
8467651,1,1,1,10,2025,1,70,10.0,,52731
8467653,1,1,1,10,2025,2,70,1.0,,52734
8467653,1,3,1,10,2025,2,79,1.0,,52736
8467654,1,2,1,10,2025,2,49,3.0,,52738
8467654,1,3,1,10,2025,2,22,10.0,,52739
8467655,1,3,1,10,2025,1,7,3.0,,52742
8467657,1,1,1,10,2025,2,24,5.0,1423500.0,52746
8467658,1,1,1,10,2025,1,76,3.0,,52748
8467661,1,4,1,10,2025,1,59,3.0,,52756
8467661,2,1,2,10,2025,1,46,5.0,,52757
8467664,1,1,1,10,2025,2,66,4.0,,52760
8467665,1,2,1,10,2025,2,57,5.0,,52762
8467667,1,1,1,10,2025,2,59,5.0,160000.0,52764
8467668,1,1,1,10,2025,1,61,3.0,2200000.0,52765
8467669,1,3,1,10,2025,2,29,5.0,,52771
8467673,1,1,1,10,2025,1,77,3.0,1900000.0,52778
8467673,1,2,1,10,2025,2,73,3.0,50000.0,52779
8467674,1,1,1,10,2025,2,54,5.0,1000000.0,52780
8467675,1,1,1,10,2025,1,48,4.0,1423500.0,52782
8467676,1,1,1,10,2025,1,38,5.0,2150000.0,52783
8467677,1,2,1,10,2025,2,64,4.0,,52787
8467679,1,2,1,10,2025,2,83,5.0,,52794
8467680,1,2,1,10,2025,2,68,7.0,,52797
8467680,1,3,1,10,2025,1,41,8.0,900000.0,52798
8467681,1,2,1,10,2025,2,48,5.0,2000000.0,52800
8467683,1,1,1,10,2025,2,59,9.0,,52802
8467683,1,2,1,10,2025,2,93,5.0,,52803
8467684,1,1,1,10,2025,2,30,10.0,4000000.0,52804
8467686,1,2,1,10,2025,2,40,5.0,1800000.0,52808
8467688,1,1,1,10,2025,2,50,5.0,,52813
8467688,1,5,1,10,2025,2,1,,,52817
8467689,1,1,1,10,2025,1,69,3.0,600000.0,52818
8467690,1,2,1,10,2025,2,34,8.0,1423500.0,52820
8467691,1,1,1,10,2025,2,59,3.0,,52821
8467691,1,2,1,10,2025,1,56,3.0,,52822
8467693,1,2,1,10,2025,2,77,3.0,,52827
8467695,1,3,1,10,2025,2,8,3.0,,52832
8467696,1,1,1,10,2025,1,62,4.0,,52833
8467701,1,1,1,10,2025,2,72,5.0,,52840
8467702,1,2,1,10,2025,1,23,5.0,900000.0,52842
8467703,1,5,1,10,2025,1,61,4.0,,52847
8467706,1,1,1,10,2025,2,75,3.0,,52851
8467707,1,1,1,10,2025,2,24,10.0,2000000.0,52852
8467711,1,1,1,10,2025,2,64,5.0,,52860
8467712,1,1,1,10,2025,1,69,8.0,,52862
8467712,1,3,1,10,2025,1,26,10.0,,52864
8467715,1,1,1,10,2025,2,48,4.0,500000.0,52868
8467715,1,2,1,10,2025,2,5,2.0,,52869
8467716,1,3,1,10,2025,2,17,4.0,,52872
8467716,1,4,1,10,2025,1,15,4.0,,52873
8467718,1,1,1,10,2025,2,77,1.0,70000.0,52876
8467719,1,1,1,10,2025,1,37,4.0,,52877
8467720,1,4,1,10,2025,1,23,5.0,,52881
8467721,1,1,1,10,2025,1,47,5.0,,52883
8467723,1,1,1,10,2025,2,45,11.0,3200000.0,52886
8467725,1,1,1,10,2025,1,52,8.0,1423500.0,52890
8467725,1,2,1,10,2025,2,50,5.0,,52891
8467725,1,3,1,10,2025,1,29,10.0,3000000.0,52892
8467729,1,1,1,10,2025,2,44,5.0,1423500.0,52898
8467729,1,2,1,10,2025,1,15,4.0,,52899
8467730,1,2,1,10,2025,2,32,5.0,800000.0,52903
8467730,1,3,1,10,2025,2,9,3.0,,52904
8467733,1,1,1,10,2025,2,51,5.0,,52907
8467733,1,2,1,10,2025,2,26,10.0,3000000.0,52908
8467735,1,5,1,10,2025,1,73,4.0,,52915
8467736,1,2,1,10,2025,1,19,5.0,1400000.0,52917
8467736,1,4,1,10,2025,1,0,,,52919
8467737,1,3,1,10,2025,2,69,5.0,1400000.0,52922
8467740,1,1,1,10,2025,2,61,4.0,1130000.0,52928
8467741,1,2,1,10,2025,2,80,5.0,,52930
8467742,1,1,1,10,2025,2,62,3.0,1500000.0,52932
8467743,1,3,1,10,2025,1,1,,,52935
8467745,1,1,1,10,2025,1,67,3.0,,52938
8467746,1,2,1,10,2025,2,49,3.0,,52941
8467748,1,3,1,10,2025,1,19,9.0,,52949
8467748,1,4,1,10,2025,2,32,5.0,,52950
8467751,1,1,1,10,2025,1,38,10.0,1423500.0,52956
8467751,1,2,1,10,2025,2,37,5.0,,52957
8467751,1,4,1,10,2025,2,10,3.0,,52959
8467753,1,1,1,10,2025,2,26,12.0,4000000.0,52962
8467754,1,2,1,10,2025,2,40,6.0,1523500.0,52964
8467755,1,2,1,10,2025,2,39,10.0,2500000.0,52968
8467756,1,1,1,10,2025,1,61,5.0,,52971
8467758,1,2,1,10,2025,1,63,5.0,,52975
8467760,1,3,1,10,2025,2,82,3.0,,52981
8467762,1,2,1,10,2025,2,24,10.0,,52988
8467765,1,2,1,10,2025,2,64,4.0,600000.0,52997
8467769,1,3,1,10,2025,2,53,1.0,,53003
8467770,1,1,1,10,2025,1,46,3.0,1423500.0,53004
8467770,1,5,1,10,2025,1,16,5.0,,53008
8467772,1,1,1,10,2025,1,68,5.0,,53010
8467772,1,2,1,10,2025,2,58,3.0,,53011
8467774,1,2,1,10,2025,2,32,10.0,,53016
8467776,1,1,1,10,2025,1,47,5.0,4600000.0,53019
8467778,1,1,1,10,2025,1,43,5.0,,53023
8467780,1,1,1,10,2025,2,35,9.0,3700000.0,53027
8467783,1,5,1,10,2025,2,2,,,53035
8467784,1,1,1,10,2025,1,60,3.0,1000000.0,53036
8467784,1,2,1,10,2025,1,29,4.0,900000.0,53037
8467785,1,1,1,10,2025,1,39,8.0,2000000.0,53038
8467785,1,3,1,10,2025,2,4,2.0,,53040
8467787,1,2,1,10,2025,2,65,3.0,280000.0,53043
8467790,1,1,1,10,2025,2,71,4.0,,53047
8467790,1,2,1,10,2025,1,39,5.0,,53048
8467790,1,3,1,10,2025,1,37,4.0,1423500.0,53049
8467794,1,3,1,10,2025,1,24,5.0,1423500.0,53057
8467796,1,1,1,10,2025,1,53,5.0,,53060
8467799,1,1,1,10,2025,2,57,3.0,,53065
8467799,1,2,1,10,2025,2,13,4.0,,53066
8467800,1,2,1,10,2025,2,36,1.0,,53069
8467801,1,2,1,10,2025,1,70,3.0,,53073
8467802,1,1,1,10,2025,2,55,3.0,1420000.0,53075
8467803,1,1,1,10,2025,1,60,5.0,,53077
8467803,1,3,1,10,2025,1,47,5.0,,53079
8467805,1,3,1,10,2025,2,2,,,53086
8467806,1,1,1,10,2025,1,56,1.0,500000.0,53087
8467807,1,1,1,10,2025,1,52,6.0,1423500.0,53088
8467807,1,2,1,10,2025,1,21,6.0,1423500.0,53089
8467807,1,3,1,10,2025,2,23,6.0,,53090
8467808,1,2,1,10,2025,1,42,4.0,500000.0,53092
8467808,1,4,1,10,2025,2,15,5.0,,53094
8467809,1,3,1,10,2025,2,8,3.0,,53097
8467810,1,1,1,10,2025,2,53,5.0,1423500.0,53098
8467810,1,2,1,10,2025,1,21,10.0,,53099
8467811,1,2,1,10,2025,2,81,5.0,,53101
8467813,1,2,1,10,2025,2,45,11.0,,53104
8467816,1,1,1,10,2025,1,35,4.0,800000.0,53109
8467817,1,1,1,10,2025,2,58,5.0,200000.0,53110
8467817,1,3,1,10,2025,2,8,2.0,,53112
8467819,1,1,1,10,2025,1,69,4.0,,53117
8467819,1,2,1,10,2025,2,63,3.0,1400000.0,53118
8467819,1,4,1,10,2025,2,27,10.0,1423500.0,53120
8467819,1,5,1,10,2025,1,15,4.0,,53121
8467820,1,1,1,10,2025,1,44,9.0,3600000.0,53124
8467820,1,3,1,10,2025,1,19,9.0,,53126
8467822,1,3,1,10,2025,2,48,5.0,2100000.0,53132
8467822,1,5,1,10,2025,2,9,3.0,,53134
8467823,1,1,1,10,2025,2,67,3.0,,53135
8467824,1,1,1,10,2025,1,65,10.0,,53136
8467825,1,1,1,10,2025,2,25,4.0,300000.0,53140
8467825,1,4,1,10,2025,2,3,1.0,,53143
8467826,1,3,1,10,2025,2,8,3.0,,53146
8467826,1,4,1,10,2025,2,2,,,53147
8467827,1,2,1,10,2025,1,21,9.0,630000.0,53149
8467828,1,3,1,10,2025,2,35,6.0,1423500.0,53152
8467828,1,4,1,10,2025,1,5,2.0,,53153
8467828,1,6,1,10,2025,1,32,5.0,2800000.0,53155
8467828,1,9,1,10,2025,2,0,,,53158
8467829,1,2,1,10,2025,2,48,5.0,1423500.0,53160
8467830,2,1,2,10,2025,1,56,6.0,1423000.0,53165
8467834,1,2,1,10,2025,1,36,5.0,2200000.0,53177
8467837,1,2,1,10,2025,1,37,1.0,,53182
8467839,1,1,1,10,2025,2,26,5.0,,53188
8467839,1,2,1,10,2025,1,41,10.0,2400000.0,53189
8467840,1,2,1,10,2025,2,46,6.0,,53192
8467841,1,2,1,10,2025,2,43,3.0,,53196
8467843,1,2,1,10,2025,2,29,5.0,200000.0,53204
8467843,1,4,1,10,2025,1,7,3.0,,53206
8467846,1,2,1,10,2025,2,38,5.0,1750000.0,53215
8467846,1,4,1,10,2025,2,8,3.0,,53217
8467847,1,1,1,10,2025,1,36,6.0,1423500.0,53218
8467848,1,3,1,10,2025,1,42,6.0,,53223
8467850,1,1,1,10,2025,2,52,5.0,,53225
8467850,1,2,1,10,2025,1,54,3.0,900000.0,53226
8467851,1,1,1,10,2025,1,50,5.0,,53230
8467852,1,1,1,10,2025,2,45,5.0,,53232
8467852,1,2,1,10,2025,1,50,3.0,2100000.0,53233
8467853,1,2,1,10,2025,2,78,10.0,,53235
8467855,1,3,1,10,2025,2,20,10.0,,53239
8467858,1,1,1,10,2025,1,59,3.0,1423500.0,53244
8467858,1,4,1,10,2025,2,81,5.0,,53247
8467859,1,2,1,10,2025,2,23,8.0,,53249
8467865,1,2,1,10,2025,2,55,5.0,,53260
8467867,1,1,1,10,2025,2,49,5.0,,53265
8467869,1,1,1,10,2025,2,54,5.0,60000.0,53270
8467872,1,2,1,10,2025,1,20,10.0,,53279
8467873,1,2,1,10,2025,2,44,10.0,,53282
8467874,1,3,1,10,2025,1,22,10.0,,53287
8467875,1,2,1,10,2025,2,43,10.0,,53290
8467878,1,1,1,10,2025,2,65,3.0,4000000.0,53295
8467879,1,1,1,10,2025,1,69,10.0,,53297
8467880,1,2,1,10,2025,2,69,5.0,,53300
8467881,1,3,1,10,2025,2,88,9.0,,53303
8467884,1,1,1,10,2025,1,52,11.0,14235000.0,53311
8467887,1,1,1,10,2025,2,71,3.0,,53316
8467889,1,4,1,10,2025,1,75,3.0,100000.0,53324
8467890,1,1,1,10,2025,2,38,3.0,,53325
8467891,1,1,1,10,2025,2,38,3.0,400000.0,53327
8467891,1,3,1,10,2025,2,9,3.0,,53329
8467892,1,3,1,10,2025,2,9,3.0,,53332
8467894,1,3,1,10,2025,1,33,10.0,3000000.0,53336
8467898,1,1,1,10,2025,1,43,1.0,400000.0,53343
8467900,1,3,1,10,2025,2,24,10.0,,53348
8467901,1,2,1,10,2025,2,2,,,53352
8467905,1,2,1,10,2025,1,10,3.0,,53358
8467905,1,3,1,10,2025,1,3,1.0,,53359
8467908,1,1,1,10,2025,2,49,1.0,200000.0,53364
8467908,1,2,1,10,2025,1,54,3.0,650000.0,53365
8467910,1,1,1,10,2025,2,67,3.0,1000000.0,53369
8467910,1,2,1,10,2025,2,38,9.0,,53370
8467910,1,3,1,10,2025,1,9,3.0,,53371
8467911,1,1,1,10,2025,2,42,4.0,220000.0,53375
8467911,1,2,1,10,2025,1,55,5.0,1423500.0,53376
8467912,1,1,1,10,2025,2,33,5.0,,53379
8467914,1,1,1,10,2025,2,45,5.0,1423500.0,53384
8467915,1,1,1,10,2025,2,67,3.0,,53387
8467915,1,2,1,10,2025,2,37,5.0,,53388
8467916,1,1,1,10,2025,1,26,3.0,1000000.0,53390
8467919,1,1,1,10,2025,1,48,10.0,2000000.0,53396
8467919,1,3,1,10,2025,1,55,10.0,,53398
8467920,1,1,1,10,2025,1,43,3.0,900000.0,53400
8467921,1,1,1,10,2025,2,65,3.0,,53404
8467921,1,2,1,10,2025,1,40,5.0,950000.0,53405
8467925,1,1,1,10,2025,1,50,5.0,,53415
8467926,1,2,1,10,2025,2,29,10.0,,53417
8467927,1,1,1,10,2025,2,21,5.0,500000.0,53418
8467928,1,5,1,10,2025,1,9,3.0,,53424
8467931,1,2,1,10,2025,2,19,5.0,,53435
8467932,1,1,1,10,2025,2,37,5.0,600000.0,53438
8467932,1,2,1,10,2025,2,19,5.0,,53439
8467934,1,1,1,10,2025,2,48,5.0,180000.0,53443
8467935,1,1,1,10,2025,2,63,1.0,600000.0,53444
8467936,1,1,1,10,2025,1,54,5.0,1423500.0,53449
8467937,1,1,1,10,2025,2,51,4.0,310000.0,53451
8467937,1,2,1,10,2025,2,20,10.0,,53452
8467938,1,5,1,10,2025,2,12,3.0,,53457
8467940,1,1,1,10,2025,2,51,3.0,1100000.0,53461
8467940,1,2,1,10,2025,2,31,5.0,300000.0,53462
8467942,1,1,1,10,2025,1,40,3.0,650000.0,53466
8467942,1,4,1,10,2025,2,7,3.0,,53469
8467943,1,1,1,10,2025,1,49,5.0,1423500.0,53470
8467943,1,3,1,10,2025,1,25,10.0,,53472
8467944,1,1,1,10,2025,2,52,1.0,456000.0,53475
8467945,1,1,1,10,2025,2,33,5.0,500000.0,53479
8467945,1,2,1,10,2025,2,10,4.0,,53480
8467945,1,3,1,10,2025,1,9,3.0,,53481
8467946,1,3,1,10,2025,1,8,3.0,,53486
8467947,1,3,1,10,2025,2,18,5.0,,53489
8467948,1,1,1,10,2025,1,66,4.0,1480000.0,53491
8467951,1,1,1,10,2025,2,87,3.0,,53495
8467951,1,2,1,10,2025,1,40,10.0,,53496
8467951,1,3,1,10,2025,2,82,3.0,,53497
8467955,1,2,1,10,2025,2,46,4.0,300000.0,53505
8467956,1,1,1,10,2025,1,42,10.0,1600000.0,53506
8467959,1,1,1,10,2025,2,66,3.0,,53510
8467959,1,2,1,10,2025,1,69,3.0,,53511
8467959,1,5,1,10,2025,2,5,1.0,,53514
8467960,1,2,1,10,2025,2,66,3.0,,53516
8467962,1,2,1,10,2025,2,38,3.0,1440000.0,53521
8467964,1,2,1,10,2025,2,56,5.0,,53524
8467964,1,3,1,10,2025,2,18,8.0,,53525
8467966,1,2,1,10,2025,1,23,4.0,800000.0,53528
8467969,1,2,1,10,2025,2,26,8.0,1400000.0,53535
8467970,1,4,1,10,2025,2,10,3.0,,53540
8467971,1,1,1,10,2025,2,62,1.0,110000.0,53541
8467972,1,1,1,10,2025,2,57,3.0,800000.0,53543
8467974,1,2,1,10,2025,2,59,3.0,,53547
8467975,1,1,1,10,2025,1,38,5.0,,53548
8467975,1,2,1,10,2025,2,27,5.0,500000.0,53549
8467976,1,1,1,10,2025,2,53,6.0,,53551
8467980,1,2,1,10,2025,2,27,10.0,3200000.0,53560
8467985,1,2,1,10,2025,2,31,10.0,3200000.0,53570
8467985,1,3,1,10,2025,2,2,,,53571
8467987,1,1,1,10,2025,1,27,10.0,4500000.0,53575
8467989,1,1,1,10,2025,1,42,10.0,4500000.0,53579
8467993,1,1,1,10,2025,2,72,9.0,,53585
8467995,1,1,1,10,2025,2,75,5.0,640000.0,53587
8467995,1,2,1,10,2025,2,35,6.0,450000.0,53588
8467996,1,1,1,10,2025,1,50,10.0,1423500.0,53589
8468000,1,1,1,10,2025,2,56,3.0,1100000.0,53602
8468001,1,1,1,10,2025,1,61,6.0,1800000.0,53603
8468008,1,2,1,10,2025,2,9,3.0,,53622
8468009,1,2,1,10,2025,1,47,5.0,1000000.0,53624
8468009,1,3,1,10,2025,2,18,10.0,,53625
8468010,1,2,1,10,2025,1,22,9.0,,53628
8468011,1,1,1,10,2025,1,85,3.0,,53629
8468011,1,4,1,10,2025,2,55,5.0,,53632
8468011,1,5,1,10,2025,2,29,8.0,,53633
8468012,1,3,1,10,2025,2,23,10.0,,53637
8468014,1,2,1,10,2025,2,39,9.0,1800000.0,53641
8468015,1,2,1,10,2025,2,40,5.0,850000.0,53645
8468016,1,1,1,10,2025,2,35,6.0,2800000.0,53649
8468016,1,2,1,10,2025,2,32,5.0,1500000.0,53650
8468018,1,1,1,10,2025,2,78,3.0,,53656
8468019,1,1,1,10,2025,1,30,4.0,1000000.0,53659
8468020,1,1,1,10,2025,1,43,3.0,1100000.0,53662
8468025,1,5,1,10,2025,1,76,3.0,,53671
8468031,1,1,1,10,2025,1,46,8.0,1480000.0,53678
8468033,1,3,1,10,2025,2,77,4.0,,53686
8468033,1,4,1,10,2025,2,80,3.0,2200000.0,53687
8468035,1,1,1,10,2025,2,53,5.0,400000.0,53689
8468036,1,1,1,10,2025,1,59,4.0,950000.0,53691
8468037,1,2,1,10,2025,2,26,8.0,,53695
8468037,1,3,1,10,2025,1,6,3.0,,53696
8468038,1,1,1,10,2025,2,81,4.0,,53700
8468039,1,4,1,10,2025,1,10,3.0,,53704
8468039,1,7,1,10,2025,1,9,3.0,,53707
8468040,1,2,1,10,2025,1,58,5.0,1000000.0,53709
8468042,1,2,1,10,2025,1,30,8.0,1000000.0,53713
8468043,1,1,1,10,2025,1,55,3.0,1000000.0,53714
8468044,1,1,1,10,2025,2,21,6.0,800000.0,53716
8468047,1,2,1,10,2025,1,10,4.0,,53721
8468049,1,1,1,10,2025,1,40,5.0,1600000.0,53724
8468050,1,1,1,10,2025,2,50,4.0,,53725
8468050,1,3,1,10,2025,2,24,5.0,1960000.0,53727
8468051,1,1,1,10,2025,2,49,8.0,1400000.0,53729
8468051,1,2,1,10,2025,1,48,4.0,1800000.0,53730
8468051,1,5,1,10,2025,1,30,10.0,900000.0,53733
8468057,1,1,1,10,2025,1,21,11.0,1423500.0,53742
8468058,1,2,1,10,2025,2,67,1.0,,53744
8468062,1,1,1,10,2025,1,46,5.0,2100000.0,53749
8468063,1,1,1,10,2025,2,27,5.0,1450000.0,53750
8468064,1,2,1,10,2025,2,51,5.0,,53753
8468064,1,4,1,10,2025,2,12,4.0,,53755
8468066,1,1,1,10,2025,1,53,5.0,2200000.0,53759
8468066,1,2,1,10,2025,2,46,5.0,1800000.0,53760
8468068,1,1,1,10,2025,2,93,3.0,,53766
8468068,1,2,1,10,2025,2,58,10.0,4000000.0,53767
8468068,1,4,1,10,2025,1,12,4.0,,53769
8468069,1,3,1,10,2025,1,16,5.0,,53772
8468070,1,3,1,10,2025,1,19,10.0,,53775
8468071,1,1,1,10,2025,1,65,5.0,2000000.0,53776
8468075,1,1,1,10,2025,2,45,5.0,2300000.0,53787
8468076,1,1,1,10,2025,1,35,5.0,2000000.0,53791
8468076,1,4,1,10,2025,2,3,1.0,,53794
8468078,1,1,1,10,2025,2,60,11.0,3000000.0,53796
8468078,1,2,1,10,2025,1,62,8.0,4000000.0,53797
8468078,1,3,1,10,2025,2,43,12.0,7000000.0,53798
8468080,1,3,1,10,2025,1,28,4.0,1423500.0,53807
8468080,1,4,1,10,2025,2,2,,,53808
8468081,1,2,1,10,2025,2,80,4.0,,53811
8468087,1,1,1,10,2025,2,48,5.0,2400000.0,53823
8468088,1,2,1,10,2025,2,55,5.0,1800000.0,53826
8468089,1,2,1,10,2025,1,65,5.0,,53829
8468092,1,2,1,10,2025,2,39,5.0,1423500.0,53835
8468100,1,2,1,10,2025,1,75,5.0,900000.0,53845
8468102,1,4,1,10,2025,1,1,,,53849
8468103,1,1,1,10,2025,1,34,5.0,1700000.0,53850
8468104,1,1,1,10,2025,2,73,4.0,900000.0,53851
8468106,1,1,1,10,2025,1,37,8.0,1700000.0,53854
8468107,1,2,1,10,2025,2,42,5.0,,53856
8468107,1,3,1,10,2025,1,20,6.0,,53857
8468109,1,1,1,10,2025,2,68,5.0,,53859
8468114,1,1,1,10,2025,1,61,5.0,1800000.0,53861
8468117,1,3,1,10,2025,1,12,3.0,,53870
8468119,1,1,1,10,2025,2,26,8.0,2450000.0,53873
8468120,1,1,1,10,2025,2,65,7.0,,53875
8468121,1,1,1,10,2025,2,62,5.0,,53876
8468122,1,1,1,10,2025,1,42,5.0,1800000.0,53878
8468123,1,4,1,10,2025,1,2,,,53883
8468125,1,1,1,10,2025,2,75,5.0,,53885
8468128,1,2,1,10,2025,1,47,5.0,2100000.0,53896
8468130,1,1,1,10,2025,2,50,8.0,,53898
8468134,1,4,1,10,2025,1,58,8.0,,53903
8468138,1,1,1,10,2025,1,36,11.0,5000000.0,53911
8468138,1,4,1,10,2025,2,0,,,53914
8468139,1,1,1,10,2025,1,33,4.0,1600000.0,53915
8468139,1,2,1,10,2025,2,29,8.0,,53916
8468140,1,3,1,10,2025,1,8,3.0,,53919
8468141,1,1,1,10,2025,1,55,3.0,400000.0,53920
8468141,1,3,1,10,2025,1,32,5.0,1400000.0,53922
8468141,1,5,1,10,2025,1,26,5.0,,53924
8468143,1,2,1,10,2025,1,25,5.0,1600000.0,53927
8468144,1,1,1,10,2025,2,31,5.0,2300000.0,53928
8468148,1,2,1,10,2025,2,27,8.0,,53934
8468149,1,1,1,10,2025,1,43,5.0,3500000.0,53936
8468150,1,1,1,10,2025,2,55,3.0,,53938
8468150,1,3,1,10,2025,2,31,8.0,,53940
8468150,1,6,1,10,2025,2,2,,,53943
8468152,1,2,1,10,2025,2,28,3.0,,53947
8468153,1,1,1,10,2025,2,35,5.0,,53951
8468154,1,1,1,10,2025,1,67,1.0,,53955
8468154,1,2,1,10,2025,2,66,1.0,,53956
8468155,1,1,1,10,2025,1,28,4.0,1400000.0,53958
8468156,1,1,1,10,2025,1,42,11.0,4428000.0,53959
8468157,1,1,1,10,2025,2,56,3.0,,53964
8468158,1,1,1,10,2025,2,65,3.0,,53965
8468159,1,3,1,10,2025,1,2,,,53969
8468161,1,3,1,10,2025,1,36,10.0,2550000.0,53974
8468164,1,2,1,10,2025,1,40,10.0,3828000.0,53979
8468164,1,4,1,10,2025,2,3,1.0,,53981
8468166,1,4,1,10,2025,1,3,2.0,,53989
8468175,1,1,1,10,2025,2,54,3.0,500000.0,54006
8468175,1,4,1,10,2025,2,6,3.0,,54009
8468177,1,1,1,10,2025,1,41,12.0,3500000.0,54011
8468178,1,1,1,10,2025,1,35,8.0,,54013
8468179,1,2,1,10,2025,2,41,10.0,,54018
8468179,1,3,1,10,2025,1,13,4.0,,54019
8468180,1,2,1,10,2025,2,30,10.0,5000000.0,54021
8468183,1,1,1,10,2025,2,60,3.0,,54026
8468184,1,1,1,10,2025,1,32,8.0,1400000.0,54030
8468186,1,1,1,10,2025,2,73,3.0,,54032
8468204,1,1,1,10,2025,1,30,5.0,300000.0,54053
8468205,1,1,1,10,2025,1,51,1.0,960000.0,54057
8468206,1,2,1,10,2025,1,62,1.0,,54059
8468207,1,1,1,10,2025,2,35,5.0,,54060
8468207,1,2,1,10,2025,1,11,4.0,,54061
8468208,1,1,1,10,2025,2,62,3.0,,54063
8468208,1,4,1,10,2025,2,106,1.0,,54066
8468209,1,1,1,10,2025,2,66,3.0,180000.0,54067
8468210,1,3,1,10,2025,1,57,3.0,1200000.0,54070
8468211,1,1,1,10,2025,1,63,3.0,500000.0,54072
8468211,1,2,1,10,2025,2,69,3.0,,54073
8468211,1,4,1,10,2025,1,49,3.0,,54075
8468212,1,4,1,10,2025,1,16,1.0,,54079
8468213,1,1,1,10,2025,2,68,3.0,,54080
8468217,1,1,1,10,2025,1,78,3.0,,54084
8468219,1,1,1,10,2025,1,57,3.0,300000.0,54086
8468223,1,3,1,10,2025,1,9,3.0,,54093
8468225,1,1,1,10,2025,1,27,6.0,1480000.0,54095
8468225,1,4,1,10,2025,2,4,1.0,,54098
8468226,1,2,1,10,2025,1,19,9.0,,54100
8468227,1,1,1,10,2025,2,88,1.0,,54102
8468232,1,1,1,10,2025,2,84,11.0,,54111
8468239,1,2,1,10,2025,2,62,3.0,,54120
8468240,1,1,1,10,2025,1,36,4.0,4000000.0,54121
8468240,1,5,1,10,2025,2,3,1.0,,54125
8468240,1,7,1,10,2025,2,66,1.0,,54127
8468241,1,2,1,10,2025,2,52,5.0,1423500.0,54130
8468241,1,4,1,10,2025,1,45,5.0,1500000.0,54132
8468244,1,1,1,10,2025,2,40,9.0,,54140
8468247,1,2,1,10,2025,2,62,5.0,,54146
8468249,1,2,1,10,2025,2,63,3.0,,54151
8468253,1,1,1,10,2025,1,69,3.0,800000.0,54159
8468253,1,2,1,10,2025,1,26,3.0,600000.0,54160
8468254,1,3,1,10,2025,2,14,4.0,,54165
8468254,1,4,1,10,2025,1,7,3.0,,54166
8468256,1,1,1,10,2025,1,67,3.0,,54168
8468260,1,1,1,10,2025,1,41,5.0,2023500.0,54175
8468262,1,1,1,10,2025,1,32,5.0,1923500.0,54180
8468263,1,1,1,10,2025,2,86,1.0,,54184
8468265,1,1,1,10,2025,1,28,3.0,1420000.0,54190
8468269,1,2,1,10,2025,2,13,5.0,,54195
8468271,1,2,1,10,2025,1,53,5.0,1423500.0,54199
8468272,1,2,1,10,2025,2,66,10.0,,54201
8468273,1,2,1,10,2025,1,61,1.0,,54203
8468274,1,1,1,10,2025,2,45,3.0,,54204
8468274,1,2,1,10,2025,1,62,3.0,1080000.0,54205
8468275,1,2,1,10,2025,2,36,3.0,,54208
8468275,1,3,1,10,2025,2,17,10.0,,54209
8468275,1,4,1,10,2025,1,10,3.0,,54210
8468275,1,6,1,10,2025,1,72,3.0,,54212
8468278,1,1,1,10,2025,2,52,3.0,350000.0,54215
8468279,1,2,1,10,2025,1,41,3.0,1600000.0,54218
8468279,1,3,1,10,2025,1,13,4.0,,54219
8468279,1,4,1,10,2025,1,17,5.0,,54220
8468280,1,2,1,10,2025,1,35,3.0,450000.0,54222
8468282,1,2,1,10,2025,2,48,3.0,,54226
8468284,1,2,1,10,2025,2,50,12.0,4500000.0,54229
8468285,1,2,1,10,2025,1,65,3.0,2000000.0,54231
8468286,1,1,1,10,2025,1,67,1.0,1000000.0,54232
8468289,1,3,1,10,2025,1,13,4.0,,54238
8468291,1,1,1,10,2025,2,59,8.0,,54239
8468291,1,2,1,10,2025,2,29,10.0,3000000.0,54240
8468292,1,1,1,10,2025,1,40,4.0,1423500.0,54241
8468293,1,1,1,10,2025,1,29,10.0,2000000.0,54244
8468295,1,2,1,10,2025,2,60,8.0,,54247
8468296,1,2,1,10,2025,1,49,5.0,1900000.0,54249
8468298,1,2,1,10,2025,2,53,3.0,,54254
8468300,1,1,1,10,2025,1,29,5.0,1423500.0,54257
8468301,1,2,1,10,2025,2,59,10.0,2846000.0,54261
8468301,1,3,1,10,2025,1,21,10.0,1423500.0,54262
8468303,1,1,1,10,2025,1,45,5.0,1500000.0,54267
8468306,1,2,1,10,2025,1,21,8.0,,54273
8468307,1,3,1,10,2025,2,66,5.0,,54276
8468308,1,1,1,10,2025,2,69,3.0,,54277
8468310,1,1,1,10,2025,2,75,4.0,,54281
8468310,1,3,1,10,2025,1,49,8.0,,54283
8468311,1,2,1,10,2025,1,40,9.0,1600000.0,54285
8468312,1,3,1,10,2025,1,91,3.0,,54290
8468315,1,3,1,10,2025,1,35,11.0,3000000.0,54297
8468317,1,1,1,10,2025,2,60,3.0,,54301
8468318,1,2,1,10,2025,1,44,3.0,1400000.0,54305
8468318,1,3,1,10,2025,2,18,4.0,283000.0,54306
8468318,1,5,1,10,2025,1,5,1.0,,54308
8468319,1,3,1,10,2025,1,6,3.0,,54311
8468321,1,1,1,10,2025,2,35,5.0,1923000.0,54315
8468321,1,2,1,10,2025,2,11,3.0,,54316
8468325,1,2,1,10,2025,1,76,3.0,200000.0,54322
8468326,1,1,1,10,2025,2,46,5.0,1600000.0,54323
8468330,1,1,1,10,2025,1,27,10.0,4500000.0,54327
8468332,1,2,1,10,2025,2,65,4.0,,54332
8468333,1,1,1,10,2025,1,37,5.0,2000000.0,54333
8468334,1,2,1,10,2025,2,60,5.0,100000.0,54336
8468335,1,1,1,10,2025,1,50,10.0,5000000.0,54337
8468336,1,1,1,10,2025,1,83,10.0,,54339
8468339,1,2,1,10,2025,1,7,3.0,,54346
8468341,1,1,1,10,2025,1,43,5.0,,54348
8468342,1,3,1,10,2025,1,3,2.0,,54353
8468342,1,4,1,10,2025,2,19,5.0,1470000.0,54354
8468343,1,1,1,10,2025,1,66,5.0,1800000.0,54355
8468343,1,2,1,10,2025,2,64,4.0,,54356
8468343,1,3,1,10,2025,2,28,10.0,3300000.0,54357
8468344,1,1,1,10,2025,2,36,8.0,400000.0,54360
8468344,1,3,1,10,2025,2,13,4.0,,54362
8468344,1,4,1,10,2025,1,9,3.0,,54363
8468346,1,2,1,10,2025,1,51,5.0,,54366
8468347,1,2,1,10,2025,2,25,4.0,,54370
8468349,1,2,1,10,2025,1,22,3.0,,54376
8468349,1,5,1,10,2025,2,3,1.0,,54379
8468350,1,1,1,10,2025,2,29,5.0,1500000.0,54380
8468354,1,2,1,10,2025,2,61,10.0,,54393
8468354,1,3,1,10,2025,2,59,10.0,,54394
8468357,1,1,1,10,2025,1,37,5.0,1425000.0,54399
8468357,1,2,1,10,2025,2,36,5.0,,54400
8468359,1,2,1,10,2025,1,31,5.0,1500000.0,54407
8468360,1,2,1,10,2025,1,32,8.0,2000000.0,54409
8468361,1,2,1,10,2025,2,22,8.0,700000.0,54411
8468362,1,4,1,10,2025,1,30,5.0,2600000.0,54417
8468365,1,1,1,10,2025,2,41,8.0,1425000.0,54421
8468365,1,5,1,10,2025,2,69,3.0,,54425
8468367,1,1,1,10,2025,2,52,4.0,,54430
8468368,1,2,1,10,2025,1,32,8.0,2000000.0,54432
8468368,1,3,1,10,2025,1,10,3.0,,54433
8468368,1,4,1,10,2025,2,1,,,54434
8468369,1,1,1,10,2025,2,35,8.0,800000.0,54436
8468371,1,1,1,10,2025,1,27,10.0,3500000.0,54444
8468372,1,3,1,10,2025,2,11,4.0,,54448
8468373,1,1,1,10,2025,1,30,5.0,800000.0,54450
8468375,1,4,1,10,2025,2,18,5.0,,54462
8468376,1,2,1,10,2025,2,56,5.0,,54467
8468378,1,1,1,10,2025,1,39,5.0,1700000.0,54470
8468379,1,3,1,10,2025,1,20,5.0,1423500.0,54476
8468381,1,1,1,10,2025,2,40,4.0,,54480
8468381,1,6,1,10,2025,2,60,3.0,,54485
8468382,1,4,1,10,2025,2,7,3.0,,54489
8468382,1,5,1,10,2025,2,1,,,54490
8468383,1,1,1,10,2025,1,68,4.0,480000.0,54491
8468383,1,2,1,10,2025,2,71,4.0,,54492
8468383,1,3,1,10,2025,2,29,5.0,600000.0,54493
8468384,1,4,1,10,2025,1,16,5.0,,54498
8468387,1,1,1,10,2025,1,63,3.0,960000.0,54506
8468390,1,2,1,10,2025,1,35,10.0,3000000.0,54510
8468392,1,2,1,10,2025,2,46,8.0,,54515
8468392,1,4,1,10,2025,2,10,3.0,,54517
8468393,1,1,1,10,2025,1,49,10.0,4269000.0,54518
8468394,1,2,1,10,2025,2,21,8.0,300000.0,54523
8468397,1,2,1,10,2025,2,32,5.0,0.0,54530
8468398,1,1,1,10,2025,2,40,10.0,1580000.0,54532
8468399,1,1,1,10,2025,2,21,6.0,1000000.0,54535
8468399,1,2,1,10,2025,2,14,4.0,,54536
8468400,1,1,1,10,2025,2,50,11.0,,54537
8468401,1,1,1,10,2025,1,27,10.0,1423500.0,54539
8468403,1,2,1,10,2025,2,60,10.0,3500000.0,54546
8468403,1,3,1,10,2025,1,24,12.0,,54547
8468404,1,4,1,10,2025,2,19,9.0,,54551
8468405,1,1,1,10,2025,1,77,1.0,,54552
8468407,1,1,1,10,2025,2,44,3.0,450000.0,54557
8468407,1,3,1,10,2025,1,13,3.0,,54559
8468408,1,1,1,10,2025,2,58,3.0,,54560
8468411,1,2,1,10,2025,2,39,10.0,,54564
8468412,1,4,1,10,2025,1,22,6.0,1600000.0,54569
8468414,1,2,1,10,2025,2,62,8.0,,54574
8468414,1,5,1,10,2025,2,1,,,54577
8468416,1,1,1,10,2025,2,66,8.0,,54579
8468416,1,2,1,10,2025,1,64,5.0,,54580
8468417,1,2,1,10,2025,1,39,5.0,1000000.0,54582
8468417,1,4,1,10,2025,1,10,3.0,,54584
8468419,1,2,1,10,2025,2,67,10.0,,54591
8468421,1,2,1,10,2025,2,42,5.0,,54597
8468424,1,3,1,10,2025,1,0,,,54606
8468427,1,1,1,10,2025,1,64,4.0,,54609
8468429,1,2,1,10,2025,2,46,12.0,4000000.0,54618
8468429,1,3,1,10,2025,2,24,5.0,1423500.0,54619
8468430,1,1,1,10,2025,1,46,8.0,1423500.0,54621
8468431,1,3,1,10,2025,2,28,10.0,,54626
8468435,1,1,1,10,2025,1,23,6.0,1400000.0,54633
8468436,1,2,1,10,2025,2,41,10.0,4800000.0,54636
8468439,1,1,1,10,2025,1,59,3.0,1423500.0,54643
8468440,1,1,1,10,2025,1,22,9.0,1400000.0,54645
8468441,1,3,1,10,2025,2,32,5.0,,54648
8468441,1,4,1,10,2025,1,27,9.0,,54649
8468444,1,2,1,10,2025,2,66,10.0,,54655
8468444,1,3,1,10,2025,1,42,11.0,,54656
8468445,1,2,1,10,2025,1,66,5.0,,54658
8468446,1,1,1,10,2025,1,69,4.0,,54659
8468447,1,1,1,10,2025,2,30,5.0,1423500.0,54662
8468448,1,2,1,10,2025,2,69,1.0,,54664
8468449,1,1,1,10,2025,1,58,5.0,1423500.0,54666
8468450,1,1,1,10,2025,2,53,4.0,1000000.0,54669
8468450,1,3,1,10,2025,2,33,8.0,1423500.0,54671
8468450,1,4,1,10,2025,1,10,4.0,,54672
8468451,1,1,1,10,2025,1,68,5.0,,54674
8468452,1,2,1,10,2025,2,14,4.0,,54677
8468453,1,3,1,10,2025,2,29,4.0,2400000.0,54681
8468455,1,2,1,10,2025,2,66,5.0,,54687
8468456,1,2,1,10,2025,1,66,4.0,,54689
8468458,1,1,1,10,2025,1,32,8.0,1500000.0,54692
8468458,1,3,1,10,2025,2,4,2.0,,54694
8468459,1,1,1,10,2025,2,71,5.0,,54695
8468460,1,2,1,10,2025,1,40,5.0,1423500.0,54697
8468461,1,2,1,10,2025,2,69,4.0,,54700
8468462,1,1,1,10,2025,2,58,5.0,,54701
8468463,1,1,1,10,2025,1,59,4.0,500000.0,54703
8468465,1,1,1,10,2025,1,45,11.0,5000000.0,54709
8468467,1,1,1,10,2025,1,39,10.0,2000000.0,54713
8468468,1,1,1,10,2025,2,48,13.0,7000000.0,54716
8468469,1,1,1,10,2025,1,40,10.0,4000000.0,54717
8468472,1,1,1,10,2025,1,65,5.0,,54720
8468472,1,2,1,10,2025,2,75,7.0,,54721
8468475,1,2,1,10,2025,2,43,11.0,2800000.0,54725
8468479,1,1,1,10,2025,1,82,3.0,,54730
8468479,1,3,1,10,2025,1,36,8.0,1600000.0,54732
8468481,1,3,1,10,2025,2,8,3.0,,54736
8468481,1,4,1,10,2025,2,6,2.0,,54737
8468483,1,1,1,10,2025,1,63,6.0,3000000.0,54739
8468484,1,1,1,10,2025,2,47,5.0,2000000.0,54741
8468484,1,3,1,10,2025,2,24,9.0,1423500.0,54743
8468486,1,2,1,10,2025,1,69,8.0,1000000.0,54748
8468489,1,1,1,10,2025,2,58,4.0,,54753
8468491,1,1,1,10,2025,2,56,3.0,800000.0,54755
8468492,1,1,1,10,2025,2,46,5.0,,54757
8468492,1,3,1,10,2025,2,23,5.0,,54759
8468492,1,4,1,10,2025,2,2,,,54760
8468493,1,1,1,10,2025,2,63,5.0,,54761
8468493,1,2,1,10,2025,1,61,3.0,1623000.0,54762
8468495,1,2,1,10,2025,2,37,8.0,1623000.0,54765
8468496,1,2,1,10,2025,2,40,10.0,4200000.0,54767
8468497,1,1,1,10,2025,1,69,4.0,,54768
8468500,1,2,1,10,2025,2,35,11.0,2900000.0,54779
8468500,1,3,1,10,2025,1,3,1.0,,54780
8468502,1,2,1,10,2025,1,40,4.0,1423500.0,54783
8468502,1,3,1,10,2025,1,12,3.0,,54784
8468503,1,5,1,10,2025,1,85,5.0,,54789
8468505,1,1,1,10,2025,2,36,4.0,1423500.0,54791
8468505,1,2,1,10,2025,1,50,3.0,1423500.0,54792
8468508,1,1,1,10,2025,2,35,8.0,350000.0,54797
8468509,1,1,1,10,2025,1,50,5.0,1723000.0,54800
8468509,1,4,1,10,2025,1,14,4.0,,54803
8468510,1,1,1,10,2025,1,68,5.0,,54804
8468512,1,2,1,10,2025,2,29,8.0,1500000.0,54806
8468512,1,5,1,10,2025,2,5,2.0,,54809
8468513,1,1,1,10,2025,2,33,5.0,,54810
8468514,1,2,1,10,2025,2,31,5.0,,54818
8468514,1,3,1,10,2025,1,14,4.0,,54819
8468514,1,4,1,10,2025,1,7,3.0,,54820
8468515,1,1,1,10,2025,2,22,10.0,1200000.0,54821
8468515,1,3,1,10,2025,2,21,10.0,1200000.0,54823
8468516,1,4,1,10,2025,2,6,3.0,,54827
8468518,1,1,1,10,2025,1,48,10.0,3000000.0,54832
8468519,1,3,1,10,2025,2,9,3.0,,54837
8468520,1,1,1,10,2025,2,41,10.0,2500000.0,54838
8468522,1,2,1,10,2025,2,33,4.0,,54842
8468522,1,3,1,10,2025,1,16,6.0,,54843
8468524,1,1,1,10,2025,2,46,5.0,,54847
8468524,1,3,1,10,2025,2,22,7.0,1650000.0,54849
8468525,1,2,1,10,2025,2,21,4.0,,54852
8468527,1,1,1,10,2025,2,44,3.0,,54859
8468530,1,2,1,10,2025,2,20,8.0,1800000.0,54868
8468530,1,3,1,10,2025,2,12,4.0,,54869
8468531,1,1,1,10,2025,1,64,5.0,,54870
8468534,1,2,1,10,2025,1,26,4.0,1500000.0,54878
8468538,1,2,1,10,2025,1,34,5.0,1400000.0,54884
8468540,1,1,1,10,2025,2,24,5.0,1600000.0,54888
8468540,1,3,1,10,2025,1,0,,,54890
8468545,1,2,1,10,2025,1,41,1.0,1400000.0,54897
8468545,1,3,1,10,2025,1,22,5.0,,54898
8468545,1,5,1,10,2025,2,17,5.0,,54900
8468546,1,2,1,10,2025,1,44,10.0,2000000.0,54902
8468548,1,1,1,10,2025,2,41,8.0,3000000.0,54910
8468549,1,1,1,10,2025,2,51,8.0,1600000.0,54913
8468549,1,2,1,10,2025,1,51,5.0,2000000.0,54914
8468551,1,2,1,10,2025,2,0,,,54918
8468555,1,3,1,10,2025,1,17,5.0,600000.0,54928
8468556,1,1,1,10,2025,2,50,3.0,,54930
8468557,1,1,1,10,2025,1,41,10.0,,54934
8468557,1,2,1,10,2025,2,41,10.0,,54935
8468561,1,1,1,10,2025,2,34,10.0,,54947
8468561,1,2,1,10,2025,2,6,3.0,,54948
8468561,1,3,1,10,2025,2,57,3.0,1400000.0,54949
8468562,1,1,1,10,2025,2,41,11.0,,54950
8468563,1,1,1,10,2025,2,36,10.0,7000000.0,54953
8468564,1,2,1,10,2025,1,39,10.0,1000000.0,54955
8468565,1,2,1,10,2025,2,31,8.0,,54957
8468565,1,3,1,10,2025,1,33,10.0,2000000.0,54958
8468570,1,1,1,10,2025,1,55,5.0,1150000.0,54962
8468572,1,1,1,10,2025,1,60,4.0,,54963
8468572,1,2,1,10,2025,2,60,4.0,,54964
8468573,1,1,1,10,2025,1,38,10.0,6170000.0,54968
8468576,1,1,1,10,2025,2,42,9.0,,54969
8468576,1,2,1,10,2025,1,50,9.0,1600000.0,54970
8468576,1,3,1,10,2025,1,14,5.0,,54971
8468578,1,1,1,10,2025,1,66,3.0,800000.0,54974
8468578,1,4,1,10,2025,2,13,4.0,,54977
8468583,1,1,1,10,2025,2,71,5.0,,54979
8468583,1,4,1,10,2025,1,27,10.0,,54982
8468584,1,1,1,10,2025,1,41,4.0,1200000.0,54983
8468584,1,2,1,10,2025,2,38,5.0,,54984
8468584,1,3,1,10,2025,1,14,4.0,,54985
8468586,1,1,1,10,2025,1,28,4.0,2000000.0,54989
8468586,1,2,1,10,2025,2,27,5.0,700000.0,54990
8468586,1,4,1,10,2025,2,7,3.0,,54992
8468589,1,1,1,10,2025,2,65,10.0,,54993
8468593,1,1,1,10,2025,2,65,4.0,2800000.0,55001
8468593,1,3,1,10,2025,1,8,3.0,,55003
8468594,1,2,1,10,2025,1,25,5.0,1600000.0,55005
8468596,1,2,1,10,2025,2,64,4.0,600000.0,55010
8468596,1,4,1,10,2025,1,12,4.0,,55012
8468597,1,3,1,10,2025,2,8,3.0,,55015
8468601,1,1,1,10,2025,1,43,5.0,2000000.0,55020
8468604,1,1,1,10,2025,2,25,5.0,1500000.0,55024
8468607,1,1,1,10,2025,2,40,5.0,1400000.0,55025
8468607,1,2,1,10,2025,2,24,5.0,,55026
8468607,1,3,1,10,2025,1,17,5.0,,55027
8468610,1,2,1,10,2025,1,51,1.0,,55031
8468612,1,5,1,10,2025,2,10,3.0,,55036
8468613,1,1,1,10,2025,1,54,3.0,800000.0,55038
8468613,1,3,1,10,2025,2,26,10.0,,55040
8468615,1,2,1,10,2025,1,21,8.0,2000000.0,55043
8468615,1,3,1,10,2025,1,3,1.0,,55044
8468623,1,2,1,10,2025,2,37,4.0,,55051
8468625,1,3,1,10,2025,2,6,3.0,,55057
8468627,1,1,1,10,2025,2,38,9.0,,55060
8468634,1,1,1,10,2025,2,36,3.0,900000.0,55074
8468637,1,1,1,10,2025,2,56,3.0,200000.0,55077
8468639,1,3,1,10,2025,2,13,3.0,,55082
8468643,1,1,1,10,2025,1,46,5.0,6000000.0,55089
8468644,1,2,1,10,2025,2,38,5.0,1400000.0,55094
8468645,1,2,1,10,2025,1,17,8.0,,55100
8468646,1,2,1,10,2025,2,58,3.0,400000.0,55104
8468646,1,3,1,10,2025,2,8,3.0,,55105
8468647,1,3,1,10,2025,2,22,10.0,,55109
8468647,1,5,1,10,2025,2,14,5.0,,55111
8468649,1,2,1,10,2025,1,9,3.0,,55115
8468649,1,5,1,10,2025,1,23,5.0,1400000.0,55118
8468650,1,1,1,10,2025,2,52,5.0,600000.0,55119
8468654,1,2,1,10,2025,1,51,5.0,1400000.0,55127
8468656,1,3,1,10,2025,1,22,5.0,,55132
8468657,1,2,1,10,2025,2,28,5.0,,55138
8468658,1,2,1,10,2025,2,34,4.0,,55140
8468660,1,1,1,10,2025,1,41,5.0,1500000.0,55145
8468660,1,3,1,10,2025,1,13,4.0,,55147
8468660,1,5,1,10,2025,1,2,,,55149
8468661,1,3,1,10,2025,1,25,10.0,800000.0,55152
8468662,1,2,1,10,2025,1,66,3.0,800000.0,55156
8468662,1,5,1,10,2025,2,46,10.0,3000000.0,55159
8468662,1,6,1,10,2025,2,54,5.0,,55160
8468662,1,8,1,10,2025,2,20,5.0,,55162
8468662,1,9,1,10,2025,2,15,4.0,,55163
8468664,1,1,1,10,2025,1,47,5.0,200000.0,55165
8468664,1,4,1,10,2025,2,12,4.0,,55168
8468668,1,1,1,10,2025,2,66,3.0,,55171
8468669,1,1,1,10,2025,1,57,12.0,4270500.0,55173
8468670,1,2,1,10,2025,1,40,5.0,2000000.0,55177
8468670,1,3,1,10,2025,1,10,3.0,,55178
8468670,1,5,1,10,2025,2,64,3.0,300000.0,55180
8468671,1,4,1,10,2025,2,15,5.0,,55186
8468677,1,1,1,10,2025,2,51,3.0,,55203
8468677,1,4,1,10,2025,1,26,8.0,1423500.0,55206
8468678,1,1,1,10,2025,2,55,3.0,,55207
8468678,1,2,1,10,2025,1,21,3.0,,55208
8468678,1,3,1,10,2025,2,18,5.0,,55209
8468678,1,4,1,10,2025,1,12,3.0,,55210
8468679,1,2,1,10,2025,1,59,10.0,1500000.0,55214
8468680,1,3,1,10,2025,2,29,5.0,,55217
8468682,1,1,1,10,2025,2,46,8.0,,55220
8468682,1,2,1,10,2025,1,47,5.0,1423500.0,55221
8468684,1,1,1,10,2025,1,58,3.0,1423500.0,55224
8468685,1,3,1,10,2025,1,31,10.0,3280000.0,55227
8468687,1,2,1,10,2025,2,52,5.0,1423500.0,55232
8468689,1,3,1,10,2025,2,5,2.0,,55236
8468690,1,3,1,10,2025,2,11,4.0,,55239
8468690,1,4,1,10,2025,1,8,3.0,,55240
8468690,1,5,1,10,2025,1,22,5.0,,55241
8468691,1,3,1,10,2025,2,17,10.0,,55244
8468693,1,1,1,10,2025,2,32,10.0,2600000.0,55249
8468694,1,3,1,10,2025,2,18,5.0,,55253
8468695,1,1,1,10,2025,1,65,11.0,10000000.0,55255
8468695,1,2,1,10,2025,2,51,5.0,,55256
8468696,1,3,1,10,2025,1,4,2.0,,55260
8468698,1,4,1,10,2025,2,63,5.0,800000.0,55267
8468699,1,2,1,10,2025,1,45,10.0,4000000.0,55269
8468701,1,2,1,10,2025,1,43,5.0,,55275
8468702,1,2,1,10,2025,1,32,10.0,3600000.0,55277
8468706,1,2,1,10,2025,2,6,3.0,,55281
8468706,1,3,1,10,2025,1,38,5.0,1800000.0,55282
8468707,1,2,1,10,2025,1,58,11.0,22000000.0,55286
8468708,1,1,1,10,2025,1,79,5.0,,55287
8468708,1,3,1,10,2025,2,25,10.0,2000000.0,55289
8468711,1,1,1,10,2025,1,49,4.0,500000.0,55295
8468711,1,2,1,10,2025,2,48,3.0,1423500.0,55296
8468712,1,1,1,10,2025,2,66,3.0,,55298
8468712,1,2,1,10,2025,1,29,3.0,1500000.0,55299
8468713,1,1,1,10,2025,2,36,3.0,1200000.0,55301
8468714,1,1,1,10,2025,2,32,5.0,1423500.0,55305
8468714,1,6,1,10,2025,1,5,1.0,,55310
8468715,1,2,1,10,2025,1,38,8.0,,55312
8468716,1,1,1,10,2025,2,54,3.0,,55314
8468717,1,2,1,10,2025,1,14,4.0,,55318
8468717,1,3,1,10,2025,1,5,2.0,,55319
8468718,1,2,1,10,2025,2,20,8.0,,55321
8468718,1,3,1,10,2025,1,3,1.0,,55322
8468719,1,1,1,10,2025,2,19,5.0,600000.0,55324
8468720,1,1,1,10,2025,1,83,3.0,,55327
8468720,1,2,1,10,2025,2,77,3.0,,55328
8468722,1,1,1,10,2025,1,35,5.0,1900000.0,55333
8468722,1,2,1,10,2025,2,24,8.0,1423500.0,55334
8468727,1,4,1,10,2025,2,16,10.0,,55346
8468732,1,1,1,10,2025,2,26,5.0,,55351
8468733,1,1,1,10,2025,2,29,8.0,,55353
8468734,1,3,1,10,2025,1,8,3.0,,55358
8468735,1,4,1,10,2025,1,18,5.0,,55364
8468735,1,5,1,10,2025,1,16,5.0,,55365
8468736,1,2,1,10,2025,2,12,4.0,,55368
8468737,1,1,1,10,2025,2,34,5.0,,55370
8468737,1,4,1,10,2025,1,7,3.0,,55373
8468738,1,1,1,10,2025,2,27,8.0,,55375
8468739,1,3,1,10,2025,2,11,4.0,,55380
8468740,1,2,1,10,2025,1,25,10.0,800000.0,55382
8468740,1,4,1,10,2025,1,19,5.0,,55384
8468742,1,2,1,10,2025,2,42,8.0,1600000.0,55386
8468742,1,3,1,10,2025,1,17,8.0,,55387
8468743,1,1,1,10,2025,1,61,5.0,1000000.0,55388
8468745,1,1,1,10,2025,1,66,3.0,,55392
8468746,1,1,1,10,2025,2,33,10.0,300000.0,55394
8468746,1,3,1,10,2025,1,7,3.0,,55396
8468747,1,1,1,10,2025,2,34,4.0,,55397
8468750,1,3,1,10,2025,1,21,5.0,,55405
8468752,1,2,1,10,2025,1,16,3.0,,55411
8468754,1,1,1,10,2025,2,44,5.0,1400000.0,55412
8468754,1,2,1,10,2025,1,16,4.0,,55413
8468755,1,1,1,10,2025,2,44,3.0,,55417
8468755,1,3,1,10,2025,2,13,4.0,,55419
8468756,1,3,1,10,2025,2,9,3.0,,55424
8468757,1,1,1,10,2025,2,52,5.0,205000.0,55425
8468763,1,2,1,10,2025,1,7,3.0,,55429
8468764,1,2,1,10,2025,2,7,3.0,,55432
8468765,1,1,1,10,2025,2,57,5.0,,55433
8468765,1,2,1,10,2025,2,14,4.0,,55434
8468766,1,3,1,10,2025,1,32,11.0,,55437
8468766,1,4,1,10,2025,2,90,1.0,,55438
8468767,1,2,1,10,2025,2,7,3.0,,55440
8468768,1,1,1,10,2025,2,43,8.0,1423500.0,55442
8468769,1,1,1,10,2025,2,21,5.0,600000.0,55444
8468770,1,3,1,10,2025,2,12,4.0,,55449
8468770,1,4,1,10,2025,1,10,4.0,,55450
8468772,1,2,1,10,2025,1,31,8.0,3000000.0,55453
8468772,1,3,1,10,2025,1,17,10.0,,55454
8468773,1,2,1,10,2025,1,31,10.0,1423000.0,55458
8468774,1,1,1,10,2025,1,36,5.0,1800000.0,55461
8468774,1,2,1,10,2025,2,58,5.0,2000000.0,55462
8468775,1,2,1,10,2025,2,32,4.0,1200000.0,55464
8468776,1,2,1,10,2025,1,49,4.0,2000000.0,55466
8468776,1,3,1,10,2025,2,14,4.0,,55467
8468777,1,1,1,10,2025,1,29,10.0,700000.0,55468
8468779,1,1,1,10,2025,2,57,4.0,500000.0,55472
8468784,1,2,1,10,2025,2,16,5.0,,55483
8468789,1,1,1,10,2025,2,34,4.0,1500000.0,55488
8468789,1,3,1,10,2025,2,16,4.0,,55490
8468790,1,1,1,10,2025,2,58,3.0,1000000.0,55494
8468793,1,2,1,10,2025,1,21,3.0,450000.0,55506
8468793,1,3,1,10,2025,1,0,,,55507
8468795,1,2,1,10,2025,1,33,3.0,800000.0,55510
8468795,1,3,1,10,2025,2,11,3.0,,55511
8468796,1,1,1,10,2025,1,33,5.0,1500000.0,55514
8468796,1,4,1,10,2025,1,10,3.0,,55517
8468797,1,1,1,10,2025,2,53,10.0,940000.0,55518
8468797,1,4,1,10,2025,1,12,4.0,,55521
8468798,1,1,1,10,2025,1,63,12.0,,55522
8468799,1,2,1,10,2025,1,31,10.0,1800000.0,55525
8468800,1,2,1,10,2025,1,55,5.0,1800000.0,55528
8468800,1,3,1,10,2025,1,19,5.0,,55529
8468801,1,1,1,10,2025,2,26,3.0,30000.0,55533
8468801,1,3,1,10,2025,2,1,,,55535
8468804,1,2,1,10,2025,2,62,3.0,,55540
8468805,1,2,1,10,2025,2,39,5.0,1200000.0,55542
8468808,1,1,1,10,2025,2,22,9.0,1423500.0,55545
8468809,1,5,1,10,2025,2,3,1.0,,55550
8468810,1,1,1,10,2025,1,43,9.0,1750000.0,55551
8468810,1,2,1,10,2025,2,42,5.0,1140000.0,55552
8468811,1,1,1,10,2025,1,51,9.0,6000000.0,55555
8468811,1,2,1,10,2025,2,32,9.0,,55556
8468811,1,3,1,10,2025,2,10,4.0,,55557
8468812,1,1,1,10,2025,2,40,10.0,800000.0,55559
8468812,1,3,1,10,2025,2,8,3.0,,55561
8468813,1,2,1,10,2025,1,42,8.0,3000000.0,55564
8468813,1,3,1,10,2025,1,17,10.0,,55565
8468813,1,4,1,10,2025,1,5,2.0,,55566
8468816,1,1,1,10,2025,2,87,1.0,,55573
8468822,1,3,1,10,2025,1,26,5.0,800000.0,55586
8468824,1,2,1,10,2025,2,52,4.0,,55593
8468825,1,2,1,10,2025,1,37,5.0,1400000.0,55598
8468828,1,1,1,10,2025,2,42,10.0,,55608
8468830,1,3,1,10,2025,1,32,6.0,1200000.0,55614
8468831,1,2,1,10,2025,2,12,4.0,,55616
8468834,1,1,1,10,2025,2,46,8.0,,55623
8468834,1,2,1,10,2025,1,50,10.0,2000000.0,55624
8468835,1,1,1,10,2025,2,26,8.0,1800000.0,55626
8468837,1,4,1,10,2025,1,23,9.0,1423500.0,55632
8468838,1,2,1,10,2025,2,53,6.0,1423500.0,55635
8468838,1,3,1,10,2025,1,20,10.0,,55636
8468839,1,1,1,10,2025,1,44,10.0,1900000.0,55637
8468840,1,1,1,10,2025,2,43,4.0,,55640
8468841,1,2,1,10,2025,1,33,11.0,,55644
8468841,1,3,1,10,2025,2,19,1.0,,55645
8468842,1,3,1,10,2025,2,18,10.0,,55648
8468843,1,1,1,10,2025,2,47,11.0,4680000.0,55649
8468844,1,2,1,10,2025,1,40,4.0,900000.0,55654
8468844,1,3,1,10,2025,1,19,5.0,1623500.0,55655
8468844,1,5,1,10,2025,1,14,4.0,,55657
8468844,1,6,1,10,2025,2,10,3.0,,55658
8468845,1,3,1,10,2025,2,6,3.0,,55661
8468846,1,1,1,10,2025,2,24,4.0,300000.0,55662
8468846,1,3,1,10,2025,1,8,3.0,,55664
8468846,1,6,1,10,2025,1,5,2.0,,55667
8468847,1,3,1,10,2025,2,11,4.0,,55670
8468848,1,3,1,10,2025,2,22,10.0,1170000.0,55673
8468849,1,1,1,10,2025,1,67,4.0,,55676
8468852,1,1,1,10,2025,2,53,3.0,1500000.0,55681
8468852,1,2,1,10,2025,1,19,5.0,1600000.0,55682
8468854,1,1,1,10,2025,1,23,5.0,1600000.0,55683
8468854,1,3,1,10,2025,2,3,1.0,,55685
8468855,1,1,1,10,2025,2,75,6.0,,55686
8468855,1,2,1,10,2025,1,37,10.0,,55687
8468857,1,2,1,10,2025,1,36,5.0,1800000.0,55695
8468859,1,3,1,10,2025,1,16,4.0,,55701
8468859,1,4,1,10,2025,1,21,5.0,1000000.0,55702
8468860,1,2,1,10,2025,2,21,6.0,,55704
8468862,1,2,1,10,2025,1,18,3.0,480000.0,55708
8468862,1,3,1,10,2025,1,7,3.0,,55709
8468864,1,1,1,10,2025,2,59,3.0,720000.0,55710
8468864,1,3,1,10,2025,1,27,4.0,1400000.0,55712
8468866,1,2,1,10,2025,1,70,3.0,400000.0,55715
8468867,1,3,1,10,2025,2,28,9.0,1423500.0,55718
8468870,1,2,1,10,2025,2,82,3.0,,55725
8468873,1,1,1,10,2025,1,51,5.0,,55734
8468873,1,3,1,10,2025,2,20,10.0,1400000.0,55736
8468879,1,1,1,10,2025,1,70,5.0,,55746
8468881,1,1,1,10,2025,2,45,5.0,1000000.0,55748
8468881,1,2,1,10,2025,2,13,4.0,,55749
8468883,1,1,1,10,2025,1,54,5.0,3000000.0,55754
8468884,1,4,1,10,2025,1,38,5.0,,55758
8468885,1,1,1,10,2025,1,60,5.0,700000.0,55762
8468888,1,2,1,10,2025,2,28,5.0,1423500.0,55764
8468891,1,1,1,10,2025,1,78,3.0,,55771
8468894,1,1,1,10,2025,2,69,3.0,,55777
8468895,1,4,1,10,2025,1,26,5.0,1423500.0,55782
8468895,1,5,1,10,2025,2,29,5.0,,55783
8468895,1,7,1,10,2025,2,0,,,55785
8468896,1,2,1,10,2025,2,35,5.0,1423500.0,55787
8468897,1,3,1,10,2025,2,15,4.0,,55794
8468897,1,4,1,10,2025,1,13,4.0,,55795
8468898,1,2,1,10,2025,2,89,1.0,,55797
8468902,1,3,1,10,2025,1,23,11.0,3500000.0,55808
8468903,1,1,1,10,2025,1,36,10.0,4000000.0,55809
8468906,1,1,1,10,2025,2,50,5.0,1423500.0,55813
8468908,1,2,1,10,2025,1,33,5.0,1600000.0,55818
8468908,1,6,1,10,2025,1,33,3.0,,55822
8468911,1,3,1,10,2025,1,11,3.0,,55825
8468912,1,1,1,10,2025,2,40,8.0,1200000.0,55828
8468913,1,1,1,10,2025,1,32,8.0,2000000.0,55830
8468913,2,3,2,10,2025,1,6,3.0,,55835
8468914,1,2,1,10,2025,2,38,4.0,800000.0,55838
8468919,1,1,1,10,2025,2,74,4.0,,55840
8468922,1,1,1,10,2025,1,32,5.0,640000.0,55851
8468925,1,2,1,10,2025,1,41,10.0,3000000.0,55853
8468926,1,3,1,10,2025,2,17,5.0,,55856
8468927,1,1,1,10,2025,2,52,10.0,4423500.0,55857
8468930,1,6,1,10,2025,1,7,3.0,,55864
8468930,1,7,1,10,2025,2,5,2.0,,55865
8468939,1,3,1,10,2025,1,26,5.0,2000000.0,55873
8468945,1,2,1,10,2025,1,6,2.0,,55882
8468946,1,2,1,10,2025,2,25,10.0,1423500.0,55884
8468947,1,1,1,10,2025,1,28,6.0,3000000.0,55887
8468947,1,2,1,10,2025,2,33,11.0,3000000.0,55888
8468949,1,1,1,10,2025,2,30,5.0,700000.0,55890
8468951,1,1,1,10,2025,1,61,10.0,4890000.0,55896
8468954,1,2,1,10,2025,2,30,11.0,7000000.0,55901
8468955,1,1,1,10,2025,2,53,5.0,7500000.0,55903
8468955,1,2,1,10,2025,1,57,3.0,7500000.0,55904
8468959,1,2,1,10,2025,1,37,3.0,1500000.0,55909
8468962,1,2,1,10,2025,2,60,5.0,5000000.0,55912
8468962,1,3,1,10,2025,2,26,10.0,4327500.0,55913
8468963,1,1,1,10,2025,1,77,4.0,,55914
8468966,1,2,1,10,2025,1,48,10.0,7000000.0,55922
8468966,1,4,1,10,2025,1,14,1.0,,55924
8468966,1,5,1,10,2025,2,11,3.0,,55925
8468967,1,3,1,10,2025,1,25,10.0,1300000.0,55928
8468968,1,3,1,10,2025,1,18,10.0,800000.0,55931
8468970,1,3,1,10,2025,2,12,4.0,,55935
8468970,1,4,1,10,2025,2,8,3.0,,55936
8468971,1,1,1,10,2025,1,28,10.0,,55937
8468974,1,3,1,10,2025,1,57,5.0,900000.0,55944
8468975,1,3,1,10,2025,2,46,12.0,4000000.0,55947
8468976,1,4,1,10,2025,1,10,3.0,,55951
8468977,1,2,1,10,2025,2,42,5.0,4000000.0,55953
8468977,1,3,1,10,2025,1,23,9.0,1750000.0,55954
8468978,1,3,1,10,2025,2,18,5.0,1423500.0,55958
8468979,1,1,1,10,2025,2,28,10.0,900000.0,55960
8468979,1,4,1,10,2025,2,53,3.0,,55963
8468980,1,4,1,10,2025,2,48,3.0,900000.0,55967
8468982,1,1,1,10,2025,1,61,3.0,400000.0,55969
8468983,1,1,1,10,2025,2,38,5.0,,55971
8468983,1,3,1,10,2025,1,18,6.0,,55973
8468985,1,2,1,10,2025,1,25,10.0,,55979
8468988,1,1,1,10,2025,1,24,5.0,2200000.0,55987
8468988,1,3,1,10,2025,1,4,1.0,,55989
8468990,1,1,1,10,2025,2,28,5.0,,55992
8468990,1,5,1,10,2025,2,17,5.0,,55996
8468994,1,3,1,10,2025,1,18,10.0,,56004
8468996,1,2,1,10,2025,2,91,3.0,,56008
8468999,1,1,1,10,2025,1,83,5.0,,56013
8469000,1,2,1,10,2025,2,25,5.0,1000000.0,56015
8469000,1,3,1,10,2025,2,1,,,56016
8469000,1,4,1,10,2025,2,23,5.0,1200000.0,56017
8469001,1,2,1,10,2025,2,60,5.0,,56019
8469004,1,1,1,10,2025,1,37,3.0,700000.0,56025
8469004,1,2,1,10,2025,2,39,8.0,1423500.0,56026
8469007,1,1,1,10,2025,2,40,3.0,800000.0,56031
8469008,1,1,1,10,2025,1,54,5.0,2000000.0,56037
8469008,1,3,1,10,2025,1,16,5.0,,56039
8469010,1,2,1,10,2025,1,37,5.0,1500000.0,56043
8469010,1,3,1,10,2025,2,13,4.0,,56044
8469013,1,3,1,10,2025,1,20,5.0,1423500.0,56050
8469013,1,5,1,10,2025,1,6,2.0,,56052
8469017,1,2,1,10,2025,2,32,5.0,800000.0,56061
8469019,1,1,1,10,2025,1,56,1.0,1000000.0,56063
8469020,1,2,1,10,2025,1,32,4.0,,56069
8469022,1,2,1,10,2025,2,18,10.0,,56075
8469024,1,3,1,10,2025,1,12,4.0,,56080
8469024,1,4,1,10,2025,2,6,2.0,,56081
8469025,1,2,1,10,2025,1,7,3.0,,56083
8469029,1,1,1,10,2025,2,57,4.0,,56091
8469029,1,3,1,10,2025,1,37,5.0,1200000.0,56093
8469031,1,1,1,10,2025,2,64,3.0,1000000.0,56097
8469035,1,2,1,10,2025,2,60,4.0,,56105
8469041,1,5,1,10,2025,2,42,5.0,1400000.0,56125
8469041,1,6,1,10,2025,2,18,9.0,,56126
8469041,1,7,1,10,2025,1,33,5.0,1500000.0,56127
8469043,1,2,1,10,2025,2,32,6.0,,56131
8469044,1,2,1,10,2025,2,51,5.0,,56135
8469046,1,1,1,10,2025,1,52,5.0,1000000.0,56139
8469049,1,1,1,10,2025,2,66,5.0,500000.0,56145
8469050,1,1,1,10,2025,2,49,5.0,600000.0,56148
8469051,1,3,1,10,2025,1,50,3.0,2500000.0,56153
8469052,1,2,1,10,2025,2,74,3.0,,56155
8469052,1,3,1,10,2025,2,50,4.0,1100000.0,56156
8469052,1,5,1,10,2025,2,9,3.0,,56158
8469054,1,1,1,10,2025,2,49,5.0,300000.0,56161
8469055,1,1,1,10,2025,2,70,5.0,,56163
8469061,1,2,1,10,2025,1,26,6.0,800000.0,56177
8469062,1,2,1,10,2025,2,31,10.0,3000000.0,56179
8469063,1,1,1,10,2025,2,54,3.0,,56181
8469063,1,2,1,10,2025,1,29,5.0,,56182
8469064,1,2,1,10,2025,1,31,5.0,1000000.0,56185
8469064,1,3,1,10,2025,1,25,5.0,1423500.0,56186
8469064,1,4,1,10,2025,1,17,1.0,,56187
8469066,1,1,1,10,2025,1,37,5.0,800000.0,56189
8469067,1,1,1,10,2025,1,49,3.0,500000.0,56193
8469069,1,1,1,10,2025,2,40,5.0,1423000.0,56199
8469071,1,4,1,10,2025,1,27,5.0,800000.0,56207
8469071,1,5,1,10,2025,2,78,3.0,,56208
8469072,1,2,1,10,2025,1,78,3.0,,56210
8469074,1,2,1,10,2025,2,20,5.0,900000.0,56216
8469074,1,4,1,10,2025,1,3,1.0,,56218
8469075,1,1,1,10,2025,1,61,4.0,,56220
8469078,1,3,1,10,2025,1,13,4.0,,56229
8469079,1,2,1,10,2025,1,31,9.0,1423500.0,56232
8469081,1,3,1,10,2025,2,23,6.0,1600000.0,56238
8469081,1,6,1,10,2025,1,21,6.0,1500000.0,56241
8469082,1,1,1,10,2025,1,72,8.0,,56243
8469083,1,2,1,10,2025,2,30,6.0,,56246
8469089,1,2,1,10,2025,1,16,5.0,288000.0,56259
8469090,1,1,1,10,2025,2,47,3.0,1400000.0,56261
8469094,1,2,1,10,2025,2,0,,,56271
8469096,1,1,1,10,2025,2,78,3.0,,56274
8469096,1,3,1,10,2025,2,51,6.0,1423500.0,56276
8469097,1,3,1,10,2025,2,29,5.0,1000000.0,56280
8469097,1,6,1,10,2025,2,8,3.0,,56283
8469099,1,2,1,10,2025,2,32,10.0,,56287
8469101,1,1,1,10,2025,1,50,13.0,8000000.0,56290
8469102,1,1,1,10,2025,1,70,3.0,100000.0,56293
8469103,1,1,1,10,2025,1,44,12.0,2500000.0,56294
8469103,1,4,1,10,2025,2,75,5.0,,56297
8469106,1,2,1,10,2025,1,34,6.0,1423500.0,56302
8469107,1,2,1,10,2025,2,66,3.0,,56306
8469107,1,3,1,10,2025,1,36,5.0,,56307
8469108,1,2,1,10,2025,1,22,10.0,,56309
8469109,1,1,1,10,2025,1,40,5.0,800000.0,56311
8469109,1,2,1,10,2025,2,27,5.0,,56312
8469109,1,3,1,10,2025,2,7,3.0,,56313
8469110,1,1,1,10,2025,2,62,8.0,1423500.0,56315
8469110,1,2,1,10,2025,1,58,1.0,,56316
8469111,1,1,1,10,2025,2,57,4.0,300000.0,56318
8469111,1,3,1,10,2025,1,22,10.0,,56320
8469114,1,1,1,10,2025,2,37,3.0,1423500.0,56326
8469115,1,1,1,10,2025,1,48,3.0,600000.0,56329
8469115,1,2,1,10,2025,2,50,8.0,1423500.0,56330
8469115,1,4,1,10,2025,2,83,3.0,,56332
8469117,1,4,1,10,2025,2,28,5.0,,56339
8469118,1,2,1,10,2025,2,72,3.0,,56341
8469120,1,1,1,10,2025,1,67,3.0,,56351
8469121,1,2,1,10,2025,2,46,4.0,,56355
8469121,1,3,1,10,2025,2,3,1.0,,56356
8469122,1,1,1,10,2025,1,59,3.0,900000.0,56357
8469122,1,2,1,10,2025,2,57,3.0,,56358
8469124,1,1,1,10,2025,1,31,4.0,1423500.0,56360
8469124,1,3,1,10,2025,1,1,,,56362
8469126,1,1,1,10,2025,1,26,10.0,1500000.0,56364
8469126,1,2,1,10,2025,1,21,6.0,,56365
8469127,1,1,1,10,2025,1,82,10.0,,56366
8469127,1,2,1,10,2025,2,78,5.0,,56367
8469130,1,1,1,10,2025,2,36,3.0,800000.0,56376
8469133,1,3,1,10,2025,1,25,5.0,,56386
8469133,1,4,1,10,2025,2,28,5.0,1423500.0,56387
8469133,1,5,1,10,2025,1,3,1.0,,56388
8469138,1,3,1,10,2025,1,23,8.0,,56402
8469138,1,4,1,10,2025,2,18,5.0,,56403
8469139,1,1,1,10,2025,2,47,6.0,,56404
8469140,1,1,1,10,2025,1,66,3.0,1900000.0,56407
8469142,1,1,1,10,2025,1,35,5.0,1200000.0,56411
8469143,1,1,1,10,2025,2,42,5.0,1050000.0,56414
8469144,1,4,1,10,2025,1,38,3.0,,56421
8469147,1,1,1,10,2025,1,26,10.0,5360000.0,56427
8469151,1,2,1,10,2025,1,58,3.0,1423500.0,56436
8469151,1,3,1,10,2025,2,12,5.0,,56437
8469153,1,1,1,10,2025,1,51,5.0,1250000.0,56446
8469153,1,4,1,10,2025,2,7,3.0,,56449
8469155,1,4,1,10,2025,2,15,5.0,,56455
8469156,1,2,1,10,2025,1,3,1.0,,56457
8469157,1,1,1,10,2025,2,93,3.0,,56458
8469159,1,4,1,10,2025,2,0,,,56466
8469160,1,1,1,10,2025,1,37,5.0,1423500.0,56467
8469160,1,2,1,10,2025,2,38,5.0,,56468
8469160,1,3,1,10,2025,2,16,5.0,,56469
8469160,1,5,1,10,2025,1,9,3.0,,56471
8469160,1,6,1,10,2025,2,2,,,56472
8469161,1,2,1,10,2025,2,41,5.0,50000.0,56474
8469162,1,2,1,10,2025,2,39,5.0,,56477
8469164,1,2,1,10,2025,2,63,3.0,,56484
8469166,1,1,1,10,2025,2,61,5.0,1280000.0,56489
8469167,1,1,1,10,2025,1,66,4.0,,56490
8469168,1,1,1,10,2025,2,29,4.0,,56492
8469170,1,2,1,10,2025,2,19,4.0,,56499
8469171,1,2,1,10,2025,1,15,4.0,,56503
8469172,1,5,1,10,2025,2,26,5.0,,56509
8469175,1,1,1,10,2025,2,34,8.0,,56515
8469175,1,3,1,10,2025,2,5,2.0,,56517
8469176,1,1,1,10,2025,2,84,3.0,,56518
8469176,1,2,1,10,2025,2,42,10.0,,56519
8469176,1,3,1,10,2025,2,12,4.0,,56520
8469177,1,1,1,10,2025,2,61,3.0,,56521
8469179,1,1,1,10,2025,2,71,10.0,,56525
8469181,1,1,1,10,2025,2,62,3.0,200000.0,56529
8469181,1,2,1,10,2025,1,61,3.0,700000.0,56530
8469183,1,1,1,10,2025,1,74,11.0,,56531
8469183,1,2,1,10,2025,2,69,5.0,,56532
8469188,1,1,1,10,2025,2,28,5.0,,56542
8469188,1,3,1,10,2025,1,2,,,56544
8469193,1,4,1,10,2025,1,18,10.0,,56555
8469194,1,4,1,10,2025,1,7,3.0,,56559
8469195,1,2,1,10,2025,2,81,3.0,,56561
8469196,1,1,1,10,2025,2,41,5.0,1450000.0,56562
8469197,1,1,1,10,2025,1,26,10.0,1800000.0,56564
8469197,1,2,1,10,2025,2,29,5.0,1423500.0,56565
8469201,1,1,1,10,2025,2,25,10.0,1624500.0,56571
8469202,1,1,1,10,2025,2,61,8.0,,56573
8469204,1,1,1,10,2025,2,36,8.0,,56577
8469204,1,2,1,10,2025,2,20,10.0,,56578
8469208,1,1,1,10,2025,2,39,10.0,2560000.0,56584
8469210,1,5,1,10,2025,1,12,4.0,,56594
8469211,1,1,1,10,2025,1,46,5.0,1500000.0,56596
8469211,1,3,1,10,2025,2,20,10.0,1423500.0,56598
8469213,1,2,1,10,2025,1,36,8.0,700000.0,56602
8469215,1,2,1,10,2025,2,67,5.0,,56608
8469216,1,2,1,10,2025,2,29,5.0,,56610
8469216,1,4,1,10,2025,1,84,3.0,,56612
8469217,1,1,1,10,2025,2,56,4.0,200000.0,56613
8469217,1,3,1,10,2025,1,4,1.0,,56615
8469221,1,2,1,10,2025,1,54,5.0,1423500.0,56625
8469225,1,1,1,10,2025,2,60,3.0,,56633
8469226,1,2,1,10,2025,2,95,3.0,,56635
8469228,1,2,1,10,2025,2,30,5.0,1423500.0,56640
8469228,1,3,1,10,2025,1,63,5.0,1000000.0,56641
8469229,1,2,1,10,2025,2,35,5.0,,56644
8469230,1,1,1,10,2025,1,23,10.0,1500000.0,56646
8469230,1,2,1,10,2025,2,23,10.0,,56647
8469233,1,1,1,10,2025,1,45,10.0,1500000.0,56651
8469233,1,2,1,10,2025,2,42,11.0,6000000.0,56652
8469234,1,2,1,10,2025,2,30,10.0,2000000.0,56655
8469237,1,1,1,10,2025,1,69,5.0,1500000.0,56659
8469238,1,1,1,10,2025,2,26,10.0,7000000.0,56661
8469240,1,3,1,10,2025,2,5,1.0,,56667
8469242,1,1,1,10,2025,2,33,8.0,1400000.0,56670
8469242,1,2,1,10,2025,1,10,3.0,,56671
8469243,1,2,1,10,2025,2,36,11.0,1423500.0,56674
8469246,1,2,1,10,2025,1,36,5.0,1500000.0,56681
8469247,1,2,1,10,2025,2,21,10.0,1423500.0,56684
8469248,1,1,1,10,2025,2,33,10.0,2000000.0,56685
8469250,1,1,1,10,2025,1,63,5.0,1500000.0,56688
8469251,1,2,1,10,2025,2,25,5.0,1423500.0,56690
8469252,1,2,1,10,2025,2,29,10.0,3000000.0,56692
8469256,1,1,1,10,2025,2,40,9.0,1000000.0,56698
8469256,1,4,1,10,2025,2,7,3.0,,56701
8469257,1,1,1,10,2025,1,41,4.0,1423500.0,56702
8469257,1,5,1,10,2025,1,14,5.0,,56706
8469258,1,1,1,10,2025,1,46,6.0,1423500.0,56707
8469261,1,6,1,10,2025,1,3,1.0,,56718
8469265,1,1,1,10,2025,2,33,8.0,1423500.0,56724
8469266,1,4,1,10,2025,1,4,1.0,,56728
8469267,1,1,1,10,2025,2,76,5.0,700000.0,56729
8469271,1,4,1,10,2025,1,17,4.0,,56739
8469273,1,1,1,10,2025,2,59,10.0,,56742
8469273,1,2,1,10,2025,1,61,4.0,,56743
8469273,1,4,1,10,2025,2,1,,,56745
8469274,1,2,1,10,2025,1,36,3.0,1600000.0,56747
8469274,1,3,1,10,2025,1,8,3.0,,56748
8469275,1,2,1,10,2025,1,39,11.0,6365930.0,56750
8469276,1,1,1,10,2025,1,36,5.0,,56751
8469276,1,2,1,10,2025,2,23,5.0,,56752
8469277,1,1,1,10,2025,2,75,1.0,,56755
8469278,1,4,1,10,2025,2,39,5.0,50000.0,56763
8469278,1,5,1,10,2025,1,18,5.0,,56764
8469279,1,1,1,10,2025,2,63,1.0,,56768
8469279,1,2,1,10,2025,1,75,1.0,450000.0,56769
8469279,1,4,1,10,2025,1,40,3.0,650000.0,56771
8469279,1,5,1,10,2025,1,32,1.0,600000.0,56772
8469279,1,6,1,10,2025,1,28,5.0,,56773
8469281,1,2,1,10,2025,1,59,3.0,850000.0,56777
8469281,1,3,1,10,2025,1,14,4.0,,56778
8469282,1,1,1,10,2025,2,64,1.0,340000.0,56779
8469282,1,2,1,10,2025,1,45,1.0,,56780
8469282,1,4,1,10,2025,1,11,3.0,,56782
8469283,1,1,1,10,2025,1,36,3.0,,56784
8469284,1,1,1,10,2025,1,53,3.0,350000.0,56788
8469284,1,3,1,10,2025,1,13,4.0,,56790
8469285,1,1,1,10,2025,2,55,4.0,340000.0,56791
8469285,1,6,1,10,2025,1,22,4.0,350000.0,56796
8469286,1,2,1,10,2025,1,41,3.0,1200000.0,56799
8469286,1,5,1,10,2025,1,30,5.0,600000.0,56802
8469289,1,4,1,10,2025,1,22,5.0,,56813
8469290,1,1,1,10,2025,1,64,10.0,6859000.0,56815
8469293,1,1,1,10,2025,2,48,3.0,250000.0,56822
8469295,1,2,1,10,2025,2,50,5.0,,56829
8469295,1,3,1,10,2025,2,15,5.0,,56830
8469297,1,3,1,10,2025,2,2,,,56834
8469298,1,1,1,10,2025,2,58,3.0,,56835
8469298,1,4,1,10,2025,1,7,3.0,,56838
8469299,1,3,1,10,2025,1,26,10.0,,56841
8469301,1,2,1,10,2025,2,40,10.0,1000000.0,56844
8469302,1,3,1,10,2025,2,63,10.0,,56848
8469305,1,2,1,10,2025,2,54,5.0,,56852
8469306,1,1,1,10,2025,1,73,11.0,,56853
8469307,1,1,1,10,2025,1,43,5.0,,56856
8469307,1,2,1,10,2025,2,45,5.0,1423500.0,56857
8469308,1,3,1,10,2025,2,65,5.0,600000.0,56860
8469309,1,2,1,10,2025,2,60,5.0,,56862
8469309,1,3,1,10,2025,1,37,10.0,2900000.0,56863
8469310,1,2,1,10,2025,2,52,4.0,200000.0,56867
8469310,1,4,1,10,2025,1,13,4.0,,56869
8469310,1,5,1,10,2025,1,6,3.0,,56870
8469310,1,6,1,10,2025,1,2,,,56871
8469310,1,7,1,10,2025,1,3,1.0,,56872
8469311,1,3,1,10,2025,2,16,5.0,,56875
8469312,1,3,1,10,2025,1,38,5.0,1550000.0,56878
8469313,1,4,1,10,2025,2,7,3.0,,56882
8469314,1,1,1,10,2025,1,62,5.0,2000000.0,56883
8469315,1,1,1,10,2025,1,65,10.0,,56885
8469315,1,2,1,10,2025,2,70,10.0,,56886
8469316,1,1,1,10,2025,1,50,10.0,5000000.0,56888
8469316,1,2,1,10,2025,2,45,10.0,3000000.0,56889
8469317,1,3,1,10,2025,1,1,,,56895
8469318,1,2,1,10,2025,2,35,10.0,,56897
8469322,1,1,1,10,2025,1,27,4.0,800000.0,56906
8469322,1,3,1,10,2025,1,7,3.0,,56908
8469323,1,1,1,10,2025,1,48,3.0,1100000.0,56910
8469323,1,2,1,10,2025,2,41,3.0,500000.0,56911
8469323,1,3,1,10,2025,2,13,4.0,,56912
8469324,1,2,1,10,2025,2,43,10.0,,56914
8469325,1,3,1,10,2025,2,98,1.0,,56919
8469327,1,1,1,10,2025,2,67,3.0,,56926
8469327,2,1,2,10,2025,2,22,5.0,240000.0,56929
8469327,2,2,2,10,2025,1,5,2.0,,56930
8469327,2,3,2,10,2025,1,2,,,56931
8469328,1,4,1,10,2025,2,30,5.0,,56939
8469329,1,1,1,10,2025,2,37,5.0,,56944
8469329,1,4,1,10,2025,2,78,5.0,,56947
8469332,1,2,1,10,2025,2,54,3.0,100000.0,56953
8469332,1,4,1,10,2025,2,19,5.0,,56955
8469333,1,2,1,10,2025,2,62,3.0,,56958
8469334,1,3,1,10,2025,1,19,9.0,,56961
8469336,1,1,1,10,2025,1,40,5.0,4000000.0,56966
8469336,1,2,1,10,2025,2,40,8.0,4000000.0,56967
8469337,1,3,1,10,2025,1,26,5.0,,56972
8469338,1,1,1,10,2025,2,49,10.0,1423500.0,56974
8469338,1,3,1,10,2025,2,91,4.0,,56976
8469339,1,2,1,10,2025,1,55,10.0,,56978
8469340,1,2,1,10,2025,1,10,3.0,,56980
8469344,1,3,1,10,2025,2,46,5.0,1000000.0,56988
8469344,1,4,1,10,2025,1,25,4.0,1500000.0,56989
8469345,1,2,1,10,2025,1,15,4.0,,56992
8469347,1,1,1,10,2025,2,49,8.0,100000.0,56993
8469349,1,1,1,10,2025,1,30,5.0,2000000.0,56999
8469349,1,2,1,10,2025,2,28,8.0,2000000.0,57000
8469350,1,1,1,10,2025,2,59,11.0,,57002
8469352,1,1,1,10,2025,1,31,8.0,1900000.0,57005
8469352,1,2,1,10,2025,2,27,10.0,3300000.0,57006
8469352,1,4,1,10,2025,2,2,,,57008
8469356,1,1,1,10,2025,1,28,11.0,3000000.0,57011
8469357,1,1,1,10,2025,1,27,11.0,4000000.0,57012
8469359,1,1,1,10,2025,2,19,10.0,,57016
8469361,1,1,1,10,2025,2,28,8.0,1000000.0,57018
8469361,1,2,1,10,2025,2,27,4.0,,57019
8469362,1,2,1,10,2025,2,60,4.0,,57022
8469372,1,1,1,10,2025,2,44,9.0,,57039
8469372,1,3,1,10,2025,1,23,10.0,,57041
8469372,1,5,1,10,2025,2,67,4.0,,57043
8469376,1,2,1,10,2025,1,49,10.0,1900000.0,57049
8469377,1,3,1,10,2025,2,28,10.0,2800000.0,57052
8469382,1,1,1,10,2025,2,56,9.0,1600000.0,57059
8469385,1,2,1,10,2025,2,26,8.0,,57064
8469385,1,3,1,10,2025,2,3,1.0,,57065
8469386,1,1,1,10,2025,2,54,5.0,,57066
8469387,1,6,1,10,2025,1,7,3.0,,57073
8469388,1,1,1,10,2025,1,61,10.0,4300000.0,57074
8469391,1,4,1,10,2025,2,65,3.0,,57085
8469393,1,1,1,10,2025,2,73,3.0,,57090
8469396,1,2,1,10,2025,1,57,4.0,,57097
8469397,1,1,1,10,2025,2,76,3.0,,57099
8469399,1,2,1,10,2025,2,39,8.0,650000.0,57110
8469401,1,2,1,10,2025,2,59,3.0,,57114
8469408,1,1,1,10,2025,1,68,3.0,650000.0,57127
8469411,1,1,1,10,2025,2,28,5.0,1423500.0,57138
8469411,1,3,1,10,2025,2,9,3.0,,57140
8469412,1,1,1,10,2025,2,93,3.0,,57143
8469412,1,3,1,10,2025,2,73,3.0,,57145
8469413,1,1,1,10,2025,1,24,5.0,3423500.0,57146
8469415,1,1,1,10,2025,1,48,3.0,1400000.0,57150
8469416,1,1,1,10,2025,2,54,3.0,1200000.0,57155
8469416,1,3,1,10,2025,1,11,4.0,,57157
8469421,1,2,1,10,2025,1,21,10.0,1423500.0,57167
8469423,1,1,1,10,2025,1,71,4.0,,57168
8469424,1,2,1,10,2025,1,24,5.0,,57170
8469427,1,1,1,10,2025,1,36,5.0,1200000.0,57177
8469430,1,1,1,10,2025,1,58,10.0,400000.0,57182
8469436,1,2,1,10,2025,2,50,4.0,500000.0,57187
8469440,1,1,1,10,2025,1,66,3.0,1623500.0,57190
8469440,1,2,1,10,2025,2,46,3.0,1803500.0,57191
8469440,1,3,1,10,2025,1,24,4.0,1300000.0,57192
8469441,1,2,1,10,2025,2,45,5.0,,57194
8469446,1,3,1,10,2025,1,22,9.0,,57205
8469446,1,4,1,10,2025,2,10,3.0,,57206
8469452,1,1,1,10,2025,2,32,8.0,120000.0,57217
8469452,1,2,1,10,2025,1,43,5.0,1423500.0,57218
8469452,1,3,1,10,2025,1,4,1.0,,57219
8469453,1,1,1,10,2025,2,34,5.0,,57221
8469453,1,2,1,10,2025,1,11,4.0,,57222
8469454,1,3,1,10,2025,1,10,4.0,,57227
8469454,1,4,1,10,2025,2,9,3.0,,57228
8469456,1,4,1,10,2025,2,12,4.0,,57236
8469461,1,4,1,10,2025,1,20,9.0,,57242
8469462,1,3,1,10,2025,2,8,3.0,,57247
8469462,1,4,1,10,2025,2,4,2.0,,57248
8469463,1,2,1,10,2025,2,80,5.0,,57250
8469464,1,1,1,10,2025,2,64,5.0,,57251
8469465,1,1,1,10,2025,2,34,10.0,1600000.0,57253
8469465,1,2,1,10,2025,1,8,3.0,,57254
8469465,1,3,1,10,2025,2,58,3.0,,57255
8469466,1,2,1,10,2025,2,53,3.0,600000.0,57257
8469467,1,2,1,10,2025,1,30,5.0,1500000.0,57261
8469468,1,1,1,10,2025,2,52,5.0,1423500.0,57264
8469468,1,2,1,10,2025,1,48,3.0,800000.0,57265
8469468,1,4,1,10,2025,1,14,4.0,,57267
8469470,1,1,1,10,2025,2,27,12.0,2500000.0,57272
8469470,1,3,1,10,2025,2,4,1.0,,57274
8469471,1,1,1,10,2025,1,45,5.0,1500000.0,57275
8469471,1,3,1,10,2025,2,9,3.0,,57277
8469472,1,4,1,10,2025,1,19,6.0,1700000.0,57282
8469473,1,2,1,10,2025,1,17,6.0,,57284
8469473,1,3,1,10,2025,1,11,4.0,,57285
8469474,1,2,1,10,2025,1,23,5.0,1400000.0,57287
8469474,1,4,1,10,2025,2,6,2.0,,57289
8469474,1,5,1,10,2025,1,3,1.0,,57290
8469476,1,2,1,10,2025,2,17,6.0,,57294
8469477,1,1,1,10,2025,2,24,9.0,2000000.0,57295
8469480,1,3,1,10,2025,1,6,2.0,,57303
8469481,1,1,1,10,2025,2,78,3.0,,57304
8469482,1,3,1,10,2025,2,35,10.0,3800000.0,57310
8469483,1,2,1,10,2025,1,54,10.0,,57314
8469484,1,3,1,10,2025,2,57,5.0,900000.0,57317
8469484,1,5,1,10,2025,1,20,10.0,,57319
8469487,1,1,1,10,2025,2,41,5.0,1500000.0,57325
8469487,1,3,1,10,2025,1,22,8.0,,57327
8469491,1,2,1,10,2025,2,35,10.0,,57331
8469492,1,2,1,10,2025,1,38,8.0,,57334
8469495,1,2,1,10,2025,1,38,3.0,,57343
8469496,1,1,1,10,2025,2,35,8.0,,57344
8469496,1,4,1,10,2025,2,78,4.0,,57347
8469497,1,2,1,10,2025,1,46,5.0,2000000.0,57349
8469499,1,2,1,10,2025,2,38,10.0,4000000.0,57354
8469499,1,5,1,10,2025,2,3,1.0,,57357
8469500,1,2,1,10,2025,2,54,5.0,,57359
8469500,1,3,1,10,2025,1,26,10.0,4000000.0,57360
8469505,1,2,1,10,2025,1,35,5.0,3000000.0,57368
8469507,1,2,1,10,2025,2,30,10.0,3000000.0,57374
8469507,1,3,1,10,2025,1,0,,,57375
8469510,1,1,1,10,2025,2,78,3.0,1500000.0,57380
8469510,1,2,1,10,2025,2,29,8.0,1700000.0,57381
8469514,1,1,1,10,2025,1,33,5.0,1500000.0,57390
8469514,1,2,1,10,2025,2,27,5.0,,57391
8469516,1,1,1,10,2025,1,32,5.0,2500000.0,57394
8469517,1,1,1,10,2025,2,36,10.0,,57395
8469520,1,1,1,10,2025,1,53,3.0,1000000.0,57403
8469520,1,5,1,10,2025,2,6,3.0,,57407
8469521,1,1,1,10,2025,2,26,5.0,1734700.0,57408
8469522,1,1,1,10,2025,2,38,9.0,1500000.0,57410
8469524,1,6,1,10,2025,2,8,3.0,,57418
8469530,1,3,1,10,2025,2,11,3.0,,57436
8469530,1,4,1,10,2025,2,5,2.0,,57437
8469530,1,5,1,10,2025,1,64,3.0,,57438
8469531,1,2,1,10,2025,1,33,5.0,2200000.0,57441
8469531,1,3,1,10,2025,1,9,3.0,,57442
8469534,1,1,1,10,2025,1,80,3.0,1000000.0,57450
8469535,1,1,1,10,2025,2,76,3.0,300000.0,57452
8469537,1,3,1,10,2025,2,5,2.0,,57460
8469537,1,4,1,10,2025,2,36,4.0,,57461
8469543,1,4,1,10,2025,2,25,5.0,,57474
8469544,1,4,1,10,2025,2,19,8.0,,57479
8469544,1,6,1,10,2025,1,13,4.0,,57481
8469545,1,1,1,10,2025,2,62,4.0,1500000.0,57482
8469545,1,2,1,10,2025,2,44,10.0,2045000.0,57483
8469546,1,3,1,10,2025,2,9,3.0,,57487
8469549,1,1,1,10,2025,2,46,5.0,200000.0,57489
8469549,1,4,1,10,2025,2,8,3.0,,57492
8469550,1,2,1,10,2025,2,40,5.0,720000.0,57494
8469554,1,1,1,10,2025,1,88,1.0,,57503
8469554,1,3,1,10,2025,2,63,3.0,900000.0,57505
8469559,1,2,1,10,2025,2,7,3.0,,57517
8469560,1,1,1,10,2025,1,80,3.0,,57519
8469560,1,2,1,10,2025,2,81,3.0,,57520
8469560,1,3,1,10,2025,1,41,10.0,1800000.0,57521
8469562,1,2,1,10,2025,2,83,3.0,,57528
8469563,1,2,1,10,2025,1,22,5.0,,57530
8469565,1,3,1,10,2025,2,32,5.0,616000.0,57537
8469565,1,4,1,10,2025,1,46,5.0,,57538
8469566,1,2,1,10,2025,1,65,10.0,1423500.0,57540
8469566,1,4,1,10,2025,1,19,10.0,,57542
8469567,1,2,1,10,2025,1,48,1.0,,57544
8469568,1,1,1,10,2025,1,28,5.0,3600000.0,57545
8469569,1,3,1,10,2025,2,12,4.0,,57549
8469571,1,3,1,10,2025,1,22,5.0,500000.0,57555
8469571,1,5,1,10,2025,1,19,5.0,600000.0,57557
8469571,1,7,1,10,2025,1,1,,,57559
8469573,1,1,1,10,2025,2,64,5.0,,57563
8469574,1,1,1,10,2025,1,63,5.0,1800000.0,57566
8469574,1,2,1,10,2025,2,60,3.0,30000.0,57567
8469574,1,4,1,10,2025,1,42,5.0,1423500.0,57569
8469574,1,5,1,10,2025,2,16,5.0,,57570
8469574,1,6,1,10,2025,1,9,3.0,,57571
8469576,1,2,1,10,2025,2,56,3.0,500000.0,57577
8469576,1,3,1,10,2025,2,95,3.0,,57578
8469577,1,2,1,10,2025,2,31,5.0,600000.0,57580
8469577,1,3,1,10,2025,1,10,3.0,,57581
8469577,1,4,1,10,2025,2,2,,,57582
8469580,1,1,1,10,2025,1,76,1.0,700000.0,57586
8469582,1,1,1,10,2025,1,61,4.0,800000.0,57588
8469583,1,1,1,10,2025,1,65,1.0,600000.0,57589
8469586,1,1,1,10,2025,1,66,3.0,700000.0,57592
8469588,1,3,1,10,2025,2,26,5.0,,57596
8469589,1,1,1,10,2025,2,28,5.0,,57599
8469589,1,2,1,10,2025,1,35,3.0,400000.0,57600
8469589,1,4,1,10,2025,2,1,,,57602
8469591,1,1,1,10,2025,2,37,5.0,800000.0,57603
8469591,1,2,1,10,2025,1,9,3.0,,57604
8469592,1,2,1,10,2025,1,34,5.0,1423500.0,57607
8469592,1,3,1,10,2025,1,12,4.0,,57608
8469593,1,1,1,10,2025,2,62,4.0,570000.0,57611
8469596,1,3,1,10,2025,2,1,,,57619
8469597,1,1,1,10,2025,2,72,10.0,,57620
8469599,1,2,1,10,2025,2,44,3.0,,57624
8469599,1,4,1,10,2025,1,23,8.0,,57626
8469600,1,1,1,10,2025,1,51,5.0,1700000.0,57629
8469600,1,2,1,10,2025,2,39,4.0,1160000.0,57630
8469600,1,3,1,10,2025,1,17,8.0,,57631
8469601,1,3,1,10,2025,1,33,10.0,1423500.0,57635
8469603,1,2,1,10,2025,1,53,5.0,1423500.0,57643
8469603,1,4,1,10,2025,2,22,10.0,,57645
8469604,1,1,1,10,2025,2,64,4.0,,57646
8469604,1,2,1,10,2025,2,47,5.0,1680000.0,57647
8469605,1,2,1,10,2025,1,30,5.0,2200000.0,57650
8469605,1,3,1,10,2025,1,9,3.0,,57651
8469605,1,4,1,10,2025,2,7,3.0,,57652
8469606,1,1,1,10,2025,1,68,3.0,1200000.0,57655
8469606,1,3,1,10,2025,1,62,3.0,1500000.0,57657
8469609,1,1,1,10,2025,1,60,4.0,2000000.0,57662
8469609,1,2,1,10,2025,2,55,5.0,,57663
8469609,1,3,1,10,2025,1,33,5.0,1423500.0,57664
8469610,1,1,1,10,2025,1,51,5.0,,57668
8469611,1,4,1,10,2025,1,29,5.0,,57673
8469612,1,2,1,10,2025,1,3,1.0,,57675
8469613,1,1,1,10,2025,2,66,3.0,,57676
8469614,1,1,1,10,2025,1,78,3.0,300000.0,57677
8469614,1,2,1,10,2025,2,72,1.0,,57678
8469615,1,1,1,10,2025,1,56,4.0,,57679
8469617,1,1,1,10,2025,1,29,3.0,1100000.0,57684
8469618,1,2,1,10,2025,2,38,5.0,,57690
8469618,1,3,1,10,2025,1,18,8.0,,57691
8469618,1,4,1,10,2025,2,15,5.0,,57692
8469620,1,2,1,10,2025,2,10,3.0,,57697
8469621,1,4,1,10,2025,2,33,5.0,,57702
8469623,1,2,1,10,2025,1,18,8.0,,57710
8469623,1,4,1,10,2025,2,17,5.0,,57712
8469624,1,2,1,10,2025,2,66,3.0,,57714
8469624,1,3,1,10,2025,2,36,8.0,,57715
8469624,1,4,1,10,2025,1,43,5.0,1423500.0,57716
8469625,1,2,1,10,2025,2,62,3.0,,57718
8469629,1,3,1,10,2025,2,23,10.0,,57730
8469629,1,4,1,10,2025,2,21,10.0,,57731
8469632,1,1,1,10,2025,1,70,5.0,1600000.0,57734
8469632,1,2,1,10,2025,2,66,3.0,400000.0,57735
8469632,1,3,1,10,2025,2,27,10.0,3000000.0,57736
8469633,1,2,1,10,2025,2,41,8.0,,57738
8469635,1,1,1,10,2025,2,47,8.0,,57742
8469635,1,7,1,10,2025,2,64,3.0,,57748
8469639,1,2,1,10,2025,1,22,5.0,1423500.0,57755
8469640,1,1,1,10,2025,2,35,5.0,120000.0,57757
8469640,1,2,1,10,2025,1,13,4.0,,57758
8469640,1,3,1,10,2025,2,8,3.0,,57759
8469641,1,3,1,10,2025,2,19,10.0,,57762
8469642,1,5,1,10,2025,1,21,10.0,,57768
8469644,1,1,1,10,2025,2,41,4.0,500000.0,57770
8469644,1,3,1,10,2025,2,5,2.0,,57772
8469645,1,2,1,10,2025,1,27,10.0,700000.0,57774
8469645,1,4,1,10,2025,1,2,,,57776
8469646,1,2,1,10,2025,2,86,1.0,,57778
8469648,1,4,1,10,2025,1,5,2.0,,57786
8469649,1,3,1,10,2025,1,7,3.0,,57789
8469650,1,1,1,10,2025,1,89,1.0,,57790
8469651,1,1,1,10,2025,2,59,3.0,500000.0,57792
8469651,1,3,1,10,2025,1,15,5.0,,57794
8469651,1,4,1,10,2025,2,9,3.0,,57795
8469652,1,2,1,10,2025,2,23,4.0,,57798
8469652,1,3,1,10,2025,2,5,1.0,,57799
8469654,1,2,1,10,2025,2,27,5.0,,57801
8469654,1,4,1,10,2025,2,7,3.0,,57803
8469654,1,6,1,10,2025,2,19,5.0,,57805
8469655,1,1,1,10,2025,2,71,5.0,700000.0,57807
8469658,1,2,1,10,2025,2,59,3.0,360000.0,57816
8469658,1,3,1,10,2025,1,27,5.0,,57817
8469658,1,4,1,10,2025,2,19,5.0,,57818
8469659,1,1,1,10,2025,2,62,4.0,,57820
8469663,1,4,1,10,2025,2,17,5.0,,57831
8469665,1,2,1,10,2025,1,18,5.0,,57835
8469666,1,1,1,10,2025,2,31,10.0,1423500.0,57836
8469666,1,2,1,10,2025,2,57,8.0,1423500.0,57837
8469667,1,2,1,10,2025,1,48,1.0,500000.0,57839
8469668,1,1,1,10,2025,1,26,10.0,1423500.0,57840
8469668,1,2,1,10,2025,2,27,10.0,1423500.0,57841
8469676,1,3,1,10,2025,2,6,2.0,,57855
8469681,1,1,1,10,2025,1,60,4.0,800000.0,57864
8469685,1,1,1,10,2025,2,27,10.0,1800000.0,57870
8469686,1,1,1,10,2025,1,43,1.0,400000.0,57872
8469688,1,2,1,10,2025,2,47,1.0,,57875
8469690,1,1,1,10,2025,1,41,5.0,700000.0,57878
8469691,1,1,1,10,2025,1,73,1.0,1700000.0,57879
8469692,1,1,1,10,2025,1,42,5.0,1300000.0,57881
8469694,1,1,1,10,2025,1,28,5.0,500000.0,57884
8469695,1,1,1,10,2025,2,45,4.0,,57885
8469696,1,2,1,10,2025,1,6,3.0,,57887
8469696,1,3,1,10,2025,1,4,2.0,,57888
8469696,1,4,1,10,2025,1,1,,,57889
8469697,1,1,1,10,2025,2,46,1.0,,57891
8469699,1,5,1,10,2025,1,4,1.0,,57903
8469699,1,6,1,10,2025,2,1,,,57904
8469703,1,1,1,10,2025,1,37,4.0,320000.0,57909
8469703,1,4,1,10,2025,2,15,5.0,,57912
8469704,1,2,1,10,2025,2,40,3.0,,57916
8469706,1,1,1,10,2025,1,61,1.0,600000.0,57920
8469706,1,2,1,10,2025,2,62,1.0,,57921
8469709,1,1,1,10,2025,2,53,3.0,,57929
8469713,1,2,1,10,2025,2,15,4.0,,57937
8469714,1,1,1,10,2025,1,46,3.0,300000.0,57938
8469714,1,2,1,10,2025,2,85,1.0,,57939
8469716,1,1,1,10,2025,2,34,5.0,100000.0,57942
8469717,1,3,1,10,2025,2,19,1.0,,57946
8469717,1,7,1,10,2025,2,7,1.0,,57950
8469718,1,1,1,10,2025,2,62,1.0,,57952
8469719,1,1,1,10,2025,1,36,1.0,500000.0,57954
8469720,1,5,1,10,2025,1,6,3.0,,57961
8469720,1,6,1,10,2025,1,4,1.0,,57962
8469721,1,1,1,10,2025,1,50,1.0,240000.0,57964
8469721,1,3,1,10,2025,2,14,4.0,,57966
8469722,1,2,1,10,2025,2,33,1.0,170000.0,57971
8469722,1,3,1,10,2025,1,16,4.0,,57972
8469724,1,2,1,10,2025,2,58,3.0,,57981
8469726,1,2,1,10,2025,1,91,3.0,,57984
8469726,1,3,1,10,2025,2,57,10.0,2000000.0,57985
8469727,1,2,1,10,2025,2,10,3.0,,57987
8469727,1,3,1,10,2025,2,17,4.0,,57988
8469727,1,5,1,10,2025,1,1,,,57990
8469728,1,1,1,10,2025,2,41,3.0,100000.0,57991
8469729,1,2,1,10,2025,2,44,4.0,,57995
8469730,1,2,1,10,2025,1,41,3.0,1500000.0,57999
8469733,1,1,1,10,2025,1,49,3.0,900000.0,58003
8469733,1,2,1,10,2025,2,54,3.0,1623000.0,58004
8469734,1,1,1,10,2025,1,55,3.0,1340000.0,58007
8469735,1,1,1,10,2025,1,58,3.0,400000.0,58008
8469737,1,2,1,10,2025,2,65,4.0,,58012
8469738,1,2,1,10,2025,2,25,5.0,,58015
8469740,1,3,1,10,2025,2,14,4.0,,58028
8469741,1,2,1,10,2025,2,45,5.0,,58032
8469742,1,4,1,10,2025,2,13,4.0,,58037
8469743,1,1,1,10,2025,1,23,5.0,1623500.0,58038
8469743,1,2,1,10,2025,2,29,8.0,1565000.0,58039
8469747,1,3,1,10,2025,2,24,11.0,,58045
8469750,1,2,1,10,2025,2,77,3.0,,58055
8469751,1,1,1,10,2025,1,87,1.0,,58057
8469754,1,1,1,10,2025,1,37,4.0,,58063
8469755,1,2,1,10,2025,1,37,5.0,,58065
8469755,1,3,1,10,2025,2,25,10.0,,58066
8469757,1,3,1,10,2025,2,15,5.0,,58072
8469759,1,1,1,10,2025,2,57,4.0,,58077
8469760,1,2,1,10,2025,2,28,5.0,2400000.0,58080
8469761,1,1,1,10,2025,1,67,3.0,2000000.0,58083
8469761,1,2,1,10,2025,2,57,3.0,,58084
8469761,1,4,1,10,2025,1,21,10.0,,58086
8469764,1,5,1,10,2025,1,6,3.0,,58096
8469766,1,3,1,10,2025,2,16,5.0,,58100
8469767,1,1,1,10,2025,1,41,3.0,650000.0,58102
8469767,1,2,1,10,2025,2,67,3.0,,58103
8469768,1,3,1,10,2025,1,18,4.0,,58106
8469770,1,2,1,10,2025,1,41,3.0,600000.0,58111
8469770,1,3,1,10,2025,1,39,3.0,500000.0,58112
8469771,1,2,1,10,2025,2,13,4.0,,58114
8469773,1,1,1,10,2025,1,47,3.0,800000.0,58117
8469773,1,3,1,10,2025,2,13,4.0,,58119
8469773,1,4,1,10,2025,2,5,2.0,,58120
8469774,1,2,1,10,2025,2,45,4.0,,58122
8469775,1,3,1,10,2025,1,15,5.0,,58128
8469775,1,4,1,10,2025,1,9,3.0,,58129
8469777,1,1,1,10,2025,1,42,3.0,1600000.0,58133
8469781,1,1,1,10,2025,1,65,3.0,,58141
8469781,1,4,1,10,2025,1,15,4.0,,58144
8469785,1,1,1,10,2025,1,78,3.0,,58152
8469786,1,2,1,10,2025,1,53,4.0,1400000.0,58155
8469786,1,4,1,10,2025,1,19,5.0,1300000.0,58157
8469787,1,3,1,10,2025,1,6,3.0,,58160
8469788,1,1,1,10,2025,2,56,9.0,,58161
8469789,1,3,1,10,2025,2,20,10.0,,58165
8469790,1,2,1,10,2025,1,15,4.0,,58169
8469790,1,3,1,10,2025,1,12,4.0,,58170
8469791,1,3,1,10,2025,1,17,5.0,,58173
8469791,1,4,1,10,2025,2,85,1.0,,58174
8469793,1,2,1,10,2025,2,25,9.0,,58178
8469796,1,1,1,10,2025,2,25,5.0,,58180
8469796,1,3,1,10,2025,2,22,8.0,2000000.0,58182
8469799,1,1,1,10,2025,1,23,5.0,1120000.0,58188
8469800,1,2,1,10,2025,2,31,5.0,,58191
8469800,1,4,1,10,2025,2,6,3.0,,58193
8469802,1,1,1,10,2025,1,45,3.0,1650000.0,58196
8469803,1,2,1,10,2025,2,73,3.0,,58200
8469804,1,3,1,10,2025,1,7,3.0,,58203
8469808,1,1,1,10,2025,2,54,1.0,,58212
8469808,1,3,1,10,2025,2,25,4.0,170000.0,58214
8469808,1,4,1,10,2025,1,1,,,58215
8469809,1,1,1,10,2025,1,46,3.0,1000000.0,58216
8469810,1,3,1,10,2025,1,12,4.0,,58220
8469811,1,1,1,10,2025,1,72,3.0,750000.0,58222
8469816,1,1,1,10,2025,1,29,8.0,1200000.0,58224
8469816,1,2,1,10,2025,2,27,10.0,1400000.0,58225
8469821,1,3,1,10,2025,1,14,4.0,,58234
8469821,1,4,1,10,2025,2,9,3.0,,58235
8469827,1,2,1,10,2025,1,41,5.0,3000000.0,58242
8469827,1,3,1,10,2025,1,16,5.0,,58243
8469828,1,1,1,10,2025,1,71,4.0,,58246
8469829,1,2,1,10,2025,2,62,4.0,,58248
8469831,1,2,1,10,2025,2,42,3.0,,58253
8469831,1,4,1,10,2025,1,20,5.0,,58255
8469839,1,6,1,10,2025,2,62,5.0,,58272
8469840,1,2,1,10,2025,2,29,8.0,1423500.0,58274
8469840,1,3,1,10,2025,2,7,3.0,,58275
8469852,1,1,1,10,2025,1,34,4.0,2000000.0,58296
8469853,1,3,1,10,2025,2,15,4.0,,58302
8469854,1,2,1,10,2025,2,23,3.0,,58304
8469854,1,3,1,10,2025,2,2,,,58305
8469855,1,2,1,10,2025,2,29,5.0,,58307
8469855,1,4,1,10,2025,1,6,2.0,,58309
8469855,1,5,1,10,2025,1,0,,,58310
8469856,1,2,1,10,2025,1,22,3.0,1600000.0,58312
8469856,1,4,1,10,2025,1,11,4.0,,58314
8469857,1,1,1,10,2025,2,37,4.0,1423500.0,58316
8469857,1,2,1,10,2025,2,20,5.0,,58317
8469857,1,3,1,10,2025,2,12,4.0,,58318
8469857,1,4,1,10,2025,1,11,3.0,,58319
8469860,1,1,1,10,2025,1,68,5.0,1700000.0,58322
8469860,1,2,1,10,2025,2,70,5.0,,58323
8469862,1,1,1,10,2025,1,44,5.0,1583500.0,58325
8469862,1,2,1,10,2025,2,46,5.0,,58326
8469862,1,4,1,10,2025,1,16,5.0,,58328
8469862,1,5,1,10,2025,2,14,4.0,,58329
8469863,1,4,1,10,2025,1,6,2.0,,58333
8469865,1,1,1,10,2025,2,85,1.0,,58334
8469867,1,2,1,10,2025,1,44,12.0,8000000.0,58337
8469870,1,1,1,10,2025,1,43,12.0,4500000.0,58340
8469871,1,1,1,10,2025,1,54,5.0,2000000.0,58341
8469873,1,2,1,10,2025,2,54,4.0,250000.0,58347
8469876,1,1,1,10,2025,1,86,3.0,550000.0,58355
8469879,1,3,1,10,2025,1,7,3.0,,58361
8469880,1,3,1,10,2025,1,15,4.0,,58364
8469881,1,3,1,10,2025,1,1,,,58368
8469882,1,2,1,10,2025,2,52,5.0,,58370
8469882,1,3,1,10,2025,2,27,10.0,2069000.0,58371
8469883,1,1,1,10,2025,1,68,3.0,,58372
8469883,1,4,1,10,2025,1,28,8.0,1800000.0,58375
8469885,1,1,1,10,2025,2,57,3.0,1423500.0,58377
8469885,1,3,1,10,2025,1,31,5.0,1800000.0,58379
8469892,1,1,1,10,2025,1,32,12.0,3590000.0,58386
8469892,1,4,1,10,2025,2,0,,,58389
8469893,1,1,1,10,2025,1,64,5.0,1500000.0,58390
8469893,1,2,1,10,2025,1,29,5.0,3000000.0,58391
8469894,1,3,1,10,2025,1,14,4.0,,58394
8469896,1,2,1,10,2025,2,51,10.0,4500000.0,58396
8469898,1,1,1,10,2025,1,66,4.0,,58398
8469898,1,2,1,10,2025,2,62,4.0,,58399
8469899,1,2,1,10,2025,2,8,3.0,,58401
8469901,1,1,1,10,2025,2,78,11.0,,58406
8469902,1,1,1,10,2025,2,33,5.0,500000.0,58407
8469902,1,4,1,10,2025,1,12,4.0,,58410
8469903,1,1,1,10,2025,1,63,3.0,1400000.0,58411
8469904,1,1,1,10,2025,1,38,5.0,1423500.0,58413
8469904,1,2,1,10,2025,2,37,5.0,1423500.0,58414
8469904,1,3,1,10,2025,2,19,10.0,,58415
8469905,1,2,1,10,2025,2,40,10.0,1423500.0,58418
8469905,1,3,1,10,2025,2,20,10.0,,58419
8469907,1,1,1,10,2025,2,32,4.0,2323000.0,58424
8469907,1,2,1,10,2025,1,8,3.0,,58425
8469908,1,1,1,10,2025,1,51,5.0,1800000.0,58428
8469909,1,1,1,10,2025,1,33,5.0,2000000.0,58431
8469909,1,2,1,10,2025,2,31,8.0,2500000.0,58432
8469910,1,3,1,10,2025,2,21,10.0,800000.0,58436
8469911,1,1,1,10,2025,1,44,4.0,1423000.0,58438
8469912,1,1,1,10,2025,1,59,3.0,1423000.0,58442
8469912,1,2,1,10,2025,2,55,5.0,1680000.0,58443
8469912,1,5,1,10,2025,2,32,4.0,1723000.0,58446
8469916,1,1,1,10,2025,2,23,9.0,,58452
8469920,1,2,1,10,2025,1,65,10.0,,58457
8469920,1,3,1,10,2025,2,28,11.0,8000000.0,58458
8469921,1,2,1,10,2025,2,47,12.0,,58460
8469922,1,2,1,10,2025,1,63,10.0,5000000.0,58464
8469923,1,1,1,10,2025,1,72,11.0,,58466
8469923,1,2,1,10,2025,2,65,9.0,,58467
8469924,1,1,1,10,2025,1,48,12.0,,58468
8469926,1,2,1,10,2025,2,44,10.0,4000000.0,58475
8469930,1,1,1,10,2025,2,44,5.0,,58484
8469931,1,3,1,10,2025,1,13,4.0,,58489
8469931,1,4,1,10,2025,1,10,3.0,,58490
8469933,1,1,1,10,2025,1,40,10.0,3800000.0,58494
8469934,1,2,1,10,2025,1,25,5.0,1500000.0,58499
8469935,1,2,1,10,2025,2,89,3.0,,58504
8469936,1,1,1,10,2025,2,61,4.0,,58506
8469936,1,2,1,10,2025,1,67,4.0,,58507
8469936,1,3,1,10,2025,2,29,5.0,1500000.0,58508
8469936,1,6,1,10,2025,2,16,4.0,,58511
8469936,1,7,1,10,2025,2,9,3.0,,58512
8469939,1,1,1,10,2025,2,40,5.0,1600000.0,58520
8469941,1,1,1,10,2025,2,30,5.0,2400000.0,58524
8469941,1,2,1,10,2025,1,13,4.0,,58525
8469941,1,5,1,10,2025,1,40,4.0,2500000.0,58528
8469941,1,6,1,10,2025,1,39,5.0,2500000.0,58529
8469941,1,7,1,10,2025,1,26,4.0,2000000.0,58530
8469942,1,2,1,10,2025,2,36,10.0,4500000.0,58532
8469942,1,3,1,10,2025,1,8,3.0,,58533
8469944,1,3,1,10,2025,2,21,5.0,420000.0,58536
8469945,1,1,1,10,2025,1,65,1.0,1560000.0,58537
8469946,1,1,1,10,2025,1,43,6.0,1700000.0,58539
8469946,1,5,1,10,2025,1,16,5.0,,58543
8469950,1,2,1,10,2025,2,44,5.0,1423500.0,58550
8469952,1,2,1,10,2025,2,34,5.0,,58552
8469953,1,1,1,10,2025,1,60,3.0,4000000.0,58556
8469953,1,2,1,10,2025,2,53,4.0,1423500.0,58557
8469954,1,1,1,10,2025,1,25,5.0,1423500.0,58559
8469955,1,1,1,10,2025,2,31,10.0,2423000.0,58560
8469955,1,4,1,10,2025,1,0,,,58563
8469956,1,2,1,10,2025,2,51,4.0,1423500.0,58565
8469957,1,2,1,10,2025,1,57,4.0,1423500.0,58568
8469960,1,1,1,10,2025,2,43,9.0,1550000.0,58575
8469960,1,2,1,10,2025,1,23,5.0,1700000.0,58576
8469960,1,4,1,10,2025,1,19,5.0,1423500.0,58578
8469962,1,3,1,10,2025,2,1,,,58581
8469965,1,1,1,10,2025,1,44,10.0,12000000.0,58585
8469968,1,3,1,10,2025,2,9,3.0,,58595
8469970,1,3,1,10,2025,1,16,5.0,,58599
8469972,1,2,1,10,2025,1,4,1.0,,58604
8469974,1,1,1,10,2025,1,63,4.0,,58609
8469974,1,2,1,10,2025,2,55,3.0,,58610
8469975,1,1,1,10,2025,1,36,4.0,2500000.0,58612
8469975,1,5,1,10,2025,1,9,3.0,,58616
8469976,1,1,1,10,2025,1,42,5.0,3500000.0,58617
8469976,1,4,1,10,2025,1,5,2.0,,58620
8469977,1,2,1,10,2025,1,29,5.0,1423500.0,58622
8469977,1,3,1,10,2025,1,22,4.0,1423500.0,58623
8469978,1,1,1,10,2025,1,23,10.0,1423000.0,58624
8469979,1,3,1,10,2025,2,27,10.0,,58629
8469981,1,1,1,10,2025,1,31,3.0,1423500.0,58633
8469984,1,1,1,10,2025,2,28,5.0,,58640
8469986,1,3,1,10,2025,1,24,1.0,,58645
8469987,1,2,1,10,2025,2,69,3.0,,58648
8469990,1,1,1,10,2025,2,59,3.0,,58653
8469991,1,1,1,10,2025,1,23,4.0,1500000.0,58655
8469992,1,1,1,10,2025,2,88,1.0,,58658
8469997,1,1,1,10,2025,1,36,5.0,1423500.0,58669
8469998,1,1,1,10,2025,1,49,5.0,1000000.0,58672
8469999,1,1,1,10,2025,1,36,8.0,2000000.0,58675
8469999,1,3,1,10,2025,1,12,4.0,,58677
8470000,1,2,1,10,2025,2,54,8.0,1000000.0,58680
8470000,1,3,1,10,2025,2,23,10.0,,58681
8470001,1,1,1,10,2025,1,70,4.0,,58682
8470004,1,2,1,10,2025,2,19,4.0,,58689
8470005,1,1,1,10,2025,1,23,5.0,1300000.0,58690
8470006,1,3,1,10,2025,2,1,,,58694
8470007,1,2,1,10,2025,2,37,4.0,,58696
8470007,1,4,1,10,2025,2,13,4.0,,58698
8470009,1,1,1,10,2025,2,45,5.0,400000.0,58703
8470009,1,3,1,10,2025,2,10,3.0,,58705
8470013,1,3,1,10,2025,2,10,3.0,,58714
8470015,1,4,1,10,2025,1,12,3.0,,58724
8470016,1,3,1,10,2025,1,85,3.0,,58727
8470017,1,1,1,10,2025,1,26,3.0,900000.0,58728
8470017,1,2,1,10,2025,2,18,5.0,,58729
8470018,1,2,1,10,2025,1,17,5.0,,58731
8470021,1,2,1,10,2025,2,14,3.0,,58737
8470021,1,3,1,10,2025,2,11,3.0,,58738
8470022,1,2,1,10,2025,1,37,1.0,,58740
8470022,1,3,1,10,2025,2,25,10.0,,58741
8470024,1,1,1,10,2025,2,68,3.0,,58743
8470025,1,2,1,10,2025,2,72,11.0,,58745
8470029,1,1,1,10,2025,1,78,3.0,,58754
8470031,1,2,1,10,2025,2,49,5.0,1300000.0,58757
8470043,1,2,1,10,2025,2,30,4.0,,58773
8470043,1,5,1,10,2025,1,6,3.0,,58776
8470047,1,4,1,10,2025,1,73,3.0,1500000.0,58784
8470049,1,3,1,10,2025,1,19,4.0,,58788
8470049,1,4,1,10,2025,1,16,3.0,,58789
8470050,1,2,1,10,2025,2,53,4.0,,58792
8470051,1,2,1,10,2025,2,33,5.0,1423500.0,58795
8470052,1,1,1,10,2025,2,70,1.0,,58800
8470053,1,3,1,10,2025,1,42,1.0,,58803
8470054,1,1,1,10,2025,2,20,5.0,,58804
8470054,1,3,1,10,2025,1,5,3.0,,58806
8470056,1,4,1,10,2025,1,31,5.0,1500000.0,58814
8470058,1,1,1,10,2025,1,40,5.0,1000000.0,58817
8470059,1,2,1,10,2025,2,40,3.0,75000.0,58823
8470059,1,3,1,10,2025,2,22,5.0,600000.0,58824
8470060,1,1,1,10,2025,2,62,3.0,200000.0,58826
8470061,1,1,1,10,2025,1,38,3.0,1800000.0,58828
8470061,1,5,1,10,2025,1,7,3.0,,58832
8470062,1,3,1,10,2025,1,30,4.0,1423500.0,58838
8470064,1,3,1,10,2025,1,26,10.0,,58844
8470066,1,1,1,10,2025,1,72,4.0,180000.0,58848
8470070,1,2,1,10,2025,1,61,3.0,,58858
8470070,1,3,1,10,2025,2,27,10.0,,58859
8470072,1,1,1,10,2025,1,47,6.0,1800000.0,58864
8470072,1,4,1,10,2025,2,81,11.0,,58867
8470073,1,1,1,10,2025,2,66,3.0,100000.0,58868
8470074,1,2,1,10,2025,2,26,4.0,,58870
8470074,1,4,1,10,2025,2,1,,,58872
8470074,1,5,1,10,2025,1,35,5.0,1500000.0,58873
8470075,1,2,1,10,2025,2,29,5.0,1500000.0,58875
8470081,1,1,1,10,2025,1,43,5.0,1423500.0,58883
8470081,1,3,1,10,2025,2,21,5.0,1423500.0,58885
8470081,1,4,1,10,2025,2,19,8.0,,58886
8470083,1,1,1,10,2025,2,63,3.0,980000.0,58888
8470085,1,2,1,10,2025,2,7,3.0,,58895
8470086,1,4,1,10,2025,2,0,,,58899
8470087,1,3,1,10,2025,1,11,4.0,,58902
8470090,1,2,1,10,2025,1,65,3.0,,58909
8470090,1,3,1,10,2025,1,29,5.0,1900000.0,58910
8470090,1,4,1,10,2025,2,23,5.0,,58911
8470090,1,6,1,10,2025,2,1,,,58913
8470091,1,3,1,10,2025,1,12,4.0,,58916
8470091,1,4,1,10,2025,1,4,2.0,,58917
8470094,1,1,1,10,2025,2,32,5.0,,58920
8470097,1,4,1,10,2025,1,0,,,58927
8470098,1,1,1,10,2025,1,40,5.0,1500000.0,58928
8470099,1,1,1,10,2025,2,49,3.0,,58931
8470101,1,1,1,10,2025,1,26,1.0,1400000.0,58936
8470102,1,2,1,10,2025,2,22,5.0,,58938
8470104,1,1,1,10,2025,1,73,3.0,,58941
8470104,1,2,1,10,2025,2,61,4.0,,58942
8470107,1,1,1,10,2025,1,53,5.0,2600000.0,58946
8470108,1,2,1,10,2025,1,34,5.0,1423500.0,58948
8470108,1,4,1,10,2025,1,11,4.0,,58950
8470111,1,1,1,10,2025,1,60,3.0,175000.0,58955
8470111,1,3,1,10,2025,2,11,4.0,,58957
8470112,1,1,1,10,2025,1,36,3.0,0.0,58959
8470114,1,6,1,10,2025,1,11,3.0,,58968
8470122,1,4,1,10,2025,2,17,3.0,700000.0,58984
8470123,1,1,1,10,2025,1,83,3.0,,58986
8470124,1,3,1,10,2025,1,12,4.0,,58989
8470128,1,1,1,10,2025,2,77,4.0,,58996
8470129,1,1,1,10,2025,1,74,3.0,160000.0,58997
8470129,1,2,1,10,2025,2,63,3.0,,58998
8470129,1,6,1,10,2025,2,16,5.0,,59002
8470129,1,7,1,10,2025,1,9,3.0,,59003
8470130,1,3,1,10,2025,1,5,2.0,,59007
8470131,1,2,1,10,2025,1,25,5.0,2600000.0,59009
8470132,1,4,1,10,2025,2,4,2.0,,59013
8470133,1,3,1,10,2025,2,16,5.0,,59017
8470138,1,1,1,10,2025,2,38,3.0,500000.0,59024
8470139,1,2,1,10,2025,1,24,6.0,1600000.0,59028
8470139,1,4,1,10,2025,1,7,3.0,,59030
8470141,1,2,1,10,2025,2,59,11.0,5900000.0,59034
8470144,1,3,1,10,2025,2,4,1.0,,59041
8470145,1,1,1,10,2025,1,36,10.0,3400000.0,59042
8470146,1,1,1,10,2025,2,19,6.0,600000.0,59043
8470147,1,1,1,10,2025,1,31,5.0,1423500.0,59045
8470149,1,2,1,10,2025,2,60,3.0,,59049
8470152,1,2,1,10,2025,1,17,4.0,,59055
8470152,1,5,1,10,2025,2,3,1.0,,59058
8470153,1,3,1,10,2025,1,16,5.0,,59061
8470154,1,1,1,10,2025,2,51,3.0,200000.0,59063
8470155,1,1,1,10,2025,2,49,3.0,,59066
8470155,1,4,1,10,2025,2,29,5.0,,59069
8470157,1,1,1,10,2025,2,53,4.0,500000.0,59073
8470157,1,2,1,10,2025,2,15,4.0,,59074
8470158,1,1,1,10,2025,1,80,1.0,,59075
8470162,1,3,1,10,2025,2,10,3.0,,59081
8470163,1,1,1,10,2025,2,60,3.0,,59082
8470163,1,2,1,10,2025,2,92,3.0,,59083
8470164,1,3,1,10,2025,1,17,6.0,,59086
8470165,1,1,1,10,2025,2,25,3.0,,59088
8470165,1,4,1,10,2025,1,16,4.0,1070000.0,59091
8470166,1,1,1,10,2025,1,55,4.0,1750000.0,59092
8470167,1,3,1,10,2025,2,5,1.0,,59095
8470169,1,2,1,10,2025,2,24,5.0,,59098
8470170,1,1,1,10,2025,2,61,8.0,,59100
8470171,1,2,1,10,2025,1,19,5.0,336000.0,59103
8470171,1,3,1,10,2025,1,15,5.0,,59104
8470173,1,1,1,10,2025,2,46,3.0,400000.0,59108
8470174,1,2,1,10,2025,2,37,8.0,,59110
8470175,1,1,1,10,2025,1,63,3.0,800000.0,59112
8470177,1,1,1,10,2025,1,35,4.0,1800000.0,59116
8470180,1,1,1,10,2025,2,73,8.0,,59123
8470181,1,3,1,10,2025,2,6,1.0,,59127
8470182,1,1,1,10,2025,2,50,3.0,,59129
8470184,1,1,1,10,2025,1,38,3.0,1800000.0,59131
8470184,1,3,1,10,2025,1,14,4.0,,59133
8470189,1,1,1,10,2025,1,60,3.0,2000000.0,59135
8470190,1,2,1,10,2025,2,40,3.0,,59137
8470191,1,1,1,10,2025,1,22,4.0,2000000.0,59140
8470191,1,2,1,10,2025,2,23,4.0,,59141
8470195,1,2,1,10,2025,2,5,2.0,,59145
8470199,1,3,1,10,2025,1,2,,,59150
8470200,1,1,1,10,2025,2,71,3.0,,59151
8470200,1,3,1,10,2025,1,39,10.0,6000000.0,59153
8470200,1,4,1,10,2025,2,20,10.0,,59154
8470200,1,5,1,10,2025,1,3,1.0,,59155
8470207,1,1,1,10,2025,2,30,10.0,3500000.0,59166
8470208,1,2,1,10,2025,2,35,5.0,1500000.0,59169
8470209,1,4,1,10,2025,2,4,1.0,,59173
8470214,1,1,1,10,2025,1,35,10.0,2700000.0,59184
8470215,1,2,1,10,2025,1,16,5.0,,59187
8470222,1,5,1,10,2025,1,6,2.0,,59197
8470224,1,2,1,10,2025,2,49,3.0,,59200
8470228,1,1,1,10,2025,1,54,3.0,840000.0,59206
8470228,1,3,1,10,2025,1,19,3.0,840000.0,59208
8470228,1,4,1,10,2025,1,17,4.0,,59209
8470231,1,3,1,10,2025,1,5,1.0,,59220
8470232,1,3,1,10,2025,2,0,,,59223
8470233,1,3,1,10,2025,1,30,4.0,,59226
8470234,1,2,1,10,2025,2,19,3.0,,59230
8470235,1,2,1,10,2025,2,29,3.0,,59233
8470235,1,9,1,10,2025,2,1,,,59240
8470237,1,1,1,10,2025,1,67,3.0,2450000.0,59244
8470237,1,3,1,10,2025,1,20,6.0,,59246
8470238,1,3,1,10,2025,1,18,5.0,,59252
8470238,1,4,1,10,2025,2,7,3.0,,59253
8470239,1,1,1,10,2025,1,57,3.0,2350000.0,59254
8470240,1,2,1,10,2025,2,6,3.0,,59258
8470241,1,1,1,10,2025,1,70,3.0,1400000.0,59259
8470241,1,3,1,10,2025,1,83,3.0,,59261
8470242,1,1,1,10,2025,1,67,3.0,600000.0,59262
8470244,1,1,1,10,2025,1,42,4.0,1423500.0,59265
8470245,1,1,1,10,2025,1,29,8.0,2250000.0,59266
8470248,1,1,1,10,2025,2,54,3.0,1800000.0,59270
8470249,1,1,1,10,2025,2,45,3.0,,59272
8470249,1,7,1,10,2025,1,3,1.0,,59278
8470249,1,9,1,10,2025,1,5,2.0,,59280
8470264,1,1,1,10,2025,1,30,6.0,1423500.0,59302
8470265,1,1,1,10,2025,1,39,3.0,1423500.0,59304
8470265,1,2,1,10,2025,2,37,3.0,,59305
8470266,1,2,1,10,2025,2,26,5.0,,59310
8470266,1,4,1,10,2025,1,0,,,59312
8470267,1,2,1,10,2025,1,37,3.0,1700000.0,59314
8470267,1,3,1,10,2025,2,20,4.0,150000.0,59315
8470268,1,1,1,10,2025,1,41,5.0,1423500.0,59317
8470269,1,1,1,10,2025,2,74,3.0,,59322
8470270,1,1,1,10,2025,2,54,6.0,700000.0,59325
8470270,1,2,1,10,2025,1,62,3.0,1600000.0,59326
8470270,1,3,1,10,2025,1,22,8.0,1600000.0,59327
8470272,1,1,1,10,2025,2,25,4.0,,59330
8470272,1,5,1,10,2025,2,13,4.0,,59334
8470273,1,2,1,10,2025,2,26,6.0,2000000.0,59336
8470273,1,3,1,10,2025,2,1,,,59337
8470274,1,2,1,10,2025,2,18,5.0,800000.0,59339
8470275,1,1,1,10,2025,1,47,5.0,6800000.0,59340
8470276,1,1,1,10,2025,2,25,5.0,1663500.0,59343
8470276,1,2,1,10,2025,1,3,1.0,,59344
8470278,1,2,1,10,2025,1,53,5.0,1450000.0,59348
8470281,1,3,1,10,2025,2,4,2.0,,59354
8470282,1,2,1,10,2025,1,33,1.0,,59356
8470282,1,4,1,10,2025,2,24,10.0,1423500.0,59358
8470288,1,1,1,10,2025,2,61,1.0,1800000.0,59374
8470291,1,1,1,10,2025,1,46,3.0,2023500.0,59378
8470293,1,1,1,10,2025,1,40,5.0,,59385
8470293,1,3,1,10,2025,2,14,5.0,,59387
8470295,1,2,1,10,2025,2,43,5.0,,59391
8470295,1,4,1,10,2025,1,15,4.0,,59393
8470297,1,2,1,10,2025,2,46,3.0,,59398
8470297,1,3,1,10,2025,1,22,5.0,,59399
8470299,1,1,1,10,2025,1,38,4.0,900000.0,59402
8470299,1,2,1,10,2025,2,30,5.0,1423500.0,59403
8470300,1,1,1,10,2025,1,51,3.0,1900000.0,59406
8470303,1,4,1,10,2025,2,0,,,59415
8470305,1,4,1,10,2025,2,12,4.0,,59420
8470306,1,2,1,10,2025,2,33,4.0,,59422
8470306,1,3,1,10,2025,2,15,4.0,,59423
8470307,1,2,1,10,2025,1,20,5.0,1500000.0,59426
8470314,1,3,1,10,2025,1,7,3.0,,59444
8470318,1,1,1,10,2025,1,42,8.0,1500000.0,59448
8470318,1,2,1,10,2025,2,42,10.0,2500000.0,59449
8470318,1,3,1,10,2025,1,17,5.0,300000.0,59450
8470324,1,3,1,10,2025,1,23,4.0,200000.0,59462
8470324,1,4,1,10,2025,2,25,4.0,,59463
8470326,1,1,1,10,2025,1,51,5.0,1423500.0,59466
8470328,1,1,1,10,2025,2,59,5.0,,59471
8470328,1,3,1,10,2025,1,21,5.0,1500000.0,59473
8470328,1,5,1,10,2025,2,36,5.0,500000.0,59475
8470328,1,7,1,10,2025,1,14,4.0,,59477
8470328,1,9,1,10,2025,2,12,4.0,,59479
8470329,1,2,1,10,2025,2,38,5.0,1423500.0,59481
8470329,1,3,1,10,2025,2,19,10.0,,59482
8470330,1,1,1,10,2025,1,46,4.0,1423500.0,59484
8470330,1,4,1,10,2025,1,22,4.0,1423500.0,59487
8470333,1,2,1,10,2025,2,32,5.0,1823500.0,59490
8470334,1,1,1,10,2025,1,58,3.0,2533500.0,59491
8470337,1,1,1,10,2025,1,51,5.0,3000000.0,59494
8470338,1,2,1,10,2025,1,20,5.0,1650000.0,59496
8470338,1,3,1,10,2025,1,24,3.0,2100000.0,59497
8470340,1,1,1,10,2025,1,23,9.0,1673500.0,59499
8470341,1,3,1,10,2025,1,15,5.0,,59502
8470342,1,1,1,10,2025,2,36,10.0,2250000.0,59503
8470345,1,1,1,10,2025,2,33,5.0,,59510
8470346,1,1,1,10,2025,1,48,4.0,2533500.0,59513
8470349,1,1,1,10,2025,1,61,1.0,2900000.0,59516
8470354,1,1,1,10,2025,1,56,3.0,270000.0,59517
8470355,1,1,1,10,2025,1,53,3.0,800000.0,59518
8470356,1,1,1,10,2025,1,65,3.0,600000.0,59522
8470359,1,1,1,10,2025,2,58,3.0,200000.0,59530
8470360,1,1,1,10,2025,1,27,4.0,1400000.0,59532
8470362,1,1,1,10,2025,1,56,3.0,400000.0,59535
8470362,1,2,1,10,2025,2,57,3.0,400000.0,59536
8470367,1,1,1,10,2025,2,63,11.0,5000000.0,59540
8470367,1,4,1,10,2025,2,45,5.0,1200000.0,59543
8470369,1,1,1,10,2025,2,77,3.0,,59548
8470369,1,5,1,10,2025,2,46,5.0,1700000.0,59552
8470369,1,6,1,10,2025,2,19,5.0,,59553
8470369,1,8,1,10,2025,1,13,4.0,,59555
8470369,1,9,1,10,2025,1,73,1.0,,59556
8470371,1,2,1,10,2025,2,46,5.0,,59561
8470372,1,1,1,10,2025,1,61,3.0,600000.0,59563
8470372,1,2,1,10,2025,1,29,5.0,600000.0,59564
8470372,1,5,1,10,2025,2,3,2.0,,59567
8470377,1,1,1,10,2025,1,28,8.0,1423500.0,59575
8470377,1,2,1,10,2025,2,27,8.0,,59576
8470379,1,1,1,10,2025,1,54,3.0,1300000.0,59581
8470379,1,2,1,10,2025,2,73,3.0,,59582
8470382,1,2,1,10,2025,1,44,10.0,5500000.0,59587
8470384,2,1,2,10,2025,2,29,5.0,1480000.0,59593
8470384,2,2,2,10,2025,2,27,5.0,1600000.0,59594
8470385,1,1,1,10,2025,2,29,9.0,1200000.0,59595
8470387,1,1,1,10,2025,1,25,5.0,4300000.0,59599
8470387,1,4,1,10,2025,1,22,5.0,4300000.0,59602
8470389,1,1,1,10,2025,1,76,3.0,,59606
8470390,1,2,1,10,2025,1,40,5.0,1600000.0,59609
8470390,1,3,1,10,2025,1,8,3.0,,59610
8470391,1,2,1,10,2025,1,22,10.0,160000.0,59612
8470391,1,3,1,10,2025,2,16,4.0,,59613
8470393,1,1,1,10,2025,2,49,5.0,1900000.0,59617
8470394,1,3,1,10,2025,1,15,5.0,,59622
8470395,1,1,1,10,2025,2,41,5.0,2350000.0,59624
8470398,1,2,1,10,2025,1,30,4.0,,59630
8470400,1,1,1,10,2025,1,66,3.0,800000.0,59632
8470400,1,3,1,10,2025,1,44,9.0,,59634
8470402,1,2,1,10,2025,2,46,5.0,,59636
8470405,1,1,1,10,2025,2,41,5.0,,59640
8470405,1,3,1,10,2025,1,29,10.0,5500000.0,59642
8470405,1,4,1,10,2025,2,4,2.0,,59643
8470406,1,1,1,10,2025,2,82,3.0,,59646
8470408,1,1,1,10,2025,1,57,10.0,4000000.0,59647
8470408,1,2,1,10,2025,2,51,8.0,,59648
8470408,1,4,1,10,2025,2,0,,,59650
8470409,1,1,1,10,2025,2,70,10.0,,59651
8470410,1,3,1,10,2025,1,8,3.0,,59656
8470411,1,1,1,10,2025,2,47,5.0,,59657
8470411,1,2,1,10,2025,1,35,6.0,1423500.0,59658
8470412,1,1,1,10,2025,1,59,3.0,1600000.0,59659
8470412,1,2,1,10,2025,2,49,3.0,1600000.0,59660
8470412,1,3,1,10,2025,1,10,3.0,,59661
8470412,1,4,1,10,2025,2,14,4.0,,59662
8470413,1,2,1,10,2025,1,53,4.0,,59665
8470413,1,3,1,10,2025,2,27,8.0,,59666
8470413,1,4,1,10,2025,2,6,3.0,,59667
8470416,1,1,1,10,2025,2,35,5.0,,59671
8470416,1,2,1,10,2025,1,5,2.0,,59672
8470417,1,1,1,10,2025,2,47,3.0,1040000.0,59673
8470417,1,3,1,10,2025,2,3,2.0,,59675
8470418,1,3,1,10,2025,2,16,5.0,,59678
8470420,1,1,1,10,2025,2,24,5.0,,59684
8470422,1,4,1,10,2025,1,13,4.0,,59694
8470422,1,5,1,10,2025,2,11,4.0,,59695
8470425,1,4,1,10,2025,1,15,4.0,,59709
8470428,1,1,1,10,2025,2,44,5.0,160000.0,59713
8470428,1,6,1,10,2025,1,4,1.0,,59718
8470429,1,3,1,10,2025,2,26,5.0,,59721
8470429,1,6,1,10,2025,2,1,,,59724
8470430,1,1,1,10,2025,1,56,3.0,1423500.0,59725
8470430,1,3,1,10,2025,1,2,,,59727
8470432,1,1,1,10,2025,1,27,5.0,1200000.0,59730
8470432,1,4,1,10,2025,2,2,,,59733
8470433,1,2,1,10,2025,2,34,1.0,,59735
8470433,1,3,1,10,2025,1,15,4.0,,59736
8470433,1,4,1,10,2025,1,14,4.0,,59737
8470434,1,2,1,10,2025,2,8,3.0,,59742
8470441,1,2,1,10,2025,2,53,3.0,,59762
8470444,1,1,1,10,2025,2,69,3.0,,59763
8470448,1,1,1,10,2025,1,61,3.0,0.0,59768
8470448,1,2,1,10,2025,2,67,3.0,,59769
8470450,1,4,1,10,2025,2,25,5.0,,59776
8470456,1,3,1,10,2025,2,59,5.0,,59785
8470458,1,1,1,10,2025,2,34,5.0,1423500.0,59786
8470461,1,2,1,10,2025,2,30,8.0,3500000.0,59788
8470461,1,4,1,10,2025,2,11,4.0,,59790
8470461,1,6,1,10,2025,1,0,,,59792
8470462,1,1,1,10,2025,1,31,5.0,2846000.0,59793
8470462,1,3,1,10,2025,2,5,2.0,,59795
8470466,1,3,1,10,2025,1,8,3.0,,59804
8470466,1,5,1,10,2025,1,25,5.0,2400000.0,59806
8470467,1,1,1,10,2025,1,37,8.0,1700000.0,59807
8470467,1,2,1,10,2025,1,33,5.0,1600000.0,59808
8470468,1,2,1,10,2025,2,41,10.0,6400000.0,59813
8470473,1,3,1,10,2025,1,18,5.0,,59825
8470474,1,1,1,10,2025,2,68,3.0,,59826
8470474,1,3,1,10,2025,2,47,8.0,,59828
8470477,1,1,1,10,2025,1,86,10.0,2400000.0,59831
8470480,1,1,1,10,2025,1,35,10.0,2100000.0,59842
8470482,1,1,1,10,2025,1,37,10.0,2000000.0,59843
8470484,1,5,1,10,2025,2,67,5.0,,59850
8470484,1,6,1,10,2025,1,70,5.0,,59851
8470485,1,2,1,10,2025,1,29,3.0,1600000.0,59853
8470487,1,2,1,10,2025,2,30,8.0,1600000.0,59857
8470493,1,2,1,10,2025,2,11,3.0,,59867
8470494,1,2,1,10,2025,1,24,4.0,,59869
8470494,1,3,1,10,2025,1,10,3.0,,59870
8470497,1,1,1,10,2025,2,47,4.0,1860000.0,59874
8470499,1,1,1,10,2025,2,40,9.0,300000.0,59878
8470499,1,3,1,10,2025,2,6,3.0,,59880
8470502,1,1,1,10,2025,2,49,4.0,350000.0,59883
8470502,1,3,1,10,2025,1,34,4.0,1400000.0,59885
8470503,1,1,1,10,2025,1,29,4.0,2500000.0,59886
8470504,1,1,1,10,2025,1,50,3.0,2000000.0,59888
8470504,1,2,1,10,2025,1,33,5.0,1623000.0,59889
8470506,1,1,1,10,2025,1,18,5.0,1300000.0,59890
8470509,1,3,1,10,2025,2,52,5.0,,59895
8470510,1,3,1,10,2025,1,14,4.0,,59898
8470512,1,2,1,10,2025,2,46,8.0,2000000.0,59902
8470516,1,3,1,10,2025,2,39,5.0,1623500.0,59907
8470521,1,1,1,10,2025,2,57,3.0,,59911
8470521,1,4,1,10,2025,2,38,10.0,3800000.0,59914
8470521,1,6,1,10,2025,1,19,10.0,2000000.0,59916
8470523,1,2,1,10,2025,2,50,3.0,2191500.0,59918
8470524,1,1,1,10,2025,1,58,3.0,,59920
8470524,1,3,1,10,2025,2,27,5.0,300000.0,59922
8470526,1,2,1,10,2025,2,31,9.0,3200000.0,59929
8470526,1,3,1,10,2025,2,21,10.0,1423500.0,59930
8470528,1,4,1,10,2025,2,85,3.0,,59937
8470530,1,1,1,10,2025,1,74,4.0,,59940
8470533,1,4,1,10,2025,2,7,3.0,,59950
8470535,1,3,1,10,2025,2,54,10.0,,59956
8470540,1,1,1,10,2025,1,68,3.0,,59963
8470543,1,2,1,10,2025,1,22,5.0,1850000.0,59971
8470543,1,3,1,10,2025,1,20,5.0,1500000.0,59972
8470546,1,2,1,10,2025,2,40,4.0,1000000.0,59978
8470547,1,1,1,10,2025,1,61,3.0,1500000.0,59980
8470548,1,1,1,10,2025,2,66,3.0,,59982
8470550,1,4,1,10,2025,1,64,3.0,,59994
8470553,1,1,1,10,2025,1,36,5.0,5000000.0,60001
8470553,1,2,1,10,2025,2,24,11.0,4500000.0,60002
8470556,1,4,1,10,2025,2,12,4.0,,60006
8470560,1,1,1,10,2025,2,38,5.0,2465000.0,60016
8470560,1,2,1,10,2025,2,21,5.0,1823500.0,60017
8470561,1,1,1,10,2025,1,52,3.0,2000000.0,60020
8470562,1,2,1,10,2025,2,21,8.0,,60024
8470563,1,1,1,10,2025,2,39,8.0,,60026
8470566,1,1,1,10,2025,2,68,4.0,,60031
8470567,1,1,1,10,2025,1,38,9.0,2500000.0,60032
8470567,1,2,1,10,2025,2,30,5.0,1800000.0,60033
8470569,1,5,1,10,2025,2,10,3.0,,60042
8470569,1,6,1,10,2025,2,32,8.0,1423000.0,60043
8470569,1,7,1,10,2025,2,39,8.0,3800000.0,60044
8470570,1,3,1,10,2025,2,35,8.0,1800000.0,60047
8470571,1,2,1,10,2025,2,27,8.0,1423500.0,60049
8470571,1,3,1,10,2025,2,17,9.0,,60050
8470573,1,1,1,10,2025,2,26,5.0,1423500.0,60051
8470576,1,1,1,10,2025,1,83,1.0,,60060
8470576,1,2,1,10,2025,2,61,3.0,,60061
8470576,1,3,1,10,2025,1,56,4.0,2000000.0,60062
8470577,1,1,1,10,2025,1,36,8.0,2300000.0,60064
8470578,1,2,1,10,2025,2,24,9.0,,60068
8470578,1,3,1,10,2025,1,15,4.0,,60069
8470579,1,1,1,10,2025,1,50,5.0,2400000.0,60070
8470581,1,1,1,10,2025,2,73,3.0,,60074
8470582,1,1,1,10,2025,1,27,5.0,1423500.0,60075
8470583,1,1,1,10,2025,1,49,3.0,1500000.0,60077
8470583,1,3,1,10,2025,2,16,5.0,,60079
8470583,1,4,1,10,2025,2,7,3.0,,60080
8470584,1,1,1,10,2025,1,28,5.0,2325000.0,60081
8470584,1,2,1,10,2025,2,22,4.0,,60082
8470584,1,3,1,10,2025,2,0,,,60083
8470585,1,2,1,10,2025,1,24,4.0,,60085
8470587,1,1,1,10,2025,2,49,5.0,2846000.0,60091
8470588,1,1,1,10,2025,2,25,5.0,2215000.0,60093
8470588,1,2,1,10,2025,1,20,5.0,1423500.0,60094
8470589,1,1,1,10,2025,2,89,3.0,,60095
8470592,1,4,1,10,2025,1,7,3.0,,60105
8470592,1,5,1,10,2025,2,68,3.0,,60106
8470593,1,1,1,10,2025,2,31,5.0,1600000.0,60107
8470595,1,1,1,10,2025,1,50,9.0,4000000.0,60116
8470595,1,4,1,10,2025,2,0,,,60119
8470596,1,2,1,10,2025,1,50,4.0,800000.0,60121
8470597,1,2,1,10,2025,2,48,5.0,,60123
8470599,1,3,1,10,2025,2,5,3.0,,60131
8470602,1,4,1,10,2025,1,5,2.0,,60137
8470603,1,1,1,10,2025,1,47,5.0,1200000.0,60138
8470603,1,2,1,10,2025,2,44,8.0,1423500.0,60139
8470603,1,3,1,10,2025,2,22,10.0,,60140
8470603,1,4,1,10,2025,1,16,4.0,,60141
8470604,1,2,1,10,2025,2,48,5.0,1423500.0,60143
8470604,1,3,1,10,2025,1,27,8.0,1800000.0,60144
8470606,1,2,1,10,2025,1,40,5.0,2200000.0,60149
8470606,1,3,1,10,2025,1,11,3.0,,60150
8470611,1,1,1,10,2025,1,34,5.0,1600000.0,60154
8470612,1,1,1,10,2025,2,28,8.0,2247000.0,60158
8470612,1,3,1,10,2025,2,44,5.0,,60160
8470614,1,1,1,10,2025,2,44,9.0,,60164
8470614,1,3,1,10,2025,2,13,4.0,,60166
8470617,1,1,1,10,2025,1,33,5.0,1423500.0,60169
8470620,1,2,1,10,2025,1,17,5.0,,60178
8470621,1,3,1,10,2025,1,32,5.0,2480000.0,60182
8470624,1,1,1,10,2025,2,60,4.0,8289000.0,60185
8470628,1,3,1,10,2025,1,8,3.0,,60191
8470630,1,2,1,10,2025,2,33,8.0,2100000.0,60194
8470631,1,5,1,10,2025,2,1,,,60200
8470632,1,1,1,10,2025,2,66,10.0,,60201
8470635,1,2,1,10,2025,1,41,5.0,1689000.0,60206
8470635,1,4,1,10,2025,1,20,5.0,,60208
8470638,1,2,1,10,2025,2,51,4.0,,60215
8470638,1,3,1,10,2025,2,17,6.0,,60216
8470638,1,4,1,10,2025,1,25,5.0,1770000.0,60217
8470643,1,2,1,10,2025,2,19,10.0,,60228
8470650,1,2,1,10,2025,2,17,10.0,,60237
8470650,1,3,1,10,2025,2,21,10.0,,60238
8470651,1,3,1,10,2025,2,13,3.0,,60243
8470656,1,2,1,10,2025,2,59,10.0,5600000.0,60254
8470656,1,3,1,10,2025,1,28,11.0,1800000.0,60255
8470657,1,1,1,10,2025,1,62,10.0,5000000.0,60256
8470659,1,2,1,10,2025,1,62,4.0,1600000.0,60260
8470661,1,2,1,10,2025,2,22,8.0,,60265
8470661,1,3,1,10,2025,1,7,3.0,,60266
8470661,1,4,1,10,2025,1,64,3.0,120000.0,60267
8470664,1,1,1,10,2025,2,75,3.0,,60272
8470665,1,1,1,10,2025,1,40,10.0,43000000.0,60279
8470668,1,1,1,10,2025,1,75,10.0,2000000.0,60283
8470669,1,1,1,10,2025,2,53,10.0,3500000.0,60285
8470669,1,2,1,10,2025,1,25,10.0,,60286
8470671,1,3,1,10,2025,2,28,10.0,,60290
8470673,1,2,1,10,2025,1,20,5.0,,60295
8470676,1,3,1,10,2025,2,21,10.0,,60302
8470678,1,1,1,10,2025,2,25,8.0,,60307
8470679,1,1,1,10,2025,1,39,8.0,2300000.0,60308
8470681,1,1,1,10,2025,2,54,5.0,150000.0,60309
8470681,1,3,1,10,2025,2,16,5.0,,60311
8470681,1,4,1,10,2025,2,7,3.0,,60312
8470681,1,5,1,10,2025,2,6,3.0,,60313
8470683,1,3,1,10,2025,2,17,5.0,,60320
8470684,1,1,1,10,2025,2,50,9.0,300000.0,60322
8470684,1,3,1,10,2025,2,71,3.0,,60324
8470686,1,1,1,10,2025,1,51,11.0,,60325
8470686,1,2,1,10,2025,2,43,11.0,4500000.0,60326
8470687,1,4,1,10,2025,1,24,5.0,1800000.0,60331
8470692,1,1,1,10,2025,1,45,8.0,1423000.0,60342
8470692,1,3,1,10,2025,2,15,5.0,,60344
8470693,1,2,1,10,2025,1,84,3.0,160000.0,60347
8470693,2,1,2,10,2025,1,60,3.0,1100000.0,60348
8470694,1,1,1,10,2025,2,32,5.0,1423000.0,60349
8470696,1,1,1,10,2025,1,71,3.0,740000.0,60354
8470697,1,4,1,10,2025,1,9,3.0,,60360
8470699,1,1,1,10,2025,1,56,4.0,3500000.0,60362
8470699,1,2,1,10,2025,2,87,3.0,,60363
8470700,1,1,1,10,2025,2,68,3.0,140000.0,60364
8470700,1,2,1,10,2025,1,70,3.0,300000.0,60365
8470705,1,1,1,10,2025,1,74,11.0,,60374
8470706,1,1,1,10,2025,1,68,12.0,3000000.0,60376
8470706,1,2,1,10,2025,2,60,10.0,3000000.0,60377
8470709,1,1,1,10,2025,2,67,10.0,3000000.0,60387
8470711,1,1,1,10,2025,1,41,12.0,5694000.0,60388
8470714,1,1,1,10,2025,1,59,8.0,,60392
8470715,1,1,1,10,2025,1,31,5.0,1500000.0,60394
8470717,1,2,1,10,2025,1,23,8.0,1200000.0,60398
8470723,1,1,1,10,2025,2,37,8.0,1200000.0,60402
8470724,1,1,1,10,2025,1,62,4.0,1000000.0,60405
8470724,1,2,1,10,2025,2,54,4.0,,60406
8470726,1,1,1,10,2025,2,28,4.0,950000.0,60410
8470726,1,3,1,10,2025,2,19,4.0,,60412
8470728,1,2,1,10,2025,1,33,5.0,1200000.0,60416
8470728,2,1,2,10,2025,2,54,5.0,1000000.0,60417
8470729,1,2,1,10,2025,2,56,5.0,120000.0,60419
8470729,1,3,1,10,2025,1,19,10.0,,60420
8470730,1,6,1,10,2025,1,8,3.0,,60426
8470731,1,1,1,10,2025,2,77,3.0,100000.0,60427
8470731,1,3,1,10,2025,2,68,3.0,1200000.0,60429
8470733,1,1,1,10,2025,2,54,3.0,600000.0,60435
8470733,1,3,1,10,2025,1,23,5.0,,60437
8470733,2,2,2,10,2025,1,16,5.0,,60440
8470734,1,4,1,10,2025,1,19,8.0,1850000.0,60447
8470734,1,5,1,10,2025,2,25,8.0,,60448
8470736,1,1,1,10,2025,1,75,3.0,,60450
8470736,1,2,1,10,2025,2,71,3.0,400000.0,60451
8470736,1,4,1,10,2025,1,5,2.0,,60453
8470737,1,1,1,10,2025,1,21,4.0,600000.0,60455
8470738,1,3,1,10,2025,2,18,9.0,,60460
8470740,1,3,1,10,2025,2,11,4.0,,60466
8470740,1,4,1,10,2025,2,9,3.0,,60467
8470742,1,1,1,10,2025,1,41,5.0,1200000.0,60471
8470745,1,3,1,10,2025,1,29,9.0,600000.0,60480
8470745,1,4,1,10,2025,2,23,5.0,,60481
8470746,1,1,1,10,2025,1,50,5.0,1600000.0,60482
8470748,1,2,1,10,2025,2,80,3.0,,60491
8470748,1,4,1,10,2025,1,44,5.0,1423500.0,60493
8470749,1,2,1,10,2025,2,64,4.0,,60495
8470749,1,3,1,10,2025,2,34,8.0,1623000.0,60496
8470749,1,6,1,10,2025,2,20,10.0,,60499
8470750,1,4,1,10,2025,2,30,5.0,,60504
8470750,1,6,1,10,2025,1,9,3.0,,60506
8470754,1,2,1,10,2025,2,35,3.0,,60516
8470755,1,1,1,10,2025,2,38,5.0,1900000.0,60519
8470756,1,2,1,10,2025,1,13,4.0,,60521
8470756,1,3,1,10,2025,1,7,3.0,,60522
8470756,1,4,1,10,2025,2,58,5.0,,60523
8470757,1,1,1,10,2025,1,31,5.0,2000000.0,60526
8470760,1,4,1,10,2025,1,12,3.0,,60538
8470760,1,6,1,10,2025,2,41,1.0,,60540
8470762,1,1,1,10,2025,2,34,10.0,1423000.0,60545
8470762,1,3,1,10,2025,1,6,3.0,,60547
8470763,1,3,1,10,2025,1,26,5.0,1423500.0,60550
8470763,1,5,1,10,2025,1,29,5.0,1423500.0,60552
8470765,1,2,1,10,2025,2,43,1.0,,60557
8470765,1,3,1,10,2025,2,25,5.0,500000.0,60558
8470766,1,3,1,10,2025,1,19,5.0,,60562
8470766,1,5,1,10,2025,1,26,5.0,1500000.0,60564
8470767,1,1,1,10,2025,1,54,3.0,1500000.0,60566
8470767,1,2,1,10,2025,2,50,3.0,,60567
8470768,1,2,1,10,2025,1,29,5.0,1423500.0,60571
8470770,1,1,1,10,2025,2,43,3.0,,60575
8470770,1,3,1,10,2025,1,8,3.0,,60577
8470770,1,5,1,10,2025,2,17,8.0,,60579
8470771,1,1,1,10,2025,1,33,8.0,1500000.0,60580
8470771,1,3,1,10,2025,1,11,4.0,,60582
8470771,1,4,1,10,2025,2,2,,,60583
8470772,1,3,1,10,2025,1,7,3.0,,60586
8470774,1,2,1,10,2025,2,62,3.0,,60590
8470776,1,3,1,10,2025,1,27,5.0,1600000.0,60598
8470776,1,4,1,10,2025,1,42,5.0,,60599
8470777,1,2,1,10,2025,2,56,3.0,400000.0,60602
8470778,1,1,1,10,2025,1,69,5.0,1200000.0,60604
8470778,1,2,1,10,2025,2,67,3.0,,60605
8470780,1,1,1,10,2025,1,40,5.0,1423500.0,60608
8470781,1,2,1,10,2025,1,66,5.0,600000.0,60610
8470784,1,3,1,10,2025,2,13,4.0,,60617
8470785,1,5,1,10,2025,1,12,3.0,,60624
8470786,1,2,1,10,2025,2,40,5.0,,60627
8470786,1,4,1,10,2025,1,3,1.0,,60629
8470787,1,3,1,10,2025,1,23,5.0,1423500.0,60632
8470788,1,2,1,10,2025,2,34,5.0,,60635
8470788,1,4,1,10,2025,2,9,3.0,,60637
8470790,1,2,1,10,2025,2,45,5.0,1623500.0,60642
8470791,1,2,1,10,2025,2,59,5.0,,60645
8470791,1,4,1,10,2025,1,21,5.0,1200000.0,60647
8470792,1,4,1,10,2025,2,15,4.0,,60651
8470793,1,1,1,10,2025,1,34,4.0,1712000.0,60652
8470794,1,1,1,10,2025,2,66,10.0,500000.0,60653
8470794,1,2,1,10,2025,2,21,10.0,,60654
8470794,1,4,1,10,2025,1,69,10.0,2847000.0,60656
8470795,1,1,1,10,2025,2,64,5.0,170000.0,60657
8470795,1,3,1,10,2025,1,70,8.0,,60659
8470796,1,2,1,10,2025,1,12,4.0,,60661
8470798,1,1,1,10,2025,1,65,10.0,3000000.0,60665
8470798,1,2,1,10,2025,2,47,9.0,,60666
8470800,1,2,1,10,2025,1,34,10.0,1423500.0,60669
8470801,1,3,1,10,2025,2,10,4.0,,60674
8470803,1,1,1,10,2025,1,51,3.0,400000.0,60676
8470805,1,3,1,10,2025,2,2,,,60681
8470805,1,4,1,10,2025,1,55,4.0,,60682
8470806,1,4,1,10,2025,2,4,2.0,,60686
8470807,1,1,1,10,2025,2,47,10.0,4200000.0,60687
8470807,1,2,1,10,2025,2,26,10.0,3800000.0,60688
8470808,1,3,1,10,2025,2,17,5.0,,60691
8470810,1,2,1,10,2025,2,30,10.0,1500000.0,60693
8470812,1,2,1,10,2025,1,35,12.0,7000000.0,60698
8470815,1,2,1,10,2025,2,32,9.0,,60706
8470815,1,3,1,10,2025,2,9,3.0,,60707
8470816,1,6,1,10,2025,1,40,1.0,,60713
8470819,1,3,1,10,2025,2,28,11.0,3900000.0,60720
8470819,1,5,1,10,2025,1,17,4.0,,60722
8470820,1,2,1,10,2025,1,15,5.0,,60724
8470821,1,1,1,10,2025,1,34,5.0,,60725
8470822,1,1,1,10,2025,1,47,10.0,4000000.0,60727
8470823,1,1,1,10,2025,1,31,5.0,1500000.0,60728
8470823,1,3,1,10,2025,1,6,3.0,,60730
8470824,1,1,1,10,2025,1,36,9.0,600000.0,60731
8470824,1,2,1,10,2025,2,37,8.0,1000000.0,60732
8470825,1,1,1,10,2025,1,30,8.0,1500000.0,60733
8470825,1,2,1,10,2025,2,17,4.0,864000.0,60734
8470827,1,1,1,10,2025,2,63,4.0,,60735
8470827,1,2,1,10,2025,2,59,8.0,,60736
8470829,1,1,1,10,2025,1,63,10.0,,60741
8470830,1,1,1,10,2025,2,31,10.0,7071000.0,60743
8470831,1,2,1,10,2025,1,16,1.0,,60746
8470832,1,2,1,10,2025,2,33,10.0,2000000.0,60749
8470832,1,4,1,10,2025,1,6,2.0,,60751
8470833,1,3,1,10,2025,2,9,3.0,,60754
8470833,1,4,1,10,2025,2,7,3.0,,60755
8470834,1,2,1,10,2025,1,33,5.0,1600000.0,60757
8470834,1,3,1,10,2025,2,17,5.0,,60758
8470837,1,1,1,10,2025,2,60,5.0,3000000.0,60761
8470839,1,2,1,10,2025,1,37,4.0,1423500.0,60765
8470839,1,3,1,10,2025,1,35,4.0,5000000.0,60766
8470842,1,1,1,10,2025,2,39,9.0,2500000.0,60768
8470845,1,4,1,10,2025,1,7,3.0,,60773
8470848,1,1,1,10,2025,2,50,3.0,5000000.0,60778
8470851,1,2,1,10,2025,2,49,10.0,,60783
8470855,1,1,1,10,2025,2,31,5.0,1700000.0,60785
8470855,1,3,1,10,2025,1,13,4.0,,60787
8470855,1,4,1,10,2025,2,11,4.0,,60788
8470858,1,1,1,10,2025,1,31,5.0,,60790
8470861,1,1,1,10,2025,1,32,5.0,1700000.0,60796
8470861,1,2,1,10,2025,2,33,5.0,1423500.0,60797
8470863,1,3,1,10,2025,1,8,3.0,,60805
8470863,1,4,1,10,2025,1,4,2.0,,60806
8470864,1,1,1,10,2025,2,45,5.0,1423500.0,60807
8470864,1,2,1,10,2025,2,24,10.0,1423500.0,60808
8470866,1,2,1,10,2025,2,30,9.0,,60811
8470868,1,2,1,10,2025,2,52,8.0,,60817
8470868,1,4,1,10,2025,1,26,10.0,6000000.0,60819
8470869,1,1,1,10,2025,2,26,11.0,3400000.0,60821
8470870,1,1,1,10,2025,2,81,3.0,,60822
8470871,1,1,1,10,2025,1,66,12.0,5200000.0,60824
8470872,1,1,1,10,2025,2,54,4.0,1200000.0,60826
8470874,1,3,1,10,2025,2,12,4.0,,60833
8470875,1,4,1,10,2025,1,15,4.0,,60837
8470876,1,3,1,10,2025,2,45,8.0,146000.0,60840
8470876,1,4,1,10,2025,1,39,5.0,1423500.0,60841
8470878,1,1,1,10,2025,2,47,5.0,1423500.0,60845
8470878,1,2,1,10,2025,1,59,10.0,2974000.0,60846
8470881,1,2,1,10,2025,2,13,4.0,,60854
8470882,1,4,1,10,2025,2,21,6.0,1423500.0,60858
8470882,1,5,1,10,2025,2,7,3.0,,60859
8470884,1,1,1,10,2025,2,39,5.0,800000.0,60861
8470887,1,2,1,10,2025,1,43,5.0,2500000.0,60864
8470888,1,1,1,10,2025,2,34,10.0,,60865
8470888,1,2,1,10,2025,1,44,9.0,1500000.0,60866
8470889,1,1,1,10,2025,1,21,8.0,2000000.0,60869
8470890,1,2,1,10,2025,2,34,5.0,,60873
8470891,1,1,1,10,2025,2,67,3.0,,60875
8470891,1,2,1,10,2025,1,37,5.0,1700000.0,60876
8470893,1,1,1,10,2025,1,41,10.0,,60879
8470894,1,4,1,10,2025,2,13,4.0,,60883
8470895,1,4,1,10,2025,2,17,5.0,,60887
8470897,1,2,1,10,2025,2,2,,,60889
8470899,1,2,1,10,2025,1,23,5.0,3480000.0,60895
8470901,1,2,1,10,2025,1,21,10.0,,60898
8470903,1,2,1,10,2025,2,35,10.0,,60905
8470905,1,2,1,10,2025,2,7,3.0,,60910
8470906,1,3,1,10,2025,1,1,,,60913
8470911,1,1,1,10,2025,2,91,3.0,,60918
8470911,1,3,1,10,2025,1,64,3.0,1700000.0,60920
8470912,1,2,1,10,2025,2,30,8.0,2200000.0,60923
8470921,1,3,1,10,2025,2,15,4.0,,60936
8470921,1,4,1,10,2025,1,20,5.0,1400000.0,60937
8470922,1,5,1,10,2025,1,8,3.0,,60945
8470924,1,2,1,10,2025,2,68,11.0,,60951
8470927,1,1,1,10,2025,1,88,3.0,,60952
8470929,1,1,1,10,2025,1,69,5.0,,60959
8470932,1,2,1,10,2025,2,53,5.0,,60967
8470933,1,1,1,10,2025,1,73,10.0,2000000.0,60968
8470938,1,1,1,10,2025,1,65,3.0,,60978
8470939,1,1,1,10,2025,2,38,9.0,1400000.0,60980
8470939,1,2,1,10,2025,2,17,5.0,,60981
8470941,1,1,1,10,2025,1,52,10.0,,60983
8470942,1,1,1,10,2025,2,44,5.0,1940000.0,60986
8470944,1,1,1,10,2025,1,34,5.0,1500000.0,60989
8470945,1,2,1,10,2025,2,36,5.0,1500000.0,60991
8470945,1,4,1,10,2025,1,19,5.0,,60993
8470945,1,5,1,10,2025,2,25,10.0,1500000.0,60994
8470946,1,2,1,10,2025,2,58,3.0,1100000.0,60998
8470946,1,4,1,10,2025,1,34,1.0,,61000
8470947,1,2,1,10,2025,2,23,5.0,,61003
8470950,1,1,1,10,2025,1,53,12.0,8000000.0,61006
8470950,1,3,1,10,2025,1,11,4.0,,61008
8470951,1,2,1,10,2025,1,60,3.0,1600000.0,61010
8470951,1,3,1,10,2025,1,30,10.0,2000000.0,61011
8470952,1,1,1,10,2025,1,66,3.0,,61013
8470954,1,3,1,10,2025,2,17,5.0,,61021
8470956,1,1,1,10,2025,2,76,3.0,550000.0,61022
8470957,1,1,1,10,2025,1,48,5.0,1423500.0,61024
8470957,1,2,1,10,2025,2,46,5.0,1423500.0,61025
8470958,1,4,1,10,2025,1,17,6.0,,61030
8470958,1,6,1,10,2025,1,21,8.0,1600000.0,61032
8470960,1,3,1,10,2025,2,17,9.0,,61041
8470960,1,4,1,10,2025,1,10,3.0,,61042
8470961,1,3,1,10,2025,1,26,8.0,,61045
8470962,1,1,1,10,2025,2,72,5.0,,61047
8470963,1,3,1,10,2025,1,7,3.0,,61050
8470963,1,4,1,10,2025,2,4,2.0,,61051
8470966,1,2,1,10,2025,1,66,5.0,,61055
8470970,1,5,1,10,2025,1,9,3.0,,61063
8470970,1,6,1,10,2025,2,0,,,61064
8470972,1,1,1,10,2025,1,39,10.0,1600000.0,61067
8470972,1,2,1,10,2025,2,7,3.0,,61068
8470973,1,2,1,10,2025,1,79,3.0,800000.0,61070
8470975,1,3,1,10,2025,2,19,10.0,,61075
8470976,1,1,1,10,2025,1,42,10.0,3560000.0,61076
8470976,1,2,1,10,2025,2,43,11.0,6000000.0,61077
8470977,1,2,1,10,2025,2,52,1.0,1000000.0,61080
8470979,1,1,1,10,2025,1,72,3.0,,61085
8470979,1,2,1,10,2025,2,65,3.0,,61086
8470982,1,2,1,10,2025,2,73,8.0,,61091
8470983,1,1,1,10,2025,2,78,5.0,,61092
8470985,1,1,1,10,2025,1,50,5.0,,61093
8470985,1,3,1,10,2025,2,23,10.0,,61095
8470986,1,2,1,10,2025,2,19,10.0,,61097
8470988,1,3,1,10,2025,1,31,10.0,1423500.0,61100
8470991,1,2,1,10,2025,2,27,10.0,3500000.0,61107
8470992,1,2,1,10,2025,1,54,4.0,1940000.0,61110
8470992,1,3,1,10,2025,2,30,5.0,,61111
8470992,1,6,1,10,2025,2,16,5.0,,61114
8470995,1,1,1,10,2025,1,59,3.0,2000000.0,61115
8470996,1,3,1,10,2025,2,17,5.0,,61119
8470997,1,4,1,10,2025,2,12,4.0,,61125
8470997,1,5,1,10,2025,1,1,,,61126
8470998,1,1,1,10,2025,1,52,6.0,6000000.0,61127
8471001,1,2,1,10,2025,2,56,8.0,2500000.0,61132
8471003,1,3,1,10,2025,1,18,5.0,,61140
8471005,1,3,1,10,2025,1,14,4.0,,61145
8471007,1,1,1,10,2025,2,39,5.0,1700000.0,61150
8471008,1,2,1,10,2025,1,79,1.0,,61153
8471009,1,2,1,10,2025,1,44,5.0,1300000.0,61155
8471010,1,1,1,10,2025,2,39,11.0,9000000.0,61156
8471011,1,1,1,10,2025,1,36,10.0,1600000.0,61158
8471011,1,2,1,10,2025,2,33,8.0,660000.0,61159
8471011,1,3,1,10,2025,2,7,3.0,,61160
8471011,1,4,1,10,2025,1,2,,,61161
8471015,1,2,1,10,2025,1,46,8.0,,61165
8471018,1,1,1,10,2025,2,56,5.0,1600000.0,61169
8471019,1,2,1,10,2025,1,29,9.0,2900000.0,61172
8471020,1,1,1,10,2025,1,62,5.0,2000000.0,61175
8471022,1,2,1,10,2025,1,15,5.0,,61180
8471024,1,2,1,10,2025,1,38,5.0,800000.0,61184
8471024,1,4,1,10,2025,1,6,2.0,,61186
8471025,1,1,1,10,2025,2,70,4.0,,61187
8471026,1,2,1,10,2025,2,56,5.0,,61189
8471029,1,2,1,10,2025,1,25,5.0,1500000.0,61194
8471029,1,4,1,10,2025,2,21,5.0,100000.0,61196
8471029,1,5,1,10,2025,2,4,1.0,,61197
8471032,1,1,1,10,2025,1,39,5.0,2000000.0,61205
8471032,1,2,1,10,2025,1,24,4.0,1200000.0,61206
8471033,1,1,1,10,2025,1,45,4.0,1800000.0,61207
8471033,1,2,1,10,2025,2,39,4.0,360000.0,61208
8471033,1,4,1,10,2025,1,8,3.0,,61210
8471034,2,3,2,10,2025,2,17,5.0,,61214
8471040,1,1,1,10,2025,1,58,4.0,1300000.0,61221
8471048,1,2,1,10,2025,1,15,4.0,,61231
8471048,1,4,1,10,2025,1,5,2.0,,61233
8471050,1,2,1,10,2025,1,68,3.0,1000000.0,61238
8471051,1,3,1,10,2025,2,2,,,61241
8471052,1,3,1,10,2025,1,7,3.0,,61244
8471053,1,1,1,10,2025,2,40,5.0,600000.0,61245
8471053,1,3,1,10,2025,2,20,10.0,,61247
8471053,1,4,1,10,2025,2,13,4.0,,61248
8471055,1,1,1,10,2025,2,39,5.0,900000.0,61252
8471060,1,1,1,10,2025,2,29,9.0,1400000.0,61258
8471061,1,1,1,10,2025,1,58,4.0,1000000.0,61259
8471061,1,5,1,10,2025,1,4,2.0,,61263
8471063,1,1,1,10,2025,2,57,9.0,1420000.0,61267
8471063,1,2,1,10,2025,1,57,10.0,3000000.0,61268
8471063,1,3,1,10,2025,2,28,8.0,,61269
8471064,1,3,1,10,2025,1,45,10.0,500000.0,61273
8471066,1,4,1,10,2025,1,2,,,61280
8471068,1,2,1,10,2025,2,5,2.0,,61282
8471070,1,1,1,10,2025,2,56,5.0,,61286
8471071,1,3,1,10,2025,1,12,4.0,,61291
8471072,1,1,1,10,2025,1,57,8.0,,61293
8471072,1,2,1,10,2025,2,38,11.0,,61294
8471074,1,2,1,10,2025,1,17,10.0,,61302
8471075,1,2,1,10,2025,1,53,4.0,150000.0,61307
8471076,1,1,1,10,2025,2,34,4.0,200000.0,61308
8471079,1,2,1,10,2025,2,25,9.0,,61315
8471079,1,4,1,10,2025,2,51,8.0,,61317
8471080,1,1,1,10,2025,2,68,5.0,,61319
8471080,1,2,1,10,2025,2,65,8.0,,61320
8471081,1,2,1,10,2025,1,34,5.0,1200000.0,61322
8471081,1,3,1,10,2025,2,13,4.0,,61323
8471081,1,5,1,10,2025,2,2,,,61325
8471084,1,3,1,10,2025,2,12,4.0,,61332
8471085,1,1,1,10,2025,1,34,9.0,1423500.0,61333
8471085,1,2,1,10,2025,2,27,10.0,1423500.0,61334
8471089,1,2,1,10,2025,2,29,10.0,2000000.0,61340
8471089,1,3,1,10,2025,1,11,3.0,,61341
8471093,1,1,1,10,2025,2,47,8.0,4000000.0,61346
8471093,1,5,1,10,2025,1,47,5.0,,61350
8471094,1,1,1,10,2025,1,76,3.0,500000.0,61351
8471094,1,3,1,10,2025,2,44,3.0,1000000.0,61353
8471094,1,4,1,10,2025,1,46,3.0,1500000.0,61354
8471095,1,3,1,10,2025,2,18,5.0,,61357
8471096,1,1,1,10,2025,2,68,5.0,,61358
8471097,1,1,1,10,2025,2,53,3.0,,61360
8471097,1,4,1,10,2025,1,26,10.0,,61363
8471098,1,3,1,10,2025,2,30,10.0,4000000.0,61366
8471098,1,4,1,10,2025,2,22,11.0,,61367
8471099,1,2,1,10,2025,1,21,5.0,,61369
8471100,1,2,1,10,2025,2,24,10.0,1423500.0,61371
8471102,1,1,1,10,2025,1,32,10.0,3000000.0,61376
8471102,1,2,1,10,2025,2,34,10.0,1925000.0,61377
8471104,1,2,1,10,2025,2,22,10.0,,61381
8471105,1,4,1,10,2025,2,15,4.0,,61386
8471106,1,1,1,10,2025,1,38,4.0,1000000.0,61389
8471108,1,1,1,10,2025,2,68,3.0,,61391
8471110,1,1,1,10,2025,1,62,3.0,2500000.0,61393
8471110,1,2,1,10,2025,2,61,3.0,,61394
8471110,1,4,1,10,2025,2,23,10.0,2000000.0,61396
8471113,1,3,1,10,2025,2,9,3.0,,61402
8471113,1,4,1,10,2025,2,5,1.0,,61403
8471114,1,3,1,10,2025,1,12,3.0,,61407
8471114,1,4,1,10,2025,2,7,3.0,,61408
8471116,1,1,1,10,2025,1,42,10.0,2000000.0,61410
8471117,1,3,1,10,2025,1,14,4.0,,61416
8471119,1,1,1,10,2025,2,44,4.0,,61418
8471119,1,2,1,10,2025,1,49,3.0,1500000.0,61419
8471121,1,1,1,10,2025,1,24,10.0,1600000.0,61421
8471121,1,2,1,10,2025,2,24,10.0,1423500.0,61422
8471123,1,1,1,10,2025,1,60,10.0,4000000.0,61425
8471128,1,1,1,10,2025,2,30,8.0,623000.0,61439
8471129,1,4,1,10,2025,1,24,10.0,2800000.0,61444
8471132,1,3,1,10,2025,2,34,11.0,8000000.0,61453
8471132,1,4,1,10,2025,1,12,4.0,,61454
8471132,1,5,1,10,2025,2,16,10.0,,61455
8471157,1,1,1,10,2025,2,21,10.0,,61460
8471161,1,1,1,10,2025,1,50,11.0,5000000.0,61461
8471178,1,2,1,10,2025,2,11,3.0,,61468
8471179,1,3,1,10,2025,1,75,10.0,,61471
8471180,1,2,1,10,2025,2,8,3.0,,61474
8471181,1,1,1,10,2025,2,54,4.0,1623500.0,61475
8471185,1,1,1,10,2025,2,46,4.0,1423500.0,61481
8471188,1,5,1,10,2025,1,41,4.0,1423500.0,61487
8471189,1,1,1,10,2025,1,37,8.0,1423500.0,61489
8471189,1,2,1,10,2025,2,34,5.0,1423500.0,61490
8471190,1,2,1,10,2025,2,45,8.0,,61494
8471201,1,3,1,10,2025,1,20,4.0,,61512
8471201,1,4,1,10,2025,2,10,3.0,,61513
8471202,1,5,1,10,2025,2,0,,,61518
8471203,1,1,1,10,2025,2,22,10.0,1800000.0,61519
8471204,1,1,1,10,2025,1,42,5.0,1700000.0,61521
8471207,1,1,1,10,2025,1,56,3.0,1972000.0,61527
8471207,1,5,1,10,2025,1,72,3.0,,61531
8471208,1,2,1,10,2025,2,42,4.0,,61534
8471208,1,3,1,10,2025,2,19,4.0,,61535
8471208,1,4,1,10,2025,1,41,5.0,1423500.0,61536
8471210,1,1,1,10,2025,1,64,9.0,,61542
8471210,1,3,1,10,2025,2,33,8.0,,61544
8471211,1,1,1,10,2025,1,39,5.0,1200000.0,61546
8471211,1,2,1,10,2025,2,41,5.0,520000.0,61547
8471217,1,1,1,10,2025,1,70,9.0,1500000.0,61555
8471218,1,2,1,10,2025,1,9,3.0,,61558
8471219,1,1,1,10,2025,1,78,11.0,,61560
8471220,1,2,1,10,2025,2,57,10.0,,61562
8471221,1,4,1,10,2025,2,5,2.0,,61566
8471222,1,1,1,10,2025,1,41,10.0,3500000.0,61568
8471228,1,1,1,10,2025,2,59,3.0,300000.0,61578
8471230,1,1,1,10,2025,1,48,3.0,1200000.0,61581
8471231,1,3,1,10,2025,1,61,1.0,,61584
8471232,1,2,1,10,2025,2,26,5.0,1423500.0,61586
8471234,1,3,1,10,2025,2,78,10.0,,61592
8471235,1,1,1,10,2025,1,33,8.0,3200000.0,61593
8471235,1,2,1,10,2025,2,33,10.0,3392000.0,61594
8471237,1,1,1,10,2025,2,48,8.0,1623500.0,61599
8471237,1,4,1,10,2025,2,12,3.0,,61602
8471238,1,1,1,10,2025,2,42,5.0,1623500.0,61604
8471239,1,1,1,10,2025,2,67,3.0,,61606
8471240,1,1,1,10,2025,1,31,12.0,7600000.0,61607
8471242,1,2,1,10,2025,2,27,9.0,1623500.0,61611
8471243,1,1,1,10,2025,1,40,8.0,2200000.0,61613
8471243,1,3,1,10,2025,2,7,3.0,,61615
8471244,1,4,1,10,2025,2,60,3.0,,61619
8471248,1,3,1,10,2025,1,31,5.0,1423500.0,61626
8471248,1,5,1,10,2025,1,13,4.0,,61628
8471251,1,1,1,10,2025,2,91,4.0,,61630
8471251,1,2,1,10,2025,2,73,5.0,,61631
8471252,1,1,1,10,2025,2,27,5.0,1423500.0,61632
8471254,1,2,1,10,2025,2,58,4.0,1423500.0,61635
8471255,1,3,1,10,2025,1,29,4.0,1500000.0,61639
8471255,1,4,1,10,2025,1,23,5.0,,61640
8471259,1,1,1,10,2025,1,45,5.0,1623000.0,61645
8471259,1,2,1,10,2025,2,50,8.0,,61646
8471260,1,1,1,10,2025,1,40,6.0,10000000.0,61648
8471260,1,2,1,10,2025,2,38,8.0,,61649
8471260,1,3,1,10,2025,2,17,10.0,,61650
8471263,1,3,1,10,2025,2,5,2.0,,61657
8471264,1,2,1,10,2025,2,56,5.0,1423500.0,61659
8471268,1,1,1,10,2025,2,29,6.0,,61663
8471268,1,3,1,10,2025,1,3,2.0,,61665
8471273,1,2,1,10,2025,1,49,1.0,,61669
8471273,1,3,1,10,2025,1,24,9.0,,61670
8471274,1,2,1,10,2025,1,60,10.0,,61674
8471275,1,1,1,10,2025,1,62,5.0,1500000.0,61675
8471276,1,2,1,10,2025,2,83,3.0,,61679
8471276,1,3,1,10,2025,1,46,10.0,2000000.0,61680
8471279,1,2,1,10,2025,2,46,10.0,3200000.0,61682
8471279,1,3,1,10,2025,2,22,10.0,,61683
8471281,1,1,1,10,2025,1,57,10.0,4500000.0,61687
8471281,1,3,1,10,2025,1,17,5.0,,61689
8471282,1,1,1,10,2025,2,36,8.0,1200000.0,61690
8471283,1,1,1,10,2025,2,60,5.0,,61693
8471285,1,2,1,10,2025,2,29,5.0,,61697
8471285,1,3,1,10,2025,1,1,,,61698
8471285,1,4,1,10,2025,1,22,5.0,1500000.0,61699
8471286,1,2,1,10,2025,2,23,5.0,1623500.0,61701
8471290,1,1,1,10,2025,2,28,5.0,1500000.0,61702
8471292,1,3,1,10,2025,2,12,4.0,,61710
8471293,1,1,1,10,2025,2,70,5.0,,61711
8471296,1,3,1,10,2025,1,83,1.0,,61716
8471304,1,1,1,10,2025,2,68,10.0,4607915.0,61725
8471305,1,2,1,10,2025,2,18,10.0,,61727
8471306,1,2,1,10,2025,2,63,3.0,,61730
8471307,1,1,1,10,2025,1,39,5.0,2000000.0,61731
8471307,1,3,1,10,2025,1,14,4.0,,61733
8471308,1,1,1,10,2025,1,44,4.0,2800000.0,61734
8471313,1,1,1,10,2025,1,76,3.0,,61746
8471315,1,2,1,10,2025,1,35,1.0,1423500.0,61749
8471316,1,1,1,10,2025,1,61,3.0,1900000.0,61753
8471316,1,2,1,10,2025,2,59,4.0,700000.0,61754
8471319,1,1,1,10,2025,2,57,8.0,,61756
8471328,1,1,1,10,2025,2,38,5.0,1300000.0,61764
8471328,1,2,1,10,2025,2,23,10.0,,61765
8471329,1,1,1,10,2025,2,44,11.0,600000.0,61767
8471329,1,2,1,10,2025,2,19,10.0,,61768
8471334,1,2,1,10,2025,1,35,4.0,,61773
8471341,1,1,1,10,2025,1,48,5.0,1500000.0,61777
8471341,1,2,1,10,2025,2,43,8.0,1423500.0,61778
8471341,1,4,1,10,2025,2,18,8.0,,61780
8471341,1,5,1,10,2025,1,14,4.0,,61781
8471343,1,1,1,10,2025,2,43,5.0,6300000.0,61785
8471343,1,2,1,10,2025,2,18,10.0,,61786
8471344,1,1,1,10,2025,1,39,5.0,1800000.0,61788
8471349,1,1,1,10,2025,1,40,10.0,2847000.0,61794
8471349,1,2,1,10,2025,2,37,9.0,1800000.0,61795
8471349,1,3,1,10,2025,1,22,10.0,,61796
8471353,1,2,1,10,2025,2,57,3.0,800000.0,61805
8471357,1,1,1,10,2025,2,35,8.0,1400000.0,61812
8471357,1,3,1,10,2025,1,12,4.0,,61814
8471358,1,1,1,10,2025,1,37,5.0,2900000.0,61815
8471358,1,3,1,10,2025,1,7,3.0,,61817
8471362,1,1,1,10,2025,1,44,5.0,3000000.0,61827
8471362,1,3,1,10,2025,1,14,4.0,,61829
8471362,1,4,1,10,2025,1,6,3.0,,61830
8471362,1,5,1,10,2025,1,22,10.0,1200000.0,61831
8471363,1,2,1,10,2025,1,71,3.0,,61833
8471365,1,2,1,10,2025,1,26,5.0,,61840
8471371,1,1,1,10,2025,2,21,5.0,100000.0,61843
8471371,1,2,1,10,2025,2,23,10.0,2000000.0,61844
8471372,1,4,1,10,2025,1,7,3.0,,61848
8471373,1,1,1,10,2025,1,63,3.0,500000.0,61849
8471374,1,1,1,10,2025,1,43,3.0,1000000.0,61853
8471376,1,3,1,10,2025,1,6,3.0,,61859
8471378,1,1,1,10,2025,2,33,8.0,0.0,61860
8471378,1,2,1,10,2025,2,12,4.0,,61861
8471379,1,2,1,10,2025,2,17,4.0,,61863
8471379,1,3,1,10,2025,1,14,4.0,,61864
8471380,1,1,1,10,2025,2,76,1.0,,61866
8471381,1,2,1,10,2025,1,60,4.0,0.0,61868
8471383,1,5,1,10,2025,1,3,1.0,,61875
8471384,1,2,1,10,2025,1,50,5.0,0.0,61877
8471385,1,3,1,10,2025,2,80,3.0,,61880
8471386,1,3,1,10,2025,2,5,2.0,,61883
8471388,1,4,1,10,2025,1,6,3.0,,61887
8471389,1,2,1,10,2025,1,25,5.0,2000000.0,61889
8471390,1,2,1,10,2025,1,8,3.0,,61891
8471391,1,1,1,10,2025,2,66,4.0,,61892
8471392,1,1,1,10,2025,2,42,10.0,2500000.0,61894
8471395,1,1,1,10,2025,1,64,5.0,,61899
8471395,1,3,1,10,2025,2,33,10.0,2000000.0,61901
8471397,1,2,1,10,2025,2,70,4.0,,61903
8471397,1,4,1,10,2025,2,13,4.0,,61905
8471400,1,1,1,10,2025,2,46,8.0,1800000.0,61911
8471401,1,2,1,10,2025,1,27,10.0,1800000.0,61914
8471403,1,2,1,10,2025,2,22,10.0,500000.0,61919
8471409,1,2,1,10,2025,1,38,5.0,2500000.0,61924
8471409,1,3,1,10,2025,2,16,10.0,,61925
8471409,1,4,1,10,2025,2,14,3.0,,61926
8471410,1,2,1,10,2025,2,25,10.0,,61928
8471412,1,1,1,10,2025,2,44,3.0,1400000.0,61930
8471413,1,1,1,10,2025,2,45,3.0,700000.0,61932
8471415,1,2,1,10,2025,1,43,5.0,250000.0,61936
8471415,1,5,1,10,2025,2,12,4.0,,61939
8471415,1,6,1,10,2025,1,7,3.0,,61940
8471418,1,1,1,10,2025,1,52,4.0,2000000.0,61941
8471419,1,1,1,10,2025,2,22,10.0,1623000.0,61942
8471420,1,2,1,10,2025,2,14,4.0,,61945
8471422,1,1,1,10,2025,2,35,5.0,900000.0,61948
8471423,1,3,1,10,2025,2,16,5.0,,61952
8471425,1,1,1,10,2025,1,78,3.0,,61957
8471429,1,2,1,10,2025,2,15,5.0,,61966
8471430,1,4,1,10,2025,1,4,1.0,,61972
8471431,1,2,1,10,2025,1,31,10.0,,61974
8471433,1,3,1,10,2025,1,11,3.0,,61981
8471437,1,2,1,10,2025,2,27,5.0,,61984
8471441,1,2,1,10,2025,1,32,3.0,2023500.0,61995
8471442,1,1,1,10,2025,2,60,3.0,1100000.0,61996
8471443,1,2,1,10,2025,1,16,4.0,,61998
8471444,1,2,1,10,2025,1,50,4.0,,62002
8471444,1,4,1,10,2025,2,14,4.0,,62004
8471447,1,3,1,10,2025,1,13,4.0,,62011
8471449,1,1,1,10,2025,1,52,10.0,900000.0,62013
8471450,1,1,1,10,2025,1,57,3.0,250000.0,62014
8471450,1,3,1,10,2025,1,21,4.0,,62016
8471452,1,1,1,10,2025,2,53,1.0,,62017
8471455,1,1,1,10,2025,2,64,4.0,,62023
8471459,1,2,1,10,2025,2,50,10.0,2100000.0,62031
8471459,1,4,1,10,2025,2,27,10.0,2500000.0,62033
8471460,1,1,1,10,2025,2,44,11.0,3500000.0,62034
8471460,1,3,1,10,2025,2,29,10.0,,62036
8471463,1,1,1,10,2025,2,57,1.0,,62038
8471465,1,2,1,10,2025,2,58,4.0,,62043
8471465,1,3,1,10,2025,2,32,8.0,800000.0,62044
8471468,1,2,1,10,2025,2,66,3.0,1500000.0,62046
8471470,1,2,1,10,2025,2,37,11.0,4000000.0,62051
8471472,1,1,1,10,2025,2,27,8.0,900000.0,62054
8471472,1,3,1,10,2025,2,6,3.0,,62056
8471478,1,1,1,10,2025,2,37,5.0,900000.0,62065
8471481,1,3,1,10,2025,2,15,5.0,,62072
8471482,1,1,1,10,2025,1,21,4.0,1000000.0,62073
8471484,1,1,1,10,2025,1,42,5.0,1500000.0,62076
8471485,1,1,1,10,2025,2,30,4.0,,62078
8471490,1,1,1,10,2025,1,55,5.0,1400000.0,62082
8471506,1,1,1,10,2025,1,67,3.0,,62091
8471507,1,1,1,10,2025,2,70,5.0,,62094
8471507,1,2,1,10,2025,1,45,5.0,,62095
8471507,1,3,1,10,2025,2,41,5.0,,62096
8471507,1,4,1,10,2025,1,23,5.0,,62097
8471517,1,1,1,10,2025,2,47,5.0,350000.0,62100
8471517,1,2,1,10,2025,2,20,10.0,,62101
8471524,1,2,1,10,2025,1,23,10.0,,62106
8471526,1,1,1,10,2025,1,39,5.0,900000.0,62113
8471529,1,4,1,10,2025,1,63,8.0,1300000.0,62125
8471530,1,1,1,10,2025,2,23,5.0,,62126
8471530,1,3,1,10,2025,1,4,2.0,,62128
8471531,1,2,1,10,2025,2,42,8.0,1900000.0,62131
8471531,1,3,1,10,2025,1,16,5.0,,62132
8471531,1,4,1,10,2025,1,12,4.0,,62133
8471533,1,2,1,10,2025,2,46,6.0,1900000.0,62135
8471534,1,2,1,10,2025,2,42,5.0,,62140
8471535,1,3,1,10,2025,1,18,5.0,,62144
8471536,1,2,1,10,2025,1,36,3.0,1300000.0,62147
8471537,1,2,1,10,2025,2,48,3.0,240000.0,62151
8471540,1,2,1,10,2025,2,10,3.0,,62161
8471540,1,3,1,10,2025,1,4,2.0,,62162
8471541,1,3,1,10,2025,2,15,4.0,,62165
8471543,1,2,1,10,2025,1,62,3.0,,62170
8471544,1,1,1,10,2025,1,74,10.0,3000000.0,62171
8471544,1,3,1,10,2025,1,37,10.0,5000000.0,62173
8471544,1,4,1,10,2025,1,5,3.0,,62174
8471546,1,1,1,10,2025,1,40,10.0,1500000.0,62176
8471547,1,4,1,10,2025,1,10,3.0,,62182
8471548,1,2,1,10,2025,2,55,5.0,600000.0,62184
8471549,1,1,1,10,2025,1,37,8.0,600000.0,62185
8471550,1,1,1,10,2025,2,27,1.0,,62188
8471550,1,3,1,10,2025,1,10,3.0,,62190
8471553,1,1,1,10,2025,2,77,8.0,,62197
8471553,1,2,1,10,2025,1,78,3.0,,62198
8471554,1,4,1,10,2025,1,16,6.0,,62203
8471555,1,1,1,10,2025,1,53,5.0,900000.0,62204
8471555,1,4,1,10,2025,2,13,4.0,,62207
8471556,1,2,1,10,2025,1,52,3.0,1500000.0,62209
8471557,1,1,1,10,2025,2,74,3.0,,62210
8471558,1,5,1,10,2025,1,7,3.0,,62218
8471562,1,1,1,10,2025,1,42,6.0,1700000.0,62226
8471562,1,2,1,10,2025,2,36,5.0,1700000.0,62227
8471563,1,1,1,10,2025,1,47,10.0,3000000.0,62228
8471563,1,2,1,10,2025,2,47,5.0,,62229
8471565,1,1,1,10,2025,2,21,8.0,,62233
8471565,1,2,1,10,2025,1,5,2.0,,62234
8471566,1,2,1,10,2025,1,47,9.0,1600000.0,62236
8471567,1,2,1,10,2025,1,58,4.0,1200000.0,62241
8471567,1,4,1,10,2025,1,33,4.0,,62243
8471570,1,2,1,10,2025,2,39,5.0,,62246
8471573,1,1,1,10,2025,2,75,3.0,,62253
8471573,1,2,1,10,2025,2,42,10.0,,62254
8471576,1,6,1,10,2025,1,31,11.0,,62262
8471576,1,7,1,10,2025,2,14,4.0,,62263
8471577,1,3,1,10,2025,2,63,5.0,,62266
8471580,1,1,1,10,2025,1,48,6.0,,62273
8471580,1,3,1,10,2025,1,10,3.0,,62275
8471580,1,4,1,10,2025,1,0,,,62276
8471586,1,3,1,10,2025,2,15,5.0,,62291
8471587,1,2,1,10,2025,2,55,8.0,1700000.0,62293
8471587,1,4,1,10,2025,1,92,1.0,,62295
8471587,1,5,1,10,2025,2,87,1.0,,62296
8471588,1,3,1,10,2025,2,21,8.0,1700000.0,62299
8471589,1,1,1,10,2025,1,68,1.0,,62301
8471591,1,1,1,10,2025,2,37,10.0,1400000.0,62309
8471592,1,2,1,10,2025,2,34,8.0,,62314
8471594,1,4,1,10,2025,1,6,3.0,,62320
8471596,1,2,1,10,2025,2,30,5.0,,62325
8471597,1,2,1,10,2025,2,17,1.0,,62330
8471600,1,2,1,10,2025,2,68,4.0,,62335
8471601,1,2,1,10,2025,1,25,5.0,900000.0,62338
8471608,1,4,1,10,2025,2,33,3.0,1000000.0,62348
8471608,1,6,1,10,2025,2,12,4.0,,62350
8471610,1,1,1,10,2025,2,52,10.0,6000000.0,62351
8471610,1,2,1,10,2025,1,41,10.0,7000000.0,62352
8471618,1,5,1,10,2025,2,15,4.0,,62357
8471618,1,6,1,10,2025,2,8,3.0,,62358
8471621,1,1,1,10,2025,2,52,12.0,4270500.0,62359
8471633,1,2,1,10,2025,1,13,4.0,,62364
8471633,1,3,1,10,2025,2,5,3.0,,62365
8471639,1,1,1,10,2025,2,54,10.0,2400000.0,62373
8471642,1,2,1,10,2025,2,26,5.0,1500000.0,62378
8471642,1,4,1,10,2025,1,6,2.0,,62380
8471642,1,5,1,10,2025,1,2,,,62381
8471642,2,2,2,10,2025,2,36,3.0,,62383
8471646,1,2,1,10,2025,2,25,10.0,1600000.0,62386
8471646,1,3,1,10,2025,1,7,3.0,,62387
8471649,1,2,1,10,2025,2,42,5.0,1423500.0,62392
8471650,1,1,1,10,2025,2,42,10.0,5500000.0,62394
8471652,1,2,1,10,2025,2,59,3.0,,62400
8471654,1,1,1,10,2025,2,51,3.0,410000.0,62402
8471654,1,3,1,10,2025,2,27,3.0,700000.0,62404
8471655,1,2,1,10,2025,1,6,2.0,,62406
8471661,1,1,1,10,2025,1,64,4.0,960000.0,62414
8471662,1,1,1,10,2025,2,75,4.0,,62415
8471663,1,2,1,10,2025,2,36,5.0,1423500.0,62418
8471664,1,1,1,10,2025,1,33,5.0,2000000.0,62421
8471665,1,1,1,10,2025,1,34,3.0,1960000.0,62422
8471667,1,1,1,10,2025,2,41,3.0,,62423
8471667,1,2,1,10,2025,1,17,5.0,1400000.0,62424
8471669,1,5,1,10,2025,1,21,10.0,,62430
8471672,1,1,1,10,2025,2,39,12.0,3500000.0,62432
8471672,1,2,1,10,2025,1,37,8.0,2000000.0,62433
8471672,1,3,1,10,2025,2,9,3.0,,62434
8471674,1,1,1,10,2025,2,65,9.0,,62435
8471674,1,2,1,10,2025,2,30,8.0,,62436
8471677,1,4,1,10,2025,1,20,5.0,1000000.0,62442
8471677,1,8,1,10,2025,2,0,,,62446
8471685,1,1,1,10,2025,1,20,5.0,1380000.0,62460
8471687,1,1,1,10,2025,2,33,4.0,,62467
8471687,1,2,1,10,2025,1,15,4.0,,62468
8471687,1,3,1,10,2025,2,13,4.0,,62469
8471688,1,2,1,10,2025,2,71,11.0,,62472
8471690,1,1,1,10,2025,1,91,4.0,,62476
8471691,1,1,1,10,2025,2,33,10.0,,62478
8471691,1,2,1,10,2025,2,19,10.0,,62479
8471695,1,2,1,10,2025,1,23,5.0,1000000.0,62484
8471703,1,1,1,10,2025,2,27,10.0,,62494
8471703,1,2,1,10,2025,1,13,4.0,,62495
8471705,1,3,1,10,2025,1,11,3.0,,62502
8471706,1,1,1,10,2025,2,29,6.0,,62503
8471710,1,1,1,10,2025,2,22,10.0,,62507
8471715,1,3,1,10,2025,2,8,3.0,,62511
8471717,1,3,1,10,2025,2,0,,,62517
8471718,1,1,1,10,2025,1,23,5.0,1500000.0,62518
8471719,1,2,1,10,2025,1,11,3.0,,62520
8471722,1,1,1,10,2025,1,34,8.0,800000.0,62522
8471732,1,1,1,10,2025,2,58,10.0,6200000.0,62535
8471734,1,2,1,10,2025,1,16,4.0,,62540
8471737,1,2,1,10,2025,1,25,10.0,450000.0,62543
8471740,1,1,1,10,2025,1,24,5.0,1500000.0,62547
8471741,1,1,1,10,2025,2,36,8.0,320000.0,62548
8471741,1,4,1,10,2025,2,0,,,62551
8471743,1,1,1,10,2025,2,23,10.0,1320000.0,62552
8471744,1,1,1,10,2025,2,36,10.0,,62554
8471744,1,4,1,10,2025,1,10,3.0,,62557
8471746,1,3,1,10,2025,1,17,4.0,,62560
8471746,1,5,1,10,2025,2,4,2.0,,62562
8471747,1,1,1,10,2025,1,69,3.0,130000.0,62563
8471748,1,1,1,10,2025,2,32,8.0,,62565
8471748,1,4,1,10,2025,1,10,3.0,,62568
8471749,1,1,1,10,2025,1,30,5.0,500000.0,62570
8471749,1,2,1,10,2025,2,25,4.0,,62571
8471750,1,3,1,10,2025,2,12,4.0,,62575
8471752,1,3,1,10,2025,1,28,5.0,1600000.0,62581
8471755,1,1,1,10,2025,2,35,5.0,1500000.0,62585
8471755,1,2,1,10,2025,1,32,5.0,1510000.0,62586
8471756,1,1,1,10,2025,2,47,11.0,2000000.0,62587
8471761,1,1,1,10,2025,2,53,1.0,,62594
8471762,1,2,1,10,2025,1,46,4.0,1200000.0,62597
8471762,1,3,1,10,2025,2,21,8.0,,62598
8471763,1,3,1,10,2025,2,18,8.0,,62602
8471763,1,5,1,10,2025,1,11,4.0,,62604
8471765,1,1,1,10,2025,2,35,5.0,600000.0,62605
8471769,1,5,1,10,2025,1,24,4.0,2000000.0,62615
8471774,1,1,1,10,2025,2,25,8.0,1423000.0,62626
8471775,1,5,1,10,2025,1,23,10.0,,62633
8471776,1,4,1,10,2025,2,3,2.0,,62637
8471781,1,1,1,10,2025,2,53,3.0,,62645
8471781,1,2,1,10,2025,2,26,10.0,800000.0,62646
8471782,1,1,1,10,2025,2,57,5.0,200000.0,62650
8471782,1,3,1,10,2025,1,23,5.0,,62652
8471783,1,1,1,10,2025,2,42,5.0,1400000.0,62654
8471784,1,2,1,10,2025,2,60,5.0,600000.0,62659
8471784,1,3,1,10,2025,1,21,4.0,,62660
8471785,1,4,1,10,2025,1,9,3.0,,62665
8471790,1,1,1,10,2025,1,28,5.0,1800000.0,62666
8471792,1,3,1,10,2025,2,81,1.0,,62673
8471792,1,4,1,10,2025,2,7,3.0,,62674
8471794,1,3,1,10,2025,1,15,5.0,,62677
8471794,1,4,1,10,2025,1,5,2.0,,62678
8471796,1,1,1,10,2025,1,44,5.0,600000.0,62679
8471799,1,1,1,10,2025,2,66,3.0,650000.0,62688
8471801,1,2,1,10,2025,2,44,10.0,2000000.0,62696
8471803,1,2,1,10,2025,1,60,5.0,1500000.0,62700
8471806,1,1,1,10,2025,1,29,8.0,2300000.0,62701
8471807,1,1,1,10,2025,1,35,10.0,2200000.0,62704
8471811,1,2,1,10,2025,2,23,10.0,,62712
8471813,1,1,1,10,2025,1,37,3.0,1200000.0,62716
8471817,1,1,1,10,2025,2,50,5.0,1500000.0,62722
8471819,1,2,1,10,2025,1,40,3.0,1500000.0,62728
8471819,1,3,1,10,2025,1,8,3.0,,62729
8471819,1,4,1,10,2025,2,5,2.0,,62730
8471820,1,3,1,10,2025,2,80,1.0,,62733
8471824,1,3,1,10,2025,1,1,,,62741
8471825,1,2,1,10,2025,1,19,5.0,1623500.0,62743
8471828,1,3,1,10,2025,1,20,5.0,1400000.0,62746
8471829,1,1,1,10,2025,2,48,5.0,800000.0,62748
8471830,1,2,1,10,2025,2,33,11.0,4200000.0,62752
8471834,1,3,1,10,2025,1,14,4.0,,62763
8471834,1,4,1,10,2025,1,12,4.0,,62764
8471838,1,1,1,10,2025,1,66,11.0,,62765
8471842,1,1,1,10,2025,1,49,5.0,,62770
8471843,1,1,1,10,2025,1,60,5.0,,62772
8471843,1,3,1,10,2025,2,16,4.0,,62774
8471845,1,1,1,10,2025,2,45,5.0,1423500.0,62778
8471845,1,2,1,10,2025,1,17,5.0,,62779
8471846,1,1,1,10,2025,2,51,3.0,,62781
8471846,1,2,1,10,2025,1,42,10.0,,62782
8471847,1,2,1,10,2025,1,61,4.0,1300000.0,62784
8471848,1,1,1,10,2025,2,59,3.0,600000.0,62787
8471851,1,6,1,10,2025,2,57,3.0,,62795
8471855,1,1,1,10,2025,2,56,4.0,600000.0,62797
8471857,1,3,1,10,2025,1,5,2.0,,62803
8471860,1,1,1,10,2025,1,45,5.0,1423500.0,62807
8471860,1,3,1,10,2025,1,16,5.0,,62809
8471860,1,4,1,10,2025,1,14,4.0,,62810
8471860,1,5,1,10,2025,2,60,5.0,,62811
8471861,1,1,1,10,2025,2,41,8.0,1800000.0,62812
8471861,1,3,1,10,2025,2,13,4.0,,62814
8471861,1,4,1,10,2025,2,70,3.0,,62815
8471863,1,1,1,10,2025,1,26,5.0,2000000.0,62819
8471866,1,1,1,10,2025,2,43,5.0,,62825
8471866,1,2,1,10,2025,2,84,3.0,,62826
8471868,1,1,1,10,2025,1,78,3.0,,62827
8471869,1,2,1,10,2025,2,67,3.0,,62831
8471872,1,3,1,10,2025,1,4,2.0,,62835
8471873,1,2,1,10,2025,1,27,5.0,1623500.0,62837
8471873,1,4,1,10,2025,2,3,1.0,,62839
8471874,1,1,1,10,2025,1,25,5.0,,62840
8471875,1,1,1,10,2025,2,45,5.0,1623500.0,62841
8471875,1,5,1,10,2025,1,6,3.0,,62845
8471880,1,2,1,10,2025,2,56,3.0,,62858
8471882,1,2,1,10,2025,1,15,5.0,,62862
8471884,1,3,1,10,2025,1,26,10.0,1423500.0,62866
8471885,1,1,1,10,2025,2,45,8.0,1800000.0,62867
8471885,1,3,1,10,2025,1,11,4.0,,62869
8471886,1,2,1,10,2025,1,55,5.0,1423500.0,62871
8471888,1,1,1,10,2025,1,42,3.0,1400000.0,62877
8471888,1,3,1,10,2025,2,12,4.0,,62879
8471889,1,1,1,10,2025,2,49,11.0,2500000.0,62881
8471889,1,3,1,10,2025,1,52,3.0,,62883
8471890,1,1,1,10,2025,1,46,5.0,1423500.0,62884
8471891,1,1,1,10,2025,2,32,10.0,3200000.0,62887
8471891,1,2,1,10,2025,1,9,3.0,,62888
8471892,1,1,1,10,2025,2,39,10.0,1423500.0,62889
8471895,1,1,1,10,2025,2,60,3.0,1160000.0,62891
8471896,1,1,1,10,2025,2,58,4.0,120000.0,62892
8471902,1,2,1,10,2025,2,36,10.0,,62904
8471906,1,2,1,10,2025,2,60,4.0,,62914
8471910,1,2,1,10,2025,2,53,4.0,,62921
8471911,1,1,1,10,2025,1,25,10.0,1800000.0,62922
8471911,1,2,1,10,2025,2,22,10.0,500000.0,62923
8471912,1,3,1,10,2025,1,10,3.0,,62926
8471915,1,2,1,10,2025,2,55,5.0,,62931
8471917,1,1,1,10,2025,2,23,5.0,,62932
8471921,1,1,1,10,2025,2,49,1.0,560000.0,62937
8471923,1,1,1,10,2025,2,55,3.0,1000000.0,62945
8471924,1,2,1,10,2025,1,10,3.0,,62949
8471925,1,2,1,10,2025,1,15,4.0,,62951
8471926,1,1,1,10,2025,1,47,3.0,400000.0,62952
8471929,1,1,1,10,2025,1,45,5.0,1200000.0,62955
8471935,1,1,1,10,2025,1,25,10.0,480000.0,62960
8471940,1,1,1,10,2025,2,24,8.0,,62968
8471940,1,2,1,10,2025,1,22,4.0,1200000.0,62969
8471941,1,5,1,10,2025,2,49,3.0,100000.0,62974
8471944,1,1,1,10,2025,2,42,5.0,525000.0,62976
8471948,1,1,1,10,2025,2,29,5.0,900000.0,62981
8471954,1,1,1,10,2025,2,70,11.0,,62990
8471954,1,2,1,10,2025,1,43,10.0,3500000.0,62991
8471954,1,5,1,10,2025,2,16,5.0,,62994
8471967,1,1,1,10,2025,1,44,10.0,5000000.0,63007
8471971,1,2,1,10,2025,2,57,10.0,500000.0,63009
8471972,1,2,1,10,2025,2,19,5.0,,63011
8471973,1,1,1,10,2025,1,41,8.0,4100000.0,63012
8471974,1,5,1,10,2025,2,8,3.0,,63017
8471976,1,2,1,10,2025,2,43,10.0,,63019
8471976,1,4,1,10,2025,1,8,3.0,,63021
8471978,1,1,1,10,2025,2,60,5.0,,63024
8471985,1,3,1,10,2025,1,20,10.0,,63031
8471985,1,4,1,10,2025,1,18,4.0,,63032
8471986,1,1,1,10,2025,2,63,8.0,,63035
8471986,1,4,1,10,2025,1,15,4.0,,63038
8471987,1,1,1,10,2025,2,28,8.0,700000.0,63039
8471987,1,2,1,10,2025,2,13,4.0,,63040
8471992,1,1,1,10,2025,1,37,10.0,,63051
8471992,1,3,1,10,2025,1,0,,,63053
8471992,1,4,1,10,2025,2,18,10.0,,63054
8471998,1,4,1,10,2025,1,2,,,63062
8471999,1,3,1,10,2025,2,9,3.0,,63065
8472000,1,1,1,10,2025,2,42,5.0,700000.0,63067
8472000,1,2,1,10,2025,2,11,4.0,,63068
8472002,1,1,1,10,2025,2,77,5.0,,63069
8472002,1,2,1,10,2025,2,58,4.0,900000.0,63070
8472002,1,4,1,10,2025,1,12,4.0,,63072
8472003,1,2,1,10,2025,2,51,10.0,,63074
8472004,1,3,1,10,2025,1,12,4.0,,63077
8472006,1,2,1,10,2025,1,29,5.0,1400000.0,63080
8472007,1,2,1,10,2025,2,12,4.0,,63083
8472008,1,2,1,10,2025,1,54,1.0,800000.0,63085
8472008,1,3,1,10,2025,1,36,5.0,800000.0,63086
8472009,1,2,1,10,2025,2,38,5.0,270000.0,63089
8472011,1,1,1,10,2025,1,68,1.0,,63091
8472013,1,2,1,10,2025,2,46,11.0,1000000.0,63094
8472013,1,3,1,10,2025,1,21,10.0,,63095
8472015,1,1,1,10,2025,2,42,10.0,,63096
8472019,1,1,1,10,2025,1,38,9.0,1150000.0,63100
8472020,1,1,1,10,2025,2,50,5.0,200000.0,63104
8472020,1,2,1,10,2025,1,14,4.0,,63105
8472020,1,3,1,10,2025,1,14,4.0,,63106
8472021,1,1,1,10,2025,1,35,3.0,500000.0,63108
8472021,1,3,1,10,2025,2,10,3.0,,63110
8472021,1,4,1,10,2025,2,8,3.0,,63111
8472021,1,5,1,10,2025,1,7,3.0,,63112
8472021,1,6,1,10,2025,1,0,,,63113
8472022,1,1,1,10,2025,2,36,8.0,80000.0,63114
8472024,1,1,1,10,2025,2,36,5.0,700000.0,63118
8472024,1,3,1,10,2025,2,16,4.0,,63120
8472025,1,1,1,10,2025,1,45,4.0,1680000.0,63121
8472025,1,5,1,10,2025,2,15,4.0,,63125
8472027,1,4,1,10,2025,2,7,3.0,,63129
8472029,1,2,1,10,2025,1,15,4.0,,63131
8472029,1,3,1,10,2025,1,8,3.0,,63132
8472037,1,1,1,10,2025,2,65,3.0,700000.0,63143
8472037,1,3,1,10,2025,2,11,4.0,,63145
8472037,1,4,1,10,2025,1,29,5.0,700000.0,63146
8472039,1,1,1,10,2025,1,38,10.0,1423500.0,63148
8472041,1,2,1,10,2025,2,55,1.0,,63154
8472041,1,4,1,10,2025,1,17,4.0,480000.0,63156
8472042,1,1,1,10,2025,1,72,5.0,300000.0,63158
8472042,1,3,1,10,2025,2,18,10.0,,63160
8472043,1,1,1,10,2025,2,40,5.0,,63161
8472045,1,1,1,10,2025,2,68,4.0,,63165
8472045,1,3,1,10,2025,1,3,1.0,,63167
8472046,1,3,1,10,2025,1,15,5.0,,63170
8472047,1,2,1,10,2025,1,42,5.0,1500000.0,63175
8472049,1,2,1,10,2025,2,80,5.0,,63180
8472049,1,3,1,10,2025,2,53,10.0,4000000.0,63181
8472051,1,1,1,10,2025,1,45,3.0,1200000.0,63186
8472052,1,2,1,10,2025,1,44,5.0,1000000.0,63189
8472052,1,5,1,10,2025,2,6,3.0,,63192
8472054,1,3,1,10,2025,2,34,5.0,1800000.0,63197
8472054,1,4,1,10,2025,1,37,5.0,1200000.0,63198
8472054,1,6,1,10,2025,1,5,1.0,,63200
8472055,1,2,1,10,2025,1,73,3.0,,63202
8472062,1,3,1,10,2025,1,9,3.0,,63213
8472064,1,1,1,10,2025,1,62,4.0,850000.0,63214
8472065,1,1,1,10,2025,1,27,10.0,1500000.0,63216
8472068,1,1,1,10,2025,1,67,9.0,400000.0,63223
8472068,1,3,1,10,2025,1,10,1.0,,63225
8472069,1,3,1,10,2025,2,12,4.0,,63229
8472070,1,1,1,10,2025,2,43,5.0,1250000.0,63231
8472071,1,1,1,10,2025,2,38,8.0,1423500.0,63232
8472071,1,3,1,10,2025,2,8,3.0,,63234
8472074,1,2,1,10,2025,2,68,3.0,,63236
8472074,1,4,1,10,2025,1,31,10.0,1423500.0,63238
8472075,1,1,1,10,2025,1,33,5.0,1200000.0,63239
8472077,1,1,1,10,2025,2,61,1.0,,63241
8472078,1,1,1,10,2025,2,41,5.0,,63243
8472078,1,2,1,10,2025,1,42,3.0,1423000.0,63244
8472078,1,3,1,10,2025,1,3,1.0,,63245
8472080,1,1,1,10,2025,1,50,5.0,1300000.0,63246
8472082,1,2,1,10,2025,1,39,4.0,840000.0,63252
8472082,1,3,1,10,2025,2,38,5.0,,63253
8472084,1,1,1,10,2025,2,42,11.0,2500000.0,63258
8472084,1,2,1,10,2025,1,17,5.0,,63259
8472086,1,3,1,10,2025,1,19,10.0,,63264
8472087,1,3,1,10,2025,1,21,4.0,700000.0,63267
8472087,1,5,1,10,2025,2,17,4.0,,63269
8472089,1,2,1,10,2025,2,33,10.0,,63271
8472089,1,3,1,10,2025,2,9,3.0,,63272
8472089,1,4,1,10,2025,2,2,,,63273
8472092,1,2,1,10,2025,2,35,5.0,2003500.0,63275
8472094,1,2,1,10,2025,1,65,4.0,800000.0,63281
8472099,1,2,1,10,2025,2,40,10.0,1000000.0,63285
8472100,1,2,1,10,2025,1,14,4.0,,63288
8472109,1,1,1,10,2025,1,45,3.0,1400000.0,63302
8472111,1,2,1,10,2025,2,32,5.0,1423000.0,63310
8472113,1,1,1,10,2025,1,52,4.0,1423500.0,63314
8472114,1,2,1,10,2025,1,34,10.0,,63318
8472115,1,2,1,10,2025,2,21,8.0,,63320
8472117,1,2,1,10,2025,2,55,8.0,1500000.0,63324
8472118,1,2,1,10,2025,1,13,4.0,,63326
8472121,1,2,1,10,2025,2,38,5.0,,63332
8472122,1,2,1,10,2025,2,23,5.0,,63336
8472124,1,3,1,10,2025,2,19,9.0,,63342
8472124,1,4,1,10,2025,1,5,3.0,,63343
8472125,1,1,1,10,2025,1,28,10.0,3000000.0,63344
8472125,1,3,1,10,2025,2,6,3.0,,63346
8472125,1,4,1,10,2025,1,1,,,63347
8472127,1,4,1,10,2025,2,90,1.0,,63351
8472129,1,4,1,10,2025,2,9,3.0,,63360
8472131,1,1,1,10,2025,2,37,5.0,,63363
8472131,1,3,1,10,2025,1,18,8.0,,63365
8472132,1,2,1,10,2025,1,51,5.0,1423000.0,63368
8472133,1,1,1,10,2025,1,35,5.0,2500000.0,63373
8472133,1,3,1,10,2025,2,5,3.0,,63375
8472136,1,5,1,10,2025,1,62,5.0,,63383
8472137,1,3,1,10,2025,1,29,9.0,1000000.0,63386
8472141,1,1,1,10,2025,1,24,5.0,2100000.0,63396
8472142,1,1,1,10,2025,2,69,5.0,,63397
8472142,1,2,1,10,2025,1,23,10.0,900000.0,63398
8472143,1,1,1,10,2025,2,52,5.0,1423500.0,63400
8472143,1,2,1,10,2025,1,61,4.0,1423500.0,63401
8472144,1,1,1,10,2025,1,62,5.0,,63406
8472148,1,2,1,10,2025,2,72,5.0,,63416
8472149,1,2,1,10,2025,2,66,5.0,800000.0,63420
8472149,1,3,1,10,2025,1,36,8.0,,63421
8472150,1,2,1,10,2025,2,60,5.0,2300000.0,63425
8472151,1,3,1,10,2025,2,24,8.0,,63429
8472152,1,2,1,10,2025,2,63,5.0,,63431
8472157,1,3,1,10,2025,2,12,4.0,,63437
8472159,1,1,1,10,2025,1,56,5.0,1000000.0,63442
8472162,1,1,1,10,2025,2,52,5.0,,63448
8472170,1,1,1,10,2025,1,25,5.0,1200000.0,63458
8472170,1,5,1,10,2025,2,11,3.0,,63462
8472172,1,4,1,10,2025,2,1,,,63469
8472175,1,1,1,10,2025,1,53,5.0,,63472
8472175,1,2,1,10,2025,2,52,10.0,,63473
8472176,1,1,1,10,2025,1,27,10.0,,63474
8472178,1,1,1,10,2025,1,40,10.0,4000000.0,63475
8472178,1,4,1,10,2025,2,9,3.0,,63478
8472179,1,1,1,10,2025,1,50,5.0,1000000.0,63479
8472179,1,2,1,10,2025,2,50,5.0,,63480
8472181,1,3,1,10,2025,1,13,4.0,,63483
8472185,1,1,1,10,2025,2,37,12.0,,63490
8472186,1,2,1,10,2025,2,46,12.0,,63493
8472188,1,4,1,10,2025,1,13,4.0,,63500
8472189,1,3,1,10,2025,2,25,10.0,1423500.0,63505
8472189,1,4,1,10,2025,2,23,10.0,4000000.0,63506
8472190,1,1,1,10,2025,2,48,3.0,400000.0,63507
8472190,1,2,1,10,2025,2,26,5.0,,63508
8472191,1,1,1,10,2025,2,36,5.0,,63510
8472192,1,3,1,10,2025,2,17,10.0,,63515
8472192,1,4,1,10,2025,1,12,4.0,,63516
8472193,1,2,1,10,2025,2,63,3.0,,63518
8472195,1,2,1,10,2025,1,21,5.0,1500000.0,63523
8472203,1,1,1,10,2025,2,46,8.0,2000000.0,63540
8472209,1,2,1,10,2025,2,23,5.0,1423500.0,63555
8472214,1,3,1,10,2025,2,18,6.0,,63560
8472222,1,2,1,10,2025,1,76,3.0,,63564
8472224,1,1,1,10,2025,2,37,5.0,1800000.0,63568
8472225,1,1,1,10,2025,1,55,4.0,1200000.0,63572
8472225,1,4,1,10,2025,1,13,4.0,,63575
8472227,1,2,1,10,2025,2,50,4.0,640000.0,63578
8472227,1,3,1,10,2025,2,31,10.0,2600000.0,63579
8472227,1,4,1,10,2025,2,27,10.0,6000000.0,63580
8472228,1,3,1,10,2025,1,13,4.0,,63583
8472231,1,4,1,10,2025,1,11,4.0,,63591
8472231,1,6,1,10,2025,1,18,5.0,1000000.0,63593
8472232,1,1,1,10,2025,2,60,3.0,,63594
8472234,1,2,1,10,2025,2,29,4.0,,63601
8472234,1,5,1,10,2025,2,4,2.0,,63604
8472236,1,2,1,10,2025,2,39,5.0,2300000.0,63607
8472242,1,2,1,10,2025,1,61,3.0,2000000.0,63615
8472242,1,4,1,10,2025,2,57,5.0,500000.0,63617
8472243,1,2,1,10,2025,1,25,5.0,1680000.0,63619
8472243,1,3,1,10,2025,2,3,1.0,,63620
8472243,1,4,1,10,2025,1,0,,,63621
8472243,1,5,1,10,2025,2,46,3.0,,63622
8472244,1,1,1,10,2025,1,80,4.0,,63627
8472245,1,1,1,10,2025,2,76,4.0,50000.0,63629
8472253,1,1,1,10,2025,1,28,5.0,1800000.0,63636
8472257,1,3,1,10,2025,1,59,3.0,1440000.0,63648
8472264,1,3,1,10,2025,2,11,4.0,,63660
8472266,1,3,1,10,2025,2,30,10.0,,63668
8472267,1,1,1,10,2025,1,51,5.0,,63670
8472268,1,1,1,10,2025,1,39,5.0,2000000.0,63672
8472274,1,1,1,10,2025,1,55,5.0,1000000.0,63680
8472275,1,2,1,10,2025,1,43,5.0,1400000.0,63683
8472275,1,4,1,10,2025,2,12,4.0,,63685
8472276,1,2,1,10,2025,2,32,5.0,720000.0,63688
8472279,1,2,1,10,2025,2,44,6.0,1250000.0,63696
8472279,1,3,1,10,2025,2,22,5.0,1250000.0,63697
8472279,1,4,1,10,2025,2,20,6.0,2300000.0,63698
8472281,1,1,1,10,2025,1,53,5.0,1600000.0,63702
8472282,1,1,1,10,2025,2,18,3.0,,63706
8472282,1,2,1,10,2025,1,31,5.0,2000000.0,63707
8472285,1,1,1,10,2025,1,47,6.0,3000000.0,63712
8472289,1,2,1,10,2025,1,1,,,63716
8472291,1,3,1,10,2025,1,11,4.0,,63719
8472291,1,4,1,10,2025,1,9,3.0,,63720
8472293,1,2,1,10,2025,2,3,1.0,,63724
8472294,1,1,1,10,2025,2,22,8.0,300000.0,63725
8472295,1,1,1,10,2025,2,50,5.0,1430000.0,63727
8472301,1,1,1,10,2025,2,36,11.0,4500000.0,63731
8472302,1,2,1,10,2025,2,37,5.0,1500000.0,63734
8472303,1,1,1,10,2025,1,76,10.0,,63738
8472303,1,2,1,10,2025,2,72,5.0,,63739
8472303,1,3,1,10,2025,1,17,5.0,,63740
8472307,1,2,1,10,2025,2,11,3.0,,63743
8472309,1,3,1,10,2025,1,12,4.0,,63746
8472313,1,1,1,10,2025,2,19,3.0,,63754
8472313,1,4,1,10,2025,2,4,1.0,,63757
8472313,2,4,2,10,2025,2,7,3.0,,63761
8472313,3,1,3,10,2025,2,18,3.0,,63762
8472314,1,2,1,10,2025,1,14,4.0,,63766
8472315,1,3,1,10,2025,2,7,3.0,,63769
8472316,1,2,1,10,2025,2,36,5.0,,63772
8472316,1,3,1,10,2025,1,17,4.0,,63773
8472317,1,2,1,10,2025,1,16,4.0,,63777
8472317,1,3,1,10,2025,2,20,4.0,,63778
8472318,1,2,1,10,2025,1,12,4.0,,63782
8472319,1,1,1,10,2025,1,82,1.0,,63784
8472331,1,1,1,10,2025,2,38,8.0,1423500.0,63799
8472331,1,2,1,10,2025,1,78,3.0,,63800
8472332,1,3,1,10,2025,2,95,3.0,,63803
8472333,1,1,1,10,2025,2,70,5.0,,63804
8472334,1,1,1,10,2025,1,57,5.0,600000.0,63807
8472335,1,1,1,10,2025,1,57,9.0,1000000.0,63809
8472337,1,1,1,10,2025,2,62,5.0,160000.0,63813
8472340,1,1,1,10,2025,1,60,5.0,1000000.0,63820
8472340,1,3,1,10,2025,1,37,10.0,,63822
8472341,1,1,1,10,2025,2,42,5.0,,63823
8472342,1,1,1,10,2025,2,80,1.0,,63826
8472342,1,3,1,10,2025,2,40,5.0,1000000.0,63828
8472342,1,5,1,10,2025,2,7,3.0,,63830
8472343,1,1,1,10,2025,1,66,11.0,6700000.0,63831
8472344,1,1,1,10,2025,1,44,3.0,2000000.0,63832
8472344,1,2,1,10,2025,2,47,10.0,1423500.0,63833
8472344,1,3,1,10,2025,1,16,5.0,,63834
8472347,1,1,1,10,2025,1,57,5.0,1500000.0,63837
8472352,1,1,1,10,2025,1,71,9.0,9000000.0,63846
8472352,1,2,1,10,2025,2,61,3.0,,63847
8472352,1,4,1,10,2025,1,39,11.0,2400000.0,63849
8472354,1,1,1,10,2025,1,35,6.0,1400000.0,63856
8472355,1,2,1,10,2025,2,23,10.0,,63861
8472356,1,2,1,10,2025,1,59,5.0,800000.0,63863
8472359,1,3,1,10,2025,1,78,3.0,,63867
8472362,1,2,1,10,2025,2,14,5.0,,63871
8472366,1,2,1,10,2025,2,17,5.0,,63875
8472367,1,1,1,10,2025,2,81,3.0,,63876
8472367,1,3,1,10,2025,1,20,10.0,1423000.0,63878
8472367,1,4,1,10,2025,1,0,,,63879
8472368,1,2,1,10,2025,2,15,5.0,,63884
8472401,1,1,1,10,2025,1,44,4.0,1623500.0,63887
8472402,1,4,1,10,2025,1,21,3.0,,63893
8472402,1,7,1,10,2025,2,12,4.0,,63896
8472402,1,8,1,10,2025,2,26,4.0,,63897
8472402,1,12,1,10,2025,1,0,,,63901
8472403,1,1,1,10,2025,2,42,8.0,3700000.0,63902
8472403,1,4,1,10,2025,2,9,3.0,,63905
8472404,1,1,1,10,2025,1,48,3.0,,63906
8472406,1,4,1,10,2025,2,16,5.0,800000.0,63914
8472408,1,3,1,10,2025,1,14,4.0,,63920
8472409,1,1,1,10,2025,2,60,5.0,,63922
8472409,1,2,1,10,2025,1,31,5.0,1700000.0,63923
8472410,1,1,1,10,2025,2,63,4.0,660000.0,63925
8472411,1,1,1,10,2025,1,42,10.0,3571284.0,63928
8472411,1,2,1,10,2025,2,44,5.0,,63929
8472412,1,1,1,10,2025,1,44,5.0,1623500.0,63931
8472412,1,3,1,10,2025,2,22,10.0,,63933
8472414,1,2,1,10,2025,1,52,5.0,1550000.0,63937
8472415,1,3,1,10,2025,2,7,3.0,,63940
8472417,1,2,1,10,2025,2,67,4.0,,63945
8472418,1,2,1,10,2025,1,39,9.0,1423500.0,63947
8472419,1,1,1,10,2025,2,38,5.0,,63949
8472420,1,3,1,10,2025,1,4,1.0,,63952
8472421,1,3,1,10,2025,2,29,5.0,1300000.0,63955
8472422,1,2,1,10,2025,1,60,5.0,1300000.0,63959
8472425,1,2,1,10,2025,1,33,5.0,1423500.0,63967
8472425,1,3,1,10,2025,1,18,4.0,800000.0,63968
8472425,1,4,1,10,2025,2,7,3.0,,63969
8472427,1,1,1,10,2025,1,70,3.0,,63973
8472427,1,2,1,10,2025,2,66,3.0,,63974
8472427,1,3,1,10,2025,2,63,3.0,,63975
8472428,1,1,1,10,2025,1,48,5.0,1623500.0,63976
8472428,1,2,1,10,2025,1,11,4.0,,63977
8472429,1,1,1,10,2025,1,53,5.0,,63978
8472430,1,1,1,10,2025,2,53,3.0,,63981
8472430,1,3,1,10,2025,1,35,6.0,1423500.0,63983
8472430,1,4,1,10,2025,2,25,8.0,,63984
8472430,1,7,1,10,2025,2,10,3.0,,63987
8472430,1,8,1,10,2025,1,5,1.0,,63988
8472431,1,1,1,10,2025,2,49,3.0,,63989
8472431,1,3,1,10,2025,1,22,5.0,,63991
8472432,1,1,1,10,2025,1,56,6.0,,63992
8472434,1,1,1,10,2025,2,59,3.0,,63996
8472434,1,3,1,10,2025,2,35,6.0,1423500.0,63998
8472434,1,4,1,10,2025,2,14,5.0,,63999
8472435,1,2,1,10,2025,2,18,5.0,,64001
8472436,1,2,1,10,2025,1,65,3.0,,64003
8472437,1,1,1,10,2025,1,21,4.0,,64005
8472438,1,1,1,10,2025,2,67,11.0,,64007
8472439,1,1,1,10,2025,1,55,3.0,720000.0,64009
8472443,1,2,1,10,2025,1,31,12.0,3000000.0,64017
8472443,1,3,1,10,2025,2,27,8.0,,64018
8472446,1,5,1,10,2025,2,1,,,64027
8472447,1,2,1,10,2025,2,44,5.0,2500000.0,64029
8472449,1,2,1,10,2025,1,45,8.0,1500000.0,64032
8472453,1,2,1,10,2025,1,18,10.0,,64048
8472454,1,1,1,10,2025,1,67,3.0,800000.0,64050
8472455,1,8,1,10,2025,2,26,5.0,,64058
8472455,1,11,1,10,2025,1,22,5.0,1623500.0,64061
8472455,1,13,1,10,2025,1,5,1.0,,64063
8472457,1,1,1,10,2025,1,87,5.0,,64067
8472460,1,2,1,10,2025,1,30,5.0,1500000.0,64073
8472461,1,1,1,10,2025,2,64,5.0,,64074
8472462,1,1,1,10,2025,1,43,4.0,1400000.0,64077
8472463,1,3,1,10,2025,2,39,5.0,,64080
8472464,1,2,1,10,2025,2,73,3.0,,64083
8472464,1,3,1,10,2025,1,30,6.0,1424000.0,64084
8472464,1,4,1,10,2025,2,23,5.0,,64085
8472465,1,3,1,10,2025,2,18,10.0,,64089
8472466,1,1,1,10,2025,1,49,5.0,1423500.0,64090
8472466,1,3,1,10,2025,1,23,9.0,1000000.0,64092
8472467,1,2,1,10,2025,2,88,7.0,,64094
8472468,1,1,1,10,2025,1,62,3.0,,64096
8472469,1,4,1,10,2025,1,8,3.0,,64101
8472470,1,3,1,10,2025,1,21,5.0,1426000.0,64104
8472472,1,3,1,10,2025,1,37,5.0,1700000.0,64108
8472473,1,2,1,10,2025,1,22,10.0,900000.0,64113
8472475,1,3,1,10,2025,1,8,3.0,,64119
8472477,1,1,1,10,2025,2,91,1.0,,64120
8472480,1,1,1,10,2025,2,45,5.0,1423500.0,64128
8472481,1,1,1,10,2025,2,57,4.0,,64130
8472486,1,1,1,10,2025,2,58,3.0,,64144
8472486,1,2,1,10,2025,1,54,4.0,,64145
8472486,2,2,2,10,2025,1,19,5.0,1000000.0,64149
8472486,2,3,2,10,2025,2,21,5.0,,64150
8472486,3,2,3,10,2025,1,38,4.0,1000000.0,64153
8472486,3,3,3,10,2025,1,31,8.0,,64154
8472487,1,2,1,10,2025,2,66,3.0,,64159
8472489,1,2,1,10,2025,2,20,10.0,,64163
8472489,1,4,1,10,2025,2,8,3.0,,64165
8472492,1,1,1,10,2025,2,44,4.0,1900000.0,64168
8472492,1,3,1,10,2025,2,9,3.0,,64170
8472493,1,2,1,10,2025,2,79,4.0,,64172
8472494,1,2,1,10,2025,2,29,5.0,,64174
8472494,1,4,1,10,2025,2,3,1.0,,64176
8472541,1,2,1,10,2025,2,74,11.0,,64186
8472545,1,1,1,10,2025,2,48,11.0,8000000.0,64193
8472545,1,2,1,10,2025,2,21,10.0,,64194
8472545,1,3,1,10,2025,2,13,4.0,,64195
8472547,1,1,1,10,2025,2,29,4.0,1000000.0,64200
8472547,1,5,1,10,2025,1,7,2.0,,64204
8472550,1,1,1,10,2025,2,43,5.0,3200000.0,64208
8472553,1,1,1,10,2025,1,50,9.0,,64213
8472554,1,1,1,10,2025,1,57,5.0,,64214
8472555,1,4,1,10,2025,1,8,3.0,,64218
8472562,1,2,1,10,2025,1,11,4.0,,64232
8472562,1,3,1,10,2025,2,69,3.0,,64233
8472566,1,1,1,10,2025,2,25,3.0,1500000.0,64238
8472566,1,2,1,10,2025,1,4,1.0,,64239
8472566,1,3,1,10,2025,2,1,,,64240
8472573,1,1,1,10,2025,1,79,3.0,1423500.0,64245
8472573,1,3,1,10,2025,2,17,10.0,,64247
8472575,1,2,1,10,2025,2,38,5.0,,64249
8472577,1,2,1,10,2025,2,24,8.0,1423500.0,64256
8472579,1,1,1,10,2025,2,64,3.0,,64260
8472579,1,2,1,10,2025,2,49,5.0,711750.0,64261
8472581,1,2,1,10,2025,1,9,3.0,,64268
8472582,1,3,1,10,2025,2,13,4.0,,64272
8472585,1,1,1,10,2025,2,70,3.0,,64277
8472589,1,2,1,10,2025,2,82,4.0,,64284
8472590,1,3,1,10,2025,1,11,4.0,,64287
8472594,1,2,1,10,2025,2,58,5.0,,64296
8472596,1,2,1,10,2025,2,73,5.0,,64298
8472599,1,3,1,10,2025,1,10,3.0,,64302
8472599,1,4,1,10,2025,1,8,3.0,,64303
8472602,1,2,1,10,2025,2,51,4.0,,64306
8472603,1,1,1,10,2025,1,69,11.0,,64307
8472604,1,1,1,10,2025,2,43,3.0,400000.0,64309
8472604,1,3,1,10,2025,1,22,4.0,900000.0,64311
8472604,1,4,1,10,2025,2,15,4.0,,64312
8472605,1,1,1,10,2025,2,48,5.0,1423500.0,64314
8472607,1,1,1,10,2025,1,82,7.0,,64319
8472608,1,2,1,10,2025,2,51,5.0,,64323
8472612,1,1,1,10,2025,2,30,5.0,1423500.0,64334
8472614,1,2,1,10,2025,2,43,5.0,1200000.0,64336
8472614,1,3,1,10,2025,1,15,4.0,,64337
8472616,1,4,1,10,2025,2,14,4.0,,64342
8472620,1,1,1,10,2025,2,74,3.0,,64346
8472621,1,3,1,10,2025,2,2,,,64351
8472622,1,1,1,10,2025,1,49,3.0,1423500.0,64352
8472624,1,1,1,10,2025,1,60,6.0,500000.0,64355
8472632,1,3,1,10,2025,2,6,3.0,,64373
8472633,1,2,1,10,2025,2,38,5.0,,64375
8472633,1,4,1,10,2025,2,6,3.0,,64377
8472633,1,5,1,10,2025,2,6,3.0,,64378
8472635,1,2,1,10,2025,1,67,4.0,600000.0,64384
8472635,1,4,1,10,2025,1,51,3.0,500000.0,64386
8472637,1,2,1,10,2025,2,56,3.0,,64392
8472642,1,2,1,10,2025,2,50,3.0,,64398
8472645,1,1,1,10,2025,1,37,8.0,4270500.0,64401
8472647,1,2,1,10,2025,1,10,3.0,,64403
8472649,1,1,1,10,2025,1,36,4.0,1600000.0,64406
8472649,1,2,1,10,2025,2,39,5.0,1500000.0,64407
8472649,1,5,1,10,2025,2,14,4.0,,64410
8472650,1,1,1,10,2025,2,75,11.0,,64411
8472651,1,1,1,10,2025,2,51,10.0,3000000.0,64413
8472653,1,1,1,10,2025,1,59,4.0,600000.0,64420
8472654,1,1,1,10,2025,1,46,5.0,2300000.0,64423
8472656,1,1,1,10,2025,1,64,3.0,,64429
8472658,1,2,1,10,2025,2,60,5.0,,64431
8472660,1,1,1,10,2025,1,70,3.0,,64438
8472660,1,2,1,10,2025,2,66,3.0,,64439
8472660,1,3,1,10,2025,1,41,8.0,2000000.0,64440
8472664,1,2,1,10,2025,2,19,10.0,300000.0,64450
8472664,1,3,1,10,2025,2,83,3.0,,64451
8472666,1,2,1,10,2025,2,57,5.0,,64454
8472667,1,1,1,10,2025,2,61,5.0,,64455
8472667,1,2,1,10,2025,1,35,10.0,2500000.0,64456
8472667,1,4,1,10,2025,2,14,4.0,,64458
8472668,1,1,1,10,2025,1,59,5.0,,64459
8472668,1,3,1,10,2025,1,26,8.0,4000000.0,64461
8472669,1,1,1,10,2025,1,74,5.0,,64462
8472672,1,2,1,10,2025,2,42,5.0,400000.0,64466
8472672,1,3,1,10,2025,2,20,10.0,,64467
8472672,1,4,1,10,2025,2,8,3.0,,64468
8472675,1,1,1,10,2025,2,40,5.0,200000.0,64474
8472675,1,2,1,10,2025,1,24,10.0,,64475
8472675,1,3,1,10,2025,2,79,4.0,,64476
8472678,1,2,1,10,2025,2,7,3.0,,64481
8472678,1,3,1,10,2025,1,2,,,64482
8472679,1,2,1,10,2025,2,49,10.0,2000000.0,64484
8472679,1,5,1,10,2025,2,8,3.0,,64487
8472687,1,1,1,10,2025,1,19,5.0,1100000.0,64500
8472687,1,2,1,10,2025,2,19,5.0,600000.0,64501
8472688,1,4,1,10,2025,1,6,3.0,,64505
8472689,1,1,1,10,2025,2,52,3.0,200000.0,64506
8472689,1,5,1,10,2025,1,34,8.0,1800000.0,64510
8472690,1,1,1,10,2025,1,30,10.0,2700000.0,64511
8472691,1,2,1,10,2025,1,48,5.0,,64514
8472691,1,3,1,10,2025,2,28,5.0,,64515
8472691,1,4,1,10,2025,2,4,2.0,,64516
8472691,1,7,1,10,2025,1,2,,,64519
8472694,1,1,1,10,2025,2,60,1.0,,64524
8472697,1,1,1,10,2025,2,69,1.0,,64533
8472697,1,2,1,10,2025,1,51,4.0,1423500.0,64534
8472698,1,3,1,10,2025,1,21,10.0,1400000.0,64539
8472698,1,4,1,10,2025,2,19,10.0,,64540
8472699,1,1,1,10,2025,1,80,3.0,,64541
8472700,1,1,1,10,2025,1,34,9.0,1000000.0,64545
8472700,1,2,1,10,2025,2,23,8.0,,64546
8472701,1,1,1,10,2025,2,38,4.0,,64547
8472701,1,3,1,10,2025,2,18,5.0,,64549
8472703,1,2,1,10,2025,1,66,10.0,,64555
8472704,1,1,1,10,2025,1,42,5.0,1423500.0,64557
8472704,1,5,1,10,2025,2,2,,,64561
8472705,1,2,1,10,2025,2,69,4.0,,64563
8472706,1,3,1,10,2025,2,12,4.0,,64566
8472707,1,1,1,10,2025,1,45,8.0,,64567
8472707,1,3,1,10,2025,2,25,8.0,1400000.0,64569
8472710,1,2,1,10,2025,2,13,4.0,,64572
8472710,1,3,1,10,2025,2,13,4.0,,64573
8472712,1,2,1,10,2025,2,36,5.0,,64576
8472712,1,3,1,10,2025,2,15,4.0,,64577
8472715,1,1,1,10,2025,2,66,3.0,,64581
8472720,1,1,1,10,2025,1,43,3.0,1300000.0,64582
8472721,1,1,1,10,2025,2,59,4.0,300000.0,64583
8472723,1,2,1,10,2025,2,63,1.0,,64587
8472728,1,3,1,10,2025,2,70,3.0,,64598
8472730,1,3,1,10,2025,2,22,9.0,,64604
8472734,1,2,1,10,2025,1,34,5.0,1600000.0,64610
8472735,1,1,1,10,2025,2,69,3.0,,64612
8472736,1,1,1,10,2025,1,38,12.0,4800000.0,64615
8472738,1,1,1,10,2025,1,89,3.0,,64621
8472739,1,2,1,10,2025,1,77,3.0,,64623
8472740,1,1,1,10,2025,1,50,3.0,1400000.0,64627
8472740,1,2,1,10,2025,2,54,4.0,1400000.0,64628
8472740,1,3,1,10,2025,2,16,4.0,,64629
8472741,1,3,1,10,2025,1,45,4.0,1800000.0,64632
8472744,1,1,1,10,2025,2,24,5.0,1300000.0,64638
8472744,1,3,1,10,2025,2,47,3.0,,64640
8472747,1,1,1,10,2025,2,74,4.0,,64647
8472749,1,1,1,10,2025,2,35,5.0,,64649
8472751,1,1,1,10,2025,1,27,4.0,1000000.0,64653
8472753,1,1,1,10,2025,2,71,8.0,,64657
8472756,1,1,1,10,2025,2,59,13.0,3000000.0,64658
8472757,1,1,1,10,2025,1,55,3.0,1600000.0,64660
8472757,1,3,1,10,2025,2,18,8.0,,64662
8472758,1,1,1,10,2025,2,30,10.0,2000000.0,64664
8472759,1,3,1,10,2025,1,27,10.0,,64667
8472761,1,4,1,10,2025,2,20,10.0,,64673
8472764,1,2,1,10,2025,2,27,5.0,1400000.0,64679
8472768,1,1,1,10,2025,2,39,4.0,1000000.0,64682
8472770,1,1,1,10,2025,1,59,10.0,,64684
8472770,1,2,1,10,2025,2,59,10.0,,64685
8472775,1,2,1,10,2025,1,69,10.0,1000000.0,64695
8472784,1,3,1,10,2025,2,4,2.0,,64707
8472785,1,2,1,10,2025,2,25,5.0,,64709
8472785,1,3,1,10,2025,1,0,,,64710
8472787,1,6,1,10,2025,1,59,3.0,1800000.0,64716
8472789,1,1,1,10,2025,1,74,9.0,,64717
8472792,1,2,1,10,2025,1,31,10.0,3500000.0,64724
8472797,1,2,1,10,2025,2,41,5.0,,64732
8472800,1,1,1,10,2025,2,58,1.0,,64736
8472806,1,2,1,10,2025,2,32,10.0,3000000.0,64740
8472807,1,1,1,10,2025,1,77,3.0,,64742
8472808,1,2,1,10,2025,1,61,10.0,,64744
8472810,1,2,1,10,2025,1,53,10.0,7000000.0,64747
8472812,1,1,1,10,2025,2,25,10.0,6000000.0,64749
8472823,1,5,1,10,2025,1,8,3.0,,64754
8472824,1,1,1,10,2025,2,25,10.0,3000000.0,64755
8472824,1,3,1,10,2025,2,56,5.0,1300000.0,64757
8472824,1,4,1,10,2025,1,57,5.0,2200000.0,64758
8472825,1,1,1,10,2025,1,41,5.0,3250000.0,64759
8472825,1,4,1,10,2025,1,7,1.0,,64762
8472827,1,1,1,10,2025,2,78,3.0,,64767
8472827,1,2,1,10,2025,1,25,5.0,1423500.0,64768
8472829,1,2,1,10,2025,2,48,3.0,1260000.0,64771
8472830,1,1,1,10,2025,2,36,5.0,1800000.0,64772
8472831,1,3,1,10,2025,2,12,4.0,,64778
8472831,1,7,1,10,2025,1,24,5.0,1800000.0,64782
8472832,1,1,1,10,2025,1,24,5.0,1300000.0,64784
8472835,1,1,1,10,2025,1,59,5.0,,64788
8472835,1,3,1,10,2025,2,24,4.0,,64790
8472836,1,2,1,10,2025,2,44,5.0,1200000.0,64793
8472836,1,4,1,10,2025,1,14,4.0,,64795
8472839,1,1,1,10,2025,1,33,5.0,1423500.0,64801
8472841,1,1,1,10,2025,2,58,5.0,,64804
8472841,1,2,1,10,2025,1,59,3.0,,64805
8472844,1,1,1,10,2025,2,62,5.0,1400000.0,64812
8472845,1,1,1,10,2025,1,57,8.0,6000000.0,64813
8472846,2,1,2,10,2025,1,25,10.0,2000000.0,64817
8472847,1,1,1,10,2025,2,46,5.0,1400000.0,64818
8472848,1,1,1,10,2025,2,67,10.0,4000000.0,64820
8472848,1,3,1,10,2025,2,56,10.0,2929000.0,64822
8472849,1,2,1,10,2025,2,51,13.0,9000000.0,64824
8472851,1,2,1,10,2025,1,72,3.0,,64829
8472853,1,1,1,10,2025,2,33,10.0,1423500.0,64833
8472857,1,3,1,10,2025,2,28,10.0,2900000.0,64844
8472858,1,1,1,10,2025,1,50,10.0,6000000.0,64847
8472858,1,4,1,10,2025,2,18,10.0,,64850
8472859,1,1,1,10,2025,2,51,11.0,6000000.0,64851
8472860,1,2,1,10,2025,1,28,12.0,,64853
8472862,1,2,1,10,2025,2,31,5.0,,64858
8472863,1,2,1,10,2025,2,22,8.0,1750000.0,64861
8472864,1,1,1,10,2025,2,34,10.0,4000000.0,64863
8472867,1,1,1,10,2025,1,41,11.0,6700000.0,64867
8472867,1,4,1,10,2025,1,6,3.0,,64870
8472868,1,1,1,10,2025,1,64,5.0,1300000.0,64871
8472868,2,1,2,10,2025,2,62,4.0,1000000.0,64872
8472871,1,2,1,10,2025,1,21,4.0,1423500.0,64879
8472873,1,2,1,10,2025,2,38,5.0,,64884
8472873,1,3,1,10,2025,2,12,4.0,,64885
8472874,1,1,1,10,2025,1,78,3.0,,64887
8472875,1,1,1,10,2025,1,62,10.0,21000000.0,64890
8472876,1,4,1,10,2025,2,57,3.0,1423500.0,64898
8472877,1,2,1,10,2025,2,26,11.0,3800000.0,64900
8472879,1,1,1,10,2025,1,28,5.0,1423500.0,64902
8472879,1,3,1,10,2025,2,11,4.0,,64904
8472879,1,4,1,10,2025,1,6,3.0,,64905
8472880,1,2,1,10,2025,2,40,5.0,,64907
8472880,1,4,1,10,2025,2,12,4.0,,64909
8472881,1,4,1,10,2025,2,13,4.0,,64913
8472883,1,2,1,10,2025,1,30,5.0,1600000.0,64921
8472886,2,1,2,10,2025,1,26,10.0,2250000.0,64929
8472888,1,2,1,10,2025,2,20,6.0,,64933
8472888,1,3,1,10,2025,2,15,4.0,,64934
8472889,1,2,1,10,2025,2,32,11.0,,64936
8472915,1,3,1,10,2025,2,2,,,64947
8472920,1,1,1,10,2025,2,72,10.0,,64949
8472920,1,2,1,10,2025,1,75,10.0,,64950
8472925,1,1,1,10,2025,1,55,1.0,650000.0,64951
8472925,1,2,1,10,2025,2,49,1.0,300000.0,64952
8472925,1,6,1,10,2025,2,4,1.0,,64956
8472927,1,1,1,10,2025,1,60,10.0,,64959
8472927,1,2,1,10,2025,2,65,10.0,,64960
8472931,1,1,1,10,2025,1,54,11.0,8000000.0,64963
8472931,1,2,1,10,2025,2,54,5.0,,64964
8472936,1,2,1,10,2025,1,31,5.0,1423500.0,64971
8472940,1,1,1,10,2025,2,36,8.0,,64972
8472940,1,4,1,10,2025,1,9,3.0,,64975
8472944,1,1,1,10,2025,1,75,3.0,,64976
8472944,1,2,1,10,2025,2,73,3.0,,64977
8472947,1,2,1,10,2025,2,71,3.0,,64979
8472947,1,3,1,10,2025,2,51,5.0,,64980
8472948,1,1,1,10,2025,2,69,4.0,500000.0,64984
8472950,1,1,1,10,2025,1,44,10.0,2600000.0,64989
8472954,1,1,1,10,2025,1,46,11.0,5000000.0,64997
8472957,1,1,1,10,2025,1,60,11.0,6000000.0,64999
8472957,1,2,1,10,2025,2,60,11.0,,65000
8472957,1,3,1,10,2025,1,30,12.0,7000000.0,65001
8472968,1,1,1,10,2025,1,71,5.0,1200000.0,65006
8472968,1,2,1,10,2025,2,61,4.0,125000.0,65007
8472969,1,3,1,10,2025,2,80,5.0,,65010
8472974,1,3,1,10,2025,2,9,3.0,,65016
8472974,1,4,1,10,2025,2,82,3.0,,65017
8472984,1,1,1,10,2025,2,27,10.0,3800000.0,65019
8472985,1,2,1,10,2025,1,23,10.0,,65023
8472985,1,3,1,10,2025,2,26,5.0,1423500.0,65024
8472986,1,1,1,10,2025,2,57,3.0,,65025
8472986,1,3,1,10,2025,2,12,4.0,,65027
8472986,1,4,1,10,2025,1,9,3.0,,65028
8472988,1,3,1,10,2025,1,11,4.0,,65034
8472990,1,1,1,10,2025,1,57,3.0,800000.0,65037
8472990,1,2,1,10,2025,2,35,3.0,1000000.0,65038
8472993,1,1,1,10,2025,1,54,3.0,1423500.0,65039
8472998,1,2,1,10,2025,2,29,8.0,1800000.0,65062
8472999,1,1,1,10,2025,2,80,6.0,,65064
8473001,1,1,1,10,2025,1,61,5.0,1200000.0,65069
8473002,1,1,1,10,2025,1,49,5.0,1500000.0,65072
8473003,1,4,1,10,2025,1,20,10.0,,65080
8473007,1,1,1,10,2025,1,64,4.0,1600000.0,65086
8473007,1,4,1,10,2025,1,11,4.0,,65089
8473010,1,2,1,10,2025,2,67,4.0,700000.0,65092
8473011,1,2,1,10,2025,1,73,3.0,1400000.0,65094
8473016,1,2,1,10,2025,1,22,5.0,240000.0,65101
8473018,1,4,1,10,2025,1,52,3.0,1200000.0,65106
8473019,1,2,1,10,2025,1,32,10.0,1423500.0,65108
8473019,1,5,1,10,2025,1,7,3.0,,65111
8473020,1,1,1,10,2025,2,61,9.0,1800000.0,65114
8473020,1,2,1,10,2025,2,34,11.0,3500000.0,65115
8473020,1,3,1,10,2025,1,30,10.0,,65116
8473027,1,2,1,10,2025,2,19,5.0,1423500.0,65128
8473031,1,1,1,10,2025,2,60,5.0,,65131
8473037,1,1,1,10,2025,2,43,10.0,3000000.0,65140
8473037,1,3,1,10,2025,1,18,9.0,,65142
8473038,1,2,1,10,2025,2,67,11.0,,65145
8473039,1,2,1,10,2025,2,49,5.0,,65147
8473043,1,1,1,10,2025,2,62,4.0,,65150
8473044,1,2,1,10,2025,2,14,4.0,,65152
8473046,1,1,1,10,2025,2,62,5.0,,65155
8473048,1,1,1,10,2025,2,64,10.0,,65159
8473052,1,2,1,10,2025,2,84,5.0,,65167
8473057,1,2,1,10,2025,1,92,10.0,,65170
8473059,1,2,1,10,2025,2,47,5.0,,65173
8473061,1,3,1,10,2025,1,5,3.0,,65178
8473062,1,1,1,10,2025,1,26,8.0,1800000.0,65180
8473062,1,2,1,10,2025,2,24,5.0,,65181
8473062,1,3,1,10,2025,1,6,3.0,,65182
8473063,1,1,1,10,2025,1,47,5.0,2500000.0,65183
8473063,1,2,1,10,2025,1,25,10.0,2200000.0,65184
8473068,1,2,1,10,2025,2,64,3.0,,65193
8473071,1,2,1,10,2025,1,13,4.0,,65195
8473072,1,1,1,10,2025,2,32,5.0,800000.0,65196
8473072,1,2,1,10,2025,1,16,5.0,,65197
8473073,1,3,1,10,2025,1,12,4.0,,65201
8473074,1,1,1,10,2025,2,25,6.0,1650000.0,65203
8473074,1,3,1,10,2025,1,5,3.0,,65205
8473076,1,1,1,10,2025,1,36,6.0,1300000.0,65206
8473082,1,4,1,10,2025,2,4,2.0,,65217
8473085,1,3,1,10,2025,1,8,3.0,,65221
8473088,1,1,1,10,2025,2,37,8.0,3000000.0,65226
8473096,1,4,1,10,2025,1,30,4.0,,65236
8473096,1,6,1,10,2025,2,9,3.0,,65238
8473097,1,3,1,10,2025,2,4,1.0,,65241
8473100,1,1,1,10,2025,1,49,8.0,1400000.0,65242
8473101,1,3,1,10,2025,1,10,3.0,,65246
8473103,1,2,1,10,2025,2,37,5.0,1800000.0,65249
8473104,1,1,1,10,2025,2,70,3.0,,65251
8473104,1,2,1,10,2025,1,54,4.0,1200000.0,65252
8473106,1,8,1,10,2025,1,0,,,65260
8473121,1,2,1,10,2025,1,71,3.0,,65269
8473122,1,2,1,10,2025,2,30,8.0,,65275
8473125,1,1,1,10,2025,1,45,6.0,2200000.0,65285
8473127,1,1,1,10,2025,2,29,5.0,700000.0,65290
8473127,1,2,1,10,2025,1,35,5.0,700000.0,65291
8473129,1,1,1,10,2025,1,55,10.0,1400000.0,65296
8473130,1,4,1,10,2025,2,13,4.0,,65301
8473133,1,2,1,10,2025,2,32,10.0,,65307
8473133,1,3,1,10,2025,1,17,5.0,,65308
8473135,1,4,1,10,2025,1,70,1.0,720000.0,65312
8473136,1,2,1,10,2025,2,38,11.0,3800000.0,65314
8473137,1,3,1,10,2025,2,74,9.0,,65317
8473139,1,1,1,10,2025,1,32,10.0,4500000.0,65318
8473141,1,1,1,10,2025,2,29,6.0,,65320
8473142,1,3,1,10,2025,1,19,4.0,2000000.0,65326
8473147,1,1,1,10,2025,1,59,3.0,2200000.0,65333
8473148,1,2,1,10,2025,1,52,4.0,,65335
8473148,1,3,1,10,2025,2,17,6.0,,65336
8473150,1,2,1,10,2025,2,59,1.0,,65340
8473150,1,3,1,10,2025,1,80,3.0,,65341
8473154,1,3,1,10,2025,1,33,5.0,1423500.0,65345
8473156,1,2,1,10,2025,2,25,10.0,2900000.0,65353
8473168,1,2,1,10,2025,1,50,8.0,2250000.0,65363
8473172,1,1,1,10,2025,2,76,3.0,,65365
8473175,1,3,1,10,2025,1,16,6.0,,65373
8473176,1,1,1,10,2025,1,68,10.0,4247000.0,65374
8473178,1,1,1,10,2025,2,40,9.0,480000.0,65377
8473178,1,2,1,10,2025,2,7,3.0,,65378
8473179,1,3,1,10,2025,1,11,3.0,,65381
8473180,1,2,1,10,2025,2,58,4.0,,65384
8473182,1,1,1,10,2025,2,50,5.0,1440000.0,65386
8473182,1,2,1,10,2025,1,13,4.0,,65387
8473189,1,1,1,10,2025,2,58,5.0,,65392
8473191,1,1,1,10,2025,1,68,6.0,600000.0,65393
8473194,1,1,1,10,2025,2,60,3.0,,65399
8473194,1,3,1,10,2025,1,37,3.0,1300000.0,65401
8473194,1,5,1,10,2025,1,1,,,65403
8473196,1,2,1,10,2025,2,13,4.0,,65405
8473196,1,3,1,10,2025,2,6,3.0,,65406
8473198,1,1,1,10,2025,2,46,6.0,1423500.0,65411
8473198,1,3,1,10,2025,2,18,6.0,,65413
8473198,1,4,1,10,2025,2,7,3.0,,65414
8473198,2,1,2,10,2025,1,72,3.0,,65415
8473199,1,1,1,10,2025,1,67,5.0,,65417
8473199,1,2,1,10,2025,2,59,5.0,,65418
8473200,1,3,1,10,2025,1,36,4.0,1300000.0,65423
8473200,1,6,1,10,2025,1,8,3.0,,65426
8473202,1,1,1,10,2025,1,36,3.0,950000.0,65429
8473202,1,5,1,10,2025,1,9,3.0,,65433
8473204,1,1,1,10,2025,1,49,3.0,1423500.0,65435
8473205,1,2,1,10,2025,1,11,3.0,,65437
8473207,1,2,1,10,2025,2,28,5.0,3000000.0,65440
8473207,1,3,1,10,2025,2,5,2.0,,65441
8473208,1,2,1,10,2025,2,29,5.0,90000.0,65444
8473210,1,2,1,10,2025,1,31,5.0,1400000.0,65451
8473211,1,3,1,10,2025,2,24,6.0,1623500.0,65455
8473211,1,4,1,10,2025,1,23,5.0,,65456
8473213,1,7,1,10,2025,1,9,3.0,,65464
8473215,1,2,1,10,2025,2,51,5.0,,65468
8473216,1,3,1,10,2025,1,24,6.0,2000000.0,65472
8473216,1,4,1,10,2025,2,22,9.0,,65473
8473216,1,6,1,10,2025,2,16,5.0,,65475
8473217,1,1,1,10,2025,1,30,5.0,1423500.0,65476
8473218,1,4,1,10,2025,2,8,3.0,,65482
8473229,1,1,1,10,2025,1,48,4.0,1623500.0,65495
8473229,1,2,1,10,2025,2,46,4.0,,65496
8473229,1,3,1,10,2025,2,22,8.0,2000000.0,65497
8473229,1,5,1,10,2025,1,15,5.0,,65499
8473233,1,4,1,10,2025,2,56,3.0,,65507
8473243,1,1,1,10,2025,2,23,5.0,900000.0,65516
8473243,1,2,1,10,2025,1,29,5.0,1423500.0,65517
8473244,1,1,1,10,2025,2,38,10.0,,65520
8473248,1,1,1,10,2025,2,71,5.0,,65523
8473249,1,4,1,10,2025,1,30,10.0,3090000.0,65530
8473249,1,5,1,10,2025,2,28,10.0,,65531
8473253,1,3,1,10,2025,2,17,5.0,,65538
8473255,1,1,1,10,2025,2,51,3.0,,65541
8473255,1,3,1,10,2025,1,16,6.0,,65543
8473255,1,5,1,10,2025,2,7,3.0,,65545
8473257,1,1,1,10,2025,1,23,10.0,,65546
8473258,1,2,1,10,2025,2,60,5.0,2323500.0,65549
8473262,1,1,1,10,2025,2,45,10.0,1800000.0,65555
8473262,1,4,1,10,2025,2,21,10.0,900000.0,65558
8473262,1,5,1,10,2025,2,77,8.0,,65559
8473263,1,1,1,10,2025,1,34,4.0,1800000.0,65560
8473264,1,3,1,10,2025,2,15,4.0,,65563
8473264,1,4,1,10,2025,2,37,10.0,1423500.0,65564
8473264,1,7,1,10,2025,2,16,4.0,,65567
8473269,1,1,1,10,2025,2,36,5.0,600000.0,65572
8473276,1,1,1,10,2025,2,28,5.0,1423500.0,65581
8473276,1,4,1,10,2025,1,7,3.0,,65584
8473277,1,2,1,10,2025,2,26,10.0,1600000.0,65586
8473277,1,3,1,10,2025,1,8,3.0,,65587
8473283,1,2,1,10,2025,2,23,5.0,900000.0,65599
8473285,1,1,1,10,2025,2,51,10.0,3000000.0,65605
8473285,1,2,1,10,2025,1,53,5.0,,65606
8473286,1,1,1,10,2025,1,58,5.0,1800000.0,65608
8473286,1,2,1,10,2025,2,57,4.0,,65609
8473287,1,2,1,10,2025,1,26,5.0,2000000.0,65611
8473293,1,2,1,10,2025,1,34,5.0,2000000.0,65619
8473293,1,3,1,10,2025,1,16,4.0,,65620
8473293,1,4,1,10,2025,1,11,3.0,,65621
8473294,1,2,1,10,2025,2,10,4.0,,65623
8473297,1,4,1,10,2025,1,8,3.0,,65634
8473298,1,3,1,10,2025,1,25,10.0,,65638
8473299,1,1,1,10,2025,2,75,3.0,,65639
8473300,1,1,1,10,2025,1,72,3.0,,65642
8473300,1,2,1,10,2025,2,61,3.0,,65643
8473300,1,4,1,10,2025,2,10,3.0,,65645
8473301,1,1,1,10,2025,2,48,10.0,,65646
8473302,1,3,1,10,2025,2,9,3.0,,65651
8473303,1,1,1,10,2025,2,26,10.0,,65652
8473304,1,2,1,10,2025,2,26,8.0,2100000.0,65654
8473306,1,1,1,10,2025,2,36,3.0,,65660
8473307,1,3,1,10,2025,1,40,5.0,1800000.0,65666
8473310,1,3,1,10,2025,1,0,,,65673
8473316,1,1,1,10,2025,1,35,9.0,1623000.0,65689
8473316,1,3,1,10,2025,1,13,4.0,,65691
8473316,1,4,1,10,2025,1,11,4.0,,65692
8473316,1,5,1,10,2025,2,7,3.0,,65693
8473326,1,2,1,10,2025,2,58,5.0,,65700
8473326,1,3,1,10,2025,2,17,5.0,,65701
8473328,1,2,1,10,2025,2,6,2.0,,65708
8473330,1,1,1,10,2025,1,34,8.0,2800000.0,65710
8473331,1,1,1,10,2025,2,45,5.0,600000.0,65711
8473332,1,1,1,10,2025,2,28,10.0,3204000.0,65712
8473333,1,1,1,10,2025,2,67,5.0,,65713
8473335,1,1,1,10,2025,2,36,10.0,3000000.0,65716
8473336,1,1,1,10,2025,1,84,3.0,,65718
8473336,1,4,1,10,2025,1,43,4.0,840000.0,65721
8473338,1,1,1,10,2025,2,53,3.0,,65722
8473339,1,1,1,10,2025,1,53,8.0,2000000.0,65723
8473346,1,1,1,10,2025,2,28,5.0,1200000.0,65729
8473346,1,2,1,10,2025,1,33,5.0,2500000.0,65730
8473356,1,1,1,10,2025,1,36,3.0,1600000.0,65737
8473356,1,2,1,10,2025,2,31,8.0,300000.0,65738
8473356,1,4,1,10,2025,1,0,,,65740
8473356,1,5,1,10,2025,2,18,5.0,1900000.0,65741
8473358,1,3,1,10,2025,2,32,8.0,1500000.0,65747
8473358,1,4,1,10,2025,1,8,3.0,,65748
8473359,1,1,1,10,2025,1,45,8.0,,65749
8473359,1,3,1,10,2025,2,8,3.0,,65751
8473360,1,1,1,10,2025,1,44,3.0,1000000.0,65753
8473361,1,1,1,10,2025,2,25,4.0,1950000.0,65754
8473363,1,1,1,10,2025,2,50,4.0,,65757
8473363,1,3,1,10,2025,2,24,5.0,1900000.0,65759
8473364,1,1,1,10,2025,2,60,12.0,7700000.0,65760
8473376,1,2,1,10,2025,1,21,6.0,,65768
8473376,1,10,1,10,2025,1,10,3.0,,65776
8473377,1,3,1,10,2025,1,17,4.0,,65779
8473378,1,3,1,10,2025,2,32,8.0,,65784
8473380,1,1,1,10,2025,1,70,10.0,,65790
8473386,1,4,1,10,2025,2,12,4.0,,65798
8473386,1,5,1,10,2025,2,3,1.0,,65799
8473388,1,6,1,10,2025,1,24,8.0,,65809
8473389,1,2,1,10,2025,1,17,5.0,,65811
8473391,1,1,1,10,2025,1,37,8.0,5210000.0,65813
8473395,1,2,1,10,2025,1,14,4.0,,65817
8473403,1,3,1,10,2025,1,14,4.0,,65823
8473404,1,4,1,10,2025,2,12,5.0,,65828
8473409,1,1,1,10,2025,1,47,5.0,3000000.0,65831
8473409,1,2,1,10,2025,2,22,10.0,1687000.0,65832
8473409,1,3,1,10,2025,1,14,4.0,,65833
8473414,1,3,1,10,2025,1,22,4.0,1600000.0,65836
8473414,1,4,1,10,2025,1,14,4.0,,65837
8473565,1,3,1,10,2025,2,15,4.0,,65842
8473565,1,4,1,10,2025,1,12,3.0,,65843
8473568,1,1,1,10,2025,2,75,4.0,,65848
8473569,1,2,1,10,2025,2,21,5.0,1000000.0,65851
8473572,1,1,1,10,2025,2,32,8.0,,65858
8473573,1,3,1,10,2025,1,20,5.0,1423000.0,65862
8473576,1,3,1,10,2025,1,27,10.0,3000000.0,65866
8473578,1,1,1,10,2025,2,52,8.0,2000000.0,65868
8473580,1,1,1,10,2025,2,83,4.0,,65874
8473581,1,1,1,10,2025,2,92,10.0,,65876
8473584,1,1,1,10,2025,2,34,10.0,5200000.0,65883
8473584,1,2,1,10,2025,1,33,12.0,8600000.0,65884
8473585,1,1,1,10,2025,2,22,10.0,1000000.0,65886
8473586,1,1,1,10,2025,1,75,3.0,,65887
8473587,1,1,1,10,2025,1,39,8.0,1500000.0,65890
8473587,1,2,1,10,2025,2,41,5.0,1623500.0,65891
8473595,1,1,1,10,2025,2,26,4.0,,65902
8473597,1,1,1,10,2025,2,80,1.0,,65907
8473599,1,4,1,10,2025,1,7,3.0,,65916
8473599,1,5,1,10,2025,1,3,1.0,,65917
8473602,1,2,1,10,2025,1,22,5.0,900000.0,65923
8473602,1,3,1,10,2025,2,20,5.0,,65924
8473602,1,4,1,10,2025,2,10,3.0,,65925
8473603,1,1,1,10,2025,2,58,3.0,1000000.0,65926
8473603,1,2,1,10,2025,1,44,5.0,,65927
8473606,1,1,1,10,2025,1,46,1.0,2000000.0,65930
8473606,1,4,1,10,2025,1,13,4.0,,65933
8473606,1,5,1,10,2025,2,7,3.0,,65934
8473606,1,7,1,10,2025,2,20,4.0,,65936
8473606,1,8,1,10,2025,2,0,,,65937
8473607,1,3,1,10,2025,2,3,1.0,,65940
8473608,1,3,1,10,2025,2,17,10.0,,65943
8473608,1,4,1,10,2025,1,13,4.0,,65944
8473610,1,1,1,10,2025,2,60,5.0,1000000.0,65947
8473611,1,2,1,10,2025,2,34,5.0,,65950
8473611,1,4,1,10,2025,2,7,3.0,,65952
8473611,1,7,1,10,2025,2,16,4.0,,65955
8473612,1,7,1,10,2025,1,47,3.0,1400000.0,65962
8473613,1,3,1,10,2025,1,68,3.0,,65965
8473614,1,3,1,10,2025,2,38,5.0,,65968
8473614,1,5,1,10,2025,2,7,3.0,,65970
8473620,1,2,1,10,2025,2,33,5.0,700000.0,65985
8473620,1,3,1,10,2025,1,14,4.0,,65986
8473621,1,1,1,10,2025,1,29,4.0,1423500.0,65988
8473621,1,2,1,10,2025,2,25,5.0,,65989
8473626,1,3,1,10,2025,2,4,2.0,,66000
8473628,1,1,1,10,2025,2,49,3.0,1200000.0,66004
8473629,1,2,1,10,2025,2,20,10.0,,66007
8473629,1,3,1,10,2025,1,15,4.0,,66008
8473629,1,4,1,10,2025,2,10,3.0,,66009
8473631,1,3,1,10,2025,1,93,3.0,,66015
8473632,1,1,1,10,2025,2,35,5.0,900000.0,66016
8473632,1,2,1,10,2025,1,42,9.0,1600000.0,66017
8473633,1,1,1,10,2025,1,35,5.0,1423000.0,66018
8473633,1,2,1,10,2025,2,38,8.0,,66019
8473634,1,1,1,10,2025,1,46,3.0,1500000.0,66021
8473634,1,4,1,10,2025,1,15,4.0,,66024
8473635,1,1,1,10,2025,2,75,5.0,,66025
8473635,1,3,1,10,2025,2,13,4.0,,66027
8473638,1,2,1,10,2025,2,23,5.0,500000.0,66033
8473639,1,1,1,10,2025,2,83,3.0,,66036
8473640,1,3,1,10,2025,2,57,5.0,,66039
8473652,1,2,1,10,2025,2,51,9.0,,66047
8473652,1,3,1,10,2025,1,25,10.0,,66048
8473659,1,1,1,10,2025,2,33,11.0,2900000.0,66055
8473660,1,1,1,10,2025,1,47,3.0,,66056
8473661,1,2,1,10,2025,2,34,8.0,711000.0,66058
8473662,1,2,1,10,2025,2,56,5.0,,66060
8473663,1,1,1,10,2025,1,48,13.0,7500000.0,66061
8473665,1,1,1,10,2025,1,51,5.0,,66063
8473666,1,1,1,10,2025,2,34,10.0,3000000.0,66066
8473667,1,2,1,10,2025,2,42,10.0,1423500.0,66070
8473670,1,1,1,10,2025,1,41,10.0,2100000.0,66075
8473670,1,3,1,10,2025,2,18,10.0,,66077
8473671,1,1,1,10,2025,1,48,10.0,,66079
8473675,1,2,1,10,2025,2,41,8.0,,66086
8473675,1,3,1,10,2025,1,19,8.0,,66087
8473675,1,4,1,10,2025,1,12,4.0,,66088
8473684,1,2,1,10,2025,2,44,3.0,,66093
8473693,1,1,1,10,2025,1,46,10.0,2600000.0,66099
8473694,1,4,1,10,2025,1,9,3.0,,66103
8473694,1,5,1,10,2025,1,8,3.0,,66104
8473695,1,4,1,10,2025,1,13,4.0,,66108
8473696,1,1,1,10,2025,2,58,10.0,3500000.0,66109
8473697,1,4,1,10,2025,2,5,2.0,,66115
8473698,1,1,1,10,2025,2,29,6.0,800000.0,66116
8473701,1,3,1,10,2025,2,10,3.0,,66120
8473701,1,4,1,10,2025,2,2,,,66121
8473703,1,1,1,10,2025,2,60,3.0,,66123
8473704,1,2,1,10,2025,1,16,4.0,,66126
8473704,1,4,1,10,2025,1,27,6.0,1900000.0,66128
8473705,1,1,1,10,2025,1,39,13.0,7000000.0,66129
8473705,1,2,1,10,2025,2,37,12.0,3300000.0,66130
8473707,1,1,1,10,2025,1,37,5.0,1200000.0,66134
8473708,1,1,1,10,2025,2,35,8.0,,66136
8473711,1,3,1,10,2025,2,26,5.0,,66147
8473714,1,3,1,10,2025,1,29,12.0,2132000.0,66151
8473715,1,4,1,10,2025,2,3,1.0,,66156
8473716,1,1,1,10,2025,1,27,10.0,2500000.0,66157
8473717,1,2,1,10,2025,2,87,3.0,,66162
8473718,1,3,1,10,2025,2,49,5.0,800000.0,66166
8473721,1,2,1,10,2025,2,51,5.0,,66170
8473721,1,3,1,10,2025,1,28,9.0,,66171
8473723,1,1,1,10,2025,1,56,5.0,3200000.0,66174
8473725,1,3,1,10,2025,1,37,5.0,,66182
8473725,1,4,1,10,2025,2,25,5.0,1623000.0,66183
8473725,1,9,1,10,2025,1,2,,,66188
8473728,1,2,1,10,2025,2,39,5.0,,66194
8473729,1,2,1,10,2025,2,24,8.0,1200000.0,66198
8473729,1,4,1,10,2025,2,14,4.0,,66200
8473783,1,1,1,10,2025,2,49,6.0,2000000.0,66208
8473783,1,2,1,10,2025,2,28,4.0,,66209
8473786,1,1,1,10,2025,1,62,3.0,,66216
8473789,1,3,1,10,2025,1,32,8.0,600000.0,66228
8473789,1,4,1,10,2025,1,9,3.0,,66229
8473792,1,1,1,10,2025,1,55,9.0,1423500.0,66238
8473794,1,4,1,10,2025,1,18,1.0,,66246
8473795,1,2,1,10,2025,2,9,3.0,,66248
8473796,1,1,1,10,2025,1,64,3.0,1500000.0,66249
8473799,1,2,1,10,2025,1,38,4.0,1000000.0,66257
8473800,1,2,1,10,2025,2,64,3.0,,66262
8473801,1,2,1,10,2025,2,22,5.0,400000.0,66265
8473806,1,2,1,10,2025,2,45,7.0,,66274
8473806,1,4,1,10,2025,2,85,3.0,,66276
8473807,1,2,1,10,2025,1,31,3.0,300000.0,66278
8473807,1,6,1,10,2025,1,9,3.0,,66282
8473807,1,7,1,10,2025,2,6,3.0,,66283
8473808,1,2,1,10,2025,1,17,3.0,1000000.0,66286
8473808,1,3,1,10,2025,1,12,3.0,,66287
8473809,1,1,1,10,2025,2,59,3.0,,66288
8473809,1,2,1,10,2025,1,33,5.0,1200000.0,66289
8473811,1,1,1,10,2025,1,44,5.0,,66296
8473811,1,2,1,10,2025,2,47,4.0,,66297
8473811,1,3,1,10,2025,1,20,5.0,,66298
8473815,1,1,1,10,2025,1,50,11.0,15000000.0,66306
8473816,1,2,1,10,2025,2,66,8.0,19500000.0,66310
8473819,1,1,1,10,2025,1,47,12.0,25000000.0,66316
8473819,1,2,1,10,2025,2,44,11.0,24000000.0,66317
8473819,1,4,1,10,2025,1,6,2.0,,66319
8473820,1,2,1,10,2025,1,60,5.0,1423500.0,66322
8473821,1,1,1,10,2025,2,31,8.0,1423500.0,66323
8473823,1,2,1,10,2025,2,24,10.0,,66327
8473827,1,2,1,10,2025,2,33,9.0,2080000.0,66338
8473827,1,3,1,10,2025,1,32,9.0,2623500.0,66339
8473828,1,1,1,10,2025,1,58,10.0,6200000.0,66341
8473828,1,2,1,10,2025,2,62,10.0,,66342
8473829,1,1,1,10,2025,1,64,5.0,2000000.0,66343
8473829,1,2,1,10,2025,2,51,5.0,,66344
8473830,1,2,1,10,2025,2,42,8.0,1423500.0,66348
8473831,1,1,1,10,2025,1,59,1.0,900000.0,66350
8473834,1,2,1,10,2025,2,36,5.0,,66357
8473834,1,4,1,10,2025,1,5,2.0,,66359
8473838,1,1,1,10,2025,2,44,5.0,1600000.0,66366
8473839,1,1,1,10,2025,2,40,8.0,350000.0,66370
8473839,1,2,1,10,2025,2,21,5.0,,66371
8473840,1,2,1,10,2025,2,44,11.0,,66373
8473840,1,3,1,10,2025,1,14,4.0,,66374
8473841,1,3,1,10,2025,2,30,4.0,,66377
8473842,1,1,1,10,2025,2,83,3.0,,66381
8473844,1,1,1,10,2025,1,57,8.0,1400000.0,66386
8473844,1,2,1,10,2025,1,8,3.0,,66387
8473847,1,2,1,10,2025,2,67,5.0,,66392
8473847,1,4,1,10,2025,1,21,10.0,,66394
8473850,1,3,1,10,2025,2,22,10.0,1423500.0,66403
8473850,1,4,1,10,2025,2,19,10.0,,66404
8473852,1,1,1,10,2025,2,34,11.0,12811500.0,66406
8473852,1,4,1,10,2025,1,6,3.0,,66409
8473852,1,5,1,10,2025,2,25,5.0,1400000.0,66410
8473853,1,1,1,10,2025,1,61,3.0,1000000.0,66411
8473854,1,1,1,10,2025,1,55,5.0,1400000.0,66413
8473858,1,1,1,10,2025,1,73,3.0,,66419
8473858,1,2,1,10,2025,1,24,8.0,1000000.0,66420
8473860,1,1,1,10,2025,2,40,12.0,6500000.0,66422
8473860,1,2,1,10,2025,1,22,10.0,,66423
8473861,1,2,1,10,2025,2,57,5.0,0.0,66425
8473863,1,4,1,10,2025,1,9,3.0,,66432
8473863,1,5,1,10,2025,2,0,,,66433
8473864,1,2,1,10,2025,2,61,3.0,400000.0,66435
8473866,1,2,1,10,2025,1,43,10.0,3200000.0,66441
8473866,1,4,1,10,2025,1,16,5.0,,66443
8473871,1,1,1,10,2025,2,54,3.0,400000.0,66454
8473872,1,2,1,10,2025,2,58,3.0,,66459
8473873,1,1,1,10,2025,2,70,5.0,,66461
8473873,1,2,1,10,2025,1,33,8.0,2000000.0,66462
8473873,1,3,1,10,2025,2,29,8.0,1423500.0,66463
8473874,1,2,1,10,2025,2,7,3.0,,66467
8473875,1,3,1,10,2025,1,5,1.0,,66470
8473877,1,1,1,10,2025,2,49,8.0,2300000.0,66473
8473880,1,1,1,10,2025,1,23,4.0,850000.0,66478
8473882,1,3,1,10,2025,1,17,5.0,,66485
8473882,1,4,1,10,2025,1,14,4.0,,66486
8473884,1,2,1,10,2025,1,17,1.0,,66492
8473887,1,1,1,10,2025,2,27,5.0,,66500
8473889,1,2,1,10,2025,2,39,11.0,1500000.0,66510
8473889,1,3,1,10,2025,1,32,10.0,2000000.0,66511
8473890,1,3,1,10,2025,2,26,10.0,,66514
8473891,1,3,1,10,2025,2,29,12.0,7000000.0,66517
8473892,1,1,1,10,2025,1,54,9.0,,66519
8473892,1,2,1,10,2025,2,56,10.0,,66520
8473896,1,1,1,10,2025,1,24,10.0,,66534
8473897,1,1,1,10,2025,1,22,4.0,1800000.0,66536
8473897,1,2,1,10,2025,1,23,5.0,1800000.0,66537
8473902,1,2,1,10,2025,2,46,5.0,,66545
8473902,1,4,1,10,2025,1,23,10.0,,66547
8473903,1,4,1,10,2025,2,34,6.0,800000.0,66551
8473903,1,5,1,10,2025,2,77,6.0,,66552
