per,mes,orden,hogar,p3271,p6040,p6050,p6083,p3042,inglabo,rama2d_r4
2025,12,2,1,2,26,2,2,5.0,426000.0,47.0
2025,12,2,1,2,38,2,2,5.0,1555000.0,47.0
2025,12,3,1,2,32,3,1,8.0,1164000.0,92.0
2025,12,2,1,1,33,3,1,4.0,1440000.0,90.0
2025,12,2,1,2,27,2,2,10.0,2561000.0,86.0
2025,12,1,1,2,57,1,3,8.0,1526000.0,47.0
2025,12,1,1,1,43,1,2,5.0,2900000.0,46.0
2025,12,2,1,2,32,2,2,5.0,1181000.0,14.0
2025,12,1,1,2,37,1,2,8.0,645000.0,47.0
2025,12,1,1,1,58,1,2,4.0,1199000.0,53.0
2025,12,3,1,2,41,8,1,12.0,2819000.0,85.0
2025,12,2,1,2,43,2,3,5.0,740000.0,97.0
2025,12,2,1,1,36,2,3,5.0,1865000.0,47.0
2025,12,2,1,1,37,3,1,5.0,2154000.0,45.0
2025,12,4,1,2,29,13,3,8.0,356000.0,10.0
2025,12,3,1,1,38,3,1,3.0,1061000.0,1.0
2025,12,1,1,2,39,1,2,5.0,841000.0,97.0
2025,12,2,1,1,53,6,3,4.0,839000.0,43.0
2025,12,2,1,2,43,2,2,5.0,0.0,47.0
2025,12,2,1,2,24,2,2,5.0,2008000.0,86.0
2025,12,2,1,2,56,2,3,12.0,8947000.0,23.0
2025,12,2,1,2,36,2,2,9.0,1252000.0,13.0
2025,12,2,1,2,30,2,2,12.0,6182000.0,84.0
2025,12,1,1,1,55,1,2,1.0,793000.0,1.0
2025,12,2,1,2,51,2,2,5.0,1637000.0,97.0
2025,12,2,1,2,28,8,2,5.0,433000.0,96.0
2025,12,2,1,2,46,3,1,10.0,1669000.0,84.0
2025,12,2,1,2,47,2,2,10.0,1476000.0,64.0
2025,12,5,1,1,19,4,1,5.0,1179000.0,46.0
2025,12,2,1,1,45,2,2,11.0,5849000.0,86.0
2025,12,2,1,2,56,13,3,5.0,939000.0,56.0
2025,12,2,1,2,47,2,3,5.0,659000.0,95.0
2025,12,2,1,2,42,2,2,10.0,2756000.0,47.0
2025,12,1,1,1,59,1,2,4.0,1008000.0,95.0
2025,12,2,1,2,39,2,2,5.0,1046000.0,49.0
2025,12,1,1,2,37,1,2,11.0,4012000.0,86.0
2025,12,1,1,1,30,1,2,5.0,415000.0,1.0
2025,12,2,1,2,36,2,2,4.0,982000.0,97.0
2025,12,1,1,2,49,1,2,10.0,3189000.0,85.0
2025,12,2,1,2,54,2,2,3.0,100000.0,56.0
2025,12,1,1,1,26,1,2,12.0,5203000.0,10.0
2025,12,3,1,1,22,3,1,5.0,682000.0,10.0
2025,12,1,1,2,45,1,2,10.0,2527000.0,49.0
2025,12,2,1,2,46,2,3,11.0,13696000.0,47.0
2025,12,1,1,1,57,1,3,10.0,7443000.0,51.0
2025,12,1,1,2,69,1,3,5.0,100000.0,81.0
2025,12,2,1,2,45,3,1,9.0,1496000.0,47.0
2025,12,2,1,1,28,2,2,4.0,2517000.0,1.0
2025,12,2,1,2,37,2,2,3.0,399000.0,97.0
2025,12,1,1,2,32,1,2,4.0,554000.0,56.0
2025,12,1,1,2,65,1,3,3.0,1427000.0,97.0
2025,12,1,1,1,60,1,3,10.0,4553000.0,85.0
2025,12,2,1,1,41,2,2,5.0,1649000.0,85.0
2025,12,4,1,2,19,3,1,5.0,1429000.0,96.0
2025,12,4,1,2,28,3,1,5.0,1512000.0,80.0
2025,12,1,1,1,44,1,3,10.0,3011000.0,85.0
2025,12,2,1,2,71,2,3,1.0,2194000.0,56.0
2025,12,2,1,1,47,3,3,5.0,1270000.0,64.0
2025,12,1,1,2,43,1,3,8.0,142000.0,10.0
2025,12,3,1,1,24,3,1,5.0,1462000.0,56.0
2025,12,1,1,2,48,1,2,5.0,1285000.0,47.0
2025,12,2,1,1,26,3,1,6.0,1263000.0,49.0
2025,12,2,1,1,29,2,2,10.0,21714000.0,56.0
2025,12,1,1,2,50,1,2,10.0,1195000.0,10.0
2025,12,1,1,1,53,1,2,5.0,843000.0,49.0
2025,12,1,1,2,32,1,2,5.0,1572000.0,94.0
2025,12,3,1,2,27,3,1,10.0,3368000.0,86.0
2025,12,1,1,2,26,1,3,4.0,1031000.0,56.0
2025,12,1,1,1,41,1,2,5.0,761000.0,1.0
2025,12,2,1,2,68,2,2,1.0,130000.0,13.0
2025,12,1,1,1,27,1,2,3.0,982000.0,1.0
2025,12,2,1,1,22,13,2,5.0,1436000.0,47.0
2025,12,3,1,1,29,3,1,5.0,1598000.0,41.0
2025,12,3,1,2,18,3,1,5.0,0.0,96.0
2025,12,3,1,2,54,3,1,5.0,400000.0,14.0
2025,12,1,1,2,35,1,2,5.0,1060000.0,56.0
2025,12,2,1,2,35,2,2,5.0,107000.0,96.0
2025,12,3,1,1,26,3,1,5.0,1051000.0,56.0
2025,12,2,1,2,35,3,1,5.0,1731000.0,47.0
2025,12,1,1,2,44,1,2,5.0,1120000.0,56.0
2025,12,1,1,1,57,1,2,3.0,1803000.0,49.0
2025,12,2,1,2,29,3,1,10.0,3698000.0,73.0
2025,12,1,1,1,33,1,2,11.0,1566000.0,41.0
2025,12,1,1,1,54,1,2,3.0,1662000.0,47.0
2025,12,2,1,2,28,2,2,5.0,3515000.0,56.0
2025,12,1,1,1,33,1,2,10.0,7327000.0,86.0
2025,12,1,1,2,23,1,3,5.0,1016000.0,85.0
2025,12,3,1,1,52,3,1,5.0,1682000.0,49.0
2025,12,1,1,1,32,1,2,5.0,1605000.0,47.0
2025,12,1,1,2,53,1,2,5.0,1643000.0,56.0
2025,12,1,1,1,59,1,3,3.0,910000.0,1.0
2025,12,1,1,1,59,1,3,3.0,580000.0,43.0
2025,12,1,1,1,37,1,3,8.0,8949000.0,84.0
2025,12,1,1,2,26,1,2,8.0,916000.0,47.0
2025,12,1,1,1,53,1,3,3.0,2145000.0,41.0
2025,12,2,1,2,39,2,2,12.0,3306000.0,70.0
2025,12,3,1,1,35,3,1,6.0,769000.0,49.0
2025,12,1,1,1,74,1,3,11.0,1791000.0,47.0
2025,12,1,1,1,66,1,3,3.0,1965000.0,47.0
2025,12,1,1,2,51,1,2,8.0,0.0,85.0
2025,12,1,1,1,43,1,2,1.0,2495000.0,49.0
2025,12,1,1,1,69,1,3,3.0,1242000.0,45.0
2025,12,1,1,1,58,1,2,4.0,1722000.0,45.0
2025,12,3,1,1,34,3,1,4.0,662000.0,43.0
2025,12,1,1,2,50,1,3,8.0,1363000.0,46.0
2025,12,2,1,1,22,3,1,4.0,1861000.0,96.0
2025,12,3,1,2,57,4,3,4.0,0.0,1.0
2025,12,2,1,2,37,2,2,3.0,1032000.0,56.0
2025,12,1,1,1,53,1,2,10.0,9988000.0,86.0
2025,12,1,1,2,66,1,3,4.0,207000.0,97.0
2025,12,6,1,1,55,6,2,10.0,977000.0,93.0
2025,12,1,1,1,53,1,2,4.0,1307000.0,1.0
2025,12,2,1,2,43,2,2,11.0,14109000.0,86.0
2025,12,1,1,2,33,1,2,10.0,7490000.0,86.0
2025,12,1,1,2,23,1,2,5.0,1484000.0,81.0
2025,12,1,1,1,68,1,3,3.0,1044000.0,47.0
2025,12,1,1,2,66,1,3,5.0,1199000.0,84.0
2025,12,1,1,2,51,1,2,5.0,0.0,96.0
2025,12,2,1,1,36,2,2,5.0,526000.0,41.0
2025,12,2,1,1,35,2,2,8.0,2073000.0,49.0
2025,12,3,1,2,41,3,1,10.0,2267000.0,84.0
2025,12,3,1,2,25,3,1,5.0,285000.0,96.0
2025,12,1,1,1,29,1,2,4.0,1771000.0,1.0
2025,12,2,1,2,53,2,2,11.0,6636000.0,85.0
2025,12,2,1,2,30,2,2,9.0,2166000.0,47.0
2025,12,2,1,2,26,3,1,10.0,1900000.0,86.0
2025,12,2,1,1,33,2,2,5.0,2116000.0,95.0
2025,12,2,1,1,23,3,1,5.0,1032000.0,1.0
2025,12,1,1,2,54,1,2,3.0,382000.0,81.0
2025,12,1,1,2,29,1,2,5.0,1329000.0,47.0
2025,12,1,1,2,50,1,3,9.0,1485000.0,64.0
2025,12,2,1,2,37,2,2,5.0,2001000.0,49.0
2025,12,3,1,1,37,3,1,10.0,5595000.0,5.0
2025,12,2,1,2,35,3,1,8.0,387000.0,96.0
2025,12,3,1,1,25,3,1,10.0,2494000.0,84.0
2025,12,1,1,2,61,1,2,3.0,399000.0,81.0
2025,12,2,1,1,57,2,2,4.0,2536000.0,43.0
2025,12,3,1,1,21,3,1,10.0,2165000.0,47.0
2025,12,4,1,2,22,8,2,10.0,2199000.0,45.0
2025,12,2,1,2,43,3,1,10.0,8724000.0,84.0
2025,12,1,1,1,34,1,2,3.0,2255000.0,25.0
2025,12,1,1,2,22,1,2,5.0,401000.0,88.0
2025,12,1,1,1,22,1,2,10.0,1231000.0,56.0
2025,12,1,1,1,52,1,2,3.0,1233000.0,95.0
2025,12,1,1,2,57,1,3,6.0,2011000.0,65.0
2025,12,2,1,1,25,2,2,4.0,3344000.0,71.0
2025,12,2,1,2,27,3,1,5.0,544000.0,56.0
2025,12,1,1,1,55,1,2,5.0,2547000.0,85.0
2025,12,2,1,1,53,2,2,3.0,2018000.0,41.0
2025,12,1,1,2,65,1,3,10.0,1705000.0,47.0
2025,12,1,1,1,41,1,2,8.0,18312000.0,84.0
2025,12,4,1,2,29,9,2,5.0,1930000.0,56.0
2025,12,1,1,1,44,1,2,10.0,4918000.0,84.0
2025,12,1,1,1,24,1,2,5.0,4399000.0,56.0
2025,12,4,1,1,42,7,2,5.0,1909000.0,43.0
2025,12,1,1,1,74,1,3,3.0,139000.0,47.0
2025,12,1,1,1,42,1,2,1.0,1998000.0,47.0
2025,12,2,1,2,54,2,3,8.0,1943000.0,46.0
2025,12,1,1,2,36,1,2,8.0,304000.0,14.0
2025,12,1,1,2,53,1,2,7.0,5262000.0,85.0
2025,12,1,1,2,52,1,3,5.0,1244000.0,56.0
2025,12,2,1,2,44,2,2,11.0,16345000.0,21.0
2025,12,1,1,1,28,1,3,6.0,3167000.0,49.0
2025,12,4,1,1,31,7,2,9.0,3966000.0,52.0
2025,12,1,1,1,51,1,2,4.0,1561000.0,1.0
2025,12,1,1,2,43,1,2,5.0,880000.0,97.0
2025,12,5,1,2,19,9,2,5.0,1477000.0,84.0
2025,12,2,1,2,44,2,2,5.0,1357000.0,88.0
2025,12,1,1,1,59,1,3,8.0,4306000.0,85.0
2025,12,3,1,2,35,6,2,8.0,1160000.0,46.0
2025,12,2,1,1,26,3,1,10.0,3472000.0,94.0
2025,12,1,1,1,62,1,2,4.0,2797000.0,47.0
2025,12,1,1,2,49,1,2,5.0,1584000.0,32.0
2025,12,1,1,2,20,1,2,6.0,575000.0,47.0
2025,12,1,1,2,61,1,3,11.0,2957000.0,85.0
2025,12,1,1,1,40,1,2,5.0,2676000.0,10.0
2025,12,2,1,2,38,2,2,5.0,467000.0,14.0
2025,12,3,1,1,39,3,1,5.0,1744000.0,55.0
2025,12,1,1,2,24,1,2,10.0,1159000.0,56.0
2025,12,3,1,2,21,3,1,8.0,923000.0,87.0
2025,12,3,1,2,48,3,1,4.0,1362000.0,77.0
2025,12,1,1,2,32,1,2,11.0,3598000.0,47.0
2025,12,1,1,1,33,1,2,9.0,2921000.0,41.0
2025,12,1,1,2,35,1,2,5.0,1362000.0,85.0
2025,12,1,1,2,41,1,3,3.0,471000.0,77.0
2025,12,1,1,2,52,1,2,5.0,1290000.0,47.0
2025,12,2,1,2,38,2,3,5.0,334000.0,47.0
2025,12,1,1,2,43,1,2,5.0,1344000.0,10.0
2025,12,2,1,2,34,2,2,5.0,609000.0,81.0
2025,12,3,1,2,20,3,1,10.0,468000.0,47.0
2025,12,4,1,2,39,3,1,8.0,1954000.0,68.0
2025,12,2,1,2,34,2,2,6.0,314000.0,95.0
2025,12,1,1,2,30,1,2,5.0,1059000.0,1.0
2025,12,1,1,2,55,1,3,10.0,319000.0,47.0
2025,12,1,1,2,59,1,2,10.0,730000.0,47.0
2025,12,4,1,2,29,3,1,5.0,1236000.0,47.0
2025,12,1,1,1,36,1,3,1.0,760000.0,1.0
2025,12,4,1,1,25,3,1,10.0,573000.0,93.0
2025,12,1,1,2,36,1,2,10.0,2274000.0,1.0
2025,12,2,1,2,66,6,3,5.0,1280000.0,86.0
2025,12,1,1,2,58,1,3,10.0,4281000.0,47.0
2025,12,1,1,1,58,1,2,10.0,7168000.0,84.0
2025,12,1,1,2,27,1,3,8.0,1379000.0,14.0
2025,12,1,1,2,78,1,3,3.0,100000.0,95.0
2025,12,2,1,2,58,2,3,5.0,740000.0,97.0
2025,12,2,1,1,49,2,2,5.0,1553000.0,49.0
2025,12,4,1,2,21,3,1,4.0,598000.0,1.0
2025,12,1,1,2,36,1,2,10.0,1237000.0,47.0
2025,12,1,1,1,40,1,2,5.0,2017000.0,47.0
2025,12,1,1,2,41,1,2,10.0,1736000.0,86.0
2025,12,1,1,1,59,1,2,5.0,1060000.0,49.0
2025,12,1,1,1,66,1,3,4.0,1935000.0,41.0
2025,12,3,1,2,32,3,1,10.0,1240000.0,69.0
2025,12,2,1,1,52,2,2,3.0,463000.0,41.0
2025,12,1,1,2,56,1,3,3.0,1062000.0,1.0
2025,12,1,1,1,31,1,2,11.0,6747000.0,86.0
2025,12,2,1,2,24,3,1,10.0,3605000.0,49.0
2025,12,8,1,1,60,6,3,3.0,523000.0,38.0
2025,12,1,1,2,46,1,2,8.0,2191000.0,84.0
2025,12,1,1,1,37,1,2,10.0,4268000.0,62.0
2025,12,1,1,2,41,1,2,11.0,3583000.0,64.0
2025,12,3,1,2,21,3,1,6.0,1526000.0,46.0
2025,12,1,1,2,31,1,2,5.0,1237000.0,14.0
2025,12,1,1,2,32,1,3,5.0,1469000.0,1.0
2025,12,1,1,2,52,1,3,5.0,1381000.0,14.0
2025,12,1,1,1,48,1,3,5.0,1475000.0,49.0
2025,12,2,1,1,29,3,1,5.0,1836000.0,11.0
2025,12,1,1,1,39,1,2,10.0,9256000.0,1.0
2025,12,1,1,1,48,1,2,3.0,752000.0,23.0
2025,12,4,1,1,23,7,2,5.0,1197000.0,3.0
2025,12,1,1,2,43,1,3,5.0,652000.0,81.0
2025,12,1,1,2,56,1,3,3.0,226000.0,47.0
2025,12,3,1,1,20,8,2,5.0,1743000.0,11.0
2025,12,2,1,1,26,8,2,5.0,1950000.0,47.0
2025,12,2,1,1,62,6,3,10.0,916000.0,11.0
2025,12,2,1,2,50,2,3,8.0,0.0,86.0
2025,12,1,1,2,49,1,3,5.0,954000.0,81.0
2025,12,2,1,2,57,3,1,8.0,636000.0,97.0
2025,12,1,1,2,38,1,2,5.0,1042000.0,47.0
2025,12,1,1,2,40,1,3,3.0,1069000.0,46.0
2025,12,3,1,1,27,9,2,8.0,2936000.0,49.0
2025,12,1,1,1,67,1,2,3.0,0.0,1.0
2025,12,2,1,2,40,4,3,5.0,1412000.0,18.0
2025,12,3,1,2,24,3,1,8.0,1206000.0,47.0
2025,12,1,1,1,31,1,2,10.0,3017000.0,85.0
2025,12,1,1,2,32,1,3,5.0,1705000.0,47.0
2025,12,1,1,1,50,1,2,5.0,1212000.0,56.0
2025,12,1,1,1,50,1,3,5.0,2438000.0,42.0
2025,12,1,1,2,39,1,3,3.0,411000.0,47.0
2025,12,1,1,2,43,1,2,3.0,100000.0,47.0
2025,12,1,1,2,61,1,3,4.0,1064000.0,81.0
2025,12,2,1,1,46,2,2,5.0,1394000.0,47.0
2025,12,2,1,1,55,6,3,4.0,1836000.0,45.0
2025,12,2,1,1,49,3,1,6.0,2619000.0,49.0
2025,12,2,1,2,22,3,1,10.0,1669000.0,10.0
2025,12,3,1,1,26,3,1,5.0,2028000.0,10.0
2025,12,1,1,2,39,1,2,8.0,744000.0,47.0
2025,12,1,1,2,30,1,2,8.0,2242000.0,82.0
2025,12,1,1,1,61,1,2,6.0,2422000.0,94.0
2025,12,1,1,2,31,1,2,4.0,1278000.0,96.0
2025,12,2,1,1,61,2,3,3.0,1144000.0,95.0
2025,12,1,1,1,49,1,2,5.0,4374000.0,41.0
2025,12,1,1,2,56,1,3,3.0,0.0,81.0
2025,12,2,1,2,61,13,3,5.0,890000.0,96.0
2025,12,1,1,2,41,1,2,5.0,1331000.0,47.0
2025,12,5,1,1,22,3,1,5.0,1278000.0,49.0
2025,12,2,1,2,54,2,2,3.0,1026000.0,77.0
2025,12,2,1,1,40,2,2,5.0,1737000.0,84.0
2025,12,1,1,2,20,1,2,5.0,1482000.0,86.0
2025,12,1,1,1,34,1,2,5.0,1846000.0,49.0
2025,12,2,1,2,22,3,1,8.0,555000.0,93.0
2025,12,1,1,2,39,1,2,8.0,1270000.0,82.0
2025,12,6,1,2,31,13,2,5.0,535000.0,56.0
2025,12,2,1,2,49,2,2,10.0,2924000.0,47.0
2025,12,2,1,2,46,2,2,5.0,365000.0,96.0
2025,12,3,1,1,47,7,2,9.0,734000.0,15.0
2025,12,2,1,2,32,2,2,5.0,2489000.0,86.0
2025,12,1,1,1,39,1,2,8.0,1806000.0,41.0
2025,12,2,1,2,49,2,2,4.0,387000.0,14.0
2025,12,1,1,2,64,1,3,3.0,628000.0,81.0
2025,12,1,1,1,41,1,2,10.0,7381000.0,65.0
2025,12,1,1,1,27,1,3,6.0,1902000.0,1.0
2025,12,1,1,1,45,1,2,5.0,2002000.0,47.0
2025,12,2,1,2,22,2,2,10.0,416000.0,96.0
2025,12,2,1,1,38,2,3,4.0,568000.0,49.0
2025,12,1,1,1,23,1,2,5.0,2565000.0,7.0
2025,12,2,1,2,46,2,2,10.0,3300000.0,86.0
2025,12,1,1,2,34,1,2,8.0,1245000.0,46.0
2025,12,1,1,2,51,1,2,5.0,999000.0,81.0
2025,12,1,1,1,68,1,2,3.0,1084000.0,68.0
2025,12,2,1,1,64,2,3,3.0,634000.0,96.0
2025,12,2,1,2,30,3,1,5.0,0.0,47.0
2025,12,1,1,2,58,1,3,8.0,1757000.0,86.0
2025,12,1,1,2,57,1,3,10.0,2284000.0,94.0
2025,12,1,1,1,32,1,2,5.0,1819000.0,20.0
2025,12,2,1,1,50,2,3,4.0,1689000.0,55.0
2025,12,3,1,1,23,3,1,5.0,1255000.0,41.0
2025,12,1,1,1,62,1,2,3.0,1167000.0,1.0
2025,12,3,1,1,18,3,2,10.0,1674000.0,82.0
2025,12,1,1,2,40,1,3,5.0,1462000.0,80.0
2025,12,3,1,2,39,3,1,10.0,3634000.0,85.0
2025,12,5,1,2,57,10,3,5.0,1329000.0,97.0
2025,12,1,1,1,52,1,2,6.0,1957000.0,56.0
2025,12,1,1,1,55,1,2,5.0,1418000.0,18.0
2025,12,2,1,2,19,2,2,5.0,1501000.0,14.0
2025,12,4,1,2,41,3,1,5.0,1821000.0,36.0
2025,12,1,1,1,32,1,2,5.0,6266000.0,46.0
2025,12,1,1,1,37,1,2,9.0,1181000.0,74.0
2025,12,4,1,1,37,3,1,5.0,1704000.0,45.0
2025,12,1,1,1,36,1,2,8.0,1818000.0,15.0
2025,12,1,1,1,50,1,2,5.0,1815000.0,47.0
2025,12,1,1,2,46,1,2,5.0,185000.0,15.0
2025,12,1,1,1,73,1,3,3.0,2529000.0,1.0
2025,12,1,1,2,47,1,2,8.0,2633000.0,46.0
2025,12,1,1,2,33,1,2,5.0,163000.0,47.0
2025,12,1,1,1,41,1,2,3.0,2001000.0,1.0
2025,12,1,1,1,29,1,2,9.0,1314000.0,47.0
2025,12,2,1,1,56,9,2,5.0,4575000.0,49.0
2025,12,1,1,1,53,1,2,5.0,2034000.0,47.0
2025,12,2,1,2,18,3,1,5.0,1256000.0,14.0
2025,12,1,1,1,60,1,3,4.0,1126000.0,96.0
2025,12,1,1,2,52,1,3,5.0,179000.0,14.0
2025,12,2,1,1,38,3,1,3.0,1698000.0,41.0
2025,12,2,1,2,47,2,2,9.0,2602000.0,84.0
2025,12,2,1,2,32,2,2,10.0,2145000.0,64.0
2025,12,1,1,1,38,1,3,11.0,3303000.0,75.0
2025,12,2,1,2,57,2,2,5.0,733000.0,92.0
2025,12,1,1,1,35,1,2,5.0,1468000.0,1.0
2025,12,1,1,2,51,1,3,8.0,189000.0,96.0
2025,12,1,1,1,27,1,2,5.0,2569000.0,68.0
2025,12,1,1,2,36,1,3,3.0,881000.0,1.0
2025,12,2,1,2,39,2,2,8.0,1632000.0,86.0
2025,12,2,1,2,24,2,2,10.0,1430000.0,47.0
2025,12,2,1,1,51,3,1,4.0,1198000.0,41.0
2025,12,2,1,2,43,3,1,5.0,1136000.0,81.0
2025,12,2,1,1,59,2,2,10.0,1799000.0,95.0
2025,12,2,1,2,40,2,2,5.0,1158000.0,47.0
2025,12,1,1,1,80,1,3,3.0,145000.0,10.0
2025,12,1,1,1,44,1,3,5.0,1910000.0,46.0
2025,12,1,1,2,35,1,2,4.0,1397000.0,47.0
2025,12,2,1,2,31,2,2,10.0,2012000.0,41.0
2025,12,1,1,1,70,1,3,12.0,10910000.0,85.0
2025,12,2,1,2,45,2,2,5.0,819000.0,97.0
2025,12,1,2,2,33,1,2,5.0,240000.0,81.0
2025,12,1,1,2,48,1,2,9.0,2007000.0,86.0
2025,12,1,1,2,39,1,2,8.0,1429000.0,82.0
2025,12,2,1,1,47,2,3,5.0,2475000.0,61.0
2025,12,2,1,2,18,3,1,8.0,1245000.0,93.0
2025,12,2,1,2,33,2,2,5.0,792000.0,97.0
2025,12,1,1,1,22,1,2,5.0,1480000.0,49.0
2025,12,3,1,2,65,6,3,5.0,478000.0,14.0
2025,12,2,1,1,37,2,2,10.0,2981000.0,42.0
2025,12,2,1,2,50,2,3,3.0,751000.0,1.0
2025,12,2,1,2,34,3,1,10.0,1277000.0,56.0
2025,12,2,1,2,24,2,2,8.0,1605000.0,86.0
2025,12,1,1,1,24,1,2,10.0,2061000.0,46.0
2025,12,1,1,2,42,1,2,5.0,1372000.0,88.0
2025,12,2,1,2,40,2,2,5.0,3541000.0,47.0
2025,12,6,1,2,23,7,2,5.0,960000.0,97.0
2025,12,1,1,1,63,1,3,3.0,1369000.0,41.0
2025,12,4,1,1,40,3,1,3.0,1076000.0,31.0
2025,12,2,1,2,24,2,2,8.0,920000.0,56.0
2025,12,2,1,1,50,3,1,8.0,2962000.0,46.0
2025,12,2,1,2,57,2,2,10.0,3825000.0,85.0
2025,12,1,1,2,52,1,2,3.0,1323000.0,86.0
2025,12,2,1,2,18,2,2,3.0,484000.0,10.0
2025,12,3,1,2,67,4,3,1.0,335000.0,47.0
2025,12,1,1,2,30,1,2,5.0,1584000.0,47.0
2025,12,3,1,1,26,3,2,5.0,1351000.0,41.0
2025,12,1,1,1,55,1,2,3.0,824000.0,1.0
2025,12,2,1,1,64,2,3,10.0,3844000.0,22.0
2025,12,1,1,2,41,1,2,8.0,1478000.0,86.0
2025,12,2,1,1,33,3,1,5.0,639000.0,31.0
2025,12,1,1,2,50,1,2,3.0,684000.0,81.0
2025,12,1,1,2,58,1,2,10.0,2609000.0,85.0
2025,12,2,1,1,54,2,2,3.0,669000.0,45.0
2025,12,1,1,1,40,1,3,5.0,1060000.0,47.0
2025,12,2,1,1,34,2,2,3.0,952000.0,49.0
2025,12,2,1,1,29,2,2,5.0,745000.0,45.0
2025,12,3,1,2,30,3,1,5.0,1787000.0,45.0
2025,12,6,1,1,43,8,2,5.0,1868000.0,84.0
2025,12,1,1,1,62,1,2,4.0,416000.0,10.0
2025,12,3,1,1,31,3,1,5.0,583000.0,56.0
2025,12,1,1,1,49,1,2,5.0,1503000.0,45.0
2025,12,3,1,2,26,3,1,5.0,569000.0,15.0
2025,12,3,1,2,31,8,2,5.0,1757000.0,47.0
2025,12,2,1,1,34,3,1,5.0,2305000.0,56.0
2025,12,1,1,2,61,1,2,5.0,1276000.0,56.0
2025,12,2,1,2,55,2,3,10.0,4099000.0,86.0
2025,12,1,1,2,25,1,2,9.0,0.0,45.0
2025,12,1,1,1,30,1,2,5.0,3377000.0,84.0
2025,12,2,1,2,61,2,3,4.0,130000.0,47.0
2025,12,4,1,1,53,6,3,3.0,1287000.0,41.0
2025,12,1,1,2,30,1,2,12.0,4851000.0,85.0
2025,12,3,1,2,37,3,1,5.0,1140000.0,45.0
2025,12,1,1,1,37,1,2,5.0,1896000.0,41.0
2025,12,1,1,2,51,1,2,8.0,547000.0,14.0
2025,12,1,1,1,22,1,2,3.0,1599000.0,41.0
2025,12,2,1,1,73,2,3,5.0,604000.0,45.0
2025,12,2,1,2,47,2,3,8.0,1483000.0,14.0
2025,12,1,1,1,39,1,2,4.0,647000.0,47.0
2025,12,3,1,2,24,3,1,5.0,1756000.0,97.0
2025,12,2,1,1,46,2,2,5.0,2081000.0,41.0
2025,12,2,1,2,52,2,3,9.0,1377000.0,47.0
2025,12,2,1,1,28,3,1,4.0,662000.0,1.0
2025,12,1,1,2,41,1,2,5.0,1544000.0,47.0
2025,12,1,1,2,66,1,3,3.0,249000.0,81.0
2025,12,1,1,2,65,1,3,3.0,344000.0,56.0
2025,12,3,1,2,21,6,2,8.0,1427000.0,47.0
2025,12,2,1,2,26,3,1,10.0,0.0,82.0
2025,12,1,1,2,23,1,2,5.0,1122000.0,56.0
2025,12,1,1,1,55,1,2,13.0,21515000.0,85.0
2025,12,3,1,2,35,3,1,6.0,211000.0,96.0
2025,12,1,1,2,25,1,2,6.0,1552000.0,86.0
2025,12,1,1,1,63,1,2,3.0,1590000.0,1.0
2025,12,2,1,2,38,9,3,10.0,1100000.0,73.0
2025,12,2,1,2,32,2,2,10.0,2320000.0,41.0
2025,12,3,1,1,23,3,1,10.0,3290000.0,56.0
2025,12,1,1,1,56,1,3,10.0,3797000.0,62.0
2025,12,3,1,2,45,9,2,10.0,304000.0,47.0
2025,12,1,1,1,44,1,2,4.0,2079000.0,49.0
2025,12,1,1,1,49,1,2,5.0,1207000.0,47.0
2025,12,3,1,2,21,3,1,10.0,270000.0,56.0
2025,12,2,1,2,23,3,1,6.0,212000.0,47.0
2025,12,2,1,1,32,2,2,5.0,3265000.0,47.0
2025,12,2,1,2,25,2,2,4.0,636000.0,1.0
2025,12,4,1,2,29,3,1,10.0,142000.0,47.0
2025,12,3,1,1,33,3,1,5.0,2126000.0,47.0
2025,12,1,1,1,26,1,2,3.0,3526000.0,1.0
2025,12,1,1,2,21,1,1,8.0,1280000.0,10.0
2025,12,1,1,1,56,1,2,5.0,3289000.0,49.0
2025,12,3,1,1,23,3,1,9.0,2125000.0,45.0
2025,12,1,1,1,37,1,2,10.0,3784000.0,84.0
2025,12,1,1,1,46,1,2,4.0,2288000.0,56.0
2025,12,3,1,1,25,3,1,5.0,1684000.0,7.0
2025,12,1,1,1,76,1,2,4.0,304000.0,31.0
2025,12,1,1,1,65,1,3,1.0,658000.0,3.0
2025,12,2,1,2,60,2,3,8.0,1468000.0,47.0
2025,12,2,1,2,24,9,2,10.0,1296000.0,96.0
2025,12,1,1,2,42,1,3,5.0,740000.0,14.0
2025,12,1,1,1,38,1,2,1.0,1221000.0,1.0
2025,12,1,1,1,34,1,2,5.0,2424000.0,46.0
2025,12,2,1,2,48,2,2,4.0,1508000.0,55.0
2025,12,1,1,1,68,1,3,3.0,748000.0,52.0
2025,12,4,1,2,36,3,1,5.0,1012000.0,96.0
2025,12,3,1,1,18,9,2,5.0,2102000.0,56.0
2025,12,2,1,2,53,2,2,1.0,113000.0,81.0
2025,12,2,1,2,64,2,3,3.0,363000.0,56.0
2025,12,2,1,2,49,2,2,10.0,1968000.0,88.0
2025,12,1,1,1,76,1,3,3.0,2281000.0,1.0
2025,12,2,1,2,25,2,2,5.0,1652000.0,47.0
2025,12,2,1,1,42,2,2,3.0,0.0,1.0
2025,12,2,1,2,26,2,2,10.0,2809000.0,86.0
2025,12,2,1,2,47,2,1,3.0,1200000.0,56.0
2025,12,3,1,1,51,3,1,9.0,2922000.0,35.0
2025,12,1,1,1,75,1,3,3.0,1027000.0,1.0
2025,12,1,1,1,54,1,2,3.0,1748000.0,25.0
2025,12,3,1,1,20,8,3,5.0,1891000.0,45.0
2025,12,1,1,1,36,1,2,3.0,543000.0,1.0
2025,12,3,1,1,47,13,2,3.0,795000.0,47.0
2025,12,1,1,2,56,1,2,8.0,1386000.0,56.0
2025,12,2,1,1,58,2,3,5.0,1816000.0,47.0
2025,12,2,1,2,42,2,2,4.0,1124000.0,56.0
2025,12,2,1,2,65,2,3,8.0,220000.0,47.0
2025,12,1,1,1,42,1,2,5.0,2599000.0,22.0
2025,12,1,1,2,41,1,2,10.0,894000.0,94.0
2025,12,1,1,2,56,1,3,3.0,1630000.0,47.0
2025,12,3,1,2,27,3,1,9.0,0.0,47.0
2025,12,1,1,2,41,1,3,4.0,925000.0,97.0
2025,12,2,1,1,28,3,1,9.0,1724000.0,52.0
2025,12,1,1,2,68,1,3,3.0,564000.0,47.0
2025,12,1,1,2,38,1,2,3.0,1276000.0,55.0
2025,12,1,1,1,48,1,2,3.0,1478000.0,1.0
2025,12,2,1,2,31,2,2,6.0,699000.0,14.0
2025,12,1,1,2,45,1,2,5.0,100000.0,47.0
2025,12,1,1,2,42,1,2,4.0,531000.0,1.0
2025,12,1,1,1,75,1,3,3.0,1309000.0,1.0
2025,12,4,1,2,34,3,1,3.0,1075000.0,56.0
2025,12,1,1,1,45,1,2,10.0,2090000.0,14.0
2025,12,2,1,1,57,2,3,5.0,1902000.0,49.0
2025,12,1,1,1,34,1,2,4.0,2559000.0,41.0
2025,12,6,1,1,47,6,2,5.0,1156000.0,45.0
2025,12,2,1,1,51,2,2,5.0,1985000.0,42.0
2025,12,2,1,2,39,2,2,5.0,1158000.0,92.0
2025,12,2,1,1,30,2,2,5.0,3104000.0,85.0
2025,12,1,1,2,35,1,2,3.0,665000.0,56.0
2025,12,1,1,2,49,1,2,8.0,1850000.0,86.0
2025,12,1,1,2,25,1,2,10.0,3903000.0,64.0
2025,12,1,1,2,53,1,3,3.0,566000.0,96.0
2025,12,2,1,1,41,2,2,8.0,2008000.0,68.0
2025,12,1,1,2,56,1,3,4.0,2436000.0,56.0
2025,12,1,1,1,59,1,3,5.0,1753000.0,25.0
2025,12,1,1,2,63,1,3,8.0,1363000.0,85.0
2025,12,2,1,1,31,2,2,8.0,1465000.0,47.0
2025,12,3,1,2,19,3,1,8.0,1603000.0,47.0
2025,12,4,1,2,27,3,1,10.0,1669000.0,56.0
2025,12,2,1,2,50,2,3,3.0,1420000.0,97.0
2025,12,2,2,1,33,3,1,5.0,756000.0,96.0
2025,12,2,1,2,60,2,2,5.0,490000.0,97.0
2025,12,1,1,1,43,1,2,9.0,2079000.0,46.0
2025,12,5,1,2,26,7,2,5.0,4054000.0,56.0
2025,12,2,1,1,47,2,2,3.0,1945000.0,1.0
2025,12,3,1,1,33,3,1,5.0,1427000.0,45.0
2025,12,1,1,2,85,1,3,3.0,729000.0,56.0
2025,12,1,1,2,63,1,2,10.0,109000.0,56.0
2025,12,1,1,2,36,1,2,5.0,159000.0,81.0
2025,12,2,1,1,32,2,2,5.0,870000.0,49.0
2025,12,4,1,2,24,3,1,10.0,382000.0,47.0
2025,12,1,1,1,39,1,2,3.0,587000.0,1.0
2025,12,1,1,1,78,1,3,1.0,772000.0,47.0
2025,12,1,1,2,46,1,1,3.0,1033000.0,56.0
2025,12,1,1,2,32,1,2,4.0,174000.0,47.0
2025,12,1,1,1,45,1,3,5.0,2608000.0,49.0
2025,12,1,1,1,27,1,2,10.0,842000.0,7.0
2025,12,1,1,1,58,1,3,1.0,1513000.0,1.0
2025,12,1,2,2,31,1,2,8.0,583000.0,56.0
2025,12,1,1,1,41,1,2,5.0,2607000.0,71.0
2025,12,3,1,2,27,3,1,9.0,1308000.0,42.0
2025,12,2,1,2,50,2,2,5.0,1514000.0,47.0
2025,12,1,1,1,69,1,3,1.0,918000.0,1.0
2025,12,1,1,2,29,1,2,8.0,1887000.0,45.0
2025,12,5,1,2,21,7,2,5.0,1279000.0,56.0
2025,12,1,1,2,65,1,2,10.0,1460000.0,47.0
2025,12,1,1,1,58,1,3,10.0,756000.0,49.0
2025,12,2,1,2,38,2,2,5.0,1145000.0,81.0
2025,12,1,1,1,30,1,2,5.0,3140000.0,56.0
2025,12,2,1,2,34,2,2,10.0,1493000.0,62.0
2025,12,1,1,1,36,1,2,5.0,608000.0,25.0
2025,12,2,1,2,24,2,2,10.0,506000.0,47.0
2025,12,1,1,2,44,1,2,10.0,2211000.0,86.0
2025,12,1,1,2,46,1,2,10.0,3681000.0,64.0
2025,12,4,1,2,25,3,1,6.0,2173000.0,47.0
2025,12,1,1,1,23,1,2,10.0,2122000.0,20.0
2025,12,1,1,1,28,1,2,5.0,2663000.0,81.0
2025,12,2,1,1,37,3,1,4.0,2464000.0,68.0
2025,12,1,1,1,36,1,2,9.0,2893000.0,33.0
2025,12,2,1,2,24,13,2,10.0,1232000.0,47.0
2025,12,2,1,2,33,3,1,6.0,587000.0,96.0
2025,12,1,1,1,32,1,2,12.0,7183000.0,85.0
2025,12,1,1,1,85,1,3,1.0,648000.0,1.0
2025,12,2,1,1,31,2,2,6.0,2331000.0,10.0
2025,12,1,1,2,64,1,3,9.0,1249000.0,85.0
2025,12,1,1,2,44,1,1,10.0,7740000.0,84.0
2025,12,2,1,1,58,2,2,4.0,2013000.0,41.0
2025,12,1,1,2,39,1,1,6.0,1385000.0,68.0
2025,12,2,1,2,37,2,2,5.0,1734000.0,86.0
2025,12,1,1,1,61,1,2,10.0,5326000.0,85.0
2025,12,1,1,2,42,1,2,4.0,331000.0,81.0
2025,12,1,1,1,50,1,2,4.0,1911000.0,79.0
2025,12,1,1,1,65,1,3,3.0,1686000.0,45.0
2025,12,2,1,1,23,9,2,10.0,1643000.0,27.0
2025,12,2,1,2,19,3,1,5.0,119000.0,81.0
2025,12,2,1,2,37,2,2,3.0,876000.0,97.0
2025,12,1,1,1,51,1,2,10.0,4072000.0,47.0
2025,12,3,1,2,20,3,1,10.0,436000.0,1.0
2025,12,1,1,2,36,1,2,3.0,523000.0,14.0
2025,12,3,1,1,57,3,1,5.0,2642000.0,31.0
2025,12,1,1,2,21,1,2,6.0,1701000.0,10.0
2025,12,2,1,2,27,2,2,6.0,1682000.0,56.0
2025,12,1,1,1,64,1,3,10.0,1603000.0,41.0
2025,12,1,1,1,38,1,2,5.0,1563000.0,16.0
2025,12,1,1,2,71,1,3,5.0,161000.0,95.0
2025,12,1,1,2,48,1,2,5.0,216000.0,47.0
2025,12,1,1,1,54,1,2,3.0,3260000.0,45.0
2025,12,2,1,1,75,2,3,1.0,548000.0,56.0
2025,12,1,1,1,57,1,2,8.0,418000.0,49.0
2025,12,1,1,2,53,1,3,3.0,1160000.0,97.0
2025,12,1,1,2,52,1,1,8.0,2018000.0,85.0
2025,12,1,1,1,57,1,3,5.0,2836000.0,1.0
2025,12,4,1,2,58,6,3,5.0,1463000.0,81.0
2025,12,1,1,1,47,1,2,10.0,4954000.0,85.0
2025,12,2,1,2,25,3,1,10.0,2335000.0,86.0
2025,12,1,1,2,48,1,3,5.0,2640000.0,32.0
2025,12,2,1,1,31,3,3,5.0,2112000.0,84.0
2025,12,2,1,2,33,2,2,10.0,962000.0,86.0
2025,12,1,1,2,42,1,3,5.0,195000.0,81.0
2025,12,1,1,1,57,1,2,3.0,1202000.0,1.0
2025,12,1,1,2,34,1,2,10.0,418000.0,97.0
2025,12,2,1,1,43,3,1,11.0,1783000.0,86.0
2025,12,1,1,1,67,1,3,1.0,623000.0,38.0
2025,12,4,1,1,28,3,1,5.0,1827000.0,1.0
2025,12,4,1,2,26,3,1,5.0,606000.0,10.0
2025,12,1,1,2,59,1,3,3.0,0.0,1.0
2025,12,1,1,1,52,1,3,1.0,100000.0,81.0
2025,12,2,1,2,46,2,3,9.0,12731000.0,64.0
2025,12,1,1,1,71,1,3,1.0,148000.0,81.0
2025,12,1,1,2,55,1,2,5.0,2607000.0,96.0
2025,12,1,1,1,43,1,2,4.0,1846000.0,1.0
2025,12,3,1,2,30,3,1,8.0,100000.0,74.0
2025,12,1,1,2,62,1,2,3.0,648000.0,69.0
2025,12,6,1,2,61,9,1,5.0,2111000.0,69.0
2025,12,1,1,2,61,1,3,3.0,175000.0,56.0
2025,12,2,1,2,27,2,2,10.0,2420000.0,84.0
2025,12,2,1,1,22,2,2,5.0,1405000.0,47.0
2025,12,1,1,2,56,1,2,4.0,196000.0,56.0
2025,12,1,1,2,63,1,3,10.0,5767000.0,85.0
2025,12,1,1,1,32,1,2,4.0,3874000.0,31.0
2025,12,2,1,1,60,2,3,3.0,1763000.0,1.0
2025,12,1,1,2,43,1,2,4.0,678000.0,84.0
2025,12,2,1,1,34,2,2,5.0,2277000.0,41.0
2025,12,2,1,1,45,2,3,4.0,1419000.0,49.0
2025,12,2,1,2,49,2,2,5.0,343000.0,47.0
2025,12,3,1,2,26,3,1,5.0,1432000.0,86.0
2025,12,1,1,2,60,1,2,5.0,262000.0,56.0
2025,12,3,1,1,23,8,2,5.0,2018000.0,52.0
2025,12,2,1,1,61,2,2,5.0,1947000.0,47.0
2025,12,1,1,1,52,1,3,3.0,1854000.0,41.0
2025,12,1,1,2,47,1,2,6.0,3630000.0,56.0
2025,12,2,1,2,65,2,3,3.0,412000.0,47.0
2025,12,1,1,1,29,1,3,5.0,2286000.0,55.0
2025,12,2,1,1,31,13,2,5.0,2332000.0,56.0
2025,12,1,1,1,59,1,3,3.0,1769000.0,1.0
2025,12,1,1,2,31,1,2,8.0,1340000.0,56.0
2025,12,1,1,1,31,1,1,5.0,1013000.0,49.0
2025,12,2,1,2,46,2,2,5.0,1980000.0,86.0
2025,12,1,1,2,29,1,2,10.0,2423000.0,64.0
2025,12,1,1,2,35,1,2,9.0,4104000.0,84.0
2025,12,2,1,2,35,2,2,5.0,1323000.0,15.0
2025,12,2,1,2,58,2,2,3.0,112000.0,47.0
2025,12,5,1,2,24,3,1,6.0,421000.0,96.0
2025,12,3,1,1,30,8,2,3.0,493000.0,52.0
2025,12,2,1,2,56,2,3,3.0,383000.0,81.0
2025,12,1,1,1,26,1,2,5.0,2609000.0,1.0
2025,12,4,1,1,20,8,1,5.0,1142000.0,16.0
2025,12,2,1,2,30,2,2,5.0,162000.0,96.0
2025,12,2,1,2,34,2,3,10.0,3093000.0,84.0
2025,12,1,1,1,62,1,3,4.0,0.0,1.0
2025,12,7,1,2,46,3,1,5.0,1140000.0,47.0
2025,12,1,1,1,23,1,2,6.0,961000.0,22.0
2025,12,1,1,2,25,1,2,5.0,2649000.0,85.0
2025,12,1,1,2,24,1,2,10.0,3215000.0,70.0
2025,12,1,1,1,29,1,2,5.0,2294000.0,96.0
2025,12,6,1,1,21,7,2,8.0,1792000.0,86.0
2025,12,2,1,1,53,2,3,4.0,1576000.0,1.0
2025,12,1,1,2,56,1,3,11.0,6488000.0,85.0
2025,12,1,1,2,33,1,2,5.0,1200000.0,56.0
2025,12,1,1,1,56,1,3,6.0,2363000.0,53.0
2025,12,1,1,1,40,1,2,8.0,6015000.0,84.0
2025,12,1,1,2,33,1,1,8.0,579000.0,10.0
2025,12,1,1,1,53,1,3,3.0,445000.0,1.0
2025,12,2,1,1,33,2,2,5.0,1236000.0,47.0
2025,12,1,1,1,50,1,2,5.0,3878000.0,31.0
2025,12,1,1,1,64,1,3,5.0,1849000.0,45.0
2025,12,2,1,2,37,2,2,10.0,3004000.0,86.0
2025,12,1,1,1,46,1,3,3.0,879000.0,47.0
2025,12,2,1,1,46,2,2,3.0,1474000.0,47.0
2025,12,1,1,2,42,1,1,9.0,1831000.0,86.0
2025,12,3,1,1,26,3,1,1.0,1367000.0,38.0
2025,12,2,1,2,49,2,3,4.0,833000.0,81.0
2025,12,1,1,2,47,1,1,5.0,2262000.0,32.0
2025,12,1,1,2,35,1,2,5.0,674000.0,47.0
2025,12,1,1,1,46,1,3,5.0,2572000.0,81.0
2025,12,2,1,1,23,2,2,4.0,1189000.0,31.0
2025,12,1,1,2,30,1,2,3.0,1312000.0,97.0
2025,12,1,1,2,49,1,3,4.0,2511000.0,56.0
2025,12,1,1,2,46,1,2,5.0,1327000.0,56.0
2025,12,2,1,2,37,2,2,10.0,3627000.0,75.0
2025,12,2,1,1,54,3,1,5.0,1022000.0,45.0
2025,12,1,1,2,57,1,3,10.0,13172000.0,69.0
2025,12,1,1,2,63,1,3,5.0,144000.0,47.0
2025,12,1,1,1,27,1,2,5.0,1615000.0,1.0
2025,12,4,1,1,23,9,2,5.0,1934000.0,42.0
2025,12,1,1,2,31,1,2,5.0,2095000.0,85.0
2025,12,1,1,2,41,1,2,3.0,1414000.0,97.0
2025,12,3,1,1,33,7,2,10.0,2464000.0,82.0
2025,12,1,1,2,24,1,1,10.0,290000.0,81.0
2025,12,1,1,2,32,1,2,5.0,809000.0,96.0
2025,12,1,1,1,33,1,2,3.0,846000.0,45.0
2025,12,2,1,1,76,2,3,1.0,397000.0,47.0
2025,12,1,1,2,40,1,2,8.0,2798000.0,64.0
2025,12,1,1,2,57,1,2,3.0,437000.0,56.0
2025,12,2,1,2,43,2,2,5.0,1321000.0,47.0
2025,12,1,1,2,44,1,2,8.0,710000.0,47.0
2025,12,2,1,1,25,3,1,10.0,1057000.0,49.0
2025,12,1,1,1,68,1,2,4.0,959000.0,43.0
2025,12,1,1,2,30,1,2,12.0,4834000.0,84.0
2025,12,1,1,2,51,1,1,5.0,1711000.0,97.0
2025,12,2,1,2,41,2,2,5.0,879000.0,14.0
2025,12,1,1,2,29,1,2,8.0,2470000.0,47.0
2025,12,1,1,1,45,1,2,3.0,1738000.0,47.0
2025,12,3,1,2,19,3,1,5.0,1012000.0,96.0
2025,12,2,1,2,30,3,1,9.0,2710000.0,69.0
2025,12,2,1,2,31,2,2,9.0,1276000.0,47.0
2025,12,1,1,1,38,1,2,5.0,1694000.0,45.0
2025,12,1,1,2,35,1,2,8.0,3512000.0,10.0
2025,12,1,1,1,42,1,2,5.0,2476000.0,84.0
2025,12,3,1,2,22,3,1,4.0,623000.0,56.0
2025,12,2,1,2,39,2,2,5.0,1568000.0,56.0
2025,12,2,1,1,34,2,2,5.0,2114000.0,41.0
2025,12,3,1,2,40,3,1,5.0,1370000.0,14.0
2025,12,1,1,2,68,1,3,4.0,386000.0,56.0
2025,12,3,1,1,55,4,2,5.0,2552000.0,86.0
2025,12,1,1,1,32,1,2,5.0,1970000.0,45.0
2025,12,1,1,1,33,1,2,4.0,1490000.0,1.0
2025,12,1,1,1,41,1,2,5.0,1951000.0,95.0
2025,12,1,1,2,25,1,1,6.0,0.0,56.0
2025,12,2,1,1,42,2,2,4.0,890000.0,49.0
2025,12,1,1,1,74,1,3,3.0,0.0,1.0
2025,12,1,1,1,50,1,2,5.0,1129000.0,49.0
2025,12,2,1,2,29,2,2,5.0,1243000.0,86.0
2025,12,2,1,1,35,3,1,5.0,2455000.0,41.0
2025,12,1,1,2,47,1,3,3.0,891000.0,14.0
2025,12,2,1,2,19,6,2,5.0,269000.0,56.0
2025,12,1,1,1,36,1,2,3.0,1181000.0,45.0
2025,12,3,1,2,30,3,1,5.0,1373000.0,82.0
2025,12,1,1,1,43,1,2,3.0,365000.0,41.0
2025,12,2,1,2,20,3,1,9.0,352000.0,82.0
2025,12,2,1,1,26,2,2,5.0,2506000.0,86.0
2025,12,1,1,1,59,1,2,3.0,1045000.0,10.0
2025,12,2,1,2,56,2,2,5.0,1256000.0,47.0
2025,12,2,1,2,36,2,2,10.0,7123000.0,52.0
2025,12,1,1,2,47,1,2,5.0,714000.0,85.0
2025,12,2,1,2,43,2,2,10.0,3234000.0,85.0
2025,12,1,1,2,28,1,2,5.0,1539000.0,56.0
2025,12,1,1,1,29,1,2,5.0,2339000.0,41.0
2025,12,3,1,2,23,6,2,10.0,3057000.0,69.0
2025,12,3,1,2,29,3,1,5.0,1467000.0,46.0
2025,12,1,1,1,29,1,2,9.0,10538000.0,46.0
2025,12,1,1,1,57,1,3,5.0,1809000.0,70.0
2025,12,3,1,2,26,3,1,5.0,1749000.0,56.0
2025,12,1,1,1,22,1,2,10.0,1597000.0,64.0
2025,12,1,1,1,60,1,3,3.0,1356000.0,49.0
2025,12,2,1,2,45,3,1,8.0,455000.0,97.0
2025,12,1,1,2,35,1,1,10.0,2175000.0,84.0
2025,12,1,1,1,37,1,2,4.0,2755000.0,10.0
2025,12,1,1,1,40,1,2,10.0,3713000.0,56.0
2025,12,3,1,1,39,3,1,3.0,1165000.0,1.0
2025,12,2,1,2,64,2,2,3.0,632000.0,96.0
2025,12,1,1,1,66,1,2,3.0,1147000.0,49.0
2025,12,3,1,2,33,3,1,12.0,4378000.0,84.0
2025,12,1,1,1,35,1,2,10.0,5156000.0,84.0
2025,12,6,1,2,32,13,2,3.0,644000.0,88.0
2025,12,2,1,2,60,2,3,3.0,358000.0,47.0
2025,12,2,1,2,18,3,1,10.0,452000.0,47.0
2025,12,1,1,1,25,1,2,5.0,1586000.0,45.0
2025,12,1,1,1,65,1,2,5.0,2750000.0,49.0
2025,12,1,1,2,49,1,2,3.0,0.0,47.0
2025,12,1,1,2,20,1,2,10.0,1340000.0,84.0
2025,12,1,1,1,31,1,2,5.0,1745000.0,55.0
2025,12,1,1,2,48,1,3,1.0,219000.0,15.0
2025,12,2,1,2,39,3,1,10.0,4150000.0,64.0
2025,12,1,1,2,65,1,3,3.0,1520000.0,97.0
2025,12,3,1,2,54,3,1,8.0,1388000.0,86.0
2025,12,1,1,1,59,1,2,1.0,1178000.0,1.0
2025,12,1,1,1,31,1,2,5.0,1070000.0,1.0
2025,12,1,1,2,67,1,3,10.0,205000.0,13.0
2025,12,1,1,1,29,1,2,10.0,6857000.0,35.0
2025,12,2,1,2,30,2,2,10.0,2555000.0,85.0
2025,12,1,1,2,19,1,2,5.0,0.0,32.0
2025,12,4,1,2,40,6,1,5.0,606000.0,97.0
2025,12,2,1,2,31,3,1,10.0,1379000.0,64.0
2025,12,3,1,1,23,9,2,10.0,1234000.0,86.0
2025,12,2,1,1,21,2,2,3.0,580000.0,81.0
2025,12,3,1,1,20,3,1,5.0,271000.0,41.0
2025,12,1,1,2,40,1,2,9.0,408000.0,47.0
2025,12,2,1,2,50,2,2,8.0,1477000.0,31.0
2025,12,1,1,1,27,1,2,6.0,2354000.0,47.0
2025,12,3,1,2,44,3,1,5.0,1425000.0,65.0
2025,12,1,1,1,24,1,1,9.0,3475000.0,27.0
2025,12,1,1,1,46,1,2,3.0,2237000.0,47.0
2025,12,1,1,1,70,1,2,3.0,1698000.0,49.0
2025,12,1,1,1,32,1,2,5.0,1341000.0,31.0
2025,12,1,1,2,39,1,3,12.0,3312000.0,85.0
2025,12,1,1,2,34,1,2,3.0,430000.0,97.0
2025,12,2,1,2,40,2,2,4.0,100000.0,47.0
2025,12,2,1,2,33,2,2,3.0,665000.0,56.0
2025,12,3,1,1,25,3,1,5.0,1837000.0,64.0
2025,12,2,1,2,29,2,2,5.0,965000.0,97.0
2025,12,1,1,1,35,1,2,10.0,3030000.0,64.0
2025,12,2,1,1,55,2,3,3.0,777000.0,49.0
2025,12,1,1,1,37,1,2,12.0,7891000.0,69.0
2025,12,2,1,2,56,2,3,10.0,4464000.0,84.0
2025,12,2,1,1,51,2,2,5.0,894000.0,1.0
2025,12,2,1,2,52,2,2,5.0,815000.0,94.0
2025,12,10,1,2,24,3,1,3.0,1430000.0,47.0
2025,12,1,1,2,38,1,2,10.0,1115000.0,56.0
2025,12,1,1,2,64,1,2,3.0,443000.0,47.0
2025,12,2,1,2,39,2,2,8.0,428000.0,56.0
2025,12,1,1,1,34,1,3,4.0,1417000.0,47.0
2025,12,1,1,2,39,1,2,5.0,157000.0,47.0
2025,12,1,1,2,36,1,3,4.0,782000.0,97.0
2025,12,1,2,2,55,1,3,3.0,326000.0,97.0
2025,12,4,1,1,53,3,1,3.0,1621000.0,41.0
2025,12,2,1,1,35,3,1,5.0,1090000.0,49.0
2025,12,1,1,1,27,1,2,4.0,1335000.0,49.0
2025,12,3,1,1,45,3,1,12.0,3051000.0,85.0
2025,12,2,1,1,54,2,2,4.0,2062000.0,47.0
2025,12,1,1,2,34,1,1,10.0,2906000.0,71.0
2025,12,2,1,2,42,2,2,10.0,1923000.0,86.0
2025,12,2,1,2,38,6,2,5.0,1042000.0,47.0
2025,12,2,1,2,34,2,1,9.0,2261000.0,64.0
2025,12,1,1,2,55,1,2,9.0,2562000.0,56.0
2025,12,1,1,2,43,1,2,8.0,1199000.0,80.0
2025,12,1,1,1,62,1,2,5.0,3665000.0,1.0
2025,12,1,1,1,67,1,3,5.0,1739000.0,31.0
2025,12,4,1,2,27,3,1,10.0,2927000.0,10.0
2025,12,4,1,1,23,9,3,5.0,2035000.0,10.0
2025,12,1,1,2,38,1,2,4.0,1794000.0,46.0
2025,12,2,1,2,35,2,2,10.0,927000.0,69.0
2025,12,2,1,2,42,2,2,6.0,1045000.0,17.0
2025,12,1,1,2,23,1,2,4.0,1092000.0,47.0
2025,12,1,1,2,22,1,2,8.0,346000.0,56.0
2025,12,1,1,1,25,1,1,10.0,967000.0,93.0
2025,12,2,1,1,43,2,2,5.0,1001000.0,47.0
2025,12,3,1,2,25,3,1,10.0,1262000.0,71.0
2025,12,1,1,2,28,1,1,5.0,1389000.0,96.0
2025,12,1,1,2,66,1,3,8.0,918000.0,14.0
2025,12,1,1,1,34,1,2,11.0,5378000.0,75.0
2025,12,1,1,1,24,1,2,5.0,3230000.0,56.0
2025,12,1,1,1,52,1,2,8.0,2376000.0,53.0
2025,12,2,1,2,31,3,1,5.0,1242000.0,10.0
2025,12,1,1,2,40,1,2,10.0,2487000.0,69.0
2025,12,2,1,2,35,2,2,11.0,1779000.0,84.0
2025,12,1,1,1,29,1,2,5.0,1705000.0,80.0
2025,12,2,1,2,62,2,2,3.0,100000.0,47.0
2025,12,1,1,2,43,1,2,8.0,1857000.0,69.0
2025,12,1,1,2,33,1,2,5.0,137000.0,47.0
2025,12,1,1,1,32,1,2,9.0,3582000.0,45.0
2025,12,2,1,2,54,2,3,1.0,100000.0,10.0
2025,12,1,1,2,51,1,3,5.0,678000.0,47.0
2025,12,6,1,2,23,3,1,5.0,1280000.0,47.0
2025,12,4,1,2,26,3,1,10.0,555000.0,97.0
2025,12,1,1,2,35,1,2,5.0,842000.0,47.0
2025,12,1,1,1,42,1,2,9.0,6448000.0,84.0
2025,12,3,1,1,21,3,1,4.0,1344000.0,47.0
2025,12,2,1,2,38,2,2,10.0,954000.0,56.0
2025,12,1,2,2,43,1,2,3.0,434000.0,56.0
2025,12,2,1,2,33,2,2,5.0,1607000.0,10.0
2025,12,1,1,2,48,1,2,5.0,2498000.0,46.0
2025,12,1,1,1,85,1,3,6.0,894000.0,56.0
2025,12,3,1,1,47,3,1,10.0,0.0,47.0
2025,12,1,1,2,30,1,2,10.0,1603000.0,42.0
2025,12,1,1,2,41,1,2,3.0,254000.0,1.0
2025,12,1,1,1,28,1,3,5.0,2038000.0,45.0
2025,12,3,1,1,38,3,1,10.0,6853000.0,84.0
2025,12,1,1,1,64,1,3,4.0,2053000.0,47.0
2025,12,4,1,2,38,3,1,10.0,4121000.0,29.0
2025,12,2,1,2,47,2,2,3.0,1083000.0,65.0
2025,12,1,1,2,65,1,3,5.0,119000.0,47.0
2025,12,2,1,2,30,2,2,10.0,3322000.0,38.0
2025,12,2,1,2,19,2,2,5.0,1730000.0,56.0
2025,12,1,1,1,33,1,1,5.0,2454000.0,10.0
2025,12,1,1,1,32,1,3,5.0,2020000.0,8.0
2025,12,1,1,1,41,1,3,4.0,1470000.0,1.0
2025,12,2,1,1,32,3,2,5.0,2453000.0,41.0
2025,12,1,1,1,54,1,2,4.0,19810000.0,45.0
2025,12,3,1,2,24,3,1,5.0,164000.0,47.0
2025,12,1,1,2,48,1,2,8.0,976000.0,84.0
2025,12,1,1,2,27,1,2,3.0,645000.0,81.0
2025,12,1,1,1,41,1,2,3.0,373000.0,1.0
2025,12,2,1,2,28,2,2,6.0,260000.0,1.0
2025,12,1,1,2,37,1,2,5.0,1011000.0,56.0
2025,12,2,1,2,44,6,2,3.0,467000.0,32.0
2025,12,4,1,2,21,3,1,8.0,1053000.0,69.0
2025,12,1,1,2,47,1,2,4.0,2060000.0,14.0
2025,12,2,1,1,60,6,3,3.0,390000.0,1.0
2025,12,1,1,1,27,1,2,8.0,1386000.0,97.0
2025,12,1,1,1,40,1,2,4.0,1207000.0,10.0
2025,12,1,1,1,42,1,2,11.0,5651000.0,86.0
2025,12,3,1,1,21,3,1,5.0,1931000.0,56.0
2025,12,3,1,2,21,3,1,5.0,392000.0,82.0
2025,12,1,1,2,59,1,2,5.0,465000.0,81.0
2025,12,2,1,1,41,2,2,5.0,1716000.0,45.0
2025,12,2,1,2,48,2,3,4.0,224000.0,56.0
2025,12,3,1,2,20,3,1,10.0,1268000.0,47.0
2025,12,1,1,2,45,1,3,3.0,728000.0,47.0
2025,12,1,1,2,37,1,2,5.0,1263000.0,56.0
2025,12,1,1,1,72,1,3,3.0,1156000.0,45.0
2025,12,1,1,2,25,1,1,10.0,1221000.0,45.0
2025,12,2,1,2,53,3,1,5.0,0.0,47.0
2025,12,2,1,2,39,2,2,10.0,3653000.0,64.0
2025,12,1,1,1,37,1,2,5.0,1742000.0,96.0
2025,12,1,1,2,57,1,2,4.0,915000.0,47.0
2025,12,1,1,2,36,1,2,10.0,946000.0,64.0
2025,12,2,1,1,19,3,2,9.0,546000.0,49.0
2025,12,1,1,2,57,1,2,3.0,1152000.0,84.0
2025,12,2,1,1,33,6,2,10.0,1691000.0,84.0
2025,12,1,1,2,39,1,2,11.0,5137000.0,41.0
2025,12,1,1,1,44,1,2,8.0,3144000.0,6.0
2025,12,2,1,2,48,3,2,8.0,762000.0,88.0
2025,12,1,1,2,49,1,3,5.0,1595000.0,85.0
2025,12,4,1,2,26,3,1,9.0,1562000.0,86.0
2025,12,1,1,2,26,1,2,8.0,423000.0,96.0
2025,12,1,1,1,36,1,2,5.0,1769000.0,53.0
2025,12,3,1,1,21,3,1,10.0,1580000.0,56.0
2025,12,2,1,2,49,2,2,4.0,244000.0,85.0
2025,12,1,1,1,51,1,2,5.0,1489000.0,49.0
2025,12,1,1,2,43,1,2,5.0,1187000.0,47.0
2025,12,2,1,1,23,2,2,5.0,2519000.0,41.0
2025,12,2,1,1,21,3,1,5.0,2273000.0,47.0
2025,12,1,1,2,69,1,3,3.0,1377000.0,56.0
2025,12,1,1,1,21,1,2,5.0,1606000.0,47.0
2025,12,2,1,2,27,2,2,10.0,3503000.0,84.0
2025,12,1,1,1,63,1,3,4.0,2084000.0,84.0
2025,12,1,1,1,41,1,2,3.0,2174000.0,1.0
2025,12,2,1,2,24,3,1,4.0,987000.0,56.0
2025,12,2,1,2,39,2,3,5.0,1651000.0,55.0
2025,12,1,1,1,36,1,2,4.0,2210000.0,49.0
2025,12,2,1,2,24,13,2,3.0,100000.0,47.0
2025,12,1,1,1,29,1,2,3.0,402000.0,32.0
2025,12,2,1,2,43,2,2,10.0,4607000.0,81.0
2025,12,1,1,1,44,1,3,11.0,9972000.0,84.0
2025,12,1,1,2,44,1,2,5.0,1354000.0,53.0
2025,12,1,1,1,28,1,2,10.0,2981000.0,84.0
2025,12,3,1,1,39,3,1,4.0,765000.0,1.0
2025,12,1,1,1,42,1,2,5.0,2551000.0,17.0
2025,12,1,1,1,44,1,3,5.0,1916000.0,47.0
2025,12,2,1,2,52,2,3,5.0,371000.0,56.0
2025,12,4,1,1,28,3,1,8.0,1677000.0,10.0
2025,12,1,1,2,54,1,2,3.0,1807000.0,97.0
2025,12,3,1,1,25,8,2,5.0,1734000.0,56.0
2025,12,1,1,2,51,1,2,10.0,1420000.0,45.0
2025,12,1,1,2,49,1,3,5.0,497000.0,81.0
2025,12,1,1,2,40,1,2,5.0,1816000.0,47.0
2025,12,5,1,1,72,4,3,3.0,3157000.0,43.0
2025,12,2,1,2,50,2,2,8.0,1589000.0,56.0
2025,12,2,1,2,26,2,2,10.0,5365000.0,84.0
2025,12,1,1,1,33,1,2,10.0,3616000.0,46.0
2025,12,1,1,2,22,1,2,5.0,4236000.0,96.0
2025,12,2,1,2,41,2,2,3.0,475000.0,81.0
2025,12,1,1,2,53,1,2,5.0,561000.0,1.0
2025,12,2,1,2,31,3,1,10.0,1210000.0,14.0
2025,12,2,1,2,32,2,2,5.0,1491000.0,47.0
2025,12,1,1,1,33,1,2,8.0,1230000.0,41.0
2025,12,1,1,1,30,1,2,3.0,1793000.0,47.0
2025,12,1,1,1,39,1,3,10.0,7879000.0,35.0
2025,12,1,1,2,39,1,2,4.0,810000.0,97.0
2025,12,4,1,1,45,6,1,5.0,1859000.0,85.0
2025,12,1,1,2,59,1,3,1.0,245000.0,38.0
2025,12,1,1,1,48,1,3,6.0,3453000.0,47.0
2025,12,2,1,2,43,2,2,1.0,542000.0,81.0
2025,12,1,1,1,42,1,3,8.0,2654000.0,47.0
2025,12,1,1,2,35,1,2,10.0,4410000.0,86.0
2025,12,2,1,1,42,2,2,3.0,1014000.0,47.0
2025,12,6,1,1,39,6,3,5.0,3475000.0,45.0
2025,12,1,1,2,60,1,3,4.0,6103000.0,97.0
2025,12,2,1,2,49,2,2,10.0,1369000.0,85.0
2025,12,1,1,1,42,1,2,10.0,5895000.0,49.0
2025,12,2,1,1,68,2,3,1.0,1045000.0,1.0
2025,12,1,1,2,45,1,2,8.0,3030000.0,84.0
2025,12,2,1,2,66,2,3,3.0,1544000.0,47.0
2025,12,1,1,1,40,1,2,5.0,3287000.0,42.0
2025,12,1,1,1,59,1,2,10.0,6847000.0,70.0
2025,12,3,1,2,47,3,1,5.0,318000.0,64.0
2025,12,1,1,1,46,1,3,5.0,1347000.0,47.0
2025,12,1,1,1,32,1,2,5.0,996000.0,56.0
2025,12,2,1,2,19,3,1,5.0,424000.0,97.0
2025,12,1,1,1,47,1,2,10.0,6935000.0,69.0
2025,12,1,1,1,71,1,3,5.0,1569000.0,91.0
2025,12,1,1,1,66,1,3,1.0,686000.0,1.0
2025,12,1,1,1,30,1,2,5.0,2596000.0,42.0
2025,12,2,1,2,43,2,3,8.0,1522000.0,61.0
2025,12,2,1,1,50,2,2,4.0,1685000.0,49.0
2025,12,2,1,1,32,2,2,3.0,1772000.0,1.0
2025,12,1,1,1,18,1,2,4.0,1051000.0,41.0
2025,12,1,1,2,62,1,3,4.0,183000.0,97.0
2025,12,2,1,2,37,2,2,10.0,2668000.0,64.0
2025,12,4,1,1,21,8,1,8.0,2406000.0,84.0
2025,12,3,1,1,36,6,2,5.0,1849000.0,1.0
2025,12,1,1,2,34,1,2,12.0,5497000.0,85.0
2025,12,1,1,2,19,1,2,5.0,100000.0,95.0
2025,12,2,1,1,18,3,1,5.0,1371000.0,96.0
2025,12,3,1,1,29,3,1,10.0,5501000.0,86.0
2025,12,1,1,1,36,1,3,10.0,1862000.0,85.0
2025,12,1,1,2,19,1,2,5.0,403000.0,92.0
2025,12,1,1,2,38,1,2,11.0,2243000.0,85.0
2025,12,2,1,2,47,2,2,10.0,5792000.0,64.0
2025,12,1,1,1,62,1,3,1.0,1326000.0,1.0
2025,12,4,1,1,20,3,1,5.0,144000.0,49.0
2025,12,2,1,1,53,2,3,1.0,369000.0,47.0
2025,12,1,1,2,27,1,1,5.0,179000.0,96.0
2025,12,4,1,1,32,3,1,8.0,2183000.0,10.0
2025,12,2,1,1,40,2,2,4.0,2345000.0,68.0
2025,12,1,1,2,63,1,3,5.0,1680000.0,47.0
2025,12,2,1,2,34,2,2,5.0,1353000.0,61.0
2025,12,4,1,1,25,3,2,5.0,1726000.0,95.0
2025,12,1,1,2,34,1,2,5.0,876000.0,97.0
2025,12,4,1,2,29,3,1,10.0,1669000.0,20.0
2025,12,2,1,2,52,4,2,1.0,1265000.0,97.0
2025,12,2,1,1,26,3,2,10.0,2131000.0,56.0
2025,12,1,1,2,37,1,2,9.0,1464000.0,56.0
2025,12,1,1,1,64,1,3,8.0,5622000.0,47.0
2025,12,2,1,2,23,3,2,6.0,1174000.0,47.0
2025,12,1,1,2,50,1,2,3.0,461000.0,47.0
2025,12,1,1,2,69,1,3,4.0,476000.0,47.0
2025,12,2,1,2,52,2,2,3.0,355000.0,1.0
2025,12,2,1,2,27,2,2,5.0,3205000.0,84.0
2025,12,2,1,2,29,2,2,5.0,252000.0,96.0
2025,12,1,1,1,36,1,2,3.0,2075000.0,41.0
2025,12,1,1,2,25,1,2,8.0,1686000.0,1.0
2025,12,3,1,2,22,3,1,9.0,1753000.0,47.0
2025,12,1,1,1,47,1,2,10.0,2055000.0,69.0
2025,12,1,1,1,59,1,3,10.0,2033000.0,82.0
2025,12,1,1,2,44,1,2,5.0,329000.0,56.0
2025,12,2,1,1,49,2,2,5.0,2270000.0,49.0
2025,12,2,1,2,41,3,1,10.0,885000.0,47.0
2025,12,2,1,2,22,2,3,10.0,2362000.0,69.0
2025,12,4,1,1,79,4,3,3.0,1129000.0,47.0
2025,12,2,1,2,35,2,2,5.0,1312000.0,86.0
2025,12,1,1,2,61,1,2,5.0,190000.0,56.0
2025,12,2,1,1,39,2,2,8.0,1991000.0,56.0
2025,12,1,1,1,46,1,3,5.0,2069000.0,68.0
2025,12,2,1,2,39,2,2,3.0,448000.0,47.0
2025,12,1,1,1,45,1,2,10.0,3382000.0,94.0
2025,12,1,1,2,57,1,2,11.0,7488000.0,85.0
2025,12,4,1,2,38,3,1,3.0,1316000.0,97.0
2025,12,1,1,2,62,1,3,5.0,1393000.0,55.0
2025,12,2,1,1,69,2,3,3.0,1235000.0,1.0
2025,12,1,1,1,43,1,2,5.0,1463000.0,10.0
2025,12,1,1,1,67,1,3,3.0,1265000.0,1.0
2025,12,1,1,2,31,1,2,10.0,3943000.0,46.0
2025,12,2,1,1,40,2,2,8.0,1622000.0,64.0
2025,12,1,1,1,31,1,3,9.0,1418000.0,61.0
2025,12,2,1,2,55,2,2,5.0,0.0,14.0
2025,12,1,1,2,25,1,2,5.0,1285000.0,47.0
2025,12,1,1,2,72,1,3,5.0,542000.0,56.0
2025,12,1,1,1,47,1,2,3.0,2363000.0,49.0
2025,12,1,1,1,39,1,2,8.0,2147000.0,53.0
2025,12,1,1,1,53,1,3,5.0,3095000.0,11.0
2025,12,1,1,1,57,1,2,1.0,1053000.0,1.0
2025,12,1,1,2,23,1,2,10.0,804000.0,55.0
2025,12,1,1,1,61,1,2,4.0,1938000.0,56.0
2025,12,5,1,1,52,6,3,3.0,1473000.0,49.0
2025,12,1,1,2,37,1,2,4.0,1606000.0,41.0
2025,12,3,1,2,29,3,1,5.0,1437000.0,47.0
2025,12,2,1,2,72,2,3,3.0,160000.0,47.0
2025,12,1,1,2,50,1,2,9.0,1453000.0,86.0
2025,12,2,1,2,30,2,2,10.0,3422000.0,47.0
2025,12,1,1,1,25,1,2,5.0,1728000.0,49.0
2025,12,2,1,2,39,2,2,10.0,4296000.0,55.0
2025,12,1,1,2,23,1,2,4.0,2080000.0,56.0
2025,12,1,1,2,28,1,2,5.0,1156000.0,47.0
2025,12,2,1,2,38,3,1,10.0,3067000.0,72.0
2025,12,2,1,1,52,3,1,5.0,2086000.0,45.0
2025,12,2,1,1,40,3,1,8.0,1971000.0,49.0
2025,12,1,1,1,57,1,2,8.0,1954000.0,55.0
2025,12,1,1,2,40,1,2,11.0,4166000.0,49.0
2025,12,1,1,2,57,1,2,3.0,664000.0,56.0
2025,12,2,1,1,62,2,2,3.0,632000.0,49.0
2025,12,3,1,2,58,6,3,3.0,538000.0,96.0
2025,12,1,1,2,57,1,3,8.0,1006000.0,97.0
2025,12,2,1,1,51,2,2,4.0,1595000.0,1.0
2025,12,2,1,1,29,2,2,5.0,1551000.0,10.0
2025,12,1,1,1,49,1,2,4.0,2453000.0,1.0
2025,12,2,1,2,24,2,2,8.0,1150000.0,60.0
2025,12,1,1,1,39,1,3,4.0,1114000.0,1.0
2025,12,1,1,2,30,1,2,8.0,1146000.0,13.0
2025,12,2,1,1,41,2,2,8.0,2073000.0,81.0
2025,12,3,1,1,18,3,1,5.0,1398000.0,25.0
2025,12,2,1,2,26,2,2,5.0,960000.0,47.0
2025,12,1,1,2,37,1,2,6.0,544000.0,47.0
2025,12,1,1,1,28,1,2,5.0,1938000.0,80.0
2025,12,1,1,2,54,1,2,5.0,841000.0,81.0
2025,12,1,1,2,40,1,2,8.0,2197000.0,85.0
2025,12,1,1,2,37,1,2,9.0,680000.0,97.0
2025,12,1,1,1,65,1,3,5.0,418000.0,49.0
2025,12,2,1,2,23,2,2,5.0,745000.0,47.0
2025,12,1,1,1,43,1,2,4.0,1293000.0,45.0
2025,12,4,1,1,27,3,1,8.0,2070000.0,86.0
2025,12,1,1,2,31,1,1,5.0,320000.0,96.0
2025,12,1,1,1,47,1,3,3.0,1201000.0,41.0
2025,12,3,1,1,63,4,3,5.0,1151000.0,56.0
2025,12,1,1,1,61,1,3,3.0,775000.0,41.0
2025,12,1,1,1,41,1,2,5.0,2169000.0,68.0
2025,12,1,1,1,40,1,2,5.0,2996000.0,49.0
2025,12,2,1,2,53,2,2,5.0,160000.0,95.0
2025,12,1,1,2,49,1,3,3.0,144000.0,96.0
2025,12,1,1,2,28,1,2,11.0,4693000.0,64.0
2025,12,1,1,2,64,1,3,4.0,457000.0,56.0
2025,12,1,1,2,47,1,3,3.0,669000.0,97.0
2025,12,1,1,1,34,1,2,3.0,1952000.0,45.0
2025,12,1,1,1,56,1,3,1.0,782000.0,49.0
2025,12,1,1,1,48,1,3,5.0,2135000.0,1.0
2025,12,3,1,1,23,3,1,5.0,1748000.0,1.0
2025,12,2,1,2,51,2,3,3.0,1364000.0,97.0
2025,12,5,1,1,53,6,3,8.0,1937000.0,47.0
2025,12,2,1,1,58,2,2,3.0,1819000.0,85.0
2025,12,1,1,2,29,1,2,8.0,1317000.0,94.0
2025,12,4,1,1,19,3,1,3.0,420000.0,1.0
2025,12,1,1,2,25,1,1,5.0,1693000.0,47.0
2025,12,1,1,2,64,1,3,4.0,1271000.0,85.0
2025,12,1,1,2,53,1,2,6.0,2541000.0,47.0
2025,12,1,1,2,62,1,2,3.0,634000.0,81.0
2025,12,1,1,1,39,1,2,10.0,2469000.0,45.0
2025,12,1,1,1,31,1,2,4.0,865000.0,1.0
2025,12,3,1,2,21,3,1,10.0,1646000.0,47.0
2025,12,1,1,1,49,1,2,3.0,1243000.0,49.0
2025,12,1,1,2,75,1,3,3.0,100000.0,14.0
2025,12,2,1,1,68,2,3,1.0,1859000.0,1.0
2025,12,1,1,1,33,1,2,4.0,1990000.0,39.0
2025,12,1,1,1,37,1,2,11.0,8172000.0,84.0
2025,12,2,1,1,61,2,2,10.0,4506000.0,85.0
2025,12,2,1,2,49,2,2,5.0,1271000.0,93.0
2025,12,2,1,2,47,2,2,5.0,363000.0,81.0
2025,12,2,1,2,43,2,2,5.0,457000.0,97.0
2025,12,1,1,2,47,1,2,11.0,7186000.0,86.0
2025,12,2,1,1,54,2,3,4.0,2010000.0,3.0
2025,12,2,1,2,31,3,1,5.0,0.0,81.0
2025,12,1,1,1,25,1,2,5.0,1678000.0,10.0
2025,12,2,1,1,47,2,2,8.0,9469000.0,1.0
2025,12,1,1,1,40,1,3,4.0,169000.0,49.0
2025,12,2,1,2,34,2,2,8.0,882000.0,96.0
2025,12,2,1,2,30,2,2,10.0,1858000.0,56.0
2025,12,2,1,2,43,2,3,3.0,1336000.0,97.0
2025,12,2,1,2,23,2,2,5.0,1067000.0,85.0
2025,12,2,1,2,45,2,2,4.0,103000.0,96.0
2025,12,1,1,1,67,1,3,4.0,396000.0,52.0
2025,12,2,1,2,32,6,2,8.0,1428000.0,96.0
2025,12,3,1,2,51,3,1,6.0,1332000.0,96.0
2025,12,1,1,1,27,1,3,5.0,0.0,10.0
2025,12,2,1,2,45,3,1,5.0,1080000.0,56.0
2025,12,2,1,1,32,2,2,5.0,2068000.0,47.0
2025,12,1,1,1,22,1,3,4.0,1818000.0,41.0
2025,12,1,1,2,32,1,2,5.0,335000.0,15.0
2025,12,1,1,1,34,1,2,9.0,2357000.0,95.0
2025,12,1,1,1,63,1,3,3.0,678000.0,1.0
2025,12,1,1,1,65,1,3,3.0,1071000.0,1.0
2025,12,1,1,1,61,1,2,5.0,703000.0,14.0
2025,12,1,1,1,30,1,3,10.0,3163000.0,84.0
2025,12,1,1,2,31,1,2,4.0,840000.0,56.0
2025,12,2,1,1,28,2,2,5.0,1957000.0,31.0
2025,12,2,1,2,59,2,2,8.0,1367000.0,86.0
2025,12,1,1,2,46,1,2,11.0,5657000.0,86.0
2025,12,3,1,2,33,3,1,8.0,1354000.0,86.0
2025,12,1,1,1,46,1,2,9.0,3019000.0,25.0
2025,12,3,1,1,19,3,1,8.0,446000.0,47.0
2025,12,1,1,1,69,1,3,5.0,1126000.0,49.0
2025,12,1,1,1,57,1,3,3.0,4272000.0,47.0
2025,12,1,1,2,58,1,1,8.0,3082000.0,84.0
2025,12,1,1,1,39,1,3,5.0,2472000.0,80.0
2025,12,4,1,1,21,3,1,5.0,2619000.0,53.0
2025,12,1,1,1,34,1,2,5.0,3071000.0,46.0
2025,12,2,1,2,61,2,2,3.0,1318000.0,97.0
2025,12,3,1,2,26,3,1,10.0,1516000.0,86.0
2025,12,1,1,2,39,1,3,9.0,1630000.0,21.0
2025,12,3,1,2,28,6,2,10.0,1420000.0,85.0
2025,12,1,1,1,56,1,3,5.0,2301000.0,49.0
2025,12,1,1,1,50,1,1,5.0,2923000.0,53.0
2025,12,1,1,1,21,1,1,5.0,2047000.0,47.0
2025,12,5,1,2,25,3,1,5.0,205000.0,85.0
2025,12,1,1,2,37,1,2,11.0,3844000.0,62.0
2025,12,1,1,1,63,1,3,1.0,1193000.0,47.0
2025,12,1,1,1,69,1,3,3.0,2002000.0,1.0
2025,12,1,1,1,51,1,2,5.0,2281000.0,43.0
2025,12,1,1,1,44,1,2,5.0,3425000.0,90.0
2025,12,1,1,2,39,1,2,5.0,2144000.0,23.0
2025,12,2,1,1,23,2,2,10.0,3212000.0,49.0
2025,12,1,1,2,32,1,2,5.0,1921000.0,55.0
2025,12,1,1,2,45,1,3,3.0,2358000.0,47.0
2025,12,2,1,1,54,2,3,1.0,938000.0,3.0
2025,12,1,1,1,24,1,1,5.0,1965000.0,49.0
2025,12,1,1,2,34,1,2,5.0,446000.0,81.0
2025,12,3,1,2,22,3,1,10.0,1146000.0,56.0
2025,12,1,1,1,39,1,3,5.0,3467000.0,80.0
2025,12,1,1,2,34,1,2,10.0,5975000.0,86.0
2025,12,1,1,1,46,1,2,12.0,6388000.0,84.0
2025,12,3,1,2,33,3,1,3.0,733000.0,81.0
2025,12,1,1,1,44,1,3,3.0,1611000.0,81.0
2025,12,1,1,2,54,1,2,5.0,0.0,96.0
2025,12,1,1,1,32,1,2,5.0,2235000.0,53.0
2025,12,1,1,2,51,1,3,3.0,1564000.0,1.0
2025,12,1,1,1,22,1,2,5.0,1981000.0,42.0
2025,12,2,1,2,59,2,2,10.0,3197000.0,85.0
2025,12,1,1,1,71,1,3,4.0,3572000.0,42.0
2025,12,2,1,2,39,2,3,5.0,1610000.0,47.0
2025,12,3,1,2,61,6,1,10.0,2666000.0,23.0
2025,12,1,1,2,58,1,3,8.0,2445000.0,86.0
2025,12,1,1,2,59,1,3,3.0,303000.0,97.0
2025,12,1,1,1,38,1,2,5.0,3932000.0,47.0
2025,12,2,1,2,48,2,3,10.0,3927000.0,65.0
2025,12,1,1,1,53,1,2,4.0,1825000.0,45.0
2025,12,1,1,1,34,1,2,10.0,4066000.0,52.0
2025,12,2,1,2,26,2,2,5.0,1311000.0,56.0
2025,12,3,1,2,21,3,1,10.0,706000.0,47.0
2025,12,2,1,2,45,2,1,11.0,10783000.0,21.0
2025,12,2,1,2,44,2,2,4.0,1205000.0,14.0
2025,12,2,1,2,51,2,3,4.0,1389000.0,14.0
2025,12,2,1,2,61,2,2,8.0,419000.0,47.0
2025,12,1,1,2,36,1,2,8.0,360000.0,15.0
2025,12,1,1,2,49,1,2,3.0,725000.0,81.0
2025,12,1,1,1,65,1,3,5.0,3364000.0,86.0
2025,12,3,1,2,39,6,2,5.0,1318000.0,56.0
2025,12,2,1,2,51,2,3,3.0,456000.0,1.0
2025,12,2,1,1,37,2,2,8.0,3641000.0,84.0
2025,12,3,1,2,40,3,1,10.0,3426000.0,64.0
2025,12,1,1,1,26,1,2,5.0,1301000.0,43.0
2025,12,1,1,1,24,1,2,5.0,2596000.0,35.0
2025,12,1,1,2,57,1,2,5.0,1101000.0,81.0
2025,12,1,1,1,34,1,2,3.0,2615000.0,45.0
2025,12,1,1,1,34,1,2,5.0,3014000.0,49.0
2025,12,1,1,1,60,1,3,5.0,2476000.0,68.0
2025,12,3,1,1,25,6,3,10.0,2753000.0,47.0
2025,12,1,1,1,60,1,2,3.0,13666000.0,10.0
2025,12,3,1,1,18,3,1,5.0,1913000.0,47.0
2025,12,2,1,2,60,2,2,10.0,1446000.0,69.0
2025,12,3,1,2,40,7,3,5.0,1599000.0,86.0
2025,12,1,1,2,45,1,2,11.0,8427000.0,70.0
2025,12,1,1,1,47,1,3,4.0,2991000.0,49.0
2025,12,1,1,1,46,1,2,5.0,2300000.0,49.0
2025,12,1,1,1,74,1,3,1.0,656000.0,1.0
2025,12,1,1,1,65,1,3,10.0,11424000.0,47.0
2025,12,2,1,1,45,2,3,3.0,1293000.0,41.0
2025,12,4,1,2,30,3,1,8.0,1750000.0,82.0
2025,12,3,1,1,20,3,1,5.0,1948000.0,47.0
2025,12,1,1,2,54,1,2,3.0,222000.0,47.0
2025,12,3,1,1,27,3,1,10.0,6799000.0,62.0
2025,12,1,1,1,39,1,2,5.0,2823000.0,14.0
2025,12,1,1,1,54,1,2,10.0,5080000.0,84.0
2025,12,3,1,2,68,13,3,3.0,1046000.0,97.0
2025,12,2,1,1,61,2,3,3.0,1963000.0,36.0
2025,12,1,1,2,39,1,3,5.0,1229000.0,22.0
2025,12,1,1,1,26,1,2,5.0,3543000.0,80.0
2025,12,1,1,2,45,1,3,3.0,953000.0,56.0
2025,12,2,1,2,63,2,3,3.0,717000.0,56.0
2025,12,1,1,2,26,1,3,4.0,452000.0,56.0
2025,12,2,1,2,60,2,3,3.0,306000.0,56.0
2025,12,1,1,1,27,1,2,4.0,2497000.0,42.0
2025,12,1,1,1,36,1,2,4.0,1535000.0,11.0
2025,12,3,1,1,37,3,1,5.0,1034000.0,49.0
2025,12,1,1,2,46,1,2,10.0,1039000.0,65.0
2025,12,1,1,1,90,1,3,3.0,412000.0,16.0
2025,12,1,1,1,32,1,2,4.0,2474000.0,1.0
2025,12,3,1,2,22,3,1,10.0,2013000.0,86.0
2025,12,2,1,1,41,2,2,6.0,3902000.0,84.0
2025,12,2,1,2,21,3,1,10.0,1249000.0,43.0
2025,12,2,1,1,42,3,1,4.0,374000.0,45.0
2025,12,1,1,2,46,1,2,5.0,641000.0,97.0
2025,12,3,1,1,22,3,1,4.0,1540000.0,49.0
2025,12,1,1,1,67,1,3,3.0,763000.0,56.0
2025,12,1,1,2,32,1,2,5.0,474000.0,56.0
2025,12,2,1,2,29,3,1,10.0,1757000.0,47.0
2025,12,2,1,2,27,2,2,5.0,114000.0,96.0
2025,12,3,1,2,36,3,1,5.0,484000.0,47.0
2025,12,1,1,2,33,1,2,5.0,698000.0,81.0
2025,12,1,1,1,44,1,2,5.0,1552000.0,41.0
2025,12,4,1,2,41,7,2,5.0,100000.0,47.0
2025,12,1,1,2,30,1,2,8.0,2001000.0,96.0
2025,12,3,1,1,25,3,1,5.0,1993000.0,47.0
2025,12,1,1,1,30,1,2,11.0,4924000.0,84.0
2025,12,1,1,2,31,1,2,5.0,860000.0,97.0
2025,12,1,1,1,25,1,2,4.0,2054000.0,10.0
2025,12,2,1,1,51,2,2,3.0,678000.0,1.0
2025,12,2,1,2,61,2,2,4.0,392000.0,15.0
2025,12,3,1,2,26,3,1,10.0,2504000.0,79.0
2025,12,1,1,1,44,1,2,3.0,2007000.0,1.0
2025,12,1,1,1,60,1,2,4.0,3777000.0,49.0
2025,12,1,1,1,34,1,2,11.0,16502000.0,46.0
2025,12,1,1,2,52,1,3,3.0,753000.0,1.0
2025,12,2,1,2,30,3,2,5.0,2732000.0,79.0
2025,12,1,1,2,27,1,2,10.0,4069000.0,84.0
2025,12,1,1,2,31,1,2,8.0,300000.0,97.0
2025,12,1,1,1,44,1,2,8.0,1626000.0,47.0
2025,12,1,1,2,69,1,3,3.0,0.0,47.0
2025,12,3,1,1,48,3,1,5.0,1056000.0,47.0
2025,12,3,1,2,37,6,2,10.0,1659000.0,11.0
2025,12,1,1,1,54,1,3,5.0,1875000.0,80.0
2025,12,2,1,2,39,2,2,3.0,116000.0,56.0
2025,12,1,1,2,41,1,3,5.0,797000.0,56.0
2025,12,3,1,2,36,3,1,5.0,1026000.0,47.0
2025,12,3,1,2,26,3,1,10.0,3963000.0,84.0
2025,12,2,1,2,29,2,2,5.0,527000.0,85.0
2025,12,6,1,2,18,13,2,4.0,253000.0,38.0
2025,12,1,1,1,62,1,3,1.0,420000.0,1.0
2025,12,3,1,2,28,3,3,5.0,1416000.0,47.0
2025,12,1,1,2,40,1,1,11.0,4941000.0,46.0
2025,12,3,1,1,30,3,1,8.0,781000.0,90.0
2025,12,2,1,2,42,2,3,12.0,4858000.0,86.0
2025,12,2,1,1,30,3,1,5.0,2361000.0,47.0
2025,12,2,1,2,24,2,2,8.0,1482000.0,61.0
2025,12,2,1,2,66,2,3,8.0,1154000.0,56.0
2025,12,1,1,2,32,1,2,3.0,245000.0,47.0
2025,12,1,1,2,32,1,2,10.0,1509000.0,97.0
2025,12,3,1,2,21,3,1,5.0,998000.0,96.0
2025,12,1,1,1,49,1,2,9.0,1969000.0,20.0
2025,12,2,1,2,30,2,2,6.0,1412000.0,56.0
2025,12,1,1,2,41,1,2,8.0,2923000.0,96.0
2025,12,3,1,2,37,8,1,5.0,1340000.0,56.0
2025,12,1,1,2,64,1,3,3.0,1188000.0,81.0
2025,12,1,1,2,27,1,2,5.0,337000.0,97.0
2025,12,1,1,1,41,1,3,3.0,2005000.0,23.0
2025,12,1,1,1,25,1,2,10.0,2866000.0,93.0
2025,12,1,1,2,49,1,2,3.0,1709000.0,81.0
2025,12,2,1,1,20,2,2,4.0,1032000.0,49.0
2025,12,1,1,1,53,1,3,3.0,5388000.0,49.0
2025,12,1,1,2,46,1,2,3.0,1015000.0,47.0
2025,12,1,1,1,49,1,2,5.0,1650000.0,53.0
2025,12,2,1,1,44,2,3,4.0,1332000.0,47.0
2025,12,1,1,2,42,1,3,3.0,500000.0,81.0
2025,12,1,1,1,54,1,3,5.0,3182000.0,46.0
2025,12,2,1,2,26,3,1,10.0,764000.0,85.0
2025,12,2,1,1,36,2,3,4.0,2273000.0,1.0
2025,12,1,1,1,54,1,3,3.0,2013000.0,41.0
2025,12,1,1,2,44,1,2,5.0,1464000.0,55.0
2025,12,1,1,2,34,1,3,3.0,886000.0,56.0
2025,12,2,1,1,25,3,1,10.0,1040000.0,49.0
2025,12,2,1,1,38,3,2,3.0,1491000.0,49.0
2025,12,1,1,1,51,1,3,13.0,7468000.0,85.0
2025,12,2,1,2,60,3,1,5.0,2156000.0,14.0
2025,12,1,1,2,37,1,2,4.0,708000.0,81.0
2025,12,3,1,2,47,4,2,3.0,2514000.0,97.0
2025,12,1,1,1,43,1,3,10.0,3533000.0,52.0
2025,12,2,1,2,51,2,2,10.0,1070000.0,56.0
2025,12,3,1,1,27,3,1,6.0,1732000.0,14.0
2025,12,1,1,2,48,1,2,13.0,12623000.0,84.0
2025,12,1,1,1,62,1,2,1.0,591000.0,1.0
2025,12,1,1,1,34,1,2,5.0,2876000.0,53.0
2025,12,2,1,1,20,2,2,4.0,5049000.0,7.0
2025,12,1,1,2,50,1,2,3.0,733000.0,81.0
2025,12,2,1,1,37,3,1,5.0,2327000.0,56.0
2025,12,4,1,2,34,3,1,4.0,256000.0,15.0
2025,12,1,1,1,42,1,2,5.0,487000.0,49.0
2025,12,1,1,1,42,1,3,3.0,1623000.0,41.0
2025,12,2,1,1,41,3,1,5.0,1058000.0,56.0
2025,12,1,1,2,70,1,3,5.0,1685000.0,47.0
2025,12,1,1,2,42,1,2,10.0,5290000.0,85.0
2025,12,2,1,2,59,2,2,4.0,728000.0,56.0
2025,12,1,1,1,41,1,3,5.0,2428000.0,47.0
2025,12,4,1,1,24,3,1,5.0,1506000.0,53.0
2025,12,1,1,2,34,1,2,5.0,1395000.0,81.0
2025,12,4,1,2,59,5,3,3.0,901000.0,97.0
2025,12,1,1,1,32,1,2,5.0,2374000.0,49.0
2025,12,1,1,1,42,1,2,3.0,1822000.0,41.0
2025,12,3,1,1,27,3,1,4.0,690000.0,3.0
2025,12,2,1,1,47,3,1,4.0,966000.0,49.0
2025,12,2,1,1,30,3,1,8.0,2134000.0,27.0
2025,12,1,1,2,35,1,2,4.0,1122000.0,97.0
2025,12,2,1,2,23,3,1,8.0,1489000.0,86.0
2025,12,2,1,2,47,3,3,5.0,1355000.0,81.0
2025,12,3,1,2,28,3,1,6.0,951000.0,47.0
2025,12,2,1,2,38,2,2,5.0,3417000.0,45.0
2025,12,2,1,2,54,2,2,10.0,3230000.0,84.0
2025,12,1,1,1,72,1,3,5.0,10260000.0,94.0
2025,12,1,1,2,36,1,1,10.0,5542000.0,94.0
2025,12,4,1,1,31,7,2,5.0,1971000.0,1.0
2025,12,1,1,2,45,1,2,5.0,873000.0,47.0
2025,12,1,1,2,40,1,2,5.0,1230000.0,47.0
2025,12,5,1,1,36,8,2,3.0,626000.0,42.0
2025,12,1,1,1,29,1,2,10.0,1847000.0,47.0
2025,12,2,1,2,26,3,1,10.0,1238000.0,86.0
2025,12,3,1,1,31,7,2,5.0,3605000.0,66.0
2025,12,1,1,1,61,1,2,1.0,281000.0,10.0
2025,12,1,1,2,51,1,1,11.0,6233000.0,56.0
2025,12,1,1,1,50,1,3,3.0,706000.0,7.0
2025,12,1,1,1,39,1,2,5.0,752000.0,47.0
2025,12,1,1,1,34,1,2,5.0,1625000.0,56.0
2025,12,1,1,2,26,1,3,4.0,755000.0,56.0
2025,12,1,1,2,20,1,1,10.0,0.0,82.0
2025,12,2,1,2,50,2,1,8.0,0.0,88.0
2025,12,1,1,1,36,1,2,8.0,4152000.0,43.0
2025,12,2,1,2,35,2,2,9.0,1549000.0,14.0
2025,12,1,1,2,85,1,3,1.0,173000.0,56.0
2025,12,1,1,2,77,1,3,3.0,210000.0,47.0
2025,12,3,1,1,35,3,1,5.0,2225000.0,46.0
2025,12,1,1,1,59,1,2,3.0,1232000.0,1.0
2025,12,2,1,1,35,2,2,9.0,1600000.0,56.0
2025,12,1,1,2,47,1,2,3.0,1395000.0,56.0
2025,12,1,1,1,67,1,2,11.0,2776000.0,81.0
2025,12,2,1,2,31,2,2,10.0,3464000.0,93.0
2025,12,2,1,2,73,2,3,1.0,718000.0,10.0
2025,12,2,1,2,52,2,3,5.0,1084000.0,56.0
2025,12,1,1,2,56,1,2,5.0,7011000.0,84.0
2025,12,1,1,1,46,1,2,5.0,1219000.0,52.0
2025,12,2,1,2,46,2,3,3.0,1032000.0,96.0
2025,12,3,1,2,52,3,1,5.0,1864000.0,85.0
2025,12,1,1,2,31,1,2,3.0,367000.0,7.0
2025,12,1,1,2,56,1,3,3.0,859000.0,47.0
2025,12,1,1,2,60,1,2,5.0,1339000.0,96.0
2025,12,2,1,2,28,3,3,8.0,1968000.0,49.0
2025,12,1,1,1,63,1,3,4.0,1970000.0,47.0
2025,12,3,1,2,25,3,1,10.0,2734000.0,84.0
2025,12,2,1,2,34,2,2,5.0,1126000.0,56.0
2025,12,1,1,2,39,1,2,8.0,1538000.0,82.0
2025,12,1,1,1,43,1,2,10.0,2683000.0,46.0
2025,12,1,1,1,39,1,2,3.0,2076000.0,47.0
2025,12,2,1,1,32,3,1,5.0,3271000.0,47.0
2025,12,1,1,1,33,1,2,5.0,2435000.0,49.0
2025,12,2,1,2,32,2,2,10.0,2487000.0,75.0
2025,12,1,1,1,54,1,2,10.0,13191000.0,71.0
2025,12,2,1,2,28,2,2,10.0,1717000.0,61.0
2025,12,2,1,1,29,3,1,5.0,969000.0,43.0
2025,12,4,1,1,21,3,2,4.0,1799000.0,56.0
2025,12,2,1,2,47,2,2,10.0,2363000.0,86.0
2025,12,1,1,1,33,1,3,5.0,1768000.0,25.0
2025,12,2,1,2,56,2,3,3.0,305000.0,47.0
2025,12,1,1,2,33,1,2,5.0,0.0,47.0
2025,12,2,1,2,43,2,2,12.0,2706000.0,86.0
2025,12,2,1,1,51,2,2,5.0,1940000.0,10.0
2025,12,1,1,1,37,1,2,5.0,267000.0,56.0
2025,12,3,1,2,20,3,1,8.0,1575000.0,29.0
2025,12,2,1,2,27,2,2,8.0,1602000.0,86.0
2025,12,1,1,1,71,1,3,3.0,509000.0,1.0
2025,12,2,1,2,35,2,2,3.0,856000.0,97.0
2025,12,3,1,2,57,4,2,3.0,1251000.0,35.0
2025,12,2,1,1,42,2,2,10.0,2171000.0,71.0
2025,12,1,1,2,43,1,3,4.0,681000.0,97.0
2025,12,3,1,1,32,3,1,5.0,2017000.0,13.0
2025,12,2,1,2,67,2,3,11.0,4877000.0,85.0
2025,12,3,1,2,25,3,1,3.0,1588000.0,47.0
2025,12,1,1,1,54,1,3,3.0,1108000.0,42.0
2025,12,2,1,1,69,2,3,3.0,2102000.0,97.0
2025,12,1,1,2,45,1,2,8.0,1391000.0,47.0
2025,12,1,1,2,54,1,2,1.0,100000.0,56.0
2025,12,1,1,1,33,1,2,4.0,2031000.0,49.0
2025,12,2,1,1,59,2,3,3.0,693000.0,56.0
2025,12,1,1,1,52,1,2,3.0,3439000.0,45.0
2025,12,1,1,2,31,1,2,10.0,3981000.0,64.0
2025,12,1,1,1,21,1,2,4.0,1892000.0,41.0
2025,12,1,1,2,24,1,2,8.0,1296000.0,56.0
2025,12,1,1,2,40,1,2,5.0,849000.0,47.0
2025,12,2,1,2,53,2,2,3.0,1514000.0,97.0
2025,12,2,1,2,35,9,2,11.0,4885000.0,84.0
2025,12,1,1,2,25,1,2,5.0,1751000.0,56.0
2025,12,1,1,2,44,1,2,5.0,1617000.0,97.0
2025,12,1,1,1,42,1,3,4.0,1674000.0,56.0
2025,12,1,1,1,31,1,2,10.0,745000.0,47.0
2025,12,4,1,1,22,9,2,5.0,753000.0,47.0
2025,12,1,1,1,60,1,2,5.0,258000.0,47.0
2025,12,3,1,2,51,4,2,4.0,0.0,14.0
2025,12,1,1,1,34,1,2,11.0,4166000.0,84.0
2025,12,1,1,1,43,1,1,5.0,179000.0,95.0
2025,12,2,1,2,20,3,1,8.0,1189000.0,96.0
2025,12,1,1,1,62,1,3,4.0,1355000.0,41.0
2025,12,3,1,2,38,3,1,5.0,400000.0,47.0
2025,12,1,1,1,59,1,3,3.0,503000.0,13.0
2025,12,1,1,1,55,1,2,5.0,604000.0,49.0
2025,12,1,1,2,27,1,2,8.0,1558000.0,84.0
2025,12,2,1,1,24,3,1,9.0,982000.0,10.0
2025,12,3,1,1,28,3,1,6.0,742000.0,1.0
2025,12,2,1,2,24,2,2,10.0,1363000.0,49.0
2025,12,1,1,2,29,1,2,5.0,1548000.0,10.0
2025,12,2,1,1,32,2,2,10.0,671000.0,1.0
2025,12,1,1,2,22,1,2,5.0,2265000.0,86.0
2025,12,1,1,2,52,1,3,8.0,1237000.0,96.0
2025,12,1,1,2,41,1,2,10.0,319000.0,85.0
2025,12,2,1,1,25,2,2,5.0,1815000.0,46.0
2025,12,1,1,1,64,1,2,8.0,5886000.0,49.0
2025,12,1,1,1,22,1,2,4.0,2519000.0,49.0
2025,12,1,1,2,22,1,2,8.0,1286000.0,86.0
2025,12,1,1,1,50,1,2,11.0,6238000.0,85.0
2025,12,1,1,2,42,1,2,5.0,674000.0,81.0
2025,12,3,1,1,37,3,1,5.0,2135000.0,49.0
2025,12,2,1,1,51,2,3,1.0,1133000.0,49.0
2025,12,1,1,2,50,1,2,3.0,976000.0,1.0
2025,12,4,1,2,34,3,1,9.0,1189000.0,47.0
2025,12,1,1,1,29,1,2,5.0,796000.0,7.0
2025,12,3,1,1,25,6,2,5.0,2208000.0,96.0
2025,12,1,1,1,31,1,2,8.0,3378000.0,1.0
2025,12,2,1,2,38,2,2,5.0,1361000.0,47.0
2025,12,4,1,1,25,7,2,4.0,1990000.0,31.0
2025,12,2,1,1,47,2,2,8.0,2171000.0,63.0
2025,12,1,1,1,38,1,2,5.0,1929000.0,64.0
2025,12,1,1,2,35,1,2,4.0,1616000.0,81.0
2025,12,3,1,2,25,3,1,10.0,2275000.0,85.0
2025,12,2,1,1,44,3,1,5.0,2679000.0,10.0
2025,12,1,1,1,30,1,2,5.0,1244000.0,47.0
2025,12,1,1,1,67,1,3,10.0,4082000.0,71.0
2025,12,2,1,1,43,3,1,3.0,1354000.0,41.0
2025,12,2,1,2,32,2,2,10.0,0.0,41.0
2025,12,1,1,2,27,1,2,5.0,1153000.0,47.0
2025,12,2,1,1,45,2,2,5.0,2233000.0,41.0
2025,12,1,1,1,50,1,2,3.0,2439000.0,56.0
2025,12,1,1,1,46,1,2,3.0,1436000.0,46.0
2025,12,1,1,2,23,1,2,10.0,1990000.0,62.0
2025,12,1,1,2,37,1,2,10.0,3664000.0,69.0
2025,12,1,1,1,30,1,2,5.0,1969000.0,10.0
2025,12,1,1,2,43,1,2,10.0,514000.0,47.0
2025,12,1,1,2,23,1,2,10.0,2103000.0,85.0
2025,12,3,1,2,50,3,1,4.0,889000.0,47.0
2025,12,1,1,2,26,1,2,10.0,1256000.0,65.0
2025,12,1,1,2,21,1,2,4.0,718000.0,56.0
2025,12,1,1,1,46,1,2,5.0,2099000.0,95.0
2025,12,1,1,2,44,1,2,5.0,1390000.0,46.0
2025,12,1,1,2,36,1,2,5.0,1277000.0,86.0
2025,12,1,1,2,38,1,2,10.0,2827000.0,84.0
2025,12,1,1,1,50,1,2,5.0,5117000.0,49.0
2025,12,2,1,2,40,3,1,3.0,1046000.0,14.0
2025,12,2,1,2,33,3,1,5.0,1881000.0,14.0
2025,12,2,1,2,27,3,2,10.0,7222000.0,64.0
2025,12,2,1,1,55,2,2,5.0,7481000.0,47.0
2025,12,1,1,2,33,1,2,10.0,2342000.0,69.0
2025,12,1,1,2,35,1,2,8.0,1190000.0,56.0
2025,12,2,1,1,40,2,2,10.0,8840000.0,35.0
2025,12,6,1,2,39,3,1,9.0,1091000.0,46.0
2025,12,2,1,2,40,2,2,8.0,2047000.0,86.0
2025,12,2,1,2,30,2,2,7.0,2641000.0,85.0
2025,12,3,1,1,22,3,1,5.0,655000.0,1.0
2025,12,1,1,2,26,1,2,10.0,5897000.0,73.0
2025,12,1,1,1,45,1,2,3.0,17055000.0,47.0
2025,12,2,1,1,57,2,3,3.0,1023000.0,3.0
2025,12,2,1,2,54,2,2,1.0,286000.0,47.0
2025,12,1,1,2,61,1,3,5.0,1449000.0,97.0
2025,12,2,1,2,41,3,1,10.0,2410000.0,62.0
2025,12,1,1,2,44,1,2,3.0,481000.0,97.0
2025,12,2,1,1,34,3,1,5.0,1768000.0,47.0
2025,12,1,1,1,53,1,2,4.0,1838000.0,36.0
2025,12,2,1,1,32,2,2,3.0,2141000.0,1.0
2025,12,2,1,2,38,2,2,4.0,1198000.0,47.0
2025,12,1,1,1,31,1,2,8.0,2359000.0,69.0
2025,12,4,1,1,70,4,3,1.0,1143000.0,41.0
2025,12,2,1,1,22,13,2,5.0,2772000.0,47.0
2025,12,2,1,2,45,2,2,11.0,5187000.0,41.0
2025,12,1,1,1,32,1,2,5.0,2614000.0,41.0
2025,12,2,1,2,44,9,3,5.0,1408000.0,10.0
2025,12,2,1,1,39,6,2,3.0,946000.0,1.0
2025,12,1,1,1,37,1,2,8.0,0.0,84.0
2025,12,1,1,2,56,1,3,3.0,1059000.0,81.0
2025,12,2,1,2,29,2,2,6.0,952000.0,96.0
2025,12,2,1,2,47,2,2,10.0,4806000.0,85.0
2025,12,5,1,1,18,9,2,5.0,1363000.0,96.0
2025,12,1,1,1,47,1,3,11.0,9461000.0,84.0
2025,12,1,1,1,30,1,2,10.0,1417000.0,79.0
2025,12,1,1,2,50,1,2,4.0,0.0,14.0
2025,12,1,1,1,38,1,3,10.0,2875000.0,85.0
2025,12,1,1,2,55,1,2,5.0,411000.0,47.0
2025,12,1,1,1,46,1,2,5.0,3022000.0,41.0
2025,12,1,1,2,33,1,2,5.0,1656000.0,56.0
2025,12,1,1,1,26,1,2,10.0,2657000.0,41.0
2025,12,1,1,1,41,1,2,8.0,3229000.0,42.0
2025,12,1,1,1,34,1,2,9.0,4103000.0,84.0
2025,12,2,1,2,39,3,1,5.0,1322000.0,47.0
2025,12,3,1,1,27,3,1,10.0,2894000.0,84.0
2025,12,2,1,1,44,3,2,8.0,2604000.0,61.0
2025,12,1,1,2,29,1,2,10.0,2037000.0,46.0
2025,12,4,1,2,32,7,2,5.0,441000.0,15.0
2025,12,1,1,1,57,1,3,3.0,1724000.0,1.0
2025,12,1,1,1,46,1,2,1.0,1841000.0,1.0
2025,12,1,1,2,23,1,2,10.0,1276000.0,73.0
2025,12,2,1,1,56,3,1,5.0,2177000.0,49.0
2025,12,2,1,1,22,3,1,5.0,1981000.0,46.0
2025,12,3,1,2,28,3,1,8.0,1479000.0,47.0
2025,12,2,1,2,37,2,2,5.0,1632000.0,56.0
2025,12,1,1,1,66,1,2,4.0,2232000.0,47.0
2025,12,1,1,1,63,1,1,5.0,495000.0,47.0
2025,12,1,1,2,31,1,2,5.0,1386000.0,47.0
2025,12,1,1,2,46,1,2,9.0,529000.0,32.0
2025,12,1,1,1,43,1,2,5.0,1094000.0,31.0
2025,12,1,1,2,32,1,2,3.0,520000.0,56.0
2025,12,6,1,1,40,7,2,5.0,772000.0,47.0
2025,12,1,1,1,31,1,2,5.0,2158000.0,45.0
2025,12,5,1,2,22,3,1,8.0,1323000.0,49.0
2025,12,1,1,1,29,1,2,12.0,17734000.0,62.0
2025,12,1,1,2,20,1,2,5.0,507000.0,56.0
2025,12,2,1,2,29,2,2,8.0,1364000.0,88.0
2025,12,1,1,2,35,1,2,5.0,1930000.0,47.0
2025,12,2,1,1,38,7,2,8.0,5012000.0,84.0
2025,12,2,1,2,61,2,3,10.0,1752000.0,85.0
2025,12,1,1,2,31,1,2,10.0,2173000.0,61.0
2025,12,3,1,1,45,3,2,3.0,1192000.0,1.0
2025,12,1,1,1,39,1,1,5.0,1904000.0,45.0
2025,12,4,1,1,35,7,2,5.0,2234000.0,46.0
2025,12,2,1,2,61,3,1,10.0,634000.0,47.0
2025,12,4,1,1,20,7,2,5.0,608000.0,41.0
2025,12,1,1,2,57,1,3,3.0,269000.0,1.0
2025,12,2,1,1,67,2,3,3.0,1983000.0,49.0
2025,12,1,1,1,34,1,2,5.0,863000.0,52.0
2025,12,1,1,2,30,1,2,5.0,464000.0,96.0
2025,12,2,1,2,31,3,1,5.0,0.0,47.0
2025,12,1,1,2,59,1,3,1.0,0.0,1.0
2025,12,2,1,1,49,2,2,8.0,5725000.0,80.0
2025,12,2,1,1,32,2,2,4.0,1812000.0,79.0
2025,12,3,1,2,56,3,1,10.0,2602000.0,69.0
2025,12,2,1,2,31,2,2,5.0,149000.0,47.0
2025,12,2,1,2,53,2,2,5.0,323000.0,47.0
2025,12,2,1,2,28,3,1,8.0,1184000.0,14.0
2025,12,3,1,1,39,3,1,1.0,1247000.0,3.0
2025,12,2,1,2,20,3,1,9.0,728000.0,97.0
2025,12,2,1,2,25,2,2,5.0,1046000.0,56.0
2025,12,1,2,2,42,1,2,10.0,2286000.0,73.0
2025,12,1,1,2,35,1,2,10.0,2668000.0,78.0
2025,12,1,1,2,46,1,2,3.0,388000.0,47.0
2025,12,1,1,1,81,1,3,5.0,2348000.0,47.0
2025,12,2,1,2,43,2,2,9.0,2771000.0,45.0
2025,12,3,1,2,30,3,1,5.0,733000.0,56.0
2025,12,1,1,2,52,1,2,5.0,368000.0,47.0
2025,12,1,1,1,43,1,2,8.0,2788000.0,86.0
2025,12,2,1,1,43,2,2,4.0,2803000.0,25.0
2025,12,2,1,2,24,3,1,5.0,1151000.0,1.0
2025,12,1,1,1,41,1,2,10.0,443000.0,95.0
2025,12,3,1,1,49,9,2,4.0,1871000.0,49.0
2025,12,2,1,2,30,2,2,4.0,423000.0,56.0
2025,12,1,1,1,60,1,3,6.0,724000.0,47.0
2025,12,1,1,2,36,1,2,5.0,1110000.0,97.0
2025,12,1,1,2,32,1,2,10.0,2804000.0,77.0
2025,12,1,1,2,36,1,1,10.0,4624000.0,21.0
2025,12,1,1,2,27,1,2,5.0,1602000.0,56.0
2025,12,4,1,1,21,3,1,5.0,2164000.0,25.0
2025,12,2,1,2,39,2,3,5.0,455000.0,14.0
2025,12,3,1,2,21,3,1,5.0,2005000.0,14.0
2025,12,2,1,1,60,2,3,1.0,412000.0,52.0
2025,12,3,1,2,50,3,1,11.0,6956000.0,86.0
2025,12,1,1,1,67,1,3,12.0,11948000.0,85.0
2025,12,3,1,1,47,3,1,8.0,2280000.0,52.0
2025,12,3,1,1,22,3,1,5.0,1837000.0,49.0
2025,12,1,1,1,56,1,2,10.0,2757000.0,84.0
2025,12,1,1,2,46,1,2,5.0,1666000.0,86.0
2025,12,1,1,2,38,1,2,5.0,1903000.0,47.0
2025,12,1,1,2,54,1,3,3.0,0.0,81.0
2025,12,2,1,2,35,2,2,10.0,0.0,56.0
2025,12,1,1,2,69,1,2,8.0,1258000.0,96.0
2025,12,1,1,1,34,1,2,10.0,3657000.0,47.0
2025,12,3,1,1,26,3,1,10.0,1579000.0,71.0
2025,12,1,1,1,40,1,2,3.0,2514000.0,1.0
2025,12,1,1,1,50,1,3,1.0,3474000.0,16.0
2025,12,1,1,2,56,1,3,11.0,1566000.0,15.0
2025,12,2,1,2,35,2,3,5.0,1527000.0,47.0
2025,12,3,1,2,49,3,1,5.0,1772000.0,86.0
2025,12,1,1,1,32,1,2,4.0,1773000.0,47.0
2025,12,1,1,2,51,1,2,5.0,1147000.0,14.0
2025,12,1,1,2,49,1,3,5.0,116000.0,1.0
2025,12,2,1,2,41,10,2,8.0,1321000.0,97.0
2025,12,6,1,2,25,13,2,5.0,315000.0,56.0
2025,12,1,1,2,66,1,3,5.0,468000.0,14.0
2025,12,1,1,1,46,1,2,10.0,4554000.0,85.0
2025,12,1,1,2,41,1,3,3.0,137000.0,56.0
2025,12,1,1,2,25,1,2,4.0,226000.0,56.0
2025,12,1,1,2,44,1,2,3.0,586000.0,32.0
2025,12,1,1,2,48,1,2,3.0,216000.0,47.0
2025,12,1,1,1,43,1,2,5.0,1406000.0,56.0
2025,12,2,1,1,41,2,2,3.0,1944000.0,41.0
2025,12,2,1,2,58,2,2,3.0,345000.0,47.0
2025,12,2,1,2,39,2,2,8.0,1101000.0,97.0
2025,12,1,1,2,56,1,2,5.0,2126000.0,47.0
2025,12,2,1,2,28,2,2,5.0,1237000.0,97.0
2025,12,1,1,2,45,1,2,5.0,2747000.0,47.0
2025,12,1,1,1,75,1,3,3.0,0.0,1.0
2025,12,2,1,1,23,3,2,4.0,2132000.0,96.0
2025,12,2,1,2,21,2,2,8.0,1414000.0,61.0
2025,12,1,1,1,44,1,2,8.0,1994000.0,38.0
2025,12,2,1,1,19,3,1,8.0,1303000.0,32.0
2025,12,3,1,2,31,3,1,10.0,2505000.0,75.0
2025,12,2,1,2,28,2,2,5.0,2419000.0,86.0
2025,12,1,1,2,28,1,2,10.0,3465000.0,65.0
2025,12,1,1,2,45,1,2,3.0,332000.0,97.0
2025,12,2,1,2,41,2,2,4.0,1044000.0,47.0
2025,12,1,1,2,41,1,2,10.0,2524000.0,64.0
2025,12,2,1,2,26,3,1,10.0,1318000.0,86.0
2025,12,2,1,2,29,2,2,10.0,2751000.0,86.0
2025,12,2,1,2,32,4,1,3.0,568000.0,56.0
2025,12,1,1,1,55,1,3,4.0,652000.0,47.0
2025,12,2,1,1,24,3,1,10.0,1837000.0,82.0
2025,12,1,1,2,27,1,3,5.0,0.0,96.0
2025,12,1,1,2,39,1,3,8.0,1329000.0,84.0
2025,12,1,1,2,33,1,2,8.0,1239000.0,47.0
2025,12,1,1,2,62,1,2,3.0,273000.0,81.0
2025,12,1,1,1,64,1,3,1.0,1270000.0,1.0
2025,12,1,1,2,54,1,3,8.0,1429000.0,88.0
2025,12,1,1,2,47,1,3,4.0,1063000.0,56.0
2025,12,3,1,1,27,3,1,3.0,867000.0,23.0
2025,12,1,1,1,44,1,2,4.0,1846000.0,32.0
2025,12,4,1,2,32,9,2,11.0,4244000.0,84.0
2025,12,1,1,2,49,1,1,11.0,4656000.0,85.0
2025,12,1,1,2,45,1,2,5.0,0.0,97.0
2025,12,1,1,1,49,1,2,5.0,3179000.0,41.0
2025,12,1,1,1,55,1,3,3.0,1894000.0,41.0
2025,12,1,1,1,63,1,3,3.0,2555000.0,47.0
2025,12,1,1,2,42,1,1,9.0,1430000.0,85.0
2025,12,3,1,1,20,6,2,4.0,1844000.0,56.0
2025,12,1,1,1,50,1,2,3.0,1521000.0,1.0
2025,12,1,1,1,24,1,2,11.0,3448000.0,69.0
2025,12,1,1,1,49,1,2,4.0,715000.0,49.0
2025,12,1,1,1,42,1,2,8.0,2633000.0,41.0
2025,12,1,1,2,49,1,3,5.0,217000.0,47.0
2025,12,1,1,1,49,1,2,12.0,4067000.0,85.0
2025,12,3,1,2,27,3,1,10.0,1066000.0,47.0
2025,12,1,1,2,56,1,2,12.0,6828000.0,85.0
2025,12,2,1,1,77,2,3,10.0,1196000.0,85.0
2025,12,1,1,1,59,1,2,3.0,2869000.0,1.0
2025,12,1,1,1,25,1,2,10.0,567000.0,45.0
2025,12,1,1,2,56,1,2,5.0,1358000.0,88.0
2025,12,3,1,2,21,3,1,5.0,1055000.0,86.0
2025,12,1,1,2,41,1,2,5.0,760000.0,81.0
2025,12,1,1,1,56,1,2,3.0,1430000.0,1.0
2025,12,1,1,2,65,1,3,3.0,0.0,1.0
2025,12,1,1,1,56,1,2,3.0,1368000.0,1.0
2025,12,2,1,2,42,2,2,5.0,100000.0,56.0
2025,12,1,1,1,61,1,3,3.0,1902000.0,15.0
2025,12,1,1,1,37,1,3,3.0,735000.0,1.0
2025,12,2,1,2,26,6,3,4.0,1470000.0,56.0
2025,12,2,1,2,24,3,1,10.0,1052000.0,87.0
2025,12,1,1,1,44,1,2,5.0,1719000.0,72.0
2025,12,2,1,1,32,2,2,10.0,2791000.0,82.0
2025,12,1,1,1,57,1,2,8.0,7252000.0,84.0
2025,12,1,1,2,64,1,2,1.0,272000.0,96.0
2025,12,1,1,2,57,1,2,3.0,410000.0,32.0
2025,12,2,1,2,25,2,2,5.0,1492000.0,85.0
2025,12,2,1,2,48,2,2,3.0,524000.0,47.0
2025,12,4,1,1,21,8,2,5.0,1211000.0,49.0
2025,12,1,1,1,46,1,2,5.0,2063000.0,55.0
2025,12,1,1,2,67,1,2,4.0,158000.0,47.0
2025,12,3,1,2,51,3,1,10.0,2701000.0,74.0
2025,12,3,1,2,40,3,1,9.0,1265000.0,47.0
2025,12,1,1,2,54,1,2,3.0,298000.0,47.0
2025,12,1,1,1,55,1,2,9.0,3080000.0,84.0
2025,12,4,1,2,21,3,1,5.0,1568000.0,78.0
2025,12,1,1,1,40,1,2,5.0,2120000.0,49.0
2025,12,2,1,2,23,3,1,10.0,1181000.0,64.0
2025,12,2,1,2,55,2,3,1.0,232000.0,15.0
2025,12,2,1,1,33,2,2,5.0,1996000.0,79.0
2025,12,1,1,1,64,1,2,3.0,1373000.0,49.0
2025,12,2,1,2,29,2,2,10.0,2234000.0,45.0
2025,12,1,1,2,48,1,2,5.0,876000.0,81.0
2025,12,1,1,2,42,1,2,4.0,677000.0,81.0
2025,12,7,1,2,54,10,3,5.0,1335000.0,97.0
2025,12,1,1,1,59,1,3,3.0,1453000.0,3.0
2025,12,1,1,1,73,1,3,5.0,2389000.0,14.0
2025,12,1,1,1,32,1,2,10.0,9808000.0,84.0
2025,12,1,1,2,49,1,2,9.0,2824000.0,84.0
2025,12,3,1,1,38,3,1,10.0,4400000.0,56.0
2025,12,2,1,1,31,2,3,5.0,1197000.0,49.0
2025,12,3,1,1,32,3,1,5.0,3341000.0,84.0
2025,12,2,1,2,35,13,2,10.0,1492000.0,61.0
2025,12,1,1,1,29,1,2,4.0,1920000.0,49.0
2025,12,1,1,1,39,1,2,9.0,7792000.0,84.0
2025,12,3,1,1,21,3,1,5.0,1180000.0,25.0
2025,12,1,1,1,24,1,2,5.0,1909000.0,47.0
2025,12,1,1,2,25,1,2,10.0,1569000.0,86.0
2025,12,2,1,2,39,2,2,5.0,2096000.0,86.0
2025,12,2,1,2,29,2,2,10.0,148000.0,96.0
2025,12,1,1,1,69,1,3,3.0,1187000.0,47.0
2025,12,1,1,2,60,1,2,4.0,252000.0,10.0
2025,12,2,1,2,23,2,2,10.0,1382000.0,56.0
2025,12,2,1,2,30,2,2,5.0,104000.0,1.0
2025,12,2,1,1,27,3,1,5.0,687000.0,49.0
2025,12,3,1,2,20,3,1,5.0,1156000.0,1.0
2025,12,1,1,2,79,1,3,4.0,486000.0,47.0
2025,12,1,1,1,59,1,2,10.0,5937000.0,85.0
2025,12,1,1,2,25,1,2,5.0,889000.0,47.0
2025,12,1,1,2,38,1,2,5.0,1248000.0,92.0
2025,12,1,1,2,36,1,2,10.0,2079000.0,62.0
2025,12,1,1,2,51,1,2,4.0,1170000.0,84.0
2025,12,1,1,2,50,1,2,5.0,1800000.0,47.0
2025,12,1,1,1,62,1,3,3.0,712000.0,52.0
2025,12,3,1,1,41,3,1,3.0,733000.0,41.0
2025,12,2,1,2,31,2,2,10.0,1606000.0,87.0
2025,12,3,1,1,37,3,1,10.0,3939000.0,84.0
2025,12,2,1,2,29,3,1,5.0,814000.0,56.0
2025,12,1,1,1,34,1,3,4.0,2299000.0,47.0
2025,12,2,1,2,37,2,2,5.0,830000.0,32.0
2025,12,1,1,2,42,1,2,8.0,1131000.0,47.0
2025,12,1,1,2,37,1,2,5.0,2776000.0,97.0
2025,12,1,1,2,54,1,2,5.0,1517000.0,84.0
2025,12,1,1,1,65,1,3,8.0,2752000.0,86.0
2025,12,1,1,2,41,1,2,3.0,393000.0,81.0
2025,12,3,1,1,33,3,1,5.0,1652000.0,36.0
2025,12,1,1,1,41,1,2,5.0,1304000.0,49.0
2025,12,3,1,2,30,3,1,5.0,608000.0,81.0
2025,12,6,1,2,35,9,2,10.0,202000.0,56.0
2025,12,2,1,2,32,2,2,10.0,1634000.0,56.0
2025,12,1,1,2,43,1,1,8.0,1024000.0,53.0
2025,12,1,1,2,55,1,2,10.0,1411000.0,46.0
2025,12,1,1,2,46,1,2,3.0,686000.0,56.0
2025,12,1,1,1,29,1,2,8.0,2324000.0,27.0
2025,12,1,1,2,65,1,3,3.0,371000.0,38.0
2025,12,2,1,1,34,2,2,10.0,8167000.0,35.0
2025,12,1,1,1,35,1,2,10.0,6114000.0,56.0
2025,12,1,1,1,38,1,2,9.0,3252000.0,85.0
2025,12,2,1,1,35,2,2,4.0,0.0,47.0
2025,12,4,1,2,45,6,3,8.0,644000.0,97.0
2025,12,2,1,1,39,3,1,4.0,1091000.0,1.0
2025,12,1,1,1,47,1,2,10.0,6628000.0,71.0
2025,12,1,1,2,44,1,2,8.0,1804000.0,86.0
2025,12,2,1,2,33,2,2,10.0,3531000.0,64.0
2025,12,1,1,1,47,1,2,3.0,1486000.0,1.0
2025,12,2,1,1,44,2,2,3.0,1980000.0,5.0
2025,12,1,1,2,38,1,2,3.0,992000.0,56.0
2025,12,2,1,2,25,2,2,5.0,445000.0,81.0
2025,12,2,1,1,35,2,2,5.0,1071000.0,49.0
2025,12,2,1,1,56,2,2,5.0,2291000.0,11.0
2025,12,2,1,2,44,3,1,12.0,2796000.0,84.0
2025,12,4,1,1,37,7,3,5.0,1762000.0,56.0
2025,12,1,1,1,42,1,2,5.0,763000.0,43.0
2025,12,2,1,1,38,2,2,10.0,1697000.0,46.0
2025,12,1,1,1,49,1,2,5.0,1279000.0,45.0
2025,12,1,1,2,59,1,3,3.0,402000.0,97.0
2025,12,2,1,1,45,3,1,8.0,1782000.0,95.0
2025,12,2,1,1,56,2,2,5.0,1603000.0,1.0
2025,12,1,1,2,43,1,2,10.0,3409000.0,52.0
2025,12,1,1,1,67,1,3,1.0,2228000.0,1.0
2025,12,1,1,2,74,1,3,1.0,382000.0,31.0
2025,12,1,1,2,44,1,3,8.0,1226000.0,86.0
2025,12,3,1,1,49,6,3,5.0,1651000.0,46.0
2025,12,1,1,2,56,1,3,10.0,2907000.0,85.0
2025,12,1,1,1,57,1,3,10.0,17564000.0,41.0
2025,12,1,1,1,55,1,2,3.0,1595000.0,47.0
2025,12,2,1,2,47,2,2,10.0,4089000.0,84.0
2025,12,3,1,2,25,3,1,5.0,931000.0,56.0
2025,12,2,1,2,53,2,2,1.0,301000.0,15.0
2025,12,1,1,2,40,1,2,10.0,2637000.0,84.0
2025,12,1,1,2,39,1,2,5.0,1695000.0,56.0
2025,12,3,1,2,25,3,1,4.0,154000.0,47.0
2025,12,1,1,1,63,1,3,3.0,534000.0,41.0
2025,12,1,1,1,48,1,3,12.0,4848000.0,84.0
2025,12,1,1,2,49,1,3,5.0,1328000.0,14.0
2025,12,1,1,1,56,1,3,5.0,245000.0,47.0
2025,12,3,3,1,27,3,3,5.0,2247000.0,45.0
2025,12,2,1,1,36,2,2,5.0,1127000.0,52.0
2025,12,3,1,2,35,3,1,12.0,2415000.0,64.0
2025,12,1,1,1,27,1,2,6.0,3608000.0,47.0
2025,12,2,1,2,63,2,2,5.0,100000.0,32.0
2025,12,1,1,1,47,1,2,9.0,2018000.0,55.0
2025,12,2,1,2,55,2,2,5.0,112000.0,81.0
2025,12,3,1,1,28,3,1,5.0,2072000.0,47.0
2025,12,1,1,1,73,1,3,4.0,1749000.0,31.0
2025,12,1,1,2,35,1,2,6.0,2667000.0,90.0
2025,12,1,1,1,75,1,3,3.0,394000.0,56.0
2025,12,1,1,1,67,1,3,5.0,2216000.0,33.0
2025,12,1,1,2,49,1,2,10.0,3236000.0,86.0
2025,12,4,1,2,30,3,1,5.0,1467000.0,86.0
2025,12,4,1,2,35,3,1,13.0,4172000.0,85.0
2025,12,2,1,1,65,2,2,3.0,2005000.0,47.0
2025,12,1,1,1,49,1,3,5.0,2597000.0,45.0
2025,12,2,1,2,34,2,2,12.0,2781000.0,64.0
2025,12,1,1,1,47,1,3,8.0,2536000.0,1.0
2025,12,4,1,2,49,6,3,8.0,918000.0,56.0
2025,12,1,1,1,61,1,3,6.0,208000.0,31.0
2025,12,1,1,2,31,1,2,5.0,3628000.0,81.0
2025,12,4,1,2,22,3,1,5.0,1960000.0,10.0
2025,12,1,1,1,52,1,3,5.0,2370000.0,96.0
2025,12,3,1,2,38,3,1,5.0,0.0,68.0
2025,12,1,1,2,36,1,2,5.0,1278000.0,56.0
2025,12,2,1,2,39,2,2,5.0,421000.0,15.0
2025,12,3,1,1,30,3,1,9.0,1880000.0,86.0
2025,12,1,1,2,44,1,2,5.0,1609000.0,86.0
2025,12,2,1,1,57,2,2,1.0,1423000.0,1.0
2025,12,1,1,2,43,1,3,3.0,840000.0,47.0
2025,12,2,1,2,56,2,2,4.0,848000.0,81.0
2025,12,1,1,1,45,1,1,3.0,484000.0,1.0
2025,12,1,1,1,52,1,2,5.0,1421000.0,41.0
2025,12,1,1,1,71,1,3,3.0,371000.0,1.0
2025,12,1,1,2,40,1,2,5.0,1339000.0,45.0
2025,12,1,1,2,44,1,3,10.0,1367000.0,88.0
2025,12,2,1,2,41,2,2,5.0,1597000.0,97.0
2025,12,2,1,1,32,2,2,5.0,3438000.0,49.0
2025,12,1,1,2,32,1,2,5.0,1226000.0,56.0
2025,12,1,1,1,29,1,2,5.0,999000.0,7.0
2025,12,1,1,2,59,1,3,5.0,100000.0,56.0
2025,12,1,1,1,67,1,3,3.0,759000.0,52.0
2025,12,2,1,2,29,2,2,5.0,326000.0,96.0
2025,12,3,1,1,22,3,1,4.0,1873000.0,41.0
2025,12,2,1,2,33,2,2,11.0,2567000.0,69.0
2025,12,1,1,1,39,1,3,5.0,1975000.0,55.0
2025,12,1,1,1,25,1,2,8.0,2854000.0,10.0
2025,12,3,1,2,28,3,1,8.0,461000.0,85.0
2025,12,2,1,1,68,2,2,12.0,2901000.0,85.0
2025,12,1,1,2,47,1,2,4.0,814000.0,97.0
2025,12,2,1,1,40,2,2,5.0,1059000.0,47.0
2025,12,1,1,1,42,1,2,3.0,2124000.0,43.0
2025,12,3,1,2,23,3,1,10.0,1229000.0,94.0
2025,12,1,1,2,44,1,1,3.0,1009000.0,81.0
2025,12,1,1,1,40,1,2,5.0,0.0,49.0
2025,12,1,1,2,43,1,1,8.0,1102000.0,47.0
2025,12,2,1,2,57,2,3,5.0,1282000.0,81.0
2025,12,1,1,1,45,1,3,5.0,1743000.0,47.0
2025,12,2,1,2,34,2,2,10.0,2297000.0,47.0
2025,12,1,1,1,61,1,3,3.0,564000.0,96.0
2025,12,1,1,1,27,1,3,5.0,2230000.0,47.0
2025,12,2,1,1,40,3,1,5.0,750000.0,49.0
2025,12,6,1,2,40,3,1,5.0,1206000.0,47.0
2025,12,1,1,1,36,1,2,5.0,5669000.0,47.0
2025,12,4,1,2,45,9,2,8.0,1249000.0,65.0
2025,12,4,1,1,39,13,2,5.0,910000.0,47.0
2025,12,2,1,2,50,6,3,10.0,3228000.0,84.0
2025,12,1,1,1,63,1,2,9.0,1064000.0,53.0
2025,12,2,1,2,40,2,2,5.0,1058000.0,47.0
2025,12,1,1,1,68,1,3,9.0,629000.0,71.0
2025,12,1,1,1,28,1,2,5.0,5447000.0,86.0
2025,12,3,1,1,54,6,3,8.0,4088000.0,49.0
2025,12,7,1,1,45,6,1,5.0,442000.0,49.0
2025,12,1,1,1,59,1,3,1.0,908000.0,47.0
2025,12,2,1,2,65,2,2,3.0,919000.0,56.0
2025,12,1,1,2,47,1,3,5.0,1376000.0,47.0
2025,12,2,1,2,48,2,2,11.0,3158000.0,69.0
2025,12,6,1,1,41,7,2,3.0,1537000.0,49.0
2025,12,1,1,2,34,1,3,4.0,190000.0,81.0
2025,12,1,1,2,42,1,2,8.0,1190000.0,86.0
2025,12,4,1,2,30,3,1,5.0,1377000.0,47.0
2025,12,1,1,2,30,1,2,10.0,822000.0,47.0
2025,12,1,1,2,57,1,2,5.0,220000.0,96.0
2025,12,2,1,2,19,2,2,5.0,587000.0,96.0
2025,12,4,1,1,50,7,2,8.0,2530000.0,52.0
2025,12,2,1,1,24,3,1,10.0,1675000.0,42.0
2025,12,3,1,2,51,3,1,13.0,8513000.0,85.0
2025,12,2,1,2,44,2,3,3.0,1696000.0,55.0
2025,12,2,1,2,26,8,2,5.0,836000.0,10.0
2025,12,3,1,1,24,3,1,5.0,444000.0,41.0
2025,12,1,1,2,29,1,2,8.0,1114000.0,47.0
2025,12,1,1,1,49,1,3,5.0,4565000.0,84.0
2025,12,1,1,1,38,1,2,5.0,2083000.0,1.0
2025,12,1,1,1,57,1,3,5.0,1386000.0,43.0
2025,12,1,1,1,53,1,3,1.0,911000.0,49.0
2025,12,4,1,2,29,7,2,12.0,3401000.0,85.0
2025,12,1,1,1,63,1,3,5.0,2475000.0,84.0
2025,12,2,1,2,50,2,2,8.0,1275000.0,84.0
2025,12,1,1,1,29,1,2,12.0,3503000.0,64.0
2025,12,6,1,2,26,8,1,10.0,3502000.0,85.0
2025,12,1,1,2,62,1,3,12.0,5641000.0,85.0
2025,12,2,1,1,29,3,1,5.0,1703000.0,49.0
2025,12,2,1,1,28,2,2,8.0,2275000.0,86.0
2025,12,2,1,1,65,3,1,10.0,6245000.0,84.0
2025,12,1,1,1,49,1,2,10.0,2585000.0,61.0
2025,12,1,1,1,29,1,3,3.0,1513000.0,47.0
2025,12,2,1,1,37,2,2,10.0,8560000.0,47.0
2025,12,3,1,1,32,3,2,3.0,1242000.0,49.0
2025,12,2,1,1,52,2,2,5.0,2114000.0,25.0
2025,12,2,1,2,33,2,2,5.0,953000.0,96.0
2025,12,2,1,2,21,3,1,8.0,1221000.0,93.0
2025,12,1,1,2,20,1,2,5.0,906000.0,10.0
2025,12,1,1,1,45,1,2,10.0,382000.0,49.0
2025,12,3,1,1,45,3,1,11.0,7110000.0,86.0
2025,12,3,1,2,29,3,1,4.0,901000.0,97.0
2025,12,2,1,2,44,2,2,3.0,902000.0,38.0
2025,12,1,1,2,42,1,3,12.0,436000.0,10.0
2025,12,6,1,1,24,9,2,5.0,3193000.0,27.0
2025,12,1,1,2,68,1,3,3.0,135000.0,47.0
2025,12,2,1,2,30,2,2,5.0,1337000.0,47.0
2025,12,2,1,2,24,3,1,5.0,530000.0,56.0
2025,12,2,1,2,49,2,1,11.0,2986000.0,85.0
2025,12,1,1,1,59,1,2,3.0,1179000.0,52.0
2025,12,3,1,2,24,8,1,9.0,2493000.0,65.0
2025,12,1,1,2,24,1,2,10.0,787000.0,56.0
2025,12,2,1,2,29,2,2,9.0,1659000.0,64.0
2025,12,1,1,2,35,1,2,5.0,401000.0,56.0
2025,12,1,1,2,34,1,2,8.0,1668000.0,47.0
2025,12,1,1,1,73,1,3,3.0,903000.0,1.0
2025,12,1,1,2,44,1,2,8.0,2416000.0,84.0
2025,12,2,1,1,37,2,2,1.0,1768000.0,15.0
2025,12,2,1,1,37,3,1,4.0,1557000.0,46.0
2025,12,2,1,2,25,3,3,10.0,2593000.0,86.0
2025,12,1,1,1,40,1,2,10.0,2340000.0,10.0
2025,12,4,1,1,61,9,1,3.0,1848000.0,43.0
2025,12,2,1,2,69,2,3,3.0,496000.0,47.0
2025,12,2,1,2,48,2,2,3.0,504000.0,81.0
2025,12,1,1,2,66,1,3,3.0,177000.0,47.0
2025,12,1,1,1,46,1,2,3.0,2144000.0,1.0
2025,12,1,1,2,56,1,3,1.0,0.0,14.0
2025,12,2,1,2,26,2,3,8.0,588000.0,1.0
2025,12,3,1,1,34,3,1,9.0,2632000.0,86.0
2025,12,2,1,2,59,2,2,5.0,1507000.0,56.0
2025,12,1,1,1,70,1,3,1.0,604000.0,92.0
2025,12,1,1,1,33,1,2,10.0,1500000.0,74.0
2025,12,2,1,2,32,2,3,10.0,3639000.0,84.0
2025,12,1,1,1,48,1,3,3.0,1545000.0,47.0
2025,12,1,2,1,18,1,2,5.0,1966000.0,56.0
2025,12,3,1,2,37,3,1,11.0,5059000.0,86.0
2025,12,1,1,2,41,1,2,5.0,407000.0,77.0
2025,12,2,1,2,41,2,2,10.0,1296000.0,86.0
2025,12,4,1,1,43,3,1,9.0,1286000.0,53.0
2025,12,1,1,1,29,1,2,5.0,1952000.0,41.0
2025,12,2,1,2,26,3,2,6.0,806000.0,82.0
2025,12,1,1,2,43,1,2,5.0,551000.0,96.0
2025,12,3,1,1,42,3,1,8.0,1674000.0,97.0
2025,12,1,1,2,54,1,2,11.0,4782000.0,85.0
2025,12,1,1,1,69,1,2,13.0,8891000.0,85.0
2025,12,1,1,2,58,1,3,5.0,1413000.0,86.0
2025,12,3,1,1,28,9,2,5.0,2152000.0,47.0
2025,12,2,1,1,28,3,1,5.0,839000.0,1.0
2025,12,1,1,1,81,1,3,1.0,1611000.0,1.0
2025,12,1,1,2,41,1,2,8.0,1765000.0,64.0
2025,12,1,1,2,43,1,2,3.0,100000.0,97.0
2025,12,1,1,2,72,1,3,3.0,345000.0,97.0
2025,12,3,1,1,23,3,1,5.0,2767000.0,56.0
2025,12,1,1,2,58,1,3,3.0,442000.0,10.0
2025,12,3,1,2,20,3,1,5.0,1399000.0,56.0
2025,12,1,1,1,56,1,3,5.0,1225000.0,47.0
2025,12,2,1,1,51,3,3,5.0,264000.0,45.0
2025,12,4,1,2,26,3,1,5.0,364000.0,96.0
2025,12,2,1,1,45,6,3,4.0,1665000.0,53.0
2025,12,5,1,2,40,6,1,8.0,1729000.0,86.0
2025,12,2,1,1,22,3,2,4.0,1599000.0,47.0
2025,12,2,1,1,32,13,2,10.0,3665000.0,90.0
2025,12,1,1,2,32,1,2,5.0,799000.0,96.0
2025,12,1,1,1,53,1,3,5.0,1518000.0,55.0
2025,12,1,1,2,67,1,3,3.0,3162000.0,97.0
2025,12,1,1,2,33,1,2,9.0,1655000.0,20.0
2025,12,1,1,2,51,1,3,10.0,2978000.0,86.0
2025,12,1,1,1,37,1,3,10.0,647000.0,41.0
2025,12,3,1,1,25,3,1,5.0,1948000.0,8.0
2025,12,2,1,1,40,2,2,8.0,5658000.0,84.0
2025,12,2,1,1,27,2,2,3.0,423000.0,49.0
2025,12,1,1,1,38,1,1,3.0,1006000.0,1.0
2025,12,3,1,2,27,3,1,10.0,2870000.0,84.0
2025,12,1,1,2,36,1,2,8.0,1496000.0,49.0
2025,12,2,1,1,55,2,3,10.0,3924000.0,49.0
2025,12,1,1,1,25,1,2,5.0,2062000.0,42.0
2025,12,1,1,2,47,1,1,12.0,4988000.0,84.0
2025,12,3,1,2,34,3,1,9.0,1719000.0,46.0
2025,12,2,1,1,64,2,3,3.0,758000.0,49.0
2025,12,1,1,1,24,1,1,10.0,1739000.0,49.0
2025,12,1,1,2,57,1,3,1.0,546000.0,47.0
2025,12,3,1,1,41,3,1,5.0,1231000.0,49.0
2025,12,1,1,1,49,1,2,10.0,1851000.0,71.0
2025,12,2,1,1,21,3,1,5.0,1476000.0,47.0
2025,12,1,1,2,48,1,2,3.0,700000.0,81.0
2025,12,1,1,1,70,1,3,3.0,2433000.0,1.0
2025,12,3,1,2,23,3,1,9.0,1007000.0,62.0
2025,12,1,1,2,43,1,3,10.0,15135000.0,56.0
2025,12,2,1,1,43,2,2,5.0,1740000.0,52.0
2025,12,2,1,2,23,3,1,5.0,1827000.0,96.0
2025,12,1,1,1,47,1,2,5.0,1994000.0,46.0
2025,12,2,1,2,28,2,2,5.0,1297000.0,14.0
2025,12,1,1,2,65,1,2,4.0,476000.0,47.0
2025,12,2,1,1,26,3,2,3.0,865000.0,45.0
2025,12,4,1,1,37,3,3,3.0,778000.0,41.0
2025,12,1,1,2,43,1,1,8.0,905000.0,47.0
2025,12,1,1,2,24,1,2,10.0,1888000.0,47.0
2025,12,1,1,2,29,1,2,8.0,1272000.0,42.0
2025,12,1,1,1,33,1,2,8.0,15511000.0,51.0
2025,12,2,1,2,49,2,2,4.0,1187000.0,56.0
2025,12,2,1,1,22,3,1,10.0,963000.0,43.0
2025,12,1,1,1,30,1,2,8.0,2595000.0,45.0
2025,12,2,1,1,41,2,2,3.0,14958000.0,46.0
2025,12,1,1,2,53,1,2,8.0,1993000.0,46.0
2025,12,1,1,1,53,1,2,3.0,1133000.0,1.0
2025,12,1,1,2,44,1,3,3.0,395000.0,81.0
2025,12,2,1,2,31,2,3,11.0,1944000.0,41.0
2025,12,1,1,2,39,1,2,9.0,1334000.0,75.0
2025,12,2,1,2,58,2,2,10.0,3804000.0,85.0
2025,12,1,1,1,64,1,2,3.0,540000.0,38.0
2025,12,2,1,2,44,3,1,4.0,1097000.0,31.0
2025,12,3,1,2,30,3,1,10.0,736000.0,85.0
2025,12,1,1,1,55,1,3,4.0,1986000.0,41.0
2025,12,2,1,2,52,2,3,1.0,545000.0,1.0
2025,12,2,1,2,21,2,2,5.0,100000.0,15.0
2025,12,1,1,2,63,1,3,4.0,315000.0,47.0
2025,12,1,1,2,45,1,2,6.0,487000.0,1.0
2025,12,1,1,1,42,1,2,3.0,2224000.0,1.0
2025,12,2,1,1,64,3,1,3.0,320000.0,1.0
2025,12,1,1,2,27,1,2,5.0,508000.0,56.0
2025,12,1,1,2,48,1,3,10.0,3625000.0,85.0
2025,12,2,1,2,44,2,2,10.0,592000.0,86.0
2025,12,1,1,1,52,1,2,10.0,3795000.0,46.0
2025,12,2,1,1,31,2,2,4.0,1296000.0,49.0
2025,12,3,1,1,27,6,3,4.0,390000.0,96.0
2025,12,3,1,2,23,3,1,5.0,1729000.0,1.0
2025,12,1,1,1,46,1,2,10.0,7992000.0,65.0
2025,12,3,1,2,19,3,1,8.0,759000.0,56.0
2025,12,4,1,1,20,3,1,5.0,1450000.0,47.0
2025,12,2,1,2,43,2,2,12.0,3891000.0,84.0
2025,12,1,1,2,61,1,3,10.0,1130000.0,84.0
2025,12,1,1,1,31,1,2,10.0,2046000.0,85.0
2025,12,5,1,1,69,4,3,3.0,633000.0,90.0
2025,12,1,1,2,48,1,2,4.0,750000.0,47.0
2025,12,2,1,1,34,3,1,4.0,2355000.0,41.0
2025,12,1,1,2,46,1,2,3.0,1002000.0,56.0
2025,12,2,1,2,43,2,2,3.0,413000.0,56.0
2025,12,1,1,2,48,1,1,5.0,1297000.0,22.0
2025,12,1,1,1,36,1,2,12.0,16672000.0,69.0
2025,12,2,1,1,37,2,2,8.0,1821000.0,43.0
2025,12,3,1,2,20,3,1,8.0,1287000.0,96.0
2025,12,2,1,2,30,3,1,11.0,6206000.0,61.0
2025,12,2,1,2,52,2,2,12.0,11583000.0,84.0
2025,12,3,1,1,25,3,1,5.0,1913000.0,1.0
2025,12,1,1,2,44,1,2,10.0,1387000.0,47.0
2025,12,1,1,2,34,1,2,4.0,1582000.0,20.0
2025,12,2,1,1,26,3,2,5.0,1540000.0,53.0
2025,12,1,1,1,61,1,2,1.0,3456000.0,41.0
2025,12,1,1,1,63,1,2,5.0,672000.0,13.0
2025,12,1,1,1,55,1,2,8.0,2060000.0,14.0
2025,12,1,1,2,62,1,3,3.0,389000.0,81.0
2025,12,1,1,1,27,1,3,4.0,3272000.0,96.0
2025,12,2,1,1,24,13,2,5.0,1529000.0,73.0
2025,12,1,1,1,61,1,2,3.0,888000.0,1.0
2025,12,2,1,1,44,2,3,3.0,2164000.0,1.0
2025,12,2,1,2,66,10,3,3.0,5482000.0,97.0
2025,12,1,1,2,43,1,3,4.0,0.0,68.0
2025,12,1,1,2,40,1,2,3.0,449000.0,97.0
2025,12,1,1,1,63,1,2,9.0,5391000.0,47.0
2025,12,2,1,1,31,2,2,4.0,2504000.0,97.0
2025,12,1,1,2,45,1,3,3.0,501000.0,97.0
2025,12,2,1,2,26,2,3,5.0,1585000.0,10.0
2025,12,1,1,1,61,1,3,3.0,582000.0,1.0
2025,12,1,1,1,44,1,2,11.0,8274000.0,85.0
2025,12,1,1,2,29,1,2,5.0,1419000.0,96.0
2025,12,2,1,2,21,3,1,5.0,1386000.0,90.0
2025,12,1,1,1,45,1,2,1.0,2026000.0,1.0
2025,12,1,1,1,56,1,3,3.0,1704000.0,1.0
2025,12,1,1,2,35,1,3,8.0,1815000.0,84.0
2025,12,2,2,2,25,3,1,5.0,462000.0,14.0
2025,12,1,1,2,50,1,3,8.0,2029000.0,86.0
2025,12,1,1,2,65,1,2,3.0,0.0,1.0
2025,12,4,1,1,55,6,3,12.0,5722000.0,85.0
2025,12,2,1,1,56,2,2,5.0,1114000.0,49.0
2025,12,2,1,1,41,2,2,9.0,2002000.0,38.0
2025,12,1,1,2,33,1,3,5.0,1574000.0,56.0
2025,12,1,1,1,46,1,3,8.0,1891000.0,36.0
2025,12,2,1,2,48,2,2,3.0,1672000.0,55.0
2025,12,2,1,1,50,3,1,10.0,3728000.0,84.0
2025,12,3,1,1,33,3,1,5.0,527000.0,49.0
2025,12,1,1,2,31,1,2,10.0,2738000.0,85.0
2025,12,3,1,2,21,3,1,5.0,194000.0,15.0
2025,12,1,1,1,25,1,2,5.0,303000.0,1.0
2025,12,1,1,1,55,1,3,10.0,3443000.0,24.0
2025,12,1,1,2,37,1,2,8.0,898000.0,47.0
2025,12,3,1,1,24,3,1,10.0,3481000.0,62.0
2025,12,1,1,1,24,1,2,3.0,1532000.0,1.0
2025,12,2,1,1,68,2,2,4.0,1474000.0,47.0
2025,12,2,1,1,44,2,2,5.0,2310000.0,49.0
2025,12,2,1,1,43,2,2,8.0,1998000.0,10.0
2025,12,2,1,1,45,2,3,5.0,1891000.0,68.0
2025,12,5,1,2,36,3,1,5.0,803000.0,85.0
2025,12,2,1,2,18,3,2,5.0,2013000.0,47.0
2025,12,2,1,2,36,2,2,5.0,1309000.0,97.0
2025,12,1,1,1,23,1,2,10.0,2553000.0,70.0
2025,12,3,1,2,25,3,1,3.0,1041000.0,97.0
2025,12,1,1,1,31,1,2,8.0,1935000.0,47.0
2025,12,1,1,2,40,1,2,8.0,1671000.0,86.0
2025,12,5,1,1,34,7,2,8.0,2334000.0,61.0
2025,12,1,1,2,46,1,2,8.0,1364000.0,47.0
2025,12,1,1,2,50,1,2,4.0,1627000.0,85.0
2025,12,1,1,1,32,1,2,4.0,1014000.0,25.0
2025,12,3,1,2,58,6,3,8.0,1560000.0,86.0
2025,12,1,1,1,51,1,2,9.0,7895000.0,5.0
2025,12,1,1,1,40,1,3,3.0,817000.0,1.0
2025,12,1,1,1,50,1,3,10.0,6095000.0,15.0
2025,12,2,1,2,51,2,2,3.0,1070000.0,47.0
2025,12,2,1,1,24,3,1,9.0,1514000.0,56.0
2025,12,1,1,1,43,1,2,3.0,1944000.0,31.0
2025,12,2,1,1,22,3,1,4.0,1562000.0,52.0
2025,12,1,1,1,35,1,2,9.0,4716000.0,47.0
2025,12,2,1,2,27,3,1,10.0,1803000.0,55.0
2025,12,1,1,1,25,1,2,5.0,2065000.0,1.0
2025,12,1,1,1,44,1,2,5.0,3625000.0,18.0
2025,12,1,1,1,42,1,3,3.0,1529000.0,52.0
2025,12,1,1,2,50,1,2,6.0,1439000.0,97.0
2025,12,3,1,2,28,3,1,10.0,3537000.0,62.0
2025,12,2,1,1,53,2,3,6.0,1041000.0,41.0
2025,12,2,1,1,60,4,2,3.0,2374000.0,41.0
2025,12,2,1,2,34,2,3,4.0,767000.0,56.0
2025,12,1,1,1,49,1,2,9.0,3568000.0,13.0
2025,12,1,1,1,64,1,3,10.0,6634000.0,85.0
2025,12,1,1,2,38,1,2,8.0,1268000.0,86.0
2025,12,1,1,1,29,1,2,5.0,1902000.0,10.0
2025,12,1,1,2,34,1,2,8.0,871000.0,82.0
2025,12,2,1,2,29,2,2,6.0,1960000.0,47.0
2025,12,1,1,1,63,1,3,9.0,669000.0,49.0
2025,12,1,1,2,28,1,2,5.0,1110000.0,56.0
2025,12,1,1,2,42,1,2,5.0,1572000.0,55.0
2025,12,2,1,2,20,2,2,5.0,1329000.0,56.0
2025,12,1,1,2,26,1,2,8.0,1179000.0,47.0
2025,12,1,1,1,31,1,2,8.0,1680000.0,56.0
2025,12,1,1,2,43,1,2,5.0,823000.0,47.0
2025,12,1,1,1,47,1,3,8.0,2219000.0,47.0
2025,12,3,1,1,33,3,1,5.0,520000.0,41.0
2025,12,1,1,1,51,1,2,5.0,18333000.0,46.0
2025,12,1,1,2,59,1,3,5.0,398000.0,49.0
2025,12,1,1,1,28,1,2,5.0,1959000.0,46.0
2025,12,2,1,2,49,2,2,3.0,1055000.0,97.0
2025,12,1,1,1,62,1,2,3.0,1314000.0,49.0
2025,12,2,1,2,26,2,2,5.0,482000.0,47.0
2025,12,1,1,1,57,1,3,5.0,1625000.0,41.0
2025,12,2,1,2,43,4,2,10.0,1204000.0,56.0
2025,12,1,1,2,33,1,2,8.0,1517000.0,52.0
2025,12,1,1,1,29,1,2,9.0,10508000.0,65.0
2025,12,4,1,1,28,3,1,10.0,2780000.0,81.0
2025,12,2,1,2,30,3,1,5.0,1207000.0,86.0
2025,12,3,1,1,19,3,1,5.0,702000.0,1.0
2025,12,1,1,2,48,1,2,5.0,951000.0,97.0
2025,12,2,1,2,31,3,1,4.0,421000.0,49.0
2025,12,1,1,1,50,1,2,3.0,1162000.0,1.0
2025,12,2,1,1,60,2,2,3.0,1642000.0,1.0
2025,12,1,1,1,29,1,2,10.0,1831000.0,47.0
2025,12,2,1,2,49,2,2,8.0,589000.0,95.0
2025,12,2,1,1,41,2,2,5.0,1959000.0,41.0
2025,12,1,1,2,45,1,2,4.0,654000.0,56.0
2025,12,2,1,2,49,2,3,3.0,1227000.0,97.0
2025,12,1,1,1,30,1,2,4.0,1870000.0,68.0
2025,12,2,1,2,25,2,2,5.0,902000.0,56.0
2025,12,2,1,1,63,2,3,3.0,837000.0,41.0
2025,12,1,1,1,43,1,2,3.0,2825000.0,25.0
2025,12,1,1,2,55,1,2,4.0,709000.0,47.0
2025,12,1,1,2,37,1,2,8.0,3532000.0,86.0
2025,12,2,1,2,40,2,1,10.0,2477000.0,85.0
2025,12,2,1,1,38,2,2,8.0,2300000.0,52.0
2025,12,1,1,1,55,1,3,3.0,1897000.0,49.0
2025,12,1,1,2,46,1,1,4.0,0.0,97.0
2025,12,1,1,1,32,1,2,6.0,1476000.0,56.0
2025,12,2,1,1,29,2,2,5.0,2222000.0,53.0
2025,12,2,1,2,48,2,3,5.0,1185000.0,14.0
2025,12,4,1,2,28,3,1,5.0,572000.0,32.0
2025,12,2,1,2,40,3,1,4.0,874000.0,45.0
2025,12,2,1,2,31,3,1,10.0,2027000.0,14.0
2025,12,2,1,2,36,9,3,8.0,236000.0,47.0
2025,12,1,1,2,56,1,3,10.0,1178000.0,70.0
2025,12,1,1,1,55,1,2,5.0,1049000.0,45.0
2025,12,1,1,1,68,1,3,3.0,4540000.0,49.0
2025,12,1,1,1,25,1,2,8.0,2130000.0,56.0
2025,12,4,1,2,22,3,1,5.0,723000.0,63.0
2025,12,1,1,1,43,1,3,5.0,1666000.0,45.0
2025,12,1,1,1,56,1,2,10.0,3925000.0,5.0
2025,12,1,1,2,26,1,2,10.0,3570000.0,82.0
2025,12,1,1,1,68,1,3,3.0,831000.0,1.0
2025,12,1,1,1,37,1,2,5.0,3251000.0,84.0
2025,12,2,1,2,37,3,1,11.0,2948000.0,84.0
2025,12,3,1,1,29,3,1,4.0,1889000.0,1.0
2025,12,1,1,2,47,1,2,5.0,1458000.0,86.0
2025,12,6,1,1,34,3,1,4.0,1101000.0,41.0
2025,12,2,1,2,34,2,2,5.0,1991000.0,86.0
2025,12,1,1,1,37,1,2,3.0,1109000.0,1.0
2025,12,1,1,1,48,1,2,10.0,1881000.0,95.0
2025,12,1,1,1,48,1,2,11.0,9199000.0,84.0
2025,12,1,1,1,61,1,3,3.0,464000.0,42.0
2025,12,3,1,2,50,6,3,5.0,366000.0,56.0
2025,12,1,1,2,45,1,2,4.0,1438000.0,56.0
2025,12,3,1,2,44,6,3,5.0,1365000.0,97.0
2025,12,1,1,1,39,1,2,10.0,0.0,61.0
2025,12,1,1,1,27,1,2,4.0,2105000.0,1.0
2025,12,4,1,1,34,3,1,5.0,2047000.0,52.0
2025,12,2,1,1,55,3,1,3.0,1683000.0,41.0
2025,12,1,1,1,37,1,2,3.0,3014000.0,46.0
2025,12,3,1,2,34,3,1,6.0,191000.0,47.0
2025,12,3,1,2,41,3,1,5.0,1575000.0,47.0
2025,12,1,1,2,39,1,1,10.0,0.0,47.0
2025,12,2,1,2,35,2,2,9.0,0.0,47.0
2025,12,2,1,2,50,2,1,10.0,1777000.0,68.0
2025,12,2,1,2,53,3,1,9.0,0.0,86.0
2025,12,1,1,2,65,1,2,3.0,649000.0,97.0
2025,12,2,1,2,62,6,3,12.0,2281000.0,85.0
2025,12,2,1,2,35,2,2,4.0,1459000.0,56.0
2025,12,1,1,1,60,1,3,3.0,1122000.0,97.0
2025,12,5,1,2,29,3,1,9.0,0.0,97.0
2025,12,1,1,1,51,1,2,5.0,2026000.0,10.0
2025,12,1,1,2,47,1,3,4.0,435000.0,81.0
2025,12,1,1,2,51,1,2,3.0,1027000.0,10.0
2025,12,2,1,1,44,3,1,5.0,1412000.0,47.0
2025,12,2,1,2,33,2,3,11.0,1092000.0,85.0
2025,12,1,1,1,33,1,2,10.0,1899000.0,58.0
2025,12,1,1,2,64,1,3,6.0,1388000.0,45.0
2025,12,3,1,2,19,8,2,5.0,1369000.0,62.0
2025,12,2,1,2,46,2,2,10.0,3293000.0,85.0
2025,12,1,1,1,64,1,3,3.0,2827000.0,47.0
2025,12,2,1,1,47,2,2,10.0,1603000.0,10.0
2025,12,1,1,1,66,1,2,4.0,1908000.0,25.0
2025,12,1,1,1,30,1,2,5.0,609000.0,49.0
2025,12,1,1,2,35,1,1,8.0,405000.0,96.0
2025,12,3,1,1,22,3,1,4.0,561000.0,25.0
2025,12,1,1,2,46,1,2,4.0,0.0,97.0
2025,12,3,1,2,29,3,1,10.0,1906000.0,75.0
2025,12,1,1,2,56,1,2,12.0,3656000.0,85.0
2025,12,1,1,1,58,1,3,3.0,243000.0,47.0
2025,12,2,1,1,36,2,2,5.0,3604000.0,42.0
2025,12,2,1,2,31,13,2,5.0,3164000.0,84.0
2025,12,1,1,1,41,1,2,3.0,2477000.0,45.0
2025,12,5,1,1,39,7,2,5.0,2022000.0,47.0
2025,12,2,1,2,20,9,2,5.0,434000.0,47.0
2025,12,1,1,2,51,1,2,4.0,1851000.0,47.0
2025,12,3,1,2,30,9,1,10.0,1337000.0,42.0
2025,12,1,1,2,40,1,2,5.0,1072000.0,14.0
2025,12,2,1,2,41,3,1,5.0,1052000.0,23.0
2025,12,1,1,2,54,1,2,10.0,4206000.0,84.0
2025,12,3,1,1,25,3,1,9.0,1988000.0,86.0
2025,12,1,1,2,39,1,2,5.0,308000.0,10.0
2025,12,2,1,2,53,2,2,4.0,1335000.0,47.0
2025,12,1,1,1,67,1,3,5.0,16384000.0,47.0
2025,12,1,1,1,33,1,2,5.0,10958000.0,47.0
2025,12,1,1,2,30,1,2,5.0,1326000.0,47.0
2025,12,2,1,1,19,3,1,8.0,1943000.0,29.0
2025,12,1,1,1,35,1,2,6.0,1224000.0,95.0
2025,12,1,1,2,60,1,3,5.0,2005000.0,56.0
2025,12,3,1,1,29,3,1,10.0,5092000.0,69.0
2025,12,1,1,2,41,1,3,10.0,2838000.0,47.0
2025,12,2,1,2,44,2,2,10.0,1527000.0,31.0
2025,12,2,1,2,32,2,2,5.0,825000.0,56.0
2025,12,2,1,1,45,3,1,5.0,1617000.0,49.0
2025,12,2,1,2,37,2,2,6.0,840000.0,47.0
2025,12,1,1,2,38,1,2,3.0,539000.0,56.0
2025,12,3,1,1,28,3,1,10.0,2760000.0,1.0
2025,12,1,1,1,60,1,2,5.0,1483000.0,49.0
2025,12,2,1,1,42,2,2,9.0,2009000.0,45.0
2025,12,1,1,2,34,1,2,5.0,803000.0,56.0
2025,12,2,1,1,40,2,2,10.0,2013000.0,10.0
2025,12,1,1,2,51,1,2,8.0,2631000.0,86.0
2025,12,1,1,2,32,1,3,8.0,676000.0,56.0
2025,12,1,1,1,32,1,3,3.0,711000.0,1.0
2025,12,3,1,2,18,3,1,5.0,496000.0,56.0
2025,12,4,1,2,19,9,2,10.0,477000.0,96.0
2025,12,1,1,2,41,1,3,4.0,456000.0,96.0
2025,12,1,1,2,42,1,2,5.0,834000.0,56.0
2025,12,1,1,2,38,1,2,5.0,935000.0,94.0
2025,12,1,1,2,56,1,2,4.0,3603000.0,56.0
2025,12,1,1,1,31,1,2,10.0,4639000.0,84.0
2025,12,1,1,1,44,1,2,5.0,2246000.0,24.0
2025,12,1,1,2,75,1,3,5.0,630000.0,56.0
2025,12,2,1,1,28,2,2,5.0,1236000.0,53.0
2025,12,1,1,2,46,1,2,5.0,1341000.0,14.0
2025,12,1,1,2,49,1,2,5.0,466000.0,95.0
2025,12,1,1,1,26,1,2,10.0,2990000.0,1.0
2025,12,1,1,1,54,1,2,10.0,6491000.0,71.0
2025,12,3,1,1,40,3,2,1.0,894000.0,3.0
2025,12,2,1,2,34,2,2,5.0,1658000.0,96.0
2025,12,1,1,2,33,1,2,5.0,1668000.0,71.0
2025,12,1,1,2,35,1,2,11.0,1953000.0,85.0
2025,12,1,1,1,52,1,2,3.0,1778000.0,1.0
2025,12,1,1,2,37,1,2,10.0,3299000.0,64.0
2025,12,2,1,1,20,3,1,4.0,1722000.0,41.0
2025,12,2,1,1,30,3,1,10.0,5030000.0,41.0
2025,12,1,1,2,52,1,2,3.0,3206000.0,1.0
2025,12,1,1,1,35,1,2,9.0,4077000.0,84.0
2025,12,1,1,2,34,1,2,5.0,720000.0,10.0
2025,12,1,1,2,52,1,2,8.0,1146000.0,97.0
2025,12,3,1,2,40,3,1,11.0,1349000.0,82.0
2025,12,1,1,1,68,1,2,5.0,2547000.0,80.0
2025,12,1,1,2,37,1,2,10.0,2326000.0,47.0
2025,12,2,1,2,28,2,2,6.0,1372000.0,47.0
2025,12,2,1,1,31,3,2,4.0,924000.0,41.0
2025,12,1,1,2,27,1,2,5.0,1097000.0,56.0
2025,12,3,1,1,39,3,1,4.0,2170000.0,41.0
2025,12,1,1,1,62,1,2,5.0,299000.0,95.0
2025,12,2,1,2,32,2,2,5.0,1310000.0,31.0
2025,12,2,1,2,58,2,3,10.0,1378000.0,86.0
2025,12,1,1,1,39,1,2,5.0,1747000.0,56.0
2025,12,2,1,2,30,2,2,5.0,1256000.0,85.0
2025,12,3,1,2,34,3,1,5.0,1394000.0,55.0
2025,12,2,1,1,37,2,2,5.0,784000.0,41.0
2025,12,3,1,2,30,3,1,10.0,2449000.0,86.0
2025,12,1,1,1,49,1,3,3.0,253000.0,7.0
2025,12,2,1,2,27,2,2,8.0,100000.0,32.0
2025,12,1,1,1,39,1,2,4.0,2874000.0,47.0
2025,12,3,1,1,47,3,1,5.0,1259000.0,41.0
2025,12,1,1,1,48,1,3,11.0,8948000.0,85.0
2025,12,2,1,1,44,2,2,12.0,12314000.0,84.0
2025,12,2,1,2,49,2,3,8.0,1431000.0,5.0
2025,12,1,1,1,70,1,2,3.0,507000.0,1.0
2025,12,2,1,2,26,2,2,4.0,761000.0,56.0
2025,12,2,1,2,48,2,2,10.0,2424000.0,41.0
2025,12,1,1,1,34,1,2,5.0,825000.0,47.0
2025,12,1,1,1,44,1,2,8.0,3607000.0,84.0
2025,12,1,1,1,66,1,3,3.0,1790000.0,1.0
2025,12,2,1,2,48,2,2,3.0,656000.0,81.0
2025,12,1,1,2,63,1,3,5.0,1135000.0,97.0
2025,12,2,1,2,45,2,2,6.0,448000.0,81.0
2025,12,2,1,1,28,3,1,5.0,2127000.0,55.0
2025,12,1,1,2,63,1,3,3.0,811000.0,81.0
2025,12,1,1,2,45,1,2,3.0,1260000.0,56.0
2025,12,1,1,1,53,1,1,10.0,1140000.0,69.0
2025,12,1,1,1,63,1,3,3.0,1142000.0,45.0
2025,12,1,1,2,44,1,3,8.0,3418000.0,56.0
2025,12,1,1,2,48,1,3,3.0,3624000.0,47.0
2025,12,1,1,1,54,1,2,5.0,740000.0,56.0
2025,12,2,1,2,32,6,2,10.0,3529000.0,84.0
2025,12,1,1,1,60,1,3,3.0,473000.0,1.0
2025,12,1,1,2,72,1,3,3.0,100000.0,47.0
2025,12,1,1,2,58,1,3,10.0,1674000.0,46.0
2025,12,1,1,1,39,1,2,3.0,1243000.0,33.0
2025,12,1,2,2,35,1,2,5.0,1315000.0,55.0
2025,12,2,1,1,36,2,2,5.0,2230000.0,3.0
2025,12,4,1,2,23,3,1,10.0,4087000.0,36.0
2025,12,1,1,1,31,1,1,10.0,2748000.0,56.0
2025,12,1,1,2,34,1,2,4.0,1479000.0,14.0
2025,12,2,1,1,32,2,2,4.0,2066000.0,47.0
2025,12,1,1,2,47,1,2,8.0,3504000.0,84.0
2025,12,1,1,1,29,1,2,5.0,2880000.0,84.0
2025,12,1,1,2,42,1,2,10.0,0.0,49.0
2025,12,1,1,2,32,1,2,5.0,1770000.0,47.0
2025,12,2,1,1,25,3,2,5.0,1944000.0,47.0
2025,12,3,1,2,18,3,1,5.0,1167000.0,85.0
2025,12,3,1,1,31,3,1,10.0,0.0,1.0
2025,12,5,1,1,49,7,2,5.0,2120000.0,47.0
2025,12,1,1,2,34,1,3,5.0,1632000.0,10.0
2025,12,1,1,1,45,1,2,10.0,5079000.0,84.0
2025,12,2,1,1,29,3,2,5.0,1969000.0,41.0
2025,12,1,1,1,35,1,2,5.0,2190000.0,80.0
2025,12,1,1,1,32,1,2,8.0,2912000.0,56.0
2025,12,1,1,1,64,1,3,5.0,2681000.0,38.0
2025,12,1,1,2,51,1,2,4.0,1813000.0,56.0
2025,12,1,1,2,26,1,3,5.0,482000.0,56.0
2025,12,2,1,1,42,2,3,5.0,1770000.0,49.0
2025,12,3,1,2,26,3,1,1.0,100000.0,38.0
2025,12,2,1,2,51,2,2,10.0,2965000.0,77.0
2025,12,2,1,1,53,6,3,5.0,1944000.0,68.0
2025,12,2,1,1,31,2,2,6.0,2930000.0,80.0
2025,12,1,1,2,56,1,1,5.0,1403000.0,47.0
2025,12,1,1,1,68,1,3,5.0,3715000.0,86.0
2025,12,1,1,1,43,1,2,3.0,246000.0,47.0
2025,12,1,1,1,39,1,3,10.0,0.0,42.0
2025,12,2,1,2,56,2,1,3.0,1042000.0,81.0
2025,12,2,1,2,43,2,3,3.0,124000.0,47.0
2025,12,1,1,2,22,1,2,5.0,1310000.0,56.0
2025,12,1,1,1,45,1,2,3.0,2601000.0,41.0
2025,12,1,1,2,24,1,2,10.0,3326000.0,86.0
2025,12,1,1,2,56,1,3,4.0,808000.0,56.0
2025,12,1,1,2,32,1,2,10.0,3101000.0,85.0
2025,12,1,1,2,45,1,3,8.0,2368000.0,84.0
2025,12,1,1,2,32,1,2,5.0,6791000.0,47.0
2025,12,1,1,1,41,1,3,5.0,1854000.0,47.0
2025,12,1,1,2,32,1,2,9.0,1261000.0,56.0
2025,12,1,1,2,40,1,2,3.0,381000.0,47.0
2025,12,2,1,1,40,2,3,5.0,755000.0,47.0
2025,12,1,1,1,69,1,3,3.0,2173000.0,97.0
2025,12,2,1,2,42,2,2,9.0,3448000.0,86.0
2025,12,1,1,2,22,1,2,5.0,519000.0,97.0
2025,12,1,1,1,66,1,3,4.0,1340000.0,31.0
2025,12,1,1,2,40,1,1,8.0,1720000.0,52.0
2025,12,1,1,2,45,1,2,10.0,1560000.0,86.0
2025,12,1,1,2,40,1,1,8.0,1262000.0,47.0
2025,12,1,1,2,36,1,2,5.0,1433000.0,56.0
2025,12,1,1,2,40,1,2,3.0,1643000.0,97.0
2025,12,1,1,1,33,1,2,11.0,2256000.0,79.0
2025,12,1,1,2,40,1,3,4.0,498000.0,47.0
2025,12,5,1,2,19,8,2,10.0,1128000.0,56.0
2025,12,2,1,2,66,2,3,5.0,562000.0,97.0
2025,12,2,1,2,35,2,2,10.0,5775000.0,86.0
2025,12,2,1,2,29,2,2,8.0,1047000.0,47.0
2025,12,2,1,2,28,2,2,10.0,1799000.0,85.0
2025,12,1,1,1,55,1,2,3.0,926000.0,45.0
2025,12,1,1,1,39,1,2,10.0,8255000.0,61.0
2025,12,5,1,2,26,3,1,8.0,2170000.0,84.0
2025,12,1,1,2,56,1,2,3.0,407000.0,97.0
2025,12,1,1,2,24,1,2,8.0,2167000.0,86.0
2025,12,2,1,2,53,3,1,5.0,2476000.0,84.0
2025,12,1,1,1,29,1,2,5.0,1587000.0,1.0
2025,12,2,1,1,26,3,2,8.0,1678000.0,45.0
2025,12,1,1,1,41,1,2,1.0,964000.0,3.0
2025,12,2,1,1,51,2,2,8.0,5027000.0,41.0
2025,12,1,1,1,58,1,3,9.0,2657000.0,93.0
2025,12,2,1,2,63,2,3,4.0,966000.0,56.0
2025,12,2,1,2,39,2,2,9.0,1026000.0,47.0
2025,12,1,1,1,52,1,2,3.0,1439000.0,41.0
2025,12,1,1,2,49,1,3,11.0,3971000.0,85.0
2025,12,3,1,2,26,3,1,8.0,1290000.0,25.0
2025,12,1,1,2,53,1,3,3.0,808000.0,81.0
2025,12,2,1,1,64,2,2,3.0,673000.0,1.0
2025,12,1,1,1,28,1,2,5.0,1949000.0,10.0
2025,12,1,1,2,32,1,2,4.0,2121000.0,55.0
2025,12,2,1,1,39,3,1,4.0,1223000.0,45.0
2025,12,1,1,2,45,1,2,5.0,1192000.0,96.0
2025,12,1,1,1,62,1,3,3.0,2437000.0,45.0
2025,12,2,1,2,35,2,2,5.0,1815000.0,47.0
2025,12,1,1,1,62,1,3,3.0,490000.0,1.0
2025,12,1,1,1,47,1,3,5.0,596000.0,1.0
2025,12,3,1,2,25,3,1,10.0,776000.0,85.0
2025,12,1,1,2,62,1,3,11.0,9573000.0,85.0
2025,12,1,1,1,48,1,3,10.0,2328000.0,47.0
2025,12,1,1,1,37,1,2,5.0,6449000.0,84.0
2025,12,2,1,2,30,2,2,5.0,1378000.0,96.0
2025,12,3,1,1,33,3,1,5.0,680000.0,78.0
2025,12,1,1,2,38,1,2,8.0,4617000.0,84.0
2025,12,2,1,1,30,2,2,5.0,2232000.0,11.0
2025,12,1,1,1,44,1,3,5.0,1886000.0,68.0
2025,12,2,1,1,35,2,2,5.0,2945000.0,68.0
2025,12,3,1,2,46,3,1,10.0,2748000.0,85.0
2025,12,3,1,1,22,3,1,5.0,1956000.0,93.0
2025,12,1,1,1,42,1,2,5.0,2165000.0,95.0
2025,12,3,1,1,47,7,2,5.0,1530000.0,10.0
2025,12,2,1,2,56,2,2,1.0,136000.0,56.0
2025,12,1,1,1,53,1,3,3.0,2453000.0,49.0
2025,12,1,1,1,54,1,2,9.0,1597000.0,25.0
2025,12,4,1,2,66,5,3,4.0,1356000.0,56.0
2025,12,2,1,2,49,2,2,3.0,174000.0,32.0
2025,12,2,1,2,52,4,2,5.0,2068000.0,84.0
2025,12,3,1,1,46,7,2,5.0,1868000.0,74.0
2025,12,1,1,2,60,1,2,5.0,663000.0,97.0
2025,12,1,1,2,40,1,3,3.0,1010000.0,81.0
2025,12,2,1,2,34,2,2,10.0,3340000.0,10.0
2025,12,2,1,1,41,3,1,4.0,1988000.0,41.0
2025,12,1,1,2,38,1,2,5.0,1318000.0,47.0
2025,12,2,1,1,27,3,1,10.0,2331000.0,84.0
2025,12,2,1,1,23,2,2,5.0,1537000.0,1.0
2025,12,4,1,2,72,5,3,10.0,2628000.0,84.0
2025,12,1,1,2,29,1,2,5.0,100000.0,47.0
2025,12,2,1,1,30,2,3,4.0,905000.0,49.0
2025,12,1,1,2,53,1,3,3.0,100000.0,56.0
2025,12,1,1,2,51,1,2,4.0,1513000.0,84.0
2025,12,2,1,1,34,2,2,5.0,2173000.0,59.0
2025,12,1,1,2,57,1,3,3.0,520000.0,56.0
2025,12,1,1,1,68,1,3,1.0,1066000.0,1.0
2025,12,2,1,1,59,2,2,1.0,1719000.0,41.0
2025,12,1,1,2,67,1,3,3.0,987000.0,10.0
2025,12,1,1,1,49,1,1,3.0,1910000.0,1.0
2025,12,3,1,2,21,3,1,8.0,1093000.0,56.0
2025,12,1,1,1,53,1,2,5.0,1741000.0,11.0
2025,12,1,1,1,45,1,2,10.0,8573000.0,21.0
2025,12,1,1,2,24,1,2,5.0,1320000.0,97.0
2025,12,2,1,2,33,2,2,10.0,3610000.0,65.0
2025,12,7,1,1,65,6,3,3.0,1208000.0,47.0
2025,12,1,1,2,46,1,2,5.0,1616000.0,86.0
2025,12,2,1,1,38,2,2,12.0,6082000.0,69.0
2025,12,1,1,1,25,1,2,5.0,1108000.0,41.0
2025,12,2,1,1,46,2,2,1.0,1472000.0,41.0
2025,12,1,1,2,50,1,2,10.0,5387000.0,84.0
2025,12,1,1,2,30,1,1,5.0,1850000.0,47.0
2025,12,1,1,2,73,1,3,3.0,111000.0,47.0
2025,12,1,1,1,21,1,2,5.0,2100000.0,64.0
2025,12,1,1,2,45,1,3,8.0,1536000.0,96.0
2025,12,2,1,1,50,2,2,5.0,1494000.0,49.0
2025,12,3,1,2,36,3,1,5.0,1271000.0,92.0
2025,12,1,1,1,65,1,3,3.0,139000.0,47.0
2025,12,2,1,2,56,2,1,10.0,3199000.0,64.0
2025,12,1,1,2,64,1,3,4.0,242000.0,95.0
2025,12,1,1,1,29,1,3,1.0,755000.0,38.0
2025,12,1,1,2,33,1,1,9.0,1590000.0,82.0
2025,12,2,1,2,35,3,1,8.0,2274000.0,55.0
2025,12,1,1,1,53,1,3,7.0,628000.0,47.0
2025,12,3,1,1,24,3,1,5.0,2112000.0,47.0
2025,12,1,1,1,44,1,3,3.0,1204000.0,68.0
2025,12,3,1,2,45,3,1,5.0,1270000.0,47.0
2025,12,1,1,2,37,1,2,4.0,998000.0,55.0
2025,12,2,1,1,57,2,3,5.0,313000.0,25.0
2025,12,4,1,2,35,3,1,5.0,1408000.0,47.0
2025,12,1,1,2,58,1,1,3.0,100000.0,56.0
2025,12,2,1,1,18,3,1,5.0,823000.0,1.0
2025,12,1,3,2,54,1,3,5.0,631000.0,97.0
2025,12,1,1,1,65,1,3,5.0,1986000.0,49.0
2025,12,1,1,1,45,1,2,4.0,258000.0,47.0
2025,12,1,1,1,26,1,2,5.0,1837000.0,53.0
2025,12,2,1,2,24,2,2,8.0,1661000.0,23.0
2025,12,1,1,2,48,1,2,1.0,183000.0,14.0
2025,12,3,1,2,37,3,1,11.0,4402000.0,84.0
2025,12,2,1,2,24,2,2,5.0,913000.0,97.0
2025,12,2,1,2,30,2,2,6.0,1410000.0,47.0
2025,12,3,1,1,33,3,1,11.0,2632000.0,64.0
2025,12,2,1,1,23,2,2,5.0,1324000.0,49.0
2025,12,3,1,1,30,8,2,10.0,1806000.0,45.0
2025,12,2,1,1,28,3,1,5.0,2652000.0,49.0
2025,12,3,1,2,34,3,3,9.0,2041000.0,14.0
2025,12,3,1,1,64,3,1,3.0,434000.0,47.0
2025,12,1,1,1,55,1,2,9.0,2879000.0,47.0
2025,12,1,1,2,29,1,2,8.0,492000.0,47.0
2025,12,2,1,2,21,2,2,4.0,1259000.0,47.0
2025,12,2,1,1,36,3,1,5.0,1484000.0,49.0
2025,12,1,1,1,40,1,2,5.0,936000.0,95.0
2025,12,1,1,1,51,1,2,3.0,2017000.0,1.0
2025,12,2,1,1,67,4,3,4.0,984000.0,45.0
2025,12,2,1,1,34,2,2,10.0,8125000.0,86.0
2025,12,1,2,2,46,1,2,5.0,372000.0,47.0
2025,12,1,1,2,29,1,3,9.0,2208000.0,86.0
2025,12,1,1,2,39,1,2,5.0,308000.0,14.0
2025,12,1,1,2,44,1,3,10.0,5678000.0,84.0
2025,12,1,1,2,56,1,2,12.0,2763000.0,85.0
2025,12,3,1,1,26,3,1,9.0,2429000.0,86.0
2025,12,1,1,2,68,1,3,3.0,965000.0,97.0
2025,12,2,1,1,38,2,2,4.0,2090000.0,1.0
2025,12,1,1,2,65,1,3,3.0,3310000.0,56.0
2025,12,1,1,1,44,1,2,10.0,3317000.0,84.0
2025,12,5,1,1,38,9,2,10.0,210000.0,93.0
2025,12,2,1,1,52,2,2,3.0,2367000.0,1.0
2025,12,2,1,2,50,2,3,3.0,1361000.0,97.0
2025,12,1,1,1,20,1,2,5.0,1909000.0,22.0
2025,12,1,1,2,35,1,2,3.0,1465000.0,97.0
2025,12,1,1,2,51,1,2,5.0,3914000.0,84.0
2025,12,2,1,2,51,2,2,11.0,1041000.0,86.0
2025,12,2,1,2,32,2,1,12.0,1340000.0,73.0
2025,12,1,1,1,48,1,2,4.0,1553000.0,47.0
2025,12,1,1,2,32,1,2,9.0,1054000.0,47.0
2025,12,3,1,2,35,3,1,5.0,843000.0,97.0
2025,12,1,1,1,41,1,2,10.0,3410000.0,86.0
2025,12,3,1,1,37,3,1,12.0,4804000.0,85.0
2025,12,1,1,2,58,1,3,5.0,100000.0,14.0
2025,12,1,1,1,29,1,2,5.0,2748000.0,68.0
2025,12,1,1,2,50,1,2,3.0,4935000.0,96.0
2025,12,2,1,1,37,2,2,5.0,1874000.0,47.0
2025,12,1,1,2,74,1,3,4.0,511000.0,95.0
2025,12,1,1,1,30,1,2,4.0,1187000.0,95.0
2025,12,2,1,2,32,2,2,10.0,2046000.0,65.0
2025,12,1,1,1,26,1,2,4.0,2055000.0,49.0
2025,12,1,1,1,70,1,2,3.0,1258000.0,1.0
2025,12,1,1,2,50,1,3,5.0,1615000.0,47.0
2025,12,1,1,2,26,1,2,10.0,1929000.0,47.0
2025,12,2,1,2,26,3,1,10.0,791000.0,47.0
2025,12,2,1,2,52,2,2,5.0,1349000.0,86.0
2025,12,3,1,2,38,3,1,5.0,784000.0,47.0
2025,12,2,1,1,35,2,2,5.0,2778000.0,50.0
2025,12,1,1,2,59,1,2,3.0,508000.0,81.0
2025,12,1,1,2,42,1,2,5.0,394000.0,47.0
2025,12,1,1,2,46,1,2,3.0,323000.0,1.0
2025,12,2,1,1,46,3,1,8.0,2200000.0,47.0
2025,12,1,1,2,60,1,3,3.0,260000.0,47.0
2025,12,1,1,1,41,1,2,4.0,610000.0,1.0
2025,12,2,1,2,40,2,2,10.0,4883000.0,85.0
2025,12,2,1,1,32,2,2,9.0,3837000.0,10.0
2025,12,1,1,2,38,1,3,8.0,1400000.0,86.0
2025,12,1,1,1,43,1,2,3.0,471000.0,43.0
2025,12,1,1,2,48,1,2,10.0,1058000.0,47.0
2025,12,1,1,2,41,1,3,8.0,1530000.0,82.0
2025,12,3,1,1,31,6,2,5.0,862000.0,95.0
2025,12,2,1,2,57,2,2,5.0,0.0,1.0
2025,12,1,1,1,21,1,2,5.0,3342000.0,56.0
2025,12,1,1,2,24,1,2,4.0,1050000.0,96.0
2025,12,1,1,2,59,1,2,5.0,469000.0,47.0
2025,12,3,1,1,25,3,1,5.0,770000.0,47.0
2025,12,2,1,2,34,2,2,9.0,0.0,47.0
2025,12,1,1,2,59,1,3,8.0,2640000.0,84.0
2025,12,1,1,2,44,1,2,9.0,2362000.0,78.0
2025,12,2,1,2,57,2,2,10.0,421000.0,56.0
2025,12,3,1,2,23,3,1,4.0,1477000.0,47.0
2025,12,1,1,2,41,1,3,5.0,1546000.0,22.0
2025,12,2,1,2,35,2,2,11.0,1348000.0,49.0
2025,12,1,1,1,28,1,2,3.0,575000.0,49.0
2025,12,2,1,2,60,2,3,3.0,1405000.0,56.0
2025,12,1,1,2,69,1,3,1.0,100000.0,38.0
2025,12,3,1,1,30,3,1,8.0,1950000.0,10.0
2025,12,2,1,1,45,2,2,8.0,890000.0,93.0
2025,12,3,1,2,34,3,1,5.0,402000.0,47.0
2025,12,2,1,2,43,2,1,5.0,726000.0,96.0
2025,12,1,1,1,53,1,2,8.0,1290000.0,43.0
2025,12,3,1,1,35,6,2,10.0,3832000.0,59.0
2025,12,1,1,1,28,1,2,5.0,1980000.0,38.0
2025,12,1,1,1,48,1,2,10.0,6620000.0,71.0
2025,12,1,1,2,63,1,3,11.0,4702000.0,85.0
2025,12,1,1,1,71,1,3,5.0,577000.0,45.0
2025,12,1,1,2,59,1,3,5.0,2993000.0,85.0
2025,12,3,1,1,45,3,1,12.0,2160000.0,45.0
2025,12,1,1,1,59,1,3,3.0,1326000.0,49.0
2025,12,4,1,2,51,3,1,5.0,13444000.0,86.0
2025,12,1,1,1,24,1,2,10.0,2469000.0,75.0
2025,12,1,1,2,39,1,2,5.0,1075000.0,96.0
2025,12,1,1,1,45,1,2,4.0,468000.0,41.0
2025,12,2,1,1,33,2,2,4.0,1102000.0,49.0
2025,12,3,1,2,21,3,1,8.0,481000.0,47.0
2025,12,1,1,1,53,1,2,1.0,1827000.0,68.0
2025,12,1,1,1,33,1,2,11.0,1794000.0,86.0
2025,12,2,1,1,52,2,2,1.0,1575000.0,1.0
2025,12,1,1,1,22,1,2,10.0,2660000.0,1.0
2025,12,1,1,1,45,1,2,5.0,3377000.0,56.0
2025,12,1,1,2,52,1,2,3.0,261000.0,56.0
2025,12,1,1,1,27,1,2,10.0,6058000.0,46.0
2025,12,2,1,1,44,2,2,5.0,1521000.0,41.0
2025,12,1,1,1,36,1,2,5.0,2467000.0,49.0
2025,12,1,1,2,24,1,2,8.0,2166000.0,86.0
2025,12,1,1,1,46,1,3,4.0,3803000.0,1.0
2025,12,2,1,1,24,8,2,10.0,1290000.0,56.0
2025,12,1,1,1,31,1,2,5.0,1139000.0,41.0
2025,12,1,1,2,37,1,2,10.0,1063000.0,47.0
2025,12,1,1,2,25,1,2,10.0,1746000.0,43.0
2025,12,1,1,2,51,1,3,5.0,441000.0,97.0
2025,12,2,1,2,73,2,3,3.0,571000.0,97.0
2025,12,1,1,1,37,1,2,3.0,922000.0,7.0
2025,12,1,1,2,67,1,1,10.0,1228000.0,56.0
2025,12,1,1,2,53,1,3,4.0,1648000.0,56.0
2025,12,2,1,1,41,2,3,6.0,2325000.0,47.0
2025,12,1,1,1,39,1,3,5.0,1922000.0,27.0
2025,12,1,1,1,45,1,2,8.0,1842000.0,49.0
2025,12,4,1,1,20,9,2,9.0,1558000.0,84.0
2025,12,1,1,2,64,1,2,9.0,608000.0,68.0
2025,12,1,1,2,43,1,2,10.0,1520000.0,47.0
2025,12,1,1,1,42,1,2,11.0,12805000.0,56.0
2025,12,3,1,2,19,6,1,10.0,1203000.0,96.0
2025,12,1,1,2,48,1,3,5.0,1331000.0,45.0
2025,12,2,1,1,54,2,2,3.0,3720000.0,45.0
2025,12,1,1,1,44,1,2,11.0,6988000.0,13.0
2025,12,2,1,2,52,3,1,5.0,560000.0,81.0
2025,12,1,1,2,46,1,2,5.0,1151000.0,47.0
2025,12,2,1,2,25,3,1,8.0,1829000.0,86.0
2025,12,5,1,2,55,9,3,4.0,788000.0,81.0
2025,12,1,1,1,69,1,3,3.0,178000.0,47.0
2025,12,1,1,2,29,1,2,5.0,972000.0,56.0
2025,12,1,1,1,57,1,2,5.0,1738000.0,43.0
2025,12,2,1,2,34,2,2,8.0,1280000.0,86.0
2025,12,2,1,2,54,6,3,11.0,6244000.0,85.0
2025,12,2,1,1,23,3,1,5.0,1886000.0,70.0
2025,12,2,1,1,40,2,2,10.0,5222000.0,36.0
2025,12,2,1,2,35,2,2,10.0,2379000.0,46.0
2025,12,3,1,1,18,9,2,5.0,482000.0,47.0
2025,12,1,1,1,51,1,3,10.0,1813000.0,46.0
2025,12,2,1,2,58,2,3,5.0,1337000.0,14.0
2025,12,5,1,2,20,7,2,5.0,1194000.0,61.0
2025,12,1,1,2,42,1,3,5.0,1547000.0,56.0
2025,12,1,1,1,44,1,2,5.0,2409000.0,46.0
2025,12,1,1,1,42,1,2,3.0,2695000.0,49.0
2025,12,3,1,1,31,6,2,5.0,3748000.0,97.0
2025,12,2,1,2,42,3,1,5.0,1029000.0,73.0
2025,12,4,1,1,23,8,2,5.0,2724000.0,47.0
2025,12,3,1,2,26,3,1,5.0,594000.0,97.0
2025,12,1,1,2,57,1,2,10.0,4346000.0,84.0
2025,12,2,1,1,41,6,3,10.0,4669000.0,42.0
2025,12,2,1,1,61,2,2,5.0,991000.0,49.0
2025,12,1,1,2,30,1,1,8.0,1342000.0,46.0
2025,12,2,1,1,37,3,1,10.0,4354000.0,62.0
2025,12,2,1,2,38,2,2,10.0,1724000.0,49.0
2025,12,1,1,1,31,1,2,6.0,2056000.0,45.0
2025,12,1,1,2,61,1,2,5.0,1292000.0,56.0
2025,12,1,1,1,55,1,2,3.0,1829000.0,41.0
2025,12,1,1,1,50,1,2,5.0,1171000.0,49.0
2025,12,1,1,2,26,1,2,10.0,1612000.0,84.0
2025,12,2,1,2,20,2,2,5.0,1970000.0,96.0
2025,12,1,1,2,55,1,2,9.0,3521000.0,86.0
2025,12,2,1,1,40,2,3,5.0,889000.0,41.0
2025,12,1,1,2,32,1,3,6.0,1469000.0,86.0
2025,12,2,1,2,58,2,3,8.0,1569000.0,45.0
2025,12,2,1,2,51,2,2,5.0,1879000.0,10.0
2025,12,1,1,2,37,1,2,5.0,1531000.0,56.0
2025,12,1,1,1,65,1,2,11.0,4810000.0,69.0
2025,12,3,1,1,42,3,1,5.0,2590000.0,49.0
2025,12,1,1,2,57,1,2,3.0,100000.0,56.0
2025,12,3,1,2,31,3,1,11.0,5113000.0,84.0
2025,12,1,1,1,39,1,2,10.0,873000.0,93.0
2025,12,2,1,2,30,2,2,10.0,2131000.0,86.0
2025,12,1,1,1,34,1,2,5.0,1849000.0,70.0
2025,12,1,1,1,28,1,2,5.0,2204000.0,86.0
2025,12,1,1,1,70,1,3,3.0,145000.0,38.0
2025,12,2,1,1,20,3,1,5.0,2262000.0,41.0
2025,12,1,1,1,58,1,2,5.0,2679000.0,49.0
2025,12,1,1,2,26,1,2,8.0,4675000.0,82.0
2025,12,1,1,1,35,1,2,3.0,2282000.0,68.0
2025,12,2,1,1,45,2,2,10.0,3322000.0,69.0
2025,12,1,1,2,22,1,2,5.0,1197000.0,46.0
2025,12,1,1,2,28,1,2,10.0,1593000.0,86.0
2025,12,1,1,2,54,1,2,1.0,1391000.0,56.0
2025,12,1,1,2,63,1,3,3.0,388000.0,47.0
2025,12,1,1,1,49,1,2,5.0,3097000.0,10.0
2025,12,1,1,1,46,1,2,6.0,1949000.0,10.0
2025,12,1,1,1,42,1,2,5.0,1660000.0,49.0
2025,12,1,1,1,29,1,1,10.0,3170000.0,82.0
2025,12,2,1,1,32,3,1,10.0,3409000.0,62.0
2025,12,1,1,2,51,1,2,5.0,383000.0,47.0
2025,12,2,1,1,36,2,2,3.0,2069000.0,10.0
2025,12,1,1,2,47,1,3,11.0,10386000.0,74.0
2025,12,1,1,2,59,1,3,3.0,807000.0,47.0
2025,12,3,1,1,24,3,1,5.0,1289000.0,31.0
2025,12,1,1,2,32,1,2,10.0,2029000.0,47.0
2025,12,3,1,1,34,8,1,9.0,4961000.0,47.0
2025,12,1,1,2,67,1,2,8.0,850000.0,10.0
2025,12,1,1,1,50,1,2,10.0,7232000.0,46.0
2025,12,1,1,1,29,1,2,10.0,2152000.0,85.0
2025,12,3,1,1,23,3,1,10.0,1730000.0,61.0
2025,12,1,1,2,36,1,2,5.0,903000.0,1.0
2025,12,4,1,2,36,3,1,10.0,5347000.0,45.0
2025,12,1,1,1,35,1,2,8.0,2095000.0,42.0
2025,12,1,1,2,32,1,3,5.0,577000.0,96.0
2025,12,2,1,2,26,2,2,10.0,0.0,86.0
2025,12,3,1,1,29,3,1,3.0,482000.0,16.0
2025,12,1,1,1,66,1,3,3.0,837000.0,25.0
2025,12,2,1,1,49,6,2,5.0,632000.0,49.0
2025,12,3,1,1,33,3,1,6.0,1753000.0,96.0
2025,12,1,1,1,49,1,2,10.0,2906000.0,1.0
2025,12,1,1,2,29,1,2,9.0,1457000.0,86.0
2025,12,1,1,2,23,1,2,8.0,253000.0,1.0
2025,12,1,1,1,59,1,2,3.0,885000.0,49.0
2025,12,2,1,2,36,2,1,10.0,1636000.0,56.0
2025,12,2,1,2,48,2,3,8.0,494000.0,47.0
2025,12,1,1,2,39,1,1,5.0,894000.0,47.0
2025,12,4,1,1,28,3,1,4.0,1526000.0,45.0
2025,12,2,1,2,27,2,2,10.0,1310000.0,71.0
2025,12,1,1,1,32,1,2,5.0,2015000.0,41.0
2025,12,1,1,1,47,1,1,10.0,3542000.0,85.0
2025,12,2,1,2,34,2,2,9.0,119000.0,47.0
2025,12,1,1,1,22,1,2,5.0,1903000.0,96.0
2025,12,1,1,1,34,1,2,5.0,1278000.0,49.0
2025,12,1,1,2,55,1,3,7.0,0.0,85.0
2025,12,2,1,2,54,2,2,3.0,0.0,1.0
2025,12,1,1,1,60,1,2,3.0,961000.0,47.0
2025,12,2,1,2,56,3,1,8.0,1959000.0,56.0
2025,12,1,1,1,48,1,2,5.0,3977000.0,95.0
2025,12,1,1,1,44,1,2,5.0,2038000.0,47.0
2025,12,2,1,1,37,2,3,5.0,1617000.0,49.0
2025,12,1,1,1,41,1,3,4.0,3175000.0,41.0
2025,12,1,1,1,50,1,2,10.0,7444000.0,62.0
2025,12,5,1,1,41,13,2,10.0,5202000.0,86.0
2025,12,4,1,1,23,3,2,5.0,662000.0,95.0
2025,12,1,1,2,26,1,2,5.0,1444000.0,47.0
2025,12,1,1,2,27,1,2,5.0,131000.0,92.0
2025,12,1,1,1,36,1,2,5.0,2262000.0,31.0
2025,12,5,1,1,55,5,3,5.0,1702000.0,41.0
2025,12,2,1,2,23,3,1,10.0,341000.0,56.0
2025,12,1,1,1,35,1,3,5.0,1338000.0,97.0
2025,12,2,1,1,37,3,1,8.0,2268000.0,49.0
2025,12,1,1,2,38,1,2,5.0,871000.0,56.0
2025,12,2,1,2,51,2,3,3.0,365000.0,1.0
2025,12,1,1,1,50,1,2,1.0,688000.0,1.0
2025,12,1,1,1,43,1,2,8.0,0.0,86.0
2025,12,1,1,2,41,1,2,4.0,337000.0,96.0
2025,12,2,1,1,46,2,2,5.0,1245000.0,43.0
2025,12,1,1,1,90,1,3,3.0,163000.0,47.0
2025,12,2,1,1,31,2,2,5.0,1908000.0,10.0
2025,12,2,1,1,60,2,2,3.0,833000.0,52.0
2025,12,2,1,2,25,2,2,10.0,2686000.0,35.0
2025,12,2,1,1,63,3,1,3.0,857000.0,56.0
2025,12,2,1,1,52,4,2,3.0,1669000.0,45.0
2025,12,1,1,1,35,1,2,3.0,2787000.0,56.0
2025,12,1,1,2,49,1,3,5.0,526000.0,81.0
2025,12,2,1,1,51,2,2,5.0,2271000.0,13.0
2025,12,2,1,2,39,2,2,10.0,1749000.0,86.0
2025,12,1,1,2,71,1,2,1.0,100000.0,1.0
2025,12,2,1,2,51,6,3,10.0,4471000.0,86.0
2025,12,1,1,2,56,1,3,10.0,4584000.0,46.0
2025,12,1,1,1,52,1,2,8.0,3481000.0,85.0
2025,12,1,1,2,43,1,3,10.0,3140000.0,56.0
2025,12,2,1,2,40,2,2,3.0,1406000.0,96.0
2025,12,3,1,2,38,3,1,10.0,3133000.0,84.0
2025,12,1,1,1,31,1,1,5.0,2096000.0,79.0
2025,12,1,1,1,43,1,2,5.0,2005000.0,84.0
2025,12,2,1,2,55,2,3,6.0,294000.0,47.0
2025,12,2,1,2,48,2,2,9.0,1490000.0,86.0
2025,12,2,1,1,39,3,1,10.0,2075000.0,99.0
2025,12,1,1,2,40,1,2,5.0,1252000.0,86.0
2025,12,2,1,1,40,2,2,5.0,1503000.0,41.0
2025,12,1,1,2,57,1,2,1.0,393000.0,7.0
2025,12,1,1,2,59,1,2,3.0,311000.0,56.0
2025,12,1,1,2,66,1,3,10.0,2396000.0,84.0
2025,12,2,1,2,29,2,2,4.0,100000.0,56.0
2025,12,6,1,2,68,4,3,5.0,1313000.0,84.0
2025,12,1,1,2,26,1,2,5.0,442000.0,7.0
2025,12,1,1,2,50,1,2,3.0,129000.0,47.0
2025,12,3,1,2,27,3,1,5.0,1263000.0,47.0
2025,12,1,1,1,28,1,2,10.0,3639000.0,86.0
2025,12,1,1,1,42,1,3,1.0,1643000.0,1.0
2025,12,2,1,1,58,2,2,4.0,1712000.0,10.0
2025,12,1,1,2,50,1,2,10.0,7792000.0,82.0
2025,12,1,1,1,19,1,2,5.0,1132000.0,45.0
2025,12,3,1,1,29,8,1,10.0,1986000.0,53.0
2025,12,1,1,2,35,1,2,5.0,0.0,81.0
2025,12,4,1,2,18,8,2,5.0,695000.0,56.0
2025,12,1,1,1,73,1,3,3.0,1079000.0,32.0
2025,12,2,1,2,19,2,2,8.0,1067000.0,56.0
2025,12,2,1,2,45,2,3,8.0,882000.0,47.0
2025,12,1,1,2,58,1,3,3.0,591000.0,47.0
2025,12,2,1,1,29,3,1,5.0,2069000.0,47.0
2025,12,6,1,2,64,5,2,5.0,934000.0,84.0
2025,12,1,1,1,44,1,2,8.0,1896000.0,95.0
2025,12,1,1,1,57,1,3,5.0,1686000.0,25.0
2025,12,1,1,2,55,1,2,5.0,436000.0,81.0
2025,12,1,1,2,50,1,2,5.0,0.0,92.0
2025,12,1,1,1,41,1,3,10.0,8823000.0,70.0
2025,12,2,1,1,49,6,2,10.0,9976000.0,46.0
2025,12,2,1,1,33,2,2,4.0,969000.0,96.0
2025,12,2,1,2,31,2,2,10.0,1505000.0,47.0
2025,12,2,1,1,54,2,3,4.0,2018000.0,45.0
2025,12,1,1,1,51,1,2,3.0,1782000.0,41.0
2025,12,1,1,2,49,1,2,5.0,1387000.0,92.0
2025,12,2,1,1,47,3,1,1.0,739000.0,23.0
2025,12,1,1,2,50,1,1,12.0,4099000.0,85.0
2025,12,1,1,2,50,1,2,8.0,1202000.0,47.0
2025,12,1,1,2,71,1,3,5.0,608000.0,15.0
2025,12,2,1,1,43,2,2,10.0,2414000.0,47.0
2025,12,1,1,1,48,1,1,5.0,2002000.0,38.0
2025,12,3,1,1,29,3,1,5.0,1748000.0,1.0
2025,12,1,1,2,54,1,3,5.0,881000.0,47.0
2025,12,1,1,2,70,1,3,1.0,291000.0,97.0
2025,12,2,1,2,45,2,2,11.0,4913000.0,69.0
2025,12,3,1,1,20,3,1,5.0,694000.0,41.0
2025,12,3,1,1,47,3,1,3.0,540000.0,1.0
2025,12,1,1,1,30,1,2,5.0,1855000.0,56.0
2025,12,1,1,1,42,1,2,3.0,752000.0,41.0
2025,12,3,1,1,44,3,1,4.0,981000.0,47.0
2025,12,2,1,1,57,2,2,5.0,1790000.0,49.0
2025,12,2,1,2,63,3,1,3.0,779000.0,47.0
2025,12,1,1,1,51,1,3,10.0,2158000.0,49.0
2025,12,1,1,2,70,1,3,11.0,2003000.0,85.0
2025,12,1,1,2,20,1,2,4.0,204000.0,97.0
2025,12,1,1,2,55,1,3,3.0,970000.0,96.0
2025,12,1,1,1,45,1,2,5.0,2105000.0,55.0
2025,12,2,1,2,29,3,1,8.0,100000.0,82.0
2025,12,2,1,1,61,2,3,1.0,653000.0,1.0
2025,12,2,1,1,34,3,1,10.0,2600000.0,38.0
2025,12,1,1,1,21,1,2,5.0,1074000.0,47.0
2025,12,2,1,2,43,2,2,5.0,293000.0,81.0
2025,12,4,1,2,31,3,1,9.0,1150000.0,86.0
2025,12,2,1,1,23,2,2,8.0,2795000.0,25.0
2025,12,4,1,1,66,6,3,3.0,598000.0,53.0
2025,12,1,1,2,50,1,3,3.0,1169000.0,97.0
2025,12,1,1,1,59,1,3,3.0,1951000.0,56.0
2025,12,4,1,1,28,3,1,10.0,1918000.0,49.0
2025,12,2,1,1,35,2,2,5.0,2674000.0,49.0
2025,12,1,1,2,31,1,2,5.0,665000.0,47.0
2025,12,1,1,1,64,1,3,4.0,756000.0,41.0
2025,12,1,1,1,63,1,3,3.0,1101000.0,5.0
2025,12,1,1,2,60,1,2,5.0,529000.0,47.0
2025,12,2,1,1,19,3,1,5.0,1271000.0,41.0
2025,12,1,1,2,43,1,3,3.0,841000.0,47.0
2025,12,2,1,1,58,6,2,11.0,5756000.0,53.0
2025,12,2,1,1,28,9,2,5.0,1770000.0,49.0
2025,12,1,1,1,57,1,2,5.0,1977000.0,94.0
2025,12,1,1,1,40,1,2,8.0,3742000.0,22.0
2025,12,1,1,2,54,1,2,3.0,523000.0,56.0
2025,12,2,1,1,33,3,1,9.0,1728000.0,85.0
2025,12,1,1,1,47,1,2,10.0,8951000.0,31.0
2025,12,1,1,2,44,1,3,10.0,3185000.0,85.0
2025,12,1,1,1,22,1,2,10.0,845000.0,1.0
2025,12,1,1,1,57,1,3,3.0,325000.0,1.0
2025,12,3,1,1,22,3,1,4.0,2324000.0,49.0
2025,12,2,1,2,29,2,2,5.0,1342000.0,43.0
2025,12,3,1,1,65,3,1,4.0,824000.0,1.0
2025,12,1,1,2,47,1,3,3.0,1481000.0,14.0
2025,12,3,1,2,27,3,1,11.0,3085000.0,84.0
2025,12,1,1,2,36,1,2,5.0,366000.0,47.0
2025,12,5,1,2,32,3,1,4.0,1589000.0,97.0
2025,12,1,1,2,33,1,2,1.0,184000.0,46.0
2025,12,1,1,2,51,1,2,4.0,344000.0,56.0
2025,12,4,1,2,42,3,1,8.0,332000.0,47.0
2025,12,1,1,1,39,1,2,4.0,1553000.0,3.0
2025,12,1,1,1,19,1,2,4.0,1894000.0,1.0
2025,12,3,1,1,31,3,1,5.0,2925000.0,41.0
2025,12,3,1,1,44,3,1,10.0,4755000.0,85.0
2025,12,2,1,2,34,2,2,10.0,2532000.0,88.0
2025,12,1,1,1,59,1,3,3.0,1192000.0,1.0
2025,12,1,1,1,48,1,2,5.0,1857000.0,42.0
2025,12,2,1,2,44,2,3,4.0,847000.0,56.0
2025,12,2,1,1,18,3,1,5.0,1859000.0,38.0
2025,12,1,1,2,52,1,3,8.0,3271000.0,84.0
2025,12,3,1,2,46,7,2,5.0,1103000.0,96.0
2025,12,1,1,2,67,1,3,10.0,14737000.0,69.0
2025,12,1,1,1,32,1,2,9.0,4236000.0,14.0
2025,12,2,1,1,36,2,2,5.0,1914000.0,49.0
2025,12,1,1,2,27,1,2,5.0,794000.0,47.0
2025,12,1,1,1,52,1,2,3.0,845000.0,31.0
2025,12,2,1,2,47,2,2,3.0,721000.0,97.0
2025,12,4,1,2,57,4,3,3.0,329000.0,14.0
2025,12,2,1,1,43,2,2,11.0,8720000.0,32.0
2025,12,1,1,2,82,1,3,3.0,0.0,47.0
2025,12,2,1,1,37,3,2,3.0,921000.0,43.0
2025,12,1,1,2,39,1,1,10.0,3006000.0,86.0
2025,12,6,1,2,19,3,1,4.0,828000.0,97.0
2025,12,4,1,2,57,6,3,5.0,489000.0,14.0
2025,12,1,1,2,42,1,2,10.0,267000.0,56.0
2025,12,1,1,1,51,1,2,5.0,737000.0,49.0
2025,12,2,1,2,32,6,2,5.0,1424000.0,47.0
2025,12,1,1,1,46,1,2,5.0,3133000.0,23.0
2025,12,1,1,1,55,1,2,11.0,15645000.0,86.0
2025,12,1,1,1,73,1,3,3.0,2533000.0,49.0
2025,12,1,1,1,53,1,2,5.0,2708000.0,47.0
2025,12,2,1,2,34,2,3,8.0,3572000.0,82.0
2025,12,1,1,1,60,1,2,3.0,2625000.0,47.0
2025,12,2,1,1,59,2,3,3.0,1743000.0,41.0
2025,12,1,1,2,47,1,3,5.0,698000.0,56.0
2025,12,1,1,2,42,1,2,10.0,2342000.0,80.0
2025,12,1,1,1,34,1,2,4.0,1964000.0,46.0
2025,12,2,1,2,42,2,2,5.0,1334000.0,10.0
2025,12,1,1,2,37,1,2,5.0,510000.0,81.0
2025,12,2,1,2,40,2,2,3.0,1204000.0,81.0
2025,12,2,1,2,39,2,2,3.0,2127000.0,10.0
2025,12,1,1,1,25,1,2,8.0,1561000.0,1.0
2025,12,2,1,2,61,2,1,3.0,161000.0,95.0
2025,12,1,1,1,48,1,3,12.0,6367000.0,85.0
2025,12,1,1,2,50,1,3,8.0,100000.0,47.0
2025,12,1,1,1,41,1,2,6.0,2230000.0,77.0
2025,12,1,1,2,46,1,2,5.0,807000.0,81.0
2025,12,2,1,2,51,2,2,5.0,1410000.0,68.0
2025,12,1,1,1,40,1,2,10.0,5560000.0,84.0
2025,12,3,1,2,21,3,1,5.0,1758000.0,47.0
2025,12,2,1,1,57,3,1,4.0,1716000.0,1.0
2025,12,2,1,2,36,2,3,5.0,1276000.0,47.0
2025,12,1,1,1,33,1,2,5.0,1431000.0,7.0
2025,12,1,1,2,54,1,3,4.0,894000.0,1.0
2025,12,4,1,1,35,3,1,10.0,1783000.0,85.0
2025,12,2,1,1,61,2,2,4.0,652000.0,1.0
2025,12,2,1,1,56,3,3,5.0,2544000.0,14.0
2025,12,3,1,1,30,3,1,5.0,1840000.0,47.0
2025,12,1,1,2,54,1,3,3.0,1016000.0,95.0
2025,12,1,1,2,37,1,2,5.0,1201000.0,47.0
2025,12,1,1,1,40,1,3,6.0,1883000.0,97.0
2025,12,4,1,1,38,3,1,5.0,1624000.0,46.0
2025,12,1,1,1,40,1,2,3.0,1568000.0,49.0
2025,12,5,1,1,23,3,1,10.0,1229000.0,56.0
2025,12,1,1,2,45,1,2,5.0,1233000.0,14.0
2025,12,1,1,2,19,1,2,5.0,1193000.0,47.0
2025,12,1,1,1,73,1,3,3.0,783000.0,1.0
2025,12,2,1,2,58,2,2,3.0,778000.0,97.0
2025,12,2,1,2,29,2,2,5.0,628000.0,55.0
2025,12,2,1,1,60,2,2,3.0,0.0,1.0
2025,12,3,1,1,40,3,1,8.0,3598000.0,74.0
2025,12,4,1,1,55,13,2,5.0,752000.0,52.0
2025,12,1,1,1,63,1,2,11.0,19986000.0,69.0
2025,12,3,1,1,25,3,1,5.0,2268000.0,20.0
2025,12,1,1,2,29,1,2,8.0,1141000.0,47.0
2025,12,1,1,2,29,1,2,5.0,1097000.0,49.0
2025,12,2,1,2,49,3,1,9.0,543000.0,14.0
2025,12,2,1,1,33,2,2,5.0,2897000.0,31.0
2025,12,1,1,1,52,1,3,5.0,2226000.0,42.0
2025,12,1,1,2,27,1,2,5.0,1209000.0,56.0
2025,12,1,1,2,29,1,2,5.0,711000.0,81.0
2025,12,1,1,2,59,1,3,5.0,2056000.0,20.0
2025,12,1,1,2,37,1,2,9.0,3943000.0,43.0
2025,12,2,1,2,24,3,3,10.0,635000.0,82.0
2025,12,1,1,2,65,1,3,5.0,0.0,95.0
2025,12,2,1,1,71,2,3,3.0,2156000.0,1.0
2025,12,1,1,2,56,1,3,5.0,473000.0,14.0
2025,12,2,1,2,55,2,2,10.0,5551000.0,13.0
2025,12,1,1,1,51,1,3,5.0,1676000.0,77.0
2025,12,1,1,2,44,1,3,5.0,1139000.0,97.0
2025,12,4,1,1,48,9,2,4.0,1039000.0,81.0
2025,12,1,1,1,65,1,2,4.0,186000.0,43.0
2025,12,1,1,2,44,1,2,5.0,735000.0,47.0
2025,12,1,1,1,41,1,2,6.0,7147000.0,84.0
2025,12,1,1,1,70,1,2,5.0,2353000.0,47.0
2025,12,1,1,2,44,1,2,6.0,1384000.0,68.0
2025,12,2,1,2,54,3,1,10.0,4613000.0,85.0
2025,12,3,1,1,22,3,1,5.0,1577000.0,56.0
2025,12,1,1,1,63,1,3,3.0,724000.0,45.0
2025,12,1,1,1,26,1,2,6.0,1063000.0,49.0
2025,12,1,1,1,28,1,2,5.0,3514000.0,49.0
2025,12,1,1,2,40,1,2,10.0,3215000.0,65.0
2025,12,1,1,2,31,1,2,8.0,1410000.0,1.0
2025,12,2,1,2,38,2,2,8.0,1848000.0,70.0
2025,12,1,1,2,35,1,2,10.0,2696000.0,46.0
2025,12,2,1,2,41,2,2,8.0,1778000.0,86.0
2025,12,1,1,2,69,1,3,10.0,469000.0,53.0
2025,12,2,1,2,23,3,2,5.0,430000.0,47.0
2025,12,2,1,2,36,2,2,3.0,565000.0,56.0
2025,12,1,1,1,29,1,2,10.0,625000.0,49.0
2025,12,2,1,2,41,2,2,8.0,3340000.0,71.0
2025,12,2,1,2,40,2,2,4.0,748000.0,81.0
2025,12,7,1,1,24,3,1,5.0,2096000.0,68.0
2025,12,4,1,2,52,4,1,5.0,1303000.0,84.0
2025,12,1,1,1,69,1,3,5.0,1000000.0,47.0
2025,12,1,1,2,45,1,2,5.0,766000.0,47.0
2025,12,2,1,2,51,2,2,9.0,100000.0,32.0
2025,12,1,1,2,35,1,2,10.0,0.0,86.0
2025,12,3,1,1,49,3,1,10.0,13271000.0,50.0
2025,12,1,1,2,42,1,2,3.0,1739000.0,97.0
2025,12,1,1,2,40,1,2,6.0,873000.0,81.0
2025,12,3,1,2,39,3,1,5.0,1193000.0,97.0
2025,12,2,1,1,25,3,1,5.0,1580000.0,42.0
2025,12,2,1,2,58,2,3,3.0,0.0,56.0
2025,12,3,1,1,43,3,1,3.0,1370000.0,43.0
2025,12,1,1,1,34,1,2,10.0,4010000.0,85.0
2025,12,3,1,1,29,3,1,10.0,947000.0,90.0
2025,12,2,1,1,62,2,2,3.0,765000.0,1.0
2025,12,1,1,1,37,1,2,3.0,2923000.0,1.0
2025,12,3,1,2,40,3,1,5.0,104000.0,10.0
2025,12,1,1,2,24,1,2,10.0,1833000.0,86.0
2025,12,4,1,2,26,6,2,5.0,1036000.0,97.0
2025,12,2,1,1,33,2,2,10.0,3724000.0,84.0
2025,12,3,1,2,29,3,1,10.0,0.0,47.0
2025,12,3,1,1,23,7,2,5.0,1969000.0,56.0
2025,12,1,1,1,48,1,2,1.0,1131000.0,1.0
2025,12,2,1,2,61,4,3,10.0,1300000.0,85.0
2025,12,2,1,2,19,3,1,9.0,1324000.0,10.0
2025,12,2,1,1,39,3,1,3.0,4435000.0,49.0
2025,12,3,1,2,26,3,1,5.0,1378000.0,47.0
2025,12,2,1,2,58,2,3,5.0,3251000.0,47.0
2025,12,1,1,2,38,1,2,4.0,0.0,97.0
2025,12,1,1,2,51,1,3,3.0,1570000.0,47.0
2025,12,2,1,1,60,2,2,3.0,1391000.0,47.0
2025,12,1,1,2,60,1,3,8.0,2464000.0,47.0
2025,12,1,1,2,40,1,2,3.0,190000.0,97.0
2025,12,3,1,2,23,8,1,6.0,231000.0,85.0
2025,12,1,1,2,34,1,2,8.0,3894000.0,96.0
2025,12,1,1,1,25,1,2,4.0,2893000.0,46.0
2025,12,3,1,2,27,3,1,5.0,1511000.0,56.0
2025,12,2,1,2,52,3,1,5.0,533000.0,97.0
2025,12,1,1,1,33,1,2,5.0,1873000.0,10.0
2025,12,1,1,2,33,1,1,5.0,760000.0,47.0
2025,12,1,1,1,33,1,2,10.0,3974000.0,68.0
2025,12,1,1,1,74,1,2,3.0,3856000.0,47.0
2025,12,1,1,1,67,1,3,5.0,2630000.0,49.0
2025,12,1,1,2,59,1,2,5.0,1314000.0,20.0
2025,12,3,1,2,23,3,1,10.0,1540000.0,64.0
2025,12,1,1,2,35,1,2,8.0,529000.0,56.0
2025,12,2,1,2,19,2,2,5.0,1787000.0,96.0
2025,12,2,1,2,52,2,2,3.0,1382000.0,14.0
2025,12,1,1,2,34,1,2,5.0,378000.0,56.0
2025,12,1,1,2,25,1,2,10.0,2173000.0,96.0
2025,12,1,1,2,30,1,2,10.0,3411000.0,84.0
2025,12,2,1,1,45,2,2,4.0,715000.0,49.0
2025,12,1,1,1,47,1,2,1.0,1334000.0,1.0
2025,12,1,1,2,39,1,2,5.0,4838000.0,56.0
2025,12,1,1,1,31,1,2,12.0,5007000.0,79.0
2025,12,1,1,2,54,1,3,8.0,1073000.0,56.0
2025,12,7,1,1,31,7,2,8.0,976000.0,41.0
2025,12,2,1,2,57,2,2,10.0,0.0,47.0
2025,12,5,1,1,22,13,2,4.0,1701000.0,25.0
2025,12,1,1,1,56,1,3,6.0,503000.0,56.0
2025,12,3,1,1,37,3,1,10.0,3151000.0,65.0
2025,12,1,1,1,64,1,3,9.0,3091000.0,71.0
2025,12,1,1,1,42,1,3,4.0,1764000.0,41.0
2025,12,1,1,2,47,1,2,5.0,1382000.0,47.0
2025,12,1,1,1,46,1,3,10.0,6008000.0,49.0
2025,12,1,1,2,66,1,2,1.0,148000.0,15.0
2025,12,4,1,2,27,3,1,5.0,1400000.0,47.0
2025,12,1,1,2,32,1,2,6.0,1467000.0,47.0
2025,12,2,1,1,26,3,1,10.0,10422000.0,86.0
2025,12,2,1,2,32,2,2,6.0,569000.0,47.0
2025,12,1,1,1,34,1,2,10.0,5084000.0,47.0
2025,12,2,1,2,42,2,1,12.0,5744000.0,85.0
2025,12,2,1,2,33,2,2,11.0,1893000.0,86.0
2025,12,1,1,2,45,1,3,5.0,418000.0,1.0
2025,12,2,1,2,61,2,3,3.0,1594000.0,85.0
2025,12,6,1,1,19,13,2,3.0,1616000.0,1.0
2025,12,2,1,2,30,2,2,10.0,2345000.0,85.0
2025,12,1,1,1,51,1,2,3.0,2328000.0,46.0
2025,12,1,1,2,36,1,2,5.0,1127000.0,97.0
2025,12,2,1,2,62,3,3,5.0,1440000.0,14.0
2025,12,1,1,1,28,1,2,4.0,1752000.0,1.0
2025,12,2,1,2,35,2,2,8.0,2178000.0,85.0
2025,12,5,1,2,45,9,2,5.0,215000.0,96.0
2025,12,1,1,1,62,1,2,3.0,2329000.0,1.0
2025,12,1,1,1,30,1,2,10.0,6162000.0,69.0
2025,12,1,1,2,62,1,3,3.0,294000.0,56.0
2025,12,1,1,1,61,1,3,1.0,731000.0,1.0
2025,12,2,1,2,29,2,2,10.0,3207000.0,15.0
2025,12,1,1,1,41,1,3,5.0,1215000.0,49.0
2025,12,2,1,2,38,2,3,5.0,443000.0,56.0
2025,12,1,1,1,57,1,3,3.0,3350000.0,1.0
2025,12,2,1,1,25,3,1,6.0,1275000.0,53.0
2025,12,1,1,1,47,1,2,8.0,2078000.0,47.0
2025,12,1,1,2,31,1,2,5.0,1636000.0,96.0
2025,12,1,1,1,38,1,2,5.0,1219000.0,56.0
2025,12,2,1,1,43,2,2,5.0,3058000.0,49.0
2025,12,1,1,2,35,1,2,4.0,635000.0,56.0
2025,12,1,1,1,57,1,2,3.0,1765000.0,75.0
2025,12,3,1,2,29,3,1,5.0,891000.0,47.0
2025,12,1,1,2,28,1,2,10.0,4470000.0,86.0
2025,12,2,1,2,34,2,2,10.0,4191000.0,73.0
2025,12,3,1,1,61,3,1,10.0,2845000.0,47.0
2025,12,2,1,1,44,2,2,5.0,2322000.0,49.0
2025,12,1,1,2,30,1,3,4.0,100000.0,56.0
2025,12,4,1,1,25,13,2,5.0,2251000.0,42.0
2025,12,1,3,1,28,1,2,4.0,2842000.0,56.0
2025,12,2,1,2,55,2,2,5.0,119000.0,14.0
2025,12,2,1,1,35,2,3,5.0,2978000.0,41.0
2025,12,1,1,1,67,1,3,5.0,3454000.0,95.0
2025,12,1,1,2,30,1,2,8.0,1490000.0,84.0
2025,12,3,1,2,27,7,2,4.0,100000.0,47.0
2025,12,1,1,2,32,1,2,5.0,1371000.0,45.0
2025,12,4,1,2,62,4,3,5.0,721000.0,97.0
2025,12,1,1,2,46,1,2,12.0,3979000.0,85.0
2025,12,1,1,2,33,1,2,11.0,2564000.0,86.0
2025,12,1,1,1,34,1,2,3.0,1463000.0,41.0
2025,12,1,1,1,24,1,2,4.0,722000.0,49.0
2025,12,1,1,1,55,1,2,5.0,2006000.0,55.0
2025,12,2,1,1,63,2,2,3.0,555000.0,81.0
2025,12,1,1,1,53,1,3,3.0,914000.0,49.0
2025,12,3,1,1,46,3,1,5.0,1251000.0,45.0
2025,12,3,1,1,24,3,1,5.0,1154000.0,53.0
2025,12,2,1,1,30,3,1,6.0,1983000.0,53.0
2025,12,1,1,2,30,1,2,3.0,194000.0,15.0
2025,12,1,1,1,37,1,2,10.0,1752000.0,10.0
2025,12,1,1,2,35,1,2,12.0,6760000.0,13.0
2025,12,2,1,1,46,2,2,3.0,523000.0,1.0
2025,12,1,1,2,31,1,2,8.0,2276000.0,56.0
2025,12,2,1,1,32,3,1,4.0,1973000.0,23.0
2025,12,1,1,2,51,1,2,4.0,1334000.0,56.0
2025,12,2,1,2,34,2,2,11.0,3811000.0,86.0
2025,12,1,1,1,52,1,2,4.0,2522000.0,49.0
2025,12,2,1,1,71,2,3,4.0,1236000.0,2.0
2025,12,2,1,1,47,2,2,5.0,2099000.0,46.0
2025,12,2,1,2,35,2,3,5.0,100000.0,56.0
2025,12,2,1,2,53,2,2,3.0,1064000.0,86.0
2025,12,1,1,2,34,1,2,10.0,4573000.0,99.0
2025,12,4,1,1,19,3,1,9.0,2026000.0,47.0
2025,12,2,1,2,29,2,2,4.0,106000.0,15.0
2025,12,2,1,1,43,2,2,3.0,1892000.0,43.0
2025,12,1,1,1,27,1,2,10.0,1488000.0,49.0
2025,12,1,1,2,30,1,2,8.0,860000.0,56.0
2025,12,1,1,1,50,1,2,5.0,1690000.0,47.0
2025,12,3,1,1,34,3,1,5.0,2217000.0,31.0
2025,12,3,1,2,20,3,1,10.0,1115000.0,96.0
2025,12,1,1,1,67,1,3,1.0,1300000.0,81.0
2025,12,1,1,1,55,1,2,3.0,1340000.0,38.0
2025,12,1,1,2,36,1,2,5.0,1534000.0,90.0
2025,12,2,1,2,44,2,2,8.0,1119000.0,15.0
2025,12,1,1,1,62,1,3,5.0,6661000.0,41.0
2025,12,1,1,1,68,1,3,3.0,2301000.0,3.0
2025,12,1,1,2,49,1,1,3.0,183000.0,47.0
2025,12,1,1,2,50,1,2,5.0,631000.0,47.0
2025,12,1,1,2,51,1,2,10.0,1732000.0,10.0
2025,12,1,1,1,55,1,2,9.0,1703000.0,49.0
2025,12,1,1,1,44,1,3,5.0,3399000.0,47.0
2025,12,2,1,1,49,3,1,5.0,996000.0,49.0
2025,12,3,1,2,19,3,1,5.0,1477000.0,52.0
2025,12,1,1,2,82,1,3,1.0,528000.0,38.0
2025,12,2,1,2,59,2,3,3.0,366000.0,97.0
2025,12,2,1,1,44,2,2,10.0,3838000.0,49.0
2025,12,3,1,2,32,3,1,8.0,1435000.0,47.0
2025,12,1,1,1,73,1,3,3.0,570000.0,47.0
2025,12,1,1,1,46,1,2,5.0,3179000.0,56.0
2025,12,2,1,1,40,3,1,10.0,1779000.0,46.0
2025,12,1,1,2,61,1,3,5.0,286000.0,97.0
2025,12,1,1,2,68,1,3,3.0,386000.0,56.0
2025,12,1,1,2,40,1,2,5.0,856000.0,96.0
2025,12,2,1,2,45,2,3,4.0,1365000.0,88.0
2025,12,3,1,1,23,3,1,8.0,1751000.0,85.0
2025,12,2,1,2,24,3,1,10.0,1558000.0,85.0
2025,12,2,1,2,43,2,3,5.0,100000.0,15.0
2025,12,2,1,2,44,2,2,4.0,181000.0,47.0
2025,12,1,1,2,66,1,3,3.0,504000.0,1.0
2025,12,4,1,2,51,4,3,3.0,296000.0,81.0
2025,12,4,1,1,26,3,1,5.0,2423000.0,56.0
2025,12,1,1,1,56,1,1,4.0,5029000.0,41.0
2025,12,3,1,1,45,3,1,5.0,1690000.0,27.0
2025,12,1,1,1,21,1,2,8.0,4658000.0,62.0
2025,12,5,1,1,24,3,2,4.0,2209000.0,43.0
2025,12,2,1,2,27,3,1,5.0,1165000.0,92.0
2025,12,1,1,1,31,1,2,8.0,2718000.0,56.0
2025,12,2,1,2,42,2,3,9.0,2078000.0,84.0
2025,12,2,1,2,48,2,2,5.0,1389000.0,49.0
2025,12,1,1,2,33,1,2,6.0,771000.0,96.0
2025,12,1,1,1,36,1,1,5.0,2543000.0,49.0
2025,12,1,1,2,34,1,2,5.0,1794000.0,56.0
2025,12,1,1,1,43,1,3,10.0,3250000.0,84.0
2025,12,1,1,1,46,1,2,5.0,744000.0,7.0
2025,12,1,1,2,48,1,2,10.0,3143000.0,84.0
2025,12,1,1,2,45,1,3,9.0,1640000.0,86.0
2025,12,1,1,2,41,1,2,10.0,2932000.0,79.0
2025,12,4,1,2,18,3,1,7.0,214000.0,56.0
2025,12,5,1,2,32,3,1,5.0,1466000.0,45.0
2025,12,1,1,2,38,1,2,5.0,2032000.0,64.0
2025,12,1,1,1,56,1,3,3.0,1579000.0,68.0
2025,12,1,1,2,56,1,3,3.0,350000.0,97.0
2025,12,1,1,1,49,1,2,3.0,537000.0,1.0
2025,12,2,1,2,19,2,2,5.0,0.0,47.0
2025,12,1,1,2,44,1,2,10.0,2891000.0,86.0
2025,12,1,1,2,35,1,2,5.0,125000.0,56.0
2025,12,1,1,1,25,1,2,4.0,1980000.0,47.0
2025,12,3,1,2,21,3,1,5.0,1264000.0,22.0
2025,12,2,1,2,51,2,2,5.0,1281000.0,85.0
2025,12,1,1,1,48,1,2,10.0,6407000.0,35.0
2025,12,1,1,2,36,1,2,5.0,699000.0,81.0
2025,12,1,1,1,45,1,2,12.0,19301000.0,84.0
2025,12,1,1,2,59,1,2,10.0,3540000.0,84.0
2025,12,1,1,2,25,1,2,4.0,827000.0,47.0
2025,12,1,1,2,29,1,2,10.0,1112000.0,55.0
2025,12,2,1,1,29,2,2,3.0,7648000.0,82.0
2025,12,2,1,2,24,3,1,5.0,1854000.0,97.0
2025,12,2,1,1,69,3,1,3.0,3060000.0,1.0
2025,12,4,1,2,63,5,3,5.0,1616000.0,88.0
2025,12,1,1,2,56,1,3,4.0,376000.0,47.0
2025,12,2,1,2,44,2,2,10.0,3047000.0,64.0
2025,12,2,1,2,38,3,2,3.0,222000.0,1.0
2025,12,1,1,1,43,1,2,10.0,10213000.0,85.0
2025,12,1,1,1,47,1,3,5.0,6265000.0,84.0
2025,12,1,1,2,40,1,2,5.0,1633000.0,86.0
2025,12,1,1,2,63,1,3,11.0,1883000.0,49.0
2025,12,2,1,1,37,3,1,3.0,956000.0,49.0
2025,12,2,1,1,46,2,2,4.0,1879000.0,45.0
2025,12,1,1,2,27,1,2,5.0,1145000.0,96.0
2025,12,1,1,1,42,1,2,5.0,4238000.0,25.0
2025,12,3,1,1,22,3,1,5.0,2491000.0,49.0
2025,12,2,1,2,36,3,1,5.0,1600000.0,46.0
2025,12,3,1,1,33,3,1,5.0,1429000.0,41.0
2025,12,1,1,2,41,1,2,10.0,1851000.0,53.0
2025,12,1,1,1,40,1,2,8.0,2295000.0,56.0
2025,12,2,1,2,39,2,2,8.0,1729000.0,56.0
2025,12,1,1,1,63,1,3,3.0,0.0,1.0
2025,12,1,1,2,52,1,2,3.0,581000.0,47.0
2025,12,2,1,1,61,3,1,10.0,2093000.0,68.0
2025,12,2,1,2,19,3,1,5.0,1553000.0,73.0
2025,12,2,1,1,24,2,2,4.0,1026000.0,25.0
2025,12,5,1,1,52,3,1,1.0,546000.0,43.0
2025,12,1,1,2,64,1,3,8.0,646000.0,88.0
2025,12,3,1,2,44,3,1,10.0,985000.0,86.0
2025,12,1,1,2,45,1,1,10.0,4174000.0,84.0
2025,12,1,1,1,68,1,3,5.0,2737000.0,55.0
2025,12,2,1,1,43,2,2,5.0,332000.0,45.0
2025,12,1,1,1,46,1,2,13.0,16510000.0,86.0
2025,12,1,1,2,32,1,2,5.0,799000.0,81.0
2025,12,2,1,1,58,2,3,5.0,1562000.0,49.0
2025,12,1,1,2,59,1,3,5.0,1739000.0,97.0
2025,12,2,1,2,23,8,2,10.0,1014000.0,70.0
2025,12,2,1,1,36,2,2,3.0,1812000.0,41.0
2025,12,1,1,2,27,1,2,9.0,1533000.0,46.0
2025,12,1,1,1,37,1,2,5.0,1818000.0,86.0
2025,12,4,1,1,22,3,1,5.0,306000.0,1.0
2025,12,1,1,1,60,1,3,3.0,310000.0,1.0
2025,12,1,1,2,57,1,3,12.0,9040000.0,85.0
2025,12,2,1,1,48,2,2,4.0,543000.0,38.0
2025,12,1,1,1,52,1,3,5.0,3370000.0,25.0
2025,12,1,1,2,68,1,3,5.0,425000.0,14.0
2025,12,2,1,2,43,2,2,5.0,765000.0,47.0
2025,12,1,1,1,59,1,2,5.0,14322000.0,6.0
2025,12,3,1,2,42,3,1,5.0,1278000.0,56.0
2025,12,1,1,2,36,1,2,5.0,597000.0,81.0
2025,12,1,1,1,33,1,2,5.0,826000.0,56.0
2025,12,1,1,2,23,1,2,10.0,0.0,82.0
2025,12,1,1,1,53,1,3,3.0,1104000.0,1.0
2025,12,1,1,2,37,1,2,5.0,1358000.0,14.0
2025,12,4,1,1,20,3,1,5.0,2173000.0,47.0
2025,12,2,1,2,42,2,3,4.0,472000.0,56.0
2025,12,4,1,1,33,13,2,8.0,1173000.0,47.0
2025,12,1,1,1,53,1,3,3.0,1543000.0,1.0
2025,12,2,1,2,29,2,2,5.0,1407000.0,56.0
2025,12,3,1,1,26,3,1,6.0,1812000.0,1.0
2025,12,1,1,1,38,1,2,10.0,4533000.0,84.0
2025,12,4,1,1,25,3,1,5.0,1210000.0,41.0
2025,12,2,1,1,35,2,2,5.0,2630000.0,47.0
2025,12,1,1,1,54,1,3,5.0,1849000.0,47.0
2025,12,1,1,1,41,1,2,8.0,1842000.0,62.0
2025,12,1,1,1,47,1,2,10.0,3372000.0,78.0
2025,12,1,1,1,38,1,2,5.0,2592000.0,47.0
2025,12,1,1,1,45,1,3,10.0,3044000.0,86.0
2025,12,2,1,2,29,2,2,10.0,1335000.0,75.0
2025,12,2,1,2,38,2,2,5.0,1905000.0,46.0
2025,12,1,1,2,36,1,2,5.0,1388000.0,10.0
2025,12,1,1,2,45,1,2,12.0,6440000.0,86.0
2025,12,2,1,2,51,2,2,3.0,416000.0,81.0
2025,12,3,1,2,54,3,1,9.0,1470000.0,10.0
2025,12,1,1,2,51,1,2,5.0,728000.0,96.0
2025,12,1,1,2,47,1,2,4.0,1751000.0,1.0
2025,12,1,1,2,49,1,2,8.0,140000.0,56.0
2025,12,1,1,2,58,1,2,3.0,1247000.0,22.0
2025,12,1,1,2,45,1,2,8.0,1265000.0,84.0
2025,12,1,1,2,42,1,2,8.0,388000.0,43.0
2025,12,1,1,2,32,1,2,10.0,2026000.0,84.0
2025,12,1,1,1,48,1,2,5.0,2129000.0,46.0
2025,12,3,1,2,24,3,1,8.0,1808000.0,47.0
2025,12,5,1,2,22,3,1,5.0,1763000.0,15.0
2025,12,3,1,2,37,3,1,4.0,1273000.0,22.0
2025,12,2,1,2,41,2,2,5.0,617000.0,14.0
2025,12,2,1,2,36,2,2,12.0,7523000.0,84.0
2025,12,1,1,1,26,1,2,8.0,2321000.0,47.0
2025,12,1,1,1,59,1,3,6.0,1437000.0,53.0
2025,12,1,1,2,44,1,2,6.0,1090000.0,47.0
2025,12,1,1,1,62,1,3,4.0,1039000.0,38.0
2025,12,2,1,1,30,3,2,5.0,1686000.0,49.0
2025,12,3,1,2,23,3,1,9.0,1411000.0,69.0
2025,12,3,1,2,22,3,1,10.0,1119000.0,73.0
2025,12,1,1,2,40,1,2,7.0,3156000.0,85.0
2025,12,2,1,2,32,2,2,5.0,1211000.0,55.0
2025,12,1,1,1,44,1,2,3.0,1064000.0,49.0
2025,12,1,1,2,60,1,3,11.0,5055000.0,84.0
2025,12,2,1,2,36,2,1,4.0,1413000.0,81.0
2025,12,2,1,1,28,3,2,9.0,435000.0,56.0
2025,12,2,1,2,22,3,3,8.0,2444000.0,86.0
2025,12,1,1,1,41,1,1,10.0,958000.0,45.0
2025,12,1,1,2,63,1,3,11.0,5967000.0,85.0
2025,12,2,1,1,51,2,3,5.0,633000.0,47.0
2025,12,2,1,1,36,2,2,4.0,1205000.0,41.0
2025,12,3,1,2,18,3,1,5.0,770000.0,56.0
2025,12,1,1,1,63,1,3,3.0,543000.0,47.0
2025,12,1,1,2,66,1,3,3.0,100000.0,1.0
2025,12,1,1,2,23,1,2,5.0,424000.0,56.0
2025,12,2,1,2,49,2,3,10.0,142000.0,47.0
2025,12,3,1,1,25,8,2,8.0,894000.0,45.0
2025,12,2,1,2,46,2,2,10.0,3639000.0,85.0
2025,12,1,1,1,43,1,2,5.0,1990000.0,47.0
2025,12,2,1,2,51,2,2,10.0,3239000.0,86.0
2025,12,2,1,1,25,8,2,5.0,1986000.0,46.0
2025,12,1,1,2,27,1,2,5.0,710000.0,47.0
2025,12,3,1,2,22,3,1,8.0,1866000.0,85.0
2025,12,3,1,1,24,3,2,9.0,1802000.0,71.0
2025,12,1,1,2,25,1,2,8.0,2471000.0,86.0
2025,12,1,1,1,68,1,3,1.0,296000.0,47.0
2025,12,2,1,2,58,2,3,3.0,639000.0,97.0
2025,12,2,1,2,22,2,2,5.0,959000.0,56.0
2025,12,1,1,2,75,1,3,3.0,292000.0,97.0
2025,12,3,1,2,21,8,2,9.0,1349000.0,47.0
2025,12,1,1,1,25,1,2,5.0,1831000.0,49.0
2025,12,1,1,1,28,1,2,4.0,1504000.0,45.0
2025,12,1,1,2,84,1,3,1.0,135000.0,15.0
2025,12,1,1,1,44,1,2,5.0,1901000.0,94.0
2025,12,2,1,2,69,2,3,3.0,289000.0,56.0
2025,12,1,1,1,43,1,2,5.0,3406000.0,47.0
2025,12,2,1,1,24,2,2,5.0,6075000.0,56.0
2025,12,1,1,1,69,1,3,3.0,2228000.0,10.0
2025,12,2,1,2,19,6,2,10.0,1471000.0,56.0
2025,12,1,1,2,40,1,2,5.0,529000.0,96.0
2025,12,1,1,1,48,1,2,3.0,3597000.0,47.0
2025,12,2,1,1,29,3,1,10.0,3058000.0,84.0
2025,12,1,1,2,36,1,1,5.0,275000.0,47.0
2025,12,1,1,1,55,1,2,5.0,1203000.0,1.0
2025,12,5,1,1,21,3,1,3.0,1836000.0,1.0
2025,12,1,1,2,35,1,2,5.0,100000.0,56.0
2025,12,1,1,2,34,1,2,12.0,6510000.0,85.0
2025,12,1,1,2,59,1,2,10.0,3094000.0,36.0
2025,12,4,1,2,48,5,3,3.0,1237000.0,97.0
2025,12,5,1,2,52,10,3,3.0,2605000.0,97.0
2025,12,1,1,2,29,1,3,8.0,1204000.0,10.0
2025,12,1,1,2,50,1,1,9.0,280000.0,10.0
2025,12,1,1,1,71,1,3,3.0,986000.0,1.0
2025,12,4,1,1,23,3,1,10.0,2251000.0,47.0
2025,12,1,1,1,35,1,2,5.0,2864000.0,49.0
2025,12,1,1,2,19,1,2,5.0,2156000.0,84.0
2025,12,2,1,2,63,2,3,10.0,1357000.0,56.0
2025,12,2,1,2,21,3,1,8.0,2007000.0,96.0
2025,12,2,1,2,29,2,2,10.0,2253000.0,92.0
2025,12,2,1,1,41,2,2,4.0,1428000.0,96.0
2025,12,1,1,2,36,1,2,5.0,1331000.0,56.0
2025,12,2,1,2,42,2,2,5.0,1297000.0,86.0
2025,12,1,1,2,51,1,2,3.0,1802000.0,47.0
2025,12,1,1,2,43,1,2,5.0,1549000.0,14.0
2025,12,1,1,2,60,1,3,5.0,1054000.0,14.0
2025,12,7,1,1,26,9,2,5.0,1704000.0,47.0
2025,12,3,1,1,27,3,1,4.0,1282000.0,47.0
2025,12,2,1,2,42,2,2,5.0,1246000.0,86.0
2025,12,7,1,2,21,3,1,4.0,315000.0,81.0
2025,12,1,1,1,56,1,3,3.0,843000.0,41.0
2025,12,1,1,1,26,1,2,10.0,1004000.0,41.0
2025,12,1,1,1,30,1,2,10.0,5104000.0,85.0
2025,12,1,1,1,41,1,3,10.0,3038000.0,85.0
2025,12,2,1,1,64,2,2,5.0,730000.0,47.0
2025,12,2,1,2,24,2,2,8.0,1418000.0,56.0
2025,12,1,1,2,33,1,2,10.0,2853000.0,49.0
2025,12,1,1,1,32,1,2,5.0,3353000.0,47.0
2025,12,1,1,2,54,1,3,10.0,5284000.0,86.0
2025,12,1,1,1,43,1,2,5.0,1688000.0,47.0
2025,12,1,1,2,37,1,2,12.0,14327000.0,84.0
2025,12,1,1,2,36,1,2,4.0,278000.0,56.0
2025,12,2,1,1,31,3,1,5.0,1445000.0,53.0
2025,12,2,1,2,67,4,3,3.0,307000.0,97.0
2025,12,2,1,1,64,2,3,4.0,568000.0,49.0
2025,12,1,1,1,31,1,2,5.0,552000.0,49.0
2025,12,1,1,2,52,1,2,10.0,5404000.0,60.0
2025,12,1,1,1,52,1,3,3.0,2299000.0,1.0
2025,12,3,1,2,24,9,2,11.0,3001000.0,86.0
2025,12,2,1,2,24,3,1,5.0,153000.0,47.0
2025,12,2,1,1,61,2,3,10.0,17541000.0,10.0
2025,12,2,1,2,45,2,3,3.0,1513000.0,93.0
2025,12,1,1,1,68,1,3,5.0,156000.0,47.0
2025,12,1,1,2,53,1,3,5.0,1786000.0,10.0
2025,12,2,1,2,54,2,2,4.0,217000.0,47.0
2025,12,1,1,1,29,1,2,4.0,1839000.0,5.0
2025,12,5,1,2,64,4,3,3.0,277000.0,56.0
2025,12,1,1,2,53,1,2,5.0,435000.0,82.0
2025,12,1,1,1,30,1,2,5.0,2278000.0,1.0
2025,12,2,1,2,40,2,2,4.0,842000.0,10.0
2025,12,2,1,1,29,3,2,5.0,747000.0,41.0
2025,12,1,1,2,38,1,3,3.0,826000.0,14.0
2025,12,4,1,2,58,4,3,5.0,127000.0,32.0
2025,12,1,1,2,38,1,3,5.0,342000.0,81.0
2025,12,2,1,2,26,3,1,10.0,0.0,84.0
2025,12,1,1,2,55,1,2,8.0,631000.0,86.0
2025,12,2,1,2,19,2,2,8.0,2538000.0,86.0
2025,12,2,1,2,30,7,2,5.0,1205000.0,47.0
2025,12,1,1,2,47,1,3,1.0,143000.0,96.0
2025,12,2,1,2,50,2,2,8.0,1210000.0,86.0
2025,12,4,1,2,54,6,3,8.0,247000.0,97.0
2025,12,1,1,2,39,1,2,11.0,5790000.0,84.0
2025,12,1,1,2,29,1,2,8.0,975000.0,47.0
2025,12,2,1,2,40,3,1,10.0,1153000.0,96.0
2025,12,2,1,1,46,2,2,3.0,1883000.0,3.0
2025,12,2,1,1,55,2,2,3.0,1696000.0,1.0
2025,12,1,1,1,68,1,3,3.0,1465000.0,47.0
2025,12,1,1,1,29,1,2,8.0,1709000.0,45.0
2025,12,1,1,2,43,1,1,4.0,288000.0,15.0
2025,12,1,1,2,40,1,2,3.0,607000.0,1.0
2025,12,2,1,1,21,9,2,3.0,895000.0,31.0
2025,12,1,1,1,23,1,2,3.0,1634000.0,23.0
2025,12,1,1,2,37,1,2,12.0,6196000.0,85.0
2025,12,2,1,1,37,2,2,9.0,891000.0,41.0
2025,12,3,1,1,24,3,1,5.0,1866000.0,56.0
2025,12,1,1,2,39,1,2,5.0,403000.0,47.0
2025,12,1,1,2,53,1,3,8.0,3694000.0,86.0
2025,12,2,1,2,30,2,2,8.0,1217000.0,81.0
2025,12,1,2,2,35,1,2,4.0,100000.0,56.0
2025,12,2,1,2,35,2,2,8.0,463000.0,47.0
2025,12,2,1,1,36,2,2,12.0,9089000.0,68.0
2025,12,1,1,1,65,1,3,3.0,1148000.0,49.0
2025,12,3,1,2,25,3,1,4.0,721000.0,56.0
2025,12,1,1,2,33,1,2,10.0,2365000.0,47.0
2025,12,2,1,2,33,2,2,10.0,2308000.0,86.0
2025,12,3,1,1,24,3,1,10.0,1861000.0,93.0
2025,12,2,1,2,56,2,2,10.0,3728000.0,85.0
2025,12,1,1,2,51,1,2,10.0,2947000.0,94.0
2025,12,2,1,2,44,3,1,3.0,1633000.0,56.0
2025,12,5,1,1,63,9,2,10.0,2154000.0,43.0
2025,12,1,1,1,78,1,3,3.0,1414000.0,14.0
2025,12,1,1,2,39,1,2,5.0,1090000.0,97.0
2025,12,2,1,1,31,2,2,8.0,2631000.0,84.0
2025,12,3,1,1,54,3,1,13.0,11779000.0,85.0
2025,12,3,1,2,36,3,1,8.0,1201000.0,86.0
2025,12,2,1,1,39,2,2,9.0,2252000.0,71.0
2025,12,1,1,2,30,1,2,5.0,1442000.0,47.0
2025,12,3,1,1,38,7,2,4.0,1917000.0,46.0
2025,12,8,1,1,19,3,1,5.0,1116000.0,56.0
2025,12,2,1,2,38,2,2,5.0,957000.0,47.0
2025,12,2,1,1,21,3,1,5.0,1696000.0,31.0
2025,12,6,1,2,27,6,1,5.0,1686000.0,82.0
2025,12,1,1,1,54,1,3,3.0,1779000.0,85.0
2025,12,2,1,2,53,2,2,11.0,8029000.0,86.0
2025,12,1,1,2,35,1,1,5.0,1526000.0,56.0
2025,12,1,1,2,34,1,2,10.0,871000.0,85.0
2025,12,1,1,1,44,1,3,3.0,1404000.0,47.0
2025,12,1,1,1,71,1,3,4.0,1231000.0,47.0
2025,12,1,1,2,53,1,2,8.0,2688000.0,86.0
2025,12,1,1,2,45,1,3,3.0,942000.0,56.0
2025,12,2,1,1,55,2,2,5.0,1655000.0,47.0
2025,12,4,1,2,29,3,1,3.0,1333000.0,47.0
2025,12,1,1,2,43,1,2,5.0,1140000.0,45.0
2025,12,1,1,1,59,1,3,10.0,15543000.0,86.0
2025,12,1,2,1,30,1,2,9.0,1537000.0,61.0
2025,12,1,1,1,65,1,3,3.0,2322000.0,64.0
2025,12,3,1,1,56,3,1,5.0,1865000.0,86.0
2025,12,2,1,2,36,3,1,10.0,1978000.0,41.0
2025,12,1,1,2,55,1,2,8.0,2399000.0,86.0
2025,12,1,1,1,55,1,3,4.0,1450000.0,49.0
2025,12,1,1,1,62,1,3,5.0,2609000.0,47.0
2025,12,5,1,2,25,3,1,9.0,1421000.0,85.0
2025,12,1,1,1,69,1,3,4.0,2560000.0,56.0
2025,12,2,1,2,47,2,2,5.0,529000.0,14.0
2025,12,1,1,2,67,1,2,3.0,1710000.0,56.0
2025,12,1,1,1,32,1,2,10.0,2506000.0,62.0
2025,12,2,1,2,59,4,3,8.0,1170000.0,49.0
2025,12,2,1,1,37,13,2,9.0,2914000.0,33.0
2025,12,1,1,1,44,1,2,5.0,1727000.0,42.0
2025,12,1,1,2,38,1,2,8.0,1494000.0,47.0
2025,12,3,1,2,35,3,1,10.0,3629000.0,85.0
2025,12,4,1,2,23,9,2,5.0,1214000.0,56.0
2025,12,2,1,2,48,2,2,3.0,468000.0,97.0
2025,12,1,1,2,53,1,2,6.0,190000.0,47.0
2025,12,1,1,2,52,1,3,5.0,1214000.0,46.0
2025,12,4,1,2,58,4,3,4.0,1394000.0,84.0
2025,12,1,1,2,50,1,2,4.0,1503000.0,84.0
2025,12,3,1,2,64,3,1,4.0,967000.0,56.0
2025,12,3,1,2,26,3,1,5.0,802000.0,56.0
2025,12,1,1,2,34,1,2,10.0,1653000.0,64.0
2025,12,2,1,1,22,2,2,5.0,10706000.0,7.0
2025,12,1,1,1,64,1,2,4.0,486000.0,47.0
2025,12,1,1,1,29,1,2,10.0,4859000.0,64.0
2025,12,1,1,2,44,1,3,1.0,252000.0,47.0
2025,12,2,1,1,31,2,2,10.0,3400000.0,33.0
2025,12,2,1,2,51,2,2,12.0,6419000.0,85.0
2025,12,3,1,2,30,3,1,10.0,3822000.0,86.0
2025,12,1,1,2,55,1,3,8.0,1707000.0,86.0
2025,12,1,1,1,43,1,2,5.0,717000.0,1.0
2025,12,2,1,1,56,2,3,1.0,2013000.0,43.0
2025,12,1,1,1,48,1,3,10.0,2794000.0,69.0
2025,12,2,1,1,26,6,3,4.0,1882000.0,53.0
2025,12,1,1,1,30,1,2,5.0,2153000.0,49.0
2025,12,1,1,1,67,1,3,3.0,2126000.0,1.0
2025,12,1,1,1,39,1,2,7.0,1313000.0,56.0
2025,12,2,1,1,34,3,1,10.0,3810000.0,64.0
2025,12,1,1,1,68,1,3,3.0,1285000.0,1.0
2025,12,2,1,1,68,2,2,5.0,587000.0,56.0
2025,12,3,1,2,23,8,1,6.0,830000.0,47.0
2025,12,1,1,1,75,1,3,3.0,421000.0,47.0
2025,12,1,1,1,32,1,2,5.0,2855000.0,47.0
2025,12,3,1,1,22,3,2,10.0,1525000.0,56.0
2025,12,2,1,1,29,9,2,5.0,2132000.0,47.0
2025,12,2,1,2,57,4,2,8.0,1442000.0,85.0
2025,12,1,1,1,28,1,2,3.0,1145000.0,47.0
2025,12,1,1,1,19,1,2,5.0,1855000.0,1.0
2025,12,2,1,2,57,3,1,4.0,143000.0,95.0
2025,12,1,1,1,64,1,3,5.0,492000.0,1.0
2025,12,2,1,2,38,3,1,5.0,803000.0,97.0
2025,12,3,1,1,64,5,3,3.0,1837000.0,52.0
2025,12,2,1,1,63,2,3,3.0,715000.0,41.0
2025,12,2,1,2,51,2,3,4.0,1383000.0,97.0
2025,12,2,1,2,51,2,2,5.0,1609000.0,94.0
2025,12,1,1,1,48,1,2,10.0,417000.0,56.0
2025,12,1,1,1,23,1,2,5.0,1504000.0,41.0
2025,12,1,1,1,40,1,3,3.0,549000.0,1.0
2025,12,1,1,2,31,1,2,10.0,1506000.0,10.0
2025,12,2,1,2,44,2,2,9.0,0.0,37.0
2025,12,2,1,2,30,2,2,8.0,1350000.0,47.0
2025,12,2,1,1,47,2,2,3.0,447000.0,49.0
2025,12,1,1,2,46,1,2,8.0,1361000.0,14.0
2025,12,2,1,1,23,2,2,5.0,2024000.0,10.0
2025,12,5,1,2,25,7,2,10.0,927000.0,56.0
2025,12,6,1,2,29,3,1,5.0,161000.0,97.0
2025,12,1,1,1,59,1,2,12.0,5069000.0,85.0
2025,12,1,1,2,60,1,3,8.0,6378000.0,56.0
2025,12,2,1,2,44,2,2,5.0,267000.0,47.0
2025,12,1,1,2,60,1,2,5.0,1671000.0,97.0
2025,12,1,1,1,53,1,3,12.0,3212000.0,85.0
2025,12,2,1,2,47,3,1,3.0,530000.0,7.0
2025,12,1,1,2,51,1,2,5.0,897000.0,85.0
2025,12,1,1,2,64,1,2,8.0,2634000.0,88.0
2025,12,1,1,2,33,1,2,5.0,810000.0,1.0
2025,12,2,1,2,40,2,2,3.0,3405000.0,1.0
2025,12,3,1,2,50,3,1,10.0,965000.0,47.0
2025,12,2,1,2,51,3,1,3.0,1261000.0,81.0
2025,12,1,2,1,56,1,3,6.0,1436000.0,43.0
2025,12,1,1,2,40,1,2,4.0,836000.0,56.0
2025,12,1,1,1,67,1,2,3.0,1219000.0,97.0
2025,12,1,1,2,25,1,2,10.0,0.0,41.0
2025,12,2,1,2,50,2,2,5.0,1370000.0,81.0
2025,12,1,1,1,71,1,3,10.0,3867000.0,69.0
2025,12,1,1,2,35,1,2,4.0,1468000.0,97.0
2025,12,2,1,2,22,3,1,8.0,1915000.0,86.0
2025,12,1,1,1,64,1,3,1.0,344000.0,80.0
2025,12,3,1,1,43,3,1,3.0,1391000.0,25.0
2025,12,1,1,2,53,1,2,8.0,100000.0,47.0
2025,12,1,1,1,32,1,2,8.0,4931000.0,82.0
2025,12,2,1,2,55,2,2,10.0,2249000.0,65.0
2025,12,1,1,1,43,1,2,4.0,2684000.0,41.0
2025,12,2,1,2,32,2,2,5.0,1482000.0,56.0
2025,12,1,1,1,65,1,3,11.0,9275000.0,85.0
2025,12,3,1,1,20,3,1,9.0,1102000.0,56.0
2025,12,1,1,2,29,1,2,5.0,0.0,93.0
2025,12,1,1,1,51,1,2,10.0,3184000.0,84.0
2025,12,1,1,2,73,1,3,5.0,783000.0,81.0
2025,12,2,1,2,28,2,2,4.0,508000.0,97.0
2025,12,1,1,2,42,1,3,8.0,1410000.0,88.0
2025,12,3,1,1,32,7,2,10.0,1921000.0,41.0
2025,12,5,1,2,27,3,1,4.0,543000.0,56.0
2025,12,1,1,2,49,1,2,1.0,554000.0,56.0
2025,12,1,1,2,36,1,2,4.0,252000.0,96.0
2025,12,4,1,1,25,3,1,10.0,1652000.0,20.0
2025,12,1,1,2,21,1,2,4.0,536000.0,1.0
2025,12,1,1,2,22,1,2,9.0,280000.0,47.0
2025,12,2,1,2,41,2,2,4.0,489000.0,81.0
2025,12,1,1,2,35,1,2,8.0,1896000.0,84.0
2025,12,2,1,1,48,2,3,1.0,1891000.0,1.0
2025,12,3,1,2,42,3,1,4.0,792000.0,97.0
2025,12,2,1,2,32,2,2,8.0,1230000.0,47.0
2025,12,2,1,2,59,2,2,10.0,0.0,85.0
2025,12,3,1,1,42,3,1,1.0,541000.0,1.0
2025,12,2,1,2,53,2,3,3.0,313000.0,56.0
2025,12,1,1,1,73,1,3,3.0,1158000.0,56.0
2025,12,1,1,2,60,1,3,5.0,2626000.0,92.0
2025,12,1,1,2,72,1,3,3.0,372000.0,46.0
2025,12,1,1,1,73,1,3,3.0,101000.0,41.0
2025,12,2,1,1,30,2,2,6.0,1192000.0,52.0
2025,12,2,1,1,38,2,2,5.0,4251000.0,41.0
2025,12,2,1,2,18,2,2,5.0,1558000.0,10.0
2025,12,5,1,1,29,7,2,4.0,2156000.0,27.0
2025,12,2,1,1,30,2,2,5.0,890000.0,49.0
2025,12,1,1,2,54,1,3,10.0,2179000.0,47.0
2025,12,1,1,2,61,1,2,11.0,9038000.0,69.0
2025,12,2,1,2,43,2,2,10.0,4005000.0,85.0
2025,12,5,1,1,48,13,3,3.0,1904000.0,56.0
2025,12,2,1,1,30,2,2,8.0,1015000.0,1.0
2025,12,2,1,2,40,3,1,10.0,1297000.0,85.0
2025,12,1,1,2,56,1,2,3.0,953000.0,97.0
2025,12,3,1,2,23,3,1,5.0,993000.0,56.0
2025,12,1,1,2,37,1,2,8.0,1359000.0,47.0
2025,12,4,1,2,19,13,2,5.0,1371000.0,47.0
2025,12,1,1,1,32,1,2,5.0,1950000.0,49.0
2025,12,1,1,1,56,1,2,4.0,1933000.0,49.0
2025,12,5,1,2,18,8,3,9.0,2255000.0,47.0
2025,12,1,1,2,58,1,2,9.0,0.0,86.0
2025,12,1,1,1,38,1,2,3.0,1915000.0,1.0
2025,12,1,1,2,28,1,2,5.0,848000.0,81.0
2025,12,1,1,1,38,1,2,5.0,1252000.0,52.0
2025,12,1,1,2,26,1,2,8.0,441000.0,10.0
2025,12,2,1,2,40,2,2,8.0,401000.0,86.0
2025,12,1,1,1,71,1,3,3.0,1445000.0,15.0
2025,12,2,1,2,29,2,2,10.0,1671000.0,86.0
2025,12,1,1,2,21,1,2,10.0,452000.0,96.0
2025,12,2,1,2,56,2,2,5.0,1814000.0,64.0
2025,12,1,1,2,44,1,2,8.0,1705000.0,68.0
2025,12,1,1,1,68,1,3,5.0,312000.0,47.0
2025,12,1,1,2,38,1,2,5.0,1501000.0,87.0
2025,12,2,1,2,20,6,2,10.0,1721000.0,56.0
2025,12,4,1,2,60,4,2,5.0,1147000.0,81.0
2025,12,2,1,1,50,3,1,6.0,1141000.0,49.0
2025,12,1,1,2,50,1,2,5.0,165000.0,81.0
2025,12,2,1,1,28,2,2,5.0,3990000.0,25.0
2025,12,1,1,2,34,1,2,4.0,841000.0,97.0
2025,12,1,1,1,36,1,2,5.0,922000.0,45.0
2025,12,1,1,2,25,1,2,5.0,100000.0,88.0
2025,12,3,1,1,24,3,1,8.0,3407000.0,82.0
2025,12,4,1,2,31,6,2,5.0,2730000.0,96.0
2025,12,1,1,1,43,1,2,5.0,1455000.0,56.0
2025,12,1,1,2,35,1,2,10.0,2390000.0,86.0
2025,12,2,1,2,26,2,2,4.0,646000.0,81.0
2025,12,1,1,2,27,1,2,8.0,917000.0,81.0
2025,12,4,1,2,24,3,1,10.0,3263000.0,84.0
2025,12,2,1,2,37,2,2,9.0,1448000.0,47.0
2025,12,1,1,1,43,1,2,10.0,3574000.0,84.0
2025,12,5,1,1,29,8,2,5.0,661000.0,49.0
2025,12,2,1,2,42,3,1,3.0,552000.0,81.0
2025,12,1,1,1,40,1,3,5.0,2161000.0,80.0
2025,12,1,1,1,27,1,2,8.0,2153000.0,80.0
2025,12,2,1,2,45,2,1,5.0,1509000.0,86.0
2025,12,3,1,2,33,3,1,8.0,1152000.0,47.0
2025,12,5,1,2,23,3,1,5.0,1168000.0,47.0
2025,12,2,1,1,56,3,1,3.0,781000.0,81.0
2025,12,2,1,1,23,13,2,5.0,2223000.0,47.0
2025,12,1,1,2,40,1,2,4.0,933000.0,10.0
2025,12,2,1,1,33,3,1,10.0,2320000.0,56.0
2025,12,3,1,1,32,6,3,5.0,1978000.0,47.0
2025,12,1,1,1,64,1,3,4.0,0.0,47.0
2025,12,1,1,1,55,1,2,9.0,128000.0,71.0
2025,12,3,1,2,19,3,1,5.0,376000.0,93.0
2025,12,3,1,2,24,3,1,10.0,1183000.0,74.0
2025,12,1,1,1,56,1,3,1.0,1397000.0,47.0
2025,12,1,1,2,40,1,3,9.0,215000.0,96.0
2025,12,1,1,1,60,1,3,5.0,984000.0,43.0
2025,12,1,1,2,19,1,2,5.0,1379000.0,47.0
2025,12,1,1,2,33,1,2,5.0,100000.0,81.0
2025,12,1,1,1,42,1,2,10.0,3045000.0,84.0
2025,12,1,1,1,38,1,2,5.0,1735000.0,45.0
2025,12,1,1,2,25,1,2,5.0,744000.0,56.0
2025,12,1,1,2,31,1,2,10.0,2592000.0,47.0
2025,12,2,1,2,60,2,2,12.0,9576000.0,84.0
2025,12,2,1,1,36,2,2,8.0,1896000.0,65.0
2025,12,1,1,1,72,1,3,5.0,2856000.0,47.0
2025,12,1,1,2,35,1,2,3.0,313000.0,56.0
2025,12,1,1,2,48,1,2,5.0,0.0,97.0
2025,12,1,1,2,58,1,3,8.0,1736000.0,46.0
2025,12,1,1,1,67,1,3,3.0,2689000.0,1.0
2025,12,4,1,1,20,3,1,5.0,931000.0,47.0
2025,12,1,1,1,59,1,2,3.0,1618000.0,31.0
2025,12,2,1,1,31,2,2,5.0,2305000.0,86.0
2025,12,3,1,2,24,3,1,10.0,1314000.0,46.0
2025,12,9,1,1,24,8,1,5.0,788000.0,81.0
2025,12,1,1,2,22,1,2,8.0,1505000.0,86.0
2025,12,2,1,1,18,3,2,3.0,659000.0,41.0
2025,12,1,1,2,40,1,2,4.0,1010000.0,56.0
2025,12,1,1,1,39,1,2,10.0,4223000.0,56.0
2025,12,1,1,2,41,1,2,5.0,245000.0,81.0
2025,12,2,1,2,53,2,2,3.0,338000.0,81.0
2025,12,1,1,2,48,1,3,3.0,1574000.0,56.0
2025,12,2,1,1,42,3,1,10.0,6256000.0,85.0
2025,12,1,1,2,48,1,2,8.0,1757000.0,86.0
2025,12,1,1,1,32,1,2,10.0,7262000.0,7.0
2025,12,3,1,1,51,3,1,8.0,577000.0,56.0
2025,12,2,1,1,29,3,1,10.0,1619000.0,93.0
2025,12,2,1,2,48,2,2,10.0,2712000.0,85.0
2025,12,1,1,2,32,1,2,8.0,966000.0,47.0
2025,12,1,1,2,64,1,3,4.0,227000.0,81.0
2025,12,1,1,1,50,1,2,5.0,3526000.0,43.0
2025,12,2,1,2,43,2,3,3.0,411000.0,7.0
2025,12,1,1,1,51,1,1,5.0,1856000.0,49.0
2025,12,2,1,1,35,2,3,5.0,819000.0,56.0
2025,12,2,1,2,25,2,2,5.0,1239000.0,56.0
2025,12,1,1,2,64,1,3,3.0,100000.0,56.0
2025,12,1,1,1,38,1,2,3.0,3088000.0,1.0
2025,12,1,1,2,26,1,2,10.0,785000.0,7.0
2025,12,1,1,1,40,1,3,3.0,546000.0,1.0
2025,12,1,1,2,49,1,2,5.0,374000.0,81.0
2025,12,1,1,2,29,1,2,5.0,956000.0,96.0
2025,12,2,1,1,50,2,2,6.0,2059000.0,10.0
2025,12,1,1,1,62,1,2,5.0,1516000.0,1.0
2025,12,2,1,1,26,9,2,5.0,4287000.0,68.0
2025,12,1,1,2,49,1,2,11.0,1830000.0,85.0
2025,12,4,1,2,27,8,1,10.0,1288000.0,52.0
2025,12,2,1,2,28,2,2,9.0,854000.0,86.0
2025,12,1,1,2,37,1,2,5.0,626000.0,81.0
2025,12,1,1,2,37,1,2,10.0,1513000.0,61.0
2025,12,1,1,1,40,1,2,5.0,2038000.0,46.0
2025,12,1,1,1,40,1,2,1.0,1398000.0,1.0
2025,12,1,1,2,40,1,2,4.0,1196000.0,96.0
2025,12,1,1,1,67,1,3,3.0,938000.0,1.0
2025,12,3,1,2,44,3,1,9.0,1464000.0,78.0
2025,12,4,1,1,21,3,1,5.0,1181000.0,46.0
2025,12,1,1,2,52,1,2,12.0,3454000.0,85.0
2025,12,8,1,2,21,9,2,5.0,1696000.0,47.0
2025,12,1,1,2,30,1,2,9.0,1192000.0,92.0
2025,12,2,1,1,25,3,1,4.0,255000.0,94.0
2025,12,2,1,1,60,2,3,5.0,2262000.0,49.0
2025,12,2,1,2,34,2,2,5.0,1278000.0,47.0
2025,12,1,1,2,68,1,2,4.0,197000.0,14.0
2025,12,1,1,2,66,1,2,3.0,720000.0,81.0
2025,12,1,1,1,45,1,2,5.0,1815000.0,10.0
2025,12,1,1,2,31,1,2,5.0,661000.0,47.0
2025,12,3,1,2,57,3,1,5.0,769000.0,14.0
2025,12,1,1,2,68,1,2,10.0,5060000.0,69.0
2025,12,1,1,2,47,1,2,5.0,1483000.0,47.0
2025,12,3,1,1,29,3,1,5.0,1164000.0,49.0
2025,12,1,1,2,60,1,3,3.0,1208000.0,97.0
2025,12,2,1,2,50,3,1,5.0,888000.0,81.0
2025,12,1,1,1,65,1,3,3.0,543000.0,41.0
2025,12,2,1,1,50,2,2,5.0,2319000.0,41.0
2025,12,2,1,2,46,2,2,3.0,926000.0,47.0
2025,12,2,1,2,22,2,2,5.0,242000.0,56.0
2025,12,4,1,1,20,3,1,9.0,1971000.0,47.0
2025,12,2,1,2,23,2,1,6.0,0.0,47.0
2025,12,2,1,2,45,2,2,10.0,2666000.0,84.0
2025,12,1,1,1,69,1,2,5.0,1781000.0,96.0
2025,12,1,1,2,40,1,2,5.0,0.0,55.0
2025,12,2,1,1,22,3,2,10.0,1998000.0,47.0
2025,12,1,1,2,35,1,2,10.0,1018000.0,47.0
2025,12,2,1,1,66,2,2,5.0,1878000.0,95.0
2025,12,3,1,1,27,3,1,10.0,1646000.0,84.0
2025,12,1,1,2,55,1,1,3.0,621000.0,81.0
2025,12,1,1,2,57,1,3,11.0,3081000.0,94.0
2025,12,1,1,2,39,1,2,8.0,1383000.0,47.0
2025,12,2,1,1,44,2,2,10.0,5107000.0,73.0
2025,12,1,1,2,31,1,2,5.0,1480000.0,56.0
2025,12,1,1,1,39,1,2,8.0,470000.0,25.0
2025,12,2,1,1,55,2,2,3.0,991000.0,41.0
2025,12,2,1,2,39,2,2,5.0,668000.0,81.0
2025,12,1,1,1,41,1,2,4.0,1632000.0,31.0
2025,12,1,1,1,40,1,2,8.0,1968000.0,47.0
2025,12,1,1,2,49,1,1,9.0,2423000.0,86.0
2025,12,1,1,1,21,1,1,5.0,1487000.0,25.0
2025,12,2,1,2,38,13,2,3.0,1245000.0,97.0
2025,12,1,1,2,42,1,2,4.0,747000.0,81.0
2025,12,1,1,1,68,1,1,3.0,352000.0,95.0
2025,12,1,1,2,35,1,2,10.0,3252000.0,64.0
2025,12,2,1,1,54,2,2,3.0,1355000.0,81.0
2025,12,1,1,1,31,1,2,5.0,1903000.0,52.0
2025,12,3,1,1,23,3,1,5.0,749000.0,49.0
2025,12,1,1,2,41,1,2,10.0,6222000.0,9.0
2025,12,1,1,2,26,1,2,10.0,1724000.0,47.0
2025,12,3,1,2,44,3,1,10.0,1679000.0,84.0
2025,12,2,1,1,40,3,1,5.0,1885000.0,58.0
2025,12,1,1,2,22,1,2,10.0,3194000.0,45.0
2025,12,1,1,2,58,1,2,9.0,2314000.0,86.0
2025,12,4,1,1,28,3,1,8.0,2457000.0,46.0
2025,12,3,1,1,22,3,1,4.0,2280000.0,2.0
2025,12,3,1,2,29,3,1,5.0,1429000.0,86.0
2025,12,1,1,1,38,1,3,6.0,2172000.0,45.0
2025,12,1,1,2,42,1,3,5.0,317000.0,81.0
2025,12,2,1,2,52,2,2,10.0,3217000.0,84.0
2025,12,1,1,1,47,1,3,5.0,2195000.0,56.0
2025,12,3,1,2,55,3,1,4.0,100000.0,96.0
2025,12,1,1,2,45,1,2,5.0,1065000.0,97.0
2025,12,2,1,2,20,3,1,10.0,138000.0,47.0
2025,12,2,2,1,18,3,1,5.0,1491000.0,55.0
2025,12,3,1,1,22,3,1,9.0,1936000.0,52.0
2025,12,1,1,1,53,1,2,10.0,842000.0,52.0
2025,12,2,1,1,53,2,2,3.0,999000.0,1.0
2025,12,1,1,2,26,1,2,10.0,813000.0,56.0
2025,12,1,1,2,29,1,1,5.0,1105000.0,56.0
2025,12,1,1,1,71,1,3,3.0,2414000.0,41.0
2025,12,2,1,2,36,2,2,5.0,349000.0,1.0
2025,12,3,1,1,33,3,1,8.0,1832000.0,86.0
2025,12,2,1,1,42,2,3,5.0,1782000.0,49.0
2025,12,2,1,1,21,2,2,8.0,2130000.0,86.0
2025,12,1,1,2,72,1,3,3.0,1013000.0,56.0
2025,12,2,1,1,44,2,2,8.0,4580000.0,84.0
2025,12,1,1,2,42,1,3,5.0,1166000.0,53.0
2025,12,2,1,2,57,2,3,5.0,157000.0,47.0
2025,12,1,1,2,48,1,2,4.0,189000.0,56.0
2025,12,1,1,1,48,1,2,5.0,1094000.0,43.0
2025,12,2,1,1,51,2,2,8.0,1965000.0,53.0
2025,12,4,1,2,27,3,1,6.0,1366000.0,84.0
2025,12,1,1,1,25,1,2,8.0,4384000.0,70.0
2025,12,1,1,1,57,1,3,3.0,878000.0,41.0
2025,12,1,1,2,42,1,2,10.0,1813000.0,96.0
2025,12,2,1,2,45,2,2,4.0,416000.0,95.0
2025,12,1,1,2,38,1,2,5.0,1923000.0,47.0
2025,12,1,1,2,34,1,2,5.0,2144000.0,10.0
2025,12,1,1,1,37,1,2,4.0,6681000.0,96.0
2025,12,2,1,2,54,10,2,4.0,2169000.0,97.0
2025,12,1,1,2,41,1,2,11.0,7749000.0,84.0
2025,12,2,1,2,50,2,2,4.0,1100000.0,97.0
2025,12,1,1,2,39,1,2,8.0,1968000.0,86.0
2025,12,1,1,2,21,1,1,9.0,1712000.0,86.0
2025,12,5,1,1,19,13,2,5.0,297000.0,56.0
2025,12,2,1,2,19,8,2,5.0,2044000.0,82.0
2025,12,3,1,1,18,3,1,4.0,695000.0,45.0
2025,12,2,1,2,36,2,2,8.0,1130000.0,86.0
2025,12,1,1,2,41,1,1,8.0,1803000.0,86.0
2025,12,6,1,2,22,9,3,4.0,1336000.0,97.0
2025,12,1,1,2,55,1,3,3.0,280000.0,56.0
2025,12,1,1,2,32,1,2,11.0,5460000.0,86.0
2025,12,1,1,2,77,1,3,1.0,100000.0,47.0
2025,12,1,1,2,46,1,3,5.0,536000.0,81.0
2025,12,2,1,2,51,2,2,8.0,2282000.0,86.0
2025,12,1,1,2,35,1,3,4.0,818000.0,97.0
2025,12,3,1,1,58,6,1,9.0,3107000.0,71.0
2025,12,1,1,1,56,1,3,3.0,741000.0,1.0
2025,12,2,1,2,36,2,2,10.0,2315000.0,84.0
2025,12,1,1,2,45,1,2,8.0,1501000.0,82.0
2025,12,3,1,1,32,3,1,10.0,2192000.0,56.0
2025,12,1,1,2,46,1,2,4.0,996000.0,81.0
2025,12,1,1,2,22,1,2,5.0,732000.0,97.0
2025,12,1,1,1,55,1,2,3.0,1783000.0,1.0
2025,12,1,1,1,29,1,2,5.0,1163000.0,52.0
2025,12,1,1,2,30,1,2,5.0,1198000.0,47.0
2025,12,1,1,1,42,1,2,10.0,2994000.0,64.0
2025,12,1,1,1,71,1,3,1.0,1322000.0,47.0
2025,12,2,1,2,46,2,2,10.0,6920000.0,74.0
2025,12,2,1,1,24,8,2,5.0,279000.0,82.0
2025,12,1,1,1,27,1,2,5.0,2653000.0,45.0
2025,12,1,1,2,63,1,2,1.0,1529000.0,85.0
2025,12,4,1,1,53,6,3,4.0,818000.0,49.0
2025,12,2,1,1,53,2,3,3.0,1560000.0,7.0
2025,12,3,1,1,24,13,2,10.0,4902000.0,51.0
2025,12,1,1,1,46,1,2,5.0,1687000.0,20.0
2025,12,4,1,2,18,8,1,8.0,3052000.0,86.0
2025,12,2,1,2,24,2,2,10.0,1389000.0,56.0
2025,12,1,1,2,28,1,2,5.0,1633000.0,10.0
2025,12,2,1,1,42,6,2,8.0,1508000.0,84.0
2025,12,2,1,1,34,3,3,5.0,971000.0,49.0
2025,12,2,1,2,34,2,2,8.0,1482000.0,96.0
2025,12,2,1,1,30,2,3,9.0,1572000.0,45.0
2025,12,4,1,1,20,9,2,3.0,1980000.0,25.0
2025,12,2,1,2,66,2,3,5.0,1362000.0,47.0
2025,12,1,1,2,41,1,2,4.0,1323000.0,20.0
2025,12,2,1,2,64,2,3,5.0,192000.0,56.0
2025,12,1,1,2,53,1,3,5.0,1224000.0,93.0
2025,12,1,1,1,33,1,3,5.0,2031000.0,1.0
2025,12,3,1,1,34,3,1,6.0,2098000.0,86.0
2025,12,1,1,1,49,1,2,5.0,1758000.0,22.0
2025,12,1,1,2,40,1,2,13.0,5601000.0,42.0
2025,12,2,1,2,27,3,1,11.0,5223000.0,94.0
2025,12,1,1,1,33,1,2,4.0,2625000.0,92.0
2025,12,1,1,1,29,1,2,5.0,1729000.0,45.0
2025,12,1,1,2,40,1,2,5.0,1626000.0,51.0
2025,12,2,1,2,41,2,2,9.0,1401000.0,56.0
2025,12,1,1,2,32,1,2,7.0,1090000.0,56.0
2025,12,1,1,1,50,1,3,5.0,7562000.0,6.0
2025,12,2,1,2,44,2,2,8.0,440000.0,96.0
2025,12,1,1,2,29,1,2,4.0,783000.0,55.0
2025,12,2,1,2,43,2,2,10.0,1923000.0,68.0
2025,12,3,1,1,23,3,1,10.0,4098000.0,86.0
2025,12,3,1,2,33,3,1,8.0,849000.0,86.0
2025,12,1,1,1,55,1,2,3.0,2485000.0,1.0
2025,12,2,1,1,62,6,3,5.0,2013000.0,38.0
2025,12,4,1,1,24,3,1,5.0,2090000.0,10.0
2025,12,1,1,2,24,1,2,5.0,958000.0,46.0
2025,12,2,1,1,50,2,2,11.0,1560000.0,86.0
2025,12,4,1,1,30,8,2,10.0,3508000.0,58.0
2025,12,1,1,2,64,1,3,13.0,14420000.0,85.0
2025,12,2,1,2,30,2,2,5.0,2150000.0,84.0
2025,12,1,1,2,32,1,2,5.0,357000.0,81.0
2025,12,1,1,2,24,1,2,5.0,1494000.0,61.0
2025,12,1,1,2,52,1,2,5.0,1128000.0,96.0
2025,12,1,1,1,40,1,2,5.0,1695000.0,80.0
2025,12,1,1,1,46,1,2,1.0,2097000.0,10.0
2025,12,2,1,1,22,3,1,6.0,1918000.0,46.0
2025,12,2,1,2,51,2,2,3.0,704000.0,81.0
2025,12,1,1,2,46,1,3,4.0,1226000.0,42.0
2025,12,3,1,2,37,3,1,5.0,430000.0,96.0
2025,12,1,1,2,36,1,1,4.0,415000.0,96.0
2025,12,1,1,1,38,1,3,5.0,1494000.0,49.0
2025,12,1,1,2,66,1,2,5.0,408000.0,81.0
2025,12,2,1,1,36,2,2,5.0,100000.0,56.0
2025,12,1,1,1,70,1,3,4.0,13749000.0,10.0
2025,12,2,1,1,52,2,2,5.0,1601000.0,43.0
2025,12,1,1,2,40,1,2,10.0,1968000.0,94.0
2025,12,1,1,1,23,1,2,5.0,2249000.0,79.0
2025,12,2,1,2,30,2,3,3.0,533000.0,56.0
2025,12,1,1,1,72,1,3,3.0,1247000.0,41.0
2025,12,1,1,1,48,1,2,10.0,4867000.0,5.0
2025,12,2,1,2,36,2,2,10.0,1692000.0,61.0
2025,12,1,1,2,27,1,2,8.0,1451000.0,55.0
2025,12,3,1,2,19,3,1,3.0,1435000.0,56.0
2025,12,1,1,2,63,1,1,10.0,1020000.0,47.0
2025,12,2,1,1,49,2,2,3.0,1167000.0,45.0
2025,12,1,1,2,35,1,2,4.0,636000.0,96.0
2025,12,3,1,1,34,13,2,5.0,2849000.0,55.0
2025,12,1,1,2,28,1,2,3.0,237000.0,81.0
2025,12,1,1,1,44,1,3,4.0,1161000.0,49.0
2025,12,1,1,1,56,1,3,3.0,1847000.0,68.0
2025,12,1,1,1,23,1,2,10.0,1649000.0,86.0
2025,12,5,1,2,27,3,1,5.0,1418000.0,56.0
2025,12,1,1,1,51,1,2,10.0,1507000.0,1.0
2025,12,2,1,2,44,2,2,11.0,4412000.0,65.0
2025,12,2,1,2,34,3,1,12.0,2545000.0,45.0
2025,12,1,1,2,50,1,2,4.0,594000.0,81.0
2025,12,1,1,2,48,1,2,10.0,1631000.0,69.0
2025,12,2,1,2,26,9,2,10.0,2236000.0,84.0
2025,12,1,1,1,63,1,3,4.0,1474000.0,49.0
2025,12,1,1,1,35,1,3,10.0,4501000.0,69.0
2025,12,1,1,1,64,1,3,3.0,1544000.0,1.0
2025,12,2,1,1,28,3,1,7.0,2087000.0,84.0
2025,12,1,1,1,25,1,2,6.0,2710000.0,41.0
2025,12,1,1,1,24,1,3,3.0,1177000.0,7.0
2025,12,1,1,2,35,1,2,5.0,2501000.0,96.0
2025,12,1,1,1,60,1,3,9.0,1762000.0,49.0
2025,12,1,1,2,39,1,2,11.0,3801000.0,85.0
2025,12,4,1,1,38,3,1,3.0,1880000.0,41.0
2025,12,2,1,2,39,3,1,10.0,1423000.0,52.0
2025,12,3,1,1,79,6,3,3.0,255000.0,1.0
2025,12,1,1,1,34,1,3,5.0,1897000.0,95.0
2025,12,5,1,2,21,7,2,5.0,1437000.0,47.0
2025,12,3,1,2,36,3,1,10.0,1312000.0,25.0
2025,12,1,1,1,42,1,2,10.0,5894000.0,14.0
2025,12,1,1,2,58,1,2,3.0,1288000.0,14.0
2025,12,2,1,2,53,2,2,5.0,1485000.0,86.0
2025,12,1,1,1,33,1,2,5.0,1955000.0,62.0
2025,12,1,1,2,26,1,2,4.0,171000.0,96.0
2025,12,4,1,1,32,7,2,5.0,1762000.0,47.0
2025,12,1,1,2,45,1,3,5.0,1179000.0,97.0
2025,12,2,1,1,25,3,1,9.0,2542000.0,45.0
2025,12,5,1,2,40,3,3,4.0,196000.0,47.0
2025,12,1,1,1,60,1,3,5.0,956000.0,1.0
2025,12,1,1,1,37,1,2,3.0,1849000.0,1.0
2025,12,1,1,1,63,1,2,3.0,1039000.0,56.0
2025,12,1,1,2,71,1,3,1.0,480000.0,52.0
2025,12,1,1,2,45,1,2,10.0,4560000.0,94.0
2025,12,1,1,2,29,1,2,5.0,1575000.0,56.0
2025,12,2,1,1,40,2,2,8.0,3411000.0,42.0
2025,12,2,1,2,31,2,2,8.0,1622000.0,86.0
2025,12,5,1,1,35,9,2,6.0,2079000.0,49.0
2025,12,2,1,1,29,2,2,5.0,2033000.0,1.0
2025,12,4,1,1,30,3,1,8.0,2379000.0,35.0
2025,12,1,1,2,30,1,3,5.0,1357000.0,97.0
2025,12,2,1,1,63,2,3,3.0,1906000.0,49.0
2025,12,1,1,2,46,1,2,5.0,1535000.0,14.0
2025,12,3,1,1,20,3,1,5.0,601000.0,96.0
2025,12,2,1,1,56,2,3,3.0,1314000.0,31.0
2025,12,2,1,1,22,3,1,5.0,1377000.0,56.0
2025,12,2,1,1,36,3,1,8.0,816000.0,47.0
2025,12,1,1,1,49,1,1,9.0,3603000.0,47.0
2025,12,2,1,2,50,2,3,8.0,920000.0,14.0
2025,12,1,1,2,64,1,2,10.0,1272000.0,14.0
2025,12,3,1,2,23,3,1,10.0,1208000.0,86.0
2025,12,1,1,2,50,1,3,4.0,1429000.0,85.0
2025,12,2,1,2,33,2,2,12.0,5586000.0,86.0
2025,12,4,1,2,25,9,2,5.0,1489000.0,47.0
2025,12,2,1,2,23,3,1,8.0,1411000.0,47.0
2025,12,1,1,1,45,1,2,11.0,8813000.0,85.0
2025,12,1,1,1,38,1,2,5.0,1751000.0,68.0
2025,12,1,1,1,32,1,2,5.0,2283000.0,61.0
2025,12,1,1,2,62,1,3,5.0,663000.0,77.0
2025,12,1,1,1,45,1,2,3.0,2195000.0,1.0
2025,12,1,1,1,34,1,2,8.0,1585000.0,43.0
2025,12,2,1,2,39,2,3,5.0,1421000.0,45.0
2025,12,1,1,2,59,1,3,3.0,1368000.0,55.0
2025,12,2,1,2,40,2,2,8.0,741000.0,56.0
2025,12,1,1,1,44,1,2,5.0,2543000.0,47.0
2025,12,1,1,2,36,1,2,5.0,1402000.0,68.0
2025,12,1,1,2,58,1,3,12.0,5684000.0,85.0
2025,12,2,1,1,71,2,3,5.0,1085000.0,1.0
2025,12,1,1,2,47,1,2,8.0,423000.0,96.0
2025,12,2,1,1,23,2,2,8.0,2617000.0,49.0
2025,12,1,1,1,60,1,3,5.0,1188000.0,49.0
2025,12,1,1,2,57,1,3,3.0,1539000.0,56.0
2025,12,3,1,1,22,3,1,5.0,511000.0,41.0
2025,12,1,1,2,39,1,3,10.0,6903000.0,47.0
2025,12,1,1,2,42,1,2,10.0,4395000.0,64.0
2025,12,1,1,2,35,1,3,3.0,436000.0,1.0
2025,12,4,1,1,24,9,1,9.0,2116000.0,73.0
2025,12,1,1,2,38,1,2,5.0,1496000.0,96.0
2025,12,1,1,1,39,1,2,5.0,2424000.0,56.0
2025,12,1,1,1,35,1,3,4.0,1192000.0,1.0
2025,12,1,1,1,27,1,2,6.0,1626000.0,82.0
2025,12,1,1,1,31,1,2,5.0,1669000.0,41.0
2025,12,1,1,2,45,1,1,10.0,1994000.0,82.0
2025,12,2,1,1,66,2,3,3.0,977000.0,1.0
2025,12,1,1,2,40,1,2,12.0,5948000.0,85.0
2025,12,5,1,1,25,3,1,10.0,466000.0,49.0
2025,12,2,1,1,46,2,2,8.0,7734000.0,10.0
2025,12,2,1,2,34,3,1,5.0,936000.0,47.0
2025,12,2,1,1,31,2,2,5.0,3046000.0,14.0
2025,12,7,1,1,53,6,2,8.0,1679000.0,94.0
2025,12,1,1,1,47,1,3,3.0,545000.0,1.0
2025,12,1,1,2,52,1,2,5.0,344000.0,15.0
2025,12,2,1,2,54,2,2,3.0,149000.0,47.0
2025,12,1,1,1,57,1,2,10.0,7218000.0,85.0
2025,12,1,1,2,27,1,2,8.0,353000.0,96.0
2025,12,2,1,1,63,2,3,1.0,1580000.0,1.0
2025,12,2,1,1,32,3,1,5.0,1999000.0,38.0
2025,12,1,1,1,60,1,3,3.0,2008000.0,52.0
2025,12,1,1,2,34,1,2,5.0,587000.0,81.0
2025,12,1,1,2,47,1,1,5.0,1017000.0,81.0
2025,12,3,1,1,37,3,1,10.0,4254000.0,86.0
2025,12,3,1,1,18,3,1,6.0,2550000.0,84.0
2025,12,2,1,1,27,3,1,8.0,3552000.0,84.0
2025,12,1,1,1,62,1,3,3.0,467000.0,1.0
2025,12,3,1,1,28,3,1,10.0,2372000.0,47.0
2025,12,1,1,1,38,1,2,4.0,1720000.0,47.0
2025,12,2,1,2,48,2,2,10.0,1049000.0,95.0
2025,12,1,1,1,41,1,2,10.0,4675000.0,69.0
2025,12,2,1,2,66,4,1,10.0,2794000.0,84.0
2025,12,1,1,2,40,1,3,8.0,360000.0,53.0
2025,12,2,1,1,42,2,2,9.0,2216000.0,10.0
2025,12,1,1,2,23,1,2,5.0,1401000.0,56.0
2025,12,2,1,1,34,2,2,4.0,1955000.0,49.0
2025,12,1,1,2,41,1,2,3.0,619000.0,15.0
2025,12,3,1,2,35,8,1,10.0,2434000.0,84.0
2025,12,1,1,1,62,1,3,4.0,1760000.0,46.0
2025,12,2,1,1,41,2,2,5.0,2662000.0,47.0
2025,12,1,1,2,36,1,3,3.0,106000.0,10.0
2025,12,3,1,2,20,8,2,10.0,1104000.0,47.0
2025,12,1,1,1,49,1,3,4.0,3732000.0,1.0
2025,12,1,1,1,40,1,2,10.0,2706000.0,84.0
2025,12,3,1,1,22,9,2,10.0,972000.0,56.0
2025,12,2,1,1,40,2,3,5.0,1328000.0,41.0
2025,12,2,1,2,63,2,2,9.0,2982000.0,68.0
2025,12,1,1,2,49,1,2,5.0,1563000.0,47.0
2025,12,5,1,2,30,3,1,4.0,854000.0,96.0
2025,12,2,1,1,61,2,2,5.0,1713000.0,33.0
2025,12,1,1,1,47,1,3,5.0,2370000.0,25.0
2025,12,1,1,1,64,1,3,5.0,317000.0,15.0
2025,12,2,1,1,43,2,2,5.0,1099000.0,47.0
2025,12,5,1,1,62,7,2,3.0,2904000.0,45.0
2025,12,1,1,1,61,1,3,10.0,6854000.0,52.0
2025,12,2,1,1,28,3,1,10.0,3026000.0,84.0
2025,12,1,1,1,27,1,2,5.0,1555000.0,20.0
2025,12,2,1,2,54,2,3,5.0,644000.0,96.0
2025,12,3,1,1,22,3,1,5.0,1163000.0,1.0
2025,12,3,1,1,20,3,1,5.0,1833000.0,59.0
2025,12,3,1,1,54,13,2,4.0,2433000.0,56.0
2025,12,3,1,2,25,3,1,5.0,700000.0,47.0
2025,12,4,1,2,58,9,3,5.0,1395000.0,77.0
2025,12,2,1,1,49,9,2,5.0,2101000.0,41.0
2025,12,2,1,2,47,3,1,10.0,2184000.0,94.0
2025,12,1,1,2,49,1,2,10.0,2637000.0,47.0
2025,12,1,1,1,58,1,2,5.0,2361000.0,86.0
2025,12,1,1,1,57,1,3,10.0,7489000.0,85.0
2025,12,2,1,1,55,2,2,1.0,281000.0,45.0
2025,12,1,1,2,35,1,2,10.0,2002000.0,84.0
2025,12,4,1,1,57,13,3,3.0,2317000.0,1.0
2025,12,4,1,1,22,13,2,3.0,2352000.0,56.0
2025,12,1,1,2,50,1,3,3.0,516000.0,7.0
2025,12,1,1,2,48,1,2,3.0,629000.0,97.0
2025,12,1,1,1,51,1,3,4.0,2219000.0,47.0
2025,12,2,1,1,27,2,2,9.0,895000.0,82.0
2025,12,1,1,2,58,1,2,3.0,972000.0,81.0
2025,12,1,1,1,60,1,2,4.0,491000.0,1.0
2025,12,2,1,1,56,2,3,11.0,5031000.0,85.0
2025,12,2,1,2,58,2,3,4.0,417000.0,47.0
2025,12,1,1,1,24,1,2,5.0,2821000.0,46.0
2025,12,1,1,1,50,1,3,5.0,672000.0,41.0
2025,12,1,1,2,67,1,3,3.0,152000.0,97.0
2025,12,2,1,1,50,3,1,4.0,748000.0,47.0
2025,12,2,1,1,26,2,2,10.0,2407000.0,56.0
2025,12,1,5,1,59,1,3,5.0,4134000.0,43.0
2025,12,1,1,1,63,1,3,3.0,2526000.0,45.0
2025,12,2,1,1,30,6,2,10.0,6855000.0,86.0
2025,12,1,1,2,44,1,2,5.0,688000.0,47.0
2025,12,2,1,1,66,2,3,3.0,305000.0,92.0
2025,12,2,1,2,39,2,3,10.0,2399000.0,79.0
2025,12,2,1,2,46,2,2,8.0,1523000.0,86.0
2025,12,2,1,1,27,2,2,5.0,1998000.0,47.0
2025,12,2,1,2,25,2,2,5.0,1314000.0,47.0
2025,12,2,1,2,41,2,2,11.0,9257000.0,64.0
2025,12,3,1,1,18,8,3,4.0,787000.0,1.0
2025,12,1,1,1,46,1,2,1.0,393000.0,45.0
2025,12,1,1,1,31,1,2,4.0,2631000.0,1.0
2025,12,1,1,1,33,1,2,10.0,2019000.0,46.0
2025,12,2,1,2,37,2,2,10.0,4788000.0,88.0
2025,12,1,1,1,78,1,3,3.0,1151000.0,36.0
2025,12,4,1,1,26,9,2,5.0,1854000.0,14.0
2025,12,1,1,1,39,1,3,3.0,1960000.0,5.0
2025,12,1,1,2,31,1,2,5.0,1636000.0,86.0
2025,12,2,1,2,47,2,2,11.0,7543000.0,84.0
2025,12,1,1,1,35,1,3,5.0,1452000.0,1.0
2025,12,1,1,1,59,1,2,5.0,2443000.0,47.0
2025,12,1,1,1,37,1,2,4.0,1496000.0,1.0
2025,12,1,1,2,36,1,2,5.0,1343000.0,22.0
2025,12,5,1,2,24,8,3,9.0,825000.0,56.0
2025,12,2,1,2,46,2,2,10.0,6777000.0,82.0
2025,12,1,1,2,59,1,2,12.0,3871000.0,85.0
2025,12,2,1,2,53,2,2,3.0,304000.0,95.0
2025,12,1,1,1,38,1,2,5.0,2757000.0,41.0
2025,12,3,1,2,19,3,1,5.0,802000.0,84.0
2025,12,1,1,1,47,1,1,10.0,4910000.0,70.0
2025,12,1,1,1,26,1,2,5.0,3240000.0,42.0
2025,12,1,1,1,38,1,2,10.0,6123000.0,84.0
2025,12,1,1,1,54,1,2,5.0,4081000.0,47.0
2025,12,2,1,2,44,2,2,9.0,1813000.0,61.0
2025,12,1,1,2,55,1,1,4.0,1068000.0,81.0
2025,12,2,1,2,23,2,2,5.0,0.0,82.0
2025,12,2,1,1,28,2,2,1.0,583000.0,41.0
2025,12,3,1,1,38,3,1,10.0,1550000.0,61.0
2025,12,2,1,1,25,3,1,5.0,1144000.0,49.0
2025,12,3,1,1,33,3,1,4.0,1051000.0,41.0
2025,12,1,1,1,34,1,2,5.0,778000.0,68.0
2025,12,1,1,1,30,1,2,10.0,3930000.0,84.0
2025,12,1,1,1,53,1,2,4.0,1982000.0,47.0
2025,12,3,1,1,23,6,1,10.0,3439000.0,62.0
2025,12,3,1,1,38,3,1,8.0,2422000.0,68.0
2025,12,1,1,1,56,1,2,1.0,1420000.0,79.0
2025,12,1,1,1,47,1,2,1.0,813000.0,1.0
2025,12,2,1,2,30,3,1,5.0,1457000.0,47.0
2025,12,1,1,2,32,1,2,12.0,4820000.0,86.0
2025,12,1,1,2,29,1,3,8.0,1993000.0,84.0
2025,12,2,1,2,69,2,3,10.0,3328000.0,85.0
2025,12,2,1,1,50,3,1,3.0,1009000.0,45.0
2025,12,3,1,2,34,9,2,8.0,1513000.0,86.0
2025,12,1,1,2,52,1,1,5.0,380000.0,47.0
2025,12,2,1,2,37,2,2,10.0,2044000.0,58.0
2025,12,1,1,1,70,1,3,3.0,100000.0,1.0
2025,12,1,1,1,60,1,3,3.0,2099000.0,1.0
2025,12,2,1,2,47,2,2,5.0,1416000.0,92.0
2025,12,6,1,2,37,6,1,5.0,932000.0,14.0
2025,12,2,1,1,32,2,3,5.0,2138000.0,53.0
2025,12,2,1,1,22,3,1,5.0,1676000.0,43.0
2025,12,1,1,2,35,1,2,8.0,1340000.0,46.0
2025,12,1,1,2,61,1,3,12.0,9969000.0,85.0
2025,12,2,1,1,56,2,3,1.0,1739000.0,1.0
2025,12,1,1,2,39,1,1,5.0,1785000.0,47.0
2025,12,2,1,1,23,2,2,5.0,1823000.0,70.0
2025,12,3,1,2,27,3,1,9.0,586000.0,92.0
2025,12,1,1,1,64,1,3,5.0,4210000.0,36.0
2025,12,1,1,2,38,1,2,5.0,1296000.0,47.0
2025,12,1,1,1,33,1,2,9.0,5201000.0,9.0
2025,12,1,1,1,47,1,2,11.0,5677000.0,84.0
2025,12,3,1,1,42,3,1,3.0,1767000.0,47.0
2025,12,1,1,2,62,1,3,4.0,730000.0,56.0
2025,12,1,1,2,22,1,2,8.0,1861000.0,96.0
2025,12,2,1,2,30,6,2,8.0,1216000.0,47.0
2025,12,1,1,1,66,1,2,3.0,718000.0,49.0
2025,12,1,1,2,75,1,3,3.0,236000.0,96.0
2025,12,2,1,2,32,2,2,8.0,1343000.0,85.0
2025,12,1,1,1,36,1,2,5.0,0.0,96.0
2025,12,1,1,2,50,1,3,3.0,991000.0,81.0
2025,12,2,1,1,38,2,2,5.0,1310000.0,45.0
2025,12,1,1,1,55,1,3,4.0,3055000.0,55.0
2025,12,1,1,2,52,1,3,4.0,1547000.0,85.0
2025,12,1,1,1,56,1,2,1.0,1397000.0,43.0
2025,12,2,1,1,40,2,3,5.0,2614000.0,25.0
2025,12,1,1,1,29,1,2,6.0,2097000.0,68.0
2025,12,2,1,2,57,2,2,3.0,763000.0,47.0
2025,12,2,1,2,41,2,2,11.0,5719000.0,65.0
2025,12,1,1,2,33,1,2,8.0,1474000.0,86.0
2025,12,1,1,2,45,1,2,3.0,875000.0,81.0
2025,12,2,1,2,45,3,1,5.0,1351000.0,47.0
2025,12,2,1,2,39,2,2,5.0,1431000.0,46.0
2025,12,3,1,1,26,3,1,10.0,1331000.0,53.0
2025,12,4,1,1,20,7,2,8.0,2537000.0,82.0
2025,12,1,1,1,51,1,2,10.0,2883000.0,82.0
2025,12,1,1,2,32,1,2,9.0,2399000.0,70.0
2025,12,1,1,1,68,1,3,1.0,1422000.0,1.0
2025,12,2,1,2,29,3,1,5.0,1622000.0,56.0
2025,12,1,1,1,65,1,3,3.0,1076000.0,1.0
2025,12,2,1,2,56,2,3,10.0,7440000.0,85.0
2025,12,1,1,1,69,1,3,9.0,2667000.0,25.0
2025,12,1,2,1,30,1,2,10.0,4134000.0,42.0
2025,12,2,1,1,27,2,2,10.0,9053000.0,72.0
2025,12,3,1,2,32,3,1,10.0,3352000.0,84.0
2025,12,4,1,1,21,13,2,5.0,2123000.0,41.0
2025,12,4,1,2,29,3,1,10.0,3786000.0,71.0
2025,12,2,1,2,28,2,3,5.0,1210000.0,10.0
2025,12,1,1,1,68,1,3,4.0,2916000.0,49.0
2025,12,1,1,1,34,1,3,3.0,1180000.0,56.0
2025,12,2,1,1,35,2,2,4.0,0.0,49.0
2025,12,4,1,1,27,9,2,4.0,2626000.0,43.0
2025,12,1,1,1,67,1,3,3.0,735000.0,1.0
2025,12,2,1,1,44,3,1,5.0,2659000.0,49.0
2025,12,2,1,1,44,2,2,5.0,1735000.0,25.0
2025,12,2,1,1,27,2,2,5.0,2037000.0,56.0
2025,12,1,1,2,34,1,3,9.0,1658000.0,49.0
2025,12,1,1,2,60,1,3,5.0,1350000.0,64.0
2025,12,1,1,1,29,1,2,10.0,1912000.0,47.0
2025,12,1,1,2,76,1,3,3.0,547000.0,47.0
2025,12,1,1,1,59,1,3,1.0,556000.0,1.0
2025,12,1,1,2,53,1,3,5.0,1466000.0,47.0
2025,12,1,1,2,75,1,2,3.0,100000.0,47.0
2025,12,2,1,1,40,2,2,13.0,6254000.0,84.0
2025,12,2,1,2,48,2,2,11.0,6556000.0,84.0
2025,12,2,1,1,19,3,1,5.0,2136000.0,41.0
2025,12,1,1,1,33,1,2,6.0,1706000.0,47.0
2025,12,4,1,2,25,8,1,10.0,767000.0,85.0
2025,12,2,1,2,42,2,3,5.0,749000.0,47.0
2025,12,1,1,1,59,1,2,3.0,282000.0,43.0
2025,12,2,1,1,63,2,3,3.0,1653000.0,41.0
2025,12,2,1,2,43,3,3,4.0,343000.0,92.0
2025,12,1,1,2,57,1,2,4.0,1015000.0,56.0
2025,12,5,1,2,25,13,2,10.0,3670000.0,86.0
2025,12,2,1,2,25,2,2,9.0,1262000.0,88.0
2025,12,2,1,2,34,2,2,8.0,1769000.0,10.0
2025,12,2,1,2,31,3,3,12.0,3796000.0,85.0
2025,12,2,1,1,26,3,1,5.0,2284000.0,79.0
2025,12,2,1,2,71,2,3,10.0,4616000.0,85.0
2025,12,2,1,1,52,2,3,3.0,684000.0,96.0
2025,12,3,1,2,25,3,1,5.0,1241000.0,47.0
2025,12,1,1,2,27,1,2,8.0,0.0,47.0
2025,12,1,1,1,57,1,2,5.0,1275000.0,43.0
2025,12,1,1,2,69,1,3,3.0,666000.0,38.0
2025,12,1,1,1,41,1,2,3.0,1310000.0,1.0
2025,12,1,1,1,56,1,3,4.0,888000.0,49.0
2025,12,2,1,2,45,2,2,3.0,0.0,55.0
2025,12,1,1,1,53,1,3,11.0,1693000.0,94.0
2025,12,1,1,1,57,1,3,3.0,1601000.0,1.0
2025,12,1,1,2,28,1,2,9.0,3987000.0,85.0
2025,12,1,1,2,63,1,3,11.0,203000.0,47.0
2025,12,2,1,2,39,2,2,9.0,979000.0,96.0
2025,12,1,1,1,50,1,2,5.0,1627000.0,41.0
2025,12,1,1,2,50,1,3,10.0,2401000.0,56.0
2025,12,1,1,1,63,1,3,1.0,1253000.0,1.0
2025,12,1,1,1,27,1,2,9.0,2384000.0,84.0
2025,12,1,1,2,42,1,2,10.0,4125000.0,84.0
2025,12,1,1,2,43,1,2,8.0,1652000.0,41.0
2025,12,3,1,2,19,3,1,5.0,211000.0,47.0
2025,12,1,1,2,34,1,3,6.0,2018000.0,56.0
2025,12,1,1,1,30,1,2,5.0,1487000.0,56.0
2025,12,1,1,2,39,1,2,5.0,1694000.0,86.0
2025,12,1,1,1,44,1,2,3.0,812000.0,1.0
2025,12,1,1,1,52,1,2,6.0,2659000.0,84.0
2025,12,1,1,1,40,1,2,11.0,4665000.0,85.0
2025,12,1,1,1,32,1,2,10.0,10210000.0,85.0
2025,12,1,1,2,51,1,2,3.0,827000.0,47.0
2025,12,3,1,2,22,13,2,4.0,274000.0,97.0
2025,12,4,1,2,64,9,3,10.0,3677000.0,85.0
2025,12,2,1,1,51,3,1,1.0,2382000.0,1.0
2025,12,2,1,2,56,2,2,3.0,422000.0,56.0
2025,12,1,1,2,43,1,2,10.0,1484000.0,56.0
2025,12,1,1,1,49,1,2,5.0,2796000.0,49.0
2025,12,1,1,2,38,1,2,5.0,904000.0,56.0
2025,12,2,1,2,26,2,2,5.0,1615000.0,46.0
2025,12,1,1,2,30,1,2,5.0,226000.0,47.0
2025,12,1,1,2,40,1,2,5.0,1555000.0,80.0
2025,12,1,1,1,58,1,2,3.0,550000.0,56.0
2025,12,5,1,2,27,3,1,9.0,1974000.0,82.0
2025,12,3,1,1,54,3,1,5.0,616000.0,41.0
2025,12,2,1,2,55,10,3,3.0,2662000.0,97.0
2025,12,7,1,2,20,6,1,4.0,196000.0,81.0
2025,12,1,1,2,33,1,2,8.0,976000.0,82.0
2025,12,1,1,1,27,1,2,5.0,4063000.0,56.0
2025,12,3,1,1,23,3,1,5.0,1863000.0,86.0
2025,12,1,1,1,19,1,2,4.0,485000.0,47.0
2025,12,4,1,1,39,7,2,5.0,1922000.0,91.0
2025,12,2,1,1,20,13,2,5.0,2091000.0,1.0
2025,12,1,1,2,42,1,2,10.0,1420000.0,49.0
2025,12,2,1,2,22,8,2,5.0,954000.0,47.0
2025,12,4,1,1,34,6,3,3.0,1488000.0,1.0
2025,12,3,1,2,28,3,1,9.0,1629000.0,56.0
2025,12,4,1,1,22,3,1,4.0,1247000.0,93.0
2025,12,2,1,1,29,2,2,5.0,1017000.0,95.0
2025,12,1,1,1,48,1,1,5.0,972000.0,45.0
2025,12,2,1,2,42,2,2,8.0,682000.0,96.0
2025,12,1,2,2,50,1,3,5.0,100000.0,47.0
2025,12,1,1,1,68,1,2,11.0,4810000.0,84.0
2025,12,1,1,2,34,1,2,11.0,4685000.0,69.0
2025,12,2,1,2,38,2,2,10.0,1402000.0,85.0
2025,12,1,1,2,47,1,2,10.0,2584000.0,84.0
2025,12,1,1,1,20,1,2,3.0,259000.0,41.0
2025,12,4,1,1,31,13,2,4.0,1289000.0,7.0
2025,12,2,1,2,30,2,2,10.0,4250000.0,84.0
2025,12,2,1,1,38,3,1,4.0,2282000.0,25.0
2025,12,4,1,1,30,3,1,4.0,2435000.0,41.0
2025,12,1,1,1,80,1,3,1.0,403000.0,1.0
2025,12,2,1,2,27,8,2,10.0,789000.0,97.0
2025,12,1,1,2,51,1,3,8.0,0.0,47.0
2025,12,1,1,1,39,1,2,5.0,2572000.0,53.0
2025,12,2,1,1,30,2,2,4.0,1358000.0,47.0
2025,12,2,1,1,30,3,2,10.0,4885000.0,85.0
2025,12,3,1,2,33,3,1,8.0,1262000.0,86.0
2025,12,1,1,2,40,1,2,8.0,1514000.0,46.0
2025,12,2,1,1,30,2,2,5.0,1819000.0,25.0
2025,12,1,1,2,65,1,2,3.0,130000.0,95.0
2025,12,1,1,2,45,1,3,11.0,7736000.0,85.0
2025,12,1,1,1,64,1,3,8.0,2823000.0,95.0
2025,12,1,1,2,46,1,2,10.0,5301000.0,84.0
2025,12,5,1,2,30,7,2,8.0,237000.0,97.0
2025,12,4,1,2,30,6,2,8.0,1549000.0,56.0
2025,12,4,1,2,35,13,2,9.0,1073000.0,25.0
2025,12,1,1,2,50,1,2,8.0,1262000.0,86.0
2025,12,2,1,2,32,3,1,10.0,2484000.0,86.0
2025,12,1,1,2,68,1,3,3.0,242000.0,81.0
2025,12,1,1,1,48,1,2,11.0,4213000.0,85.0
2025,12,1,1,2,43,1,2,4.0,100000.0,56.0
2025,12,1,1,1,40,1,2,5.0,22410000.0,10.0
2025,12,1,1,2,31,1,2,3.0,1017000.0,78.0
2025,12,1,1,2,34,1,2,10.0,2502000.0,86.0
2025,12,2,1,1,60,2,3,3.0,1086000.0,56.0
2025,12,5,1,2,70,4,3,3.0,372000.0,97.0
2025,12,1,1,1,27,1,3,9.0,1952000.0,46.0
2025,12,1,1,1,27,1,2,5.0,1035000.0,3.0
2025,12,1,1,1,61,1,2,8.0,1378000.0,10.0
2025,12,1,1,1,41,1,2,11.0,18702000.0,86.0
2025,12,1,1,1,30,1,2,9.0,4061000.0,68.0
2025,12,1,1,2,21,1,2,5.0,1336000.0,47.0
2025,12,1,1,1,60,1,3,10.0,4792000.0,84.0
2025,12,2,1,2,35,2,2,5.0,100000.0,47.0
2025,12,4,1,1,30,3,1,8.0,2339000.0,47.0
2025,12,1,1,1,40,1,2,8.0,5090000.0,84.0
2025,12,1,1,2,65,1,3,11.0,5766000.0,85.0
2025,12,2,1,1,45,2,2,10.0,4446000.0,69.0
2025,12,1,1,2,40,1,2,4.0,773000.0,1.0
2025,12,1,1,2,25,1,2,5.0,157000.0,81.0
2025,12,3,1,1,42,3,1,4.0,1260000.0,41.0
2025,12,2,1,1,38,3,2,3.0,1857000.0,49.0
2025,12,1,1,2,28,1,2,5.0,1585000.0,97.0
2025,12,2,1,2,46,2,2,11.0,0.0,65.0
2025,12,2,1,2,40,2,2,11.0,3905000.0,41.0
2025,12,2,1,1,30,2,3,4.0,1482000.0,36.0
2025,12,1,1,2,24,1,1,10.0,2004000.0,69.0
2025,12,3,1,2,23,3,1,9.0,1415000.0,14.0
2025,12,2,1,2,69,2,3,5.0,619000.0,15.0
2025,12,2,1,2,19,2,2,10.0,1259000.0,84.0
2025,12,5,1,2,34,3,1,4.0,114000.0,64.0
2025,12,2,1,2,31,2,2,11.0,2306000.0,64.0
2025,12,1,1,1,47,1,2,5.0,4909000.0,1.0
2025,12,2,1,2,37,2,2,8.0,1247000.0,47.0
2025,12,1,1,1,54,1,3,3.0,1859000.0,49.0
2025,12,2,1,1,45,3,1,5.0,2489000.0,49.0
2025,12,1,1,1,29,1,2,10.0,2668000.0,64.0
2025,12,1,1,1,64,1,3,1.0,4584000.0,1.0
2025,12,1,1,1,41,1,2,6.0,2612000.0,52.0
2025,12,1,1,2,43,1,2,10.0,279000.0,14.0
2025,12,2,1,2,37,2,2,5.0,309000.0,47.0
2025,12,1,1,1,47,1,2,10.0,8978000.0,84.0
2025,12,3,1,1,36,3,1,8.0,529000.0,52.0
2025,12,1,1,2,31,1,2,8.0,100000.0,15.0
2025,12,2,1,2,25,8,2,9.0,1239000.0,81.0
2025,12,1,1,1,51,1,2,5.0,1540000.0,2.0
2025,12,1,1,2,58,1,2,3.0,1510000.0,56.0
2025,12,1,1,1,31,1,2,5.0,2424000.0,41.0
2025,12,1,1,2,36,1,2,5.0,1093000.0,81.0
2025,12,2,1,1,63,6,3,3.0,726000.0,47.0
2025,12,2,1,1,55,2,2,4.0,1001000.0,1.0
2025,12,2,1,1,64,2,3,11.0,10758000.0,85.0
2025,12,1,1,2,59,1,3,5.0,557000.0,47.0
2025,12,1,1,1,27,1,2,8.0,2327000.0,47.0
2025,12,4,1,2,21,9,2,5.0,103000.0,55.0
2025,12,2,1,2,46,2,2,3.0,488000.0,47.0
2025,12,1,1,1,39,1,2,5.0,1990000.0,45.0
2025,12,2,1,2,37,2,2,10.0,3142000.0,64.0
2025,12,1,1,1,45,1,2,10.0,3634000.0,47.0
2025,12,1,1,1,35,1,2,12.0,11359000.0,84.0
2025,12,1,1,2,81,1,3,4.0,100000.0,32.0
2025,12,1,1,1,52,1,3,4.0,917000.0,1.0
2025,12,2,1,2,20,3,2,5.0,1676000.0,84.0
2025,12,1,1,1,52,1,2,3.0,2023000.0,43.0
2025,12,2,1,1,23,2,2,5.0,498000.0,25.0
2025,12,1,1,2,25,1,2,4.0,723000.0,47.0
2025,12,2,1,1,26,3,1,10.0,4357000.0,84.0
2025,12,5,1,2,43,10,2,5.0,2543000.0,97.0
2025,12,1,1,1,72,1,3,3.0,353000.0,41.0
2025,12,4,1,1,30,6,3,10.0,4591000.0,86.0
2025,12,4,1,2,18,3,1,5.0,0.0,56.0
2025,12,1,1,2,34,1,3,5.0,727000.0,96.0
2025,12,1,1,1,29,1,2,8.0,1710000.0,31.0
2025,12,3,1,1,34,3,1,10.0,1736000.0,96.0
2025,12,2,1,2,39,2,2,8.0,0.0,86.0
2025,12,1,1,1,37,1,2,5.0,1047000.0,49.0
2025,12,1,1,1,73,1,3,1.0,100000.0,92.0
2025,12,1,1,2,31,1,2,10.0,7179000.0,32.0
2025,12,2,1,1,49,2,3,5.0,2880000.0,45.0
2025,12,1,1,1,60,1,2,3.0,1966000.0,1.0
2025,12,1,1,2,41,1,2,9.0,2044000.0,65.0
2025,12,1,1,2,58,1,3,8.0,3092000.0,47.0
2025,12,1,1,1,72,1,3,3.0,421000.0,47.0
2025,12,2,1,2,30,2,2,8.0,1477000.0,96.0
2025,12,1,1,2,37,1,3,5.0,1391000.0,81.0
2025,12,2,1,1,32,2,3,3.0,2378000.0,10.0
2025,12,1,1,2,31,1,2,8.0,1352000.0,28.0
2025,12,1,1,1,39,1,2,5.0,1526000.0,49.0
2025,12,3,1,1,39,9,2,8.0,1961000.0,61.0
2025,12,2,1,2,60,2,3,3.0,1314000.0,56.0
2025,12,1,1,1,64,1,3,4.0,631000.0,86.0
2025,12,1,1,2,31,1,2,5.0,1431000.0,47.0
2025,12,1,1,1,51,1,3,3.0,1958000.0,49.0
2025,12,1,1,1,37,1,2,5.0,1774000.0,47.0
2025,12,1,1,1,43,1,3,4.0,2462000.0,45.0
2025,12,1,1,2,68,1,2,3.0,105000.0,38.0
2025,12,1,1,1,43,1,2,3.0,1452000.0,1.0
2025,12,1,1,2,55,1,2,4.0,738000.0,81.0
2025,12,1,1,2,24,1,2,5.0,789000.0,47.0
2025,12,1,1,1,25,1,2,5.0,1569000.0,53.0
2025,12,1,1,1,52,1,2,5.0,4061000.0,49.0
2025,12,2,1,1,53,2,3,5.0,2610000.0,85.0
2025,12,1,1,1,29,1,2,5.0,212000.0,23.0
2025,12,1,1,2,50,1,2,5.0,850000.0,85.0
2025,12,1,1,2,45,1,2,8.0,1081000.0,47.0
2025,12,1,1,2,45,1,2,5.0,2243000.0,84.0
2025,12,1,1,2,42,1,2,12.0,1939000.0,86.0
2025,12,1,1,1,55,1,3,5.0,1624000.0,62.0
2025,12,4,1,1,25,9,2,5.0,928000.0,41.0
2025,12,1,1,1,71,1,3,3.0,375000.0,47.0
2025,12,1,1,1,61,1,2,3.0,0.0,41.0
2025,12,1,1,1,18,1,2,10.0,6311000.0,84.0
2025,12,2,1,1,33,2,3,5.0,885000.0,43.0
2025,12,2,1,2,32,3,1,5.0,1567000.0,56.0
2025,12,1,1,2,36,1,2,7.0,236000.0,96.0
2025,12,3,1,1,39,3,1,4.0,1617000.0,93.0
2025,12,4,1,2,60,13,1,10.0,2970000.0,96.0
2025,12,1,1,2,71,1,3,4.0,538000.0,14.0
2025,12,1,1,2,61,1,3,4.0,1073000.0,97.0
2025,12,2,1,2,58,3,1,3.0,370000.0,97.0
2025,12,1,1,2,39,1,2,10.0,1436000.0,88.0
2025,12,1,1,1,24,1,2,10.0,2123000.0,49.0
2025,12,1,1,2,34,1,2,10.0,2313000.0,86.0
2025,12,3,1,1,35,3,1,4.0,2013000.0,49.0
2025,12,3,1,1,40,7,2,10.0,1425000.0,64.0
2025,12,1,1,1,58,1,2,5.0,588000.0,47.0
2025,12,2,1,1,28,2,2,5.0,3331000.0,84.0
2025,12,1,1,2,66,1,2,11.0,1072000.0,14.0
2025,12,3,1,1,22,3,1,10.0,699000.0,74.0
2025,12,1,1,2,64,1,3,3.0,254000.0,47.0
2025,12,2,1,2,44,2,2,5.0,701000.0,38.0
2025,12,7,1,2,22,7,2,5.0,552000.0,31.0
2025,12,2,1,2,49,2,3,5.0,867000.0,14.0
2025,12,4,1,2,48,4,2,5.0,895000.0,47.0
2025,12,1,1,2,30,1,1,5.0,1603000.0,47.0
2025,12,1,1,1,35,1,2,9.0,1968000.0,71.0
2025,12,1,1,1,36,1,3,8.0,2077000.0,28.0
2025,12,2,1,2,24,3,1,5.0,921000.0,56.0
2025,12,2,1,1,69,2,3,3.0,1237000.0,16.0
2025,12,2,1,2,26,3,1,12.0,3386000.0,85.0
2025,12,2,1,2,22,2,2,10.0,946000.0,77.0
2025,12,2,1,2,56,2,1,3.0,315000.0,47.0
2025,12,1,1,2,46,1,2,8.0,100000.0,14.0
2025,12,1,1,1,43,1,3,10.0,5875000.0,47.0
2025,12,1,1,1,69,1,3,3.0,1357000.0,41.0
2025,12,2,1,2,41,3,1,8.0,999000.0,47.0
2025,12,1,1,2,40,1,2,4.0,850000.0,81.0
2025,12,2,1,2,25,2,2,8.0,1953000.0,84.0
2025,12,1,1,1,72,1,3,3.0,555000.0,1.0
2025,12,3,1,1,25,3,1,10.0,1828000.0,10.0
2025,12,2,1,2,46,2,2,10.0,2665000.0,80.0
2025,12,1,1,2,28,1,2,5.0,1104000.0,46.0
2025,12,2,1,1,18,3,2,3.0,0.0,15.0
2025,12,1,1,2,30,1,2,5.0,855000.0,96.0
2025,12,1,1,2,48,1,2,10.0,3434000.0,46.0
2025,12,2,1,2,42,2,2,10.0,1440000.0,85.0
2025,12,1,1,2,40,1,2,5.0,323000.0,47.0
2025,12,2,1,1,19,3,1,10.0,1664000.0,43.0
2025,12,1,1,1,47,1,2,8.0,158000.0,47.0
2025,12,5,1,1,36,6,2,5.0,1664000.0,47.0
2025,12,1,1,2,32,1,2,10.0,3733000.0,84.0
2025,12,1,1,1,25,1,2,3.0,1075000.0,1.0
2025,12,2,1,1,51,2,2,5.0,1989000.0,41.0
2025,12,3,1,1,23,3,1,5.0,672000.0,49.0
2025,12,2,1,2,55,2,3,3.0,727000.0,97.0
2025,12,1,1,2,50,1,2,5.0,2285000.0,86.0
2025,12,1,1,1,32,1,2,8.0,2350000.0,61.0
2025,12,1,1,2,67,1,1,10.0,4116000.0,68.0
2025,12,2,1,2,52,2,2,10.0,5901000.0,85.0
2025,12,1,1,2,54,1,2,4.0,368000.0,10.0
2025,12,1,1,2,44,1,3,5.0,1335000.0,96.0
2025,12,1,1,1,35,1,2,4.0,1588000.0,31.0
2025,12,2,1,2,47,3,1,4.0,270000.0,41.0
2025,12,3,1,1,23,3,1,1.0,975000.0,41.0
2025,12,1,1,2,29,1,2,9.0,2172000.0,69.0
2025,12,3,1,2,45,3,3,5.0,1867000.0,96.0
2025,12,3,1,1,59,3,1,5.0,485000.0,92.0
2025,12,1,1,2,31,1,2,8.0,1396000.0,86.0
2025,12,4,1,1,32,3,1,4.0,787000.0,45.0
2025,12,2,2,1,35,2,2,5.0,686000.0,45.0
2025,12,4,1,1,29,3,1,5.0,2220000.0,10.0
2025,12,2,1,1,75,4,3,3.0,1816000.0,47.0
2025,12,1,1,2,30,1,2,8.0,1377000.0,47.0
2025,12,2,1,2,43,2,2,12.0,5847000.0,85.0
2025,12,1,1,2,64,1,3,5.0,938000.0,14.0
2025,12,1,1,2,39,1,2,3.0,1680000.0,47.0
2025,12,2,1,2,44,3,1,10.0,1638000.0,69.0
2025,12,2,1,2,25,2,2,10.0,1479000.0,96.0
2025,12,1,1,1,26,1,2,10.0,3617000.0,46.0
2025,12,1,1,1,22,1,2,4.0,2102000.0,95.0
2025,12,1,1,2,43,1,3,5.0,100000.0,47.0
2025,12,5,1,2,39,7,2,8.0,862000.0,13.0
2025,12,3,1,2,32,3,1,5.0,2034000.0,56.0
2025,12,3,1,1,27,3,1,8.0,1925000.0,85.0
2025,12,1,1,1,39,1,2,5.0,2603000.0,84.0
2025,12,1,1,2,34,1,2,8.0,363000.0,56.0
2025,12,2,1,2,60,2,2,5.0,1988000.0,47.0
2025,12,2,1,2,34,2,2,5.0,1223000.0,81.0
2025,12,1,1,1,34,1,2,5.0,4905000.0,84.0
2025,12,1,1,2,61,1,2,11.0,8648000.0,86.0
2025,12,1,1,1,58,1,3,3.0,2459000.0,49.0
2025,12,1,1,1,44,1,3,5.0,0.0,47.0
2025,12,2,1,2,46,2,2,10.0,4509000.0,46.0
2025,12,2,1,1,20,9,2,5.0,1807000.0,47.0
2025,12,3,1,2,19,3,1,5.0,1187000.0,96.0
2025,12,1,1,2,44,1,2,11.0,6615000.0,84.0
2025,12,1,1,1,66,1,3,3.0,1165000.0,31.0
2025,12,1,1,1,36,1,2,5.0,512000.0,96.0
2025,12,3,1,1,28,3,1,5.0,231000.0,49.0
2025,12,3,1,2,21,3,1,8.0,1809000.0,47.0
2025,12,1,1,2,52,1,3,5.0,1171000.0,87.0
2025,12,1,1,2,60,1,2,10.0,3599000.0,85.0
2025,12,1,1,1,30,1,2,5.0,902000.0,49.0
2025,12,2,1,2,48,2,2,12.0,5846000.0,85.0
2025,12,2,1,1,27,3,1,11.0,3709000.0,38.0
2025,12,2,1,1,42,2,2,10.0,14348000.0,62.0
2025,12,1,1,2,43,1,2,11.0,13503000.0,86.0
2025,12,2,1,1,62,2,3,10.0,3653000.0,84.0
2025,12,2,1,2,22,2,2,10.0,2670000.0,85.0
2025,12,2,1,2,66,2,3,3.0,1826000.0,1.0
2025,12,1,1,1,26,1,2,5.0,1273000.0,56.0
2025,12,3,1,2,54,6,1,5.0,1599000.0,96.0
2025,12,1,1,2,61,1,3,4.0,430000.0,1.0
2025,12,1,1,1,30,1,2,10.0,3080000.0,10.0
2025,12,4,1,2,31,3,1,10.0,1781000.0,64.0
2025,12,3,1,2,33,3,1,9.0,212000.0,84.0
2025,12,1,1,1,36,1,2,5.0,1318000.0,85.0
2025,12,4,1,2,26,6,2,4.0,100000.0,15.0
2025,12,1,1,1,30,1,2,4.0,622000.0,1.0
2025,12,2,1,1,55,2,2,1.0,1779000.0,1.0
2025,12,2,1,2,31,2,2,8.0,1379000.0,56.0
2025,12,2,1,1,34,2,2,8.0,1517000.0,95.0
2025,12,3,1,1,26,3,1,4.0,1109000.0,41.0
2025,12,1,1,2,32,1,2,10.0,1490000.0,61.0
2025,12,1,1,2,51,1,2,5.0,475000.0,56.0
2025,12,1,1,1,28,1,2,10.0,4464000.0,69.0
2025,12,2,1,1,33,3,2,5.0,1322000.0,1.0
2025,12,5,1,1,47,3,1,9.0,2761000.0,45.0
2025,12,1,1,1,31,1,2,6.0,4398000.0,84.0
2025,12,6,1,1,33,8,2,4.0,123000.0,31.0
2025,12,2,1,2,44,3,1,5.0,1430000.0,88.0
2025,12,2,1,1,35,2,2,10.0,4336000.0,86.0
2025,12,1,1,1,36,1,2,6.0,1186000.0,49.0
2025,12,1,1,2,28,1,2,5.0,196000.0,96.0
2025,12,2,1,1,47,2,2,5.0,1462000.0,49.0
2025,12,2,1,1,37,2,2,4.0,1558000.0,56.0
2025,12,2,1,2,24,2,2,6.0,2759000.0,84.0
2025,12,2,1,2,41,2,3,11.0,9028000.0,84.0
2025,12,4,1,2,21,3,1,5.0,100000.0,56.0
2025,12,1,1,1,33,1,2,10.0,3682000.0,84.0
2025,12,1,1,2,43,1,1,12.0,1476000.0,69.0
2025,12,2,1,1,39,2,2,3.0,868000.0,49.0
2025,12,1,1,1,61,1,3,5.0,1226000.0,1.0
2025,12,1,1,1,27,1,3,4.0,3522000.0,47.0
2025,12,2,1,2,58,2,3,1.0,1452000.0,47.0
2025,12,1,1,1,71,1,3,3.0,2241000.0,49.0
2025,12,2,1,2,47,3,1,5.0,269000.0,82.0
2025,12,2,1,2,54,2,2,4.0,598000.0,97.0
2025,12,1,1,2,56,1,3,5.0,2123000.0,91.0
2025,12,3,1,2,40,3,1,9.0,1505000.0,47.0
2025,12,1,1,2,40,1,2,5.0,0.0,92.0
2025,12,1,1,2,38,1,2,10.0,390000.0,47.0
2025,12,4,1,1,30,3,1,11.0,2392000.0,31.0
2025,12,2,1,1,35,3,1,4.0,2248000.0,36.0
2025,12,2,1,2,42,2,2,9.0,1560000.0,32.0
2025,12,1,1,1,57,1,2,4.0,1239000.0,49.0
2025,12,2,1,1,30,2,2,5.0,2654000.0,49.0
2025,12,1,1,1,46,1,2,3.0,2206000.0,1.0
2025,12,2,1,1,43,2,2,8.0,1677000.0,56.0
2025,12,2,1,2,45,2,2,5.0,1503000.0,68.0
2025,12,2,1,2,37,2,2,8.0,2563000.0,70.0
2025,12,2,1,1,35,2,2,5.0,1280000.0,49.0
2025,12,3,1,1,22,3,1,5.0,1848000.0,13.0
2025,12,1,1,2,49,1,2,10.0,2903000.0,85.0
2025,12,1,1,1,52,1,3,10.0,4621000.0,85.0
2025,12,4,1,2,28,7,2,5.0,1175000.0,47.0
2025,12,2,1,2,44,2,2,5.0,2170000.0,65.0
2025,12,1,1,2,52,1,2,4.0,497000.0,97.0
2025,12,1,1,1,28,1,2,5.0,1819000.0,31.0
2025,12,2,1,2,31,3,1,5.0,676000.0,97.0
2025,12,1,1,1,44,1,2,5.0,2009000.0,84.0
2025,12,1,1,1,86,1,3,10.0,3560000.0,94.0
2025,12,1,1,2,52,1,3,3.0,1037000.0,56.0
2025,12,2,1,1,22,3,1,5.0,2425000.0,45.0
2025,12,3,1,2,58,4,3,4.0,380000.0,97.0
2025,12,3,1,2,29,3,1,5.0,224000.0,47.0
2025,12,2,1,1,50,3,2,8.0,9504000.0,5.0
2025,12,2,1,1,32,2,2,5.0,3171000.0,45.0
2025,12,1,1,2,34,1,2,11.0,2365000.0,84.0
2025,12,1,1,2,31,1,2,5.0,1461000.0,56.0
2025,12,6,1,2,42,10,3,3.0,2170000.0,97.0
2025,12,1,1,2,44,1,3,6.0,1072000.0,14.0
2025,12,1,1,1,57,1,2,4.0,927000.0,15.0
2025,12,1,1,1,40,1,2,5.0,2595000.0,46.0
2025,12,3,1,1,24,3,1,5.0,1794000.0,20.0
2025,12,2,1,2,49,4,3,5.0,1407000.0,47.0
2025,12,1,1,1,39,1,2,8.0,2016000.0,80.0
2025,12,2,1,2,26,2,2,10.0,1941000.0,82.0
2025,12,1,1,1,48,1,2,5.0,1976000.0,49.0
2025,12,1,1,1,35,1,2,8.0,2490000.0,92.0
2025,12,2,1,1,58,2,3,5.0,1725000.0,35.0
2025,12,1,1,1,62,1,2,5.0,3529000.0,84.0
2025,12,2,1,2,39,2,2,8.0,260000.0,88.0
2025,12,1,1,2,49,1,2,10.0,700000.0,56.0
2025,12,3,1,2,39,3,1,5.0,1626000.0,43.0
2025,12,1,1,2,82,1,3,3.0,0.0,47.0
2025,12,1,1,2,20,1,2,10.0,1236000.0,47.0
2025,12,1,1,2,28,1,1,10.0,2419000.0,62.0
2025,12,2,1,2,61,2,3,3.0,250000.0,56.0
2025,12,1,1,1,37,1,1,8.0,1691000.0,82.0
2025,12,1,1,2,65,1,3,11.0,5923000.0,85.0
2025,12,1,1,1,31,1,2,8.0,2968000.0,49.0
2025,12,3,1,2,27,7,2,10.0,2155000.0,47.0
2025,12,2,1,1,48,2,2,4.0,742000.0,41.0
2025,12,3,1,1,55,3,1,5.0,2151000.0,47.0
2025,12,3,1,1,21,3,1,5.0,1241000.0,96.0
2025,12,2,1,1,34,3,1,5.0,1452000.0,47.0
2025,12,2,1,2,68,2,3,3.0,618000.0,47.0
2025,12,2,1,1,58,2,3,3.0,1757000.0,41.0
2025,12,2,1,2,49,2,2,11.0,9631000.0,69.0
2025,12,2,1,2,52,2,2,5.0,2209000.0,56.0
2025,12,1,1,1,36,1,2,4.0,2630000.0,45.0
2025,12,2,1,1,45,13,2,9.0,1562000.0,68.0
2025,12,1,1,2,67,1,3,3.0,712000.0,47.0
2025,12,1,1,1,50,1,2,10.0,6708000.0,71.0
2025,12,2,1,1,50,2,2,5.0,2190000.0,68.0
2025,12,1,1,1,46,1,2,11.0,9502000.0,86.0
2025,12,2,1,1,28,2,2,4.0,1939000.0,52.0
2025,12,1,1,2,47,1,2,11.0,2146000.0,46.0
2025,12,3,1,1,46,3,1,10.0,1915000.0,47.0
2025,12,2,1,1,20,9,2,4.0,1121000.0,53.0
2025,12,2,1,1,28,6,2,6.0,4052000.0,82.0
2025,12,1,1,2,67,1,3,3.0,0.0,81.0
2025,12,4,1,2,35,6,1,5.0,1349000.0,49.0
2025,12,2,1,2,56,2,2,5.0,1262000.0,96.0
2025,12,1,1,1,59,1,3,5.0,3615000.0,84.0
2025,12,3,1,1,30,3,1,10.0,1852000.0,47.0
2025,12,2,1,2,29,3,1,10.0,1325000.0,43.0
2025,12,1,1,1,54,1,3,3.0,409000.0,47.0
2025,12,2,1,2,34,3,2,4.0,1393000.0,81.0
2025,12,1,1,2,43,1,2,5.0,180000.0,81.0
2025,12,3,1,2,42,3,1,4.0,1128000.0,10.0
2025,12,1,1,1,41,1,2,5.0,1931000.0,49.0
2025,12,1,1,1,44,1,2,3.0,1838000.0,1.0
2025,12,1,1,2,59,1,3,5.0,1488000.0,81.0
2025,12,2,1,2,61,2,2,10.0,3150000.0,85.0
2025,12,1,1,2,36,1,2,9.0,2181000.0,84.0
2025,12,1,1,2,21,1,2,10.0,1478000.0,56.0
2025,12,2,1,1,59,6,3,4.0,1751000.0,49.0
2025,12,1,1,2,31,1,2,5.0,1458000.0,86.0
2025,12,1,1,1,56,1,3,3.0,2128000.0,1.0
2025,12,1,1,2,40,1,2,10.0,0.0,65.0
2025,12,2,1,2,75,2,3,3.0,1892000.0,1.0
2025,12,1,1,1,22,1,2,5.0,2535000.0,49.0
2025,12,1,1,1,33,1,2,10.0,6446000.0,85.0
2025,12,1,1,2,41,1,2,3.0,107000.0,1.0
2025,12,1,1,2,63,1,3,11.0,9608000.0,85.0
2025,12,1,1,2,32,1,2,5.0,1078000.0,81.0
2025,12,1,1,2,68,1,3,3.0,388000.0,95.0
2025,12,1,1,1,44,1,2,1.0,936000.0,81.0
2025,12,1,1,1,46,1,3,5.0,1674000.0,56.0
2025,12,6,1,2,32,3,1,5.0,1483000.0,86.0
2025,12,2,1,2,31,3,1,10.0,1852000.0,82.0
2025,12,1,1,1,35,1,2,4.0,1216000.0,47.0
2025,12,3,1,1,37,3,1,4.0,1756000.0,11.0
2025,12,1,1,2,31,1,2,11.0,5683000.0,14.0
2025,12,2,1,2,29,2,2,11.0,8222000.0,69.0
2025,12,1,1,1,55,1,2,3.0,1002000.0,38.0
2025,12,1,1,1,44,1,1,5.0,2668000.0,47.0
2025,12,2,1,2,48,2,2,10.0,3144000.0,86.0
2025,12,1,1,1,43,1,2,1.0,497000.0,1.0
2025,12,1,1,2,45,1,2,8.0,1878000.0,97.0
2025,12,1,1,2,53,1,2,8.0,2926000.0,47.0
2025,12,2,1,2,48,2,2,9.0,1281000.0,84.0
2025,12,3,1,1,28,3,1,6.0,2475000.0,47.0
2025,12,1,1,1,27,1,2,10.0,1527000.0,43.0
2025,12,2,1,1,27,2,2,10.0,2335000.0,92.0
2025,12,3,1,1,26,9,2,10.0,2026000.0,47.0
2025,12,1,1,1,47,1,3,3.0,1461000.0,33.0
2025,12,1,1,1,45,1,2,3.0,12219000.0,1.0
2025,12,3,1,1,26,8,2,8.0,382000.0,93.0
2025,12,1,1,2,34,1,2,10.0,1097000.0,47.0
2025,12,1,1,1,42,1,2,10.0,1148000.0,93.0
2025,12,2,1,2,57,2,2,10.0,245000.0,47.0
2025,12,1,1,2,37,1,2,5.0,530000.0,97.0
2025,12,3,1,1,23,6,2,5.0,1612000.0,47.0
2025,12,1,1,2,42,1,3,5.0,1594000.0,86.0
2025,12,2,1,2,28,2,2,5.0,330000.0,97.0
2025,12,3,1,1,19,3,1,5.0,1831000.0,45.0
2025,12,1,1,1,52,1,3,9.0,1191000.0,45.0
2025,12,1,1,1,44,1,2,3.0,1017000.0,45.0
2025,12,2,1,2,43,2,2,5.0,1123000.0,55.0
2025,12,1,1,2,43,1,2,4.0,1978000.0,97.0
2025,12,3,1,1,20,3,1,5.0,747000.0,41.0
2025,12,2,1,2,46,2,2,5.0,0.0,96.0
2025,12,1,1,1,37,1,2,10.0,6470000.0,42.0
2025,12,2,1,2,20,3,1,10.0,1430000.0,86.0
2025,12,2,1,2,63,2,3,3.0,643000.0,10.0
2025,12,2,1,2,26,2,2,5.0,1979000.0,86.0
2025,12,1,1,2,52,1,2,5.0,501000.0,85.0
2025,12,1,1,2,42,1,2,5.0,1542000.0,56.0
2025,12,1,1,2,60,1,3,10.0,4655000.0,96.0
2025,12,1,1,2,29,1,2,10.0,4286000.0,86.0
2025,12,1,1,1,54,1,2,12.0,5346000.0,45.0
2025,12,1,1,2,37,1,2,10.0,4747000.0,47.0
2025,12,1,1,2,52,1,2,10.0,5991000.0,84.0
2025,12,1,1,1,38,1,2,9.0,4293000.0,84.0
2025,12,1,1,1,57,1,3,3.0,1533000.0,1.0
2025,12,2,1,2,37,2,2,3.0,1206000.0,1.0
2025,12,2,1,1,56,2,2,3.0,1600000.0,41.0
2025,12,3,1,1,25,3,1,9.0,1794000.0,52.0
2025,12,1,1,1,23,1,2,9.0,2394000.0,1.0
2025,12,1,1,1,46,1,2,5.0,1827000.0,1.0
2025,12,1,1,1,43,1,2,5.0,3061000.0,84.0
2025,12,4,1,1,26,3,1,5.0,1897000.0,11.0
2025,12,1,1,2,29,1,2,5.0,1117000.0,10.0
2025,12,2,1,2,44,2,2,1.0,240000.0,15.0
2025,12,2,1,2,47,2,3,9.0,1235000.0,86.0
2025,12,2,1,2,62,2,3,10.0,1994000.0,86.0
2025,12,3,1,2,26,3,1,10.0,3352000.0,84.0
2025,12,2,1,2,28,2,2,5.0,1295000.0,1.0
2025,12,3,1,1,24,3,1,9.0,2022000.0,92.0
2025,12,1,1,1,58,1,3,9.0,2797000.0,95.0
2025,12,1,1,2,24,1,2,10.0,3788000.0,46.0
2025,12,1,1,1,45,1,2,5.0,2015000.0,85.0
2025,12,1,1,1,30,1,2,6.0,6727000.0,49.0
2025,12,1,1,2,21,1,2,10.0,682000.0,52.0
2025,12,2,1,1,31,2,2,5.0,1383000.0,49.0
2025,12,2,1,1,26,2,2,5.0,3042000.0,47.0
2025,12,1,1,1,64,1,3,4.0,2266000.0,1.0
2025,12,2,1,2,50,2,3,4.0,1020000.0,56.0
2025,12,2,1,1,29,2,2,10.0,1670000.0,49.0
2025,12,1,1,2,39,1,2,5.0,1114000.0,47.0
2025,12,1,1,2,48,1,2,12.0,7843000.0,70.0
2025,12,2,1,1,29,3,1,9.0,2217000.0,86.0
2025,12,1,1,2,32,1,1,10.0,3128000.0,84.0
2025,12,1,1,1,57,1,3,8.0,2611000.0,29.0
2025,12,1,1,2,60,1,3,10.0,1313000.0,84.0
2025,12,3,1,1,18,3,1,6.0,1949000.0,47.0
2025,12,2,1,1,36,2,2,3.0,1040000.0,49.0
2025,12,2,1,1,35,2,2,8.0,3755000.0,10.0
2025,12,3,1,2,23,3,1,8.0,1240000.0,41.0
2025,12,2,1,2,40,3,1,6.0,1267000.0,14.0
2025,12,1,1,2,24,1,2,9.0,2027000.0,47.0
2025,12,2,1,2,56,2,3,6.0,1461000.0,49.0
2025,12,1,1,1,34,1,3,4.0,1904000.0,46.0
2025,12,1,1,1,58,1,2,11.0,9997000.0,88.0
2025,12,2,1,1,34,2,2,3.0,380000.0,49.0
2025,12,1,1,2,46,1,3,1.0,200000.0,10.0
2025,12,1,1,2,37,1,2,5.0,1466000.0,96.0
2025,12,1,1,2,74,1,3,5.0,1285000.0,45.0
2025,12,1,1,1,51,1,3,6.0,1700000.0,47.0
2025,12,2,1,1,26,3,1,5.0,2024000.0,49.0
2025,12,2,1,1,46,2,2,4.0,1414000.0,25.0
2025,12,2,1,2,65,2,3,10.0,3099000.0,84.0
2025,12,1,1,2,35,1,2,10.0,2417000.0,84.0
2025,12,4,1,2,25,3,1,5.0,1533000.0,47.0
2025,12,2,1,2,49,2,2,5.0,1952000.0,56.0
2025,12,1,1,2,68,1,3,4.0,892000.0,95.0
2025,12,1,1,2,21,1,2,5.0,904000.0,56.0
2025,12,1,1,2,54,1,2,4.0,1494000.0,56.0
2025,12,1,1,1,63,1,3,4.0,1567000.0,22.0
2025,12,2,1,2,31,2,2,8.0,1567000.0,86.0
2025,12,1,1,1,48,1,3,3.0,854000.0,1.0
2025,12,1,1,2,33,1,2,5.0,0.0,96.0
2025,12,1,1,1,36,1,2,11.0,6010000.0,84.0
2025,12,1,1,2,40,1,2,5.0,0.0,55.0
2025,12,1,1,2,58,1,3,8.0,1564000.0,69.0
2025,12,1,1,1,44,1,2,5.0,0.0,45.0
2025,12,1,1,2,54,1,2,5.0,1417000.0,97.0
2025,12,1,1,1,60,1,3,3.0,778000.0,1.0
2025,12,2,1,1,20,3,2,4.0,2259000.0,1.0
2025,12,3,1,2,47,3,1,3.0,0.0,81.0
2025,12,1,1,2,46,1,3,5.0,461000.0,47.0
2025,12,1,1,1,37,1,2,10.0,4367000.0,84.0
2025,12,4,1,1,26,3,1,8.0,2023000.0,85.0
2025,12,2,1,1,45,2,3,5.0,524000.0,1.0
2025,12,6,1,2,40,6,3,5.0,1338000.0,47.0
2025,12,1,1,2,35,1,2,8.0,1377000.0,84.0
2025,12,3,1,1,33,3,1,11.0,5247000.0,84.0
2025,12,1,1,2,21,1,2,5.0,108000.0,56.0
2025,12,1,1,1,80,1,3,3.0,2162000.0,47.0
2025,12,1,1,1,60,1,3,3.0,2224000.0,1.0
2025,12,2,1,1,74,2,3,10.0,2192000.0,10.0
2025,12,2,1,2,32,2,3,1.0,9634000.0,1.0
2025,12,1,1,1,71,1,3,10.0,1682000.0,56.0
2025,12,1,1,2,21,1,2,8.0,1749000.0,59.0
2025,12,1,1,1,59,1,3,10.0,5415000.0,66.0
2025,12,1,1,2,30,1,2,9.0,1036000.0,47.0
2025,12,1,1,2,34,1,2,8.0,2232000.0,70.0
2025,12,1,1,2,52,1,3,5.0,454000.0,97.0
2025,12,2,1,2,29,2,2,9.0,1409000.0,96.0
2025,12,1,1,2,56,1,2,3.0,701000.0,56.0
2025,12,1,1,2,31,1,2,8.0,569000.0,47.0
2025,12,1,1,1,42,1,2,5.0,1179000.0,49.0
2025,12,2,1,1,37,2,3,3.0,2746000.0,45.0
2025,12,2,1,2,32,2,2,11.0,783000.0,96.0
2025,12,2,1,2,55,2,2,5.0,1237000.0,10.0
2025,12,1,1,2,55,1,3,1.0,2036000.0,87.0
2025,12,2,1,2,50,2,1,11.0,2597000.0,85.0
2025,12,3,1,1,39,4,3,5.0,1842000.0,49.0
2025,12,2,1,2,68,2,3,11.0,7123000.0,85.0
2025,12,1,1,1,34,1,2,10.0,5628000.0,46.0
2025,12,3,1,1,19,3,1,4.0,552000.0,14.0
2025,12,2,1,2,45,2,2,10.0,5053000.0,86.0
2025,12,1,1,1,26,1,2,4.0,3035000.0,1.0
2025,12,1,1,1,54,1,2,13.0,19210000.0,85.0
2025,12,1,1,2,43,1,2,4.0,842000.0,96.0
2025,12,4,1,2,28,3,1,5.0,1846000.0,10.0
2025,12,1,1,1,48,1,3,10.0,4000000.0,86.0
2025,12,1,1,1,79,1,3,3.0,1325000.0,1.0
2025,12,1,1,2,51,1,2,10.0,3051000.0,84.0
2025,12,1,1,2,49,1,3,9.0,1551000.0,47.0
2025,12,3,1,2,48,3,1,10.0,2265000.0,69.0
2025,12,2,1,1,23,2,2,5.0,2677000.0,41.0
2025,12,1,1,2,62,1,2,5.0,600000.0,96.0
2025,12,3,1,2,42,3,1,10.0,2862000.0,47.0
2025,12,3,1,2,47,9,2,5.0,1184000.0,77.0
2025,12,2,1,1,35,3,1,9.0,4201000.0,45.0
2025,12,4,1,2,46,7,2,8.0,266000.0,56.0
2025,12,4,1,1,59,3,1,5.0,2780000.0,42.0
2025,12,3,1,2,24,3,1,8.0,1338000.0,55.0
2025,12,3,1,1,19,3,1,8.0,1736000.0,53.0
2025,12,2,1,2,34,2,2,8.0,1231000.0,47.0
2025,12,2,1,2,50,2,2,12.0,4441000.0,85.0
2025,12,1,1,2,19,1,2,5.0,178000.0,88.0
2025,12,1,1,2,51,1,2,10.0,2561000.0,85.0
2025,12,1,1,2,66,1,2,3.0,1849000.0,56.0
2025,12,1,1,2,55,1,2,3.0,560000.0,81.0
2025,12,1,1,2,26,1,2,8.0,2199000.0,96.0
2025,12,1,1,1,54,1,2,4.0,1010000.0,47.0
2025,12,3,1,2,20,3,1,5.0,1309000.0,15.0
2025,12,2,1,2,58,2,3,5.0,607000.0,56.0
2025,12,1,1,2,20,1,2,5.0,1111000.0,56.0
2025,12,2,1,2,38,2,2,10.0,2169000.0,85.0
2025,12,1,1,2,40,1,2,9.0,1478000.0,68.0
2025,12,2,1,2,22,2,2,8.0,1441000.0,46.0
2025,12,2,1,1,31,2,2,3.0,835000.0,45.0
2025,12,2,1,2,47,2,2,10.0,1197000.0,68.0
2025,12,1,1,2,31,1,2,5.0,1127000.0,96.0
2025,12,1,1,2,43,1,2,10.0,1590000.0,56.0
2025,12,1,1,1,42,1,2,6.0,2156000.0,49.0
2025,12,2,1,2,40,2,3,8.0,2449000.0,86.0
2025,12,1,1,2,32,1,1,5.0,1399000.0,49.0
2025,12,1,1,1,23,1,2,5.0,2173000.0,43.0
2025,12,2,1,1,41,13,2,5.0,2015000.0,53.0
2025,12,1,2,2,54,1,2,5.0,878000.0,56.0
2025,12,1,1,1,44,1,2,9.0,4669000.0,10.0
2025,12,1,1,2,44,1,3,3.0,515000.0,1.0
2025,12,2,1,1,57,2,3,4.0,198000.0,47.0
2025,12,2,1,2,52,2,2,5.0,182000.0,81.0
2025,12,1,1,1,50,1,3,5.0,775000.0,45.0
2025,12,1,1,1,36,1,2,8.0,4091000.0,94.0
2025,12,4,1,1,39,3,1,11.0,2368000.0,84.0
2025,12,1,1,2,49,1,2,8.0,1774000.0,56.0
2025,12,2,1,1,59,2,2,3.0,752000.0,41.0
2025,12,1,1,1,68,1,3,11.0,14848000.0,85.0
2025,12,4,1,2,31,10,2,5.0,1272000.0,97.0
2025,12,1,1,2,43,1,2,8.0,1450000.0,36.0
2025,12,1,1,1,55,1,2,10.0,2231000.0,31.0
2025,12,2,1,2,25,2,2,8.0,2216000.0,82.0
2025,12,5,1,2,30,3,1,5.0,1443000.0,61.0
2025,12,1,1,1,37,1,2,5.0,2420000.0,86.0
2025,12,2,1,1,44,2,2,3.0,1303000.0,47.0
2025,12,2,1,1,34,3,1,5.0,4854000.0,1.0
2025,12,1,1,2,43,1,1,5.0,565000.0,96.0
2025,12,1,1,2,82,1,3,3.0,142000.0,47.0
2025,12,1,1,2,40,1,2,5.0,1902000.0,56.0
2025,12,1,1,1,34,1,2,6.0,2927000.0,84.0
2025,12,2,1,2,59,2,3,5.0,1545000.0,42.0
2025,12,1,1,2,32,1,2,8.0,100000.0,81.0
2025,12,2,1,1,41,2,2,8.0,5928000.0,84.0
2025,12,1,1,2,33,1,2,11.0,2990000.0,14.0
2025,12,1,1,2,57,1,3,5.0,310000.0,14.0
2025,12,1,1,1,42,1,2,5.0,4108000.0,25.0
2025,12,2,1,2,46,2,2,5.0,1346000.0,22.0
2025,12,2,1,2,24,2,2,4.0,384000.0,56.0
2025,12,2,1,2,27,2,2,11.0,1738000.0,84.0
2025,12,1,1,1,47,1,2,3.0,1629000.0,41.0
2025,12,1,1,2,44,1,2,3.0,657000.0,56.0
2025,12,1,1,1,44,1,2,3.0,2226000.0,23.0
2025,12,1,1,1,70,1,3,3.0,944000.0,1.0
2025,12,1,1,2,44,1,2,5.0,1544000.0,14.0
2025,12,1,1,1,31,1,2,10.0,2050000.0,96.0
2025,12,1,1,1,49,1,2,9.0,4538000.0,28.0
2025,12,2,1,1,42,2,2,4.0,1067000.0,49.0
2025,12,3,1,2,25,3,1,9.0,1770000.0,62.0
2025,12,1,1,1,36,1,2,9.0,5768000.0,21.0
2025,12,1,1,1,43,1,2,10.0,7805000.0,84.0
2025,12,2,1,2,58,2,2,10.0,6312000.0,69.0
2025,12,6,1,2,33,3,1,10.0,3609000.0,47.0
2025,12,1,1,2,35,1,2,10.0,1358000.0,47.0
2025,12,4,1,1,22,3,1,9.0,1821000.0,27.0
2025,12,1,1,2,41,1,3,5.0,452000.0,52.0
2025,12,1,1,2,53,1,3,3.0,100000.0,15.0
2025,12,2,1,2,42,2,2,4.0,402000.0,96.0
2025,12,1,1,2,27,1,2,4.0,284000.0,81.0
2025,12,2,1,1,65,2,3,5.0,944000.0,43.0
2025,12,1,1,2,28,1,2,10.0,2957000.0,84.0
2025,12,3,1,2,25,3,1,10.0,3128000.0,35.0
2025,12,4,1,1,35,9,3,10.0,3182000.0,62.0
2025,12,2,1,2,55,2,2,3.0,2000000.0,32.0
2025,12,3,1,1,42,3,1,10.0,3977000.0,85.0
2025,12,1,1,1,42,1,2,9.0,3085000.0,33.0
2025,12,1,1,2,41,1,2,4.0,296000.0,7.0
2025,12,1,1,2,56,1,2,3.0,194000.0,81.0
2025,12,1,1,1,41,1,2,8.0,6355000.0,84.0
2025,12,1,1,2,55,1,3,4.0,393000.0,56.0
2025,12,2,1,2,66,2,3,3.0,1975000.0,56.0
2025,12,1,1,1,39,1,2,11.0,1073000.0,46.0
2025,12,1,1,1,67,1,2,3.0,2070000.0,41.0
2025,12,2,1,2,65,6,3,5.0,640000.0,86.0
2025,12,1,1,1,69,1,3,10.0,4850000.0,68.0
2025,12,1,1,1,38,1,2,5.0,3012000.0,49.0
2025,12,1,1,1,27,1,2,9.0,2361000.0,95.0
2025,12,1,1,2,26,1,2,9.0,1691000.0,79.0
2025,12,1,1,1,68,1,3,4.0,641000.0,47.0
2025,12,1,1,2,62,1,3,3.0,184000.0,47.0
2025,12,3,1,2,32,3,1,5.0,711000.0,97.0
2025,12,4,1,2,49,3,1,11.0,2025000.0,86.0
2025,12,1,1,2,46,1,2,5.0,1173000.0,47.0
2025,12,1,1,2,32,1,2,5.0,488000.0,96.0
2025,12,2,1,2,46,3,1,5.0,100000.0,56.0
2025,12,1,1,2,49,1,2,8.0,1614000.0,47.0
2025,12,2,1,2,34,2,2,11.0,4124000.0,80.0
2025,12,1,1,2,61,1,3,3.0,1072000.0,1.0
2025,12,3,1,2,26,3,1,10.0,1181000.0,82.0
2025,12,1,1,1,33,1,3,4.0,4847000.0,49.0
2025,12,1,1,2,33,1,2,5.0,921000.0,59.0
2025,12,1,1,2,67,1,3,8.0,1625000.0,85.0
2025,12,1,1,1,37,1,2,10.0,2374000.0,52.0
2025,12,3,1,2,21,3,1,10.0,392000.0,85.0
2025,12,2,1,1,40,2,2,9.0,3353000.0,78.0
2025,12,2,1,1,22,6,2,10.0,2051000.0,64.0
2025,12,2,1,2,61,2,3,3.0,416000.0,10.0
2025,12,1,1,1,41,1,2,10.0,6001000.0,47.0
2025,12,2,1,1,19,3,1,4.0,228000.0,45.0
2025,12,1,1,2,43,1,2,9.0,1545000.0,96.0
2025,12,2,1,1,24,2,2,5.0,1970000.0,56.0
2025,12,2,1,2,55,2,2,11.0,1935000.0,88.0
2025,12,1,1,2,60,1,2,8.0,606000.0,81.0
2025,12,1,2,2,22,1,2,10.0,2671000.0,53.0
2025,12,1,1,1,55,1,3,5.0,2812000.0,42.0
2025,12,2,1,1,61,2,2,5.0,643000.0,33.0
2025,12,1,1,1,45,1,2,9.0,2627000.0,55.0
2025,12,2,1,1,48,2,2,4.0,2301000.0,25.0
2025,12,5,1,1,30,3,1,10.0,8559000.0,73.0
2025,12,1,1,1,54,1,2,10.0,6620000.0,56.0
2025,12,2,1,2,48,2,2,8.0,1763000.0,84.0
2025,12,1,1,2,43,1,2,5.0,107000.0,96.0
2025,12,2,1,1,49,3,1,5.0,1508000.0,49.0
2025,12,1,1,1,46,1,1,5.0,2469000.0,45.0
2025,12,3,1,1,31,3,1,10.0,4587000.0,85.0
2025,12,2,1,2,67,6,3,10.0,3317000.0,85.0
2025,12,1,1,2,68,1,3,3.0,485000.0,47.0
2025,12,3,1,2,22,3,1,8.0,1521000.0,46.0
2025,12,4,1,1,44,7,3,4.0,1846000.0,68.0
2025,12,1,1,2,54,1,2,8.0,1270000.0,97.0
2025,12,1,1,1,45,1,2,12.0,18761000.0,86.0
2025,12,1,1,2,55,1,2,6.0,515000.0,56.0
2025,12,1,1,1,70,1,3,11.0,13280000.0,41.0
2025,12,1,1,2,56,1,2,5.0,2505000.0,97.0
2025,12,7,1,1,20,8,1,5.0,526000.0,43.0
2025,12,4,1,2,29,13,2,5.0,1505000.0,55.0
2025,12,1,1,2,40,1,2,10.0,2788000.0,86.0
2025,12,2,1,2,58,2,2,10.0,3073000.0,73.0
2025,12,2,1,2,53,3,1,9.0,1449000.0,86.0
2025,12,1,1,1,55,1,2,8.0,5212000.0,95.0
2025,12,1,1,2,50,1,3,10.0,436000.0,56.0
2025,12,1,1,2,51,1,2,3.0,525000.0,56.0
2025,12,1,1,2,48,1,2,3.0,1737000.0,1.0
2025,12,2,1,1,36,2,2,3.0,987000.0,47.0
2025,12,1,1,1,44,1,3,10.0,6475000.0,84.0
2025,12,1,1,2,57,1,2,4.0,975000.0,56.0
2025,12,3,1,2,38,3,1,5.0,1275000.0,47.0
2025,12,1,1,2,61,1,3,1.0,1406000.0,1.0
2025,12,3,1,1,34,3,1,5.0,1920000.0,77.0
2025,12,2,1,2,58,2,3,3.0,1079000.0,81.0
2025,12,3,1,2,51,3,3,5.0,269000.0,56.0
2025,12,1,1,2,32,1,2,8.0,1044000.0,47.0
2025,12,2,1,2,28,2,2,5.0,868000.0,47.0
2025,12,1,1,1,50,1,2,5.0,1729000.0,66.0
2025,12,2,1,2,72,2,3,3.0,1167000.0,56.0
2025,12,4,1,2,37,7,3,10.0,1387000.0,94.0
2025,12,1,1,2,57,1,2,11.0,2932000.0,86.0
2025,12,1,1,2,48,1,3,3.0,723000.0,97.0
2025,12,2,1,2,32,13,2,10.0,2455000.0,85.0
2025,12,2,1,2,35,2,2,4.0,1215000.0,97.0
2025,12,3,1,2,24,3,1,5.0,279000.0,14.0
2025,12,2,1,2,47,3,1,5.0,1306000.0,56.0
2025,12,1,1,2,55,1,2,5.0,159000.0,47.0
2025,12,1,1,1,27,1,2,10.0,2070000.0,1.0
2025,12,1,1,2,46,1,2,10.0,1127000.0,85.0
2025,12,1,1,2,42,1,2,9.0,316000.0,14.0
2025,12,3,1,1,20,3,1,5.0,1034000.0,1.0
2025,12,1,1,1,54,1,3,5.0,1621000.0,56.0
2025,12,2,1,2,57,2,3,5.0,744000.0,47.0
2025,12,2,1,2,31,3,1,10.0,1950000.0,86.0
2025,12,1,1,1,31,1,2,8.0,2267000.0,38.0
2025,12,3,1,2,23,3,1,5.0,1421000.0,73.0
2025,12,1,1,1,44,1,2,4.0,2219000.0,47.0
2025,12,2,1,2,55,2,2,5.0,100000.0,13.0
2025,12,1,1,1,26,1,2,10.0,1579000.0,96.0
2025,12,2,1,2,39,2,3,11.0,5426000.0,86.0
2025,12,1,1,1,39,1,2,13.0,10575000.0,85.0
2025,12,1,1,1,62,1,3,3.0,1252000.0,47.0
2025,12,1,1,1,71,1,3,4.0,0.0,1.0
2025,12,1,1,2,46,1,3,5.0,557000.0,96.0
2025,12,2,1,1,58,2,3,5.0,1531000.0,49.0
2025,12,1,1,2,33,1,2,9.0,1374000.0,47.0
2025,12,1,1,2,29,1,2,10.0,633000.0,96.0
2025,12,1,1,2,34,1,2,5.0,1611000.0,47.0
2025,12,1,1,2,26,1,2,10.0,1289000.0,47.0
2025,12,5,1,2,69,6,3,5.0,137000.0,13.0
2025,12,1,1,2,32,1,2,8.0,1129000.0,49.0
2025,12,1,1,2,57,1,3,5.0,1165000.0,85.0
2025,12,1,1,1,29,1,2,6.0,1750000.0,49.0
2025,12,3,1,2,34,7,2,10.0,639000.0,47.0
2025,12,1,1,2,63,1,2,5.0,1592000.0,47.0
2025,12,2,1,2,45,2,2,8.0,454000.0,10.0
2025,12,1,1,2,40,1,2,5.0,1464000.0,86.0
2025,12,1,1,1,44,1,2,10.0,3711000.0,21.0
2025,12,1,1,1,54,1,3,5.0,6041000.0,47.0
2025,12,2,1,1,23,3,1,10.0,1174000.0,95.0
2025,12,3,1,2,51,3,1,10.0,3069000.0,69.0
2025,12,1,1,1,40,1,2,5.0,1944000.0,31.0
2025,12,2,1,2,24,3,1,8.0,2059000.0,47.0
2025,12,4,1,2,28,3,1,8.0,1102000.0,1.0
2025,12,2,1,1,20,3,1,5.0,774000.0,45.0
2025,12,2,1,1,42,2,2,3.0,1999000.0,41.0
2025,12,1,1,1,66,1,2,3.0,1916000.0,49.0
2025,12,1,1,1,61,1,3,3.0,1445000.0,49.0
2025,12,1,1,1,25,1,2,5.0,1848000.0,45.0
2025,12,1,1,2,51,1,2,10.0,5139000.0,85.0
2025,12,3,1,1,18,3,1,4.0,447000.0,41.0
2025,12,2,1,2,39,2,2,11.0,299000.0,69.0
2025,12,1,1,1,45,1,2,8.0,1774000.0,38.0
2025,12,1,1,2,64,1,3,3.0,329000.0,95.0
2025,12,2,1,1,49,2,2,5.0,6957000.0,49.0
2025,12,1,1,1,48,1,2,5.0,1441000.0,93.0
2025,12,4,1,2,29,8,2,5.0,475000.0,97.0
2025,12,6,1,1,29,8,2,5.0,704000.0,10.0
2025,12,1,1,2,53,1,3,4.0,461000.0,1.0
2025,12,2,1,1,26,3,1,5.0,2121000.0,46.0
2025,12,6,1,1,33,3,1,3.0,1453000.0,1.0
2025,12,2,1,2,49,2,2,5.0,311000.0,96.0
2025,12,1,1,2,50,1,2,9.0,2231000.0,33.0
2025,12,2,1,2,50,2,2,5.0,547000.0,97.0
2025,12,2,1,1,44,3,1,5.0,1291000.0,49.0
2025,12,5,1,1,27,3,1,4.0,892000.0,46.0
2025,12,1,1,2,46,1,2,10.0,4332000.0,73.0
2025,12,4,1,2,27,3,1,9.0,214000.0,56.0
2025,12,1,1,2,35,1,3,10.0,2501000.0,85.0
2025,12,2,1,2,34,2,2,3.0,922000.0,32.0
2025,12,2,1,2,49,2,2,5.0,1429000.0,88.0
2025,12,1,1,1,33,1,2,5.0,1935000.0,10.0
2025,12,1,1,1,41,1,2,5.0,2190000.0,47.0
2025,12,1,1,1,23,1,2,4.0,4904000.0,7.0
2025,12,1,1,2,33,1,2,5.0,1816000.0,64.0
2025,12,1,1,1,46,1,2,5.0,2268000.0,49.0
2025,12,4,1,1,32,8,1,5.0,1069000.0,45.0
2025,12,1,1,1,62,1,2,5.0,2032000.0,41.0
2025,12,2,1,2,28,3,1,5.0,1214000.0,47.0
2025,12,1,1,1,61,1,2,12.0,8312000.0,84.0
2025,12,3,1,1,29,3,1,9.0,631000.0,96.0
2025,12,1,1,1,65,1,3,1.0,673000.0,1.0
2025,12,1,1,1,44,1,2,5.0,1837000.0,1.0
2025,12,1,1,1,58,1,2,3.0,0.0,49.0
2025,12,1,1,1,35,1,3,11.0,9595000.0,86.0
2025,12,2,1,1,30,2,2,11.0,3500000.0,11.0
2025,12,1,1,1,40,1,2,3.0,464000.0,41.0
2025,12,1,1,2,36,1,3,4.0,793000.0,56.0
2025,12,1,1,1,58,1,3,3.0,1408000.0,41.0
2025,12,1,1,1,19,1,2,5.0,1064000.0,96.0
2025,12,4,1,2,77,4,3,6.0,532000.0,47.0
2025,12,1,1,2,61,1,2,3.0,258000.0,47.0
2025,12,2,1,2,62,6,3,5.0,790000.0,81.0
2025,12,1,1,2,58,1,3,5.0,1578000.0,86.0
2025,12,1,1,1,26,1,2,9.0,1356000.0,56.0
2025,12,3,1,1,41,3,1,5.0,2193000.0,52.0
2025,12,1,1,2,36,1,2,12.0,3188000.0,71.0
2025,12,2,1,2,49,2,2,8.0,1367000.0,70.0
2025,12,2,1,2,37,3,3,11.0,4056000.0,86.0
2025,12,1,1,2,30,1,1,5.0,1265000.0,92.0
2025,12,1,1,2,34,1,2,12.0,2526000.0,82.0
2025,12,1,1,2,46,1,3,8.0,1269000.0,86.0
2025,12,1,1,1,24,1,2,4.0,2904000.0,23.0
2025,12,2,1,1,23,3,1,5.0,426000.0,53.0
2025,12,1,1,1,43,1,2,10.0,1310000.0,10.0
2025,12,1,1,1,33,1,1,5.0,1429000.0,25.0
2025,12,1,1,1,60,1,3,3.0,1871000.0,41.0
2025,12,1,1,1,75,1,3,3.0,2327000.0,97.0
2025,12,5,1,2,61,10,2,5.0,3104000.0,97.0
2025,12,2,1,2,46,2,2,10.0,1166000.0,45.0
2025,12,4,1,2,18,9,1,5.0,1526000.0,47.0
2025,12,2,1,1,58,2,3,5.0,1108000.0,42.0
2025,12,1,1,1,77,1,3,3.0,100000.0,15.0
2025,12,1,1,1,55,1,3,5.0,3055000.0,10.0
2025,12,3,1,1,50,6,2,3.0,3210000.0,45.0
2025,12,4,1,1,34,9,1,5.0,1107000.0,45.0
2025,12,1,1,1,33,1,2,10.0,4711000.0,82.0
2025,12,2,1,2,47,2,2,5.0,1659000.0,97.0
2025,12,1,1,2,51,1,2,5.0,743000.0,88.0
2025,12,4,1,2,32,6,2,10.0,2020000.0,46.0
2025,12,1,1,2,53,1,2,4.0,1097000.0,97.0
2025,12,1,1,2,48,1,3,5.0,666000.0,56.0
2025,12,2,1,2,53,2,3,5.0,700000.0,47.0
2025,12,1,1,1,50,1,2,5.0,2132000.0,68.0
2025,12,2,1,2,58,2,3,4.0,1685000.0,47.0
2025,12,2,1,2,34,2,2,5.0,1246000.0,68.0
2025,12,2,1,1,55,2,2,5.0,2428000.0,41.0
2025,12,1,1,2,32,1,1,10.0,1162000.0,46.0
2025,12,4,1,1,36,3,1,8.0,3602000.0,97.0
2025,12,3,1,2,31,3,1,10.0,1101000.0,47.0
2025,12,1,1,2,78,1,3,3.0,0.0,1.0
2025,12,2,1,2,62,13,3,8.0,2104000.0,47.0
2025,12,2,1,2,59,2,3,3.0,522000.0,97.0
2025,12,1,1,2,60,1,2,10.0,3939000.0,85.0
2025,12,2,1,2,28,2,2,9.0,1288000.0,47.0
2025,12,2,1,2,25,3,2,5.0,497000.0,56.0
2025,12,2,1,1,37,3,1,4.0,6540000.0,41.0
2025,12,1,1,1,27,1,2,10.0,1998000.0,52.0
2025,12,3,1,2,25,3,1,10.0,2266000.0,86.0
2025,12,3,1,1,23,3,1,4.0,1259000.0,49.0
2025,12,2,1,2,28,3,1,8.0,240000.0,47.0
2025,12,1,1,1,58,1,3,4.0,955000.0,49.0
2025,12,1,1,1,40,1,2,3.0,788000.0,1.0
2025,12,2,1,2,48,2,3,10.0,2540000.0,86.0
2025,12,1,1,2,37,1,2,5.0,1208000.0,45.0
2025,12,1,1,1,29,1,2,5.0,1861000.0,46.0
2025,12,5,1,2,34,10,2,5.0,2977000.0,97.0
2025,12,2,1,1,28,3,1,8.0,1534000.0,1.0
2025,12,1,1,1,70,1,3,5.0,2059000.0,84.0
2025,12,1,1,1,69,1,3,3.0,1302000.0,47.0
2025,12,1,1,2,48,1,1,3.0,528000.0,81.0
2025,12,1,1,1,66,1,3,3.0,1235000.0,23.0
2025,12,1,1,1,41,1,2,8.0,3450000.0,84.0
2025,12,1,1,1,62,1,3,4.0,2291000.0,49.0
2025,12,3,1,1,19,3,1,10.0,1857000.0,47.0
2025,12,3,1,2,19,8,2,5.0,344000.0,81.0
2025,12,3,1,1,31,3,1,10.0,2849000.0,69.0
2025,12,3,1,1,29,3,1,12.0,2215000.0,33.0
2025,12,1,1,1,35,1,2,5.0,771000.0,49.0
2025,12,1,1,1,37,1,2,4.0,1950000.0,68.0
2025,12,1,1,2,27,1,3,5.0,595000.0,47.0
2025,12,1,1,2,55,1,3,3.0,149000.0,81.0
2025,12,1,1,1,51,1,3,1.0,1293000.0,56.0
2025,12,2,1,2,25,2,2,9.0,1572000.0,41.0
2025,12,2,1,2,26,2,2,5.0,1488000.0,86.0
2025,12,2,1,2,31,2,2,10.0,5463000.0,71.0
2025,12,1,1,1,78,1,3,3.0,318000.0,95.0
2025,12,3,1,2,20,3,1,9.0,100000.0,14.0
2025,12,2,1,1,58,2,3,1.0,270000.0,47.0
2025,12,1,1,1,18,1,2,4.0,1771000.0,1.0
2025,12,1,1,2,34,1,2,8.0,1005000.0,92.0
2025,12,1,1,2,57,1,3,5.0,931000.0,56.0
2025,12,2,1,1,35,2,2,5.0,2107000.0,47.0
2025,12,3,1,1,40,3,1,4.0,549000.0,95.0
2025,12,3,1,2,60,3,1,10.0,1672000.0,56.0
2025,12,3,1,2,27,8,1,10.0,1309000.0,86.0
2025,12,5,1,1,20,8,1,5.0,767000.0,49.0
2025,12,1,1,2,24,1,2,5.0,1113000.0,47.0
2025,12,1,1,1,67,1,3,3.0,345000.0,80.0
2025,12,2,1,2,38,2,2,10.0,842000.0,47.0
2025,12,1,1,1,32,1,2,6.0,1510000.0,43.0
2025,12,1,1,1,56,1,3,4.0,2071000.0,47.0
2025,12,1,1,2,35,1,2,11.0,2330000.0,84.0
2025,12,3,1,2,29,7,2,4.0,107000.0,47.0
2025,12,1,1,2,48,1,2,10.0,1597000.0,85.0
2025,12,1,1,2,25,1,2,5.0,624000.0,47.0
2025,12,2,1,2,68,2,3,3.0,341000.0,56.0
2025,12,1,1,2,29,1,2,5.0,678000.0,81.0
2025,12,1,1,1,68,1,3,5.0,1576000.0,36.0
2025,12,4,1,2,48,4,1,3.0,627000.0,81.0
2025,12,2,1,2,21,2,2,5.0,1265000.0,64.0
2025,12,1,1,2,38,1,2,5.0,1507000.0,47.0
2025,12,1,1,2,71,1,3,3.0,116000.0,95.0
2025,12,1,1,2,38,1,2,10.0,6486000.0,86.0
2025,12,1,1,2,31,1,2,8.0,1605000.0,14.0
2025,12,2,1,1,35,2,2,10.0,728000.0,69.0
2025,12,2,1,1,37,2,3,5.0,2031000.0,47.0
2025,12,3,1,1,20,3,1,5.0,1364000.0,56.0
2025,12,3,1,2,23,9,2,5.0,132000.0,47.0
2025,12,1,1,2,55,1,2,3.0,1428000.0,87.0
2025,12,2,1,2,58,4,3,3.0,1281000.0,81.0
2025,12,1,1,1,58,1,3,5.0,1635000.0,56.0
2025,12,3,1,2,26,3,1,12.0,0.0,85.0
2025,12,2,1,2,44,2,2,6.0,2939000.0,47.0
2025,12,3,1,2,34,3,1,10.0,7890000.0,69.0
2025,12,1,1,2,29,1,2,9.0,1451000.0,59.0
2025,12,2,1,2,32,2,2,11.0,6564000.0,22.0
2025,12,1,1,1,57,1,2,3.0,503000.0,3.0
2025,12,1,1,1,35,1,2,3.0,1403000.0,77.0
2025,12,1,1,1,61,1,3,3.0,747000.0,47.0
2025,12,2,1,1,29,2,2,5.0,2488000.0,1.0
2025,12,1,1,2,62,1,3,4.0,2901000.0,56.0
2025,12,3,1,2,25,9,2,6.0,1424000.0,47.0
2025,12,3,1,2,30,3,1,10.0,2882000.0,84.0
2025,12,1,1,2,55,1,2,11.0,7742000.0,69.0
2025,12,1,1,2,44,1,2,5.0,1377000.0,15.0
2025,12,3,1,1,64,7,3,3.0,1928000.0,18.0
2025,12,1,1,1,75,1,3,4.0,1952000.0,95.0
2025,12,1,1,1,44,1,3,5.0,2768000.0,59.0
2025,12,3,1,1,52,3,1,1.0,2204000.0,1.0
2025,12,1,1,1,48,1,2,3.0,3038000.0,1.0
2025,12,3,1,1,29,7,3,6.0,2966000.0,43.0
2025,12,2,1,2,28,2,2,4.0,145000.0,1.0
2025,12,1,1,1,53,1,1,8.0,924000.0,93.0
2025,12,2,1,2,33,2,2,13.0,4722000.0,84.0
2025,12,1,1,1,78,1,3,3.0,136000.0,1.0
2025,12,1,1,2,46,1,2,5.0,338000.0,81.0
2025,12,1,1,2,64,1,2,1.0,988000.0,47.0
2025,12,1,1,2,36,1,2,5.0,270000.0,96.0
2025,12,1,1,1,57,1,2,10.0,2376000.0,86.0
2025,12,1,1,1,64,1,3,3.0,585000.0,52.0
2025,12,1,1,2,35,1,2,5.0,785000.0,96.0
2025,12,1,1,2,54,1,3,10.0,1154000.0,1.0
2025,12,3,1,1,20,3,1,10.0,1752000.0,82.0
2025,12,1,1,2,44,1,3,13.0,9732000.0,85.0
2025,12,2,1,1,31,2,2,5.0,1945000.0,42.0
2025,12,2,1,2,41,2,3,5.0,100000.0,47.0
2025,12,1,1,1,40,1,3,10.0,4165000.0,84.0
2025,12,2,1,1,54,2,2,3.0,1799000.0,1.0
2025,12,2,1,2,33,2,2,10.0,1117000.0,47.0
2025,12,2,1,1,62,6,3,4.0,749000.0,1.0
2025,12,3,1,2,49,9,3,9.0,1649000.0,10.0
2025,12,2,1,2,36,2,3,7.0,100000.0,47.0
2025,12,2,1,2,60,2,2,3.0,730000.0,88.0
2025,12,1,1,1,32,1,2,10.0,1748000.0,96.0
2025,12,3,1,1,61,3,1,1.0,442000.0,3.0
2025,12,2,1,2,43,2,2,5.0,1600000.0,47.0
2025,12,3,1,2,44,3,1,10.0,1720000.0,47.0
2025,12,1,1,2,44,1,2,4.0,443000.0,56.0
2025,12,1,1,2,40,1,2,5.0,1116000.0,55.0
2025,12,4,1,1,27,7,2,5.0,939000.0,1.0
2025,12,3,1,1,20,3,1,5.0,1795000.0,46.0
2025,12,2,1,1,44,2,2,5.0,2019000.0,47.0
2025,12,2,1,2,34,2,2,5.0,691000.0,47.0
2025,12,1,1,2,25,1,2,5.0,1501000.0,96.0
2025,12,3,1,1,40,12,3,3.0,2195000.0,1.0
2025,12,3,1,1,34,3,1,8.0,2197000.0,45.0
2025,12,3,1,1,23,3,1,5.0,541000.0,53.0
2025,12,2,1,2,46,2,2,11.0,5002000.0,47.0
2025,12,1,1,2,62,1,1,11.0,2254000.0,5.0
2025,12,1,1,1,60,1,2,5.0,5156000.0,16.0
2025,12,2,1,1,49,2,2,6.0,2247000.0,47.0
2025,12,2,1,2,20,2,2,5.0,221000.0,96.0
2025,12,1,1,2,23,1,2,10.0,1295000.0,46.0
2025,12,2,1,1,54,2,2,3.0,1624000.0,1.0
2025,12,1,1,1,47,1,3,4.0,100000.0,15.0
2025,12,2,1,2,29,9,2,9.0,884000.0,10.0
2025,12,1,1,2,57,1,2,11.0,8468000.0,86.0
2025,12,3,1,2,34,3,1,10.0,2574000.0,84.0
2025,12,3,1,1,24,3,1,5.0,1373000.0,49.0
2025,12,1,1,1,48,1,2,10.0,4053000.0,84.0
2025,12,3,1,2,28,3,1,10.0,1640000.0,86.0
2025,12,1,1,1,59,1,3,10.0,4836000.0,69.0
2025,12,1,1,2,35,1,2,8.0,1756000.0,73.0
2025,12,2,1,2,55,3,1,8.0,1864000.0,81.0
2025,12,2,1,1,31,2,2,4.0,2983000.0,85.0
2025,12,1,1,1,64,1,2,10.0,6336000.0,1.0
2025,12,1,1,2,26,1,2,10.0,2263000.0,86.0
2025,12,1,1,2,37,1,2,5.0,1123000.0,85.0
2025,12,2,1,2,39,3,2,5.0,1458000.0,68.0
2025,12,1,1,2,45,1,3,8.0,1625000.0,86.0
2025,12,1,1,1,47,1,3,12.0,14748000.0,74.0
2025,12,1,1,1,46,1,2,3.0,1339000.0,1.0
2025,12,1,1,1,30,1,2,5.0,1703000.0,1.0
2025,12,1,1,2,28,1,2,5.0,558000.0,47.0
2025,12,2,1,2,43,2,2,11.0,3363000.0,85.0
2025,12,2,1,2,37,3,1,5.0,1737000.0,56.0
2025,12,1,1,2,63,1,2,8.0,1462000.0,86.0
2025,12,2,1,2,24,13,2,5.0,805000.0,56.0
2025,12,1,1,2,34,1,2,4.0,1285000.0,22.0
2025,12,1,1,2,38,1,3,8.0,1237000.0,14.0
2025,12,3,1,1,35,7,2,5.0,3712000.0,36.0
2025,12,1,1,1,37,1,2,5.0,2324000.0,47.0
2025,12,4,1,1,80,5,3,3.0,384000.0,47.0
2025,12,1,1,1,51,1,2,4.0,904000.0,49.0
2025,12,4,1,2,27,3,1,8.0,1074000.0,56.0
2025,12,2,1,1,27,2,2,5.0,2122000.0,47.0
2025,12,2,1,2,58,3,1,3.0,796000.0,81.0
2025,12,1,1,1,52,1,2,8.0,2049000.0,31.0
2025,12,1,1,1,51,1,2,12.0,7687000.0,85.0
2025,12,1,1,2,63,1,3,3.0,901000.0,97.0
2025,12,1,1,1,46,1,2,8.0,3742000.0,96.0
2025,12,2,1,2,57,2,2,4.0,193000.0,81.0
2025,12,1,1,1,63,1,3,4.0,2208000.0,47.0
2025,12,1,1,1,68,1,3,3.0,1088000.0,41.0
2025,12,1,1,2,49,1,2,6.0,1818000.0,86.0
2025,12,1,1,2,45,1,2,10.0,2504000.0,47.0
2025,12,1,2,2,56,1,3,4.0,650000.0,96.0
2025,12,1,1,2,46,1,2,3.0,1930000.0,68.0
2025,12,1,1,1,73,1,3,10.0,1188000.0,49.0
2025,12,1,1,1,40,1,3,4.0,1833000.0,1.0
2025,12,2,1,1,70,2,3,10.0,3629000.0,41.0
2025,12,1,1,2,40,1,1,3.0,776000.0,47.0
2025,12,1,1,1,27,1,2,4.0,4184000.0,96.0
2025,12,1,1,1,66,1,3,3.0,2648000.0,1.0
2025,12,1,1,2,36,1,2,8.0,306000.0,47.0
2025,12,6,1,1,44,6,3,3.0,1382000.0,31.0
2025,12,1,1,2,32,1,2,4.0,614000.0,46.0
2025,12,2,1,1,63,2,2,5.0,1716000.0,35.0
2025,12,1,1,1,58,1,2,4.0,1992000.0,81.0
2025,12,3,1,1,23,3,1,10.0,683000.0,49.0
2025,12,1,1,1,32,1,2,3.0,1468000.0,49.0
2025,12,2,1,2,52,2,2,12.0,7039000.0,85.0
2025,12,1,1,2,37,1,2,5.0,1261000.0,55.0
2025,12,1,1,1,23,1,2,4.0,1129000.0,49.0
2025,12,1,1,2,81,1,3,3.0,100000.0,95.0
2025,12,3,1,2,29,7,2,8.0,1501000.0,88.0
2025,12,1,1,2,33,1,2,5.0,783000.0,10.0
2025,12,3,1,1,29,9,2,5.0,617000.0,49.0
2025,12,1,1,2,42,1,1,6.0,2366000.0,85.0
2025,12,2,1,2,38,3,1,5.0,231000.0,13.0
2025,12,1,1,2,74,1,3,1.0,596000.0,15.0
2025,12,3,1,1,29,3,1,5.0,2321000.0,45.0
2025,12,1,1,1,45,1,3,5.0,1207000.0,1.0
2025,12,3,1,1,43,3,1,5.0,1856000.0,52.0
2025,12,1,1,1,41,1,2,9.0,3508000.0,35.0
2025,12,2,1,2,29,3,1,8.0,685000.0,56.0
2025,12,3,1,1,31,3,1,4.0,2507000.0,35.0
2025,12,4,1,1,35,3,1,3.0,1872000.0,10.0
2025,12,2,1,2,40,2,3,10.0,1971000.0,65.0
2025,12,3,1,1,35,3,1,5.0,2140000.0,55.0
2025,12,1,1,2,40,1,2,4.0,1358000.0,88.0
2025,12,1,1,2,51,1,2,8.0,1383000.0,47.0
2025,12,1,1,1,32,1,2,5.0,3910000.0,49.0
2025,12,1,1,2,27,1,2,5.0,1067000.0,47.0
2025,12,1,1,2,41,1,3,3.0,1301000.0,47.0
2025,12,2,1,1,58,2,3,3.0,2878000.0,1.0
2025,12,3,1,1,68,6,3,10.0,1847000.0,45.0
2025,12,2,1,1,26,3,1,8.0,2006000.0,81.0
2025,12,1,1,1,47,1,3,3.0,1415000.0,45.0
2025,12,2,1,1,47,2,2,4.0,270000.0,56.0
2025,12,1,1,1,51,1,2,4.0,755000.0,45.0
2025,12,1,1,2,62,1,3,3.0,491000.0,15.0
2025,12,1,1,2,54,1,3,6.0,1506000.0,13.0
2025,12,3,1,2,53,3,1,5.0,523000.0,56.0
2025,12,1,1,1,74,1,3,3.0,1164000.0,41.0
2025,12,4,1,1,37,8,1,9.0,1989000.0,86.0
2025,12,2,1,1,47,3,1,5.0,1618000.0,49.0
2025,12,1,1,1,44,1,2,12.0,18618000.0,35.0
2025,12,1,1,1,33,1,2,12.0,5815000.0,85.0
2025,12,1,1,1,42,1,2,8.0,2763000.0,23.0
2025,12,1,1,1,41,1,2,10.0,6668000.0,75.0
2025,12,1,1,1,56,1,3,4.0,1598000.0,47.0
2025,12,2,1,1,47,2,3,5.0,2052000.0,47.0
2025,12,2,1,1,45,3,1,10.0,5877000.0,84.0
2025,12,2,1,1,34,2,2,12.0,3795000.0,85.0
2025,12,3,1,2,30,3,2,5.0,1735000.0,86.0
2025,12,1,1,1,28,1,2,11.0,3718000.0,85.0
2025,12,1,1,2,52,1,3,4.0,536000.0,47.0
2025,12,3,1,1,30,3,1,10.0,3381000.0,85.0
2025,12,1,3,2,27,1,2,5.0,1494000.0,81.0
2025,12,1,1,2,27,1,2,11.0,3290000.0,84.0
2025,12,2,1,2,56,2,2,5.0,1470000.0,27.0
2025,12,1,1,2,66,1,3,5.0,548000.0,47.0
2025,12,1,1,2,43,1,2,5.0,1244000.0,84.0
2025,12,3,1,2,24,3,1,10.0,1889000.0,84.0
2025,12,1,1,2,48,1,2,3.0,1419000.0,10.0
2025,12,6,1,1,26,9,2,5.0,1804000.0,45.0
2025,12,2,1,1,24,3,1,5.0,1230000.0,45.0
2025,12,5,1,2,18,3,1,5.0,1272000.0,14.0
2025,12,1,1,1,60,1,3,4.0,3987000.0,42.0
2025,12,1,1,1,46,1,2,5.0,1531000.0,52.0
2025,12,2,1,1,60,6,3,3.0,1542000.0,45.0
2025,12,1,1,2,51,1,2,5.0,1276000.0,56.0
2025,12,1,1,2,60,1,2,3.0,509000.0,81.0
2025,12,1,1,1,74,1,2,10.0,3893000.0,69.0
2025,12,1,1,2,46,1,2,5.0,385000.0,97.0
2025,12,1,1,2,29,1,3,5.0,1144000.0,97.0
2025,12,1,1,1,44,1,3,4.0,4275000.0,56.0
2025,12,1,1,2,62,1,2,8.0,1116000.0,86.0
2025,12,2,1,2,49,3,1,5.0,719000.0,81.0
2025,12,2,1,1,43,2,2,4.0,2758000.0,47.0
2025,12,2,1,2,44,2,2,9.0,3220000.0,37.0
2025,12,1,1,2,38,1,3,1.0,1339000.0,81.0
2025,12,2,1,1,39,3,1,3.0,2164000.0,45.0
2025,12,3,1,2,45,4,3,3.0,1564000.0,97.0
2025,12,3,1,1,28,7,2,5.0,2052000.0,45.0
2025,12,1,1,1,34,1,2,11.0,1906000.0,64.0
2025,12,1,1,1,61,1,3,1.0,974000.0,1.0
2025,12,2,1,2,32,2,2,10.0,2860000.0,1.0
2025,12,1,1,1,46,1,3,3.0,824000.0,55.0
2025,12,1,1,2,44,1,2,10.0,2505000.0,85.0
2025,12,2,1,1,31,2,1,5.0,4092000.0,84.0
2025,12,2,1,1,36,2,2,3.0,1467000.0,96.0
2025,12,2,1,1,59,2,3,4.0,425000.0,92.0
2025,12,1,1,1,65,1,2,5.0,2155000.0,1.0
2025,12,2,1,1,39,3,1,9.0,613000.0,56.0
2025,12,1,1,1,47,1,3,5.0,4550000.0,45.0
2025,12,1,1,1,55,1,2,4.0,1426000.0,41.0
2025,12,2,1,2,40,2,2,11.0,6107000.0,35.0
2025,12,1,1,2,36,1,2,5.0,765000.0,97.0
2025,12,5,1,2,38,6,3,11.0,1302000.0,47.0
2025,12,3,1,2,24,3,1,5.0,1380000.0,10.0
2025,12,2,1,2,59,2,3,4.0,699000.0,96.0
2025,12,1,1,1,48,1,2,10.0,17579000.0,80.0
2025,12,1,1,2,44,1,2,5.0,762000.0,56.0
2025,12,2,1,2,54,2,2,11.0,8906000.0,84.0
2025,12,1,1,2,31,1,2,5.0,1805000.0,47.0
2025,12,1,1,2,35,1,2,5.0,2020000.0,1.0
2025,12,1,1,2,41,1,3,8.0,663000.0,81.0
2025,12,2,1,2,43,2,2,9.0,1560000.0,78.0
2025,12,2,1,1,44,2,2,8.0,944000.0,49.0
2025,12,3,1,1,22,8,1,4.0,2147000.0,46.0
2025,12,1,1,1,40,1,2,8.0,2401000.0,41.0
2025,12,2,1,1,32,2,2,5.0,2056000.0,41.0
2025,12,1,1,2,61,1,2,3.0,944000.0,96.0
2025,12,1,1,2,48,1,2,3.0,100000.0,55.0
2025,12,1,1,1,42,1,2,5.0,2386000.0,47.0
2025,12,1,1,1,32,1,2,5.0,1320000.0,3.0
2025,12,4,1,1,36,3,1,5.0,1828000.0,46.0
2025,12,3,1,2,48,13,2,10.0,1501000.0,56.0
2025,12,2,1,1,61,2,2,10.0,3777000.0,71.0
2025,12,1,1,2,29,1,2,9.0,2400000.0,85.0
2025,12,2,1,1,59,2,3,5.0,1859000.0,47.0
2025,12,4,1,2,35,3,1,10.0,3629000.0,69.0
2025,12,2,1,1,20,13,2,5.0,2123000.0,53.0
2025,12,1,1,1,32,1,2,8.0,5334000.0,84.0
2025,12,3,1,1,18,3,2,5.0,1538000.0,47.0
2025,12,3,1,2,33,3,1,10.0,4016000.0,84.0
2025,12,1,1,2,33,1,2,8.0,2775000.0,56.0
2025,12,1,1,2,52,1,2,11.0,2618000.0,84.0
2025,12,1,1,1,51,1,3,8.0,1616000.0,85.0
2025,12,1,1,1,43,1,1,5.0,3737000.0,47.0
2025,12,3,1,1,28,9,1,10.0,1673000.0,55.0
2025,12,1,1,2,47,1,2,8.0,1503000.0,86.0
2025,12,1,1,2,47,1,2,4.0,1435000.0,97.0
2025,12,1,1,1,39,1,2,5.0,878000.0,49.0
2025,12,1,1,2,30,1,2,10.0,612000.0,92.0
2025,12,2,1,2,50,2,2,6.0,1215000.0,56.0
2025,12,1,1,2,32,1,2,5.0,576000.0,81.0
2025,12,1,1,2,52,1,1,8.0,2066000.0,47.0
2025,12,2,1,2,66,2,3,3.0,857000.0,47.0
2025,12,1,1,2,57,1,3,5.0,100000.0,47.0
2025,12,2,1,1,50,2,2,4.0,1705000.0,49.0
2025,12,3,1,1,40,3,1,5.0,2437000.0,56.0
2025,12,2,1,2,25,2,2,10.0,4741000.0,51.0
2025,12,1,1,2,35,1,1,5.0,1362000.0,14.0
2025,12,2,1,2,45,2,2,11.0,13707000.0,69.0
2025,12,1,1,2,30,1,2,8.0,1988000.0,45.0
2025,12,1,1,1,30,1,2,5.0,1895000.0,46.0
2025,12,1,1,2,39,1,2,10.0,1498000.0,64.0
2025,12,1,1,1,23,1,2,5.0,1253000.0,1.0
2025,12,1,1,2,56,1,3,4.0,1573000.0,81.0
2025,12,1,1,2,46,1,3,5.0,0.0,81.0
2025,12,1,1,2,63,1,2,5.0,1301000.0,84.0
2025,12,1,1,1,57,1,3,3.0,1785000.0,41.0
2025,12,1,1,2,58,1,2,3.0,212000.0,38.0
2025,12,2,1,2,40,3,1,10.0,1952000.0,85.0
2025,12,2,1,2,31,3,1,10.0,3301000.0,84.0
2025,12,3,1,1,26,3,1,6.0,2024000.0,49.0
2025,12,1,1,2,47,1,3,6.0,2784000.0,47.0
2025,12,1,1,2,80,1,3,3.0,224000.0,47.0
2025,12,2,1,1,26,2,2,4.0,1905000.0,1.0
2025,12,1,1,2,63,1,3,4.0,968000.0,47.0
2025,12,1,1,1,59,1,2,10.0,2743000.0,1.0
2025,12,1,1,1,28,1,2,5.0,1298000.0,41.0
2025,12,3,1,1,30,3,1,4.0,1806000.0,93.0
2025,12,1,1,2,66,1,3,4.0,960000.0,47.0
2025,12,1,1,1,38,1,2,3.0,2105000.0,1.0
2025,12,2,1,2,27,2,3,5.0,1868000.0,74.0
2025,12,1,1,2,54,1,2,5.0,1704000.0,56.0
2025,12,1,1,2,63,1,3,3.0,627000.0,56.0
2025,12,5,1,2,66,4,3,3.0,354000.0,56.0
2025,12,1,1,1,39,1,2,10.0,1530000.0,53.0
2025,12,1,1,2,50,1,2,5.0,1284000.0,86.0
2025,12,3,1,2,47,3,1,10.0,551000.0,47.0
2025,12,1,1,1,41,1,2,4.0,4734000.0,41.0
2025,12,1,1,2,27,1,2,8.0,1208000.0,79.0
2025,12,1,1,1,36,1,2,10.0,2225000.0,82.0
2025,12,2,1,2,47,3,1,10.0,1585000.0,84.0
2025,12,1,1,1,50,1,3,5.0,2291000.0,80.0
2025,12,1,1,1,45,1,2,4.0,801000.0,41.0
2025,12,2,1,1,26,2,2,5.0,1110000.0,49.0
2025,12,2,1,2,48,2,3,3.0,783000.0,81.0
2025,12,2,1,2,52,2,3,5.0,1386000.0,85.0
2025,12,1,1,1,32,1,2,3.0,1867000.0,41.0
2025,12,1,1,1,27,1,2,5.0,979000.0,49.0
2025,12,1,1,2,32,1,2,5.0,434000.0,56.0
2025,12,2,1,2,23,2,2,5.0,1244000.0,96.0
2025,12,2,1,1,24,8,2,10.0,1892000.0,47.0
2025,12,1,1,2,35,1,2,5.0,1277000.0,55.0
2025,12,1,1,2,53,1,2,4.0,633000.0,22.0
2025,12,1,1,1,61,1,1,5.0,2215000.0,1.0
2025,12,2,1,1,31,2,2,3.0,1083000.0,16.0
2025,12,3,1,2,46,13,3,3.0,452000.0,1.0
2025,12,1,1,2,72,1,3,5.0,517000.0,47.0
2025,12,4,1,1,25,3,1,5.0,2926000.0,47.0
2025,12,1,1,2,26,1,1,6.0,1510000.0,10.0
2025,12,1,1,2,45,1,2,10.0,2746000.0,86.0
2025,12,1,1,1,45,1,2,4.0,1387000.0,47.0
2025,12,1,1,1,64,1,3,3.0,1980000.0,10.0
2025,12,1,1,2,39,1,2,5.0,1345000.0,47.0
2025,12,1,1,1,40,1,2,11.0,6110000.0,72.0
2025,12,2,1,1,52,2,3,3.0,712000.0,42.0
2025,12,2,1,1,26,3,1,4.0,1622000.0,49.0
2025,12,1,1,1,25,1,2,8.0,640000.0,47.0
2025,12,3,1,2,62,3,1,6.0,1359000.0,85.0
2025,12,3,1,2,66,3,1,11.0,5974000.0,85.0
2025,12,4,1,1,26,3,1,8.0,2859000.0,86.0
2025,12,3,1,1,20,3,1,6.0,2140000.0,68.0
2025,12,1,1,2,59,1,3,3.0,1744000.0,47.0
2025,12,3,1,2,27,3,1,10.0,1299000.0,1.0
2025,12,1,1,1,21,1,2,5.0,1458000.0,45.0
2025,12,1,1,2,63,1,3,8.0,2279000.0,47.0
2025,12,2,1,1,38,2,2,10.0,6830000.0,85.0
2025,12,1,1,2,29,1,2,5.0,0.0,47.0
2025,12,1,1,2,44,1,2,8.0,1380000.0,66.0
2025,12,1,1,2,43,1,2,3.0,632000.0,81.0
2025,12,1,1,1,41,1,2,5.0,2083000.0,49.0
2025,12,1,1,2,49,1,3,3.0,1250000.0,60.0
2025,12,2,1,2,43,7,3,10.0,1327000.0,47.0
2025,12,1,1,1,62,1,2,3.0,2217000.0,1.0
2025,12,3,1,2,41,3,1,10.0,2804000.0,85.0
2025,12,3,1,2,25,6,2,8.0,1670000.0,43.0
2025,12,3,1,2,31,3,1,8.0,1573000.0,55.0
2025,12,3,1,2,55,4,3,5.0,1160000.0,47.0
2025,12,2,1,2,72,2,3,1.0,100000.0,38.0
2025,12,2,1,1,37,2,2,5.0,2107000.0,33.0
2025,12,3,1,1,36,7,2,5.0,1789000.0,47.0
2025,12,1,1,2,48,1,3,5.0,1079000.0,84.0
2025,12,1,1,2,63,1,2,4.0,671000.0,81.0
2025,12,3,1,2,32,3,1,9.0,1218000.0,82.0
2025,12,1,1,2,37,1,2,10.0,8247000.0,47.0
2025,12,2,1,1,35,2,2,10.0,4627000.0,90.0
2025,12,2,1,1,49,2,3,5.0,2275000.0,17.0
2025,12,2,1,1,51,3,1,4.0,610000.0,42.0
2025,12,1,1,2,46,1,2,5.0,1180000.0,97.0
2025,12,1,1,2,36,1,3,5.0,433000.0,81.0
2025,12,1,1,1,42,1,3,5.0,2096000.0,68.0
2025,12,1,1,2,54,1,1,3.0,787000.0,47.0
2025,12,1,1,2,71,1,3,4.0,129000.0,10.0
2025,12,2,1,2,34,2,3,9.0,1745000.0,25.0
2025,12,2,1,2,22,2,2,8.0,1010000.0,10.0
2025,12,1,1,1,71,1,3,9.0,14611000.0,25.0
2025,12,1,1,1,33,1,2,8.0,2286000.0,13.0
2025,12,3,1,2,21,3,1,10.0,1796000.0,62.0
2025,12,1,1,2,48,1,1,3.0,719000.0,14.0
2025,12,1,1,2,26,1,2,4.0,953000.0,1.0
2025,12,2,1,2,28,2,2,6.0,1278000.0,47.0
2025,12,1,1,1,53,1,2,8.0,820000.0,45.0
2025,12,3,1,2,28,3,1,8.0,1840000.0,77.0
2025,12,1,1,2,40,1,2,9.0,1871000.0,96.0
2025,12,2,1,1,18,8,3,4.0,685000.0,47.0
2025,12,3,1,1,25,3,1,10.0,5212000.0,84.0
2025,12,1,1,1,65,1,3,3.0,857000.0,8.0
2025,12,2,1,2,35,2,2,10.0,1410000.0,85.0
2025,12,1,1,1,22,1,2,5.0,2511000.0,45.0
2025,12,1,1,2,22,1,2,5.0,1265000.0,56.0
2025,12,5,1,2,36,3,1,5.0,512000.0,96.0
2025,12,1,1,2,35,1,2,8.0,2223000.0,86.0
2025,12,1,1,1,57,1,3,5.0,3684000.0,85.0
2025,12,3,1,1,33,3,1,10.0,1900000.0,45.0
2025,12,2,1,2,40,2,2,10.0,999000.0,47.0
2025,12,1,1,2,69,1,3,4.0,605000.0,97.0
2025,12,1,1,2,40,1,2,7.0,0.0,85.0
2025,12,2,2,2,28,2,2,10.0,2561000.0,86.0
2025,12,1,1,1,44,1,2,11.0,2414000.0,62.0
2025,12,1,1,1,40,1,3,1.0,691000.0,1.0
2025,12,2,1,2,37,2,2,5.0,790000.0,97.0
2025,12,1,1,1,41,1,2,1.0,1152000.0,41.0
2025,12,1,1,1,22,1,2,9.0,1263000.0,56.0
2025,12,1,1,1,23,1,2,5.0,972000.0,55.0
2025,12,1,1,1,46,1,2,3.0,1662000.0,49.0
2025,12,1,1,1,83,1,3,5.0,2698000.0,1.0
2025,12,2,1,2,22,3,1,10.0,1491000.0,47.0
2025,12,1,1,2,20,1,2,6.0,1262000.0,47.0
2025,12,2,1,1,39,3,1,10.0,1207000.0,47.0
2025,12,1,1,2,37,1,2,11.0,3420000.0,86.0
2025,12,1,1,2,58,1,2,5.0,1696000.0,47.0
2025,12,1,1,1,44,1,2,5.0,3429000.0,68.0
2025,12,1,1,1,36,1,1,5.0,4176000.0,47.0
2025,12,2,1,2,55,2,3,3.0,137000.0,97.0
2025,12,4,1,2,45,9,3,5.0,1258000.0,97.0
2025,12,1,1,2,33,1,2,10.0,2722000.0,84.0
2025,12,2,1,2,42,2,2,8.0,1261000.0,87.0
2025,12,4,1,2,40,3,1,5.0,851000.0,56.0
2025,12,1,1,2,25,1,3,3.0,1397000.0,97.0
2025,12,4,1,1,19,3,1,10.0,3771000.0,82.0
2025,12,1,1,1,52,1,2,5.0,2065000.0,81.0
2025,12,2,1,2,23,2,2,5.0,612000.0,1.0
2025,12,1,1,1,42,1,3,9.0,1013000.0,90.0
2025,12,2,1,1,35,2,2,4.0,2121000.0,47.0
2025,12,1,1,1,56,1,3,3.0,2194000.0,45.0
2025,12,2,1,2,33,2,2,5.0,697000.0,47.0
2025,12,2,1,2,49,2,2,12.0,1313000.0,70.0
2025,12,3,1,2,24,7,2,9.0,1144000.0,47.0
2025,12,2,1,2,40,3,1,5.0,100000.0,47.0
2025,12,1,1,1,77,1,3,1.0,936000.0,1.0
2025,12,2,1,1,34,3,1,5.0,645000.0,45.0
2025,12,1,1,1,37,1,2,5.0,2008000.0,25.0
2025,12,1,1,1,32,1,2,4.0,1602000.0,31.0
2025,12,1,1,2,39,1,1,5.0,363000.0,81.0
2025,12,1,1,1,52,1,2,9.0,3544000.0,45.0
2025,12,1,1,2,57,1,2,5.0,100000.0,14.0
2025,12,2,1,2,32,2,2,5.0,572000.0,38.0
2025,12,1,1,1,52,1,3,4.0,1847000.0,49.0
2025,12,1,1,1,48,1,2,5.0,1679000.0,49.0
2025,12,2,1,2,37,2,2,5.0,941000.0,47.0
2025,12,1,1,1,55,1,3,5.0,793000.0,31.0
2025,12,2,1,1,48,2,2,5.0,2176000.0,53.0
2025,12,1,1,1,37,1,2,10.0,3879000.0,65.0
2025,12,2,1,2,31,2,2,5.0,557000.0,56.0
2025,12,1,1,1,47,1,2,11.0,12146000.0,86.0
2025,12,1,1,2,62,1,3,5.0,191000.0,96.0
2025,12,1,1,1,56,1,2,3.0,2467000.0,49.0
2025,12,1,1,2,36,1,2,5.0,1806000.0,56.0
2025,12,1,1,2,52,1,1,9.0,2767000.0,58.0
2025,12,2,1,2,41,6,2,5.0,1492000.0,47.0
2025,12,1,1,2,45,1,2,4.0,767000.0,81.0
2025,12,4,1,1,26,7,2,6.0,3465000.0,84.0
2025,12,2,1,1,60,2,2,5.0,1985000.0,43.0
2025,12,2,1,2,29,2,2,9.0,1440000.0,41.0
2025,12,2,1,2,29,2,2,10.0,3601000.0,85.0
2025,12,3,1,2,32,3,1,10.0,3980000.0,42.0
2025,12,1,1,1,60,1,2,11.0,13381000.0,94.0
2025,12,2,1,1,31,3,3,5.0,845000.0,49.0
2025,12,2,1,2,56,2,3,8.0,4782000.0,84.0
2025,12,1,2,2,26,1,2,5.0,534000.0,47.0
2025,12,1,1,2,37,1,2,5.0,1663000.0,97.0
2025,12,1,1,1,42,1,2,5.0,3939000.0,47.0
2025,12,3,1,2,18,3,1,10.0,2090000.0,96.0
2025,12,1,1,1,51,1,2,3.0,1013000.0,41.0
2025,12,1,1,1,53,1,3,4.0,1605000.0,95.0
2025,12,3,1,1,20,3,1,5.0,1078000.0,47.0
2025,12,1,1,2,42,1,2,3.0,613000.0,7.0
2025,12,1,1,1,61,1,2,3.0,3929000.0,47.0
2025,12,2,1,2,28,2,2,10.0,2282000.0,82.0
2025,12,1,1,1,26,1,2,10.0,620000.0,47.0
2025,12,1,1,1,54,1,3,4.0,1331000.0,49.0
2025,12,2,1,2,35,2,2,8.0,1965000.0,47.0
2025,12,2,1,1,53,2,2,3.0,1630000.0,41.0
2025,12,2,1,1,42,2,2,5.0,1767000.0,46.0
2025,12,1,1,1,34,1,1,8.0,3424000.0,84.0
2025,12,3,1,1,22,3,1,10.0,2542000.0,84.0
2025,12,1,1,1,60,1,3,5.0,1858000.0,49.0
2025,12,1,1,1,37,1,2,11.0,2017000.0,10.0
2025,12,6,1,2,23,9,2,9.0,1353000.0,52.0
2025,12,1,1,1,30,1,3,5.0,2098000.0,47.0
2025,12,1,1,2,19,1,1,9.0,1003000.0,52.0
2025,12,1,1,2,31,1,2,5.0,1373000.0,92.0
2025,12,1,1,2,58,1,1,8.0,1499000.0,85.0
2025,12,3,1,2,24,3,1,10.0,1377000.0,46.0
2025,12,2,1,1,30,2,2,4.0,1862000.0,47.0
2025,12,1,1,2,47,1,2,5.0,1805000.0,14.0
2025,12,1,1,1,65,1,3,4.0,3333000.0,22.0
2025,12,1,1,2,28,1,2,7.0,1850000.0,47.0
2025,12,3,1,1,45,3,1,8.0,2449000.0,55.0
2025,12,2,1,2,31,3,1,6.0,0.0,84.0
2025,12,1,1,1,57,1,3,4.0,1518000.0,45.0
2025,12,1,1,2,56,1,2,3.0,1823000.0,47.0
2025,12,2,1,2,33,2,2,4.0,881000.0,81.0
2025,12,2,1,2,26,2,2,8.0,403000.0,81.0
2025,12,2,1,1,23,3,2,5.0,1899000.0,85.0
2025,12,1,1,1,37,1,2,4.0,4516000.0,31.0
2025,12,2,1,2,55,2,3,3.0,1330000.0,47.0
2025,12,3,1,1,37,3,1,5.0,1671000.0,47.0
2025,12,3,1,1,18,3,1,5.0,1723000.0,31.0
2025,12,3,1,1,24,3,1,4.0,1783000.0,46.0
2025,12,2,1,1,35,2,2,4.0,133000.0,46.0
2025,12,1,1,2,54,1,1,8.0,2206000.0,86.0
2025,12,4,1,1,22,3,1,3.0,1094000.0,64.0
2025,12,1,1,2,43,1,2,3.0,622000.0,81.0
2025,12,1,1,1,47,1,2,5.0,6105000.0,84.0
2025,12,1,1,2,38,1,2,3.0,1028000.0,47.0
2025,12,1,2,1,56,1,3,5.0,2176000.0,41.0
2025,12,5,1,1,61,4,3,4.0,865000.0,1.0
2025,12,1,1,1,32,1,2,9.0,2130000.0,68.0
2025,12,1,1,2,28,1,2,10.0,5274000.0,72.0
2025,12,2,1,1,29,3,1,5.0,1772000.0,47.0
2025,12,1,1,2,34,1,2,11.0,2805000.0,84.0
2025,12,1,1,2,54,1,2,4.0,794000.0,47.0
2025,12,1,1,2,46,1,2,5.0,1409000.0,86.0
2025,12,1,1,2,49,1,3,10.0,1284000.0,69.0
2025,12,1,1,2,29,1,3,5.0,1283000.0,45.0
2025,12,2,1,1,21,3,1,5.0,1888000.0,47.0
2025,12,1,1,1,62,1,2,3.0,658000.0,47.0
2025,12,1,1,2,59,1,2,3.0,623000.0,81.0
2025,12,1,1,2,59,1,2,8.0,1153000.0,86.0
2025,12,2,1,2,30,2,2,10.0,1473000.0,25.0
2025,12,2,1,2,54,3,1,5.0,721000.0,86.0
2025,12,2,1,1,66,2,3,3.0,2915000.0,84.0
2025,12,2,1,2,66,2,3,11.0,4506000.0,85.0
2025,12,2,1,2,33,2,2,5.0,536000.0,96.0
2025,12,2,1,1,39,2,3,8.0,3870000.0,10.0
2025,12,1,1,2,21,1,2,10.0,1228000.0,49.0
2025,12,1,1,1,35,1,2,8.0,2236000.0,43.0
2025,12,1,1,2,41,1,3,5.0,1437000.0,14.0
2025,12,3,1,1,26,3,1,10.0,2791000.0,82.0
2025,12,2,1,2,42,2,2,4.0,682000.0,97.0
2025,12,1,1,1,23,1,2,5.0,934000.0,74.0
2025,12,4,1,1,20,9,1,5.0,1775000.0,31.0
2025,12,1,1,2,51,1,2,3.0,1006000.0,97.0
2025,12,1,1,1,40,1,2,9.0,1688000.0,61.0
2025,12,1,1,1,44,1,2,4.0,2710000.0,73.0
2025,12,1,1,1,60,1,3,3.0,614000.0,1.0
2025,12,7,1,1,66,13,3,4.0,100000.0,81.0
2025,12,2,1,1,43,2,2,5.0,3871000.0,84.0
2025,12,2,1,1,48,2,2,1.0,1955000.0,1.0
2025,12,1,1,1,40,1,2,10.0,5597000.0,75.0
2025,12,1,1,2,35,1,2,8.0,674000.0,85.0
2025,12,2,1,2,30,2,2,10.0,511000.0,41.0
2025,12,1,1,1,48,1,2,5.0,2359000.0,80.0
2025,12,4,1,2,19,3,1,10.0,802000.0,81.0
2025,12,1,1,2,29,1,2,10.0,3808000.0,62.0
2025,12,1,1,2,39,1,2,10.0,7535000.0,14.0
2025,12,1,1,1,35,1,2,11.0,2563000.0,23.0
2025,12,1,1,2,55,1,3,4.0,795000.0,97.0
2025,12,2,1,2,41,2,2,3.0,356000.0,47.0
2025,12,1,1,2,42,1,3,5.0,1080000.0,56.0
2025,12,2,1,2,45,2,3,5.0,783000.0,97.0
2025,12,3,1,1,33,9,2,8.0,2665000.0,49.0
2025,12,2,1,1,47,2,2,9.0,3644000.0,73.0
2025,12,2,1,1,65,2,3,4.0,5049000.0,46.0
2025,12,1,1,2,36,1,3,4.0,1514000.0,97.0
2025,12,1,1,1,43,1,2,5.0,1614000.0,46.0
2025,12,3,1,1,46,3,1,6.0,2849000.0,85.0
2025,12,1,1,2,21,1,3,10.0,696000.0,56.0
2025,12,1,1,1,44,1,2,4.0,946000.0,41.0
2025,12,1,3,2,54,1,3,3.0,571000.0,47.0
2025,12,1,1,2,58,1,3,4.0,1287000.0,47.0
2025,12,1,1,2,34,1,3,11.0,0.0,84.0
2025,12,1,1,1,42,1,3,9.0,1680000.0,56.0
2025,12,1,1,2,32,1,2,5.0,1574000.0,86.0
2025,12,1,1,2,51,1,3,5.0,1638000.0,22.0
2025,12,1,1,1,30,1,2,5.0,1890000.0,41.0
2025,12,2,1,2,30,2,2,5.0,1547000.0,10.0
2025,12,2,1,2,35,2,1,5.0,1868000.0,47.0
2025,12,1,1,1,23,1,2,5.0,2389000.0,56.0
2025,12,2,1,2,37,2,2,5.0,1513000.0,56.0
2025,12,2,1,1,27,3,1,4.0,1814000.0,56.0
2025,12,1,1,1,43,1,3,8.0,1579000.0,3.0
2025,12,2,1,1,52,2,2,3.0,2359000.0,47.0
2025,12,1,1,1,36,1,2,3.0,2430000.0,47.0
2025,12,2,1,2,35,2,3,4.0,742000.0,47.0
2025,12,1,1,2,42,1,2,9.0,2469000.0,52.0
2025,12,1,1,1,43,1,2,5.0,1287000.0,45.0
2025,12,2,1,2,20,2,2,3.0,639000.0,47.0
2025,12,1,1,2,36,1,2,5.0,1140000.0,47.0
2025,12,1,1,1,62,1,3,3.0,1674000.0,82.0
2025,12,2,1,2,46,2,2,4.0,487000.0,81.0
2025,12,2,1,2,31,2,2,10.0,3005000.0,86.0
2025,12,2,1,2,28,2,2,10.0,3795000.0,86.0
2025,12,1,1,2,25,1,2,10.0,1866000.0,86.0
2025,12,1,1,1,39,1,3,5.0,4254000.0,84.0
2025,12,1,1,2,52,1,2,5.0,1465000.0,88.0
2025,12,2,1,1,47,2,2,1.0,935000.0,41.0
2025,12,1,1,1,37,1,2,4.0,1288000.0,1.0
2025,12,1,1,2,46,1,3,10.0,1047000.0,56.0
2025,12,3,1,1,57,3,1,4.0,383000.0,53.0
2025,12,1,1,1,45,1,2,3.0,1716000.0,46.0
2025,12,1,1,1,32,1,2,8.0,2276000.0,49.0
2025,12,1,1,1,25,1,2,3.0,1664000.0,1.0
2025,12,3,1,1,24,3,1,6.0,1945000.0,45.0
2025,12,1,1,1,39,1,2,5.0,1912000.0,85.0
2025,12,1,1,2,42,1,2,11.0,6367000.0,86.0
2025,12,2,1,2,31,3,1,6.0,1071000.0,56.0
2025,12,2,1,2,28,2,2,8.0,1315000.0,47.0
2025,12,1,1,2,47,1,2,11.0,1364000.0,41.0
2025,12,1,1,1,48,1,3,5.0,1464000.0,80.0
2025,12,2,1,1,43,3,1,5.0,2103000.0,16.0
2025,12,2,1,1,26,8,2,5.0,0.0,47.0
2025,12,1,1,2,31,1,2,10.0,2168000.0,47.0
2025,12,2,1,2,46,2,3,5.0,1811000.0,56.0
2025,12,1,1,2,57,1,3,5.0,1705000.0,14.0
2025,12,1,1,1,61,1,3,4.0,714000.0,41.0
2025,12,2,1,2,59,2,1,10.0,1962000.0,85.0
2025,12,2,1,1,22,3,1,3.0,1025000.0,41.0
2025,12,2,1,1,21,3,1,8.0,3060000.0,86.0
2025,12,1,1,2,39,1,2,5.0,301000.0,1.0
2025,12,1,1,1,23,1,2,4.0,1834000.0,45.0
2025,12,1,1,1,37,1,2,12.0,4147000.0,85.0
2025,12,1,1,2,62,1,3,10.0,212000.0,56.0
2025,12,2,1,2,22,3,1,10.0,2461000.0,18.0
2025,12,1,1,1,60,1,3,3.0,636000.0,1.0
2025,12,4,1,2,37,6,2,12.0,1867000.0,85.0
2025,12,1,1,2,53,1,3,1.0,725000.0,81.0
2025,12,1,1,1,29,1,2,10.0,1804000.0,52.0
2025,12,4,1,2,20,8,1,10.0,377000.0,56.0
2025,12,2,1,2,37,2,2,10.0,3580000.0,73.0
2025,12,1,1,2,54,1,2,10.0,3833000.0,65.0
2025,12,4,1,2,66,9,2,5.0,576000.0,95.0
2025,12,2,1,2,29,2,2,10.0,4574000.0,84.0
2025,12,1,1,1,27,1,2,4.0,2106000.0,43.0
2025,12,1,1,1,64,1,3,4.0,1084000.0,49.0
2025,12,1,1,2,24,1,2,10.0,0.0,86.0
2025,12,2,1,2,31,13,2,9.0,3228000.0,46.0
2025,12,1,1,2,33,1,2,3.0,252000.0,56.0
2025,12,2,1,2,21,6,2,6.0,762000.0,47.0
2025,12,1,1,1,57,1,3,5.0,4605000.0,84.0
2025,12,1,1,2,63,1,2,4.0,265000.0,81.0
2025,12,1,1,2,46,1,1,10.0,3161000.0,86.0
2025,12,3,1,2,30,9,1,10.0,0.0,42.0
2025,12,1,1,1,62,1,3,5.0,1945000.0,47.0
2025,12,1,1,2,46,1,3,5.0,1210000.0,90.0
2025,12,2,1,1,44,2,2,5.0,1810000.0,1.0
2025,12,1,1,2,52,1,3,10.0,3154000.0,80.0
2025,12,2,1,1,41,2,3,1.0,100000.0,3.0
2025,12,1,1,1,55,1,3,4.0,846000.0,1.0
2025,12,1,1,2,33,1,2,8.0,2325000.0,86.0
2025,12,2,1,2,41,3,1,11.0,2942000.0,84.0
2025,12,1,1,2,61,1,3,3.0,1440000.0,97.0
2025,12,2,1,2,49,2,3,8.0,1503000.0,85.0
2025,12,2,1,2,48,2,1,9.0,1575000.0,64.0
2025,12,1,1,2,41,1,2,5.0,166000.0,47.0
2025,12,3,1,1,47,7,2,3.0,2177000.0,49.0
2025,12,1,1,2,40,1,2,10.0,1190000.0,84.0
2025,12,2,1,2,20,3,1,8.0,1280000.0,86.0
2025,12,1,1,2,19,1,2,8.0,1530000.0,86.0
2025,12,2,1,2,42,2,2,10.0,1310000.0,47.0
2025,12,1,1,1,69,1,3,3.0,1641000.0,45.0
2025,12,2,1,2,28,3,1,8.0,250000.0,47.0
2025,12,1,1,1,40,1,2,3.0,1511000.0,1.0
2025,12,1,1,1,51,1,3,5.0,3678000.0,84.0
2025,12,1,1,1,72,1,3,4.0,1029000.0,47.0
2025,12,1,1,1,62,1,3,3.0,1846000.0,49.0
2025,12,1,1,2,50,1,2,11.0,4775000.0,85.0
2025,12,3,1,1,41,3,1,10.0,5763000.0,85.0
2025,12,1,1,1,36,1,2,11.0,6678000.0,73.0
2025,12,2,1,1,56,2,2,3.0,1791000.0,53.0
2025,12,1,1,1,44,1,2,11.0,1762000.0,47.0
2025,12,1,1,1,30,1,3,3.0,1129000.0,1.0
2025,12,3,1,2,22,3,1,12.0,2791000.0,85.0
2025,12,2,1,2,38,3,1,5.0,726000.0,81.0
2025,12,2,1,1,27,8,2,10.0,3001000.0,43.0
2025,12,1,1,1,42,1,3,5.0,5396000.0,96.0
2025,12,1,1,2,33,1,2,10.0,983000.0,85.0
2025,12,1,1,2,63,1,2,5.0,470000.0,81.0
2025,12,3,1,2,29,3,2,10.0,1422000.0,46.0
2025,12,1,1,2,49,1,2,10.0,2245000.0,32.0
2025,12,1,1,1,43,1,2,1.0,383000.0,47.0
2025,12,3,1,2,48,3,1,5.0,1440000.0,47.0
2025,12,2,1,2,82,4,3,3.0,667000.0,47.0
2025,12,1,1,1,48,1,2,3.0,1257000.0,41.0
2025,12,1,1,2,60,1,1,4.0,2158000.0,56.0
2025,12,1,1,1,52,1,2,5.0,2473000.0,41.0
2025,12,2,1,1,31,2,2,5.0,3839000.0,84.0
2025,12,2,1,1,26,3,1,8.0,2355000.0,82.0
2025,12,1,1,1,56,1,3,1.0,2249000.0,1.0
2025,12,1,1,2,31,1,2,6.0,596000.0,56.0
2025,12,3,1,1,45,3,1,3.0,2976000.0,38.0
2025,12,1,1,2,34,1,2,10.0,3591000.0,62.0
2025,12,1,1,1,64,1,2,3.0,1987000.0,1.0
2025,12,5,1,1,46,9,2,8.0,2652000.0,35.0
2025,12,1,1,1,36,1,2,10.0,3688000.0,81.0
2025,12,1,1,2,31,1,2,8.0,1807000.0,52.0
2025,12,1,1,2,28,1,2,9.0,1407000.0,86.0
2025,12,5,1,1,75,4,3,3.0,0.0,1.0
2025,12,6,1,1,26,7,2,4.0,1360000.0,41.0
2025,12,2,1,1,60,2,2,4.0,0.0,41.0
2025,12,2,1,2,26,3,1,10.0,5207000.0,84.0
2025,12,1,1,2,47,1,2,5.0,0.0,96.0
2025,12,1,1,1,22,1,2,5.0,1986000.0,56.0
2025,12,7,1,2,46,9,3,3.0,0.0,56.0
2025,12,2,1,2,47,3,3,8.0,3568000.0,86.0
2025,12,1,1,1,45,1,2,3.0,1434000.0,41.0
2025,12,2,1,2,53,2,3,3.0,1203000.0,56.0
2025,12,2,1,1,35,2,2,5.0,1782000.0,47.0
2025,12,1,1,1,43,1,3,8.0,4634000.0,20.0
2025,12,1,1,2,42,1,2,5.0,475000.0,97.0
2025,12,1,1,2,61,1,3,5.0,407000.0,47.0
2025,12,2,1,2,43,2,2,10.0,3576000.0,73.0
2025,12,2,1,2,23,3,1,10.0,1682000.0,82.0
2025,12,2,1,2,38,2,2,3.0,324000.0,1.0
2025,12,2,1,1,24,3,2,5.0,1378000.0,41.0
2025,12,2,1,1,32,6,2,5.0,1356000.0,96.0
2025,12,1,1,2,29,1,2,5.0,458000.0,47.0
2025,12,1,1,1,47,1,2,11.0,7549000.0,69.0
2025,12,1,1,1,50,1,2,11.0,7983000.0,85.0
2025,12,1,1,1,46,1,2,10.0,3485000.0,84.0
2025,12,1,1,2,41,1,2,3.0,100000.0,38.0
2025,12,4,1,1,29,3,1,5.0,1277000.0,47.0
2025,12,1,1,2,27,1,2,8.0,2557000.0,84.0
2025,12,2,1,1,42,2,3,8.0,2017000.0,42.0
2025,12,1,1,1,33,1,2,10.0,8810000.0,86.0
2025,12,5,1,1,38,13,2,10.0,1538000.0,47.0
2025,12,1,1,2,55,1,2,3.0,1038000.0,47.0
2025,12,1,1,2,30,1,2,5.0,212000.0,47.0
2025,12,2,1,2,68,2,2,10.0,13697000.0,85.0
2025,12,4,1,1,33,7,2,10.0,2497000.0,84.0
2025,12,1,1,1,63,1,3,4.0,2436000.0,1.0
2025,12,3,1,1,31,3,1,5.0,1871000.0,64.0
2025,12,1,1,1,69,1,3,8.0,1989000.0,93.0
2025,12,3,1,2,28,6,2,10.0,1315000.0,79.0
2025,12,3,1,2,24,3,1,10.0,1623000.0,52.0
2025,12,3,1,1,25,3,1,8.0,1625000.0,82.0
2025,12,1,1,1,41,1,1,3.0,180000.0,43.0
2025,12,2,1,2,32,10,2,3.0,3053000.0,97.0
2025,12,1,1,1,37,1,2,10.0,2167000.0,47.0
2025,12,1,1,2,19,1,2,6.0,678000.0,56.0
2025,12,1,1,1,29,1,2,9.0,1886000.0,96.0
2025,12,1,1,2,52,1,2,5.0,1633000.0,56.0
2025,12,1,1,2,42,1,2,10.0,4722000.0,86.0
2025,12,2,1,1,46,2,2,5.0,2136000.0,45.0
2025,12,1,1,1,53,1,2,5.0,1878000.0,80.0
2025,12,6,1,1,65,6,3,4.0,793000.0,52.0
2025,12,1,1,2,42,1,2,10.0,1767000.0,10.0
2025,12,2,1,1,73,2,3,5.0,1486000.0,94.0
2025,12,1,1,1,58,1,3,8.0,1638000.0,46.0
2025,12,1,1,1,23,1,2,5.0,2037000.0,45.0
2025,12,1,1,2,36,1,2,8.0,1147000.0,85.0
2025,12,2,1,2,41,2,3,4.0,788000.0,56.0
2025,12,2,1,2,24,10,2,5.0,2137000.0,97.0
2025,12,1,2,2,49,1,3,1.0,813000.0,3.0
2025,12,1,1,2,33,1,2,8.0,1635000.0,47.0
2025,12,1,1,2,51,1,3,5.0,1435000.0,97.0
2025,12,1,1,1,47,1,2,5.0,2045000.0,47.0
2025,12,2,1,2,20,3,1,5.0,1714000.0,47.0
2025,12,2,1,2,61,2,3,3.0,286000.0,81.0
2025,12,1,1,1,53,1,2,10.0,5481000.0,84.0
2025,12,1,1,2,26,1,2,5.0,1390000.0,47.0
2025,12,2,1,2,41,3,1,8.0,2550000.0,84.0
2025,12,1,1,1,75,1,3,1.0,957000.0,1.0
2025,12,1,1,2,41,1,3,4.0,753000.0,96.0
2025,12,1,1,1,70,1,2,1.0,1489000.0,1.0
2025,12,2,1,2,31,2,2,9.0,1283000.0,88.0
2025,12,1,1,2,28,1,1,5.0,1287000.0,68.0
2025,12,2,1,2,29,8,2,10.0,2961000.0,86.0
2025,12,1,1,1,53,1,2,3.0,2000000.0,41.0
2025,12,1,1,1,41,1,2,5.0,1964000.0,84.0
2025,12,1,1,1,29,1,2,4.0,1086000.0,56.0
2025,12,1,1,1,57,1,2,6.0,784000.0,1.0
2025,12,2,1,2,50,2,2,8.0,788000.0,77.0
2025,12,1,1,1,20,1,2,5.0,1160000.0,49.0
2025,12,1,1,2,47,1,2,5.0,1252000.0,64.0
2025,12,2,1,1,20,3,1,10.0,1652000.0,15.0
2025,12,2,1,2,55,3,1,10.0,5883000.0,86.0
2025,12,1,1,1,23,1,3,5.0,742000.0,49.0
2025,12,2,1,2,27,2,2,10.0,1390000.0,75.0
2025,12,1,1,2,35,1,2,5.0,939000.0,96.0
2025,12,2,1,2,25,2,2,10.0,2982000.0,86.0
2025,12,2,1,2,40,2,2,10.0,1860000.0,85.0
2025,12,3,1,2,44,3,1,8.0,727000.0,97.0
2025,12,1,1,2,46,1,1,10.0,2264000.0,74.0
2025,12,1,1,1,56,1,2,11.0,7833000.0,85.0
2025,12,1,1,2,51,1,3,4.0,726000.0,81.0
2025,12,4,1,2,50,4,3,3.0,790000.0,56.0
2025,12,1,1,2,52,1,3,5.0,654000.0,56.0
2025,12,1,1,2,32,1,1,5.0,602000.0,96.0
2025,12,3,1,1,33,3,1,4.0,1329000.0,41.0
2025,12,1,1,1,45,1,3,1.0,1230000.0,47.0
2025,12,1,1,1,63,1,3,3.0,1835000.0,1.0
2025,12,3,1,1,18,3,1,5.0,316000.0,45.0
2025,12,9,1,2,35,6,1,5.0,929000.0,14.0
2025,12,1,1,1,50,1,3,5.0,2204000.0,47.0
2025,12,1,1,2,43,1,2,5.0,619000.0,56.0
2025,12,3,1,2,26,7,2,8.0,1099000.0,86.0
2025,12,2,1,1,32,3,1,8.0,2518000.0,81.0
2025,12,1,1,1,35,1,2,5.0,2032000.0,25.0
2025,12,4,1,2,35,8,2,5.0,1344000.0,47.0
2025,12,1,1,2,57,1,3,8.0,1699000.0,88.0
2025,12,1,1,2,26,1,2,5.0,1228000.0,18.0
2025,12,2,1,1,44,3,1,5.0,1920000.0,43.0
2025,12,2,1,2,42,2,2,10.0,0.0,55.0
2025,12,1,1,1,36,1,2,10.0,2887000.0,47.0
2025,12,6,1,1,35,9,2,5.0,1821000.0,53.0
2025,12,1,1,2,41,1,3,5.0,2208000.0,49.0
2025,12,2,1,2,44,2,2,10.0,3391000.0,85.0
2025,12,2,1,2,46,2,1,4.0,1245000.0,77.0
2025,12,2,1,1,49,13,2,10.0,2230000.0,56.0
2025,12,1,1,2,30,1,2,10.0,2023000.0,10.0
2025,12,2,1,2,42,2,2,8.0,1726000.0,65.0
2025,12,2,1,1,29,2,2,4.0,1320000.0,1.0
2025,12,1,1,2,58,1,2,11.0,6539000.0,86.0
2025,12,1,1,2,65,1,3,3.0,100000.0,15.0
2025,12,1,1,2,46,1,3,12.0,5731000.0,85.0
2025,12,3,1,1,59,3,1,9.0,4410000.0,84.0
2025,12,2,1,1,41,2,2,8.0,2334000.0,43.0
2025,12,1,1,1,27,1,2,4.0,1796000.0,84.0
2025,12,3,1,2,32,3,1,5.0,1354000.0,47.0
2025,12,2,1,2,29,3,1,8.0,2198000.0,56.0
2025,12,1,1,2,55,1,3,4.0,828000.0,82.0
2025,12,1,1,2,36,1,3,10.0,606000.0,85.0
2025,12,1,1,1,38,1,2,5.0,1222000.0,49.0
2025,12,2,1,2,30,2,2,7.0,0.0,85.0
2025,12,1,1,1,26,1,2,5.0,3823000.0,84.0
2025,12,2,1,1,19,3,2,5.0,1504000.0,1.0
2025,12,1,1,2,38,1,1,3.0,1120000.0,10.0
2025,12,1,1,2,37,1,2,5.0,2520000.0,47.0
2025,12,1,1,2,51,1,2,4.0,614000.0,81.0
2025,12,3,1,2,34,3,1,11.0,6840000.0,35.0
2025,12,1,1,1,37,1,2,8.0,2008000.0,80.0
2025,12,1,1,1,64,1,3,3.0,1096000.0,1.0
2025,12,1,1,2,47,1,2,3.0,2008000.0,47.0
2025,12,1,1,2,34,1,1,10.0,1550000.0,92.0
2025,12,2,1,1,52,2,2,3.0,658000.0,49.0
2025,12,1,1,2,36,1,2,5.0,410000.0,81.0
2025,12,5,1,1,30,9,2,10.0,854000.0,56.0
2025,12,1,1,1,58,1,3,5.0,1982000.0,31.0
2025,12,1,1,2,47,1,3,11.0,3027000.0,51.0
2025,12,3,1,1,31,3,1,10.0,2675000.0,27.0
2025,12,4,1,1,47,3,1,5.0,957000.0,38.0
2025,12,2,1,1,33,2,2,5.0,2023000.0,73.0
2025,12,3,1,1,28,3,1,4.0,1669000.0,47.0
2025,12,2,1,2,30,3,1,5.0,1093000.0,47.0
2025,12,1,1,1,74,1,3,3.0,405000.0,1.0
2025,12,1,1,2,53,1,2,3.0,0.0,56.0
2025,12,1,1,2,60,1,3,5.0,1716000.0,47.0
2025,12,2,1,2,52,2,3,9.0,1751000.0,65.0
2025,12,2,1,1,40,3,3,5.0,2317000.0,64.0
2025,12,3,1,2,43,9,3,8.0,1378000.0,87.0
2025,12,2,1,1,52,2,2,1.0,1659000.0,41.0
2025,12,1,1,1,46,1,2,1.0,1358000.0,1.0
2025,12,1,1,1,65,1,3,3.0,2862000.0,1.0
2025,12,1,1,1,35,1,2,5.0,3134000.0,10.0
2025,12,1,1,1,62,1,3,3.0,519000.0,1.0
2025,12,1,1,2,41,1,2,10.0,3297000.0,84.0
2025,12,2,1,2,28,2,2,12.0,2265000.0,74.0
2025,12,2,1,1,63,9,3,10.0,6395000.0,85.0
2025,12,2,1,1,39,3,1,3.0,3108000.0,55.0
2025,12,5,1,1,22,13,1,6.0,3452000.0,49.0
2025,12,1,1,2,45,1,3,8.0,2318000.0,84.0
2025,12,1,1,1,28,1,2,9.0,3882000.0,31.0
2025,12,1,1,1,69,1,3,1.0,242000.0,1.0
2025,12,1,1,1,54,1,3,4.0,1857000.0,47.0
2025,12,2,1,1,38,2,2,5.0,1997000.0,61.0
2025,12,2,1,2,48,2,2,3.0,189000.0,96.0
2025,12,1,1,1,26,1,2,5.0,1748000.0,35.0
2025,12,1,1,2,44,1,1,12.0,7123000.0,84.0
2025,12,1,1,1,56,1,2,10.0,6786000.0,85.0
2025,12,1,1,1,40,1,2,4.0,1828000.0,41.0
2025,12,1,1,2,71,1,3,4.0,696000.0,14.0
2025,12,1,1,2,56,1,3,3.0,151000.0,81.0
2025,12,1,2,1,70,1,3,3.0,2824000.0,45.0
2025,12,1,1,1,48,1,2,4.0,153000.0,45.0
2025,12,2,1,2,63,2,2,3.0,1198000.0,68.0
2025,12,2,1,1,25,3,1,8.0,1864000.0,61.0
2025,12,1,1,1,44,1,2,5.0,713000.0,47.0
2025,12,3,1,2,35,3,1,5.0,1679000.0,86.0
2025,12,2,1,1,48,3,1,4.0,1940000.0,46.0
2025,12,2,1,2,63,2,3,1.0,1496000.0,55.0
2025,12,1,1,1,68,1,2,3.0,873000.0,92.0
2025,12,3,1,1,26,3,1,10.0,733000.0,96.0
2025,12,1,1,1,47,1,2,6.0,2164000.0,49.0
2025,12,2,1,2,38,9,2,10.0,7236000.0,15.0
2025,12,2,1,2,80,2,2,3.0,1130000.0,13.0
2025,12,3,1,1,26,3,1,5.0,740000.0,52.0
2025,12,2,1,2,26,2,2,7.0,1628000.0,84.0
2025,12,1,1,2,34,1,2,5.0,1602000.0,47.0
2025,12,2,1,2,30,3,1,10.0,3443000.0,55.0
2025,12,2,1,1,22,6,2,4.0,1443000.0,49.0
2025,12,1,1,1,48,1,2,4.0,2647000.0,1.0
2025,12,1,1,1,62,1,3,11.0,8170000.0,85.0
2025,12,1,1,2,56,1,3,3.0,1059000.0,96.0
2025,12,1,1,1,22,1,2,5.0,2804000.0,45.0
2025,12,1,1,2,58,1,3,10.0,1187000.0,47.0
2025,12,1,1,2,51,1,3,10.0,1395000.0,69.0
2025,12,2,1,1,40,2,2,8.0,2487000.0,47.0
2025,12,2,1,2,35,2,2,10.0,5373000.0,84.0
2025,12,1,1,1,53,1,3,8.0,2082000.0,25.0
2025,12,1,1,1,42,1,2,3.0,1378000.0,97.0
2025,12,1,1,2,32,1,3,5.0,1040000.0,47.0
2025,12,1,1,1,38,1,2,12.0,6881000.0,84.0
2025,12,1,1,1,33,1,2,3.0,1382000.0,47.0
2025,12,4,1,2,31,6,3,10.0,383000.0,47.0
2025,12,3,1,2,35,7,2,8.0,1651000.0,85.0
2025,12,1,1,2,41,1,3,3.0,538000.0,47.0
2025,12,1,1,2,42,1,2,8.0,1538000.0,86.0
2025,12,2,1,2,53,2,3,5.0,1626000.0,85.0
2025,12,1,1,1,82,1,3,4.0,2062000.0,1.0
2025,12,1,1,2,51,1,3,4.0,773000.0,14.0
2025,12,3,1,2,32,3,1,5.0,1037000.0,47.0
2025,12,1,1,1,53,1,3,3.0,369000.0,49.0
2025,12,2,1,2,31,2,2,10.0,9472000.0,82.0
2025,12,4,1,1,30,3,1,5.0,1319000.0,41.0
2025,12,1,1,2,32,1,2,6.0,581000.0,96.0
2025,12,3,1,1,19,3,1,6.0,2436000.0,41.0
2025,12,1,1,1,37,1,2,8.0,2090000.0,46.0
2025,12,5,1,1,20,9,2,3.0,1903000.0,38.0
2025,12,2,1,2,42,2,2,8.0,1393000.0,86.0
2025,12,3,1,1,18,9,2,8.0,2324000.0,84.0
2025,12,1,1,2,36,1,2,5.0,1020000.0,92.0
2025,12,4,1,2,30,7,2,10.0,0.0,96.0
2025,12,2,1,2,34,2,1,8.0,424000.0,96.0
2025,12,2,1,2,35,3,1,3.0,675000.0,97.0
2025,12,2,1,1,46,2,3,5.0,2854000.0,49.0
2025,12,1,1,1,53,1,2,5.0,3397000.0,1.0
2025,12,4,1,2,28,3,1,5.0,1722000.0,47.0
2025,12,1,1,2,29,1,2,4.0,710000.0,56.0
2025,12,3,1,2,32,7,2,10.0,2133000.0,65.0
2025,12,2,1,2,20,2,2,5.0,443000.0,47.0
2025,12,2,1,2,66,2,3,3.0,235000.0,92.0
2025,12,4,1,1,24,8,1,5.0,2633000.0,41.0
2025,12,1,1,1,69,1,2,4.0,1900000.0,56.0
2025,12,4,1,2,50,10,2,4.0,2604000.0,97.0
2025,12,5,1,1,24,9,2,8.0,1723000.0,49.0
2025,12,1,1,2,47,1,2,5.0,1597000.0,56.0
2025,12,1,1,2,33,1,2,3.0,179000.0,97.0
2025,12,3,1,2,25,6,2,10.0,1768000.0,64.0
2025,12,3,1,1,25,3,1,8.0,2281000.0,86.0
2025,12,2,1,1,30,3,2,4.0,271000.0,38.0
2025,12,1,1,1,62,1,3,8.0,4030000.0,80.0
2025,12,1,1,2,39,1,2,11.0,6734000.0,85.0
2025,12,1,1,1,40,1,2,5.0,5081000.0,84.0
2025,12,2,1,1,40,3,3,3.0,3849000.0,1.0
2025,12,1,1,1,56,1,3,3.0,1908000.0,1.0
2025,12,2,1,1,21,3,1,5.0,1331000.0,41.0
2025,12,2,1,1,69,2,3,10.0,1334000.0,74.0
2025,12,2,1,2,37,2,2,4.0,239000.0,14.0
2025,12,1,1,1,51,1,2,11.0,21677000.0,71.0
2025,12,1,1,1,69,1,3,3.0,766000.0,1.0
2025,12,1,1,1,37,1,1,5.0,2016000.0,47.0
2025,12,2,1,1,35,3,2,10.0,2788000.0,47.0
2025,12,1,1,1,63,1,3,3.0,2611000.0,8.0
2025,12,1,1,2,46,1,2,5.0,1976000.0,55.0
2025,12,2,1,2,36,2,2,5.0,1442000.0,10.0
2025,12,1,1,2,52,1,2,10.0,1306000.0,88.0
2025,12,1,1,2,48,1,2,10.0,2839000.0,65.0
2025,12,1,1,2,44,1,2,5.0,1433000.0,56.0
2025,12,1,1,2,52,1,3,5.0,1237000.0,47.0
2025,12,2,1,2,47,9,3,5.0,1282000.0,56.0
2025,12,4,1,2,43,3,1,10.0,4552000.0,85.0
2025,12,2,1,2,51,2,2,5.0,935000.0,96.0
2025,12,1,1,2,70,1,3,5.0,1033000.0,90.0
2025,12,2,1,2,47,2,2,3.0,236000.0,81.0
2025,12,1,1,1,32,1,2,9.0,2362000.0,45.0
2025,12,1,1,1,67,1,3,3.0,661000.0,1.0
2025,12,6,1,1,31,6,3,4.0,100000.0,47.0
2025,12,1,1,1,46,1,2,5.0,1271000.0,42.0
2025,12,1,1,2,38,1,2,10.0,2327000.0,96.0
2025,12,2,1,2,45,2,2,5.0,1188000.0,10.0
2025,12,1,1,2,60,1,3,3.0,392000.0,14.0
2025,12,2,1,2,57,2,3,1.0,100000.0,13.0
2025,12,2,1,2,46,2,2,11.0,3627000.0,65.0
2025,12,2,1,1,41,2,2,5.0,3633000.0,56.0
2025,12,4,1,1,35,7,2,5.0,1843000.0,49.0
2025,12,2,1,2,53,3,1,9.0,1448000.0,47.0
2025,12,4,1,1,31,3,1,4.0,360000.0,95.0
2025,12,1,2,2,33,1,2,8.0,1396000.0,56.0
2025,12,2,1,2,60,2,1,11.0,5764000.0,85.0
2025,12,1,1,2,45,1,2,3.0,1514000.0,97.0
2025,12,1,1,1,40,1,2,5.0,2359000.0,49.0
2025,12,2,1,2,42,2,1,3.0,650000.0,1.0
2025,12,1,1,1,45,1,2,11.0,4187000.0,84.0
2025,12,1,1,1,61,1,3,3.0,2025000.0,53.0
2025,12,4,1,2,18,3,1,5.0,261000.0,56.0
2025,12,3,1,2,36,3,1,5.0,0.0,47.0
2025,12,2,1,2,56,4,3,9.0,1582000.0,96.0
2025,12,3,1,2,60,4,3,3.0,276000.0,56.0
2025,12,4,1,1,18,9,2,9.0,1473000.0,46.0
2025,12,1,1,1,27,1,2,4.0,2796000.0,49.0
2025,12,2,1,2,42,2,2,5.0,983000.0,31.0
2025,12,1,1,2,40,1,3,5.0,772000.0,56.0
2025,12,1,1,1,46,1,2,3.0,1484000.0,22.0
2025,12,1,1,2,59,1,3,5.0,145000.0,81.0
2025,12,1,1,2,28,1,2,8.0,1406000.0,21.0
2025,12,1,1,2,48,1,2,4.0,1673000.0,56.0
2025,12,1,1,2,43,1,2,5.0,1294000.0,52.0
2025,12,2,1,2,39,2,2,8.0,1435000.0,86.0
2025,12,4,1,1,30,8,1,5.0,1736000.0,75.0
2025,12,2,1,1,44,9,2,10.0,7283000.0,86.0
2025,12,5,1,1,56,9,3,5.0,1984000.0,15.0
2025,12,2,1,2,49,2,3,5.0,1763000.0,97.0
2025,12,1,1,2,44,1,2,11.0,1219000.0,94.0
2025,12,1,1,1,40,1,2,5.0,1575000.0,95.0
2025,12,2,1,1,60,2,3,5.0,3336000.0,84.0
2025,12,2,1,2,49,10,2,3.0,1179000.0,97.0
2025,12,1,1,1,43,1,2,5.0,2153000.0,68.0
2025,12,2,1,2,35,3,1,10.0,2856000.0,96.0
2025,12,1,1,1,48,1,2,5.0,3478000.0,11.0
2025,12,2,1,2,20,3,1,5.0,801000.0,81.0
2025,12,1,1,1,48,1,2,5.0,471000.0,47.0
2025,12,4,1,1,23,3,1,6.0,2389000.0,46.0
2025,12,3,1,2,31,13,2,8.0,1869000.0,31.0
2025,12,2,1,1,31,2,2,4.0,773000.0,45.0
2025,12,1,1,2,59,1,3,1.0,547000.0,47.0
2025,12,2,1,2,42,2,2,10.0,1141000.0,80.0
2025,12,2,1,2,27,3,1,8.0,369000.0,47.0
2025,12,1,1,1,39,1,2,10.0,12392000.0,52.0
2025,12,3,1,1,28,3,1,10.0,2323000.0,85.0
2025,12,2,1,2,40,3,3,10.0,1620000.0,47.0
2025,12,1,1,1,34,1,2,6.0,2014000.0,47.0
2025,12,1,1,1,32,1,2,10.0,18786000.0,86.0
2025,12,1,1,1,44,1,2,5.0,531000.0,10.0
2025,12,1,1,2,40,1,2,5.0,2088000.0,46.0
2025,12,1,1,1,41,1,2,1.0,1528000.0,81.0
2025,12,1,1,1,36,1,2,5.0,1699000.0,1.0
2025,12,1,1,1,41,1,3,4.0,2714000.0,1.0
2025,12,1,1,1,30,1,2,6.0,4228000.0,47.0
2025,12,3,1,1,36,9,2,8.0,661000.0,43.0
2025,12,2,1,2,37,3,1,8.0,649000.0,88.0
2025,12,8,1,2,37,8,1,6.0,743000.0,49.0
2025,12,2,1,2,44,3,1,10.0,794000.0,45.0
2025,12,1,1,2,64,1,3,5.0,490000.0,88.0
2025,12,2,1,2,58,2,3,5.0,100000.0,95.0
2025,12,1,1,2,34,1,2,5.0,776000.0,81.0
2025,12,2,1,1,22,3,1,5.0,805000.0,96.0
2025,12,2,1,2,24,2,2,5.0,2203000.0,56.0
2025,12,1,1,2,62,1,3,8.0,2441000.0,86.0
2025,12,2,1,2,35,2,2,5.0,415000.0,97.0
2025,12,1,1,2,27,1,1,8.0,1798000.0,86.0
2025,12,1,1,1,23,1,2,5.0,1209000.0,46.0
2025,12,1,1,1,31,1,2,3.0,2009000.0,46.0
2025,12,2,1,2,38,2,3,3.0,1155000.0,85.0
2025,12,1,1,1,27,1,2,11.0,10341000.0,15.0
2025,12,1,1,1,57,1,3,5.0,2561000.0,55.0
2025,12,1,1,2,22,1,2,5.0,1728000.0,88.0
2025,12,2,1,1,66,9,3,1.0,707000.0,41.0
2025,12,1,1,1,41,1,2,8.0,1589000.0,73.0
2025,12,1,1,1,41,1,2,3.0,1194000.0,1.0
2025,12,5,1,2,45,3,1,10.0,283000.0,10.0
2025,12,2,1,1,33,2,2,8.0,1671000.0,43.0
2025,12,4,1,2,30,13,3,5.0,1551000.0,97.0
2025,12,2,1,2,28,3,1,8.0,100000.0,96.0
2025,12,2,1,2,39,3,1,9.0,411000.0,56.0
2025,12,2,1,1,27,2,2,3.0,1894000.0,47.0
2025,12,3,1,1,23,3,1,5.0,110000.0,52.0
2025,12,2,1,2,28,3,1,5.0,359000.0,56.0
2025,12,1,1,1,67,1,3,3.0,560000.0,47.0
2025,12,1,1,2,57,1,3,9.0,1356000.0,86.0
2025,12,3,1,2,32,3,1,5.0,1472000.0,80.0
2025,12,1,1,2,34,1,2,8.0,1459000.0,86.0
2025,12,1,1,2,36,1,2,3.0,1366000.0,81.0
2025,12,1,1,1,42,1,2,8.0,3993000.0,84.0
2025,12,1,1,2,44,1,2,11.0,592000.0,14.0
2025,12,4,1,1,21,3,1,4.0,1387000.0,41.0
2025,12,2,1,2,37,2,2,5.0,1360000.0,85.0
2025,12,2,1,2,37,2,2,5.0,307000.0,14.0
2025,12,1,1,1,36,1,2,5.0,976000.0,1.0
2025,12,1,1,2,44,1,2,11.0,3426000.0,84.0
2025,12,2,1,2,39,2,2,5.0,1505000.0,65.0
2025,12,1,1,1,26,1,2,10.0,2696000.0,10.0
2025,12,2,1,2,38,9,2,10.0,1731000.0,91.0
2025,12,2,1,1,25,3,1,4.0,701000.0,41.0
2025,12,3,1,2,32,3,3,5.0,549000.0,11.0
2025,12,1,1,2,30,1,2,8.0,108000.0,56.0
2025,12,1,1,1,39,1,2,5.0,2295000.0,49.0
2025,12,2,1,2,22,2,2,3.0,376000.0,1.0
2025,12,1,1,2,61,1,3,4.0,405000.0,97.0
2025,12,1,1,2,55,1,2,8.0,132000.0,81.0
2025,12,4,1,2,28,3,1,10.0,0.0,64.0
2025,12,1,1,2,44,1,3,5.0,3000000.0,70.0
2025,12,3,1,2,31,3,1,10.0,1456000.0,64.0
2025,12,3,1,2,26,3,1,12.0,1460000.0,85.0
2025,12,2,1,2,33,2,2,6.0,1598000.0,45.0
2025,12,2,1,2,61,2,3,5.0,968000.0,15.0
2025,12,3,1,1,27,3,1,5.0,1775000.0,41.0
2025,12,1,1,1,52,1,3,3.0,3348000.0,1.0
2025,12,1,1,2,68,1,3,3.0,181000.0,92.0
2025,12,1,1,2,48,1,2,3.0,1899000.0,56.0
2025,12,1,1,1,44,1,2,5.0,1993000.0,25.0
2025,12,1,1,2,49,1,3,3.0,0.0,1.0
2025,12,1,1,2,52,1,3,3.0,100000.0,47.0
2025,12,1,1,1,55,1,2,5.0,1981000.0,84.0
2025,12,2,1,2,68,2,3,6.0,978000.0,96.0
2025,12,2,1,2,42,2,2,10.0,1724000.0,85.0
2025,12,1,1,1,25,1,2,5.0,1691000.0,52.0
2025,12,3,1,1,31,3,1,5.0,1767000.0,47.0
2025,12,1,1,2,33,1,2,8.0,1177000.0,14.0
2025,12,1,1,1,38,1,2,5.0,1826000.0,46.0
2025,12,5,1,1,36,3,1,9.0,4251000.0,84.0
2025,12,2,1,2,31,3,1,10.0,0.0,69.0
2025,12,4,1,2,30,3,1,11.0,3276000.0,94.0
2025,12,2,1,1,80,2,3,1.0,1218000.0,1.0
2025,12,1,1,1,62,1,2,3.0,990000.0,1.0
2025,12,1,1,2,62,1,2,5.0,100000.0,56.0
2025,12,1,1,2,48,1,3,5.0,1936000.0,1.0
2025,12,2,1,2,52,2,2,5.0,1452000.0,86.0
2025,12,1,1,2,58,1,3,3.0,792000.0,56.0
2025,12,2,1,2,56,2,2,3.0,876000.0,97.0
2025,12,1,1,2,31,1,2,10.0,1690000.0,47.0
2025,12,1,2,1,51,1,2,3.0,1178000.0,1.0
2025,12,1,1,2,29,1,2,9.0,1250000.0,79.0
2025,12,3,1,2,47,3,1,3.0,559000.0,81.0
2025,12,1,1,1,53,1,2,3.0,715000.0,1.0
2025,12,1,1,1,63,1,3,1.0,1791000.0,1.0
2025,12,1,1,1,63,1,3,3.0,1650000.0,41.0
2025,12,3,1,2,22,3,1,9.0,542000.0,47.0
2025,12,2,1,1,35,3,3,8.0,2304000.0,45.0
2025,12,1,1,2,41,1,2,5.0,1206000.0,30.0
2025,12,2,1,1,25,2,3,5.0,2050000.0,53.0
2025,12,1,1,2,41,1,1,5.0,657000.0,56.0
2025,12,1,1,2,18,1,2,5.0,100000.0,88.0
2025,12,4,1,1,26,3,1,6.0,1936000.0,68.0
2025,12,1,1,1,35,1,2,10.0,2196000.0,56.0
2025,12,2,1,2,39,2,2,5.0,740000.0,47.0
2025,12,1,1,1,38,1,2,5.0,2730000.0,49.0
2025,12,3,1,2,23,3,1,4.0,719000.0,56.0
2025,12,1,1,1,28,1,2,5.0,1211000.0,47.0
2025,12,2,1,1,42,2,2,5.0,1657000.0,49.0
2025,12,1,1,1,46,1,2,3.0,631000.0,7.0
2025,12,1,1,1,28,1,2,10.0,1333000.0,53.0
2025,12,2,1,1,52,9,2,5.0,1510000.0,68.0
2025,12,2,1,1,41,3,1,5.0,2123000.0,49.0
2025,12,3,1,2,20,3,2,6.0,583000.0,47.0
2025,12,1,1,2,35,1,2,10.0,2826000.0,62.0
2025,12,5,1,2,24,9,3,5.0,1600000.0,47.0
2025,12,1,1,1,36,1,3,3.0,0.0,53.0
2025,12,2,1,1,34,3,1,10.0,2467000.0,56.0
2025,12,2,1,2,55,3,1,9.0,2304000.0,84.0
2025,12,1,1,2,32,1,2,5.0,2085000.0,56.0
2025,12,2,1,2,38,2,2,5.0,1010000.0,56.0
2025,12,1,1,2,58,1,2,5.0,338000.0,81.0
2025,12,2,1,1,46,2,2,5.0,2877000.0,79.0
2025,12,2,1,2,40,2,2,5.0,806000.0,96.0
2025,12,2,1,1,20,3,1,10.0,584000.0,47.0
2025,12,3,1,2,48,6,1,10.0,749000.0,69.0
2025,12,2,1,1,38,2,2,4.0,1640000.0,49.0
2025,12,1,1,1,31,1,2,10.0,604000.0,96.0
2025,12,1,1,1,51,1,3,5.0,2595000.0,47.0
2025,12,1,1,1,68,1,3,5.0,0.0,45.0
2025,12,1,1,2,39,1,2,8.0,1303000.0,45.0
2025,12,1,1,2,62,1,3,5.0,2417000.0,56.0
2025,12,1,1,2,51,1,2,3.0,810000.0,81.0
2025,12,1,1,2,34,1,2,8.0,1206000.0,47.0
2025,12,2,1,2,28,2,2,5.0,192000.0,15.0
2025,12,3,1,2,29,3,1,10.0,1638000.0,85.0
2025,12,1,1,1,39,1,2,5.0,2254000.0,47.0
2025,12,2,1,2,52,2,1,5.0,815000.0,47.0
2025,12,1,1,2,59,1,2,3.0,188000.0,82.0
2025,12,1,1,2,23,1,2,5.0,1467000.0,47.0
2025,12,1,1,1,69,1,3,10.0,1204000.0,70.0
2025,12,3,1,2,24,3,1,10.0,2551000.0,86.0
2025,12,1,1,2,63,1,3,12.0,5685000.0,85.0
2025,12,1,1,2,38,1,2,10.0,1202000.0,10.0
2025,12,2,1,2,48,2,2,3.0,1139000.0,47.0
2025,12,1,1,1,47,1,3,8.0,2093000.0,24.0
2025,12,2,1,1,67,2,1,4.0,898000.0,47.0
2025,12,4,1,1,27,3,1,9.0,1373000.0,56.0
2025,12,2,1,1,54,2,3,3.0,395000.0,47.0
2025,12,2,1,2,32,2,2,10.0,1826000.0,47.0
2025,12,1,1,2,52,1,2,4.0,1455000.0,86.0
2025,12,2,1,2,25,2,2,5.0,2373000.0,96.0
2025,12,1,1,2,32,1,2,8.0,1673000.0,47.0
2025,12,2,1,1,38,2,2,3.0,2291000.0,45.0
2025,12,1,1,2,60,1,3,3.0,175000.0,56.0
2025,12,1,1,2,66,1,2,8.0,164000.0,56.0
2025,12,1,1,1,37,1,2,3.0,727000.0,41.0
2025,12,1,1,1,33,1,2,4.0,1229000.0,25.0
2025,12,1,1,1,50,1,2,3.0,1877000.0,47.0
2025,12,1,1,2,28,1,2,5.0,1817000.0,47.0
2025,12,2,1,1,55,2,2,5.0,2045000.0,49.0
2025,12,2,1,2,55,3,1,11.0,7742000.0,86.0
2025,12,1,1,1,41,1,2,3.0,4133000.0,47.0
2025,12,2,1,2,61,2,2,8.0,1916000.0,85.0
2025,12,1,1,2,54,1,3,3.0,401000.0,38.0
2025,12,1,1,2,22,1,2,8.0,1320000.0,82.0
2025,12,1,1,2,45,1,2,9.0,3141000.0,96.0
2025,12,2,1,1,26,3,1,5.0,2108000.0,68.0
2025,12,1,1,2,58,1,3,5.0,1575000.0,14.0
2025,12,1,1,1,45,1,2,5.0,1762000.0,95.0
2025,12,1,1,2,33,1,1,4.0,455000.0,47.0
2025,12,1,1,2,53,1,3,11.0,6311000.0,85.0
2025,12,2,1,2,37,2,3,8.0,1107000.0,47.0
2025,12,1,1,1,47,1,2,3.0,1582000.0,49.0
2025,12,1,1,1,32,1,3,9.0,0.0,1.0
2025,12,3,1,1,22,8,2,5.0,841000.0,50.0
2025,12,1,1,1,61,1,3,5.0,2451000.0,49.0
2025,12,4,1,2,30,3,1,5.0,2404000.0,68.0
2025,12,2,1,1,35,2,2,11.0,17802000.0,22.0
2025,12,1,1,1,21,1,2,3.0,1799000.0,1.0
2025,12,1,1,1,32,1,2,5.0,2000000.0,41.0
2025,12,2,1,2,51,2,3,10.0,3226000.0,85.0
2025,12,1,1,1,67,1,2,10.0,10118000.0,47.0
2025,12,1,1,1,30,1,2,10.0,6265000.0,62.0
2025,12,1,1,1,35,1,2,8.0,2653000.0,23.0
2025,12,1,1,1,44,1,1,5.0,2540000.0,52.0
2025,12,3,1,1,37,3,1,3.0,834000.0,56.0
2025,12,3,1,1,19,3,1,4.0,1326000.0,45.0
2025,12,1,1,2,43,1,2,10.0,1646000.0,85.0
2025,12,2,1,2,61,2,3,10.0,6463000.0,85.0
2025,12,1,1,1,52,1,2,3.0,1813000.0,1.0
2025,12,1,1,1,55,1,2,5.0,2589000.0,41.0
2025,12,5,1,1,39,6,3,3.0,600000.0,94.0
2025,12,2,1,2,36,13,2,4.0,1315000.0,47.0
2025,12,1,1,2,56,1,2,5.0,1420000.0,46.0
2025,12,1,1,2,55,1,2,3.0,416000.0,47.0
2025,12,2,1,2,82,4,3,10.0,2558000.0,47.0
2025,12,3,1,2,30,3,1,12.0,2547000.0,85.0
2025,12,1,1,1,50,1,2,5.0,1305000.0,56.0
2025,12,1,1,1,57,1,2,3.0,2047000.0,56.0
2025,12,1,1,2,44,1,2,5.0,1521000.0,47.0
2025,12,1,1,1,42,1,3,8.0,3561000.0,84.0
2025,12,1,1,2,25,1,2,9.0,1287000.0,45.0
2025,12,2,1,2,47,2,2,6.0,2007000.0,64.0
2025,12,2,1,2,60,2,3,5.0,160000.0,75.0
2025,12,1,1,2,23,1,2,8.0,1913000.0,46.0
2025,12,1,1,1,31,1,2,5.0,1826000.0,1.0
2025,12,1,1,2,42,1,2,3.0,1250000.0,47.0
2025,12,1,1,1,58,1,3,1.0,830000.0,1.0
2025,12,2,1,2,52,2,2,5.0,412000.0,56.0
2025,12,1,1,1,65,1,3,4.0,1743000.0,41.0
2025,12,1,1,1,33,1,3,10.0,1145000.0,47.0
2025,12,1,1,1,46,1,2,10.0,5483000.0,84.0
2025,12,1,1,1,38,1,2,5.0,1773000.0,49.0
2025,12,1,1,2,25,1,2,10.0,2424000.0,41.0
2025,12,4,1,2,60,6,3,10.0,3022000.0,85.0
2025,12,3,1,2,29,3,1,3.0,621000.0,97.0
2025,12,4,1,1,33,7,2,5.0,3395000.0,47.0
2025,12,1,1,1,47,1,2,8.0,3873000.0,68.0
2025,12,1,1,1,45,1,2,10.0,5322000.0,42.0
2025,12,1,1,2,35,1,1,10.0,2002000.0,41.0
2025,12,2,1,2,44,2,3,3.0,727000.0,47.0
2025,12,2,1,2,34,2,3,4.0,157000.0,97.0
2025,12,1,1,1,29,1,2,5.0,1586000.0,43.0
2025,12,1,1,1,66,1,3,11.0,8290000.0,85.0
2025,12,2,1,1,52,2,2,3.0,757000.0,49.0
2025,12,1,1,1,24,1,2,5.0,3864000.0,1.0
2025,12,1,1,1,59,1,2,9.0,2169000.0,96.0
2025,12,1,1,1,51,1,3,5.0,3061000.0,41.0
2025,12,1,1,1,71,1,3,3.0,1198000.0,49.0
2025,12,3,1,2,39,3,1,10.0,1598000.0,25.0
2025,12,1,1,2,49,1,2,1.0,191000.0,56.0
2025,12,1,1,2,61,1,2,3.0,2501000.0,85.0
2025,12,1,1,2,35,1,2,8.0,3865000.0,11.0
2025,12,2,1,2,26,2,2,8.0,1177000.0,47.0
2025,12,2,1,1,22,3,1,10.0,2449000.0,62.0
2025,12,1,1,2,48,1,2,5.0,1016000.0,56.0
2025,12,1,1,2,41,1,2,5.0,715000.0,81.0
2025,12,1,1,2,37,1,2,4.0,510000.0,47.0
2025,12,1,1,2,39,1,2,10.0,4585000.0,84.0
2025,12,2,1,2,32,2,2,5.0,0.0,47.0
2025,12,2,1,1,25,13,2,5.0,1254000.0,43.0
2025,12,1,1,1,31,1,2,10.0,3690000.0,86.0
2025,12,3,1,1,28,3,1,1.0,2196000.0,3.0
2025,12,1,1,1,36,1,2,10.0,1875000.0,52.0
2025,12,2,1,1,22,3,1,5.0,1098000.0,1.0
2025,12,2,1,2,37,2,3,8.0,2666000.0,96.0
2025,12,2,1,2,51,2,2,5.0,1125000.0,47.0
2025,12,2,1,1,35,2,2,3.0,1403000.0,41.0
2025,12,2,1,1,33,2,2,12.0,5486000.0,85.0
2025,12,1,1,1,53,1,2,8.0,2137000.0,86.0
2025,12,2,1,1,43,2,2,5.0,1777000.0,46.0
2025,12,1,1,1,51,1,2,5.0,2462000.0,68.0
2025,12,1,1,2,64,1,3,3.0,100000.0,56.0
2025,12,1,1,2,30,1,2,8.0,1599000.0,86.0
2025,12,1,1,1,67,1,3,3.0,1581000.0,56.0
2025,12,1,1,1,39,1,2,12.0,19403000.0,35.0
2025,12,3,1,2,28,3,1,11.0,2991000.0,84.0
2025,12,1,1,1,44,1,2,10.0,3590000.0,42.0
2025,12,1,1,1,70,1,3,3.0,589000.0,31.0
2025,12,1,1,2,37,1,2,8.0,2424000.0,84.0
2025,12,1,1,1,40,1,3,3.0,2725000.0,46.0
2025,12,2,1,2,52,4,3,5.0,760000.0,14.0
2025,12,1,1,2,60,1,3,8.0,1341000.0,86.0
2025,12,2,1,2,24,2,2,5.0,857000.0,96.0
2025,12,1,1,1,29,1,2,8.0,1184000.0,49.0
2025,12,2,1,1,27,3,1,5.0,8886000.0,53.0
2025,12,1,1,2,40,1,2,5.0,1395000.0,47.0
2025,12,2,1,1,37,2,2,3.0,2004000.0,1.0
2025,12,3,1,2,26,3,1,9.0,1556000.0,86.0
2025,12,5,1,2,24,8,1,5.0,1274000.0,47.0
2025,12,3,1,1,32,3,3,3.0,1017000.0,49.0
2025,12,1,1,2,37,1,2,10.0,3141000.0,84.0
2025,12,1,1,2,34,1,2,5.0,257000.0,81.0
2025,12,2,1,1,27,2,2,4.0,1256000.0,96.0
2025,12,1,1,2,39,1,1,10.0,5541000.0,47.0
2025,12,1,1,1,54,1,2,3.0,1276000.0,31.0
2025,12,1,1,1,24,1,2,10.0,2746000.0,75.0
2025,12,8,1,2,22,3,1,5.0,1477000.0,47.0
2025,12,2,1,1,37,2,2,8.0,1806000.0,45.0
2025,12,2,1,2,49,2,2,5.0,0.0,14.0
2025,12,1,1,1,33,1,2,5.0,3490000.0,49.0
2025,12,1,1,2,46,1,3,5.0,141000.0,47.0
2025,12,1,1,2,27,1,2,5.0,243000.0,56.0
2025,12,4,1,2,20,6,2,8.0,1607000.0,86.0
2025,12,1,1,2,76,1,3,3.0,246000.0,95.0
2025,12,3,1,1,77,4,3,3.0,318000.0,47.0
2025,12,1,1,2,38,1,2,10.0,3221000.0,72.0
2025,12,1,1,2,45,1,2,11.0,5374000.0,85.0
2025,12,1,1,2,33,1,2,5.0,1064000.0,45.0
2025,12,1,1,1,42,1,2,3.0,2642000.0,1.0
2025,12,2,1,2,27,3,1,8.0,1665000.0,86.0
2025,12,1,1,2,26,1,2,10.0,885000.0,47.0
2025,12,1,1,1,45,1,2,4.0,187000.0,1.0
2025,12,2,1,2,43,3,3,4.0,627000.0,97.0
2025,12,2,1,2,42,2,2,10.0,3058000.0,85.0
2025,12,1,1,1,28,1,2,10.0,2021000.0,45.0
2025,12,1,1,2,40,1,2,10.0,0.0,84.0
2025,12,2,1,1,63,2,3,1.0,1100000.0,1.0
2025,12,5,1,1,52,6,2,10.0,1795000.0,3.0
2025,12,1,1,1,46,1,2,11.0,17189000.0,86.0
2025,12,1,1,2,61,1,3,8.0,1216000.0,56.0
2025,12,1,1,2,30,1,2,10.0,4048000.0,49.0
2025,12,3,1,1,35,3,1,4.0,107000.0,41.0
2025,12,2,1,1,35,2,2,4.0,1912000.0,41.0
2025,12,2,1,1,65,2,3,5.0,2062000.0,49.0
2025,12,3,1,2,34,3,1,5.0,468000.0,97.0
2025,12,3,1,2,23,3,1,11.0,1791000.0,88.0
2025,12,1,1,2,39,1,2,5.0,1516000.0,96.0
2025,12,4,1,2,29,3,1,9.0,1281000.0,64.0
2025,12,2,1,1,28,3,1,5.0,1931000.0,49.0
2025,12,1,1,1,56,1,2,11.0,5844000.0,85.0
2025,12,1,1,2,31,1,2,8.0,1796000.0,56.0
2025,12,1,1,1,41,1,2,10.0,3840000.0,93.0
2025,12,1,1,2,43,1,3,5.0,245000.0,47.0
2025,12,1,1,1,41,1,2,11.0,7642000.0,22.0
2025,12,1,2,2,61,1,3,5.0,1933000.0,56.0
2025,12,1,1,1,69,1,3,3.0,611000.0,47.0
2025,12,1,1,2,42,1,2,11.0,4714000.0,86.0
2025,12,2,1,2,56,2,2,5.0,147000.0,10.0
2025,12,2,1,1,66,3,1,3.0,726000.0,33.0
2025,12,2,1,2,31,2,2,10.0,2272000.0,46.0
2025,12,2,1,1,32,3,1,10.0,2201000.0,79.0
2025,12,1,1,1,44,1,2,1.0,1300000.0,1.0
2025,12,2,1,2,28,6,2,5.0,965000.0,86.0
2025,12,1,1,1,35,1,2,5.0,3153000.0,90.0
2025,12,1,1,1,60,1,2,3.0,1462000.0,47.0
2025,12,2,1,1,29,2,2,10.0,3505000.0,95.0
2025,12,2,1,1,46,2,2,1.0,1184000.0,1.0
2025,12,1,1,1,34,1,2,5.0,2178000.0,92.0
2025,12,1,1,2,46,1,3,1.0,1705000.0,97.0
2025,12,3,1,1,45,3,1,10.0,8076000.0,85.0
2025,12,1,1,1,55,1,3,6.0,2226000.0,47.0
2025,12,1,1,2,27,1,2,9.0,1623000.0,82.0
2025,12,2,1,1,37,2,2,5.0,2247000.0,41.0
2025,12,1,1,1,43,1,2,10.0,9140000.0,84.0
2025,12,2,1,1,57,2,2,3.0,1648000.0,41.0
2025,12,2,1,1,22,2,2,6.0,2162000.0,87.0
2025,12,3,1,2,54,4,2,4.0,1289000.0,56.0
2025,12,2,1,2,32,2,2,9.0,1220000.0,47.0
2025,12,1,1,1,35,1,2,5.0,0.0,43.0
2025,12,2,1,2,22,6,2,10.0,1243000.0,69.0
2025,12,1,1,2,47,1,3,6.0,1257000.0,68.0
2025,12,2,1,1,68,6,3,11.0,461000.0,74.0
2025,12,1,1,2,25,1,2,8.0,2283000.0,86.0
2025,12,1,1,1,40,1,2,10.0,3860000.0,73.0
2025,12,1,1,1,53,1,2,10.0,9811000.0,85.0
2025,12,2,1,2,33,2,2,5.0,1002000.0,47.0
2025,12,1,1,1,45,1,2,5.0,1678000.0,16.0
2025,12,2,1,2,28,6,2,13.0,1544000.0,86.0
2025,12,1,1,2,40,1,2,5.0,14915000.0,10.0
2025,12,2,1,2,26,3,1,11.0,3543000.0,82.0
2025,12,1,1,2,60,1,2,4.0,643000.0,97.0
2025,12,2,1,2,56,2,3,9.0,3435000.0,84.0
2025,12,2,1,2,39,3,3,8.0,685000.0,88.0
2025,12,2,1,1,51,2,3,5.0,1440000.0,38.0
2025,12,1,1,2,46,1,3,4.0,946000.0,56.0
2025,12,1,1,1,62,1,3,11.0,11747000.0,85.0
2025,12,1,1,2,56,1,3,4.0,1241000.0,97.0
2025,12,2,1,1,57,2,2,4.0,1981000.0,10.0
2025,12,2,1,2,50,6,3,9.0,689000.0,47.0
2025,12,2,1,2,39,2,2,9.0,1641000.0,86.0
2025,12,3,1,1,31,3,1,5.0,1313000.0,10.0
2025,12,1,1,2,44,1,3,3.0,309000.0,45.0
2025,12,2,1,1,23,3,1,5.0,1916000.0,46.0
2025,12,2,1,2,50,2,2,4.0,624000.0,56.0
2025,12,2,1,1,42,3,2,5.0,1901000.0,68.0
2025,12,2,1,2,36,2,2,5.0,817000.0,85.0
2025,12,1,1,1,52,1,3,3.0,2040000.0,41.0
2025,12,1,1,1,57,1,2,5.0,1125000.0,81.0
2025,12,2,1,2,41,2,2,10.0,4777000.0,85.0
2025,12,1,1,2,36,1,2,5.0,1318000.0,56.0
2025,12,1,1,2,57,1,3,5.0,1030000.0,81.0
2025,12,1,1,1,45,1,2,5.0,3663000.0,25.0
2025,12,1,1,1,69,1,3,3.0,383000.0,1.0
2025,12,1,1,1,62,1,2,5.0,3754000.0,47.0
2025,12,1,1,1,24,1,2,5.0,2072000.0,56.0
2025,12,1,1,2,67,1,3,6.0,113000.0,1.0
2025,12,3,1,1,38,3,1,5.0,2294000.0,7.0
2025,12,1,1,2,36,1,3,4.0,1517000.0,97.0
2025,12,1,1,2,53,1,3,5.0,1060000.0,47.0
2025,12,1,1,1,37,1,2,5.0,1836000.0,47.0
2025,12,1,1,2,22,1,2,5.0,1932000.0,56.0
2025,12,1,1,1,34,1,2,5.0,1883000.0,47.0
2025,12,3,1,1,22,8,2,5.0,680000.0,97.0
2025,12,2,1,2,51,2,2,6.0,1248000.0,47.0
2025,12,1,1,2,40,1,2,5.0,2712000.0,84.0
2025,12,4,1,1,39,7,3,5.0,1600000.0,47.0
2025,12,2,1,1,58,2,2,3.0,2364000.0,47.0
2025,12,1,1,1,52,1,2,3.0,2441000.0,56.0
2025,12,1,1,1,69,1,3,5.0,2188000.0,45.0
2025,12,1,1,1,42,1,2,10.0,6685000.0,58.0
2025,12,1,1,2,65,1,3,3.0,601000.0,81.0
2025,12,1,1,2,35,1,2,8.0,3686000.0,86.0
2025,12,1,1,2,59,1,2,5.0,450000.0,81.0
2025,12,1,1,1,55,1,1,5.0,1665000.0,1.0
2025,12,1,2,2,39,1,2,5.0,122000.0,81.0
2025,12,1,1,1,31,1,2,6.0,1504000.0,47.0
2025,12,1,1,1,44,1,3,3.0,1549000.0,41.0
2025,12,2,1,2,60,2,3,1.0,100000.0,14.0
2025,12,2,1,2,64,2,3,8.0,1416000.0,94.0
2025,12,1,1,2,45,1,3,10.0,0.0,56.0
2025,12,4,1,1,28,8,1,5.0,1802000.0,29.0
2025,12,1,1,2,44,1,3,10.0,1368000.0,96.0
2025,12,1,1,2,57,1,3,10.0,3906000.0,84.0
2025,12,4,1,1,26,7,2,6.0,0.0,84.0
2025,12,3,1,1,29,3,1,11.0,3628000.0,66.0
2025,12,2,1,2,46,2,3,4.0,392000.0,81.0
2025,12,2,1,2,67,2,3,10.0,5744000.0,21.0
2025,12,5,1,1,20,8,1,5.0,100000.0,96.0
2025,12,2,1,2,29,3,1,10.0,1338000.0,65.0
2025,12,2,1,2,31,3,1,5.0,1275000.0,61.0
2025,12,2,1,2,30,6,2,11.0,10428000.0,84.0
2025,12,1,1,1,58,1,3,3.0,1692000.0,8.0
2025,12,1,1,1,60,1,2,7.0,3900000.0,85.0
2025,12,1,1,1,38,1,2,9.0,3995000.0,95.0
2025,12,1,1,2,52,1,2,4.0,166000.0,14.0
2025,12,2,1,2,47,2,2,9.0,1232000.0,86.0
2025,12,1,1,1,37,1,2,11.0,6209000.0,71.0
2025,12,1,1,1,38,1,2,5.0,2028000.0,49.0
2025,12,2,1,1,24,3,1,5.0,1893000.0,47.0
2025,12,5,1,2,23,3,1,10.0,1356000.0,35.0
2025,12,1,1,2,44,1,2,3.0,1576000.0,56.0
2025,12,1,1,1,33,1,2,5.0,2049000.0,49.0
2025,12,1,1,2,45,1,2,5.0,1190000.0,36.0
2025,12,2,1,2,29,3,2,5.0,1506000.0,86.0
2025,12,1,1,1,54,1,3,9.0,6911000.0,64.0
2025,12,1,1,2,29,1,2,5.0,395000.0,56.0
2025,12,1,1,1,57,1,2,3.0,1421000.0,1.0
2025,12,3,1,2,56,6,3,10.0,3102000.0,64.0
2025,12,1,1,1,35,1,2,3.0,916000.0,1.0
2025,12,3,1,1,65,6,3,5.0,3208000.0,31.0
2025,12,3,1,2,19,3,1,5.0,472000.0,96.0
2025,12,1,1,1,64,1,2,5.0,1623000.0,49.0
2025,12,1,1,2,41,1,3,5.0,859000.0,47.0
2025,12,2,1,2,59,2,2,3.0,292000.0,38.0
2025,12,1,1,1,58,1,2,9.0,3690000.0,47.0
2025,12,2,1,2,30,3,1,10.0,731000.0,47.0
2025,12,1,1,2,44,1,1,10.0,5251000.0,62.0
2025,12,2,1,2,35,2,2,5.0,1354000.0,56.0
2025,12,2,1,1,28,9,3,5.0,618000.0,49.0
2025,12,1,1,1,58,1,3,10.0,6912000.0,85.0
2025,12,2,1,2,58,2,3,5.0,1290000.0,13.0
2025,12,1,1,2,27,1,2,10.0,1364000.0,82.0
2025,12,2,1,2,28,2,2,8.0,1146000.0,46.0
2025,12,1,1,2,54,1,2,5.0,1557000.0,80.0
2025,12,2,1,1,61,2,3,8.0,1295000.0,49.0
2025,12,3,1,2,20,3,1,4.0,1371000.0,56.0
2025,12,3,1,1,47,3,1,4.0,1959000.0,1.0
2025,12,1,1,1,67,1,3,3.0,2095000.0,49.0
2025,12,2,1,1,26,3,1,10.0,2615000.0,84.0
2025,12,1,1,2,42,1,2,5.0,1778000.0,10.0
2025,12,2,1,2,31,3,1,8.0,1586000.0,47.0
2025,12,1,1,1,43,1,2,4.0,2209000.0,41.0
2025,12,1,1,2,55,1,2,3.0,609000.0,56.0
2025,12,1,1,2,51,1,2,3.0,369000.0,81.0
2025,12,5,1,2,56,9,2,5.0,553000.0,97.0
2025,12,3,1,1,22,3,1,10.0,3690000.0,84.0
2025,12,1,1,2,46,1,2,3.0,749000.0,47.0
2025,12,1,1,1,62,1,2,10.0,7828000.0,35.0
2025,12,6,1,1,32,3,1,5.0,3297000.0,47.0
2025,12,2,1,2,51,2,3,3.0,321000.0,81.0
2025,12,2,1,1,55,3,1,10.0,3842000.0,85.0
2025,12,1,1,1,38,1,2,10.0,2292000.0,86.0
2025,12,5,1,2,27,3,1,5.0,205000.0,46.0
2025,12,1,1,2,45,1,3,5.0,1156000.0,97.0
2025,12,1,1,2,54,1,2,1.0,215000.0,81.0
2025,12,1,1,2,45,1,3,5.0,836000.0,81.0
2025,12,1,1,2,63,1,2,3.0,100000.0,47.0
2025,12,1,1,2,39,1,2,11.0,0.0,84.0
2025,12,1,1,1,48,1,2,5.0,1902000.0,68.0
2025,12,3,1,1,26,8,2,3.0,967000.0,49.0
2025,12,1,1,1,55,1,2,4.0,2386000.0,47.0
2025,12,2,1,2,23,3,1,11.0,735000.0,56.0
2025,12,1,1,2,30,1,3,5.0,0.0,7.0
2025,12,3,1,2,24,3,2,10.0,3867000.0,21.0
2025,12,1,1,1,67,1,3,3.0,974000.0,43.0
2025,12,2,1,1,47,2,2,6.0,1276000.0,45.0
2025,12,2,1,2,55,2,2,11.0,5786000.0,84.0
2025,12,1,1,1,42,1,2,9.0,1506000.0,1.0
2025,12,1,1,2,23,1,2,5.0,1550000.0,47.0
2025,12,2,1,2,49,2,2,10.0,2111000.0,22.0
2025,12,1,1,2,35,1,2,10.0,11196000.0,49.0
2025,12,1,1,1,21,1,2,5.0,1956000.0,47.0
2025,12,1,1,2,36,1,2,10.0,2641000.0,86.0
2025,12,2,1,1,46,2,3,4.0,1360000.0,45.0
2025,12,1,1,2,38,1,1,8.0,1400000.0,56.0
2025,12,1,1,2,31,1,2,5.0,1737000.0,97.0
2025,12,1,1,1,40,1,2,5.0,2714000.0,49.0
2025,12,1,1,1,51,1,2,3.0,1753000.0,41.0
2025,12,2,1,2,20,3,1,9.0,1451000.0,82.0
2025,12,1,1,2,56,1,2,5.0,1227000.0,81.0
2025,12,1,1,2,51,1,1,8.0,1796000.0,86.0
2025,12,1,1,1,47,1,2,3.0,1225000.0,47.0
2025,12,1,1,1,44,1,3,5.0,2271000.0,41.0
2025,12,1,1,2,32,1,2,5.0,1255000.0,68.0
2025,12,1,1,2,29,1,2,5.0,2687000.0,96.0
2025,12,2,1,2,31,2,2,10.0,0.0,64.0
2025,12,2,1,1,25,3,1,4.0,2118000.0,41.0
2025,12,3,1,2,27,3,1,10.0,2290000.0,88.0
2025,12,2,1,2,40,2,2,10.0,2095000.0,86.0
2025,12,1,1,1,60,1,3,5.0,994000.0,95.0
2025,12,5,1,2,27,10,2,5.0,1449000.0,97.0
2025,12,2,1,1,29,3,1,8.0,1322000.0,49.0
2025,12,1,1,2,38,1,2,5.0,1454000.0,56.0
2025,12,1,1,2,32,1,2,4.0,1088000.0,81.0
2025,12,1,1,1,53,1,2,9.0,2840000.0,10.0
2025,12,1,1,2,37,1,2,4.0,1778000.0,56.0
2025,12,1,1,1,28,1,2,6.0,1577000.0,41.0
2025,12,2,1,2,40,2,2,9.0,998000.0,47.0
2025,12,1,1,1,42,1,2,5.0,2184000.0,68.0
2025,12,3,1,1,24,3,2,5.0,475000.0,42.0
2025,12,2,1,2,29,2,2,10.0,2183000.0,82.0
2025,12,3,1,1,52,9,3,1.0,1201000.0,1.0
2025,12,1,1,2,46,1,2,11.0,1739000.0,84.0
2025,12,1,1,1,40,1,2,5.0,2015000.0,1.0
2025,12,1,1,1,57,1,3,3.0,1439000.0,49.0
2025,12,1,1,2,33,1,2,5.0,219000.0,10.0
2025,12,1,1,2,56,1,2,7.0,3174000.0,85.0
2025,12,2,1,1,32,2,2,4.0,1812000.0,31.0
2025,12,1,1,1,41,1,2,3.0,2090000.0,71.0
2025,12,2,1,2,47,2,1,5.0,1658000.0,58.0
2025,12,1,1,2,41,1,3,12.0,12109000.0,84.0
2025,12,2,1,1,51,2,3,5.0,629000.0,41.0
2025,12,2,1,1,53,2,2,5.0,1476000.0,41.0
2025,12,1,1,1,65,1,3,10.0,1116000.0,56.0
2025,12,1,1,2,51,1,2,11.0,6031000.0,85.0
2025,12,2,1,1,42,2,2,3.0,1912000.0,45.0
2025,12,1,1,1,45,1,2,5.0,1669000.0,47.0
2025,12,2,1,2,43,2,2,11.0,5916000.0,69.0
2025,12,2,1,2,54,2,2,10.0,0.0,88.0
2025,12,2,1,2,48,2,2,3.0,720000.0,97.0
2025,12,2,1,2,44,2,2,8.0,2955000.0,84.0
2025,12,3,1,2,31,3,1,8.0,1616000.0,47.0
2025,12,1,1,1,38,1,2,4.0,3111000.0,47.0
2025,12,2,1,2,25,3,1,9.0,1472000.0,47.0
2025,12,1,1,2,55,1,3,5.0,1641000.0,92.0
2025,12,1,1,1,31,1,2,5.0,2030000.0,1.0
2025,12,1,1,2,38,1,2,4.0,750000.0,97.0
2025,12,3,1,2,25,3,1,10.0,1696000.0,86.0
2025,12,2,1,2,53,2,3,10.0,6777000.0,86.0
2025,12,2,1,2,57,2,2,9.0,2882000.0,86.0
2025,12,1,1,2,22,1,2,10.0,1691000.0,92.0
2025,12,1,1,1,46,1,2,10.0,17106000.0,47.0
2025,12,3,1,2,66,6,3,5.0,100000.0,47.0
2025,12,1,1,2,50,1,2,8.0,1188000.0,68.0
2025,12,4,1,2,22,3,1,10.0,1507000.0,84.0
2025,12,1,1,2,61,1,3,3.0,207000.0,95.0
2025,12,2,1,2,22,2,2,8.0,1585000.0,86.0
2025,12,1,1,1,21,1,2,10.0,0.0,3.0
2025,12,1,1,2,57,1,2,9.0,1987000.0,84.0
2025,12,1,1,2,73,1,3,3.0,492000.0,47.0
2025,12,2,1,1,23,3,1,5.0,2165000.0,47.0
2025,12,1,1,2,60,1,2,12.0,7975000.0,85.0
2025,12,1,1,2,27,1,2,10.0,1679000.0,94.0
2025,12,1,1,2,64,1,3,4.0,867000.0,96.0
2025,12,2,1,2,36,2,2,8.0,472000.0,81.0
2025,12,1,1,2,66,1,3,3.0,113000.0,56.0
2025,12,1,1,2,25,1,2,10.0,2151000.0,47.0
2025,12,1,1,2,65,1,2,5.0,2868000.0,85.0
2025,12,2,1,2,29,2,2,5.0,1717000.0,96.0
2025,12,1,1,1,28,1,2,5.0,1653000.0,85.0
2025,12,1,1,1,50,1,2,5.0,2848000.0,94.0
2025,12,1,1,1,20,1,1,5.0,2489000.0,49.0
2025,12,1,1,2,30,1,2,8.0,343000.0,47.0
2025,12,2,1,1,43,13,2,5.0,1275000.0,41.0
2025,12,2,1,2,25,9,2,10.0,1761000.0,86.0
2025,12,7,1,1,50,6,3,5.0,922000.0,43.0
2025,12,1,1,1,50,1,3,3.0,1120000.0,2.0
2025,12,1,1,2,34,1,2,5.0,637000.0,97.0
2025,12,2,1,2,47,2,2,10.0,2121000.0,47.0
2025,12,1,1,1,69,1,3,4.0,536000.0,1.0
2025,12,1,1,1,60,1,3,5.0,4402000.0,41.0
2025,12,1,1,1,34,1,2,10.0,2608000.0,43.0
2025,12,1,1,1,30,1,2,10.0,1009000.0,47.0
2025,12,1,1,2,34,1,2,5.0,541000.0,81.0
2025,12,2,1,1,33,6,2,5.0,2103000.0,49.0
2025,12,1,1,1,32,1,2,10.0,2743000.0,85.0
2025,12,2,1,2,29,2,2,10.0,3140000.0,85.0
2025,12,4,1,2,69,9,3,3.0,368000.0,15.0
2025,12,2,1,2,47,3,1,6.0,605000.0,97.0
2025,12,1,1,1,56,1,2,10.0,6026000.0,84.0
2025,12,1,1,2,38,1,3,8.0,1679000.0,86.0
2025,12,1,1,2,63,1,2,8.0,1265000.0,46.0
2025,12,1,1,1,34,1,2,3.0,1867000.0,1.0
2025,12,1,1,2,84,1,3,3.0,501000.0,47.0
2025,12,2,1,1,39,2,2,4.0,1098000.0,1.0
2025,12,1,1,2,57,1,3,5.0,1473000.0,64.0
2025,12,1,1,1,21,1,2,5.0,1743000.0,86.0
2025,12,3,1,1,36,3,1,10.0,2745000.0,84.0
2025,12,1,1,1,20,1,2,9.0,1990000.0,53.0
2025,12,2,1,1,34,2,2,5.0,2864000.0,43.0
2025,12,1,1,2,68,1,2,5.0,236000.0,47.0
2025,12,2,1,2,28,3,1,9.0,1602000.0,55.0
2025,12,3,1,1,33,9,2,5.0,2534000.0,1.0
2025,12,1,1,1,51,1,2,10.0,4741000.0,46.0
2025,12,3,1,1,38,8,2,3.0,1239000.0,52.0
2025,12,1,1,2,23,1,2,4.0,0.0,56.0
2025,12,1,1,1,50,1,1,3.0,1729000.0,1.0
2025,12,2,1,2,20,3,1,5.0,147000.0,47.0
2025,12,2,1,2,53,2,3,3.0,647000.0,56.0
2025,12,1,1,2,59,1,3,3.0,357000.0,38.0
2025,12,3,1,2,39,8,2,6.0,2075000.0,86.0
2025,12,1,1,1,35,1,1,5.0,1959000.0,61.0
2025,12,1,1,1,54,1,2,5.0,2110000.0,5.0
2025,12,5,1,2,33,3,1,8.0,2302000.0,84.0
2025,12,2,1,2,24,3,1,10.0,893000.0,10.0
2025,12,1,1,1,38,1,2,8.0,1021000.0,49.0
2025,12,2,1,2,23,6,2,5.0,1585000.0,14.0
2025,12,5,1,1,66,4,3,3.0,2664000.0,1.0
2025,12,1,1,1,27,1,2,4.0,1931000.0,64.0
2025,12,4,1,1,22,3,1,9.0,2777000.0,62.0
2025,12,1,1,2,42,1,3,8.0,1283000.0,41.0
2025,12,2,1,1,46,2,2,5.0,1601000.0,47.0
2025,12,1,1,1,40,1,2,5.0,1927000.0,41.0
2025,12,1,1,2,38,1,2,4.0,1868000.0,97.0
2025,12,1,1,2,49,1,2,9.0,1369000.0,94.0
2025,12,1,1,2,47,1,3,5.0,1285000.0,47.0
2025,12,2,1,2,36,2,2,8.0,686000.0,47.0
2025,12,2,1,2,45,2,2,5.0,933000.0,10.0
2025,12,2,1,1,33,2,2,4.0,2556000.0,1.0
2025,12,1,1,1,66,1,3,1.0,1544000.0,3.0
2025,12,1,1,2,56,1,2,4.0,682000.0,81.0
2025,12,1,1,1,44,1,3,5.0,1803000.0,47.0
2025,12,1,1,2,59,1,3,8.0,1403000.0,47.0
2025,12,1,1,2,35,1,3,4.0,875000.0,97.0
2025,12,2,1,1,31,3,1,5.0,1965000.0,45.0
2025,12,2,1,1,30,13,2,10.0,12651000.0,84.0
2025,12,1,1,1,62,1,3,3.0,902000.0,49.0
2025,12,1,1,1,43,1,3,4.0,1270000.0,43.0
2025,12,1,1,1,68,1,3,6.0,687000.0,49.0
2025,12,1,1,1,46,1,2,4.0,1247000.0,43.0
2025,12,3,1,1,25,3,1,8.0,2077000.0,47.0
2025,12,1,1,2,65,1,3,3.0,870000.0,56.0
2025,12,3,1,2,40,9,2,10.0,1909000.0,84.0
2025,12,1,1,2,29,1,2,11.0,2551000.0,84.0
2025,12,1,1,2,55,1,2,5.0,1949000.0,47.0
2025,12,1,1,2,71,1,3,5.0,225000.0,95.0
2025,12,1,1,1,59,1,3,3.0,2427000.0,1.0
2025,12,1,1,1,26,1,2,10.0,1449000.0,96.0
2025,12,1,1,1,52,1,3,5.0,2650000.0,47.0
2025,12,1,1,1,51,1,2,4.0,10437000.0,84.0
2025,12,2,1,1,36,3,1,10.0,5021000.0,42.0
2025,12,2,1,2,28,3,2,5.0,1725000.0,47.0
2025,12,1,1,2,38,1,2,8.0,1508000.0,94.0
2025,12,3,1,2,24,3,1,10.0,940000.0,69.0
2025,12,1,1,2,29,1,3,10.0,736000.0,85.0
2025,12,2,1,1,31,2,2,5.0,1968000.0,47.0
2025,12,1,1,2,32,1,2,9.0,1644000.0,55.0
2025,12,1,1,2,35,1,2,11.0,3464000.0,84.0
2025,12,1,1,2,56,1,3,4.0,1607000.0,47.0
2025,12,2,1,1,48,2,2,10.0,5395000.0,46.0
2025,12,1,1,1,69,1,3,3.0,726000.0,1.0
2025,12,1,1,2,57,1,2,11.0,3315000.0,85.0
2025,12,1,1,1,22,1,2,4.0,1642000.0,33.0
2025,12,1,1,2,55,1,3,4.0,854000.0,80.0
2025,12,3,1,2,43,9,2,4.0,751000.0,47.0
2025,12,1,1,2,23,1,2,10.0,1255000.0,56.0
2025,12,1,2,2,29,1,2,5.0,1641000.0,46.0
2025,12,1,1,1,42,1,2,5.0,4073000.0,42.0
2025,12,8,1,2,20,3,1,5.0,541000.0,10.0
2025,12,1,1,2,31,1,2,3.0,193000.0,81.0
2025,12,1,1,1,39,1,2,5.0,2970000.0,1.0
2025,12,2,1,1,33,3,1,5.0,1616000.0,56.0
2025,12,1,1,2,56,1,2,3.0,589000.0,81.0
2025,12,1,1,2,61,1,2,3.0,1299000.0,47.0
2025,12,3,1,2,30,13,2,8.0,1703000.0,94.0
2025,12,1,1,2,39,1,2,5.0,1333000.0,47.0
2025,12,1,1,1,34,1,1,5.0,2722000.0,84.0
2025,12,1,1,2,29,1,2,4.0,1655000.0,97.0
2025,12,3,1,2,25,8,1,10.0,2221000.0,65.0
2025,12,2,1,1,22,2,2,5.0,1734000.0,90.0
2025,12,1,1,1,39,1,2,3.0,2042000.0,1.0
2025,12,3,1,2,25,3,1,5.0,0.0,47.0
2025,12,1,1,2,42,1,2,5.0,850000.0,56.0
2025,12,1,1,2,29,1,2,5.0,1364000.0,47.0
2025,12,2,1,2,18,3,1,8.0,180000.0,47.0
2025,12,1,1,2,29,1,2,6.0,3186000.0,86.0
2025,12,1,1,2,46,1,2,5.0,889000.0,96.0
2025,12,2,1,2,31,3,1,5.0,1152000.0,14.0
2025,12,1,1,2,21,1,2,5.0,238000.0,92.0
2025,12,3,1,2,46,9,2,5.0,1639000.0,68.0
2025,12,1,1,1,26,1,2,8.0,2331000.0,56.0
2025,12,1,1,2,31,1,2,8.0,1063000.0,41.0
2025,12,2,1,1,32,2,2,5.0,1978000.0,88.0
2025,12,1,1,2,43,1,3,10.0,1500000.0,10.0
2025,12,1,1,1,32,1,2,10.0,1943000.0,79.0
2025,12,3,1,1,39,3,1,3.0,2758000.0,32.0
2025,12,1,1,1,31,1,2,10.0,4935000.0,82.0
2025,12,2,1,2,33,2,2,5.0,1426000.0,47.0
2025,12,2,1,1,52,3,1,3.0,1419000.0,41.0
2025,12,1,1,1,45,1,2,5.0,1172000.0,47.0
2025,12,2,1,1,55,2,3,5.0,883000.0,56.0
2025,12,2,1,1,20,3,2,5.0,2197000.0,56.0
2025,12,3,1,2,19,3,1,4.0,444000.0,56.0
2025,12,3,1,2,33,3,1,5.0,1565000.0,20.0
2025,12,1,1,1,37,1,2,5.0,1564000.0,1.0
2025,12,1,1,2,47,1,3,5.0,304000.0,81.0
2025,12,2,1,1,32,3,1,5.0,297000.0,52.0
2025,12,1,1,2,23,1,1,11.0,3625000.0,1.0
2025,12,3,1,1,35,3,1,10.0,2405000.0,85.0
2025,12,1,1,2,76,1,3,5.0,701000.0,68.0
2025,12,1,1,2,54,1,3,3.0,1743000.0,47.0
2025,12,3,1,2,29,3,1,9.0,945000.0,56.0
2025,12,1,1,1,63,1,3,4.0,801000.0,1.0
2025,12,3,1,1,39,3,1,5.0,1224000.0,8.0
2025,12,4,1,2,33,3,1,5.0,1413000.0,96.0
2025,12,3,1,2,37,3,1,5.0,709000.0,97.0
2025,12,2,1,1,43,2,2,12.0,20850000.0,86.0
2025,12,4,1,1,26,3,1,5.0,343000.0,53.0
2025,12,3,1,2,28,3,1,10.0,3182000.0,84.0
2025,12,3,1,1,44,3,1,12.0,6025000.0,64.0
2025,12,2,1,1,54,2,3,3.0,4643000.0,3.0
2025,12,1,1,2,29,1,2,6.0,1496000.0,47.0
2025,12,4,1,2,33,3,1,5.0,519000.0,97.0
2025,12,1,1,1,59,1,3,11.0,3837000.0,85.0
2025,12,1,1,1,33,1,2,5.0,1844000.0,43.0
2025,12,2,1,1,37,2,3,5.0,2408000.0,45.0
2025,12,1,1,1,53,1,3,3.0,1848000.0,25.0
2025,12,2,1,2,34,3,1,8.0,1471000.0,55.0
2025,12,2,1,2,29,2,2,12.0,7295000.0,84.0
2025,12,1,1,2,26,1,2,5.0,1299000.0,56.0
2025,12,4,1,1,22,3,1,5.0,962000.0,56.0
2025,12,1,1,1,48,1,2,10.0,2022000.0,64.0
2025,12,2,1,2,57,2,3,6.0,1011000.0,13.0
2025,12,1,1,2,39,1,2,3.0,1728000.0,93.0
2025,12,1,1,1,43,1,2,4.0,2464000.0,1.0
2025,12,1,1,2,62,1,3,3.0,749000.0,47.0
2025,12,2,1,2,28,3,1,10.0,584000.0,93.0
2025,12,1,1,1,57,1,3,5.0,1756000.0,47.0
2025,12,5,1,2,52,4,2,3.0,1424000.0,55.0
2025,12,3,1,2,34,3,1,5.0,936000.0,56.0
2025,12,2,1,2,51,3,1,10.0,1757000.0,69.0
2025,12,1,1,1,31,1,2,8.0,1946000.0,15.0
2025,12,2,1,1,43,2,2,5.0,1429000.0,47.0
2025,12,1,1,2,42,1,2,10.0,5390000.0,86.0
2025,12,1,1,1,75,1,3,1.0,300000.0,1.0
2025,12,1,1,1,70,1,3,3.0,2451000.0,1.0
2025,12,2,1,2,43,2,2,11.0,6031000.0,84.0
2025,12,8,1,2,21,3,1,8.0,1538000.0,86.0
2025,12,4,1,2,55,4,3,5.0,1772000.0,84.0
2025,12,1,1,2,27,1,3,5.0,563000.0,96.0
2025,12,1,1,2,42,1,1,11.0,12772000.0,46.0
2025,12,3,1,1,67,6,3,8.0,1549000.0,41.0
2025,12,2,1,1,52,2,2,6.0,1967000.0,42.0
2025,12,3,1,2,33,3,1,9.0,9659000.0,47.0
2025,12,1,1,2,71,1,3,5.0,0.0,97.0
2025,12,2,1,2,37,2,2,5.0,136000.0,56.0
2025,12,1,1,2,72,1,3,3.0,248000.0,47.0
2025,12,1,1,2,38,1,2,5.0,1596000.0,47.0
2025,12,2,2,2,27,2,2,5.0,1546000.0,47.0
2025,12,1,1,2,64,1,2,4.0,2106000.0,47.0
2025,12,1,1,1,39,1,2,6.0,3056000.0,61.0
2025,12,3,1,2,38,9,2,8.0,192000.0,56.0
2025,12,2,1,2,37,2,2,5.0,976000.0,3.0
2025,12,1,1,2,47,1,2,5.0,182000.0,47.0
2025,12,1,1,2,30,1,2,10.0,1630000.0,14.0
2025,12,1,1,2,34,1,2,5.0,692000.0,47.0
2025,12,1,1,2,55,1,2,10.0,4341000.0,62.0
2025,12,1,1,2,45,1,2,5.0,278000.0,81.0
2025,12,2,1,2,39,2,2,11.0,4812000.0,84.0
2025,12,2,1,2,20,8,2,8.0,1478000.0,64.0
2025,12,2,1,1,50,2,3,3.0,1719000.0,41.0
2025,12,2,1,1,37,2,2,6.0,0.0,47.0
2025,12,1,1,2,43,1,2,3.0,970000.0,81.0
2025,12,1,1,1,54,1,3,12.0,4346000.0,85.0
2025,12,5,1,2,24,3,1,9.0,1208000.0,47.0
2025,12,2,1,1,24,3,2,5.0,2072000.0,47.0
2025,12,2,1,2,37,2,2,10.0,2648000.0,84.0
2025,12,4,1,2,27,3,1,10.0,5815000.0,47.0
2025,12,6,1,1,19,13,2,4.0,404000.0,47.0
2025,12,4,1,2,57,3,1,5.0,511000.0,47.0
2025,12,2,1,1,25,3,1,5.0,909000.0,8.0
2025,12,1,1,1,31,1,2,5.0,2638000.0,41.0
2025,12,2,1,2,46,2,2,1.0,437000.0,97.0
2025,12,1,1,2,41,1,1,10.0,3772000.0,84.0
2025,12,1,1,1,59,1,2,1.0,1377000.0,41.0
2025,12,2,1,2,44,2,3,5.0,1367000.0,47.0
2025,12,1,1,1,72,1,3,3.0,437000.0,92.0
2025,12,2,1,1,60,2,2,4.0,771000.0,52.0
2025,12,1,1,2,40,1,2,10.0,2449000.0,84.0
2025,12,2,1,2,20,3,1,9.0,1274000.0,56.0
2025,12,3,1,2,21,8,1,10.0,139000.0,47.0
2025,12,3,1,1,56,3,3,4.0,2276000.0,56.0
2025,12,1,1,2,39,1,2,5.0,1483000.0,56.0
2025,12,3,1,2,29,3,1,9.0,0.0,47.0
2025,12,2,1,2,43,3,3,10.0,3539000.0,84.0
2025,12,1,1,2,44,1,2,4.0,1761000.0,97.0
2025,12,1,1,2,21,1,2,10.0,1026000.0,56.0
2025,12,5,1,2,20,8,1,8.0,1545000.0,49.0
2025,12,1,1,2,51,1,2,10.0,2653000.0,85.0
2025,12,1,1,2,51,1,2,4.0,1496000.0,14.0
2025,12,1,1,1,63,1,3,3.0,695000.0,1.0
2025,12,3,1,2,41,3,1,3.0,201000.0,97.0
2025,12,1,1,2,76,1,3,3.0,475000.0,14.0
2025,12,1,1,1,56,1,3,10.0,3702000.0,64.0
2025,12,1,1,2,34,1,3,8.0,1413000.0,42.0
2025,12,2,1,1,30,2,2,5.0,1311000.0,49.0
2025,12,1,1,2,43,1,2,10.0,3196000.0,85.0
2025,12,1,1,2,18,1,2,5.0,1224000.0,47.0
2025,12,1,1,1,55,1,3,3.0,1905000.0,1.0
2025,12,1,1,1,37,1,2,5.0,4520000.0,9.0
2025,12,1,1,1,59,1,2,5.0,1916000.0,56.0
2025,12,4,1,2,25,3,1,8.0,1965000.0,86.0
2025,12,1,1,2,56,1,2,3.0,340000.0,97.0
2025,12,2,1,2,60,6,3,5.0,828000.0,1.0
2025,12,4,1,1,21,3,1,5.0,857000.0,45.0
2025,12,1,1,1,63,1,3,3.0,1788000.0,41.0
2025,12,2,1,2,46,2,2,3.0,1591000.0,86.0
2025,12,2,1,1,32,2,2,4.0,1395000.0,53.0
2025,12,1,1,1,31,1,2,10.0,2719000.0,61.0
2025,12,1,1,2,65,1,2,8.0,1507000.0,47.0
2025,12,1,1,1,40,1,2,5.0,1723000.0,45.0
2025,12,1,1,1,55,1,3,3.0,1713000.0,1.0
2025,12,3,1,2,45,3,1,5.0,0.0,74.0
2025,12,2,1,2,62,2,3,1.0,561000.0,81.0
2025,12,2,1,2,41,2,2,5.0,1157000.0,82.0
2025,12,2,1,2,20,3,1,5.0,926000.0,56.0
2025,12,1,1,1,65,1,3,1.0,580000.0,41.0
2025,12,1,1,2,30,1,2,4.0,1091000.0,47.0
2025,12,3,1,1,24,3,1,5.0,2017000.0,13.0
2025,12,2,1,1,22,2,2,3.0,2361000.0,38.0
2025,12,4,1,2,33,3,1,5.0,699000.0,96.0
2025,12,1,1,1,74,1,3,3.0,1128000.0,1.0
2025,12,1,1,1,68,1,3,3.0,256000.0,1.0
2025,12,2,1,2,53,3,1,10.0,4091000.0,84.0
2025,12,1,1,1,44,1,2,3.0,760000.0,1.0
2025,12,2,1,2,51,2,2,9.0,2804000.0,74.0
2025,12,1,1,1,31,1,2,10.0,6712000.0,47.0
2025,12,1,1,2,55,1,2,3.0,1133000.0,47.0
2025,12,2,1,2,19,2,2,4.0,0.0,88.0
2025,12,1,1,2,32,1,2,10.0,3468000.0,86.0
2025,12,1,1,2,59,1,2,3.0,1485000.0,47.0
2025,12,2,1,1,24,2,2,10.0,974000.0,53.0
2025,12,1,1,1,72,1,3,3.0,1221000.0,56.0
2025,12,1,1,1,24,1,2,10.0,3854000.0,62.0
2025,12,1,1,2,45,1,2,8.0,1848000.0,10.0
2025,12,2,1,2,27,2,2,11.0,975000.0,85.0
2025,12,1,1,2,44,1,2,10.0,859000.0,64.0
2025,12,1,1,2,32,1,2,5.0,900000.0,47.0
2025,12,1,1,1,50,1,2,10.0,2484000.0,26.0
2025,12,2,1,2,34,2,2,8.0,3118000.0,64.0
2025,12,2,1,2,47,2,3,10.0,2901000.0,86.0
2025,12,1,1,2,34,1,2,10.0,0.0,73.0
2025,12,2,1,1,54,2,3,4.0,393000.0,1.0
2025,12,2,1,1,29,2,2,4.0,1466000.0,41.0
2025,12,2,1,2,64,13,3,5.0,1247000.0,10.0
2025,12,2,1,1,38,3,1,10.0,0.0,14.0
2025,12,2,1,2,27,3,1,5.0,687000.0,90.0
2025,12,1,1,2,22,1,3,4.0,378000.0,47.0
2025,12,2,1,1,39,2,1,8.0,1352000.0,49.0
2025,12,1,1,2,34,1,2,10.0,370000.0,96.0
2025,12,1,1,2,38,1,2,5.0,1285000.0,56.0
2025,12,2,1,2,26,2,2,8.0,1354000.0,52.0
2025,12,1,1,2,62,1,3,10.0,4224000.0,85.0
2025,12,1,1,2,53,1,2,5.0,7934000.0,15.0
2025,12,2,1,2,37,2,2,5.0,100000.0,56.0
2025,12,2,1,2,26,2,2,10.0,1366000.0,46.0
2025,12,1,1,1,79,1,3,4.0,127000.0,13.0
2025,12,1,1,1,70,1,3,3.0,1347000.0,47.0
2025,12,1,1,1,81,1,3,10.0,14752000.0,50.0
2025,12,2,1,2,42,2,2,10.0,2570000.0,85.0
2025,12,2,1,1,28,3,1,6.0,2059000.0,46.0
2025,12,1,1,2,46,1,2,6.0,1448000.0,85.0
2025,12,2,1,2,44,3,1,12.0,2247000.0,65.0
2025,12,3,1,2,21,3,1,5.0,895000.0,82.0
2025,12,2,1,1,34,3,1,5.0,1050000.0,47.0
2025,12,1,1,1,33,1,2,5.0,4793000.0,84.0
2025,12,1,1,1,61,1,3,5.0,282000.0,47.0
2025,12,1,1,1,47,1,3,9.0,1639000.0,49.0
2025,12,1,1,2,52,1,2,5.0,0.0,88.0
2025,12,2,1,2,47,2,2,5.0,839000.0,56.0
2025,12,1,1,2,33,1,3,5.0,1082000.0,7.0
2025,12,1,1,1,45,1,2,5.0,1826000.0,49.0
2025,12,4,1,2,19,7,2,5.0,640000.0,97.0
2025,12,1,1,2,49,1,2,10.0,3313000.0,47.0
2025,12,1,1,1,62,1,3,3.0,1827000.0,1.0
2025,12,1,1,2,50,1,2,11.0,4824000.0,85.0
2025,12,1,1,2,24,1,2,9.0,1252000.0,49.0
2025,12,1,1,1,62,1,3,3.0,646000.0,49.0
2025,12,2,1,2,43,2,2,8.0,1488000.0,55.0
2025,12,1,1,2,35,1,2,5.0,1951000.0,47.0
2025,12,1,1,2,40,1,3,3.0,474000.0,38.0
2025,12,1,1,2,60,1,2,9.0,366000.0,96.0
2025,12,2,1,2,49,3,3,8.0,1188000.0,56.0
2025,12,1,1,1,63,1,2,3.0,1520000.0,42.0
2025,12,2,1,2,55,4,3,8.0,1873000.0,84.0
2025,12,2,1,2,40,2,2,8.0,1291000.0,86.0
2025,12,1,1,2,36,1,3,3.0,1408000.0,56.0
2025,12,1,1,1,34,1,2,10.0,3043000.0,64.0
2025,12,1,1,2,32,1,3,5.0,100000.0,47.0
2025,12,1,1,2,32,1,2,8.0,1326000.0,47.0
2025,12,4,1,2,21,6,2,8.0,1298000.0,86.0
2025,12,2,1,2,48,6,3,11.0,8874000.0,17.0
2025,12,1,1,2,20,1,2,8.0,1760000.0,86.0
2025,12,2,1,2,30,2,3,6.0,853000.0,56.0
2025,12,2,1,2,85,2,3,4.0,100000.0,47.0
2025,12,2,1,2,51,2,3,7.0,2854000.0,85.0
2025,12,2,1,2,59,2,2,13.0,10883000.0,85.0
2025,12,3,1,2,27,3,1,10.0,1257000.0,41.0
2025,12,1,1,2,31,1,2,5.0,379000.0,56.0
2025,12,1,1,2,22,1,2,8.0,1003000.0,82.0
2025,12,3,1,1,29,3,1,10.0,3454000.0,55.0
2025,12,2,1,2,27,3,2,11.0,1525000.0,75.0
2025,12,1,1,1,51,1,1,9.0,3266000.0,64.0
2025,12,1,1,2,58,1,3,10.0,3143000.0,85.0
2025,12,2,1,1,42,3,1,10.0,3101000.0,69.0
2025,12,2,1,1,42,2,2,4.0,965000.0,1.0
2025,12,3,1,1,18,3,1,5.0,108000.0,47.0
2025,12,2,1,2,47,2,2,5.0,1567000.0,14.0
2025,12,2,1,1,55,2,2,5.0,2561000.0,49.0
2025,12,1,1,1,48,1,3,5.0,956000.0,45.0
2025,12,1,1,1,39,1,2,5.0,1765000.0,36.0
2025,12,1,1,1,53,1,2,3.0,878000.0,56.0
2025,12,2,1,2,55,3,1,10.0,1408000.0,15.0
2025,12,1,1,2,38,1,2,10.0,6543000.0,88.0
2025,12,1,1,1,46,1,2,5.0,1540000.0,41.0
2025,12,1,1,2,55,1,3,11.0,5905000.0,85.0
2025,12,2,1,2,30,2,2,9.0,1359000.0,14.0
2025,12,1,1,1,50,1,2,9.0,4515000.0,61.0
2025,12,1,1,2,69,1,3,5.0,1555000.0,56.0
2025,12,1,1,1,54,1,2,3.0,1870000.0,41.0
2025,12,1,1,1,57,1,2,3.0,1388000.0,1.0
2025,12,1,1,1,41,1,2,5.0,1916000.0,25.0
2025,12,1,1,2,43,1,2,8.0,130000.0,56.0
2025,12,2,1,1,29,3,1,10.0,1839000.0,46.0
2025,12,3,1,1,26,9,3,5.0,1511000.0,49.0
2025,12,1,1,2,25,1,2,4.0,1741000.0,56.0
2025,12,1,1,1,59,1,3,4.0,4058000.0,49.0
2025,12,2,1,1,30,3,1,4.0,1546000.0,45.0
2025,12,1,1,2,30,1,2,5.0,100000.0,14.0
2025,12,1,1,2,34,1,2,5.0,1705000.0,49.0
2025,12,2,1,2,34,3,1,3.0,0.0,56.0
2025,12,1,1,1,78,1,3,3.0,0.0,1.0
2025,12,1,1,1,71,1,2,4.0,2914000.0,45.0
2025,12,1,1,2,54,1,3,3.0,1496000.0,97.0
2025,12,3,1,1,25,3,1,3.0,805000.0,1.0
2025,12,1,1,2,47,1,3,12.0,2916000.0,85.0
2025,12,3,1,2,18,3,1,5.0,1316000.0,47.0
2025,12,1,1,2,23,1,2,10.0,262000.0,75.0
2025,12,4,1,2,23,3,1,10.0,0.0,84.0
2025,12,1,1,2,71,1,3,3.0,535000.0,56.0
2025,12,2,1,2,41,2,2,5.0,2126000.0,1.0
2025,12,3,1,2,45,3,1,10.0,2283000.0,86.0
2025,12,2,1,2,45,2,2,8.0,1569000.0,96.0
2025,12,2,1,1,23,3,1,5.0,1647000.0,49.0
2025,12,1,2,2,28,1,2,5.0,1513000.0,56.0
2025,12,2,1,2,45,2,2,5.0,807000.0,47.0
2025,12,1,1,1,41,1,1,3.0,815000.0,3.0
2025,12,1,1,1,60,1,3,5.0,8390000.0,63.0
2025,12,1,1,1,39,1,2,9.0,2261000.0,46.0
2025,12,1,1,1,30,1,2,4.0,1171000.0,52.0
2025,12,3,1,1,31,3,1,5.0,2830000.0,45.0
2025,12,1,1,1,43,1,2,10.0,6078000.0,82.0
2025,12,2,1,1,26,2,2,5.0,1780000.0,49.0
2025,12,1,1,2,28,1,2,10.0,1072000.0,10.0
2025,12,1,1,1,33,1,2,5.0,3926000.0,84.0
2025,12,2,1,1,68,2,3,3.0,505000.0,49.0
2025,12,2,1,1,60,2,3,3.0,1961000.0,25.0
2025,12,4,1,2,18,3,1,5.0,381000.0,56.0
2025,12,1,1,2,27,1,2,5.0,585000.0,47.0
2025,12,1,1,2,36,1,2,10.0,6562000.0,85.0
2025,12,2,1,2,25,8,2,10.0,1857000.0,46.0
2025,12,1,1,1,37,1,2,5.0,965000.0,1.0
2025,12,1,1,1,30,1,2,10.0,2050000.0,62.0
2025,12,2,1,1,47,3,1,3.0,708000.0,1.0
2025,12,4,1,2,28,3,1,10.0,4788000.0,64.0
2025,12,1,1,2,33,1,2,8.0,1047000.0,97.0
2025,12,1,1,2,39,1,2,3.0,505000.0,56.0
2025,12,2,1,1,32,6,2,5.0,1653000.0,49.0
2025,12,1,1,1,44,1,3,9.0,1039000.0,47.0
2025,12,1,1,1,59,1,2,4.0,2317000.0,47.0
2025,12,1,1,2,33,1,2,5.0,118000.0,56.0
2025,12,1,1,1,28,1,2,5.0,3278000.0,41.0
2025,12,1,1,1,53,1,2,3.0,2520000.0,95.0
2025,12,1,1,2,42,1,2,10.0,3048000.0,85.0
2025,12,1,1,1,53,1,2,3.0,1771000.0,49.0
2025,12,1,1,2,48,1,3,4.0,262000.0,81.0
2025,12,1,1,2,63,1,2,3.0,1051000.0,1.0
2025,12,1,1,1,47,1,2,5.0,1372000.0,49.0
2025,12,1,1,2,38,1,2,9.0,1422000.0,47.0
2025,12,1,1,1,60,1,3,5.0,2010000.0,41.0
2025,12,2,1,2,52,3,1,5.0,579000.0,56.0
2025,12,1,1,2,31,1,2,5.0,1181000.0,56.0
2025,12,3,1,2,28,3,1,8.0,1694000.0,86.0
2025,12,1,1,2,26,1,1,5.0,211000.0,15.0
2025,12,2,1,1,28,2,2,6.0,1868000.0,47.0
2025,12,1,1,2,48,1,3,8.0,1529000.0,86.0
2025,12,1,1,2,32,1,2,11.0,2034000.0,73.0
2025,12,1,1,1,27,1,2,10.0,1421000.0,96.0
2025,12,3,1,1,28,3,1,5.0,2283000.0,45.0
2025,12,2,1,2,51,2,2,8.0,1027000.0,85.0
2025,12,1,1,1,69,1,3,3.0,2580000.0,25.0
2025,12,1,1,1,55,1,3,3.0,944000.0,47.0
2025,12,2,1,2,46,2,3,11.0,2611000.0,80.0
2025,12,1,1,1,46,1,2,8.0,1975000.0,86.0
2025,12,1,1,2,37,1,3,10.0,3378000.0,84.0
2025,12,1,1,2,32,1,2,4.0,1360000.0,47.0
2025,12,1,1,2,40,1,3,8.0,536000.0,47.0
2025,12,2,1,2,41,2,2,5.0,517000.0,97.0
2025,12,1,1,2,63,1,3,1.0,1613000.0,97.0
2025,12,1,1,1,35,1,3,11.0,4947000.0,84.0
2025,12,1,1,1,38,1,3,8.0,2291000.0,85.0
2025,12,3,1,2,24,3,1,5.0,659000.0,15.0
2025,12,1,1,1,26,1,2,5.0,1843000.0,80.0
2025,12,1,2,1,33,1,2,10.0,2613000.0,86.0
2025,12,1,1,2,26,1,2,10.0,2976000.0,20.0
2025,12,1,1,1,32,1,2,6.0,4162000.0,1.0
2025,12,1,1,2,47,1,3,5.0,1912000.0,97.0
2025,12,1,1,1,53,1,2,10.0,0.0,1.0
2025,12,1,1,2,55,1,3,10.0,914000.0,70.0
2025,12,1,1,2,58,1,2,3.0,712000.0,56.0
2025,12,5,1,2,60,10,3,3.0,1171000.0,97.0
2025,12,1,1,2,37,1,2,5.0,456000.0,56.0
2025,12,1,1,1,24,1,2,5.0,3625000.0,45.0
2025,12,3,1,1,21,3,1,5.0,664000.0,1.0
2025,12,1,1,1,27,1,2,6.0,3319000.0,94.0
2025,12,2,1,1,51,2,2,3.0,1565000.0,1.0
2025,12,1,1,1,45,1,2,5.0,1074000.0,45.0
2025,12,1,1,1,45,1,2,1.0,228000.0,47.0
2025,12,2,1,2,24,2,2,5.0,1180000.0,47.0
2025,12,1,1,1,50,1,2,5.0,2032000.0,46.0
2025,12,1,1,2,55,1,2,5.0,558000.0,1.0
2025,12,3,1,2,19,13,2,5.0,1645000.0,47.0
2025,12,1,1,2,48,1,2,5.0,1025000.0,56.0
2025,12,2,1,2,59,2,3,4.0,508000.0,56.0
2025,12,3,1,2,44,3,1,10.0,1603000.0,85.0
2025,12,1,1,2,57,1,3,5.0,316000.0,47.0
2025,12,1,1,2,26,1,2,5.0,1287000.0,56.0
2025,12,1,1,2,50,1,3,5.0,719000.0,47.0
2025,12,3,1,2,19,3,1,5.0,599000.0,10.0
2025,12,2,1,1,43,2,3,4.0,2513000.0,41.0
2025,12,2,1,2,64,2,3,4.0,746000.0,47.0
2025,12,2,1,2,47,2,3,11.0,3955000.0,85.0
2025,12,1,1,1,69,1,3,3.0,641000.0,1.0
2025,12,1,1,1,33,1,2,10.0,2304000.0,32.0
2025,12,1,1,2,28,1,2,8.0,1234000.0,47.0
2025,12,1,1,1,61,1,3,10.0,4576000.0,85.0
2025,12,2,1,2,36,2,2,5.0,466000.0,81.0
2025,12,2,1,1,24,3,1,6.0,1898000.0,53.0
2025,12,1,1,2,23,1,2,10.0,1432000.0,47.0
2025,12,1,1,2,41,1,2,4.0,1470000.0,56.0
2025,12,1,1,1,52,1,2,4.0,1068000.0,41.0
2025,12,1,1,1,57,1,3,5.0,1292000.0,47.0
2025,12,1,1,1,57,1,2,10.0,4559000.0,71.0
2025,12,2,1,1,36,8,2,9.0,2733000.0,55.0
2025,12,1,1,1,51,1,3,3.0,1644000.0,10.0
2025,12,5,1,1,25,3,1,5.0,613000.0,96.0
2025,12,2,1,1,37,2,2,8.0,1672000.0,35.0
2025,12,1,1,2,53,1,1,8.0,2428000.0,86.0
2025,12,1,1,1,29,1,2,5.0,2406000.0,95.0
2025,12,1,1,1,25,1,2,5.0,1497000.0,41.0
2025,12,1,1,2,34,1,2,5.0,197000.0,97.0
2025,12,1,1,2,45,1,2,5.0,475000.0,81.0
2025,12,1,1,2,49,1,1,3.0,952000.0,47.0
2025,12,2,1,2,40,2,2,10.0,2833000.0,69.0
2025,12,1,1,1,38,1,2,5.0,1806000.0,42.0
2025,12,1,1,2,31,1,1,5.0,1234000.0,56.0
2025,12,5,1,1,25,7,2,5.0,3709000.0,61.0
2025,12,2,1,2,56,2,1,10.0,15286000.0,85.0
2025,12,1,1,1,65,1,2,5.0,2566000.0,1.0
2025,12,1,1,2,63,1,2,8.0,522000.0,47.0
2025,12,3,1,1,57,7,2,3.0,2218000.0,68.0
2025,12,3,1,1,71,6,3,3.0,2689000.0,46.0
2025,12,5,1,1,42,6,3,3.0,1168000.0,95.0
2025,12,1,1,2,72,1,3,3.0,183000.0,38.0
2025,12,1,1,2,29,1,2,5.0,1434000.0,56.0
2025,12,1,1,2,62,1,3,1.0,100000.0,16.0
2025,12,1,1,1,18,1,2,5.0,1039000.0,45.0
2025,12,2,1,2,53,2,3,5.0,822000.0,97.0
2025,12,1,1,2,48,1,2,3.0,850000.0,47.0
2025,12,3,1,1,25,3,1,9.0,2038000.0,47.0
2025,12,2,1,2,34,2,2,10.0,1844000.0,52.0
2025,12,3,1,2,26,3,1,10.0,1690000.0,65.0
2025,12,1,1,1,33,1,2,5.0,2897000.0,49.0
2025,12,2,1,1,38,2,2,8.0,2659000.0,43.0
2025,12,2,1,2,65,2,3,3.0,100000.0,14.0
2025,12,2,1,1,40,3,1,5.0,1527000.0,41.0
2025,12,2,1,1,24,2,2,8.0,1840000.0,17.0
2025,12,2,1,1,56,2,2,5.0,2648000.0,41.0
2025,12,1,1,2,56,1,2,5.0,832000.0,56.0
2025,12,2,1,1,61,2,3,3.0,844000.0,49.0
2025,12,1,1,1,27,1,2,8.0,1669000.0,56.0
2025,12,2,1,2,55,2,2,4.0,136000.0,97.0
2025,12,1,1,2,36,1,3,8.0,1960000.0,86.0
2025,12,2,1,2,29,2,2,1.0,316000.0,1.0
2025,12,2,1,2,28,6,2,8.0,567000.0,20.0
2025,12,3,1,2,23,8,2,8.0,1213000.0,86.0
2025,12,2,1,2,58,2,2,10.0,4373000.0,38.0
2025,12,1,1,1,45,1,2,3.0,2365000.0,97.0
2025,12,1,1,2,40,1,2,4.0,486000.0,10.0
2025,12,1,1,1,33,1,2,9.0,414000.0,47.0
2025,12,2,1,1,35,2,2,8.0,1873000.0,53.0
2025,12,3,1,2,19,3,1,8.0,416000.0,97.0
2025,12,1,1,1,58,1,2,10.0,4528000.0,62.0
2025,12,1,1,2,33,1,2,10.0,4251000.0,69.0
2025,12,1,1,1,46,1,2,4.0,793000.0,94.0
2025,12,2,1,2,38,2,2,4.0,443000.0,56.0
2025,12,1,1,1,39,1,2,6.0,6554000.0,84.0
2025,12,2,1,2,33,3,1,9.0,0.0,96.0
2025,12,3,1,2,42,10,3,3.0,2430000.0,97.0
2025,12,1,1,1,57,1,2,10.0,5735000.0,60.0
2025,12,3,1,1,26,3,1,4.0,1708000.0,1.0
2025,12,1,1,2,47,1,1,11.0,2740000.0,68.0
2025,12,1,1,2,31,1,2,3.0,1154000.0,56.0
2025,12,1,1,1,54,1,3,8.0,2109000.0,49.0
2025,12,1,1,1,43,1,3,12.0,8208000.0,85.0
2025,12,2,1,2,23,2,2,5.0,136000.0,96.0
2025,12,2,1,1,58,2,2,3.0,1256000.0,1.0
2025,12,1,1,2,47,1,3,1.0,916000.0,97.0
2025,12,1,1,2,61,1,2,11.0,10833000.0,86.0
2025,12,2,1,2,43,2,2,6.0,502000.0,15.0
2025,12,1,1,2,57,1,3,9.0,1342000.0,46.0
2025,12,1,1,1,29,1,2,5.0,1555000.0,86.0
2025,12,2,1,2,47,2,2,3.0,797000.0,97.0
2025,12,2,1,1,72,2,3,10.0,2434000.0,49.0
2025,12,2,1,2,66,3,1,5.0,590000.0,97.0
2025,12,1,1,1,55,1,1,5.0,939000.0,49.0
2025,12,2,1,2,38,2,3,8.0,886000.0,93.0
2025,12,3,1,1,33,3,1,12.0,5156000.0,82.0
2025,12,1,1,1,52,1,2,3.0,763000.0,1.0
2025,12,1,1,1,50,1,2,4.0,1823000.0,49.0
2025,12,1,1,1,37,1,2,5.0,1776000.0,42.0
2025,12,2,1,1,33,2,2,5.0,997000.0,49.0
2025,12,1,1,2,33,1,2,5.0,1479000.0,85.0
2025,12,2,1,2,21,2,2,4.0,1221000.0,56.0
2025,12,1,1,2,48,1,2,5.0,962000.0,14.0
2025,12,2,1,1,35,2,2,5.0,2666000.0,41.0
2025,12,3,1,1,40,8,1,8.0,1597000.0,41.0
2025,12,1,1,1,52,1,2,3.0,2308000.0,1.0
2025,12,1,1,2,37,1,2,9.0,1255000.0,47.0
2025,12,1,1,2,55,1,3,4.0,953000.0,92.0
2025,12,1,1,2,34,1,2,10.0,2471000.0,82.0
2025,12,2,1,1,18,6,2,10.0,280000.0,47.0
2025,12,1,1,1,77,1,3,3.0,4824000.0,1.0
2025,12,1,1,2,52,1,2,10.0,0.0,85.0
2025,12,1,1,1,57,1,3,9.0,1993000.0,43.0
2025,12,2,1,2,33,2,2,5.0,359000.0,14.0
2025,12,1,1,2,43,1,2,10.0,2744000.0,65.0
2025,12,3,1,2,25,3,1,10.0,1919000.0,85.0
2025,12,1,1,1,61,1,3,4.0,993000.0,43.0
2025,12,2,1,2,30,2,2,6.0,2153000.0,45.0
2025,12,2,1,2,54,2,2,4.0,1576000.0,96.0
2025,12,2,1,1,53,2,2,4.0,813000.0,96.0
2025,12,3,1,2,20,3,1,5.0,1639000.0,56.0
2025,12,1,1,2,39,1,2,5.0,720000.0,95.0
2025,12,2,1,2,68,2,3,5.0,182000.0,56.0
2025,12,1,1,2,66,1,3,4.0,533000.0,81.0
2025,12,2,1,1,46,2,3,3.0,2449000.0,41.0
2025,12,2,1,2,38,2,2,4.0,422000.0,97.0
2025,12,1,1,2,50,1,2,3.0,259000.0,7.0
2025,12,1,1,2,39,1,2,3.0,100000.0,81.0
2025,12,4,1,1,52,13,3,4.0,2475000.0,56.0
2025,12,3,1,2,26,3,1,6.0,1420000.0,47.0
2025,12,1,1,2,43,1,3,5.0,1574000.0,56.0
2025,12,2,1,2,25,2,2,5.0,1452000.0,96.0
2025,12,1,1,2,30,1,2,3.0,416000.0,1.0
2025,12,3,1,2,55,3,1,5.0,1084000.0,47.0
2025,12,2,1,2,55,2,2,8.0,2856000.0,56.0
2025,12,6,1,1,45,9,2,1.0,1489000.0,1.0
2025,12,1,1,2,24,1,2,4.0,4117000.0,47.0
2025,12,1,1,1,66,1,3,3.0,1393000.0,1.0
2025,12,2,1,1,25,3,1,5.0,982000.0,7.0
2025,12,1,1,1,48,1,3,8.0,4544000.0,84.0
2025,12,4,1,2,42,13,2,5.0,1048000.0,82.0
2025,12,4,1,1,27,3,1,8.0,2435000.0,56.0
2025,12,2,1,2,55,2,3,1.0,293000.0,47.0
2025,12,1,1,1,28,1,2,4.0,1638000.0,25.0
2025,12,1,1,2,34,1,2,8.0,1659000.0,10.0
2025,12,1,1,1,39,1,2,6.0,1822000.0,43.0
2025,12,3,1,2,33,3,1,5.0,454000.0,92.0
2025,12,2,1,2,51,2,3,10.0,2825000.0,85.0
2025,12,2,1,2,31,2,2,5.0,0.0,46.0
2025,12,8,1,2,29,7,2,5.0,241000.0,56.0
2025,12,2,1,1,58,2,3,4.0,2618000.0,55.0
2025,12,1,1,2,39,1,3,10.0,1693000.0,56.0
2025,12,1,1,1,63,1,3,8.0,2185000.0,96.0
2025,12,3,1,2,21,3,1,10.0,2259000.0,94.0
2025,12,1,1,1,65,1,2,5.0,2307000.0,84.0
2025,12,2,1,1,22,3,1,5.0,1115000.0,1.0
2025,12,1,1,1,38,1,3,4.0,2737000.0,56.0
2025,12,3,1,1,56,3,3,5.0,3086000.0,90.0
2025,12,1,1,1,28,1,2,5.0,1123000.0,1.0
2025,12,2,1,2,32,2,2,10.0,2294000.0,64.0
2025,12,1,1,1,41,1,2,10.0,6459000.0,11.0
2025,12,2,1,2,44,2,2,8.0,846000.0,64.0
2025,12,3,1,2,20,3,1,10.0,875000.0,53.0
2025,12,2,1,1,24,2,2,5.0,1754000.0,96.0
2025,12,1,1,2,43,1,2,3.0,1001000.0,97.0
2025,12,4,1,2,52,6,3,5.0,1374000.0,14.0
2025,12,2,1,1,58,2,2,4.0,1745000.0,33.0
2025,12,2,1,1,56,2,2,5.0,4300000.0,49.0
2025,12,2,1,2,39,3,1,5.0,892000.0,56.0
2025,12,2,1,2,44,2,2,5.0,0.0,65.0
2025,12,1,1,2,31,1,2,13.0,4638000.0,85.0
2025,12,2,1,2,43,4,2,5.0,1422000.0,14.0
2025,12,2,1,2,35,2,2,10.0,2749000.0,85.0
2025,12,1,1,2,39,1,2,10.0,3768000.0,85.0
2025,12,2,1,1,32,3,1,4.0,2864000.0,47.0
2025,12,3,1,2,19,3,1,8.0,1247000.0,93.0
2025,12,3,1,2,21,3,1,8.0,1578000.0,86.0
2025,12,1,1,2,26,1,2,10.0,266000.0,15.0
2025,12,1,1,1,37,1,2,4.0,343000.0,43.0
2025,12,2,1,2,40,2,3,10.0,2817000.0,85.0
2025,12,1,1,2,45,1,3,3.0,823000.0,14.0
2025,12,2,1,2,25,3,1,10.0,3618000.0,84.0
2025,12,2,1,2,36,2,2,5.0,1158000.0,56.0
2025,12,1,1,1,37,1,2,8.0,3220000.0,61.0
2025,12,1,1,1,51,1,2,4.0,2511000.0,41.0
2025,12,1,1,2,34,1,2,5.0,100000.0,15.0
2025,12,1,1,1,56,1,3,3.0,1465000.0,1.0
2025,12,4,1,1,32,7,2,5.0,3565000.0,14.0
2025,12,1,1,2,41,1,2,8.0,1569000.0,96.0
2025,12,1,1,2,38,1,2,8.0,2172000.0,56.0
2025,12,2,1,2,46,2,3,5.0,198000.0,15.0
2025,12,1,1,1,53,1,2,3.0,1965000.0,81.0
2025,12,1,1,2,51,1,2,3.0,498000.0,47.0
2025,12,1,1,2,41,1,2,5.0,165000.0,47.0
2025,12,2,1,2,28,2,2,5.0,1022000.0,56.0
2025,12,1,1,2,39,1,2,5.0,100000.0,81.0
2025,12,1,1,2,45,1,3,10.0,1397000.0,85.0
2025,12,2,1,1,46,3,1,3.0,1740000.0,46.0
2025,12,1,1,2,66,1,3,1.0,1056000.0,14.0
2025,12,2,1,2,72,2,3,3.0,189000.0,14.0
2025,12,1,1,1,28,1,2,3.0,904000.0,1.0
2025,12,2,1,1,36,2,2,10.0,5032000.0,46.0
2025,12,2,1,1,27,3,1,5.0,1906000.0,47.0
2025,12,1,1,2,47,1,1,11.0,5176000.0,85.0
2025,12,1,1,1,57,1,3,5.0,1371000.0,41.0
2025,12,2,1,2,49,2,2,5.0,1317000.0,14.0
2025,12,2,1,2,47,2,2,4.0,570000.0,14.0
2025,12,1,1,1,24,1,2,10.0,3823000.0,73.0
2025,12,2,1,2,38,3,1,8.0,0.0,47.0
2025,12,1,1,1,45,1,2,4.0,653000.0,31.0
2025,12,1,1,1,50,1,2,5.0,1868000.0,87.0
2025,12,1,1,1,69,1,3,3.0,2277000.0,49.0
2025,12,1,1,2,36,1,2,8.0,232000.0,56.0
2025,12,1,1,2,34,1,3,5.0,439000.0,47.0
2025,12,2,1,1,47,2,3,5.0,4051000.0,52.0
2025,12,1,1,2,58,1,3,3.0,556000.0,47.0
2025,12,2,1,2,64,2,3,4.0,594000.0,47.0
2025,12,2,1,1,66,2,3,5.0,1528000.0,82.0
2025,12,1,1,1,45,1,2,5.0,1218000.0,46.0
2025,12,5,1,2,46,3,1,10.0,3206000.0,85.0
2025,12,1,1,1,60,1,3,3.0,2919000.0,41.0
2025,12,1,1,2,55,1,3,4.0,898000.0,14.0
2025,12,3,1,2,29,13,2,5.0,1230000.0,10.0
2025,12,1,1,1,78,1,3,3.0,1310000.0,1.0
2025,12,1,1,1,71,1,3,3.0,542000.0,1.0
2025,12,4,1,2,30,7,2,8.0,0.0,84.0
2025,12,2,1,2,40,2,2,8.0,1988000.0,87.0
2025,12,1,1,1,60,1,3,3.0,5298000.0,47.0
2025,12,3,1,2,29,3,1,5.0,1283000.0,86.0
2025,12,1,1,1,55,1,2,8.0,1014000.0,41.0
2025,12,4,1,1,35,9,2,5.0,1556000.0,45.0
2025,12,3,1,1,23,3,1,5.0,1755000.0,96.0
2025,12,2,1,1,34,2,2,12.0,9765000.0,85.0
2025,12,1,1,2,41,1,1,8.0,4907000.0,84.0
2025,12,1,1,1,60,1,2,4.0,1558000.0,49.0
2025,12,1,1,2,34,1,2,9.0,1715000.0,10.0
2025,12,2,1,1,49,3,1,5.0,549000.0,16.0
2025,12,1,1,2,52,1,2,11.0,4040000.0,85.0
2025,12,2,1,1,28,2,1,5.0,1924000.0,45.0
2025,12,1,1,2,48,1,2,4.0,614000.0,10.0
2025,12,2,1,2,66,2,3,3.0,169000.0,88.0
2025,12,1,1,2,44,1,3,10.0,4290000.0,85.0
2025,12,1,1,2,41,1,3,5.0,1449000.0,21.0
2025,12,1,1,2,44,1,2,5.0,100000.0,47.0
2025,12,1,1,1,56,1,3,3.0,1068000.0,1.0
2025,12,1,1,2,36,1,2,4.0,1003000.0,56.0
2025,12,1,1,2,54,1,3,3.0,1633000.0,14.0
2025,12,1,1,1,32,1,2,10.0,3898000.0,47.0
2025,12,2,1,1,51,2,2,3.0,678000.0,1.0
2025,12,2,1,1,32,2,2,9.0,2753000.0,42.0
2025,12,1,1,2,61,1,3,1.0,1475000.0,97.0
2025,12,1,1,1,57,1,3,4.0,4785000.0,41.0
2025,12,2,1,2,63,3,1,8.0,1150000.0,14.0
2025,12,1,1,1,50,1,2,5.0,5030000.0,47.0
2025,12,2,1,2,47,3,1,11.0,3049000.0,86.0
2025,12,2,1,2,50,2,2,11.0,5895000.0,85.0
2025,12,4,1,1,32,3,1,9.0,2541000.0,47.0
2025,12,3,1,1,29,3,1,8.0,2027000.0,55.0
2025,12,1,1,2,44,1,2,3.0,1491000.0,55.0
2025,12,1,1,1,60,1,3,3.0,1613000.0,41.0
2025,12,1,1,2,56,1,2,4.0,1222000.0,81.0
2025,12,1,1,1,26,1,2,5.0,4066000.0,56.0
2025,12,1,1,1,36,1,2,11.0,3301000.0,10.0
2025,12,2,1,2,29,3,1,9.0,1260000.0,86.0
2025,12,2,1,2,38,2,2,5.0,1570000.0,15.0
2025,12,2,1,2,55,2,2,5.0,1209000.0,47.0
2025,12,1,1,1,60,1,2,3.0,1779000.0,41.0
2025,12,1,1,1,59,1,2,3.0,1752000.0,41.0
2025,12,4,1,1,25,3,1,3.0,2435000.0,8.0
2025,12,5,1,1,24,3,1,4.0,1532000.0,25.0
2025,12,2,1,1,38,2,2,9.0,2240000.0,41.0
2025,12,2,1,1,50,2,3,1.0,519000.0,81.0
2025,12,1,1,2,34,1,2,3.0,970000.0,56.0
2025,12,1,1,2,25,1,2,9.0,1242000.0,56.0
2025,12,1,1,2,60,1,2,12.0,7171000.0,84.0
2025,12,3,1,1,69,3,3,5.0,1607000.0,49.0
2025,12,2,1,2,30,3,1,5.0,633000.0,56.0
2025,12,2,1,1,74,2,3,1.0,267000.0,47.0
2025,12,1,1,2,39,1,1,5.0,1201000.0,86.0
2025,12,1,1,2,41,1,2,8.0,119000.0,47.0
2025,12,2,1,1,37,3,1,5.0,1631000.0,47.0
2025,12,3,1,2,39,3,1,8.0,1422000.0,86.0
2025,12,2,1,2,37,2,2,5.0,1315000.0,86.0
2025,12,1,1,1,37,1,2,8.0,4439000.0,84.0
2025,12,2,1,2,38,2,2,5.0,1661000.0,13.0
2025,12,1,1,1,25,1,3,4.0,1088000.0,43.0
2025,12,1,1,2,45,1,2,10.0,1295000.0,82.0
2025,12,2,1,2,40,2,2,3.0,628000.0,10.0
2025,12,2,1,1,31,2,2,5.0,2264000.0,93.0
2025,12,1,1,1,35,1,2,5.0,5151000.0,84.0
2025,12,3,1,2,44,3,1,8.0,731000.0,10.0
2025,12,2,1,1,20,2,2,5.0,1670000.0,11.0
2025,12,1,1,1,67,1,3,5.0,366000.0,49.0
2025,12,2,1,1,46,2,2,5.0,1369000.0,90.0
2025,12,1,1,1,42,1,2,4.0,1084000.0,1.0
2025,12,1,1,1,62,1,2,3.0,889000.0,1.0
2025,12,4,1,1,21,6,2,5.0,1968000.0,41.0
2025,12,1,1,1,33,1,2,5.0,2774000.0,84.0
2025,12,1,1,2,47,1,3,5.0,158000.0,81.0
2025,12,8,1,2,24,3,1,5.0,476000.0,97.0
2025,12,1,1,1,55,1,2,3.0,346000.0,1.0
2025,12,2,1,1,42,3,1,12.0,5953000.0,85.0
2025,12,1,1,1,37,1,3,8.0,1821000.0,86.0
2025,12,1,1,2,34,1,2,10.0,3826000.0,21.0
2025,12,2,1,2,28,2,2,4.0,0.0,96.0
2025,12,1,1,2,28,1,2,5.0,0.0,14.0
2025,12,2,1,2,63,2,2,4.0,568000.0,85.0
2025,12,1,1,2,53,1,2,4.0,1022000.0,56.0
2025,12,1,1,2,42,1,3,8.0,1796000.0,56.0
2025,12,1,1,1,55,1,2,3.0,1166000.0,52.0
2025,12,1,1,1,54,1,2,5.0,1258000.0,49.0
2025,12,3,1,1,45,3,1,10.0,833000.0,96.0
2025,12,2,1,2,32,2,1,5.0,638000.0,96.0
2025,12,1,1,2,55,1,3,3.0,990000.0,56.0
2025,12,1,1,2,61,1,3,5.0,2470000.0,14.0
2025,12,1,1,1,64,1,2,3.0,1502000.0,47.0
2025,12,1,1,2,60,1,3,4.0,401000.0,38.0
2025,12,2,1,1,67,2,3,8.0,2016000.0,47.0
2025,12,2,1,1,48,2,3,3.0,1465000.0,47.0
2025,12,1,1,1,32,1,2,1.0,1464000.0,1.0
2025,12,1,1,2,61,1,3,1.0,100000.0,56.0
2025,12,2,1,2,46,2,3,5.0,341000.0,56.0
2025,12,4,1,1,41,7,3,5.0,1757000.0,61.0
2025,12,1,1,1,42,1,2,10.0,7214000.0,84.0
2025,12,1,1,1,56,1,3,5.0,879000.0,56.0
2025,12,2,1,1,31,2,2,3.0,1807000.0,41.0
2025,12,2,1,2,48,2,3,3.0,459000.0,97.0
2025,12,1,1,1,42,1,2,8.0,5367000.0,84.0
2025,12,1,1,1,36,1,2,8.0,2711000.0,49.0
2025,12,1,1,2,52,1,3,4.0,833000.0,81.0
2025,12,1,1,2,58,1,3,3.0,1021000.0,97.0
2025,12,3,1,2,54,3,1,5.0,227000.0,56.0
2025,12,1,1,2,38,1,1,5.0,471000.0,56.0
2025,12,1,1,1,51,1,2,5.0,357000.0,56.0
2025,12,3,1,1,23,3,1,5.0,2773000.0,10.0
2025,12,3,1,2,27,3,1,9.0,1201000.0,47.0
2025,12,2,1,2,35,3,1,10.0,3354000.0,86.0
2025,12,1,1,2,30,1,2,5.0,1315000.0,97.0
2025,12,1,1,1,49,1,2,3.0,1055000.0,56.0
2025,12,1,1,2,34,1,1,10.0,2943000.0,84.0
2025,12,3,1,2,31,3,1,10.0,2708000.0,86.0
2025,12,2,1,2,32,2,2,10.0,1292000.0,64.0
2025,12,2,1,1,39,2,2,5.0,2175000.0,38.0
2025,12,2,1,2,38,2,2,5.0,1251000.0,82.0
2025,12,2,1,1,55,2,3,3.0,142000.0,45.0
2025,12,1,1,1,61,1,2,5.0,1719000.0,84.0
2025,12,1,1,1,55,1,3,3.0,100000.0,16.0
2025,12,2,1,2,19,2,2,4.0,1244000.0,56.0
2025,12,1,1,2,26,1,3,10.0,1217000.0,56.0
2025,12,1,1,2,42,1,2,5.0,527000.0,81.0
2025,12,2,1,2,63,2,2,10.0,5366000.0,85.0
2025,12,1,1,2,50,1,2,3.0,557000.0,47.0
2025,12,1,1,1,33,1,2,4.0,1530000.0,47.0
2025,12,1,1,2,48,1,3,4.0,521000.0,97.0
2025,12,1,1,2,31,1,2,10.0,1736000.0,94.0
2025,12,2,1,2,44,13,2,5.0,240000.0,56.0
2025,12,3,1,2,20,3,1,5.0,1338000.0,47.0
2025,12,2,1,2,49,2,2,5.0,168000.0,87.0
2025,12,2,1,2,35,2,2,9.0,2120000.0,73.0
2025,12,2,1,2,43,2,3,5.0,2875000.0,46.0
2025,12,1,1,1,53,1,2,5.0,2016000.0,47.0
2025,12,2,1,1,52,2,2,3.0,1118000.0,56.0
2025,12,2,1,2,39,2,2,10.0,1653000.0,64.0
2025,12,2,1,1,21,3,1,5.0,1616000.0,82.0
2025,12,2,1,2,19,2,2,5.0,1490000.0,46.0
2025,12,1,1,1,42,1,2,5.0,2087000.0,56.0
2025,12,2,1,1,45,2,2,4.0,929000.0,43.0
2025,12,1,1,2,31,1,2,5.0,1357000.0,56.0
2025,12,1,1,2,35,1,2,11.0,0.0,84.0
2025,12,1,1,1,47,1,2,12.0,7974000.0,85.0
2025,12,1,1,1,42,1,2,11.0,8174000.0,84.0
2025,12,1,1,2,27,1,2,4.0,1467000.0,49.0
2025,12,1,1,1,67,1,2,1.0,1386000.0,1.0
2025,12,1,1,1,29,1,2,5.0,1663000.0,47.0
2025,12,1,1,1,42,1,2,3.0,1077000.0,1.0
2025,12,4,1,2,32,6,1,5.0,1216000.0,47.0
2025,12,2,1,1,25,8,2,5.0,2164000.0,47.0
2025,12,2,1,2,38,2,2,10.0,3064000.0,1.0
2025,12,2,1,1,25,3,1,9.0,1387000.0,46.0
2025,12,1,1,1,44,1,2,4.0,1795000.0,16.0
2025,12,1,1,1,33,1,2,10.0,5426000.0,96.0
2025,12,1,1,1,45,1,3,5.0,2584000.0,46.0
2025,12,3,1,2,23,3,1,10.0,1320000.0,47.0
2025,12,2,1,2,47,2,2,10.0,2051000.0,31.0
2025,12,2,1,1,32,2,2,8.0,1916000.0,55.0
2025,12,3,1,2,42,3,1,5.0,1062000.0,64.0
2025,12,1,1,2,40,1,2,5.0,984000.0,81.0
2025,12,2,1,2,59,10,3,5.0,1469000.0,97.0
2025,12,2,1,2,22,2,2,9.0,1238000.0,47.0
2025,12,1,1,2,42,1,2,4.0,1871000.0,56.0
2025,12,1,1,2,27,1,2,5.0,1416000.0,47.0
2025,12,1,1,1,73,1,3,11.0,1436000.0,93.0
2025,12,3,1,1,45,3,1,5.0,1287000.0,46.0
2025,12,1,1,2,37,1,2,10.0,3442000.0,69.0
2025,12,1,1,2,43,1,3,5.0,365000.0,81.0
2025,12,1,1,1,38,1,2,5.0,1329000.0,1.0
2025,12,2,1,2,18,9,3,8.0,2640000.0,82.0
2025,12,1,1,1,47,1,2,5.0,759000.0,45.0
2025,12,1,1,2,35,1,2,5.0,345000.0,56.0
2025,12,1,1,2,35,1,2,5.0,530000.0,10.0
2025,12,1,1,1,20,1,2,5.0,2413000.0,84.0
2025,12,1,1,2,60,1,3,11.0,3547000.0,85.0
2025,12,1,1,1,35,1,2,3.0,1131000.0,41.0
2025,12,1,1,2,42,1,1,8.0,3818000.0,84.0
2025,12,2,1,2,47,2,2,5.0,1070000.0,82.0
2025,12,2,1,2,19,2,2,5.0,1197000.0,1.0
2025,12,1,1,2,48,1,2,13.0,5071000.0,85.0
2025,12,1,1,2,43,1,2,5.0,1355000.0,14.0
2025,12,2,1,2,19,2,2,3.0,588000.0,56.0
2025,12,3,1,2,27,3,1,5.0,192000.0,96.0
2025,12,3,1,1,23,3,2,5.0,2013000.0,80.0
2025,12,2,1,2,47,2,2,11.0,3688000.0,86.0
2025,12,1,1,1,52,1,2,8.0,2509000.0,23.0
2025,12,2,1,2,73,2,3,3.0,100000.0,14.0
2025,12,1,1,1,48,1,2,5.0,2731000.0,14.0
2025,12,1,1,2,40,1,2,8.0,1480000.0,33.0
2025,12,1,1,1,62,1,3,3.0,1444000.0,1.0
2025,12,1,1,2,52,1,2,11.0,3056000.0,86.0
2025,12,2,1,1,34,2,2,5.0,4015000.0,1.0
2025,12,1,1,1,61,1,3,8.0,1681000.0,56.0
2025,12,2,1,2,27,2,2,8.0,1361000.0,10.0
2025,12,1,1,1,70,1,3,10.0,0.0,1.0
2025,12,1,1,1,52,1,2,11.0,8882000.0,86.0
2025,12,1,1,1,57,1,2,5.0,3436000.0,22.0
2025,12,2,1,1,41,3,2,4.0,1109000.0,1.0
2025,12,3,1,1,24,3,1,6.0,2132000.0,61.0
2025,12,6,1,1,29,7,2,5.0,2903000.0,25.0
2025,12,1,1,2,62,1,3,3.0,286000.0,56.0
2025,12,1,1,2,51,1,2,3.0,694000.0,7.0
2025,12,3,1,2,30,6,1,8.0,1348000.0,86.0
2025,12,3,1,2,46,3,1,4.0,1705000.0,53.0
2025,12,2,1,2,19,3,1,7.0,0.0,47.0
2025,12,2,1,2,29,2,2,10.0,4952000.0,84.0
2025,12,1,1,1,29,1,2,10.0,669000.0,33.0
2025,12,3,1,1,38,3,1,1.0,516000.0,49.0
2025,12,1,1,1,66,1,3,5.0,1145000.0,49.0
2025,12,3,1,2,30,7,2,5.0,1661000.0,46.0
2025,12,1,1,1,21,1,2,8.0,2618000.0,49.0
2025,12,4,1,2,34,3,1,8.0,1558000.0,88.0
2025,12,2,1,2,39,3,1,5.0,1008000.0,1.0
2025,12,2,1,2,46,2,3,5.0,1195000.0,84.0
2025,12,1,1,1,35,1,2,10.0,4258000.0,42.0
2025,12,2,1,2,25,2,2,4.0,1116000.0,56.0
2025,12,1,1,1,55,1,3,3.0,635000.0,49.0
2025,12,1,1,1,63,1,3,5.0,1793000.0,25.0
2025,12,1,1,1,29,1,2,9.0,0.0,56.0
2025,12,3,1,2,31,3,1,9.0,778000.0,56.0
2025,12,1,1,2,41,1,2,8.0,1548000.0,20.0
2025,12,1,1,2,60,1,3,10.0,5137000.0,85.0
2025,12,5,1,1,57,6,3,4.0,1989000.0,41.0
2025,12,1,1,1,46,1,3,3.0,2350000.0,1.0
2025,12,1,1,2,36,1,2,9.0,1389000.0,96.0
2025,12,2,1,2,28,3,1,5.0,849000.0,97.0
2025,12,1,1,1,55,1,2,3.0,1144000.0,47.0
2025,12,6,1,2,25,3,1,5.0,906000.0,56.0
2025,12,1,1,2,34,1,2,5.0,2041000.0,56.0
2025,12,2,1,2,24,2,2,5.0,852000.0,92.0
2025,12,1,1,1,63,1,2,8.0,751000.0,1.0
2025,12,1,1,1,58,1,2,4.0,3519000.0,45.0
2025,12,1,1,2,56,1,3,3.0,0.0,95.0
2025,12,3,1,2,33,3,1,10.0,3071000.0,84.0
2025,12,1,1,2,39,1,2,5.0,1440000.0,64.0
2025,12,3,1,1,41,3,1,5.0,1908000.0,41.0
2025,12,2,1,2,45,2,2,9.0,2307000.0,47.0
2025,12,2,1,2,30,2,2,9.0,1775000.0,86.0
2025,12,1,1,2,45,1,3,3.0,220000.0,81.0
2025,12,3,1,2,53,3,1,10.0,1420000.0,96.0
2025,12,1,1,2,50,1,3,6.0,818000.0,56.0
2025,12,2,1,2,28,2,2,10.0,2651000.0,88.0
2025,12,4,1,1,25,3,1,5.0,1642000.0,96.0
2025,12,1,1,2,62,1,1,3.0,717000.0,97.0
2025,12,1,1,1,25,1,2,5.0,1001000.0,43.0
2025,12,1,1,1,39,1,2,5.0,2419000.0,19.0
2025,12,1,1,1,30,1,2,10.0,1939000.0,64.0
2025,12,3,1,2,26,3,1,5.0,2966000.0,85.0
2025,12,1,1,2,45,1,3,5.0,1576000.0,86.0
2025,12,2,1,2,38,2,2,5.0,1391000.0,1.0
2025,12,1,1,2,63,1,3,3.0,395000.0,81.0
2025,12,1,1,1,31,1,2,5.0,1585000.0,56.0
2025,12,3,1,2,25,3,1,5.0,1326000.0,47.0
2025,12,1,1,1,27,1,2,10.0,4349000.0,85.0
2025,12,2,1,2,48,3,1,4.0,282000.0,52.0
2025,12,1,1,2,79,1,3,3.0,194000.0,81.0
2025,12,2,1,1,23,2,2,4.0,2725000.0,42.0
2025,12,3,1,1,24,3,1,5.0,857000.0,8.0
2025,12,2,1,1,38,2,2,10.0,5343000.0,84.0
2025,12,2,1,1,70,2,3,4.0,1601000.0,46.0
2025,12,2,1,1,40,3,1,11.0,1670000.0,49.0
2025,12,1,1,2,28,1,2,4.0,1714000.0,64.0
2025,12,2,1,1,36,3,1,5.0,1608000.0,95.0
2025,12,3,1,2,23,8,1,6.0,1456000.0,47.0
2025,12,1,1,1,57,1,3,5.0,2019000.0,25.0
2025,12,3,1,2,39,3,1,10.0,102000.0,10.0
2025,12,2,1,1,57,2,3,3.0,6694000.0,42.0
2025,12,1,1,1,50,1,3,1.0,1118000.0,1.0
2025,12,1,1,2,31,1,2,11.0,1732000.0,41.0
2025,12,1,1,2,27,1,2,8.0,310000.0,96.0
2025,12,1,1,1,27,1,2,8.0,1924000.0,42.0
2025,12,3,1,1,24,3,1,5.0,2387000.0,49.0
2025,12,1,1,2,39,1,3,8.0,315000.0,97.0
2025,12,2,1,2,18,2,2,5.0,782000.0,56.0
2025,12,1,1,1,42,1,2,10.0,1251000.0,49.0
2025,12,3,1,1,46,3,1,3.0,1087000.0,52.0
2025,12,2,1,2,35,2,2,8.0,980000.0,47.0
2025,12,1,1,1,72,1,3,1.0,607000.0,1.0
2025,12,2,1,2,31,2,2,10.0,3049000.0,46.0
2025,12,1,1,2,35,1,2,5.0,1071000.0,47.0
2025,12,4,1,1,26,3,1,10.0,596000.0,56.0
2025,12,1,1,1,78,1,3,3.0,0.0,1.0
2025,12,2,1,2,32,2,2,5.0,1515000.0,47.0
2025,12,1,1,1,31,1,2,8.0,1814000.0,10.0
2025,12,4,1,1,25,3,1,9.0,3177000.0,84.0
2025,12,1,1,1,32,1,2,3.0,1019000.0,47.0
2025,12,2,1,2,34,3,1,11.0,3933000.0,84.0
2025,12,1,1,1,60,1,3,10.0,9121000.0,85.0
2025,12,2,1,2,29,2,2,6.0,221000.0,95.0
2025,12,1,1,1,55,1,3,10.0,2980000.0,49.0
2025,12,3,1,1,32,3,1,10.0,5372000.0,41.0
2025,12,1,1,2,38,1,2,4.0,1370000.0,47.0
2025,12,1,1,1,56,1,3,5.0,4251000.0,73.0
2025,12,1,1,2,36,1,2,8.0,210000.0,47.0
2025,12,2,1,1,33,2,2,5.0,2066000.0,47.0
2025,12,1,1,1,42,1,3,9.0,3310000.0,84.0
2025,12,1,1,2,41,1,2,5.0,1656000.0,56.0
2025,12,3,1,1,49,3,1,5.0,2061000.0,36.0
2025,12,1,1,2,39,1,2,4.0,1779000.0,86.0
2025,12,1,1,2,51,1,3,3.0,323000.0,47.0
2025,12,1,1,1,31,1,2,6.0,3082000.0,47.0
2025,12,1,1,2,40,1,2,4.0,543000.0,56.0
2025,12,2,1,1,50,2,3,3.0,2876000.0,41.0
2025,12,4,1,1,32,3,1,5.0,1882000.0,41.0
2025,12,2,1,1,25,3,1,4.0,843000.0,49.0
2025,12,1,1,1,27,1,2,5.0,1839000.0,45.0
2025,12,3,1,1,25,3,1,5.0,1708000.0,14.0
2025,12,2,1,2,41,2,3,5.0,628000.0,81.0
2025,12,2,1,2,54,2,2,10.0,2286000.0,88.0
2025,12,2,1,2,41,2,3,3.0,1270000.0,1.0
2025,12,2,1,2,27,8,2,5.0,1405000.0,86.0
2025,12,1,1,2,31,1,2,12.0,3664000.0,62.0
2025,12,1,1,2,56,1,3,4.0,1252000.0,14.0
2025,12,2,1,2,36,2,2,5.0,1023000.0,47.0
2025,12,3,1,1,34,3,1,10.0,4225000.0,84.0
2025,12,3,1,1,28,3,1,9.0,2444000.0,55.0
2025,12,2,1,2,19,2,2,5.0,396000.0,47.0
2025,12,3,1,1,19,3,1,4.0,1444000.0,41.0
2025,12,1,1,2,51,1,2,3.0,400000.0,81.0
2025,12,1,1,1,72,1,3,5.0,3074000.0,95.0
2025,12,2,1,1,69,2,3,4.0,100000.0,38.0
2025,12,1,1,1,37,1,2,5.0,1964000.0,47.0
2025,12,2,1,2,32,2,2,4.0,466000.0,56.0
2025,12,2,1,2,49,3,1,8.0,977000.0,97.0
2025,12,1,1,2,52,1,2,5.0,2166000.0,68.0
2025,12,2,1,1,44,2,2,5.0,1318000.0,25.0
2025,12,2,1,2,47,2,2,5.0,1435000.0,86.0
2025,12,2,1,2,48,2,2,5.0,1147000.0,47.0
2025,12,6,1,2,27,3,1,8.0,859000.0,97.0
2025,12,3,1,2,39,3,1,10.0,4479000.0,84.0
2025,12,2,1,2,68,2,3,3.0,177000.0,47.0
2025,12,2,1,1,27,3,1,5.0,1834000.0,84.0
2025,12,2,1,1,36,2,2,5.0,2724000.0,41.0
2025,12,1,1,2,32,1,2,8.0,1786000.0,86.0
2025,12,1,1,1,55,1,2,5.0,1849000.0,47.0
2025,12,2,1,1,66,4,2,11.0,5264000.0,85.0
2025,12,2,1,2,55,2,2,3.0,1439000.0,55.0
2025,12,2,1,2,48,2,3,10.0,1527000.0,69.0
2025,12,1,1,2,62,1,3,3.0,361000.0,47.0
2025,12,2,1,2,53,2,3,10.0,3560000.0,85.0
2025,12,2,1,2,55,3,2,10.0,3897000.0,32.0
2025,12,3,1,1,21,6,2,4.0,2741000.0,56.0
2025,12,1,1,1,55,1,2,8.0,3027000.0,52.0
2025,12,1,1,1,62,1,1,3.0,2729000.0,42.0
2025,12,1,1,1,29,1,2,5.0,4702000.0,96.0
2025,12,1,1,2,33,1,1,12.0,2189000.0,85.0
2025,12,2,1,2,41,2,2,8.0,1226000.0,97.0
2025,12,2,1,1,54,3,1,5.0,2022000.0,13.0
2025,12,1,1,1,58,1,3,3.0,1413000.0,3.0
2025,12,1,1,2,32,1,2,10.0,3955000.0,33.0
2025,12,1,1,1,69,1,3,5.0,1069000.0,47.0
2025,12,2,1,2,47,2,2,5.0,380000.0,47.0
2025,12,1,1,2,27,1,2,10.0,2944000.0,52.0
2025,12,1,1,2,52,1,3,3.0,750000.0,81.0
2025,12,3,1,2,22,3,2,5.0,1520000.0,56.0
2025,12,1,1,2,52,1,3,5.0,953000.0,47.0
2025,12,1,1,2,55,1,2,5.0,1353000.0,94.0
2025,12,2,1,1,54,2,2,1.0,1266000.0,41.0
2025,12,1,1,2,37,1,2,3.0,565000.0,81.0
2025,12,3,1,1,32,3,1,10.0,259000.0,45.0
2025,12,2,1,1,26,3,1,5.0,2096000.0,84.0
2025,12,1,1,1,45,1,3,10.0,4498000.0,84.0
2025,12,1,1,1,55,1,2,3.0,809000.0,52.0
2025,12,1,1,2,28,1,2,10.0,1789000.0,56.0
2025,12,1,1,1,50,1,3,4.0,2836000.0,97.0
2025,12,1,1,1,57,1,3,6.0,1717000.0,1.0
2025,12,1,1,1,34,1,2,10.0,4747000.0,82.0
2025,12,1,1,1,26,1,2,5.0,2233000.0,9.0
2025,12,2,1,1,45,2,2,3.0,1490000.0,1.0
2025,12,5,1,1,23,3,2,4.0,1607000.0,7.0
2025,12,1,1,2,26,1,1,10.0,2053000.0,85.0
2025,12,2,1,2,46,2,2,5.0,1331000.0,86.0
2025,12,2,1,1,43,2,3,5.0,1775000.0,49.0
2025,12,2,1,1,57,2,3,10.0,3875000.0,74.0
2025,12,1,1,1,65,1,2,1.0,1645000.0,41.0
2025,12,3,1,2,19,8,2,8.0,1483000.0,85.0
2025,12,2,1,2,47,3,1,5.0,4133000.0,96.0
2025,12,1,1,1,58,1,3,10.0,278000.0,1.0
2025,12,3,1,2,20,3,1,8.0,1641000.0,93.0
2025,12,1,1,2,50,1,3,5.0,551000.0,81.0
2025,12,2,1,1,37,2,2,5.0,1838000.0,10.0
2025,12,1,1,2,58,1,2,12.0,473000.0,58.0
2025,12,1,1,1,45,1,3,8.0,408000.0,53.0
2025,12,2,1,2,51,2,3,5.0,207000.0,11.0
2025,12,1,1,2,35,1,2,1.0,1154000.0,56.0
2025,12,1,1,1,50,1,2,5.0,1077000.0,49.0
2025,12,2,1,2,49,2,1,5.0,1044000.0,86.0
2025,12,2,1,1,69,2,2,3.0,1226000.0,7.0
2025,12,2,1,1,40,2,2,3.0,2423000.0,1.0
2025,12,1,1,2,59,1,3,4.0,578000.0,81.0
2025,12,1,1,2,39,1,2,10.0,2606000.0,85.0
2025,12,1,1,2,58,1,2,3.0,0.0,1.0
2025,12,2,1,1,67,2,2,5.0,989000.0,47.0
2025,12,2,1,2,25,2,2,3.0,284000.0,1.0
2025,12,1,1,1,67,1,3,3.0,1102000.0,45.0
2025,12,7,1,1,62,6,3,3.0,1107000.0,95.0
2025,12,2,1,1,45,2,2,5.0,358000.0,47.0
2025,12,1,1,2,58,1,1,13.0,10434000.0,85.0
2025,12,3,1,2,27,3,1,10.0,1244000.0,52.0
2025,12,1,1,2,60,1,3,4.0,272000.0,56.0
2025,12,2,1,2,72,2,3,5.0,100000.0,56.0
2025,12,2,1,1,31,3,1,5.0,627000.0,49.0
2025,12,7,1,2,26,3,1,4.0,1619000.0,47.0
2025,12,2,1,2,54,2,2,8.0,2028000.0,86.0
2025,12,1,1,1,74,1,3,3.0,676000.0,1.0
2025,12,2,1,1,38,2,2,5.0,847000.0,31.0
2025,12,1,1,1,55,1,2,5.0,1781000.0,42.0
2025,12,2,1,2,21,3,1,8.0,1618000.0,47.0
2025,12,1,1,2,52,1,2,8.0,1957000.0,84.0
2025,12,2,1,2,56,2,2,11.0,5459000.0,84.0
2025,12,2,1,2,45,2,2,5.0,384000.0,1.0
2025,12,1,1,2,56,1,2,8.0,1752000.0,96.0
2025,12,1,1,1,49,1,2,3.0,2232000.0,49.0
2025,12,2,1,2,54,2,3,10.0,3226000.0,84.0
2025,12,3,1,2,24,3,1,9.0,2355000.0,86.0
2025,12,1,1,2,47,1,3,3.0,1371000.0,81.0
2025,12,3,1,1,30,3,1,4.0,1140000.0,1.0
2025,12,1,1,1,41,1,2,5.0,2035000.0,47.0
2025,12,1,1,1,51,1,2,4.0,1311000.0,49.0
2025,12,3,1,2,40,6,3,10.0,2772000.0,86.0
2025,12,2,1,2,50,2,2,8.0,0.0,86.0
2025,12,1,1,2,58,1,2,4.0,664000.0,96.0
2025,12,1,1,2,28,1,2,6.0,1574000.0,75.0
2025,12,1,1,2,65,1,3,5.0,754000.0,97.0
2025,12,6,1,1,22,7,2,5.0,3015000.0,42.0
2025,12,1,1,2,64,1,3,1.0,110000.0,97.0
2025,12,1,1,1,69,1,2,5.0,333000.0,1.0
2025,12,1,1,1,26,1,2,3.0,1147000.0,1.0
2025,12,3,1,2,36,3,1,9.0,1363000.0,16.0
2025,12,1,1,2,58,1,2,3.0,525000.0,81.0
2025,12,4,1,1,35,7,2,5.0,1048000.0,49.0
2025,12,2,1,2,61,2,2,8.0,689000.0,96.0
2025,12,1,1,2,59,1,3,3.0,100000.0,1.0
2025,12,2,1,2,36,2,2,5.0,1256000.0,47.0
2025,12,1,1,2,37,1,3,3.0,1315000.0,15.0
2025,12,2,1,2,44,2,2,5.0,1021000.0,15.0
2025,12,2,1,1,43,2,2,10.0,4851000.0,84.0
2025,12,10,1,2,23,9,2,5.0,1465000.0,14.0
2025,12,1,1,2,41,1,2,5.0,1088000.0,97.0
2025,12,1,1,2,26,1,2,4.0,1319000.0,56.0
2025,12,2,1,1,70,2,3,3.0,1168000.0,41.0
2025,12,1,1,1,44,1,2,4.0,4221000.0,49.0
2025,12,2,1,2,52,2,2,5.0,1507000.0,45.0
2025,12,1,1,1,40,1,2,5.0,5263000.0,33.0
2025,12,2,1,1,54,3,1,11.0,2586000.0,56.0
2025,12,2,1,2,25,2,2,12.0,4619000.0,85.0
2025,12,1,1,2,32,1,2,8.0,1423000.0,47.0
2025,12,2,1,2,48,2,2,10.0,4834000.0,65.0
2025,12,2,1,2,29,2,2,10.0,1378000.0,86.0
2025,12,1,1,2,34,1,2,11.0,2149000.0,85.0
2025,12,1,1,2,59,1,3,3.0,577000.0,47.0
2025,12,2,1,1,33,3,1,5.0,1594000.0,1.0
2025,12,1,1,2,39,1,2,10.0,2272000.0,35.0
2025,12,1,1,2,32,1,1,5.0,1845000.0,56.0
2025,12,1,1,1,26,1,2,5.0,2642000.0,46.0
2025,12,1,1,2,67,1,3,3.0,1154000.0,82.0
2025,12,1,1,2,58,1,2,5.0,934000.0,56.0
2025,12,3,1,1,23,3,1,5.0,2141000.0,41.0
2025,12,2,1,2,25,3,1,5.0,434000.0,96.0
2025,12,1,1,2,43,1,2,3.0,1933000.0,10.0
2025,12,6,1,2,25,8,2,6.0,1062000.0,10.0
2025,12,1,1,1,36,1,2,8.0,1910000.0,95.0
2025,12,1,1,2,41,1,3,5.0,1473000.0,47.0
2025,12,2,1,1,20,3,1,9.0,1645000.0,82.0
2025,12,1,1,2,30,1,2,10.0,1213000.0,42.0
2025,12,2,1,1,39,2,2,3.0,1192000.0,1.0
2025,12,1,1,2,63,1,3,3.0,0.0,38.0
2025,12,2,1,2,32,6,2,5.0,693000.0,81.0
2025,12,1,1,1,33,1,2,9.0,2223000.0,77.0
2025,12,2,1,1,39,3,1,5.0,2135000.0,47.0
2025,12,1,1,1,57,1,2,3.0,1871000.0,38.0
2025,12,3,1,2,47,3,1,5.0,1317000.0,14.0
2025,12,1,1,1,43,1,2,6.0,1833000.0,77.0
2025,12,1,1,1,47,1,3,5.0,1294000.0,49.0
2025,12,1,1,2,37,1,2,5.0,1397000.0,10.0
2025,12,1,1,2,40,1,2,8.0,1309000.0,31.0
2025,12,5,1,2,52,4,2,4.0,1238000.0,56.0
2025,12,1,1,1,48,1,2,5.0,2104000.0,30.0
2025,12,3,1,2,26,9,2,5.0,830000.0,47.0
2025,12,2,1,2,43,2,3,5.0,150000.0,56.0
2025,12,1,1,2,36,1,2,5.0,702000.0,81.0
2025,12,2,1,2,24,3,1,5.0,1346000.0,96.0
2025,12,1,1,1,73,1,3,10.0,2823000.0,85.0
2025,12,1,1,2,27,1,2,5.0,1596000.0,56.0
2025,12,4,1,2,20,8,1,10.0,0.0,56.0
2025,12,1,1,1,58,1,3,13.0,13541000.0,85.0
2025,12,2,1,1,49,13,3,5.0,2383000.0,68.0
2025,12,1,1,2,44,1,2,10.0,1336000.0,41.0
2025,12,2,1,1,48,3,1,4.0,449000.0,1.0
2025,12,2,1,2,32,2,2,8.0,1089000.0,10.0
2025,12,1,1,1,38,1,2,9.0,1105000.0,96.0
2025,12,3,1,2,38,3,1,10.0,2814000.0,86.0
2025,12,1,1,2,31,1,2,3.0,943000.0,81.0
2025,12,1,1,2,70,1,3,11.0,5753000.0,86.0
2025,12,2,1,2,59,2,3,10.0,3539000.0,85.0
2025,12,1,1,2,74,1,3,3.0,601000.0,96.0
2025,12,2,1,2,40,2,2,5.0,1070000.0,68.0
2025,12,2,1,1,34,3,1,8.0,5286000.0,47.0
2025,12,2,1,2,53,3,1,3.0,556000.0,81.0
2025,12,1,1,2,24,1,2,10.0,3079000.0,20.0
2025,12,1,1,1,38,1,2,10.0,1825000.0,70.0
2025,12,3,1,2,38,3,1,5.0,739000.0,14.0
2025,12,2,1,2,60,2,3,9.0,1682000.0,14.0
2025,12,1,1,2,27,1,2,3.0,1883000.0,56.0
2025,12,2,1,1,60,2,2,5.0,2457000.0,49.0
2025,12,2,1,1,77,6,3,3.0,1089000.0,47.0
2025,12,2,1,2,49,2,3,3.0,414000.0,56.0
2025,12,1,1,1,39,1,2,5.0,1762000.0,42.0
2025,12,4,1,1,24,3,1,10.0,4338000.0,94.0
2025,12,2,1,1,47,2,2,8.0,2764000.0,86.0
2025,12,3,1,1,36,3,1,5.0,1341000.0,49.0
2025,12,4,1,2,54,5,3,5.0,1339000.0,56.0
2025,12,1,1,1,53,1,2,4.0,1723000.0,49.0
2025,12,1,1,2,63,1,3,3.0,835000.0,43.0
2025,12,3,1,2,31,3,1,10.0,3059000.0,86.0
2025,12,3,1,2,31,3,1,6.0,1522000.0,47.0
2025,12,2,1,2,22,2,2,10.0,430000.0,47.0
2025,12,2,1,1,28,2,2,5.0,1951000.0,47.0
2025,12,1,1,1,36,1,2,5.0,3715000.0,10.0
2025,12,1,1,1,58,1,3,4.0,2010000.0,43.0
2025,12,1,1,2,54,1,3,10.0,873000.0,97.0
2025,12,3,1,1,40,3,1,10.0,5317000.0,46.0
2025,12,2,1,1,59,2,3,5.0,2934000.0,45.0
2025,12,1,1,1,51,1,3,9.0,2069000.0,45.0
2025,12,1,1,2,44,1,2,8.0,1485000.0,61.0
2025,12,1,1,1,46,1,3,4.0,1386000.0,1.0
2025,12,2,1,1,28,2,2,3.0,584000.0,47.0
2025,12,2,1,2,63,2,3,3.0,1065000.0,1.0
2025,12,2,1,2,49,2,3,6.0,0.0,81.0
2025,12,1,1,2,47,1,2,12.0,2695000.0,85.0
2025,12,2,1,2,30,2,2,5.0,1056000.0,81.0
2025,12,1,1,2,27,1,1,10.0,2192000.0,62.0
2025,12,3,1,2,32,3,1,8.0,823000.0,64.0
2025,12,1,1,1,51,1,3,3.0,1400000.0,3.0
2025,12,2,1,2,25,2,3,10.0,3100000.0,84.0
2025,12,1,1,1,46,1,2,3.0,909000.0,43.0
2025,12,2,1,2,71,2,3,1.0,160000.0,47.0
2025,12,1,1,1,73,1,3,4.0,3585000.0,41.0
2025,12,1,1,2,41,1,2,5.0,559000.0,47.0
2025,12,2,1,1,66,2,3,5.0,1041000.0,41.0
2025,12,3,1,2,30,3,1,10.0,1337000.0,23.0
2025,12,3,1,1,23,3,1,11.0,1288000.0,41.0
2025,12,2,1,2,32,2,3,6.0,1254000.0,47.0
2025,12,2,1,2,36,2,3,5.0,321000.0,47.0
2025,12,1,1,2,36,1,2,4.0,1829000.0,47.0
2025,12,4,1,2,30,7,2,10.0,812000.0,96.0
2025,12,1,1,1,39,1,2,3.0,1690000.0,1.0
2025,12,2,1,1,67,2,3,5.0,1320000.0,49.0
2025,12,1,1,2,70,1,3,3.0,100000.0,14.0
2025,12,1,1,2,49,1,2,4.0,1432000.0,56.0
2025,12,2,1,1,60,2,2,8.0,3306000.0,45.0
2025,12,3,1,2,34,6,2,8.0,1185000.0,96.0
2025,12,3,1,2,38,3,1,5.0,1024000.0,56.0
2025,12,1,1,2,68,1,3,4.0,0.0,15.0
2025,12,1,1,1,26,1,2,10.0,1318000.0,90.0
2025,12,1,1,1,55,1,3,5.0,1340000.0,95.0
2025,12,2,1,1,21,3,2,6.0,0.0,1.0
2025,12,2,1,1,64,2,3,3.0,767000.0,41.0
2025,12,2,1,2,34,2,2,10.0,1803000.0,64.0
2025,12,2,1,1,52,3,1,3.0,1139000.0,1.0
2025,12,1,1,1,59,1,3,4.0,536000.0,49.0
2025,12,2,1,2,38,13,2,4.0,144000.0,56.0
2025,12,1,1,1,72,1,3,3.0,1041000.0,49.0
2025,12,1,1,1,43,1,2,10.0,3755000.0,85.0
2025,12,3,1,2,26,3,1,10.0,3983000.0,47.0
2025,12,1,1,2,39,1,2,8.0,2455000.0,86.0
2025,12,2,1,2,42,2,2,4.0,149000.0,56.0
2025,12,2,1,1,29,6,2,5.0,1746000.0,68.0
2025,12,3,1,2,85,4,3,3.0,100000.0,47.0
2025,12,1,1,2,29,1,2,10.0,3408000.0,68.0
2025,12,2,1,1,20,2,2,3.0,896000.0,38.0
2025,12,3,1,2,28,7,2,10.0,1111000.0,69.0
2025,12,2,1,1,60,2,2,10.0,4584000.0,85.0
2025,12,2,1,2,43,2,2,5.0,1236000.0,88.0
2025,12,3,1,1,30,3,1,4.0,1467000.0,1.0
2025,12,3,1,2,28,3,1,10.0,2849000.0,69.0
2025,12,2,1,2,24,3,1,10.0,1698000.0,86.0
2025,12,2,1,2,40,3,1,8.0,1541000.0,56.0
2025,12,1,1,2,47,1,2,10.0,7877000.0,61.0
2025,12,2,1,2,66,2,3,3.0,893000.0,23.0
2025,12,3,1,2,32,3,1,5.0,463000.0,96.0
2025,12,1,1,2,53,1,3,5.0,2293000.0,96.0
2025,12,2,1,2,60,2,3,3.0,398000.0,47.0
2025,12,2,1,2,60,2,2,5.0,544000.0,47.0
2025,12,2,1,2,39,2,2,11.0,2449000.0,86.0
2025,12,1,1,1,46,1,3,3.0,2166000.0,31.0
2025,12,2,1,2,33,3,1,8.0,1628000.0,47.0
2025,12,1,1,1,25,1,2,8.0,1601000.0,62.0
2025,12,1,1,1,33,1,2,4.0,1995000.0,22.0
2025,12,3,1,2,21,3,1,5.0,1466000.0,47.0
2025,12,3,1,2,59,3,3,10.0,1406000.0,86.0
2025,12,2,1,1,26,3,2,10.0,1690000.0,11.0
2025,12,1,1,2,65,1,3,8.0,1411000.0,96.0
2025,12,1,1,1,75,1,2,3.0,1670000.0,81.0
2025,12,1,1,1,37,1,3,6.0,2076000.0,68.0
2025,12,1,1,2,43,1,2,10.0,5851000.0,84.0
2025,12,2,1,1,43,2,2,4.0,1909000.0,11.0
2025,12,1,1,1,20,1,2,10.0,399000.0,56.0
2025,12,1,1,2,48,1,2,10.0,2813000.0,84.0
2025,12,1,1,1,69,1,3,11.0,4385000.0,86.0
2025,12,1,1,2,27,1,2,9.0,1812000.0,84.0
2025,12,2,2,2,22,2,2,5.0,852000.0,14.0
2025,12,1,1,1,35,1,2,5.0,1885000.0,42.0
2025,12,1,1,1,38,1,2,3.0,1055000.0,45.0
2025,12,2,1,1,43,2,2,5.0,3205000.0,84.0
2025,12,1,1,2,43,1,3,3.0,364000.0,81.0
2025,12,2,1,2,63,2,2,10.0,3165000.0,69.0
2025,12,2,1,1,31,3,3,10.0,7438000.0,84.0
2025,12,1,1,1,45,1,2,8.0,1777000.0,47.0
2025,12,1,1,1,53,1,2,1.0,1142000.0,41.0
2025,12,2,1,2,58,3,1,5.0,2649000.0,56.0
2025,12,2,1,2,26,3,1,8.0,1862000.0,86.0
2025,12,2,1,1,51,2,2,12.0,11300000.0,85.0
2025,12,1,1,1,64,1,3,5.0,1983000.0,46.0
2025,12,2,1,2,56,3,1,10.0,14904000.0,65.0
2025,12,3,1,1,19,3,1,10.0,0.0,1.0
2025,12,3,1,1,37,3,1,5.0,898000.0,45.0
2025,12,2,1,2,26,6,2,10.0,4028000.0,86.0
2025,12,1,1,1,53,1,2,11.0,12714000.0,85.0
2025,12,1,1,2,47,1,3,12.0,6174000.0,68.0
2025,12,2,1,1,21,2,2,5.0,1970000.0,41.0
2025,12,2,1,1,55,13,3,4.0,106000.0,47.0
2025,12,1,1,1,53,1,2,6.0,2345000.0,94.0
2025,12,1,1,1,36,1,2,10.0,2134000.0,45.0
2025,12,3,1,2,30,3,1,10.0,2151000.0,86.0
2025,12,1,1,2,21,1,2,10.0,1701000.0,73.0
2025,12,4,1,2,43,5,2,10.0,1438000.0,88.0
2025,12,1,1,1,56,1,3,3.0,1034000.0,41.0
2025,12,2,1,2,42,2,2,9.0,1728000.0,86.0
2025,12,1,1,2,37,1,2,10.0,3684000.0,73.0
2025,12,1,1,2,36,1,2,10.0,5252000.0,84.0
2025,12,2,1,2,24,2,2,8.0,1803000.0,96.0
2025,12,2,1,1,23,2,1,4.0,1003000.0,45.0
2025,12,2,1,2,39,2,2,10.0,3196000.0,50.0
2025,12,1,1,1,60,1,3,4.0,2046000.0,41.0
2025,12,1,1,1,30,1,1,9.0,3096000.0,70.0
2025,12,1,1,2,31,1,3,4.0,461000.0,81.0
2025,12,3,1,1,33,3,1,5.0,1470000.0,96.0
2025,12,2,1,2,38,2,1,9.0,1229000.0,47.0
2025,12,1,1,2,25,1,2,5.0,1848000.0,42.0
2025,12,1,1,1,44,1,2,3.0,786000.0,14.0
2025,12,1,1,1,35,1,2,3.0,529000.0,96.0
2025,12,2,1,2,21,9,2,8.0,260000.0,81.0
2025,12,1,1,2,46,1,2,5.0,729000.0,81.0
2025,12,1,1,2,41,1,3,5.0,1414000.0,96.0
2025,12,2,1,2,78,2,3,3.0,100000.0,56.0
2025,12,2,1,1,39,2,2,10.0,1417000.0,49.0
2025,12,2,1,1,36,2,3,3.0,2019000.0,49.0
2025,12,2,1,1,34,2,2,5.0,1902000.0,49.0
2025,12,1,1,2,31,1,2,5.0,1431000.0,56.0
2025,12,1,1,1,43,1,2,4.0,811000.0,16.0
2025,12,2,3,1,71,2,3,3.0,2019000.0,52.0
2025,12,1,1,1,38,1,2,9.0,4425000.0,61.0
2025,12,2,1,2,39,2,2,10.0,1392000.0,25.0
2025,12,2,1,1,56,2,3,3.0,1323000.0,47.0
2025,12,1,1,2,40,1,2,11.0,2589000.0,85.0
2025,12,2,1,1,28,6,3,4.0,1875000.0,47.0
2025,12,3,1,1,36,3,1,5.0,2083000.0,46.0
2025,12,2,1,1,57,2,3,1.0,1083000.0,3.0
2025,12,1,1,2,38,1,2,9.0,351000.0,56.0
2025,12,3,1,2,44,3,1,10.0,2555000.0,85.0
2025,12,1,1,2,43,1,2,5.0,1561000.0,56.0
2025,12,1,1,2,36,1,2,5.0,634000.0,97.0
2025,12,1,1,2,61,1,3,5.0,1724000.0,97.0
2025,12,2,1,2,60,2,2,5.0,506000.0,95.0
2025,12,2,1,1,34,3,1,1.0,359000.0,38.0
2025,12,6,1,1,23,13,2,5.0,845000.0,49.0
2025,12,1,1,2,35,1,2,5.0,5713000.0,96.0
2025,12,3,1,2,55,10,2,1.0,638000.0,97.0
2025,12,4,1,2,24,3,2,5.0,262000.0,10.0
2025,12,1,1,1,55,1,2,3.0,1792000.0,1.0
2025,12,2,1,2,21,3,1,9.0,1999000.0,70.0
2025,12,2,1,1,62,2,3,3.0,880000.0,95.0
2025,12,1,1,1,29,1,3,5.0,340000.0,41.0
2025,12,3,1,1,20,3,1,3.0,801000.0,47.0
2025,12,1,1,2,39,1,2,10.0,4033000.0,47.0
2025,12,1,1,1,59,1,3,5.0,2631000.0,56.0
2025,12,1,1,2,31,1,2,5.0,1594000.0,47.0
2025,12,1,1,1,53,1,2,5.0,863000.0,49.0
2025,12,4,1,2,18,6,1,5.0,1328000.0,47.0
2025,12,3,1,2,23,3,1,5.0,476000.0,97.0
2025,12,1,1,1,44,1,1,4.0,730000.0,31.0
2025,12,1,1,1,52,1,3,5.0,13501000.0,77.0
2025,12,1,1,2,54,1,3,3.0,1269000.0,56.0
2025,12,3,1,1,24,3,1,10.0,2674000.0,47.0
2025,12,2,1,1,30,3,1,5.0,1662000.0,41.0
2025,12,7,1,2,22,7,2,5.0,442000.0,47.0
2025,12,1,1,2,44,1,2,5.0,1401000.0,96.0
2025,12,1,1,1,23,1,2,4.0,1315000.0,47.0
2025,12,1,1,1,38,1,1,10.0,1939000.0,45.0
2025,12,1,1,2,40,1,2,3.0,796000.0,81.0
2025,12,5,1,1,35,6,1,5.0,1576000.0,56.0
2025,12,1,1,1,63,1,3,3.0,1631000.0,1.0
2025,12,2,1,2,48,2,3,3.0,314000.0,81.0
2025,12,2,1,2,48,2,2,10.0,5266000.0,86.0
2025,12,2,1,2,31,2,2,10.0,0.0,49.0
2025,12,1,1,1,45,1,2,4.0,719000.0,1.0
2025,12,2,1,2,59,6,3,5.0,787000.0,96.0
2025,12,2,1,1,34,2,2,11.0,5295000.0,42.0
2025,12,1,1,1,60,1,2,3.0,1487000.0,49.0
2025,12,3,1,2,48,3,1,11.0,4968000.0,85.0
2025,12,2,1,1,65,2,2,4.0,1043000.0,47.0
2025,12,2,1,2,56,2,3,3.0,1086000.0,81.0
2025,12,2,1,2,46,2,2,6.0,1736000.0,32.0
2025,12,1,1,1,62,1,2,4.0,1148000.0,45.0
2025,12,1,1,1,60,1,3,5.0,1340000.0,49.0
2025,12,1,1,2,36,1,2,8.0,1515000.0,86.0
2025,12,2,1,2,29,3,1,5.0,641000.0,97.0
2025,12,1,1,2,61,1,2,4.0,851000.0,53.0
2025,12,1,1,2,51,1,3,8.0,1483000.0,47.0
2025,12,1,1,1,53,1,2,5.0,2957000.0,84.0
2025,12,2,1,1,20,3,1,10.0,1618000.0,1.0
2025,12,2,1,2,47,2,2,10.0,0.0,47.0
2025,12,2,1,1,53,2,3,3.0,991000.0,41.0
2025,12,1,1,1,57,1,3,5.0,1459000.0,81.0
2025,12,1,1,1,49,1,2,3.0,2876000.0,1.0
2025,12,1,1,1,70,1,3,3.0,1790000.0,41.0
2025,12,1,1,1,31,1,2,5.0,2195000.0,31.0
2025,12,2,1,2,35,2,2,11.0,2228000.0,55.0
2025,12,1,1,2,40,1,1,10.0,2672000.0,86.0
2025,12,2,1,2,53,2,2,10.0,3034000.0,84.0
2025,12,1,1,1,47,1,2,4.0,1725000.0,33.0
2025,12,1,1,1,54,1,2,3.0,1286000.0,49.0
2025,12,4,1,2,19,3,1,5.0,371000.0,56.0
2025,12,3,1,2,42,3,1,11.0,1997000.0,86.0
2025,12,2,1,2,50,2,2,8.0,0.0,10.0
2025,12,1,1,2,69,1,3,3.0,753000.0,97.0
2025,12,1,1,2,75,1,3,1.0,523000.0,47.0
2025,12,2,1,2,43,2,3,11.0,3171000.0,56.0
2025,12,1,1,1,36,1,3,9.0,5920000.0,64.0
2025,12,2,1,1,36,3,1,10.0,2346000.0,82.0
2025,12,1,1,1,23,1,2,5.0,2048000.0,25.0
2025,12,2,1,1,21,3,2,5.0,2366000.0,47.0
2025,12,1,1,1,33,1,2,10.0,7641000.0,86.0
2025,12,1,1,2,34,1,2,8.0,547000.0,96.0
2025,12,1,1,2,35,1,2,6.0,916000.0,56.0
2025,12,3,1,2,31,7,2,5.0,475000.0,81.0
2025,12,1,1,2,34,1,2,9.0,1510000.0,47.0
2025,12,3,1,1,23,3,1,5.0,677000.0,1.0
2025,12,2,1,1,30,3,1,10.0,1413000.0,74.0
2025,12,1,1,1,65,1,3,3.0,521000.0,47.0
2025,12,2,1,2,37,2,2,8.0,0.0,47.0
2025,12,3,1,1,33,7,2,9.0,1774000.0,86.0
2025,12,1,1,2,53,1,2,5.0,1047000.0,81.0
2025,12,1,1,1,49,1,2,10.0,4126000.0,42.0
2025,12,2,1,2,37,6,2,5.0,1234000.0,56.0
2025,12,1,1,2,26,1,2,4.0,1130000.0,97.0
2025,12,1,1,2,57,1,3,4.0,729000.0,81.0
2025,12,2,1,2,36,3,1,9.0,103000.0,96.0
2025,12,5,1,1,55,6,3,5.0,1825000.0,68.0
2025,12,3,1,1,23,3,1,5.0,2144000.0,41.0
2025,12,1,1,1,52,1,2,4.0,1811000.0,56.0
2025,12,3,1,1,24,3,1,10.0,565000.0,45.0
2025,12,1,1,1,32,1,2,5.0,1845000.0,82.0
2025,12,1,1,1,44,1,2,5.0,5142000.0,84.0
2025,12,1,1,1,63,1,3,5.0,2173000.0,47.0
2025,12,1,1,1,69,1,2,10.0,7441000.0,85.0
2025,12,2,1,1,27,3,1,5.0,2430000.0,56.0
2025,12,1,1,2,27,1,2,5.0,678000.0,92.0
2025,12,3,1,2,21,3,1,5.0,1369000.0,47.0
2025,12,1,1,1,40,1,2,10.0,3449000.0,65.0
2025,12,2,1,2,77,2,3,3.0,573000.0,88.0
2025,12,1,1,1,50,1,2,3.0,3317000.0,56.0
2025,12,1,1,2,27,1,2,5.0,487000.0,56.0
2025,12,1,1,1,56,1,3,10.0,2483000.0,84.0
2025,12,1,1,1,50,1,3,3.0,365000.0,47.0
2025,12,2,1,1,66,2,2,3.0,1592000.0,41.0
2025,12,4,1,2,33,9,2,3.0,1087000.0,97.0
2025,12,3,1,2,23,3,1,10.0,1459000.0,47.0
2025,12,3,1,1,46,3,1,10.0,2987000.0,82.0
2025,12,3,1,1,32,3,1,4.0,1537000.0,49.0
2025,12,3,1,1,29,3,1,5.0,1939000.0,41.0
2025,12,1,1,1,61,1,3,3.0,2079000.0,1.0
2025,12,1,1,2,57,1,2,10.0,1463000.0,86.0
2025,12,2,1,2,65,2,3,3.0,475000.0,10.0
2025,12,1,1,1,29,1,2,10.0,4914000.0,86.0
2025,12,1,1,2,51,1,2,5.0,1446000.0,95.0
2025,12,1,1,1,52,1,2,5.0,3093000.0,11.0
2025,12,2,1,2,37,2,2,10.0,2302000.0,69.0
2025,12,1,1,1,30,1,2,6.0,1836000.0,95.0
2025,12,1,1,1,42,1,3,8.0,1900000.0,84.0
2025,12,2,1,2,31,2,2,8.0,2340000.0,47.0
2025,12,1,1,1,28,1,2,6.0,2351000.0,47.0
2025,12,1,1,1,79,1,3,1.0,1947000.0,10.0
2025,12,1,1,1,42,1,2,5.0,1509000.0,1.0
2025,12,2,1,2,35,2,2,5.0,738000.0,86.0
2025,12,1,1,2,50,1,2,3.0,962000.0,56.0
2025,12,1,1,1,40,1,3,5.0,1724000.0,35.0
2025,12,2,1,1,51,2,2,5.0,2129000.0,41.0
2025,12,1,1,1,24,1,2,10.0,4870000.0,71.0
2025,12,1,1,1,35,1,2,6.0,14577000.0,45.0
2025,12,3,1,2,18,3,1,5.0,1258000.0,1.0
2025,12,2,1,1,68,2,3,10.0,8657000.0,85.0
2025,12,1,1,2,58,1,3,3.0,479000.0,81.0
2025,12,1,1,1,34,1,2,11.0,3696000.0,85.0
2025,12,1,1,1,40,1,3,5.0,1410000.0,49.0
2025,12,1,1,2,50,1,2,9.0,2048000.0,86.0
2025,12,1,1,1,52,1,2,8.0,2989000.0,35.0
2025,12,1,1,2,42,1,2,5.0,1593000.0,84.0
2025,12,2,1,1,53,3,3,3.0,1319000.0,49.0
2025,12,1,1,1,75,1,3,5.0,1612000.0,45.0
2025,12,1,1,1,50,1,2,5.0,917000.0,1.0
2025,12,1,1,2,55,1,2,8.0,1708000.0,68.0
2025,12,1,1,2,31,1,1,8.0,1478000.0,96.0
2025,12,2,1,1,45,3,1,4.0,580000.0,1.0
2025,12,1,1,1,39,1,1,5.0,2172000.0,49.0
2025,12,5,1,1,35,7,2,5.0,1304000.0,45.0
2025,12,1,1,1,43,1,2,8.0,2748000.0,42.0
2025,12,3,1,2,39,3,1,10.0,2598000.0,36.0
2025,12,1,1,1,48,1,2,8.0,2694000.0,55.0
2025,12,1,1,2,38,1,2,10.0,2933000.0,56.0
2025,12,1,1,1,62,1,3,5.0,277000.0,32.0
2025,12,1,1,1,29,1,2,8.0,5781000.0,84.0
2025,12,1,1,2,40,1,2,10.0,4612000.0,84.0
2025,12,1,1,1,68,1,3,3.0,1864000.0,45.0
2025,12,1,1,2,30,1,2,10.0,260000.0,96.0
2025,12,1,1,2,36,1,2,10.0,1508000.0,65.0
2025,12,2,1,1,51,2,2,5.0,3839000.0,49.0
2025,12,1,1,2,45,1,2,5.0,2227000.0,47.0
2025,12,2,1,2,58,2,2,10.0,9501000.0,55.0
2025,12,4,1,2,22,9,2,5.0,329000.0,96.0
2025,12,2,1,2,38,2,2,8.0,479000.0,75.0
2025,12,1,1,1,42,1,2,10.0,2360000.0,69.0
2025,12,2,1,2,23,3,1,9.0,871000.0,47.0
2025,12,4,1,2,57,4,2,3.0,1252000.0,10.0
2025,12,1,1,1,45,1,2,9.0,1984000.0,35.0
2025,12,1,1,1,32,1,2,5.0,1150000.0,1.0
2025,12,3,1,1,27,3,1,11.0,1973000.0,84.0
2025,12,1,1,2,61,1,3,4.0,463000.0,56.0
2025,12,2,1,2,49,2,2,5.0,1255000.0,70.0
2025,12,2,1,1,22,3,1,5.0,1158000.0,49.0
2025,12,1,1,2,38,1,2,3.0,707000.0,97.0
2025,12,1,1,2,66,1,2,3.0,150000.0,81.0
2025,12,3,1,2,37,3,1,5.0,1535000.0,56.0
2025,12,2,1,2,59,2,3,13.0,7064000.0,85.0
2025,12,1,1,1,40,1,2,10.0,1849000.0,46.0
2025,12,3,1,2,31,3,1,8.0,944000.0,47.0
2025,12,1,1,2,35,1,1,10.0,3076000.0,73.0
2025,12,1,1,1,47,1,3,3.0,3071000.0,1.0
2025,12,2,1,1,43,2,2,11.0,6401000.0,84.0
2025,12,2,1,2,37,2,2,10.0,2193000.0,86.0
2025,12,2,1,2,35,2,2,9.0,0.0,69.0
2025,12,2,1,2,23,3,2,10.0,4370000.0,86.0
2025,12,3,1,1,35,3,1,5.0,1878000.0,47.0
2025,12,2,1,2,40,2,2,5.0,2561000.0,10.0
2025,12,2,1,2,46,2,2,8.0,2214000.0,96.0
2025,12,1,1,2,60,1,3,5.0,874000.0,97.0
2025,12,1,1,2,35,1,2,4.0,0.0,56.0
2025,12,1,1,1,35,1,2,10.0,1914000.0,80.0
2025,12,2,1,1,36,2,2,12.0,8055000.0,71.0
2025,12,2,1,1,50,3,1,3.0,1564000.0,31.0
2025,12,1,1,1,34,1,2,9.0,1854000.0,82.0
2025,12,2,1,2,44,2,3,4.0,702000.0,97.0
2025,12,2,1,2,45,3,1,5.0,499000.0,96.0
2025,12,1,1,1,40,1,2,5.0,4583000.0,35.0
2025,12,2,1,1,42,3,1,9.0,1025000.0,1.0
2025,12,1,1,1,66,1,3,5.0,1761000.0,45.0
2025,12,1,1,2,36,1,2,10.0,3722000.0,47.0
2025,12,3,1,1,24,3,1,10.0,2578000.0,82.0
2025,12,2,1,2,27,3,1,10.0,3377000.0,84.0
2025,12,3,1,2,42,7,2,8.0,2770000.0,84.0
2025,12,1,1,1,33,1,2,5.0,2179000.0,45.0
2025,12,2,1,2,65,2,3,3.0,241000.0,56.0
2025,12,1,1,2,28,1,2,8.0,849000.0,47.0
2025,12,1,1,2,58,1,2,8.0,1763000.0,86.0
2025,12,3,1,1,22,3,1,5.0,1915000.0,94.0
2025,12,1,1,2,41,1,2,8.0,1300000.0,47.0
2025,12,1,1,1,62,1,2,3.0,2365000.0,49.0
2025,12,1,1,2,34,1,1,4.0,504000.0,97.0
2025,12,1,1,1,53,1,2,4.0,527000.0,41.0
2025,12,4,1,1,26,3,1,10.0,397000.0,90.0
2025,12,1,1,1,47,1,2,5.0,2015000.0,41.0
2025,12,2,1,2,32,2,2,10.0,8727000.0,20.0
2025,12,2,1,2,40,2,2,12.0,13505000.0,65.0
2025,12,1,1,1,68,1,3,12.0,3360000.0,86.0
2025,12,1,1,1,48,1,2,5.0,1174000.0,61.0
2025,12,1,1,1,35,1,2,5.0,1405000.0,49.0
2025,12,1,1,1,55,1,2,3.0,2609000.0,68.0
2025,12,5,1,2,31,13,2,8.0,1978000.0,46.0
2025,12,1,1,2,27,1,2,10.0,4239000.0,60.0
2025,12,1,1,1,39,1,2,5.0,2255000.0,41.0
2025,12,5,1,1,35,6,2,5.0,1859000.0,47.0
2025,12,1,1,2,50,1,2,4.0,636000.0,10.0
2025,12,2,1,2,28,3,1,10.0,1557000.0,10.0
2025,12,4,1,2,55,10,3,4.0,1130000.0,97.0
2025,12,1,1,2,46,1,2,8.0,1976000.0,96.0
2025,12,1,1,1,63,1,3,3.0,497000.0,38.0
2025,12,1,1,2,34,1,2,5.0,784000.0,47.0
2025,12,1,1,1,31,1,2,5.0,3244000.0,1.0
2025,12,4,1,1,39,7,2,5.0,3483000.0,45.0
2025,12,3,1,1,21,3,1,4.0,821000.0,41.0
2025,12,2,1,2,53,2,2,10.0,2584000.0,85.0
2025,12,1,1,2,50,1,3,3.0,561000.0,1.0
2025,12,1,1,2,68,1,3,4.0,573000.0,1.0
2025,12,1,1,2,25,1,2,9.0,1440000.0,90.0
2025,12,1,1,2,47,1,2,10.0,5879000.0,94.0
2025,12,1,1,1,64,1,3,3.0,1544000.0,47.0
2025,12,1,1,1,36,1,2,9.0,2557000.0,56.0
2025,12,1,1,2,63,1,3,9.0,0.0,68.0
2025,12,9,1,2,19,9,2,5.0,1224000.0,47.0
2025,12,1,1,2,43,1,2,4.0,1228000.0,97.0
2025,12,2,1,1,52,2,3,5.0,1965000.0,68.0
2025,12,2,1,2,31,3,1,10.0,1903000.0,74.0
2025,12,3,1,2,35,6,3,3.0,814000.0,97.0
2025,12,2,1,1,40,2,3,3.0,1424000.0,31.0
2025,12,2,1,1,36,2,2,8.0,4617000.0,49.0
2025,12,2,1,2,40,6,3,10.0,1387000.0,85.0
2025,12,1,1,2,41,1,2,10.0,14392000.0,46.0
2025,12,1,1,1,63,1,2,3.0,1979000.0,43.0
2025,12,2,1,1,22,3,2,8.0,0.0,86.0
2025,12,2,1,1,42,2,3,5.0,289000.0,38.0
2025,12,1,1,1,61,1,2,1.0,1075000.0,47.0
2025,12,2,1,1,59,2,3,3.0,1378000.0,73.0
2025,12,2,1,2,46,2,3,11.0,4713000.0,85.0
2025,12,1,1,1,45,1,2,4.0,1810000.0,49.0
2025,12,1,1,2,70,1,3,5.0,204000.0,32.0
2025,12,2,1,1,40,2,3,10.0,2479000.0,47.0
2025,12,2,1,1,54,2,3,5.0,2103000.0,49.0
2025,12,3,1,1,22,3,1,4.0,566000.0,52.0
2025,12,2,1,2,48,2,2,3.0,1480000.0,47.0
2025,12,1,1,2,35,1,2,10.0,4071000.0,84.0
2025,12,2,1,2,39,2,3,8.0,1428000.0,46.0
2025,12,3,1,2,20,3,1,10.0,579000.0,56.0
2025,12,1,1,2,33,1,2,8.0,1174000.0,47.0
2025,12,1,1,1,40,1,2,8.0,2536000.0,47.0
2025,12,1,1,2,61,1,3,3.0,1908000.0,97.0
2025,12,1,1,2,48,1,1,8.0,1305000.0,55.0
2025,12,4,1,1,75,4,3,3.0,1822000.0,52.0
2025,12,3,1,1,23,3,1,5.0,2168000.0,92.0
2025,12,1,1,1,70,1,3,5.0,2013000.0,14.0
2025,12,1,1,2,59,1,3,4.0,557000.0,96.0
2025,12,2,1,2,37,3,1,10.0,1596000.0,85.0
2025,12,1,1,2,61,1,3,3.0,340000.0,81.0
2025,12,1,1,1,58,1,3,5.0,712000.0,49.0
2025,12,1,1,1,38,1,2,10.0,7133000.0,69.0
2025,12,2,1,2,70,2,1,11.0,7040000.0,86.0
2025,12,2,1,1,55,6,2,11.0,3676000.0,94.0
2025,12,1,1,1,22,1,2,5.0,2027000.0,10.0
2025,12,2,1,2,39,3,1,8.0,970000.0,47.0
2025,12,3,1,1,26,8,2,5.0,2005000.0,47.0
2025,12,1,1,2,62,1,3,8.0,861000.0,47.0
2025,12,4,1,2,29,3,1,5.0,571000.0,81.0
2025,12,1,1,1,41,1,2,5.0,683000.0,16.0
2025,12,7,1,1,33,8,2,5.0,1875000.0,45.0
2025,12,1,1,1,42,1,2,5.0,2116000.0,47.0
2025,12,2,1,2,65,2,2,4.0,1170000.0,96.0
2025,12,1,1,2,42,1,2,5.0,1010000.0,56.0
2025,12,1,1,1,39,1,2,4.0,2020000.0,96.0
2025,12,2,1,2,41,2,2,10.0,3291000.0,47.0
2025,12,1,1,2,34,1,2,5.0,1321000.0,47.0
2025,12,1,1,1,46,1,3,3.0,1346000.0,1.0
2025,12,2,1,2,60,2,3,5.0,1053000.0,97.0
2025,12,3,1,1,23,3,1,5.0,1322000.0,47.0
2025,12,1,1,1,58,1,2,8.0,1819000.0,84.0
2025,12,2,1,1,61,2,3,3.0,1072000.0,96.0
2025,12,1,1,1,31,1,2,5.0,2443000.0,46.0
2025,12,3,1,2,24,3,1,5.0,1852000.0,47.0
2025,12,1,1,2,25,1,2,5.0,0.0,96.0
2025,12,5,1,1,36,7,3,9.0,3057000.0,64.0
2025,12,1,1,1,42,1,2,10.0,1862000.0,68.0
2025,12,1,1,2,65,1,3,10.0,3625000.0,85.0
2025,12,2,1,2,24,3,1,6.0,620000.0,56.0
2025,12,1,1,2,50,1,2,12.0,4140000.0,85.0
2025,12,2,1,2,22,3,1,5.0,124000.0,47.0
2025,12,2,1,2,46,2,3,8.0,1870000.0,84.0
2025,12,1,1,2,18,1,2,10.0,705000.0,75.0
2025,12,2,1,2,27,3,1,10.0,1118000.0,47.0
2025,12,2,1,2,47,2,3,4.0,222000.0,77.0
2025,12,1,1,2,43,1,2,5.0,0.0,14.0
2025,12,1,1,2,49,1,3,8.0,1598000.0,96.0
2025,12,1,1,1,36,1,2,4.0,727000.0,49.0
2025,12,1,1,1,61,1,3,3.0,1955000.0,1.0
2025,12,1,1,1,49,1,3,3.0,744000.0,1.0
2025,12,1,1,1,32,1,2,5.0,868000.0,1.0
2025,12,2,1,2,48,3,1,5.0,1662000.0,97.0
2025,12,1,1,2,27,1,1,4.0,1459000.0,47.0
2025,12,2,1,2,40,2,2,4.0,0.0,47.0
2025,12,4,1,2,32,3,1,4.0,356000.0,97.0
2025,12,2,1,2,38,2,2,4.0,684000.0,47.0
2025,12,2,1,1,40,2,2,4.0,2714000.0,71.0
2025,12,1,1,2,50,1,2,5.0,1202000.0,45.0
2025,12,1,1,1,40,1,2,5.0,568000.0,96.0
2025,12,2,1,2,26,2,2,5.0,1118000.0,74.0
2025,12,1,1,1,46,1,2,11.0,7359000.0,85.0
2025,12,1,1,2,48,1,3,3.0,693000.0,81.0
2025,12,4,1,2,36,3,1,10.0,1307000.0,42.0
2025,12,1,1,2,37,1,2,10.0,3981000.0,62.0
2025,12,1,1,1,32,1,2,10.0,1627000.0,66.0
2025,12,2,1,2,44,2,1,10.0,4390000.0,85.0
2025,12,1,1,1,67,1,3,11.0,8280000.0,58.0
2025,12,3,1,1,28,3,1,10.0,3850000.0,69.0
2025,12,2,1,1,40,2,2,3.0,1099000.0,45.0
2025,12,1,1,2,46,1,2,10.0,3310000.0,47.0
2025,12,1,1,1,42,1,2,11.0,13810000.0,71.0
2025,12,1,1,1,41,1,2,10.0,2703000.0,14.0
2025,12,1,1,2,28,1,2,8.0,812000.0,10.0
2025,12,1,1,2,50,1,3,4.0,325000.0,56.0
2025,12,1,1,2,75,1,3,3.0,205000.0,56.0
2025,12,1,1,2,52,1,2,8.0,1494000.0,80.0
2025,12,1,1,1,40,1,3,10.0,1710000.0,86.0
2025,12,2,1,2,55,2,3,5.0,347000.0,47.0
2025,12,2,1,2,39,2,3,5.0,662000.0,56.0
2025,12,2,1,2,40,2,2,5.0,1481000.0,41.0
2025,12,1,1,1,54,1,2,8.0,2296000.0,43.0
2025,12,1,1,2,31,1,2,4.0,949000.0,47.0
2025,12,2,1,2,41,2,2,4.0,363000.0,47.0
2025,12,1,1,1,41,1,2,6.0,1408000.0,1.0
2025,12,1,1,1,39,1,2,5.0,2145000.0,41.0
2025,12,2,1,2,39,3,1,11.0,1470000.0,73.0
2025,12,1,1,1,68,1,3,4.0,253000.0,47.0
2025,12,2,1,1,32,3,1,9.0,868000.0,43.0
2025,12,1,1,2,26,1,2,5.0,1207000.0,47.0
2025,12,1,1,2,72,1,3,3.0,341000.0,88.0
2025,12,1,1,1,28,1,2,5.0,1595000.0,25.0
2025,12,1,1,2,54,1,3,1.0,2307000.0,1.0
2025,12,5,1,2,23,3,1,10.0,3249000.0,84.0
2025,12,3,1,1,33,3,1,3.0,1618000.0,8.0
2025,12,3,1,1,53,13,2,5.0,1880000.0,95.0
2025,12,1,1,2,49,1,3,3.0,753000.0,56.0
2025,12,1,1,1,43,1,3,8.0,2805000.0,35.0
2025,12,1,1,2,39,1,2,9.0,2236000.0,96.0
2025,12,3,1,1,27,3,1,8.0,2247000.0,78.0
2025,12,2,1,1,54,2,2,5.0,1105000.0,47.0
2025,12,3,1,1,52,9,2,3.0,1742000.0,1.0
2025,12,3,1,2,34,3,1,5.0,1189000.0,86.0
2025,12,1,1,2,36,1,2,8.0,3101000.0,96.0
2025,12,3,1,1,38,3,1,11.0,8211000.0,84.0
2025,12,1,1,1,76,1,3,1.0,462000.0,47.0
2025,12,1,1,2,57,1,3,6.0,1526000.0,86.0
2025,12,3,1,1,18,3,1,4.0,3020000.0,33.0
2025,12,1,1,2,40,1,1,10.0,3608000.0,65.0
2025,12,2,1,2,33,3,1,10.0,1379000.0,79.0
2025,12,1,1,1,36,1,2,4.0,2152000.0,22.0
2025,12,1,1,1,22,1,2,10.0,575000.0,10.0
2025,12,2,1,1,45,3,1,10.0,4399000.0,74.0
2025,12,2,1,1,52,2,2,3.0,2313000.0,41.0
2025,12,3,1,1,65,8,3,3.0,1708000.0,47.0
2025,12,2,1,1,59,2,2,5.0,1781000.0,80.0
2025,12,1,1,1,33,1,2,10.0,4639000.0,45.0
2025,12,1,1,2,56,1,3,5.0,838000.0,97.0
2025,12,2,1,2,28,3,1,11.0,1956000.0,64.0
2025,12,1,1,1,46,1,3,5.0,8853000.0,47.0
2025,12,1,1,1,66,1,1,12.0,6524000.0,85.0
2025,12,1,1,1,35,1,2,4.0,1303000.0,1.0
2025,12,1,1,1,47,1,3,5.0,2234000.0,52.0
2025,12,1,1,1,56,1,3,3.0,895000.0,3.0
2025,12,1,1,2,31,1,2,5.0,2008000.0,56.0
2025,12,1,1,1,31,1,2,3.0,2616000.0,49.0
2025,12,4,1,1,18,3,1,5.0,1409000.0,84.0
2025,12,2,2,1,55,2,2,3.0,695000.0,15.0
2025,12,2,1,2,44,3,1,8.0,1859000.0,41.0
2025,12,1,1,2,55,1,1,9.0,1873000.0,84.0
2025,12,1,1,2,31,1,2,10.0,420000.0,96.0
2025,12,2,1,2,48,3,1,5.0,597000.0,47.0
2025,12,2,1,1,56,2,3,3.0,2130000.0,41.0
2025,12,1,1,1,22,1,2,3.0,602000.0,52.0
2025,12,3,1,2,32,7,2,8.0,2557000.0,94.0
2025,12,1,1,2,41,1,1,5.0,1405000.0,86.0
2025,12,2,1,1,22,2,2,5.0,999000.0,45.0
2025,12,1,1,2,63,1,3,5.0,1522000.0,96.0
2025,12,3,1,2,21,13,2,10.0,1106000.0,56.0
2025,12,1,1,2,46,1,3,5.0,625000.0,47.0
2025,12,1,1,1,83,1,3,1.0,1370000.0,1.0
2025,12,1,1,2,65,1,3,3.0,374000.0,47.0
2025,12,4,1,1,19,3,1,6.0,2205000.0,47.0
2025,12,2,1,2,22,2,2,10.0,1252000.0,47.0
2025,12,1,1,1,67,1,3,3.0,630000.0,47.0
2025,12,2,1,1,32,2,2,5.0,1680000.0,56.0
2025,12,1,1,1,73,1,3,3.0,236000.0,52.0
2025,12,2,1,2,44,2,2,5.0,2265000.0,69.0
2025,12,1,1,1,26,1,2,5.0,1524000.0,56.0
2025,12,2,1,2,39,2,2,8.0,2480000.0,86.0
2025,12,2,1,1,22,2,2,5.0,2384000.0,96.0
2025,12,1,1,2,55,1,3,3.0,1379000.0,46.0
2025,12,1,1,2,32,1,2,5.0,1830000.0,96.0
2025,12,1,1,2,33,1,2,5.0,1577000.0,56.0
2025,12,3,1,1,36,3,1,8.0,2708000.0,46.0
2025,12,1,1,1,26,1,2,5.0,2508000.0,46.0
2025,12,1,1,1,54,1,3,3.0,2180000.0,49.0
2025,12,2,1,1,36,2,2,4.0,1908000.0,55.0
2025,12,1,1,1,41,1,2,6.0,3864000.0,82.0
2025,12,1,1,1,37,1,2,5.0,1791000.0,42.0
2025,12,2,1,2,51,2,3,10.0,3664000.0,85.0
2025,12,1,1,1,25,1,2,5.0,698000.0,49.0
2025,12,1,1,1,60,1,3,3.0,2557000.0,49.0
2025,12,4,1,1,37,3,1,5.0,4969000.0,62.0
2025,12,1,2,2,63,1,3,3.0,208000.0,56.0
2025,12,2,1,2,50,2,2,5.0,1370000.0,86.0
2025,12,2,1,2,42,3,1,5.0,1314000.0,45.0
2025,12,1,1,2,41,1,2,3.0,770000.0,56.0
2025,12,1,1,1,45,1,2,11.0,17067000.0,6.0
2025,12,2,1,1,50,2,2,3.0,1274000.0,96.0
2025,12,1,1,2,48,1,2,3.0,1353000.0,47.0
2025,12,3,1,1,24,3,1,10.0,1837000.0,62.0
2025,12,1,1,2,37,1,3,8.0,383000.0,56.0
2025,12,1,1,2,37,1,2,10.0,1217000.0,47.0
2025,12,3,1,2,25,3,1,5.0,779000.0,56.0
2025,12,1,1,2,59,1,3,5.0,859000.0,81.0
2025,12,1,1,1,60,1,3,10.0,3072000.0,85.0
2025,12,2,1,1,30,3,1,5.0,2663000.0,49.0
2025,12,1,1,2,37,1,2,9.0,563000.0,56.0
2025,12,1,1,1,60,1,3,8.0,2476000.0,49.0
2025,12,1,1,1,68,1,3,4.0,2565000.0,1.0
2025,12,3,1,2,25,6,2,9.0,1291000.0,86.0
2025,12,1,1,1,38,1,2,9.0,921000.0,94.0
2025,12,2,1,2,33,2,2,10.0,2476000.0,46.0
2025,12,1,1,2,23,1,2,4.0,284000.0,56.0
2025,12,3,1,1,24,3,1,6.0,224000.0,96.0
2025,12,1,1,2,69,1,3,3.0,1340000.0,56.0
2025,12,2,1,1,52,2,2,4.0,1615000.0,41.0
2025,12,1,1,1,36,1,1,6.0,5842000.0,96.0
2025,12,1,1,2,50,1,2,5.0,1071000.0,97.0
2025,12,1,1,1,44,1,2,11.0,8933000.0,84.0
2025,12,1,1,2,32,1,2,8.0,1180000.0,86.0
2025,12,2,1,2,56,2,3,8.0,2630000.0,85.0
2025,12,1,1,1,34,1,1,9.0,1750000.0,60.0
2025,12,1,1,1,51,1,2,5.0,772000.0,56.0
2025,12,2,1,2,37,2,3,5.0,2966000.0,47.0
2025,12,1,1,2,55,1,3,5.0,1386000.0,47.0
2025,12,1,1,2,26,1,2,5.0,1397000.0,45.0
2025,12,2,1,2,35,2,2,5.0,1261000.0,85.0
2025,12,2,1,2,44,2,1,5.0,1930000.0,53.0
2025,12,1,1,1,47,1,2,5.0,2771000.0,8.0
2025,12,5,1,1,20,6,2,10.0,1993000.0,61.0
2025,12,1,1,1,54,1,3,5.0,5804000.0,93.0
2025,12,1,1,1,26,1,2,9.0,2416000.0,47.0
2025,12,2,1,1,41,2,3,6.0,1401000.0,68.0
2025,12,1,1,2,68,1,3,3.0,139000.0,47.0
2025,12,1,1,1,51,1,2,9.0,3343000.0,62.0
2025,12,1,1,2,51,1,2,5.0,759000.0,47.0
2025,12,1,1,1,57,1,2,5.0,1206000.0,49.0
2025,12,2,1,1,57,2,2,3.0,994000.0,41.0
2025,12,1,1,1,33,1,2,10.0,1582000.0,47.0
2025,12,2,1,2,51,2,2,9.0,2135000.0,47.0
2025,12,3,1,1,32,3,1,10.0,3779000.0,61.0
2025,12,2,1,1,46,2,2,10.0,2054000.0,46.0
2025,12,1,1,2,41,1,2,9.0,3011000.0,84.0
2025,12,2,1,2,27,3,1,5.0,1405000.0,81.0
2025,12,5,1,1,34,3,1,5.0,277000.0,82.0
2025,12,1,1,2,28,1,2,8.0,1200000.0,61.0
2025,12,1,1,2,21,1,2,9.0,1176000.0,86.0
2025,12,1,1,2,61,1,3,5.0,886000.0,47.0
2025,12,2,1,2,57,2,2,5.0,1798000.0,82.0
2025,12,1,1,1,50,1,2,3.0,2463000.0,47.0
2025,12,1,1,1,44,1,2,11.0,6210000.0,65.0
2025,12,6,1,2,23,3,1,10.0,1374000.0,47.0
2025,12,2,1,2,53,2,3,11.0,4925000.0,69.0
2025,12,1,1,2,34,1,2,5.0,1576000.0,1.0
2025,12,1,1,1,61,1,3,1.0,942000.0,1.0
2025,12,2,1,1,36,2,2,5.0,2532000.0,1.0
2025,12,1,1,2,77,1,3,3.0,100000.0,47.0
2025,12,1,1,1,51,1,2,5.0,329000.0,52.0
2025,12,1,1,2,29,1,2,5.0,1325000.0,47.0
2025,12,1,1,1,41,1,2,8.0,2338000.0,49.0
2025,12,1,1,1,58,1,2,5.0,1651000.0,95.0
2025,12,1,1,2,42,1,3,5.0,425000.0,56.0
2025,12,1,1,1,56,1,2,8.0,2716000.0,95.0
2025,12,2,1,1,45,2,2,5.0,2326000.0,79.0
2025,12,1,1,2,69,1,2,1.0,168000.0,47.0
2025,12,1,1,1,57,1,2,4.0,1156000.0,1.0
2025,12,1,1,2,56,1,3,3.0,146000.0,81.0
2025,12,2,1,1,27,13,2,6.0,3153000.0,85.0
2025,12,1,1,1,60,1,3,5.0,1648000.0,49.0
2025,12,3,1,2,33,3,1,5.0,1799000.0,14.0
2025,12,1,1,1,48,1,2,6.0,2221000.0,95.0
2025,12,1,1,2,34,1,3,5.0,860000.0,56.0
2025,12,2,1,2,42,2,2,10.0,2299000.0,47.0
2025,12,1,1,2,60,1,3,5.0,3149000.0,84.0
2025,12,1,1,1,44,1,2,5.0,1343000.0,49.0
2025,12,3,1,2,27,6,2,10.0,2302000.0,94.0
2025,12,1,1,1,36,1,2,5.0,2441000.0,45.0
2025,12,2,1,1,72,6,3,3.0,218000.0,1.0
2025,12,2,1,2,40,2,2,6.0,260000.0,14.0
2025,12,1,1,1,39,1,2,3.0,2019000.0,1.0
2025,12,4,1,1,22,8,1,8.0,3133000.0,47.0
2025,12,2,1,1,67,2,3,3.0,2081000.0,43.0
2025,12,1,1,1,68,1,3,3.0,1470000.0,7.0
2025,12,2,1,2,52,2,2,3.0,1447000.0,47.0
2025,12,2,1,2,45,3,1,9.0,1319000.0,79.0
2025,12,1,1,1,49,1,2,6.0,2027000.0,47.0
2025,12,1,1,2,49,1,2,5.0,290000.0,56.0
2025,12,1,1,1,24,1,2,5.0,2349000.0,47.0
2025,12,2,1,2,45,2,3,3.0,1217000.0,97.0
2025,12,1,1,2,43,1,2,5.0,801000.0,56.0
2025,12,1,1,1,56,1,2,3.0,630000.0,1.0
2025,12,2,1,2,28,2,2,10.0,3209000.0,84.0
2025,12,1,1,1,33,1,2,4.0,2173000.0,41.0
2025,12,2,1,2,55,2,3,5.0,1463000.0,45.0
2025,12,1,1,1,57,1,3,12.0,1541000.0,74.0
2025,12,1,1,1,61,1,2,3.0,490000.0,1.0
2025,12,2,1,2,47,2,3,5.0,1751000.0,10.0
2025,12,1,1,2,63,1,2,3.0,709000.0,56.0
2025,12,1,1,1,42,1,3,11.0,5580000.0,84.0
2025,12,1,1,2,28,1,3,5.0,1941000.0,56.0
2025,12,2,1,2,43,2,3,12.0,2354000.0,85.0
2025,12,1,1,2,53,1,2,5.0,1326000.0,97.0
2025,12,1,1,2,49,1,2,6.0,1179000.0,42.0
2025,12,1,1,1,39,1,2,5.0,1824000.0,47.0
2025,12,2,1,2,24,2,2,10.0,1925000.0,47.0
2025,12,1,1,1,71,1,3,3.0,1514000.0,47.0
2025,12,1,1,1,49,1,3,10.0,1820000.0,71.0
2025,12,5,1,2,26,3,1,5.0,1360000.0,47.0
2025,12,1,1,2,37,1,2,5.0,1346000.0,14.0
2025,12,6,1,1,19,8,1,10.0,2550000.0,74.0
2025,12,2,1,1,44,3,1,5.0,737000.0,75.0
2025,12,1,1,1,33,1,2,10.0,16478000.0,63.0
2025,12,1,1,1,29,1,3,5.0,1925000.0,5.0
2025,12,1,1,1,53,1,3,9.0,1249000.0,95.0
2025,12,1,1,1,44,1,2,5.0,923000.0,46.0
2025,12,2,1,1,32,9,2,6.0,8604000.0,47.0
2025,12,1,1,2,46,1,2,10.0,3778000.0,20.0
2025,12,2,1,1,40,2,2,8.0,1246000.0,82.0
2025,12,1,1,1,50,1,2,1.0,292000.0,1.0
2025,12,2,1,2,60,2,3,3.0,185000.0,47.0
2025,12,2,1,2,28,2,2,10.0,3068000.0,85.0
2025,12,1,1,2,30,1,2,5.0,695000.0,81.0
2025,12,1,1,2,48,1,2,4.0,105000.0,92.0
2025,12,2,1,1,64,2,3,3.0,1425000.0,1.0
2025,12,1,1,1,61,1,3,3.0,1230000.0,1.0
2025,12,1,1,1,25,1,2,5.0,3895000.0,42.0
2025,12,1,1,2,50,1,2,5.0,1340000.0,84.0
2025,12,1,1,1,31,1,2,10.0,1889000.0,71.0
2025,12,1,1,2,35,1,1,10.0,3839000.0,84.0
2025,12,1,1,2,59,1,3,5.0,0.0,14.0
2025,12,1,1,2,66,1,3,3.0,1612000.0,88.0
2025,12,2,1,2,54,2,3,3.0,278000.0,1.0
2025,12,1,1,2,31,1,2,6.0,717000.0,81.0
2025,12,1,1,2,66,1,2,11.0,3594000.0,85.0
2025,12,1,1,1,58,1,2,3.0,1186000.0,7.0
2025,12,2,1,2,47,2,3,3.0,436000.0,15.0
2025,12,3,1,1,23,3,1,5.0,1751000.0,10.0
2025,12,1,1,2,52,1,2,8.0,1739000.0,47.0
2025,12,3,1,1,42,3,1,4.0,1798000.0,41.0
2025,12,3,1,2,31,3,1,10.0,3511000.0,94.0
2025,12,1,1,1,63,1,3,3.0,1848000.0,47.0
2025,12,1,1,2,41,1,2,10.0,3534000.0,85.0
2025,12,4,1,2,29,3,1,10.0,1433000.0,45.0
2025,12,2,1,1,31,3,1,10.0,3422000.0,66.0
2025,12,1,1,2,54,1,3,3.0,1207000.0,56.0
2025,12,1,1,1,47,1,2,5.0,1416000.0,45.0
2025,12,2,1,1,27,2,2,4.0,2235000.0,56.0
2025,12,1,1,1,70,1,3,3.0,644000.0,56.0
2025,12,2,1,1,35,3,1,10.0,1877000.0,68.0
2025,12,2,1,2,32,2,2,5.0,1397000.0,47.0
2025,12,1,1,2,31,1,2,5.0,581000.0,47.0
2025,12,2,1,1,47,2,2,4.0,1499000.0,5.0
2025,12,1,1,2,30,1,2,5.0,1675000.0,97.0
2025,12,2,1,2,26,2,2,5.0,1522000.0,86.0
2025,12,2,1,2,21,3,1,5.0,112000.0,49.0
2025,12,2,1,2,35,2,2,10.0,2264000.0,65.0
2025,12,2,1,2,51,3,1,5.0,1575000.0,14.0
2025,12,3,1,2,19,3,1,8.0,1404000.0,75.0
2025,12,2,1,2,69,2,2,9.0,1565000.0,66.0
2025,12,2,1,2,52,2,2,5.0,336000.0,95.0
2025,12,1,1,1,47,1,2,10.0,1050000.0,49.0
2025,12,2,1,2,58,3,1,10.0,2038000.0,69.0
2025,12,1,1,1,23,1,2,4.0,1762000.0,47.0
2025,12,1,1,1,54,1,3,3.0,959000.0,41.0
2025,12,1,1,2,29,1,1,5.0,728000.0,56.0
2025,12,1,1,2,40,1,2,5.0,430000.0,96.0
2025,12,1,1,1,52,1,2,5.0,1383000.0,38.0
2025,12,2,1,2,32,3,1,8.0,1567000.0,97.0
2025,12,2,1,1,40,2,2,3.0,2098000.0,1.0
2025,12,1,1,1,46,1,2,6.0,956000.0,49.0
2025,12,2,1,2,20,3,1,8.0,503000.0,96.0
2025,12,1,1,2,42,1,2,9.0,2513000.0,86.0
2025,12,2,1,2,33,2,3,5.0,626000.0,47.0
2025,12,2,1,1,37,9,2,10.0,0.0,45.0
2025,12,1,1,1,29,1,2,5.0,2380000.0,68.0
2025,12,2,1,1,41,3,1,10.0,1321000.0,53.0
2025,12,1,1,2,28,1,2,9.0,687000.0,96.0
2025,12,1,1,1,41,1,2,5.0,3320000.0,1.0
2025,12,4,1,2,37,10,2,5.0,2003000.0,97.0
2025,12,1,1,2,44,1,2,5.0,667000.0,14.0
2025,12,1,1,1,51,1,3,10.0,2358000.0,96.0
2025,12,2,1,2,42,2,2,9.0,1500000.0,96.0
2025,12,1,1,2,27,1,2,8.0,1494000.0,47.0
2025,12,1,1,2,56,1,2,7.0,311000.0,56.0
2025,12,4,1,1,55,13,3,3.0,538000.0,47.0
2025,12,2,1,2,26,3,1,5.0,1218000.0,47.0
2025,12,4,1,1,31,7,2,5.0,2431000.0,47.0
2025,12,1,1,2,36,1,1,10.0,0.0,85.0
2025,12,1,1,2,34,1,2,8.0,912000.0,56.0
2025,12,1,1,2,67,1,3,10.0,3798000.0,85.0
2025,12,2,1,1,55,2,2,3.0,2470000.0,43.0
2025,12,1,1,2,27,1,2,4.0,254000.0,1.0
2025,12,1,1,2,70,1,3,1.0,298000.0,15.0
2025,12,2,1,2,48,2,2,10.0,2005000.0,68.0
2025,12,2,1,2,30,2,2,5.0,1671000.0,86.0
2025,12,1,1,1,55,1,2,8.0,3409000.0,35.0
2025,12,1,1,1,45,1,2,3.0,1460000.0,41.0
2025,12,1,1,1,70,1,3,3.0,2333000.0,1.0
2025,12,3,1,1,22,3,1,4.0,2064000.0,47.0
2025,12,2,1,2,22,2,2,10.0,1036000.0,56.0
2025,12,2,1,2,54,2,2,5.0,1583000.0,52.0
2025,12,1,1,1,33,1,2,10.0,1291000.0,41.0
2025,12,1,1,2,41,1,2,5.0,100000.0,47.0
2025,12,1,1,2,56,1,2,3.0,287000.0,88.0
2025,12,1,1,1,72,1,3,3.0,1350000.0,41.0
2025,12,1,1,1,38,1,3,5.0,2360000.0,80.0
2025,12,1,1,1,48,1,2,10.0,10063000.0,68.0
2025,12,1,1,1,48,1,1,5.0,1634000.0,80.0
2025,12,2,1,1,37,2,2,3.0,1870000.0,1.0
2025,12,3,1,2,31,3,1,10.0,2372000.0,92.0
2025,12,1,1,2,48,1,2,3.0,525000.0,97.0
2025,12,2,1,2,33,2,3,11.0,4580000.0,53.0
2025,12,4,1,1,34,3,2,1.0,972000.0,3.0
2025,12,1,1,1,25,1,2,4.0,2279000.0,41.0
2025,12,4,1,2,52,4,1,5.0,0.0,84.0
2025,12,2,1,2,56,2,2,5.0,790000.0,81.0
2025,12,3,1,1,25,3,1,9.0,603000.0,49.0
2025,12,2,1,2,54,2,3,3.0,818000.0,97.0
2025,12,2,1,2,51,2,3,1.0,0.0,1.0
2025,12,1,1,2,57,1,2,3.0,1366000.0,47.0
2025,12,1,1,1,38,1,2,4.0,2683000.0,1.0
2025,12,3,1,1,45,3,1,3.0,1305000.0,41.0
2025,12,1,1,2,51,1,3,5.0,464000.0,81.0
2025,12,1,1,1,34,1,2,4.0,1991000.0,43.0
2025,12,1,1,2,34,1,2,5.0,1486000.0,10.0
2025,12,3,1,2,26,3,1,10.0,1734000.0,85.0
2025,12,4,1,1,19,3,1,4.0,1765000.0,49.0
2025,12,1,1,2,34,1,2,8.0,951000.0,86.0
2025,12,1,2,2,34,1,2,9.0,1368000.0,46.0
2025,12,1,1,1,51,1,2,5.0,1886000.0,81.0
2025,12,2,1,2,25,2,2,10.0,100000.0,47.0
2025,12,2,1,1,41,2,3,10.0,2638000.0,62.0
2025,12,2,1,2,52,2,2,1.0,100000.0,15.0
2025,12,1,1,2,30,1,2,5.0,1295000.0,86.0
2025,12,1,1,1,66,1,3,3.0,1677000.0,41.0
2025,12,1,1,1,53,1,2,3.0,1377000.0,49.0
2025,12,2,1,1,55,2,3,3.0,1886000.0,45.0
2025,12,1,1,1,51,1,3,5.0,1824000.0,55.0
2025,12,1,1,1,38,1,3,5.0,2950000.0,11.0
2025,12,2,1,2,24,2,2,5.0,560000.0,96.0
2025,12,1,1,1,62,1,3,3.0,1056000.0,47.0
2025,12,2,1,2,35,2,2,10.0,8013000.0,10.0
2025,12,3,1,2,21,3,1,5.0,391000.0,47.0
2025,12,1,1,1,54,1,2,4.0,2214000.0,41.0
2025,12,2,1,1,35,3,1,11.0,5834000.0,43.0
2025,12,1,1,1,24,1,2,5.0,1890000.0,56.0
2025,12,2,1,1,61,2,3,10.0,3721000.0,84.0
2025,12,1,1,1,32,1,2,4.0,448000.0,56.0
2025,12,2,1,2,47,2,2,8.0,0.0,96.0
2025,12,4,1,1,33,3,1,5.0,3084000.0,22.0
2025,12,2,1,1,47,2,2,4.0,1929000.0,49.0
2025,12,1,1,1,31,1,2,11.0,11665000.0,86.0
2025,12,4,1,1,28,3,1,10.0,4072000.0,84.0
2025,12,4,1,1,24,3,1,4.0,1273000.0,45.0
2025,12,1,1,1,27,1,2,5.0,3683000.0,49.0
2025,12,2,1,1,50,2,2,4.0,992000.0,45.0
2025,12,1,1,1,41,1,2,3.0,810000.0,1.0
2025,12,2,1,1,27,13,2,10.0,2600000.0,26.0
2025,12,1,1,1,23,1,2,5.0,1937000.0,46.0
2025,12,1,1,2,18,1,2,5.0,1343000.0,47.0
2025,12,2,1,2,37,2,1,5.0,1308000.0,56.0
2025,12,2,1,1,47,3,2,10.0,6216000.0,84.0
2025,12,2,1,1,46,2,3,10.0,5224000.0,84.0
2025,12,2,1,1,84,2,3,3.0,216000.0,47.0
2025,12,3,1,1,20,3,1,5.0,2301000.0,84.0
2025,12,1,1,2,22,1,2,5.0,1859000.0,47.0
2025,12,1,1,2,53,1,3,10.0,4399000.0,14.0
2025,12,2,1,2,29,2,2,5.0,414000.0,81.0
2025,12,1,1,2,49,1,2,10.0,2043000.0,64.0
2025,12,1,1,2,39,1,2,1.0,100000.0,1.0
2025,12,2,1,2,29,3,1,10.0,1376000.0,55.0
2025,12,2,1,2,37,2,2,11.0,2547000.0,86.0
2025,12,1,1,2,23,1,2,8.0,1619000.0,86.0
2025,12,3,1,2,29,3,1,10.0,1011000.0,14.0
2025,12,4,1,2,69,4,2,3.0,338000.0,14.0
2025,12,1,1,2,40,1,2,6.0,1745000.0,61.0
2025,12,1,1,1,63,1,2,5.0,1444000.0,52.0
2025,12,2,1,2,37,2,2,12.0,10777000.0,84.0
2025,12,1,1,1,43,1,2,5.0,2040000.0,35.0
2025,12,4,1,1,63,4,3,3.0,1273000.0,1.0
2025,12,1,1,1,66,1,3,5.0,2460000.0,92.0
2025,12,1,1,2,39,1,2,5.0,1184000.0,15.0
2025,12,1,1,2,31,1,2,4.0,2538000.0,96.0
2025,12,2,1,2,40,2,2,1.0,722000.0,7.0
2025,12,3,1,2,42,3,1,10.0,2713000.0,86.0
2025,12,3,1,2,20,7,2,5.0,1253000.0,93.0
2025,12,2,1,1,46,3,1,4.0,1343000.0,47.0
2025,12,1,1,1,27,1,1,5.0,2359000.0,56.0
2025,12,1,1,1,34,1,2,8.0,9997000.0,47.0
2025,12,1,1,2,41,1,2,3.0,620000.0,1.0
2025,12,2,1,2,28,3,2,5.0,1376000.0,47.0
2025,12,1,1,1,32,1,2,5.0,2079000.0,1.0
2025,12,1,1,2,37,1,1,10.0,2955000.0,49.0
2025,12,1,1,2,46,1,2,9.0,3143000.0,86.0
2025,12,3,1,2,21,3,2,5.0,915000.0,56.0
2025,12,2,1,1,37,3,1,5.0,2092000.0,46.0
2025,12,1,1,2,76,1,3,1.0,100000.0,56.0
2025,12,2,1,1,40,9,2,1.0,1069000.0,15.0
2025,12,2,1,1,18,8,2,4.0,259000.0,96.0
2025,12,1,1,2,46,1,2,5.0,1442000.0,14.0
2025,12,2,1,2,28,2,2,5.0,714000.0,1.0
2025,12,2,1,2,62,2,2,10.0,1317000.0,56.0
2025,12,2,1,2,24,2,2,4.0,1314000.0,14.0
2025,12,1,1,1,45,1,2,3.0,974000.0,1.0
2025,12,2,1,1,57,2,2,3.0,3196000.0,14.0
2025,12,3,1,2,39,3,1,5.0,475000.0,97.0
2025,12,2,1,2,45,2,2,8.0,2604000.0,65.0
2025,12,1,1,2,55,1,3,3.0,324000.0,53.0
2025,12,1,1,1,37,1,2,9.0,7493000.0,11.0
2025,12,3,1,2,40,3,1,5.0,1306000.0,47.0
2025,12,1,1,1,37,1,2,3.0,2207000.0,1.0
2025,12,1,1,1,54,1,3,3.0,1723000.0,10.0
2025,12,1,1,1,32,1,2,8.0,3210000.0,47.0
2025,12,1,1,1,41,1,3,5.0,1117000.0,1.0
2025,12,1,1,2,21,1,2,10.0,2210000.0,49.0
2025,12,3,1,2,20,7,2,5.0,737000.0,56.0
2025,12,2,1,2,44,6,3,3.0,1361000.0,97.0
2025,12,1,1,2,23,1,2,4.0,1343000.0,22.0
2025,12,2,1,1,26,3,1,3.0,2267000.0,49.0
2025,12,1,1,1,55,1,2,11.0,0.0,65.0
2025,12,2,1,2,45,2,2,4.0,1277000.0,56.0
2025,12,1,1,1,62,1,3,5.0,1346000.0,46.0
2025,12,1,1,1,48,1,2,10.0,15802000.0,64.0
2025,12,2,1,2,50,2,3,4.0,11190000.0,56.0
2025,12,2,1,1,22,3,2,9.0,1720000.0,22.0
2025,12,1,1,2,41,1,3,10.0,1400000.0,85.0
2025,12,1,1,1,28,1,2,8.0,3280000.0,46.0
2025,12,1,1,2,53,1,2,5.0,1708000.0,86.0
2025,12,2,1,1,43,2,2,5.0,1010000.0,96.0
2025,12,2,1,2,37,2,2,8.0,391000.0,47.0
2025,12,1,1,2,28,1,2,4.0,1575000.0,14.0
2025,12,1,1,2,28,1,3,12.0,3063000.0,85.0
2025,12,5,1,2,40,6,3,3.0,439000.0,1.0
2025,12,3,1,2,33,3,1,8.0,1272000.0,86.0
2025,12,1,1,2,43,1,2,10.0,2659000.0,85.0
2025,12,1,1,2,67,1,3,3.0,0.0,95.0
2025,12,2,1,2,37,3,1,5.0,1943000.0,80.0
2025,12,1,1,2,23,1,2,8.0,1610000.0,86.0
2025,12,4,1,2,34,3,1,5.0,1500000.0,86.0
2025,12,1,1,2,50,1,2,6.0,1315000.0,10.0
2025,12,4,1,2,30,3,1,5.0,1240000.0,47.0
2025,12,1,1,1,57,1,2,5.0,2820000.0,49.0
2025,12,1,1,2,29,1,2,9.0,2380000.0,27.0
2025,12,3,1,2,24,3,1,5.0,1998000.0,47.0
2025,12,1,1,1,69,1,3,3.0,100000.0,47.0
2025,12,2,1,2,29,8,2,8.0,1862000.0,86.0
2025,12,1,1,1,67,1,3,8.0,1604000.0,95.0
2025,12,1,1,1,40,1,2,6.0,11584000.0,56.0
2025,12,1,1,2,40,1,3,5.0,1333000.0,56.0
2025,12,3,1,2,25,3,1,8.0,952000.0,56.0
2025,12,2,1,2,59,2,2,5.0,2227000.0,14.0
2025,12,3,1,2,28,7,2,5.0,1208000.0,47.0
2025,12,2,1,2,24,3,1,10.0,0.0,84.0
2025,12,1,1,1,44,1,2,4.0,1804000.0,47.0
2025,12,2,1,1,56,2,2,12.0,6101000.0,85.0
2025,12,1,1,2,24,1,2,8.0,1440000.0,47.0
2025,12,1,1,1,21,1,2,4.0,1446000.0,41.0
2025,12,1,1,1,41,1,3,6.0,2049000.0,61.0
2025,12,1,1,1,73,1,3,3.0,928000.0,1.0
2025,12,2,1,2,55,2,3,3.0,2403000.0,96.0
2025,12,1,1,1,39,1,2,8.0,2981000.0,45.0
2025,12,1,1,2,22,1,2,5.0,971000.0,47.0
2025,12,1,1,1,34,1,2,5.0,2042000.0,10.0
2025,12,3,1,2,23,3,1,10.0,1533000.0,68.0
2025,12,1,1,2,56,1,3,5.0,218000.0,47.0
2025,12,1,1,2,53,1,2,8.0,3002000.0,86.0
2025,12,1,1,1,30,1,2,5.0,640000.0,7.0
2025,12,1,1,1,62,1,3,4.0,587000.0,56.0
2025,12,1,1,2,32,1,2,10.0,751000.0,47.0
2025,12,1,1,1,47,1,2,5.0,1837000.0,25.0
2025,12,2,1,2,44,2,2,4.0,518000.0,47.0
2025,12,2,1,2,51,2,2,13.0,8880000.0,86.0
2025,12,1,1,2,62,1,2,5.0,1650000.0,75.0
2025,12,1,1,2,61,1,3,5.0,292000.0,81.0
2025,12,1,1,2,62,1,2,3.0,1490000.0,97.0
2025,12,1,1,1,43,1,2,10.0,4392000.0,84.0
2025,12,1,1,2,35,1,3,5.0,730000.0,97.0
2025,12,1,1,2,59,1,3,3.0,379000.0,47.0
2025,12,1,1,1,50,1,3,5.0,1531000.0,41.0
2025,12,1,1,2,43,1,3,5.0,494000.0,56.0
2025,12,2,1,2,50,2,2,5.0,484000.0,49.0
2025,12,1,1,1,32,1,2,4.0,2138000.0,49.0
2025,12,2,1,2,27,3,1,5.0,110000.0,56.0
2025,12,2,1,2,23,3,1,3.0,2582000.0,96.0
2025,12,1,1,2,23,1,2,5.0,1250000.0,10.0
2025,12,1,1,1,33,1,2,8.0,2608000.0,31.0
2025,12,1,1,1,62,1,3,4.0,1327000.0,31.0
2025,12,1,1,2,50,1,2,5.0,1277000.0,97.0
2025,12,2,1,2,30,2,2,6.0,1215000.0,1.0
2025,12,1,1,1,51,1,2,3.0,0.0,1.0
2025,12,1,1,2,50,1,3,10.0,2370000.0,69.0
2025,12,1,1,2,40,1,2,5.0,612000.0,56.0
2025,12,1,1,2,25,1,2,10.0,1101000.0,27.0
2025,12,2,1,2,38,2,2,4.0,815000.0,56.0
2025,12,1,1,1,67,1,3,1.0,538000.0,46.0
2025,12,1,1,1,65,1,3,4.0,729000.0,47.0
2025,12,3,1,1,20,3,1,9.0,2045000.0,25.0
2025,12,2,1,2,32,3,1,12.0,6922000.0,69.0
2025,12,1,1,2,34,1,2,10.0,4906000.0,73.0
2025,12,1,1,2,38,1,3,4.0,626000.0,81.0
2025,12,3,1,1,23,3,1,5.0,1581000.0,47.0
2025,12,5,1,1,25,6,1,5.0,2007000.0,53.0
2025,12,1,1,2,29,1,2,8.0,721000.0,47.0
2025,12,1,1,2,50,1,2,5.0,682000.0,81.0
2025,12,2,1,2,56,2,2,3.0,262000.0,56.0
2025,12,1,1,2,36,1,2,4.0,1378000.0,85.0
2025,12,1,1,1,56,1,2,3.0,3325000.0,1.0
2025,12,1,1,2,30,1,2,10.0,267000.0,96.0
2025,12,1,1,2,42,1,3,5.0,1006000.0,97.0
2025,12,3,1,1,61,9,2,8.0,1806000.0,55.0
2025,12,2,1,2,40,2,2,10.0,3886000.0,46.0
2025,12,1,1,2,41,1,2,12.0,3693000.0,94.0
2025,12,2,1,2,49,2,3,8.0,1238000.0,84.0
2025,12,2,1,2,57,2,3,4.0,849000.0,81.0
2025,12,1,1,1,54,1,3,5.0,2374000.0,84.0
2025,12,1,1,2,23,1,2,5.0,211000.0,96.0
2025,12,2,1,1,45,2,2,10.0,6142000.0,5.0
2025,12,2,1,1,29,13,2,5.0,2290000.0,56.0
2025,12,1,1,1,26,1,2,10.0,3932000.0,84.0
2025,12,2,1,2,26,2,2,10.0,811000.0,45.0
2025,12,1,1,1,36,1,2,11.0,6319000.0,80.0
2025,12,1,1,2,48,1,3,5.0,1407000.0,56.0
2025,12,1,1,1,41,1,2,5.0,1741000.0,47.0
2025,12,1,1,2,44,1,3,5.0,480000.0,81.0
2025,12,1,1,2,63,1,2,1.0,256000.0,81.0
2025,12,2,1,2,19,8,2,10.0,338000.0,47.0
2025,12,2,1,2,40,3,1,10.0,3850000.0,46.0
2025,12,1,1,1,46,1,3,9.0,3051000.0,84.0
2025,12,1,1,2,24,1,2,12.0,2595000.0,73.0
2025,12,1,1,1,32,1,2,4.0,3522000.0,15.0
2025,12,1,2,1,27,1,2,10.0,1626000.0,33.0
2025,12,3,1,2,49,3,1,5.0,1034000.0,88.0
2025,12,1,1,1,61,1,3,3.0,1920000.0,1.0
2025,12,1,1,2,49,1,2,6.0,1089000.0,97.0
2025,12,1,1,1,48,1,2,10.0,18726000.0,46.0
2025,12,1,1,2,46,1,2,12.0,3345000.0,84.0
2025,12,2,1,2,67,2,3,3.0,617000.0,47.0
2025,12,3,1,1,23,3,1,5.0,1968000.0,1.0
2025,12,3,1,2,23,3,1,5.0,671000.0,53.0
2025,12,2,1,2,45,2,2,13.0,13338000.0,85.0
2025,12,2,1,1,60,2,3,8.0,1606000.0,25.0
2025,12,1,1,1,53,1,3,3.0,2128000.0,3.0
2025,12,1,1,1,60,1,3,1.0,1037000.0,1.0
2025,12,1,1,2,38,1,2,3.0,1550000.0,56.0
2025,12,2,1,1,27,2,2,4.0,4099000.0,96.0
2025,12,3,1,2,31,3,1,11.0,3458000.0,84.0
2025,12,1,1,2,29,1,2,10.0,1782000.0,46.0
2025,12,3,1,1,33,3,1,5.0,0.0,85.0
2025,12,2,1,2,25,2,2,5.0,1473000.0,47.0
2025,12,2,1,1,48,2,3,8.0,4209000.0,84.0
2025,12,2,1,2,61,2,3,5.0,1376000.0,47.0
2025,12,2,1,1,51,2,2,3.0,1693000.0,41.0
2025,12,2,1,2,43,2,2,3.0,275000.0,97.0
2025,12,1,1,1,58,1,3,3.0,1112000.0,1.0
2025,12,1,1,1,25,1,2,5.0,1536000.0,43.0
2025,12,2,1,2,51,3,1,11.0,2921000.0,85.0
2025,12,1,1,2,30,1,2,6.0,1253000.0,22.0
2025,12,2,1,1,40,2,2,9.0,4127000.0,86.0
2025,12,1,1,1,48,1,2,5.0,2451000.0,42.0
2025,12,1,1,2,42,1,3,3.0,1546000.0,56.0
2025,12,2,1,2,40,2,2,10.0,2089000.0,56.0
2025,12,2,1,2,66,2,2,3.0,100000.0,47.0
2025,12,2,1,2,29,2,2,9.0,821000.0,47.0
2025,12,2,1,1,42,2,2,3.0,1822000.0,10.0
2025,12,3,1,2,28,3,1,6.0,1291000.0,1.0
2025,12,1,1,1,58,1,3,5.0,3291000.0,27.0
2025,12,2,1,2,45,3,1,9.0,1407000.0,47.0
2025,12,1,1,2,42,1,2,3.0,561000.0,56.0
2025,12,1,1,2,34,1,2,5.0,534000.0,56.0
2025,12,3,1,2,46,3,1,8.0,1476000.0,47.0
2025,12,1,1,1,41,1,2,3.0,1596000.0,41.0
2025,12,2,1,2,44,2,2,5.0,1813000.0,20.0
2025,12,4,1,2,20,8,1,3.0,127000.0,96.0
2025,12,1,1,1,31,1,2,4.0,351000.0,52.0
2025,12,1,1,1,42,1,3,5.0,2030000.0,20.0
2025,12,1,1,2,55,1,2,1.0,138000.0,47.0
2025,12,2,1,2,43,2,2,3.0,178000.0,1.0
2025,12,1,1,1,25,1,2,3.0,3329000.0,41.0
2025,12,1,1,1,65,1,2,4.0,829000.0,31.0
2025,12,1,1,1,61,1,3,6.0,2751000.0,97.0
2025,12,1,1,2,49,1,2,6.0,889000.0,47.0
2025,12,1,1,1,44,1,2,5.0,2565000.0,41.0
2025,12,2,1,2,37,2,2,8.0,1262000.0,49.0
2025,12,1,1,1,31,1,2,8.0,1781000.0,53.0
2025,12,2,1,2,59,2,2,5.0,1638000.0,47.0
2025,12,3,1,1,24,3,1,4.0,556000.0,1.0
2025,12,1,1,1,60,1,2,3.0,2782000.0,1.0
2025,12,2,1,1,36,2,2,5.0,4062000.0,84.0
2025,12,1,1,1,32,1,2,4.0,1506000.0,1.0
2025,12,2,1,2,53,4,2,6.0,1222000.0,47.0
2025,12,1,1,2,22,1,2,10.0,1369000.0,69.0
2025,12,1,1,1,26,1,2,5.0,4613000.0,10.0
2025,12,1,1,2,66,1,2,12.0,6624000.0,85.0
2025,12,5,1,1,61,5,3,3.0,3369000.0,46.0
2025,12,3,1,2,36,3,1,10.0,233000.0,63.0
2025,12,1,1,1,79,1,3,3.0,597000.0,45.0
2025,12,3,1,2,25,3,1,11.0,4577000.0,84.0
2025,12,1,1,2,48,1,2,5.0,1409000.0,85.0
2025,12,2,1,2,32,2,2,10.0,1938000.0,85.0
2025,12,1,1,1,33,1,3,5.0,2405000.0,96.0
2025,12,1,1,2,56,1,3,4.0,857000.0,56.0
2025,12,2,1,2,61,2,3,9.0,1377000.0,95.0
2025,12,1,1,2,54,1,2,3.0,1540000.0,1.0
2025,12,2,1,2,65,2,3,3.0,618000.0,56.0
2025,12,1,1,1,60,1,3,4.0,2389000.0,49.0
2025,12,1,1,2,45,1,2,8.0,1529000.0,70.0
2025,12,1,1,2,55,1,3,3.0,864000.0,97.0
2025,12,1,1,2,22,1,2,10.0,1423000.0,46.0
2025,12,1,1,2,38,1,2,10.0,4262000.0,85.0
2025,12,1,1,2,44,1,2,4.0,799000.0,81.0
2025,12,1,1,1,43,1,2,11.0,5028000.0,42.0
2025,12,1,1,1,50,1,2,5.0,1752000.0,30.0
2025,12,2,1,2,35,2,2,4.0,490000.0,81.0
2025,12,2,1,2,39,2,2,4.0,0.0,56.0
2025,12,4,1,1,21,3,1,4.0,927000.0,47.0
2025,12,3,1,1,38,3,1,5.0,1712000.0,47.0
2025,12,1,1,1,32,1,2,10.0,1892000.0,96.0
2025,12,2,1,2,38,3,1,8.0,2162000.0,64.0
2025,12,1,1,2,45,1,2,11.0,2213000.0,85.0
2025,12,1,1,1,59,1,2,5.0,861000.0,95.0
2025,12,1,1,1,26,1,2,10.0,2085000.0,1.0
2025,12,3,1,2,47,3,1,10.0,3361000.0,84.0
2025,12,1,1,2,46,1,2,5.0,1431000.0,56.0
2025,12,1,1,2,43,1,2,5.0,602000.0,81.0
2025,12,1,1,2,61,1,3,3.0,115000.0,92.0
2025,12,2,1,2,25,3,2,4.0,1362000.0,52.0
2025,12,1,1,1,75,1,3,3.0,169000.0,43.0
2025,12,1,1,2,50,1,2,11.0,5621000.0,84.0
2025,12,1,1,2,24,1,2,10.0,2079000.0,86.0
2025,12,2,1,1,57,2,2,3.0,2321000.0,53.0
2025,12,1,1,2,55,1,3,5.0,1492000.0,81.0
2025,12,1,1,2,24,1,2,5.0,218000.0,47.0
2025,12,1,1,1,54,1,2,9.0,3527000.0,56.0
2025,12,1,1,2,31,1,3,5.0,621000.0,56.0
2025,12,1,1,1,21,1,2,4.0,1013000.0,49.0
2025,12,1,1,2,34,1,3,10.0,1605000.0,14.0
2025,12,2,1,2,47,3,1,10.0,1921000.0,35.0
2025,12,6,1,1,31,6,1,5.0,1394000.0,73.0
2025,12,2,1,1,31,3,1,5.0,2097000.0,1.0
2025,12,2,1,1,35,2,2,5.0,1677000.0,41.0
2025,12,1,1,2,47,1,2,5.0,602000.0,47.0
2025,12,1,1,1,54,1,2,3.0,100000.0,41.0
2025,12,2,1,1,40,2,2,5.0,1873000.0,56.0
2025,12,3,1,2,34,3,1,5.0,1905000.0,47.0
2025,12,3,1,2,33,3,1,5.0,1389000.0,46.0
2025,12,3,1,2,29,8,1,11.0,2970000.0,84.0
2025,12,1,1,2,48,1,3,5.0,1098000.0,47.0
2025,12,2,1,2,27,3,1,10.0,2454000.0,82.0
2025,12,1,1,2,39,1,2,8.0,1578000.0,47.0
2025,12,1,1,1,38,1,2,3.0,2155000.0,47.0
2025,12,1,1,2,22,1,3,5.0,1227000.0,55.0
2025,12,3,1,1,24,7,2,5.0,1729000.0,49.0
2025,12,1,1,2,37,1,3,1.0,481000.0,1.0
2025,12,1,1,1,73,1,3,1.0,2490000.0,1.0
2025,12,6,1,2,22,6,2,5.0,1276000.0,56.0
2025,12,1,1,1,39,1,2,4.0,1329000.0,25.0
2025,12,1,1,1,67,1,3,6.0,2934000.0,1.0
2025,12,1,1,2,44,1,3,10.0,1929000.0,65.0
2025,12,1,1,1,43,1,2,5.0,1132000.0,41.0
2025,12,3,1,1,20,3,1,8.0,3244000.0,86.0
2025,12,1,1,1,43,1,2,4.0,1077000.0,49.0
2025,12,2,1,2,29,3,1,10.0,1895000.0,56.0
2025,12,1,1,1,32,1,2,10.0,2835000.0,9.0
2025,12,6,1,1,21,3,1,5.0,1574000.0,11.0
2025,12,1,1,1,54,1,3,3.0,3150000.0,81.0
2025,12,1,1,2,26,1,2,4.0,1388000.0,81.0
2025,12,1,1,1,20,1,2,8.0,2834000.0,84.0
2025,12,2,1,2,39,2,2,6.0,550000.0,56.0
2025,12,2,1,2,48,3,1,10.0,1461000.0,14.0
2025,12,3,1,2,34,3,1,10.0,3666000.0,75.0
2025,12,1,1,1,53,1,3,8.0,1320000.0,1.0
2025,12,1,1,1,36,1,2,9.0,3072000.0,84.0
2025,12,3,1,1,32,3,1,5.0,1065000.0,53.0
2025,12,4,1,2,19,8,1,10.0,1141000.0,47.0
2025,12,1,1,1,47,1,2,8.0,2865000.0,25.0
2025,12,2,1,1,58,2,3,5.0,999000.0,49.0
2025,12,1,1,2,56,1,2,5.0,706000.0,96.0
2025,12,2,1,1,19,3,2,5.0,359000.0,47.0
2025,12,3,1,2,55,3,1,3.0,1014000.0,97.0
2025,12,1,1,2,59,1,3,8.0,935000.0,47.0
2025,12,1,1,1,75,1,3,4.0,1004000.0,95.0
2025,12,3,1,1,54,5,2,3.0,800000.0,41.0
2025,12,2,1,2,30,13,2,5.0,1323000.0,47.0
2025,12,1,1,2,48,1,1,10.0,3760000.0,85.0
2025,12,1,1,2,38,1,2,8.0,1692000.0,47.0
2025,12,1,1,2,44,1,2,5.0,538000.0,96.0
2025,12,1,1,2,24,1,2,9.0,1705000.0,32.0
2025,12,2,1,2,58,2,1,10.0,376000.0,47.0
2025,12,2,1,1,76,6,3,5.0,1969000.0,68.0
2025,12,1,1,1,52,1,3,3.0,424000.0,49.0
2025,12,2,1,1,29,2,2,10.0,1789000.0,69.0
2025,12,1,1,1,48,1,2,3.0,1180000.0,56.0
2025,12,1,1,2,60,1,1,1.0,525000.0,81.0
2025,12,2,1,2,49,2,3,8.0,1340000.0,85.0
2025,12,1,1,1,62,1,3,3.0,553000.0,1.0
2025,12,1,1,1,51,1,3,9.0,2801000.0,49.0
2025,12,2,1,2,39,2,1,4.0,330000.0,81.0
2025,12,1,1,2,61,1,3,12.0,8729000.0,85.0
2025,12,1,1,1,39,1,2,8.0,2701000.0,32.0
2025,12,1,1,1,24,1,2,5.0,3505000.0,49.0
2025,12,3,1,1,32,3,1,9.0,1879000.0,41.0
2025,12,1,1,1,45,1,2,5.0,1963000.0,41.0
2025,12,2,1,1,26,3,1,3.0,2439000.0,47.0
2025,12,2,1,2,26,3,1,10.0,3415000.0,84.0
2025,12,1,1,2,26,1,2,4.0,523000.0,56.0
2025,12,1,1,1,45,1,2,12.0,13744000.0,85.0
2025,12,1,1,1,67,1,3,1.0,1104000.0,1.0
2025,12,1,1,2,40,1,2,5.0,448000.0,10.0
2025,12,2,1,1,25,2,2,5.0,1803000.0,49.0
2025,12,1,1,1,40,1,2,10.0,2160000.0,93.0
2025,12,1,1,1,27,1,2,10.0,4527000.0,11.0
2025,12,3,1,1,31,3,1,4.0,1293000.0,47.0
2025,12,2,1,1,33,2,2,5.0,665000.0,96.0
2025,12,2,1,2,52,2,2,3.0,328000.0,1.0
2025,12,2,1,1,25,3,1,8.0,4414000.0,46.0
2025,12,3,1,1,56,8,3,4.0,515000.0,95.0
2025,12,2,1,2,34,2,3,12.0,6116000.0,84.0
2025,12,2,1,2,27,2,2,10.0,1487000.0,73.0
2025,12,1,1,1,45,1,3,5.0,1574000.0,68.0
2025,12,1,1,2,31,1,2,5.0,1373000.0,97.0
2025,12,6,1,1,34,8,2,10.0,1928000.0,85.0
2025,12,1,1,2,46,1,3,4.0,0.0,81.0
2025,12,2,1,1,56,2,3,5.0,909000.0,47.0
2025,12,3,1,1,21,8,2,5.0,1185000.0,56.0
2025,12,1,1,2,30,1,1,8.0,971000.0,85.0
2025,12,1,1,2,60,1,2,5.0,725000.0,10.0
2025,12,2,1,2,22,3,1,5.0,378000.0,96.0
2025,12,2,1,1,25,9,2,2.0,1058000.0,49.0
2025,12,1,1,2,32,1,2,5.0,1291000.0,47.0
2025,12,2,1,2,49,3,1,5.0,1015000.0,86.0
2025,12,3,1,2,27,7,2,5.0,1538000.0,25.0
2025,12,1,1,2,29,1,2,10.0,8219000.0,47.0
2025,12,1,1,2,43,1,2,8.0,2340000.0,84.0
2025,12,3,1,1,32,3,1,4.0,2606000.0,45.0
2025,12,1,1,2,46,1,1,9.0,3117000.0,1.0
2025,12,1,1,1,34,1,2,10.0,1707000.0,49.0
2025,12,1,1,1,35,1,3,4.0,2328000.0,1.0
2025,12,1,1,1,61,1,3,1.0,901000.0,47.0
2025,12,1,1,1,63,1,3,5.0,903000.0,49.0
2025,12,2,1,1,84,2,3,1.0,1908000.0,3.0
2025,12,1,1,2,21,1,2,4.0,154000.0,56.0
2025,12,1,1,1,61,1,3,3.0,2331000.0,17.0
2025,12,3,1,2,24,3,1,8.0,1249000.0,96.0
2025,12,1,1,1,36,1,2,3.0,1750000.0,1.0
2025,12,2,1,1,37,2,3,4.0,947000.0,15.0
2025,12,4,1,1,20,3,1,5.0,2641000.0,41.0
2025,12,2,1,2,22,2,2,5.0,1626000.0,13.0
2025,12,3,1,2,25,3,1,12.0,3419000.0,85.0
2025,12,1,1,1,43,1,2,9.0,5669000.0,35.0
2025,12,2,1,2,37,3,1,10.0,1472000.0,46.0
2025,12,2,1,2,53,2,2,10.0,3038000.0,64.0
2025,12,2,1,2,57,2,3,1.0,1623000.0,56.0
2025,12,1,1,2,40,1,2,5.0,508000.0,10.0
2025,12,3,1,1,19,3,1,5.0,1079000.0,1.0
2025,12,1,1,1,75,1,2,5.0,2082000.0,81.0
2025,12,2,1,2,49,2,3,3.0,505000.0,47.0
2025,12,3,1,1,24,3,1,8.0,1633000.0,36.0
2025,12,4,1,1,22,9,2,5.0,5137000.0,56.0
2025,12,1,1,1,63,1,3,3.0,1269000.0,41.0
2025,12,3,1,2,53,3,1,10.0,3818000.0,29.0
2025,12,1,1,1,55,1,3,4.0,648000.0,47.0
2025,12,1,1,2,59,1,2,5.0,2564000.0,47.0
2025,12,1,1,2,35,1,2,9.0,583000.0,47.0
2025,12,1,1,1,77,1,3,3.0,746000.0,95.0
2025,12,1,1,2,23,1,2,5.0,1526000.0,97.0
2025,12,1,1,1,25,1,2,5.0,732000.0,95.0
2025,12,1,1,2,18,1,2,8.0,1042000.0,73.0
2025,12,2,1,2,39,2,2,5.0,1435000.0,56.0
2025,12,2,1,1,29,2,2,10.0,2614000.0,69.0
2025,12,1,1,1,40,1,3,1.0,1269000.0,43.0
2025,12,2,1,2,44,2,2,10.0,1796000.0,86.0
2025,12,3,1,2,18,3,1,6.0,1250000.0,47.0
2025,12,2,1,2,33,2,2,7.0,381000.0,56.0
2025,12,1,1,2,52,1,2,5.0,1384000.0,49.0
2025,12,1,1,1,48,1,2,8.0,4221000.0,84.0
2025,12,1,1,1,42,1,2,3.0,0.0,49.0
2025,12,1,1,2,42,1,2,12.0,6151000.0,85.0
2025,12,1,1,2,42,1,3,8.0,866000.0,85.0
2025,12,1,1,1,48,1,3,3.0,1082000.0,1.0
2025,12,3,1,2,34,3,1,8.0,1743000.0,56.0
2025,12,2,1,2,50,2,2,5.0,1370000.0,81.0
2025,12,2,1,1,33,2,2,9.0,2592000.0,64.0
2025,12,2,1,1,34,2,2,5.0,919000.0,52.0
2025,12,3,1,2,65,6,3,4.0,161000.0,81.0
2025,12,1,1,1,42,1,2,6.0,2665000.0,31.0
2025,12,2,1,2,23,2,2,8.0,1491000.0,78.0
2025,12,1,1,2,46,1,3,3.0,368000.0,56.0
2025,12,1,1,2,29,1,2,8.0,1460000.0,97.0
2025,12,1,1,2,28,1,1,10.0,789000.0,42.0
2025,12,2,1,1,25,2,2,5.0,1542000.0,1.0
2025,12,1,1,2,64,1,3,5.0,371000.0,95.0
2025,12,2,1,2,42,2,2,5.0,671000.0,96.0
2025,12,2,1,1,30,3,1,5.0,2114000.0,13.0
2025,12,2,1,1,46,2,2,4.0,452000.0,11.0
2025,12,1,1,2,27,1,2,8.0,1241000.0,47.0
2025,12,1,1,2,43,1,2,5.0,171000.0,97.0
2025,12,1,1,1,60,1,2,10.0,9093000.0,55.0
2025,12,3,1,2,31,7,2,8.0,2748000.0,80.0
2025,12,5,1,1,35,6,3,3.0,803000.0,49.0
2025,12,2,1,2,30,3,1,10.0,1937000.0,86.0
2025,12,1,1,1,76,1,3,1.0,551000.0,47.0
2025,12,3,1,1,24,3,1,4.0,2144000.0,86.0
2025,12,2,1,2,31,2,2,5.0,1463000.0,85.0
2025,12,2,1,1,30,2,2,6.0,2343000.0,73.0
2025,12,1,1,2,35,1,1,8.0,1811000.0,10.0
2025,12,1,1,2,53,1,2,8.0,2308000.0,84.0
2025,12,2,1,2,33,2,2,8.0,1896000.0,56.0
2025,12,3,1,1,21,3,1,8.0,916000.0,52.0
2025,12,1,1,2,27,1,2,9.0,785000.0,1.0
2025,12,2,1,2,27,3,1,8.0,2909000.0,42.0
2025,12,1,1,1,37,1,2,5.0,1779000.0,49.0
2025,12,4,1,1,33,7,2,5.0,2442000.0,31.0
2025,12,2,1,1,61,2,2,3.0,2495000.0,56.0
2025,12,1,1,2,22,1,2,8.0,569000.0,96.0
2025,12,2,1,2,54,3,1,11.0,5613000.0,35.0
2025,12,4,1,1,46,7,2,8.0,853000.0,49.0
2025,12,2,1,2,38,2,2,5.0,1169000.0,14.0
2025,12,1,1,1,23,1,2,4.0,2585000.0,52.0
2025,12,2,1,1,32,2,2,5.0,2007000.0,86.0
2025,12,2,1,2,60,2,3,4.0,100000.0,47.0
2025,12,2,1,2,30,2,2,5.0,1514000.0,82.0
2025,12,2,1,1,31,2,3,1.0,1174000.0,45.0
2025,12,1,1,1,62,1,3,9.0,3968000.0,41.0
2025,12,3,1,1,42,13,2,4.0,979000.0,41.0
2025,12,2,1,2,45,3,1,10.0,1338000.0,53.0
2025,12,3,1,1,20,3,1,9.0,2447000.0,80.0
2025,12,1,1,1,54,1,2,3.0,1883000.0,41.0
2025,12,2,1,2,26,2,2,4.0,133000.0,56.0
2025,12,1,1,2,56,1,3,5.0,167000.0,47.0
2025,12,3,1,1,35,3,1,6.0,2710000.0,18.0
2025,12,2,1,2,34,2,2,8.0,2101000.0,47.0
2025,12,1,1,2,40,1,2,3.0,407000.0,97.0
2025,12,3,1,1,58,3,1,5.0,1680000.0,90.0
2025,12,1,1,1,56,1,3,10.0,7270000.0,41.0
2025,12,1,1,2,43,1,2,5.0,523000.0,81.0
2025,12,1,1,1,45,1,2,4.0,3150000.0,45.0
2025,12,1,1,2,32,1,2,12.0,6359000.0,84.0
2025,12,1,1,2,59,1,2,8.0,2324000.0,55.0
2025,12,1,1,1,60,1,3,5.0,2068000.0,47.0
2025,12,1,1,2,34,1,2,9.0,1549000.0,47.0
2025,12,3,1,2,27,3,1,9.0,1293000.0,47.0
2025,12,2,1,2,35,3,1,8.0,1003000.0,97.0
2025,12,2,1,1,57,2,3,9.0,2855000.0,25.0
2025,12,2,1,2,33,3,1,11.0,4411000.0,46.0
2025,12,1,2,2,19,1,2,8.0,1175000.0,47.0
2025,12,2,1,2,39,2,2,8.0,1673000.0,84.0
2025,12,2,1,2,48,2,2,5.0,997000.0,81.0
2025,12,1,1,1,52,1,2,5.0,1924000.0,85.0
2025,12,1,1,2,64,1,3,3.0,690000.0,47.0
2025,12,2,1,1,32,6,2,8.0,3356000.0,84.0
2025,12,1,1,1,53,1,3,5.0,5876000.0,41.0
2025,12,2,1,2,47,2,2,10.0,2224000.0,47.0
2025,12,4,1,1,20,9,2,6.0,1564000.0,47.0
2025,12,1,1,1,50,1,2,3.0,2689000.0,1.0
2025,12,1,1,1,65,1,3,1.0,1748000.0,41.0
2025,12,1,1,2,38,1,2,3.0,1221000.0,47.0
2025,12,1,1,2,36,1,2,1.0,1505000.0,97.0
2025,12,2,1,2,54,2,2,9.0,1729000.0,47.0
2025,12,8,1,1,72,5,3,3.0,258000.0,1.0
2025,12,3,1,1,28,3,1,5.0,1268000.0,46.0
2025,12,2,1,1,55,2,3,4.0,2078000.0,41.0
2025,12,1,1,1,55,1,2,3.0,916000.0,1.0
2025,12,1,1,2,32,1,2,9.0,3850000.0,47.0
2025,12,2,1,1,31,3,2,5.0,1647000.0,47.0
2025,12,1,1,2,76,1,3,3.0,289000.0,87.0
2025,12,3,1,1,21,3,1,10.0,1695000.0,82.0
2025,12,2,1,1,45,2,2,5.0,1105000.0,41.0
2025,12,1,1,1,43,1,2,11.0,3849000.0,85.0
2025,12,1,1,1,54,1,2,10.0,11626000.0,45.0
2025,12,3,1,2,33,3,1,5.0,1803000.0,21.0
2025,12,1,1,2,65,1,3,3.0,611000.0,81.0
2025,12,1,1,1,23,1,2,5.0,2063000.0,46.0
2025,12,2,1,1,41,2,2,5.0,5671000.0,49.0
2025,12,3,1,2,50,3,1,4.0,0.0,47.0
2025,12,1,1,1,26,1,2,3.0,1736000.0,49.0
2025,12,1,1,2,55,1,1,4.0,443000.0,47.0
2025,12,3,1,2,32,3,1,10.0,2937000.0,86.0
2025,12,1,1,2,22,1,2,5.0,199000.0,96.0
2025,12,2,1,2,45,2,2,5.0,1570000.0,47.0
2025,12,1,1,2,47,1,1,11.0,4542000.0,84.0
2025,12,1,1,2,57,1,3,8.0,818000.0,84.0
2025,12,3,1,2,23,8,2,5.0,1433000.0,47.0
2025,12,2,1,1,40,3,2,10.0,4455000.0,33.0
2025,12,1,1,2,25,1,2,4.0,444000.0,97.0
2025,12,3,1,2,35,3,1,6.0,1550000.0,47.0
2025,12,1,1,2,31,1,2,5.0,775000.0,81.0
2025,12,1,1,1,23,1,2,5.0,2091000.0,36.0
2025,12,1,1,1,36,1,2,4.0,2056000.0,64.0
2025,12,3,1,1,23,3,1,5.0,1296000.0,1.0
2025,12,1,1,1,61,1,3,4.0,2690000.0,52.0
2025,12,2,1,2,40,3,1,5.0,1289000.0,46.0
2025,12,1,1,1,61,1,3,5.0,3100000.0,96.0
2025,12,3,1,2,38,3,1,10.0,2796000.0,64.0
2025,12,1,1,1,48,1,2,5.0,2190000.0,10.0
2025,12,1,1,2,51,1,2,8.0,1409000.0,46.0
2025,12,1,1,1,50,1,2,10.0,3969000.0,85.0
2025,12,2,1,2,29,3,1,8.0,1609000.0,49.0
2025,12,3,1,1,30,3,1,10.0,1679000.0,59.0
2025,12,2,1,2,26,3,1,10.0,1621000.0,47.0
2025,12,1,1,2,72,1,2,3.0,766000.0,97.0
2025,12,4,1,1,54,3,1,5.0,1750000.0,47.0
2025,12,4,1,1,19,3,1,4.0,1488000.0,41.0
2025,12,1,1,1,39,1,2,3.0,1753000.0,33.0
2025,12,1,1,2,75,1,3,3.0,347000.0,97.0
2025,12,1,1,1,46,1,2,10.0,13466000.0,65.0
2025,12,2,1,1,63,2,3,5.0,2274000.0,46.0
2025,12,1,1,1,37,1,2,8.0,3654000.0,53.0
2025,12,1,1,2,34,1,2,10.0,2890000.0,84.0
2025,12,1,1,1,68,1,3,3.0,1120000.0,1.0
2025,12,1,1,2,41,1,2,10.0,2382000.0,85.0
2025,12,2,1,1,54,3,1,5.0,1618000.0,49.0
2025,12,2,1,2,46,3,2,8.0,434000.0,81.0
2025,12,4,1,1,33,7,3,11.0,5794000.0,85.0
2025,12,2,1,2,46,2,2,12.0,7138000.0,86.0
2025,12,1,1,1,39,1,2,3.0,2130000.0,49.0
2025,12,1,1,1,35,1,2,4.0,1651000.0,45.0
2025,12,2,1,1,35,3,1,3.0,658000.0,1.0
2025,12,3,1,1,23,8,1,4.0,631000.0,81.0
2025,12,1,1,1,36,1,2,9.0,5412000.0,96.0
2025,12,2,1,2,40,2,2,5.0,442000.0,47.0
2025,12,1,1,1,42,1,2,11.0,11312000.0,86.0
2025,12,2,1,1,65,2,2,4.0,910000.0,46.0
2025,12,1,1,1,26,1,2,3.0,3389000.0,1.0
2025,12,2,1,1,34,3,1,12.0,4685000.0,96.0
2025,12,1,1,2,28,1,2,5.0,1682000.0,47.0
2025,12,1,1,2,37,1,2,10.0,2773000.0,84.0
2025,12,2,1,1,50,2,3,8.0,2212000.0,45.0
2025,12,1,1,2,69,1,3,1.0,100000.0,56.0
2025,12,2,1,2,60,4,2,3.0,1635000.0,15.0
2025,12,2,1,2,39,2,2,3.0,211000.0,81.0
2025,12,2,1,2,61,2,2,5.0,1505000.0,84.0
2025,12,1,1,2,32,1,3,4.0,430000.0,81.0
2025,12,1,1,2,39,1,2,10.0,2446000.0,47.0
2025,12,2,1,2,32,2,2,5.0,270000.0,97.0
2025,12,2,1,1,31,2,2,5.0,1825000.0,42.0
2025,12,1,1,1,35,1,2,3.0,2523000.0,41.0
2025,12,1,1,2,50,1,2,5.0,401000.0,14.0
2025,12,3,1,2,19,9,1,5.0,462000.0,47.0
2025,12,2,1,2,50,2,2,11.0,5215000.0,86.0
2025,12,1,1,2,44,1,3,10.0,0.0,85.0
2025,12,3,1,2,46,3,1,8.0,1305000.0,47.0
2025,12,1,1,1,52,1,2,5.0,2205000.0,80.0
2025,12,3,1,2,28,3,1,11.0,7394000.0,41.0
2025,12,1,1,2,25,1,2,5.0,782000.0,56.0
2025,12,3,1,1,33,3,1,11.0,3207000.0,84.0
2025,12,3,1,2,23,3,1,5.0,1334000.0,47.0
2025,12,2,1,1,65,2,3,9.0,9136000.0,85.0
2025,12,1,1,2,32,1,2,5.0,659000.0,56.0
2025,12,3,1,1,22,3,1,9.0,2301000.0,71.0
2025,12,1,1,2,49,1,2,5.0,1213000.0,47.0
2025,12,1,1,2,41,1,1,3.0,1370000.0,87.0
2025,12,2,1,2,28,2,2,10.0,2208000.0,64.0
2025,12,1,1,1,41,1,2,10.0,10589000.0,86.0
2025,12,2,1,2,41,2,2,8.0,2490000.0,46.0
2025,12,1,1,1,47,1,2,11.0,9375000.0,86.0
2025,12,1,1,1,38,1,2,10.0,1072000.0,1.0
2025,12,1,1,2,41,1,2,4.0,683000.0,56.0
2025,12,1,1,2,51,1,3,4.0,1023000.0,56.0
2025,12,1,1,2,48,1,2,5.0,0.0,52.0
2025,12,1,1,2,69,1,3,11.0,5338000.0,85.0
2025,12,2,1,2,32,2,2,4.0,1379000.0,96.0
2025,12,1,1,1,70,1,3,4.0,857000.0,32.0
2025,12,3,1,2,22,3,1,8.0,1202000.0,99.0
2025,12,1,1,1,31,1,2,5.0,882000.0,1.0
2025,12,3,1,1,26,3,1,5.0,1158000.0,49.0
2025,12,2,1,2,37,2,3,8.0,1162000.0,86.0
2025,12,1,1,2,20,1,2,5.0,853000.0,56.0
2025,12,3,1,2,22,8,1,10.0,100000.0,56.0
2025,12,3,1,2,45,3,1,8.0,718000.0,95.0
2025,12,1,1,2,26,1,2,8.0,1203000.0,94.0
2025,12,1,1,1,48,1,2,4.0,603000.0,7.0
2025,12,1,1,1,39,1,2,10.0,2104000.0,46.0
2025,12,2,1,1,31,3,1,4.0,1656000.0,49.0
2025,12,1,1,1,31,1,2,10.0,4072000.0,84.0
2025,12,1,1,2,62,1,3,3.0,408000.0,82.0
2025,12,3,1,2,36,3,1,8.0,1826000.0,61.0
2025,12,1,1,2,55,1,3,3.0,952000.0,81.0
2025,12,1,1,2,20,1,2,8.0,1686000.0,47.0
2025,12,1,1,1,41,1,2,11.0,12551000.0,96.0
2025,12,2,1,1,52,2,2,5.0,2717000.0,31.0
2025,12,2,1,1,39,3,3,5.0,1774000.0,45.0
2025,12,1,1,2,40,1,3,10.0,3188000.0,92.0
2025,12,2,1,2,30,2,3,9.0,1440000.0,86.0
2025,12,3,1,1,52,6,3,10.0,1900000.0,35.0
2025,12,1,1,2,29,1,2,10.0,1114000.0,65.0
2025,12,1,2,2,30,1,2,8.0,470000.0,47.0
2025,12,1,1,1,38,1,2,5.0,1795000.0,47.0
2025,12,1,1,2,53,1,1,3.0,233000.0,47.0
2025,12,1,1,1,58,1,2,5.0,2361000.0,84.0
2025,12,1,1,1,54,1,2,11.0,5273000.0,85.0
2025,12,1,1,1,63,1,3,4.0,1112000.0,49.0
2025,12,7,1,2,49,9,2,10.0,3301000.0,84.0
2025,12,4,1,2,38,7,3,5.0,100000.0,47.0
2025,12,2,1,2,42,3,1,10.0,1972000.0,10.0
2025,12,3,1,1,44,7,2,4.0,1757000.0,41.0
2025,12,1,1,1,54,1,3,3.0,1428000.0,47.0
2025,12,1,1,1,70,1,3,1.0,746000.0,1.0
2025,12,1,1,2,41,1,3,5.0,1296000.0,46.0
2025,12,1,1,1,37,1,2,10.0,1981000.0,56.0
2025,12,2,1,1,31,2,2,4.0,713000.0,47.0
2025,12,1,1,2,48,1,2,11.0,1903000.0,69.0
2025,12,2,1,1,61,2,3,9.0,2284000.0,43.0
2025,12,2,1,2,22,3,1,9.0,911000.0,47.0
2025,12,1,1,2,58,1,3,4.0,115000.0,47.0
2025,12,2,1,1,42,2,2,5.0,1848000.0,56.0
2025,12,2,1,1,38,2,2,10.0,3465000.0,94.0
2025,12,1,1,2,54,1,3,5.0,1572000.0,85.0
2025,12,2,1,1,68,2,3,4.0,2747000.0,42.0
2025,12,2,1,2,23,3,1,10.0,1754000.0,41.0
2025,12,1,1,2,41,1,2,3.0,486000.0,56.0
2025,12,1,1,2,38,1,1,3.0,280000.0,97.0
2025,12,2,1,2,40,2,2,5.0,1349000.0,38.0
2025,12,1,1,2,56,1,3,5.0,982000.0,47.0
2025,12,1,1,1,44,1,2,4.0,1734000.0,41.0
2025,12,2,1,1,43,2,2,9.0,3289000.0,47.0
2025,12,4,1,1,33,3,1,11.0,2825000.0,38.0
2025,12,1,1,1,42,1,2,8.0,4186000.0,47.0
2025,12,1,1,2,64,1,2,3.0,668000.0,52.0
2025,12,1,1,2,51,1,3,3.0,243000.0,56.0
2025,12,2,1,2,40,2,2,10.0,3907000.0,85.0
2025,12,2,1,1,59,2,3,3.0,1136000.0,1.0
2025,12,1,1,2,65,1,3,3.0,425000.0,47.0
2025,12,1,1,1,47,1,1,8.0,1959000.0,53.0
2025,12,1,1,1,31,1,2,1.0,315000.0,1.0
2025,12,1,3,1,57,1,3,5.0,885000.0,43.0
2025,12,1,1,1,22,1,2,3.0,1017000.0,1.0
2025,12,1,1,2,33,1,2,8.0,1454000.0,86.0
2025,12,1,1,2,42,1,2,10.0,1481000.0,47.0
2025,12,1,1,2,27,1,2,5.0,1617000.0,56.0
2025,12,2,1,2,60,2,2,1.0,339000.0,56.0
2025,12,4,1,1,24,3,1,8.0,1698000.0,82.0
2025,12,2,1,2,43,2,2,8.0,851000.0,14.0
2025,12,3,1,2,40,3,1,10.0,2107000.0,42.0
2025,12,2,1,2,28,2,3,4.0,606000.0,82.0
2025,12,1,1,1,57,1,3,5.0,2644000.0,86.0
2025,12,1,1,1,57,1,3,9.0,1833000.0,10.0
2025,12,3,1,2,25,3,1,6.0,2050000.0,47.0
2025,12,1,1,2,35,1,3,5.0,542000.0,97.0
2025,12,2,1,1,36,2,2,9.0,3410000.0,65.0
2025,12,2,1,2,24,3,2,9.0,1348000.0,86.0
2025,12,1,1,1,56,1,2,3.0,0.0,31.0
2025,12,1,1,2,28,1,2,8.0,2449000.0,65.0
2025,12,1,1,1,27,1,2,5.0,12356000.0,58.0
2025,12,3,1,2,20,3,1,10.0,972000.0,74.0
2025,12,1,1,2,25,1,2,8.0,2532000.0,86.0
2025,12,4,1,1,24,3,1,5.0,2286000.0,27.0
2025,12,3,1,2,43,3,1,10.0,610000.0,47.0
2025,12,1,1,2,42,1,1,4.0,475000.0,56.0
2025,12,2,1,1,29,2,2,9.0,1881000.0,49.0
2025,12,1,1,1,36,1,2,5.0,1886000.0,10.0
2025,12,3,1,1,36,3,1,4.0,2107000.0,47.0
2025,12,1,1,1,44,1,3,6.0,2020000.0,86.0
2025,12,7,1,1,49,6,3,5.0,5039000.0,82.0
2025,12,1,1,1,56,1,2,4.0,729000.0,49.0
2025,12,6,1,2,38,6,3,5.0,100000.0,95.0
2025,12,2,2,1,26,3,1,4.0,1327000.0,41.0
2025,12,1,1,1,59,1,3,8.0,1847000.0,49.0
2025,12,1,1,1,62,1,2,1.0,993000.0,1.0
2025,12,2,1,2,67,2,3,4.0,677000.0,81.0
2025,12,3,1,2,22,3,1,5.0,2038000.0,84.0
2025,12,2,1,2,23,3,1,8.0,1268000.0,64.0
2025,12,1,1,2,31,1,2,10.0,8247000.0,47.0
2025,12,1,1,1,76,1,3,1.0,256000.0,56.0
2025,12,2,1,1,39,2,2,5.0,6221000.0,84.0
2025,12,2,1,1,37,2,2,5.0,2326000.0,41.0
2025,12,3,1,1,34,3,1,5.0,1817000.0,56.0
2025,12,1,1,2,51,1,3,3.0,418000.0,96.0
2025,12,2,1,2,39,2,2,9.0,3035000.0,84.0
2025,12,2,1,2,39,3,1,8.0,1250000.0,94.0
2025,12,1,1,2,64,1,3,3.0,172000.0,38.0
2025,12,1,1,2,38,1,3,9.0,1625000.0,41.0
2025,12,1,1,2,35,1,2,10.0,2752000.0,64.0
2025,12,3,1,2,25,3,1,4.0,1142000.0,56.0
2025,12,1,1,1,70,1,2,3.0,1218000.0,95.0
2025,12,2,1,2,18,3,1,5.0,442000.0,56.0
2025,12,2,1,1,31,6,3,6.0,1685000.0,38.0
2025,12,3,1,1,47,3,1,5.0,1042000.0,49.0
2025,12,1,1,2,43,1,2,5.0,177000.0,81.0
2025,12,3,1,1,19,9,2,5.0,1067000.0,31.0
2025,12,1,1,1,34,1,2,6.0,2961000.0,68.0
2025,12,1,1,1,73,1,3,5.0,5397000.0,1.0
2025,12,1,1,2,33,1,2,1.0,446000.0,97.0
2025,12,3,1,1,55,7,2,6.0,2385000.0,84.0
2025,12,2,1,2,32,2,2,5.0,229000.0,47.0
2025,12,3,1,1,20,3,2,5.0,2415000.0,68.0
2025,12,2,1,2,43,3,1,5.0,1513000.0,10.0
2025,12,1,1,1,48,1,3,10.0,3710000.0,86.0
2025,12,2,1,1,38,2,2,5.0,2001000.0,10.0
2025,12,1,1,1,28,1,2,5.0,1746000.0,86.0
2025,12,1,1,2,18,1,2,5.0,297000.0,96.0
2025,12,1,1,2,30,1,2,5.0,2318000.0,47.0
2025,12,3,1,1,22,3,1,5.0,2216000.0,68.0
2025,12,2,1,2,56,2,1,3.0,475000.0,47.0
2025,12,1,1,2,26,1,2,10.0,294000.0,47.0
2025,12,4,1,1,23,3,1,5.0,1134000.0,1.0
2025,12,3,1,1,34,3,1,4.0,1414000.0,45.0
2025,12,1,1,2,41,1,2,8.0,1626000.0,53.0
2025,12,1,1,2,53,1,3,6.0,1146000.0,56.0
2025,12,1,1,1,40,1,2,5.0,2053000.0,1.0
2025,12,1,1,1,58,1,3,8.0,4390000.0,85.0
2025,12,5,1,1,28,6,2,4.0,1583000.0,49.0
2025,12,3,1,1,57,13,2,3.0,760000.0,41.0
2025,12,1,1,2,59,1,3,5.0,1284000.0,47.0
2025,12,2,1,2,42,2,2,10.0,3808000.0,86.0
2025,12,1,1,2,37,1,2,4.0,1149000.0,81.0
2025,12,1,1,2,41,1,3,5.0,1244000.0,97.0
2025,12,1,1,1,78,1,3,5.0,289000.0,47.0
2025,12,1,1,1,45,1,2,3.0,2073000.0,49.0
2025,12,3,1,1,21,3,1,9.0,1290000.0,49.0
2025,12,2,1,2,55,2,2,10.0,2601000.0,85.0
2025,12,2,1,2,28,3,1,6.0,597000.0,47.0
2025,12,1,1,2,58,1,2,3.0,0.0,81.0
2025,12,1,1,2,51,1,2,9.0,2506000.0,13.0
2025,12,2,1,2,35,2,2,10.0,1908000.0,86.0
2025,12,1,1,1,52,1,3,4.0,2180000.0,49.0
2025,12,2,1,1,34,2,2,5.0,1819000.0,49.0
2025,12,2,1,1,27,3,1,8.0,470000.0,41.0
2025,12,1,1,2,33,1,3,11.0,3333000.0,84.0
2025,12,1,1,2,28,1,1,5.0,1512000.0,47.0
2025,12,1,1,2,23,1,1,10.0,2541000.0,96.0
2025,12,2,1,2,58,6,3,8.0,266000.0,56.0
2025,12,2,1,2,40,6,2,5.0,1587000.0,47.0
2025,12,1,1,2,28,1,2,4.0,1554000.0,47.0
2025,12,2,1,2,50,2,2,5.0,1685000.0,97.0
2025,12,2,1,2,45,2,2,10.0,4576000.0,84.0
2025,12,3,1,1,51,3,1,10.0,2227000.0,64.0
2025,12,1,1,2,44,1,2,11.0,2137000.0,47.0
2025,12,2,1,2,29,2,2,5.0,4783000.0,64.0
2025,12,1,1,2,47,1,1,5.0,1491000.0,96.0
2025,12,1,1,1,20,1,3,5.0,1977000.0,45.0
2025,12,2,1,2,27,3,1,5.0,1041000.0,10.0
2025,12,1,1,2,43,1,2,5.0,980000.0,64.0
2025,12,1,1,1,45,1,2,5.0,1757000.0,56.0
2025,12,1,1,1,63,1,2,3.0,1463000.0,49.0
2025,12,1,1,1,52,1,2,5.0,2315000.0,25.0
2025,12,1,1,1,54,1,3,6.0,7910000.0,47.0
2025,12,2,1,2,47,2,2,5.0,3665000.0,97.0
2025,12,1,1,2,57,1,2,3.0,746000.0,47.0
2025,12,1,1,1,58,1,1,5.0,0.0,31.0
2025,12,2,1,2,28,2,1,5.0,385000.0,47.0
2025,12,1,1,1,42,1,2,3.0,0.0,47.0
2025,12,1,1,2,37,1,2,5.0,1368000.0,49.0
2025,12,1,1,1,50,1,3,3.0,512000.0,81.0
2025,12,1,1,2,46,1,1,8.0,1134000.0,1.0
2025,12,1,1,1,61,1,3,11.0,6986000.0,38.0
2025,12,3,1,2,57,4,1,5.0,577000.0,14.0
2025,12,1,1,2,29,1,2,5.0,1349000.0,80.0
2025,12,1,1,2,24,1,2,10.0,1689000.0,84.0
2025,12,1,1,1,53,1,1,5.0,1443000.0,41.0
2025,12,1,1,2,46,1,3,1.0,1233000.0,56.0
2025,12,1,1,1,43,1,2,9.0,9046000.0,14.0
2025,12,3,1,1,29,3,2,5.0,3299000.0,84.0
2025,12,2,1,2,30,2,2,8.0,1006000.0,14.0
2025,12,1,1,2,41,1,2,10.0,2262000.0,49.0
2025,12,1,1,2,54,1,3,3.0,1056000.0,97.0
2025,12,2,1,1,46,2,2,5.0,621000.0,45.0
2025,12,3,1,2,33,3,1,4.0,346000.0,77.0
2025,12,2,1,1,31,3,1,6.0,2225000.0,15.0
2025,12,1,1,1,38,1,2,9.0,3438000.0,45.0
2025,12,1,1,2,43,1,2,5.0,803000.0,47.0
2025,12,1,1,2,65,1,3,3.0,243000.0,81.0
2025,12,2,1,2,30,3,2,5.0,1639000.0,47.0
2025,12,1,1,2,24,1,2,10.0,6486000.0,62.0
2025,12,2,1,2,43,3,1,11.0,4545000.0,85.0
2025,12,1,1,2,54,1,2,6.0,1994000.0,85.0
2025,12,3,1,1,22,3,1,5.0,2312000.0,10.0
2025,12,1,1,1,61,1,3,3.0,514000.0,1.0
2025,12,1,1,1,70,1,2,5.0,1453000.0,95.0
2025,12,1,1,2,45,1,3,10.0,2418000.0,85.0
2025,12,2,1,2,20,2,2,8.0,1421000.0,29.0
2025,12,2,1,1,27,8,2,5.0,0.0,41.0
2025,12,1,1,2,44,1,2,5.0,1281000.0,88.0
2025,12,1,1,1,42,1,2,5.0,2404000.0,68.0
2025,12,2,1,1,42,2,3,5.0,2461000.0,49.0
2025,12,1,1,2,52,1,2,3.0,830000.0,56.0
2025,12,1,1,2,43,1,2,10.0,2539000.0,41.0
2025,12,1,1,2,36,1,2,4.0,1717000.0,68.0
2025,12,2,1,2,58,2,3,8.0,1903000.0,84.0
2025,12,2,1,2,60,2,3,3.0,242000.0,47.0
2025,12,1,1,1,53,1,2,5.0,3244000.0,56.0
2025,12,2,1,1,35,2,3,5.0,5353000.0,84.0
2025,12,2,1,1,41,2,2,8.0,2189000.0,71.0
2025,12,1,1,2,58,1,3,4.0,853000.0,97.0
2025,12,3,1,1,22,3,2,5.0,2541000.0,50.0
2025,12,3,1,2,26,3,1,10.0,2104000.0,47.0
2025,12,1,1,1,40,1,2,5.0,1545000.0,1.0
2025,12,1,1,1,35,1,2,5.0,1485000.0,49.0
2025,12,2,1,1,34,2,2,10.0,3339000.0,35.0
2025,12,1,1,2,61,1,3,3.0,435000.0,56.0
2025,12,3,1,2,20,3,1,5.0,1175000.0,47.0
2025,12,1,1,1,50,1,2,3.0,697000.0,49.0
2025,12,2,1,2,23,6,2,10.0,526000.0,56.0
2025,12,1,1,1,66,1,3,4.0,1121000.0,1.0
2025,12,1,1,1,54,1,3,5.0,1196000.0,47.0
2025,12,4,1,1,19,8,2,5.0,2016000.0,46.0
2025,12,1,1,1,35,1,2,3.0,621000.0,41.0
2025,12,5,1,2,21,13,2,5.0,581000.0,97.0
2025,12,3,1,1,20,3,1,5.0,382000.0,56.0
2025,12,1,1,2,31,1,2,5.0,518000.0,81.0
2025,12,1,1,1,47,1,2,10.0,4948000.0,25.0
2025,12,1,1,2,50,1,2,1.0,100000.0,15.0
2025,12,1,1,1,55,1,2,3.0,531000.0,7.0
2025,12,1,1,1,34,1,2,8.0,2052000.0,43.0
2025,12,1,2,1,27,1,2,8.0,1707000.0,82.0
2025,12,1,1,2,47,1,1,5.0,1525000.0,56.0
2025,12,1,1,2,40,1,2,3.0,2014000.0,56.0
2025,12,2,1,2,65,2,3,5.0,1125000.0,47.0
2025,12,1,1,2,43,1,2,5.0,0.0,14.0
2025,12,1,1,2,23,1,2,5.0,622000.0,88.0
2025,12,3,1,1,22,3,1,6.0,1895000.0,49.0
2025,12,2,1,1,24,2,2,5.0,1249000.0,47.0
2025,12,1,1,2,61,1,2,3.0,963000.0,1.0
2025,12,2,1,2,24,9,2,8.0,1656000.0,14.0
2025,12,1,1,2,40,1,2,4.0,540000.0,47.0
2025,12,1,1,1,53,1,3,3.0,1094000.0,1.0
2025,12,1,1,2,34,1,3,5.0,259000.0,47.0
2025,12,1,1,2,56,1,3,5.0,1517000.0,56.0
2025,12,1,1,1,66,1,3,4.0,402000.0,25.0
2025,12,4,1,1,26,3,1,5.0,1178000.0,1.0
2025,12,1,1,2,21,1,2,6.0,1406000.0,96.0
2025,12,2,1,2,24,3,1,8.0,1450000.0,82.0
2025,12,1,1,2,60,1,1,10.0,2431000.0,14.0
2025,12,1,1,1,54,1,2,11.0,9541000.0,85.0
2025,12,1,1,2,31,1,2,5.0,518000.0,97.0
2025,12,4,1,2,27,3,1,10.0,5181000.0,17.0
2025,12,1,1,2,57,1,2,4.0,301000.0,47.0
2025,12,1,1,2,50,1,3,5.0,1268000.0,56.0
2025,12,5,1,2,39,3,1,5.0,100000.0,82.0
2025,12,2,1,2,40,2,2,5.0,753000.0,56.0
2025,12,1,1,2,33,1,2,8.0,1256000.0,86.0
2025,12,2,1,2,40,3,1,8.0,1137000.0,36.0
2025,12,8,1,1,34,7,2,5.0,911000.0,95.0
2025,12,1,1,1,42,1,2,3.0,2319000.0,15.0
2025,12,1,1,1,54,1,3,10.0,1895000.0,69.0
2025,12,1,1,2,54,1,2,4.0,528000.0,81.0
2025,12,1,1,1,50,1,3,5.0,1862000.0,47.0
2025,12,1,1,2,41,1,1,3.0,284000.0,95.0
2025,12,1,1,2,20,1,1,5.0,688000.0,56.0
2025,12,1,1,2,38,1,2,5.0,435000.0,96.0
2025,12,1,1,2,54,1,3,5.0,1345000.0,47.0
2025,12,2,1,1,66,2,2,5.0,1874000.0,31.0
2025,12,1,1,1,28,1,2,4.0,1099000.0,52.0
2025,12,2,1,1,34,2,2,6.0,1319000.0,47.0
2025,12,1,1,1,61,1,3,5.0,1948000.0,47.0
2025,12,1,1,1,47,1,2,6.0,3476000.0,33.0
2025,12,1,1,1,63,1,2,9.0,2407000.0,96.0
2025,12,2,1,2,39,2,2,5.0,926000.0,97.0
2025,12,1,1,2,50,1,3,12.0,8961000.0,85.0
2025,12,1,1,1,51,1,2,5.0,5140000.0,95.0
2025,12,2,1,1,33,2,2,5.0,725000.0,7.0
2025,12,2,1,2,34,2,2,10.0,1013000.0,47.0
2025,12,2,1,1,43,2,2,5.0,1636000.0,45.0
2025,12,1,1,1,64,1,2,3.0,1109000.0,1.0
2025,12,1,1,1,60,1,3,3.0,748000.0,47.0
2025,12,1,1,2,33,1,2,10.0,2704000.0,85.0
2025,12,1,1,1,75,1,3,10.0,1479000.0,87.0
2025,12,2,1,1,20,3,1,5.0,1437000.0,47.0
2025,12,4,1,2,31,3,1,8.0,1593000.0,47.0
2025,12,2,1,2,21,2,2,10.0,1971000.0,84.0
2025,12,2,1,2,25,3,1,10.0,1604000.0,64.0
2025,12,1,1,1,80,1,3,1.0,124000.0,47.0
2025,12,1,1,2,46,1,2,10.0,3541000.0,85.0
2025,12,1,1,1,30,1,2,10.0,4568000.0,62.0
2025,12,2,1,1,21,2,2,5.0,2203000.0,56.0
2025,12,1,1,1,54,1,2,5.0,612000.0,31.0
2025,12,2,1,2,20,3,1,5.0,1830000.0,1.0
2025,12,3,1,1,33,3,1,5.0,2270000.0,46.0
2025,12,1,1,2,40,1,3,3.0,649000.0,97.0
2025,12,3,1,1,21,6,2,4.0,1315000.0,45.0
2025,12,1,1,1,51,1,2,4.0,258000.0,52.0
2025,12,1,1,2,28,1,2,5.0,542000.0,96.0
2025,12,2,1,2,37,2,2,5.0,1183000.0,56.0
2025,12,1,1,2,42,1,2,8.0,1275000.0,56.0
2025,12,1,1,2,35,1,2,11.0,5755000.0,71.0
2025,12,1,1,2,32,1,2,12.0,6107000.0,85.0
2025,12,1,1,1,62,1,2,4.0,1432000.0,96.0
2025,12,1,1,1,30,1,2,8.0,4807000.0,61.0
2025,12,1,1,1,58,1,2,5.0,1325000.0,47.0
2025,12,1,1,1,27,1,2,5.0,1859000.0,56.0
2025,12,1,1,2,46,1,3,8.0,1235000.0,55.0
2025,12,2,1,1,25,2,2,5.0,2618000.0,47.0
2025,12,1,1,2,53,1,2,3.0,301000.0,47.0
2025,12,2,1,2,23,3,1,8.0,1014000.0,47.0
2025,12,2,1,1,31,2,2,8.0,8113000.0,84.0
2025,12,1,1,1,26,1,2,4.0,1771000.0,41.0
2025,12,1,1,1,62,1,2,5.0,2778000.0,47.0
2025,12,2,1,2,70,2,3,3.0,554000.0,97.0
2025,12,1,1,1,43,1,3,8.0,1716000.0,49.0
2025,12,1,1,1,69,1,3,1.0,816000.0,1.0
2025,12,1,1,1,48,1,2,4.0,821000.0,45.0
2025,12,1,1,1,69,1,3,3.0,1385000.0,16.0
2025,12,1,1,1,52,1,3,3.0,1573000.0,1.0
2025,12,3,1,1,25,3,1,5.0,1891000.0,85.0
2025,12,3,1,2,45,3,1,5.0,1145000.0,47.0
2025,12,2,1,2,46,2,2,5.0,419000.0,96.0
2025,12,2,1,1,28,3,1,10.0,2472000.0,86.0
2025,12,2,1,1,33,2,2,8.0,3147000.0,49.0
2025,12,3,1,2,62,4,3,10.0,1445000.0,85.0
2025,12,1,1,2,30,1,1,10.0,5057000.0,86.0
2025,12,3,1,1,21,3,1,5.0,706000.0,52.0
2025,12,1,1,2,41,1,2,6.0,305000.0,56.0
2025,12,1,1,2,53,1,2,10.0,1466000.0,84.0
2025,12,2,1,2,35,3,1,10.0,1859000.0,53.0
2025,12,2,1,1,25,8,2,9.0,1486000.0,56.0
2025,12,1,1,1,36,1,2,5.0,1855000.0,80.0
2025,12,1,1,2,41,1,1,10.0,1482000.0,85.0
2025,12,1,1,2,55,1,3,3.0,1269000.0,47.0
2025,12,1,1,2,43,1,2,5.0,1842000.0,14.0
2025,12,1,1,2,45,1,2,5.0,1230000.0,68.0
2025,12,1,1,1,45,1,2,5.0,2463000.0,86.0
2025,12,1,1,1,44,1,2,4.0,1310000.0,52.0
2025,12,1,1,1,41,1,2,4.0,2134000.0,42.0
2025,12,1,1,1,25,1,2,4.0,1479000.0,41.0
2025,12,1,1,2,45,1,1,10.0,6770000.0,94.0
2025,12,2,1,2,60,2,3,4.0,1601000.0,97.0
2025,12,2,1,1,52,2,2,3.0,1050000.0,41.0
2025,12,2,1,2,35,2,2,10.0,1529000.0,14.0
2025,12,3,1,2,26,3,2,8.0,1503000.0,82.0
2025,12,1,1,1,48,1,2,5.0,3326000.0,47.0
2025,12,2,1,2,41,2,2,10.0,1563000.0,56.0
2025,12,1,1,2,43,1,3,4.0,1218000.0,68.0
2025,12,1,1,1,62,1,2,8.0,269000.0,95.0
2025,12,1,1,2,34,1,2,8.0,2074000.0,15.0
2025,12,1,1,2,48,1,1,5.0,961000.0,56.0
2025,12,1,1,1,28,1,2,5.0,1465000.0,42.0
2025,12,3,1,1,21,3,1,5.0,762000.0,7.0
2025,12,2,1,1,55,6,3,3.0,1813000.0,49.0
2025,12,6,1,1,25,13,2,6.0,2054000.0,94.0
2025,12,1,1,2,55,1,2,12.0,5681000.0,85.0
2025,12,1,1,2,49,1,2,4.0,342000.0,56.0
2025,12,2,1,2,53,2,3,5.0,796000.0,55.0
2025,12,2,1,2,36,2,2,1.0,209000.0,13.0
2025,12,2,1,2,46,2,3,5.0,1385000.0,35.0
2025,12,1,1,2,41,1,2,3.0,862000.0,95.0
2025,12,1,1,2,41,1,2,3.0,1513000.0,62.0
2025,12,2,1,2,58,2,3,5.0,2048000.0,55.0
2025,12,1,1,1,50,1,2,10.0,3890000.0,85.0
2025,12,1,1,1,40,1,2,8.0,3272000.0,35.0
2025,12,1,1,1,36,1,2,8.0,4527000.0,41.0
2025,12,2,1,2,26,2,2,5.0,1898000.0,56.0
2025,12,2,1,2,35,2,2,5.0,1201000.0,46.0
2025,12,3,1,2,30,3,1,10.0,1261000.0,86.0
2025,12,4,1,2,40,5,2,3.0,1390000.0,56.0
2025,12,1,1,1,59,1,3,3.0,2273000.0,56.0
2025,12,2,1,2,20,3,1,8.0,1466000.0,56.0
2025,12,1,1,2,35,1,1,10.0,3376000.0,62.0
2025,12,2,1,1,45,3,1,5.0,1109000.0,49.0
2025,12,4,1,2,29,3,1,8.0,1662000.0,47.0
2025,12,4,1,1,24,9,2,4.0,1272000.0,1.0
2025,12,2,1,2,49,3,3,12.0,3390000.0,84.0
2025,12,2,1,2,74,2,3,3.0,267000.0,1.0
2025,12,1,1,2,61,1,3,12.0,10036000.0,85.0
2025,12,2,1,2,55,3,1,3.0,372000.0,47.0
2025,12,2,1,1,49,2,3,5.0,2748000.0,1.0
2025,12,1,1,1,43,1,2,9.0,3049000.0,56.0
2025,12,3,1,1,27,3,1,5.0,2073000.0,85.0
2025,12,1,1,1,39,1,2,5.0,2057000.0,41.0
2025,12,1,1,2,25,1,3,10.0,3785000.0,27.0
2025,12,3,1,1,25,3,1,12.0,2008000.0,86.0
2025,12,3,1,1,21,3,1,10.0,5274000.0,6.0
2025,12,1,1,2,46,1,2,3.0,740000.0,47.0
2025,12,2,1,2,62,2,3,5.0,714000.0,97.0
2025,12,1,1,2,29,1,2,5.0,652000.0,47.0
2025,12,1,1,1,62,1,3,12.0,15463000.0,84.0
2025,12,1,1,2,25,1,2,10.0,2505000.0,10.0
2025,12,1,1,1,40,1,2,10.0,21312000.0,71.0
2025,12,1,1,1,37,1,2,8.0,1904000.0,25.0
2025,12,2,1,2,40,2,2,8.0,3118000.0,84.0
2025,12,1,1,2,41,1,3,5.0,1602000.0,79.0
2025,12,1,1,2,29,1,2,5.0,808000.0,47.0
2025,12,1,1,1,64,1,3,5.0,880000.0,80.0
2025,12,2,1,1,24,3,1,10.0,834000.0,47.0
2025,12,1,1,2,23,1,2,4.0,494000.0,96.0
2025,12,1,1,2,30,1,2,5.0,1164000.0,56.0
2025,12,2,1,1,40,2,2,5.0,1914000.0,53.0
2025,12,1,1,2,51,1,3,10.0,1380000.0,1.0
2025,12,1,1,2,53,1,2,4.0,771000.0,56.0
2025,12,1,1,1,32,1,2,5.0,3636000.0,56.0
2025,12,2,1,1,35,3,1,6.0,6441000.0,14.0
2025,12,2,1,1,45,2,2,10.0,2185000.0,52.0
2025,12,1,1,2,37,1,2,8.0,175000.0,81.0
2025,12,2,1,2,52,3,1,4.0,680000.0,81.0
2025,12,2,1,1,29,3,1,5.0,2093000.0,49.0
2025,12,2,1,2,41,2,2,5.0,1339000.0,45.0
2025,12,1,1,1,31,1,2,5.0,2223000.0,80.0
2025,12,7,1,1,32,13,1,5.0,1179000.0,41.0
2025,12,1,1,1,64,1,3,3.0,340000.0,1.0
2025,12,1,1,2,74,1,3,3.0,0.0,47.0
2025,12,1,1,2,50,1,2,4.0,658000.0,14.0
2025,12,1,1,2,45,1,3,3.0,1387000.0,56.0
2025,12,2,1,1,26,3,1,10.0,11568000.0,69.0
2025,12,2,1,2,23,3,1,10.0,1406000.0,94.0
2025,12,2,1,2,37,3,1,10.0,1690000.0,49.0
2025,12,3,1,2,38,3,1,8.0,1037000.0,86.0
2025,12,1,1,2,58,1,3,3.0,612000.0,81.0
2025,12,1,1,2,45,1,3,5.0,1640000.0,56.0
2025,12,2,1,1,24,2,2,5.0,1589000.0,49.0
2025,12,1,1,2,60,1,3,3.0,581000.0,97.0
2025,12,2,1,1,45,2,2,5.0,1987000.0,96.0
2025,12,2,1,1,24,3,3,5.0,1459000.0,1.0
2025,12,5,1,1,34,6,2,5.0,1406000.0,45.0
2025,12,2,1,2,37,2,3,5.0,1675000.0,86.0
2025,12,5,1,1,24,7,2,4.0,2128000.0,52.0
2025,12,2,1,2,29,2,2,8.0,1583000.0,86.0
2025,12,2,1,2,22,2,2,5.0,286000.0,96.0
2025,12,3,1,2,23,8,2,4.0,966000.0,15.0
2025,12,3,1,2,20,9,2,10.0,1498000.0,56.0
2025,12,1,1,2,23,1,2,10.0,661000.0,56.0
2025,12,1,1,1,65,1,3,5.0,1322000.0,80.0
2025,12,2,1,2,48,9,2,10.0,1963000.0,85.0
2025,12,1,1,1,71,1,3,10.0,9075000.0,71.0
2025,12,1,1,2,55,1,1,10.0,4687000.0,85.0
2025,12,1,1,1,31,1,2,10.0,1726000.0,10.0
2025,12,2,1,2,38,2,2,3.0,100000.0,1.0
2025,12,1,1,2,51,1,3,8.0,1440000.0,56.0
2025,12,1,1,2,62,1,3,4.0,0.0,47.0
2025,12,1,1,1,25,1,2,4.0,1917000.0,95.0
2025,12,2,1,1,23,6,2,4.0,1166000.0,45.0
2025,12,3,1,2,22,3,1,5.0,221000.0,47.0
2025,12,2,1,2,41,2,2,8.0,1565000.0,47.0
2025,12,3,1,1,31,3,1,10.0,4429000.0,85.0
2025,12,1,1,1,45,1,2,10.0,6554000.0,84.0
2025,12,1,1,2,61,1,3,5.0,665000.0,13.0
2025,12,3,1,2,40,8,1,5.0,951000.0,47.0
2025,12,1,1,2,51,1,2,5.0,0.0,68.0
2025,12,2,1,2,31,3,1,5.0,1264000.0,86.0
2025,12,2,1,2,35,10,2,5.0,2482000.0,97.0
2025,12,1,1,2,59,1,3,3.0,557000.0,97.0
2025,12,3,1,1,48,3,3,4.0,500000.0,47.0
2025,12,1,1,2,48,1,2,6.0,1357000.0,56.0
2025,12,1,1,2,38,1,2,5.0,670000.0,97.0
2025,12,1,1,1,71,1,2,3.0,346000.0,47.0
2025,12,1,1,2,58,1,2,4.0,100000.0,10.0
2025,12,2,1,1,47,2,2,5.0,1892000.0,39.0
2025,12,1,1,2,45,1,3,4.0,1026000.0,56.0
2025,12,2,1,2,32,2,2,11.0,4697000.0,62.0
2025,12,1,1,2,54,1,2,10.0,3556000.0,86.0
2025,12,1,1,1,57,1,2,10.0,6499000.0,84.0
2025,12,1,1,2,45,1,2,11.0,3609000.0,86.0
2025,12,1,1,1,22,1,2,5.0,2127000.0,11.0
2025,12,1,1,2,23,1,2,5.0,1926000.0,55.0
2025,12,1,1,1,24,1,2,11.0,738000.0,43.0
2025,12,2,1,1,55,2,3,5.0,1047000.0,92.0
2025,12,1,1,2,44,1,2,8.0,1188000.0,52.0
2025,12,1,1,1,24,1,2,5.0,1909000.0,41.0
2025,12,3,1,2,32,7,2,11.0,5654000.0,69.0
2025,12,3,1,2,21,3,1,10.0,1774000.0,46.0
2025,12,1,1,2,36,1,2,8.0,2090000.0,84.0
2025,12,2,1,1,35,8,2,10.0,1023000.0,70.0
2025,12,1,1,1,66,1,3,3.0,1323000.0,1.0
2025,12,2,1,1,61,6,3,3.0,1145000.0,45.0
2025,12,2,1,1,25,13,2,12.0,5030000.0,51.0
2025,12,1,1,1,44,1,2,5.0,8161000.0,79.0
2025,12,2,1,1,32,2,2,10.0,5484000.0,47.0
2025,12,2,1,1,30,2,2,10.0,3850000.0,84.0
2025,12,2,1,2,66,2,3,3.0,100000.0,38.0
2025,12,1,1,2,64,1,3,1.0,723000.0,56.0
2025,12,2,1,1,68,2,2,5.0,2624000.0,49.0
2025,12,1,1,2,43,1,2,3.0,357000.0,81.0
2025,12,2,1,1,41,3,1,3.0,1835000.0,41.0
2025,12,2,1,2,43,3,1,5.0,1521000.0,85.0
2025,12,3,1,2,23,3,1,10.0,2032000.0,85.0
2025,12,1,1,1,43,1,3,10.0,2259000.0,47.0
2025,12,2,1,2,43,2,2,12.0,7016000.0,66.0
2025,12,2,1,1,34,2,2,5.0,1629000.0,41.0
2025,12,3,1,2,25,3,1,4.0,221000.0,97.0
2025,12,2,1,2,50,2,2,9.0,2054000.0,56.0
2025,12,1,1,1,58,1,2,3.0,1854000.0,49.0
2025,12,1,1,1,49,1,2,5.0,772000.0,47.0
2025,12,1,1,2,48,1,1,10.0,887000.0,96.0
2025,12,2,1,2,56,2,3,5.0,3614000.0,84.0
2025,12,1,1,1,61,1,3,3.0,1671000.0,49.0
2025,12,1,1,2,52,1,2,12.0,3558000.0,85.0
2025,12,2,1,1,75,2,3,3.0,616000.0,81.0
2025,12,4,1,2,18,3,1,6.0,620000.0,11.0
2025,12,1,1,2,62,1,2,4.0,338000.0,32.0
2025,12,1,1,1,30,1,2,4.0,2264000.0,41.0
2025,12,1,1,2,35,1,2,5.0,1387000.0,86.0
2025,12,5,1,1,19,3,1,5.0,641000.0,49.0
2025,12,1,1,1,36,1,2,5.0,1034000.0,49.0
2025,12,3,1,2,37,3,1,11.0,522000.0,56.0
2025,12,1,1,1,57,1,3,3.0,2238000.0,56.0
2025,12,3,1,1,30,3,1,5.0,1821000.0,49.0
2025,12,4,1,2,20,8,2,5.0,721000.0,47.0
2025,12,1,1,1,51,1,3,5.0,5351000.0,47.0
2025,12,2,1,2,66,2,2,1.0,100000.0,47.0
2025,12,2,1,2,48,2,2,4.0,912000.0,47.0
2025,12,1,1,1,40,1,2,10.0,6312000.0,84.0
2025,12,1,1,1,33,1,2,3.0,718000.0,1.0
2025,12,2,1,2,44,2,2,4.0,1442000.0,81.0
2025,12,2,1,1,35,3,1,4.0,593000.0,41.0
2025,12,4,1,2,21,8,1,6.0,1366000.0,61.0
2025,12,1,1,2,59,1,2,5.0,635000.0,97.0
2025,12,1,1,1,53,1,3,1.0,482000.0,1.0
2025,12,1,1,1,38,1,2,9.0,3205000.0,63.0
2025,12,1,1,2,40,1,1,10.0,2471000.0,64.0
2025,12,2,1,2,22,2,2,5.0,1751000.0,10.0
2025,12,1,1,2,48,1,1,8.0,2016000.0,84.0
2025,12,1,1,1,59,1,2,3.0,475000.0,43.0
2025,12,1,1,1,39,1,3,10.0,1944000.0,61.0
2025,12,1,1,1,36,1,2,5.0,3016000.0,45.0
2025,12,1,1,2,36,1,2,8.0,1619000.0,45.0
2025,12,1,1,1,70,1,2,12.0,2981000.0,69.0
2025,12,1,1,2,42,1,2,5.0,1421000.0,56.0
2025,12,1,1,1,47,1,2,3.0,1432000.0,1.0
2025,12,2,1,1,32,2,2,10.0,5667000.0,93.0
2025,12,4,1,1,28,7,2,10.0,2280000.0,85.0
2025,12,2,1,1,61,2,3,4.0,3372000.0,49.0
2025,12,1,1,1,70,1,3,4.0,131000.0,95.0
2025,12,2,1,1,31,2,2,9.0,2054000.0,38.0
2025,12,1,1,1,45,1,3,9.0,2222000.0,43.0
2025,12,2,1,1,62,3,3,5.0,1979000.0,43.0
2025,12,2,1,1,36,3,1,5.0,1694000.0,52.0
2025,12,1,1,2,61,1,3,3.0,1046000.0,81.0
2025,12,1,1,2,36,1,2,3.0,1425000.0,97.0
2025,12,3,1,1,25,8,2,5.0,1617000.0,49.0
2025,12,3,1,2,18,3,1,9.0,413000.0,56.0
2025,12,1,1,2,37,1,2,5.0,782000.0,97.0
2025,12,3,1,2,20,3,1,5.0,488000.0,97.0
2025,12,3,1,2,18,3,1,4.0,263000.0,47.0
2025,12,3,1,2,29,3,1,10.0,1243000.0,85.0
2025,12,1,1,2,52,1,3,8.0,100000.0,97.0
2025,12,5,1,1,37,6,3,5.0,2409000.0,46.0
2025,12,1,1,2,57,1,2,5.0,1762000.0,55.0
2025,12,1,1,2,44,1,2,5.0,1115000.0,49.0
2025,12,1,1,2,69,1,3,3.0,652000.0,56.0
2025,12,3,1,1,28,3,1,10.0,2185000.0,86.0
2025,12,1,1,2,48,1,2,5.0,600000.0,97.0
2025,12,1,1,1,55,1,2,5.0,1538000.0,49.0
2025,12,2,1,2,29,2,2,10.0,3833000.0,88.0
2025,12,4,1,1,21,3,1,10.0,1860000.0,47.0
2025,12,1,1,1,48,1,2,9.0,2701000.0,52.0
2025,12,1,1,1,51,1,3,3.0,496000.0,47.0
2025,12,1,1,2,26,1,2,8.0,1550000.0,85.0
2025,12,2,1,2,37,2,2,3.0,1372000.0,56.0
2025,12,1,1,2,43,1,2,12.0,5645000.0,85.0
2025,12,1,1,1,54,1,2,3.0,915000.0,1.0
2025,12,1,1,2,40,1,2,8.0,2137000.0,86.0
2025,12,1,1,1,56,1,3,9.0,4851000.0,56.0
2025,12,3,1,2,21,3,1,5.0,1063000.0,94.0
2025,12,2,1,1,57,2,3,3.0,366000.0,49.0
2025,12,1,1,2,49,1,3,3.0,275000.0,56.0
2025,12,2,1,2,26,2,3,5.0,565000.0,56.0
2025,12,2,1,2,30,2,2,5.0,1108000.0,1.0
2025,12,4,1,1,25,6,2,6.0,1739000.0,47.0
2025,12,2,1,1,21,6,2,3.0,481000.0,95.0
2025,12,2,1,2,53,2,3,5.0,923000.0,87.0
2025,12,1,1,2,39,1,3,5.0,173000.0,15.0
2025,12,1,1,2,34,1,2,5.0,631000.0,81.0
2025,12,1,1,2,28,1,2,8.0,719000.0,56.0
2025,12,2,1,1,73,3,1,3.0,564000.0,1.0
2025,12,2,1,2,48,2,3,5.0,193000.0,14.0
2025,12,5,1,2,37,3,1,8.0,2256000.0,84.0
2025,12,2,1,2,38,2,2,3.0,134000.0,47.0
2025,12,2,1,1,48,2,2,11.0,0.0,1.0
2025,12,1,1,1,27,1,2,12.0,3023000.0,94.0
2025,12,1,1,1,29,1,2,3.0,3062000.0,49.0
2025,12,2,1,2,22,6,2,8.0,1212000.0,71.0
2025,12,2,1,1,32,3,2,5.0,2977000.0,56.0
2025,12,2,1,2,36,2,2,11.0,1378000.0,85.0
2025,12,2,1,2,59,2,2,5.0,318000.0,56.0
2025,12,1,1,1,44,1,3,5.0,5756000.0,80.0
2025,12,2,1,1,28,2,2,8.0,2337000.0,23.0
2025,12,1,1,1,31,1,2,9.0,2121000.0,35.0
2025,12,1,1,2,26,1,2,6.0,1195000.0,1.0
2025,12,1,1,1,49,1,2,4.0,1842000.0,41.0
2025,12,2,1,2,60,2,2,5.0,185000.0,97.0
2025,12,2,1,1,33,8,2,4.0,817000.0,56.0
2025,12,3,1,2,22,3,1,7.0,1412000.0,47.0
2025,12,1,1,1,42,1,2,3.0,2016000.0,47.0
2025,12,2,1,2,45,2,2,3.0,0.0,1.0
2025,12,1,1,2,45,1,3,5.0,1468000.0,56.0
2025,12,1,1,1,55,1,2,5.0,1137000.0,49.0
2025,12,1,1,1,54,1,3,5.0,2210000.0,47.0
2025,12,2,1,1,20,3,1,5.0,0.0,43.0
2025,12,1,1,2,19,1,2,5.0,887000.0,56.0
2025,12,1,1,1,42,1,2,4.0,1802000.0,49.0
2025,12,2,1,1,49,2,2,5.0,1976000.0,56.0
2025,12,1,1,2,75,1,3,4.0,191000.0,86.0
2025,12,1,1,1,30,1,2,9.0,1847000.0,62.0
2025,12,1,1,1,48,1,2,8.0,4354000.0,50.0
2025,12,1,1,1,59,1,3,10.0,6704000.0,85.0
2025,12,1,1,1,44,1,2,5.0,2290000.0,95.0
2025,12,2,1,1,45,2,2,5.0,1382000.0,41.0
2025,12,1,1,1,66,1,2,10.0,7658000.0,47.0
2025,12,1,1,1,60,1,2,3.0,2861000.0,1.0
2025,12,1,1,2,27,1,2,11.0,8043000.0,69.0
2025,12,2,1,2,45,2,2,10.0,3441000.0,80.0
2025,12,3,1,2,36,3,1,5.0,1294000.0,65.0
2025,12,1,1,2,36,1,2,6.0,1585000.0,86.0
2025,12,2,1,2,54,2,3,4.0,1264000.0,84.0
2025,12,1,1,1,32,1,2,10.0,3634000.0,69.0
2025,12,1,1,1,31,1,2,10.0,497000.0,75.0
2025,12,1,1,2,64,1,3,3.0,0.0,81.0
2025,12,2,1,1,22,3,1,6.0,1768000.0,49.0
2025,12,1,1,1,63,1,3,3.0,998000.0,49.0
2025,12,1,1,2,37,1,2,5.0,1103000.0,56.0
2025,12,1,1,1,35,1,2,9.0,3256000.0,55.0
2025,12,3,1,1,29,3,1,3.0,402000.0,1.0
2025,12,4,1,1,53,7,2,5.0,2755000.0,74.0
2025,12,2,1,1,25,3,1,5.0,1447000.0,56.0
2025,12,2,1,2,58,2,3,10.0,4682000.0,84.0
2025,12,1,1,1,42,1,2,3.0,1245000.0,1.0
2025,12,2,1,2,55,2,3,5.0,249000.0,47.0
2025,12,1,1,2,40,1,2,5.0,316000.0,47.0
2025,12,5,1,2,32,6,2,8.0,296000.0,87.0
2025,12,1,1,2,43,1,2,3.0,309000.0,56.0
2025,12,2,1,2,25,3,1,8.0,1559000.0,66.0
2025,12,3,1,1,45,3,1,3.0,2088000.0,1.0
2025,12,1,1,2,64,1,3,9.0,1547000.0,96.0
2025,12,1,1,2,66,1,3,9.0,468000.0,96.0
2025,12,1,1,2,42,1,2,6.0,1088000.0,47.0
2025,12,2,1,1,48,2,3,5.0,1893000.0,15.0
2025,12,2,1,2,60,2,3,5.0,254000.0,81.0
2025,12,1,1,2,32,1,2,5.0,530000.0,1.0
2025,12,1,1,2,48,1,3,4.0,444000.0,47.0
2025,12,1,1,2,50,1,2,3.0,686000.0,97.0
2025,12,1,1,2,48,1,3,9.0,2926000.0,86.0
2025,12,2,1,2,25,2,2,5.0,832000.0,56.0
2025,12,1,1,2,31,1,2,10.0,1799000.0,86.0
2025,12,1,1,2,50,1,2,3.0,833000.0,81.0
2025,12,1,1,1,48,1,3,3.0,1244000.0,41.0
2025,12,1,1,1,24,1,2,10.0,1063000.0,47.0
2025,12,1,2,1,40,1,3,9.0,2083000.0,11.0
2025,12,4,1,2,68,4,3,3.0,746000.0,10.0
2025,12,1,1,1,46,1,3,4.0,2771000.0,10.0
2025,12,1,1,2,49,1,2,5.0,608000.0,14.0
2025,12,1,1,2,51,1,2,9.0,2608000.0,1.0
2025,12,1,1,1,29,1,2,5.0,2141000.0,14.0
2025,12,1,1,1,36,1,2,5.0,1843000.0,47.0
2025,12,1,1,1,33,1,2,4.0,837000.0,38.0
2025,12,1,1,1,33,1,2,5.0,2740000.0,49.0
2025,12,1,1,2,26,1,2,5.0,831000.0,1.0
2025,12,1,1,2,28,1,2,6.0,1202000.0,97.0
2025,12,6,1,1,25,9,2,5.0,1702000.0,41.0
2025,12,1,2,1,34,1,3,3.0,1254000.0,31.0
2025,12,1,1,2,42,1,1,11.0,2279000.0,47.0
2025,12,3,1,2,26,3,1,9.0,637000.0,56.0
2025,12,3,1,1,33,3,1,5.0,2129000.0,47.0
2025,12,2,1,2,37,2,2,4.0,1610000.0,1.0
2025,12,2,1,2,48,2,3,10.0,4496000.0,85.0
2025,12,2,1,2,39,2,2,5.0,443000.0,55.0
2025,12,1,1,2,57,1,2,9.0,1896000.0,68.0
2025,12,1,1,1,44,1,2,5.0,1937000.0,10.0
2025,12,3,1,1,35,3,1,5.0,2088000.0,25.0
2025,12,3,1,2,30,3,1,10.0,1988000.0,84.0
2025,12,1,1,1,22,1,2,5.0,756000.0,49.0
2025,12,3,1,1,58,9,2,3.0,3250000.0,77.0
2025,12,1,1,2,61,1,3,3.0,759000.0,81.0
2025,12,1,1,2,59,1,2,3.0,455000.0,81.0
2025,12,1,1,2,69,1,3,5.0,339000.0,47.0
2025,12,1,1,1,40,1,2,4.0,409000.0,41.0
2025,12,3,1,2,21,3,1,3.0,0.0,1.0
2025,12,2,1,1,30,2,2,6.0,2712000.0,47.0
2025,12,1,1,2,41,1,3,10.0,3560000.0,1.0
2025,12,7,1,1,29,13,2,3.0,1176000.0,38.0
2025,12,1,1,1,40,1,2,11.0,2994000.0,69.0
2025,12,3,1,1,40,3,1,3.0,1882000.0,1.0
2025,12,3,1,1,20,8,1,10.0,1626000.0,61.0
2025,12,2,1,1,41,3,2,4.0,1991000.0,49.0
2025,12,2,1,2,40,2,2,4.0,1684000.0,56.0
2025,12,1,1,1,32,1,2,4.0,2450000.0,47.0
2025,12,1,1,1,47,1,2,10.0,5234000.0,69.0
2025,12,1,3,2,27,1,2,5.0,0.0,81.0
2025,12,2,1,1,40,2,2,5.0,4043000.0,47.0
2025,12,2,1,1,59,2,3,3.0,2607000.0,55.0
2025,12,1,1,2,45,1,2,10.0,13001000.0,84.0
2025,12,1,1,1,23,1,2,10.0,2189000.0,64.0
2025,12,3,1,1,18,3,1,5.0,505000.0,43.0
2025,12,2,1,2,38,2,2,5.0,1892000.0,82.0
2025,12,2,1,1,26,2,2,10.0,1194000.0,96.0
2025,12,1,1,1,49,1,2,3.0,1307000.0,1.0
2025,12,2,1,1,29,3,1,12.0,3908000.0,85.0
2025,12,2,1,1,46,2,2,5.0,1810000.0,41.0
2025,12,4,1,1,21,6,3,5.0,1458000.0,3.0
2025,12,1,1,1,27,1,2,4.0,1445000.0,52.0
2025,12,1,1,2,69,1,3,4.0,482000.0,14.0
2025,12,1,1,2,29,1,3,5.0,528000.0,56.0
2025,12,1,1,1,21,1,2,4.0,1178000.0,1.0
2025,12,1,1,2,30,1,2,10.0,1520000.0,96.0
2025,12,1,1,1,23,1,2,5.0,2371000.0,46.0
2025,12,4,1,2,45,3,1,5.0,1111000.0,47.0
2025,12,1,1,1,66,1,2,4.0,1795000.0,45.0
2025,12,1,1,2,32,1,2,10.0,3328000.0,85.0
2025,12,1,1,2,58,1,2,10.0,1469000.0,85.0
2025,12,2,1,2,26,2,2,5.0,1621000.0,56.0
2025,12,1,1,1,30,1,2,5.0,2480000.0,96.0
2025,12,1,1,1,47,1,3,5.0,1698000.0,41.0
2025,12,1,1,2,43,1,2,4.0,209000.0,56.0
2025,12,2,1,1,46,2,2,3.0,2925000.0,81.0
2025,12,1,1,2,41,1,2,5.0,1629000.0,47.0
2025,12,4,1,1,22,13,2,5.0,798000.0,41.0
2025,12,2,1,2,32,2,2,11.0,4224000.0,84.0
2025,12,1,1,1,40,1,3,3.0,1541000.0,41.0
2025,12,1,1,1,41,1,2,4.0,2760000.0,49.0
2025,12,3,1,2,20,3,1,9.0,568000.0,46.0
2025,12,1,1,1,52,1,2,3.0,1252000.0,47.0
2025,12,1,1,1,60,1,2,3.0,2572000.0,45.0
2025,12,2,1,1,31,3,1,10.0,717000.0,75.0
2025,12,1,1,2,45,1,2,5.0,229000.0,32.0
2025,12,1,1,1,21,1,2,5.0,1885000.0,47.0
2025,12,3,1,1,26,3,1,5.0,1676000.0,10.0
2025,12,5,1,1,44,3,1,8.0,1729000.0,38.0
2025,12,2,1,1,50,3,1,5.0,2688000.0,49.0
2025,12,7,1,1,39,6,1,5.0,553000.0,49.0
2025,12,1,1,2,60,1,2,4.0,350000.0,81.0
2025,12,2,1,2,32,2,2,5.0,0.0,97.0
2025,12,2,1,1,27,2,2,5.0,814000.0,93.0
2025,12,1,1,1,41,1,2,3.0,1065000.0,1.0
2025,12,1,1,1,50,1,2,4.0,1070000.0,49.0
2025,12,1,1,2,26,1,2,8.0,2093000.0,64.0
2025,12,2,1,2,30,2,2,10.0,3033000.0,62.0
2025,12,2,1,1,58,2,3,3.0,838000.0,1.0
2025,12,3,1,1,24,9,2,10.0,2584000.0,79.0
2025,12,1,1,2,33,1,2,5.0,0.0,47.0
2025,12,1,1,1,43,1,3,3.0,1758000.0,1.0
2025,12,6,1,1,46,9,2,4.0,2148000.0,45.0
2025,12,1,1,1,43,1,2,5.0,2338000.0,47.0
2025,12,2,1,2,43,2,3,9.0,1667000.0,68.0
2025,12,1,1,1,43,1,2,8.0,1189000.0,85.0
2025,12,3,1,2,28,3,1,10.0,4127000.0,84.0
2025,12,2,1,2,46,2,2,5.0,1500000.0,84.0
2025,12,2,1,2,54,3,2,5.0,1615000.0,32.0
2025,12,2,1,2,50,2,3,3.0,149000.0,56.0
2025,12,3,1,1,20,3,2,4.0,1279000.0,47.0
2025,12,1,1,1,61,1,3,10.0,7220000.0,84.0
2025,12,1,1,1,25,1,2,5.0,1768000.0,81.0
2025,12,1,1,2,45,1,3,5.0,1856000.0,97.0
2025,12,1,1,2,71,1,3,4.0,206000.0,47.0
2025,12,1,1,2,49,1,2,8.0,0.0,86.0
2025,12,2,1,1,34,3,1,6.0,1810000.0,68.0
2025,12,1,1,2,33,1,2,9.0,100000.0,96.0
2025,12,2,1,1,33,3,1,5.0,946000.0,45.0
2025,12,1,1,2,45,1,3,5.0,1446000.0,56.0
2025,12,1,1,1,28,1,2,10.0,3453000.0,84.0
2025,12,1,1,1,46,1,2,8.0,1896000.0,45.0
2025,12,2,1,2,30,3,1,4.0,430000.0,14.0
2025,12,1,1,2,60,1,3,4.0,1596000.0,14.0
2025,12,1,1,1,51,1,2,4.0,3039000.0,15.0
2025,12,4,1,1,29,8,1,4.0,1585000.0,47.0
2025,12,1,1,1,32,1,2,8.0,1496000.0,47.0
2025,12,1,1,2,63,1,2,11.0,2253000.0,85.0
2025,12,2,1,2,29,3,1,8.0,1631000.0,96.0
2025,12,1,1,2,47,1,2,5.0,1724000.0,14.0
2025,12,2,1,2,52,3,3,5.0,1527000.0,85.0
2025,12,1,1,1,39,1,2,3.0,2034000.0,41.0
2025,12,1,1,1,35,1,2,3.0,2351000.0,1.0
2025,12,1,1,2,35,1,1,5.0,1424000.0,56.0
2025,12,3,1,1,18,3,1,6.0,1780000.0,92.0
2025,12,1,1,2,55,1,3,3.0,1475000.0,47.0
2025,12,2,1,2,31,2,2,3.0,131000.0,15.0
2025,12,2,1,2,39,2,2,5.0,1861000.0,47.0
2025,12,1,1,1,54,1,3,4.0,3129000.0,41.0
2025,12,3,1,1,43,7,2,6.0,1175000.0,45.0
2025,12,1,1,2,49,1,2,5.0,2455000.0,84.0
2025,12,1,1,2,33,1,2,3.0,382000.0,97.0
2025,12,1,1,1,44,1,2,9.0,7253000.0,23.0
2025,12,2,1,1,27,3,1,5.0,1883000.0,47.0
2025,12,1,1,1,24,1,2,9.0,2782000.0,84.0
2025,12,1,1,2,24,1,2,8.0,3115000.0,84.0
2025,12,3,1,2,31,3,1,11.0,1883000.0,84.0
2025,12,1,1,1,32,1,1,10.0,8588000.0,84.0
2025,12,6,1,1,31,7,2,8.0,2660000.0,55.0
2025,12,1,1,2,57,1,2,3.0,530000.0,96.0
2025,12,2,1,2,38,8,2,3.0,1673000.0,68.0
2025,12,1,1,2,42,1,2,5.0,1368000.0,97.0
2025,12,3,1,1,43,7,3,9.0,3574000.0,93.0
2025,12,1,1,1,20,1,2,4.0,2103000.0,1.0
2025,12,3,1,2,26,7,2,5.0,1572000.0,47.0
2025,12,2,1,2,53,2,2,3.0,0.0,1.0
2025,12,1,1,2,42,1,2,4.0,482000.0,81.0
2025,12,2,1,2,29,2,2,11.0,6410000.0,84.0
2025,12,1,1,1,58,1,2,4.0,771000.0,41.0
2025,12,1,1,2,65,1,2,10.0,1296000.0,88.0
2025,12,1,1,2,31,1,2,10.0,2695000.0,84.0
2025,12,1,1,2,34,1,2,12.0,5922000.0,85.0
2025,12,1,1,2,35,1,2,8.0,235000.0,47.0
2025,12,1,1,2,39,1,2,3.0,733000.0,47.0
2025,12,1,1,2,66,1,3,3.0,131000.0,56.0
2025,12,2,1,2,47,2,2,5.0,898000.0,56.0
2025,12,4,1,2,29,3,1,10.0,3247000.0,96.0
2025,12,2,1,1,50,2,3,3.0,1181000.0,41.0
2025,12,1,1,1,53,1,3,5.0,521000.0,49.0
2025,12,1,1,1,36,1,2,4.0,2055000.0,41.0
2025,12,1,1,2,27,1,2,5.0,411000.0,87.0
2025,12,1,1,1,30,1,2,5.0,806000.0,1.0
2025,12,2,1,2,53,2,2,3.0,1315000.0,81.0
2025,12,1,1,2,53,1,2,5.0,1448000.0,47.0
2025,12,1,1,2,69,1,3,1.0,458000.0,47.0
2025,12,1,1,2,22,1,2,8.0,1654000.0,56.0
2025,12,1,1,2,35,1,2,10.0,2001000.0,47.0
2025,12,1,1,1,67,1,3,3.0,1351000.0,31.0
2025,12,5,1,2,19,10,2,5.0,1275000.0,97.0
2025,12,4,1,1,26,3,1,3.0,1785000.0,41.0
2025,12,1,1,2,49,1,3,4.0,964000.0,47.0
2025,12,1,1,1,42,1,2,6.0,2173000.0,80.0
2025,12,3,1,2,28,3,1,6.0,1306000.0,64.0
2025,12,4,1,2,19,13,2,5.0,1257000.0,92.0
2025,12,1,1,2,26,1,2,4.0,1389000.0,10.0
2025,12,1,1,2,35,1,2,10.0,1734000.0,47.0
2025,12,1,1,2,60,1,3,5.0,243000.0,97.0
2025,12,1,1,1,37,1,2,8.0,1965000.0,93.0
2025,12,2,1,2,32,2,2,4.0,1306000.0,14.0
2025,12,2,1,2,22,3,1,5.0,768000.0,96.0
2025,12,1,1,1,45,1,1,9.0,5029000.0,31.0
2025,12,1,1,1,69,1,3,5.0,1185000.0,95.0
2025,12,2,1,2,36,2,2,10.0,2568000.0,46.0
2025,12,2,1,1,30,3,1,9.0,1791000.0,46.0
2025,12,1,1,2,43,1,2,12.0,6179000.0,85.0
2025,12,1,1,2,36,1,2,1.0,648000.0,47.0
2025,12,1,1,1,63,1,2,3.0,1086000.0,41.0
2025,12,2,1,2,29,3,1,5.0,487000.0,47.0
2025,12,1,1,2,52,1,2,10.0,10704000.0,22.0
2025,12,1,1,1,23,1,2,10.0,2774000.0,55.0
2025,12,2,1,2,64,3,3,12.0,5891000.0,84.0
2025,12,1,2,1,45,1,3,3.0,2541000.0,41.0
2025,12,2,1,2,51,2,2,13.0,2822000.0,69.0
2025,12,3,1,1,27,3,1,5.0,2662000.0,47.0
2025,12,2,1,2,38,2,2,8.0,1318000.0,88.0
2025,12,1,1,2,65,1,3,5.0,100000.0,95.0
2025,12,1,1,1,51,1,2,3.0,559000.0,38.0
2025,12,4,1,2,23,3,1,10.0,1237000.0,10.0
2025,12,1,1,1,83,1,3,3.0,404000.0,47.0
2025,12,4,1,2,33,6,2,5.0,451000.0,47.0
2025,12,2,1,1,38,2,2,3.0,2230000.0,42.0
2025,12,1,1,2,59,1,3,5.0,992000.0,47.0
2025,12,1,1,1,66,1,3,3.0,1112000.0,95.0
2025,12,2,1,2,53,2,2,9.0,1540000.0,47.0
2025,12,2,1,2,29,3,1,4.0,710000.0,47.0
2025,12,2,1,2,31,2,2,10.0,3345000.0,85.0
2025,12,2,1,1,40,2,2,3.0,520000.0,41.0
2025,12,1,1,2,53,1,2,11.0,2334000.0,85.0
2025,12,2,1,1,21,3,1,5.0,2307000.0,49.0
2025,12,2,1,2,40,2,2,3.0,885000.0,1.0
2025,12,2,1,2,33,2,2,9.0,1606000.0,96.0
2025,12,1,1,2,35,1,1,5.0,606000.0,81.0
2025,12,1,1,2,48,1,2,10.0,761000.0,47.0
2025,12,4,1,1,21,3,1,10.0,2135000.0,10.0
2025,12,2,1,2,58,4,3,3.0,314000.0,81.0
2025,12,1,1,2,30,1,2,5.0,1030000.0,47.0
2025,12,2,1,2,44,2,2,5.0,1730000.0,10.0
2025,12,1,1,2,53,1,3,5.0,1358000.0,68.0
2025,12,2,1,2,26,2,2,5.0,445000.0,96.0
2025,12,1,1,2,54,1,2,5.0,1876000.0,84.0
2025,12,2,1,1,39,2,3,3.0,1763000.0,47.0
2025,12,1,1,2,63,1,3,5.0,822000.0,97.0
2025,12,2,1,1,25,8,2,5.0,1582000.0,45.0
2025,12,1,1,1,51,1,2,8.0,2374000.0,47.0
2025,12,1,1,2,33,1,2,5.0,1581000.0,96.0
2025,12,3,1,1,27,3,1,12.0,6819000.0,65.0
2025,12,2,1,1,34,3,1,8.0,1199000.0,84.0
2025,12,2,1,1,34,2,2,3.0,1069000.0,1.0
2025,12,1,1,1,21,1,2,4.0,1278000.0,56.0
2025,12,2,1,1,58,2,2,3.0,1794000.0,56.0
2025,12,1,1,1,41,1,2,3.0,2027000.0,1.0
2025,12,1,1,2,44,1,2,8.0,5084000.0,47.0
2025,12,2,1,1,50,2,2,3.0,1605000.0,1.0
2025,12,2,1,2,21,3,1,5.0,1742000.0,47.0
2025,12,1,1,2,34,1,2,12.0,4995000.0,85.0
2025,12,3,1,2,27,3,1,10.0,612000.0,47.0
2025,12,1,1,1,40,1,2,12.0,5068000.0,85.0
2025,12,1,1,1,20,1,2,4.0,2119000.0,20.0
2025,12,2,1,1,40,13,3,3.0,3179000.0,52.0
2025,12,1,1,1,30,1,2,5.0,2983000.0,56.0
2025,12,1,1,2,49,1,3,5.0,599000.0,47.0
2025,12,1,1,2,47,1,3,3.0,1601000.0,56.0
2025,12,1,1,1,41,1,2,5.0,1443000.0,96.0
2025,12,2,1,2,28,8,2,5.0,1350000.0,47.0
2025,12,1,1,2,35,1,2,5.0,583000.0,56.0
2025,12,1,1,1,28,1,1,8.0,1630000.0,47.0
2025,12,1,1,2,66,1,3,5.0,1372000.0,56.0
2025,12,1,1,1,58,1,2,5.0,3007000.0,86.0
2025,12,2,1,2,29,2,2,8.0,1354000.0,85.0
2025,12,1,1,1,42,1,2,6.0,1689000.0,41.0
2025,12,1,1,2,39,1,2,5.0,205000.0,81.0
2025,12,1,1,1,56,1,2,4.0,1449000.0,1.0
2025,12,2,1,1,25,2,2,10.0,870000.0,49.0
2025,12,1,1,1,49,1,2,4.0,2080000.0,41.0
2025,12,1,1,2,38,1,2,4.0,388000.0,47.0
2025,12,1,1,1,26,1,2,5.0,2436000.0,56.0
2025,12,3,1,1,31,3,1,4.0,1743000.0,45.0
2025,12,1,1,2,38,1,2,9.0,2775000.0,91.0
2025,12,1,1,2,27,1,2,10.0,2290000.0,62.0
2025,12,2,1,1,40,3,1,3.0,1594000.0,49.0
2025,12,1,1,1,48,1,2,4.0,384000.0,46.0
2025,12,1,1,2,36,1,2,6.0,4365000.0,82.0
2025,12,3,1,2,21,9,2,4.0,475000.0,1.0
2025,12,2,1,1,68,2,3,1.0,2219000.0,1.0
2025,12,4,1,1,32,3,1,5.0,3449000.0,82.0
2025,12,1,1,1,58,1,3,3.0,993000.0,1.0
2025,12,2,1,2,47,2,2,10.0,0.0,47.0
2025,12,1,1,1,44,1,2,3.0,1369000.0,1.0
2025,12,1,1,2,39,1,2,8.0,3522000.0,86.0
2025,12,1,1,2,58,1,1,3.0,435000.0,81.0
2025,12,2,1,1,64,2,2,8.0,2777000.0,86.0
2025,12,1,1,2,21,1,2,6.0,1566000.0,10.0
2025,12,3,1,2,46,6,3,3.0,1356000.0,97.0
2025,12,2,1,1,42,2,3,10.0,0.0,1.0
2025,12,3,1,2,20,9,2,5.0,1492000.0,84.0
2025,12,3,1,1,28,3,1,10.0,5097000.0,86.0
2025,12,1,1,2,32,1,2,8.0,1708000.0,47.0
2025,12,2,1,2,36,2,2,5.0,1165000.0,47.0
2025,12,1,1,1,39,1,2,10.0,18902000.0,94.0
2025,12,2,1,1,25,3,1,8.0,1552000.0,56.0
2025,12,1,1,1,26,1,2,5.0,1895000.0,86.0
2025,12,1,1,1,41,1,3,10.0,915000.0,47.0
2025,12,1,1,1,62,1,2,1.0,563000.0,1.0
2025,12,1,1,2,44,1,2,11.0,3583000.0,85.0
2025,12,1,1,1,54,1,2,4.0,1524000.0,1.0
2025,12,1,1,1,65,1,3,4.0,619000.0,45.0
2025,12,2,1,2,42,2,2,10.0,1031000.0,55.0
2025,12,1,1,2,24,1,2,5.0,684000.0,47.0
2025,12,1,1,1,54,1,2,9.0,3200000.0,10.0
2025,12,1,1,1,24,1,2,10.0,3125000.0,86.0
2025,12,1,1,2,34,1,2,11.0,2275000.0,84.0
2025,12,1,2,2,34,1,2,5.0,1446000.0,49.0
2025,12,2,1,2,30,2,2,10.0,1725000.0,85.0
2025,12,2,1,1,58,4,3,3.0,2595000.0,41.0
2025,12,2,1,1,60,6,3,4.0,1190000.0,45.0
2025,12,2,1,1,63,2,2,4.0,1992000.0,49.0
2025,12,2,1,1,28,2,2,5.0,1864000.0,31.0
2025,12,1,1,1,34,1,2,9.0,1705000.0,47.0
2025,12,4,1,2,26,8,1,10.0,2954000.0,82.0
2025,12,4,1,1,27,8,1,5.0,1263000.0,52.0
2025,12,1,1,1,28,1,2,9.0,2690000.0,52.0
2025,12,3,1,1,31,3,1,5.0,2548000.0,86.0
2025,12,1,1,2,38,1,1,10.0,1520000.0,86.0
2025,12,2,1,2,51,2,2,10.0,6237000.0,17.0
2025,12,1,1,1,38,1,2,5.0,1915000.0,43.0
2025,12,3,1,1,26,3,1,5.0,1399000.0,56.0
2025,12,1,1,1,61,1,3,3.0,2451000.0,1.0
2025,12,1,1,2,20,1,2,9.0,1610000.0,56.0
2025,12,3,1,1,36,8,1,5.0,1298000.0,46.0
2025,12,2,1,1,33,2,2,5.0,1518000.0,25.0
2025,12,1,1,2,36,1,2,5.0,1164000.0,56.0
2025,12,1,1,1,24,1,2,10.0,2206000.0,95.0
2025,12,2,1,2,35,2,2,10.0,12377000.0,86.0
2025,12,1,1,2,46,1,2,3.0,134000.0,15.0
2025,12,1,1,2,29,1,2,3.0,574000.0,56.0
2025,12,1,1,1,63,1,3,5.0,720000.0,43.0
2025,12,2,1,1,39,2,2,3.0,1662000.0,1.0
2025,12,4,1,1,51,3,1,5.0,1581000.0,45.0
2025,12,1,1,2,66,1,3,3.0,711000.0,95.0
2025,12,2,1,1,44,2,3,4.0,1772000.0,52.0
2025,12,3,1,2,31,8,1,11.0,4567000.0,84.0
2025,12,2,1,2,51,2,3,5.0,721000.0,10.0
2025,12,1,1,2,64,1,2,10.0,3779000.0,85.0
2025,12,1,1,1,66,1,2,4.0,1915000.0,68.0
2025,12,2,1,1,45,6,3,1.0,1982000.0,49.0
2025,12,2,1,2,31,2,2,9.0,1573000.0,64.0
2025,12,1,1,2,29,1,2,5.0,100000.0,95.0
2025,12,2,1,2,27,2,2,10.0,1236000.0,22.0
2025,12,1,1,2,32,1,2,4.0,271000.0,47.0
2025,12,2,1,2,41,6,2,10.0,2300000.0,85.0
2025,12,1,1,1,68,1,3,1.0,497000.0,1.0
2025,12,1,1,1,58,1,3,3.0,3528000.0,42.0
2025,12,3,1,1,31,8,2,5.0,790000.0,70.0
2025,12,2,1,2,31,2,2,10.0,155000.0,47.0
2025,12,2,1,2,27,3,1,5.0,674000.0,47.0
2025,12,1,1,2,42,1,3,5.0,1445000.0,47.0
2025,12,2,1,2,51,2,3,4.0,868000.0,96.0
2025,12,1,1,2,31,1,2,4.0,628000.0,56.0
2025,12,1,1,1,51,1,3,5.0,1910000.0,41.0
2025,12,2,1,1,42,3,1,5.0,2016000.0,47.0
2025,12,2,1,1,19,8,2,5.0,1717000.0,49.0
2025,12,1,1,1,59,1,3,1.0,1774000.0,47.0
2025,12,1,1,2,55,1,2,10.0,156000.0,81.0
2025,12,1,1,1,59,1,2,5.0,3615000.0,96.0
2025,12,1,1,2,49,1,2,3.0,100000.0,47.0
2025,12,2,1,2,54,2,2,5.0,1202000.0,81.0
2025,12,2,1,1,49,2,2,5.0,1681000.0,47.0
2025,12,3,1,2,50,3,1,5.0,1528000.0,84.0
2025,12,2,1,1,49,2,2,5.0,1989000.0,49.0
2025,12,1,1,2,45,1,3,4.0,1363000.0,56.0
2025,12,1,1,1,44,1,2,5.0,999000.0,41.0
2025,12,1,1,1,65,1,3,3.0,1965000.0,1.0
2025,12,1,1,1,70,1,3,3.0,2046000.0,49.0
2025,12,4,1,2,63,4,3,3.0,1288000.0,56.0
2025,12,1,1,1,68,1,3,3.0,678000.0,81.0
2025,12,2,1,2,39,2,2,5.0,311000.0,47.0
2025,12,2,1,1,21,8,2,5.0,1512000.0,84.0
2025,12,1,1,1,51,1,3,4.0,924000.0,41.0
2025,12,2,1,2,26,2,2,8.0,3007000.0,88.0
2025,12,1,1,2,58,1,3,6.0,1625000.0,45.0
2025,12,2,1,2,22,2,2,6.0,1483000.0,10.0
2025,12,1,1,1,36,1,2,9.0,3458000.0,47.0
2025,12,4,1,2,23,10,2,4.0,2143000.0,97.0
2025,12,1,1,1,28,1,2,9.0,3111000.0,1.0
2025,12,2,1,2,32,2,2,11.0,4128000.0,29.0
2025,12,1,1,2,41,1,3,10.0,3850000.0,27.0
2025,12,2,1,2,39,3,1,10.0,4164000.0,85.0
2025,12,2,1,2,30,2,2,8.0,436000.0,56.0
2025,12,2,1,2,55,2,2,3.0,1072000.0,81.0
2025,12,1,1,1,37,1,2,4.0,1897000.0,49.0
2025,12,2,1,1,70,2,3,3.0,402000.0,47.0
2025,12,1,1,2,37,1,2,4.0,1007000.0,68.0
2025,12,2,1,1,36,2,2,8.0,2351000.0,56.0
2025,12,2,1,2,35,2,2,9.0,0.0,69.0
2025,12,2,1,1,43,2,2,5.0,1766000.0,49.0
2025,12,1,1,2,46,1,1,4.0,1269000.0,97.0
2025,12,1,1,2,30,1,2,12.0,3605000.0,85.0
2025,12,1,1,2,30,1,2,9.0,1442000.0,49.0
2025,12,2,1,2,35,3,1,8.0,1161000.0,47.0
2025,12,2,1,1,34,3,1,3.0,1256000.0,52.0
2025,12,1,1,1,47,1,2,12.0,8334000.0,84.0
2025,12,2,1,1,24,3,2,3.0,793000.0,7.0
2025,12,1,1,1,32,1,3,10.0,662000.0,85.0
2025,12,1,1,1,40,1,2,3.0,1828000.0,1.0
2025,12,2,1,1,38,2,1,5.0,1902000.0,47.0
2025,12,2,1,1,60,2,2,4.0,964000.0,1.0
2025,12,1,1,2,56,1,2,3.0,955000.0,47.0
2025,12,2,1,2,43,2,2,4.0,272000.0,1.0
2025,12,1,1,1,43,1,2,8.0,2064000.0,46.0
2025,12,1,1,2,44,1,2,5.0,2162000.0,96.0
2025,12,1,1,2,41,1,2,8.0,209000.0,96.0
2025,12,2,1,2,52,2,2,11.0,3674000.0,85.0
2025,12,2,1,1,31,2,2,10.0,2140000.0,94.0
2025,12,2,1,2,48,2,2,11.0,7593000.0,65.0
2025,12,1,1,2,67,1,3,3.0,2066000.0,15.0
2025,12,1,1,1,48,1,2,5.0,2987000.0,80.0
2025,12,2,1,1,32,2,2,5.0,1803000.0,56.0
2025,12,1,1,1,40,1,2,3.0,1816000.0,1.0
2025,12,4,1,2,65,13,3,5.0,447000.0,97.0
2025,12,1,1,1,40,1,2,8.0,4335000.0,84.0
2025,12,1,1,2,40,1,2,5.0,1050000.0,96.0
2025,12,1,1,2,27,1,3,5.0,1010000.0,96.0
2025,12,2,1,1,56,2,2,10.0,2247000.0,36.0
2025,12,1,1,2,60,1,3,5.0,1138000.0,47.0
2025,12,2,1,1,33,3,1,5.0,904000.0,41.0
2025,12,3,1,2,24,7,2,5.0,1757000.0,84.0
2025,12,1,1,2,39,1,2,10.0,2688000.0,64.0
2025,12,1,1,2,56,1,3,10.0,1686000.0,69.0
2025,12,2,1,2,43,2,2,3.0,205000.0,15.0
2025,12,1,1,2,41,1,1,3.0,535000.0,81.0
2025,12,1,1,2,53,1,3,5.0,430000.0,96.0
2025,12,2,1,2,32,2,2,7.0,1214000.0,71.0
2025,12,2,1,1,34,6,2,8.0,1286000.0,53.0
2025,12,1,1,2,22,1,2,8.0,1136000.0,47.0
2025,12,1,1,2,49,1,2,5.0,1436000.0,81.0
2025,12,3,1,1,25,3,1,8.0,1740000.0,47.0
2025,12,1,1,2,22,1,2,10.0,1251000.0,85.0
2025,12,1,1,2,48,1,2,5.0,834000.0,14.0
2025,12,1,1,2,35,1,2,10.0,2225000.0,56.0
2025,12,2,1,2,34,3,1,8.0,1507000.0,86.0
2025,12,1,1,2,40,1,2,3.0,795000.0,81.0
2025,12,2,1,2,43,2,2,5.0,827000.0,81.0
2025,12,1,1,1,29,1,2,5.0,3997000.0,10.0
2025,12,1,1,1,56,1,3,5.0,4382000.0,1.0
2025,12,2,1,2,23,3,1,10.0,1635000.0,47.0
2025,12,2,1,2,21,2,3,10.0,2459000.0,84.0
2025,12,2,1,1,35,2,2,10.0,3846000.0,55.0
2025,12,2,1,2,37,2,2,9.0,1451000.0,10.0
2025,12,1,1,2,22,1,3,8.0,2186000.0,84.0
2025,12,1,1,2,43,1,2,3.0,309000.0,47.0
2025,12,2,1,2,30,2,3,12.0,3810000.0,84.0
2025,12,1,1,1,67,1,3,4.0,1347000.0,49.0
2025,12,1,1,2,48,1,2,8.0,1219000.0,41.0
2025,12,3,1,1,41,3,1,10.0,5727000.0,84.0
2025,12,1,1,2,25,1,2,8.0,1529000.0,55.0
2025,12,1,1,1,61,1,3,8.0,1780000.0,95.0
2025,12,2,1,2,35,2,2,5.0,1782000.0,55.0
2025,12,2,1,2,30,2,2,5.0,2473000.0,32.0
2025,12,1,1,1,32,1,2,8.0,4695000.0,84.0
2025,12,2,1,2,53,2,2,3.0,206000.0,1.0
2025,12,3,1,2,42,3,1,10.0,4054000.0,84.0
2025,12,5,1,2,49,4,2,3.0,100000.0,81.0
2025,12,2,1,2,33,2,2,10.0,1895000.0,86.0
2025,12,1,1,1,38,1,2,10.0,0.0,69.0
2025,12,3,1,1,47,3,1,4.0,335000.0,92.0
2025,12,1,1,2,32,1,3,10.0,1377000.0,47.0
2025,12,2,1,2,40,2,2,10.0,2754000.0,68.0
2025,12,2,1,1,30,2,2,5.0,3061000.0,15.0
2025,12,1,1,1,58,1,2,8.0,6715000.0,84.0
2025,12,1,1,2,35,1,2,5.0,1171000.0,96.0
2025,12,3,1,1,28,9,1,11.0,5997000.0,71.0
2025,12,1,1,1,58,1,3,4.0,2220000.0,11.0
2025,12,1,1,2,20,1,2,3.0,643000.0,56.0
2025,12,4,1,1,22,8,2,5.0,3884000.0,7.0
2025,12,2,1,2,30,2,2,10.0,5959000.0,71.0
2025,12,1,1,2,29,1,2,10.0,2085000.0,52.0
2025,12,1,1,1,47,1,3,9.0,1576000.0,45.0
2025,12,1,1,1,70,1,3,5.0,854000.0,95.0
2025,12,3,1,1,20,9,2,10.0,2424000.0,84.0
2025,12,3,1,1,25,3,1,10.0,1279000.0,56.0
2025,12,1,1,2,45,1,2,12.0,7321000.0,84.0
2025,12,1,1,1,49,1,2,5.0,1437000.0,49.0
2025,12,1,1,1,74,1,3,3.0,921000.0,1.0
2025,12,3,1,1,60,9,3,5.0,926000.0,49.0
2025,12,2,1,1,47,2,2,10.0,3294000.0,53.0
2025,12,1,1,2,41,1,2,5.0,1426000.0,86.0
2025,12,1,1,2,43,1,2,3.0,891000.0,97.0
2025,12,2,1,2,20,3,1,9.0,1329000.0,23.0
2025,12,1,1,1,40,1,2,10.0,6450000.0,85.0
2025,12,2,1,1,69,2,3,3.0,1828000.0,1.0
2025,12,1,1,1,61,1,2,10.0,6824000.0,35.0
2025,12,2,1,1,35,3,3,10.0,3391000.0,94.0
2025,12,1,1,1,24,1,2,10.0,2222000.0,84.0
2025,12,1,1,2,60,1,3,5.0,1572000.0,47.0
2025,12,1,1,2,51,1,2,5.0,1641000.0,95.0
2025,12,1,1,2,45,1,2,9.0,1483000.0,97.0
2025,12,3,1,2,26,3,1,10.0,1197000.0,64.0
2025,12,2,1,2,48,2,2,3.0,100000.0,47.0
2025,12,1,1,2,63,1,3,8.0,737000.0,47.0
2025,12,2,1,2,18,3,1,5.0,1374000.0,56.0
2025,12,2,1,2,61,2,2,5.0,866000.0,47.0
2025,12,1,1,2,35,1,1,9.0,1324000.0,96.0
2025,12,1,1,1,71,1,3,4.0,1462000.0,47.0
2025,12,2,1,1,37,3,1,5.0,1576000.0,55.0
2025,12,1,1,2,28,1,3,5.0,1034000.0,47.0
2025,12,2,1,2,64,4,1,3.0,202000.0,95.0
2025,12,5,1,2,25,13,2,8.0,1225000.0,85.0
2025,12,1,1,1,49,1,2,8.0,2196000.0,50.0
2025,12,1,1,1,29,1,2,10.0,5779000.0,85.0
2025,12,1,1,1,59,1,3,3.0,1924000.0,41.0
2025,12,1,1,2,59,1,3,5.0,1154000.0,55.0
2025,12,1,1,1,47,1,3,5.0,1196000.0,47.0
2025,12,2,1,2,23,2,2,5.0,802000.0,96.0
2025,12,2,1,2,57,2,2,5.0,1136000.0,47.0
2025,12,2,1,2,42,2,2,8.0,1743000.0,86.0
2025,12,3,1,2,25,8,2,8.0,1397000.0,86.0
2025,12,2,1,1,33,3,1,8.0,930000.0,56.0
2025,12,1,1,2,58,1,3,4.0,312000.0,95.0
2025,12,1,1,2,46,1,2,9.0,628000.0,10.0
2025,12,3,1,1,37,3,1,5.0,2396000.0,47.0
2025,12,1,1,2,54,1,2,4.0,100000.0,47.0
2025,12,5,1,1,38,3,1,9.0,3212000.0,35.0
2025,12,2,1,1,32,2,3,4.0,1681000.0,56.0
2025,12,2,1,1,23,8,2,10.0,1079000.0,93.0
2025,12,1,2,2,37,1,2,5.0,552000.0,56.0
2025,12,2,1,1,47,3,1,4.0,1157000.0,46.0
2025,12,1,1,2,56,1,2,3.0,1186000.0,38.0
2025,12,2,1,2,35,2,3,5.0,0.0,1.0
2025,12,1,1,1,57,1,2,5.0,2016000.0,18.0
2025,12,1,1,2,48,1,2,8.0,1625000.0,81.0
2025,12,2,1,2,29,2,3,6.0,2169000.0,96.0
2025,12,1,1,2,46,1,2,11.0,11146000.0,84.0
2025,12,2,1,2,37,2,2,10.0,1267000.0,85.0
2025,12,1,1,2,63,1,3,5.0,1493000.0,47.0
2025,12,3,1,1,27,3,1,5.0,1770000.0,43.0
2025,12,1,1,1,54,1,3,10.0,5346000.0,84.0
2025,12,1,1,1,49,1,2,11.0,4743000.0,36.0
2025,12,1,1,2,38,1,2,4.0,1431000.0,56.0
2025,12,6,1,1,20,6,1,4.0,2446000.0,43.0
2025,12,6,1,1,66,13,3,3.0,369000.0,47.0
2025,12,1,1,2,47,1,1,3.0,1073000.0,1.0
2025,12,1,1,2,37,1,2,5.0,857000.0,96.0
2025,12,1,1,2,38,1,2,5.0,1938000.0,80.0
2025,12,1,2,2,55,1,2,3.0,208000.0,81.0
2025,12,3,1,2,22,3,1,5.0,1384000.0,86.0
2025,12,1,1,1,50,1,3,3.0,1322000.0,49.0
2025,12,2,1,2,37,3,1,10.0,468000.0,69.0
2025,12,2,1,1,52,4,2,4.0,1322000.0,43.0
2025,12,1,1,2,62,1,3,3.0,202000.0,1.0
2025,12,1,1,2,68,1,3,3.0,1066000.0,14.0
2025,12,1,1,1,50,1,2,3.0,684000.0,49.0
2025,12,1,1,1,32,1,3,5.0,2869000.0,1.0
2025,12,2,1,2,25,2,2,5.0,803000.0,1.0
2025,12,1,1,2,62,1,2,3.0,1203000.0,7.0
2025,12,1,1,1,59,1,3,3.0,1011000.0,41.0
2025,12,2,1,1,39,2,2,3.0,1822000.0,41.0
2025,12,1,1,2,57,1,1,4.0,608000.0,97.0
2025,12,1,1,1,39,1,2,5.0,179000.0,52.0
2025,12,1,1,2,53,1,2,5.0,1229000.0,47.0
2025,12,1,1,1,46,1,2,3.0,712000.0,38.0
2025,12,1,1,1,24,1,2,5.0,2630000.0,49.0
2025,12,1,1,1,50,1,2,8.0,3534000.0,84.0
2025,12,1,1,1,60,1,3,3.0,2126000.0,1.0
2025,12,2,1,2,41,2,2,6.0,0.0,47.0
2025,12,1,1,2,47,1,2,3.0,894000.0,1.0
2025,12,1,1,2,39,1,2,5.0,3050000.0,47.0
2025,12,2,1,1,35,2,2,5.0,1588000.0,47.0
2025,12,1,1,2,35,1,2,10.0,2968000.0,10.0
2025,12,1,1,2,44,1,3,5.0,1299000.0,47.0
2025,12,1,1,1,50,1,3,3.0,1727000.0,47.0
2025,12,1,1,2,52,1,3,1.0,495000.0,56.0
2025,12,2,1,1,24,6,2,5.0,788000.0,74.0
2025,12,1,1,1,43,1,2,5.0,3463000.0,68.0
2025,12,3,1,2,33,3,1,10.0,2464000.0,84.0
2025,12,4,1,2,45,3,1,5.0,1985000.0,82.0
2025,12,6,1,1,41,6,2,3.0,1367000.0,47.0
2025,12,3,1,2,19,3,1,9.0,386000.0,10.0
2025,12,1,1,1,48,1,2,10.0,2871000.0,75.0
2025,12,1,1,1,28,1,2,8.0,2113000.0,55.0
2025,12,1,1,2,32,1,1,5.0,1801000.0,56.0
2025,12,1,1,2,47,1,2,3.0,614000.0,81.0
2025,12,1,1,2,26,1,1,10.0,1397000.0,41.0
2025,12,1,1,2,34,1,2,10.0,1242000.0,42.0
2025,12,1,1,1,33,1,2,9.0,3649000.0,56.0
2025,12,2,1,1,39,2,2,5.0,3694000.0,43.0
2025,12,1,2,1,19,1,2,5.0,1797000.0,38.0
2025,12,2,1,1,26,2,2,4.0,1567000.0,47.0
2025,12,1,1,2,43,1,2,4.0,104000.0,47.0
2025,12,1,1,1,55,1,1,3.0,0.0,45.0
2025,12,2,1,2,42,2,2,11.0,5857000.0,84.0
2025,12,1,1,2,66,1,3,12.0,6214000.0,85.0
2025,12,2,1,2,25,2,2,10.0,2595000.0,74.0
2025,12,1,1,2,21,1,2,6.0,752000.0,47.0
2025,12,2,1,1,53,3,3,5.0,1783000.0,81.0
2025,12,1,1,1,52,1,2,11.0,19939000.0,64.0
2025,12,1,1,2,38,1,2,5.0,0.0,56.0
2025,12,1,1,1,29,1,2,8.0,726000.0,41.0
2025,12,1,1,1,60,1,2,3.0,1055000.0,1.0
2025,12,3,1,2,41,3,1,8.0,100000.0,10.0
2025,12,1,1,1,43,1,2,10.0,4295000.0,71.0
2025,12,1,1,1,59,1,1,4.0,1831000.0,49.0
2025,12,2,1,2,46,2,3,8.0,1887000.0,85.0
2025,12,1,1,1,50,1,2,5.0,1994000.0,49.0
2025,12,3,1,1,24,3,1,8.0,706000.0,96.0
2025,12,2,1,1,31,2,2,6.0,2573000.0,53.0
2025,12,5,1,2,27,3,1,5.0,757000.0,56.0
2025,12,2,1,2,46,2,2,10.0,2467000.0,84.0
2025,12,2,1,2,29,2,2,5.0,540000.0,97.0
2025,12,1,1,2,76,1,3,3.0,191000.0,95.0
2025,12,1,1,2,23,1,2,5.0,3941000.0,62.0
2025,12,2,1,1,42,2,2,4.0,292000.0,45.0
2025,12,1,1,2,30,1,2,5.0,792000.0,56.0
2025,12,1,1,1,28,1,2,10.0,8291000.0,72.0
2025,12,2,1,2,27,2,2,4.0,100000.0,47.0
2025,12,1,1,1,58,1,3,5.0,2024000.0,81.0
2025,12,6,1,2,40,6,2,3.0,889000.0,56.0
2025,12,1,1,1,76,1,3,3.0,232000.0,95.0
2025,12,1,1,2,20,1,2,4.0,989000.0,56.0
2025,12,3,1,2,47,3,1,10.0,1260000.0,47.0
2025,12,1,1,2,38,1,2,10.0,2215000.0,85.0
2025,12,2,1,2,52,2,2,5.0,959000.0,47.0
2025,12,1,1,2,62,1,3,3.0,248000.0,81.0
2025,12,2,1,1,30,3,2,5.0,2001000.0,47.0
2025,12,2,1,2,37,9,2,10.0,1063000.0,85.0
2025,12,3,1,1,18,3,1,5.0,782000.0,96.0
2025,12,1,1,2,40,1,2,10.0,1751000.0,35.0
2025,12,2,1,1,72,2,3,3.0,1596000.0,10.0
2025,12,2,1,2,54,2,2,4.0,1294000.0,55.0
2025,12,1,1,1,69,1,3,3.0,475000.0,7.0
2025,12,2,1,2,24,3,1,11.0,1470000.0,69.0
2025,12,3,1,2,35,8,2,5.0,1719000.0,47.0
2025,12,1,1,1,29,1,2,5.0,1334000.0,41.0
2025,12,3,1,2,35,3,1,10.0,2128000.0,55.0
2025,12,7,1,1,21,9,2,6.0,1934000.0,20.0
2025,12,2,1,1,22,3,1,4.0,1314000.0,1.0
2025,12,1,1,1,31,1,2,5.0,1893000.0,71.0
2025,12,1,1,2,28,1,2,8.0,1885000.0,84.0
2025,12,2,1,2,63,2,2,1.0,1344000.0,84.0
2025,12,1,1,2,73,1,3,4.0,645000.0,14.0
2025,12,1,1,1,39,1,3,10.0,7749000.0,47.0
2025,12,2,1,1,30,3,1,3.0,1771000.0,1.0
2025,12,4,1,2,45,3,1,3.0,1472000.0,32.0
2025,12,1,1,1,48,1,2,8.0,1827000.0,41.0
2025,12,2,1,1,55,2,2,3.0,731000.0,1.0
2025,12,1,1,2,40,1,2,3.0,836000.0,56.0
2025,12,1,1,1,53,1,3,5.0,1341000.0,96.0
2025,12,2,1,1,36,2,2,5.0,3630000.0,41.0
2025,12,2,1,1,33,3,2,10.0,2773000.0,35.0
2025,12,1,1,2,55,1,2,3.0,423000.0,38.0
2025,12,2,1,2,37,2,2,5.0,1377000.0,46.0
2025,12,2,1,1,27,2,2,5.0,1170000.0,49.0
2025,12,2,1,1,26,8,2,4.0,292000.0,7.0
2025,12,1,1,2,46,1,2,1.0,1309000.0,56.0
2025,12,2,1,2,62,2,3,9.0,113000.0,47.0
2025,12,1,1,2,50,1,2,9.0,0.0,86.0
2025,12,1,1,2,35,1,2,12.0,5172000.0,85.0
2025,12,1,1,2,44,1,2,13.0,6254000.0,85.0
2025,12,1,1,1,47,1,2,8.0,2417000.0,84.0
2025,12,2,1,2,44,2,3,3.0,183000.0,96.0
2025,12,2,1,2,36,3,1,12.0,5493000.0,85.0
2025,12,3,1,1,42,3,1,9.0,3839000.0,47.0
2025,12,1,1,1,53,1,2,10.0,4502000.0,43.0
2025,12,6,1,1,19,13,2,3.0,1002000.0,3.0
2025,12,2,1,1,48,2,3,5.0,536000.0,49.0
2025,12,1,1,1,36,1,2,4.0,2045000.0,47.0
2025,12,4,1,2,24,3,1,8.0,1422000.0,69.0
2025,12,1,1,2,45,1,2,10.0,5493000.0,86.0
2025,12,1,1,1,54,1,3,3.0,2259000.0,61.0
2025,12,1,1,2,22,1,3,10.0,972000.0,47.0
2025,12,1,1,2,33,1,2,5.0,1119000.0,56.0
2025,12,2,1,1,53,2,2,3.0,909000.0,49.0
2025,12,1,1,2,30,1,2,8.0,295000.0,47.0
2025,12,2,1,2,41,2,2,5.0,1155000.0,47.0
2025,12,1,1,2,48,1,3,3.0,802000.0,56.0
2025,12,2,1,1,25,3,1,3.0,2364000.0,47.0
2025,12,1,1,1,52,1,2,10.0,5579000.0,84.0
2025,12,3,1,2,25,9,1,10.0,1737000.0,42.0
2025,12,1,1,2,58,1,3,3.0,100000.0,47.0
2025,12,1,1,1,39,1,2,9.0,3990000.0,84.0
2025,12,1,1,1,46,1,2,3.0,2725000.0,41.0
2025,12,2,1,2,66,2,3,4.0,100000.0,47.0
2025,12,1,1,1,45,1,2,5.0,1528000.0,80.0
2025,12,1,1,2,36,1,2,5.0,1036000.0,10.0
2025,12,1,1,1,55,1,2,3.0,1498000.0,81.0
2025,12,3,1,1,18,3,1,5.0,645000.0,49.0
2025,12,1,1,2,31,1,2,4.0,511000.0,81.0
2025,12,2,1,2,57,2,2,10.0,3307000.0,61.0
2025,12,2,1,2,45,2,2,5.0,1158000.0,47.0
2025,12,2,1,2,39,2,2,5.0,1030000.0,80.0
2025,12,1,1,2,61,1,1,13.0,3632000.0,85.0
2025,12,2,1,1,38,2,3,3.0,1082000.0,41.0
2025,12,3,1,1,51,3,1,3.0,986000.0,41.0
2025,12,2,1,2,33,3,1,5.0,1399000.0,56.0
2025,12,3,1,1,33,3,1,5.0,2055000.0,53.0
2025,12,1,1,2,66,1,3,3.0,523000.0,97.0
2025,12,2,1,2,26,3,1,8.0,862000.0,56.0
2025,12,3,1,2,36,3,1,10.0,2039000.0,68.0
2025,12,1,1,2,65,1,2,8.0,1518000.0,47.0
2025,12,1,1,1,38,1,2,5.0,2836000.0,1.0
2025,12,2,1,2,40,2,2,5.0,2232000.0,64.0
2025,12,3,1,2,21,3,1,10.0,1418000.0,20.0
2025,12,2,1,2,35,2,2,5.0,1490000.0,97.0
2025,12,1,1,1,54,1,2,3.0,1777000.0,45.0
2025,12,1,1,2,42,1,2,5.0,1059000.0,86.0
2025,12,2,1,1,56,2,3,3.0,1985000.0,41.0
2025,12,2,1,2,27,6,2,4.0,1769000.0,56.0
2025,12,1,1,2,66,1,3,10.0,2994000.0,85.0
2025,12,1,1,1,46,1,2,6.0,1493000.0,41.0
2025,12,3,1,2,20,3,1,10.0,794000.0,56.0
2025,12,2,1,2,32,2,2,9.0,2509000.0,14.0
2025,12,2,1,2,58,2,3,8.0,1279000.0,86.0
2025,12,4,1,1,24,3,1,5.0,1332000.0,38.0
2025,12,1,1,2,49,1,2,4.0,1423000.0,46.0
2025,12,1,1,1,75,1,3,3.0,1320000.0,41.0
2025,12,4,1,2,30,9,2,10.0,2767000.0,84.0
2025,12,1,1,1,58,1,2,10.0,8968000.0,85.0
2025,12,1,1,1,60,1,3,4.0,1553000.0,49.0
2025,12,1,1,1,50,1,3,5.0,2174000.0,95.0
2025,12,4,1,1,31,8,2,4.0,0.0,49.0
2025,12,1,1,2,26,1,2,10.0,2306000.0,94.0
2025,12,2,1,2,45,2,3,3.0,1095000.0,1.0
2025,12,2,1,2,29,3,1,10.0,1391000.0,68.0
2025,12,2,1,2,29,2,2,11.0,5185000.0,84.0
2025,12,2,1,2,30,2,2,8.0,164000.0,47.0
2025,12,1,1,2,54,1,3,4.0,1540000.0,56.0
2025,12,1,1,2,38,1,2,6.0,1374000.0,92.0
2025,12,1,1,1,39,1,2,5.0,1855000.0,41.0
2025,12,1,1,1,51,1,3,3.0,1549000.0,1.0
2025,12,2,1,1,62,2,3,4.0,2615000.0,36.0
2025,12,2,1,2,45,2,2,9.0,100000.0,10.0
2025,12,2,1,2,38,3,1,4.0,380000.0,56.0
2025,12,1,1,2,46,1,2,10.0,3808000.0,86.0
2025,12,1,1,1,40,1,2,5.0,1936000.0,7.0
2025,12,1,1,1,53,1,2,11.0,17634000.0,10.0
2025,12,1,1,1,20,1,2,5.0,1824000.0,80.0
2025,12,1,1,2,63,1,2,3.0,0.0,56.0
2025,12,2,1,1,31,2,2,10.0,1771000.0,55.0
2025,12,2,1,2,32,3,1,8.0,547000.0,96.0
2025,12,4,1,1,19,3,1,3.0,145000.0,1.0
2025,12,3,1,2,35,3,1,10.0,2326000.0,45.0
2025,12,1,1,1,54,1,3,1.0,906000.0,2.0
2025,12,3,1,1,28,13,2,5.0,2314000.0,47.0
2025,12,3,1,1,22,7,2,3.0,1759000.0,1.0
2025,12,1,1,1,67,1,3,4.0,1558000.0,41.0
2025,12,1,1,2,82,1,3,9.0,1560000.0,84.0
2025,12,3,1,2,28,3,1,10.0,1979000.0,14.0
2025,12,1,1,2,50,1,2,5.0,4721000.0,55.0
2025,12,2,1,1,31,3,1,5.0,1742000.0,47.0
2025,12,1,1,2,42,1,2,10.0,3969000.0,84.0
2025,12,2,1,2,22,2,2,5.0,647000.0,56.0
2025,12,1,1,2,37,1,2,10.0,2081000.0,84.0
2025,12,7,1,2,64,3,1,3.0,100000.0,95.0
2025,12,2,1,1,47,3,1,5.0,2664000.0,52.0
2025,12,1,1,1,46,1,2,5.0,5536000.0,95.0
2025,12,1,1,2,30,1,2,10.0,1694000.0,78.0
2025,12,3,1,2,29,3,1,12.0,2484000.0,47.0
2025,12,1,1,1,45,1,2,5.0,2652000.0,96.0
2025,12,2,1,2,33,2,2,4.0,152000.0,11.0
2025,12,1,1,2,55,1,3,3.0,1221000.0,86.0
2025,12,1,1,1,48,1,3,10.0,1815000.0,79.0
2025,12,3,1,2,58,13,3,10.0,1506000.0,14.0
2025,12,2,1,2,53,2,3,5.0,1742000.0,47.0
2025,12,1,1,1,50,1,3,5.0,2198000.0,47.0
2025,12,1,1,1,34,1,2,10.0,1984000.0,47.0
2025,12,3,1,2,58,10,2,5.0,1412000.0,97.0
2025,12,1,1,1,65,1,3,3.0,402000.0,41.0
2025,12,2,1,1,23,3,2,8.0,1472000.0,25.0
2025,12,2,1,2,40,2,3,5.0,1327000.0,96.0
2025,12,2,1,1,34,2,2,3.0,1093000.0,41.0
2025,12,1,1,1,26,1,2,1.0,1910000.0,1.0
2025,12,2,1,2,43,2,2,3.0,176000.0,1.0
2025,12,4,1,2,38,7,2,10.0,1490000.0,88.0
2025,12,2,1,2,40,2,2,5.0,2634000.0,47.0
2025,12,2,1,2,50,3,1,5.0,1643000.0,96.0
2025,12,2,1,1,24,3,1,3.0,2021000.0,41.0
2025,12,3,1,2,36,3,1,10.0,316000.0,32.0
2025,12,1,1,2,31,1,3,8.0,2215000.0,55.0
2025,12,2,1,2,33,2,2,11.0,2632000.0,84.0
2025,12,2,1,1,45,2,2,5.0,2908000.0,3.0
2025,12,2,1,1,29,3,2,4.0,1255000.0,49.0
2025,12,1,1,2,25,1,2,8.0,1458000.0,47.0
2025,12,2,1,2,27,3,1,5.0,855000.0,97.0
2025,12,2,1,1,52,3,1,3.0,1725000.0,1.0
2025,12,1,1,1,31,1,2,8.0,3090000.0,84.0
2025,12,4,1,1,24,3,1,5.0,2148000.0,46.0
2025,12,1,1,2,26,1,2,10.0,1675000.0,47.0
2025,12,2,1,2,38,2,2,9.0,1745000.0,56.0
2025,12,3,1,1,50,3,1,3.0,2814000.0,41.0
2025,12,1,1,2,35,1,1,8.0,4191000.0,85.0
2025,12,2,1,1,34,2,2,10.0,3663000.0,86.0
2025,12,1,1,2,52,1,2,4.0,354000.0,47.0
2025,12,1,1,2,22,1,2,9.0,1337000.0,86.0
2025,12,1,1,1,50,1,2,8.0,3045000.0,68.0
2025,12,2,1,2,20,3,1,5.0,1372000.0,82.0
2025,12,1,1,2,62,1,2,4.0,198000.0,81.0
2025,12,1,1,2,25,1,2,5.0,597000.0,97.0
2025,12,1,1,2,58,1,2,4.0,611000.0,56.0
2025,12,1,1,2,44,1,2,3.0,641000.0,47.0
2025,12,1,1,1,52,1,2,3.0,1901000.0,41.0
2025,12,1,1,2,29,1,2,5.0,1162000.0,96.0
2025,12,1,1,1,53,1,3,3.0,2227000.0,1.0
2025,12,1,1,1,41,1,3,9.0,1314000.0,43.0
2025,12,4,1,1,40,9,3,5.0,3638000.0,84.0
2025,12,1,1,1,42,1,2,10.0,4722000.0,70.0
2025,12,1,1,1,67,1,3,11.0,1990000.0,69.0
2025,12,1,1,1,65,1,2,3.0,521000.0,1.0
2025,12,3,1,2,55,3,3,10.0,2455000.0,45.0
2025,12,1,1,2,41,1,2,5.0,425000.0,47.0
2025,12,2,1,1,47,2,2,10.0,3730000.0,79.0
2025,12,2,1,1,35,2,2,5.0,740000.0,1.0
2025,12,2,1,2,59,6,3,3.0,153000.0,92.0
2025,12,1,1,1,57,1,3,5.0,753000.0,49.0
2025,12,1,1,1,55,1,2,5.0,1101000.0,46.0
2025,12,2,1,2,52,2,3,3.0,1248000.0,56.0
2025,12,1,1,2,55,1,3,8.0,1441000.0,97.0
2025,12,2,1,1,66,2,3,4.0,1744000.0,93.0
2025,12,1,1,1,34,1,2,10.0,2021000.0,49.0
2025,12,1,1,2,45,1,3,5.0,1370000.0,55.0
2025,12,3,1,2,22,3,1,5.0,881000.0,56.0
2025,12,1,1,2,36,1,2,9.0,1184000.0,14.0
2025,12,2,1,2,62,2,3,5.0,754000.0,97.0
2025,12,2,1,1,18,3,1,3.0,276000.0,1.0
2025,12,1,1,1,50,1,2,4.0,1356000.0,49.0
2025,12,2,1,2,28,3,1,5.0,2154000.0,96.0
2025,12,2,1,1,49,2,2,3.0,1255000.0,49.0
2025,12,3,1,2,40,3,1,5.0,1766000.0,47.0
2025,12,2,1,2,23,2,2,4.0,700000.0,47.0
2025,12,2,1,1,78,2,3,1.0,1487000.0,1.0
2025,12,2,1,1,45,2,2,12.0,4155000.0,10.0
2025,12,1,1,2,51,1,3,3.0,186000.0,81.0
2025,12,1,1,1,35,1,2,11.0,8540000.0,84.0
2025,12,3,1,2,26,3,1,8.0,1726000.0,86.0
2025,12,1,1,1,63,1,2,3.0,2024000.0,95.0
2025,12,3,1,2,28,3,1,10.0,1668000.0,10.0
2025,12,1,1,1,45,1,2,4.0,2516000.0,41.0
2025,12,1,1,1,62,1,3,3.0,2292000.0,47.0
2025,12,2,1,2,30,2,2,9.0,1995000.0,47.0
2025,12,2,1,2,30,3,1,8.0,810000.0,47.0
2025,12,3,1,2,18,3,1,6.0,564000.0,56.0
2025,12,2,1,2,48,2,2,5.0,1622000.0,56.0
2025,12,4,1,1,32,3,1,9.0,2631000.0,84.0
2025,12,1,1,1,50,1,2,3.0,563000.0,1.0
2025,12,4,1,2,36,3,1,6.0,1304000.0,86.0
2025,12,1,1,2,68,1,3,3.0,102000.0,11.0
2025,12,1,1,1,44,1,2,5.0,1586000.0,49.0
2025,12,1,1,2,32,1,2,6.0,892000.0,10.0
2025,12,1,1,2,52,1,2,5.0,197000.0,47.0
2025,12,1,1,1,26,1,3,1.0,1585000.0,1.0
2025,12,1,1,1,43,1,3,5.0,1980000.0,1.0
2025,12,3,1,1,33,3,1,5.0,2068000.0,13.0
2025,12,1,1,1,47,1,3,6.0,1950000.0,49.0
2025,12,2,1,1,49,2,2,5.0,3469000.0,23.0
2025,12,3,1,1,38,3,1,5.0,1658000.0,49.0
2025,12,3,1,1,29,3,1,10.0,4856000.0,82.0
2025,12,1,1,2,29,1,2,11.0,4235000.0,84.0
2025,12,1,1,2,34,1,2,10.0,2589000.0,93.0
2025,12,2,1,2,33,3,1,5.0,1460000.0,47.0
2025,12,3,1,1,32,8,1,4.0,821000.0,49.0
2025,12,2,1,2,35,2,2,10.0,1752000.0,55.0
2025,12,1,1,2,27,1,2,10.0,0.0,62.0
2025,12,3,1,2,22,3,1,10.0,4104000.0,78.0
2025,12,2,1,2,29,2,2,8.0,1675000.0,86.0
2025,12,2,1,2,35,2,2,5.0,1756000.0,47.0
2025,12,1,1,2,52,1,2,3.0,1551000.0,56.0
2025,12,1,1,2,61,1,3,3.0,1121000.0,81.0
2025,12,1,1,2,52,1,3,9.0,1452000.0,85.0
2025,12,1,1,1,45,1,2,3.0,1845000.0,41.0
2025,12,1,1,2,40,1,2,3.0,843000.0,10.0
2025,12,1,1,1,44,1,2,5.0,2122000.0,47.0
2025,12,1,1,2,51,1,2,3.0,373000.0,81.0
2025,12,2,1,1,43,2,2,5.0,1776000.0,41.0
2025,12,2,1,2,55,6,3,3.0,1454000.0,97.0
2025,12,3,1,2,32,3,1,5.0,1708000.0,97.0
2025,12,2,1,1,34,3,2,5.0,1617000.0,47.0
2025,12,1,1,2,47,1,3,5.0,428000.0,15.0
2025,12,2,1,1,27,6,2,9.0,2931000.0,84.0
2025,12,2,1,2,66,2,2,8.0,13622000.0,14.0
2025,12,1,1,1,20,1,2,4.0,4112000.0,7.0
2025,12,1,1,2,65,1,3,3.0,339000.0,47.0
2025,12,3,1,1,21,9,2,5.0,1995000.0,49.0
2025,12,3,1,1,32,3,1,9.0,2074000.0,43.0
2025,12,1,1,1,80,1,3,3.0,527000.0,1.0
2025,12,2,1,2,48,2,2,5.0,1321000.0,86.0
2025,12,1,1,2,52,1,3,5.0,1387000.0,47.0
2025,12,1,1,2,33,1,2,9.0,2292000.0,64.0
2025,12,1,1,2,54,1,3,5.0,134000.0,96.0
2025,12,2,1,2,31,3,1,10.0,4158000.0,69.0
2025,12,1,1,2,44,1,2,9.0,1423000.0,86.0
2025,12,1,1,1,25,1,2,5.0,2129000.0,68.0
2025,12,1,1,1,51,1,2,3.0,1100000.0,56.0
2025,12,3,1,1,56,6,3,5.0,1749000.0,53.0
2025,12,4,1,1,25,3,1,4.0,1172000.0,31.0
2025,12,1,1,2,30,1,2,5.0,554000.0,15.0
2025,12,2,1,1,20,2,2,5.0,1841000.0,45.0
2025,12,2,1,1,43,2,2,11.0,9488000.0,71.0
2025,12,1,1,2,39,1,2,11.0,5593000.0,84.0
2025,12,1,1,2,31,1,2,8.0,481000.0,97.0
2025,12,2,1,2,62,2,3,5.0,785000.0,47.0
2025,12,1,1,2,42,1,1,5.0,1085000.0,96.0
2025,12,2,1,1,38,2,2,9.0,2546000.0,74.0
2025,12,2,1,2,52,2,2,5.0,1419000.0,1.0
2025,12,1,1,2,25,1,2,5.0,2415000.0,30.0
2025,12,1,1,2,34,1,2,9.0,1529000.0,46.0
2025,12,1,1,1,33,1,2,5.0,2156000.0,25.0
2025,12,1,1,2,43,1,3,11.0,4056000.0,84.0
2025,12,1,1,1,41,1,2,5.0,2685000.0,84.0
2025,12,4,1,2,36,3,1,3.0,518000.0,1.0
2025,12,2,1,1,24,3,1,5.0,1234000.0,41.0
2025,12,1,1,2,43,1,3,8.0,1583000.0,86.0
2025,12,1,1,2,49,1,3,5.0,2557000.0,61.0
2025,12,2,1,1,63,2,3,10.0,6147000.0,94.0
2025,12,1,1,1,48,1,3,10.0,1949000.0,85.0
2025,12,2,1,2,29,3,1,5.0,1423000.0,47.0
2025,12,1,1,1,63,1,3,3.0,1141000.0,1.0
2025,12,1,1,2,37,1,2,8.0,1246000.0,49.0
2025,12,2,1,2,40,2,2,8.0,975000.0,84.0
2025,12,2,1,1,39,2,2,8.0,5898000.0,86.0
2025,12,1,1,2,29,1,2,12.0,5722000.0,86.0
2025,12,2,1,1,58,2,3,3.0,1684000.0,41.0
2025,12,1,1,2,53,1,2,10.0,3733000.0,52.0
2025,12,1,1,1,44,1,2,3.0,1757000.0,16.0
2025,12,1,1,1,54,1,3,1.0,552000.0,3.0
2025,12,1,1,2,48,1,3,10.0,3294000.0,86.0
2025,12,4,1,2,63,13,3,3.0,1210000.0,97.0
2025,12,4,1,1,38,8,1,5.0,3171000.0,64.0
2025,12,1,1,2,50,1,1,5.0,760000.0,97.0
2025,12,4,1,2,36,3,1,5.0,1378000.0,86.0
2025,12,1,1,2,34,1,2,3.0,1304000.0,35.0
2025,12,3,1,1,28,3,1,9.0,2470000.0,53.0
2025,12,1,1,2,38,1,2,10.0,225000.0,47.0
2025,12,1,1,1,24,1,2,5.0,2245000.0,64.0
2025,12,1,1,1,40,1,2,10.0,11833000.0,62.0
2025,12,2,1,2,25,3,1,4.0,324000.0,81.0
2025,12,1,1,2,35,1,1,11.0,3626000.0,64.0
2025,12,2,1,2,25,2,2,10.0,1462000.0,85.0
2025,12,1,1,1,38,1,2,6.0,2886000.0,25.0
2025,12,2,1,1,43,2,2,5.0,1192000.0,14.0
2025,12,3,1,2,22,6,3,5.0,1177000.0,56.0
2025,12,1,1,1,31,1,2,3.0,1635000.0,64.0
2025,12,1,1,1,32,1,2,5.0,5453000.0,84.0
2025,12,1,1,1,30,1,2,3.0,863000.0,1.0
2025,12,3,1,1,27,3,1,8.0,3107000.0,84.0
2025,12,1,1,1,44,1,2,4.0,939000.0,81.0
2025,12,3,1,1,18,3,1,3.0,788000.0,1.0
2025,12,2,1,1,30,3,1,5.0,1633000.0,71.0
2025,12,3,1,2,21,3,1,5.0,1265000.0,47.0
2025,12,1,1,2,36,1,2,3.0,485000.0,56.0
2025,12,3,1,2,29,3,1,5.0,2091000.0,68.0
2025,12,2,1,1,43,2,2,5.0,1373000.0,45.0
2025,12,1,1,1,31,1,2,8.0,5634000.0,84.0
2025,12,1,1,1,36,1,2,10.0,2582000.0,56.0
2025,12,1,1,2,51,1,2,5.0,100000.0,47.0
2025,12,2,1,2,53,3,1,3.0,165000.0,81.0
2025,12,1,1,2,71,1,3,8.0,12950000.0,79.0
2025,12,1,1,1,53,1,3,4.0,2269000.0,1.0
2025,12,1,1,2,30,1,2,5.0,1340000.0,47.0
2025,12,1,1,1,64,1,3,5.0,1828000.0,47.0
2025,12,2,1,2,50,2,2,5.0,611000.0,47.0
2025,12,1,1,2,32,1,2,8.0,1469000.0,86.0
2025,12,1,1,1,59,1,3,3.0,411000.0,1.0
2025,12,1,1,2,40,1,2,8.0,1178000.0,47.0
2025,12,2,1,2,46,2,2,3.0,1230000.0,56.0
2025,12,1,1,1,37,1,2,5.0,2715000.0,43.0
2025,12,1,1,1,47,1,2,6.0,2972000.0,10.0
2025,12,1,1,2,34,1,2,5.0,2260000.0,86.0
2025,12,1,1,2,39,1,2,10.0,3681000.0,85.0
2025,12,7,1,1,24,3,1,5.0,581000.0,1.0
2025,12,3,1,2,28,3,1,8.0,1192000.0,61.0
2025,12,2,1,1,55,2,3,5.0,2355000.0,47.0
2025,12,1,1,2,43,1,3,5.0,101000.0,97.0
2025,12,1,1,1,23,1,2,5.0,4724000.0,22.0
2025,12,2,1,2,44,2,3,3.0,1552000.0,97.0
2025,12,2,1,1,57,2,3,4.0,0.0,49.0
2025,12,1,1,1,89,1,3,1.0,1041000.0,1.0
2025,12,2,1,1,36,3,1,4.0,604000.0,49.0
2025,12,2,1,2,37,2,1,10.0,1824000.0,64.0
2025,12,1,1,1,31,1,2,5.0,1491000.0,10.0
2025,12,2,1,2,53,2,2,3.0,590000.0,81.0
2025,12,1,1,1,53,1,2,8.0,2843000.0,55.0
2025,12,3,1,1,33,3,1,5.0,1979000.0,47.0
2025,12,1,1,1,32,1,2,5.0,1724000.0,47.0
2025,12,1,1,2,60,1,3,3.0,1201000.0,96.0
2025,12,1,1,2,64,1,3,3.0,442000.0,81.0
2025,12,2,1,2,35,2,2,5.0,1359000.0,55.0
2025,12,1,1,1,66,1,3,3.0,1388000.0,43.0
2025,12,1,1,2,57,1,2,4.0,0.0,56.0
2025,12,1,1,1,38,1,2,4.0,1451000.0,1.0
2025,12,2,1,1,27,3,1,5.0,1915000.0,36.0
2025,12,1,1,2,34,1,2,10.0,3861000.0,86.0
2025,12,1,1,1,49,1,2,5.0,2430000.0,84.0
2025,12,1,1,2,33,1,3,5.0,503000.0,10.0
2025,12,4,1,2,35,6,2,10.0,1763000.0,86.0
2025,12,1,1,2,42,1,2,5.0,390000.0,81.0
2025,12,5,1,1,22,13,3,10.0,1655000.0,56.0
2025,12,1,1,2,40,1,2,3.0,0.0,10.0
2025,12,2,1,2,26,3,1,8.0,1390000.0,46.0
2025,12,3,1,1,22,3,1,6.0,0.0,52.0
2025,12,2,1,2,28,2,2,10.0,1781000.0,56.0
2025,12,2,1,1,22,2,2,5.0,2646000.0,82.0
2025,12,2,1,1,60,6,2,3.0,1970000.0,18.0
2025,12,3,1,1,21,3,1,10.0,2359000.0,47.0
2025,12,1,1,2,35,1,2,5.0,1605000.0,88.0
2025,12,1,1,1,53,1,2,3.0,1774000.0,1.0
2025,12,1,1,2,56,1,2,4.0,2156000.0,97.0
2025,12,1,1,2,55,1,3,3.0,826000.0,55.0
2025,12,2,1,2,31,2,2,4.0,2144000.0,55.0
2025,12,2,1,2,64,3,1,5.0,112000.0,56.0
2025,12,2,1,2,46,2,2,11.0,6761000.0,86.0
2025,12,1,1,2,59,1,3,5.0,1328000.0,97.0
2025,12,5,1,1,47,9,2,4.0,1322000.0,1.0
2025,12,2,1,2,56,2,2,11.0,7875000.0,86.0
2025,12,1,1,1,59,1,3,3.0,821000.0,1.0
2025,12,2,1,1,32,2,1,8.0,3066000.0,45.0
2025,12,1,1,1,30,1,2,10.0,6707000.0,64.0
2025,12,1,1,1,21,1,2,10.0,1820000.0,86.0
2025,12,1,1,1,46,1,2,5.0,1530000.0,45.0
2025,12,1,1,1,41,1,3,9.0,3673000.0,1.0
2025,12,1,1,2,60,1,3,10.0,286000.0,47.0
2025,12,2,1,2,54,2,2,11.0,3658000.0,85.0
2025,12,2,1,2,39,2,3,8.0,1918000.0,84.0
2025,12,1,1,2,51,1,2,3.0,749000.0,56.0
2025,12,2,1,1,61,2,3,3.0,1206000.0,49.0
2025,12,1,1,2,36,1,2,5.0,1578000.0,56.0
2025,12,3,1,1,34,3,1,8.0,3398000.0,73.0
2025,12,2,1,2,24,2,2,10.0,3829000.0,84.0
2025,12,2,1,2,45,2,2,12.0,5771000.0,85.0
2025,12,1,1,2,22,1,2,5.0,1251000.0,96.0
2025,12,1,1,1,28,1,2,3.0,1129000.0,1.0
2025,12,1,1,2,44,1,2,10.0,1532000.0,32.0
2025,12,2,1,2,39,2,2,5.0,762000.0,96.0
2025,12,1,1,1,68,1,3,5.0,2794000.0,38.0
2025,12,1,1,1,36,1,2,3.0,2165000.0,1.0
2025,12,2,1,2,38,2,2,10.0,1570000.0,96.0
2025,12,1,1,2,27,1,2,11.0,2613000.0,85.0
2025,12,1,1,2,41,1,2,5.0,1289000.0,61.0
2025,12,1,1,2,43,1,1,5.0,691000.0,81.0
2025,12,1,1,2,41,1,1,5.0,947000.0,14.0
2025,12,2,1,2,41,2,3,12.0,6279000.0,94.0
2025,12,2,1,2,42,2,2,5.0,1170000.0,86.0
2025,12,1,1,1,34,1,2,5.0,1832000.0,41.0
2025,12,2,1,2,31,2,3,5.0,1065000.0,56.0
2025,12,1,1,1,60,1,2,5.0,3670000.0,84.0
2025,12,2,1,1,39,2,2,1.0,1550000.0,7.0
2025,12,1,1,1,45,1,2,10.0,11947000.0,71.0
2025,12,1,1,1,30,1,2,5.0,1835000.0,47.0
2025,12,3,1,2,41,3,1,10.0,2364000.0,45.0
2025,12,1,1,1,53,1,3,3.0,2171000.0,1.0
2025,12,1,1,1,64,1,3,1.0,1500000.0,41.0
2025,12,1,1,2,38,1,2,4.0,1457000.0,56.0
2025,12,1,1,2,25,1,2,5.0,1094000.0,47.0
2025,12,1,1,1,49,1,2,10.0,6626000.0,70.0
2025,12,1,1,2,34,1,2,10.0,4084000.0,86.0
2025,12,1,1,2,22,1,2,5.0,1434000.0,47.0
2025,12,4,1,1,71,6,1,5.0,1889000.0,95.0
2025,12,3,1,1,25,3,1,10.0,3278000.0,84.0
2025,12,1,1,2,45,1,2,10.0,2198000.0,69.0
2025,12,1,1,1,35,1,2,5.0,1562000.0,52.0
2025,12,1,1,2,35,1,2,11.0,7068000.0,41.0
2025,12,3,1,2,59,4,3,1.0,1180000.0,56.0
2025,12,1,1,2,46,1,2,8.0,1409000.0,45.0
2025,12,1,1,1,63,1,2,3.0,1905000.0,1.0
2025,12,2,1,1,29,2,2,3.0,1273000.0,1.0
2025,12,1,1,2,30,1,2,4.0,1079000.0,56.0
2025,12,1,1,2,31,1,2,5.0,1193000.0,47.0
2025,12,1,1,1,37,1,2,5.0,1921000.0,23.0
2025,12,1,1,2,58,1,3,3.0,0.0,56.0
2025,12,1,1,1,56,1,3,3.0,7854000.0,1.0
2025,12,2,1,2,36,2,2,5.0,1534000.0,21.0
2025,12,2,1,2,24,2,2,5.0,1141000.0,47.0
2025,12,1,1,2,31,1,2,6.0,982000.0,96.0
2025,12,1,1,2,42,1,2,4.0,1105000.0,81.0
2025,12,1,1,1,27,1,2,6.0,683000.0,96.0
2025,12,2,1,1,44,3,1,5.0,1184000.0,85.0
2025,12,4,1,1,49,4,3,5.0,1156000.0,56.0
2025,12,1,1,2,37,1,2,3.0,638000.0,10.0
2025,12,2,1,1,69,2,3,3.0,1036000.0,52.0
2025,12,1,1,2,40,1,2,8.0,3844000.0,47.0
2025,12,3,1,1,39,7,2,8.0,2944000.0,84.0
2025,12,1,1,1,25,1,2,5.0,1357000.0,97.0
2025,12,1,1,2,60,1,2,12.0,4294000.0,84.0
2025,12,5,1,1,73,4,3,4.0,131000.0,95.0
2025,12,2,1,2,45,2,3,4.0,1230000.0,47.0
2025,12,2,1,2,70,2,3,4.0,460000.0,47.0
2025,12,1,1,1,59,1,2,5.0,9300000.0,47.0
2025,12,1,1,2,51,1,2,10.0,7142000.0,85.0
2025,12,1,1,1,26,1,2,5.0,2928000.0,68.0
2025,12,1,1,2,34,1,2,10.0,5050000.0,86.0
2025,12,2,1,2,28,2,2,10.0,1709000.0,64.0
2025,12,1,1,2,24,1,2,6.0,667000.0,56.0
2025,12,1,1,2,60,1,3,1.0,100000.0,56.0
2025,12,1,1,2,41,1,2,8.0,1553000.0,84.0
2025,12,10,1,2,33,3,1,5.0,331000.0,56.0
2025,12,1,1,1,29,1,2,8.0,2038000.0,52.0
2025,12,1,1,2,52,1,3,8.0,440000.0,56.0
2025,12,1,1,2,57,1,2,3.0,1172000.0,85.0
2025,12,3,1,2,26,3,1,10.0,1592000.0,51.0
2025,12,1,1,1,37,1,2,10.0,2749000.0,53.0
2025,12,1,1,2,32,1,2,5.0,942000.0,56.0
2025,12,2,1,2,46,2,2,11.0,909000.0,85.0
2025,12,2,1,2,54,2,2,8.0,930000.0,47.0
2025,12,1,1,2,50,1,2,10.0,537000.0,14.0
2025,12,1,1,2,28,1,2,9.0,1501000.0,13.0
2025,12,3,1,2,42,3,1,8.0,1245000.0,94.0
2025,12,1,1,2,35,1,2,3.0,510000.0,97.0
2025,12,1,1,1,56,1,2,3.0,3388000.0,49.0
2025,12,3,1,1,24,3,1,5.0,458000.0,32.0
2025,12,1,1,2,40,1,2,10.0,3258000.0,47.0
2025,12,2,1,2,60,2,3,3.0,100000.0,47.0
2025,12,2,1,1,32,3,1,10.0,2790000.0,1.0
2025,12,2,1,1,26,3,1,10.0,7601000.0,84.0
2025,12,3,1,2,39,3,1,9.0,1398000.0,85.0
2025,12,1,1,1,37,1,2,6.0,365000.0,49.0
2025,12,1,1,1,29,1,2,5.0,2066000.0,41.0
2025,12,2,1,1,43,2,2,5.0,2318000.0,56.0
2025,12,2,1,1,45,2,2,5.0,1195000.0,8.0
2025,12,2,1,2,24,2,2,5.0,565000.0,1.0
2025,12,3,1,1,26,3,1,10.0,2918000.0,46.0
2025,12,4,1,2,70,6,2,3.0,302000.0,56.0
2025,12,1,1,2,40,1,2,5.0,868000.0,47.0
2025,12,2,1,2,28,2,2,5.0,914000.0,62.0
2025,12,2,1,1,25,3,1,5.0,1706000.0,31.0
2025,12,2,1,2,37,6,2,10.0,1885000.0,94.0
2025,12,2,1,1,41,3,1,5.0,922000.0,47.0
2025,12,2,1,1,45,2,2,3.0,1470000.0,1.0
2025,12,2,1,1,24,3,1,5.0,2794000.0,85.0
2025,12,1,1,2,56,1,3,3.0,190000.0,81.0
2025,12,1,1,1,76,1,3,6.0,808000.0,43.0
2025,12,1,1,2,29,1,3,9.0,287000.0,47.0
2025,12,1,1,2,69,1,3,3.0,1359000.0,88.0
2025,12,1,1,2,36,1,2,10.0,4213000.0,38.0
2025,12,2,1,2,32,2,2,5.0,998000.0,96.0
2025,12,1,1,1,37,1,2,8.0,5215000.0,84.0
2025,12,2,1,1,35,2,2,3.0,999000.0,41.0
2025,12,1,2,2,49,1,3,1.0,804000.0,88.0
2025,12,3,1,1,27,4,1,5.0,1562000.0,25.0
2025,12,1,1,2,53,1,2,13.0,5306000.0,85.0
2025,12,1,1,2,46,1,2,8.0,1430000.0,47.0
2025,12,1,1,2,46,1,2,10.0,4570000.0,85.0
2025,12,3,1,2,26,3,1,10.0,1589000.0,49.0
2025,12,2,1,1,22,3,1,5.0,1702000.0,25.0
2025,12,1,1,1,62,1,3,12.0,6641000.0,85.0
2025,12,1,1,2,47,1,2,5.0,859000.0,95.0
2025,12,4,1,1,28,3,1,5.0,1967000.0,95.0
2025,12,2,1,2,51,2,3,3.0,1089000.0,56.0
2025,12,1,1,1,60,1,2,5.0,609000.0,49.0
2025,12,1,1,2,61,1,3,4.0,100000.0,47.0
2025,12,1,1,1,61,1,3,4.0,1923000.0,41.0
2025,12,2,1,2,49,2,3,1.0,307000.0,56.0
2025,12,2,1,2,39,2,2,8.0,1299000.0,14.0
2025,12,1,1,2,48,1,3,9.0,3429000.0,86.0
2025,12,4,1,1,64,6,3,4.0,640000.0,45.0
2025,12,2,1,2,38,2,2,11.0,2199000.0,55.0
2025,12,1,1,1,46,1,2,8.0,2736000.0,27.0
2025,12,2,1,2,24,3,1,5.0,1592000.0,47.0
2025,12,3,1,2,25,3,1,5.0,1402000.0,47.0
2025,12,2,1,1,38,2,2,5.0,1244000.0,45.0
2025,12,1,1,1,42,1,3,10.0,4782000.0,85.0
2025,12,2,1,2,28,2,2,10.0,1019000.0,47.0
2025,12,4,1,2,39,3,1,8.0,1108000.0,47.0
2025,12,2,1,2,36,2,2,5.0,694000.0,56.0
2025,12,2,1,2,20,2,2,8.0,532000.0,88.0
2025,12,2,1,2,40,2,2,10.0,1786000.0,85.0
2025,12,1,1,1,44,1,2,5.0,2160000.0,45.0
2025,12,1,1,2,36,1,3,4.0,281000.0,47.0
2025,12,2,1,1,40,2,3,5.0,866000.0,41.0
2025,12,2,1,2,26,3,1,10.0,1380000.0,71.0
2025,12,2,1,2,51,2,2,5.0,1252000.0,47.0
2025,12,2,1,1,28,2,2,4.0,1275000.0,49.0
2025,12,2,1,2,63,2,3,5.0,1918000.0,56.0
2025,12,1,1,2,36,1,1,5.0,10535000.0,47.0
2025,12,1,1,1,82,1,3,3.0,2050000.0,47.0
2025,12,1,1,2,45,1,2,8.0,1840000.0,86.0
2025,12,3,1,2,23,3,1,10.0,1265000.0,47.0
2025,12,1,1,2,70,1,3,3.0,0.0,47.0
2025,12,2,1,2,43,3,1,12.0,2628000.0,85.0
2025,12,2,1,1,39,2,2,4.0,1270000.0,49.0
2025,12,1,1,1,33,1,2,5.0,272000.0,49.0
2025,12,1,1,2,37,1,2,5.0,1105000.0,47.0
2025,12,5,1,2,23,9,2,5.0,690000.0,56.0
2025,12,1,1,1,36,1,2,6.0,1979000.0,41.0
2025,12,1,1,2,38,1,2,4.0,552000.0,1.0
2025,12,2,1,1,62,2,3,10.0,3374000.0,86.0
2025,12,1,1,2,27,1,2,5.0,0.0,47.0
2025,12,1,4,1,21,1,2,4.0,1994000.0,47.0
2025,12,2,1,2,37,2,2,5.0,100000.0,81.0
2025,12,2,1,1,55,2,2,5.0,1330000.0,46.0
2025,12,1,1,1,61,1,3,4.0,2407000.0,95.0
2025,12,2,1,2,57,2,3,3.0,350000.0,81.0
2025,12,3,1,1,37,3,1,4.0,2031000.0,31.0
2025,12,1,1,1,61,1,2,8.0,766000.0,1.0
2025,12,1,1,1,46,1,2,10.0,6218000.0,84.0
2025,12,1,1,2,44,1,2,8.0,1390000.0,86.0
2025,12,1,1,2,28,1,2,10.0,3299000.0,82.0
2025,12,2,1,1,25,2,2,5.0,1583000.0,49.0
2025,12,2,1,2,59,2,2,11.0,3359000.0,84.0
2025,12,2,1,2,23,3,1,6.0,727000.0,93.0
2025,12,2,1,2,32,2,2,8.0,1469000.0,85.0
2025,12,1,2,1,29,1,2,5.0,1171000.0,45.0
2025,12,1,1,1,29,1,2,5.0,2583000.0,49.0
2025,12,1,1,1,60,1,3,5.0,715000.0,47.0
2025,12,1,1,2,40,1,2,8.0,1645000.0,47.0
2025,12,1,1,1,70,1,3,3.0,599000.0,41.0
2025,12,2,1,2,27,2,2,4.0,855000.0,56.0
2025,12,1,1,1,61,1,2,5.0,1222000.0,49.0
2025,12,2,1,2,39,3,1,8.0,2279000.0,94.0
2025,12,1,1,1,52,1,3,1.0,710000.0,1.0
2025,12,1,1,2,22,1,2,8.0,0.0,15.0
2025,12,2,1,2,66,2,2,5.0,904000.0,47.0
2025,12,1,1,1,58,1,1,10.0,4760000.0,85.0
2025,12,1,1,2,36,1,2,11.0,4619000.0,84.0
2025,12,1,1,1,63,1,3,9.0,18876000.0,32.0
2025,12,2,1,2,59,2,2,10.0,4231000.0,85.0
2025,12,2,1,2,41,2,2,10.0,6127000.0,85.0
2025,12,1,1,1,23,1,1,5.0,1743000.0,47.0
2025,12,1,1,2,47,1,2,10.0,1499000.0,47.0
2025,12,3,1,2,23,3,1,10.0,868000.0,47.0
2025,12,1,1,2,23,1,2,8.0,1510000.0,56.0
2025,12,1,1,2,42,1,1,10.0,2025000.0,68.0
2025,12,2,1,2,55,3,1,4.0,434000.0,81.0
2025,12,4,1,2,43,3,1,5.0,1509000.0,81.0
2025,12,1,1,1,58,1,2,5.0,2462000.0,64.0
2025,12,2,1,2,21,2,2,6.0,1243000.0,86.0
2025,12,2,1,2,21,3,2,8.0,551000.0,56.0
2025,12,1,1,1,46,1,2,9.0,697000.0,49.0
2025,12,1,1,1,52,1,3,5.0,3186000.0,49.0
2025,12,1,1,1,70,1,3,8.0,1746000.0,95.0
2025,12,2,1,2,33,2,2,5.0,1026000.0,52.0
2025,12,1,1,1,23,1,1,5.0,1578000.0,1.0
2025,12,1,1,1,61,1,2,4.0,1333000.0,41.0
2025,12,2,1,2,24,3,1,5.0,327000.0,56.0
2025,12,1,1,1,68,1,3,3.0,2261000.0,25.0
2025,12,2,1,1,45,3,1,12.0,2685000.0,85.0
2025,12,3,1,1,27,3,1,5.0,1146000.0,49.0
2025,12,1,1,2,66,1,1,3.0,186000.0,10.0
2025,12,1,1,2,78,1,3,3.0,572000.0,56.0
2025,12,2,1,2,43,2,2,12.0,3835000.0,85.0
2025,12,1,1,2,38,1,2,4.0,1316000.0,69.0
2025,12,1,1,1,43,1,3,11.0,3729000.0,84.0
2025,12,2,1,1,56,2,3,4.0,500000.0,56.0
2025,12,1,1,1,32,1,2,10.0,3377000.0,86.0
2025,12,2,1,2,24,3,2,4.0,433000.0,1.0
2025,12,1,1,2,43,1,2,5.0,278000.0,15.0
2025,12,1,1,2,31,1,2,10.0,696000.0,85.0
2025,12,2,1,2,34,2,2,10.0,1728000.0,84.0
2025,12,1,1,1,50,1,3,4.0,1720000.0,45.0
2025,12,4,1,1,23,3,1,5.0,1878000.0,49.0
2025,12,6,1,1,28,3,1,5.0,3883000.0,65.0
2025,12,2,1,2,51,2,2,3.0,642000.0,88.0
2025,12,2,1,2,34,2,2,4.0,604000.0,1.0
2025,12,6,1,2,64,9,3,3.0,1096000.0,97.0
2025,12,2,1,2,27,3,1,10.0,985000.0,93.0
2025,12,1,1,2,35,1,2,5.0,1513000.0,68.0
2025,12,1,1,1,54,1,3,10.0,2987000.0,69.0
2025,12,1,1,1,63,1,3,5.0,2330000.0,68.0
2025,12,4,1,2,20,3,1,5.0,1749000.0,86.0
2025,12,1,1,2,28,1,2,10.0,449000.0,69.0
2025,12,2,1,2,35,2,2,5.0,1245000.0,97.0
2025,12,2,1,2,42,2,2,4.0,275000.0,56.0
2025,12,1,1,1,34,1,2,5.0,1845000.0,47.0
2025,12,1,1,1,49,1,2,5.0,3265000.0,1.0
2025,12,2,1,1,48,2,3,3.0,1076000.0,47.0
2025,12,3,1,1,40,7,2,3.0,704000.0,49.0
2025,12,1,1,1,50,1,3,3.0,254000.0,47.0
2025,12,2,1,2,29,2,2,5.0,1288000.0,47.0
2025,12,1,1,1,61,1,2,3.0,8663000.0,47.0
2025,12,1,1,2,51,1,2,3.0,648000.0,45.0
2025,12,1,1,2,51,1,2,4.0,1503000.0,55.0
2025,12,1,1,2,41,1,2,3.0,304000.0,56.0
2025,12,4,1,2,35,3,1,8.0,545000.0,96.0
2025,12,1,1,2,46,1,2,10.0,4482000.0,65.0
2025,12,2,1,1,20,3,1,8.0,1103000.0,47.0
2025,12,1,1,2,48,1,2,3.0,0.0,97.0
2025,12,1,1,2,21,1,2,10.0,6646000.0,73.0
2025,12,2,1,1,31,2,2,5.0,1789000.0,96.0
2025,12,1,1,1,54,1,2,3.0,3013000.0,33.0
2025,12,1,1,1,51,1,2,5.0,1684000.0,1.0
2025,12,2,1,1,58,2,2,3.0,1513000.0,41.0
2025,12,1,1,1,55,1,3,12.0,5471000.0,85.0
2025,12,1,1,2,45,1,2,5.0,1170000.0,56.0
2025,12,1,1,1,46,1,2,4.0,2124000.0,1.0
2025,12,1,1,1,41,1,2,5.0,394000.0,32.0
2025,12,2,1,1,31,2,2,3.0,2580000.0,45.0
2025,12,1,1,2,52,1,2,10.0,4828000.0,56.0
2025,12,1,1,1,35,1,2,11.0,8338000.0,84.0
2025,12,2,1,1,57,2,2,5.0,5209000.0,47.0
2025,12,1,1,2,60,1,2,5.0,2156000.0,47.0
2025,12,1,1,2,26,1,3,10.0,1235000.0,47.0
2025,12,7,1,2,82,4,3,3.0,0.0,47.0
2025,12,1,1,2,29,1,2,8.0,689000.0,96.0
2025,12,2,1,2,44,3,1,5.0,562000.0,97.0
2025,12,2,1,2,37,2,2,10.0,3663000.0,84.0
2025,12,1,1,2,35,1,2,8.0,2717000.0,86.0
2025,12,1,1,2,57,1,3,3.0,1931000.0,14.0
2025,12,1,1,2,29,1,2,8.0,662000.0,56.0
2025,12,1,1,1,22,1,2,5.0,1620000.0,74.0
2025,12,1,1,1,37,1,2,13.0,21514000.0,71.0
2025,12,1,1,1,50,1,3,5.0,4202000.0,49.0
2025,12,2,1,2,45,3,1,5.0,867000.0,81.0
2025,12,2,1,1,58,2,2,3.0,982000.0,52.0
2025,12,4,1,2,27,3,1,11.0,5186000.0,86.0
2025,12,2,1,2,40,2,2,10.0,1898000.0,47.0
2025,12,2,1,1,53,2,2,3.0,2370000.0,45.0
2025,12,1,1,2,35,1,2,5.0,1036000.0,95.0
2025,12,1,1,1,61,1,2,3.0,791000.0,47.0
2025,12,2,1,1,38,2,2,11.0,6044000.0,85.0
2025,12,1,1,2,55,1,1,4.0,1376000.0,14.0
2025,12,1,1,1,32,1,2,4.0,1130000.0,49.0
2025,12,2,1,2,64,2,3,3.0,0.0,97.0
2025,12,1,1,1,34,1,2,10.0,1643000.0,61.0
2025,12,1,2,2,20,1,2,10.0,1515000.0,56.0
2025,12,1,1,1,56,1,3,5.0,748000.0,95.0
2025,12,1,1,2,64,1,3,5.0,2034000.0,85.0
2025,12,1,1,1,51,1,3,3.0,3431000.0,8.0
2025,12,1,1,1,63,1,2,8.0,2069000.0,53.0
2025,12,1,1,1,35,1,2,10.0,2990000.0,84.0
2025,12,2,1,1,31,3,1,10.0,1827000.0,41.0
2025,12,2,1,1,19,2,2,3.0,1204000.0,49.0
2025,12,1,1,2,65,1,3,9.0,3902000.0,84.0
2025,12,1,1,1,36,1,1,4.0,2358000.0,47.0
2025,12,2,1,2,42,2,2,11.0,11985000.0,61.0
2025,12,2,1,2,42,2,2,5.0,876000.0,55.0
2025,12,1,1,1,68,1,3,4.0,2757000.0,49.0
2025,12,1,1,2,30,1,3,8.0,2033000.0,86.0
2025,12,2,1,2,49,2,2,12.0,3185000.0,85.0
2025,12,1,1,2,32,1,1,10.0,2929000.0,66.0
2025,12,2,1,1,64,6,3,3.0,1651000.0,1.0
2025,12,1,1,2,43,1,3,8.0,1268000.0,88.0
2025,12,1,1,1,55,1,2,3.0,1567000.0,5.0
2025,12,2,1,1,24,3,2,6.0,3291000.0,56.0
2025,12,2,1,1,25,3,1,5.0,1493000.0,47.0
2025,12,1,1,1,36,1,2,8.0,3147000.0,32.0
2025,12,1,1,1,41,1,2,10.0,6842000.0,84.0
2025,12,2,1,1,25,6,2,4.0,1931000.0,56.0
2025,12,1,1,1,60,1,2,5.0,1237000.0,49.0
2025,12,2,1,1,23,3,1,10.0,370000.0,94.0
2025,12,1,1,1,63,1,3,3.0,655000.0,1.0
2025,12,3,1,1,50,5,2,9.0,1440000.0,49.0
2025,12,4,1,2,26,3,1,5.0,675000.0,86.0
2025,12,1,1,1,61,1,3,3.0,942000.0,41.0
2025,12,1,1,2,52,1,3,3.0,1181000.0,56.0
2025,12,1,1,1,62,1,3,10.0,5775000.0,71.0
2025,12,1,1,2,63,1,3,3.0,147000.0,81.0
2025,12,2,1,2,40,2,2,11.0,3044000.0,71.0
2025,12,2,1,2,32,2,2,10.0,3822000.0,82.0
2025,12,1,1,2,24,1,2,6.0,1322000.0,10.0
2025,12,1,1,2,55,1,2,12.0,6330000.0,85.0
2025,12,3,1,1,30,3,1,5.0,1916000.0,71.0
2025,12,2,1,2,40,2,2,6.0,987000.0,85.0
2025,12,2,1,2,40,2,2,5.0,808000.0,56.0
2025,12,2,1,2,34,2,2,5.0,1236000.0,81.0
2025,12,1,1,2,70,1,3,5.0,1121000.0,56.0
2025,12,2,1,1,53,2,3,5.0,3589000.0,35.0
2025,12,1,1,1,27,1,2,5.0,4014000.0,71.0
2025,12,1,1,1,68,1,3,5.0,2700000.0,1.0
2025,12,1,1,2,45,1,2,5.0,2205000.0,14.0
2025,12,1,1,1,29,1,2,5.0,2082000.0,49.0
2025,12,2,1,2,30,3,1,5.0,563000.0,96.0
2025,12,1,1,1,40,1,2,5.0,2073000.0,68.0
2025,12,1,1,1,38,1,2,4.0,1725000.0,43.0
2025,12,1,1,2,32,1,2,5.0,461000.0,47.0
2025,12,1,1,2,32,1,2,10.0,2043000.0,47.0
2025,12,1,1,2,59,1,2,6.0,753000.0,97.0
2025,12,2,1,1,32,2,2,10.0,1483000.0,53.0
2025,12,1,1,1,27,1,3,4.0,3411000.0,13.0
2025,12,1,1,2,52,1,3,5.0,410000.0,96.0
2025,12,4,1,2,24,6,2,6.0,1324000.0,47.0
2025,12,5,3,1,35,3,3,3.0,2454000.0,46.0
2025,12,5,1,1,26,7,2,10.0,5560000.0,42.0
2025,12,1,1,2,49,1,1,4.0,0.0,96.0
2025,12,2,1,2,53,2,2,3.0,689000.0,97.0
2025,12,2,1,2,47,2,2,10.0,1421000.0,16.0
2025,12,3,1,2,41,3,1,10.0,2570000.0,68.0
2025,12,1,1,1,40,1,2,5.0,4057000.0,11.0
2025,12,1,1,1,53,1,2,3.0,1753000.0,1.0
2025,12,1,1,1,50,1,2,3.0,1823000.0,1.0
2025,12,1,1,1,59,1,3,5.0,6239000.0,47.0
2025,12,1,1,2,37,1,2,10.0,1821000.0,84.0
2025,12,1,1,2,44,1,2,4.0,238000.0,56.0
2025,12,3,1,1,41,7,2,10.0,2493000.0,81.0
2025,12,3,1,1,30,3,1,12.0,8594000.0,84.0
2025,12,1,1,1,47,1,3,5.0,3412000.0,47.0
2025,12,1,1,1,42,1,2,5.0,1915000.0,49.0
2025,12,3,1,2,18,3,1,10.0,278000.0,56.0
2025,12,1,1,2,49,1,3,3.0,795000.0,56.0
2025,12,2,1,2,26,2,2,5.0,1067000.0,56.0
2025,12,1,1,1,54,1,2,4.0,2277000.0,41.0
2025,12,1,1,1,44,1,3,3.0,0.0,1.0
2025,12,5,1,1,22,7,3,4.0,536000.0,1.0
2025,12,3,1,2,41,3,1,11.0,2091000.0,79.0
2025,12,1,1,1,66,1,3,5.0,1582000.0,68.0
2025,12,2,1,2,40,2,2,11.0,1666000.0,1.0
2025,12,1,1,2,29,1,2,11.0,0.0,84.0
2025,12,3,1,1,28,3,1,10.0,10544000.0,62.0
2025,12,1,1,1,54,1,3,3.0,0.0,1.0
2025,12,1,1,2,22,1,2,10.0,1225000.0,43.0
2025,12,3,1,2,40,3,1,9.0,1599000.0,47.0
2025,12,2,1,1,65,2,2,7.0,4199000.0,85.0
2025,12,1,1,1,56,1,2,4.0,1807000.0,56.0
2025,12,1,1,2,64,1,3,5.0,1502000.0,88.0
2025,12,1,1,1,67,1,3,1.0,1087000.0,41.0
2025,12,1,1,2,52,1,2,3.0,1446000.0,97.0
2025,12,1,1,1,27,1,2,10.0,4736000.0,46.0
2025,12,1,1,2,43,1,2,5.0,750000.0,81.0
2025,12,2,1,2,44,2,2,1.0,190000.0,81.0
2025,12,1,1,1,53,1,2,3.0,1350000.0,1.0
2025,12,1,1,1,56,1,2,1.0,937000.0,1.0
2025,12,2,1,2,39,2,2,5.0,327000.0,56.0
2025,12,2,1,1,57,2,2,3.0,556000.0,1.0
2025,12,1,1,2,41,1,2,8.0,1269000.0,82.0
2025,12,1,1,1,30,1,2,5.0,2710000.0,84.0
2025,12,1,1,1,38,1,2,6.0,1485000.0,41.0
2025,12,2,1,1,65,3,1,3.0,1195000.0,47.0
2025,12,1,1,2,36,1,2,8.0,1679000.0,47.0
2025,12,1,1,2,37,1,2,3.0,1285000.0,97.0
2025,12,1,1,1,31,1,2,8.0,6021000.0,84.0
2025,12,2,1,2,22,3,1,6.0,1525000.0,47.0
2025,12,1,1,1,53,1,3,3.0,2132000.0,46.0
2025,12,2,1,2,39,3,1,5.0,108000.0,86.0
2025,12,2,1,2,32,2,2,5.0,164000.0,96.0
2025,12,1,1,1,48,1,2,6.0,2250000.0,47.0
2025,12,3,1,1,38,3,1,5.0,2149000.0,56.0
2025,12,1,1,1,34,1,2,5.0,559000.0,56.0
2025,12,1,2,2,31,1,2,5.0,1939000.0,25.0
2025,12,1,1,2,32,1,2,8.0,1898000.0,86.0
2025,12,4,1,2,59,10,2,3.0,1776000.0,97.0
2025,12,3,1,1,24,3,1,10.0,2897000.0,47.0
2025,12,2,1,2,44,3,1,8.0,1562000.0,86.0
2025,12,2,1,2,57,2,3,5.0,1175000.0,47.0
2025,12,2,1,2,61,2,2,8.0,1494000.0,86.0
2025,12,3,1,1,22,3,1,4.0,1315000.0,41.0
2025,12,1,1,2,35,1,1,9.0,1520000.0,42.0
2025,12,1,1,1,72,1,3,3.0,2769000.0,68.0
2025,12,1,1,1,38,1,2,5.0,1920000.0,1.0
2025,12,1,1,1,71,1,3,5.0,3102000.0,49.0
2025,12,1,1,2,31,1,2,10.0,151000.0,96.0
2025,12,2,1,2,71,2,3,3.0,1013000.0,97.0
2025,12,1,1,1,50,1,3,1.0,882000.0,1.0
2025,12,1,1,1,67,1,3,4.0,0.0,1.0
2025,12,1,1,1,52,1,3,10.0,5286000.0,47.0
2025,12,3,1,2,32,3,1,4.0,0.0,10.0
2025,12,2,1,2,19,2,2,5.0,1424000.0,14.0
2025,12,2,1,1,31,9,2,10.0,9048000.0,62.0
2025,12,1,1,1,71,1,3,1.0,644000.0,3.0
2025,12,1,1,2,27,1,2,5.0,1304000.0,47.0
2025,12,1,1,2,34,1,2,11.0,3768000.0,86.0
2025,12,1,1,2,69,1,3,4.0,1129000.0,96.0
2025,12,2,1,1,76,2,3,1.0,242000.0,1.0
2025,12,3,1,2,36,3,1,5.0,119000.0,81.0
2025,12,1,1,1,37,1,3,5.0,2034000.0,86.0
2025,12,3,1,1,39,3,1,5.0,2705000.0,84.0
2025,12,1,1,1,83,1,3,3.0,2254000.0,1.0
2025,12,2,1,2,56,2,3,5.0,1473000.0,47.0
2025,12,5,1,1,20,6,2,5.0,3056000.0,53.0
2025,12,1,1,1,59,1,2,3.0,1123000.0,47.0
2025,12,2,1,2,42,2,2,5.0,1463000.0,56.0
2025,12,1,1,2,41,1,2,4.0,201000.0,47.0
2025,12,1,1,2,36,1,2,8.0,1455000.0,47.0
2025,12,2,1,1,40,2,2,3.0,967000.0,47.0
2025,12,1,1,2,46,1,2,3.0,449000.0,32.0
2025,12,2,1,2,32,2,2,5.0,1380000.0,86.0
2025,12,1,1,2,64,1,2,5.0,1579000.0,81.0
2025,12,1,1,2,24,1,2,9.0,1470000.0,47.0
2025,12,3,1,2,24,8,1,9.0,1630000.0,47.0
2025,12,3,1,2,28,3,1,9.0,1248000.0,86.0
2025,12,3,1,1,35,3,1,5.0,717000.0,49.0
2025,12,3,1,2,24,8,2,6.0,1633000.0,20.0
2025,12,3,1,2,38,3,1,8.0,1518000.0,84.0
2025,12,1,1,1,42,1,2,5.0,1629000.0,10.0
2025,12,2,1,1,40,2,3,5.0,1479000.0,3.0
2025,12,1,1,1,33,1,3,3.0,1915000.0,49.0
2025,12,1,1,1,62,1,3,5.0,2092000.0,47.0
2025,12,1,1,1,66,1,3,5.0,1721000.0,23.0
2025,12,1,1,2,28,1,2,8.0,100000.0,96.0
2025,12,3,1,1,25,8,3,3.0,1361000.0,7.0
2025,12,1,1,1,51,1,2,10.0,15353000.0,9.0
2025,12,1,1,1,58,1,2,4.0,2169000.0,68.0
2025,12,2,1,1,22,3,1,10.0,1268000.0,53.0
2025,12,1,1,2,37,1,2,5.0,2870000.0,56.0
2025,12,1,1,2,65,1,3,3.0,991000.0,47.0
2025,12,1,1,1,47,1,2,5.0,1778000.0,47.0
2025,12,1,1,2,36,1,2,4.0,0.0,1.0
2025,12,1,1,2,29,1,2,10.0,1530000.0,47.0
2025,12,2,1,2,34,2,2,9.0,2973000.0,84.0
2025,12,1,1,2,39,1,2,5.0,214000.0,96.0
2025,12,2,1,2,52,2,3,4.0,160000.0,47.0
2025,12,1,1,1,65,1,2,3.0,647000.0,3.0
2025,12,1,1,1,30,1,2,8.0,1599000.0,82.0
2025,12,1,1,2,50,1,2,5.0,360000.0,56.0
2025,12,1,1,2,45,1,3,13.0,4401000.0,85.0
2025,12,1,1,2,34,1,2,10.0,3396000.0,85.0
2025,12,1,1,1,50,1,2,5.0,2503000.0,41.0
2025,12,1,1,2,23,1,2,5.0,1593000.0,56.0
2025,12,2,1,2,66,2,3,5.0,0.0,56.0
2025,12,1,1,2,53,1,3,3.0,654000.0,10.0
2025,12,2,1,1,24,2,2,8.0,4472000.0,6.0
2025,12,1,1,2,60,1,3,3.0,1286000.0,97.0
2025,12,1,1,2,42,1,3,4.0,880000.0,81.0
2025,12,1,1,2,64,1,3,3.0,100000.0,56.0
2025,12,3,1,1,27,3,1,10.0,874000.0,96.0
2025,12,4,1,2,49,4,3,4.0,100000.0,56.0
2025,12,1,1,1,64,1,3,3.0,1912000.0,47.0
2025,12,1,1,2,34,1,1,8.0,2710000.0,84.0
2025,12,6,1,2,27,3,1,6.0,866000.0,1.0
2025,12,1,1,1,46,1,3,5.0,1770000.0,36.0
2025,12,2,1,2,43,2,2,5.0,934000.0,95.0
2025,12,1,1,2,49,1,2,4.0,230000.0,10.0
2025,12,1,1,1,38,1,2,3.0,639000.0,47.0
2025,12,1,1,1,40,1,2,5.0,5856000.0,46.0
2025,12,1,1,2,30,1,2,5.0,306000.0,56.0
2025,12,3,1,1,40,3,1,8.0,5662000.0,79.0
2025,12,2,1,1,32,2,2,3.0,266000.0,41.0
2025,12,1,1,2,51,1,2,12.0,2259000.0,86.0
2025,12,2,1,2,46,2,2,5.0,836000.0,45.0
2025,12,2,1,2,45,2,2,10.0,444000.0,47.0
2025,12,1,1,1,43,1,2,10.0,4399000.0,94.0
2025,12,1,1,1,35,1,2,5.0,1123000.0,41.0
2025,12,1,1,2,46,1,2,5.0,0.0,97.0
2025,12,1,1,1,24,1,2,8.0,3304000.0,47.0
2025,12,1,1,2,35,1,2,3.0,421000.0,56.0
2025,12,1,1,1,36,1,3,3.0,2006000.0,45.0
2025,12,1,1,1,70,1,3,1.0,354000.0,1.0
2025,12,1,1,2,55,1,2,10.0,1578000.0,53.0
2025,12,1,1,1,37,1,2,5.0,1967000.0,41.0
2025,12,4,1,1,32,9,2,5.0,1835000.0,42.0
2025,12,2,1,2,40,2,2,5.0,2599000.0,47.0
2025,12,2,1,1,53,2,2,5.0,2125000.0,96.0
2025,12,1,1,2,37,1,2,10.0,4833000.0,86.0
2025,12,1,1,1,34,1,2,8.0,2467000.0,84.0
2025,12,2,1,1,55,2,2,3.0,1920000.0,49.0
2025,12,3,1,2,21,3,1,10.0,591000.0,56.0
2025,12,1,1,1,51,1,1,5.0,2102000.0,25.0
2025,12,3,1,1,21,3,1,5.0,637000.0,96.0
2025,12,1,1,1,32,1,2,5.0,2597000.0,96.0
2025,12,1,1,1,31,1,2,10.0,6161000.0,84.0
2025,12,2,1,2,37,2,1,10.0,8467000.0,21.0
2025,12,4,1,1,80,5,3,3.0,100000.0,38.0
2025,12,2,1,1,31,2,2,10.0,4284000.0,47.0
2025,12,1,1,1,43,1,2,5.0,2327000.0,41.0
2025,12,2,1,2,42,2,2,5.0,0.0,1.0
2025,12,1,1,2,35,1,2,12.0,3195000.0,69.0
2025,12,2,1,2,40,2,2,5.0,1372000.0,82.0
2025,12,2,1,2,34,2,2,10.0,13505000.0,62.0
2025,12,2,1,2,43,3,1,5.0,366000.0,97.0
2025,12,2,1,2,34,2,2,5.0,187000.0,56.0
2025,12,1,1,1,35,1,2,10.0,8948000.0,47.0
2025,12,2,1,1,42,2,3,5.0,1608000.0,8.0
2025,12,2,1,2,40,2,1,5.0,1942000.0,75.0
2025,12,1,1,1,43,1,2,8.0,2302000.0,49.0
2025,12,1,1,2,43,1,2,5.0,298000.0,96.0
2025,12,1,1,1,47,1,2,10.0,4830000.0,84.0
2025,12,2,1,1,74,2,3,3.0,2378000.0,41.0
2025,12,1,1,1,56,1,2,10.0,4477000.0,47.0
2025,12,3,1,2,46,9,2,3.0,156000.0,15.0
2025,12,2,1,1,22,8,2,10.0,783000.0,45.0
2025,12,2,1,1,69,2,2,1.0,1683000.0,41.0
2025,12,2,1,2,48,2,2,5.0,1594000.0,86.0
2025,12,2,1,2,44,2,3,3.0,0.0,96.0
2025,12,3,1,1,21,11,2,10.0,0.0,56.0
2025,12,2,1,2,29,2,2,8.0,984000.0,47.0
2025,12,1,1,1,66,1,3,4.0,1317000.0,56.0
2025,12,1,1,2,40,1,2,3.0,349000.0,56.0
2025,12,1,1,2,60,1,2,5.0,100000.0,47.0
2025,12,2,1,2,34,2,2,10.0,924000.0,56.0
2025,12,3,1,1,27,3,1,10.0,1932000.0,42.0
2025,12,1,1,2,49,1,2,3.0,1483000.0,56.0
2025,12,1,1,1,52,1,2,8.0,2440000.0,93.0
2025,12,1,1,1,55,1,2,3.0,1755000.0,41.0
2025,12,4,1,2,25,3,1,6.0,1471000.0,55.0
2025,12,3,1,2,41,3,1,11.0,2933000.0,85.0
2025,12,1,1,2,42,1,3,5.0,1754000.0,56.0
2025,12,2,1,2,51,2,3,5.0,1201000.0,47.0
2025,12,1,1,1,53,1,3,3.0,1731000.0,47.0
2025,12,1,1,1,55,1,2,5.0,6543000.0,1.0
2025,12,2,1,2,61,2,3,5.0,1601000.0,84.0
2025,12,2,1,2,27,8,2,10.0,2662000.0,86.0
2025,12,1,1,2,37,1,2,8.0,922000.0,88.0
2025,12,1,1,2,44,1,2,3.0,910000.0,81.0
2025,12,2,1,2,31,2,2,8.0,285000.0,47.0
2025,12,4,1,1,21,9,2,3.0,917000.0,96.0
2025,12,2,1,2,44,2,2,10.0,2097000.0,88.0
2025,12,1,1,1,28,1,2,10.0,2641000.0,71.0
2025,12,3,1,1,42,3,1,8.0,2077000.0,47.0
2025,12,2,1,2,44,2,2,5.0,1416000.0,47.0
2025,12,2,1,1,38,2,2,3.0,914000.0,47.0
2025,12,1,1,2,28,1,2,5.0,1141000.0,47.0
2025,12,1,1,2,56,1,2,5.0,248000.0,56.0
2025,12,1,1,2,49,1,3,8.0,1642000.0,47.0
2025,12,1,1,2,65,1,3,1.0,174000.0,81.0
2025,12,2,1,2,43,4,2,5.0,821000.0,47.0
2025,12,9,1,2,23,3,1,5.0,590000.0,46.0
2025,12,1,1,1,34,1,3,3.0,750000.0,38.0
2025,12,2,1,2,23,3,1,5.0,1428000.0,55.0
2025,12,1,1,1,60,1,2,3.0,605000.0,1.0
2025,12,3,1,1,46,3,1,5.0,1592000.0,97.0
2025,12,1,1,1,54,1,2,11.0,16163000.0,86.0
2025,12,1,1,1,56,1,3,3.0,1523000.0,49.0
2025,12,2,1,2,33,3,1,11.0,4610000.0,84.0
2025,12,3,1,2,30,3,1,10.0,4228000.0,84.0
2025,12,1,1,1,39,1,2,6.0,4291000.0,84.0
2025,12,3,1,1,21,3,1,10.0,2011000.0,18.0
2025,12,1,1,1,33,1,2,5.0,2220000.0,84.0
2025,12,2,1,2,40,2,2,3.0,0.0,81.0
2025,12,2,1,2,30,2,2,4.0,486000.0,97.0
2025,12,3,1,2,40,5,3,5.0,727000.0,47.0
2025,12,1,1,2,40,1,2,5.0,475000.0,97.0
2025,12,2,1,2,23,2,2,5.0,1393000.0,47.0
2025,12,1,1,1,40,1,2,12.0,7832000.0,86.0
2025,12,5,1,1,25,12,2,5.0,1186000.0,47.0
2025,12,2,1,1,25,13,2,5.0,2494000.0,41.0
2025,12,1,1,1,29,1,2,5.0,2155000.0,49.0
2025,12,1,1,1,50,1,2,3.0,2442000.0,49.0
2025,12,3,1,1,34,3,1,11.0,9749000.0,62.0
2025,12,1,1,2,47,1,1,8.0,1508000.0,47.0
2025,12,1,1,1,63,1,2,5.0,4571000.0,47.0
2025,12,1,2,2,29,1,2,5.0,1217000.0,56.0
2025,12,1,1,1,24,1,2,9.0,847000.0,49.0
2025,12,1,1,2,62,1,3,5.0,147000.0,97.0
2025,12,1,1,1,34,1,2,4.0,2181000.0,49.0
2025,12,3,1,1,24,3,1,4.0,1212000.0,41.0
2025,12,4,1,2,35,3,1,5.0,609000.0,1.0
2025,12,1,1,2,27,1,1,10.0,1919000.0,86.0
2025,12,2,1,2,60,2,2,3.0,505000.0,14.0
2025,12,1,1,1,66,1,3,3.0,525000.0,1.0
2025,12,1,1,2,42,1,2,4.0,1109000.0,47.0
2025,12,3,1,2,39,3,1,5.0,1626000.0,47.0
2025,12,2,1,2,32,2,2,8.0,890000.0,47.0
2025,12,1,1,2,53,1,2,4.0,1024000.0,87.0
2025,12,2,1,2,38,3,1,9.0,928000.0,47.0
2025,12,2,1,2,26,3,1,5.0,0.0,47.0
2025,12,3,1,2,27,3,1,10.0,1164000.0,85.0
2025,12,2,1,2,31,3,2,10.0,3204000.0,86.0
2025,12,1,1,1,52,1,2,3.0,2042000.0,1.0
2025,12,2,1,2,25,2,2,10.0,428000.0,56.0
2025,12,1,1,2,48,1,2,5.0,1422000.0,56.0
2025,12,1,1,2,47,1,2,5.0,1609000.0,47.0
2025,12,2,1,1,68,2,3,10.0,3997000.0,84.0
2025,12,2,1,2,45,2,2,3.0,622000.0,1.0
2025,12,1,1,2,43,1,2,10.0,2921000.0,85.0
2025,12,1,1,2,44,1,2,8.0,804000.0,81.0
2025,12,1,1,2,49,1,3,5.0,1122000.0,10.0
2025,12,2,1,2,31,3,1,5.0,1737000.0,47.0
2025,12,1,1,2,75,1,2,3.0,1030000.0,92.0
2025,12,2,1,1,39,2,2,9.0,2172000.0,52.0
2025,12,1,1,2,69,1,2,11.0,2996000.0,85.0
2025,12,1,1,2,35,1,2,5.0,0.0,46.0
2025,12,3,1,1,22,3,1,8.0,2145000.0,61.0
2025,12,2,1,1,50,6,3,4.0,837000.0,97.0
2025,12,5,1,1,24,9,2,4.0,1674000.0,41.0
2025,12,2,1,1,42,2,2,4.0,1824000.0,41.0
2025,12,1,1,1,26,1,2,10.0,4394000.0,46.0
2025,12,2,1,2,61,2,2,4.0,260000.0,56.0
2025,12,1,1,1,39,1,2,9.0,1842000.0,80.0
2025,12,2,1,2,41,2,2,9.0,2507000.0,84.0
2025,12,1,1,2,32,1,2,8.0,1520000.0,47.0
2025,12,1,1,1,63,1,2,5.0,1510000.0,49.0
2025,12,2,1,2,51,2,2,12.0,7430000.0,84.0
2025,12,3,1,1,18,8,2,1.0,1410000.0,1.0
2025,12,4,1,2,32,3,1,5.0,152000.0,53.0
2025,12,1,1,1,59,1,3,4.0,1175000.0,95.0
2025,12,2,1,2,22,2,2,5.0,2987000.0,68.0
2025,12,6,1,1,36,7,2,4.0,1303000.0,96.0
2025,12,1,1,1,26,1,2,10.0,2668000.0,47.0
2025,12,2,1,2,67,2,3,3.0,211000.0,7.0
2025,12,1,1,2,24,1,1,8.0,1464000.0,86.0
2025,12,1,1,1,41,1,1,5.0,326000.0,1.0
2025,12,2,1,2,36,2,2,10.0,1576000.0,86.0
2025,12,2,1,2,33,2,2,8.0,1842000.0,47.0
2025,12,1,1,1,26,1,2,8.0,1863000.0,25.0
2025,12,3,1,2,28,3,1,5.0,557000.0,96.0
2025,12,1,1,2,40,1,2,4.0,100000.0,14.0
2025,12,5,1,1,19,6,2,5.0,397000.0,47.0
2025,12,1,1,1,44,1,2,11.0,2694000.0,46.0
2025,12,2,1,2,39,2,2,10.0,1416000.0,85.0
2025,12,2,1,2,55,2,2,3.0,1474000.0,56.0
2025,12,3,1,1,28,8,2,10.0,2228000.0,10.0
2025,12,1,1,1,24,1,2,5.0,2405000.0,49.0
2025,12,1,1,2,38,1,2,5.0,1821000.0,47.0
2025,12,1,1,1,51,1,3,5.0,1919000.0,11.0
2025,12,2,1,1,63,2,3,3.0,2713000.0,56.0
2025,12,1,1,2,34,1,2,10.0,3132000.0,86.0
2025,12,2,1,1,43,2,3,5.0,1714000.0,49.0
2025,12,1,1,2,31,1,2,8.0,471000.0,56.0
2025,12,1,1,2,69,1,2,10.0,0.0,56.0
2025,12,1,1,1,47,1,2,5.0,3672000.0,47.0
2025,12,9,1,1,22,7,2,5.0,21213000.0,47.0
2025,12,2,1,2,35,3,1,11.0,3955000.0,71.0
2025,12,4,1,2,21,3,1,10.0,388000.0,96.0
2025,12,1,1,2,33,1,3,10.0,1597000.0,69.0
2025,12,2,1,2,29,2,2,10.0,2525000.0,85.0
2025,12,1,1,2,21,1,2,5.0,1364000.0,1.0
2025,12,1,1,1,38,1,2,10.0,4945000.0,64.0
2025,12,3,1,2,22,3,1,5.0,1015000.0,96.0
2025,12,2,1,2,53,2,2,3.0,5743000.0,45.0
2025,12,3,1,2,25,3,1,8.0,1138000.0,86.0
2025,12,1,1,2,63,1,3,5.0,1279000.0,56.0
2025,12,2,1,2,22,2,2,5.0,1917000.0,47.0
2025,12,1,1,2,27,1,2,10.0,3262000.0,21.0
2025,12,2,1,1,35,3,1,5.0,3633000.0,20.0
2025,12,1,1,2,46,1,2,5.0,1255000.0,47.0
2025,12,2,1,2,43,2,2,11.0,5171000.0,70.0
2025,12,1,1,1,58,1,2,3.0,2788000.0,47.0
2025,12,2,1,2,63,2,2,5.0,635000.0,96.0
2025,12,2,1,1,21,2,2,3.0,1863000.0,10.0
2025,12,1,1,1,60,1,2,5.0,1253000.0,49.0
2025,12,2,1,2,43,2,2,5.0,306000.0,81.0
2025,12,2,1,2,46,2,2,5.0,619000.0,47.0
2025,12,1,1,1,45,1,2,10.0,2216000.0,94.0
2025,12,1,1,2,34,1,2,10.0,713000.0,47.0
2025,12,2,1,1,37,2,2,5.0,1608000.0,46.0
2025,12,1,1,1,52,1,2,3.0,1999000.0,33.0
2025,12,1,1,1,31,1,2,5.0,2580000.0,56.0
2025,12,1,1,1,26,1,2,5.0,878000.0,47.0
2025,12,1,1,1,62,1,2,10.0,4647000.0,85.0
2025,12,1,1,1,41,1,2,3.0,1667000.0,80.0
2025,12,1,1,1,19,1,2,5.0,1711000.0,73.0
2025,12,1,1,1,60,1,3,3.0,4524000.0,1.0
2025,12,2,1,2,37,3,1,5.0,900000.0,45.0
2025,12,4,1,2,18,8,2,5.0,725000.0,56.0
2025,12,1,1,2,38,1,2,5.0,730000.0,56.0
2025,12,1,1,1,58,1,2,3.0,2164000.0,94.0
2025,12,1,1,2,63,1,3,1.0,657000.0,97.0
2025,12,1,1,1,62,1,3,4.0,2922000.0,49.0
2025,12,1,1,2,32,1,1,8.0,1244000.0,47.0
2025,12,2,1,2,33,2,2,8.0,486000.0,82.0
2025,12,1,1,2,54,1,2,5.0,1347000.0,55.0
2025,12,2,1,2,47,2,2,8.0,1228000.0,69.0
2025,12,1,1,2,21,1,2,9.0,1243000.0,86.0
2025,12,1,1,1,42,1,2,9.0,1873000.0,52.0
2025,12,1,1,1,35,1,2,5.0,2287000.0,38.0
2025,12,2,1,1,32,2,2,5.0,3836000.0,49.0
2025,12,1,1,2,37,1,2,5.0,1224000.0,47.0
2025,12,2,1,1,28,2,2,5.0,1669000.0,79.0
2025,12,1,1,1,31,1,2,5.0,1899000.0,1.0
2025,12,2,1,1,62,2,3,1.0,480000.0,45.0
2025,12,3,1,1,25,6,2,5.0,706000.0,52.0
2025,12,1,1,2,40,1,2,8.0,1414000.0,86.0
2025,12,3,1,2,18,3,1,5.0,3207000.0,73.0
2025,12,2,1,2,37,2,3,5.0,1324000.0,96.0
2025,12,1,1,2,21,1,2,4.0,613000.0,7.0
2025,12,1,1,1,54,1,2,10.0,1942000.0,41.0
2025,12,1,1,1,41,1,2,10.0,5792000.0,47.0
2025,12,2,1,1,44,2,2,9.0,2273000.0,47.0
2025,12,1,1,2,75,1,3,4.0,160000.0,47.0
2025,12,1,1,1,44,1,2,12.0,2765000.0,85.0
2025,12,2,1,1,37,13,2,10.0,4147000.0,82.0
2025,12,2,1,2,21,3,1,8.0,1219000.0,49.0
2025,12,2,1,2,55,2,2,5.0,2023000.0,97.0
2025,12,1,1,2,30,1,2,10.0,2140000.0,33.0
2025,12,1,1,1,37,1,2,5.0,1633000.0,46.0
2025,12,1,1,2,53,1,2,8.0,1457000.0,49.0
2025,12,1,1,2,30,1,2,5.0,1414000.0,86.0
2025,12,1,1,1,37,1,2,5.0,1304000.0,31.0
2025,12,1,1,2,31,1,2,10.0,1177000.0,56.0
2025,12,1,1,1,35,1,3,3.0,3152000.0,47.0
2025,12,1,1,1,29,1,2,8.0,1454000.0,47.0
2025,12,1,1,1,38,1,3,3.0,1920000.0,1.0
2025,12,1,1,1,52,1,2,10.0,7113000.0,69.0
2025,12,1,1,1,57,1,3,5.0,1172000.0,96.0
2025,12,1,1,2,40,1,3,11.0,3160000.0,84.0
2025,12,2,1,2,45,2,2,10.0,1865000.0,97.0
2025,12,2,1,2,44,2,2,5.0,1815000.0,47.0
2025,12,1,1,1,40,1,2,4.0,3182000.0,45.0
2025,12,1,1,2,35,1,2,4.0,658000.0,96.0
2025,12,1,1,1,35,1,2,5.0,1301000.0,56.0
2025,12,2,1,2,37,2,2,10.0,668000.0,47.0
2025,12,2,1,1,44,2,2,3.0,1545000.0,50.0
2025,12,3,1,1,28,3,1,10.0,1994000.0,59.0
2025,12,2,1,2,38,2,2,5.0,1768000.0,92.0
2025,12,2,1,2,57,2,3,3.0,362000.0,1.0
2025,12,1,1,1,32,1,2,5.0,1839000.0,56.0
2025,12,2,1,2,38,3,1,9.0,0.0,47.0
2025,12,3,1,2,38,3,1,5.0,1136000.0,56.0
2025,12,2,1,1,41,2,2,5.0,1426000.0,56.0
2025,12,1,1,1,45,1,2,3.0,1738000.0,1.0
2025,12,2,1,1,18,3,1,4.0,838000.0,49.0
2025,12,3,1,1,21,3,1,10.0,2479000.0,85.0
2025,12,1,1,1,35,1,2,3.0,770000.0,41.0
2025,12,1,1,2,60,1,3,4.0,1153000.0,94.0
2025,12,1,1,1,20,1,2,4.0,1905000.0,47.0
2025,12,1,1,2,35,1,2,10.0,1959000.0,47.0
2025,12,1,1,1,51,1,2,3.0,1716000.0,1.0
2025,12,1,1,2,57,1,3,3.0,708000.0,47.0
2025,12,1,1,1,41,1,2,5.0,1638000.0,61.0
2025,12,2,1,2,53,2,3,10.0,9295000.0,45.0
2025,12,2,1,2,27,3,1,11.0,1898000.0,74.0
2025,12,2,1,1,65,4,3,3.0,669000.0,45.0
2025,12,1,1,2,60,1,2,10.0,4335000.0,94.0
2025,12,2,1,1,35,3,1,6.0,1646000.0,10.0
2025,12,1,1,2,45,1,2,9.0,1441000.0,47.0
2025,12,2,1,1,51,3,1,5.0,546000.0,49.0
2025,12,2,1,2,40,2,2,5.0,1513000.0,10.0
2025,12,8,1,2,30,7,2,5.0,263000.0,1.0
2025,12,5,1,1,37,3,1,10.0,947000.0,49.0
2025,12,4,1,2,20,3,3,6.0,304000.0,93.0
2025,12,1,1,1,62,1,1,3.0,571000.0,38.0
2025,12,2,1,2,57,2,3,8.0,927000.0,97.0
2025,12,4,1,2,23,3,1,8.0,567000.0,97.0
2025,12,1,1,2,73,1,2,5.0,135000.0,95.0
2025,12,2,1,1,28,2,2,5.0,3184000.0,49.0
2025,12,2,1,1,70,4,3,3.0,620000.0,38.0
2025,12,2,1,2,43,3,1,4.0,294000.0,56.0
2025,12,1,1,2,43,1,3,5.0,1406000.0,10.0
2025,12,1,1,1,42,1,2,9.0,3954000.0,45.0
2025,12,1,1,1,81,1,3,3.0,275000.0,43.0
2025,12,4,1,1,26,3,1,10.0,2520000.0,69.0
2025,12,4,1,1,53,6,2,4.0,1189000.0,49.0
2025,12,1,1,1,61,1,3,8.0,268000.0,1.0
2025,12,2,1,2,25,2,2,10.0,1298000.0,92.0
2025,12,3,1,1,28,7,2,5.0,1416000.0,43.0
2025,12,3,1,1,28,3,1,10.0,3060000.0,47.0
2025,12,1,1,1,24,1,2,8.0,2968000.0,84.0
2025,12,2,1,1,38,2,2,5.0,2963000.0,61.0
2025,12,2,1,2,27,2,2,10.0,3902000.0,49.0
2025,12,1,1,2,46,1,2,5.0,1017000.0,56.0
2025,12,1,1,1,56,1,2,5.0,2416000.0,14.0
2025,12,1,1,2,21,1,2,5.0,1206000.0,56.0
2025,12,3,1,1,23,3,1,5.0,1875000.0,41.0
2025,12,4,1,2,25,9,2,6.0,1619000.0,86.0
2025,12,5,1,1,30,7,2,5.0,2163000.0,47.0
2025,12,1,1,2,38,1,2,9.0,1561000.0,41.0
2025,12,1,1,1,40,1,2,12.0,11681000.0,84.0
2025,12,1,1,2,57,1,1,10.0,2738000.0,86.0
2025,12,1,1,2,38,1,2,5.0,2267000.0,85.0
2025,12,1,1,1,31,1,2,4.0,1871000.0,52.0
2025,12,1,1,1,78,1,3,3.0,799000.0,41.0
2025,12,1,1,2,68,1,3,4.0,297000.0,95.0
2025,12,1,1,2,35,1,3,11.0,0.0,69.0
2025,12,1,1,2,45,1,2,11.0,4295000.0,86.0
2025,12,4,1,2,33,13,2,5.0,1294000.0,56.0
2025,12,1,1,2,65,1,3,3.0,269000.0,97.0
2025,12,1,1,2,40,1,3,8.0,651000.0,93.0
2025,12,1,1,1,31,1,2,5.0,2240000.0,1.0
2025,12,1,1,2,54,1,3,6.0,511000.0,97.0
2025,12,1,1,2,30,1,2,3.0,1111000.0,47.0
2025,12,3,1,2,26,9,2,10.0,6044000.0,86.0
2025,12,2,1,2,30,2,2,5.0,1379000.0,56.0
2025,12,1,1,1,41,1,3,10.0,5686000.0,86.0
2025,12,1,1,2,40,1,2,3.0,661000.0,47.0
2025,12,3,1,2,61,9,3,11.0,2373000.0,74.0
2025,12,3,1,1,25,3,1,5.0,2037000.0,53.0
2025,12,2,1,2,23,3,1,5.0,440000.0,47.0
2025,12,2,1,1,38,2,2,5.0,4362000.0,13.0
2025,12,1,1,2,32,1,2,4.0,1005000.0,10.0
2025,12,1,1,1,55,1,3,3.0,955000.0,1.0
2025,12,1,1,2,45,1,3,12.0,6290000.0,85.0
2025,12,1,1,2,35,1,2,5.0,911000.0,96.0
2025,12,2,1,1,44,4,2,4.0,2639000.0,95.0
2025,12,1,1,1,60,1,3,5.0,3356000.0,84.0
2025,12,2,1,1,50,2,2,5.0,1404000.0,95.0
2025,12,1,1,1,57,1,3,3.0,1665000.0,1.0
2025,12,1,1,1,27,1,2,4.0,1649000.0,45.0
2025,12,1,1,2,53,1,2,1.0,176000.0,15.0
2025,12,1,1,1,46,1,2,10.0,17887000.0,59.0
2025,12,1,1,1,64,1,3,5.0,2882000.0,41.0
2025,12,1,1,1,66,1,3,4.0,1051000.0,49.0
2025,12,1,1,1,35,1,2,10.0,3264000.0,45.0
2025,12,1,1,1,34,1,2,8.0,794000.0,1.0
2025,12,2,1,2,43,2,2,5.0,1278000.0,55.0
2025,12,2,1,1,31,3,1,5.0,1161000.0,25.0
2025,12,1,1,2,43,1,2,11.0,4085000.0,85.0
2025,12,3,1,2,39,3,1,5.0,549000.0,81.0
2025,12,1,1,1,49,1,2,5.0,2694000.0,68.0
2025,12,1,1,2,34,1,2,10.0,3416000.0,91.0
2025,12,2,1,2,27,2,2,3.0,502000.0,97.0
2025,12,1,1,2,39,1,2,11.0,1375000.0,64.0
2025,12,1,1,2,27,1,2,10.0,1728000.0,38.0
2025,12,2,1,1,53,2,2,3.0,1858000.0,41.0
2025,12,1,1,2,58,1,2,3.0,172000.0,1.0
2025,12,2,1,1,21,8,2,5.0,980000.0,49.0
2025,12,3,1,2,21,3,1,10.0,840000.0,56.0
2025,12,1,1,2,66,1,3,4.0,138000.0,47.0
2025,12,3,1,2,58,3,1,10.0,2426000.0,85.0
2025,12,2,1,2,25,3,1,8.0,1331000.0,52.0
2025,12,1,2,2,28,1,2,5.0,521000.0,97.0
2025,12,4,1,1,19,9,2,5.0,1578000.0,15.0
2025,12,1,1,2,42,1,2,3.0,824000.0,97.0
2025,12,1,1,2,53,1,2,5.0,1457000.0,47.0
2025,12,3,1,2,32,3,1,5.0,1640000.0,46.0
2025,12,2,1,1,40,2,2,4.0,2049000.0,43.0
2025,12,1,1,2,50,1,2,9.0,2926000.0,86.0
2025,12,1,1,2,53,1,2,8.0,1344000.0,82.0
2025,12,2,1,2,54,2,1,10.0,2463000.0,10.0
2025,12,2,1,2,45,3,1,10.0,2154000.0,84.0
2025,12,5,1,2,39,9,1,5.0,1744000.0,86.0
2025,12,1,1,2,41,1,2,4.0,1235000.0,56.0
2025,12,2,1,2,27,2,3,5.0,672000.0,53.0
2025,12,1,1,2,45,1,2,10.0,1235000.0,86.0
2025,12,2,1,2,52,3,1,10.0,2363000.0,86.0
2025,12,2,1,2,35,2,2,3.0,391000.0,96.0
2025,12,2,1,1,48,2,3,5.0,3419000.0,64.0
2025,12,1,1,2,41,1,3,5.0,133000.0,56.0
2025,12,1,1,2,43,1,3,4.0,601000.0,95.0
2025,12,2,1,1,32,2,2,5.0,1770000.0,46.0
2025,12,4,1,2,49,6,3,8.0,343000.0,56.0
2025,12,4,1,2,18,3,1,8.0,1641000.0,47.0
2025,12,2,1,2,59,2,3,3.0,621000.0,38.0
2025,12,1,1,1,42,1,2,10.0,6022000.0,84.0
2025,12,2,1,1,34,2,2,3.0,871000.0,41.0
2025,12,2,1,2,32,2,2,10.0,1734000.0,58.0
2025,12,2,1,1,72,2,3,3.0,2261000.0,46.0
2025,12,1,1,2,61,1,3,4.0,4697000.0,56.0
2025,12,2,1,2,33,2,2,6.0,1051000.0,10.0
2025,12,1,1,2,41,1,2,5.0,1466000.0,49.0
2025,12,2,1,2,30,2,3,8.0,1393000.0,47.0
2025,12,2,1,2,37,2,2,5.0,851000.0,14.0
2025,12,1,1,1,54,1,3,3.0,1626000.0,49.0
2025,12,1,1,1,57,1,2,3.0,1838000.0,20.0
2025,12,1,1,2,23,1,2,6.0,943000.0,86.0
2025,12,2,1,2,32,2,1,8.0,2499000.0,96.0
2025,12,1,1,1,64,1,2,3.0,1475000.0,1.0
2025,12,1,1,2,31,1,2,5.0,1363000.0,96.0
2025,12,2,1,1,48,2,2,5.0,1426000.0,31.0
2025,12,1,1,2,26,1,2,10.0,3821000.0,85.0
2025,12,1,1,2,37,1,2,9.0,3024000.0,47.0
2025,12,1,1,1,38,1,2,3.0,1979000.0,1.0
2025,12,2,1,2,55,2,2,8.0,3530000.0,86.0
2025,12,1,1,1,55,1,2,3.0,1837000.0,49.0
2025,12,1,1,1,32,1,2,3.0,1365000.0,1.0
2025,12,2,1,1,20,8,2,5.0,119000.0,45.0
2025,12,4,1,2,30,3,1,5.0,1410000.0,47.0
2025,12,3,1,1,23,3,1,5.0,797000.0,95.0
2025,12,2,1,2,28,3,1,5.0,994000.0,97.0
2025,12,2,1,1,35,2,2,10.0,4839000.0,70.0
2025,12,1,1,1,57,1,2,1.0,1126000.0,41.0
2025,12,1,1,1,27,1,2,5.0,1088000.0,47.0
2025,12,1,1,2,41,1,2,8.0,0.0,65.0
2025,12,1,1,2,57,1,2,3.0,890000.0,97.0
2025,12,2,1,2,45,2,2,11.0,2632000.0,69.0
2025,12,1,1,1,38,1,2,3.0,2095000.0,1.0
2025,12,2,1,2,54,2,2,3.0,326000.0,81.0
2025,12,2,2,1,37,3,1,3.0,666000.0,38.0
2025,12,3,1,2,25,3,1,10.0,1202000.0,55.0
2025,12,2,1,2,56,2,3,4.0,3424000.0,14.0
2025,12,2,1,2,58,2,2,3.0,100000.0,96.0
2025,12,2,1,1,68,2,3,1.0,2105000.0,1.0
2025,12,2,1,2,54,3,1,8.0,1652000.0,86.0
2025,12,1,1,1,43,1,3,3.0,1589000.0,1.0
2025,12,2,1,2,22,3,1,5.0,1511000.0,56.0
2025,12,2,1,1,26,3,1,10.0,6004000.0,84.0
2025,12,2,1,2,56,2,2,5.0,272000.0,96.0
2025,12,3,1,2,39,3,1,10.0,2575000.0,47.0
2025,12,1,1,1,74,1,3,3.0,1605000.0,1.0
2025,12,1,1,1,39,1,2,5.0,2425000.0,52.0
2025,12,2,1,2,29,2,2,3.0,273000.0,81.0
2025,12,1,1,2,40,1,2,10.0,1158000.0,42.0
2025,12,2,1,1,35,2,2,10.0,1632000.0,46.0
2025,12,2,1,2,24,3,2,5.0,1560000.0,82.0
2025,12,1,1,2,30,1,2,10.0,2631000.0,90.0
2025,12,1,1,2,41,1,2,11.0,3269000.0,84.0
2025,12,1,1,1,32,1,2,5.0,2158000.0,20.0
2025,12,1,1,2,33,1,1,11.0,3582000.0,85.0
2025,12,2,1,2,23,6,2,10.0,376000.0,56.0
2025,12,1,1,1,59,1,3,3.0,139000.0,81.0
2025,12,3,1,2,43,3,1,5.0,2608000.0,82.0
2025,12,3,1,2,26,3,1,10.0,0.0,84.0
2025,12,3,1,1,30,3,1,5.0,1744000.0,23.0
2025,12,1,1,2,34,1,1,5.0,462000.0,97.0
2025,12,1,1,2,38,1,1,9.0,2315000.0,49.0
2025,12,3,1,1,27,3,1,5.0,620000.0,49.0
2025,12,4,1,1,25,3,1,4.0,1285000.0,49.0
2025,12,2,1,1,45,2,2,3.0,719000.0,96.0
2025,12,1,1,1,64,1,3,3.0,675000.0,47.0
2025,12,2,1,2,36,2,2,11.0,1711000.0,86.0
2025,12,1,1,1,56,1,3,3.0,2644000.0,68.0
2025,12,2,1,2,43,3,1,6.0,1560000.0,86.0
2025,12,1,1,2,34,1,2,4.0,1254000.0,10.0
2025,12,1,1,2,48,1,2,3.0,940000.0,96.0
2025,12,3,1,1,23,3,1,10.0,1813000.0,47.0
2025,12,2,1,2,66,2,3,3.0,1579000.0,18.0
2025,12,6,1,1,28,6,2,3.0,2116000.0,41.0
2025,12,1,1,1,50,1,3,3.0,1762000.0,49.0
2025,12,1,1,1,59,1,2,10.0,10349000.0,85.0
2025,12,2,1,1,33,2,2,10.0,1730000.0,71.0
2025,12,2,1,2,30,2,2,10.0,979000.0,56.0
2025,12,1,1,2,54,1,2,3.0,515000.0,64.0
2025,12,1,1,2,44,1,2,8.0,623000.0,64.0
2025,12,2,1,1,43,3,3,3.0,1298000.0,49.0
2025,12,2,1,1,68,2,3,4.0,1742000.0,49.0
2025,12,1,1,2,48,1,3,5.0,622000.0,47.0
2025,12,1,1,1,36,1,2,5.0,843000.0,43.0
2025,12,2,1,2,50,2,2,4.0,1153000.0,68.0
2025,12,5,1,2,22,7,3,8.0,2028000.0,86.0
2025,12,1,1,2,44,1,2,5.0,1120000.0,56.0
2025,12,3,1,1,29,3,1,10.0,2934000.0,61.0
2025,12,2,1,2,46,3,1,3.0,379000.0,56.0
2025,12,2,1,2,26,2,2,10.0,2125000.0,73.0
2025,12,1,1,1,50,1,2,10.0,6846000.0,74.0
2025,12,1,1,1,63,1,3,10.0,5843000.0,47.0
2025,12,2,1,2,63,2,3,9.0,12185000.0,32.0
2025,12,1,1,2,43,1,2,10.0,3947000.0,84.0
2025,12,6,1,1,40,3,1,3.0,2547000.0,45.0
2025,12,1,1,2,20,1,2,5.0,608000.0,1.0
2025,12,1,1,1,26,1,2,10.0,2398000.0,53.0
2025,12,1,1,2,44,1,2,3.0,250000.0,97.0
2025,12,1,1,2,39,1,2,4.0,704000.0,47.0
2025,12,3,1,1,26,3,1,10.0,2578000.0,47.0
2025,12,1,1,1,47,1,3,8.0,1315000.0,86.0
2025,12,1,1,1,43,1,2,5.0,4234000.0,41.0
2025,12,1,1,1,59,1,3,3.0,2172000.0,41.0
2025,12,1,1,1,34,1,2,5.0,1231000.0,49.0
2025,12,2,1,1,27,13,2,8.0,2181000.0,56.0
2025,12,2,1,1,62,2,2,4.0,2311000.0,85.0
2025,12,2,1,2,42,3,1,10.0,2598000.0,84.0
2025,12,2,1,2,44,2,2,5.0,1269000.0,47.0
2025,12,4,1,1,20,8,1,5.0,308000.0,56.0
2025,12,3,1,2,29,8,1,5.0,321000.0,10.0
2025,12,1,1,2,51,1,2,3.0,1586000.0,47.0
2025,12,1,1,1,69,1,3,3.0,1925000.0,47.0
2025,12,4,1,1,23,3,1,10.0,893000.0,52.0
2025,12,2,1,1,21,3,1,5.0,1683000.0,49.0
2025,12,2,1,2,40,2,2,12.0,9823000.0,85.0
2025,12,2,1,2,54,2,3,12.0,3608000.0,85.0
2025,12,2,1,2,37,2,2,9.0,1988000.0,47.0
2025,12,3,1,1,24,3,1,10.0,3953000.0,82.0
2025,12,1,1,1,58,1,2,10.0,12353000.0,56.0
2025,12,1,1,1,38,1,2,9.0,6032000.0,84.0
2025,12,1,1,2,39,1,1,10.0,2969000.0,46.0
2025,12,2,1,1,24,3,1,5.0,1753000.0,96.0
2025,12,3,1,2,18,3,1,10.0,2425000.0,84.0
2025,12,2,1,2,28,2,2,8.0,343000.0,10.0
2025,12,2,1,2,34,2,2,5.0,141000.0,47.0
2025,12,1,1,2,28,1,2,10.0,1297000.0,31.0
2025,12,1,1,2,29,1,2,11.0,11712000.0,84.0
2025,12,1,1,1,70,1,3,4.0,3650000.0,56.0
2025,12,4,1,1,30,3,1,5.0,1858000.0,41.0
2025,12,3,1,2,65,5,2,1.0,528000.0,14.0
2025,12,1,1,1,33,1,2,5.0,1088000.0,49.0
2025,12,1,1,1,54,1,2,5.0,1558000.0,52.0
2025,12,2,1,2,28,2,2,5.0,853000.0,47.0
2025,12,1,1,2,37,1,2,5.0,478000.0,96.0
2025,12,2,1,2,42,2,2,10.0,2977000.0,85.0
2025,12,1,1,1,45,1,2,5.0,2100000.0,46.0
2025,12,2,1,1,33,2,2,5.0,935000.0,47.0
2025,12,3,1,2,21,6,2,5.0,1668000.0,43.0
2025,12,1,1,1,58,1,2,4.0,4089000.0,32.0
2025,12,2,1,1,59,2,2,3.0,436000.0,1.0
2025,12,1,1,1,50,1,2,3.0,2783000.0,41.0
2025,12,1,1,1,59,1,3,5.0,1902000.0,42.0
2025,12,3,1,2,32,3,1,10.0,3765000.0,85.0
2025,12,1,1,2,62,1,2,4.0,321000.0,47.0
2025,12,2,1,1,21,3,1,5.0,991000.0,47.0
2025,12,2,1,1,21,2,2,5.0,1847000.0,56.0
2025,12,1,1,2,47,1,3,4.0,481000.0,81.0
2025,12,2,1,1,49,2,2,5.0,0.0,49.0
2025,12,3,1,1,29,3,1,10.0,3303000.0,62.0
2025,12,1,1,1,47,1,2,5.0,17198000.0,1.0
2025,12,1,1,1,80,1,3,1.0,1202000.0,32.0
2025,12,2,1,2,35,2,2,11.0,2827000.0,43.0
2025,12,1,1,2,42,1,1,9.0,1435000.0,68.0
2025,12,2,1,2,50,2,3,10.0,3155000.0,86.0
2025,12,1,1,2,26,1,2,10.0,1384000.0,56.0
2025,12,1,1,2,38,1,2,5.0,1495000.0,47.0
2025,12,3,1,2,26,3,1,8.0,1557000.0,47.0
2025,12,2,1,2,29,2,2,9.0,2301000.0,46.0
2025,12,1,1,1,55,1,2,3.0,1654000.0,47.0
2025,12,1,1,2,34,1,2,8.0,1316000.0,86.0
2025,12,2,1,2,38,2,2,8.0,2179000.0,69.0
2025,12,1,1,2,55,1,3,5.0,173000.0,14.0
2025,12,5,1,2,25,3,1,10.0,526000.0,69.0
2025,12,2,1,2,42,2,2,5.0,456000.0,45.0
2025,12,1,1,2,45,1,2,10.0,2803000.0,86.0
2025,12,4,1,1,67,13,3,3.0,256000.0,1.0
2025,12,1,1,2,27,1,2,9.0,1269000.0,47.0
2025,12,1,1,2,46,1,3,3.0,227000.0,81.0
2025,12,1,1,1,59,1,2,3.0,1516000.0,68.0
2025,12,1,1,2,44,1,2,5.0,1471000.0,47.0
2025,12,2,1,2,31,2,2,8.0,2483000.0,86.0
2025,12,1,1,1,23,1,2,5.0,2061000.0,41.0
2025,12,3,1,1,29,3,2,10.0,3846000.0,69.0
2025,12,6,1,2,19,8,2,5.0,917000.0,59.0
2025,12,2,1,2,28,3,1,10.0,2700000.0,84.0
2025,12,2,1,1,42,2,2,11.0,2871000.0,49.0
2025,12,1,1,1,59,1,2,9.0,11601000.0,69.0
2025,12,5,1,2,61,10,3,3.0,3013000.0,97.0
2025,12,1,1,1,65,1,3,3.0,1264000.0,1.0
2025,12,2,1,1,62,2,3,3.0,0.0,41.0
2025,12,2,1,1,45,2,2,10.0,6529000.0,42.0
2025,12,1,1,2,22,1,2,5.0,2274000.0,96.0
2025,12,3,1,2,23,3,1,5.0,375000.0,97.0
2025,12,2,1,1,29,2,2,10.0,952000.0,85.0
2025,12,1,1,1,38,1,2,10.0,6300000.0,52.0
2025,12,6,1,1,30,9,2,9.0,5123000.0,84.0
2025,12,2,1,1,23,2,2,3.0,1097000.0,49.0
2025,12,1,1,1,62,1,2,3.0,766000.0,3.0
2025,12,1,1,2,64,1,3,8.0,1835000.0,86.0
2025,12,2,1,2,49,2,2,11.0,4374000.0,85.0
2025,12,2,1,2,34,2,2,3.0,423000.0,97.0
2025,12,7,1,1,31,7,2,8.0,2302000.0,23.0
2025,12,1,1,1,64,1,3,1.0,852000.0,1.0
2025,12,1,1,1,57,1,3,3.0,1722000.0,1.0
2025,12,3,1,2,34,3,1,5.0,2273000.0,84.0
2025,12,1,1,1,60,1,2,8.0,1846000.0,47.0
2025,12,5,1,2,20,9,2,6.0,348000.0,1.0
2025,12,1,1,1,53,1,3,5.0,3323000.0,86.0
2025,12,2,1,2,78,2,3,3.0,0.0,15.0
2025,12,2,1,2,32,3,1,5.0,1353000.0,22.0
2025,12,1,1,1,49,1,3,3.0,1683000.0,1.0
2025,12,1,1,2,40,1,2,8.0,2778000.0,94.0
2025,12,2,1,2,33,2,2,5.0,100000.0,47.0
2025,12,1,1,1,34,1,2,8.0,2252000.0,51.0
2025,12,1,1,2,35,1,2,10.0,1989000.0,61.0
2025,12,1,1,2,35,1,2,12.0,2737000.0,85.0
2025,12,1,1,1,51,1,3,3.0,3290000.0,47.0
2025,12,2,1,2,36,2,2,11.0,6512000.0,86.0
2025,12,1,1,2,45,1,2,10.0,4981000.0,85.0
2025,12,2,1,2,58,2,3,4.0,306000.0,47.0
2025,12,2,1,2,71,3,1,3.0,223000.0,13.0
2025,12,1,1,2,66,1,3,3.0,244000.0,14.0
2025,12,2,1,2,43,2,2,6.0,637000.0,86.0
2025,12,1,1,2,69,1,3,4.0,454000.0,97.0
2025,12,1,1,2,48,1,2,5.0,0.0,46.0
2025,12,2,1,2,62,2,3,11.0,6455000.0,85.0
2025,12,1,1,1,54,1,3,5.0,9063000.0,1.0
2025,12,1,1,1,59,1,3,3.0,1334000.0,1.0
2025,12,1,1,2,37,1,2,5.0,2790000.0,47.0
2025,12,1,1,1,42,1,2,5.0,3146000.0,52.0
2025,12,3,1,2,27,9,2,4.0,1414000.0,56.0
2025,12,1,1,1,35,1,2,5.0,4454000.0,84.0
2025,12,1,1,1,72,1,3,3.0,1405000.0,41.0
2025,12,1,1,1,48,1,2,5.0,1393000.0,49.0
2025,12,2,1,2,39,2,2,9.0,3187000.0,84.0
2025,12,1,1,1,44,1,2,5.0,1671000.0,49.0
2025,12,1,1,2,31,1,2,10.0,3447000.0,46.0
2025,12,2,1,2,49,2,2,5.0,100000.0,96.0
2025,12,2,1,1,53,2,3,3.0,901000.0,1.0
2025,12,4,1,1,20,3,1,3.0,1766000.0,31.0
2025,12,1,1,1,40,1,2,11.0,7236000.0,85.0
2025,12,2,1,1,24,13,2,4.0,1196000.0,56.0
2025,12,1,1,1,22,1,2,8.0,3486000.0,49.0
2025,12,1,1,1,31,1,2,8.0,1527000.0,49.0
2025,12,1,1,2,43,1,2,3.0,183000.0,15.0
2025,12,2,1,2,38,2,2,5.0,1514000.0,1.0
2025,12,1,1,1,39,1,2,5.0,1705000.0,41.0
2025,12,2,1,2,41,2,2,13.0,6244000.0,85.0
2025,12,1,1,1,41,1,2,12.0,9075000.0,73.0
2025,12,2,1,1,45,2,2,3.0,1649000.0,30.0
2025,12,1,1,2,37,1,2,5.0,1197000.0,15.0
2025,12,2,1,1,27,2,2,4.0,2147000.0,49.0
2025,12,1,1,2,19,1,2,5.0,431000.0,15.0
2025,12,2,1,2,21,2,2,8.0,152000.0,47.0
2025,12,1,1,2,37,1,2,3.0,394000.0,56.0
2025,12,3,1,1,39,3,1,10.0,7250000.0,84.0
2025,12,2,1,2,25,2,2,11.0,2452000.0,84.0
2025,12,1,1,1,36,1,2,5.0,1943000.0,41.0
2025,12,1,1,2,62,1,3,8.0,0.0,84.0
2025,12,1,1,1,39,1,2,11.0,1691000.0,1.0
2025,12,1,1,1,37,1,2,12.0,7804000.0,84.0
2025,12,1,1,1,57,1,2,5.0,2354000.0,55.0
2025,12,3,1,2,21,3,1,4.0,113000.0,47.0
2025,12,2,1,2,41,3,3,9.0,2544000.0,84.0
2025,12,1,1,1,34,1,2,5.0,1958000.0,46.0
2025,12,1,1,1,62,1,3,3.0,1169000.0,41.0
2025,12,3,1,2,23,7,2,5.0,1347000.0,14.0
2025,12,5,1,2,20,3,1,5.0,504000.0,56.0
2025,12,1,1,2,52,1,3,5.0,331000.0,81.0
2025,12,2,1,1,48,2,2,5.0,2520000.0,49.0
2025,12,1,1,2,42,1,2,10.0,1605000.0,49.0
2025,12,2,1,2,54,6,3,9.0,1582000.0,56.0
2025,12,4,1,1,32,7,2,8.0,2336000.0,25.0
2025,12,2,1,1,21,3,1,4.0,2080000.0,49.0
2025,12,2,1,2,32,2,3,5.0,877000.0,10.0
2025,12,1,1,2,39,1,3,8.0,0.0,56.0
2025,12,2,1,2,50,2,2,12.0,7471000.0,85.0
2025,12,2,1,2,18,3,1,5.0,193000.0,96.0
2025,12,1,1,1,36,1,2,11.0,9392000.0,86.0
2025,12,1,1,2,68,1,3,5.0,299000.0,1.0
2025,12,2,1,1,40,2,2,10.0,3937000.0,86.0
2025,12,3,1,2,26,3,1,10.0,2734000.0,86.0
2025,12,1,1,1,52,1,2,1.0,1068000.0,31.0
2025,12,2,1,1,62,2,3,3.0,375000.0,38.0
2025,12,1,1,2,70,1,3,3.0,100000.0,56.0
2025,12,1,1,1,36,1,2,5.0,2045000.0,27.0
2025,12,1,1,1,38,1,2,10.0,13590000.0,42.0
2025,12,1,1,1,26,1,2,3.0,1559000.0,41.0
2025,12,6,1,2,30,3,1,5.0,315000.0,56.0
2025,12,2,1,2,30,2,2,8.0,2316000.0,86.0
2025,12,1,1,2,25,1,2,5.0,169000.0,47.0
2025,12,1,1,2,37,1,2,12.0,15570000.0,47.0
2025,12,6,1,1,23,3,1,4.0,621000.0,41.0
2025,12,3,1,2,34,3,1,8.0,1348000.0,56.0
2025,12,2,1,1,18,8,2,3.0,1737000.0,1.0
2025,12,1,1,2,57,1,3,5.0,1194000.0,47.0
2025,12,1,1,1,54,1,3,3.0,1166000.0,1.0
2025,12,1,1,2,51,1,2,5.0,250000.0,1.0
2025,12,2,1,1,35,2,2,5.0,1365000.0,49.0
2025,12,2,1,2,35,2,2,10.0,2094000.0,85.0
2025,12,1,1,2,46,1,2,9.0,1523000.0,13.0
2025,12,1,1,1,45,1,3,3.0,1368000.0,41.0
2025,12,1,1,1,49,1,2,5.0,2012000.0,31.0
2025,12,2,1,2,32,2,2,10.0,1790000.0,47.0
2025,12,2,1,1,56,2,3,3.0,1586000.0,95.0
2025,12,3,1,2,46,7,2,5.0,835000.0,56.0
2025,12,1,1,1,43,1,2,5.0,694000.0,53.0
2025,12,1,1,1,47,1,2,3.0,2578000.0,47.0
2025,12,1,1,2,32,1,2,5.0,1380000.0,56.0
2025,12,2,1,1,33,2,2,5.0,1566000.0,56.0
2025,12,4,1,2,20,3,1,10.0,398000.0,56.0
2025,12,1,1,2,62,1,3,4.0,473000.0,56.0
2025,12,1,1,1,42,1,1,3.0,1195000.0,1.0
2025,12,1,1,1,42,1,2,6.0,2223000.0,47.0
2025,12,1,1,1,69,1,3,3.0,1074000.0,1.0
2025,12,1,1,1,38,1,2,8.0,1849000.0,45.0
2025,12,2,1,1,38,3,1,10.0,7779000.0,86.0
2025,12,1,1,1,29,1,2,5.0,2360000.0,25.0
2025,12,1,1,1,37,1,2,5.0,3445000.0,47.0
2025,12,2,1,2,51,2,2,10.0,3459000.0,85.0
2025,12,4,1,1,31,3,1,5.0,1202000.0,10.0
2025,12,2,1,2,56,2,2,5.0,1632000.0,14.0
2025,12,1,1,2,38,1,3,5.0,0.0,86.0
2025,12,2,1,1,36,3,1,5.0,1738000.0,47.0
2025,12,1,1,2,33,1,2,8.0,988000.0,56.0
2025,12,2,1,1,29,2,2,5.0,1790000.0,41.0
2025,12,2,1,1,47,2,3,1.0,1824000.0,41.0
2025,12,1,1,2,43,1,3,11.0,2053000.0,84.0
2025,12,1,1,1,30,1,2,5.0,2736000.0,1.0
2025,12,2,1,1,29,2,2,5.0,2386000.0,1.0
2025,12,1,1,1,43,1,3,1.0,723000.0,1.0
2025,12,5,1,2,27,3,1,8.0,370000.0,14.0
2025,12,2,1,2,33,2,2,11.0,4508000.0,86.0
2025,12,1,1,2,35,1,2,10.0,4845000.0,46.0
2025,12,4,1,1,30,3,1,10.0,3452000.0,84.0
2025,12,2,1,2,23,3,1,8.0,1478000.0,47.0
2025,12,1,1,2,21,1,2,5.0,558000.0,97.0
2025,12,1,1,1,64,1,3,4.0,1184000.0,1.0
2025,12,1,1,2,56,1,3,10.0,4302000.0,73.0
2025,12,2,1,1,44,2,2,9.0,7853000.0,84.0
2025,12,2,1,1,66,2,2,8.0,1812000.0,47.0
2025,12,2,1,2,29,3,1,10.0,1445000.0,59.0
2025,12,1,1,2,32,1,2,4.0,705000.0,47.0
2025,12,1,1,2,38,1,2,8.0,1902000.0,86.0
2025,12,1,1,1,80,1,3,12.0,10790000.0,85.0
2025,12,2,1,1,45,2,2,3.0,1327000.0,31.0
2025,12,1,1,1,74,1,3,1.0,1532000.0,1.0
2025,12,1,1,1,24,1,1,10.0,1223000.0,13.0
2025,12,1,1,1,26,1,2,10.0,6023000.0,86.0
2025,12,1,1,1,36,1,2,10.0,4557000.0,84.0
2025,12,2,1,2,27,2,2,10.0,1432000.0,86.0
2025,12,4,1,1,38,6,1,4.0,604000.0,56.0
2025,12,1,1,1,46,1,3,5.0,990000.0,1.0
2025,12,2,1,2,43,2,2,4.0,1175000.0,81.0
2025,12,1,1,2,39,1,2,5.0,1380000.0,86.0
2025,12,1,1,2,46,1,2,10.0,2522000.0,46.0
2025,12,2,1,1,30,2,2,10.0,4522000.0,84.0
2025,12,1,1,2,55,1,2,3.0,1058000.0,47.0
2025,12,2,1,2,42,2,2,3.0,0.0,47.0
2025,12,1,1,2,77,1,3,4.0,1166000.0,52.0
2025,12,1,1,1,25,1,2,10.0,2177000.0,46.0
2025,12,2,1,1,35,2,2,5.0,4931000.0,84.0
2025,12,1,1,1,71,1,3,10.0,0.0,94.0
2025,12,1,1,1,42,1,2,5.0,2362000.0,47.0
2025,12,1,1,2,37,1,2,5.0,1454000.0,86.0
2025,12,1,1,1,33,1,2,10.0,0.0,47.0
2025,12,2,1,1,20,6,2,6.0,1945000.0,47.0
2025,12,6,1,2,37,3,1,10.0,0.0,96.0
2025,12,1,1,2,30,1,3,5.0,1270000.0,86.0
2025,12,1,1,1,60,1,2,10.0,4312000.0,84.0
2025,12,2,1,1,36,13,3,4.0,1424000.0,1.0
2025,12,2,1,1,65,2,2,10.0,6108000.0,84.0
2025,12,2,1,2,47,2,2,3.0,186000.0,46.0
2025,12,1,1,2,31,1,2,5.0,670000.0,56.0
2025,12,1,1,1,35,1,2,3.0,2980000.0,1.0
2025,12,2,1,2,42,2,2,5.0,1450000.0,10.0
2025,12,4,1,1,22,3,1,4.0,1514000.0,41.0
2025,12,1,1,2,75,1,3,4.0,265000.0,95.0
2025,12,2,1,1,42,2,2,4.0,674000.0,1.0
2025,12,1,1,1,26,1,2,8.0,2293000.0,5.0
2025,12,1,1,1,46,1,3,5.0,1699000.0,1.0
2025,12,2,1,2,50,3,1,3.0,1495000.0,55.0
2025,12,1,1,2,48,1,3,3.0,239000.0,1.0
2025,12,1,1,1,27,1,2,3.0,1293000.0,1.0
2025,12,2,1,2,22,3,1,10.0,1529000.0,97.0
2025,12,1,1,2,34,1,2,5.0,1191000.0,1.0
2025,12,1,1,1,60,1,3,3.0,1025000.0,47.0
2025,12,2,1,2,42,2,2,9.0,1416000.0,80.0
2025,12,1,1,1,57,1,2,6.0,2005000.0,47.0
2025,12,1,1,2,28,1,2,5.0,550000.0,81.0
2025,12,1,1,1,61,1,3,4.0,1094000.0,1.0
2025,12,2,1,1,45,3,1,5.0,335000.0,95.0
2025,12,2,1,1,33,2,2,8.0,2316000.0,55.0
2025,12,1,1,2,23,1,2,11.0,984000.0,86.0
2025,12,1,1,2,48,1,2,5.0,1462000.0,47.0
2025,12,1,1,1,40,1,2,10.0,4044000.0,62.0
2025,12,1,1,1,29,1,2,5.0,2375000.0,49.0
2025,12,1,1,2,46,1,2,3.0,627000.0,47.0
2025,12,1,1,2,30,1,2,5.0,0.0,53.0
2025,12,1,1,2,44,1,2,3.0,546000.0,81.0
2025,12,3,1,2,34,3,1,8.0,850000.0,56.0
2025,12,3,1,1,24,3,1,5.0,1547000.0,13.0
2025,12,1,1,1,33,1,2,4.0,1871000.0,96.0
2025,12,2,1,2,23,6,2,5.0,1636000.0,68.0
2025,12,1,1,2,48,1,2,10.0,1154000.0,86.0
2025,12,3,1,2,27,3,1,10.0,1943000.0,94.0
2025,12,1,1,2,35,1,2,4.0,1045000.0,81.0
2025,12,2,1,2,37,2,2,4.0,468000.0,96.0
2025,12,1,1,2,44,1,2,11.0,3695000.0,36.0
2025,12,1,1,1,27,1,2,10.0,1806000.0,41.0
2025,12,2,1,1,27,2,2,5.0,964000.0,41.0
2025,12,1,1,1,64,1,2,5.0,296000.0,95.0
2025,12,2,1,2,36,2,3,10.0,5258000.0,79.0
2025,12,1,1,2,25,1,2,1.0,744000.0,56.0
2025,12,2,1,1,38,2,2,3.0,2198000.0,41.0
2025,12,1,1,1,22,1,2,5.0,1466000.0,80.0
2025,12,1,1,2,29,1,2,8.0,438000.0,56.0
2025,12,2,1,1,54,2,2,4.0,768000.0,41.0
2025,12,3,1,1,23,3,1,5.0,2165000.0,49.0
2025,12,1,1,2,36,1,2,5.0,1674000.0,86.0
2025,12,2,1,1,26,3,1,10.0,4650000.0,56.0
2025,12,1,1,2,54,1,3,5.0,1416000.0,10.0
2025,12,2,1,1,75,2,2,3.0,244000.0,95.0
2025,12,3,1,1,35,3,1,5.0,3246000.0,1.0
2025,12,1,1,1,44,1,2,5.0,1454000.0,41.0
2025,12,2,1,2,44,2,2,4.0,633000.0,81.0
2025,12,1,1,2,41,1,2,5.0,812000.0,86.0
2025,12,1,1,1,30,1,2,5.0,5017000.0,84.0
2025,12,1,1,2,44,1,1,5.0,1955000.0,87.0
2025,12,1,1,2,55,1,3,5.0,1101000.0,86.0
2025,12,1,1,1,50,1,3,3.0,2133000.0,41.0
2025,12,2,1,1,41,2,2,10.0,470000.0,96.0
2025,12,1,1,1,29,1,2,5.0,1138000.0,3.0
2025,12,2,1,1,42,13,2,5.0,1346000.0,14.0
2025,12,1,1,2,36,1,2,10.0,821000.0,45.0
2025,12,3,1,1,25,3,1,5.0,2308000.0,84.0
2025,12,2,1,2,18,8,2,10.0,120000.0,15.0
2025,12,2,1,2,40,2,2,5.0,1677000.0,86.0
2025,12,3,1,2,50,3,1,4.0,943000.0,56.0
2025,12,1,1,1,34,1,2,9.0,7106000.0,6.0
2025,12,1,1,2,37,1,2,5.0,1408000.0,47.0
2025,12,2,1,2,21,3,1,8.0,1598000.0,86.0
2025,12,1,1,1,59,1,2,3.0,305000.0,10.0
2025,12,2,1,2,22,2,2,9.0,1412000.0,47.0
2025,12,1,1,2,40,1,2,8.0,2129000.0,64.0
2025,12,1,1,2,43,1,2,10.0,4767000.0,84.0
2025,12,1,1,1,57,1,3,8.0,1872000.0,49.0
2025,12,2,1,2,27,2,2,9.0,2494000.0,56.0
2025,12,1,1,2,46,1,2,10.0,1783000.0,85.0
2025,12,1,1,2,35,1,2,6.0,1334000.0,96.0
2025,12,2,1,2,44,2,2,11.0,15699000.0,50.0
2025,12,1,1,1,38,1,2,9.0,1923000.0,47.0
2025,12,2,1,2,39,2,2,3.0,435000.0,47.0
2025,12,1,1,1,40,1,3,3.0,1555000.0,35.0
2025,12,3,1,1,35,3,1,10.0,1875000.0,14.0
2025,12,1,1,2,47,1,1,5.0,1036000.0,47.0
2025,12,1,1,1,20,1,2,10.0,709000.0,56.0
2025,12,1,1,2,77,1,3,1.0,224000.0,56.0
2025,12,4,1,2,22,6,3,5.0,358000.0,56.0
2025,12,1,1,2,63,1,3,1.0,193000.0,81.0
2025,12,2,1,2,44,2,2,3.0,1407000.0,10.0
2025,12,2,1,2,22,13,2,5.0,6211000.0,73.0
2025,12,1,1,1,45,1,2,5.0,12064000.0,55.0
2025,12,2,1,2,25,2,2,10.0,539000.0,47.0
2025,12,2,1,1,36,2,2,12.0,5265000.0,64.0
2025,12,1,1,2,30,1,2,5.0,1264000.0,10.0
2025,12,3,1,1,27,3,1,8.0,2261000.0,56.0
2025,12,1,1,1,70,1,3,4.0,584000.0,47.0
2025,12,1,1,2,40,1,2,10.0,1273000.0,55.0
2025,12,2,1,1,49,2,2,3.0,0.0,50.0
2025,12,1,1,1,35,1,2,4.0,888000.0,46.0
2025,12,3,1,1,21,3,1,4.0,869000.0,41.0
2025,12,1,1,1,64,1,3,3.0,309000.0,96.0
2025,12,1,1,1,79,1,3,3.0,560000.0,1.0
2025,12,1,1,1,50,1,2,5.0,2053000.0,45.0
2025,12,2,1,2,28,6,2,10.0,3670000.0,84.0
2025,12,4,1,1,57,9,2,5.0,2765000.0,85.0
2025,12,1,1,1,67,1,3,3.0,1407000.0,97.0
2025,12,1,1,1,59,1,2,6.0,1393000.0,10.0
2025,12,3,1,1,36,3,1,4.0,887000.0,1.0
2025,12,1,1,2,30,1,2,5.0,930000.0,49.0
2025,12,2,1,2,36,2,2,10.0,757000.0,85.0
2025,12,2,1,2,56,2,2,11.0,3097000.0,85.0
2025,12,2,1,1,63,2,3,5.0,1541000.0,86.0
2025,12,2,1,2,28,2,2,9.0,434000.0,56.0
2025,12,7,1,1,33,12,2,5.0,3810000.0,31.0
2025,12,2,1,1,28,2,2,10.0,3122000.0,85.0
2025,12,1,1,2,45,1,2,8.0,3547000.0,84.0
2025,12,1,1,2,43,1,2,3.0,1634000.0,97.0
2025,12,3,1,2,39,7,3,10.0,3727000.0,73.0
2025,12,3,1,2,32,3,1,8.0,1404000.0,84.0
2025,12,2,1,2,48,2,3,5.0,1061000.0,81.0
2025,12,2,1,2,57,2,3,5.0,0.0,47.0
2025,12,2,1,2,43,2,2,4.0,1049000.0,56.0
2025,12,1,1,1,46,1,2,10.0,962000.0,96.0
2025,12,2,1,2,38,2,3,10.0,0.0,69.0
2025,12,2,1,2,48,2,2,9.0,2553000.0,58.0
2025,12,1,1,2,23,1,2,10.0,2620000.0,38.0
2025,12,1,1,2,56,1,2,3.0,454000.0,56.0
2025,12,1,1,1,58,1,2,11.0,6972000.0,84.0
2025,12,1,1,2,24,1,2,9.0,1798000.0,64.0
2025,12,3,1,1,23,3,1,6.0,2517000.0,47.0
2025,12,2,1,2,59,2,2,10.0,4400000.0,85.0
2025,12,3,1,2,28,3,2,1.0,153000.0,47.0
2025,12,1,1,1,27,1,2,8.0,833000.0,74.0
2025,12,2,1,1,23,3,1,5.0,1985000.0,47.0
2025,12,1,1,2,46,1,2,5.0,1659000.0,56.0
2025,12,2,1,1,19,3,1,8.0,833000.0,56.0
2025,12,3,1,1,41,3,1,10.0,800000.0,74.0
2025,12,2,1,2,63,2,3,5.0,321000.0,95.0
2025,12,1,1,2,60,1,3,1.0,230000.0,15.0
2025,12,1,1,1,25,1,2,10.0,455000.0,96.0
2025,12,1,1,2,51,1,2,8.0,282000.0,47.0
2025,12,3,1,2,29,3,1,4.0,2244000.0,10.0
2025,12,1,1,1,39,1,2,3.0,784000.0,31.0
2025,12,2,1,1,50,3,1,5.0,2487000.0,49.0
2025,12,2,1,2,23,2,2,3.0,215000.0,15.0
2025,12,1,1,2,34,1,2,12.0,3577000.0,86.0
2025,12,3,1,1,19,3,1,5.0,2085000.0,96.0
2025,12,1,1,1,39,1,2,5.0,2390000.0,49.0
2025,12,2,1,1,42,2,2,5.0,492000.0,32.0
2025,12,1,1,2,58,1,3,4.0,429000.0,56.0
2025,12,2,1,2,45,2,2,8.0,1368000.0,55.0
2025,12,3,1,1,23,3,1,6.0,2036000.0,81.0
2025,12,1,1,2,35,1,1,10.0,1986000.0,64.0
2025,12,4,1,1,20,3,1,5.0,1634000.0,96.0
2025,12,1,1,1,54,1,2,10.0,2983000.0,41.0
2025,12,2,1,2,54,2,2,4.0,1411000.0,14.0
2025,12,1,1,1,56,1,3,10.0,0.0,86.0
2025,12,1,1,1,19,1,2,5.0,4757000.0,51.0
2025,12,2,1,2,36,2,2,10.0,3430000.0,94.0
2025,12,1,1,1,49,1,2,10.0,2715000.0,73.0
2025,12,1,1,1,58,1,3,4.0,2280000.0,41.0
2025,12,2,1,1,24,3,1,5.0,2225000.0,56.0
2025,12,1,1,2,37,1,3,3.0,2225000.0,49.0
2025,12,2,1,2,31,3,1,9.0,2851000.0,86.0
2025,12,2,1,2,61,3,3,3.0,122000.0,81.0
2025,12,2,1,2,61,2,3,10.0,1418000.0,47.0
2025,12,1,1,1,49,1,2,10.0,4305000.0,85.0
2025,12,1,1,1,28,1,2,3.0,2055000.0,1.0
2025,12,2,1,1,39,2,3,4.0,1590000.0,31.0
2025,12,1,2,2,33,1,2,5.0,1135000.0,56.0
2025,12,1,1,1,46,1,2,12.0,6685000.0,85.0
2025,12,2,1,2,29,2,2,5.0,1287000.0,47.0
2025,12,1,1,2,43,1,2,12.0,4333000.0,85.0
2025,12,1,1,2,59,1,3,12.0,3269000.0,66.0
2025,12,3,1,1,39,3,1,5.0,2102000.0,86.0
2025,12,1,1,2,55,1,3,5.0,2360000.0,97.0
2025,12,1,1,2,33,1,2,5.0,588000.0,81.0
2025,12,2,1,2,32,2,3,4.0,197000.0,81.0
2025,12,1,1,1,37,1,3,5.0,1705000.0,10.0
2025,12,1,1,2,37,1,2,9.0,107000.0,73.0
2025,12,3,1,2,47,3,1,5.0,193000.0,15.0
2025,12,1,1,2,46,1,3,4.0,1358000.0,64.0
2025,12,1,1,2,50,1,2,11.0,4427000.0,86.0
2025,12,2,1,2,34,2,2,6.0,1196000.0,56.0
2025,12,1,1,2,49,1,3,3.0,1059000.0,97.0
2025,12,1,1,2,35,1,2,10.0,1310000.0,70.0
2025,12,5,1,1,27,9,2,5.0,1812000.0,64.0
2025,12,3,1,2,30,9,2,3.0,100000.0,47.0
2025,12,5,1,2,31,3,1,9.0,1632000.0,70.0
2025,12,1,1,1,55,1,3,1.0,1321000.0,1.0
2025,12,1,1,1,56,1,2,3.0,2906000.0,47.0
2025,12,2,1,2,32,2,2,8.0,1895000.0,47.0
2025,12,2,1,1,84,2,3,3.0,177000.0,96.0
2025,12,1,1,1,29,1,2,3.0,10831000.0,96.0
2025,12,1,1,2,27,1,2,8.0,1239000.0,47.0
2025,12,2,1,1,58,3,1,3.0,2035000.0,1.0
2025,12,2,1,1,34,3,1,10.0,2096000.0,55.0
2025,12,2,1,2,42,2,2,3.0,1091000.0,47.0
2025,12,1,1,2,54,1,2,3.0,264000.0,1.0
2025,12,3,1,1,26,3,1,4.0,531000.0,47.0
2025,12,1,1,1,37,1,3,5.0,3645000.0,49.0
2025,12,2,1,2,32,2,2,5.0,719000.0,96.0
2025,12,1,1,2,32,1,1,5.0,1481000.0,47.0
2025,12,1,1,1,61,1,3,3.0,739000.0,47.0
2025,12,2,1,1,37,2,2,5.0,920000.0,1.0
2025,12,2,2,1,29,2,2,5.0,2006000.0,41.0
2025,12,1,1,2,42,1,2,11.0,2367000.0,84.0
2025,12,3,1,2,31,3,1,10.0,1292000.0,56.0
2025,12,1,1,2,50,1,1,10.0,2942000.0,56.0
2025,12,1,2,2,20,1,3,10.0,1440000.0,56.0
2025,12,2,1,1,41,2,2,10.0,5350000.0,56.0
2025,12,1,1,1,66,1,3,5.0,1328000.0,43.0
2025,12,2,1,2,43,2,2,10.0,2723000.0,15.0
2025,12,3,1,1,56,4,2,3.0,2323000.0,31.0
2025,12,1,1,2,56,1,1,4.0,615000.0,47.0
2025,12,1,1,1,35,1,2,9.0,2332000.0,47.0
2025,12,2,1,2,39,2,2,10.0,938000.0,69.0
2025,12,5,1,1,26,13,2,1.0,1293000.0,47.0
2025,12,2,1,1,20,3,2,3.0,789000.0,1.0
2025,12,1,1,1,63,1,3,1.0,1682000.0,1.0
2025,12,1,1,1,57,1,2,11.0,3274000.0,74.0
2025,12,1,1,2,25,1,2,10.0,2117000.0,53.0
2025,12,1,1,2,50,1,3,3.0,585000.0,81.0
2025,12,2,1,2,33,2,2,10.0,1265000.0,80.0
2025,12,1,1,1,43,1,3,3.0,295000.0,1.0
2025,12,1,1,2,54,1,3,4.0,1422000.0,56.0
2025,12,1,1,1,30,1,3,5.0,1632000.0,49.0
2025,12,1,1,2,51,1,2,8.0,1414000.0,85.0
2025,12,2,1,2,37,3,1,9.0,1247000.0,64.0
2025,12,2,1,1,33,3,1,5.0,1249000.0,49.0
2025,12,1,1,1,57,1,1,5.0,1945000.0,46.0
2025,12,1,1,1,42,1,2,10.0,5669000.0,5.0
2025,12,3,1,2,24,3,1,10.0,4340000.0,86.0
2025,12,1,1,2,35,1,3,4.0,563000.0,1.0
2025,12,2,1,2,32,2,2,3.0,751000.0,56.0
2025,12,1,1,2,21,1,2,5.0,1450000.0,47.0
2025,12,3,1,2,21,3,1,10.0,1701000.0,47.0
2025,12,2,1,1,53,2,2,5.0,1786000.0,68.0
2025,12,1,1,1,44,1,3,8.0,2081000.0,56.0
2025,12,3,1,2,51,10,3,4.0,1570000.0,97.0
2025,12,2,1,2,36,2,2,5.0,1624000.0,46.0
2025,12,1,1,1,33,1,2,5.0,2853000.0,10.0
2025,12,1,1,2,21,1,2,4.0,0.0,56.0
2025,12,1,1,1,61,1,2,9.0,3485000.0,52.0
2025,12,2,1,1,28,2,2,5.0,1728000.0,55.0
2025,12,1,1,2,22,1,2,5.0,1380000.0,10.0
2025,12,1,1,1,60,1,3,3.0,1287000.0,1.0
2025,12,1,1,1,57,1,3,3.0,1965000.0,41.0
2025,12,1,1,1,30,1,2,9.0,3429000.0,11.0
2025,12,7,1,1,70,4,3,3.0,747000.0,1.0
2025,12,1,1,2,58,1,1,4.0,1464000.0,81.0
2025,12,1,1,2,40,1,2,10.0,2020000.0,65.0
2025,12,1,1,2,58,1,3,4.0,1436000.0,56.0
2025,12,1,1,1,46,1,2,5.0,1675000.0,10.0
2025,12,2,1,2,25,2,2,5.0,0.0,47.0
2025,12,3,1,1,19,3,1,10.0,943000.0,53.0
2025,12,4,1,1,70,6,3,4.0,2726000.0,47.0
2025,12,3,1,1,25,3,1,4.0,1902000.0,41.0
2025,12,1,1,2,26,1,2,5.0,279000.0,85.0
2025,12,1,1,1,60,1,2,5.0,1819000.0,84.0
2025,12,2,1,1,69,2,3,8.0,1281000.0,10.0
2025,12,1,1,1,32,1,2,10.0,2596000.0,62.0
2025,12,1,1,1,40,1,2,8.0,1884000.0,47.0
2025,12,1,1,1,73,1,3,3.0,338000.0,95.0
2025,12,1,1,1,48,1,2,6.0,1970000.0,52.0
2025,12,4,1,2,28,3,1,11.0,6957000.0,86.0
2025,12,1,1,1,47,1,2,5.0,4230000.0,49.0
2025,12,2,1,1,55,2,3,5.0,2721000.0,97.0
2025,12,1,1,1,52,1,2,10.0,5824000.0,86.0
2025,12,3,1,2,41,4,2,5.0,1123000.0,47.0
2025,12,4,1,1,21,3,1,6.0,401000.0,49.0
2025,12,1,1,2,51,1,2,5.0,1360000.0,56.0
2025,12,1,1,2,60,1,2,5.0,1283000.0,56.0
2025,12,1,1,1,57,1,3,1.0,699000.0,1.0
2025,12,1,1,2,73,1,3,3.0,438000.0,95.0
2025,12,1,2,1,60,1,3,3.0,1787000.0,49.0
2025,12,2,1,1,53,2,2,3.0,2196000.0,49.0
2025,12,1,1,1,58,1,2,3.0,1114000.0,47.0
2025,12,1,1,2,40,1,2,5.0,620000.0,10.0
2025,12,2,1,2,35,3,1,6.0,410000.0,14.0
2025,12,1,1,2,58,1,2,9.0,2304000.0,45.0
2025,12,3,1,1,25,3,2,5.0,1963000.0,1.0
2025,12,2,1,2,26,2,2,10.0,1720000.0,46.0
2025,12,1,1,1,29,1,2,5.0,2062000.0,20.0
2025,12,1,1,1,82,1,3,1.0,1618000.0,1.0
2025,12,4,1,2,64,5,3,4.0,734000.0,15.0
2025,12,2,1,2,29,3,1,10.0,1328000.0,47.0
2025,12,4,1,2,34,8,1,8.0,1328000.0,86.0
2025,12,1,1,2,53,1,2,1.0,232000.0,1.0
2025,12,1,1,1,76,1,3,3.0,577000.0,1.0
2025,12,2,1,2,51,2,2,3.0,657000.0,97.0
2025,12,1,1,1,47,1,2,12.0,4489000.0,85.0
2025,12,3,1,2,20,3,1,10.0,994000.0,56.0
2025,12,1,1,2,65,1,2,5.0,836000.0,52.0
2025,12,2,1,1,26,2,2,5.0,1559000.0,41.0
2025,12,3,1,1,43,3,1,1.0,1103000.0,38.0
2025,12,1,1,1,33,1,2,9.0,2284000.0,86.0
2025,12,1,1,1,44,1,2,10.0,9136000.0,84.0
2025,12,1,1,1,26,1,3,3.0,741000.0,45.0
2025,12,1,1,2,32,1,2,4.0,100000.0,47.0
2025,12,2,1,2,38,3,1,11.0,5522000.0,65.0
2025,12,4,1,1,34,13,2,3.0,2029000.0,56.0
2025,12,1,1,1,26,1,2,11.0,7528000.0,21.0
2025,12,2,1,2,22,6,2,9.0,2025000.0,53.0
2025,12,4,1,1,23,3,1,5.0,2010000.0,31.0
2025,12,2,1,2,23,2,2,5.0,1299000.0,47.0
2025,12,1,1,2,56,1,2,12.0,3234000.0,85.0
2025,12,2,1,2,45,3,1,8.0,1506000.0,47.0
2025,12,1,1,2,34,1,2,5.0,1430000.0,97.0
2025,12,3,1,1,24,12,2,5.0,1836000.0,47.0
2025,12,1,1,2,57,1,2,3.0,721000.0,97.0
2025,12,2,1,2,26,6,2,10.0,4138000.0,84.0
2025,12,2,1,2,34,2,3,5.0,805000.0,81.0
2025,12,2,1,1,19,3,1,5.0,1914000.0,41.0
2025,12,1,1,2,32,1,2,10.0,0.0,65.0
2025,12,1,1,2,40,1,3,5.0,1508000.0,81.0
2025,12,1,1,2,53,1,2,3.0,100000.0,47.0
2025,12,3,1,2,42,3,1,5.0,1131000.0,47.0
2025,12,1,1,2,51,1,1,5.0,1398000.0,56.0
2025,12,3,1,2,25,9,1,5.0,877000.0,47.0
2025,12,6,1,2,28,3,1,5.0,1468000.0,14.0
2025,12,2,1,1,34,3,1,5.0,2195000.0,46.0
2025,12,1,1,2,33,1,2,5.0,1325000.0,49.0
2025,12,2,1,2,57,2,3,3.0,419000.0,97.0
2025,12,1,1,2,43,1,2,5.0,5124000.0,47.0
2025,12,3,1,2,29,3,1,10.0,2467000.0,62.0
2025,12,1,1,2,57,1,3,6.0,1126000.0,47.0
2025,12,2,1,2,40,2,2,5.0,110000.0,32.0
2025,12,1,1,1,46,1,2,8.0,2880000.0,45.0
2025,12,7,1,2,23,8,1,5.0,1545000.0,78.0
2025,12,1,1,1,31,1,2,4.0,1358000.0,95.0
2025,12,1,1,2,52,1,2,5.0,963000.0,56.0
2025,12,2,1,2,21,3,1,5.0,191000.0,96.0
2025,12,4,1,1,41,3,1,8.0,1876000.0,47.0
2025,12,3,1,2,18,3,1,4.0,988000.0,96.0
2025,12,1,1,2,32,1,2,10.0,1153000.0,88.0
2025,12,2,1,1,28,2,2,3.0,1822000.0,1.0
2025,12,2,1,2,41,2,2,12.0,8445000.0,62.0
2025,12,1,1,2,48,1,2,3.0,222000.0,96.0
2025,12,1,1,1,62,1,2,10.0,6211000.0,41.0
2025,12,1,1,2,62,1,3,3.0,1378000.0,47.0
2025,12,1,1,1,44,1,2,6.0,1330000.0,75.0
2025,12,2,1,2,25,2,2,4.0,3155000.0,96.0
2025,12,1,1,1,27,1,2,8.0,1972000.0,55.0
2025,12,2,1,2,27,2,2,10.0,1233000.0,96.0
2025,12,2,1,2,53,2,2,3.0,431000.0,47.0
2025,12,1,1,1,32,1,2,11.0,5098000.0,86.0
2025,12,1,1,2,62,1,2,5.0,4083000.0,84.0
2025,12,1,1,1,22,1,2,8.0,2151000.0,86.0
2025,12,2,1,2,39,3,1,5.0,1487000.0,61.0
2025,12,1,1,1,37,1,2,9.0,3429000.0,47.0
2025,12,1,1,1,56,1,2,1.0,1241000.0,47.0
2025,12,1,1,2,60,1,3,9.0,1650000.0,94.0
2025,12,1,1,2,31,1,2,10.0,290000.0,56.0
2025,12,3,1,2,26,3,1,9.0,408000.0,91.0
2025,12,4,1,2,28,8,2,5.0,402000.0,47.0
2025,12,1,1,2,61,1,2,5.0,312000.0,81.0
2025,12,4,1,2,25,3,1,5.0,1430000.0,47.0
2025,12,3,1,2,42,13,2,5.0,1532000.0,10.0
2025,12,1,1,2,63,1,3,3.0,247000.0,38.0
2025,12,1,1,1,71,1,3,3.0,561000.0,47.0
2025,12,1,1,1,62,1,3,10.0,2905000.0,69.0
2025,12,1,1,1,62,1,3,5.0,714000.0,1.0
2025,12,1,1,2,42,1,2,6.0,860000.0,56.0
2025,12,1,1,1,38,1,2,10.0,2638000.0,49.0
2025,12,1,1,2,52,1,2,8.0,0.0,84.0
2025,12,1,1,1,61,1,3,3.0,1477000.0,52.0
2025,12,2,1,2,64,2,3,3.0,603000.0,97.0
2025,12,3,1,1,34,3,1,4.0,674000.0,95.0
2025,12,1,1,1,63,1,3,3.0,750000.0,1.0
2025,12,1,1,1,62,1,3,1.0,1667000.0,1.0
2025,12,3,1,1,47,7,2,5.0,1949000.0,15.0
2025,12,3,1,2,19,3,1,5.0,825000.0,85.0
2025,12,2,1,2,65,2,3,3.0,276000.0,81.0
2025,12,2,1,2,26,3,1,9.0,1509000.0,86.0
2025,12,1,1,2,39,1,2,5.0,811000.0,96.0
2025,12,1,1,2,35,1,2,5.0,869000.0,56.0
2025,12,2,1,2,27,2,2,10.0,1578000.0,47.0
2025,12,1,1,2,28,1,2,10.0,1189000.0,86.0
2025,12,2,1,1,19,3,1,8.0,1855000.0,61.0
2025,12,2,1,1,46,3,1,3.0,1155000.0,1.0
2025,12,1,1,1,61,1,3,3.0,2329000.0,1.0
2025,12,2,1,2,58,3,1,4.0,887000.0,14.0
2025,12,1,1,1,53,1,2,3.0,1938000.0,1.0
2025,12,2,1,2,37,2,2,5.0,2574000.0,96.0
2025,12,4,1,1,24,3,1,4.0,757000.0,1.0
2025,12,1,1,1,60,1,3,5.0,1372000.0,47.0
2025,12,1,1,2,36,1,2,5.0,439000.0,81.0
2025,12,1,1,2,48,1,3,4.0,481000.0,52.0
2025,12,2,1,2,27,3,1,10.0,2738000.0,46.0
2025,12,1,1,2,62,1,2,3.0,100000.0,14.0
2025,12,3,1,1,57,7,3,3.0,1949000.0,49.0
2025,12,2,1,1,42,2,2,5.0,2116000.0,20.0
2025,12,3,1,1,24,3,1,4.0,441000.0,3.0
2025,12,1,1,2,50,1,2,3.0,448000.0,96.0
2025,12,1,1,2,51,1,3,3.0,429000.0,14.0
2025,12,1,1,1,64,1,3,4.0,2491000.0,84.0
2025,12,1,1,2,62,1,3,5.0,1494000.0,81.0
2025,12,2,1,1,50,2,2,5.0,1062000.0,41.0
2025,12,4,1,2,30,7,2,8.0,2835000.0,84.0
2025,12,1,1,2,74,1,3,3.0,100000.0,95.0
2025,12,3,1,1,33,3,1,3.0,2145000.0,1.0
2025,12,1,1,2,23,1,2,9.0,2086000.0,96.0
2025,12,1,1,2,50,1,2,9.0,1210000.0,86.0
2025,12,1,1,1,65,1,3,8.0,7423000.0,90.0
2025,12,2,1,2,25,2,2,5.0,801000.0,56.0
2025,12,1,1,1,45,1,2,8.0,3187000.0,43.0
2025,12,1,1,2,33,1,3,4.0,280000.0,56.0
2025,12,1,1,2,61,1,2,3.0,217000.0,47.0
2025,12,2,1,1,25,2,3,8.0,1501000.0,82.0
2025,12,1,1,1,63,1,3,3.0,869000.0,81.0
2025,12,3,1,2,43,3,1,10.0,3235000.0,84.0
2025,12,4,1,2,25,3,1,10.0,1218000.0,13.0
2025,12,2,1,2,23,3,1,10.0,2214000.0,64.0
2025,12,2,1,1,30,2,3,5.0,3045000.0,41.0
2025,12,1,1,2,62,1,3,9.0,2475000.0,84.0
2025,12,1,1,2,35,1,3,5.0,1082000.0,13.0
2025,12,1,1,2,80,1,3,3.0,468000.0,96.0
2025,12,1,1,1,34,1,2,8.0,2155000.0,14.0
2025,12,2,1,2,38,2,2,5.0,1292000.0,81.0
2025,12,1,1,1,21,1,2,5.0,2991000.0,41.0
2025,12,4,1,1,31,8,1,10.0,1900000.0,96.0
2025,12,1,1,2,51,1,2,5.0,1605000.0,56.0
2025,12,1,1,2,51,1,2,1.0,100000.0,56.0
2025,12,2,1,2,24,2,2,11.0,4701000.0,42.0
2025,12,1,2,2,38,1,2,4.0,865000.0,97.0
2025,12,2,1,2,34,2,2,8.0,1149000.0,82.0
2025,12,1,1,1,62,1,3,5.0,1872000.0,68.0
2025,12,2,1,1,58,2,3,5.0,16943000.0,64.0
2025,12,1,1,1,46,1,2,5.0,2788000.0,49.0
2025,12,2,1,2,43,2,3,9.0,1339000.0,86.0
2025,12,1,1,1,55,1,3,4.0,352000.0,47.0
2025,12,1,1,1,60,1,3,5.0,1388000.0,81.0
2025,12,3,1,1,30,3,1,5.0,2027000.0,53.0
2025,12,2,1,2,22,3,1,10.0,1160000.0,47.0
2025,12,1,1,1,38,1,2,13.0,9237000.0,85.0
2025,12,2,1,2,51,2,3,10.0,3000000.0,71.0
2025,12,1,1,2,55,1,2,3.0,640000.0,47.0
2025,12,2,1,2,24,3,1,5.0,1582000.0,47.0
2025,12,1,1,2,25,1,2,6.0,1525000.0,86.0
2025,12,1,1,2,45,1,1,10.0,3764000.0,71.0
2025,12,1,1,1,51,1,2,1.0,1071000.0,52.0
2025,12,4,1,2,49,6,3,10.0,3097000.0,86.0
2025,12,1,1,1,60,1,3,5.0,1694000.0,15.0
2025,12,2,1,2,25,2,2,9.0,2911000.0,11.0
2025,12,2,1,1,40,2,2,4.0,1710000.0,38.0
2025,12,1,1,1,55,1,3,5.0,2017000.0,49.0
2025,12,1,1,2,27,1,2,10.0,894000.0,85.0
2025,12,1,1,2,35,1,2,9.0,1614000.0,64.0
2025,12,2,1,2,35,2,2,5.0,707000.0,56.0
2025,12,3,1,2,19,7,2,5.0,1547000.0,56.0
2025,12,1,1,1,29,1,2,8.0,3176000.0,35.0
2025,12,1,1,2,33,1,2,5.0,604000.0,47.0
2025,12,7,1,1,50,3,1,4.0,1165000.0,85.0
2025,12,1,1,1,49,1,2,12.0,6531000.0,28.0
2025,12,2,1,1,23,3,1,5.0,1220000.0,56.0
2025,12,1,1,1,56,1,2,11.0,12819000.0,86.0
2025,12,2,1,1,31,3,1,5.0,1038000.0,1.0
2025,12,1,1,2,32,1,2,5.0,989000.0,81.0
2025,12,2,1,1,32,3,1,5.0,2530000.0,43.0
2025,12,1,1,2,30,1,3,10.0,1955000.0,68.0
2025,12,4,1,2,20,3,1,6.0,2277000.0,46.0
2025,12,3,1,1,56,3,1,10.0,1183000.0,93.0
2025,12,2,1,1,55,2,3,1.0,1307000.0,1.0
2025,12,1,1,1,66,1,3,11.0,11297000.0,84.0
2025,12,3,1,1,44,3,1,5.0,2001000.0,11.0
2025,12,2,1,2,47,2,3,10.0,1939000.0,55.0
2025,12,1,1,1,39,1,2,5.0,2219000.0,10.0
2025,12,3,1,2,30,3,1,10.0,864000.0,10.0
2025,12,1,1,1,61,1,2,5.0,823000.0,49.0
2025,12,1,1,2,31,1,2,5.0,1633000.0,47.0
2025,12,2,1,2,39,2,2,8.0,1612000.0,46.0
2025,12,2,1,2,45,2,2,10.0,3295000.0,85.0
2025,12,2,1,2,30,2,2,10.0,0.0,38.0
2025,12,4,1,1,47,6,3,3.0,726000.0,46.0
2025,12,1,1,1,61,1,3,3.0,1414000.0,49.0
2025,12,1,1,1,64,1,3,3.0,1974000.0,52.0
2025,12,1,1,2,43,1,2,4.0,1030000.0,81.0
2025,12,2,1,2,46,2,2,11.0,4098000.0,86.0
2025,12,1,1,2,38,1,2,3.0,1480000.0,1.0
2025,12,2,1,1,47,2,3,3.0,1763000.0,41.0
2025,12,3,1,2,34,3,1,11.0,7454000.0,85.0
2025,12,1,1,2,70,1,3,4.0,432000.0,1.0
2025,12,1,1,2,33,1,2,6.0,418000.0,96.0
2025,12,3,1,1,20,3,1,5.0,1370000.0,41.0
2025,12,1,1,1,61,1,2,5.0,809000.0,49.0
2025,12,1,1,1,47,1,2,6.0,2696000.0,36.0
2025,12,2,1,1,28,3,1,10.0,2789000.0,84.0
2025,12,2,1,2,49,2,2,11.0,3575000.0,84.0
2025,12,1,1,1,33,1,2,10.0,2152000.0,61.0
2025,12,2,1,1,28,3,1,10.0,1094000.0,31.0
2025,12,2,1,2,48,2,3,11.0,4103000.0,85.0
2025,12,3,1,2,40,7,2,11.0,12685000.0,65.0
2025,12,3,1,2,24,8,2,3.0,0.0,1.0
2025,12,1,1,1,47,1,2,5.0,7004000.0,6.0
2025,12,1,1,2,84,1,3,3.0,0.0,47.0
2025,12,1,1,2,50,1,3,5.0,1435000.0,81.0
2025,12,1,1,1,40,1,2,10.0,4908000.0,64.0
2025,12,1,1,2,41,1,2,8.0,1785000.0,56.0
2025,12,4,1,2,41,3,1,8.0,1422000.0,65.0
2025,12,1,1,2,69,1,3,4.0,681000.0,14.0
2025,12,2,1,1,40,2,2,5.0,3147000.0,7.0
2025,12,2,1,2,33,2,2,8.0,2562000.0,86.0
2025,12,1,1,1,32,1,2,3.0,1936000.0,22.0
2025,12,3,1,1,49,3,1,10.0,1985000.0,61.0
2025,12,1,1,1,63,1,3,5.0,4699000.0,46.0
2025,12,4,1,2,21,6,2,8.0,1581000.0,47.0
2025,12,3,1,1,35,3,1,5.0,491000.0,85.0
2025,12,1,1,2,24,1,2,5.0,456000.0,97.0
2025,12,5,1,2,65,10,3,3.0,433000.0,97.0
2025,12,1,1,2,65,1,2,8.0,100000.0,56.0
2025,12,1,1,2,46,1,2,10.0,3494000.0,85.0
2025,12,5,1,2,23,9,2,5.0,428000.0,81.0
2025,12,1,1,1,34,1,2,1.0,758000.0,1.0
2025,12,1,1,2,48,1,3,1.0,564000.0,1.0
2025,12,1,1,2,26,1,1,5.0,431000.0,56.0
2025,12,1,1,2,53,1,2,10.0,2096000.0,85.0
2025,12,1,1,2,58,1,2,10.0,5132000.0,86.0
2025,12,2,1,2,27,3,2,10.0,1628000.0,85.0
2025,12,2,1,2,36,2,2,8.0,1783000.0,69.0
2025,12,3,1,2,21,3,1,6.0,1548000.0,13.0
2025,12,1,1,1,66,1,3,3.0,1551000.0,47.0
2025,12,2,1,2,27,2,2,10.0,682000.0,47.0
2025,12,2,1,2,67,2,3,3.0,100000.0,47.0
2025,12,1,1,1,41,1,2,5.0,4378000.0,56.0
2025,12,1,1,1,49,1,2,3.0,1874000.0,47.0
2025,12,1,1,2,41,1,2,10.0,11040000.0,86.0
2025,12,1,1,2,27,1,2,10.0,1947000.0,45.0
2025,12,1,1,1,41,1,2,6.0,2026000.0,61.0
2025,12,1,1,2,46,1,2,10.0,5948000.0,15.0
2025,12,1,1,1,22,1,2,4.0,1924000.0,47.0
2025,12,1,1,2,58,1,2,5.0,250000.0,96.0
2025,12,1,1,1,39,1,2,5.0,1295000.0,49.0
2025,12,1,1,1,30,1,2,5.0,2095000.0,11.0
2025,12,2,1,2,27,2,2,10.0,3182000.0,42.0
2025,12,2,1,1,31,3,1,10.0,5892000.0,86.0
2025,12,2,1,1,33,3,1,5.0,2162000.0,55.0
2025,12,2,1,1,53,3,1,3.0,945000.0,49.0
2025,12,1,1,2,62,1,3,5.0,1258000.0,84.0
2025,12,1,1,1,39,1,2,3.0,3268000.0,1.0
2025,12,2,1,1,32,2,2,8.0,2637000.0,49.0
2025,12,1,1,2,23,1,2,8.0,1557000.0,56.0
2025,12,1,1,1,56,1,3,6.0,1485000.0,41.0
2025,12,1,1,2,33,1,2,13.0,5774000.0,85.0
2025,12,3,1,2,39,3,1,10.0,2542000.0,86.0
2025,12,5,1,1,48,6,3,5.0,1343000.0,51.0
2025,12,1,1,2,58,1,3,3.0,693000.0,81.0
2025,12,1,1,1,57,1,2,3.0,3266000.0,1.0
2025,12,1,1,1,70,1,2,1.0,515000.0,81.0
2025,12,3,1,2,38,3,1,5.0,1539000.0,68.0
2025,12,2,1,2,63,2,2,10.0,317000.0,10.0
2025,12,1,1,2,25,1,1,5.0,338000.0,56.0
2025,12,1,1,1,35,1,2,11.0,7412000.0,14.0
2025,12,1,1,2,30,1,2,4.0,1390000.0,56.0
2025,12,2,1,1,32,2,3,8.0,1433000.0,45.0
2025,12,1,1,1,49,1,3,5.0,1532000.0,47.0
2025,12,1,1,2,34,1,2,5.0,611000.0,46.0
2025,12,1,1,1,61,1,3,11.0,4567000.0,47.0
2025,12,1,1,1,42,1,2,10.0,3397000.0,77.0
2025,12,1,1,1,50,1,2,5.0,3001000.0,80.0
2025,12,1,1,1,55,1,2,5.0,5417000.0,56.0
2025,12,2,1,1,27,3,1,4.0,1591000.0,96.0
2025,12,2,1,2,42,2,2,10.0,2757000.0,86.0
2025,12,1,1,1,69,1,3,11.0,5156000.0,85.0
2025,12,2,1,2,28,3,1,10.0,1587000.0,88.0
2025,12,1,1,2,29,1,2,5.0,471000.0,10.0
2025,12,1,1,2,27,1,2,10.0,1517000.0,41.0
2025,12,1,2,2,26,1,2,5.0,1596000.0,81.0
2025,12,1,1,2,34,1,1,12.0,0.0,69.0
2025,12,5,1,1,42,9,1,11.0,1663000.0,85.0
2025,12,2,1,2,40,2,2,3.0,200000.0,56.0
2025,12,2,1,2,30,2,2,5.0,1423000.0,47.0
2025,12,1,1,1,44,1,3,5.0,2729000.0,47.0
2025,12,2,1,1,30,3,1,5.0,1410000.0,47.0
2025,12,2,1,2,29,2,2,8.0,1403000.0,47.0
2025,12,4,1,1,29,9,2,5.0,925000.0,49.0
2025,12,1,1,1,29,1,2,10.0,6731000.0,11.0
2025,12,1,1,2,28,1,2,10.0,379000.0,47.0
2025,12,1,1,1,46,1,2,1.0,2740000.0,49.0
2025,12,1,1,1,46,1,3,8.0,462000.0,53.0
2025,12,1,1,1,38,1,2,5.0,3103000.0,46.0
2025,12,1,1,1,44,1,3,5.0,3042000.0,41.0
2025,12,1,1,2,50,1,3,8.0,1841000.0,84.0
2025,12,1,1,2,28,1,2,8.0,1361000.0,47.0
2025,12,3,1,1,27,7,3,5.0,2160000.0,49.0
2025,12,4,1,1,31,3,1,8.0,2283000.0,84.0
2025,12,1,1,1,57,1,3,5.0,2647000.0,65.0
2025,12,1,1,1,43,1,2,5.0,407000.0,1.0
2025,12,2,1,1,26,2,2,5.0,1244000.0,47.0
2025,12,1,1,1,41,1,3,5.0,2067000.0,52.0
2025,12,2,1,1,33,9,2,10.0,844000.0,41.0
2025,12,2,1,2,33,2,2,11.0,2727000.0,86.0
2025,12,3,1,2,64,6,3,3.0,971000.0,97.0
2025,12,1,1,1,58,1,2,10.0,5982000.0,85.0
2025,12,1,1,2,35,1,2,8.0,2117000.0,47.0
2025,12,2,1,1,37,2,2,10.0,1984000.0,38.0
2025,12,1,1,2,30,1,2,5.0,1470000.0,53.0
2025,12,1,1,2,35,1,2,9.0,1385000.0,49.0
2025,12,1,3,1,38,1,2,5.0,1511000.0,42.0
2025,12,1,1,1,45,1,2,9.0,5076000.0,35.0
2025,12,2,1,1,73,2,2,5.0,0.0,55.0
2025,12,1,1,1,43,1,2,5.0,449000.0,1.0
2025,12,1,1,1,62,1,3,3.0,2434000.0,47.0
2025,12,1,1,2,24,1,2,8.0,650000.0,96.0
2025,12,1,1,1,20,1,2,5.0,1888000.0,80.0
2025,12,1,1,2,36,1,3,10.0,2590000.0,47.0
2025,12,2,1,2,64,2,3,11.0,1647000.0,85.0
2025,12,2,1,2,26,3,1,8.0,1103000.0,46.0
2025,12,1,1,2,58,1,3,10.0,5355000.0,85.0
2025,12,1,1,2,70,1,3,3.0,195000.0,1.0
2025,12,1,1,2,42,1,2,10.0,3728000.0,65.0
2025,12,1,1,2,59,1,2,3.0,1566000.0,14.0
2025,12,1,1,2,32,1,2,5.0,1057000.0,97.0
2025,12,1,1,2,36,1,3,4.0,0.0,56.0
2025,12,2,1,1,48,2,2,4.0,2278000.0,41.0
2025,12,1,1,1,42,1,2,5.0,1465000.0,47.0
2025,12,2,1,1,24,3,1,10.0,2075000.0,47.0
2025,12,1,1,1,33,1,2,5.0,2415000.0,81.0
2025,12,1,1,2,33,1,2,5.0,762000.0,97.0
2025,12,1,1,1,46,1,3,5.0,853000.0,43.0
2025,12,1,1,1,41,1,2,5.0,1782000.0,41.0
2025,12,1,1,1,22,1,2,4.0,2714000.0,47.0
2025,12,1,1,1,36,1,2,8.0,3118000.0,46.0
2025,12,1,1,2,39,1,3,3.0,681000.0,56.0
2025,12,1,1,1,45,1,2,9.0,1547000.0,80.0
2025,12,2,1,1,27,3,1,5.0,373000.0,42.0
2025,12,2,1,2,24,2,2,5.0,1282000.0,56.0
2025,12,1,1,2,34,1,1,12.0,5248000.0,69.0
2025,12,1,1,2,56,1,2,11.0,6177000.0,85.0
2025,12,1,1,1,27,1,2,10.0,5508000.0,64.0
2025,12,1,1,2,58,1,1,11.0,6962000.0,84.0
2025,12,1,1,2,37,1,2,1.0,193000.0,1.0
2025,12,1,1,1,41,1,2,5.0,2200000.0,49.0
2025,12,2,1,1,26,8,2,10.0,1864000.0,85.0
2025,12,1,1,1,36,1,2,5.0,1969000.0,47.0
2025,12,1,1,2,38,1,2,1.0,957000.0,3.0
2025,12,2,1,1,24,8,3,9.0,1849000.0,52.0
2025,12,2,1,2,52,2,2,8.0,1273000.0,88.0
2025,12,2,1,1,52,2,2,3.0,2725000.0,1.0
2025,12,1,1,1,50,1,3,3.0,3254000.0,97.0
2025,12,1,1,2,25,1,2,9.0,346000.0,96.0
2025,12,1,1,1,22,1,2,4.0,899000.0,49.0
2025,12,1,1,1,52,1,3,3.0,2821000.0,1.0
2025,12,1,1,2,21,1,2,10.0,566000.0,56.0
2025,12,1,1,2,67,1,3,1.0,309000.0,47.0
2025,12,1,1,1,47,1,2,3.0,1501000.0,49.0
2025,12,1,1,2,40,1,2,9.0,1070000.0,82.0
2025,12,1,1,1,41,1,2,10.0,0.0,53.0
2025,12,1,1,1,39,1,2,5.0,3927000.0,84.0
2025,12,4,1,2,22,3,1,10.0,388000.0,47.0
2025,12,1,1,2,26,1,2,5.0,108000.0,16.0
2025,12,2,1,1,30,2,2,5.0,1558000.0,47.0
2025,12,1,1,1,34,1,2,4.0,1349000.0,45.0
2025,12,3,1,2,28,3,1,10.0,1498000.0,10.0
2025,12,2,1,2,48,2,2,5.0,768000.0,56.0
2025,12,2,1,2,30,2,2,8.0,1662000.0,86.0
2025,12,1,1,2,56,1,2,9.0,2006000.0,84.0
2025,12,2,1,2,48,2,1,10.0,1259000.0,45.0
2025,12,1,1,2,40,1,3,10.0,4587000.0,74.0
2025,12,2,1,1,50,3,1,5.0,1811000.0,10.0
2025,12,1,1,2,48,1,2,5.0,1439000.0,45.0
2025,12,1,1,1,39,1,3,3.0,923000.0,1.0
2025,12,3,1,1,21,3,1,5.0,3321000.0,47.0
2025,12,1,1,2,52,1,2,3.0,503000.0,97.0
2025,12,1,1,2,26,1,2,11.0,2839000.0,88.0
2025,12,2,1,2,39,2,2,5.0,1503000.0,68.0
2025,12,1,1,1,23,1,2,5.0,1689000.0,22.0
2025,12,2,1,1,37,6,2,8.0,3460000.0,84.0
2025,12,2,1,2,46,2,2,5.0,1204000.0,17.0
2025,12,1,1,1,18,1,2,5.0,1933000.0,84.0
2025,12,2,1,1,47,2,2,8.0,2017000.0,41.0
2025,12,3,1,1,29,3,1,4.0,362000.0,1.0
2025,12,2,1,2,38,2,3,10.0,2827000.0,69.0
2025,12,2,1,1,34,2,2,8.0,3256000.0,85.0
2025,12,1,1,1,35,1,2,5.0,1859000.0,46.0
2025,12,1,1,1,28,1,2,5.0,2447000.0,43.0
2025,12,1,1,1,41,1,2,5.0,676000.0,1.0
2025,12,2,1,1,52,2,2,4.0,664000.0,45.0
2025,12,1,1,1,31,1,2,5.0,2598000.0,73.0
2025,12,3,1,1,26,3,1,6.0,1990000.0,47.0
2025,12,2,1,2,33,8,2,5.0,1250000.0,47.0
2025,12,1,1,2,52,1,2,5.0,1123000.0,45.0
2025,12,2,1,2,44,2,2,4.0,100000.0,56.0
2025,12,1,1,2,32,1,2,10.0,365000.0,21.0
2025,12,1,1,2,70,1,3,1.0,171000.0,56.0
2025,12,3,1,1,27,3,1,8.0,1982000.0,1.0
2025,12,1,1,1,40,1,2,5.0,2078000.0,47.0
2025,12,2,1,2,43,2,2,10.0,4317000.0,69.0
2025,12,2,1,2,37,3,1,4.0,790000.0,81.0
2025,12,2,1,1,29,2,2,5.0,1898000.0,25.0
2025,12,3,1,1,25,3,1,10.0,2265000.0,61.0
2025,12,5,1,1,32,3,1,10.0,4358000.0,74.0
2025,12,1,1,2,35,1,2,5.0,0.0,56.0
2025,12,3,1,1,57,3,1,5.0,1014000.0,41.0
2025,12,1,1,1,66,1,3,5.0,2082000.0,55.0
2025,12,2,1,2,38,2,2,12.0,4273000.0,84.0
2025,12,2,1,2,22,3,1,10.0,0.0,18.0
2025,12,1,1,2,47,1,2,9.0,1478000.0,47.0
2025,12,2,1,2,34,2,2,10.0,1280000.0,41.0
2025,12,2,1,1,22,3,2,10.0,2004000.0,25.0
2025,12,1,1,1,71,1,3,4.0,2132000.0,15.0
2025,12,2,1,2,39,2,2,5.0,1455000.0,69.0
2025,12,1,1,1,53,1,3,5.0,408000.0,1.0
2025,12,1,1,1,60,1,1,4.0,1952000.0,49.0
2025,12,1,1,2,35,1,2,10.0,871000.0,47.0
2025,12,3,1,1,34,8,1,5.0,2199000.0,49.0
2025,12,1,1,2,62,1,3,12.0,6445000.0,84.0
2025,12,1,1,1,42,1,2,11.0,7828000.0,64.0
2025,12,4,1,1,35,6,2,6.0,3080000.0,68.0
2025,12,1,1,1,35,1,2,12.0,7644000.0,85.0
2025,12,1,1,1,21,1,2,5.0,1511000.0,47.0
2025,12,1,1,2,54,1,3,5.0,627000.0,97.0
2025,12,2,1,2,72,2,2,3.0,225000.0,1.0
2025,12,2,1,2,23,2,2,5.0,1037000.0,56.0
2025,12,1,1,1,25,1,2,5.0,1731000.0,86.0
2025,12,1,1,1,32,1,2,10.0,3572000.0,45.0
2025,12,2,1,2,30,3,1,5.0,1470000.0,47.0
2025,12,1,1,2,48,1,2,5.0,1327000.0,52.0
2025,12,1,1,2,42,1,2,8.0,1070000.0,21.0
2025,12,1,1,1,32,1,2,4.0,1568000.0,61.0
2025,12,1,1,1,64,1,3,10.0,1177000.0,49.0
2025,12,1,1,2,32,1,1,9.0,2123000.0,64.0
2025,12,1,1,2,56,1,3,5.0,784000.0,97.0
2025,12,1,1,2,23,1,2,4.0,1253000.0,56.0
2025,12,1,1,1,30,1,2,6.0,894000.0,49.0
2025,12,3,1,2,23,13,1,5.0,1636000.0,20.0
2025,12,1,1,1,38,1,2,9.0,1673000.0,43.0
2025,12,2,1,1,61,3,1,4.0,2170000.0,33.0
2025,12,1,1,2,55,1,2,4.0,350000.0,96.0
2025,12,2,1,2,30,3,1,10.0,1355000.0,86.0
2025,12,1,1,1,46,1,2,3.0,2476000.0,5.0
2025,12,2,1,2,28,3,1,10.0,1752000.0,86.0
2025,12,1,1,1,57,1,2,8.0,2080000.0,49.0
2025,12,1,1,2,39,1,2,4.0,1122000.0,47.0
2025,12,3,1,1,29,3,1,5.0,572000.0,56.0
2025,12,1,1,2,52,1,3,3.0,218000.0,47.0
2025,12,1,1,2,54,1,2,8.0,1565000.0,86.0
2025,12,1,1,1,40,1,3,5.0,1535000.0,45.0
2025,12,2,1,1,33,3,1,6.0,837000.0,85.0
2025,12,7,1,1,23,3,1,6.0,1080000.0,30.0
2025,12,2,1,1,29,2,2,10.0,5761000.0,46.0
2025,12,3,1,2,25,3,1,8.0,1452000.0,82.0
2025,12,3,1,1,23,3,1,5.0,2218000.0,56.0
2025,12,1,1,1,27,1,2,5.0,1619000.0,41.0
2025,12,1,1,1,24,1,3,8.0,2833000.0,41.0
2025,12,1,1,2,76,1,3,1.0,464000.0,1.0
2025,12,2,1,2,42,2,2,9.0,1573000.0,86.0
2025,12,1,1,2,79,1,3,3.0,901000.0,47.0
2025,12,2,1,2,56,6,3,12.0,6316000.0,85.0
2025,12,2,1,2,27,2,2,4.0,209000.0,81.0
2025,12,1,1,1,69,1,2,3.0,1593000.0,1.0
2025,12,1,1,1,70,1,3,3.0,600000.0,56.0
2025,12,1,1,1,21,1,2,8.0,1844000.0,20.0
2025,12,1,1,2,20,1,1,10.0,1938000.0,82.0
2025,12,1,1,1,28,1,2,4.0,774000.0,7.0
2025,12,3,1,2,52,3,3,12.0,3141000.0,85.0
2025,12,1,1,1,49,1,2,5.0,1245000.0,49.0
2025,12,2,1,2,51,2,3,1.0,151000.0,81.0
2025,12,2,1,2,45,3,1,5.0,1494000.0,81.0
2025,12,1,1,1,39,1,2,8.0,3212000.0,84.0
2025,12,4,1,1,24,8,1,5.0,1706000.0,55.0
2025,12,1,1,1,59,1,2,5.0,1548000.0,41.0
2025,12,5,1,2,66,6,3,3.0,1186000.0,97.0
2025,12,2,1,2,44,2,2,11.0,2114000.0,84.0
2025,12,2,1,2,45,3,1,10.0,4376000.0,69.0
2025,12,1,1,2,51,1,2,4.0,243000.0,82.0
2025,12,2,1,2,47,2,2,9.0,2575000.0,84.0
2025,12,1,1,1,43,1,2,8.0,1868000.0,41.0
2025,12,3,1,2,25,3,1,5.0,148000.0,32.0
2025,12,1,1,2,31,1,2,10.0,1092000.0,47.0
2025,12,1,1,2,38,1,2,5.0,311000.0,47.0
2025,12,1,1,1,25,1,3,10.0,6158000.0,84.0
2025,12,1,1,2,31,1,2,5.0,1483000.0,47.0
2025,12,1,1,1,55,1,3,4.0,2045000.0,41.0
2025,12,4,1,2,27,3,1,5.0,1711000.0,79.0
2025,12,1,1,2,50,1,2,3.0,988000.0,97.0
2025,12,2,1,1,29,2,2,3.0,1083000.0,1.0
2025,12,1,1,2,73,1,3,5.0,443000.0,47.0
2025,12,1,1,2,28,1,2,4.0,659000.0,56.0
2025,12,2,1,2,31,2,2,8.0,1191000.0,64.0
2025,12,4,1,2,43,10,2,5.0,3578000.0,97.0
2025,12,2,1,2,29,2,3,8.0,2260000.0,96.0
2025,12,1,1,2,28,1,2,8.0,1794000.0,86.0
2025,12,2,1,1,69,2,3,3.0,756000.0,96.0
2025,12,1,1,2,75,1,3,5.0,3504000.0,47.0
2025,12,1,1,1,64,1,3,4.0,1230000.0,10.0
2025,12,1,1,1,33,1,2,5.0,2012000.0,15.0
2025,12,2,1,1,63,2,2,10.0,5051000.0,71.0
2025,12,2,1,1,25,3,2,4.0,338000.0,41.0
2025,12,2,1,1,28,2,2,6.0,1997000.0,47.0
2025,12,1,1,2,60,1,3,3.0,941000.0,47.0
2025,12,2,1,1,30,3,1,10.0,5954000.0,47.0
2025,12,3,1,1,24,3,1,5.0,1872000.0,10.0
2025,12,2,1,2,18,3,1,5.0,884000.0,47.0
2025,12,5,1,2,43,6,1,3.0,985000.0,47.0
2025,12,1,1,2,34,1,2,10.0,847000.0,38.0
2025,12,1,1,1,29,1,2,5.0,3588000.0,46.0
2025,12,1,1,2,62,1,3,4.0,616000.0,81.0
2025,12,1,1,2,63,1,3,3.0,789000.0,97.0
2025,12,1,1,2,32,1,2,10.0,1000000.0,65.0
2025,12,1,1,1,30,1,2,5.0,1100000.0,47.0
2025,12,1,1,1,40,1,2,10.0,0.0,49.0
2025,12,6,1,1,25,8,2,5.0,1701000.0,25.0
2025,12,4,1,2,64,5,2,8.0,1933000.0,81.0
2025,12,2,1,1,45,2,3,5.0,2304000.0,1.0
2025,12,3,1,2,32,3,1,10.0,4587000.0,84.0
2025,12,3,1,2,26,6,2,5.0,1294000.0,92.0
2025,12,1,1,1,46,1,2,5.0,1774000.0,56.0
2025,12,2,1,2,33,2,2,9.0,1131000.0,88.0
2025,12,2,1,2,48,2,2,3.0,1375000.0,81.0
2025,12,1,1,2,36,1,2,5.0,996000.0,56.0
2025,12,3,1,2,42,3,1,8.0,352000.0,96.0
2025,12,1,1,2,30,1,2,5.0,1495000.0,47.0
2025,12,1,1,2,44,1,2,11.0,4596000.0,84.0
2025,12,1,1,1,54,1,3,3.0,1177000.0,7.0
2025,12,2,1,1,43,3,1,1.0,1613000.0,47.0
2025,12,1,1,1,40,1,2,5.0,5246000.0,5.0
2025,12,4,1,1,22,3,1,4.0,1211000.0,41.0
2025,12,1,1,2,42,1,2,4.0,996000.0,97.0
2025,12,1,1,2,74,1,3,3.0,100000.0,47.0
2025,12,1,1,1,67,1,3,4.0,3283000.0,25.0
2025,12,3,1,2,29,3,1,5.0,0.0,68.0
2025,12,1,1,1,53,1,3,3.0,1769000.0,47.0
2025,12,2,1,2,28,2,2,10.0,1878000.0,47.0
2025,12,5,1,2,24,8,1,8.0,1322000.0,47.0
2025,12,1,1,2,32,1,2,8.0,1514000.0,47.0
2025,12,1,1,1,42,1,2,4.0,2111000.0,45.0
2025,12,1,1,2,21,1,2,5.0,100000.0,96.0
2025,12,1,1,1,45,1,2,3.0,891000.0,1.0
2025,12,1,1,2,50,1,2,9.0,1872000.0,84.0
2025,12,1,1,2,46,1,2,8.0,1542000.0,45.0
2025,12,2,1,2,23,2,2,4.0,319000.0,88.0
2025,12,1,1,1,37,1,2,4.0,2291000.0,97.0
2025,12,2,1,2,29,2,2,4.0,967000.0,47.0
2025,12,1,1,1,55,1,1,11.0,5867000.0,85.0
2025,12,2,1,2,42,2,2,7.0,2939000.0,85.0
2025,12,1,1,2,41,1,2,11.0,3542000.0,84.0
2025,12,1,1,2,23,1,3,5.0,1447000.0,47.0
2025,12,2,1,1,44,2,3,4.0,783000.0,95.0
2025,12,2,1,2,36,2,2,11.0,0.0,86.0
2025,12,1,1,1,47,1,3,5.0,1643000.0,10.0
2025,12,2,1,2,21,3,1,10.0,1903000.0,86.0
2025,12,1,1,1,25,1,2,5.0,1151000.0,1.0
2025,12,1,1,2,41,1,2,5.0,2346000.0,13.0
2025,12,2,1,2,43,2,2,5.0,367000.0,97.0
2025,12,1,1,2,34,1,2,4.0,177000.0,1.0
2025,12,4,1,2,44,6,2,3.0,1723000.0,10.0
2025,12,4,1,1,23,7,2,5.0,2234000.0,47.0
2025,12,3,1,1,27,3,3,10.0,10913000.0,63.0
2025,12,1,1,1,37,1,2,5.0,4153000.0,84.0
2025,12,1,1,1,56,1,2,10.0,6224000.0,74.0
2025,12,1,1,2,66,1,3,3.0,1231000.0,56.0
2025,12,1,1,1,25,1,2,9.0,2326000.0,22.0
2025,12,1,1,2,33,1,2,10.0,288000.0,47.0
2025,12,1,1,2,23,1,2,5.0,850000.0,56.0
2025,12,1,1,1,60,1,3,5.0,2816000.0,58.0
2025,12,1,1,2,57,1,2,5.0,1247000.0,81.0
2025,12,1,1,1,50,1,2,10.0,5544000.0,42.0
2025,12,1,1,2,46,1,2,8.0,1583000.0,86.0
2025,12,2,1,2,43,3,1,10.0,1754000.0,86.0
2025,12,2,1,2,55,2,2,8.0,1663000.0,86.0
2025,12,1,1,2,20,1,2,5.0,879000.0,96.0
2025,12,2,1,1,57,2,2,3.0,773000.0,45.0
2025,12,1,1,1,48,1,2,9.0,2267000.0,47.0
2025,12,1,1,2,30,1,2,9.0,2521000.0,62.0
2025,12,1,1,2,59,1,3,4.0,245000.0,95.0
2025,12,3,1,2,25,3,1,5.0,1545000.0,56.0
2025,12,1,1,1,57,1,3,4.0,2386000.0,49.0
2025,12,1,1,1,36,1,2,5.0,2065000.0,31.0
2025,12,2,1,2,23,2,2,9.0,1348000.0,47.0
2025,12,1,1,1,57,1,2,4.0,290000.0,14.0
2025,12,1,1,2,32,1,2,8.0,100000.0,47.0
2025,12,1,1,2,65,1,2,3.0,0.0,47.0
2025,12,1,1,1,48,1,2,8.0,1863000.0,47.0
2025,12,3,1,2,22,3,1,10.0,1428000.0,65.0
2025,12,1,1,1,67,1,3,3.0,1986000.0,1.0
2025,12,3,1,2,31,3,1,5.0,914000.0,56.0
2025,12,3,1,1,27,7,2,5.0,2406000.0,85.0
2025,12,2,1,2,56,3,1,5.0,658000.0,12.0
2025,12,1,1,1,26,1,2,4.0,2250000.0,47.0
2025,12,2,1,1,53,2,2,5.0,1440000.0,47.0
2025,12,1,1,1,33,1,2,10.0,3681000.0,73.0
2025,12,1,1,2,34,1,2,12.0,3415000.0,85.0
2025,12,2,1,1,29,2,2,3.0,1720000.0,47.0
2025,12,1,1,2,56,1,2,3.0,1796000.0,97.0
2025,12,2,1,1,38,2,2,4.0,2691000.0,43.0
2025,12,1,1,1,24,1,2,5.0,2239000.0,41.0
2025,12,1,1,2,43,1,2,3.0,571000.0,1.0
2025,12,1,1,2,44,1,2,5.0,1231000.0,85.0
2025,12,1,1,2,63,1,1,4.0,964000.0,97.0
2025,12,2,1,2,25,2,2,5.0,1101000.0,64.0
2025,12,1,1,1,51,1,3,4.0,3783000.0,47.0
2025,12,1,1,1,32,1,2,10.0,2023000.0,20.0
2025,12,2,1,1,69,2,3,3.0,1004000.0,1.0
2025,12,2,1,2,45,3,3,10.0,541000.0,69.0
2025,12,1,1,1,33,1,2,5.0,1437000.0,56.0
2025,12,3,1,2,41,3,1,12.0,4973000.0,85.0
2025,12,1,1,1,54,1,3,5.0,2492000.0,45.0
2025,12,1,1,2,24,1,2,10.0,1111000.0,85.0
2025,12,2,1,1,22,2,2,4.0,102000.0,96.0
2025,12,2,1,1,26,3,1,9.0,3760000.0,84.0
2025,12,2,1,2,39,2,2,8.0,2238000.0,68.0
2025,12,1,1,2,39,1,2,5.0,1649000.0,88.0
2025,12,3,1,2,39,3,1,4.0,1472000.0,41.0
2025,12,1,1,2,28,1,2,10.0,1329000.0,86.0
2025,12,1,1,1,54,1,2,4.0,1279000.0,49.0
2025,12,3,1,2,44,3,1,10.0,4574000.0,85.0
2025,12,1,1,1,34,1,2,9.0,4090000.0,84.0
2025,12,2,1,2,33,2,2,10.0,1492000.0,47.0
2025,12,2,1,2,35,2,2,5.0,1382000.0,13.0
2025,12,1,1,1,66,1,3,4.0,2488000.0,41.0
2025,12,2,1,1,37,2,2,5.0,1853000.0,25.0
2025,12,1,1,2,64,1,3,5.0,100000.0,10.0
2025,12,6,1,2,36,3,1,5.0,1573000.0,47.0
2025,12,2,1,1,37,2,2,3.0,1558000.0,1.0
2025,12,2,1,1,39,2,2,10.0,6070000.0,61.0
2025,12,2,1,2,54,3,1,6.0,1411000.0,10.0
2025,12,2,1,2,33,13,2,11.0,3636000.0,46.0
2025,12,1,1,2,40,1,2,5.0,558000.0,49.0
2025,12,3,1,1,29,3,1,10.0,4662000.0,62.0
2025,12,1,1,1,64,1,3,5.0,2579000.0,41.0
2025,12,2,1,2,24,3,1,8.0,2347000.0,82.0
2025,12,2,1,2,33,2,2,5.0,1531000.0,1.0
2025,12,3,1,2,23,3,1,9.0,1664000.0,47.0
2025,12,1,1,2,53,1,3,3.0,364000.0,1.0
2025,12,2,1,2,41,3,1,10.0,3655000.0,86.0
2025,12,3,1,1,27,7,2,5.0,414000.0,1.0
2025,12,1,1,1,30,1,2,5.0,2203000.0,47.0
2025,12,1,1,1,46,1,2,5.0,1930000.0,49.0
2025,12,1,1,1,46,1,2,3.0,2035000.0,45.0
2025,12,1,1,1,71,1,3,3.0,1746000.0,49.0
2025,12,1,1,2,31,1,2,10.0,4363000.0,84.0
2025,12,2,1,1,57,2,3,9.0,795000.0,90.0
2025,12,1,1,2,62,1,3,3.0,276000.0,56.0
2025,12,2,1,2,59,2,2,11.0,7298000.0,69.0
2025,12,1,1,1,50,1,2,5.0,2127000.0,68.0
2025,12,1,1,2,47,1,3,5.0,1110000.0,47.0
2025,12,2,1,1,22,2,2,4.0,1192000.0,95.0
2025,12,1,1,1,43,1,3,4.0,970000.0,49.0
2025,12,1,1,2,35,1,2,5.0,856000.0,56.0
2025,12,2,1,1,67,9,3,3.0,1577000.0,31.0
2025,12,4,1,1,62,13,3,1.0,522000.0,1.0
2025,12,3,1,2,33,3,1,8.0,370000.0,90.0
2025,12,1,1,1,53,1,2,9.0,3401000.0,62.0
2025,12,1,1,1,21,1,2,4.0,1824000.0,52.0
2025,12,4,1,1,85,5,3,3.0,0.0,32.0
2025,12,3,1,2,28,3,1,10.0,890000.0,56.0
2025,12,1,1,1,70,1,3,5.0,836000.0,14.0
2025,12,1,2,1,35,1,2,10.0,2863000.0,14.0
2025,12,2,1,2,18,3,2,9.0,397000.0,47.0
2025,12,1,1,1,65,1,3,1.0,677000.0,1.0
2025,12,5,1,2,40,3,1,5.0,255000.0,47.0
2025,12,2,1,1,56,2,2,5.0,2640000.0,86.0
2025,12,3,1,1,29,3,1,10.0,181000.0,95.0
2025,12,2,1,2,39,2,2,8.0,1023000.0,84.0
2025,12,1,1,1,24,1,2,5.0,767000.0,25.0
2025,12,1,1,2,26,1,2,5.0,1419000.0,14.0
2025,12,1,1,1,52,1,2,9.0,2394000.0,49.0
2025,12,1,1,1,38,1,2,5.0,2358000.0,17.0
2025,12,3,1,2,21,3,1,5.0,100000.0,96.0
2025,12,1,1,2,51,1,3,8.0,1510000.0,10.0
2025,12,3,1,2,32,3,1,4.0,1034000.0,10.0
2025,12,1,1,2,39,1,2,12.0,4812000.0,85.0
2025,12,2,1,2,23,8,2,5.0,870000.0,56.0
2025,12,2,1,2,56,10,2,3.0,1500000.0,97.0
2025,12,1,1,2,54,1,2,4.0,1331000.0,42.0
2025,12,2,1,2,70,2,3,10.0,288000.0,32.0
2025,12,2,1,1,46,2,2,10.0,1627000.0,31.0
2025,12,2,1,2,39,2,2,8.0,1469000.0,86.0
2025,12,1,1,2,39,1,2,8.0,746000.0,96.0
2025,12,1,1,1,36,1,2,11.0,5066000.0,94.0
2025,12,4,1,1,31,3,1,8.0,971000.0,49.0
2025,12,1,1,2,53,1,3,10.0,4353000.0,84.0
2025,12,1,1,1,49,1,2,4.0,2186000.0,49.0
2025,12,1,1,2,52,1,2,3.0,758000.0,97.0
2025,12,2,1,2,25,2,3,8.0,617000.0,97.0
2025,12,2,1,2,46,3,1,3.0,650000.0,56.0
2025,12,1,1,1,52,1,3,4.0,1665000.0,8.0
2025,12,1,1,1,37,1,2,5.0,696000.0,49.0
2025,12,1,1,2,36,1,2,5.0,596000.0,88.0
2025,12,3,1,2,55,6,3,3.0,656000.0,1.0
2025,12,1,1,2,28,1,2,10.0,3032000.0,86.0
2025,12,1,1,1,64,1,2,11.0,5985000.0,45.0
2025,12,1,1,2,75,1,3,3.0,663000.0,10.0
2025,12,1,1,1,52,1,2,4.0,1724000.0,41.0
2025,12,1,1,2,40,1,2,8.0,1746000.0,96.0
2025,12,2,1,2,34,3,1,9.0,1430000.0,86.0
2025,12,1,1,2,27,1,2,5.0,572000.0,14.0
2025,12,1,1,1,54,1,2,4.0,1386000.0,41.0
2025,12,2,1,1,21,3,1,4.0,840000.0,15.0
2025,12,3,1,2,27,6,2,10.0,1357000.0,47.0
2025,12,4,1,2,26,3,1,10.0,2973000.0,41.0
2025,12,1,1,1,63,1,3,5.0,1158000.0,41.0
2025,12,1,1,2,63,1,3,5.0,422000.0,97.0
2025,12,3,1,2,30,3,1,5.0,1450000.0,47.0
2025,12,4,1,1,38,7,2,8.0,3036000.0,45.0
2025,12,3,1,2,18,3,2,5.0,286000.0,96.0
2025,12,1,1,2,47,1,1,11.0,1408000.0,69.0
2025,12,1,1,1,42,1,2,6.0,1741000.0,95.0
2025,12,2,1,1,36,2,2,6.0,2463000.0,11.0
2025,12,1,3,1,57,1,3,1.0,836000.0,47.0
2025,12,1,1,2,33,1,3,5.0,527000.0,81.0
2025,12,1,1,2,25,1,3,5.0,1274000.0,45.0
2025,12,1,1,2,33,1,2,4.0,1395000.0,47.0
2025,12,1,1,2,53,1,3,10.0,5627000.0,84.0
2025,12,1,1,1,42,1,2,10.0,8224000.0,84.0
2025,12,1,1,2,55,1,3,10.0,3473000.0,85.0
2025,12,2,1,1,30,6,3,3.0,1475000.0,1.0
2025,12,3,1,2,44,8,2,9.0,1292000.0,35.0
2025,12,1,1,2,46,1,2,12.0,3387000.0,85.0
2025,12,1,1,2,45,1,2,4.0,816000.0,81.0
2025,12,5,1,1,71,6,3,10.0,2398000.0,86.0
2025,12,1,1,1,39,1,2,10.0,3886000.0,86.0
2025,12,2,1,1,36,2,2,4.0,1620000.0,1.0
2025,12,1,1,2,71,1,3,5.0,1082000.0,97.0
2025,12,2,1,2,46,2,3,3.0,1774000.0,56.0
2025,12,4,1,1,18,3,1,5.0,3207000.0,15.0
2025,12,4,1,1,28,3,1,5.0,1213000.0,56.0
2025,12,1,1,1,67,1,3,4.0,1157000.0,47.0
2025,12,1,1,1,18,1,2,5.0,2645000.0,45.0
2025,12,3,1,2,36,3,1,11.0,261000.0,14.0
2025,12,1,1,1,34,1,2,8.0,3333000.0,84.0
2025,12,4,1,2,52,4,2,5.0,1938000.0,56.0
2025,12,1,1,2,56,1,2,4.0,827000.0,81.0
2025,12,1,1,2,24,1,2,5.0,1205000.0,21.0
2025,12,2,1,2,50,2,3,3.0,100000.0,56.0
2025,12,2,1,1,53,2,3,5.0,1677000.0,56.0
2025,12,2,1,1,47,2,2,4.0,2609000.0,1.0
2025,12,1,1,1,61,1,3,5.0,2515000.0,41.0
2025,12,2,1,2,50,2,3,4.0,453000.0,81.0
2025,12,2,1,2,45,2,2,8.0,1492000.0,85.0
2025,12,1,1,2,44,1,3,8.0,1310000.0,47.0
2025,12,1,1,2,54,1,3,8.0,8760000.0,96.0
2025,12,1,1,1,27,1,2,8.0,560000.0,96.0
2025,12,1,1,2,40,1,2,5.0,0.0,96.0
2025,12,1,1,1,52,1,2,5.0,1849000.0,10.0
2025,12,1,1,1,51,1,2,5.0,1545000.0,49.0
2025,12,3,1,1,48,3,1,5.0,1142000.0,41.0
2025,12,1,1,2,69,1,2,5.0,100000.0,47.0
2025,12,3,1,2,47,3,1,5.0,1472000.0,47.0
2025,12,1,1,2,63,1,3,11.0,6320000.0,85.0
2025,12,2,1,2,44,2,3,5.0,1345000.0,68.0
2025,12,1,1,1,28,1,2,5.0,1966000.0,90.0
2025,12,3,1,2,28,3,1,4.0,601000.0,56.0
2025,12,1,1,2,31,1,3,5.0,129000.0,56.0
2025,12,1,1,1,43,1,2,9.0,7338000.0,84.0
2025,12,2,1,2,24,2,2,10.0,1455000.0,82.0
2025,12,1,1,1,34,1,2,5.0,2150000.0,97.0
2025,12,1,1,2,30,1,2,10.0,4392000.0,14.0
2025,12,1,1,2,37,1,2,3.0,1777000.0,56.0
2025,12,2,1,1,47,3,1,9.0,1736000.0,80.0
2025,12,4,1,2,37,3,1,10.0,1850000.0,47.0
2025,12,1,1,2,67,1,3,4.0,849000.0,97.0
2025,12,2,1,1,65,2,3,3.0,2197000.0,1.0
2025,12,1,1,1,50,1,2,10.0,4922000.0,46.0
2025,12,1,1,2,62,1,3,10.0,0.0,69.0
2025,12,2,1,2,29,2,2,8.0,100000.0,82.0
2025,12,2,1,2,52,2,2,8.0,2467000.0,92.0
2025,12,1,1,1,50,1,3,3.0,1295000.0,1.0
2025,12,1,1,1,55,1,3,5.0,3392000.0,73.0
2025,12,1,1,1,32,1,2,5.0,2642000.0,47.0
2025,12,3,1,2,21,13,2,10.0,1425000.0,47.0
2025,12,2,1,2,29,2,2,10.0,523000.0,96.0
2025,12,1,1,2,56,1,3,3.0,1458000.0,97.0
2025,12,1,1,1,26,1,2,10.0,433000.0,85.0
2025,12,1,1,2,65,1,3,4.0,944000.0,47.0
2025,12,2,1,1,47,2,2,5.0,3205000.0,41.0
2025,12,1,1,1,36,1,2,10.0,2771000.0,41.0
2025,12,1,1,1,46,1,2,8.0,1844000.0,95.0
2025,12,1,1,2,55,1,2,12.0,5257000.0,85.0
2025,12,2,1,2,41,2,2,3.0,968000.0,97.0
2025,12,1,1,1,54,1,3,8.0,12863000.0,84.0
2025,12,3,1,2,34,3,1,11.0,3951000.0,84.0
2025,12,1,1,1,47,1,2,3.0,1029000.0,49.0
2025,12,2,1,1,20,3,1,5.0,2156000.0,49.0
2025,12,2,1,2,49,2,3,5.0,0.0,56.0
2025,12,1,1,2,44,1,3,8.0,1299000.0,82.0
2025,12,1,1,1,33,1,3,3.0,599000.0,3.0
2025,12,3,1,1,24,3,1,3.0,952000.0,49.0
2025,12,1,1,2,63,1,3,3.0,1091000.0,97.0
2025,12,2,1,2,30,2,2,3.0,883000.0,56.0
2025,12,1,1,2,28,1,2,5.0,1554000.0,56.0
2025,12,3,1,2,30,3,1,10.0,1496000.0,75.0
2025,12,1,1,2,63,1,3,5.0,182000.0,14.0
2025,12,2,1,1,38,2,3,4.0,1255000.0,45.0
2025,12,2,1,2,36,2,2,12.0,11943000.0,64.0
2025,12,2,1,2,61,2,3,5.0,1221000.0,84.0
2025,12,1,1,2,63,1,2,1.0,100000.0,16.0
2025,12,2,1,2,31,2,2,11.0,1348000.0,47.0
2025,12,3,1,2,57,3,1,4.0,1322000.0,47.0
2025,12,2,1,2,29,2,2,5.0,1815000.0,47.0
2025,12,1,1,1,59,1,2,5.0,1751000.0,55.0
2025,12,2,1,2,46,2,2,5.0,250000.0,97.0
2025,12,1,1,1,31,1,2,10.0,6102000.0,71.0
2025,12,1,1,1,46,1,2,5.0,3507000.0,10.0
2025,12,2,1,1,22,3,1,8.0,1599000.0,22.0
2025,12,1,1,2,35,1,2,6.0,1514000.0,82.0
2025,12,2,1,1,48,2,2,1.0,1637000.0,45.0
2025,12,2,1,1,55,2,3,9.0,5468000.0,22.0
2025,12,4,1,1,43,6,1,3.0,1386000.0,1.0
2025,12,1,1,1,53,1,3,3.0,167000.0,47.0
2025,12,1,1,1,37,1,2,6.0,1626000.0,68.0
2025,12,1,1,1,67,1,3,8.0,2376000.0,45.0
2025,12,4,1,2,32,3,1,5.0,1427000.0,1.0
2025,12,2,1,2,51,2,3,8.0,2338000.0,86.0
2025,12,1,1,1,30,1,2,11.0,8082000.0,69.0
2025,12,1,1,2,47,1,3,1.0,297000.0,56.0
2025,12,1,1,1,60,1,3,10.0,9964000.0,94.0
2025,12,2,1,2,28,2,2,9.0,1972000.0,45.0
2025,12,3,1,1,21,8,2,10.0,1547000.0,56.0
2025,12,1,1,1,61,1,3,3.0,2717000.0,85.0
2025,12,1,1,2,32,1,2,5.0,326000.0,56.0
2025,12,2,1,2,63,3,1,10.0,4271000.0,85.0
2025,12,1,1,1,45,1,3,3.0,2016000.0,1.0
2025,12,13,1,2,25,9,2,5.0,1244000.0,86.0
2025,12,1,1,2,38,1,2,10.0,2460000.0,49.0
2025,12,1,1,1,73,1,3,3.0,9650000.0,1.0
2025,12,2,1,1,55,2,3,5.0,2618000.0,49.0
2025,12,1,1,2,39,1,2,5.0,1537000.0,42.0
2025,12,1,1,2,21,1,2,5.0,504000.0,96.0
2025,12,2,1,2,48,2,3,5.0,1539000.0,27.0
2025,12,1,1,2,51,1,2,5.0,1305000.0,14.0
2025,12,1,1,2,53,1,3,5.0,1458000.0,68.0
2025,12,1,1,1,33,1,2,10.0,3535000.0,64.0
2025,12,2,1,1,38,2,2,9.0,2661000.0,15.0
2025,12,1,1,2,27,1,2,9.0,1328000.0,86.0
2025,12,1,1,1,41,1,2,10.0,1907000.0,94.0
2025,12,1,1,1,59,1,2,3.0,229000.0,41.0
2025,12,2,1,2,31,2,2,5.0,656000.0,10.0
2025,12,1,1,2,78,1,2,3.0,1709000.0,56.0
2025,12,2,1,2,32,8,2,8.0,1000000.0,82.0
2025,12,1,1,1,54,1,2,11.0,9877000.0,85.0
2025,12,1,1,1,27,1,2,8.0,1802000.0,46.0
2025,12,2,1,2,30,2,2,9.0,1097000.0,86.0
2025,12,2,1,2,42,2,2,10.0,1397000.0,84.0
2025,12,1,1,2,63,1,1,5.0,1360000.0,47.0
2025,12,1,1,1,69,1,3,1.0,567000.0,7.0
2025,12,1,1,2,51,1,2,1.0,247000.0,81.0
2025,12,1,1,1,59,1,3,3.0,2339000.0,49.0
2025,12,2,1,2,47,2,3,10.0,1945000.0,84.0
2025,12,1,1,2,47,1,1,12.0,9333000.0,85.0
2025,12,3,1,1,26,3,1,10.0,1793000.0,52.0
2025,12,1,1,1,22,1,2,5.0,2177000.0,60.0
2025,12,1,1,2,30,1,2,12.0,2174000.0,86.0
2025,12,7,1,2,41,3,1,10.0,4642000.0,85.0
2025,12,1,1,2,55,1,2,10.0,2077000.0,84.0
2025,12,2,1,2,38,2,2,5.0,600000.0,81.0
2025,12,1,1,1,46,1,3,10.0,3631000.0,74.0
2025,12,1,1,1,48,1,2,5.0,1829000.0,56.0
2025,12,1,1,1,68,1,3,3.0,552000.0,95.0
2025,12,1,1,1,58,1,2,5.0,2277000.0,10.0
2025,12,3,1,1,56,3,3,3.0,1134000.0,1.0
2025,12,1,1,1,45,1,3,3.0,1653000.0,1.0
2025,12,1,1,2,68,1,3,5.0,177000.0,95.0
2025,12,6,1,1,21,3,1,5.0,2021000.0,55.0
2025,12,2,1,2,42,2,2,10.0,4539000.0,84.0
2025,12,1,1,1,53,1,2,5.0,1481000.0,86.0
2025,12,4,1,2,59,3,1,8.0,2889000.0,96.0
2025,12,1,1,1,55,1,2,9.0,3471000.0,19.0
2025,12,2,1,1,28,2,2,6.0,2888000.0,85.0
2025,12,1,1,2,73,1,3,5.0,358000.0,15.0
2025,12,2,1,2,46,2,3,3.0,100000.0,1.0
2025,12,1,1,1,51,1,3,4.0,2051000.0,1.0
2025,12,3,1,1,21,3,1,5.0,1938000.0,10.0
2025,12,3,1,2,33,3,1,10.0,1574000.0,94.0
2025,12,2,1,2,40,3,1,10.0,5598000.0,82.0
2025,12,1,1,1,32,1,2,4.0,1684000.0,52.0
2025,12,1,1,1,37,1,2,8.0,4741000.0,22.0
2025,12,1,1,2,52,1,2,8.0,0.0,86.0
2025,12,1,1,2,44,1,1,5.0,1409000.0,14.0
2025,12,3,1,2,21,3,1,5.0,1248000.0,56.0
2025,12,1,1,2,37,1,2,5.0,1867000.0,47.0
2025,12,1,1,2,38,1,2,8.0,1558000.0,46.0
2025,12,2,1,2,58,2,3,4.0,1438000.0,56.0
2025,12,2,1,2,31,2,2,12.0,2544000.0,85.0
2025,12,1,1,1,61,1,3,8.0,2575000.0,49.0
2025,12,1,1,1,35,1,3,10.0,3496000.0,80.0
2025,12,1,1,2,54,1,2,3.0,1290000.0,97.0
2025,12,1,1,2,58,1,3,3.0,305000.0,97.0
2025,12,1,1,1,62,1,3,6.0,1853000.0,1.0
2025,12,2,1,1,31,2,2,5.0,2534000.0,1.0
2025,12,1,1,2,28,1,2,8.0,1142000.0,90.0
2025,12,1,1,2,21,1,2,3.0,319000.0,81.0
2025,12,4,1,2,27,3,1,5.0,1093000.0,96.0
2025,12,2,1,2,56,2,2,10.0,2377000.0,85.0
2025,12,1,1,1,23,1,2,6.0,1992000.0,10.0
2025,12,1,1,1,37,1,2,5.0,934000.0,49.0
2025,12,1,1,1,23,1,2,5.0,2348000.0,49.0
2025,12,2,1,1,57,2,2,3.0,856000.0,52.0
2025,12,1,1,2,29,1,2,5.0,1307000.0,45.0
2025,12,2,1,2,23,2,2,8.0,1484000.0,13.0
2025,12,2,1,2,47,2,3,9.0,1156000.0,47.0
2025,12,1,1,1,62,1,2,5.0,3622000.0,1.0
2025,12,1,1,2,54,1,2,5.0,1389000.0,36.0
2025,12,2,1,2,59,2,3,5.0,572000.0,47.0
2025,12,1,1,1,44,1,2,11.0,8949000.0,47.0
2025,12,1,1,1,42,1,2,5.0,1930000.0,85.0
2025,12,3,1,1,21,3,1,5.0,1778000.0,13.0
2025,12,1,1,1,65,1,2,3.0,1723000.0,43.0
2025,12,1,1,2,41,1,2,10.0,3656000.0,86.0
2025,12,4,1,1,26,3,1,11.0,0.0,69.0
2025,12,3,1,2,51,6,1,8.0,1486000.0,47.0
2025,12,1,1,1,33,1,2,5.0,2476000.0,43.0
2025,12,1,1,2,23,1,2,5.0,1357000.0,86.0
2025,12,2,1,2,22,6,2,10.0,1596000.0,47.0
2025,12,1,1,2,57,1,3,10.0,3477000.0,85.0
2025,12,1,1,1,44,1,3,5.0,2012000.0,1.0
2025,12,2,1,1,64,2,2,11.0,7931000.0,85.0
2025,12,3,1,1,19,13,2,5.0,935000.0,47.0
2025,12,3,1,1,27,3,1,5.0,1655000.0,56.0
2025,12,1,1,2,53,1,3,12.0,15807000.0,36.0
2025,12,1,1,2,35,1,2,5.0,455000.0,47.0
2025,12,2,1,2,27,2,2,5.0,1381000.0,47.0
2025,12,1,1,1,63,1,3,3.0,972000.0,45.0
2025,12,2,1,1,35,3,1,11.0,4359000.0,69.0
2025,12,2,1,2,34,2,2,3.0,1307000.0,1.0
2025,12,1,1,1,61,1,2,4.0,1174000.0,41.0
2025,12,1,1,1,41,1,2,5.0,1408000.0,41.0
2025,12,1,1,1,36,1,2,3.0,1690000.0,47.0
2025,12,2,1,2,60,2,3,13.0,14172000.0,85.0
2025,12,1,1,1,60,1,3,11.0,7765000.0,85.0
2025,12,1,1,1,50,1,2,12.0,4521000.0,62.0
2025,12,5,1,2,24,7,2,5.0,552000.0,96.0
2025,12,1,1,2,47,1,3,5.0,2089000.0,56.0
2025,12,1,1,2,52,1,2,5.0,1821000.0,47.0
2025,12,2,1,1,32,6,2,10.0,2569000.0,7.0
2025,12,2,1,2,35,2,3,9.0,2293000.0,86.0
2025,12,2,1,2,41,2,3,5.0,582000.0,97.0
2025,12,1,1,2,32,1,1,5.0,877000.0,47.0
2025,12,2,1,2,55,2,2,5.0,1548000.0,97.0
2025,12,4,1,2,57,4,2,3.0,183000.0,56.0
2025,12,1,1,1,40,1,2,5.0,1944000.0,1.0
2025,12,1,1,2,38,1,2,5.0,207000.0,81.0
2025,12,1,1,2,34,1,1,10.0,328000.0,14.0
2025,12,4,1,2,28,3,1,3.0,1077000.0,56.0
2025,12,2,1,2,29,3,1,8.0,585000.0,56.0
2025,12,1,1,1,60,1,3,4.0,2047000.0,1.0
2025,12,1,1,2,53,1,3,11.0,4715000.0,84.0
2025,12,3,1,1,20,3,1,10.0,1803000.0,82.0
2025,12,1,1,1,29,1,2,11.0,5566000.0,84.0
2025,12,1,1,1,53,1,2,6.0,1451000.0,45.0
2025,12,1,1,2,47,1,2,7.0,308000.0,92.0
2025,12,1,1,2,33,1,2,10.0,5196000.0,84.0
2025,12,2,1,1,55,2,2,6.0,1589000.0,47.0
2025,12,1,1,1,43,1,2,5.0,3812000.0,47.0
2025,12,2,1,1,39,2,2,9.0,1760000.0,47.0
2025,12,1,1,1,28,1,2,3.0,360000.0,1.0
2025,12,3,1,2,34,3,1,10.0,1918000.0,47.0
2025,12,2,1,1,30,3,1,8.0,4394000.0,47.0
2025,12,2,1,2,43,2,2,8.0,1891000.0,55.0
2025,12,2,1,1,52,2,2,3.0,2239000.0,52.0
2025,12,2,1,1,48,2,2,3.0,2035000.0,47.0
2025,12,3,1,1,25,8,2,4.0,1403000.0,47.0
2025,12,8,1,1,42,6,2,1.0,1351000.0,41.0
2025,12,1,1,1,75,1,3,3.0,647000.0,73.0
2025,12,2,1,2,20,2,2,5.0,1404000.0,81.0
2025,12,3,1,2,19,8,2,8.0,1776000.0,47.0
2025,12,2,1,2,38,3,1,5.0,1392000.0,64.0
2025,12,1,1,1,51,1,2,3.0,1044000.0,31.0
2025,12,2,1,1,40,2,2,5.0,1013000.0,43.0
2025,12,1,1,1,40,1,3,5.0,1566000.0,49.0
2025,12,2,1,1,42,2,3,5.0,1972000.0,41.0
2025,12,1,1,2,60,1,3,3.0,1729000.0,56.0
2025,12,1,1,2,51,1,2,6.0,872000.0,97.0
2025,12,2,1,1,35,2,2,10.0,1580000.0,85.0
2025,12,1,1,2,53,1,3,4.0,491000.0,47.0
2025,12,4,1,1,39,3,1,8.0,1191000.0,49.0
2025,12,1,1,1,32,1,2,8.0,1724000.0,22.0
2025,12,2,1,2,46,2,2,10.0,1909000.0,85.0
2025,12,1,1,2,25,1,2,8.0,1255000.0,86.0
2025,12,3,1,1,22,3,1,5.0,2001000.0,45.0
2025,12,1,1,2,40,1,3,3.0,743000.0,81.0
2025,12,2,1,2,44,2,2,8.0,1795000.0,47.0
2025,12,3,1,2,37,3,1,5.0,690000.0,97.0
2025,12,3,1,1,18,3,1,4.0,814000.0,41.0
2025,12,2,2,1,23,3,1,10.0,380000.0,47.0
2025,12,2,1,2,27,2,2,5.0,559000.0,81.0
2025,12,1,1,1,67,1,3,3.0,324000.0,1.0
2025,12,2,1,2,41,2,2,3.0,522000.0,97.0
2025,12,2,1,2,38,2,2,5.0,295000.0,56.0
2025,12,2,1,2,56,2,2,3.0,418000.0,81.0
2025,12,1,1,2,35,1,2,10.0,2408000.0,84.0
2025,12,1,1,1,36,1,2,5.0,3948000.0,47.0
2025,12,2,1,1,35,3,1,8.0,3393000.0,84.0
2025,12,2,1,1,20,6,2,5.0,1441000.0,41.0
2025,12,2,1,2,38,2,2,5.0,1142000.0,47.0
2025,12,1,1,1,39,1,2,4.0,782000.0,10.0
2025,12,1,1,2,38,1,2,8.0,100000.0,47.0
2025,12,1,1,2,26,1,3,8.0,1648000.0,86.0
2025,12,1,1,2,40,1,2,8.0,325000.0,56.0
2025,12,1,1,2,44,1,2,1.0,344000.0,81.0
2025,12,2,1,2,38,3,1,5.0,724000.0,96.0
2025,12,1,1,1,23,1,2,10.0,2558000.0,46.0
2025,12,1,1,1,60,1,3,3.0,2746000.0,41.0
2025,12,1,1,2,58,1,2,5.0,1470000.0,31.0
2025,12,1,1,1,50,1,2,4.0,1997000.0,49.0
2025,12,3,1,1,23,3,2,5.0,1208000.0,45.0
2025,12,1,1,2,36,1,3,10.0,11523000.0,32.0
2025,12,2,1,1,41,2,2,1.0,1555000.0,95.0
2025,12,2,1,2,27,2,2,5.0,1134000.0,47.0
2025,12,3,1,2,18,3,1,8.0,375000.0,56.0
2025,12,1,1,2,50,1,2,3.0,932000.0,52.0
2025,12,1,1,1,42,1,2,10.0,6009000.0,71.0
2025,12,2,1,1,22,2,2,5.0,1600000.0,41.0
2025,12,1,1,2,49,1,3,10.0,3285000.0,45.0
2025,12,2,1,1,57,2,3,3.0,1381000.0,41.0
2025,12,1,1,1,53,1,2,3.0,3397000.0,1.0
2025,12,2,1,2,32,2,2,11.0,2710000.0,84.0
2025,12,1,1,1,36,1,1,11.0,6380000.0,86.0
2025,12,1,1,2,66,1,3,3.0,517000.0,32.0
2025,12,5,1,1,53,7,3,8.0,2202000.0,36.0
2025,12,1,1,1,40,1,3,8.0,2550000.0,43.0
2025,12,3,1,1,31,3,1,11.0,3007000.0,47.0
2025,12,1,1,1,37,1,2,5.0,1959000.0,42.0
2025,12,3,1,1,33,3,1,5.0,1771000.0,41.0
2025,12,1,1,2,42,1,3,10.0,4955000.0,70.0
2025,12,6,1,1,28,8,2,4.0,2636000.0,47.0
2025,12,2,1,2,49,2,2,10.0,1198000.0,65.0
2025,12,1,1,2,46,1,2,10.0,1803000.0,84.0
2025,12,1,1,2,30,1,2,5.0,1134000.0,56.0
2025,12,4,1,1,29,7,2,8.0,1938000.0,96.0
2025,12,4,1,2,23,3,1,8.0,1328000.0,47.0
2025,12,1,1,1,56,1,3,3.0,3183000.0,55.0
2025,12,2,1,2,43,2,2,5.0,361000.0,15.0
2025,12,1,1,1,31,1,2,6.0,1140000.0,1.0
2025,12,1,1,1,55,1,2,5.0,1882000.0,49.0
2025,12,1,1,2,22,1,2,5.0,1320000.0,56.0
2025,12,2,1,1,38,2,3,8.0,2382000.0,84.0
2025,12,1,1,1,37,1,2,5.0,2745000.0,80.0
2025,12,2,1,2,38,2,2,10.0,3828000.0,33.0
2025,12,1,1,2,73,1,3,3.0,486000.0,38.0
2025,12,1,1,1,60,1,2,4.0,2238000.0,47.0
2025,12,2,1,1,56,2,3,3.0,1459000.0,31.0
2025,12,1,1,1,56,1,3,9.0,2192000.0,47.0
2025,12,2,1,2,22,9,2,5.0,1135000.0,56.0
2025,12,2,1,2,49,2,2,8.0,1195000.0,85.0
2025,12,1,1,1,37,1,3,11.0,5221000.0,71.0
2025,12,2,1,1,31,3,2,8.0,1956000.0,47.0
2025,12,1,1,1,55,1,2,5.0,1617000.0,47.0
2025,12,2,1,2,25,2,2,8.0,1127000.0,56.0
2025,12,1,1,2,55,1,3,9.0,324000.0,85.0
2025,12,2,1,2,58,2,2,5.0,107000.0,95.0
2025,12,2,1,2,43,2,2,11.0,1431000.0,96.0
2025,12,1,1,2,54,1,2,3.0,971000.0,56.0
2025,12,4,1,1,34,7,2,9.0,2941000.0,80.0
2025,12,1,1,1,43,1,2,12.0,12420000.0,84.0
2025,12,2,1,2,49,3,1,5.0,1619000.0,47.0
2025,12,1,1,2,52,1,1,5.0,1222000.0,47.0
2025,12,2,1,1,39,2,3,10.0,6503000.0,84.0
2025,12,2,1,2,28,2,2,10.0,0.0,69.0
2025,12,2,1,1,32,2,2,4.0,1915000.0,7.0
2025,12,1,1,2,54,1,2,7.0,2932000.0,85.0
2025,12,1,1,1,47,1,2,3.0,2822000.0,47.0
2025,12,1,1,1,39,1,2,5.0,1329000.0,45.0
2025,12,1,1,2,27,1,2,4.0,393000.0,10.0
2025,12,1,1,2,31,1,2,12.0,5793000.0,84.0
2025,12,2,1,2,28,3,1,10.0,1452000.0,10.0
2025,12,2,1,2,49,2,2,5.0,675000.0,97.0
2025,12,2,1,2,25,2,2,8.0,1466000.0,87.0
2025,12,1,1,1,56,1,2,4.0,644000.0,43.0
2025,12,1,1,1,39,1,2,5.0,1903000.0,45.0
2025,12,1,1,2,25,1,1,10.0,3100000.0,65.0
2025,12,1,1,2,44,1,3,4.0,1045000.0,97.0
2025,12,1,1,1,55,1,2,3.0,2351000.0,84.0
2025,12,3,1,1,23,6,2,10.0,299000.0,56.0
2025,12,1,1,1,40,1,2,5.0,2507000.0,1.0
2025,12,2,1,2,24,2,2,10.0,498000.0,92.0
2025,12,1,1,2,46,1,2,8.0,1229000.0,96.0
2025,12,1,1,2,29,1,2,9.0,2464000.0,78.0
2025,12,1,1,1,51,1,2,5.0,2380000.0,46.0
2025,12,2,1,2,21,3,1,9.0,1363000.0,47.0
2025,12,2,1,1,44,2,3,5.0,1281000.0,49.0
2025,12,2,1,1,70,2,3,3.0,2065000.0,47.0
2025,12,2,1,2,18,3,1,5.0,197000.0,88.0
2025,12,1,1,2,55,1,3,3.0,226000.0,47.0
2025,12,3,1,1,42,3,1,3.0,679000.0,1.0
2025,12,1,1,1,40,1,2,3.0,1082000.0,43.0
2025,12,1,1,1,29,1,2,5.0,1720000.0,1.0
2025,12,1,1,2,28,1,2,3.0,0.0,81.0
2025,12,1,1,2,47,1,3,3.0,796000.0,81.0
2025,12,1,1,2,37,1,2,5.0,1417000.0,86.0
2025,12,2,1,1,55,2,2,5.0,3997000.0,31.0
2025,12,2,1,2,40,2,1,10.0,3895000.0,86.0
2025,12,1,1,2,65,1,3,10.0,0.0,47.0
2025,12,3,1,2,60,3,1,10.0,0.0,56.0
2025,12,3,1,2,51,4,2,4.0,1597000.0,14.0
2025,12,2,1,1,53,3,1,4.0,907000.0,45.0
2025,12,1,1,2,74,1,3,4.0,100000.0,95.0
2025,12,2,1,1,32,3,3,3.0,2304000.0,77.0
2025,12,1,1,1,53,1,3,1.0,1869000.0,1.0
2025,12,1,1,1,29,1,2,5.0,1452000.0,49.0
2025,12,1,1,1,29,1,2,5.0,3695000.0,47.0
2025,12,1,1,1,56,1,3,11.0,8008000.0,85.0
2025,12,2,1,2,35,2,2,3.0,889000.0,56.0
2025,12,1,1,2,69,1,3,3.0,379000.0,14.0
2025,12,2,1,1,27,3,2,10.0,1484000.0,49.0
2025,12,1,1,2,40,1,2,5.0,510000.0,56.0
2025,12,2,1,2,35,2,3,5.0,1436000.0,86.0
2025,12,2,1,2,64,2,2,3.0,115000.0,47.0
2025,12,2,1,2,20,3,1,5.0,753000.0,56.0
2025,12,2,1,1,66,2,3,3.0,2516000.0,1.0
2025,12,1,1,1,52,1,3,1.0,547000.0,85.0
2025,12,3,1,1,32,3,1,5.0,1849000.0,31.0
2025,12,1,1,2,45,1,1,8.0,1111000.0,86.0
2025,12,1,1,2,29,1,2,5.0,294000.0,56.0
2025,12,2,1,1,40,9,2,4.0,1078000.0,47.0
2025,12,1,1,2,42,1,1,5.0,1553000.0,80.0
2025,12,2,1,1,38,2,2,5.0,1562000.0,10.0
2025,12,2,1,2,41,2,2,11.0,4992000.0,84.0
2025,12,1,1,1,24,1,2,5.0,1455000.0,1.0
2025,12,1,1,1,79,1,3,11.0,4008000.0,71.0
2025,12,1,1,1,38,1,2,11.0,4227000.0,86.0
2025,12,1,1,2,63,1,3,3.0,184000.0,81.0
2025,12,3,1,2,46,3,1,10.0,2818000.0,86.0
2025,12,2,1,2,47,2,2,5.0,456000.0,16.0
2025,12,1,1,1,58,1,3,8.0,127000.0,95.0
2025,12,1,1,1,44,1,3,4.0,3228000.0,41.0
2025,12,1,1,1,52,1,2,3.0,1284000.0,49.0
2025,12,1,1,1,55,1,3,3.0,2473000.0,1.0
2025,12,1,1,2,29,1,2,5.0,1262000.0,45.0
2025,12,1,1,2,28,1,2,4.0,960000.0,96.0
2025,12,1,1,1,46,1,2,3.0,2001000.0,31.0
2025,12,2,1,2,42,2,3,10.0,1968000.0,85.0
2025,12,1,1,2,57,1,2,5.0,157000.0,56.0
2025,12,1,1,2,24,1,2,10.0,1359000.0,47.0
2025,12,3,1,1,47,6,3,3.0,512000.0,47.0
2025,12,1,1,2,31,1,2,5.0,1445000.0,86.0
2025,12,2,1,1,64,2,3,3.0,1667000.0,65.0
2025,12,1,1,2,35,1,2,10.0,506000.0,20.0
2025,12,1,1,2,33,1,2,10.0,2056000.0,73.0
2025,12,1,1,1,29,1,2,3.0,796000.0,1.0
2025,12,3,1,1,63,6,1,1.0,658000.0,47.0
2025,12,1,1,2,32,1,2,5.0,1335000.0,96.0
2025,12,1,1,2,70,1,3,1.0,100000.0,56.0
2025,12,1,1,2,25,1,2,4.0,1904000.0,85.0
2025,12,2,1,2,27,3,1,8.0,1115000.0,86.0
2025,12,2,1,2,72,2,3,11.0,3183000.0,85.0
2025,12,3,1,1,33,3,1,4.0,1727000.0,41.0
2025,12,2,1,1,44,3,1,10.0,2219000.0,56.0
2025,12,1,1,2,66,1,3,3.0,436000.0,81.0
2025,12,1,1,2,46,1,3,9.0,1771000.0,68.0
2025,12,3,1,1,36,3,1,5.0,1952000.0,49.0
2025,12,5,1,1,28,6,1,5.0,3389000.0,84.0
2025,12,4,1,1,64,4,2,3.0,145000.0,47.0
2025,12,1,1,2,36,1,2,5.0,586000.0,56.0
2025,12,2,1,1,35,2,2,3.0,499000.0,41.0
2025,12,1,1,2,43,1,2,9.0,2055000.0,85.0
2025,12,1,1,1,43,1,2,5.0,6882000.0,1.0
2025,12,2,1,1,32,2,2,4.0,2303000.0,1.0
2025,12,1,1,1,49,1,3,11.0,8324000.0,64.0
2025,12,2,1,2,30,2,2,7.0,2668000.0,85.0
2025,12,1,1,1,58,1,2,5.0,832000.0,49.0
2025,12,1,1,1,28,1,2,10.0,2031000.0,10.0
2025,12,3,1,1,22,8,2,11.0,1931000.0,73.0
2025,12,2,1,1,21,3,1,6.0,2023000.0,86.0
2025,12,5,1,1,23,6,1,5.0,1984000.0,46.0
2025,12,2,1,2,40,2,3,5.0,2611000.0,96.0
2025,12,2,1,2,41,2,2,10.0,6118000.0,84.0
2025,12,1,1,2,33,1,2,5.0,171000.0,96.0
2025,12,1,1,2,31,1,2,8.0,1332000.0,56.0
2025,12,1,1,2,34,1,2,8.0,1765000.0,84.0
2025,12,1,1,2,25,1,3,10.0,1432000.0,1.0
2025,12,2,1,2,49,2,2,4.0,1903000.0,81.0
2025,12,3,1,1,28,3,1,4.0,908000.0,96.0
2025,12,1,1,1,25,1,2,8.0,2087000.0,82.0
2025,12,1,1,2,33,1,3,8.0,1046000.0,96.0
2025,12,2,1,2,42,3,1,5.0,1397000.0,47.0
2025,12,1,1,2,54,1,2,5.0,1515000.0,47.0
2025,12,1,1,1,58,1,3,3.0,1917000.0,47.0
2025,12,2,1,2,25,2,2,10.0,1208000.0,56.0
2025,12,1,1,2,52,1,3,5.0,1276000.0,1.0
2025,12,1,1,1,34,1,3,5.0,493000.0,96.0
2025,12,1,1,1,39,1,2,8.0,3253000.0,84.0
2025,12,1,1,2,22,1,2,10.0,861000.0,47.0
2025,12,2,1,2,54,2,2,5.0,317000.0,96.0
2025,12,1,1,2,84,1,3,3.0,197000.0,47.0
2025,12,1,1,1,70,1,3,3.0,1105000.0,47.0
2025,12,2,1,2,50,3,1,5.0,1223000.0,55.0
2025,12,1,1,1,58,1,2,10.0,4375000.0,92.0
2025,12,1,2,2,31,1,2,5.0,1345000.0,97.0
2025,12,1,1,2,54,1,2,1.0,374000.0,47.0
2025,12,1,1,2,60,1,3,5.0,1257000.0,47.0
2025,12,2,1,2,38,2,2,8.0,1459000.0,96.0
2025,12,1,1,2,26,1,2,5.0,2509000.0,10.0
2025,12,1,1,2,50,1,1,5.0,1457000.0,56.0
2025,12,1,1,2,38,1,2,5.0,1382000.0,14.0
2025,12,2,1,2,52,2,2,5.0,983000.0,81.0
2025,12,2,1,2,28,3,1,10.0,3292000.0,69.0
2025,12,1,1,2,41,1,2,5.0,1302000.0,56.0
2025,12,1,1,2,31,1,2,4.0,450000.0,82.0
2025,12,1,1,1,41,1,2,3.0,960000.0,1.0
2025,12,1,1,1,33,1,2,4.0,2208000.0,5.0
2025,12,1,1,2,29,1,2,10.0,2993000.0,31.0
2025,12,1,1,2,45,1,2,5.0,851000.0,96.0
2025,12,3,1,1,32,3,1,10.0,20737000.0,84.0
2025,12,3,1,1,46,3,1,5.0,2449000.0,38.0
2025,12,1,1,2,29,1,2,4.0,1048000.0,56.0
2025,12,1,1,1,29,1,2,5.0,1175000.0,7.0
2025,12,2,1,1,18,3,1,8.0,1948000.0,96.0
2025,12,2,1,2,45,2,2,4.0,820000.0,47.0
2025,12,3,1,1,45,3,1,6.0,1863000.0,47.0
2025,12,3,1,2,29,3,1,6.0,960000.0,56.0
2025,12,2,1,1,40,2,2,3.0,594000.0,3.0
2025,12,1,1,1,49,1,2,10.0,4878000.0,45.0
2025,12,1,1,1,76,1,3,10.0,1127000.0,58.0
2025,12,1,1,2,55,1,3,5.0,661000.0,47.0
2025,12,1,1,1,59,1,2,3.0,730000.0,1.0
2025,12,2,1,2,27,2,3,10.0,1348000.0,86.0
2025,12,2,1,2,42,2,2,5.0,873000.0,96.0
2025,12,1,1,1,22,1,2,10.0,3423000.0,62.0
2025,12,3,1,2,36,3,1,5.0,1629000.0,56.0
2025,12,1,1,1,28,1,2,10.0,3955000.0,87.0
2025,12,1,1,2,48,1,2,5.0,100000.0,81.0
2025,12,2,1,2,53,2,3,11.0,5159000.0,85.0
2025,12,2,1,1,43,2,2,3.0,2290000.0,16.0
2025,12,2,1,1,26,6,2,10.0,1822000.0,71.0
2025,12,2,1,2,25,2,2,10.0,296000.0,1.0
2025,12,2,1,1,31,3,1,3.0,1068000.0,41.0
2025,12,1,1,1,53,1,2,11.0,9241000.0,84.0
2025,12,1,1,1,48,1,2,5.0,2007000.0,56.0
2025,12,2,1,2,39,2,2,5.0,1312000.0,32.0
2025,12,2,1,1,49,2,2,5.0,889000.0,49.0
2025,12,1,1,1,37,1,2,3.0,1639000.0,49.0
2025,12,1,1,2,41,1,2,4.0,1214000.0,56.0
2025,12,3,1,1,42,3,1,11.0,3346000.0,84.0
2025,12,3,1,2,32,3,1,10.0,1504000.0,84.0
2025,12,2,1,2,20,2,2,5.0,943000.0,47.0
2025,12,1,1,2,38,1,2,10.0,642000.0,47.0
2025,12,2,1,1,51,2,3,3.0,1975000.0,23.0
2025,12,2,1,2,21,2,2,5.0,196000.0,1.0
2025,12,3,1,1,72,9,3,3.0,1383000.0,1.0
2025,12,1,1,1,33,1,2,10.0,4937000.0,20.0
2025,12,4,1,1,23,3,1,5.0,621000.0,49.0
2025,12,2,1,1,28,3,1,5.0,1911000.0,1.0
2025,12,2,1,1,36,2,2,8.0,4794000.0,84.0
2025,12,1,1,2,34,1,2,10.0,2912000.0,85.0
2025,12,2,1,1,32,2,2,3.0,1182000.0,45.0
2025,12,3,1,1,24,8,1,10.0,2185000.0,73.0
2025,12,2,1,1,73,6,3,3.0,2115000.0,74.0
2025,12,1,1,1,38,1,3,3.0,2369000.0,35.0
2025,12,2,1,1,30,2,2,8.0,4100000.0,49.0
2025,12,2,1,1,22,3,2,10.0,1734000.0,47.0
2025,12,3,1,1,18,8,1,5.0,1014000.0,45.0
2025,12,2,1,2,62,2,3,11.0,5373000.0,84.0
2025,12,2,1,1,28,3,2,9.0,1421000.0,85.0
2025,12,1,1,2,29,1,3,5.0,1218000.0,92.0
2025,12,2,1,1,63,2,2,5.0,2209000.0,49.0
2025,12,1,1,1,41,1,3,3.0,403000.0,41.0
2025,12,2,1,1,34,2,2,5.0,1698000.0,52.0
2025,12,5,1,1,29,9,2,4.0,2226000.0,14.0
2025,12,1,1,2,21,1,2,8.0,1176000.0,47.0
2025,12,1,1,2,45,1,2,7.0,1819000.0,56.0
2025,12,1,1,1,55,1,3,3.0,2541000.0,56.0
2025,12,1,1,1,59,1,3,10.0,649000.0,56.0
2025,12,1,1,1,33,1,2,3.0,1144000.0,1.0
2025,12,3,1,2,19,3,1,10.0,465000.0,64.0
2025,12,2,1,1,89,2,3,3.0,670000.0,47.0
2025,12,2,1,2,33,2,2,11.0,5564000.0,84.0
2025,12,2,1,1,26,2,2,8.0,2441000.0,86.0
2025,12,1,1,2,28,1,2,8.0,1543000.0,10.0
2025,12,2,1,1,38,2,2,9.0,3050000.0,86.0
2025,12,1,1,2,23,1,2,5.0,1238000.0,47.0
2025,12,1,1,2,60,1,2,4.0,1317000.0,97.0
2025,12,1,1,2,44,1,3,1.0,226000.0,96.0
2025,12,1,1,1,75,1,3,5.0,175000.0,47.0
2025,12,1,1,1,36,1,2,10.0,5394000.0,41.0
2025,12,3,1,2,43,3,1,5.0,863000.0,42.0
2025,12,2,1,1,24,3,1,9.0,3288000.0,51.0
2025,12,1,1,2,54,1,3,3.0,432000.0,81.0
2025,12,1,1,2,30,1,2,5.0,1316000.0,56.0
2025,12,3,1,2,28,3,1,8.0,814000.0,81.0
2025,12,1,1,1,42,1,3,8.0,5176000.0,84.0
2025,12,1,1,2,52,1,3,10.0,5510000.0,85.0
2025,12,1,1,1,48,1,3,4.0,1592000.0,41.0
2025,12,2,1,2,55,2,2,5.0,1512000.0,31.0
2025,12,1,1,2,52,1,3,4.0,602000.0,97.0
2025,12,2,1,1,70,2,2,3.0,1523000.0,3.0
2025,12,1,1,2,53,1,3,10.0,2714000.0,84.0
2025,12,1,1,1,66,1,3,5.0,1964000.0,49.0
2025,12,2,1,2,50,2,2,3.0,337000.0,47.0
2025,12,1,1,1,63,1,2,5.0,1737000.0,52.0
2025,12,2,1,1,48,2,2,10.0,3756000.0,86.0
2025,12,1,1,2,42,1,1,12.0,7695000.0,94.0
2025,12,3,1,1,27,3,1,8.0,414000.0,49.0
2025,12,1,1,2,28,1,2,4.0,100000.0,15.0
2025,12,1,1,1,55,1,3,3.0,0.0,45.0
2025,12,1,1,1,47,1,3,5.0,1944000.0,85.0
2025,12,2,1,1,42,2,2,3.0,2053000.0,1.0
2025,12,3,1,2,27,3,1,10.0,1723000.0,41.0
2025,12,1,1,2,58,1,3,3.0,568000.0,47.0
2025,12,2,1,1,69,2,2,5.0,1741000.0,85.0
2025,12,1,1,2,69,1,3,3.0,150000.0,97.0
2025,12,3,1,2,24,3,1,5.0,0.0,14.0
2025,12,2,1,2,26,3,1,10.0,1428000.0,85.0
2025,12,1,1,2,51,1,2,10.0,2402000.0,32.0
2025,12,2,1,2,21,3,1,10.0,1407000.0,82.0
2025,12,3,1,1,33,3,1,5.0,956000.0,10.0
2025,12,2,2,2,55,2,2,3.0,1634000.0,97.0
2025,12,2,1,2,42,2,2,6.0,1408000.0,47.0
2025,12,1,1,2,20,1,3,5.0,1491000.0,92.0
2025,12,2,1,1,33,2,2,5.0,1662000.0,47.0
2025,12,1,1,2,41,1,2,6.0,1469000.0,46.0
2025,12,3,1,2,56,3,1,3.0,351000.0,47.0
2025,12,1,1,2,43,1,2,5.0,595000.0,81.0
2025,12,2,1,1,36,2,2,8.0,1647000.0,25.0
2025,12,1,1,1,63,1,3,3.0,1974000.0,68.0
2025,12,2,1,2,41,13,2,5.0,100000.0,47.0
2025,12,3,1,1,45,3,1,5.0,1741000.0,1.0
2025,12,2,1,2,44,2,2,5.0,1267000.0,86.0
2025,12,1,1,1,37,1,2,10.0,3950000.0,86.0
2025,12,3,1,2,22,3,1,10.0,100000.0,85.0
2025,12,2,1,2,55,2,3,5.0,1548000.0,55.0
2025,12,1,1,2,46,1,3,3.0,251000.0,55.0
2025,12,1,1,2,21,1,2,6.0,817000.0,56.0
2025,12,1,1,1,22,1,2,10.0,2235000.0,86.0
2025,12,3,1,1,39,7,2,3.0,3449000.0,10.0
2025,12,2,1,1,52,2,2,3.0,449000.0,53.0
2025,12,1,1,1,38,1,2,8.0,4402000.0,49.0
2025,12,1,1,1,28,1,2,4.0,1663000.0,41.0
2025,12,2,1,2,41,2,2,4.0,1401000.0,47.0
2025,12,1,1,2,28,1,2,5.0,1603000.0,47.0
2025,12,2,1,1,51,2,2,8.0,1835000.0,68.0
2025,12,3,1,1,24,3,1,3.0,1621000.0,41.0
2025,12,1,1,2,56,1,2,3.0,1650000.0,56.0
2025,12,5,1,1,36,3,1,8.0,2443000.0,49.0
2025,12,1,1,2,23,1,2,9.0,2291000.0,61.0
2025,12,2,1,2,24,2,2,5.0,0.0,1.0
2025,12,1,1,1,62,1,3,5.0,2095000.0,56.0
2025,12,1,1,1,66,1,2,3.0,1593000.0,45.0
2025,12,1,1,1,67,1,3,5.0,6646000.0,56.0
2025,12,1,1,1,29,1,2,5.0,2064000.0,35.0
2025,12,3,1,1,23,3,1,10.0,1843000.0,49.0
2025,12,2,1,2,38,2,3,5.0,960000.0,14.0
2025,12,3,1,2,30,3,1,10.0,2913000.0,84.0
2025,12,2,1,1,59,2,3,4.0,0.0,47.0
2025,12,1,1,2,52,1,2,6.0,2395000.0,45.0
2025,12,1,1,2,31,1,2,4.0,1899000.0,1.0
2025,12,5,1,1,62,4,2,5.0,1468000.0,1.0
2025,12,1,1,2,39,1,2,10.0,1015000.0,86.0
2025,12,1,1,2,49,1,2,3.0,1929000.0,10.0
2025,12,1,2,2,36,1,2,10.0,884000.0,81.0
2025,12,1,1,2,56,1,3,5.0,437000.0,95.0
2025,12,1,1,1,59,1,2,6.0,2545000.0,49.0
2025,12,1,1,2,57,1,1,11.0,5488000.0,84.0
2025,12,4,1,2,34,8,2,6.0,737000.0,96.0
2025,12,1,1,1,36,1,2,10.0,2572000.0,47.0
2025,12,3,1,1,21,3,1,5.0,1579000.0,47.0
2025,12,2,1,1,40,2,2,3.0,1313000.0,41.0
2025,12,2,1,1,24,3,1,10.0,1937000.0,10.0
2025,12,7,1,2,46,9,3,3.0,100000.0,56.0
2025,12,1,1,1,38,1,1,10.0,2427000.0,85.0
2025,12,4,1,2,25,7,2,8.0,2373000.0,82.0
2025,12,1,1,2,52,1,2,8.0,876000.0,7.0
2025,12,1,1,1,48,1,3,5.0,3382000.0,42.0
2025,12,1,1,1,42,1,2,5.0,2109000.0,85.0
2025,12,1,1,1,30,1,2,10.0,14005000.0,62.0
2025,12,4,1,2,27,3,1,10.0,2056000.0,47.0
2025,12,1,1,2,28,1,2,8.0,2574000.0,84.0
2025,12,2,1,1,57,2,3,5.0,6014000.0,47.0
2025,12,3,1,2,49,7,3,4.0,1265000.0,97.0
2025,12,1,1,1,63,1,2,11.0,4206000.0,94.0
2025,12,1,1,2,50,1,3,5.0,748000.0,47.0
2025,12,3,1,2,33,7,2,5.0,100000.0,47.0
2025,12,1,1,1,40,1,2,5.0,1304000.0,1.0
2025,12,1,1,1,80,1,3,3.0,914000.0,31.0
2025,12,3,1,2,56,5,3,4.0,905000.0,86.0
2025,12,2,1,1,52,3,1,3.0,2387000.0,47.0
2025,12,5,1,1,35,9,2,5.0,1883000.0,27.0
2025,12,1,1,2,35,1,2,4.0,835000.0,56.0
2025,12,2,1,1,62,2,3,3.0,952000.0,46.0
2025,12,1,1,2,36,1,2,6.0,1647000.0,86.0
2025,12,1,1,1,26,1,2,5.0,2129000.0,49.0
2025,12,5,1,1,20,3,1,8.0,2843000.0,17.0
2025,12,2,1,2,23,3,1,5.0,131000.0,81.0
2025,12,2,1,1,52,2,3,4.0,1782000.0,49.0
2025,12,4,1,2,32,3,1,5.0,731000.0,56.0
2025,12,2,1,2,53,2,2,5.0,1932000.0,55.0
2025,12,2,1,1,19,3,1,8.0,570000.0,64.0
2025,12,3,1,2,44,3,1,10.0,2111000.0,47.0
2025,12,1,1,1,35,1,2,3.0,2392000.0,47.0
2025,12,1,1,2,19,1,2,5.0,1790000.0,56.0
2025,12,1,1,2,52,1,3,3.0,398000.0,1.0
2025,12,1,1,2,30,1,2,4.0,808000.0,97.0
2025,12,2,1,2,53,2,2,12.0,3506000.0,69.0
2025,12,1,1,1,50,1,2,4.0,2534000.0,42.0
2025,12,1,1,2,45,1,3,5.0,1450000.0,55.0
2025,12,2,1,1,37,2,2,10.0,2554000.0,47.0
2025,12,1,1,2,39,1,2,5.0,1666000.0,86.0
2025,12,1,1,1,41,1,2,3.0,2456000.0,1.0
2025,12,1,1,1,76,1,3,11.0,7129000.0,84.0
2025,12,4,1,1,37,3,1,3.0,331000.0,38.0
2025,12,1,1,2,50,1,2,10.0,656000.0,14.0
2025,12,2,1,2,53,2,2,8.0,2934000.0,84.0
2025,12,3,1,1,46,3,1,10.0,3883000.0,86.0
2025,12,3,1,1,32,3,1,5.0,1640000.0,47.0
2025,12,3,1,1,55,6,3,3.0,136000.0,96.0
2025,12,1,1,1,39,1,2,3.0,1171000.0,52.0
2025,12,1,1,2,49,1,2,5.0,2319000.0,46.0
2025,12,1,1,2,31,1,2,11.0,3434000.0,84.0
2025,12,4,1,1,39,7,2,5.0,1232000.0,56.0
2025,12,1,1,1,59,1,3,3.0,965000.0,52.0
2025,12,4,1,1,28,6,2,10.0,3002000.0,85.0
2025,12,1,1,2,55,1,2,11.0,0.0,55.0
2025,12,2,1,1,70,2,3,5.0,977000.0,74.0
2025,12,2,1,2,27,2,2,5.0,100000.0,96.0
2025,12,7,1,2,42,7,2,10.0,4614000.0,85.0
2025,12,1,1,2,36,1,2,5.0,969000.0,81.0
2025,12,1,1,2,35,1,2,4.0,562000.0,47.0
2025,12,1,1,2,49,1,3,5.0,1583000.0,47.0
2025,12,1,1,2,29,1,2,5.0,0.0,96.0
2025,12,2,1,1,30,3,1,5.0,1728000.0,49.0
2025,12,1,1,1,29,1,2,10.0,7125000.0,84.0
2025,12,2,1,2,52,2,3,5.0,248000.0,81.0
2025,12,1,1,2,53,1,2,3.0,146000.0,96.0
2025,12,1,1,2,26,1,2,10.0,1286000.0,46.0
2025,12,3,1,2,39,8,1,10.0,3891000.0,46.0
2025,12,2,1,1,29,2,3,1.0,255000.0,47.0
2025,12,2,1,2,29,3,1,10.0,1258000.0,47.0
2025,12,2,1,1,30,2,2,3.0,2616000.0,1.0
2025,12,1,1,1,72,1,3,3.0,787000.0,45.0
2025,12,1,1,2,34,1,2,8.0,961000.0,81.0
2025,12,1,1,1,32,1,2,6.0,2325000.0,41.0
2025,12,2,1,2,26,3,1,5.0,432000.0,97.0
2025,12,1,1,2,54,1,3,5.0,793000.0,81.0
2025,12,2,1,2,29,3,1,5.0,1203000.0,47.0
2025,12,2,1,1,85,2,3,3.0,4572000.0,68.0
2025,12,1,1,1,37,1,2,3.0,2514000.0,46.0
2025,12,4,1,1,19,3,1,5.0,717000.0,3.0
2025,12,1,1,2,28,1,2,8.0,0.0,64.0
2025,12,1,1,2,47,1,3,3.0,1085000.0,56.0
2025,12,3,1,2,23,3,1,10.0,6294000.0,86.0
2025,12,2,1,2,60,10,3,3.0,1858000.0,97.0
2025,12,1,1,2,22,1,2,6.0,1231000.0,56.0
2025,12,2,1,2,38,2,2,5.0,1203000.0,47.0
2025,12,2,1,1,59,2,3,5.0,2193000.0,41.0
2025,12,1,1,2,38,1,2,8.0,4430000.0,84.0
2025,12,1,1,1,52,1,3,5.0,1880000.0,80.0
2025,12,2,1,1,18,2,2,5.0,1618000.0,1.0
2025,12,3,1,2,34,3,1,4.0,1048000.0,25.0
2025,12,2,1,2,22,3,1,6.0,1641000.0,97.0
2025,12,2,1,2,42,2,1,10.0,1818000.0,69.0
2025,12,2,1,2,36,2,3,5.0,1497000.0,84.0
2025,12,2,1,2,34,2,2,10.0,674000.0,47.0
2025,12,3,1,1,48,3,1,5.0,2072000.0,31.0
2025,12,2,1,1,25,2,2,5.0,1575000.0,47.0
2025,12,1,1,1,34,1,2,5.0,2531000.0,84.0
2025,12,2,1,1,53,2,2,5.0,1880000.0,49.0
2025,12,1,1,2,24,1,1,5.0,1969000.0,87.0
2025,12,1,1,2,35,1,2,3.0,1007000.0,47.0
2025,12,1,1,1,62,1,3,5.0,1141000.0,92.0
2025,12,1,1,1,43,1,2,6.0,2345000.0,23.0
2025,12,1,1,1,44,1,2,5.0,925000.0,56.0
2025,12,2,1,2,25,2,2,5.0,175000.0,81.0
2025,12,1,1,1,62,1,2,1.0,1169000.0,1.0
2025,12,2,1,2,18,3,3,5.0,100000.0,96.0
2025,12,1,1,1,35,1,2,8.0,2664000.0,45.0
2025,12,2,1,2,33,2,2,11.0,8573000.0,65.0
2025,12,2,1,2,23,3,1,5.0,1243000.0,56.0
2025,12,2,1,1,60,2,3,5.0,1830000.0,68.0
2025,12,1,1,1,71,1,3,3.0,0.0,47.0
2025,12,1,1,1,71,1,3,4.0,1294000.0,95.0
2025,12,2,1,2,60,2,3,10.0,3581000.0,84.0
2025,12,2,1,2,28,2,2,5.0,1169000.0,86.0
2025,12,2,1,2,33,2,2,9.0,3580000.0,84.0
2025,12,1,1,2,26,1,2,6.0,840000.0,47.0
2025,12,1,1,2,41,1,2,5.0,909000.0,47.0
2025,12,1,1,2,50,1,1,11.0,2454000.0,85.0
2025,12,3,1,1,22,9,2,6.0,1731000.0,93.0
2025,12,1,1,2,45,1,2,5.0,961000.0,81.0
2025,12,2,1,2,46,2,2,4.0,240000.0,47.0
2025,12,2,1,2,32,2,1,8.0,1339000.0,69.0
2025,12,4,1,2,32,3,1,4.0,1282000.0,97.0
2025,12,2,1,2,20,2,2,9.0,746000.0,10.0
2025,12,1,1,2,55,1,3,6.0,100000.0,81.0
2025,12,3,1,1,48,3,1,4.0,1484000.0,17.0
2025,12,2,1,2,40,3,1,10.0,1885000.0,42.0
2025,12,3,1,2,36,10,2,4.0,1152000.0,97.0
2025,12,1,1,1,43,1,2,5.0,1821000.0,10.0
2025,12,2,1,2,22,3,1,5.0,1274000.0,86.0
2025,12,1,1,1,46,1,2,5.0,3011000.0,20.0
2025,12,1,1,1,67,1,3,6.0,1134000.0,56.0
2025,12,1,1,1,38,1,2,3.0,1427000.0,41.0
2025,12,5,1,2,24,9,2,5.0,1228000.0,56.0
2025,12,1,1,2,47,1,2,10.0,4568000.0,84.0
2025,12,2,1,1,37,2,2,3.0,1450000.0,41.0
2025,12,4,1,1,27,8,1,5.0,2366000.0,47.0
2025,12,3,1,1,39,3,1,3.0,518000.0,3.0
2025,12,2,1,2,28,2,3,5.0,0.0,46.0
2025,12,2,1,1,43,2,2,10.0,4200000.0,87.0
2025,12,1,1,2,44,1,2,4.0,961000.0,92.0
2025,12,5,1,2,21,7,2,10.0,1341000.0,47.0
2025,12,1,1,2,24,1,1,5.0,1095000.0,56.0
2025,12,2,1,1,33,3,1,8.0,1623000.0,47.0
2025,12,1,1,1,47,1,2,10.0,3858000.0,47.0
2025,12,1,1,1,47,1,3,5.0,1925000.0,24.0
2025,12,1,1,1,60,1,2,5.0,2735000.0,85.0
2025,12,3,1,2,19,3,1,10.0,0.0,90.0
2025,12,1,1,1,35,1,2,8.0,2662000.0,49.0
2025,12,1,1,2,54,1,3,3.0,175000.0,56.0
2025,12,3,1,1,18,3,1,9.0,2206000.0,66.0
2025,12,1,1,2,36,1,2,8.0,1440000.0,86.0
2025,12,2,1,2,34,3,1,11.0,3652000.0,85.0
2025,12,1,1,2,38,1,2,5.0,1142000.0,86.0
2025,12,1,2,1,25,1,2,10.0,2404000.0,49.0
2025,12,2,1,1,40,2,2,5.0,2163000.0,47.0
2025,12,6,1,1,61,6,3,5.0,2309000.0,46.0
2025,12,1,1,1,56,1,3,4.0,1480000.0,47.0
2025,12,1,1,2,71,1,3,4.0,0.0,47.0
2025,12,2,1,2,38,2,2,5.0,721000.0,56.0
2025,12,2,1,1,64,2,3,3.0,1172000.0,49.0
2025,12,1,1,2,37,1,2,5.0,1461000.0,47.0
2025,12,1,1,2,41,1,2,10.0,1374000.0,85.0
2025,12,3,1,2,49,4,2,5.0,578000.0,56.0
2025,12,2,1,1,37,3,1,10.0,2331000.0,90.0
2025,12,1,1,1,46,1,3,3.0,596000.0,41.0
2025,12,3,1,1,30,13,2,3.0,713000.0,49.0
2025,12,2,1,1,34,2,3,3.0,1176000.0,52.0
2025,12,3,1,1,33,3,1,5.0,1530000.0,1.0
2025,12,1,1,1,55,1,2,11.0,5149000.0,84.0
2025,12,3,1,1,24,6,2,5.0,867000.0,96.0
2025,12,2,1,1,38,2,2,5.0,2031000.0,46.0
2025,12,1,1,2,46,1,2,4.0,1431000.0,56.0
2025,12,1,1,1,58,1,3,10.0,439000.0,56.0
2025,12,1,1,2,39,1,3,3.0,1021000.0,56.0
2025,12,1,1,2,44,1,2,11.0,3370000.0,85.0
2025,12,2,1,1,27,2,2,8.0,2938000.0,1.0
2025,12,1,1,2,68,1,2,5.0,1347000.0,88.0
2025,12,1,1,2,67,1,3,3.0,606000.0,1.0
2025,12,1,1,2,38,1,2,11.0,5650000.0,84.0
2025,12,2,1,2,54,6,3,1.0,100000.0,95.0
2025,12,2,1,1,27,2,2,5.0,1273000.0,41.0
2025,12,4,1,1,60,4,3,3.0,2160000.0,1.0
2025,12,1,1,2,35,1,2,5.0,1449000.0,6.0
2025,12,1,1,1,71,1,3,5.0,2201000.0,45.0
2025,12,1,1,1,37,1,2,9.0,3132000.0,56.0
2025,12,1,1,2,38,1,2,6.0,1430000.0,47.0
2025,12,2,1,1,29,2,2,3.0,1670000.0,47.0
2025,12,1,1,1,44,1,3,3.0,2529000.0,41.0
2025,12,1,1,1,39,1,2,9.0,3251000.0,84.0
2025,12,1,1,2,66,1,3,3.0,201000.0,56.0
2025,12,1,1,2,37,1,1,10.0,0.0,96.0
2025,12,1,1,1,71,1,3,3.0,433000.0,33.0
2025,12,1,1,1,44,1,2,8.0,326000.0,82.0
2025,12,2,1,1,47,2,2,10.0,1830000.0,47.0
2025,12,4,1,2,18,8,1,8.0,692000.0,47.0
2025,12,1,1,1,45,1,3,5.0,1891000.0,1.0
2025,12,1,1,2,36,1,2,4.0,1043000.0,56.0
2025,12,4,1,2,32,3,1,10.0,2472000.0,84.0
2025,12,1,1,2,32,1,2,5.0,1072000.0,55.0
2025,12,1,1,1,66,1,3,3.0,1909000.0,41.0
2025,12,6,1,2,25,9,2,8.0,1325000.0,56.0
2025,12,1,1,2,34,1,2,4.0,1058000.0,32.0
2025,12,1,1,2,34,1,2,5.0,1140000.0,56.0
2025,12,1,1,1,31,1,2,5.0,1813000.0,47.0
2025,12,3,1,1,23,3,1,8.0,2488000.0,56.0
2025,12,1,1,1,72,1,3,1.0,910000.0,41.0
2025,12,2,1,1,44,3,1,5.0,2206000.0,53.0
2025,12,2,1,1,58,2,3,5.0,3000000.0,45.0
2025,12,1,1,1,56,1,2,3.0,915000.0,49.0
2025,12,1,1,1,56,1,3,6.0,992000.0,47.0
2025,12,1,1,2,49,1,2,4.0,1678000.0,47.0
2025,12,1,1,1,39,1,2,5.0,1234000.0,49.0
2025,12,3,1,1,22,3,1,4.0,2377000.0,1.0
2025,12,3,1,2,33,3,1,10.0,1767000.0,46.0
2025,12,1,1,1,60,1,3,5.0,1782000.0,95.0
2025,12,2,1,1,66,2,3,9.0,2510000.0,85.0
2025,12,1,1,2,38,1,2,9.0,3265000.0,85.0
2025,12,1,1,1,39,1,2,5.0,2757000.0,95.0
2025,12,1,1,1,41,1,2,3.0,2286000.0,1.0
2025,12,1,1,2,55,1,3,3.0,825000.0,81.0
2025,12,1,1,2,28,1,2,8.0,797000.0,56.0
2025,12,1,1,2,43,1,2,5.0,972000.0,14.0
2025,12,2,1,1,43,2,2,9.0,7993000.0,33.0
2025,12,1,1,2,47,1,2,11.0,4292000.0,86.0
2025,12,1,1,1,31,1,2,10.0,1951000.0,82.0
2025,12,1,1,2,29,1,2,9.0,1154000.0,56.0
2025,12,1,1,2,29,1,2,5.0,268000.0,56.0
2025,12,1,1,2,59,1,3,5.0,831000.0,47.0
2025,12,1,1,2,59,1,2,3.0,377000.0,1.0
2025,12,1,1,1,49,1,3,4.0,1432000.0,49.0
2025,12,1,1,1,27,1,2,10.0,6554000.0,42.0
2025,12,1,1,1,41,1,3,10.0,3942000.0,84.0
2025,12,3,1,1,52,9,3,3.0,2259000.0,10.0
2025,12,1,1,2,44,1,2,5.0,1931000.0,56.0
2025,12,2,1,1,20,13,2,5.0,2195000.0,93.0
2025,12,1,1,1,42,1,2,5.0,710000.0,49.0
2025,12,1,1,2,28,1,2,5.0,1597000.0,84.0
2025,12,2,1,1,37,2,3,10.0,3391000.0,85.0
2025,12,1,1,1,45,1,2,5.0,2345000.0,53.0
2025,12,3,1,1,38,3,1,10.0,2389000.0,71.0
2025,12,3,1,1,24,3,1,6.0,2071000.0,42.0
2025,12,2,1,1,21,2,2,6.0,2104000.0,53.0
2025,12,1,1,1,41,1,2,5.0,3654000.0,55.0
2025,12,2,1,2,20,3,1,8.0,453000.0,56.0
2025,12,1,1,1,44,1,2,8.0,2099000.0,49.0
2025,12,3,1,1,36,6,2,3.0,1671000.0,1.0
2025,12,2,1,2,38,2,2,3.0,1049000.0,56.0
2025,12,3,1,1,55,4,2,5.0,2066000.0,53.0
2025,12,2,1,2,44,2,2,8.0,1369000.0,10.0
2025,12,4,1,1,23,13,2,4.0,1446000.0,49.0
2025,12,1,1,1,70,1,3,3.0,1473000.0,46.0
2025,12,1,1,2,36,1,2,5.0,1424000.0,97.0
2025,12,1,1,2,51,1,3,3.0,1037000.0,97.0
2025,12,2,1,1,25,2,2,5.0,1839000.0,10.0
2025,12,1,1,1,44,1,3,3.0,1335000.0,1.0
2025,12,2,1,1,63,2,3,5.0,2174000.0,47.0
2025,12,1,1,2,32,1,2,6.0,1999000.0,1.0
2025,12,2,1,2,48,2,2,8.0,1433000.0,47.0
2025,12,2,1,1,25,2,2,6.0,2449000.0,47.0
2025,12,2,1,2,47,3,1,8.0,987000.0,47.0
2025,12,2,1,1,31,3,1,5.0,2350000.0,29.0
2025,12,1,1,1,39,1,2,8.0,1851000.0,56.0
2025,12,2,1,2,22,3,1,10.0,1426000.0,47.0
2025,12,3,1,1,36,7,2,4.0,1002000.0,49.0
2025,12,2,1,1,44,2,3,4.0,1754000.0,41.0
2025,12,1,1,2,54,1,3,3.0,172000.0,47.0
2025,12,1,1,2,37,1,2,9.0,1419000.0,84.0
2025,12,3,1,1,28,3,1,10.0,2768000.0,42.0
2025,12,1,1,2,60,1,3,5.0,696000.0,47.0
2025,12,1,1,2,37,1,2,3.0,1005000.0,47.0
2025,12,2,1,2,43,2,2,5.0,292000.0,97.0
2025,12,1,1,1,20,1,2,3.0,236000.0,41.0
2025,12,2,1,2,26,3,1,5.0,1296000.0,47.0
2025,12,1,1,2,38,1,2,8.0,1508000.0,56.0
2025,12,2,1,1,31,2,2,3.0,2081000.0,25.0
2025,12,4,1,2,26,6,2,5.0,1628000.0,46.0
2025,12,1,1,2,32,1,3,8.0,1330000.0,86.0
2025,12,3,1,2,36,3,1,10.0,367000.0,1.0
2025,12,3,1,1,25,3,1,5.0,1724000.0,46.0
2025,12,1,1,2,21,1,2,5.0,1319000.0,14.0
2025,12,2,1,1,25,2,2,5.0,1982000.0,86.0
2025,12,1,1,2,47,1,2,5.0,679000.0,56.0
2025,12,4,1,1,29,3,1,5.0,2716000.0,41.0
2025,12,4,1,1,21,3,1,5.0,558000.0,1.0
2025,12,2,1,1,26,2,2,5.0,1759000.0,41.0
2025,12,2,1,1,36,2,2,9.0,9347000.0,47.0
2025,12,1,1,1,33,1,2,9.0,9201000.0,84.0
2025,12,1,1,1,62,1,2,5.0,1096000.0,15.0
2025,12,3,1,2,22,3,1,4.0,337000.0,95.0
2025,12,1,1,1,58,1,3,3.0,1310000.0,43.0
2025,12,1,1,2,40,1,1,5.0,228000.0,47.0
2025,12,2,1,2,38,3,1,5.0,1442000.0,47.0
2025,12,2,1,2,35,3,2,10.0,2595000.0,96.0
2025,12,1,1,1,62,1,2,5.0,898000.0,56.0
2025,12,1,1,1,61,1,3,12.0,10978000.0,84.0
2025,12,2,1,2,24,2,2,8.0,1628000.0,84.0
2025,12,2,1,2,26,2,2,4.0,1572000.0,49.0
2025,12,3,1,1,24,3,1,5.0,653000.0,47.0
2025,12,2,1,2,67,2,2,3.0,1906000.0,47.0
2025,12,3,1,2,37,3,1,5.0,1676000.0,82.0
2025,12,2,1,2,47,2,2,10.0,4153000.0,85.0
2025,12,2,1,2,27,2,2,9.0,1332000.0,10.0
2025,12,2,1,2,42,2,2,5.0,705000.0,61.0
2025,12,2,1,2,59,9,2,3.0,370000.0,97.0
2025,12,1,1,1,25,1,2,10.0,389000.0,96.0
2025,12,2,1,2,43,3,1,3.0,222000.0,96.0
2025,12,1,1,1,38,1,2,10.0,7803000.0,85.0
2025,12,5,1,1,27,7,2,5.0,3222000.0,47.0
2025,12,2,1,1,58,3,1,4.0,190000.0,49.0
2025,12,1,1,2,49,1,2,4.0,1186000.0,56.0
2025,12,2,1,2,69,2,3,11.0,6382000.0,85.0
2025,12,1,1,1,29,1,2,5.0,1582000.0,49.0
2025,12,1,1,1,37,1,2,5.0,2375000.0,41.0
2025,12,2,1,1,33,2,2,12.0,11958000.0,94.0
2025,12,1,1,1,37,1,3,3.0,924000.0,1.0
2025,12,1,1,1,51,1,2,10.0,7952000.0,21.0
2025,12,1,1,2,40,1,2,10.0,5197000.0,49.0
2025,12,1,1,2,49,1,2,3.0,681000.0,97.0
2025,12,1,1,2,35,1,2,4.0,750000.0,92.0
2025,12,1,1,1,56,1,2,5.0,3095000.0,47.0
2025,12,2,1,2,35,2,2,5.0,2257000.0,96.0
2025,12,1,1,2,34,1,2,8.0,1672000.0,87.0
2025,12,1,1,2,44,1,1,5.0,1339000.0,81.0
2025,12,1,1,2,40,1,1,9.0,1600000.0,82.0
2025,12,1,1,2,75,1,3,3.0,0.0,10.0
2025,12,1,1,2,38,1,2,4.0,817000.0,81.0
2025,12,2,1,2,31,2,2,5.0,763000.0,46.0
2025,12,1,1,2,33,1,2,10.0,1462000.0,84.0
2025,12,1,1,2,54,1,2,5.0,1148000.0,47.0
2025,12,1,2,2,22,1,3,4.0,1710000.0,56.0
2025,12,1,1,1,37,1,2,8.0,2538000.0,45.0
2025,12,1,1,1,44,1,2,10.0,3415000.0,69.0
2025,12,1,1,1,59,1,3,3.0,1550000.0,41.0
2025,12,2,1,1,41,3,3,8.0,1998000.0,46.0
2025,12,2,1,2,58,2,2,3.0,414000.0,47.0
2025,12,1,1,1,20,1,2,4.0,1127000.0,45.0
2025,12,2,1,2,38,3,1,10.0,2148000.0,20.0
2025,12,2,1,1,18,3,1,6.0,1384000.0,84.0
2025,12,2,1,1,42,3,1,3.0,324000.0,52.0
2025,12,4,1,1,22,3,1,8.0,1828000.0,82.0
2025,12,3,1,2,52,3,1,3.0,663000.0,47.0
2025,12,2,1,1,52,2,2,5.0,1871000.0,68.0
2025,12,1,1,2,56,1,3,8.0,2126000.0,86.0
2025,12,1,1,1,40,1,2,5.0,2233000.0,30.0
2025,12,2,2,2,27,2,2,5.0,1524000.0,47.0
2025,12,1,1,1,74,1,3,3.0,204000.0,43.0
2025,12,1,1,2,34,1,2,8.0,1349000.0,47.0
2025,12,2,1,1,51,2,3,3.0,1480000.0,45.0
2025,12,1,1,1,28,1,2,5.0,2022000.0,1.0
2025,12,1,1,1,51,1,3,9.0,2916000.0,20.0
2025,12,1,1,1,46,1,2,10.0,4844000.0,86.0
2025,12,2,1,2,57,2,3,3.0,101000.0,81.0
2025,12,1,1,1,43,1,3,5.0,2067000.0,41.0
2025,12,3,1,2,29,3,1,5.0,1010000.0,56.0
2025,12,2,1,2,28,2,2,8.0,677000.0,96.0
2025,12,1,1,1,67,1,3,5.0,2816000.0,56.0
2025,12,1,1,1,25,1,2,9.0,267000.0,47.0
2025,12,2,1,2,50,2,2,3.0,413000.0,97.0
2025,12,3,1,2,20,3,1,8.0,1192000.0,46.0
2025,12,1,1,1,55,1,2,3.0,715000.0,81.0
2025,12,1,1,1,41,1,2,5.0,1714000.0,49.0
2025,12,2,1,1,48,2,2,10.0,6282000.0,28.0
2025,12,1,1,1,35,1,2,3.0,1789000.0,38.0
2025,12,1,1,2,65,1,3,3.0,223000.0,47.0
2025,12,1,1,2,43,1,2,6.0,1269000.0,45.0
2025,12,1,1,2,30,1,2,6.0,692000.0,81.0
2025,12,3,1,1,25,3,1,10.0,2317000.0,30.0
2025,12,2,1,2,57,2,3,4.0,1344000.0,47.0
2025,12,2,1,1,34,2,2,8.0,5664000.0,47.0
2025,12,3,1,2,31,7,3,8.0,1404000.0,82.0
2025,12,1,1,2,30,1,2,9.0,1292000.0,86.0
2025,12,1,1,2,41,1,2,11.0,5607000.0,84.0
2025,12,2,1,1,33,2,2,8.0,1610000.0,82.0
2025,12,1,1,1,31,1,2,11.0,5847000.0,84.0
2025,12,1,1,2,51,1,2,11.0,2932000.0,85.0
2025,12,1,1,2,45,1,2,3.0,408000.0,81.0
2025,12,1,1,1,28,1,2,8.0,2688000.0,47.0
2025,12,1,1,1,69,1,3,3.0,1853000.0,49.0
2025,12,1,1,1,66,1,3,3.0,646000.0,1.0
2025,12,2,1,2,56,2,2,5.0,283000.0,47.0
2025,12,1,1,1,30,1,2,5.0,2497000.0,47.0
2025,12,1,1,2,42,1,2,10.0,2590000.0,84.0
2025,12,2,1,2,24,3,1,8.0,950000.0,96.0
2025,12,2,1,2,23,3,1,4.0,1688000.0,56.0
2025,12,1,1,1,59,1,3,5.0,1585000.0,47.0
2025,12,1,1,1,53,1,2,3.0,2273000.0,1.0
2025,12,1,1,1,41,1,2,9.0,690000.0,95.0
2025,12,2,1,2,55,2,3,5.0,1530000.0,14.0
2025,12,2,1,2,39,6,2,4.0,1715000.0,56.0
2025,12,3,1,2,30,3,1,5.0,1863000.0,47.0
2025,12,3,1,1,29,7,2,10.0,6201000.0,62.0
2025,12,3,1,1,34,3,1,4.0,1881000.0,49.0
2025,12,1,1,1,45,1,3,5.0,2024000.0,32.0
2025,12,1,1,1,45,1,2,5.0,1535000.0,73.0
2025,12,2,1,1,23,2,2,5.0,1601000.0,22.0
2025,12,1,1,2,35,1,2,8.0,1574000.0,49.0
2025,12,4,1,2,23,6,3,5.0,1244000.0,56.0
2025,12,2,1,2,22,2,2,10.0,1116000.0,45.0
2025,12,2,1,1,44,2,2,4.0,1956000.0,96.0
2025,12,1,1,2,57,1,2,6.0,595000.0,56.0
2025,12,5,1,1,33,3,1,6.0,1849000.0,85.0
2025,12,2,1,1,57,2,2,5.0,2038000.0,47.0
2025,12,4,1,2,67,5,3,3.0,100000.0,47.0
2025,12,5,1,1,61,4,3,1.0,595000.0,3.0
2025,12,3,1,1,43,3,1,8.0,2525000.0,27.0
2025,12,1,1,1,67,1,3,3.0,1630000.0,25.0
2025,12,2,1,2,47,2,2,5.0,1071000.0,49.0
2025,12,1,1,1,24,1,2,5.0,2370000.0,56.0
2025,12,2,1,2,36,3,1,4.0,1174000.0,68.0
2025,12,2,1,1,40,2,2,5.0,1014000.0,45.0
2025,12,1,1,2,43,1,2,4.0,972000.0,97.0
2025,12,3,1,1,35,3,1,5.0,2218000.0,38.0
2025,12,5,1,2,59,10,2,3.0,949000.0,97.0
2025,12,3,1,1,32,3,1,8.0,922000.0,53.0
2025,12,1,1,1,56,1,3,5.0,3135000.0,25.0
2025,12,1,1,2,40,1,2,9.0,929000.0,81.0
2025,12,1,1,1,27,1,2,9.0,2530000.0,47.0
2025,12,3,1,2,24,3,1,10.0,1836000.0,86.0
2025,12,1,1,2,34,1,2,10.0,1031000.0,47.0
2025,12,1,1,2,45,1,2,11.0,3491000.0,84.0
2025,12,1,1,2,30,1,2,8.0,170000.0,47.0
2025,12,2,1,1,57,3,1,10.0,4117000.0,84.0
2025,12,2,1,2,33,2,2,10.0,556000.0,32.0
2025,12,1,1,1,43,1,2,4.0,1779000.0,5.0
2025,12,1,1,1,31,1,2,8.0,2176000.0,47.0
2025,12,1,1,2,65,1,1,4.0,506000.0,1.0
2025,12,1,1,1,29,1,2,5.0,2021000.0,45.0
2025,12,1,1,1,36,1,2,3.0,1004000.0,47.0
2025,12,2,1,2,33,2,2,3.0,169000.0,1.0
2025,12,3,1,2,30,3,1,10.0,1413000.0,47.0
2025,12,1,1,2,59,1,2,3.0,600000.0,81.0
2025,12,4,1,2,29,8,1,9.0,1612000.0,15.0
2025,12,1,2,2,40,1,3,5.0,202000.0,16.0
2025,12,2,1,1,35,3,3,5.0,1978000.0,45.0
2025,12,2,1,2,23,2,2,5.0,100000.0,47.0
2025,12,2,1,2,34,3,1,3.0,1652000.0,56.0
2025,12,1,1,2,35,1,3,4.0,0.0,47.0
2025,12,1,1,2,39,1,2,5.0,250000.0,96.0
2025,12,1,1,2,60,1,3,5.0,0.0,95.0
2025,12,1,1,1,49,1,1,4.0,546000.0,1.0
2025,12,2,1,2,19,3,1,6.0,1306000.0,86.0
2025,12,1,1,2,27,1,2,10.0,1628000.0,1.0
2025,12,2,1,2,43,10,2,3.0,1656000.0,97.0
2025,12,1,1,1,51,1,2,3.0,1932000.0,68.0
2025,12,2,1,1,30,2,2,8.0,2056000.0,47.0
2025,12,1,1,1,28,1,2,4.0,1899000.0,1.0
2025,12,2,1,2,45,2,2,5.0,1692000.0,56.0
2025,12,1,1,1,32,1,2,3.0,1713000.0,81.0
2025,12,1,1,2,46,1,2,13.0,3850000.0,85.0
2025,12,2,1,1,33,3,2,5.0,0.0,1.0
2025,12,2,1,2,29,2,2,11.0,2642000.0,86.0
2025,12,2,1,2,20,13,2,10.0,1459000.0,97.0
2025,12,3,1,2,22,6,2,8.0,1741000.0,82.0
2025,12,1,1,2,49,1,2,5.0,2262000.0,85.0
2025,12,2,1,1,30,2,2,10.0,3260000.0,53.0
2025,12,3,1,2,18,3,1,4.0,1335000.0,47.0
2025,12,2,1,2,25,3,1,5.0,642000.0,47.0
2025,12,1,1,1,64,1,3,5.0,1714000.0,47.0
2025,12,1,1,1,52,1,2,5.0,1108000.0,53.0
2025,12,1,1,2,45,1,2,3.0,100000.0,47.0
2025,12,1,1,2,34,1,2,10.0,5208000.0,86.0
2025,12,1,1,1,45,1,2,5.0,820000.0,47.0
2025,12,2,1,2,24,2,2,5.0,1620000.0,56.0
2025,12,3,1,2,23,3,1,5.0,1633000.0,47.0
2025,12,1,1,2,32,1,2,5.0,1142000.0,1.0
2025,12,1,1,1,38,1,2,10.0,2219000.0,53.0
2025,12,2,1,2,40,2,2,11.0,3089000.0,85.0
2025,12,1,1,2,52,1,3,5.0,391000.0,81.0
2025,12,1,1,2,25,1,2,5.0,1174000.0,47.0
2025,12,1,1,2,40,1,2,5.0,0.0,86.0
2025,12,1,1,1,44,1,2,10.0,2641000.0,86.0
2025,12,2,1,2,59,2,3,10.0,1454000.0,47.0
2025,12,1,1,2,46,1,2,3.0,376000.0,15.0
2025,12,1,1,2,54,1,3,10.0,1729000.0,88.0
2025,12,2,1,1,44,2,2,10.0,5828000.0,9.0
2025,12,2,1,1,40,3,1,4.0,338000.0,31.0
2025,12,1,1,2,46,1,2,5.0,584000.0,81.0
2025,12,1,1,2,34,1,2,10.0,1334000.0,94.0
2025,12,2,1,2,49,2,2,4.0,1086000.0,56.0
2025,12,4,1,2,39,7,2,5.0,100000.0,96.0
2025,12,1,1,1,49,1,2,5.0,1925000.0,49.0
2025,12,1,1,2,23,1,2,6.0,1348000.0,56.0
2025,12,1,1,2,56,1,2,3.0,735000.0,97.0
2025,12,2,1,1,33,2,2,1.0,884000.0,49.0
2025,12,1,1,2,27,1,2,8.0,1423000.0,82.0
2025,12,1,1,2,35,1,2,5.0,1672000.0,14.0
2025,12,2,1,1,22,3,1,4.0,1626000.0,1.0
2025,12,1,1,2,66,1,2,10.0,4159000.0,46.0
2025,12,1,1,2,58,1,3,4.0,506000.0,49.0
2025,12,2,1,2,62,2,3,3.0,1854000.0,56.0
2025,12,3,1,2,25,3,1,5.0,421000.0,92.0
2025,12,2,1,1,23,3,1,10.0,1548000.0,45.0
2025,12,1,1,1,42,1,2,5.0,2703000.0,68.0
2025,12,1,1,2,24,1,2,10.0,1703000.0,96.0
2025,12,3,1,1,20,3,1,10.0,1587000.0,47.0
2025,12,1,1,2,30,1,2,8.0,472000.0,96.0
2025,12,2,1,2,66,2,3,3.0,209000.0,47.0
2025,12,2,1,1,64,2,3,5.0,2239000.0,85.0
2025,12,1,1,1,75,1,3,3.0,2005000.0,41.0
2025,12,2,1,2,35,3,1,8.0,2067000.0,84.0
2025,12,3,1,2,53,3,1,10.0,4040000.0,85.0
2025,12,4,1,1,60,7,3,5.0,292000.0,49.0
2025,12,1,1,2,66,1,3,8.0,5284000.0,96.0
2025,12,1,1,2,33,1,2,8.0,916000.0,94.0
2025,12,1,1,1,32,1,2,8.0,1508000.0,1.0
2025,12,1,1,2,59,1,3,5.0,1011000.0,49.0
2025,12,3,1,2,22,3,1,9.0,678000.0,47.0
2025,12,3,1,1,23,3,1,5.0,960000.0,43.0
2025,12,1,1,2,39,1,2,4.0,391000.0,15.0
2025,12,2,1,2,29,2,2,5.0,919000.0,47.0
2025,12,1,1,1,26,1,2,4.0,2016000.0,1.0
2025,12,1,1,2,41,1,1,6.0,931000.0,47.0
2025,12,1,1,2,55,1,3,5.0,1400000.0,86.0
2025,12,1,1,2,41,1,2,3.0,1212000.0,97.0
2025,12,1,1,1,50,1,2,3.0,1585000.0,1.0
2025,12,1,1,2,66,1,3,8.0,242000.0,85.0
2025,12,2,1,2,64,2,3,1.0,805000.0,97.0
2025,12,2,1,2,45,2,2,3.0,100000.0,1.0
2025,12,2,1,1,24,8,2,5.0,889000.0,1.0
2025,12,1,1,2,53,1,1,5.0,1389000.0,49.0
2025,12,1,1,1,51,1,2,3.0,2951000.0,56.0
2025,12,2,1,2,28,2,2,5.0,184000.0,96.0
2025,12,1,1,1,27,1,2,9.0,2143000.0,45.0
2025,12,1,1,2,30,1,2,5.0,259000.0,96.0
2025,12,1,1,1,53,1,3,4.0,2054000.0,49.0
2025,12,1,1,2,40,1,2,4.0,515000.0,81.0
2025,12,1,1,2,49,1,2,11.0,11837000.0,84.0
2025,12,4,1,2,52,10,2,5.0,870000.0,97.0
2025,12,2,1,2,24,2,2,10.0,1715000.0,61.0
2025,12,1,1,1,25,1,2,4.0,1424000.0,43.0
2025,12,1,1,2,39,1,2,6.0,1664000.0,86.0
2025,12,1,1,2,32,1,2,10.0,3897000.0,69.0
2025,12,1,1,1,35,1,2,9.0,2615000.0,84.0
2025,12,1,1,1,30,1,2,5.0,1695000.0,56.0
2025,12,4,1,1,25,3,1,5.0,683000.0,56.0
2025,12,1,1,1,45,1,2,4.0,1392000.0,47.0
2025,12,3,1,1,50,9,3,1.0,1014000.0,49.0
2025,12,2,1,2,52,3,1,5.0,1193000.0,47.0
2025,12,2,1,1,41,2,2,3.0,994000.0,1.0
2025,12,1,1,2,65,1,3,1.0,823000.0,47.0
2025,12,2,1,2,56,2,3,9.0,2385000.0,85.0
2025,12,2,1,2,34,2,2,8.0,1126000.0,96.0
2025,12,1,1,1,63,1,2,13.0,7740000.0,84.0
2025,12,2,1,2,34,3,1,8.0,309000.0,74.0
2025,12,1,1,2,28,1,2,10.0,4737000.0,82.0
2025,12,1,1,2,54,1,2,3.0,143000.0,95.0
2025,12,1,1,1,43,1,3,3.0,1524000.0,41.0
2025,12,1,1,2,37,1,2,10.0,1300000.0,25.0
2025,12,1,1,2,76,1,3,9.0,185000.0,13.0
2025,12,1,1,2,52,1,2,4.0,0.0,1.0
2025,12,2,1,1,62,2,3,3.0,1001000.0,49.0
2025,12,2,1,1,60,2,3,10.0,3406000.0,6.0
2025,12,1,1,1,54,1,3,3.0,603000.0,3.0
2025,12,1,1,1,80,1,3,3.0,233000.0,1.0
2025,12,3,1,2,29,8,2,10.0,4038000.0,85.0
2025,12,1,1,1,51,1,2,3.0,1724000.0,49.0
2025,12,3,1,1,23,3,1,10.0,3369000.0,84.0
2025,12,2,1,2,34,2,2,8.0,1553000.0,86.0
2025,12,2,1,2,46,3,1,5.0,713000.0,97.0
2025,12,1,1,2,21,1,2,5.0,2386000.0,96.0
2025,12,1,1,2,33,1,2,5.0,1538000.0,56.0
2025,12,1,2,1,26,1,2,10.0,2722000.0,85.0
2025,12,2,1,1,59,2,2,6.0,2016000.0,49.0
2025,12,1,1,2,52,1,2,11.0,3887000.0,84.0
2025,12,1,1,1,51,1,2,1.0,2446000.0,1.0
2025,12,1,1,2,34,1,2,8.0,1570000.0,47.0
2025,12,2,1,2,36,2,2,8.0,800000.0,32.0
2025,12,1,1,2,36,1,2,8.0,1749000.0,47.0
2025,12,2,1,2,25,2,3,8.0,544000.0,56.0
2025,12,2,1,2,60,2,3,5.0,1421000.0,49.0
2025,12,3,1,1,50,3,1,4.0,397000.0,47.0
2025,12,1,1,2,58,1,2,10.0,5771000.0,86.0
2025,12,1,1,1,39,1,2,4.0,1779000.0,49.0
2025,12,1,1,2,68,1,3,10.0,2668000.0,43.0
2025,12,2,1,2,54,2,2,4.0,261000.0,1.0
2025,12,2,1,2,27,3,1,8.0,1483000.0,96.0
2025,12,1,1,1,71,1,3,5.0,1080000.0,41.0
2025,12,3,1,2,30,3,1,10.0,1646000.0,94.0
2025,12,3,1,2,25,10,2,6.0,2005000.0,97.0
2025,12,1,1,2,41,1,2,3.0,380000.0,81.0
2025,12,4,1,2,32,3,1,8.0,1256000.0,86.0
2025,12,1,1,1,65,1,3,3.0,2015000.0,47.0
2025,12,4,1,1,52,3,1,3.0,2936000.0,56.0
2025,12,3,1,2,23,3,1,10.0,1631000.0,86.0
2025,12,5,1,2,53,3,1,10.0,1294000.0,10.0
2025,12,1,1,1,66,1,2,9.0,1700000.0,95.0
2025,12,1,1,1,34,1,2,10.0,2170000.0,62.0
2025,12,1,1,1,33,1,2,11.0,4413000.0,71.0
2025,12,1,1,2,25,1,3,4.0,243000.0,96.0
2025,12,3,1,2,39,13,2,3.0,1695000.0,15.0
2025,12,1,1,1,38,1,2,5.0,759000.0,3.0
2025,12,3,1,1,61,3,1,10.0,3006000.0,1.0
2025,12,1,1,2,35,1,2,5.0,2048000.0,68.0
2025,12,2,1,2,30,2,2,9.0,3340000.0,86.0
2025,12,1,1,1,42,1,2,5.0,1958000.0,22.0
2025,12,3,1,1,24,3,1,5.0,1051000.0,56.0
2025,12,1,1,1,36,1,2,8.0,2715000.0,81.0
2025,12,3,1,1,26,3,1,4.0,2362000.0,56.0
2025,12,1,1,2,32,1,2,11.0,6152000.0,71.0
2025,12,1,1,2,44,1,2,5.0,211000.0,56.0
2025,12,1,1,1,57,1,3,12.0,12820000.0,85.0
2025,12,2,1,1,36,3,1,10.0,7129000.0,84.0
2025,12,1,1,1,43,1,1,3.0,2064000.0,23.0
2025,12,1,1,1,40,1,2,3.0,1367000.0,1.0
2025,12,3,1,2,35,3,1,9.0,1971000.0,86.0
2025,12,2,1,1,19,3,1,5.0,1169000.0,56.0
2025,12,1,1,2,41,1,3,5.0,155000.0,55.0
2025,12,1,1,2,38,1,3,10.0,2299000.0,17.0
2025,12,2,1,2,29,2,2,4.0,137000.0,56.0
2025,12,2,1,2,37,3,1,10.0,3285000.0,71.0
2025,12,2,1,2,32,2,2,10.0,461000.0,47.0
2025,12,2,1,1,70,2,3,3.0,2502000.0,45.0
2025,12,1,1,1,51,1,2,5.0,2426000.0,41.0
2025,12,1,1,2,46,1,2,10.0,1453000.0,86.0
2025,12,1,1,2,52,1,3,3.0,398000.0,1.0
2025,12,1,1,2,40,1,2,5.0,1426000.0,21.0
2025,12,2,1,2,56,2,2,10.0,3356000.0,46.0
2025,12,1,1,2,63,1,1,5.0,642000.0,47.0
2025,12,2,1,2,28,3,1,8.0,2033000.0,86.0
2025,12,3,1,1,26,3,1,5.0,1356000.0,49.0
2025,12,2,1,1,22,8,2,4.0,670000.0,47.0
2025,12,1,1,1,65,1,3,3.0,504000.0,1.0
2025,12,2,1,1,41,2,2,10.0,10696000.0,85.0
2025,12,3,1,1,22,3,1,5.0,3173000.0,41.0
2025,12,1,1,1,23,1,2,4.0,638000.0,47.0
2025,12,1,1,1,53,1,2,12.0,7542000.0,85.0
2025,12,3,1,2,58,10,2,5.0,1606000.0,97.0
2025,12,3,1,2,20,3,1,8.0,3247000.0,96.0
2025,12,1,1,1,33,1,3,3.0,941000.0,1.0
2025,12,3,1,1,27,3,1,10.0,3861000.0,56.0
2025,12,1,1,1,69,1,3,10.0,18828000.0,45.0
2025,12,2,1,1,19,3,1,5.0,1411000.0,25.0
2025,12,1,1,1,48,1,3,10.0,5279000.0,85.0
2025,12,1,1,1,41,1,2,11.0,8269000.0,45.0
2025,12,1,1,1,22,1,2,8.0,4328000.0,61.0
2025,12,3,1,2,20,6,2,4.0,1099000.0,10.0
2025,12,2,1,2,40,2,2,10.0,4303000.0,10.0
2025,12,1,1,1,43,1,2,3.0,547000.0,14.0
2025,12,2,1,2,33,3,1,5.0,1384000.0,56.0
2025,12,1,1,1,37,1,2,5.0,2058000.0,52.0
2025,12,4,1,1,41,7,2,8.0,2574000.0,45.0
2025,12,1,1,1,52,1,3,3.0,447000.0,1.0
2025,12,1,1,2,25,1,2,3.0,175000.0,15.0
2025,12,4,1,2,29,6,2,4.0,652000.0,52.0
2025,12,1,1,1,25,1,2,5.0,3324000.0,45.0
2025,12,1,1,2,30,1,2,4.0,1332000.0,47.0
2025,12,1,1,1,42,1,2,5.0,1221000.0,25.0
2025,12,2,1,2,32,2,2,10.0,1508000.0,94.0
2025,12,2,1,1,32,2,2,1.0,1457000.0,53.0
2025,12,1,1,1,19,1,2,10.0,1794000.0,49.0
2025,12,2,1,1,33,2,2,5.0,3093000.0,47.0
2025,12,1,1,1,30,1,2,5.0,2424000.0,56.0
2025,12,1,1,1,60,1,3,10.0,5221000.0,69.0
2025,12,2,1,2,28,2,2,10.0,1232000.0,85.0
2025,12,3,1,1,26,3,1,10.0,3800000.0,85.0
2025,12,2,1,2,23,3,1,8.0,1784000.0,66.0
2025,12,1,1,1,46,1,2,3.0,1043000.0,7.0
2025,12,2,1,2,27,3,1,10.0,568000.0,56.0
2025,12,1,1,1,40,1,2,5.0,2166000.0,35.0
2025,12,1,1,1,68,1,3,4.0,22312000.0,56.0
2025,12,2,1,1,58,3,3,3.0,1334000.0,1.0
2025,12,3,1,2,23,3,1,10.0,1429000.0,64.0
2025,12,2,1,2,22,6,2,8.0,1831000.0,56.0
2025,12,1,1,1,61,1,2,12.0,21070000.0,6.0
2025,12,1,1,1,40,1,2,12.0,18610000.0,84.0
2025,12,2,1,1,68,2,3,6.0,1591000.0,14.0
2025,12,2,1,1,66,2,3,5.0,3013000.0,41.0
2025,12,1,1,1,29,1,2,5.0,1629000.0,42.0
2025,12,1,1,2,69,1,3,3.0,112000.0,95.0
2025,12,3,1,2,36,3,1,9.0,1604000.0,63.0
2025,12,2,1,2,44,2,2,10.0,2512000.0,14.0
2025,12,1,1,1,29,1,2,5.0,2255000.0,49.0
2025,12,2,1,1,57,9,3,3.0,787000.0,80.0
2025,12,3,1,1,32,3,1,5.0,1309000.0,49.0
2025,12,1,1,1,58,1,2,8.0,2647000.0,61.0
2025,12,1,1,2,55,1,2,4.0,1730000.0,81.0
2025,12,1,1,2,26,1,2,5.0,1479000.0,97.0
2025,12,1,1,2,32,1,2,8.0,1280000.0,82.0
2025,12,1,1,1,65,1,2,10.0,8497000.0,84.0
2025,12,2,1,1,31,2,2,5.0,1967000.0,99.0
2025,12,1,1,2,32,1,2,10.0,2271000.0,86.0
2025,12,1,1,1,50,1,2,10.0,2295000.0,69.0
2025,12,2,1,2,61,2,3,3.0,1926000.0,97.0
2025,12,1,1,1,65,1,3,4.0,3871000.0,46.0
2025,12,2,1,2,41,2,2,10.0,3335000.0,85.0
2025,12,1,1,2,43,1,2,5.0,1386000.0,56.0
2025,12,2,1,2,75,4,3,3.0,0.0,43.0
2025,12,3,1,1,33,3,1,5.0,2582000.0,80.0
2025,12,2,1,2,38,13,2,9.0,1061000.0,81.0
2025,12,2,1,2,30,2,2,10.0,1952000.0,70.0
2025,12,1,1,1,50,1,2,5.0,1201000.0,49.0
2025,12,1,1,2,45,1,2,9.0,0.0,79.0
2025,12,1,1,1,78,1,3,1.0,518000.0,1.0
2025,12,1,1,1,47,1,2,5.0,2760000.0,47.0
2025,12,2,1,2,25,2,2,10.0,1107000.0,86.0
2025,12,2,1,2,48,2,3,10.0,2397000.0,64.0
2025,12,2,1,2,23,3,1,4.0,178000.0,56.0
2025,12,2,1,2,58,2,1,4.0,485000.0,56.0
2025,12,2,1,1,27,2,2,3.0,2163000.0,49.0
2025,12,1,1,1,69,1,3,3.0,2342000.0,1.0
2025,12,1,1,1,52,1,3,4.0,2739000.0,49.0
2025,12,3,1,2,47,3,1,12.0,1895000.0,85.0
2025,12,1,1,2,28,1,2,8.0,1014000.0,14.0
2025,12,1,1,1,27,1,2,5.0,3967000.0,53.0
2025,12,2,1,1,57,2,3,1.0,2609000.0,71.0
2025,12,4,1,2,26,9,2,5.0,1252000.0,68.0
2025,12,2,1,1,31,2,2,5.0,2012000.0,41.0
2025,12,2,1,2,58,2,2,11.0,12494000.0,86.0
2025,12,1,1,2,45,1,2,13.0,13083000.0,84.0
2025,12,1,1,1,44,1,2,3.0,1428000.0,1.0
2025,12,2,1,1,37,2,2,8.0,2192000.0,71.0
2025,12,3,1,1,72,4,3,1.0,965000.0,1.0
2025,12,2,1,1,28,3,1,6.0,1501000.0,56.0
2025,12,1,1,2,54,1,2,5.0,1843000.0,56.0
2025,12,1,1,1,66,1,3,3.0,2341000.0,47.0
2025,12,2,1,2,53,10,3,1.0,914000.0,97.0
2025,12,1,1,2,63,1,1,4.0,478000.0,95.0
2025,12,2,1,2,28,2,2,6.0,397000.0,56.0
2025,12,1,1,2,45,1,2,4.0,1613000.0,1.0
2025,12,1,1,2,35,1,2,5.0,100000.0,13.0
2025,12,1,1,2,29,1,3,10.0,1720000.0,47.0
2025,12,5,1,1,28,3,1,5.0,666000.0,96.0
2025,12,2,1,1,25,8,3,5.0,1832000.0,56.0
2025,12,1,1,1,41,1,2,3.0,1172000.0,1.0
2025,12,1,1,2,40,1,2,11.0,2994000.0,86.0
2025,12,2,1,2,40,2,2,3.0,634000.0,81.0
2025,12,2,1,1,29,2,2,8.0,1901000.0,1.0
2025,12,2,1,1,22,3,1,10.0,1645000.0,47.0
2025,12,1,1,2,43,1,2,5.0,214000.0,1.0
2025,12,2,1,2,47,2,2,10.0,2455000.0,47.0
2025,12,1,1,2,25,1,2,8.0,2056000.0,86.0
2025,12,1,1,1,71,1,3,3.0,1915000.0,1.0
2025,12,1,1,1,41,1,1,8.0,1934000.0,49.0
2025,12,4,1,1,47,13,2,5.0,2522000.0,1.0
2025,12,1,1,2,58,1,2,11.0,9168000.0,84.0
2025,12,1,1,1,64,1,2,5.0,2558000.0,49.0
2025,12,2,1,2,23,2,2,5.0,904000.0,47.0
2025,12,2,1,2,53,2,2,8.0,1711000.0,86.0
2025,12,2,1,1,58,2,2,3.0,570000.0,92.0
2025,12,1,1,2,55,1,1,5.0,668000.0,56.0
2025,12,1,1,2,45,1,3,3.0,1070000.0,97.0
2025,12,1,1,2,58,1,3,4.0,389000.0,93.0
2025,12,1,1,1,19,1,2,5.0,1909000.0,93.0
2025,12,1,1,1,27,1,2,8.0,2186000.0,25.0
2025,12,2,1,1,23,3,1,9.0,1907000.0,56.0
2025,12,2,1,2,50,2,2,4.0,1035000.0,47.0
2025,12,2,1,2,52,3,1,5.0,1413000.0,85.0
2025,12,1,1,1,42,1,2,5.0,3478000.0,32.0
2025,12,1,1,2,54,1,3,3.0,1531000.0,97.0
2025,12,1,1,1,28,1,2,6.0,3519000.0,49.0
2025,12,1,1,1,53,1,2,8.0,1736000.0,30.0
2025,12,1,1,1,56,1,2,3.0,1639000.0,81.0
2025,12,2,1,2,54,2,3,5.0,721000.0,14.0
2025,12,2,1,1,28,3,1,3.0,670000.0,92.0
2025,12,1,1,2,33,1,1,5.0,1429000.0,10.0
2025,12,1,1,1,77,1,3,3.0,2233000.0,49.0
2025,12,1,1,1,60,1,3,4.0,2322000.0,1.0
2025,12,1,1,1,43,1,2,5.0,2044000.0,47.0
2025,12,3,1,2,31,3,1,10.0,6666000.0,84.0
2025,12,2,1,1,18,3,1,4.0,556000.0,49.0
2025,12,1,1,2,66,1,3,3.0,298000.0,1.0
2025,12,3,1,1,59,3,1,3.0,854000.0,31.0
2025,12,3,1,2,25,3,3,8.0,1004000.0,47.0
2025,12,2,1,2,57,2,2,5.0,1448000.0,14.0
2025,12,3,1,1,30,8,2,6.0,1923000.0,47.0
2025,12,3,1,1,36,3,1,10.0,3587000.0,22.0
2025,12,1,1,1,36,1,2,5.0,1432000.0,47.0
2025,12,1,1,2,65,1,3,5.0,1080000.0,14.0
2025,12,1,1,1,33,1,2,3.0,1957000.0,47.0
2025,12,3,1,2,21,9,2,5.0,731000.0,96.0
2025,12,2,1,1,48,2,3,5.0,1548000.0,43.0
2025,12,1,1,2,62,1,2,3.0,708000.0,1.0
2025,12,2,1,2,40,2,2,5.0,0.0,10.0
2025,12,4,1,1,29,7,2,10.0,2017000.0,46.0
2025,12,1,1,1,21,1,2,5.0,1133000.0,56.0
2025,12,1,1,1,47,1,3,10.0,3855000.0,85.0
2025,12,4,1,1,36,3,1,3.0,242000.0,52.0
2025,12,1,1,1,54,1,3,5.0,1217000.0,1.0
2025,12,1,1,2,37,1,3,5.0,1249000.0,56.0
2025,12,2,1,1,42,2,2,5.0,307000.0,52.0
2025,12,1,1,2,23,1,2,3.0,844000.0,97.0
2025,12,1,1,2,69,1,3,10.0,2761000.0,14.0
2025,12,1,1,2,37,1,2,5.0,1258000.0,10.0
2025,12,2,1,1,36,3,1,10.0,4035000.0,86.0
2025,12,1,1,2,60,1,3,3.0,677000.0,56.0
2025,12,1,1,2,30,1,2,8.0,1212000.0,41.0
2025,12,1,1,1,64,1,3,3.0,2228000.0,41.0
2025,12,1,1,1,25,1,2,5.0,419000.0,56.0
2025,12,3,1,1,48,3,1,4.0,1033000.0,47.0
2025,12,1,1,1,48,1,2,6.0,978000.0,41.0
2025,12,1,1,2,44,1,2,5.0,621000.0,47.0
2025,12,2,1,1,48,2,2,5.0,1860000.0,94.0
2025,12,2,1,1,45,2,2,4.0,887000.0,52.0
2025,12,2,1,2,31,3,1,10.0,2797000.0,86.0
2025,12,1,1,2,66,1,3,4.0,999000.0,47.0
2025,12,2,1,2,52,2,2,11.0,5282000.0,85.0
2025,12,1,1,2,53,1,3,12.0,11555000.0,62.0
2025,12,1,1,2,50,1,3,5.0,1380000.0,47.0
2025,12,1,1,1,29,1,2,12.0,10117000.0,84.0
2025,12,1,1,1,54,1,3,3.0,1260000.0,1.0
2025,12,1,1,1,60,1,3,8.0,1634000.0,96.0
2025,12,2,1,2,26,3,1,10.0,0.0,64.0
2025,12,2,1,1,64,2,3,1.0,1583000.0,1.0
2025,12,1,1,1,40,1,2,5.0,1589000.0,23.0
2025,12,2,1,1,31,2,2,9.0,1797000.0,43.0
2025,12,1,1,1,45,1,2,5.0,1258000.0,47.0
2025,12,1,1,2,66,1,3,5.0,550000.0,14.0
2025,12,1,1,1,51,1,2,12.0,6176000.0,85.0
2025,12,5,1,1,55,9,3,1.0,2048000.0,1.0
2025,12,1,1,1,29,1,2,9.0,852000.0,1.0
2025,12,2,1,2,36,2,2,10.0,4034000.0,32.0
2025,12,2,1,1,35,3,1,3.0,1118000.0,23.0
2025,12,1,1,2,23,1,2,3.0,741000.0,81.0
2025,12,2,1,2,26,3,1,10.0,1551000.0,64.0
2025,12,1,1,2,51,1,2,3.0,0.0,81.0
2025,12,1,1,2,44,1,1,8.0,818000.0,88.0
2025,12,3,1,1,20,3,1,5.0,1892000.0,10.0
2025,12,1,1,2,57,1,2,3.0,478000.0,56.0
2025,12,3,1,1,28,9,1,5.0,1561000.0,56.0
2025,12,2,1,2,57,2,3,3.0,790000.0,81.0
2025,12,4,1,1,26,3,1,8.0,1527000.0,82.0
2025,12,2,1,2,27,2,3,3.0,1914000.0,47.0
2025,12,1,1,2,34,1,2,9.0,0.0,47.0
2025,12,2,1,2,70,2,3,5.0,100000.0,47.0
2025,12,1,1,1,34,1,2,11.0,9520000.0,1.0
2025,12,1,1,2,35,1,3,10.0,2749000.0,84.0
2025,12,3,1,1,21,3,2,10.0,1949000.0,56.0
2025,12,1,1,2,24,1,2,5.0,770000.0,97.0
2025,12,4,1,1,82,9,3,4.0,2110000.0,49.0
2025,12,1,1,2,67,1,3,4.0,588000.0,56.0
2025,12,2,1,1,51,2,2,10.0,1136000.0,49.0
2025,12,1,1,1,62,1,3,8.0,2279000.0,84.0
2025,12,1,1,1,52,1,3,4.0,1525000.0,52.0
2025,12,1,1,1,46,1,2,5.0,1908000.0,49.0
2025,12,3,1,2,36,3,1,5.0,1552000.0,47.0
2025,12,2,1,2,53,2,2,8.0,303000.0,56.0
2025,12,2,1,2,28,2,2,6.0,1452000.0,47.0
2025,12,4,1,2,24,6,2,5.0,836000.0,56.0
2025,12,1,1,2,58,1,3,11.0,6134000.0,85.0
2025,12,4,1,2,40,7,2,3.0,457000.0,97.0
2025,12,1,1,2,33,1,1,8.0,2801000.0,86.0
2025,12,2,1,1,54,2,2,8.0,829000.0,32.0
2025,12,1,1,2,42,1,2,4.0,478000.0,81.0
2025,12,1,1,1,57,1,3,5.0,1717000.0,42.0
2025,12,1,1,2,30,1,2,10.0,1329000.0,47.0
2025,12,1,1,2,46,1,2,10.0,4551000.0,69.0
2025,12,2,1,2,33,2,2,5.0,1219000.0,47.0
2025,12,1,1,2,25,1,2,9.0,1071000.0,93.0
2025,12,1,1,1,33,1,2,5.0,1274000.0,46.0
2025,12,1,1,1,69,1,3,3.0,373000.0,56.0
2025,12,2,1,2,41,2,2,8.0,1606000.0,86.0
2025,12,1,1,1,41,1,2,3.0,2966000.0,1.0
2025,12,1,1,2,40,1,3,8.0,1713000.0,85.0
2025,12,1,1,2,37,1,2,4.0,820000.0,56.0
2025,12,2,1,1,30,2,2,9.0,1524000.0,30.0
2025,12,1,1,2,51,1,2,3.0,559000.0,81.0
2025,12,3,1,2,32,3,1,8.0,1119000.0,55.0
2025,12,1,1,1,35,1,2,4.0,106000.0,1.0
2025,12,1,1,2,37,1,2,10.0,585000.0,32.0
2025,12,2,1,2,39,2,1,5.0,1404000.0,47.0
2025,12,1,1,2,37,1,2,8.0,2171000.0,47.0
2025,12,1,1,1,78,1,3,3.0,0.0,1.0
2025,12,1,1,1,57,1,3,4.0,1531000.0,97.0
2025,12,1,1,2,38,1,2,5.0,1558000.0,88.0
2025,12,2,1,1,33,13,2,3.0,1990000.0,49.0
2025,12,2,1,1,30,2,2,5.0,2076000.0,49.0
2025,12,3,1,2,23,3,1,8.0,1804000.0,73.0
2025,12,2,1,2,29,2,3,6.0,1994000.0,46.0
2025,12,2,1,1,60,2,2,9.0,1743000.0,49.0
2025,12,2,1,2,32,2,2,11.0,3375000.0,86.0
2025,12,1,1,1,60,1,3,3.0,1089000.0,38.0
2025,12,2,1,2,39,2,2,4.0,1197000.0,56.0
2025,12,1,1,1,53,1,2,3.0,2380000.0,73.0
2025,12,2,1,2,66,2,2,3.0,321000.0,14.0
2025,12,2,1,2,30,2,2,4.0,519000.0,56.0
2025,12,1,1,1,39,1,2,5.0,2648000.0,47.0
2025,12,2,1,2,20,2,2,6.0,1804000.0,47.0
2025,12,2,1,1,40,2,2,10.0,1802000.0,43.0
2025,12,1,1,2,53,1,2,3.0,1500000.0,10.0
2025,12,3,1,2,32,3,1,10.0,1392000.0,47.0
2025,12,2,1,2,57,6,3,3.0,509000.0,97.0
2025,12,1,1,1,59,1,2,10.0,3840000.0,96.0
2025,12,1,1,1,65,1,3,10.0,4269000.0,84.0
2025,12,1,1,2,41,1,2,5.0,0.0,56.0
2025,12,1,1,1,33,1,2,9.0,5519000.0,87.0
2025,12,1,1,2,45,1,2,3.0,1911000.0,47.0
2025,12,3,1,1,28,3,1,8.0,1833000.0,47.0
2025,12,1,1,1,63,1,2,5.0,3776000.0,1.0
2025,12,2,1,1,34,3,1,3.0,2171000.0,49.0
2025,12,1,1,1,31,1,1,5.0,2179000.0,84.0
2025,12,1,1,2,51,1,2,4.0,2110000.0,56.0
2025,12,1,1,2,54,1,3,10.0,1767000.0,96.0
2025,12,2,1,2,51,2,2,10.0,3294000.0,86.0
2025,12,5,1,1,41,3,1,4.0,1714000.0,47.0
2025,12,2,1,2,66,2,3,3.0,453000.0,38.0
2025,12,3,1,1,28,3,1,9.0,1729000.0,74.0
2025,12,2,1,2,53,2,3,5.0,1336000.0,88.0
2025,12,1,1,1,46,1,2,3.0,1229000.0,1.0
2025,12,5,1,1,24,7,2,5.0,1848000.0,41.0
2025,12,1,1,2,60,1,2,4.0,1064000.0,47.0
2025,12,1,1,2,31,1,2,10.0,1233000.0,74.0
2025,12,1,1,1,30,1,2,5.0,1149000.0,53.0
2025,12,1,1,1,36,1,3,5.0,242000.0,49.0
2025,12,2,1,2,38,2,2,13.0,6635000.0,85.0
2025,12,1,1,1,55,1,3,3.0,1093000.0,1.0
2025,12,3,1,2,37,3,1,5.0,1128000.0,46.0
2025,12,2,1,2,28,2,2,10.0,0.0,88.0
2025,12,2,1,2,28,2,2,5.0,1335000.0,86.0
2025,12,1,1,2,56,1,3,3.0,324000.0,47.0
2025,12,3,1,1,24,3,1,10.0,4543000.0,82.0
2025,12,4,1,2,22,6,3,8.0,657000.0,47.0
2025,12,2,1,2,39,3,1,10.0,4412000.0,17.0
2025,12,2,1,2,21,8,3,5.0,1432000.0,10.0
2025,12,2,1,2,39,2,2,4.0,1200000.0,56.0
2025,12,2,1,2,20,2,2,5.0,933000.0,47.0
2025,12,2,1,2,33,2,2,5.0,674000.0,10.0
2025,12,1,1,2,35,1,2,10.0,1967000.0,47.0
2025,12,2,1,1,34,2,2,1.0,2383000.0,41.0
2025,12,2,1,2,44,2,2,5.0,364000.0,14.0
2025,12,1,1,1,46,1,2,5.0,2641000.0,23.0
2025,12,2,1,2,61,2,2,5.0,100000.0,95.0
2025,12,1,1,1,58,1,2,5.0,1164000.0,47.0
2025,12,1,1,2,32,1,2,10.0,5094000.0,64.0
2025,12,1,1,2,30,1,2,5.0,1146000.0,56.0
2025,12,1,1,1,34,1,2,6.0,2813000.0,84.0
2025,12,3,1,1,21,3,1,5.0,502000.0,90.0
2025,12,3,1,1,30,8,2,8.0,2049000.0,95.0
2025,12,1,1,2,31,1,2,8.0,2334000.0,47.0
2025,12,3,1,2,34,3,1,5.0,1338000.0,86.0
2025,12,1,1,1,39,1,2,8.0,2097000.0,47.0
2025,12,3,1,2,29,3,1,5.0,701000.0,96.0
2025,12,3,1,1,19,3,1,10.0,1521000.0,47.0
2025,12,2,1,1,61,2,3,3.0,2301000.0,41.0
2025,12,3,1,2,21,3,1,8.0,1740000.0,10.0
2025,12,3,1,1,27,3,1,3.0,1059000.0,45.0
2025,12,2,1,1,37,2,3,3.0,1395000.0,49.0
2025,12,1,1,2,60,1,3,3.0,648000.0,56.0
2025,12,1,1,2,34,1,2,10.0,1462000.0,92.0
2025,12,1,1,2,34,1,2,5.0,447000.0,96.0
2025,12,2,1,2,34,2,3,3.0,384000.0,81.0
2025,12,1,1,1,21,1,2,5.0,2036000.0,20.0
2025,12,2,1,2,55,2,3,5.0,1528000.0,86.0
2025,12,1,1,1,74,1,3,3.0,581000.0,1.0
2025,12,2,1,1,36,2,2,11.0,9375000.0,69.0
2025,12,2,3,2,42,2,2,10.0,1014000.0,97.0
2025,12,1,1,2,49,1,2,8.0,1906000.0,84.0
2025,12,2,1,1,34,2,2,4.0,1952000.0,10.0
2025,12,5,1,2,45,8,2,5.0,1411000.0,35.0
2025,12,1,1,2,53,1,1,5.0,2890000.0,47.0
2025,12,1,1,1,58,1,3,4.0,2261000.0,10.0
2025,12,1,1,1,29,1,2,8.0,1011000.0,49.0
2025,12,2,1,1,34,3,1,8.0,1450000.0,47.0
2025,12,2,1,1,25,3,1,5.0,2321000.0,41.0
2025,12,3,1,2,39,6,2,8.0,1380000.0,35.0
2025,12,4,1,2,29,3,1,10.0,1794000.0,69.0
2025,12,2,1,1,37,2,2,8.0,3643000.0,84.0
2025,12,1,1,2,39,1,1,11.0,4066000.0,86.0
2025,12,3,1,2,23,3,1,10.0,1692000.0,35.0
2025,12,2,1,1,58,2,3,5.0,1114000.0,45.0
2025,12,2,1,1,53,2,3,4.0,1272000.0,1.0
2025,12,2,1,1,36,2,2,3.0,2163000.0,41.0
2025,12,1,1,1,30,1,2,8.0,1653000.0,46.0
2025,12,1,1,2,39,1,2,5.0,1000000.0,81.0
2025,12,1,1,1,67,1,3,3.0,1701000.0,41.0
2025,12,1,1,2,55,1,3,3.0,895000.0,97.0
2025,12,2,1,2,50,2,2,12.0,3233000.0,85.0
2025,12,1,1,2,51,1,2,10.0,1465000.0,86.0
2025,12,1,1,2,48,1,3,10.0,1738000.0,47.0
2025,12,1,1,1,70,1,3,4.0,1716000.0,68.0
2025,12,1,1,2,55,1,1,10.0,1573000.0,47.0
2025,12,1,1,2,45,1,3,5.0,1722000.0,56.0
2025,12,2,1,2,49,2,2,5.0,311000.0,97.0
2025,12,2,1,2,34,2,2,6.0,1699000.0,47.0
2025,12,1,1,2,43,1,2,10.0,1413000.0,47.0
2025,12,2,1,2,28,2,2,11.0,3079000.0,85.0
2025,12,1,1,1,61,1,3,8.0,3927000.0,84.0
2025,12,1,1,1,52,1,3,8.0,3910000.0,49.0
2025,12,2,1,2,49,2,3,5.0,1576000.0,56.0
2025,12,1,1,1,43,1,3,5.0,1186000.0,49.0
2025,12,1,1,2,34,1,2,5.0,1468000.0,56.0
2025,12,2,1,2,34,2,2,9.0,1181000.0,22.0
2025,12,1,1,1,55,1,3,4.0,833000.0,52.0
2025,12,1,1,2,25,1,2,8.0,1178000.0,1.0
2025,12,1,1,2,47,1,2,5.0,910000.0,47.0
2025,12,1,1,1,40,1,2,12.0,16568000.0,71.0
2025,12,1,1,2,41,1,2,3.0,1235000.0,56.0
2025,12,1,1,1,26,1,3,5.0,2769000.0,1.0
2025,12,1,1,2,54,1,2,5.0,1516000.0,14.0
2025,12,1,1,2,30,1,2,9.0,2300000.0,47.0
2025,12,2,1,1,19,3,1,5.0,731000.0,93.0
2025,12,2,1,2,29,2,2,5.0,272000.0,7.0
2025,12,2,1,2,41,2,2,5.0,1720000.0,81.0
2025,12,4,1,1,27,3,1,5.0,1849000.0,49.0
2025,12,1,1,1,49,1,3,3.0,2939000.0,41.0
2025,12,1,1,1,58,1,3,3.0,2043000.0,1.0
2025,12,2,1,2,63,2,2,5.0,412000.0,81.0
2025,12,1,1,2,32,1,2,10.0,1139000.0,84.0
2025,12,1,1,1,58,1,3,3.0,2108000.0,49.0
2025,12,1,1,1,59,1,3,10.0,6857000.0,84.0
2025,12,2,1,2,58,2,3,3.0,652000.0,81.0
2025,12,2,1,1,49,3,1,5.0,997000.0,52.0
2025,12,1,1,2,41,1,2,10.0,670000.0,96.0
2025,12,1,1,1,26,1,2,5.0,1387000.0,56.0
2025,12,1,1,2,28,1,2,5.0,528000.0,47.0
2025,12,1,1,2,41,1,2,5.0,1414000.0,97.0
2025,12,1,1,2,57,1,3,3.0,595000.0,47.0
2025,12,3,1,1,25,3,1,6.0,2075000.0,55.0
2025,12,3,1,1,37,3,1,5.0,1911000.0,49.0
2025,12,4,1,1,40,7,2,5.0,2107000.0,10.0
2025,12,3,1,1,28,6,2,5.0,1904000.0,31.0
2025,12,3,1,1,22,3,1,10.0,1161000.0,56.0
2025,12,1,1,1,47,1,1,12.0,6422000.0,55.0
2025,12,2,1,1,31,3,1,10.0,2456000.0,84.0
2025,12,1,1,2,30,1,2,11.0,9043000.0,73.0
2025,12,1,1,1,24,1,2,5.0,1215000.0,38.0
2025,12,2,1,2,35,2,2,5.0,1220000.0,55.0
2025,12,1,1,1,32,1,2,8.0,1576000.0,25.0
2025,12,2,1,2,20,6,2,5.0,1424000.0,47.0
2025,12,2,1,2,29,2,2,9.0,1395000.0,86.0
2025,12,1,1,1,23,1,2,5.0,2157000.0,47.0
2025,12,2,1,2,31,2,2,4.0,680000.0,47.0
2025,12,2,1,1,32,3,1,10.0,4068000.0,85.0
2025,12,1,1,1,23,1,2,10.0,1076000.0,47.0
2025,12,3,1,1,21,3,1,5.0,3042000.0,42.0
2025,12,2,1,1,45,3,3,8.0,1981000.0,10.0
2025,12,2,1,1,29,2,2,5.0,1743000.0,49.0
2025,12,1,1,1,51,1,2,8.0,7701000.0,45.0
2025,12,2,1,1,26,3,3,10.0,1849000.0,10.0
2025,12,2,1,2,42,2,2,5.0,1318000.0,64.0
2025,12,1,1,1,34,1,2,5.0,3707000.0,10.0
2025,12,1,1,2,41,1,3,5.0,290000.0,47.0
2025,12,1,1,2,36,1,2,5.0,345000.0,47.0
2025,12,1,1,2,52,1,2,9.0,1745000.0,55.0
2025,12,3,1,2,18,6,2,4.0,1023000.0,56.0
2025,12,1,1,2,47,1,2,5.0,1616000.0,86.0
2025,12,1,1,2,27,1,1,5.0,1672000.0,68.0
2025,12,1,1,1,30,1,2,5.0,886000.0,52.0
2025,12,2,1,1,37,2,2,5.0,844000.0,41.0
2025,12,2,1,2,19,3,1,10.0,1188000.0,56.0
2025,12,1,1,2,21,1,2,8.0,1798000.0,87.0
2025,12,1,1,2,43,1,2,5.0,863000.0,96.0
2025,12,1,1,1,56,1,2,10.0,2547000.0,84.0
2025,12,2,1,1,35,3,1,3.0,1749000.0,41.0
2025,12,4,1,1,56,3,1,1.0,363000.0,49.0
2025,12,3,1,2,19,6,2,5.0,1517000.0,68.0
2025,12,1,1,2,51,1,3,8.0,463000.0,47.0
2025,12,1,1,1,43,1,3,5.0,2626000.0,45.0
2025,12,2,1,2,24,2,2,5.0,1426000.0,96.0
2025,12,1,1,1,59,1,3,10.0,6551000.0,71.0
2025,12,2,1,1,19,3,1,10.0,0.0,45.0
2025,12,7,1,1,26,7,2,5.0,2380000.0,56.0
2025,12,1,1,1,29,1,2,10.0,2396000.0,33.0
2025,12,1,1,1,52,1,2,5.0,1939000.0,49.0
2025,12,1,1,2,59,1,3,3.0,1292000.0,86.0
2025,12,1,1,2,49,1,3,4.0,337000.0,96.0
2025,12,1,1,1,65,1,3,3.0,2820000.0,47.0
2025,12,3,1,1,18,8,2,5.0,100000.0,43.0
2025,12,2,1,2,29,3,1,4.0,521000.0,81.0
2025,12,2,1,2,62,2,2,4.0,1907000.0,96.0
2025,12,3,1,1,25,9,2,10.0,1577000.0,72.0
2025,12,3,1,1,33,3,1,5.0,1063000.0,43.0
2025,12,2,1,2,33,2,2,5.0,669000.0,14.0
2025,12,1,1,2,56,1,3,5.0,2296000.0,85.0
2025,12,2,1,1,68,2,3,3.0,1368000.0,33.0
2025,12,1,1,2,78,1,3,5.0,265000.0,47.0
2025,12,1,1,2,35,1,2,3.0,1944000.0,14.0
2025,12,1,1,1,30,1,2,10.0,2911000.0,71.0
2025,12,1,1,1,67,1,3,3.0,277000.0,3.0
2025,12,1,1,2,57,1,3,4.0,1406000.0,14.0
2025,12,2,1,2,25,2,2,10.0,2001000.0,86.0
2025,12,1,1,1,59,1,2,10.0,10406000.0,86.0
2025,12,1,1,2,42,1,2,3.0,345000.0,81.0
2025,12,2,1,2,25,2,2,5.0,1167000.0,46.0
2025,12,2,1,1,46,2,2,11.0,5667000.0,9.0
2025,12,1,1,1,50,1,2,11.0,6243000.0,7.0
2025,12,4,1,2,22,13,3,4.0,1046000.0,47.0
2025,12,1,1,1,95,1,3,1.0,100000.0,47.0
2025,12,1,1,2,61,1,2,10.0,1378000.0,14.0
2025,12,2,1,1,53,2,2,5.0,2093000.0,46.0
2025,12,1,1,1,55,1,2,11.0,3327000.0,85.0
2025,12,2,1,2,32,2,2,10.0,1822000.0,85.0
2025,12,1,1,2,66,1,2,1.0,100000.0,13.0
2025,12,2,1,2,27,3,1,10.0,3709000.0,70.0
2025,12,2,1,1,42,2,2,5.0,2180000.0,47.0
2025,12,1,1,1,51,1,3,3.0,860000.0,1.0
2025,12,1,1,2,47,1,3,10.0,6003000.0,84.0
2025,12,2,1,2,51,2,2,3.0,0.0,68.0
2025,12,2,1,2,52,2,2,10.0,1546000.0,21.0
2025,12,1,1,2,48,1,2,4.0,677000.0,81.0
2025,12,2,1,2,55,2,2,5.0,635000.0,47.0
2025,12,1,1,2,43,1,2,4.0,424000.0,97.0
2025,12,2,1,1,37,2,2,10.0,4455000.0,94.0
2025,12,1,1,1,25,1,2,5.0,1826000.0,96.0
2025,12,1,1,1,74,1,3,3.0,953000.0,43.0
2025,12,1,1,2,38,1,2,9.0,2259000.0,85.0
2025,12,3,1,1,19,3,1,9.0,1832000.0,14.0
2025,12,1,1,2,49,1,3,8.0,2067000.0,86.0
2025,12,1,1,1,37,1,2,1.0,313000.0,81.0
2025,12,2,1,1,38,3,1,1.0,598000.0,15.0
2025,12,1,1,1,51,1,2,4.0,2828000.0,41.0
2025,12,1,1,2,37,1,1,5.0,1105000.0,47.0
2025,12,2,1,1,24,3,1,4.0,1482000.0,45.0
2025,12,1,1,1,55,1,1,12.0,10408000.0,85.0
2025,12,1,1,1,38,1,2,9.0,3504000.0,84.0
2025,12,2,1,2,50,2,2,5.0,1463000.0,20.0
2025,12,1,1,1,53,1,3,3.0,1916000.0,10.0
2025,12,2,1,1,50,2,3,5.0,0.0,49.0
2025,12,1,1,1,70,1,3,8.0,2556000.0,41.0
2025,12,2,1,2,45,2,2,12.0,8674000.0,46.0
2025,12,1,1,2,69,1,3,3.0,102000.0,10.0
2025,12,1,1,2,32,1,2,9.0,726000.0,47.0
2025,12,1,1,1,62,1,1,1.0,0.0,1.0
2025,12,2,1,2,51,2,3,4.0,1795000.0,93.0
2025,12,2,1,1,55,3,1,5.0,483000.0,43.0
2025,12,2,1,2,23,6,2,8.0,1494000.0,56.0
2025,12,1,1,1,32,1,2,5.0,0.0,41.0
2025,12,4,1,1,45,3,1,5.0,1946000.0,85.0
2025,12,6,1,2,25,8,1,8.0,358000.0,56.0
2025,12,3,1,1,26,3,1,5.0,1631000.0,73.0
2025,12,2,1,2,23,2,2,5.0,1672000.0,10.0
2025,12,1,1,1,65,1,3,3.0,1374000.0,1.0
2025,12,3,1,1,25,8,3,8.0,1852000.0,53.0
2025,12,1,1,1,62,1,3,3.0,1520000.0,56.0
2025,12,1,1,2,56,1,2,6.0,0.0,1.0
2025,12,1,1,1,64,1,3,3.0,4191000.0,23.0
2025,12,2,1,2,46,2,2,3.0,525000.0,81.0
2025,12,2,1,2,35,2,2,5.0,2111000.0,96.0
2025,12,1,1,1,32,1,2,9.0,2637000.0,85.0
2025,12,1,1,2,19,1,2,5.0,1709000.0,10.0
2025,12,2,1,2,42,2,2,5.0,2711000.0,68.0
2025,12,1,1,1,39,1,3,4.0,2493000.0,46.0
2025,12,4,1,1,36,3,1,3.0,1680000.0,41.0
2025,12,1,1,2,39,1,2,10.0,6703000.0,42.0
2025,12,2,1,1,37,2,3,8.0,1453000.0,86.0
2025,12,1,1,1,49,1,2,11.0,4604000.0,94.0
2025,12,1,1,2,34,1,3,10.0,1572000.0,46.0
2025,12,2,1,2,36,2,2,5.0,1528000.0,47.0
2025,12,1,1,1,42,1,3,10.0,3744000.0,20.0
2025,12,2,1,2,31,2,2,8.0,1403000.0,59.0
2025,12,1,1,2,42,1,2,5.0,1174000.0,10.0
2025,12,1,1,2,51,1,2,3.0,1091000.0,97.0
2025,12,1,1,2,59,1,3,5.0,336000.0,47.0
2025,12,1,1,2,46,1,2,8.0,1406000.0,56.0
2025,12,1,1,2,24,1,2,10.0,1708000.0,86.0
2025,12,1,1,1,44,1,2,1.0,136000.0,1.0
2025,12,2,1,1,56,2,2,5.0,1816000.0,1.0
2025,12,1,1,1,73,1,3,10.0,1275000.0,84.0
2025,12,2,1,1,20,3,2,10.0,966000.0,56.0
2025,12,2,1,2,33,2,2,11.0,4572000.0,84.0
2025,12,1,1,2,36,1,2,3.0,1233000.0,47.0
2025,12,1,1,2,70,1,3,3.0,728000.0,1.0
2025,12,2,1,2,48,2,3,5.0,1429000.0,15.0
2025,12,4,1,2,29,3,1,10.0,1486000.0,86.0
2025,12,1,1,2,34,1,2,5.0,194000.0,32.0
2025,12,1,1,2,46,1,3,3.0,504000.0,1.0
2025,12,1,1,2,56,1,2,9.0,2197000.0,56.0
2025,12,1,1,2,53,1,2,3.0,1139000.0,56.0
2025,12,1,1,1,53,1,3,6.0,3531000.0,35.0
2025,12,2,1,1,34,2,3,5.0,1684000.0,96.0
2025,12,2,1,2,38,2,2,10.0,1750000.0,47.0
2025,12,1,1,1,34,1,2,11.0,5151000.0,65.0
2025,12,2,1,2,34,2,2,5.0,1304000.0,47.0
2025,12,1,1,1,62,1,2,3.0,2261000.0,7.0
2025,12,1,1,1,47,1,1,3.0,669000.0,1.0
2025,12,3,1,2,18,8,1,6.0,1234000.0,47.0
2025,12,2,1,2,29,2,1,8.0,1966000.0,47.0
2025,12,1,1,1,48,1,2,4.0,1145000.0,41.0
2025,12,1,1,1,36,1,3,5.0,1826000.0,47.0
2025,12,1,1,2,35,1,2,4.0,750000.0,56.0
2025,12,2,1,2,32,2,2,5.0,1039000.0,56.0
2025,12,1,1,1,42,1,3,5.0,2475000.0,1.0
2025,12,2,1,1,59,2,3,3.0,2593000.0,49.0
2025,12,1,1,2,47,1,1,5.0,1629000.0,47.0
2025,12,7,1,2,28,3,1,3.0,1166000.0,97.0
2025,12,1,1,1,41,1,2,5.0,555000.0,47.0
2025,12,2,1,2,31,2,2,8.0,1550000.0,47.0
2025,12,1,1,2,46,1,2,10.0,2923000.0,84.0
2025,12,1,1,1,51,1,3,5.0,2536000.0,69.0
2025,12,1,1,2,41,1,2,5.0,946000.0,97.0
2025,12,1,1,1,41,1,2,8.0,1568000.0,56.0
2025,12,1,1,2,76,1,1,1.0,100000.0,47.0
2025,12,1,1,2,52,1,2,5.0,131000.0,56.0
2025,12,1,1,1,70,1,3,3.0,454000.0,1.0
2025,12,2,1,2,59,3,1,10.0,1845000.0,56.0
2025,12,1,1,1,62,1,3,5.0,634000.0,41.0
2025,12,3,1,1,29,3,1,5.0,1826000.0,85.0
2025,12,2,1,1,34,2,2,5.0,1737000.0,93.0
2025,12,1,1,1,25,1,2,4.0,6661000.0,1.0
2025,12,2,1,1,31,2,2,8.0,2003000.0,49.0
2025,12,4,1,2,18,3,1,5.0,159000.0,96.0
2025,12,3,1,2,65,6,3,8.0,469000.0,47.0
2025,12,1,1,1,22,1,2,5.0,2547000.0,41.0
2025,12,4,1,2,24,3,1,5.0,118000.0,96.0
2025,12,1,1,1,61,1,2,5.0,639000.0,49.0
2025,12,1,1,1,39,1,2,5.0,2441000.0,41.0
2025,12,1,1,1,36,1,2,5.0,2017000.0,5.0
2025,12,1,1,1,62,1,3,3.0,2029000.0,1.0
2025,12,3,1,2,34,9,2,5.0,1156000.0,96.0
2025,12,1,2,2,58,1,3,3.0,1612000.0,97.0
2025,12,3,1,1,23,3,1,5.0,2150000.0,56.0
2025,12,3,1,2,20,3,1,10.0,3703000.0,42.0
2025,12,1,1,2,29,1,1,9.0,1277000.0,94.0
2025,12,2,1,2,64,3,1,10.0,3793000.0,86.0
2025,12,1,1,1,55,1,2,5.0,2156000.0,1.0
2025,12,1,1,2,43,1,2,3.0,1000000.0,81.0
2025,12,2,1,2,37,2,2,12.0,3529000.0,85.0
2025,12,1,1,2,44,1,1,9.0,5331000.0,15.0
2025,12,2,1,1,54,2,3,5.0,2376000.0,10.0
2025,12,1,1,2,38,1,3,5.0,450000.0,56.0
2025,12,2,1,1,40,2,2,4.0,637000.0,53.0
2025,12,1,1,1,64,1,3,5.0,2202000.0,68.0
2025,12,1,1,2,45,1,2,8.0,1507000.0,86.0
2025,12,1,1,1,25,1,2,9.0,2877000.0,62.0
2025,12,2,1,2,43,2,3,5.0,334000.0,81.0
2025,12,2,1,2,21,2,2,5.0,816000.0,96.0
2025,12,1,1,2,52,1,3,3.0,442000.0,96.0
2025,12,1,1,2,53,1,2,3.0,1582000.0,47.0
2025,12,2,1,2,42,2,2,4.0,0.0,97.0
2025,12,1,1,2,30,1,2,11.0,2135000.0,84.0
2025,12,1,1,2,44,1,2,9.0,1422000.0,47.0
2025,12,1,1,2,37,1,3,1.0,345000.0,14.0
2025,12,2,1,1,46,2,2,9.0,11643000.0,45.0
2025,12,1,1,1,42,1,2,5.0,1923000.0,55.0
2025,12,3,1,1,42,7,3,5.0,751000.0,47.0
2025,12,1,1,1,22,1,2,5.0,1866000.0,47.0
2025,12,2,1,1,63,2,3,3.0,1247000.0,1.0
2025,12,2,1,2,52,10,3,5.0,1109000.0,97.0
2025,12,1,1,1,52,1,2,10.0,1741000.0,56.0
2025,12,1,1,1,56,1,2,3.0,2126000.0,49.0
2025,12,2,1,1,34,3,1,5.0,2293000.0,38.0
2025,12,1,1,1,46,1,2,3.0,1334000.0,1.0
2025,12,2,1,1,62,2,3,5.0,0.0,13.0
2025,12,3,1,2,23,13,2,5.0,964000.0,56.0
2025,12,1,1,1,30,1,2,10.0,2146000.0,47.0
2025,12,2,1,2,35,2,2,10.0,2336000.0,85.0
2025,12,2,1,2,48,2,2,9.0,1329000.0,96.0
2025,12,3,1,2,25,3,1,10.0,1473000.0,47.0
2025,12,1,1,2,41,1,2,12.0,12977000.0,99.0
2025,12,7,1,1,58,7,2,5.0,1289000.0,49.0
2025,12,1,1,2,39,1,2,10.0,2758000.0,64.0
2025,12,2,1,2,50,2,2,6.0,353000.0,46.0
2025,12,1,1,2,37,1,2,5.0,603000.0,81.0
2025,12,1,1,1,25,1,2,6.0,2104000.0,47.0
2025,12,3,1,2,25,3,1,10.0,643000.0,56.0
2025,12,1,1,1,69,1,3,3.0,4235000.0,45.0
2025,12,1,1,1,50,1,3,11.0,5779000.0,86.0
2025,12,2,1,2,31,2,2,8.0,1625000.0,88.0
2025,12,1,1,2,36,1,2,8.0,2010000.0,86.0
2025,12,3,1,2,23,3,2,10.0,1247000.0,47.0
2025,12,3,1,2,37,9,2,5.0,1477000.0,47.0
2025,12,1,1,2,25,1,1,10.0,1310000.0,1.0
2025,12,1,1,2,71,1,2,1.0,0.0,1.0
2025,12,2,1,1,24,3,1,8.0,1099000.0,95.0
2025,12,1,1,1,46,1,2,8.0,6421000.0,55.0
2025,12,2,1,2,27,2,2,9.0,1632000.0,16.0
2025,12,1,1,2,28,1,2,5.0,1175000.0,56.0
2025,12,1,1,2,37,1,2,8.0,1389000.0,85.0
2025,12,1,1,2,21,1,2,3.0,1089000.0,47.0
2025,12,1,1,1,54,1,2,13.0,10114000.0,85.0
2025,12,2,1,2,48,2,2,10.0,1445000.0,94.0
2025,12,1,1,1,60,1,2,3.0,1271000.0,41.0
2025,12,2,1,2,58,3,1,6.0,1932000.0,55.0
2025,12,1,1,1,54,1,2,5.0,2207000.0,96.0
2025,12,3,1,1,18,8,2,9.0,1831000.0,47.0
2025,12,1,1,1,68,1,3,3.0,758000.0,96.0
2025,12,2,1,2,46,2,3,5.0,208000.0,47.0
2025,12,1,1,2,30,1,2,8.0,1343000.0,75.0
2025,12,1,1,2,37,1,3,5.0,172000.0,56.0
2025,12,1,1,2,42,1,2,5.0,1379000.0,56.0
2025,12,1,1,1,57,1,1,3.0,1317000.0,1.0
2025,12,1,1,1,58,1,2,4.0,1874000.0,25.0
2025,12,2,1,1,52,3,1,6.0,1786000.0,86.0
2025,12,1,1,1,37,1,2,5.0,1380000.0,41.0
2025,12,3,1,1,57,3,1,1.0,2011000.0,1.0
2025,12,3,1,2,29,3,1,10.0,617000.0,32.0
2025,12,2,1,1,36,3,1,5.0,3005000.0,64.0
2025,12,2,1,2,30,3,1,10.0,1797000.0,86.0
2025,12,2,1,1,38,3,2,5.0,1770000.0,39.0
2025,12,1,1,1,40,1,2,5.0,6404000.0,81.0
2025,12,1,1,2,30,1,2,12.0,1739000.0,41.0
2025,12,1,1,2,43,1,2,5.0,575000.0,56.0
2025,12,5,1,2,76,5,3,5.0,100000.0,95.0
2025,12,1,1,1,34,1,2,5.0,2180000.0,49.0
2025,12,2,1,1,61,2,3,4.0,1658000.0,41.0
2025,12,1,1,2,25,1,1,6.0,2445000.0,56.0
2025,12,4,1,1,20,3,1,10.0,2008000.0,47.0
2025,12,2,1,1,38,2,2,11.0,3550000.0,93.0
2025,12,1,1,1,43,1,2,10.0,2552000.0,47.0
2025,12,1,1,1,40,1,2,5.0,3691000.0,47.0
2025,12,1,1,1,24,1,2,5.0,1242000.0,47.0
2025,12,1,1,1,41,1,2,8.0,2554000.0,53.0
2025,12,1,1,1,69,1,2,1.0,714000.0,68.0
2025,12,1,1,1,52,1,3,3.0,1799000.0,45.0
2025,12,2,1,1,49,3,1,5.0,1538000.0,47.0
2025,12,1,1,1,44,1,2,10.0,3593000.0,85.0
2025,12,2,1,1,29,3,3,10.0,4956000.0,41.0
2025,12,1,1,1,39,1,2,11.0,8964000.0,64.0
2025,12,1,1,2,66,1,3,4.0,338000.0,95.0
2025,12,2,1,2,32,9,2,12.0,2996000.0,85.0
2025,12,1,1,2,53,1,1,5.0,1148000.0,47.0
2025,12,4,1,2,53,13,3,10.0,5086000.0,84.0
2025,12,1,1,2,30,1,2,5.0,2224000.0,85.0
2025,12,1,1,2,40,1,2,5.0,607000.0,81.0
2025,12,2,1,2,25,3,1,6.0,1227000.0,47.0
2025,12,1,1,2,26,1,2,5.0,1290000.0,85.0
2025,12,2,1,2,66,2,3,5.0,1299000.0,94.0
2025,12,2,1,1,39,3,1,3.0,2216000.0,41.0
2025,12,1,1,2,44,1,2,10.0,5166000.0,64.0
2025,12,1,1,2,24,1,1,10.0,911000.0,47.0
2025,12,1,1,1,44,1,3,10.0,4793000.0,41.0
2025,12,1,1,2,68,1,2,3.0,820000.0,95.0
2025,12,1,1,2,36,1,2,6.0,1315000.0,96.0
2025,12,2,1,2,29,2,2,5.0,1310000.0,56.0
2025,12,1,1,2,52,1,1,5.0,312000.0,47.0
2025,12,2,1,2,41,2,2,10.0,3505000.0,88.0
2025,12,2,1,2,30,3,1,8.0,3239000.0,66.0
2025,12,1,1,2,67,1,3,11.0,13198000.0,21.0
2025,12,2,1,1,39,3,3,3.0,1898000.0,35.0
2025,12,1,1,1,65,1,3,5.0,2557000.0,68.0
2025,12,2,1,2,24,3,1,10.0,3815000.0,62.0
2025,12,2,1,1,35,2,2,4.0,705000.0,47.0
2025,12,1,1,2,55,1,3,6.0,1863000.0,47.0
2025,12,5,1,1,25,8,1,10.0,1830000.0,85.0
2025,12,1,1,2,56,1,2,3.0,975000.0,96.0
2025,12,2,1,2,22,3,1,10.0,373000.0,56.0
2025,12,1,1,2,60,1,3,4.0,1359000.0,86.0
2025,12,3,1,1,35,3,1,4.0,7193000.0,45.0
2025,12,2,1,1,45,3,1,5.0,4463000.0,49.0
2025,12,1,1,2,44,1,2,4.0,1154000.0,47.0
2025,12,2,1,1,55,2,3,4.0,1472000.0,41.0
2025,12,1,1,1,33,1,2,8.0,1785000.0,41.0
2025,12,1,1,1,36,1,2,11.0,7411000.0,62.0
2025,12,1,1,1,36,1,2,5.0,4127000.0,25.0
2025,12,1,1,2,30,1,2,10.0,2716000.0,73.0
2025,12,1,1,2,62,1,2,3.0,305000.0,10.0
2025,12,2,1,2,34,2,2,11.0,7787000.0,84.0
2025,12,1,1,2,54,1,2,6.0,1789000.0,14.0
2025,12,1,1,1,27,1,2,8.0,1205000.0,1.0
2025,12,4,1,1,31,9,2,8.0,1784000.0,81.0
2025,12,1,1,1,29,1,2,4.0,2261000.0,56.0
2025,12,2,1,2,30,2,2,10.0,1429000.0,56.0
2025,12,1,1,2,69,1,3,3.0,100000.0,47.0
2025,12,10,1,2,22,3,1,4.0,100000.0,1.0
2025,12,1,1,1,65,1,3,3.0,1615000.0,97.0
2025,12,1,1,1,53,1,2,8.0,6483000.0,43.0
2025,12,2,1,1,28,2,2,10.0,1826000.0,47.0
2025,12,1,1,2,23,1,2,10.0,1754000.0,64.0
2025,12,2,1,1,33,2,2,5.0,1675000.0,41.0
2025,12,1,1,2,53,1,2,10.0,792000.0,97.0
2025,12,1,1,2,33,1,2,8.0,1349000.0,46.0
2025,12,2,1,2,35,2,2,3.0,110000.0,47.0
2025,12,4,1,2,57,13,3,11.0,3601000.0,65.0
2025,12,1,1,1,31,1,2,8.0,4387000.0,45.0
2025,12,3,1,1,25,13,2,5.0,776000.0,96.0
2025,12,2,1,2,56,2,3,5.0,424000.0,81.0
2025,12,2,1,2,36,2,2,9.0,2870000.0,86.0
2025,12,2,1,1,59,13,3,3.0,2256000.0,97.0
2025,12,1,1,2,58,1,3,3.0,979000.0,56.0
2025,12,1,1,1,50,1,2,4.0,2904000.0,49.0
2025,12,1,1,1,33,1,2,4.0,1341000.0,41.0
2025,12,1,1,1,26,1,2,5.0,1933000.0,93.0
2025,12,3,1,2,23,3,1,10.0,1242000.0,58.0
2025,12,1,1,1,44,1,2,5.0,2122000.0,47.0
2025,12,1,1,1,51,1,2,3.0,1916000.0,45.0
2025,12,1,1,2,23,1,2,5.0,529000.0,47.0
2025,12,2,1,2,22,3,1,10.0,1752000.0,10.0
2025,12,2,1,1,58,2,2,5.0,1836000.0,41.0
2025,12,1,1,1,49,1,2,5.0,599000.0,41.0
2025,12,1,1,1,50,1,3,10.0,3359000.0,84.0
2025,12,1,1,1,68,1,3,10.0,4927000.0,85.0
2025,12,3,1,1,22,3,1,3.0,673000.0,52.0
2025,12,1,1,2,51,1,2,4.0,275000.0,81.0
2025,12,3,1,2,19,3,1,8.0,926000.0,96.0
2025,12,1,1,2,51,1,2,3.0,1596000.0,56.0
2025,12,1,1,2,43,1,3,5.0,1118000.0,15.0
2025,12,1,1,2,67,1,3,10.0,706000.0,85.0
2025,12,1,1,2,43,1,2,5.0,1357000.0,96.0
2025,12,1,1,1,38,1,2,3.0,5386000.0,49.0
2025,12,2,1,1,32,2,3,3.0,1516000.0,41.0
2025,12,1,1,2,29,1,2,4.0,1327000.0,81.0
2025,12,1,1,2,69,1,3,3.0,387000.0,92.0
2025,12,1,1,2,52,1,3,4.0,926000.0,47.0
2025,12,4,1,2,69,4,3,4.0,1592000.0,47.0
2025,12,2,1,1,52,2,2,5.0,1485000.0,45.0
2025,12,3,1,2,22,3,1,5.0,894000.0,96.0
2025,12,2,1,2,25,3,1,9.0,1439000.0,35.0
2025,12,2,2,2,29,2,2,5.0,1771000.0,10.0
2025,12,1,1,2,40,1,3,4.0,584000.0,88.0
2025,12,2,1,1,37,13,2,3.0,1741000.0,49.0
2025,12,1,1,2,45,1,2,5.0,836000.0,56.0
2025,12,3,1,1,18,3,1,5.0,549000.0,3.0
2025,12,2,1,2,37,3,1,8.0,275000.0,96.0
2025,12,1,1,1,54,1,2,10.0,1645000.0,10.0
2025,12,1,1,2,33,1,2,4.0,1096000.0,88.0
2025,12,1,1,2,28,1,3,9.0,469000.0,81.0
2025,12,1,1,1,37,1,2,10.0,2236000.0,86.0
2025,12,1,1,2,52,1,2,5.0,111000.0,14.0
2025,12,1,1,1,47,1,2,5.0,8468000.0,1.0
2025,12,1,1,2,63,1,3,6.0,836000.0,47.0
2025,12,1,1,2,30,1,2,5.0,1535000.0,47.0
2025,12,1,1,2,27,1,3,9.0,1047000.0,68.0
2025,12,4,1,2,20,3,1,5.0,642000.0,96.0
2025,12,1,1,2,64,1,3,3.0,377000.0,81.0
2025,12,2,1,2,37,3,1,5.0,1984000.0,46.0
2025,12,1,1,2,40,1,2,8.0,1519000.0,47.0
2025,12,4,1,2,21,9,2,5.0,1185000.0,82.0
2025,12,3,1,2,25,3,1,10.0,1499000.0,64.0
2025,12,3,1,2,32,3,1,5.0,1583000.0,31.0
2025,12,2,1,1,29,3,1,5.0,1710000.0,49.0
2025,12,2,1,2,41,2,2,5.0,370000.0,94.0
2025,12,1,1,1,50,1,3,5.0,1249000.0,90.0
2025,12,1,1,2,49,1,3,12.0,6285000.0,85.0
2025,12,4,1,1,19,8,2,5.0,1902000.0,43.0
2025,12,3,1,2,27,3,1,9.0,1816000.0,82.0
2025,12,1,1,1,36,1,2,9.0,4553000.0,84.0
2025,12,1,1,1,76,1,3,3.0,2427000.0,84.0
2025,12,1,1,2,56,1,3,5.0,317000.0,56.0
2025,12,1,1,1,62,1,3,3.0,2379000.0,31.0
2025,12,2,1,1,60,2,3,10.0,8273000.0,85.0
2025,12,1,1,1,49,1,2,5.0,1858000.0,45.0
2025,12,1,1,1,61,1,3,3.0,1894000.0,47.0
2025,12,2,1,1,56,2,2,3.0,845000.0,47.0
2025,12,2,1,2,26,2,2,5.0,1379000.0,47.0
2025,12,2,1,2,26,2,2,5.0,1943000.0,47.0
2025,12,1,1,2,47,1,2,7.0,865000.0,85.0
2025,12,2,1,1,48,2,2,9.0,3813000.0,94.0
2025,12,2,1,1,43,2,3,3.0,2353000.0,49.0
2025,12,2,1,1,65,2,3,3.0,2515000.0,1.0
2025,12,1,1,1,49,1,2,4.0,2468000.0,41.0
2025,12,1,1,2,41,1,2,9.0,1484000.0,56.0
2025,12,1,1,2,64,1,3,3.0,1015000.0,1.0
2025,12,2,1,2,29,2,2,11.0,2139000.0,41.0
2025,12,1,1,1,28,1,2,5.0,4949000.0,49.0
2025,12,1,1,1,43,1,2,5.0,2680000.0,41.0
2025,12,2,1,1,59,2,2,4.0,1110000.0,49.0
2025,12,1,1,2,29,1,1,8.0,2110000.0,86.0
2025,12,2,1,2,38,2,2,12.0,9252000.0,84.0
2025,12,1,1,2,40,1,2,5.0,4472000.0,1.0
2025,12,1,1,2,43,1,2,3.0,217000.0,47.0
2025,12,1,1,2,48,1,2,5.0,448000.0,81.0
2025,12,1,1,1,55,1,2,4.0,2131000.0,56.0
2025,12,1,1,2,29,1,2,5.0,167000.0,96.0
2025,12,1,1,1,40,1,2,5.0,2644000.0,6.0
2025,12,2,1,1,42,2,2,12.0,5660000.0,71.0
2025,12,2,1,2,50,3,1,5.0,912000.0,81.0
2025,12,1,1,2,51,1,2,5.0,2210000.0,74.0
2025,12,1,1,1,69,1,3,10.0,758000.0,49.0
2025,12,2,1,1,69,2,3,3.0,801000.0,45.0
2025,12,1,1,2,49,1,3,4.0,566000.0,10.0
2025,12,3,1,1,52,3,1,5.0,1489000.0,53.0
2025,12,2,1,1,35,2,2,5.0,960000.0,49.0
2025,12,2,1,2,40,2,2,10.0,1946000.0,86.0
2025,12,1,1,1,54,1,2,4.0,1585000.0,43.0
2025,12,1,1,1,33,1,2,10.0,7904000.0,84.0
2025,12,3,1,1,63,6,3,5.0,2100000.0,49.0
2025,12,2,1,1,38,3,1,10.0,4803000.0,36.0
2025,12,1,1,2,52,1,2,5.0,880000.0,88.0
2025,12,1,1,1,61,1,3,3.0,774000.0,47.0
2025,12,1,1,1,46,1,2,10.0,8454000.0,84.0
2025,12,2,1,1,21,3,1,5.0,971000.0,47.0
2025,12,1,1,2,49,1,1,11.0,4471000.0,86.0
2025,12,1,1,2,29,1,2,10.0,1227000.0,88.0
2025,12,3,1,1,25,3,1,5.0,2484000.0,10.0
2025,12,1,1,1,24,1,2,8.0,4290000.0,56.0
2025,12,1,1,1,58,1,2,3.0,1299000.0,47.0
2025,12,2,1,2,51,2,2,5.0,216000.0,14.0
2025,12,1,1,2,48,1,3,3.0,354000.0,47.0
2025,12,1,1,2,62,1,1,9.0,4055000.0,84.0
2025,12,2,1,2,61,2,2,5.0,1449000.0,79.0
2025,12,3,1,2,36,3,1,8.0,2346000.0,86.0
2025,12,2,1,2,40,2,2,9.0,1047000.0,47.0
2025,12,1,1,2,48,1,3,5.0,15897000.0,7.0
2025,12,1,1,2,36,1,2,8.0,100000.0,47.0
2025,12,1,1,2,87,1,3,1.0,100000.0,56.0
2025,12,1,1,1,73,1,3,1.0,1433000.0,1.0
2025,12,1,1,2,31,1,2,5.0,926000.0,56.0
2025,12,2,1,2,42,2,1,3.0,359000.0,56.0
2025,12,1,1,2,46,1,2,5.0,100000.0,47.0
2025,12,1,1,1,39,1,1,10.0,5386000.0,69.0
2025,12,1,1,2,46,1,3,10.0,2671000.0,85.0
2025,12,2,1,2,26,2,3,6.0,2245000.0,96.0
2025,12,2,1,2,55,2,2,10.0,3422000.0,84.0
2025,12,2,1,2,27,2,2,5.0,1549000.0,42.0
2025,12,1,1,2,23,1,2,10.0,1167000.0,47.0
2025,12,1,1,2,28,1,3,10.0,1394000.0,69.0
2025,12,3,1,2,38,3,1,10.0,3254000.0,64.0
2025,12,1,1,2,25,1,1,5.0,1468000.0,23.0
2025,12,3,1,1,29,3,1,5.0,3023000.0,82.0
2025,12,2,1,1,41,3,1,8.0,2076000.0,86.0
2025,12,1,1,1,57,1,2,3.0,2008000.0,14.0
2025,12,2,1,1,45,2,2,3.0,2464000.0,1.0
2025,12,2,1,2,63,2,3,10.0,172000.0,47.0
2025,12,2,1,1,41,2,3,3.0,1175000.0,41.0
2025,12,1,1,1,52,1,2,6.0,3691000.0,10.0
2025,12,1,1,1,27,1,2,4.0,882000.0,41.0
2025,12,1,1,2,28,1,2,8.0,434000.0,7.0
2025,12,1,1,1,63,1,3,3.0,6756000.0,49.0
2025,12,2,1,2,31,3,1,10.0,2355000.0,47.0
2025,12,1,1,1,47,1,2,10.0,3370000.0,85.0
2025,12,2,1,2,23,3,1,5.0,2058000.0,47.0
2025,12,1,1,2,60,1,2,5.0,737000.0,56.0
2025,12,1,1,1,44,1,2,5.0,1896000.0,80.0
2025,12,4,1,2,37,7,2,5.0,703000.0,47.0
2025,12,2,1,2,21,2,2,9.0,1196000.0,86.0
2025,12,1,1,2,58,1,2,1.0,836000.0,81.0
2025,12,1,1,2,77,1,3,5.0,715000.0,56.0
2025,12,1,1,2,50,1,2,3.0,663000.0,31.0
2025,12,2,1,2,28,2,3,8.0,1904000.0,47.0
2025,12,2,1,2,54,2,2,6.0,953000.0,47.0
2025,12,2,1,2,35,3,1,10.0,1521000.0,56.0
2025,12,2,1,1,49,2,2,5.0,2256000.0,42.0
2025,12,1,1,1,48,1,2,3.0,2898000.0,41.0
2025,12,2,1,2,46,2,2,8.0,1625000.0,10.0
2025,12,4,1,2,29,7,2,8.0,320000.0,56.0
2025,12,2,1,1,29,2,2,5.0,1701000.0,55.0
2025,12,1,1,2,44,1,3,3.0,1187000.0,56.0
2025,12,3,1,2,57,3,1,10.0,1840000.0,86.0
2025,12,1,1,1,43,1,3,3.0,1530000.0,55.0
2025,12,2,1,1,43,2,2,3.0,588000.0,47.0
2025,12,2,1,2,24,3,1,10.0,1588000.0,42.0
2025,12,2,1,1,45,3,1,5.0,2132000.0,33.0
2025,12,1,1,2,34,1,2,5.0,1356000.0,47.0
2025,12,1,1,2,43,1,2,5.0,1599000.0,10.0
2025,12,1,1,2,40,1,3,3.0,610000.0,81.0
2025,12,3,1,2,21,3,1,5.0,824000.0,41.0
2025,12,2,1,1,28,3,1,10.0,2397000.0,10.0
2025,12,3,1,2,19,9,2,5.0,1535000.0,47.0
2025,12,1,1,1,43,1,2,5.0,2485000.0,43.0
2025,12,1,1,2,56,1,2,4.0,3586000.0,47.0
2025,12,1,1,2,31,1,2,10.0,2533000.0,84.0
2025,12,2,1,2,44,2,2,9.0,2377000.0,94.0
2025,12,1,1,2,36,1,2,11.0,2971000.0,47.0
2025,12,2,1,2,37,2,2,5.0,171000.0,47.0
2025,12,1,1,1,54,1,3,5.0,2116000.0,86.0
2025,12,3,1,2,69,9,3,2.0,188000.0,81.0
2025,12,1,1,1,43,1,1,9.0,1418000.0,49.0
2025,12,1,1,2,62,1,3,3.0,2171000.0,56.0
2025,12,1,1,1,34,1,2,10.0,2340000.0,78.0
2025,12,1,1,1,54,1,3,4.0,2220000.0,42.0
2025,12,2,1,1,26,8,2,5.0,2218000.0,56.0
2025,12,1,1,2,48,1,2,8.0,2138000.0,86.0
2025,12,1,1,2,47,1,2,5.0,1214000.0,47.0
2025,12,1,1,1,52,1,2,5.0,2080000.0,31.0
2025,12,1,1,2,32,1,2,12.0,12655000.0,84.0
2025,12,1,1,2,57,1,3,8.0,2010000.0,86.0
2025,12,3,1,2,24,3,1,10.0,3604000.0,13.0
2025,12,1,1,1,52,1,1,10.0,16703000.0,64.0
2025,12,1,1,2,51,1,2,10.0,815000.0,96.0
2025,12,4,1,2,53,10,2,3.0,2279000.0,97.0
2025,12,1,1,2,67,1,3,3.0,500000.0,97.0
2025,12,1,1,2,24,1,2,3.0,106000.0,81.0
2025,12,3,1,1,25,6,2,10.0,2349000.0,82.0
2025,12,1,1,1,32,1,2,3.0,1189000.0,47.0
2025,12,1,1,1,43,1,3,4.0,1226000.0,31.0
2025,12,4,1,2,19,13,3,10.0,529000.0,97.0
2025,12,1,1,2,36,1,2,3.0,716000.0,81.0
2025,12,1,1,1,51,1,2,5.0,1315000.0,49.0
2025,12,1,1,2,21,1,2,10.0,1238000.0,49.0
2025,12,1,1,2,56,1,3,3.0,1297000.0,81.0
2025,12,1,1,1,54,1,3,12.0,19279000.0,84.0
2025,12,1,1,1,72,1,3,1.0,403000.0,56.0
2025,12,2,1,1,65,3,3,3.0,783000.0,32.0
2025,12,1,1,1,25,1,2,3.0,1135000.0,1.0
2025,12,3,1,2,25,3,2,6.0,214000.0,96.0
2025,12,2,1,1,41,2,2,5.0,1992000.0,42.0
2025,12,1,1,2,54,1,3,5.0,332000.0,47.0
2025,12,1,1,1,45,1,2,3.0,2087000.0,52.0
2025,12,1,1,2,27,1,2,10.0,4789000.0,84.0
2025,12,2,1,2,51,2,3,12.0,4266000.0,85.0
2025,12,2,1,2,47,3,1,5.0,711000.0,14.0
2025,12,3,1,2,29,3,1,4.0,2153000.0,56.0
2025,12,1,1,2,54,1,2,5.0,218000.0,56.0
2025,12,2,1,2,53,3,1,5.0,321000.0,47.0
2025,12,1,1,2,49,1,2,5.0,2024000.0,84.0
2025,12,1,1,2,56,1,3,3.0,673000.0,81.0
2025,12,2,1,2,59,2,3,6.0,2612000.0,84.0
2025,12,2,1,2,68,2,3,10.0,4078000.0,85.0
2025,12,2,1,1,20,3,1,4.0,1454000.0,43.0
2025,12,1,1,2,35,1,3,9.0,1438000.0,69.0
2025,12,2,1,1,66,4,2,3.0,237000.0,10.0
2025,12,2,1,2,46,2,2,3.0,4194000.0,47.0
2025,12,1,1,1,67,1,3,1.0,1852000.0,42.0
2025,12,1,1,2,39,1,2,5.0,1366000.0,47.0
2025,12,1,1,2,64,1,3,4.0,730000.0,81.0
2025,12,1,1,2,53,1,3,3.0,720000.0,46.0
2025,12,2,1,2,63,2,2,5.0,1364000.0,55.0
2025,12,1,1,2,26,1,2,10.0,4610000.0,86.0
2025,12,1,1,1,55,1,3,3.0,1875000.0,45.0
2025,12,1,1,1,28,1,2,5.0,1793000.0,47.0
2025,12,1,1,2,60,1,3,1.0,496000.0,56.0
2025,12,2,1,1,41,2,2,1.0,542000.0,47.0
2025,12,2,1,1,44,2,2,3.0,2501000.0,46.0
2025,12,1,1,2,54,1,2,3.0,1151000.0,92.0
2025,12,4,1,1,22,3,1,8.0,3520000.0,84.0
2025,12,2,1,2,42,2,2,5.0,1380000.0,47.0
2025,12,2,1,2,70,2,3,3.0,198000.0,56.0
2025,12,1,1,2,36,1,3,5.0,559000.0,96.0
2025,12,1,1,2,42,1,2,5.0,1433000.0,86.0
2025,12,2,1,2,25,2,2,9.0,514000.0,49.0
2025,12,1,1,2,28,1,2,5.0,831000.0,47.0
2025,12,1,1,2,25,1,2,5.0,1268000.0,96.0
2025,12,5,1,2,29,3,1,10.0,5611000.0,86.0
2025,12,1,1,1,27,1,2,10.0,4753000.0,84.0
2025,12,4,1,1,65,4,3,3.0,9089000.0,47.0
2025,12,1,1,1,51,1,2,3.0,4388000.0,49.0
2025,12,1,1,2,68,1,3,4.0,145000.0,1.0
2025,12,5,1,2,28,6,2,5.0,749000.0,32.0
2025,12,1,1,2,36,1,3,6.0,1279000.0,47.0
2025,12,1,1,2,49,1,2,3.0,803000.0,97.0
2025,12,1,1,1,35,1,3,11.0,6318000.0,85.0
2025,12,1,1,2,51,1,3,4.0,956000.0,14.0
2025,12,1,1,1,30,1,2,4.0,2127000.0,68.0
2025,12,2,1,2,26,3,2,5.0,859000.0,47.0
2025,12,1,1,1,30,1,1,5.0,2151000.0,52.0
2025,12,1,1,2,68,1,3,5.0,1836000.0,47.0
2025,12,1,1,2,37,1,2,8.0,1256000.0,86.0
2025,12,1,1,1,66,1,3,3.0,331000.0,52.0
2025,12,5,1,2,35,7,2,8.0,586000.0,47.0
2025,12,1,1,1,37,1,2,8.0,975000.0,43.0
2025,12,1,1,1,55,1,2,3.0,1743000.0,46.0
2025,12,1,1,2,39,1,2,5.0,1211000.0,56.0
2025,12,3,1,1,42,3,1,10.0,1960000.0,86.0
2025,12,2,1,1,41,2,2,5.0,3627000.0,49.0
2025,12,5,1,1,53,4,2,3.0,489000.0,1.0
2025,12,1,1,1,45,1,2,1.0,1051000.0,3.0
2025,12,4,1,2,31,3,1,4.0,1421000.0,56.0
2025,12,2,1,1,67,2,3,10.0,5645000.0,69.0
2025,12,1,1,1,21,1,2,5.0,2760000.0,1.0
2025,12,1,1,2,61,1,3,3.0,1477000.0,97.0
2025,12,2,1,2,49,2,2,5.0,1707000.0,21.0
2025,12,1,1,1,50,1,3,5.0,1555000.0,46.0
2025,12,2,1,2,31,2,3,5.0,292000.0,96.0
2025,12,4,1,1,33,3,1,8.0,1922000.0,61.0
2025,12,1,1,1,43,1,3,5.0,422000.0,43.0
2025,12,1,1,2,38,1,2,8.0,1693000.0,47.0
2025,12,1,1,2,55,1,3,10.0,534000.0,56.0
2025,12,2,1,2,42,2,2,5.0,1228000.0,46.0
2025,12,2,1,1,28,2,2,5.0,1571000.0,41.0
2025,12,3,1,2,56,3,1,13.0,7077000.0,85.0
2025,12,2,1,2,41,2,2,11.0,6815000.0,85.0
2025,12,3,1,1,36,3,1,5.0,1952000.0,56.0
2025,12,2,1,1,34,2,2,4.0,1613000.0,49.0
2025,12,4,1,2,20,7,2,9.0,1372000.0,86.0
2025,12,1,1,2,57,1,2,5.0,956000.0,81.0
2025,12,1,1,2,22,1,2,4.0,380000.0,97.0
2025,12,1,1,1,35,1,2,5.0,1642000.0,81.0
2025,12,3,1,2,24,3,1,10.0,2861000.0,82.0
2025,12,2,1,1,37,13,2,5.0,2061000.0,10.0
2025,12,11,1,1,22,7,2,5.0,2106000.0,47.0
2025,12,2,1,2,55,2,2,3.0,199000.0,81.0
2025,12,1,1,2,45,1,2,3.0,829000.0,47.0
2025,12,2,1,2,37,3,1,8.0,1844000.0,86.0
2025,12,1,1,2,47,1,2,10.0,2030000.0,69.0
2025,12,1,1,1,47,1,2,3.0,2449000.0,1.0
2025,12,1,1,2,64,1,3,4.0,1331000.0,56.0
2025,12,4,1,2,27,3,1,10.0,1649000.0,82.0
2025,12,2,1,1,45,2,2,4.0,479000.0,38.0
2025,12,1,1,2,58,1,3,4.0,1327000.0,56.0
2025,12,2,1,1,37,2,2,10.0,3734000.0,86.0
2025,12,1,1,2,45,1,2,6.0,2750000.0,86.0
2025,12,1,1,2,47,1,2,11.0,3144000.0,85.0
2025,12,1,1,1,41,1,2,5.0,1936000.0,47.0
2025,12,1,1,2,58,1,2,3.0,979000.0,47.0
2025,12,1,1,2,74,1,3,1.0,221000.0,47.0
2025,12,1,1,1,26,1,2,5.0,887000.0,49.0
2025,12,1,1,1,56,1,3,4.0,1818000.0,95.0
2025,12,3,1,2,21,3,1,10.0,1819000.0,45.0
2025,12,2,1,2,44,2,2,10.0,11031000.0,86.0
2025,12,2,1,2,30,3,1,8.0,2150000.0,33.0
2025,12,1,1,1,39,1,2,3.0,945000.0,47.0
2025,12,2,1,1,30,3,1,6.0,1999000.0,47.0
2025,12,1,1,1,44,1,3,4.0,2178000.0,45.0
2025,12,1,1,1,44,1,2,5.0,878000.0,47.0
2025,12,2,1,2,27,3,1,10.0,2490000.0,35.0
2025,12,1,1,1,36,1,2,4.0,1704000.0,47.0
2025,12,2,1,2,39,2,3,4.0,1468000.0,15.0
2025,12,2,1,1,23,2,3,5.0,1864000.0,41.0
2025,12,1,1,1,27,1,2,4.0,3161000.0,49.0
2025,12,2,1,2,23,2,2,10.0,1507000.0,86.0
2025,12,1,1,2,36,1,1,10.0,2189000.0,64.0
2025,12,2,1,2,61,2,3,3.0,365000.0,95.0
2025,12,3,1,2,22,7,2,8.0,1432000.0,47.0
2025,12,3,1,1,23,3,1,3.0,2262000.0,1.0
2025,12,1,1,2,79,1,3,3.0,517000.0,96.0
2025,12,2,1,2,39,2,2,10.0,867000.0,85.0
2025,12,2,1,2,66,2,2,5.0,726000.0,47.0
2025,12,1,1,1,27,1,2,6.0,1888000.0,43.0
2025,12,1,1,2,32,1,2,9.0,1490000.0,47.0
2025,12,2,1,2,36,2,2,10.0,1867000.0,64.0
2025,12,1,1,1,29,1,2,5.0,2454000.0,68.0
2025,12,2,1,1,59,2,2,5.0,1683000.0,47.0
2025,12,2,1,2,40,2,2,3.0,373000.0,1.0
2025,12,2,1,1,27,3,1,5.0,2434000.0,38.0
2025,12,3,1,1,64,7,3,10.0,2377000.0,49.0
2025,12,2,1,1,23,2,2,5.0,2121000.0,46.0
2025,12,1,1,2,65,1,3,3.0,1366000.0,47.0
2025,12,1,1,2,37,1,2,4.0,446000.0,92.0
2025,12,2,1,2,32,2,1,9.0,1991000.0,64.0
2025,12,2,1,2,31,2,2,8.0,2364000.0,86.0
2025,12,2,1,2,59,2,3,3.0,344000.0,95.0
2025,12,1,1,1,41,1,2,3.0,1453000.0,1.0
2025,12,4,1,2,43,3,1,5.0,555000.0,81.0
2025,12,1,1,1,35,1,2,5.0,2221000.0,41.0
2025,12,1,1,2,34,1,2,8.0,420000.0,81.0
2025,12,2,1,1,41,2,2,11.0,4003000.0,84.0
2025,12,1,1,2,33,1,1,8.0,1921000.0,56.0
2025,12,3,1,2,23,3,1,5.0,170000.0,1.0
2025,12,4,1,2,30,3,1,5.0,1201000.0,47.0
2025,12,2,1,1,34,3,1,6.0,2594000.0,35.0
2025,12,3,1,1,25,3,1,6.0,1544000.0,56.0
2025,12,1,1,2,52,1,2,8.0,1752000.0,86.0
2025,12,2,1,2,45,2,2,8.0,1600000.0,82.0
2025,12,3,1,2,21,8,2,9.0,0.0,47.0
2025,12,2,1,2,53,2,2,4.0,552000.0,81.0
2025,12,2,1,2,34,2,2,4.0,1297000.0,25.0
2025,12,1,1,2,54,1,2,5.0,1740000.0,86.0
2025,12,1,1,1,56,1,2,5.0,987000.0,49.0
2025,12,1,1,2,30,1,3,5.0,675000.0,56.0
2025,12,4,1,2,41,7,2,5.0,1398000.0,97.0
2025,12,3,1,1,25,13,2,8.0,1755000.0,85.0
2025,12,1,1,2,49,1,3,5.0,682000.0,97.0
2025,12,1,1,2,52,1,2,5.0,0.0,15.0
2025,12,3,1,1,43,3,1,10.0,2295000.0,47.0
2025,12,2,1,2,28,2,1,9.0,2057000.0,47.0
2025,12,1,1,2,50,1,3,3.0,803000.0,47.0
2025,12,5,1,1,32,3,1,1.0,814000.0,47.0
2025,12,1,1,1,48,1,2,4.0,1214000.0,49.0
2025,12,2,1,1,62,2,2,4.0,748000.0,3.0
2025,12,1,1,2,41,1,2,8.0,600000.0,88.0
2025,12,2,1,2,43,2,2,5.0,1656000.0,1.0
2025,12,2,1,2,44,2,2,3.0,100000.0,56.0
2025,12,3,1,2,19,10,2,5.0,949000.0,97.0
2025,12,2,1,1,30,2,2,4.0,2045000.0,56.0
2025,12,2,1,2,32,2,2,8.0,1911000.0,85.0
2025,12,2,1,1,30,3,1,9.0,2236000.0,86.0
2025,12,2,1,2,44,2,2,5.0,2002000.0,68.0
2025,12,1,1,1,39,1,3,8.0,2293000.0,80.0
2025,12,1,1,2,39,1,2,5.0,116000.0,88.0
2025,12,1,1,1,38,1,2,11.0,3908000.0,84.0
2025,12,1,1,2,33,1,2,8.0,1307000.0,86.0
2025,12,2,1,2,57,2,2,8.0,2012000.0,93.0
2025,12,3,1,2,22,3,1,10.0,1476000.0,31.0
2025,12,1,1,1,57,1,3,5.0,2840000.0,49.0
2025,12,2,1,2,48,2,2,4.0,101000.0,97.0
2025,12,1,1,2,42,1,2,4.0,220000.0,10.0
2025,12,1,1,1,29,1,2,4.0,2580000.0,49.0
2025,12,1,1,2,40,1,2,4.0,1072000.0,97.0
2025,12,1,1,1,71,1,3,5.0,1819000.0,49.0
2025,12,1,1,2,31,1,2,5.0,406000.0,96.0
2025,12,2,1,1,31,2,3,3.0,870000.0,41.0
2025,12,2,1,1,36,3,1,4.0,285000.0,38.0
2025,12,1,1,1,42,1,2,5.0,1635000.0,47.0
2025,12,2,1,2,40,2,2,9.0,1400000.0,25.0
2025,12,2,1,1,32,3,1,5.0,2086000.0,45.0
2025,12,3,1,2,52,5,2,5.0,1584000.0,85.0
2025,12,2,1,1,56,2,2,3.0,1489000.0,49.0
2025,12,3,1,1,22,3,1,5.0,685000.0,85.0
2025,12,1,1,1,54,1,2,4.0,1454000.0,56.0
2025,12,1,1,2,49,1,2,8.0,0.0,84.0
2025,12,2,1,1,33,2,3,3.0,456000.0,1.0
2025,12,1,1,2,32,1,2,5.0,1464000.0,42.0
2025,12,1,1,1,53,1,2,5.0,1832000.0,55.0
2025,12,1,1,1,43,1,2,8.0,987000.0,95.0
2025,12,1,1,2,46,1,3,3.0,710000.0,38.0
2025,12,2,1,1,33,2,2,8.0,2192000.0,61.0
2025,12,4,1,2,47,3,1,3.0,1263000.0,81.0
2025,12,1,1,2,44,1,2,8.0,531000.0,47.0
2025,12,4,1,1,56,3,1,5.0,2505000.0,43.0
2025,12,2,1,2,48,2,2,10.0,5076000.0,47.0
2025,12,1,1,2,22,1,2,10.0,1949000.0,10.0
2025,12,2,1,2,58,2,2,4.0,285000.0,97.0
2025,12,1,1,2,41,1,2,5.0,649000.0,56.0
2025,12,3,1,1,35,3,2,4.0,1439000.0,1.0
2025,12,3,1,1,20,3,1,3.0,1305000.0,1.0
2025,12,1,1,2,35,1,2,5.0,1753000.0,47.0
2025,12,1,1,1,22,1,2,5.0,1158000.0,38.0
2025,12,1,1,2,56,1,2,5.0,1045000.0,46.0
2025,12,1,1,1,66,1,2,4.0,1839000.0,47.0
2025,12,2,1,2,37,2,2,8.0,2219000.0,33.0
2025,12,1,1,2,62,1,3,4.0,1597000.0,97.0
2025,12,1,1,1,41,1,2,8.0,1692000.0,90.0
2025,12,2,1,2,36,2,3,5.0,1375000.0,47.0
2025,12,1,1,1,30,1,2,5.0,2974000.0,46.0
2025,12,1,1,1,31,1,2,10.0,1898000.0,47.0
2025,12,1,1,2,30,1,3,10.0,2845000.0,84.0
2025,12,1,1,2,46,1,2,5.0,1109000.0,1.0
2025,12,3,1,2,28,3,1,8.0,1519000.0,47.0
2025,12,1,1,2,23,1,2,10.0,1721000.0,86.0
2025,12,1,1,2,44,1,2,3.0,1110000.0,38.0
2025,12,2,1,2,42,2,2,10.0,1803000.0,42.0
2025,12,3,1,2,65,6,3,4.0,1954000.0,20.0
2025,12,1,1,2,46,1,1,3.0,199000.0,81.0
2025,12,1,1,2,37,1,2,5.0,545000.0,97.0
2025,12,1,1,2,54,1,3,5.0,854000.0,14.0
2025,12,1,1,2,59,1,3,1.0,1076000.0,56.0
2025,12,2,1,1,27,3,2,5.0,1965000.0,47.0
2025,12,1,1,2,34,1,2,1.0,169000.0,81.0
2025,12,5,1,2,34,3,1,11.0,2781000.0,93.0
2025,12,1,1,2,46,1,2,9.0,2957000.0,47.0
2025,12,1,1,2,43,1,2,5.0,6188000.0,47.0
2025,12,3,1,1,59,3,3,5.0,161000.0,38.0
2025,12,1,1,2,45,1,3,3.0,1057000.0,3.0
2025,12,1,1,1,35,1,2,3.0,1530000.0,1.0
2025,12,3,1,1,33,3,1,5.0,1988000.0,47.0
2025,12,1,1,2,49,1,3,3.0,194000.0,81.0
2025,12,1,1,1,58,1,3,5.0,2406000.0,47.0
2025,12,1,1,1,49,1,3,3.0,660000.0,1.0
2025,12,3,1,1,35,3,1,4.0,597000.0,29.0
2025,12,2,1,2,42,2,2,5.0,1307000.0,85.0
2025,12,2,1,2,42,2,2,5.0,2151000.0,46.0
2025,12,2,1,2,21,3,1,5.0,1409000.0,21.0
2025,12,1,1,1,36,1,1,4.0,5223000.0,41.0
2025,12,2,1,2,57,2,3,11.0,5523000.0,85.0
2025,12,2,1,2,26,3,1,10.0,1042000.0,56.0
2025,12,2,1,2,55,2,2,12.0,7150000.0,69.0
2025,12,1,1,2,33,1,2,10.0,2755000.0,47.0
2025,12,2,1,2,47,2,3,5.0,100000.0,47.0
2025,12,2,1,2,36,2,2,4.0,100000.0,16.0
2025,12,2,1,1,65,2,3,3.0,1803000.0,1.0
2025,12,4,1,1,23,6,2,5.0,1936000.0,49.0
2025,12,2,1,1,44,3,2,5.0,1983000.0,41.0
2025,12,1,1,2,47,1,1,5.0,1175000.0,47.0
2025,12,2,1,2,41,2,2,10.0,1237000.0,52.0
2025,12,1,1,2,57,1,2,3.0,1391000.0,1.0
2025,12,1,1,2,50,1,2,4.0,472000.0,81.0
2025,12,1,1,2,56,1,2,3.0,638000.0,56.0
2025,12,1,1,2,54,1,3,5.0,100000.0,56.0
2025,12,2,1,2,51,6,3,3.0,1777000.0,1.0
2025,12,3,1,1,29,3,2,8.0,2632000.0,47.0
2025,12,1,1,1,49,1,2,5.0,1224000.0,95.0
2025,12,1,1,1,47,1,1,10.0,688000.0,56.0
2025,12,4,1,1,24,3,1,5.0,484000.0,10.0
2025,12,2,1,2,48,2,2,13.0,8584000.0,85.0
2025,12,2,1,2,56,2,2,3.0,1589000.0,84.0
2025,12,1,1,2,23,1,2,8.0,585000.0,86.0
2025,12,2,1,1,55,3,1,5.0,2282000.0,96.0
2025,12,1,1,1,42,1,2,5.0,1476000.0,41.0
2025,12,3,1,2,23,3,1,8.0,1237000.0,13.0
2025,12,2,1,2,35,3,1,12.0,4383000.0,84.0
2025,12,2,1,2,75,2,3,3.0,217000.0,56.0
2025,12,4,1,2,25,3,1,8.0,1537000.0,56.0
2025,12,2,1,2,46,2,2,5.0,1266000.0,95.0
2025,12,1,1,2,42,1,2,3.0,1247000.0,14.0
2025,12,2,1,2,28,3,1,10.0,5936000.0,86.0
2025,12,2,1,1,39,2,2,4.0,1808000.0,47.0
2025,12,1,1,1,34,1,2,10.0,6186000.0,84.0
2025,12,1,1,2,31,1,2,10.0,5718000.0,84.0
2025,12,2,1,2,48,2,2,10.0,2563000.0,86.0
2025,12,4,1,2,58,9,3,10.0,3774000.0,85.0
2025,12,2,1,2,19,2,2,4.0,1251000.0,56.0
2025,12,3,1,2,66,13,3,5.0,877000.0,97.0
2025,12,1,1,1,63,1,3,4.0,383000.0,47.0
2025,12,1,1,2,49,1,2,3.0,1316000.0,56.0
2025,12,7,1,1,37,6,3,5.0,1632000.0,35.0
2025,12,2,1,1,19,3,1,8.0,588000.0,56.0
2025,12,1,1,2,69,1,1,3.0,875000.0,56.0
2025,12,1,1,2,45,1,1,8.0,410000.0,96.0
2025,12,1,1,2,34,1,3,3.0,726000.0,97.0
2025,12,2,1,2,47,2,3,4.0,354000.0,47.0
2025,12,2,1,1,34,3,1,10.0,1860000.0,52.0
2025,12,1,1,2,51,1,2,5.0,1348000.0,70.0
2025,12,2,1,1,21,2,2,5.0,1856000.0,41.0
2025,12,2,1,2,49,2,3,5.0,1264000.0,81.0
2025,12,2,1,1,41,2,2,8.0,2367000.0,90.0
2025,12,2,2,1,37,2,2,4.0,1696000.0,47.0
2025,12,2,1,1,25,3,1,4.0,1518000.0,45.0
2025,12,3,1,2,18,3,1,8.0,342000.0,47.0
2025,12,2,1,2,30,2,2,10.0,3624000.0,86.0
2025,12,1,1,2,66,1,3,3.0,193000.0,38.0
2025,12,2,1,2,57,2,2,10.0,2454000.0,86.0
2025,12,1,1,2,44,1,2,5.0,181000.0,47.0
2025,12,1,1,1,65,1,2,12.0,5104000.0,85.0
2025,12,1,1,1,20,1,2,10.0,1518000.0,82.0
2025,12,2,1,2,21,3,1,8.0,710000.0,56.0
2025,12,1,1,1,40,1,2,9.0,4045000.0,5.0
2025,12,4,1,2,19,8,1,5.0,1643000.0,82.0
2025,12,3,1,1,18,3,1,3.0,1089000.0,81.0
2025,12,1,1,1,44,1,2,6.0,710000.0,49.0
2025,12,2,1,1,35,2,2,5.0,2209000.0,1.0
2025,12,1,1,2,52,1,3,5.0,638000.0,97.0
2025,12,5,1,1,27,6,1,9.0,1716000.0,56.0
2025,12,3,1,1,19,3,1,6.0,1851000.0,10.0
2025,12,1,1,1,51,1,2,11.0,8468000.0,84.0
2025,12,1,1,1,58,1,3,3.0,1863000.0,49.0
2025,12,1,1,2,45,1,2,5.0,988000.0,81.0
2025,12,1,1,2,51,1,3,8.0,269000.0,81.0
2025,12,1,1,2,33,1,2,6.0,848000.0,81.0
2025,12,2,1,2,45,3,3,10.0,1628000.0,85.0
2025,12,1,1,2,52,1,2,5.0,1069000.0,56.0
2025,12,1,1,1,49,1,2,5.0,1786000.0,49.0
2025,12,2,1,1,35,2,2,5.0,2314000.0,50.0
2025,12,4,1,2,31,6,2,8.0,1373000.0,47.0
2025,12,1,1,1,34,1,2,5.0,1234000.0,41.0
2025,12,2,1,1,26,3,1,5.0,2345000.0,56.0
2025,12,1,1,1,33,1,2,5.0,2102000.0,45.0
2025,12,3,1,1,52,7,3,5.0,1498000.0,86.0
2025,12,1,1,1,31,1,2,10.0,3412000.0,43.0
2025,12,2,1,2,38,9,2,11.0,5346000.0,85.0
2025,12,2,1,2,37,2,2,5.0,1537000.0,78.0
2025,12,2,1,2,61,2,2,5.0,1032000.0,81.0
2025,12,2,1,1,46,2,2,9.0,2483000.0,53.0
2025,12,1,1,2,45,1,2,4.0,2252000.0,56.0
2025,12,3,1,2,48,4,2,6.0,100000.0,47.0
2025,12,1,1,2,44,1,1,8.0,2382000.0,42.0
2025,12,1,1,1,32,1,2,5.0,592000.0,3.0
2025,12,2,1,1,75,2,3,1.0,2149000.0,1.0
2025,12,1,1,2,66,1,3,3.0,234000.0,10.0
2025,12,1,1,1,30,1,2,5.0,1996000.0,10.0
2025,12,2,1,2,47,2,2,4.0,863000.0,47.0
2025,12,2,1,1,27,3,1,10.0,5027000.0,82.0
2025,12,4,1,1,36,7,2,8.0,3296000.0,84.0
2025,12,2,1,2,35,2,2,5.0,1356000.0,55.0
2025,12,2,1,2,37,2,2,5.0,1087000.0,96.0
2025,12,3,1,2,24,3,1,5.0,1610000.0,56.0
2025,12,1,1,2,18,1,2,3.0,1246000.0,97.0
2025,12,1,1,2,25,1,2,5.0,2886000.0,84.0
2025,12,2,1,2,65,2,3,3.0,650000.0,97.0
2025,12,2,1,2,25,3,1,10.0,2444000.0,46.0
2025,12,2,1,1,75,2,3,3.0,266000.0,1.0
2025,12,1,1,2,31,1,1,5.0,1109000.0,86.0
2025,12,1,1,2,63,1,3,9.0,2442000.0,68.0
2025,12,2,1,2,60,10,3,5.0,1779000.0,97.0
2025,12,4,1,2,60,4,2,4.0,520000.0,97.0
2025,12,2,1,1,40,2,2,4.0,4731000.0,46.0
2025,12,1,1,1,25,1,2,5.0,1823000.0,47.0
2025,12,2,1,2,21,9,2,8.0,1499000.0,47.0
2025,12,3,1,2,29,3,1,5.0,1449000.0,46.0
2025,12,1,1,1,31,1,2,5.0,2150000.0,47.0
2025,12,2,1,2,31,2,2,9.0,1826000.0,82.0
2025,12,1,1,1,48,1,3,10.0,1160000.0,47.0
2025,12,1,1,2,34,1,2,8.0,1204000.0,86.0
2025,12,2,1,2,19,3,1,7.0,599000.0,47.0
2025,12,1,1,2,71,1,3,5.0,1222000.0,47.0
2025,12,3,1,1,54,3,1,3.0,1119000.0,1.0
2025,12,3,1,2,39,6,2,6.0,290000.0,56.0
2025,12,2,1,2,21,2,2,9.0,2179000.0,56.0
2025,12,1,1,1,36,1,2,5.0,2203000.0,47.0
2025,12,1,1,1,30,1,2,1.0,1587000.0,45.0
2025,12,1,1,1,66,1,3,4.0,2690000.0,31.0
2025,12,2,1,2,47,3,1,5.0,883000.0,81.0
2025,12,1,1,2,76,1,3,3.0,103000.0,1.0
2025,12,2,1,1,26,2,2,5.0,1221000.0,45.0
2025,12,2,1,2,30,2,2,11.0,3968000.0,73.0
2025,12,1,1,2,29,1,2,6.0,918000.0,55.0
2025,12,1,1,1,34,1,2,8.0,2026000.0,41.0
2025,12,2,1,2,36,3,1,10.0,1402000.0,42.0
2025,12,3,1,1,42,7,2,5.0,1620000.0,45.0
2025,12,1,1,2,27,1,2,5.0,1678000.0,96.0
2025,12,1,1,2,55,1,2,5.0,3836000.0,85.0
2025,12,2,1,2,44,2,2,3.0,492000.0,97.0
2025,12,2,1,2,42,2,2,5.0,0.0,86.0
2025,12,2,1,1,41,2,2,4.0,284000.0,16.0
2025,12,2,1,1,43,3,1,11.0,5647000.0,71.0
2025,12,4,1,1,27,8,1,10.0,0.0,69.0
2025,12,1,1,1,41,1,2,10.0,2766000.0,52.0
2025,12,1,1,2,61,1,3,11.0,2862000.0,84.0
2025,12,2,1,1,39,2,3,5.0,1166000.0,45.0
2025,12,2,1,2,48,2,1,12.0,4047000.0,85.0
2025,12,1,1,2,55,1,3,9.0,2365000.0,85.0
2025,12,6,1,1,23,3,3,4.0,322000.0,1.0
2025,12,2,1,2,36,2,2,11.0,1133000.0,61.0
2025,12,1,1,2,38,1,2,8.0,246000.0,81.0
2025,12,1,1,1,52,1,2,4.0,3784000.0,22.0
2025,12,1,1,2,32,1,3,4.0,1302000.0,84.0
2025,12,2,1,1,22,3,1,3.0,1457000.0,1.0
2025,12,3,1,2,40,3,1,5.0,868000.0,97.0
2025,12,1,1,2,75,1,3,3.0,189000.0,47.0
2025,12,2,1,2,53,2,2,4.0,545000.0,96.0
2025,12,2,1,2,44,2,3,8.0,922000.0,56.0
2025,12,1,1,2,27,1,2,8.0,1460000.0,86.0
2025,12,1,1,1,40,1,2,12.0,4731000.0,85.0
2025,12,1,1,1,33,1,2,5.0,1738000.0,27.0
2025,12,2,1,1,61,3,1,3.0,2800000.0,49.0
2025,12,2,1,1,32,2,2,6.0,2546000.0,55.0
2025,12,4,1,2,25,3,1,5.0,1175000.0,86.0
2025,12,2,1,1,23,3,1,5.0,1942000.0,23.0
2025,12,2,1,1,23,2,2,1.0,826000.0,1.0
2025,12,4,1,1,32,9,2,10.0,2158000.0,47.0
2025,12,2,1,2,30,2,2,10.0,100000.0,96.0
2025,12,2,1,1,34,2,2,10.0,3380000.0,92.0
2025,12,1,1,2,52,1,3,5.0,1073000.0,56.0
2025,12,1,1,2,58,1,3,4.0,332000.0,56.0
2025,12,1,1,2,29,1,2,3.0,632000.0,81.0
2025,12,1,1,2,48,1,1,1.0,543000.0,43.0
2025,12,1,1,2,54,1,3,5.0,1810000.0,86.0
2025,12,1,1,2,44,1,1,10.0,4815000.0,20.0
2025,12,1,1,2,52,1,2,8.0,933000.0,96.0
2025,12,1,1,1,40,1,2,5.0,1842000.0,47.0
2025,12,1,1,1,36,1,2,5.0,3172000.0,47.0
2025,12,1,1,2,67,1,3,3.0,100000.0,56.0
2025,12,2,1,1,41,3,1,12.0,4581000.0,84.0
2025,12,1,1,1,36,1,2,5.0,1780000.0,47.0
2025,12,2,1,1,33,3,1,5.0,1564000.0,68.0
2025,12,1,1,1,51,1,3,5.0,1729000.0,49.0
2025,12,1,1,1,31,1,2,5.0,2079000.0,84.0
2025,12,2,1,1,38,2,2,5.0,2624000.0,96.0
2025,12,2,1,1,54,13,2,8.0,4267000.0,84.0
2025,12,2,1,2,62,2,3,3.0,174000.0,47.0
2025,12,1,1,2,27,1,2,11.0,3594000.0,84.0
2025,12,1,1,2,37,1,3,5.0,245000.0,81.0
2025,12,3,1,1,67,3,1,5.0,2150000.0,13.0
2025,12,1,1,1,34,1,2,10.0,767000.0,49.0
2025,12,2,1,2,27,2,2,5.0,394000.0,15.0
2025,12,3,1,1,21,3,1,6.0,2352000.0,94.0
2025,12,1,1,1,53,1,3,5.0,2126000.0,31.0
2025,12,2,1,1,34,2,2,5.0,1853000.0,31.0
2025,12,2,1,1,45,2,3,5.0,2402000.0,85.0
2025,12,1,1,2,58,1,3,13.0,8936000.0,85.0
2025,12,1,1,1,18,1,2,5.0,1832000.0,47.0
2025,12,1,1,2,47,1,2,10.0,3044000.0,64.0
2025,12,1,1,2,47,1,2,3.0,758000.0,56.0
2025,12,3,1,2,26,3,1,10.0,1683000.0,80.0
2025,12,2,1,1,34,3,1,8.0,2340000.0,62.0
2025,12,1,1,2,23,1,2,5.0,1243000.0,47.0
2025,12,3,1,1,40,3,1,6.0,171000.0,96.0
2025,12,3,1,1,45,3,1,10.0,4026000.0,77.0
2025,12,1,1,1,29,1,1,5.0,1362000.0,45.0
2025,12,1,1,2,57,1,3,3.0,490000.0,81.0
2025,12,1,1,2,35,1,2,10.0,2782000.0,69.0
2025,12,2,1,1,38,2,2,5.0,986000.0,49.0
2025,12,1,1,2,56,1,3,4.0,178000.0,92.0
2025,12,1,1,2,23,1,2,5.0,148000.0,56.0
2025,12,1,1,1,70,1,3,5.0,161000.0,77.0
2025,12,1,1,2,56,1,2,3.0,158000.0,10.0
2025,12,3,1,1,33,3,1,10.0,2417000.0,71.0
2025,12,2,1,1,29,13,2,5.0,2117000.0,49.0
2025,12,1,1,1,42,1,3,5.0,2705000.0,80.0
2025,12,2,1,1,58,3,1,4.0,1716000.0,96.0
2025,12,2,1,1,43,3,1,10.0,2857000.0,20.0
2025,12,2,1,2,51,2,3,3.0,443000.0,81.0
2025,12,1,1,2,43,1,2,3.0,1162000.0,97.0
2025,12,2,1,2,22,3,1,5.0,1270000.0,47.0
2025,12,1,1,2,47,1,3,11.0,3745000.0,69.0
2025,12,2,1,2,27,2,2,5.0,727000.0,96.0
2025,12,1,1,2,25,1,2,8.0,519000.0,81.0
2025,12,1,1,2,46,1,2,4.0,1434000.0,81.0
2025,12,2,1,2,39,2,2,5.0,1090000.0,47.0
2025,12,1,1,2,47,1,3,10.0,0.0,47.0
2025,12,1,1,1,50,1,3,5.0,1872000.0,85.0
2025,12,7,1,1,41,7,3,5.0,387000.0,1.0
2025,12,1,1,1,61,1,3,3.0,6014000.0,1.0
2025,12,1,1,2,37,1,2,4.0,534000.0,1.0
2025,12,1,1,1,58,1,3,3.0,992000.0,45.0
2025,12,1,1,1,50,1,2,10.0,7528000.0,41.0
2025,12,1,1,1,63,1,3,1.0,681000.0,41.0
2025,12,1,1,1,32,1,2,3.0,2725000.0,1.0
2025,12,1,1,2,49,1,2,9.0,938000.0,47.0
2025,12,1,1,1,72,1,3,1.0,1989000.0,1.0
2025,12,2,3,1,18,2,2,3.0,1476000.0,49.0
2025,12,4,1,2,24,3,1,5.0,1783000.0,84.0
2025,12,2,1,1,57,2,3,3.0,712000.0,47.0
2025,12,4,1,2,21,3,1,10.0,772000.0,47.0
2025,12,2,1,2,35,2,2,11.0,1693000.0,1.0
2025,12,2,1,2,43,2,2,8.0,1382000.0,97.0
2025,12,3,1,1,32,3,1,5.0,3672000.0,1.0
2025,12,1,1,1,32,1,2,5.0,1739000.0,25.0
2025,12,5,1,2,24,6,2,5.0,803000.0,97.0
2025,12,1,1,1,42,1,2,10.0,5158000.0,47.0
2025,12,1,1,1,52,1,2,5.0,1220000.0,10.0
2025,12,2,1,1,39,6,2,8.0,4047000.0,84.0
2025,12,2,2,2,38,6,2,10.0,711000.0,85.0
2025,12,2,1,2,23,2,2,5.0,443000.0,96.0
2025,12,1,2,1,50,1,2,5.0,2015000.0,56.0
2025,12,2,1,1,53,2,3,5.0,2062000.0,10.0
2025,12,2,1,1,52,2,3,3.0,881000.0,1.0
2025,12,1,1,2,32,1,2,5.0,818000.0,56.0
2025,12,1,1,1,31,1,2,4.0,654000.0,95.0
2025,12,2,1,1,39,3,1,4.0,2043000.0,1.0
2025,12,1,1,2,25,1,2,5.0,803000.0,56.0
2025,12,2,1,1,65,2,3,8.0,2700000.0,43.0
2025,12,1,1,1,30,1,2,4.0,1444000.0,41.0
2025,12,1,1,2,63,1,3,3.0,876000.0,38.0
2025,12,4,1,1,24,3,1,5.0,309000.0,1.0
2025,12,2,1,2,39,2,2,8.0,2251000.0,86.0
2025,12,1,1,1,34,1,2,12.0,8402000.0,84.0
2025,12,1,1,1,27,1,2,8.0,1703000.0,47.0
2025,12,1,1,2,46,1,2,8.0,1663000.0,86.0
2025,12,3,1,2,49,3,1,10.0,3161000.0,65.0
2025,12,2,1,2,28,3,1,5.0,773000.0,47.0
2025,12,1,1,2,65,1,3,3.0,1229000.0,97.0
2025,12,3,1,1,43,9,3,4.0,965000.0,42.0
2025,12,1,1,1,39,1,2,11.0,9447000.0,84.0
2025,12,2,1,1,29,3,1,12.0,16310000.0,64.0
2025,12,1,1,1,59,1,3,5.0,2743000.0,86.0
2025,12,2,1,1,53,2,2,3.0,1932000.0,56.0
2025,12,1,1,1,26,1,2,6.0,2244000.0,23.0
2025,12,1,1,1,33,1,3,5.0,1714000.0,45.0
2025,12,2,1,1,30,2,2,5.0,1735000.0,36.0
2025,12,1,1,2,34,1,2,5.0,1543000.0,96.0
2025,12,2,1,2,30,3,1,11.0,5297000.0,86.0
2025,12,1,1,2,49,1,1,10.0,1235000.0,69.0
2025,12,2,1,1,39,2,2,8.0,3267000.0,49.0
2025,12,1,1,1,28,1,2,5.0,3065000.0,42.0
2025,12,1,1,2,67,1,3,10.0,3478000.0,69.0
2025,12,2,1,2,42,2,2,5.0,100000.0,56.0
2025,12,1,1,1,35,1,3,4.0,2497000.0,41.0
2025,12,2,1,2,26,2,2,9.0,1288000.0,82.0
2025,12,3,1,2,25,6,3,10.0,1870000.0,82.0
2025,12,4,1,2,32,7,2,10.0,5664000.0,69.0
2025,12,2,1,2,74,2,3,5.0,1760000.0,47.0
2025,12,1,1,1,31,1,2,3.0,2225000.0,14.0
2025,12,2,1,1,25,2,2,5.0,1902000.0,45.0
2025,12,5,1,2,53,5,1,3.0,2136000.0,15.0
2025,12,1,1,2,62,1,3,1.0,100000.0,96.0
2025,12,6,1,2,53,5,3,4.0,297000.0,81.0
2025,12,1,1,2,54,1,2,5.0,1624000.0,47.0
2025,12,2,1,2,55,2,2,3.0,572000.0,81.0
2025,12,2,1,2,21,3,1,4.0,1076000.0,47.0
2025,12,1,1,2,45,1,3,10.0,3083000.0,84.0
2025,12,2,1,2,30,2,2,5.0,1396000.0,47.0
2025,12,3,1,1,18,3,1,4.0,1225000.0,47.0
2025,12,1,1,2,68,1,3,10.0,1031000.0,68.0
2025,12,1,1,2,56,1,3,10.0,3813000.0,86.0
2025,12,1,1,1,35,1,2,4.0,1189000.0,38.0
2025,12,1,1,2,59,1,3,5.0,1507000.0,81.0
2025,12,2,1,2,51,2,2,3.0,0.0,81.0
2025,12,1,1,2,39,1,2,12.0,4371000.0,85.0
2025,12,1,1,2,31,1,2,5.0,878000.0,81.0
2025,12,2,1,1,22,3,1,3.0,1606000.0,47.0
2025,12,2,1,2,49,2,2,5.0,1242000.0,47.0
2025,12,2,1,1,49,2,2,5.0,2015000.0,49.0
2025,12,1,1,1,33,1,2,11.0,4324000.0,30.0
2025,12,1,1,1,64,1,3,8.0,1403000.0,55.0
2025,12,1,1,1,62,1,2,5.0,1647000.0,41.0
2025,12,1,1,1,32,1,2,5.0,1755000.0,47.0
2025,12,1,1,1,25,1,2,3.0,661000.0,1.0
2025,12,2,1,1,47,2,2,5.0,0.0,80.0
2025,12,2,1,2,70,4,3,3.0,349000.0,96.0
2025,12,2,1,2,36,2,2,8.0,1826000.0,86.0
2025,12,1,1,1,48,1,3,3.0,852000.0,31.0
2025,12,2,1,2,32,9,2,12.0,0.0,85.0
2025,12,1,1,1,55,1,3,3.0,619000.0,1.0
2025,12,3,1,2,26,3,1,8.0,718000.0,56.0
2025,12,1,1,2,41,1,2,5.0,0.0,96.0
2025,12,2,1,1,45,2,3,1.0,980000.0,47.0
2025,12,1,1,1,46,1,3,13.0,8266000.0,85.0
2025,12,1,1,1,59,1,2,4.0,1407000.0,41.0
2025,12,1,1,2,44,1,2,5.0,372000.0,47.0
2025,12,2,1,2,39,2,2,9.0,2352000.0,84.0
2025,12,3,1,1,29,3,1,4.0,1154000.0,47.0
2025,12,1,1,1,55,1,2,5.0,1525000.0,18.0
2025,12,1,1,1,30,1,3,5.0,1700000.0,88.0
2025,12,2,1,1,26,3,1,5.0,1082000.0,56.0
2025,12,3,1,2,18,3,1,5.0,902000.0,47.0
2025,12,1,1,2,39,1,3,10.0,3709000.0,74.0
2025,12,2,1,2,39,3,1,6.0,1150000.0,97.0
2025,12,1,1,1,63,1,3,10.0,2345000.0,95.0
2025,12,1,1,1,57,1,3,4.0,520000.0,41.0
2025,12,1,1,2,56,1,2,5.0,1451000.0,97.0
2025,12,5,1,2,20,9,2,4.0,536000.0,97.0
2025,12,2,1,2,51,2,2,10.0,3882000.0,23.0
2025,12,2,1,2,43,2,2,11.0,4557000.0,86.0
2025,12,1,1,2,51,1,2,5.0,1856000.0,56.0
2025,12,2,1,2,56,2,2,9.0,1792000.0,42.0
2025,12,1,1,2,42,1,2,10.0,4597000.0,46.0
2025,12,2,1,1,28,3,1,11.0,599000.0,69.0
2025,12,1,1,1,55,1,2,3.0,676000.0,49.0
2025,12,1,1,1,35,1,2,8.0,3482000.0,86.0
2025,12,1,1,1,25,1,2,8.0,1274000.0,61.0
2025,12,1,1,2,58,1,3,5.0,100000.0,47.0
2025,12,1,1,1,36,1,2,10.0,3559000.0,25.0
2025,12,1,1,1,57,1,3,13.0,7418000.0,85.0
2025,12,1,1,2,49,1,2,5.0,800000.0,81.0
2025,12,3,1,2,33,3,1,5.0,1308000.0,56.0
2025,12,1,1,1,37,1,2,4.0,1590000.0,41.0
2025,12,3,1,1,20,3,1,5.0,503000.0,56.0
2025,12,4,1,2,34,3,1,9.0,1391000.0,38.0
2025,12,1,1,1,26,1,2,5.0,3162000.0,85.0
2025,12,1,1,2,23,1,2,11.0,4036000.0,85.0
2025,12,3,1,1,31,3,1,5.0,1742000.0,49.0
2025,12,2,1,1,38,3,1,5.0,1043000.0,56.0
2025,12,1,1,1,59,1,2,11.0,15668000.0,86.0
2025,12,2,1,2,40,2,2,4.0,302000.0,56.0
2025,12,1,1,2,38,1,2,4.0,513000.0,88.0
2025,12,1,1,2,62,1,3,5.0,1183000.0,47.0
2025,12,1,1,1,63,1,3,3.0,212000.0,47.0
2025,12,3,1,2,37,3,1,8.0,1926000.0,84.0
2025,12,1,1,1,35,1,3,4.0,1025000.0,13.0
2025,12,3,1,1,45,9,1,5.0,1053000.0,1.0
2025,12,1,1,1,29,1,2,5.0,2378000.0,68.0
2025,12,1,1,1,47,1,3,3.0,1155000.0,1.0
2025,12,1,1,2,47,1,2,4.0,868000.0,97.0
2025,12,2,1,1,31,2,2,5.0,2089000.0,56.0
2025,12,2,1,2,45,2,2,10.0,1998000.0,93.0
2025,12,2,1,2,18,2,2,5.0,299000.0,96.0
2025,12,5,1,1,21,8,1,5.0,1303000.0,47.0
2025,12,1,1,2,60,1,3,3.0,1470000.0,81.0
2025,12,1,1,2,33,1,2,10.0,1713000.0,86.0
2025,12,1,1,1,37,1,2,12.0,10850000.0,85.0
2025,12,3,1,2,27,3,1,10.0,2096000.0,82.0
2025,12,1,1,1,39,1,2,4.0,3771000.0,14.0
2025,12,1,1,2,34,1,3,4.0,1043000.0,47.0
2025,12,3,1,2,47,6,3,5.0,2279000.0,45.0
2025,12,1,1,1,30,1,2,5.0,1703000.0,73.0
2025,12,1,1,1,45,1,3,5.0,4612000.0,10.0
2025,12,1,1,1,44,1,2,6.0,1860000.0,10.0
2025,12,4,1,2,37,3,1,9.0,2307000.0,43.0
2025,12,1,1,1,66,1,3,5.0,4008000.0,45.0
2025,12,1,1,1,54,1,3,3.0,2141000.0,41.0
2025,12,1,1,1,43,1,3,4.0,1623000.0,1.0
2025,12,3,1,1,28,3,1,10.0,3722000.0,84.0
2025,12,3,1,2,21,3,1,10.0,1268000.0,47.0
2025,12,1,1,2,44,1,3,5.0,276000.0,81.0
2025,12,1,1,2,43,1,2,5.0,540000.0,47.0
2025,12,1,1,1,53,1,2,5.0,3255000.0,7.0
2025,12,1,1,1,68,1,3,5.0,2193000.0,45.0
2025,12,2,1,2,41,2,2,11.0,3967000.0,86.0
2025,12,1,1,1,67,1,3,5.0,872000.0,47.0
2025,12,1,1,2,42,1,2,8.0,1452000.0,65.0
2025,12,2,1,2,41,2,3,3.0,0.0,47.0
2025,12,5,1,2,32,3,1,5.0,0.0,81.0
2025,12,5,1,2,29,8,1,5.0,1932000.0,46.0
2025,12,3,1,2,28,3,1,5.0,1791000.0,47.0
2025,12,1,1,2,47,1,2,3.0,1090000.0,56.0
2025,12,1,1,1,73,1,3,3.0,1820000.0,1.0
2025,12,4,1,1,26,3,1,5.0,1598000.0,47.0
2025,12,1,1,2,57,1,1,4.0,0.0,81.0
2025,12,1,1,2,55,1,3,10.0,1055000.0,49.0
2025,12,1,1,2,52,1,3,3.0,819000.0,47.0
2025,12,2,1,1,31,13,2,5.0,2035000.0,56.0
2025,12,2,1,2,44,2,2,5.0,1364000.0,96.0
2025,12,1,1,2,35,1,2,6.0,1564000.0,94.0
2025,12,1,1,1,36,1,2,5.0,2242000.0,1.0
2025,12,4,1,1,31,13,2,9.0,1911000.0,94.0
2025,12,1,1,2,27,1,2,10.0,1195000.0,85.0
2025,12,1,1,1,50,1,2,5.0,2079000.0,18.0
2025,12,1,1,1,41,1,2,5.0,1901000.0,1.0
2025,12,2,1,2,30,3,1,8.0,1031000.0,84.0
2025,12,2,1,2,39,2,2,10.0,3075000.0,86.0
2025,12,1,1,2,50,1,2,4.0,1314000.0,47.0
2025,12,1,1,2,75,1,3,8.0,430000.0,14.0
2025,12,1,1,1,31,1,2,5.0,1922000.0,1.0
2025,12,1,1,1,48,1,3,3.0,887000.0,47.0
2025,12,2,1,2,43,2,2,8.0,620000.0,47.0
2025,12,1,1,2,29,1,2,8.0,1360000.0,86.0
2025,12,4,1,1,28,3,1,5.0,2021000.0,47.0
2025,12,1,1,2,46,1,2,4.0,1330000.0,97.0
2025,12,1,1,2,32,1,2,10.0,1638000.0,82.0
2025,12,3,1,2,23,3,1,10.0,0.0,84.0
2025,12,1,1,1,38,1,2,3.0,730000.0,49.0
2025,12,2,1,1,24,3,1,5.0,3444000.0,52.0
2025,12,3,1,2,22,3,2,5.0,1899000.0,56.0
2025,12,3,1,1,34,3,1,10.0,3058000.0,84.0
2025,12,1,1,1,65,1,2,1.0,857000.0,47.0
2025,12,2,1,1,58,3,1,3.0,216000.0,38.0
2025,12,2,1,2,40,2,2,5.0,480000.0,47.0
2025,12,1,1,1,47,1,2,10.0,1263000.0,56.0
2025,12,2,1,2,50,2,2,5.0,554000.0,61.0
2025,12,1,1,2,36,1,2,3.0,100000.0,38.0
2025,12,3,1,2,32,3,1,10.0,1344000.0,64.0
2025,12,1,1,1,20,1,2,5.0,1908000.0,46.0
2025,12,1,1,1,44,1,2,3.0,1370000.0,1.0
2025,12,1,1,1,65,1,3,6.0,5968000.0,60.0
2025,12,3,1,1,26,3,1,3.0,1971000.0,1.0
2025,12,2,1,1,42,3,1,3.0,1081000.0,1.0
2025,12,1,1,2,25,1,2,10.0,4048000.0,86.0
2025,12,2,1,1,22,2,2,5.0,1474000.0,1.0
2025,12,3,1,1,19,3,1,5.0,1750000.0,1.0
2025,12,1,1,2,39,1,2,5.0,1685000.0,47.0
2025,12,1,1,2,63,1,3,3.0,261000.0,56.0
2025,12,3,1,1,25,3,1,10.0,3001000.0,88.0
2025,12,1,1,2,49,1,3,3.0,1388000.0,81.0
2025,12,2,1,1,41,2,2,3.0,903000.0,52.0
2025,12,4,1,2,49,9,1,8.0,2106000.0,86.0
2025,12,3,1,1,50,3,1,10.0,1195000.0,14.0
2025,12,1,1,2,30,1,2,12.0,2385000.0,86.0
2025,12,2,1,1,31,3,1,5.0,1694000.0,41.0
2025,12,2,1,2,53,2,3,8.0,1809000.0,97.0
2025,12,1,1,2,23,1,2,5.0,2638000.0,14.0
2025,12,1,1,2,59,1,3,11.0,9285000.0,84.0
2025,12,1,1,1,49,1,2,3.0,1677000.0,32.0
2025,12,2,1,2,40,2,2,5.0,1241000.0,33.0
2025,12,2,1,2,43,2,2,12.0,5172000.0,85.0
2025,12,1,1,2,62,1,3,3.0,1448000.0,14.0
2025,12,2,1,2,29,2,2,10.0,1470000.0,84.0
2025,12,1,1,1,72,1,3,3.0,643000.0,47.0
2025,12,2,1,2,32,2,2,8.0,1811000.0,46.0
2025,12,2,1,1,34,2,2,3.0,2779000.0,96.0
2025,12,2,1,1,29,3,1,5.0,0.0,47.0
2025,12,2,1,2,24,2,2,10.0,881000.0,84.0
2025,12,3,1,1,19,8,2,5.0,749000.0,77.0
2025,12,2,1,1,54,3,1,9.0,2459000.0,61.0
2025,12,1,1,1,50,1,2,9.0,3254000.0,79.0
2025,12,1,1,2,38,1,3,5.0,2007000.0,14.0
2025,12,4,1,2,44,7,3,5.0,1094000.0,47.0
2025,12,2,1,2,26,2,2,5.0,1765000.0,43.0
2025,12,2,1,1,23,2,2,4.0,786000.0,1.0
2025,12,3,1,2,20,3,1,8.0,342000.0,81.0
2025,12,1,1,2,49,1,2,10.0,1084000.0,14.0
2025,12,3,1,2,59,10,3,3.0,796000.0,97.0
2025,12,1,1,2,66,1,3,3.0,1139000.0,97.0
2025,12,1,3,1,22,1,2,10.0,1982000.0,14.0
2025,12,2,1,2,27,2,2,10.0,2936000.0,86.0
2025,12,1,1,1,32,1,2,5.0,132000.0,56.0
2025,12,7,1,2,39,7,2,8.0,3527000.0,88.0
2025,12,2,1,2,38,2,2,5.0,827000.0,97.0
2025,12,1,1,2,57,1,3,1.0,188000.0,47.0
2025,12,1,1,1,38,1,2,10.0,2765000.0,79.0
2025,12,1,1,2,28,1,2,10.0,0.0,10.0
2025,12,1,1,2,56,1,3,5.0,1037000.0,14.0
2025,12,1,1,2,36,1,3,9.0,1854000.0,86.0
2025,12,2,1,1,26,3,1,5.0,423000.0,96.0
2025,12,4,1,2,26,6,2,5.0,0.0,97.0
2025,12,1,1,1,56,1,3,4.0,1812000.0,56.0
2025,12,1,1,1,42,1,2,10.0,7314000.0,94.0
2025,12,2,1,1,38,2,2,5.0,1619000.0,31.0
2025,12,3,1,2,28,7,2,10.0,370000.0,47.0
2025,12,1,1,1,32,1,2,8.0,1856000.0,61.0
2025,12,1,1,1,55,1,3,3.0,1533000.0,2.0
2025,12,1,1,1,24,1,2,5.0,1732000.0,56.0
2025,12,2,1,1,79,2,3,3.0,1236000.0,16.0
2025,12,3,1,2,35,3,1,5.0,1615000.0,47.0
2025,12,2,1,2,29,2,2,5.0,1354000.0,47.0
2025,12,2,1,2,29,2,2,5.0,100000.0,64.0
2025,12,1,1,2,31,1,2,10.0,1686000.0,96.0
2025,12,2,1,1,50,2,2,3.0,1919000.0,49.0
2025,12,3,1,2,44,3,1,5.0,892000.0,56.0
2025,12,2,1,2,44,3,1,4.0,550000.0,97.0
2025,12,3,1,2,33,3,1,9.0,845000.0,47.0
2025,12,3,1,2,34,3,1,8.0,1517000.0,86.0
2025,12,3,1,2,35,3,1,8.0,1494000.0,1.0
2025,12,1,1,2,42,1,2,8.0,1220000.0,47.0
2025,12,1,1,1,69,1,2,3.0,1768000.0,95.0
2025,12,3,1,1,29,3,1,5.0,857000.0,1.0
2025,12,1,1,1,64,1,3,3.0,2017000.0,25.0
2025,12,1,1,2,47,1,2,4.0,150000.0,56.0
2025,12,1,1,1,56,1,3,3.0,2112000.0,1.0
2025,12,4,1,2,27,8,1,5.0,729000.0,1.0
2025,12,1,1,1,54,1,2,1.0,2121000.0,1.0
2025,12,1,1,1,60,1,3,3.0,2129000.0,47.0
2025,12,3,1,1,25,3,1,5.0,808000.0,47.0
2025,12,2,1,1,65,2,3,3.0,1501000.0,49.0
2025,12,2,1,2,30,9,2,8.0,1450000.0,75.0
2025,12,1,1,2,43,1,1,11.0,2978000.0,69.0
2025,12,1,1,2,44,1,2,4.0,409000.0,56.0
2025,12,3,1,2,23,3,1,9.0,1806000.0,64.0
2025,12,3,1,2,46,3,1,10.0,1411000.0,47.0
2025,12,1,1,2,63,1,2,5.0,818000.0,47.0
2025,12,2,1,1,60,2,3,5.0,2609000.0,47.0
2025,12,2,1,1,50,2,2,5.0,2088000.0,94.0
2025,12,5,1,2,44,10,2,4.0,2068000.0,97.0
2025,12,1,1,2,41,1,2,4.0,184000.0,56.0
2025,12,2,1,1,41,3,1,3.0,603000.0,41.0
2025,12,2,1,1,34,2,3,5.0,1746000.0,1.0
2025,12,1,1,1,68,1,3,5.0,967000.0,1.0
2025,12,1,1,2,77,1,3,1.0,458000.0,96.0
2025,12,1,1,1,56,1,2,11.0,2188000.0,46.0
2025,12,1,1,1,73,1,3,3.0,1820000.0,68.0
2025,12,6,1,2,22,6,2,5.0,230000.0,47.0
2025,12,1,1,2,31,1,2,8.0,151000.0,97.0
2025,12,1,1,2,62,1,2,3.0,223000.0,47.0
2025,12,1,1,2,41,1,2,3.0,397000.0,56.0
2025,12,1,1,2,37,1,2,5.0,846000.0,46.0
2025,12,1,1,1,68,1,3,9.0,5053000.0,84.0
2025,12,1,1,2,49,1,2,4.0,1869000.0,96.0
2025,12,2,1,2,39,2,2,10.0,7966000.0,86.0
2025,12,1,1,1,46,1,2,5.0,1706000.0,1.0
2025,12,1,1,2,31,1,2,3.0,1061000.0,31.0
2025,12,1,1,1,33,1,2,5.0,1726000.0,46.0
2025,12,1,1,2,28,1,2,8.0,667000.0,64.0
2025,12,2,1,1,26,2,2,5.0,2227000.0,82.0
2025,12,1,1,1,45,1,2,5.0,3902000.0,47.0
2025,12,1,1,2,38,1,2,12.0,4323000.0,84.0
2025,12,1,1,1,24,1,2,10.0,1887000.0,93.0
2025,12,2,1,2,51,2,3,5.0,983000.0,47.0
2025,12,2,1,2,33,3,1,10.0,7625000.0,69.0
2025,12,2,1,1,49,2,3,8.0,4317000.0,30.0
2025,12,2,1,2,42,3,1,5.0,657000.0,81.0
2025,12,2,1,2,31,2,2,10.0,3450000.0,85.0
2025,12,1,1,2,56,1,2,4.0,393000.0,10.0
2025,12,2,1,2,53,2,3,5.0,732000.0,47.0
2025,12,1,1,2,56,1,3,3.0,829000.0,56.0
2025,12,3,1,1,36,7,3,3.0,1579000.0,1.0
2025,12,1,1,1,71,1,2,10.0,4580000.0,84.0
2025,12,3,1,1,22,3,1,5.0,1933000.0,47.0
2025,12,1,1,2,45,1,3,8.0,1505000.0,86.0
2025,12,3,1,2,24,3,1,10.0,1419000.0,42.0
2025,12,3,1,2,33,3,1,5.0,235000.0,1.0
2025,12,1,1,1,62,1,3,1.0,1629000.0,47.0
2025,12,2,1,1,31,2,2,4.0,2311000.0,49.0
2025,12,4,1,2,31,3,1,5.0,1202000.0,10.0
2025,12,1,1,1,36,1,3,9.0,2284000.0,46.0
2025,12,3,1,1,59,3,1,5.0,666000.0,41.0
2025,12,2,1,2,42,2,2,8.0,1019000.0,96.0
2025,12,1,1,1,21,1,2,11.0,1922000.0,86.0
2025,12,4,1,2,30,7,2,10.0,1834000.0,47.0
2025,12,1,1,2,36,1,2,8.0,1167000.0,86.0
2025,12,2,1,1,55,2,2,3.0,1029000.0,41.0
2025,12,1,1,2,30,1,2,5.0,2005000.0,47.0
2025,12,4,1,2,31,9,2,5.0,1436000.0,56.0
2025,12,3,1,2,42,3,1,10.0,231000.0,47.0
2025,12,1,1,2,40,1,2,8.0,1026000.0,47.0
2025,12,1,1,1,67,1,3,5.0,4050000.0,85.0
2025,12,1,1,1,23,1,2,5.0,1995000.0,56.0
2025,12,2,1,2,26,2,2,5.0,2895000.0,84.0
2025,12,1,1,2,19,1,2,5.0,0.0,10.0
2025,12,2,1,1,69,2,3,1.0,417000.0,38.0
2025,12,1,1,1,31,1,2,5.0,560000.0,49.0
2025,12,1,1,1,54,1,2,3.0,1869000.0,1.0
2025,12,1,1,1,37,1,1,5.0,1854000.0,86.0
2025,12,1,1,2,40,1,2,3.0,813000.0,97.0
2025,12,1,1,1,52,1,2,5.0,3207000.0,80.0
2025,12,2,1,1,35,2,3,5.0,1271000.0,56.0
2025,12,3,1,1,51,6,3,3.0,1566000.0,27.0
2025,12,4,1,1,22,3,1,6.0,2086000.0,56.0
2025,12,1,1,1,29,1,2,5.0,2228000.0,41.0
2025,12,1,1,1,45,1,2,12.0,5523000.0,43.0
2025,12,3,1,2,24,3,1,12.0,3332000.0,85.0
2025,12,4,1,1,47,3,1,5.0,1743000.0,33.0
2025,12,2,1,2,49,2,2,5.0,180000.0,56.0
2025,12,4,1,2,39,3,1,5.0,1524000.0,1.0
2025,12,2,1,2,60,2,2,5.0,336000.0,95.0
2025,12,1,1,1,54,1,2,3.0,0.0,41.0
2025,12,1,1,2,42,1,3,10.0,3818000.0,84.0
2025,12,1,1,2,31,1,2,10.0,1477000.0,86.0
2025,12,1,1,1,25,1,2,10.0,2388000.0,47.0
2025,12,1,1,2,39,1,2,3.0,1391000.0,97.0
2025,12,1,1,1,30,1,3,4.0,1555000.0,77.0
2025,12,3,1,1,57,3,1,3.0,1524000.0,43.0
2025,12,1,1,1,46,1,2,3.0,2256000.0,47.0
2025,12,1,1,2,25,1,3,5.0,1342000.0,86.0
2025,12,1,1,2,39,1,2,12.0,12422000.0,32.0
2025,12,2,1,1,62,2,3,3.0,599000.0,1.0
2025,12,1,1,1,60,1,2,5.0,1500000.0,45.0
2025,12,1,1,2,30,1,2,6.0,1166000.0,47.0
2025,12,1,1,2,60,1,2,5.0,0.0,96.0
2025,12,1,1,2,46,1,2,4.0,853000.0,97.0
2025,12,1,1,1,27,1,2,10.0,6099000.0,74.0
2025,12,1,1,1,32,1,2,8.0,2366000.0,53.0
2025,12,1,1,1,38,1,3,10.0,1641000.0,85.0
2025,12,2,1,2,35,2,2,8.0,1202000.0,79.0
2025,12,2,1,2,33,2,2,5.0,1429000.0,10.0
2025,12,1,1,2,54,1,2,3.0,232000.0,81.0
2025,12,1,1,1,52,1,3,11.0,5639000.0,85.0
2025,12,1,1,1,43,1,2,5.0,2713000.0,38.0
2025,12,3,1,1,29,3,1,10.0,2421000.0,62.0
2025,12,2,1,1,66,2,2,5.0,1491000.0,47.0
2025,12,1,1,2,51,1,2,3.0,1186000.0,45.0
2025,12,1,1,2,33,1,3,10.0,3905000.0,85.0
2025,12,1,1,2,25,1,2,8.0,1830000.0,64.0
2025,12,1,1,2,42,1,2,4.0,528000.0,47.0
2025,12,2,1,1,35,2,2,3.0,1597000.0,43.0
2025,12,2,1,2,50,2,2,3.0,626000.0,56.0
2025,12,1,1,1,42,1,2,3.0,259000.0,49.0
2025,12,1,1,2,29,1,2,8.0,1313000.0,56.0
2025,12,2,1,2,39,2,2,10.0,14859000.0,71.0
2025,12,4,1,1,75,4,3,3.0,132000.0,47.0
2025,12,1,1,2,40,1,2,10.0,3659000.0,85.0
2025,12,2,1,1,62,2,3,1.0,727000.0,45.0
2025,12,2,1,1,36,2,2,4.0,1070000.0,45.0
2025,12,1,1,2,32,1,2,5.0,1016000.0,47.0
2025,12,2,1,1,53,3,1,3.0,2369000.0,1.0
2025,12,2,1,2,51,4,3,5.0,1108000.0,81.0
2025,12,1,1,1,53,1,3,6.0,2221000.0,25.0
2025,12,2,1,1,51,2,2,11.0,4967000.0,84.0
2025,12,2,1,2,49,2,2,5.0,1392000.0,81.0
2025,12,1,1,2,45,1,2,5.0,1272000.0,47.0
2025,12,2,1,1,31,13,2,11.0,1992000.0,45.0
2025,12,2,1,1,33,2,2,4.0,1756000.0,95.0
2025,12,3,1,1,58,6,3,3.0,1758000.0,1.0
2025,12,4,1,2,56,4,2,3.0,1105000.0,56.0
2025,12,2,1,2,26,2,2,5.0,1434000.0,56.0
2025,12,2,1,1,18,3,1,5.0,147000.0,52.0
2025,12,2,1,2,46,2,2,8.0,1603000.0,86.0
2025,12,2,1,2,54,2,2,12.0,8116000.0,84.0
2025,12,2,1,2,32,3,1,8.0,3699000.0,45.0
2025,12,1,1,2,48,1,2,4.0,1089000.0,56.0
2025,12,2,1,2,53,2,2,5.0,1344000.0,86.0
2025,12,1,1,1,33,1,2,5.0,1152000.0,77.0
2025,12,1,1,2,45,1,2,3.0,1581000.0,56.0
2025,12,2,1,2,37,13,2,5.0,1866000.0,10.0
2025,12,1,1,2,48,1,3,3.0,620000.0,81.0
2025,12,1,1,2,45,1,3,10.0,3668000.0,47.0
2025,12,2,1,1,37,8,2,5.0,1965000.0,31.0
2025,12,2,1,1,38,2,3,10.0,3043000.0,32.0
2025,12,5,1,1,31,3,1,9.0,2210000.0,61.0
2025,12,1,1,1,54,1,2,3.0,1064000.0,1.0
2025,12,2,1,1,28,3,1,5.0,1737000.0,10.0
2025,12,2,1,1,56,2,3,3.0,1599000.0,41.0
2025,12,2,1,2,43,2,2,11.0,3014000.0,86.0
2025,12,1,1,1,45,1,3,13.0,9808000.0,85.0
2025,12,1,1,2,56,1,2,8.0,420000.0,81.0
2025,12,1,1,2,53,1,3,5.0,781000.0,56.0
2025,12,1,1,1,26,1,2,5.0,2709000.0,31.0
2025,12,1,1,2,43,1,2,10.0,3179000.0,84.0
2025,12,1,1,1,71,1,3,1.0,448000.0,8.0
2025,12,1,1,2,41,1,1,3.0,657000.0,1.0
2025,12,1,1,1,63,1,3,11.0,8968000.0,85.0
2025,12,5,1,2,21,7,2,8.0,1713000.0,47.0
2025,12,2,1,2,32,2,2,11.0,8537000.0,35.0
2025,12,2,1,2,53,2,2,3.0,100000.0,47.0
2025,12,2,1,2,29,2,2,9.0,1774000.0,47.0
2025,12,1,1,2,27,1,2,5.0,1492000.0,56.0
2025,12,1,1,1,35,1,2,9.0,2222000.0,49.0
2025,12,2,1,2,36,2,2,5.0,384000.0,64.0
2025,12,1,1,1,42,1,2,12.0,1697000.0,85.0
2025,12,2,1,1,28,3,1,8.0,1750000.0,86.0
2025,12,1,1,1,29,1,2,4.0,2429000.0,56.0
2025,12,1,1,2,39,1,2,10.0,1348000.0,47.0
2025,12,1,1,2,58,1,3,5.0,409000.0,14.0
2025,12,3,1,2,20,3,1,10.0,1549000.0,47.0
2025,12,2,1,1,34,2,2,5.0,1856000.0,46.0
2025,12,2,1,2,26,2,2,4.0,1493000.0,56.0
2025,12,2,1,2,46,2,2,8.0,1850000.0,86.0
2025,12,2,1,2,26,13,2,10.0,704000.0,56.0
2025,12,2,1,2,31,2,2,10.0,2034000.0,35.0
2025,12,3,1,1,20,3,1,8.0,1240000.0,41.0
2025,12,2,1,2,18,6,2,5.0,1515000.0,56.0
2025,12,1,1,2,51,1,3,5.0,352000.0,82.0
2025,12,1,1,1,41,1,3,3.0,1806000.0,41.0
2025,12,1,1,2,32,1,2,9.0,406000.0,96.0
2025,12,1,1,2,27,1,2,11.0,1223000.0,69.0
2025,12,1,1,2,60,1,2,8.0,1434000.0,86.0
2025,12,1,1,1,61,1,2,3.0,575000.0,49.0
2025,12,1,1,2,45,1,2,5.0,813000.0,97.0
2025,12,2,1,2,44,2,2,8.0,518000.0,96.0
2025,12,2,1,1,46,3,1,6.0,1539000.0,49.0
2025,12,2,1,1,19,3,1,5.0,1395000.0,49.0
2025,12,2,1,2,48,2,2,5.0,347000.0,86.0
2025,12,1,1,2,39,1,2,5.0,1589000.0,81.0
2025,12,1,1,1,37,1,2,8.0,1700000.0,56.0
2025,12,2,1,2,34,2,2,5.0,920000.0,56.0
2025,12,1,1,2,26,1,2,5.0,1098000.0,96.0
2025,12,2,1,1,30,2,2,5.0,1741000.0,49.0
2025,12,1,1,2,54,1,2,6.0,1697000.0,14.0
2025,12,2,1,2,28,2,2,10.0,3025000.0,41.0
2025,12,1,1,2,30,1,1,10.0,272000.0,96.0
2025,12,1,1,1,45,1,2,8.0,1276000.0,45.0
2025,12,3,1,2,22,3,1,9.0,524000.0,56.0
2025,12,2,1,2,41,2,2,5.0,1771000.0,55.0
2025,12,2,1,2,27,3,1,10.0,2920000.0,94.0
2025,12,1,1,2,27,1,2,12.0,2481000.0,86.0
2025,12,1,1,1,38,1,3,5.0,5057000.0,46.0
2025,12,1,1,2,45,1,3,4.0,539000.0,81.0
2025,12,1,1,1,59,1,2,3.0,2240000.0,49.0
2025,12,1,1,2,43,1,2,6.0,850000.0,97.0
2025,12,1,1,1,40,1,1,10.0,2956000.0,42.0
2025,12,1,1,2,29,1,2,9.0,447000.0,96.0
2025,12,2,1,2,58,2,3,10.0,4416000.0,84.0
2025,12,1,1,2,40,1,2,3.0,1814000.0,96.0
2025,12,2,1,2,34,2,2,8.0,1353000.0,47.0
2025,12,2,1,1,35,2,2,5.0,20800000.0,56.0
2025,12,1,1,1,49,1,2,5.0,1874000.0,70.0
2025,12,2,1,1,36,3,1,8.0,3116000.0,43.0
2025,12,2,1,1,33,3,1,10.0,2330000.0,96.0
2025,12,1,1,2,50,1,2,10.0,3059000.0,85.0
2025,12,2,1,2,57,2,2,8.0,1333000.0,47.0
2025,12,2,1,2,47,10,2,5.0,2142000.0,97.0
2025,12,2,1,2,24,3,1,10.0,2771000.0,84.0
2025,12,2,1,2,30,2,2,3.0,217000.0,56.0
2025,12,2,1,1,40,2,2,4.0,1304000.0,46.0
2025,12,4,1,2,42,3,1,8.0,3165000.0,86.0
2025,12,2,1,1,56,2,3,4.0,1093000.0,49.0
2025,12,2,1,2,41,2,2,10.0,4677000.0,84.0
2025,12,1,1,2,38,1,3,5.0,1498000.0,68.0
2025,12,1,1,2,50,1,1,3.0,1089000.0,56.0
2025,12,1,1,1,39,1,2,10.0,8191000.0,10.0
2025,12,2,1,1,35,2,2,9.0,1976000.0,29.0
2025,12,2,1,2,20,3,1,9.0,1554000.0,85.0
2025,12,2,1,2,58,2,2,4.0,1370000.0,94.0
2025,12,1,1,1,46,1,2,5.0,1568000.0,23.0
2025,12,1,1,1,35,1,2,5.0,3480000.0,47.0
2025,12,10,1,1,39,9,2,5.0,2980000.0,45.0
2025,12,1,1,1,56,1,2,3.0,2143000.0,1.0
2025,12,2,1,1,40,2,2,5.0,1734000.0,41.0
2025,12,1,1,2,26,1,1,9.0,1760000.0,47.0
2025,12,2,1,2,48,2,2,11.0,3775000.0,68.0
2025,12,1,1,2,64,1,3,3.0,263000.0,13.0
2025,12,1,1,1,37,1,2,5.0,709000.0,46.0
2025,12,1,1,1,30,1,2,5.0,294000.0,1.0
2025,12,1,1,2,25,1,2,9.0,1732000.0,82.0
2025,12,1,1,1,40,1,2,10.0,3724000.0,65.0
2025,12,3,1,1,18,3,1,5.0,479000.0,10.0
2025,12,1,1,1,44,1,3,5.0,1556000.0,49.0
2025,12,1,1,2,49,1,2,5.0,869000.0,47.0
2025,12,1,1,2,40,1,2,10.0,0.0,55.0
2025,12,2,1,2,26,2,2,10.0,3505000.0,10.0
2025,12,1,1,1,63,1,2,10.0,2847000.0,64.0
2025,12,1,1,2,45,1,2,5.0,1028000.0,81.0
2025,12,3,1,1,21,9,2,8.0,2282000.0,61.0
2025,12,2,1,2,34,3,1,6.0,1781000.0,68.0
2025,12,3,1,2,32,3,1,10.0,2982000.0,53.0
2025,12,2,1,2,40,2,2,8.0,1365000.0,47.0
2025,12,1,1,2,54,1,2,3.0,697000.0,81.0
2025,12,2,1,1,34,2,2,8.0,1760000.0,86.0
2025,12,2,1,2,40,2,2,8.0,1084000.0,86.0
2025,12,3,1,1,20,3,1,5.0,1025000.0,49.0
2025,12,3,1,1,22,3,1,10.0,1977000.0,47.0
2025,12,2,1,2,47,2,2,8.0,1758000.0,47.0
2025,12,4,1,2,18,3,1,8.0,1644000.0,73.0
2025,12,5,1,1,29,7,2,5.0,1960000.0,31.0
2025,12,2,1,2,44,2,2,5.0,991000.0,55.0
2025,12,2,1,2,27,2,2,8.0,1639000.0,86.0
2025,12,2,1,1,36,2,2,5.0,773000.0,49.0
2025,12,1,1,1,26,1,2,5.0,2484000.0,84.0
2025,12,1,1,2,48,1,2,8.0,661000.0,97.0
2025,12,2,1,2,50,2,2,10.0,2045000.0,11.0
2025,12,1,1,2,42,1,2,8.0,1669000.0,47.0
2025,12,2,1,1,53,3,1,5.0,2394000.0,1.0
2025,12,2,1,2,70,6,2,3.0,1740000.0,14.0
2025,12,1,1,2,33,1,2,11.0,0.0,85.0
2025,12,1,1,2,27,1,2,5.0,786000.0,47.0
2025,12,1,1,2,43,1,3,5.0,1715000.0,47.0
2025,12,1,1,1,38,1,2,5.0,4441000.0,9.0
2025,12,1,1,1,21,1,2,5.0,1309000.0,96.0
2025,12,2,1,2,25,3,1,5.0,1334000.0,47.0
2025,12,2,1,1,22,2,2,5.0,1512000.0,41.0
2025,12,1,1,1,52,1,2,8.0,0.0,49.0
2025,12,1,1,1,58,1,2,5.0,2429000.0,49.0
2025,12,1,1,1,61,1,2,3.0,1056000.0,49.0
2025,12,6,1,2,27,3,1,10.0,456000.0,49.0
2025,12,1,1,1,38,1,2,11.0,16999000.0,45.0
2025,12,3,1,1,38,3,1,5.0,2209000.0,13.0
2025,12,1,1,1,60,1,2,3.0,1363000.0,47.0
2025,12,1,1,1,68,1,3,11.0,3872000.0,71.0
2025,12,1,1,1,25,1,2,5.0,1587000.0,49.0
2025,12,1,1,2,63,1,3,3.0,100000.0,56.0
2025,12,2,1,1,28,3,1,4.0,1194000.0,46.0
2025,12,2,1,1,22,3,1,5.0,371000.0,45.0
2025,12,2,1,2,23,2,2,10.0,1857000.0,46.0
2025,12,2,1,2,38,2,2,5.0,1838000.0,46.0
2025,12,2,1,1,34,9,2,3.0,297000.0,56.0
2025,12,3,1,1,39,3,1,3.0,368000.0,56.0
2025,12,1,1,1,43,1,2,10.0,6288000.0,22.0
2025,12,1,1,1,51,1,3,9.0,3123000.0,42.0
2025,12,1,1,1,55,1,3,5.0,1660000.0,27.0
2025,12,2,1,2,61,3,1,4.0,507000.0,97.0
2025,12,1,1,1,54,1,2,5.0,4449000.0,56.0
2025,12,1,1,2,65,1,3,3.0,1201000.0,81.0
2025,12,2,1,2,46,2,2,10.0,0.0,41.0
2025,12,1,1,1,48,1,2,5.0,3926000.0,80.0
2025,12,4,1,2,21,3,1,10.0,631000.0,47.0
2025,12,2,1,1,54,2,2,3.0,1870000.0,49.0
2025,12,1,1,2,64,1,3,3.0,453000.0,47.0
2025,12,3,1,1,23,3,2,5.0,1572000.0,49.0
2025,12,1,1,2,39,1,2,4.0,0.0,47.0
2025,12,1,1,2,38,1,2,5.0,1874000.0,56.0
2025,12,2,1,2,33,2,2,3.0,917000.0,97.0
2025,12,1,1,1,49,1,2,11.0,6920000.0,75.0
2025,12,2,1,1,27,2,2,5.0,1654000.0,49.0
2025,12,1,1,2,63,1,3,3.0,529000.0,81.0
2025,12,1,1,1,62,1,2,1.0,1488000.0,1.0
2025,12,3,1,2,23,3,1,10.0,1729000.0,62.0
2025,12,1,1,2,42,1,2,1.0,1112000.0,41.0
2025,12,1,1,1,64,1,1,4.0,808000.0,95.0
2025,12,1,1,1,64,1,2,3.0,1002000.0,47.0
2025,12,1,1,1,32,1,2,5.0,1799000.0,82.0
2025,12,2,1,1,33,3,1,5.0,2249000.0,10.0
2025,12,1,1,2,50,1,3,11.0,7115000.0,85.0
2025,12,1,1,2,67,1,3,1.0,207000.0,15.0
2025,12,4,1,1,31,6,2,5.0,1903000.0,41.0
2025,12,1,1,1,39,1,2,9.0,0.0,46.0
2025,12,2,1,2,46,2,2,1.0,100000.0,15.0
2025,12,2,1,2,40,2,2,10.0,2337000.0,88.0
2025,12,1,1,2,50,1,2,10.0,7837000.0,1.0
2025,12,1,1,1,54,1,3,3.0,2551000.0,10.0
2025,12,4,1,1,34,3,1,8.0,1395000.0,43.0
2025,12,2,1,2,19,2,2,5.0,252000.0,56.0
2025,12,3,1,1,31,3,1,5.0,2065000.0,41.0
2025,12,1,1,1,39,1,2,9.0,705000.0,49.0
2025,12,2,1,2,44,2,2,5.0,1345000.0,61.0
2025,12,1,1,2,69,1,3,3.0,784000.0,14.0
2025,12,1,1,1,36,1,2,5.0,1932000.0,22.0
2025,12,3,1,2,34,3,1,5.0,806000.0,56.0
2025,12,3,1,1,22,3,1,10.0,3638000.0,45.0
2025,12,4,1,2,78,9,3,3.0,484000.0,14.0
2025,12,1,1,2,24,1,2,8.0,1556000.0,86.0
2025,12,1,1,2,73,1,3,3.0,513000.0,38.0
2025,12,1,1,2,42,1,2,9.0,1767000.0,47.0
2025,12,1,1,2,51,1,3,8.0,1455000.0,84.0
2025,12,1,1,1,51,1,3,12.0,6215000.0,85.0
2025,12,1,2,1,68,1,3,3.0,1693000.0,43.0
2025,12,1,1,1,35,1,2,5.0,4851000.0,96.0
2025,12,3,1,2,22,6,2,5.0,407000.0,97.0
2025,12,1,1,2,41,1,2,10.0,2083000.0,10.0
2025,12,3,1,1,40,3,1,5.0,1652000.0,41.0
2025,12,1,1,1,49,1,2,5.0,2486000.0,68.0
2025,12,1,1,2,64,1,3,5.0,100000.0,13.0
2025,12,2,1,2,49,2,3,3.0,625000.0,81.0
2025,12,1,1,1,44,1,2,5.0,3635000.0,94.0
2025,12,2,1,1,34,2,2,3.0,1686000.0,23.0
2025,12,2,1,2,25,3,1,10.0,3457000.0,73.0
2025,12,3,1,1,23,3,1,9.0,2713000.0,93.0
2025,12,1,1,1,57,1,3,3.0,1585000.0,47.0
2025,12,1,1,2,58,1,2,12.0,6226000.0,85.0
2025,12,1,1,1,57,1,2,5.0,1709000.0,51.0
2025,12,1,1,2,25,1,2,5.0,1656000.0,47.0
2025,12,1,1,2,46,1,2,4.0,312000.0,97.0
2025,12,1,1,1,58,1,2,4.0,2204000.0,41.0
2025,12,1,1,1,35,1,2,5.0,1878000.0,46.0
2025,12,3,1,2,50,3,1,5.0,1085000.0,47.0
2025,12,1,1,1,38,1,2,5.0,1785000.0,1.0
2025,12,1,1,2,36,1,2,5.0,1301000.0,97.0
2025,12,3,1,2,66,10,3,3.0,1253000.0,97.0
2025,12,1,1,2,45,1,2,5.0,804000.0,81.0
2025,12,1,1,2,40,1,2,4.0,345000.0,81.0
2025,12,2,1,1,48,2,2,12.0,7922000.0,85.0
2025,12,2,1,2,62,2,3,10.0,1296000.0,71.0
2025,12,1,1,2,24,1,2,10.0,1225000.0,86.0
2025,12,3,1,1,38,3,1,5.0,1526000.0,45.0
2025,12,1,1,2,32,1,3,4.0,1490000.0,56.0
2025,12,3,1,2,28,8,2,8.0,1547000.0,14.0
2025,12,1,1,2,32,1,2,5.0,327000.0,81.0
2025,12,1,1,2,34,1,2,9.0,1527000.0,96.0
2025,12,3,1,2,43,3,1,5.0,540000.0,97.0
2025,12,2,1,2,23,2,2,4.0,382000.0,56.0
2025,12,2,1,2,57,2,2,5.0,307000.0,1.0
2025,12,1,1,2,43,1,2,8.0,1396000.0,56.0
2025,12,1,1,2,29,1,2,5.0,850000.0,97.0
2025,12,1,1,1,52,1,2,5.0,1651000.0,68.0
2025,12,2,1,1,35,2,2,5.0,1791000.0,80.0
2025,12,1,1,1,80,1,3,3.0,1656000.0,80.0
2025,12,1,1,1,43,1,3,3.0,1545000.0,41.0
2025,12,2,1,2,36,2,2,3.0,494000.0,1.0
2025,12,2,1,2,25,2,2,8.0,1429000.0,86.0
2025,12,3,1,1,41,3,1,3.0,1849000.0,45.0
2025,12,2,1,2,29,2,2,8.0,2141000.0,84.0
2025,12,3,1,1,27,3,1,10.0,1858000.0,49.0
2025,12,2,1,1,29,2,2,5.0,1911000.0,49.0
2025,12,1,1,2,59,1,3,10.0,234000.0,47.0
2025,12,2,2,1,20,3,1,5.0,352000.0,47.0
2025,12,2,1,2,41,2,2,6.0,1216000.0,75.0
2025,12,2,1,1,47,3,1,3.0,1051000.0,1.0
2025,12,1,1,1,33,1,2,11.0,3400000.0,14.0
2025,12,2,1,2,34,3,1,11.0,2156000.0,86.0
2025,12,2,1,2,32,2,1,8.0,1410000.0,86.0
2025,12,1,1,2,40,1,2,5.0,254000.0,14.0
2025,12,1,1,1,20,1,2,10.0,2060000.0,49.0
2025,12,2,1,2,35,2,2,10.0,2886000.0,69.0
2025,12,1,1,1,65,1,3,8.0,513000.0,74.0
2025,12,1,1,2,35,1,2,4.0,1331000.0,56.0
2025,12,3,1,1,20,3,2,5.0,1475000.0,81.0
2025,12,1,1,2,35,1,2,8.0,251000.0,47.0
2025,12,1,1,2,47,1,2,3.0,663000.0,56.0
2025,12,4,1,2,20,3,1,10.0,602000.0,56.0
2025,12,3,1,2,29,13,2,9.0,1820000.0,47.0
2025,12,3,1,2,34,3,1,8.0,1170000.0,86.0
2025,12,4,1,1,22,3,1,5.0,1378000.0,49.0
2025,12,1,1,2,29,1,2,9.0,0.0,79.0
2025,12,1,1,2,68,1,3,1.0,882000.0,1.0
2025,12,2,1,1,26,2,2,5.0,1743000.0,64.0
2025,12,1,1,2,53,1,3,4.0,234000.0,47.0
2025,12,2,1,2,57,2,2,5.0,1617000.0,10.0
2025,12,1,1,2,43,1,1,10.0,0.0,69.0
2025,12,1,1,2,59,1,2,3.0,285000.0,81.0
2025,12,1,1,1,66,1,3,9.0,2538000.0,33.0
2025,12,1,1,2,27,1,2,6.0,1269000.0,43.0
2025,12,1,1,1,26,1,2,10.0,6177000.0,49.0
2025,12,2,1,1,43,2,2,4.0,4712000.0,56.0
2025,12,2,1,2,51,2,3,5.0,1389000.0,13.0
2025,12,1,1,2,32,1,2,10.0,1289000.0,47.0
2025,12,3,1,1,51,6,3,4.0,906000.0,47.0
2025,12,1,1,1,36,1,2,5.0,1381000.0,47.0
2025,12,3,1,1,32,3,3,5.0,2104000.0,35.0
2025,12,1,1,1,41,1,2,9.0,7525000.0,84.0
2025,12,2,1,2,50,2,2,4.0,562000.0,81.0
2025,12,2,1,1,18,3,1,3.0,1557000.0,1.0
2025,12,1,1,1,63,1,3,4.0,563000.0,95.0
2025,12,2,1,2,64,4,3,1.0,100000.0,56.0
2025,12,2,1,2,26,2,2,5.0,1398000.0,96.0
2025,12,2,1,2,40,2,2,10.0,14166000.0,59.0
2025,12,1,1,1,51,1,2,11.0,12878000.0,6.0
2025,12,1,2,1,58,1,3,3.0,2045000.0,31.0
2025,12,2,1,2,54,2,3,3.0,1796000.0,56.0
2025,12,1,1,1,61,1,3,3.0,1689000.0,43.0
2025,12,1,1,1,65,1,2,3.0,5109000.0,1.0
2025,12,1,1,2,25,1,2,5.0,1437000.0,96.0
2025,12,2,1,2,22,2,2,7.0,1448000.0,85.0
2025,12,1,1,1,48,1,3,5.0,2164000.0,1.0
2025,12,2,1,1,22,3,1,5.0,0.0,1.0
2025,12,2,1,2,46,2,3,10.0,264000.0,86.0
2025,12,2,1,2,34,2,2,10.0,1638000.0,46.0
2025,12,2,1,2,55,2,3,10.0,5344000.0,64.0
2025,12,2,1,2,35,2,2,11.0,6893000.0,86.0
2025,12,2,1,1,60,6,3,4.0,1739000.0,41.0
2025,12,1,1,2,45,1,2,5.0,329000.0,56.0
2025,12,1,1,1,73,1,2,5.0,1724000.0,49.0
2025,12,1,1,1,36,1,2,5.0,1392000.0,1.0
2025,12,1,1,2,57,1,2,4.0,366000.0,7.0
2025,12,2,1,1,43,2,3,3.0,158000.0,41.0
2025,12,2,1,2,51,2,2,5.0,408000.0,47.0
2025,12,1,1,2,57,1,2,4.0,277000.0,81.0
2025,12,1,1,2,53,1,2,3.0,189000.0,56.0
2025,12,2,1,1,45,2,3,8.0,1769000.0,86.0
2025,12,2,1,1,28,2,2,3.0,2418000.0,1.0
2025,12,1,1,1,53,1,3,3.0,1716000.0,55.0
2025,12,1,1,1,33,1,2,5.0,6217000.0,96.0
2025,12,1,1,2,45,1,2,1.0,100000.0,81.0
2025,12,4,1,2,20,9,2,10.0,1013000.0,47.0
2025,12,1,1,2,70,1,3,3.0,765000.0,47.0
2025,12,3,1,2,42,3,1,4.0,1909000.0,46.0
2025,12,1,1,1,67,1,1,11.0,4852000.0,86.0
2025,12,3,1,2,24,3,1,5.0,1125000.0,85.0
2025,12,1,1,2,46,1,2,5.0,1029000.0,47.0
2025,12,2,1,1,35,2,2,3.0,2098000.0,49.0
2025,12,1,1,2,74,1,3,5.0,100000.0,14.0
2025,12,2,1,2,45,2,3,10.0,1718000.0,52.0
2025,12,2,1,1,32,3,3,4.0,1223000.0,1.0
2025,12,2,1,1,23,3,1,10.0,1787000.0,36.0
2025,12,1,1,2,39,1,3,6.0,2121000.0,20.0
2025,12,1,1,1,50,1,2,10.0,2010000.0,41.0
2025,12,1,1,2,63,1,3,3.0,1008000.0,47.0
2025,12,1,1,2,59,1,3,3.0,0.0,97.0
2025,12,1,1,2,29,1,2,10.0,1488000.0,1.0
2025,12,2,1,1,33,2,2,5.0,3862000.0,47.0
2025,12,3,1,1,40,7,3,6.0,1854000.0,80.0
2025,12,1,1,1,65,1,2,5.0,880000.0,47.0
2025,12,1,1,1,50,1,2,11.0,10562000.0,84.0
2025,12,2,1,2,32,3,1,12.0,5064000.0,85.0
2025,12,2,1,2,26,3,1,5.0,1125000.0,59.0
2025,12,2,1,1,35,2,3,3.0,339000.0,41.0
2025,12,1,1,2,30,1,1,10.0,4238000.0,84.0
2025,12,2,1,1,78,2,3,3.0,1549000.0,1.0
2025,12,2,1,2,29,3,1,5.0,0.0,56.0
2025,12,1,1,2,43,1,2,5.0,1516000.0,47.0
2025,12,3,1,2,24,3,2,8.0,2221000.0,86.0
2025,12,1,1,2,42,1,2,9.0,2226000.0,84.0
2025,12,1,1,1,68,1,3,3.0,1856000.0,1.0
2025,12,2,1,1,27,3,1,5.0,1006000.0,1.0
2025,12,2,1,2,37,2,2,5.0,1863000.0,55.0
2025,12,3,1,1,35,3,1,10.0,4260000.0,73.0
2025,12,2,1,2,31,3,2,9.0,1520000.0,10.0
2025,12,3,1,2,26,3,1,8.0,1827000.0,47.0
2025,12,3,1,2,20,3,1,10.0,756000.0,95.0
2025,12,2,1,2,53,2,3,1.0,209000.0,15.0
2025,12,1,1,1,48,1,2,3.0,1636000.0,10.0
2025,12,1,1,2,49,1,2,5.0,2753000.0,84.0
2025,12,2,1,2,64,2,3,3.0,100000.0,38.0
2025,12,1,1,1,40,1,2,3.0,1100000.0,1.0
2025,12,1,1,1,40,1,2,10.0,5563000.0,85.0
2025,12,1,1,1,27,1,2,8.0,2840000.0,86.0
2025,12,1,1,1,43,1,2,10.0,4774000.0,84.0
2025,12,1,1,1,44,1,2,4.0,1787000.0,1.0
2025,12,2,1,2,56,2,3,3.0,387000.0,10.0
2025,12,1,1,1,84,1,3,4.0,4040000.0,46.0
2025,12,1,1,1,55,1,3,10.0,1162000.0,43.0
2025,12,2,1,1,57,2,2,3.0,851000.0,7.0
2025,12,1,1,2,41,1,2,3.0,486000.0,56.0
2025,12,1,1,2,56,1,3,3.0,1483000.0,97.0
2025,12,2,1,1,42,13,2,5.0,1315000.0,14.0
2025,12,3,1,2,22,3,1,10.0,1070000.0,85.0
2025,12,5,1,2,46,6,2,5.0,2396000.0,84.0
2025,12,3,1,2,26,3,1,10.0,1404000.0,65.0
2025,12,1,1,1,40,1,2,5.0,1848000.0,53.0
2025,12,1,1,1,39,1,2,6.0,3188000.0,1.0
2025,12,1,1,1,37,1,2,3.0,1142000.0,31.0
2025,12,1,1,2,32,1,2,9.0,2084000.0,74.0
2025,12,1,1,1,26,1,2,3.0,1369000.0,1.0
2025,12,2,1,2,24,2,2,10.0,2046000.0,86.0
2025,12,1,1,1,35,1,2,5.0,2273000.0,53.0
2025,12,6,1,2,28,3,1,5.0,125000.0,96.0
2025,12,2,1,1,50,2,3,3.0,2065000.0,45.0
2025,12,1,1,1,30,1,2,5.0,3112000.0,68.0
2025,12,1,1,1,51,1,3,3.0,3331000.0,1.0
2025,12,1,1,2,54,1,2,5.0,2190000.0,56.0
2025,12,2,1,2,42,2,2,4.0,1333000.0,81.0
2025,12,3,1,1,51,6,3,4.0,1779000.0,47.0
2025,12,1,1,2,40,1,2,5.0,503000.0,55.0
2025,12,2,1,2,75,2,3,3.0,100000.0,47.0
2025,12,2,1,1,54,3,1,3.0,1543000.0,95.0
2025,12,1,1,1,36,1,2,5.0,2611000.0,80.0
2025,12,2,1,1,47,2,2,5.0,3107000.0,41.0
2025,12,5,1,2,19,3,1,10.0,1054000.0,47.0
2025,12,1,1,2,53,1,2,3.0,1453000.0,55.0
2025,12,1,1,2,39,1,1,8.0,2817000.0,86.0
2025,12,1,1,2,56,1,3,4.0,129000.0,56.0
2025,12,4,1,1,21,3,1,5.0,1910000.0,35.0
2025,12,1,1,1,22,1,2,5.0,1629000.0,11.0
2025,12,1,1,2,26,1,2,5.0,1505000.0,96.0
2025,12,1,1,2,36,1,2,10.0,1539000.0,47.0
2025,12,1,1,1,25,1,2,5.0,2605000.0,49.0
2025,12,1,1,1,53,1,1,12.0,8365000.0,84.0
2025,12,1,1,1,60,1,3,5.0,1228000.0,1.0
2025,12,4,1,2,67,5,3,5.0,838000.0,47.0
2025,12,2,1,2,35,2,2,4.0,0.0,47.0
2025,12,2,1,2,24,2,2,10.0,3160000.0,46.0
2025,12,1,1,2,61,1,3,5.0,600000.0,97.0
2025,12,1,1,1,46,1,2,5.0,2060000.0,41.0
2025,12,1,1,2,32,1,2,10.0,1287000.0,21.0
2025,12,1,1,1,44,1,2,3.0,2547000.0,1.0
2025,12,1,1,2,55,1,2,3.0,1462000.0,81.0
2025,12,1,1,1,40,1,3,4.0,1825000.0,68.0
2025,12,2,1,2,33,6,2,5.0,811000.0,1.0
2025,12,1,1,2,40,1,2,5.0,1032000.0,69.0
2025,12,1,1,1,32,1,2,5.0,3348000.0,61.0
2025,12,1,1,2,25,1,2,9.0,677000.0,47.0
2025,12,1,1,1,32,1,2,9.0,1853000.0,49.0
2025,12,4,1,1,31,7,3,5.0,526000.0,1.0
2025,12,4,1,1,29,3,1,4.0,2611000.0,96.0
2025,12,1,1,2,50,1,2,5.0,137000.0,47.0
2025,12,1,1,2,67,1,2,3.0,459000.0,56.0
2025,12,2,1,2,33,2,3,10.0,2141000.0,69.0
2025,12,1,1,1,35,1,2,10.0,8413000.0,84.0
2025,12,2,1,2,38,2,2,5.0,1091000.0,97.0
2025,12,1,1,2,66,1,3,4.0,791000.0,55.0
2025,12,2,1,1,46,2,2,1.0,1016000.0,1.0
2025,12,2,1,1,64,2,3,1.0,1268000.0,56.0
2025,12,3,1,2,48,3,1,11.0,2958000.0,85.0
2025,12,3,1,1,22,3,1,5.0,2368000.0,41.0
2025,12,1,1,1,52,1,2,3.0,1104000.0,49.0
2025,12,3,1,1,19,3,1,5.0,1259000.0,49.0
2025,12,1,1,2,44,1,2,1.0,587000.0,47.0
2025,12,4,1,1,23,3,1,5.0,424000.0,31.0
2025,12,1,1,1,56,1,3,5.0,2072000.0,49.0
2025,12,3,1,2,24,3,1,10.0,1880000.0,93.0
2025,12,3,1,2,25,3,1,8.0,1370000.0,47.0
2025,12,1,1,2,48,1,3,4.0,1002000.0,97.0
2025,12,1,1,1,29,1,2,5.0,1802000.0,10.0
2025,12,1,1,1,35,1,2,3.0,1951000.0,23.0
2025,12,2,1,2,55,2,3,4.0,389000.0,81.0
2025,12,1,1,2,34,1,2,4.0,100000.0,15.0
2025,12,1,1,2,52,1,3,3.0,8825000.0,47.0
2025,12,1,1,2,29,1,2,5.0,1311000.0,47.0
2025,12,1,1,2,45,1,2,3.0,435000.0,10.0
2025,12,3,1,1,25,8,1,10.0,2180000.0,68.0
2025,12,1,1,2,43,1,2,9.0,1311000.0,86.0
2025,12,1,1,1,29,1,2,5.0,0.0,82.0
2025,12,4,1,2,26,3,1,8.0,1806000.0,92.0
2025,12,5,1,1,31,6,3,5.0,1554000.0,49.0
2025,12,4,1,2,68,4,3,1.0,4130000.0,56.0
2025,12,1,1,2,56,1,2,4.0,100000.0,47.0
2025,12,1,1,1,51,1,2,5.0,2846000.0,41.0
2025,12,2,1,1,61,2,2,5.0,1760000.0,49.0
2025,12,1,1,1,39,1,2,5.0,2021000.0,43.0
2025,12,1,1,1,41,1,2,10.0,7714000.0,47.0
2025,12,2,2,1,33,2,2,5.0,1922000.0,47.0
2025,12,1,1,1,28,1,2,11.0,5040000.0,18.0
2025,12,4,1,2,18,3,1,6.0,1229000.0,47.0
2025,12,2,1,2,44,3,1,5.0,1276000.0,94.0
2025,12,1,1,1,59,1,2,9.0,3671000.0,33.0
2025,12,1,1,2,30,1,2,5.0,141000.0,32.0
2025,12,2,1,2,63,2,2,11.0,5861000.0,85.0
2025,12,1,1,2,64,1,3,5.0,2589000.0,81.0
2025,12,1,1,2,65,1,2,3.0,164000.0,56.0
2025,12,4,1,2,25,7,2,5.0,1149000.0,47.0
2025,12,1,1,1,27,1,2,8.0,1693000.0,55.0
2025,12,1,1,1,50,1,2,3.0,2376000.0,41.0
2025,12,2,1,1,27,2,2,5.0,1138000.0,52.0
2025,12,1,1,1,36,1,2,11.0,2132000.0,94.0
2025,12,3,1,1,24,3,1,5.0,1308000.0,49.0
2025,12,1,1,1,65,1,3,3.0,1255000.0,45.0
2025,12,2,1,1,36,3,3,10.0,6953000.0,64.0
2025,12,1,1,2,59,1,2,1.0,791000.0,97.0
2025,12,2,1,1,62,2,3,9.0,5490000.0,86.0
2025,12,2,1,2,61,2,3,10.0,1183000.0,23.0
2025,12,1,1,2,56,1,3,3.0,634000.0,81.0
2025,12,1,1,1,60,1,3,1.0,250000.0,1.0
2025,12,1,1,2,31,1,2,5.0,1430000.0,56.0
2025,12,1,1,2,57,1,3,5.0,1402000.0,56.0
2025,12,1,1,1,39,1,3,4.0,1510000.0,49.0
2025,12,1,1,1,65,1,2,4.0,1668000.0,45.0
2025,12,1,1,1,45,1,2,5.0,3304000.0,47.0
2025,12,1,1,2,43,1,2,3.0,503000.0,47.0
2025,12,1,1,1,50,1,2,3.0,2739000.0,1.0
2025,12,2,1,1,30,2,2,3.0,1165000.0,1.0
2025,12,4,1,1,39,3,1,5.0,356000.0,82.0
2025,12,1,1,2,52,1,3,4.0,340000.0,1.0
2025,12,2,1,2,41,2,2,5.0,957000.0,47.0
2025,12,1,1,2,60,1,2,3.0,445000.0,47.0
2025,12,1,1,2,33,1,2,5.0,565000.0,56.0
2025,12,6,1,2,24,3,1,5.0,1127000.0,1.0
2025,12,2,1,1,58,2,2,3.0,1268000.0,47.0
2025,12,1,1,2,33,1,2,5.0,343000.0,96.0
2025,12,1,1,1,65,1,3,11.0,12524000.0,84.0
2025,12,1,1,2,34,1,2,5.0,1959000.0,95.0
2025,12,1,1,2,50,1,2,9.0,1528000.0,47.0
2025,12,1,1,2,25,1,2,10.0,1208000.0,94.0
2025,12,4,1,2,21,3,1,10.0,1548000.0,86.0
2025,12,1,1,1,55,1,3,8.0,644000.0,86.0
2025,12,2,1,2,34,3,3,5.0,371000.0,97.0
2025,12,2,1,2,30,3,2,5.0,533000.0,86.0
2025,12,1,1,1,25,1,2,5.0,1683000.0,47.0
2025,12,2,1,2,41,2,2,5.0,1742000.0,47.0
2025,12,1,1,1,27,1,2,10.0,10472000.0,27.0
2025,12,2,1,2,66,2,3,3.0,388000.0,56.0
2025,12,1,1,1,32,1,2,13.0,7010000.0,49.0
2025,12,1,1,2,33,1,3,5.0,336000.0,38.0
2025,12,3,1,1,45,3,1,3.0,490000.0,43.0
2025,12,2,1,2,57,13,3,5.0,1595000.0,56.0
2025,12,2,1,2,45,2,2,12.0,3508000.0,65.0
2025,12,1,1,1,72,1,3,3.0,1919000.0,1.0
2025,12,2,1,1,35,6,3,6.0,881000.0,56.0
2025,12,1,1,1,36,1,2,5.0,2645000.0,41.0
2025,12,2,1,1,33,3,1,3.0,1752000.0,46.0
2025,12,1,1,1,34,1,2,3.0,1078000.0,47.0
2025,12,1,1,2,31,1,2,8.0,845000.0,96.0
2025,12,1,1,1,59,1,3,5.0,2412000.0,36.0
2025,12,1,1,1,40,1,2,5.0,383000.0,2.0
2025,12,2,1,1,61,2,3,5.0,3104000.0,45.0
2025,12,2,1,2,24,2,2,5.0,202000.0,47.0
2025,12,1,1,1,56,1,3,5.0,1143000.0,84.0
2025,12,2,1,2,35,2,2,10.0,3603000.0,85.0
2025,12,1,1,1,22,1,2,5.0,1402000.0,38.0
2025,12,1,1,2,57,1,3,5.0,318000.0,88.0
2025,12,2,1,1,80,2,3,5.0,612000.0,25.0
2025,12,1,1,1,43,1,2,4.0,1704000.0,2.0
2025,12,2,1,2,66,2,3,8.0,2420000.0,86.0
2025,12,2,1,2,33,2,2,8.0,1243000.0,88.0
2025,12,1,1,1,63,1,3,3.0,1081000.0,47.0
2025,12,2,1,2,24,2,2,10.0,800000.0,47.0
2025,12,1,1,1,58,1,2,10.0,3675000.0,85.0
2025,12,2,1,1,45,2,2,3.0,1704000.0,8.0
2025,12,1,1,1,25,1,2,8.0,2782000.0,86.0
2025,12,1,1,1,38,1,2,3.0,2221000.0,41.0
2025,12,2,1,1,50,2,3,4.0,3854000.0,94.0
2025,12,1,1,2,51,1,2,1.0,779000.0,49.0
2025,12,2,1,1,46,2,2,3.0,2243000.0,47.0
2025,12,2,1,1,45,2,3,3.0,1763000.0,77.0
2025,12,1,1,2,43,1,3,6.0,479000.0,47.0
2025,12,1,1,1,35,1,2,5.0,2555000.0,49.0
2025,12,1,1,2,36,1,1,8.0,1547000.0,86.0
2025,12,2,1,2,23,2,2,5.0,1679000.0,82.0
2025,12,1,1,1,46,1,2,10.0,2199000.0,73.0
2025,12,1,1,1,28,1,2,5.0,2193000.0,68.0
2025,12,1,1,1,63,1,3,11.0,0.0,84.0
2025,12,3,1,2,29,3,1,12.0,5993000.0,86.0
2025,12,2,1,2,38,2,2,5.0,2240000.0,45.0
2025,12,3,1,1,22,3,1,4.0,1046000.0,33.0
2025,12,3,1,1,26,3,1,5.0,946000.0,41.0
2025,12,5,1,1,24,3,1,4.0,559000.0,45.0
2025,12,2,1,1,40,3,1,5.0,1452000.0,41.0
2025,12,4,1,1,28,3,1,4.0,379000.0,96.0
2025,12,3,1,2,57,3,1,8.0,0.0,68.0
2025,12,1,1,1,44,1,2,8.0,6268000.0,84.0
2025,12,2,1,1,49,2,2,3.0,1738000.0,49.0
2025,12,2,1,2,44,2,3,1.0,2113000.0,97.0
2025,12,2,1,2,39,6,2,11.0,4377000.0,86.0
2025,12,1,1,2,35,1,2,5.0,1589000.0,56.0
2025,12,1,1,2,52,1,2,10.0,5252000.0,85.0
2025,12,1,1,1,35,1,3,4.0,1050000.0,1.0
2025,12,2,1,2,23,3,1,10.0,224000.0,47.0
2025,12,2,1,1,70,2,2,3.0,996000.0,38.0
2025,12,1,1,1,46,1,3,5.0,1293000.0,1.0
2025,12,2,1,2,58,2,2,11.0,5264000.0,84.0
2025,12,2,1,2,70,2,2,5.0,1595000.0,47.0
2025,12,1,1,2,24,1,2,5.0,1236000.0,47.0
2025,12,1,1,2,28,1,2,5.0,2043000.0,84.0
2025,12,1,1,2,52,1,3,4.0,466000.0,47.0
2025,12,1,1,1,23,1,2,6.0,3322000.0,45.0
2025,12,3,1,1,23,3,1,10.0,3959000.0,62.0
2025,12,4,1,1,62,4,3,5.0,1638000.0,49.0
2025,12,1,1,2,70,1,2,3.0,3421000.0,56.0
2025,12,1,1,2,36,1,2,3.0,788000.0,56.0
2025,12,1,1,1,61,1,2,5.0,2086000.0,49.0
2025,12,2,1,2,19,3,1,5.0,1354000.0,71.0
2025,12,1,1,2,83,1,3,4.0,472000.0,23.0
2025,12,2,1,2,56,2,2,10.0,1243000.0,84.0
2025,12,1,1,2,23,1,3,5.0,1521000.0,86.0
2025,12,1,1,2,27,1,2,11.0,2207000.0,71.0
2025,12,1,1,2,37,1,3,10.0,1255000.0,46.0
2025,12,4,1,1,19,8,1,10.0,696000.0,56.0
2025,12,4,1,1,18,8,1,5.0,2016000.0,47.0
2025,12,1,1,1,44,1,2,5.0,2385000.0,52.0
2025,12,2,1,1,41,2,3,5.0,2481000.0,43.0
2025,12,1,1,1,64,1,3,5.0,0.0,49.0
2025,12,2,2,2,53,2,3,5.0,187000.0,95.0
2025,12,1,1,2,69,1,3,1.0,100000.0,47.0
2025,12,2,1,2,39,2,2,5.0,736000.0,47.0
2025,12,1,1,1,29,1,2,8.0,1542000.0,71.0
2025,12,1,1,2,33,1,2,8.0,0.0,86.0
2025,12,1,1,1,37,1,2,3.0,629000.0,7.0
2025,12,2,1,1,19,3,1,4.0,1245000.0,1.0
2025,12,1,1,1,44,1,2,9.0,5880000.0,35.0
2025,12,4,1,1,32,6,2,4.0,2842000.0,41.0
2025,12,1,1,2,39,1,2,11.0,2786000.0,82.0
2025,12,1,1,2,61,1,3,4.0,453000.0,56.0
2025,12,1,1,1,58,1,3,4.0,1758000.0,33.0
2025,12,2,1,1,52,9,3,3.0,928000.0,1.0
2025,12,3,1,1,27,3,1,6.0,1942000.0,47.0
2025,12,3,1,1,51,3,1,5.0,1797000.0,85.0
2025,12,4,1,2,25,3,1,5.0,1697000.0,47.0
2025,12,1,1,1,58,1,2,5.0,3947000.0,51.0
2025,12,1,1,2,42,1,1,11.0,2634000.0,47.0
2025,12,1,1,2,21,1,2,5.0,275000.0,47.0
2025,12,2,1,1,39,2,2,6.0,1948000.0,84.0
2025,12,1,1,1,40,1,2,5.0,753000.0,49.0
2025,12,1,1,1,53,1,2,3.0,1979000.0,31.0
2025,12,2,1,1,20,3,1,6.0,1653000.0,47.0
2025,12,1,1,2,59,1,3,10.0,3222000.0,86.0
2025,12,2,1,2,31,2,3,10.0,6186000.0,64.0
2025,12,1,1,2,24,1,3,8.0,1155000.0,86.0
2025,12,5,1,2,24,7,2,5.0,916000.0,47.0
2025,12,1,1,1,41,1,2,10.0,5408000.0,86.0
2025,12,1,1,2,45,1,3,5.0,975000.0,56.0
2025,12,3,1,2,35,3,1,10.0,4044000.0,36.0
2025,12,4,1,1,19,9,2,10.0,1274000.0,47.0
2025,12,2,1,2,64,2,3,3.0,912000.0,14.0
2025,12,1,1,1,47,1,2,4.0,2524000.0,96.0
2025,12,2,1,2,37,2,2,9.0,1671000.0,56.0
2025,12,1,1,1,50,1,3,3.0,2503000.0,41.0
2025,12,2,1,1,31,3,2,12.0,4366000.0,23.0
2025,12,1,1,2,77,1,3,3.0,1569000.0,1.0
2025,12,1,1,2,49,1,2,10.0,0.0,47.0
2025,12,2,1,2,36,2,2,10.0,1460000.0,47.0
2025,12,1,1,1,76,1,3,3.0,557000.0,47.0
2025,12,1,1,1,46,1,1,10.0,6017000.0,58.0
2025,12,1,1,1,43,1,1,6.0,4673000.0,84.0
2025,12,2,1,1,60,2,3,5.0,1647000.0,53.0
2025,12,2,1,2,32,2,3,10.0,2769000.0,69.0
2025,12,1,1,2,45,1,3,8.0,2287000.0,88.0
2025,12,2,1,1,22,3,2,4.0,922000.0,45.0
2025,12,4,1,2,29,3,1,10.0,2319000.0,69.0
2025,12,2,1,1,35,2,2,4.0,2508000.0,5.0
2025,12,4,1,1,28,8,1,10.0,1783000.0,62.0
2025,12,3,1,2,29,3,1,5.0,1482000.0,47.0
2025,12,1,1,1,59,1,3,5.0,6154000.0,95.0
2025,12,1,1,2,37,1,2,4.0,748000.0,56.0
2025,12,1,1,2,44,1,2,9.0,1683000.0,86.0
2025,12,1,1,2,38,1,2,8.0,1359000.0,56.0
2025,12,1,1,2,45,1,1,5.0,1457000.0,47.0
2025,12,3,1,1,22,3,1,5.0,841000.0,56.0
2025,12,2,1,2,56,2,2,5.0,377000.0,47.0
2025,12,3,1,1,26,3,1,5.0,757000.0,49.0
2025,12,1,1,2,50,1,3,1.0,423000.0,1.0
2025,12,2,1,2,43,2,2,10.0,3062000.0,84.0
2025,12,1,1,2,18,1,2,5.0,1525000.0,84.0
2025,12,3,1,1,20,3,1,4.0,1392000.0,14.0
2025,12,1,1,2,51,1,2,5.0,820000.0,97.0
2025,12,1,1,1,63,1,3,3.0,3070000.0,33.0
2025,12,1,1,1,36,1,2,3.0,1254000.0,1.0
2025,12,2,1,1,28,3,1,10.0,2641000.0,46.0
2025,12,2,1,2,43,3,1,5.0,1970000.0,97.0
2025,12,1,1,1,80,1,3,1.0,1165000.0,46.0
2025,12,2,1,2,58,2,2,3.0,1335000.0,97.0
2025,12,2,1,2,43,2,2,12.0,2900000.0,74.0
2025,12,1,1,1,36,1,2,6.0,1501000.0,45.0
2025,12,2,1,1,22,3,1,8.0,1376000.0,47.0
2025,12,2,1,1,45,3,1,12.0,8492000.0,85.0
2025,12,1,1,1,58,1,2,3.0,1971000.0,1.0
2025,12,4,1,1,29,8,2,3.0,2001000.0,47.0
2025,12,2,1,2,30,3,1,10.0,1563000.0,47.0
2025,12,2,1,1,41,2,2,3.0,1385000.0,49.0
2025,12,2,1,1,43,2,2,10.0,7191000.0,85.0
2025,12,3,1,2,59,6,3,5.0,100000.0,47.0
2025,12,1,1,1,80,1,3,4.0,2317000.0,97.0
2025,12,2,1,1,41,3,1,5.0,1997000.0,49.0
2025,12,3,1,2,20,3,1,5.0,865000.0,47.0
2025,12,2,1,2,30,2,1,3.0,655000.0,81.0
2025,12,1,1,2,41,1,2,5.0,1663000.0,56.0
2025,12,1,1,2,59,1,3,3.0,496000.0,56.0
2025,12,1,1,1,48,1,3,8.0,2912000.0,49.0
2025,12,2,1,2,31,2,2,10.0,1908000.0,64.0
2025,12,1,1,2,37,1,2,5.0,427000.0,96.0
2025,12,1,1,2,25,1,2,10.0,1559000.0,82.0
2025,12,1,1,2,33,1,2,4.0,905000.0,45.0
2025,12,1,1,1,54,1,3,3.0,3766000.0,41.0
2025,12,1,1,2,36,1,2,5.0,1318000.0,47.0
2025,12,1,1,1,25,1,2,5.0,1938000.0,45.0
2025,12,1,1,2,42,1,3,8.0,1453000.0,47.0
2025,12,2,1,1,42,3,1,3.0,2313000.0,49.0
2025,12,1,1,2,67,1,3,3.0,1258000.0,81.0
2025,12,1,1,2,46,1,3,5.0,738000.0,97.0
2025,12,3,1,1,24,3,1,5.0,2775000.0,45.0
2025,12,1,1,2,33,1,2,5.0,1109000.0,85.0
2025,12,1,1,1,43,1,2,10.0,3863000.0,73.0
2025,12,1,1,1,35,1,2,10.0,2330000.0,25.0
2025,12,4,1,2,28,3,1,5.0,1274000.0,49.0
2025,12,4,1,1,39,3,1,11.0,2870000.0,64.0
2025,12,2,1,1,36,2,2,5.0,3261000.0,1.0
2025,12,3,1,2,50,9,2,8.0,1165000.0,86.0
2025,12,1,1,2,38,1,3,10.0,3744000.0,84.0
2025,12,3,1,2,24,3,1,5.0,168000.0,96.0
2025,12,1,1,2,41,1,2,8.0,1715000.0,86.0
2025,12,1,1,2,32,1,2,5.0,1210000.0,94.0
2025,12,2,1,1,25,3,2,10.0,1969000.0,25.0
2025,12,3,1,1,43,3,1,5.0,2861000.0,68.0
2025,12,1,1,2,42,1,3,4.0,972000.0,47.0
2025,12,3,1,2,68,6,3,3.0,179000.0,95.0
2025,12,2,1,2,64,2,2,1.0,1232000.0,7.0
2025,12,6,1,1,63,5,3,4.0,2019000.0,10.0
2025,12,1,1,2,42,1,3,10.0,2031000.0,69.0
2025,12,3,1,2,29,3,1,10.0,1841000.0,59.0
2025,12,1,1,2,52,1,3,3.0,957000.0,47.0
2025,12,2,1,2,23,3,1,10.0,775000.0,47.0
2025,12,2,1,1,63,2,3,3.0,1375000.0,49.0
2025,12,2,1,2,50,2,2,5.0,1111000.0,96.0
2025,12,1,1,1,36,1,2,1.0,3810000.0,1.0
2025,12,1,1,1,75,1,3,3.0,2779000.0,49.0
2025,12,1,1,2,59,1,3,4.0,1145000.0,47.0
2025,12,1,1,2,34,1,2,10.0,111000.0,10.0
2025,12,2,1,2,38,2,2,5.0,100000.0,96.0
2025,12,2,1,2,53,2,2,4.0,1210000.0,47.0
2025,12,1,1,1,53,1,2,5.0,2053000.0,20.0
2025,12,1,1,1,22,1,2,5.0,1701000.0,47.0
2025,12,1,1,1,20,1,2,6.0,1606000.0,94.0
2025,12,1,1,1,24,1,2,3.0,2213000.0,1.0
2025,12,1,1,1,54,1,2,9.0,2389000.0,47.0
2025,12,1,1,2,69,1,3,3.0,370000.0,56.0
2025,12,2,1,2,44,2,2,12.0,4348000.0,85.0
2025,12,2,1,2,56,3,3,3.0,100000.0,56.0
2025,12,1,1,2,32,1,2,10.0,3827000.0,68.0
2025,12,1,1,1,73,1,2,10.0,8667000.0,85.0
2025,12,2,1,2,33,3,1,9.0,1308000.0,96.0
2025,12,1,1,2,42,1,2,8.0,1237000.0,94.0
2025,12,2,1,2,24,2,2,4.0,772000.0,47.0
2025,12,1,1,1,43,1,2,10.0,5853000.0,38.0
2025,12,1,1,1,66,1,3,10.0,2077000.0,47.0
2025,12,1,1,1,46,1,2,5.0,1909000.0,47.0
2025,12,1,1,2,48,1,3,5.0,722000.0,14.0
2025,12,1,1,2,24,1,2,5.0,1641000.0,47.0
2025,12,1,1,2,37,1,2,5.0,479000.0,47.0
2025,12,8,1,2,48,9,2,3.0,408000.0,97.0
2025,12,1,1,1,39,1,2,5.0,0.0,1.0
2025,12,2,1,2,41,2,2,12.0,0.0,84.0
2025,12,1,1,1,53,1,2,4.0,2279000.0,97.0
2025,12,1,1,1,72,1,3,10.0,1788000.0,32.0
2025,12,1,1,1,61,1,3,3.0,728000.0,1.0
2025,12,1,1,2,40,1,2,5.0,1816000.0,92.0
2025,12,1,1,1,47,1,2,5.0,1971000.0,47.0
2025,12,1,1,1,29,1,2,5.0,972000.0,96.0
2025,12,2,1,2,34,2,2,5.0,1631000.0,10.0
2025,12,2,1,1,65,13,3,1.0,161000.0,38.0
2025,12,1,1,1,34,1,2,3.0,1766000.0,41.0
2025,12,1,1,1,63,1,2,4.0,2401000.0,41.0
2025,12,3,1,2,40,3,1,10.0,2519000.0,84.0
2025,12,3,1,1,25,3,1,10.0,4184000.0,82.0
2025,12,1,1,1,23,1,2,5.0,1838000.0,95.0
2025,12,1,1,1,46,1,2,4.0,359000.0,56.0
2025,12,2,1,1,44,2,3,3.0,2076000.0,46.0
2025,12,1,1,2,42,1,3,9.0,1951000.0,45.0
2025,12,2,1,2,55,2,3,6.0,1629000.0,86.0
2025,12,4,1,1,29,7,2,3.0,451000.0,47.0
2025,12,1,1,2,26,1,2,5.0,1383000.0,47.0
2025,12,2,1,2,25,2,2,8.0,1512000.0,86.0
2025,12,1,1,2,45,1,2,11.0,4524000.0,85.0
2025,12,3,1,1,28,3,1,8.0,585000.0,64.0
2025,12,1,1,1,37,1,2,9.0,3983000.0,29.0
2025,12,1,1,2,49,1,3,5.0,1677000.0,15.0
2025,12,5,1,1,37,3,1,10.0,1545000.0,56.0
2025,12,1,1,2,36,1,2,8.0,1080000.0,47.0
2025,12,1,1,1,30,1,2,5.0,1993000.0,11.0
2025,12,3,1,1,26,3,1,10.0,1594000.0,74.0
2025,12,1,1,1,65,1,3,3.0,1065000.0,1.0
2025,12,1,1,1,44,1,3,3.0,1434000.0,1.0
2025,12,1,1,1,32,1,2,10.0,2082000.0,49.0
2025,12,2,1,2,36,2,2,8.0,1485000.0,86.0
2025,12,1,1,1,67,1,3,3.0,455000.0,43.0
2025,12,2,1,2,35,2,2,10.0,1410000.0,61.0
2025,12,1,1,2,49,1,2,9.0,2077000.0,97.0
2025,12,1,1,2,26,1,2,5.0,1745000.0,10.0
2025,12,1,1,2,63,1,2,3.0,1403000.0,84.0
2025,12,2,1,1,37,2,2,5.0,1752000.0,47.0
2025,12,2,1,2,25,2,2,5.0,1144000.0,56.0
2025,12,1,1,2,54,1,3,8.0,3306000.0,84.0
2025,12,2,1,2,46,2,2,5.0,1298000.0,47.0
2025,12,1,1,1,83,1,3,3.0,522000.0,93.0
2025,12,2,1,2,25,2,2,10.0,1303000.0,93.0
2025,12,1,1,2,40,1,2,10.0,529000.0,56.0
2025,12,2,1,2,27,2,2,6.0,345000.0,15.0
2025,12,2,1,1,42,3,1,9.0,2658000.0,56.0
2025,12,1,1,1,58,1,3,3.0,1244000.0,56.0
2025,12,3,1,1,39,3,1,3.0,1815000.0,8.0
2025,12,1,1,1,32,1,2,5.0,5062000.0,47.0
2025,12,1,1,1,49,1,3,9.0,3899000.0,47.0
2025,12,1,1,1,42,1,2,4.0,2049000.0,1.0
2025,12,1,1,1,57,1,3,5.0,3437000.0,41.0
2025,12,1,1,2,68,1,3,4.0,854000.0,97.0
2025,12,7,1,2,20,7,2,3.0,242000.0,56.0
2025,12,2,1,1,48,2,2,3.0,1107000.0,41.0
2025,12,3,1,2,51,3,1,5.0,1483000.0,47.0
2025,12,2,1,2,55,2,3,5.0,572000.0,95.0
2025,12,1,1,1,53,1,2,5.0,2850000.0,41.0
2025,12,4,1,2,25,8,1,10.0,1461000.0,64.0
2025,12,1,1,1,46,1,2,6.0,2642000.0,11.0
2025,12,1,1,2,22,1,2,8.0,5033000.0,73.0
2025,12,1,1,2,71,1,3,3.0,247000.0,56.0
2025,12,1,1,2,60,1,2,3.0,0.0,56.0
2025,12,1,1,2,34,1,2,5.0,1129000.0,97.0
2025,12,1,1,1,34,1,2,10.0,10840000.0,84.0
2025,12,2,1,2,23,3,1,5.0,1672000.0,56.0
2025,12,2,1,2,57,2,3,3.0,312000.0,81.0
2025,12,1,1,1,36,1,2,12.0,6665000.0,22.0
2025,12,1,1,1,59,1,3,10.0,2260000.0,86.0
2025,12,1,1,2,52,1,3,11.0,4283000.0,85.0
2025,12,2,1,1,65,2,2,4.0,1909000.0,41.0
2025,12,3,1,2,30,3,1,10.0,2704000.0,81.0
2025,12,1,1,2,24,1,2,5.0,1515000.0,47.0
2025,12,2,1,1,54,3,1,5.0,1522000.0,49.0
2025,12,1,1,2,32,1,2,5.0,190000.0,96.0
2025,12,1,1,1,33,1,2,5.0,2187000.0,47.0
2025,12,1,1,2,62,1,3,3.0,1355000.0,84.0
2025,12,1,1,1,34,1,2,10.0,6231000.0,62.0
2025,12,1,1,1,33,1,2,6.0,2256000.0,47.0
2025,12,2,1,2,54,2,3,1.0,100000.0,47.0
2025,12,2,1,2,63,2,2,5.0,0.0,96.0
2025,12,2,1,2,67,2,3,5.0,182000.0,47.0
2025,12,3,1,1,40,7,2,4.0,1833000.0,56.0
2025,12,1,1,2,67,1,3,3.0,234000.0,47.0
2025,12,2,1,2,48,4,2,5.0,1056000.0,56.0
2025,12,1,1,2,25,1,1,3.0,311000.0,56.0
2025,12,1,1,2,61,1,3,10.0,3756000.0,85.0
2025,12,1,1,1,32,1,2,10.0,6156000.0,85.0
2025,12,2,1,2,42,4,2,5.0,1241000.0,47.0
2025,12,1,1,2,67,1,3,4.0,0.0,97.0
2025,12,1,1,1,38,1,2,8.0,1525000.0,49.0
2025,12,1,1,1,31,1,2,5.0,1918000.0,56.0
2025,12,1,1,1,44,1,2,3.0,2660000.0,68.0
2025,12,1,1,1,31,1,2,5.0,1748000.0,1.0
2025,12,2,1,2,45,3,1,9.0,1082000.0,47.0
2025,12,2,1,2,41,3,1,5.0,937000.0,46.0
2025,12,1,1,1,44,1,3,11.0,6630000.0,66.0
2025,12,1,1,1,47,1,3,8.0,3653000.0,64.0
2025,12,2,1,1,54,3,1,5.0,1916000.0,42.0
2025,12,1,1,2,50,1,2,5.0,906000.0,47.0
2025,12,1,1,1,54,1,3,5.0,4377000.0,86.0
2025,12,1,1,1,64,1,3,3.0,3116000.0,41.0
2025,12,2,1,2,44,2,2,3.0,366000.0,1.0
2025,12,4,1,1,22,3,1,9.0,1463000.0,10.0
2025,12,1,1,1,58,1,3,5.0,1745000.0,85.0
2025,12,5,1,1,37,7,2,12.0,12074000.0,85.0
2025,12,1,1,1,46,1,2,3.0,1776000.0,1.0
2025,12,3,1,1,20,8,2,5.0,1146000.0,41.0
2025,12,3,1,1,24,3,1,5.0,1424000.0,96.0
2025,12,5,1,1,40,6,3,4.0,3750000.0,45.0
2025,12,1,1,1,25,1,2,8.0,3305000.0,84.0
2025,12,2,1,2,50,2,2,5.0,351000.0,56.0
2025,12,1,1,1,35,1,2,10.0,2851000.0,62.0
2025,12,1,1,2,45,1,2,8.0,1386000.0,71.0
2025,12,1,1,1,64,1,3,3.0,1548000.0,56.0
2025,12,2,1,2,21,2,2,3.0,100000.0,38.0
2025,12,3,1,2,23,3,1,10.0,945000.0,49.0
2025,12,3,1,2,39,3,1,10.0,0.0,88.0
2025,12,2,1,2,23,2,2,5.0,391000.0,81.0
2025,12,5,1,2,21,3,1,8.0,2686000.0,86.0
2025,12,2,1,2,29,2,2,10.0,3230000.0,85.0
2025,12,2,1,1,50,2,2,5.0,1428000.0,31.0
2025,12,2,1,1,23,3,1,10.0,1698000.0,1.0
2025,12,1,1,2,34,1,2,4.0,205000.0,84.0
2025,12,1,1,1,49,1,2,10.0,7298000.0,85.0
2025,12,1,1,1,59,1,2,10.0,7307000.0,42.0
2025,12,4,1,1,22,3,1,8.0,377000.0,56.0
2025,12,1,1,1,24,1,2,5.0,3010000.0,95.0
2025,12,1,1,2,22,1,2,5.0,1396000.0,1.0
2025,12,2,1,1,18,3,1,5.0,2468000.0,52.0
2025,12,1,1,2,41,1,2,8.0,2090000.0,86.0
2025,12,1,1,2,44,1,3,5.0,1391000.0,56.0
2025,12,2,1,2,23,3,1,5.0,1428000.0,47.0
2025,12,2,1,2,36,3,1,10.0,3071000.0,61.0
2025,12,1,1,2,32,1,2,5.0,562000.0,97.0
2025,12,2,1,1,43,2,2,5.0,1737000.0,49.0
2025,12,1,1,2,25,1,2,8.0,1546000.0,86.0
2025,12,1,1,1,47,1,3,5.0,782000.0,52.0
2025,12,1,1,2,50,1,2,3.0,343000.0,81.0
2025,12,2,1,1,32,3,2,3.0,1160000.0,1.0
2025,12,1,1,1,76,1,3,11.0,18088000.0,94.0
2025,12,3,1,2,30,3,1,10.0,3009000.0,86.0
2025,12,2,1,2,57,2,3,7.0,3704000.0,85.0
2025,12,3,1,2,23,3,1,5.0,718000.0,56.0
2025,12,1,1,2,59,1,3,5.0,2309000.0,97.0
2025,12,1,1,2,65,1,3,5.0,623000.0,56.0
2025,12,2,1,2,47,2,2,4.0,1515000.0,56.0
2025,12,1,1,1,59,1,3,5.0,10932000.0,85.0
2025,12,1,1,2,48,1,2,5.0,272000.0,47.0
2025,12,2,1,1,22,3,1,9.0,2604000.0,68.0
2025,12,1,1,1,62,1,2,3.0,1969000.0,95.0
2025,12,3,1,1,18,3,1,4.0,1209000.0,56.0
2025,12,1,1,2,44,1,3,8.0,410000.0,56.0
2025,12,1,1,1,40,1,2,10.0,3436000.0,1.0
2025,12,1,1,2,54,1,2,3.0,100000.0,32.0
2025,12,1,1,1,23,1,2,10.0,2009000.0,65.0
2025,12,1,1,1,33,1,2,10.0,5512000.0,84.0
2025,12,2,1,2,60,2,2,5.0,1584000.0,14.0
2025,12,2,2,1,50,2,3,3.0,1795000.0,31.0
2025,12,2,1,2,27,2,2,5.0,442000.0,56.0
2025,12,1,1,1,59,1,2,1.0,607000.0,47.0
2025,12,1,1,1,51,1,1,5.0,1190000.0,82.0
2025,12,2,1,2,37,2,2,11.0,4646000.0,64.0
2025,12,1,1,1,50,1,2,10.0,5823000.0,84.0
2025,12,1,1,2,33,1,2,5.0,1177000.0,10.0
2025,12,2,1,2,44,2,2,5.0,1378000.0,31.0
2025,12,3,1,2,26,3,1,8.0,1571000.0,47.0
2025,12,1,1,2,37,1,2,10.0,1510000.0,56.0
2025,12,3,1,2,28,3,1,10.0,2039000.0,74.0
2025,12,3,1,1,18,3,1,4.0,1100000.0,45.0
2025,12,2,1,1,55,2,2,3.0,2330000.0,47.0
2025,12,3,1,2,27,3,1,5.0,294000.0,85.0
2025,12,1,1,2,27,1,2,8.0,1506000.0,86.0
2025,12,2,1,1,45,2,2,3.0,726000.0,1.0
2025,12,1,1,2,52,1,1,9.0,1567000.0,94.0
2025,12,1,1,2,59,1,3,5.0,323000.0,56.0
2025,12,1,1,1,66,1,3,1.0,1608000.0,1.0
2025,12,1,1,2,34,1,2,10.0,5799000.0,29.0
2025,12,4,1,1,21,8,2,3.0,325000.0,3.0
2025,12,1,1,2,41,1,2,3.0,562000.0,81.0
2025,12,1,1,2,29,1,1,5.0,1555000.0,47.0
2025,12,2,1,1,76,2,3,3.0,263000.0,16.0
2025,12,1,1,2,43,1,1,5.0,2828000.0,96.0
2025,12,2,1,1,22,2,2,5.0,1834000.0,53.0
2025,12,1,1,1,41,1,1,10.0,3879000.0,42.0
2025,12,2,1,2,26,2,2,10.0,3972000.0,86.0
2025,12,2,1,2,40,2,2,8.0,2881000.0,84.0
2025,12,1,1,2,47,1,3,5.0,844000.0,97.0
2025,12,1,1,1,28,1,2,6.0,1983000.0,47.0
2025,12,2,1,2,47,2,1,9.0,1712000.0,71.0
2025,12,1,1,1,54,1,3,3.0,14531000.0,1.0
2025,12,1,1,2,25,1,2,9.0,1937000.0,10.0
2025,12,1,1,2,27,1,2,5.0,1490000.0,85.0
2025,12,1,1,1,44,1,2,11.0,1666000.0,49.0
2025,12,1,1,2,50,1,2,10.0,3697000.0,85.0
2025,12,1,1,2,42,1,2,6.0,1043000.0,47.0
2025,12,1,1,2,29,1,2,5.0,1374000.0,47.0
2025,12,1,1,2,40,1,2,9.0,1156000.0,86.0
2025,12,1,1,1,27,1,2,5.0,1917000.0,7.0
2025,12,1,1,2,28,1,3,4.0,1044000.0,47.0
2025,12,2,1,2,53,2,3,10.0,0.0,86.0
2025,12,1,1,2,68,1,3,3.0,1584000.0,56.0
2025,12,1,1,2,34,1,2,9.0,2626000.0,96.0
2025,12,1,1,1,41,1,2,3.0,1317000.0,97.0
2025,12,2,1,1,37,3,2,4.0,884000.0,3.0
2025,12,1,1,2,60,1,2,3.0,304000.0,47.0
2025,12,2,1,1,38,2,2,3.0,2738000.0,41.0
2025,12,2,1,1,25,3,1,4.0,1075000.0,56.0
2025,12,1,1,2,27,1,2,5.0,955000.0,49.0
2025,12,1,1,1,74,1,3,4.0,215000.0,56.0
2025,12,5,1,1,22,3,1,3.0,885000.0,49.0
2025,12,1,1,2,68,1,3,1.0,478000.0,97.0
2025,12,5,1,2,27,6,2,8.0,1554000.0,47.0
2025,12,1,1,2,27,1,2,10.0,3376000.0,84.0
2025,12,1,1,2,63,1,1,4.0,613000.0,97.0
2025,12,2,1,2,31,2,2,10.0,355000.0,96.0
2025,12,1,1,2,50,1,3,10.0,2176000.0,86.0
2025,12,1,1,1,59,1,3,3.0,566000.0,41.0
2025,12,2,1,1,46,2,3,3.0,993000.0,50.0
2025,12,2,1,2,46,2,2,10.0,1105000.0,69.0
2025,12,2,1,1,41,2,2,10.0,2474000.0,56.0
2025,12,1,1,2,35,1,2,9.0,1262000.0,86.0
2025,12,2,1,2,19,3,1,6.0,612000.0,1.0
2025,12,1,1,1,21,1,2,8.0,1646000.0,68.0
2025,12,2,1,2,25,13,2,5.0,557000.0,41.0
2025,12,1,1,1,31,1,2,9.0,1791000.0,47.0
2025,12,6,1,2,22,8,1,5.0,183000.0,56.0
2025,12,1,1,2,57,1,3,3.0,317000.0,97.0
2025,12,1,1,1,47,1,2,1.0,1005000.0,1.0
2025,12,2,1,2,30,3,1,10.0,5756000.0,86.0
2025,12,1,1,1,36,1,2,5.0,1975000.0,46.0
2025,12,2,1,2,32,3,1,5.0,1626000.0,86.0
2025,12,1,1,1,59,1,3,3.0,3248000.0,49.0
2025,12,1,1,1,44,1,2,8.0,1459000.0,1.0
2025,12,1,1,2,43,1,2,9.0,1271000.0,92.0
2025,12,1,1,2,48,1,2,5.0,804000.0,56.0
2025,12,4,1,1,54,13,3,4.0,647000.0,41.0
2025,12,1,1,2,67,1,3,3.0,349000.0,81.0
2025,12,1,1,2,44,1,2,8.0,2394000.0,81.0
2025,12,2,1,2,56,2,3,5.0,100000.0,47.0
2025,12,2,1,2,18,2,2,4.0,1605000.0,10.0
2025,12,1,1,1,25,1,2,5.0,3797000.0,96.0
2025,12,1,1,1,52,1,3,3.0,2811000.0,47.0
2025,12,1,1,2,51,1,3,3.0,1503000.0,1.0
2025,12,1,1,2,52,1,2,3.0,1074000.0,47.0
2025,12,2,1,2,53,2,2,4.0,930000.0,56.0
2025,12,1,1,1,34,1,3,5.0,3149000.0,38.0
2025,12,3,1,2,30,3,1,5.0,165000.0,97.0
2025,12,2,1,1,45,2,2,3.0,903000.0,49.0
2025,12,1,1,2,57,1,2,8.0,1164000.0,88.0
2025,12,4,1,2,42,3,1,11.0,1781000.0,64.0
2025,12,4,1,2,18,9,2,5.0,436000.0,56.0
2025,12,2,1,2,45,2,2,10.0,3005000.0,64.0
2025,12,2,1,1,47,2,2,5.0,258000.0,49.0
2025,12,3,1,1,41,13,2,1.0,1145000.0,50.0
2025,12,1,1,1,31,1,2,5.0,3243000.0,95.0
2025,12,1,1,1,20,1,2,5.0,2522000.0,51.0
2025,12,1,1,2,39,1,2,3.0,2016000.0,55.0
2025,12,2,1,2,45,2,2,5.0,3483000.0,10.0
2025,12,1,1,1,64,1,2,3.0,1190000.0,41.0
2025,12,1,1,1,28,1,2,9.0,4014000.0,84.0
2025,12,1,1,1,52,1,2,3.0,2063000.0,45.0
2025,12,1,1,2,47,1,3,5.0,556000.0,81.0
2025,12,1,1,2,37,1,2,5.0,2181000.0,96.0
2025,12,1,1,1,64,1,3,5.0,1596000.0,25.0
2025,12,1,1,2,28,1,2,10.0,0.0,96.0
2025,12,1,1,2,31,1,3,10.0,3052000.0,47.0
2025,12,1,1,2,41,1,2,10.0,3964000.0,45.0
2025,12,2,1,1,65,6,3,3.0,100000.0,49.0
2025,12,1,1,1,47,1,3,10.0,6199000.0,84.0
2025,12,2,1,1,22,6,2,5.0,2003000.0,53.0
2025,12,3,1,1,41,3,1,3.0,385000.0,81.0
2025,12,2,1,2,31,2,1,10.0,2915000.0,46.0
2025,12,2,1,1,29,3,1,9.0,4926000.0,36.0
2025,12,1,1,1,60,1,2,3.0,4056000.0,85.0
2025,12,1,1,2,27,1,2,12.0,5420000.0,84.0
2025,12,2,1,2,25,3,1,5.0,1203000.0,96.0
2025,12,1,1,1,37,1,2,5.0,1057000.0,53.0
2025,12,2,1,2,27,3,1,5.0,1402000.0,47.0
2025,12,1,1,1,80,1,3,3.0,801000.0,95.0
2025,12,1,1,2,37,1,1,10.0,1253000.0,47.0
2025,12,1,1,1,29,1,2,5.0,1762000.0,43.0
2025,12,2,1,1,58,6,3,5.0,2965000.0,45.0
2025,12,2,1,2,27,6,2,10.0,5988000.0,18.0
2025,12,2,1,1,31,2,2,4.0,1690000.0,95.0
2025,12,2,1,1,53,2,2,5.0,1504000.0,45.0
2025,12,1,1,1,55,1,2,10.0,3678000.0,69.0
2025,12,1,1,1,30,1,2,5.0,1836000.0,81.0
2025,12,2,1,1,28,6,2,10.0,2238000.0,86.0
2025,12,2,1,1,22,13,2,5.0,2368000.0,80.0
2025,12,3,1,2,21,3,1,10.0,1544000.0,56.0
2025,12,1,1,1,48,1,2,8.0,3917000.0,85.0
2025,12,1,1,2,50,1,1,5.0,1683000.0,56.0
2025,12,1,1,2,48,1,2,10.0,5326000.0,84.0
2025,12,2,1,2,33,2,2,5.0,1367000.0,85.0
2025,12,2,1,2,28,2,2,8.0,1426000.0,86.0
2025,12,1,1,2,43,1,2,8.0,1463000.0,47.0
2025,12,1,1,1,35,1,2,5.0,2076000.0,49.0
2025,12,3,1,1,29,3,1,5.0,2806000.0,85.0
2025,12,2,1,1,29,2,2,5.0,1462000.0,41.0
2025,12,1,1,1,69,1,2,5.0,2869000.0,41.0
2025,12,2,1,1,45,2,3,6.0,1688000.0,10.0
2025,12,1,1,1,38,1,2,11.0,635000.0,74.0
2025,12,2,1,2,27,2,2,5.0,1552000.0,86.0
2025,12,1,1,1,26,1,2,4.0,731000.0,3.0
2025,12,1,1,1,28,1,2,3.0,1055000.0,45.0
2025,12,1,1,1,29,1,2,9.0,4286000.0,29.0
2025,12,1,1,2,77,1,3,3.0,705000.0,97.0
2025,12,2,1,1,29,3,1,5.0,1656000.0,96.0
2025,12,1,1,1,82,1,3,3.0,621000.0,47.0
2025,12,1,1,2,34,1,3,11.0,10410000.0,84.0
2025,12,4,1,1,24,3,1,10.0,3847000.0,86.0
2025,12,1,1,1,38,1,2,5.0,2967000.0,25.0
2025,12,1,1,1,35,1,3,10.0,883000.0,93.0
2025,12,3,1,2,35,7,2,5.0,1291000.0,82.0
2025,12,1,1,2,24,1,2,5.0,745000.0,1.0
2025,12,2,1,1,39,2,3,5.0,1624000.0,47.0
2025,12,1,1,2,33,1,1,8.0,1407000.0,85.0
2025,12,1,1,1,67,1,2,11.0,5866000.0,85.0
2025,12,3,1,2,22,3,1,8.0,1341000.0,61.0
2025,12,3,1,2,26,7,2,8.0,892000.0,92.0
2025,12,2,1,2,69,2,3,3.0,182000.0,1.0
2025,12,1,1,2,46,1,3,5.0,1966000.0,84.0
2025,12,2,1,1,57,2,2,3.0,1292000.0,1.0
2025,12,1,1,2,50,1,2,3.0,1003000.0,97.0
2025,12,1,1,2,55,1,2,5.0,926000.0,96.0
2025,12,1,1,1,55,1,2,5.0,2853000.0,41.0
2025,12,1,1,2,54,1,2,4.0,893000.0,96.0
2025,12,2,1,1,28,2,2,4.0,1820000.0,47.0
2025,12,1,1,1,76,1,3,3.0,1224000.0,56.0
2025,12,2,1,2,34,2,2,8.0,1392000.0,86.0
2025,12,2,1,1,64,2,3,4.0,943000.0,68.0
2025,12,2,1,2,38,2,3,5.0,1292000.0,77.0
2025,12,2,1,1,27,3,2,4.0,2297000.0,47.0
2025,12,3,1,1,27,3,1,10.0,1835000.0,61.0
2025,12,1,1,1,60,1,3,5.0,1878000.0,49.0
2025,12,1,1,1,53,1,2,11.0,4210000.0,84.0
2025,12,2,1,1,37,2,2,12.0,17880000.0,64.0
2025,12,1,1,1,47,1,2,3.0,1510000.0,1.0
2025,12,2,1,2,50,2,3,10.0,6039000.0,84.0
2025,12,6,1,2,28,9,1,10.0,1398000.0,31.0
2025,12,1,1,2,58,1,3,5.0,2174000.0,84.0
2025,12,2,1,2,32,3,1,10.0,1036000.0,23.0
2025,12,1,1,2,35,1,2,9.0,1389000.0,2.0
2025,12,3,1,1,48,7,2,5.0,1359000.0,49.0
2025,12,1,1,1,41,1,2,5.0,1280000.0,33.0
2025,12,1,1,2,46,1,2,3.0,670000.0,97.0
2025,12,3,1,1,20,3,1,5.0,2156000.0,26.0
2025,12,2,1,1,40,2,2,5.0,689000.0,47.0
2025,12,1,1,1,50,1,2,3.0,1134000.0,41.0
2025,12,3,1,2,18,3,1,5.0,0.0,1.0
2025,12,2,1,2,42,2,2,9.0,1172000.0,47.0
2025,12,1,1,1,34,1,2,4.0,291000.0,23.0
2025,12,2,1,1,46,2,2,10.0,8502000.0,47.0
2025,12,1,1,2,73,1,2,11.0,3778000.0,82.0
2025,12,2,1,2,55,6,2,4.0,100000.0,81.0
2025,12,1,1,2,45,1,2,4.0,706000.0,97.0
2025,12,6,1,2,42,3,1,5.0,795000.0,56.0
2025,12,2,1,2,21,6,2,9.0,1868000.0,96.0
2025,12,2,1,2,38,2,2,5.0,100000.0,81.0
2025,12,1,1,2,51,1,3,4.0,1401000.0,56.0
2025,12,1,1,2,33,1,2,12.0,5043000.0,85.0
2025,12,3,1,2,21,3,1,10.0,1177000.0,10.0
2025,12,1,1,1,63,1,3,10.0,2563000.0,94.0
2025,12,1,1,2,41,1,1,10.0,1612000.0,86.0
2025,12,2,1,2,24,9,2,10.0,3411000.0,52.0
2025,12,2,1,2,38,2,2,5.0,1347000.0,81.0
2025,12,4,1,2,23,3,1,5.0,1098000.0,47.0
2025,12,2,1,2,49,2,3,6.0,1690000.0,81.0
2025,12,1,1,2,25,1,2,5.0,1557000.0,82.0
2025,12,1,1,1,28,1,2,8.0,4113000.0,84.0
2025,12,2,1,1,23,3,3,5.0,499000.0,10.0
2025,12,1,1,1,68,1,3,10.0,5207000.0,84.0
2025,12,1,1,1,30,1,2,4.0,1372000.0,14.0
2025,12,1,1,2,18,1,2,5.0,918000.0,1.0
2025,12,2,1,2,27,3,1,10.0,831000.0,81.0
2025,12,1,2,2,20,1,2,10.0,539000.0,81.0
2025,12,3,1,2,24,3,1,10.0,1452000.0,94.0
2025,12,2,1,2,50,2,2,5.0,893000.0,96.0
2025,12,1,1,1,31,1,2,6.0,2398000.0,31.0
2025,12,1,1,2,33,1,2,3.0,1122000.0,56.0
2025,12,3,1,2,33,3,1,10.0,3447000.0,86.0
2025,12,2,2,2,26,2,2,5.0,1307000.0,82.0
2025,12,2,1,1,23,2,2,5.0,3083000.0,47.0
2025,12,1,1,1,54,1,3,9.0,2038000.0,49.0
2025,12,1,1,2,44,1,2,5.0,1300000.0,47.0
2025,12,1,1,1,47,1,2,5.0,2067000.0,36.0
2025,12,1,2,2,45,1,2,3.0,259000.0,10.0
2025,12,2,1,1,65,2,3,8.0,2439000.0,45.0
2025,12,1,1,2,42,1,2,13.0,4633000.0,85.0
2025,12,2,1,2,24,3,1,10.0,1251000.0,69.0
2025,12,1,1,2,67,1,3,3.0,1048000.0,56.0
2025,12,1,1,1,44,1,2,3.0,1949000.0,1.0
2025,12,1,1,2,62,1,1,1.0,159000.0,32.0
2025,12,1,1,1,55,1,3,9.0,4625000.0,21.0
2025,12,1,1,2,57,1,1,4.0,0.0,97.0
2025,12,1,1,2,30,1,2,10.0,3741000.0,69.0
2025,12,3,1,2,29,3,2,8.0,1004000.0,47.0
2025,12,3,1,2,38,3,3,5.0,1044000.0,56.0
2025,12,2,1,2,39,2,3,6.0,1190000.0,94.0
2025,12,2,1,2,46,2,3,3.0,1070000.0,1.0
2025,12,1,1,2,45,1,2,8.0,1542000.0,96.0
2025,12,3,1,1,31,13,2,6.0,2399000.0,10.0
2025,12,1,1,1,50,1,2,4.0,1997000.0,36.0
2025,12,3,1,2,34,3,1,9.0,2874000.0,55.0
2025,12,1,1,2,52,1,3,5.0,2334000.0,45.0
2025,12,1,1,2,38,1,2,9.0,1472000.0,84.0
2025,12,1,1,2,26,1,2,5.0,581000.0,10.0
2025,12,1,1,2,41,1,2,4.0,552000.0,81.0
2025,12,2,1,1,40,3,1,6.0,1199000.0,31.0
2025,12,3,1,2,28,3,1,10.0,1462000.0,69.0
2025,12,2,1,1,20,3,1,5.0,875000.0,1.0
2025,12,3,1,2,23,8,1,5.0,1545000.0,47.0
2025,12,2,1,1,26,3,1,8.0,3485000.0,56.0
2025,12,2,1,2,26,2,2,10.0,170000.0,47.0
2025,12,2,1,1,43,2,2,3.0,2319000.0,1.0
2025,12,1,1,2,47,1,2,5.0,230000.0,96.0
2025,12,1,1,1,34,1,2,11.0,4903000.0,84.0
2025,12,1,1,1,30,1,2,7.0,4954000.0,85.0
2025,12,2,1,2,48,2,2,5.0,485000.0,47.0
2025,12,1,1,2,51,1,2,5.0,864000.0,56.0
2025,12,3,1,2,23,3,1,10.0,1281000.0,47.0
2025,12,1,1,1,66,1,3,1.0,760000.0,85.0
2025,12,4,1,2,64,4,3,4.0,1801000.0,77.0
2025,12,1,1,2,56,1,2,5.0,727000.0,47.0
2025,12,1,1,2,25,1,2,5.0,0.0,81.0
2025,12,1,1,1,34,1,2,9.0,1632000.0,61.0
2025,12,2,1,2,27,2,2,10.0,1791000.0,47.0
2025,12,1,1,1,29,1,2,4.0,1041000.0,47.0
2025,12,1,1,1,49,1,2,5.0,2035000.0,47.0
2025,12,2,1,2,33,9,2,8.0,1867000.0,86.0
2025,12,1,1,2,48,1,2,5.0,1906000.0,14.0
2025,12,2,1,2,38,2,2,9.0,1104000.0,55.0
2025,12,2,1,1,26,2,2,5.0,1683000.0,41.0
2025,12,3,1,1,21,3,1,5.0,509000.0,45.0
2025,12,1,1,2,39,1,2,5.0,771000.0,46.0
2025,12,1,1,1,53,1,2,5.0,2038000.0,53.0
2025,12,1,1,2,73,1,2,4.0,950000.0,47.0
2025,12,1,1,1,45,1,3,1.0,3181000.0,45.0
2025,12,2,1,2,70,3,1,6.0,100000.0,96.0
2025,12,1,1,2,51,1,2,8.0,2947000.0,30.0
2025,12,6,1,1,50,6,3,5.0,433000.0,56.0
2025,12,1,1,1,49,1,2,8.0,8643000.0,84.0
2025,12,1,1,1,28,1,2,4.0,1311000.0,49.0
2025,12,1,1,2,44,1,2,5.0,2240000.0,25.0
2025,12,1,1,1,36,1,2,5.0,1980000.0,41.0
2025,12,2,1,2,41,13,2,5.0,0.0,47.0
2025,12,1,1,1,46,1,2,8.0,6186000.0,84.0
2025,12,3,1,2,32,3,1,10.0,1786000.0,86.0
2025,12,1,1,2,49,1,1,11.0,14084000.0,84.0
2025,12,1,1,1,42,1,2,10.0,4565000.0,17.0
2025,12,1,1,1,44,1,2,5.0,1719000.0,10.0
2025,12,1,1,2,41,1,3,9.0,1276000.0,5.0
2025,12,1,1,2,45,1,2,11.0,2984000.0,85.0
2025,12,1,1,2,49,1,2,11.0,7053000.0,85.0
2025,12,2,1,1,22,2,2,5.0,1548000.0,47.0
2025,12,1,1,2,31,1,2,8.0,1724000.0,86.0
2025,12,3,1,2,56,3,1,3.0,183000.0,13.0
2025,12,1,1,1,34,1,2,11.0,7621000.0,86.0
2025,12,3,1,1,28,3,1,10.0,2198000.0,86.0
2025,12,1,1,2,43,1,2,8.0,230000.0,14.0
2025,12,1,1,1,38,1,2,10.0,5646000.0,64.0
2025,12,2,1,2,33,2,2,4.0,1343000.0,96.0
2025,12,1,1,2,34,1,3,5.0,1247000.0,47.0
2025,12,4,1,1,28,3,1,3.0,853000.0,52.0
2025,12,1,1,2,50,1,3,10.0,1415000.0,47.0
2025,12,1,1,1,31,1,2,10.0,4280000.0,10.0
2025,12,2,1,2,34,2,2,10.0,2010000.0,69.0
2025,12,2,1,2,37,2,2,10.0,1972000.0,42.0
2025,12,1,1,1,65,1,2,10.0,100000.0,47.0
2025,12,1,1,1,40,1,2,3.0,2763000.0,1.0
2025,12,3,1,2,33,9,3,8.0,392000.0,88.0
2025,12,1,1,2,56,1,1,9.0,1761000.0,47.0
2025,12,2,1,2,29,3,1,10.0,2351000.0,10.0
2025,12,2,1,1,38,2,2,3.0,1107000.0,38.0
2025,12,2,1,1,65,2,3,5.0,2487000.0,45.0
2025,12,1,1,2,28,1,2,9.0,1912000.0,96.0
2025,12,1,1,2,61,1,2,8.0,2644000.0,35.0
2025,12,1,1,2,38,1,2,5.0,1428000.0,97.0
2025,12,1,1,2,42,1,2,4.0,968000.0,97.0
2025,12,2,1,1,69,2,3,3.0,1943000.0,56.0
2025,12,2,1,2,23,3,1,5.0,500000.0,96.0
2025,12,1,1,1,78,1,3,1.0,3439000.0,1.0
2025,12,1,1,2,77,1,3,10.0,4037000.0,85.0
2025,12,2,1,1,30,2,2,4.0,2082000.0,45.0
2025,12,1,1,2,64,1,2,11.0,3801000.0,85.0
2025,12,2,1,2,28,3,1,11.0,3437000.0,84.0
2025,12,2,1,2,40,2,2,8.0,1295000.0,46.0
2025,12,1,1,1,61,1,2,8.0,1410000.0,49.0
2025,12,2,1,2,39,2,3,12.0,4070000.0,85.0
2025,12,3,1,2,21,3,1,5.0,707000.0,96.0
2025,12,1,1,2,55,1,2,8.0,0.0,56.0
2025,12,1,1,2,69,1,3,5.0,1493000.0,56.0
2025,12,1,1,2,51,1,2,4.0,727000.0,97.0
2025,12,1,1,1,29,1,2,5.0,2138000.0,41.0
2025,12,4,1,1,26,3,1,5.0,1415000.0,23.0
2025,12,1,1,1,25,1,2,5.0,1597000.0,49.0
2025,12,2,1,2,30,2,2,5.0,1184000.0,47.0
2025,12,2,1,1,34,9,2,10.0,4964000.0,84.0
2025,12,3,1,2,21,3,1,9.0,2879000.0,85.0
2025,12,1,1,1,62,1,3,3.0,2162000.0,16.0
2025,12,1,1,2,36,1,2,10.0,2498000.0,86.0
2025,12,1,1,1,35,1,2,5.0,2078000.0,24.0
2025,12,5,1,2,42,3,1,5.0,1292000.0,47.0
2025,12,3,1,2,41,3,1,10.0,2572000.0,84.0
2025,12,1,1,2,20,1,2,4.0,100000.0,15.0
2025,12,1,1,1,36,1,2,3.0,0.0,1.0
2025,12,2,1,1,39,2,2,5.0,2515000.0,41.0
2025,12,1,1,1,53,1,2,5.0,3312000.0,49.0
2025,12,2,1,2,28,2,2,10.0,2988000.0,84.0
2025,12,1,1,1,68,1,3,3.0,555000.0,1.0
2025,12,1,1,2,35,1,2,8.0,852000.0,56.0
2025,12,1,1,1,36,1,2,10.0,5604000.0,84.0
2025,12,1,1,2,33,1,2,8.0,1226000.0,86.0
2025,12,2,1,2,32,2,2,6.0,473000.0,95.0
2025,12,1,1,2,39,1,3,5.0,593000.0,97.0
2025,12,1,1,1,54,1,3,3.0,3157000.0,42.0
2025,12,1,1,1,28,1,2,5.0,1706000.0,47.0
2025,12,1,1,2,22,1,2,10.0,839000.0,85.0
2025,12,5,1,1,31,3,1,3.0,1440000.0,1.0
2025,12,1,1,1,45,1,2,3.0,1391000.0,3.0
2025,12,1,1,1,26,1,2,5.0,2018000.0,56.0
2025,12,1,1,1,70,1,3,9.0,185000.0,58.0
2025,12,2,1,1,36,3,1,3.0,1672000.0,1.0
2025,12,1,1,2,31,1,2,10.0,1270000.0,47.0
2025,12,3,1,2,49,4,2,8.0,6099000.0,47.0
2025,12,3,1,1,33,3,1,5.0,1440000.0,49.0
2025,12,1,1,1,41,1,2,5.0,2900000.0,49.0
2025,12,2,1,1,57,6,2,5.0,846000.0,31.0
2025,12,1,1,2,32,1,2,10.0,1467000.0,85.0
2025,12,1,1,2,43,1,2,3.0,1149000.0,81.0
2025,12,1,1,1,46,1,2,4.0,1479000.0,3.0
2025,12,3,1,1,29,3,1,8.0,1717000.0,56.0
2025,12,3,1,2,32,9,2,5.0,927000.0,96.0
2025,12,1,1,2,30,1,2,4.0,996000.0,10.0
2025,12,1,1,2,61,1,3,4.0,2211000.0,47.0
2025,12,1,1,1,59,1,3,3.0,969000.0,1.0
2025,12,1,1,2,45,1,2,4.0,1522000.0,93.0
2025,12,2,1,2,33,2,2,1.0,148000.0,15.0
2025,12,2,1,2,51,2,2,11.0,7336000.0,84.0
2025,12,1,1,2,51,1,2,10.0,1800000.0,47.0
2025,12,3,1,2,22,3,1,5.0,526000.0,97.0
2025,12,1,1,2,43,1,2,9.0,896000.0,97.0
2025,12,1,1,1,28,1,2,10.0,1598000.0,55.0
2025,12,1,1,1,25,1,2,5.0,2012000.0,15.0
2025,12,2,1,2,32,2,2,10.0,3460000.0,85.0
2025,12,2,1,1,58,2,2,3.0,1911000.0,90.0
2025,12,1,1,1,42,1,2,9.0,1739000.0,49.0
2025,12,2,1,1,73,2,3,3.0,1645000.0,23.0
2025,12,3,1,1,52,3,1,3.0,1756000.0,25.0
2025,12,1,1,1,29,1,2,9.0,4217000.0,93.0
2025,12,2,1,2,61,2,2,5.0,1466000.0,86.0
2025,12,1,1,2,25,1,2,8.0,1899000.0,97.0
2025,12,1,1,1,73,1,3,3.0,2260000.0,1.0
2025,12,2,1,1,31,3,3,4.0,463000.0,1.0
2025,12,1,1,2,38,1,2,5.0,0.0,47.0
2025,12,1,1,2,25,1,1,8.0,1472000.0,75.0
2025,12,1,1,1,60,1,3,10.0,1535000.0,79.0
2025,12,2,1,2,45,2,2,5.0,1387000.0,86.0
2025,12,1,1,1,62,1,3,10.0,1046000.0,15.0
2025,12,1,1,1,29,1,2,5.0,2813000.0,95.0
2025,12,2,1,2,39,2,2,9.0,2216000.0,86.0
2025,12,2,1,2,21,3,1,5.0,731000.0,47.0
2025,12,1,1,2,61,1,2,5.0,1357000.0,46.0
2025,12,1,1,2,58,1,1,8.0,467000.0,97.0
2025,12,2,1,1,20,2,2,4.0,1381000.0,41.0
2025,12,1,1,1,43,1,2,3.0,2030000.0,45.0
2025,12,1,1,1,76,1,3,3.0,1352000.0,1.0
2025,12,1,1,1,37,1,2,5.0,2008000.0,41.0
2025,12,2,1,2,28,2,2,11.0,1804000.0,27.0
2025,12,2,1,2,27,3,1,5.0,1129000.0,96.0
2025,12,1,1,1,35,1,2,5.0,1716000.0,56.0
2025,12,1,1,1,48,1,3,3.0,1834000.0,41.0
2025,12,1,1,1,53,1,2,3.0,1588000.0,31.0
2025,12,1,1,1,42,1,3,5.0,539000.0,1.0
2025,12,2,1,2,55,2,2,12.0,0.0,85.0
2025,12,2,1,1,26,2,2,10.0,3151000.0,84.0
2025,12,1,1,2,43,1,2,10.0,2844000.0,86.0
2025,12,4,1,2,44,3,1,3.0,1632000.0,55.0
2025,12,1,1,1,49,1,2,5.0,2058000.0,33.0
2025,12,4,1,2,26,3,1,10.0,405000.0,47.0
2025,12,1,1,1,44,1,3,10.0,5282000.0,85.0
2025,12,2,1,1,34,2,2,4.0,612000.0,81.0
2025,12,1,1,2,36,1,1,10.0,2996000.0,85.0
2025,12,1,1,1,48,1,2,3.0,1226000.0,47.0
2025,12,1,1,1,37,1,2,5.0,1581000.0,49.0
2025,12,1,1,1,50,1,2,3.0,875000.0,41.0
2025,12,1,1,2,27,1,2,13.0,3936000.0,69.0
2025,12,2,1,1,20,3,1,5.0,413000.0,14.0
2025,12,2,1,2,33,2,2,9.0,1174000.0,85.0
2025,12,3,1,1,32,3,1,10.0,1394000.0,71.0
2025,12,1,1,1,34,1,2,10.0,3419000.0,80.0
2025,12,1,1,1,29,1,2,10.0,3640000.0,85.0
2025,12,5,1,1,32,9,2,4.0,2050000.0,49.0
2025,12,1,1,1,44,1,2,8.0,1922000.0,18.0
2025,12,1,1,1,55,1,2,3.0,1541000.0,15.0
2025,12,3,1,1,27,3,1,11.0,3554000.0,84.0
2025,12,2,1,2,59,2,3,9.0,1926000.0,47.0
2025,12,1,1,2,55,1,1,10.0,2043000.0,45.0
2025,12,1,1,1,81,1,3,3.0,391000.0,1.0
2025,12,1,1,1,51,1,2,3.0,271000.0,1.0
2025,12,1,1,1,45,1,2,11.0,4230000.0,88.0
2025,12,1,1,2,54,1,2,1.0,1679000.0,56.0
2025,12,1,1,1,35,1,2,5.0,297000.0,8.0
2025,12,5,1,2,44,7,2,8.0,2669000.0,62.0
2025,12,1,1,2,65,1,3,8.0,453000.0,14.0
2025,12,2,1,2,58,2,2,5.0,1543000.0,47.0
2025,12,1,1,1,48,1,3,3.0,1565000.0,1.0
2025,12,3,1,2,19,3,1,5.0,0.0,96.0
2025,12,5,1,1,44,7,2,4.0,1017000.0,49.0
2025,12,2,1,2,53,2,3,10.0,286000.0,32.0
2025,12,1,1,2,65,1,3,3.0,657000.0,10.0
2025,12,1,1,1,34,1,2,5.0,1427000.0,45.0
2025,12,1,1,1,42,1,2,3.0,1618000.0,1.0
2025,12,1,1,1,38,1,2,6.0,5388000.0,45.0
2025,12,1,1,2,26,1,2,5.0,1638000.0,45.0
2025,12,1,1,1,79,1,3,3.0,1842000.0,47.0
2025,12,3,1,2,44,3,1,3.0,875000.0,81.0
2025,12,1,1,2,37,1,2,5.0,1514000.0,56.0
2025,12,1,1,2,50,1,2,4.0,950000.0,95.0
2025,12,3,1,1,75,9,3,3.0,0.0,1.0
2025,12,1,1,1,57,1,2,4.0,1510000.0,52.0
2025,12,2,1,1,22,3,1,5.0,1564000.0,41.0
2025,12,1,1,2,51,1,2,10.0,1643000.0,47.0
2025,12,2,1,1,26,2,2,10.0,1843000.0,68.0
2025,12,1,1,2,70,1,3,11.0,3136000.0,69.0
2025,12,1,1,1,22,1,2,5.0,1622000.0,49.0
2025,12,1,1,2,40,1,2,5.0,1306000.0,86.0
2025,12,3,1,2,18,8,1,10.0,1400000.0,47.0
2025,12,1,1,2,33,1,2,5.0,1115000.0,56.0
2025,12,3,1,1,18,9,2,4.0,631000.0,45.0
2025,12,1,1,2,29,1,2,5.0,1463000.0,47.0
2025,12,2,1,1,30,3,1,5.0,918000.0,1.0
2025,12,3,1,1,26,3,1,10.0,2133000.0,45.0
2025,12,1,1,1,34,1,2,5.0,2480000.0,33.0
2025,12,1,1,1,58,1,2,5.0,1967000.0,91.0
2025,12,3,1,2,28,3,1,10.0,1206000.0,71.0
2025,12,1,1,1,52,1,2,11.0,11653000.0,42.0
2025,12,2,1,1,44,3,1,9.0,748000.0,56.0
2025,12,2,1,1,41,2,2,11.0,2819000.0,10.0
2025,12,3,1,2,43,3,1,4.0,1564000.0,47.0
2025,12,2,1,2,24,3,3,10.0,1417000.0,47.0
2025,12,1,1,1,41,1,2,10.0,2663000.0,49.0
2025,12,1,1,1,71,1,3,10.0,4593000.0,84.0
2025,12,1,1,1,64,1,3,6.0,2635000.0,96.0
2025,12,4,1,2,24,3,1,5.0,1183000.0,47.0
2025,12,1,1,1,31,1,2,3.0,3954000.0,16.0
2025,12,3,1,1,40,3,1,4.0,1786000.0,31.0
2025,12,3,1,2,26,3,1,10.0,2055000.0,88.0
2025,12,1,1,2,39,1,2,3.0,1324000.0,96.0
2025,12,2,1,2,37,3,1,10.0,4011000.0,85.0
2025,12,1,1,2,47,1,3,3.0,1189000.0,97.0
2025,12,3,1,1,31,3,1,5.0,2255000.0,10.0
2025,12,3,1,1,28,8,2,1.0,438000.0,45.0
2025,12,1,1,1,24,1,2,5.0,1710000.0,47.0
2025,12,1,1,1,61,1,3,5.0,2221000.0,25.0
2025,12,3,1,1,53,3,1,1.0,1088000.0,1.0
2025,12,1,1,1,49,1,2,8.0,3630000.0,47.0
2025,12,1,1,2,48,1,2,5.0,1521000.0,56.0
2025,12,1,1,2,74,1,3,1.0,0.0,31.0
2025,12,1,1,2,54,1,3,5.0,649000.0,47.0
2025,12,3,1,1,27,3,1,3.0,977000.0,49.0
2025,12,1,1,2,46,1,2,5.0,1692000.0,47.0
2025,12,1,1,1,39,1,2,9.0,678000.0,1.0
2025,12,1,1,1,62,1,3,5.0,3508000.0,49.0
2025,12,1,1,2,36,1,2,5.0,1496000.0,47.0
2025,12,2,1,2,24,9,2,10.0,1030000.0,56.0
2025,12,2,1,1,43,2,2,5.0,1525000.0,24.0
2025,12,1,1,1,65,1,3,5.0,3122000.0,41.0
2025,12,2,1,2,46,3,1,10.0,0.0,84.0
2025,12,1,1,2,26,1,2,4.0,965000.0,56.0
2025,12,1,1,1,46,1,2,8.0,2006000.0,45.0
2025,12,2,1,1,70,2,3,1.0,1887000.0,41.0
2025,12,4,1,1,21,7,2,5.0,458000.0,93.0
2025,12,1,1,1,37,1,2,6.0,5643000.0,47.0
2025,12,1,1,2,54,1,2,6.0,1379000.0,14.0
2025,12,1,1,2,63,1,2,4.0,1470000.0,47.0
2025,12,1,1,2,45,1,1,5.0,1257000.0,45.0
2025,12,4,1,2,19,7,2,5.0,1354000.0,56.0
2025,12,1,1,2,46,1,2,5.0,1492000.0,87.0
2025,12,2,1,2,64,2,3,3.0,475000.0,81.0
2025,12,2,1,1,33,3,1,5.0,1910000.0,53.0
2025,12,1,1,2,38,1,2,8.0,1790000.0,86.0
2025,12,2,1,2,51,3,1,5.0,100000.0,56.0
2025,12,2,1,1,25,3,2,5.0,2933000.0,1.0
2025,12,2,1,2,52,2,2,5.0,2051000.0,86.0
2025,12,1,1,1,30,1,2,6.0,1891000.0,1.0
2025,12,2,1,2,48,2,2,3.0,621000.0,47.0
2025,12,1,1,2,44,1,2,11.0,3325000.0,41.0
2025,12,1,1,1,65,1,3,3.0,1770000.0,1.0
2025,12,1,1,1,46,1,2,4.0,3117000.0,49.0
2025,12,1,1,1,25,1,2,10.0,2772000.0,58.0
2025,12,2,1,2,56,2,2,9.0,1453000.0,47.0
2025,12,1,1,1,36,1,2,5.0,1480000.0,82.0
2025,12,1,1,1,40,1,2,8.0,2273000.0,25.0
2025,12,4,1,2,44,13,3,11.0,2387000.0,66.0
2025,12,2,1,1,23,13,2,5.0,3004000.0,7.0
2025,12,1,1,1,22,1,2,9.0,1561000.0,68.0
2025,12,1,1,2,48,1,2,5.0,2984000.0,70.0
2025,12,1,1,2,39,1,2,8.0,1097000.0,86.0
2025,12,3,1,2,23,3,1,10.0,673000.0,47.0
2025,12,1,1,2,45,1,2,5.0,3097000.0,10.0
2025,12,1,1,1,45,1,3,1.0,1886000.0,49.0
2025,12,1,1,1,32,1,2,8.0,1526000.0,30.0
2025,12,2,1,2,67,3,1,3.0,652000.0,96.0
2025,12,1,1,2,57,1,3,5.0,176000.0,56.0
2025,12,2,1,1,42,3,3,10.0,918000.0,49.0
2025,12,1,1,1,43,1,3,9.0,6920000.0,17.0
2025,12,2,1,2,29,2,2,9.0,1557000.0,47.0
2025,12,1,1,2,41,1,2,8.0,2797000.0,65.0
2025,12,1,1,1,53,1,3,5.0,1071000.0,47.0
2025,12,2,1,2,37,3,1,3.0,402000.0,81.0
2025,12,1,1,1,57,1,3,3.0,2009000.0,46.0
2025,12,2,1,1,26,3,1,11.0,3675000.0,43.0
2025,12,2,1,2,25,2,2,10.0,4094000.0,82.0
2025,12,2,1,2,46,2,3,4.0,631000.0,81.0
2025,12,2,1,2,55,9,2,5.0,394000.0,55.0
2025,12,4,1,1,20,3,1,10.0,3122000.0,1.0
2025,12,1,1,1,30,1,2,8.0,1576000.0,64.0
2025,12,1,1,1,51,1,2,5.0,2151000.0,77.0
2025,12,1,1,1,32,1,2,11.0,6196000.0,71.0
2025,12,2,1,2,26,3,1,10.0,424000.0,56.0
2025,12,1,1,2,54,1,2,10.0,1465000.0,64.0
2025,12,2,1,2,59,2,2,11.0,5414000.0,85.0
2025,12,1,1,1,49,1,2,8.0,3032000.0,5.0
2025,12,1,1,1,65,1,3,3.0,1402000.0,41.0
2025,12,1,1,1,20,1,3,4.0,1597000.0,41.0
2025,12,1,1,2,30,1,2,9.0,1929000.0,47.0
2025,12,1,1,1,50,1,2,5.0,2251000.0,47.0
2025,12,1,1,2,54,1,3,3.0,2896000.0,47.0
2025,12,1,1,2,37,1,3,4.0,529000.0,15.0
2025,12,2,1,2,52,2,2,5.0,202000.0,1.0
2025,12,1,1,1,64,1,3,10.0,394000.0,74.0
2025,12,3,1,2,38,3,1,8.0,429000.0,74.0
2025,12,2,1,2,25,2,2,9.0,1501000.0,86.0
2025,12,1,1,2,60,1,3,5.0,1311000.0,68.0
2025,12,1,1,1,40,1,2,6.0,2246000.0,45.0
2025,12,1,1,2,33,1,2,10.0,204000.0,47.0
2025,12,1,1,2,52,1,3,4.0,1696000.0,86.0
2025,12,1,1,1,65,1,3,3.0,1611000.0,1.0
2025,12,1,1,1,34,1,2,6.0,2814000.0,84.0
2025,12,3,1,2,29,3,1,8.0,1190000.0,96.0
2025,12,3,1,1,35,3,1,8.0,155000.0,56.0
2025,12,1,1,2,52,1,2,8.0,2682000.0,86.0
2025,12,1,1,2,51,1,2,4.0,844000.0,97.0
2025,12,1,1,1,49,1,2,4.0,1850000.0,77.0
2025,12,1,1,1,33,1,3,5.0,906000.0,96.0
2025,12,1,1,2,44,1,3,3.0,399000.0,56.0
2025,12,1,1,2,52,1,2,5.0,835000.0,81.0
2025,12,1,1,2,35,1,2,11.0,15499000.0,84.0
2025,12,1,1,2,58,1,3,10.0,946000.0,86.0
2025,12,3,1,2,32,13,3,6.0,1079000.0,47.0
2025,12,5,1,2,59,9,1,5.0,590000.0,14.0
2025,12,1,1,2,53,1,2,8.0,1699000.0,47.0
2025,12,2,1,2,35,2,2,9.0,2036000.0,96.0
2025,12,1,1,1,60,1,3,3.0,2632000.0,49.0
2025,12,1,1,2,40,1,2,3.0,184000.0,16.0
2025,12,1,1,1,33,1,2,5.0,2154000.0,47.0
2025,12,2,1,1,39,9,2,5.0,1896000.0,46.0
2025,12,1,1,1,62,1,3,4.0,1633000.0,53.0
2025,12,1,1,2,26,1,2,4.0,817000.0,47.0
2025,12,1,1,2,60,1,3,3.0,1361000.0,81.0
2025,12,2,1,1,49,2,3,3.0,1703000.0,47.0
2025,12,1,1,1,59,1,2,3.0,897000.0,43.0
2025,12,2,1,2,61,2,3,5.0,1722000.0,56.0
2025,12,2,1,2,28,3,1,5.0,1138000.0,65.0
2025,12,3,1,2,31,3,1,11.0,2672000.0,84.0
2025,12,2,1,1,18,9,2,5.0,752000.0,56.0
2025,12,6,1,1,38,6,1,5.0,1849000.0,56.0
2025,12,2,1,2,24,3,1,5.0,180000.0,96.0
2025,12,1,1,1,30,1,3,4.0,1408000.0,49.0
2025,12,1,1,1,65,1,3,4.0,1066000.0,56.0
2025,12,1,1,2,49,1,3,3.0,1582000.0,97.0
2025,12,2,1,2,29,3,1,3.0,1396000.0,14.0
2025,12,1,1,1,31,1,2,10.0,1880000.0,47.0
2025,12,1,1,1,28,1,2,10.0,772000.0,49.0
2025,12,2,1,2,42,2,2,5.0,3529000.0,56.0
2025,12,1,1,2,44,1,2,5.0,1498000.0,94.0
2025,12,2,1,2,27,2,2,5.0,502000.0,97.0
2025,12,1,1,1,34,1,2,11.0,8073000.0,71.0
2025,12,3,1,1,43,3,1,5.0,1872000.0,49.0
2025,12,1,1,2,34,1,2,10.0,2082000.0,84.0
2025,12,2,1,2,44,2,2,5.0,418000.0,14.0
2025,12,3,1,2,26,3,1,10.0,2147000.0,71.0
2025,12,1,1,2,45,1,2,5.0,1454000.0,42.0
2025,12,1,1,1,45,1,2,5.0,2073000.0,96.0
2025,12,1,1,1,63,1,3,5.0,1649000.0,1.0
2025,12,2,1,1,32,2,1,5.0,1540000.0,56.0
2025,12,1,1,2,51,1,2,5.0,1829000.0,56.0
2025,12,1,1,1,60,1,3,3.0,828000.0,47.0
2025,12,4,1,1,23,13,2,10.0,583000.0,47.0
2025,12,2,1,2,42,2,2,5.0,1298000.0,56.0
2025,12,3,1,2,46,3,1,12.0,4058000.0,86.0
2025,12,1,1,1,60,1,3,10.0,6166000.0,47.0
2025,12,1,1,2,31,1,2,5.0,0.0,97.0
2025,12,1,1,1,71,1,3,5.0,4783000.0,47.0
2025,12,2,1,2,23,3,1,10.0,3098000.0,46.0
2025,12,3,1,1,24,3,1,5.0,3008000.0,49.0
2025,12,2,1,1,40,2,2,1.0,955000.0,31.0
2025,12,1,1,1,30,1,2,9.0,1555000.0,93.0
2025,12,1,1,1,32,1,2,12.0,14226000.0,85.0
2025,12,1,1,2,28,1,2,5.0,187000.0,10.0
2025,12,1,1,1,30,1,2,10.0,3577000.0,94.0
2025,12,2,1,2,51,2,2,5.0,588000.0,97.0
2025,12,2,1,2,25,9,2,6.0,779000.0,56.0
2025,12,2,1,2,25,3,1,6.0,559000.0,53.0
2025,12,1,1,1,61,1,3,4.0,4352000.0,43.0
2025,12,3,1,1,32,3,1,10.0,1732000.0,49.0
2025,12,1,1,1,58,1,3,9.0,4150000.0,22.0
2025,12,2,1,1,27,3,2,4.0,2361000.0,45.0
2025,12,5,1,1,48,13,2,5.0,3080000.0,1.0
2025,12,3,1,2,32,3,1,10.0,1515000.0,85.0
2025,12,1,1,1,49,1,2,3.0,669000.0,52.0
2025,12,3,1,1,22,3,1,5.0,227000.0,47.0
2025,12,1,1,2,34,1,2,5.0,1445000.0,15.0
2025,12,1,1,2,32,1,1,11.0,3631000.0,84.0
2025,12,2,1,2,25,2,3,10.0,1891000.0,56.0
2025,12,2,1,1,61,2,3,3.0,1065000.0,1.0
2025,12,1,1,1,61,1,3,11.0,9821000.0,85.0
2025,12,1,2,2,49,1,2,11.0,6785000.0,84.0
2025,12,1,1,2,37,1,3,6.0,1331000.0,10.0
2025,12,3,1,1,49,6,3,9.0,1872000.0,68.0
2025,12,1,1,2,54,1,2,10.0,1240000.0,64.0
2025,12,2,1,2,34,3,1,3.0,697000.0,56.0
2025,12,1,1,1,33,1,2,5.0,1529000.0,49.0
2025,12,2,1,2,57,2,3,9.0,1571000.0,47.0
2025,12,2,1,1,40,2,2,4.0,1136000.0,8.0
2025,12,2,1,2,33,2,2,10.0,2788000.0,49.0
2025,12,1,1,2,31,1,2,5.0,906000.0,47.0
2025,12,1,1,1,47,1,2,5.0,1841000.0,80.0
2025,12,1,1,1,48,1,2,10.0,2277000.0,85.0
2025,12,1,1,1,37,1,2,5.0,1697000.0,47.0
2025,12,2,1,1,21,3,2,3.0,1725000.0,1.0
2025,12,1,1,1,70,1,3,4.0,2126000.0,85.0
2025,12,2,1,2,40,2,2,8.0,1168000.0,85.0
2025,12,1,1,1,39,1,2,5.0,4556000.0,47.0
2025,12,1,1,2,38,1,2,4.0,0.0,46.0
2025,12,2,1,2,29,3,2,5.0,891000.0,49.0
2025,12,1,1,1,34,1,3,10.0,2198000.0,52.0
2025,12,1,1,2,65,1,3,10.0,2039000.0,85.0
2025,12,2,1,1,25,3,1,5.0,2095000.0,68.0
2025,12,1,1,1,42,1,2,3.0,1531000.0,47.0
2025,12,1,1,2,33,1,2,3.0,100000.0,81.0
2025,12,2,1,2,49,2,3,10.0,3359000.0,86.0
2025,12,3,1,2,52,3,1,3.0,206000.0,10.0
2025,12,1,1,2,32,1,2,10.0,4150000.0,86.0
2025,12,4,1,2,19,8,2,5.0,1313000.0,47.0
2025,12,1,1,1,25,1,2,8.0,1985000.0,82.0
2025,12,1,1,2,33,1,2,5.0,1950000.0,96.0
2025,12,2,1,2,32,2,2,5.0,1451000.0,86.0
2025,12,1,1,2,39,1,2,10.0,1169000.0,84.0
2025,12,1,1,2,54,1,3,3.0,222000.0,81.0
2025,12,2,1,1,34,2,2,10.0,7392000.0,35.0
2025,12,1,1,1,60,1,3,4.0,1086000.0,47.0
2025,12,1,1,1,55,1,3,5.0,1981000.0,47.0
2025,12,1,1,2,48,1,3,3.0,425000.0,55.0
2025,12,2,1,2,54,13,2,5.0,554000.0,14.0
2025,12,2,1,1,62,2,3,3.0,1131000.0,41.0
2025,12,1,1,1,47,1,2,5.0,0.0,25.0
2025,12,2,1,1,62,3,1,3.0,1993000.0,1.0
2025,12,1,1,1,34,1,2,8.0,1168000.0,95.0
2025,12,2,1,2,27,2,2,4.0,1500000.0,97.0
2025,12,1,1,1,31,1,2,8.0,2111000.0,90.0
2025,12,2,1,1,27,3,1,9.0,2188000.0,64.0
2025,12,1,1,1,41,1,2,9.0,1451000.0,47.0
2025,12,1,1,1,45,1,3,5.0,1802000.0,29.0
2025,12,2,1,2,47,2,2,4.0,1878000.0,14.0
2025,12,1,1,1,53,1,3,5.0,2111000.0,25.0
2025,12,1,1,2,37,1,3,9.0,2727000.0,47.0
2025,12,1,1,2,43,1,2,4.0,307000.0,47.0
2025,12,1,1,2,44,1,2,4.0,1254000.0,86.0
2025,12,1,1,1,21,1,2,4.0,894000.0,1.0
2025,12,1,1,1,32,1,2,10.0,2443000.0,86.0
2025,12,2,1,2,26,2,2,10.0,1583000.0,69.0
2025,12,1,1,2,34,1,3,5.0,1560000.0,47.0
2025,12,2,1,2,22,2,2,5.0,1694000.0,47.0
2025,12,1,1,2,45,1,2,6.0,950000.0,68.0
2025,12,4,1,1,28,3,1,4.0,2805000.0,47.0
2025,12,1,1,1,30,1,2,8.0,2739000.0,86.0
2025,12,1,1,1,67,1,3,12.0,7570000.0,85.0
2025,12,1,1,1,62,1,3,5.0,1722000.0,47.0
2025,12,2,1,2,29,2,2,8.0,2802000.0,64.0
2025,12,1,1,2,59,1,3,4.0,1879000.0,47.0
2025,12,4,1,2,48,6,3,5.0,262000.0,47.0
2025,12,2,1,2,29,2,2,9.0,1087000.0,96.0
2025,12,2,1,1,23,3,1,5.0,1707000.0,47.0
2025,12,1,1,1,77,1,3,10.0,644000.0,69.0
2025,12,1,1,1,55,1,3,4.0,1779000.0,1.0
2025,12,3,1,1,18,3,1,5.0,249000.0,47.0
2025,12,2,1,1,35,6,2,12.0,8915000.0,84.0
2025,12,1,1,2,65,1,3,6.0,447000.0,81.0
2025,12,2,1,1,46,2,2,10.0,3950000.0,84.0
2025,12,5,1,2,54,9,2,4.0,100000.0,96.0
2025,12,2,1,2,25,2,2,10.0,1481000.0,47.0
2025,12,2,1,2,37,2,2,5.0,445000.0,47.0
2025,12,1,1,1,29,1,2,10.0,2825000.0,61.0
2025,12,1,1,2,45,1,2,10.0,1935000.0,73.0
2025,12,2,1,2,42,3,1,3.0,1274000.0,56.0
2025,12,1,1,1,44,1,2,10.0,16942000.0,61.0
2025,12,1,1,2,44,1,2,8.0,917000.0,56.0
2025,12,1,1,2,40,1,1,10.0,2446000.0,47.0
2025,12,3,1,1,25,9,2,10.0,710000.0,56.0
2025,12,3,1,1,18,3,1,5.0,1854000.0,56.0
2025,12,2,1,2,41,2,2,5.0,1013000.0,55.0
2025,12,1,1,2,59,1,3,5.0,823000.0,10.0
2025,12,4,1,2,31,3,1,5.0,846000.0,47.0
2025,12,2,1,1,34,3,1,10.0,1936000.0,82.0
2025,12,1,2,2,39,1,2,5.0,100000.0,47.0
2025,12,5,1,2,26,3,1,5.0,1645000.0,47.0
2025,12,1,1,1,41,1,2,5.0,2515000.0,47.0
2025,12,2,1,2,44,2,2,5.0,1591000.0,47.0
2025,12,2,1,2,39,2,2,9.0,2117000.0,86.0
2025,12,1,1,2,28,1,2,5.0,211000.0,56.0
2025,12,2,1,2,33,3,1,10.0,1427000.0,90.0
2025,12,3,1,2,36,3,1,5.0,252000.0,47.0
2025,12,2,1,1,38,2,2,10.0,2698000.0,85.0
2025,12,2,1,1,26,3,1,10.0,2134000.0,43.0
2025,12,2,1,1,34,2,2,10.0,2508000.0,49.0
2025,12,1,1,1,24,1,2,3.0,453000.0,1.0
2025,12,1,1,2,57,1,3,9.0,1386000.0,47.0
2025,12,1,1,2,53,1,2,10.0,261000.0,14.0
2025,12,2,1,1,26,3,1,10.0,1914000.0,56.0
2025,12,2,1,2,35,2,2,3.0,645000.0,1.0
2025,12,2,1,2,20,2,2,4.0,752000.0,56.0
2025,12,1,1,2,58,1,3,5.0,1115000.0,56.0
2025,12,2,1,2,36,2,2,6.0,1168000.0,10.0
2025,12,1,1,1,38,1,2,5.0,19123000.0,49.0
2025,12,3,1,1,22,3,1,8.0,1350000.0,41.0
2025,12,1,1,2,25,1,2,5.0,1196000.0,47.0
2025,12,2,1,1,58,6,2,3.0,1447000.0,1.0
2025,12,2,1,1,30,2,2,5.0,1640000.0,47.0
2025,12,2,1,2,62,2,3,8.0,2294000.0,47.0
2025,12,1,1,1,57,1,3,10.0,1964000.0,47.0
2025,12,2,1,2,58,3,1,3.0,420000.0,47.0
2025,12,1,1,1,49,1,2,5.0,1455000.0,56.0
2025,12,1,1,1,41,1,2,9.0,3282000.0,47.0
2025,12,1,1,2,49,1,2,12.0,9477000.0,86.0
2025,12,1,1,1,69,1,3,4.0,1808000.0,86.0
2025,12,2,1,2,37,3,1,5.0,1772000.0,13.0
2025,12,4,1,2,25,3,1,10.0,1625000.0,85.0
2025,12,3,1,1,23,3,1,10.0,3579000.0,86.0
2025,12,5,1,1,45,3,1,5.0,963000.0,41.0
2025,12,1,1,2,38,1,2,4.0,349000.0,15.0
2025,12,5,1,2,24,3,1,5.0,767000.0,47.0
2025,12,3,1,2,18,3,1,10.0,239000.0,56.0
2025,12,1,1,1,58,1,3,3.0,2604000.0,33.0
2025,12,1,1,2,53,1,3,11.0,5353000.0,85.0
2025,12,2,1,2,41,2,2,5.0,1315000.0,61.0
2025,12,1,1,2,21,1,2,4.0,436000.0,97.0
2025,12,1,1,1,52,1,2,12.0,5416000.0,64.0
2025,12,4,1,1,25,3,1,5.0,1629000.0,61.0
2025,12,1,1,2,60,1,3,3.0,590000.0,92.0
2025,12,3,1,1,52,3,1,10.0,3077000.0,86.0
2025,12,2,1,1,32,2,2,8.0,4465000.0,84.0
2025,12,6,1,2,23,3,1,9.0,784000.0,56.0
2025,12,1,1,1,38,1,2,8.0,1138000.0,49.0
2025,12,1,1,2,66,1,3,1.0,268000.0,38.0
2025,12,2,1,2,55,2,2,3.0,1230000.0,81.0
2025,12,2,1,1,44,2,2,10.0,2043000.0,62.0
2025,12,2,1,1,67,2,3,5.0,2037000.0,56.0
2025,12,1,1,2,29,1,2,5.0,148000.0,15.0
2025,12,3,1,1,19,8,2,10.0,1854000.0,47.0
2025,12,1,1,1,76,1,3,4.0,376000.0,96.0
2025,12,1,1,1,44,1,2,3.0,1527000.0,1.0
2025,12,2,1,2,30,2,2,10.0,1447000.0,47.0
2025,12,2,1,1,62,2,3,4.0,2083000.0,45.0
2025,12,1,1,1,43,1,2,5.0,3940000.0,41.0
2025,12,2,1,1,36,3,1,3.0,1773000.0,22.0
2025,12,2,1,2,62,2,3,11.0,2379000.0,69.0
2025,12,1,1,1,35,1,2,5.0,2176000.0,47.0
2025,12,4,1,2,24,3,1,5.0,1621000.0,86.0
2025,12,1,1,2,41,1,2,3.0,580000.0,1.0
2025,12,1,1,1,41,1,2,5.0,1720000.0,47.0
2025,12,1,1,2,44,1,2,3.0,801000.0,81.0
2025,12,2,1,2,51,2,2,4.0,576000.0,56.0
2025,12,1,1,2,26,1,2,10.0,2394000.0,86.0
2025,12,1,1,2,44,1,2,10.0,1314000.0,32.0
2025,12,1,1,2,38,1,2,8.0,271000.0,95.0
2025,12,1,1,2,71,1,3,9.0,679000.0,47.0
2025,12,1,1,1,61,1,3,5.0,1331000.0,31.0
2025,12,4,1,1,55,3,1,5.0,959000.0,41.0
2025,12,1,1,2,31,1,2,5.0,701000.0,10.0
2025,12,1,1,2,35,1,2,5.0,878000.0,47.0
2025,12,1,1,2,53,1,3,8.0,1826000.0,93.0
2025,12,4,1,1,24,8,2,5.0,1702000.0,10.0
2025,12,1,1,1,65,1,3,5.0,2156000.0,96.0
2025,12,2,1,2,31,2,2,9.0,2885000.0,1.0
2025,12,1,1,1,30,1,3,5.0,2068000.0,52.0
2025,12,2,1,2,62,2,3,11.0,4970000.0,85.0
2025,12,1,1,1,23,1,2,5.0,2071000.0,13.0
2025,12,1,1,2,59,1,2,8.0,1260000.0,84.0
2025,12,1,1,2,59,1,2,3.0,733000.0,56.0
2025,12,1,1,1,58,1,3,5.0,1815000.0,41.0
2025,12,1,1,1,64,1,3,3.0,296000.0,45.0
2025,12,1,1,2,30,1,2,5.0,1497000.0,47.0
2025,12,4,1,2,27,3,1,5.0,1204000.0,47.0
2025,12,1,1,2,26,1,1,10.0,1236000.0,61.0
2025,12,2,1,1,57,2,3,3.0,5899000.0,1.0
2025,12,1,1,2,62,1,3,8.0,1344000.0,84.0
2025,12,2,1,2,25,3,1,5.0,100000.0,56.0
2025,12,1,1,2,43,1,2,4.0,2008000.0,97.0
2025,12,7,1,2,82,4,3,3.0,279000.0,47.0
2025,12,3,1,2,35,3,1,6.0,1474000.0,85.0
2025,12,1,1,1,43,1,2,3.0,2483000.0,68.0
2025,12,2,1,2,20,2,2,5.0,973000.0,96.0
2025,12,3,1,1,19,3,1,3.0,1175000.0,47.0
2025,12,1,1,1,33,1,2,8.0,2669000.0,45.0
2025,12,2,1,2,40,2,2,5.0,876000.0,47.0
2025,12,4,1,1,18,3,1,4.0,0.0,2.0
2025,12,1,1,2,43,1,2,10.0,1274000.0,56.0
2025,12,3,1,1,27,3,1,10.0,1605000.0,64.0
2025,12,2,1,1,23,9,2,5.0,1079000.0,56.0
2025,12,1,1,1,43,1,2,4.0,1085000.0,95.0
2025,12,1,1,1,58,1,3,3.0,1847000.0,47.0
2025,12,5,1,1,22,3,1,5.0,1367000.0,25.0
2025,12,4,1,2,74,13,3,3.0,270000.0,56.0
2025,12,2,1,2,41,2,3,5.0,1467000.0,96.0
2025,12,1,1,2,45,1,1,5.0,523000.0,97.0
2025,12,3,1,2,30,3,1,8.0,0.0,85.0
2025,12,1,1,2,74,1,3,5.0,0.0,14.0
2025,12,1,1,1,54,1,3,3.0,1111000.0,56.0
2025,12,2,1,1,34,3,3,5.0,781000.0,56.0
2025,12,2,1,2,42,2,2,5.0,261000.0,10.0
2025,12,1,1,1,45,1,2,5.0,1898000.0,96.0
2025,12,2,1,2,20,3,1,10.0,998000.0,97.0
2025,12,5,1,2,34,3,1,5.0,1115000.0,56.0
2025,12,2,1,2,33,2,2,8.0,1564000.0,96.0
2025,12,1,1,1,32,1,2,11.0,4538000.0,84.0
2025,12,1,1,2,64,1,3,3.0,894000.0,47.0
2025,12,1,1,1,36,1,3,9.0,3995000.0,10.0
2025,12,1,1,2,46,1,3,8.0,1493000.0,8.0
2025,12,3,1,1,23,6,2,3.0,1818000.0,45.0
2025,12,2,1,2,37,3,1,8.0,1889000.0,86.0
2025,12,2,1,1,35,2,2,9.0,1867000.0,61.0
2025,12,1,1,1,58,1,2,3.0,1510000.0,1.0
2025,12,3,1,1,34,3,1,9.0,1581000.0,53.0
2025,12,3,1,2,25,3,1,10.0,1626000.0,75.0
2025,12,2,1,2,72,2,3,5.0,545000.0,96.0
2025,12,1,1,1,49,1,2,5.0,2384000.0,68.0
2025,12,1,1,1,28,1,2,5.0,1222000.0,49.0
2025,12,2,1,1,30,13,2,5.0,1230000.0,77.0
2025,12,1,1,2,35,1,2,9.0,1757000.0,55.0
2025,12,3,1,1,25,3,1,5.0,2226000.0,10.0
2025,12,1,1,1,51,1,1,6.0,1857000.0,49.0
2025,12,1,1,2,56,1,2,5.0,1343000.0,94.0
2025,12,1,1,1,36,1,2,5.0,2728000.0,46.0
2025,12,1,1,2,45,1,2,11.0,2702000.0,86.0
2025,12,1,1,2,51,1,2,5.0,780000.0,81.0
2025,12,2,1,2,45,3,1,5.0,0.0,47.0
2025,12,1,1,2,31,1,2,5.0,1338000.0,96.0
2025,12,4,1,2,41,9,3,10.0,2644000.0,86.0
2025,12,4,1,2,28,8,1,5.0,1394000.0,47.0
2025,12,1,1,2,56,1,3,4.0,0.0,56.0
2025,12,3,1,2,25,3,1,5.0,1116000.0,56.0
2025,12,1,1,2,67,1,2,5.0,1517000.0,55.0
2025,12,2,1,2,56,2,2,5.0,100000.0,32.0
2025,12,1,1,1,41,1,2,5.0,2061000.0,84.0
2025,12,2,1,1,69,2,3,3.0,202000.0,18.0
2025,12,1,1,2,45,1,3,10.0,3135000.0,86.0
2025,12,4,1,1,30,3,1,5.0,1874000.0,56.0
2025,12,3,1,1,23,3,1,8.0,1850000.0,35.0
2025,12,1,1,2,22,1,2,8.0,1577000.0,56.0
2025,12,5,1,1,19,6,2,4.0,1835000.0,31.0
2025,12,1,1,2,65,1,3,1.0,0.0,1.0
2025,12,3,1,1,19,3,1,6.0,333000.0,56.0
2025,12,1,1,2,26,1,3,8.0,1264000.0,85.0
2025,12,1,1,2,48,1,2,8.0,1348000.0,86.0
2025,12,2,1,2,20,2,3,6.0,1144000.0,56.0
2025,12,1,1,1,54,1,2,3.0,6416000.0,47.0
2025,12,2,1,2,54,3,1,10.0,2826000.0,88.0
2025,12,2,1,2,35,2,2,10.0,3541000.0,85.0
2025,12,2,1,2,23,3,1,10.0,2401000.0,85.0
2025,12,2,1,2,40,3,1,5.0,420000.0,95.0
2025,12,5,1,1,33,7,2,10.0,1951000.0,15.0
2025,12,2,1,2,59,10,3,3.0,1850000.0,97.0
2025,12,1,1,2,36,1,2,4.0,1417000.0,65.0
2025,12,2,1,1,59,2,3,3.0,906000.0,41.0
2025,12,3,1,2,35,3,1,11.0,1106000.0,84.0
2025,12,2,1,2,49,2,3,5.0,1189000.0,56.0
2025,12,1,1,2,46,1,3,5.0,1608000.0,56.0
2025,12,2,1,2,45,2,2,8.0,1991000.0,47.0
2025,12,1,1,2,31,1,2,8.0,1492000.0,88.0
2025,12,1,2,1,20,1,3,4.0,716000.0,25.0
2025,12,2,1,1,28,3,1,6.0,967000.0,45.0
2025,12,1,1,2,51,1,2,1.0,201000.0,56.0
2025,12,1,1,2,41,1,2,4.0,1206000.0,41.0
2025,12,5,1,1,21,8,1,5.0,1898000.0,41.0
2025,12,1,1,2,37,1,2,10.0,1425000.0,86.0
2025,12,3,1,2,39,3,1,10.0,1372000.0,88.0
2025,12,1,1,2,51,1,1,3.0,321000.0,1.0
2025,12,3,1,1,20,3,1,5.0,1927000.0,80.0
2025,12,1,1,2,69,1,3,3.0,487000.0,47.0
2025,12,1,1,2,40,1,1,10.0,4301000.0,84.0
2025,12,3,1,2,18,3,1,4.0,1302000.0,47.0
2025,12,3,1,1,33,6,2,8.0,4126000.0,86.0
2025,12,4,1,2,61,4,3,5.0,626000.0,14.0
2025,12,1,1,2,24,1,2,10.0,1896000.0,62.0
2025,12,2,1,1,53,3,2,5.0,2628000.0,47.0
2025,12,1,1,1,60,1,2,5.0,2640000.0,33.0
2025,12,2,1,2,42,2,2,5.0,1412000.0,46.0
2025,12,2,1,2,29,3,1,10.0,3453000.0,82.0
2025,12,1,1,1,58,1,2,5.0,1932000.0,52.0
2025,12,3,1,1,29,3,1,5.0,2392000.0,61.0
2025,12,2,1,1,40,3,1,8.0,4575000.0,90.0
2025,12,1,1,2,52,1,2,11.0,6588000.0,85.0
2025,12,2,1,2,53,2,1,12.0,5030000.0,84.0
2025,12,1,1,2,59,1,3,3.0,132000.0,11.0
2025,12,1,1,2,63,1,2,12.0,4030000.0,85.0
2025,12,2,1,1,19,3,1,5.0,1061000.0,52.0
2025,12,2,1,2,27,3,1,9.0,1513000.0,86.0
2025,12,1,4,1,24,1,2,4.0,919000.0,49.0
2025,12,3,1,2,49,3,1,10.0,2243000.0,68.0
2025,12,3,1,1,27,3,1,5.0,829000.0,47.0
2025,12,1,1,1,38,1,2,5.0,1641000.0,47.0
2025,12,4,1,1,24,3,1,5.0,2202000.0,86.0
2025,12,1,1,2,49,1,3,5.0,1327000.0,84.0
2025,12,1,1,2,49,1,2,3.0,502000.0,81.0
2025,12,2,1,1,70,2,3,1.0,1433000.0,1.0
2025,12,1,1,1,51,1,2,3.0,3105000.0,1.0
2025,12,1,1,1,37,1,2,5.0,1688000.0,29.0
2025,12,2,1,2,50,2,3,3.0,678000.0,55.0
2025,12,2,1,2,51,2,2,3.0,1635000.0,97.0
2025,12,1,1,2,39,1,2,8.0,1722000.0,86.0
2025,12,1,3,2,54,1,2,3.0,871000.0,56.0
2025,12,1,1,1,66,1,3,5.0,1857000.0,49.0
2025,12,3,1,1,50,3,1,3.0,1793000.0,1.0
2025,12,1,1,1,28,1,2,8.0,3535000.0,84.0
2025,12,1,1,1,48,1,2,10.0,1323000.0,38.0
2025,12,1,1,2,56,1,2,5.0,2347000.0,92.0
2025,12,3,1,2,29,3,1,5.0,783000.0,81.0
2025,12,1,1,2,33,1,2,8.0,730000.0,96.0
2025,12,2,1,1,57,2,3,11.0,8815000.0,69.0
2025,12,1,1,1,59,1,2,1.0,453000.0,1.0
2025,12,1,1,1,67,1,3,5.0,4301000.0,47.0
2025,12,1,1,1,31,1,2,4.0,1775000.0,41.0
2025,12,1,1,2,60,1,2,4.0,477000.0,49.0
2025,12,1,1,2,31,1,2,8.0,774000.0,92.0
2025,12,2,1,1,28,3,1,5.0,1101000.0,49.0
2025,12,2,1,1,56,3,1,3.0,1078000.0,49.0
2025,12,2,1,2,30,2,2,10.0,1437000.0,17.0
2025,12,3,1,2,31,3,1,8.0,1937000.0,84.0
2025,12,2,1,1,85,2,3,3.0,1539000.0,1.0
2025,12,4,1,2,40,3,1,8.0,2412000.0,86.0
2025,12,1,1,2,55,1,3,3.0,438000.0,81.0
2025,12,2,1,1,32,3,1,5.0,2100000.0,36.0
2025,12,2,1,1,69,2,3,3.0,737000.0,31.0
2025,12,2,1,1,37,3,1,5.0,2131000.0,7.0
2025,12,2,1,1,30,3,1,10.0,3058000.0,84.0
2025,12,2,1,1,24,2,2,3.0,1037000.0,1.0
2025,12,2,1,2,21,3,1,10.0,2201000.0,86.0
2025,12,2,1,2,23,3,1,10.0,332000.0,77.0
2025,12,1,1,2,47,1,2,12.0,5605000.0,85.0
2025,12,2,1,2,33,3,1,5.0,1381000.0,47.0
2025,12,1,1,1,69,1,3,11.0,8761000.0,85.0
2025,12,3,1,1,28,3,1,8.0,2681000.0,84.0
2025,12,2,1,1,49,2,2,5.0,3162000.0,99.0
2025,12,3,1,1,22,6,2,10.0,1388000.0,85.0
2025,12,1,1,1,63,1,2,3.0,1973000.0,1.0
2025,12,2,1,2,54,2,2,3.0,100000.0,47.0
2025,12,3,1,2,63,6,3,3.0,147000.0,47.0
2025,12,2,1,2,45,2,2,5.0,1647000.0,47.0
2025,12,1,1,2,39,1,2,4.0,253000.0,47.0
2025,12,1,1,1,66,1,3,1.0,1021000.0,1.0
2025,12,5,1,1,34,7,2,5.0,2286000.0,1.0
2025,12,1,1,1,59,1,3,12.0,5387000.0,85.0
2025,12,1,1,2,44,1,2,10.0,4066000.0,36.0
2025,12,1,1,1,48,1,2,10.0,1932000.0,49.0
2025,12,3,1,2,64,5,2,3.0,1060000.0,97.0
2025,12,1,1,2,25,1,2,5.0,1695000.0,47.0
2025,12,2,1,1,57,2,2,5.0,611000.0,81.0
2025,12,1,1,1,44,1,2,6.0,1891000.0,41.0
2025,12,3,1,2,25,3,1,10.0,2403000.0,75.0
2025,12,1,1,1,50,1,2,3.0,1495000.0,38.0
2025,12,6,1,1,22,9,2,5.0,1824000.0,10.0
2025,12,2,1,1,21,3,1,4.0,2265000.0,41.0
2025,12,1,1,2,53,1,2,5.0,1304000.0,14.0
2025,12,2,1,2,45,2,2,5.0,1252000.0,56.0
2025,12,1,1,1,25,1,2,5.0,1610000.0,1.0
2025,12,3,1,1,22,9,2,5.0,717000.0,49.0
2025,12,1,1,1,35,1,2,3.0,2847000.0,45.0
2025,12,2,1,2,45,2,2,8.0,211000.0,18.0
2025,12,4,1,2,23,3,1,10.0,1587000.0,82.0
2025,12,1,1,2,40,1,2,4.0,547000.0,56.0
2025,12,3,1,1,25,3,1,8.0,619000.0,42.0
2025,12,2,1,1,52,3,1,4.0,2821000.0,41.0
2025,12,1,1,2,41,1,2,8.0,1636000.0,41.0
2025,12,1,1,2,33,1,2,10.0,2163000.0,84.0
2025,12,2,1,1,21,2,2,5.0,1339000.0,46.0
2025,12,6,1,1,48,7,3,4.0,2072000.0,38.0
2025,12,1,1,2,29,1,2,3.0,2539000.0,7.0
2025,12,2,1,1,35,2,3,5.0,2284000.0,25.0
2025,12,2,1,2,44,2,3,5.0,1085000.0,14.0
2025,12,1,1,2,40,1,3,5.0,364000.0,47.0
2025,12,1,1,2,33,1,2,8.0,156000.0,81.0
2025,12,3,1,2,30,3,1,9.0,2941000.0,86.0
2025,12,1,1,1,36,1,3,6.0,1746000.0,46.0
2025,12,2,1,1,25,2,2,10.0,2908000.0,33.0
2025,12,1,1,2,19,1,2,5.0,1250000.0,32.0
2025,12,1,1,1,31,1,2,5.0,2201000.0,47.0
2025,12,1,1,2,61,1,2,3.0,252000.0,47.0
2025,12,4,1,2,37,3,1,12.0,3656000.0,71.0
2025,12,1,1,2,49,1,2,10.0,2839000.0,64.0
2025,12,1,1,1,52,1,2,3.0,2059000.0,1.0
2025,12,1,1,2,30,1,2,10.0,2671000.0,62.0
2025,12,2,1,1,25,2,2,4.0,3479000.0,42.0
2025,12,3,1,2,35,3,1,5.0,1490000.0,86.0
2025,12,1,1,2,75,1,3,4.0,211000.0,47.0
2025,12,1,1,2,33,1,2,11.0,2328000.0,46.0
2025,12,2,1,1,18,3,1,5.0,558000.0,47.0
2025,12,6,1,1,38,7,2,4.0,595000.0,38.0
2025,12,1,1,2,45,1,3,3.0,813000.0,47.0
2025,12,1,1,2,30,1,2,11.0,2607000.0,86.0
2025,12,1,1,2,84,1,3,1.0,136000.0,56.0
2025,12,1,1,2,49,1,2,5.0,577000.0,81.0
2025,12,1,1,1,63,1,3,3.0,1665000.0,53.0
2025,12,2,1,2,39,2,2,3.0,390000.0,96.0
2025,12,1,1,1,28,1,2,4.0,1895000.0,49.0
2025,12,1,1,1,57,1,3,5.0,1490000.0,35.0
2025,12,1,1,2,37,1,2,10.0,1934000.0,84.0
2025,12,1,1,1,43,1,3,3.0,2155000.0,47.0
2025,12,1,1,1,49,1,2,3.0,1006000.0,96.0
2025,12,1,1,1,33,1,2,5.0,1868000.0,47.0
2025,12,1,1,2,32,1,2,5.0,1974000.0,46.0
2025,12,4,1,1,19,9,2,5.0,2007000.0,22.0
2025,12,4,1,1,21,8,1,5.0,1322000.0,47.0
2025,12,1,1,1,55,1,3,5.0,1093000.0,41.0
2025,12,5,1,2,25,9,3,5.0,1348000.0,56.0
2025,12,2,1,2,56,2,2,5.0,2260000.0,10.0
2025,12,2,1,2,35,2,2,5.0,645000.0,96.0
2025,12,1,1,2,46,1,2,5.0,776000.0,56.0
2025,12,1,1,2,54,1,2,11.0,7049000.0,94.0
2025,12,2,1,2,38,2,2,5.0,2195000.0,96.0
2025,12,2,1,1,54,2,3,3.0,747000.0,49.0
2025,12,8,1,2,37,3,1,5.0,1543000.0,56.0
2025,12,3,1,2,31,3,1,9.0,0.0,80.0
2025,12,1,1,2,34,1,2,5.0,1432000.0,96.0
2025,12,1,1,2,31,1,2,10.0,842000.0,96.0
2025,12,1,1,2,56,1,3,4.0,338000.0,47.0
2025,12,2,1,2,25,2,2,3.0,1240000.0,1.0
2025,12,3,1,2,34,3,1,5.0,662000.0,85.0
2025,12,1,1,1,36,1,1,5.0,1257000.0,49.0
2025,12,1,1,2,64,1,3,5.0,239000.0,14.0
2025,12,1,1,2,51,1,2,3.0,124000.0,97.0
2025,12,2,1,2,69,4,3,3.0,0.0,56.0
2025,12,1,1,1,58,1,3,4.0,2392000.0,47.0
2025,12,1,1,1,20,1,2,5.0,1056000.0,95.0
2025,12,2,1,2,31,3,1,10.0,3929000.0,84.0
2025,12,2,1,2,49,2,2,5.0,123000.0,47.0
2025,12,2,1,2,45,2,2,10.0,1275000.0,71.0
2025,12,2,1,1,26,2,2,5.0,2204000.0,10.0
2025,12,2,1,1,29,3,1,12.0,3924000.0,84.0
2025,12,1,1,1,67,1,3,3.0,1341000.0,49.0
2025,12,1,1,1,43,1,3,3.0,1540000.0,49.0
2025,12,2,1,1,64,3,1,8.0,333000.0,47.0
2025,12,2,1,2,38,2,2,5.0,923000.0,81.0
2025,12,4,1,1,21,3,1,10.0,1698000.0,82.0
2025,12,1,1,1,49,1,2,8.0,2675000.0,46.0
2025,12,1,1,1,60,1,2,5.0,8111000.0,64.0
2025,12,2,1,2,37,2,2,8.0,112000.0,47.0
2025,12,1,1,2,21,1,2,10.0,2056000.0,96.0
2025,12,5,1,2,35,3,1,5.0,381000.0,96.0
2025,12,1,1,2,52,1,3,8.0,1099000.0,86.0
2025,12,1,1,1,37,1,2,10.0,8782000.0,61.0
2025,12,2,1,2,27,2,2,3.0,1496000.0,47.0
2025,12,1,1,2,46,1,2,5.0,951000.0,96.0
2025,12,2,1,1,45,2,2,5.0,2629000.0,47.0
2025,12,2,1,1,44,2,2,5.0,3125000.0,1.0
2025,12,1,1,2,41,1,2,4.0,1142000.0,47.0
2025,12,2,1,2,43,2,3,8.0,566000.0,97.0
2025,12,1,1,1,56,1,2,4.0,3812000.0,46.0
2025,12,2,1,1,22,3,2,8.0,819000.0,97.0
2025,12,1,1,1,38,1,1,9.0,1506000.0,47.0
2025,12,3,1,2,27,3,1,10.0,3493000.0,84.0
2025,12,1,1,2,44,1,3,5.0,1535000.0,56.0
2025,12,1,1,2,33,1,2,5.0,1225000.0,96.0
2025,12,1,1,1,55,1,3,5.0,1621000.0,31.0
2025,12,1,1,1,51,1,2,5.0,1746000.0,49.0
2025,12,1,1,1,62,1,3,5.0,1182000.0,56.0
2025,12,1,1,1,24,1,2,10.0,1935000.0,26.0
2025,12,1,1,1,67,1,3,5.0,523000.0,41.0
2025,12,2,1,2,28,3,1,5.0,1666000.0,96.0
2025,12,2,1,2,25,2,2,8.0,1089000.0,51.0
2025,12,1,1,1,49,1,3,3.0,2033000.0,47.0
2025,12,3,1,1,23,3,1,5.0,315000.0,45.0
2025,12,1,1,2,39,1,2,3.0,565000.0,81.0
2025,12,1,1,1,23,1,2,5.0,1596000.0,56.0
2025,12,2,1,1,25,3,1,10.0,1070000.0,47.0
2025,12,2,1,2,53,2,1,5.0,1349000.0,10.0
2025,12,2,1,2,57,3,1,13.0,5904000.0,85.0
2025,12,1,1,1,73,1,3,4.0,433000.0,1.0
2025,12,1,1,1,46,1,2,8.0,4021000.0,42.0
2025,12,2,1,1,54,2,2,5.0,0.0,47.0
2025,12,2,1,2,44,2,1,11.0,2347000.0,86.0
2025,12,2,1,2,35,2,2,8.0,1409000.0,47.0
2025,12,2,1,1,18,2,2,4.0,2306000.0,1.0
2025,12,1,1,2,66,1,3,4.0,428000.0,14.0
2025,12,1,1,2,51,1,2,5.0,0.0,81.0
2025,12,2,1,2,23,2,2,8.0,1227000.0,55.0
2025,12,1,1,1,29,1,2,10.0,2137000.0,56.0
2025,12,1,1,2,34,1,2,5.0,1291000.0,96.0
2025,12,1,1,2,44,1,2,5.0,883000.0,47.0
2025,12,2,1,1,23,2,2,5.0,1567000.0,25.0
2025,12,2,1,2,42,2,2,10.0,6073000.0,55.0
2025,12,1,1,1,52,1,2,8.0,2726000.0,84.0
2025,12,1,1,2,55,1,2,3.0,1995000.0,56.0
2025,12,1,1,1,32,1,2,3.0,808000.0,81.0
2025,12,5,1,1,21,9,2,3.0,1243000.0,41.0
2025,12,2,2,1,37,2,2,5.0,0.0,47.0
2025,12,1,1,1,60,1,3,4.0,930000.0,50.0
2025,12,5,1,2,32,13,2,3.0,111000.0,81.0
2025,12,1,1,2,73,1,3,1.0,393000.0,47.0
2025,12,3,1,1,44,3,1,10.0,4791000.0,46.0
2025,12,3,1,1,19,3,1,5.0,1597000.0,10.0
2025,12,3,1,2,41,3,1,8.0,1297000.0,85.0
2025,12,2,1,1,63,3,1,1.0,947000.0,38.0
2025,12,3,1,1,31,3,1,5.0,1819000.0,61.0
2025,12,2,1,1,42,2,2,5.0,2695000.0,1.0
2025,12,1,1,2,49,1,3,4.0,663000.0,97.0
2025,12,1,1,1,62,1,3,10.0,17635000.0,71.0
2025,12,1,1,2,42,1,2,11.0,6393000.0,86.0
2025,12,2,1,2,68,2,2,10.0,1416000.0,84.0
2025,12,1,1,1,41,1,3,5.0,2069000.0,43.0
2025,12,2,1,1,34,2,2,5.0,2596000.0,49.0
2025,12,2,1,1,37,3,1,5.0,4610000.0,84.0
2025,12,2,1,1,51,2,3,3.0,1723000.0,1.0
2025,12,2,1,2,27,3,1,5.0,645000.0,97.0
2025,12,1,1,1,40,1,3,3.0,2372000.0,47.0
2025,12,2,1,2,48,2,2,8.0,306000.0,56.0
2025,12,1,1,2,26,1,2,5.0,1218000.0,56.0
2025,12,2,1,2,41,2,2,5.0,701000.0,10.0
2025,12,2,1,2,30,2,2,10.0,0.0,85.0
2025,12,2,1,2,60,2,2,5.0,4341000.0,47.0
2025,12,2,1,2,26,3,1,5.0,346000.0,47.0
2025,12,1,1,2,42,1,2,11.0,3881000.0,84.0
2025,12,1,1,2,59,1,3,4.0,2372000.0,97.0
2025,12,1,1,1,26,1,2,5.0,1592000.0,41.0
2025,12,2,1,2,67,2,3,4.0,665000.0,56.0
2025,12,1,1,2,41,1,2,11.0,6035000.0,85.0
2025,12,1,1,1,49,1,2,5.0,9244000.0,68.0
2025,12,1,1,2,40,1,2,5.0,1425000.0,88.0
2025,12,1,1,2,45,1,2,9.0,2574000.0,84.0
2025,12,2,1,2,20,6,2,6.0,662000.0,56.0
2025,12,1,1,1,39,1,2,5.0,1930000.0,46.0
2025,12,2,1,2,62,2,2,10.0,4850000.0,84.0
2025,12,3,1,2,49,3,1,10.0,244000.0,14.0
2025,12,1,1,2,48,1,2,5.0,739000.0,96.0
2025,12,1,1,2,29,1,2,5.0,801000.0,93.0
2025,12,1,1,1,26,1,2,5.0,1674000.0,53.0
2025,12,2,1,2,42,2,2,10.0,1313000.0,82.0
2025,12,3,1,2,26,3,1,10.0,2253000.0,84.0
2025,12,1,1,2,30,1,3,5.0,2242000.0,97.0
2025,12,1,1,1,48,1,3,3.0,1902000.0,47.0
2025,12,2,1,1,49,3,1,5.0,2190000.0,80.0
2025,12,1,1,2,35,1,2,8.0,1003000.0,86.0
2025,12,2,1,1,36,3,1,8.0,1649000.0,53.0
2025,12,1,1,1,50,1,3,5.0,1849000.0,25.0
2025,12,1,1,1,31,1,2,10.0,2848000.0,14.0
2025,12,2,1,1,29,3,2,5.0,4232000.0,49.0
2025,12,2,1,1,47,6,3,3.0,1250000.0,47.0
2025,12,3,1,2,21,3,1,3.0,367000.0,1.0
2025,12,2,1,2,42,2,3,4.0,928000.0,1.0
2025,12,2,1,1,46,3,1,8.0,3632000.0,88.0
2025,12,1,1,2,56,1,3,4.0,168000.0,97.0
2025,12,1,1,2,30,1,2,5.0,513000.0,47.0
2025,12,2,1,2,31,6,2,9.0,1358000.0,82.0
2025,12,1,1,1,60,1,3,3.0,2625000.0,10.0
2025,12,1,1,2,32,1,2,6.0,632000.0,77.0
2025,12,1,1,1,39,1,3,6.0,6590000.0,84.0
2025,12,1,1,2,46,1,2,5.0,1382000.0,47.0
2025,12,1,1,1,42,1,2,6.0,1022000.0,95.0
2025,12,2,1,2,29,3,1,4.0,1498000.0,47.0
2025,12,2,1,1,24,3,1,5.0,1808000.0,33.0
2025,12,2,1,2,23,3,2,6.0,1263000.0,86.0
2025,12,1,1,1,41,1,3,5.0,2127000.0,25.0
2025,12,1,1,2,30,1,2,8.0,2011000.0,86.0
2025,12,2,1,1,21,3,2,5.0,719000.0,49.0
2025,12,1,1,2,63,1,2,4.0,120000.0,47.0
2025,12,1,1,2,41,1,2,5.0,1751000.0,96.0
2025,12,2,1,2,50,2,2,5.0,1980000.0,29.0
2025,12,1,1,1,37,1,2,4.0,1909000.0,1.0
2025,12,1,1,2,57,1,3,1.0,259000.0,56.0
2025,12,1,1,1,43,1,3,4.0,1383000.0,41.0
2025,12,2,1,2,36,3,1,12.0,5858000.0,85.0
2025,12,2,1,2,50,2,2,10.0,1727000.0,35.0
2025,12,4,1,1,28,9,1,5.0,1697000.0,53.0
2025,12,1,1,2,40,1,2,10.0,3539000.0,84.0
2025,12,5,1,2,19,7,2,5.0,984000.0,56.0
2025,12,1,1,1,46,1,3,4.0,1122000.0,1.0
2025,12,1,1,1,37,1,2,5.0,1089000.0,41.0
2025,12,1,1,1,49,1,2,3.0,1482000.0,49.0
2025,12,4,1,2,21,3,1,9.0,722000.0,56.0
2025,12,2,1,2,55,2,2,10.0,3334000.0,85.0
2025,12,2,1,2,53,2,2,3.0,1043000.0,46.0
2025,12,2,1,2,35,2,2,5.0,1649000.0,1.0
2025,12,2,1,2,56,2,1,3.0,100000.0,47.0
2025,12,1,1,2,28,1,2,5.0,1244000.0,86.0
2025,12,1,1,1,47,1,3,4.0,1054000.0,47.0
2025,12,2,1,1,63,2,2,3.0,741000.0,49.0
2025,12,1,1,2,46,1,3,4.0,940000.0,56.0
2025,12,2,1,1,21,2,3,4.0,837000.0,41.0
2025,12,1,1,1,44,1,2,4.0,1923000.0,49.0
2025,12,1,1,1,56,1,3,10.0,2450000.0,47.0
2025,12,2,1,2,35,3,1,5.0,1209000.0,47.0
2025,12,4,1,2,23,8,1,6.0,1318000.0,47.0
2025,12,2,1,2,32,2,2,5.0,329000.0,97.0
2025,12,1,1,1,69,1,1,8.0,4376000.0,10.0
2025,12,1,1,2,30,1,2,8.0,1491000.0,86.0
2025,12,1,1,2,39,1,2,3.0,496000.0,97.0
2025,12,4,1,2,24,3,1,10.0,1480000.0,81.0
2025,12,1,1,1,37,1,3,10.0,2678000.0,22.0
2025,12,2,1,1,47,2,2,5.0,2490000.0,56.0
2025,12,2,1,1,51,2,2,8.0,2089000.0,43.0
2025,12,1,1,1,42,1,2,3.0,663000.0,3.0
2025,12,1,1,2,51,1,2,5.0,1514000.0,68.0
2025,12,1,1,2,78,1,3,3.0,305000.0,47.0
2025,12,1,1,1,71,1,3,5.0,1612000.0,56.0
2025,12,1,1,1,31,1,2,10.0,2702000.0,10.0
2025,12,1,1,2,65,1,3,5.0,810000.0,81.0
2025,12,2,1,2,54,3,1,3.0,1157000.0,1.0
2025,12,1,1,2,41,1,2,11.0,4818000.0,69.0
2025,12,1,1,2,51,1,1,5.0,644000.0,81.0
2025,12,2,1,1,37,3,1,10.0,2489000.0,52.0
2025,12,1,1,1,47,1,2,5.0,1936000.0,56.0
2025,12,1,1,2,49,1,2,5.0,676000.0,56.0
2025,12,2,1,2,34,2,2,12.0,1543000.0,65.0
2025,12,2,1,1,61,9,3,4.0,2651000.0,25.0
2025,12,2,1,2,61,2,2,11.0,6829000.0,85.0
2025,12,1,1,1,65,1,3,3.0,763000.0,1.0
2025,12,1,1,1,70,1,3,10.0,12629000.0,52.0
2025,12,2,1,2,66,2,3,5.0,335000.0,95.0
2025,12,2,1,1,35,2,2,10.0,4781000.0,46.0
2025,12,2,1,2,53,2,2,9.0,2635000.0,84.0
2025,12,3,1,1,45,3,1,5.0,1685000.0,49.0
2025,12,6,1,2,29,13,2,5.0,1106000.0,22.0
2025,12,2,1,1,63,2,3,5.0,2157000.0,56.0
2025,12,3,1,1,27,3,1,9.0,2046000.0,41.0
2025,12,1,1,2,33,1,2,5.0,1413000.0,56.0
2025,12,1,1,1,43,1,2,3.0,1805000.0,1.0
2025,12,1,1,1,71,1,3,3.0,684000.0,47.0
2025,12,1,1,2,45,1,2,5.0,495000.0,47.0
2025,12,2,1,1,31,8,2,11.0,3049000.0,49.0
2025,12,1,1,1,45,1,3,3.0,2342000.0,68.0
2025,12,2,1,2,49,2,1,5.0,0.0,75.0
2025,12,1,1,2,26,1,1,5.0,1339000.0,86.0
2025,12,4,1,1,46,13,2,12.0,2182000.0,94.0
2025,12,1,1,1,60,1,3,4.0,535000.0,1.0
2025,12,1,1,2,26,1,2,8.0,1780000.0,86.0
2025,12,2,1,1,25,2,2,6.0,2199000.0,47.0
2025,12,2,1,2,37,2,2,10.0,1948000.0,84.0
2025,12,3,1,1,26,13,2,6.0,1869000.0,56.0
2025,12,1,1,2,31,1,3,5.0,0.0,56.0
2025,12,2,1,1,45,2,2,8.0,2330000.0,94.0
2025,12,1,1,2,27,1,2,10.0,2399000.0,49.0
2025,12,1,1,2,39,1,1,13.0,1812000.0,41.0
2025,12,2,1,2,45,3,1,10.0,1881000.0,86.0
2025,12,2,1,2,19,3,1,5.0,1135000.0,56.0
2025,12,5,1,1,21,13,2,4.0,2406000.0,49.0
2025,12,2,1,2,49,2,2,3.0,176000.0,96.0
2025,12,1,1,2,52,1,2,3.0,101000.0,16.0
2025,12,1,1,2,39,1,2,5.0,1152000.0,78.0
2025,12,3,1,1,19,3,1,4.0,1609000.0,1.0
2025,12,1,1,2,26,1,2,10.0,1935000.0,45.0
2025,12,1,1,2,56,1,1,9.0,2534000.0,86.0
2025,12,5,1,2,66,5,3,3.0,719000.0,81.0
2025,12,2,1,2,22,3,1,5.0,1599000.0,47.0
2025,12,1,1,2,37,1,2,8.0,1836000.0,85.0
2025,12,2,1,1,29,3,1,10.0,2523000.0,93.0
2025,12,4,1,2,27,3,1,10.0,2599000.0,73.0
2025,12,2,1,2,59,2,3,11.0,5414000.0,85.0
2025,12,1,1,1,60,1,3,3.0,1272000.0,7.0
2025,12,5,1,2,21,13,2,10.0,869000.0,47.0
2025,12,3,1,1,37,3,1,4.0,2081000.0,14.0
2025,12,1,1,2,34,1,3,5.0,815000.0,96.0
2025,12,2,1,2,40,2,2,11.0,2841000.0,36.0
2025,12,1,1,2,21,1,2,10.0,3078000.0,85.0
2025,12,3,1,2,31,3,1,10.0,3135000.0,86.0
2025,12,1,1,1,39,1,2,10.0,7840000.0,47.0
2025,12,2,1,2,42,2,2,5.0,509000.0,56.0
2025,12,1,1,1,62,1,3,10.0,3926000.0,85.0
2025,12,1,1,1,39,1,2,10.0,5675000.0,84.0
2025,12,2,1,2,27,2,2,10.0,3022000.0,84.0
2025,12,1,1,2,38,1,1,5.0,1018000.0,47.0
2025,12,1,1,1,45,1,2,11.0,18212000.0,70.0
2025,12,2,1,2,37,2,1,5.0,1382000.0,97.0
2025,12,2,1,1,32,3,1,10.0,1940000.0,1.0
2025,12,1,1,1,48,1,2,5.0,1967000.0,52.0
2025,12,1,1,2,76,1,3,3.0,397000.0,47.0
2025,12,1,1,2,30,1,2,8.0,1467000.0,47.0
2025,12,1,1,1,32,1,2,10.0,5160000.0,84.0
2025,12,1,1,2,47,1,2,5.0,1703000.0,47.0
2025,12,1,1,1,40,1,1,5.0,1689000.0,86.0
2025,12,1,1,2,35,1,2,5.0,943000.0,56.0
2025,12,1,1,2,38,1,1,10.0,2322000.0,56.0
2025,12,1,1,1,33,1,2,10.0,3517000.0,43.0
2025,12,2,1,1,30,2,2,8.0,2742000.0,33.0
2025,12,1,1,1,56,1,3,3.0,1988000.0,41.0
2025,12,1,1,2,61,1,1,11.0,947000.0,1.0
2025,12,1,1,1,37,1,2,9.0,3186000.0,86.0
2025,12,2,1,2,23,3,1,5.0,1337000.0,47.0
2025,12,1,1,1,51,1,2,10.0,9376000.0,71.0
2025,12,1,1,1,52,1,3,4.0,1625000.0,45.0
2025,12,2,1,2,52,3,1,10.0,3769000.0,96.0
2025,12,2,1,2,37,2,2,11.0,3864000.0,75.0
2025,12,3,1,2,34,6,3,10.0,440000.0,55.0
2025,12,1,1,2,75,1,3,5.0,143000.0,47.0
2025,12,1,1,2,25,1,2,10.0,2678000.0,84.0
2025,12,1,1,2,36,1,2,8.0,1535000.0,86.0
2025,12,4,1,2,28,8,1,5.0,0.0,47.0
2025,12,1,1,1,55,1,2,5.0,2749000.0,45.0
2025,12,2,1,2,49,3,1,10.0,2816000.0,93.0
2025,12,4,1,1,24,3,1,5.0,277000.0,31.0
2025,12,2,1,2,29,2,3,11.0,1767000.0,53.0
2025,12,1,1,2,55,1,3,5.0,685000.0,56.0
2025,12,1,1,2,51,1,2,9.0,3188000.0,84.0
2025,12,3,1,1,37,3,1,9.0,2515000.0,49.0
2025,12,1,1,2,38,1,2,5.0,1527000.0,97.0
2025,12,1,1,2,42,1,2,5.0,2030000.0,14.0
2025,12,2,1,1,30,3,1,4.0,731000.0,42.0
2025,12,1,1,1,62,1,2,11.0,8349000.0,71.0
2025,12,1,1,1,52,1,2,5.0,2300000.0,97.0
2025,12,1,1,2,60,1,3,4.0,308000.0,14.0
2025,12,2,1,1,27,2,2,5.0,2793000.0,41.0
2025,12,4,1,2,57,6,3,5.0,609000.0,97.0
2025,12,1,1,2,26,1,2,11.0,2745000.0,85.0
2025,12,1,1,1,37,1,2,3.0,1149000.0,47.0
2025,12,3,1,2,25,3,1,5.0,580000.0,56.0
2025,12,2,1,2,70,2,3,4.0,107000.0,14.0
2025,12,1,1,1,20,1,2,5.0,1867000.0,3.0
2025,12,3,1,2,18,3,1,10.0,959000.0,47.0
2025,12,2,1,1,71,2,3,5.0,1919000.0,45.0
2025,12,2,1,2,39,2,2,5.0,3256000.0,56.0
2025,12,2,1,2,44,13,2,5.0,1137000.0,97.0
2025,12,1,1,1,38,1,2,10.0,4924000.0,86.0
2025,12,1,1,1,34,1,2,5.0,1837000.0,27.0
2025,12,3,1,1,21,3,1,5.0,748000.0,43.0
2025,12,1,1,1,72,1,3,5.0,2149000.0,46.0
2025,12,1,1,1,63,1,3,6.0,1687000.0,81.0
2025,12,2,1,2,37,3,1,5.0,1408000.0,86.0
2025,12,3,1,1,25,3,1,8.0,982000.0,33.0
2025,12,2,1,2,27,2,2,10.0,1510000.0,65.0
2025,12,3,1,2,30,7,2,8.0,381000.0,56.0
2025,12,1,1,2,27,1,2,10.0,3801000.0,85.0
2025,12,1,1,2,28,1,2,11.0,6116000.0,86.0
2025,12,2,1,1,54,2,2,5.0,2043000.0,80.0
2025,12,4,1,2,40,7,2,8.0,1759000.0,86.0
2025,12,1,1,1,30,1,2,5.0,3243000.0,25.0
2025,12,1,1,1,31,1,2,5.0,2128000.0,49.0
2025,12,4,1,2,29,3,1,8.0,248000.0,47.0
2025,12,1,1,1,25,1,2,8.0,2085000.0,56.0
2025,12,2,1,2,20,3,1,10.0,919000.0,62.0
2025,12,1,1,2,44,1,3,9.0,1526000.0,82.0
2025,12,3,1,1,30,3,1,5.0,2425000.0,80.0
2025,12,2,1,2,42,2,2,10.0,0.0,55.0
2025,12,2,1,2,36,2,3,5.0,128000.0,47.0
2025,12,2,1,2,27,2,2,5.0,423000.0,18.0
2025,12,2,1,2,34,2,2,8.0,0.0,47.0
2025,12,1,1,1,55,1,2,8.0,1939000.0,84.0
2025,12,4,1,1,24,3,1,5.0,1794000.0,53.0
2025,12,2,1,2,28,2,2,4.0,480000.0,96.0
2025,12,1,1,1,63,1,3,11.0,17182000.0,85.0
2025,12,2,1,1,59,2,2,3.0,2324000.0,1.0
2025,12,3,1,2,22,3,1,9.0,877000.0,47.0
2025,12,1,1,2,46,1,2,5.0,157000.0,47.0
2025,12,1,1,2,39,1,2,5.0,1961000.0,96.0
2025,12,2,1,1,60,2,3,3.0,644000.0,1.0
2025,12,2,1,1,26,3,1,9.0,3134000.0,49.0
2025,12,2,1,2,54,2,2,4.0,955000.0,47.0
2025,12,1,1,2,54,1,2,4.0,2111000.0,56.0
2025,12,1,1,2,51,1,2,7.0,1764000.0,88.0
2025,12,2,1,2,36,2,2,5.0,752000.0,97.0
2025,12,3,1,2,28,3,1,9.0,485000.0,56.0
2025,12,2,1,2,45,6,3,5.0,1641000.0,97.0
2025,12,1,1,2,67,1,3,9.0,872000.0,65.0
2025,12,1,1,2,51,1,2,8.0,301000.0,45.0
2025,12,1,1,1,36,1,2,5.0,3163000.0,86.0
2025,12,3,1,2,24,3,2,5.0,1129000.0,87.0
2025,12,1,1,1,37,1,2,5.0,2171000.0,56.0
2025,12,1,1,2,34,1,1,8.0,1666000.0,47.0
2025,12,2,1,2,50,2,2,9.0,181000.0,46.0
2025,12,1,1,2,27,1,2,12.0,3728000.0,69.0
2025,12,1,1,1,34,1,2,5.0,2207000.0,80.0
2025,12,1,1,1,41,1,3,1.0,1570000.0,49.0
2025,12,1,1,1,45,1,2,4.0,2017000.0,47.0
2025,12,1,1,2,32,1,2,10.0,0.0,86.0
2025,12,1,1,2,39,1,2,10.0,0.0,86.0
2025,12,2,1,1,50,9,3,10.0,3609000.0,86.0
2025,12,1,1,2,30,1,2,5.0,1011000.0,14.0
2025,12,1,1,1,38,1,2,11.0,9141000.0,41.0
2025,12,3,1,1,34,3,1,5.0,1386000.0,53.0
2025,12,2,1,2,31,3,1,5.0,1295000.0,84.0
2025,12,2,1,2,28,2,2,5.0,499000.0,97.0
2025,12,2,1,2,43,2,2,10.0,2000000.0,68.0
2025,12,1,1,1,43,1,2,11.0,8216000.0,86.0
2025,12,3,1,2,20,7,2,8.0,1644000.0,47.0
2025,12,2,1,2,52,2,2,5.0,317000.0,81.0
2025,12,2,1,1,54,2,2,3.0,811000.0,1.0
2025,12,1,1,2,33,1,2,10.0,1737000.0,74.0
2025,12,1,1,2,39,1,2,3.0,0.0,1.0
2025,12,2,1,2,47,2,2,12.0,4454000.0,84.0
2025,12,1,1,2,52,1,3,12.0,10795000.0,25.0
2025,12,1,1,1,31,1,2,10.0,1212000.0,45.0
2025,12,1,1,2,37,1,2,3.0,948000.0,97.0
2025,12,2,1,2,46,2,2,4.0,332000.0,47.0
2025,12,1,1,1,52,1,3,10.0,3391000.0,64.0
2025,12,3,1,2,24,3,1,9.0,1619000.0,82.0
2025,12,1,1,2,38,1,2,5.0,641000.0,10.0
2025,12,1,1,1,47,1,2,13.0,11044000.0,85.0
2025,12,1,1,1,33,1,2,4.0,476000.0,49.0
2025,12,1,1,2,56,1,2,8.0,2147000.0,86.0
2025,12,1,1,1,23,1,2,5.0,1992000.0,1.0
2025,12,2,1,1,60,2,2,3.0,2147000.0,46.0
2025,12,2,1,2,45,2,2,12.0,0.0,65.0
2025,12,3,1,1,32,3,1,5.0,659000.0,15.0
2025,12,2,1,2,66,3,1,10.0,2782000.0,85.0
2025,12,1,1,1,19,1,2,5.0,2414000.0,1.0
2025,12,1,1,1,78,1,3,1.0,411000.0,1.0
2025,12,1,1,2,52,1,3,5.0,0.0,45.0
2025,12,1,1,2,57,1,2,5.0,1436000.0,77.0
2025,12,2,1,1,47,2,2,1.0,1360000.0,49.0
2025,12,2,1,2,35,2,2,4.0,1454000.0,45.0
2025,12,1,1,2,39,1,2,6.0,1449000.0,53.0
2025,12,1,1,1,39,1,2,10.0,957000.0,47.0
2025,12,4,1,2,37,3,1,12.0,6852000.0,85.0
2025,12,1,1,2,57,1,3,3.0,501000.0,97.0
2025,12,1,1,1,37,1,3,5.0,3377000.0,84.0
2025,12,2,1,1,53,2,2,5.0,5542000.0,41.0
2025,12,1,1,2,57,1,1,4.0,1003000.0,47.0
2025,12,1,1,1,60,1,3,3.0,181000.0,1.0
2025,12,1,1,2,55,1,3,5.0,456000.0,47.0
2025,12,1,1,1,55,1,3,11.0,6621000.0,86.0
2025,12,1,1,1,40,1,2,8.0,2329000.0,95.0
2025,12,1,1,2,39,1,2,4.0,0.0,47.0
2025,12,3,1,2,29,3,1,11.0,4052000.0,36.0
2025,12,2,1,1,54,2,3,3.0,1130000.0,1.0
2025,12,1,1,2,35,1,2,8.0,1005000.0,88.0
2025,12,1,1,2,38,1,2,3.0,384000.0,97.0
2025,12,1,1,2,30,1,3,5.0,161000.0,68.0
2025,12,1,1,2,61,1,1,3.0,356000.0,47.0
2025,12,1,1,2,42,1,3,5.0,1676000.0,55.0
2025,12,2,1,1,41,2,2,4.0,1685000.0,49.0
2025,12,1,1,1,45,1,2,10.0,2083000.0,85.0
2025,12,1,1,2,64,1,3,3.0,407000.0,56.0
2025,12,3,1,2,18,3,1,5.0,936000.0,56.0
2025,12,1,1,2,53,1,3,3.0,1270000.0,97.0
2025,12,2,1,2,23,3,1,6.0,196000.0,87.0
2025,12,2,1,2,34,2,3,5.0,1744000.0,86.0
2025,12,1,1,2,63,1,3,11.0,2762000.0,85.0
2025,12,2,1,2,50,2,2,10.0,2273000.0,87.0
2025,12,2,1,2,45,3,1,5.0,524000.0,81.0
2025,12,2,1,2,32,2,2,9.0,367000.0,47.0
2025,12,4,1,2,23,3,1,5.0,1220000.0,96.0
2025,12,1,1,2,44,1,2,10.0,3674000.0,45.0
2025,12,2,1,2,46,2,2,8.0,1324000.0,47.0
2025,12,6,1,2,58,4,3,1.0,695000.0,97.0
2025,12,2,1,2,33,2,2,8.0,637000.0,96.0
2025,12,3,1,2,31,3,1,10.0,2567000.0,35.0
2025,12,1,1,1,61,1,2,9.0,1533000.0,32.0
2025,12,1,1,1,69,1,3,3.0,717000.0,1.0
2025,12,1,1,2,30,1,2,10.0,2193000.0,45.0
2025,12,3,1,1,44,3,1,3.0,1331000.0,52.0
2025,12,1,1,2,29,1,2,5.0,1217000.0,47.0
2025,12,2,1,2,34,9,2,10.0,6558000.0,35.0
2025,12,1,1,2,29,1,3,8.0,518000.0,96.0
2025,12,1,1,1,55,1,3,12.0,3021000.0,85.0
2025,12,2,1,2,34,2,2,10.0,2080000.0,47.0
2025,12,1,1,1,23,1,2,6.0,2216000.0,53.0
2025,12,2,1,2,40,2,2,9.0,1350000.0,86.0
2025,12,2,1,1,29,8,2,6.0,1252000.0,1.0
2025,12,5,1,1,84,6,3,3.0,256000.0,95.0
2025,12,1,1,2,75,1,3,3.0,1472000.0,97.0
2025,12,2,1,2,59,2,3,5.0,1168000.0,47.0
2025,12,1,1,2,64,1,3,5.0,283000.0,56.0
2025,12,3,1,2,22,3,1,10.0,1069000.0,46.0
2025,12,3,1,2,63,9,1,3.0,915000.0,97.0
2025,12,3,1,1,19,3,1,10.0,1455000.0,56.0
2025,12,1,1,2,64,1,2,4.0,655000.0,95.0
2025,12,2,1,1,42,2,2,5.0,1954000.0,41.0
2025,12,1,1,1,33,1,2,3.0,1612000.0,1.0
2025,12,1,1,1,62,1,3,5.0,1615000.0,55.0
2025,12,1,1,2,30,1,2,5.0,1231000.0,64.0
2025,12,2,1,2,50,2,2,3.0,650000.0,56.0
2025,12,4,1,2,27,7,2,4.0,482000.0,81.0
2025,12,1,1,1,54,1,2,3.0,656000.0,3.0
2025,12,2,1,2,68,2,3,4.0,816000.0,56.0
2025,12,2,1,1,23,2,2,10.0,2104000.0,47.0
2025,12,1,1,1,69,1,3,3.0,847000.0,14.0
2025,12,2,1,2,44,2,2,6.0,1211000.0,85.0
2025,12,1,1,1,41,1,2,5.0,1145000.0,43.0
2025,12,1,1,1,68,1,3,4.0,410000.0,1.0
2025,12,2,1,2,60,2,3,1.0,100000.0,15.0
2025,12,1,1,1,54,1,3,3.0,2046000.0,81.0
2025,12,1,1,1,82,1,3,3.0,287000.0,47.0
2025,12,1,1,1,39,1,2,3.0,1614000.0,41.0
2025,12,1,1,2,34,1,2,4.0,954000.0,56.0
2025,12,3,1,1,35,3,1,5.0,2267000.0,55.0
2025,12,1,1,2,75,1,3,3.0,211000.0,47.0
2025,12,4,1,1,56,3,1,1.0,1833000.0,1.0
2025,12,1,1,2,56,1,3,3.0,233000.0,81.0
2025,12,2,1,2,55,2,3,5.0,362000.0,96.0
2025,12,1,1,2,62,1,3,10.0,1989000.0,47.0
2025,12,1,1,2,24,1,2,4.0,1341000.0,32.0
2025,12,1,1,1,35,1,2,6.0,678000.0,49.0
2025,12,1,1,1,24,1,2,5.0,1118000.0,52.0
2025,12,2,1,2,52,10,3,4.0,1819000.0,97.0
2025,12,2,1,2,26,3,1,5.0,681000.0,96.0
2025,12,1,1,2,25,1,2,9.0,0.0,45.0
2025,12,1,1,1,65,1,3,4.0,887000.0,49.0
2025,12,2,1,2,43,2,2,5.0,1006000.0,47.0
2025,12,1,1,1,27,1,2,6.0,1854000.0,46.0
2025,12,3,1,1,25,3,1,5.0,1876000.0,47.0
2025,12,1,1,2,41,1,2,5.0,449000.0,97.0
2025,12,4,1,2,65,6,1,5.0,1292000.0,71.0
2025,12,2,1,1,27,3,1,11.0,3509000.0,41.0
2025,12,1,1,2,79,1,3,1.0,100000.0,56.0
2025,12,1,1,2,60,1,2,1.0,101000.0,56.0
2025,12,1,1,1,41,1,2,3.0,1588000.0,41.0
2025,12,1,1,1,36,1,2,1.0,1434000.0,45.0
2025,12,3,1,1,21,3,1,4.0,1067000.0,41.0
2025,12,2,1,1,36,3,1,5.0,1134000.0,96.0
2025,12,2,1,1,50,2,2,5.0,1901000.0,41.0
2025,12,1,1,1,57,1,3,9.0,2760000.0,56.0
2025,12,1,1,2,45,1,2,8.0,310000.0,47.0
2025,12,5,1,2,26,9,3,10.0,909000.0,10.0
2025,12,2,1,2,69,4,3,3.0,232000.0,56.0
2025,12,1,1,2,59,1,3,5.0,114000.0,56.0
2025,12,2,1,2,41,2,2,5.0,1087000.0,94.0
2025,12,1,1,2,45,1,3,3.0,251000.0,47.0
2025,12,1,1,1,44,1,3,5.0,1686000.0,12.0
2025,12,2,1,1,34,2,2,5.0,1978000.0,56.0
2025,12,1,1,2,24,1,3,5.0,1146000.0,47.0
2025,12,1,1,1,43,1,2,3.0,1052000.0,41.0
2025,12,3,1,1,40,3,1,10.0,3137000.0,86.0
2025,12,1,1,2,34,1,2,10.0,2091000.0,69.0
2025,12,1,1,1,38,1,2,3.0,0.0,1.0
2025,12,1,1,1,27,1,3,5.0,2423000.0,80.0
2025,12,3,1,1,23,3,1,5.0,985000.0,41.0
2025,12,1,1,2,24,1,2,5.0,1485000.0,47.0
2025,12,2,1,2,31,2,2,10.0,2064000.0,84.0
2025,12,1,1,2,51,1,3,8.0,1770000.0,68.0
2025,12,1,1,1,59,1,3,5.0,2071000.0,47.0
2025,12,1,1,1,29,1,2,4.0,2921000.0,10.0
2025,12,2,1,1,39,2,2,3.0,800000.0,1.0
2025,12,1,1,2,45,1,2,4.0,315000.0,47.0
2025,12,1,1,2,52,1,2,10.0,10637000.0,73.0
2025,12,1,1,1,42,1,2,12.0,13764000.0,46.0
2025,12,1,1,2,83,1,3,3.0,589000.0,95.0
2025,12,1,1,1,66,1,2,11.0,1250000.0,31.0
2025,12,4,1,2,23,3,1,4.0,1293000.0,56.0
2025,12,1,1,2,36,1,2,11.0,6060000.0,65.0
2025,12,1,1,2,43,1,2,10.0,2064000.0,84.0
2025,12,1,1,1,76,1,3,3.0,560000.0,43.0
2025,12,1,1,1,55,1,3,1.0,958000.0,47.0
2025,12,3,1,1,24,3,1,10.0,2386000.0,82.0
2025,12,5,1,1,44,13,3,5.0,649000.0,41.0
2025,12,1,1,2,62,1,3,4.0,100000.0,56.0
2025,12,1,1,1,43,1,3,6.0,1623000.0,85.0
2025,12,2,1,1,25,3,1,8.0,2743000.0,86.0
2025,12,1,1,1,51,1,3,4.0,989000.0,41.0
2025,12,1,1,2,56,1,2,3.0,516000.0,56.0
2025,12,2,1,2,39,3,1,5.0,817000.0,81.0
2025,12,1,1,1,42,1,2,3.0,2474000.0,43.0
2025,12,2,1,1,35,3,1,5.0,2429000.0,75.0
2025,12,2,1,1,47,2,2,5.0,2364000.0,24.0
2025,12,2,1,2,27,2,2,10.0,1304000.0,47.0
2025,12,3,1,1,39,3,1,8.0,1619000.0,46.0
2025,12,1,1,2,63,1,3,5.0,1204000.0,14.0
2025,12,2,1,2,46,2,2,8.0,1443000.0,85.0
2025,12,1,1,2,40,1,2,8.0,479000.0,47.0
2025,12,1,1,2,46,1,2,10.0,3837000.0,86.0
2025,12,2,1,2,41,2,2,5.0,1489000.0,56.0
2025,12,2,1,2,68,2,2,3.0,903000.0,56.0
2025,12,1,1,1,63,1,3,3.0,1952000.0,47.0
2025,12,2,1,1,60,3,1,5.0,2124000.0,56.0
2025,12,3,1,1,23,3,1,10.0,1953000.0,20.0
2025,12,2,1,2,42,3,1,10.0,422000.0,15.0
2025,12,1,1,2,38,1,2,5.0,354000.0,81.0
2025,12,1,1,1,44,1,2,3.0,1627000.0,95.0
2025,12,2,1,1,45,3,1,3.0,1694000.0,41.0
2025,12,1,1,1,47,1,2,4.0,1626000.0,49.0
2025,12,3,1,1,20,3,1,5.0,471000.0,52.0
2025,12,1,1,2,63,1,3,5.0,709000.0,97.0
2025,12,1,1,2,55,1,1,3.0,558000.0,88.0
2025,12,3,1,2,29,3,1,10.0,456000.0,47.0
2025,12,1,1,1,46,1,3,5.0,449000.0,56.0
2025,12,5,1,1,18,3,1,5.0,501000.0,52.0
2025,12,1,1,1,41,1,2,10.0,8821000.0,80.0
2025,12,1,1,2,55,1,2,1.0,408000.0,46.0
2025,12,1,1,2,31,1,2,5.0,1556000.0,47.0
2025,12,1,1,2,49,1,2,5.0,581000.0,81.0
2025,12,3,1,2,43,3,1,5.0,593000.0,86.0
2025,12,2,1,2,29,2,2,5.0,1512000.0,86.0
2025,12,1,1,2,61,1,2,1.0,414000.0,97.0
2025,12,1,1,1,69,1,3,3.0,499000.0,1.0
2025,12,2,1,1,29,2,2,6.0,2402000.0,49.0
2025,12,3,1,1,28,3,1,5.0,3858000.0,46.0
2025,12,3,1,2,23,3,1,10.0,1352000.0,61.0
2025,12,1,1,2,43,1,2,3.0,680000.0,7.0
2025,12,1,1,2,41,1,2,4.0,351000.0,88.0
2025,12,1,1,2,33,1,2,4.0,255000.0,10.0
2025,12,2,1,2,29,2,2,10.0,3918000.0,85.0
2025,12,3,1,2,32,9,1,4.0,194000.0,81.0
2025,12,1,1,2,56,1,3,5.0,628000.0,88.0
2025,12,2,1,1,26,3,1,8.0,1718000.0,47.0
2025,12,2,1,2,45,2,2,10.0,1941000.0,85.0
2025,12,1,1,2,52,1,3,3.0,182000.0,47.0
2025,12,3,1,1,42,3,1,5.0,1189000.0,52.0
2025,12,1,1,2,22,1,2,5.0,769000.0,47.0
2025,12,1,1,2,46,1,2,8.0,1478000.0,86.0
2025,12,1,1,2,66,1,2,8.0,351000.0,95.0
2025,12,2,1,2,50,2,1,10.0,2213000.0,85.0
2025,12,1,1,2,53,1,3,3.0,328000.0,97.0
2025,12,1,1,2,48,1,2,5.0,242000.0,56.0
2025,12,1,1,2,30,1,2,9.0,1338000.0,47.0
2025,12,2,1,2,49,2,2,5.0,457000.0,7.0
2025,12,1,1,1,36,1,2,8.0,3833000.0,46.0
2025,12,1,1,2,46,1,2,10.0,5570000.0,56.0
2025,12,1,1,2,56,1,3,3.0,1192000.0,47.0
2025,12,1,1,2,33,1,3,5.0,737000.0,56.0
2025,12,1,1,2,48,1,2,5.0,450000.0,81.0
2025,12,1,1,1,26,1,2,10.0,1953000.0,46.0
2025,12,1,1,2,27,1,3,3.0,505000.0,38.0
2025,12,3,1,1,48,3,1,4.0,1748000.0,53.0
2025,12,2,1,2,24,3,2,5.0,312000.0,97.0
2025,12,1,1,2,53,1,3,3.0,100000.0,47.0
2025,12,1,1,2,28,1,2,8.0,1595000.0,47.0
2025,12,1,1,2,60,1,3,3.0,620000.0,47.0
2025,12,2,1,1,25,2,2,5.0,1941000.0,42.0
2025,12,3,1,1,26,3,1,10.0,2099000.0,56.0
2025,12,1,1,2,54,1,3,5.0,100000.0,56.0
2025,12,1,1,2,31,1,2,10.0,3938000.0,52.0
2025,12,1,1,1,70,1,2,3.0,851000.0,92.0
2025,12,4,1,2,32,6,2,10.0,172000.0,85.0
2025,12,1,1,1,53,1,3,3.0,828000.0,1.0
2025,12,2,1,2,49,2,2,5.0,829000.0,56.0
2025,12,3,1,1,31,3,1,5.0,517000.0,1.0
2025,12,1,1,1,44,1,2,10.0,4536000.0,64.0
2025,12,2,1,1,34,2,2,8.0,0.0,45.0
2025,12,2,1,1,31,2,2,5.0,1079000.0,1.0
2025,12,2,1,1,31,2,2,9.0,1943000.0,43.0
2025,12,2,1,2,42,2,2,9.0,1902000.0,84.0
2025,12,2,1,1,40,2,2,5.0,2147000.0,55.0
2025,12,2,1,1,35,6,2,10.0,3314000.0,86.0
2025,12,1,1,1,70,1,3,10.0,8290000.0,41.0
2025,12,2,1,2,26,2,2,6.0,2415000.0,86.0
2025,12,2,1,1,46,3,1,12.0,6247000.0,85.0
2025,12,1,1,1,37,1,2,8.0,788000.0,18.0
2025,12,1,1,2,39,1,2,8.0,651000.0,10.0
2025,12,2,1,2,56,2,3,4.0,1444000.0,97.0
2025,12,1,1,1,53,1,3,5.0,828000.0,41.0
2025,12,1,1,2,30,1,2,8.0,1256000.0,86.0
2025,12,1,1,1,63,1,3,5.0,2096000.0,47.0
2025,12,1,1,1,24,1,2,10.0,3429000.0,84.0
2025,12,2,1,1,28,2,2,5.0,1811000.0,96.0
2025,12,3,1,2,19,3,1,8.0,582000.0,96.0
2025,12,1,1,2,69,1,2,10.0,1127000.0,31.0
2025,12,1,1,1,52,1,3,3.0,780000.0,1.0
2025,12,2,1,1,36,2,2,9.0,5403000.0,17.0
2025,12,1,1,2,40,1,2,10.0,1161000.0,52.0
2025,12,2,2,1,31,2,2,10.0,887000.0,56.0
2025,12,1,1,2,62,1,3,4.0,1495000.0,14.0
2025,12,1,1,1,33,1,2,5.0,1741000.0,56.0
2025,12,1,1,2,59,1,3,10.0,720000.0,97.0
2025,12,1,1,1,34,1,2,5.0,1384000.0,1.0
2025,12,3,1,1,28,3,1,5.0,2295000.0,43.0
2025,12,4,1,1,35,3,1,5.0,2110000.0,43.0
2025,12,2,1,2,40,2,2,3.0,100000.0,56.0
2025,12,2,1,2,34,2,2,12.0,6320000.0,64.0
2025,12,3,1,1,22,3,1,5.0,1914000.0,1.0
2025,12,1,1,1,67,1,3,10.0,1726000.0,90.0
2025,12,3,1,2,25,3,1,10.0,1243000.0,86.0
2025,12,2,1,2,79,2,2,8.0,376000.0,14.0
2025,12,4,1,2,36,8,2,6.0,1431000.0,84.0
2025,12,3,1,2,31,3,1,5.0,1338000.0,30.0
2025,12,2,1,2,61,2,3,4.0,378000.0,32.0
2025,12,1,1,2,34,1,3,9.0,1887000.0,69.0
2025,12,2,1,2,39,3,1,8.0,1291000.0,86.0
2025,12,2,1,2,30,2,2,5.0,1889000.0,74.0
2025,12,1,1,1,44,1,2,4.0,3313000.0,1.0
2025,12,1,1,1,30,1,2,10.0,9585000.0,85.0
2025,12,7,1,1,60,9,2,5.0,2489000.0,85.0
2025,12,3,1,1,74,6,3,4.0,2467000.0,33.0
2025,12,1,3,2,38,1,2,6.0,1390000.0,10.0
2025,12,1,1,2,45,1,2,5.0,361000.0,81.0
2025,12,1,1,2,39,1,1,5.0,320000.0,96.0
2025,12,2,1,1,63,2,3,12.0,9514000.0,86.0
2025,12,1,1,2,36,1,2,3.0,555000.0,56.0
2025,12,3,1,2,52,4,3,5.0,830000.0,56.0
2025,12,1,1,2,37,1,2,5.0,154000.0,13.0
2025,12,1,1,1,62,1,2,11.0,12540000.0,46.0
2025,12,1,1,1,80,1,3,1.0,502000.0,1.0
2025,12,1,1,2,44,1,2,5.0,766000.0,47.0
2025,12,2,1,1,28,2,2,5.0,1142000.0,47.0
2025,12,5,1,1,23,3,1,5.0,439000.0,47.0
2025,12,2,1,2,26,2,2,10.0,1491000.0,47.0
2025,12,2,1,2,34,3,3,8.0,1391000.0,61.0
2025,12,2,1,2,33,2,1,5.0,953000.0,97.0
2025,12,1,1,2,65,1,3,8.0,1225000.0,84.0
2025,12,2,1,2,39,2,2,8.0,1405000.0,55.0
2025,12,3,1,1,23,3,2,10.0,2961000.0,93.0
2025,12,1,1,2,33,1,3,10.0,5887000.0,47.0
2025,12,3,1,1,36,3,1,8.0,1774000.0,84.0
2025,12,1,1,1,60,1,3,3.0,5152000.0,47.0
2025,12,2,1,2,37,3,1,5.0,1686000.0,92.0
2025,12,2,1,1,44,2,2,5.0,4770000.0,56.0
2025,12,2,1,2,40,2,2,8.0,1553000.0,47.0
2025,12,2,1,1,45,2,2,5.0,1528000.0,49.0
2025,12,1,1,1,51,1,2,10.0,8252000.0,85.0
2025,12,1,1,1,43,1,2,3.0,1901000.0,41.0
2025,12,1,1,2,56,1,3,3.0,0.0,97.0
2025,12,1,1,1,46,1,2,1.0,1042000.0,47.0
2025,12,2,1,2,27,2,2,5.0,347000.0,47.0
2025,12,2,1,2,57,2,2,1.0,0.0,1.0
2025,12,3,1,2,28,3,1,10.0,2188000.0,75.0
2025,12,1,1,1,54,1,3,3.0,761000.0,49.0
2025,12,5,1,2,24,13,2,10.0,820000.0,64.0
2025,12,2,1,2,50,2,2,10.0,2493000.0,86.0
2025,12,2,1,1,49,12,3,3.0,1525000.0,1.0
2025,12,1,1,2,41,1,2,10.0,560000.0,82.0
2025,12,1,1,1,35,1,2,8.0,9188000.0,6.0
2025,12,1,1,2,62,1,3,10.0,7314000.0,85.0
2025,12,2,1,2,74,4,3,3.0,728000.0,47.0
2025,12,1,1,2,41,1,2,8.0,1406000.0,13.0
2025,12,1,1,2,25,1,2,9.0,1355000.0,82.0
2025,12,2,1,1,43,6,3,5.0,1363000.0,41.0
2025,12,2,1,2,63,2,3,3.0,1244000.0,14.0
2025,12,2,1,1,66,2,2,3.0,312000.0,13.0
2025,12,4,1,2,22,9,2,9.0,1215000.0,47.0
2025,12,4,1,2,41,3,1,6.0,1657000.0,47.0
2025,12,1,1,2,65,1,3,5.0,1827000.0,84.0
2025,12,2,1,1,36,3,1,10.0,2645000.0,45.0
2025,12,1,1,1,32,1,3,4.0,1943000.0,97.0
2025,12,2,1,2,34,3,1,10.0,2501000.0,85.0
2025,12,2,1,2,33,2,2,11.0,2840000.0,84.0
2025,12,2,1,1,43,2,3,4.0,1431000.0,41.0
2025,12,2,1,2,46,2,2,4.0,364000.0,56.0
2025,12,1,1,2,37,1,2,5.0,680000.0,81.0
2025,12,1,1,1,35,1,2,3.0,1408000.0,49.0
2025,12,1,1,2,46,1,2,11.0,4000000.0,85.0
2025,12,6,1,1,23,6,3,4.0,1166000.0,3.0
2025,12,4,1,1,35,3,1,5.0,2146000.0,15.0
2025,12,1,1,2,71,1,3,3.0,483000.0,47.0
2025,12,4,1,1,39,3,1,5.0,1272000.0,47.0
2025,12,2,1,2,24,3,1,5.0,198000.0,96.0
2025,12,1,1,2,62,1,3,5.0,679000.0,81.0
2025,12,1,1,2,23,1,2,4.0,100000.0,96.0
2025,12,1,1,2,35,1,2,5.0,1077000.0,56.0
2025,12,2,1,2,52,2,3,5.0,850000.0,97.0
2025,12,2,1,2,39,2,2,10.0,1277000.0,1.0
2025,12,1,1,1,65,1,3,3.0,826000.0,1.0
2025,12,2,1,2,50,2,1,8.0,1458000.0,88.0
2025,12,1,1,1,38,1,2,5.0,1351000.0,49.0
2025,12,2,1,2,31,2,2,5.0,496000.0,97.0
2025,12,4,1,2,31,3,1,8.0,2359000.0,84.0
2025,12,1,1,2,48,1,3,1.0,584000.0,7.0
2025,12,1,1,1,21,1,2,4.0,1762000.0,56.0
2025,12,2,1,2,74,2,3,1.0,174000.0,47.0
2025,12,2,1,2,43,2,2,11.0,7401000.0,84.0
2025,12,2,1,2,70,2,3,3.0,273000.0,14.0
2025,12,1,1,2,30,1,2,8.0,510000.0,97.0
2025,12,3,1,1,26,3,1,5.0,1837000.0,22.0
2025,12,3,1,1,34,3,1,5.0,2180000.0,41.0
2025,12,2,1,2,31,2,2,7.0,100000.0,61.0
2025,12,4,1,1,20,3,1,5.0,1734000.0,18.0
2025,12,3,1,2,24,3,1,10.0,1447000.0,47.0
2025,12,1,1,2,50,1,2,11.0,6056000.0,46.0
2025,12,2,1,2,39,2,2,10.0,2594000.0,86.0
2025,12,2,1,2,33,2,2,3.0,306000.0,47.0
2025,12,1,1,2,57,1,3,5.0,577000.0,56.0
2025,12,1,1,1,46,1,2,5.0,2648000.0,1.0
2025,12,1,1,2,45,1,2,12.0,4856000.0,70.0
2025,12,1,1,2,56,1,3,5.0,613000.0,97.0
2025,12,5,1,2,28,6,1,9.0,2945000.0,84.0
2025,12,1,1,1,36,1,2,8.0,3771000.0,25.0
2025,12,1,1,1,56,1,2,8.0,3344000.0,10.0
2025,12,1,1,2,53,1,3,8.0,1353000.0,47.0
2025,12,1,1,1,39,1,2,10.0,2240000.0,1.0
2025,12,1,1,1,45,1,2,4.0,1221000.0,49.0
2025,12,1,1,2,66,1,3,4.0,513000.0,97.0
2025,12,4,1,1,50,3,1,6.0,2029000.0,49.0
2025,12,1,1,1,57,1,2,4.0,1349000.0,1.0
2025,12,1,1,1,23,1,2,9.0,2446000.0,52.0
2025,12,2,1,2,52,2,2,10.0,2552000.0,86.0
2025,12,2,1,1,26,2,2,4.0,1161000.0,1.0
2025,12,3,1,1,58,3,1,3.0,1501000.0,45.0
2025,12,5,1,1,22,3,1,5.0,2027000.0,52.0
2025,12,1,1,1,36,1,3,3.0,1458000.0,49.0
2025,12,1,1,1,35,1,2,5.0,1235000.0,47.0
2025,12,1,1,2,57,1,3,11.0,4783000.0,84.0
2025,12,2,1,1,40,2,3,1.0,1773000.0,1.0
2025,12,2,1,2,35,2,2,5.0,1643000.0,94.0
2025,12,1,1,2,73,1,3,3.0,453000.0,97.0
2025,12,1,1,2,31,1,2,10.0,1988000.0,62.0
2025,12,3,1,1,34,3,1,10.0,3539000.0,52.0
2025,12,1,1,1,56,1,2,5.0,2070000.0,49.0
2025,12,1,1,2,26,1,2,11.0,3532000.0,73.0
2025,12,2,1,2,60,2,3,11.0,7522000.0,85.0
2025,12,5,1,2,30,3,1,9.0,2734000.0,47.0
2025,12,1,1,1,33,1,2,4.0,1643000.0,46.0
2025,12,1,1,2,33,1,2,10.0,2587000.0,82.0
2025,12,1,1,2,53,1,2,3.0,1368000.0,97.0
2025,12,2,1,1,27,2,2,5.0,2453000.0,11.0
2025,12,3,1,2,62,6,3,3.0,472000.0,14.0
2025,12,2,1,2,31,2,2,11.0,3842000.0,84.0
2025,12,2,1,2,23,2,2,8.0,1249000.0,96.0
2025,12,2,1,2,48,2,2,5.0,2126000.0,64.0
2025,12,1,1,2,55,1,3,3.0,786000.0,97.0
2025,12,1,1,1,36,1,2,10.0,6860000.0,86.0
2025,12,2,1,1,22,8,2,4.0,2872000.0,45.0
2025,12,1,1,2,31,1,3,10.0,2881000.0,64.0
2025,12,1,1,2,42,1,3,9.0,1356000.0,47.0
2025,12,1,1,1,29,1,2,5.0,1991000.0,41.0
2025,12,3,1,1,27,3,1,5.0,1354000.0,45.0
2025,12,3,1,1,37,3,1,5.0,2340000.0,49.0
2025,12,4,1,1,23,3,1,4.0,2850000.0,5.0
2025,12,1,1,2,57,1,3,1.0,515000.0,47.0
2025,12,2,1,2,62,2,3,3.0,365000.0,81.0
2025,12,2,1,2,57,2,3,8.0,2151000.0,86.0
2025,12,1,1,2,52,1,3,10.0,1763000.0,86.0
2025,12,2,1,2,51,2,2,12.0,2808000.0,86.0
2025,12,2,1,2,34,3,1,4.0,1282000.0,1.0
2025,12,2,1,2,34,2,2,4.0,195000.0,7.0
2025,12,1,1,2,33,1,2,10.0,1162000.0,64.0
2025,12,1,1,1,68,1,3,10.0,8621000.0,69.0
2025,12,1,1,1,43,1,2,10.0,1726000.0,47.0
2025,12,2,1,2,41,2,2,5.0,1539000.0,55.0
2025,12,1,1,2,48,1,3,5.0,166000.0,15.0
2025,12,3,1,1,31,3,1,5.0,2067000.0,10.0
2025,12,3,1,2,48,3,1,5.0,1674000.0,85.0
2025,12,3,1,1,20,7,2,5.0,1935000.0,1.0
2025,12,2,1,1,24,2,2,6.0,1819000.0,1.0
2025,12,1,1,1,45,1,2,4.0,3345000.0,1.0
2025,12,3,1,1,21,3,1,5.0,1711000.0,45.0
2025,12,1,1,2,52,1,2,5.0,119000.0,56.0
2025,12,3,1,2,33,3,1,9.0,1368000.0,10.0
2025,12,1,1,1,46,1,2,5.0,1854000.0,94.0
2025,12,1,1,2,72,1,3,3.0,0.0,46.0
2025,12,1,1,2,36,1,2,8.0,599000.0,96.0
2025,12,10,1,1,60,9,3,3.0,852000.0,41.0
2025,12,2,1,1,38,2,2,3.0,1655000.0,41.0
2025,12,2,1,1,47,2,2,5.0,1604000.0,95.0
2025,12,3,1,2,33,3,1,11.0,6244000.0,74.0
2025,12,1,1,2,25,1,2,5.0,1238000.0,52.0
2025,12,2,1,1,42,2,2,4.0,1990000.0,49.0
2025,12,3,1,1,30,3,1,5.0,993000.0,47.0
2025,12,1,1,1,46,1,2,8.0,2117000.0,11.0
2025,12,1,1,1,27,1,2,10.0,4696000.0,85.0
2025,12,1,1,2,28,1,2,8.0,784000.0,47.0
2025,12,1,1,2,24,1,2,10.0,2743000.0,84.0
2025,12,1,1,1,39,1,2,5.0,2536000.0,1.0
2025,12,2,1,2,41,2,2,5.0,100000.0,10.0
2025,12,1,1,2,25,1,2,5.0,600000.0,81.0
2025,12,2,1,1,56,2,2,3.0,2375000.0,25.0
2025,12,1,1,2,45,1,2,5.0,0.0,84.0
2025,12,1,1,2,58,1,1,5.0,387000.0,56.0
2025,12,3,1,2,36,3,1,8.0,3075000.0,55.0
2025,12,2,1,1,23,3,1,3.0,2201000.0,1.0
2025,12,2,1,1,24,2,2,5.0,2331000.0,55.0
2025,12,2,1,2,42,2,2,9.0,3162000.0,64.0
2025,12,1,1,1,53,1,2,5.0,1326000.0,41.0
2025,12,2,1,2,23,2,2,5.0,1011000.0,61.0
2025,12,2,1,2,34,3,1,10.0,5126000.0,86.0
2025,12,1,1,2,29,1,2,5.0,1138000.0,47.0
2025,12,2,1,1,58,6,2,4.0,1991000.0,49.0
2025,12,2,1,2,37,2,2,10.0,3128000.0,84.0
2025,12,1,1,2,28,1,2,8.0,1803000.0,84.0
2025,12,1,1,2,32,1,3,5.0,1191000.0,47.0
2025,12,2,1,2,27,2,2,5.0,1215000.0,56.0
2025,12,1,1,1,45,1,2,5.0,2469000.0,49.0
2025,12,1,1,2,46,1,2,8.0,1559000.0,11.0
2025,12,2,1,1,39,2,2,5.0,1290000.0,45.0
2025,12,1,1,2,60,1,3,8.0,100000.0,10.0
2025,12,2,2,2,28,2,3,10.0,1043000.0,14.0
2025,12,1,1,2,58,1,2,3.0,947000.0,81.0
2025,12,3,1,2,30,3,1,5.0,647000.0,97.0
2025,12,2,1,2,45,2,2,11.0,4192000.0,65.0
2025,12,1,1,1,35,1,2,4.0,2034000.0,56.0
2025,12,1,1,2,28,1,2,5.0,803000.0,56.0
2025,12,1,1,1,37,1,2,5.0,3131000.0,84.0
2025,12,1,1,2,59,1,3,5.0,288000.0,81.0
2025,12,1,1,2,54,1,2,3.0,100000.0,56.0
2025,12,2,1,1,62,2,3,3.0,1420000.0,46.0
2025,12,1,1,1,32,1,2,11.0,3770000.0,68.0
2025,12,2,1,2,41,2,2,10.0,1251000.0,47.0
2025,12,1,1,2,70,1,3,3.0,868000.0,56.0
2025,12,3,1,1,20,8,2,5.0,1178000.0,47.0
2025,12,1,1,1,56,1,3,3.0,3615000.0,49.0
2025,12,1,1,2,39,1,2,9.0,1757000.0,47.0
2025,12,2,1,1,46,2,2,5.0,1613000.0,47.0
2025,12,3,1,2,69,10,3,5.0,1812000.0,97.0
2025,12,1,1,1,48,1,1,5.0,757000.0,1.0
2025,12,2,1,2,27,2,2,5.0,459000.0,47.0
2025,12,1,1,2,32,1,2,10.0,3280000.0,85.0
2025,12,1,1,1,35,1,3,10.0,1721000.0,86.0
2025,12,1,1,1,25,1,2,5.0,1812000.0,41.0
2025,12,2,1,2,24,3,1,8.0,1518000.0,64.0
2025,12,1,1,2,52,1,3,3.0,253000.0,47.0
2025,12,2,1,1,33,3,1,5.0,2240000.0,47.0
2025,12,1,1,2,62,1,3,4.0,554000.0,45.0
2025,12,1,1,2,60,1,3,3.0,801000.0,81.0
2025,12,1,1,1,32,1,2,5.0,5538000.0,47.0
2025,12,1,1,1,70,1,3,3.0,9063000.0,56.0
2025,12,1,1,2,42,1,2,5.0,536000.0,96.0
2025,12,1,1,1,56,1,2,5.0,2832000.0,41.0
2025,12,1,1,1,50,1,2,5.0,2512000.0,10.0
2025,12,2,1,1,49,2,3,3.0,2017000.0,53.0
2025,12,1,1,1,31,1,3,10.0,3703000.0,82.0
2025,12,5,1,1,35,8,2,10.0,2778000.0,84.0
2025,12,2,1,2,34,2,2,5.0,1499000.0,86.0
2025,12,1,1,2,38,1,2,10.0,2628000.0,55.0
2025,12,2,1,2,70,4,3,3.0,1752000.0,47.0
2025,12,3,1,1,40,3,1,4.0,1871000.0,1.0
2025,12,1,1,1,59,1,2,3.0,1579000.0,1.0
2025,12,2,1,2,36,3,1,5.0,1484000.0,56.0
2025,12,2,1,1,44,2,2,3.0,3133000.0,25.0
2025,12,1,1,2,38,1,2,10.0,1939000.0,86.0
2025,12,1,1,2,35,1,2,3.0,1077000.0,97.0
2025,12,2,1,2,26,2,2,8.0,100000.0,15.0
2025,12,2,1,2,29,2,2,10.0,965000.0,93.0
2025,12,3,1,1,49,3,1,10.0,2081000.0,74.0
2025,12,4,1,1,35,13,2,5.0,1737000.0,1.0
2025,12,2,1,2,59,2,2,8.0,1214000.0,86.0
2025,12,3,1,1,39,3,1,5.0,1226000.0,41.0
2025,12,2,1,2,25,3,1,9.0,893000.0,56.0
2025,12,1,1,2,62,1,2,4.0,1006000.0,56.0
2025,12,1,1,2,58,1,1,5.0,1415000.0,97.0
2025,12,1,1,1,47,1,3,5.0,1656000.0,47.0
2025,12,2,1,1,22,2,2,5.0,2231000.0,10.0
2025,12,2,1,2,23,2,2,10.0,614000.0,47.0
2025,12,2,1,1,73,2,3,3.0,653000.0,81.0
2025,12,1,1,1,75,1,3,10.0,2695000.0,45.0
2025,12,1,1,2,30,1,2,3.0,1136000.0,96.0
2025,12,1,1,2,32,1,2,11.0,3949000.0,46.0
2025,12,2,1,2,25,2,2,8.0,1053000.0,96.0
2025,12,1,1,1,46,1,2,5.0,1886000.0,80.0
2025,12,1,1,1,61,1,3,3.0,582000.0,41.0
2025,12,1,1,2,41,1,2,8.0,2156000.0,46.0
2025,12,1,1,1,54,1,3,4.0,4502000.0,47.0
2025,12,3,1,1,28,3,1,10.0,1798000.0,36.0
2025,12,4,1,1,60,7,3,3.0,712000.0,1.0
2025,12,1,1,2,59,1,2,5.0,2693000.0,84.0
2025,12,4,1,1,52,9,2,3.0,1599000.0,41.0
2025,12,2,1,2,53,3,1,12.0,0.0,85.0
2025,12,1,1,2,37,1,2,6.0,1098000.0,47.0
2025,12,1,1,2,35,1,2,4.0,921000.0,97.0
2025,12,1,1,1,72,1,3,4.0,825000.0,3.0
2025,12,2,1,1,70,6,3,3.0,528000.0,97.0
2025,12,2,1,2,32,3,1,10.0,1360000.0,82.0
2025,12,1,1,1,67,1,3,3.0,227000.0,1.0
2025,12,2,1,2,23,9,2,5.0,1230000.0,47.0
2025,12,2,1,1,64,3,1,4.0,2061000.0,47.0
2025,12,1,1,1,34,1,2,3.0,1198000.0,1.0
2025,12,3,1,2,34,6,2,10.0,1551000.0,43.0
2025,12,1,1,1,25,1,2,5.0,2103000.0,1.0
2025,12,1,1,2,29,1,3,5.0,633000.0,47.0
2025,12,1,1,1,37,1,2,8.0,7119000.0,47.0
2025,12,2,1,2,39,2,2,8.0,480000.0,96.0
2025,12,1,1,2,65,1,3,3.0,725000.0,56.0
2025,12,1,1,2,62,1,3,11.0,5395000.0,85.0
2025,12,1,1,1,67,1,3,3.0,2809000.0,1.0
2025,12,2,1,2,35,2,3,5.0,1492000.0,86.0
2025,12,2,1,2,41,3,1,5.0,1623000.0,85.0
2025,12,1,1,2,39,1,2,10.0,3129000.0,46.0
2025,12,2,1,2,42,2,2,4.0,1146000.0,97.0
2025,12,6,1,2,71,9,2,4.0,576000.0,97.0
2025,12,2,1,2,49,2,3,10.0,696000.0,85.0
2025,12,2,1,2,44,3,1,10.0,2509000.0,86.0
2025,12,1,1,2,54,1,3,5.0,418000.0,81.0
2025,12,3,1,1,28,3,1,9.0,3167000.0,77.0
2025,12,2,1,1,30,3,1,10.0,1511000.0,73.0
2025,12,8,1,1,28,9,3,10.0,3150000.0,85.0
2025,12,2,1,1,29,3,2,11.0,10076000.0,69.0
2025,12,2,1,2,33,2,2,5.0,423000.0,47.0
2025,12,1,1,1,22,1,2,3.0,2069000.0,41.0
2025,12,1,1,1,55,1,3,11.0,9887000.0,85.0
2025,12,2,2,2,49,3,1,5.0,1324000.0,92.0
2025,12,1,1,2,39,1,2,9.0,1022000.0,47.0
2025,12,2,1,1,38,2,2,3.0,1481000.0,49.0
2025,12,2,1,1,26,3,1,5.0,845000.0,1.0
2025,12,2,1,2,51,2,2,11.0,856000.0,86.0
2025,12,1,1,2,56,1,2,8.0,0.0,96.0
2025,12,4,1,2,32,3,1,9.0,1250000.0,10.0
2025,12,1,1,2,60,1,2,5.0,2288000.0,55.0
2025,12,4,1,1,66,9,3,3.0,1829000.0,45.0
2025,12,2,1,1,49,2,2,11.0,9752000.0,84.0
2025,12,1,1,1,73,1,3,5.0,142000.0,49.0
2025,12,1,1,2,41,1,3,8.0,1646000.0,10.0
2025,12,1,1,1,44,1,2,12.0,6875000.0,84.0
2025,12,1,1,2,33,1,2,5.0,323000.0,47.0
2025,12,2,1,2,30,2,2,10.0,1213000.0,56.0
2025,12,1,1,1,20,1,2,3.0,1752000.0,41.0
2025,12,1,1,1,80,1,3,3.0,1389000.0,1.0
2025,12,1,1,2,34,1,2,5.0,1849000.0,47.0
2025,12,4,1,2,32,3,1,10.0,2291000.0,84.0
2025,12,1,1,1,56,1,2,3.0,513000.0,1.0
2025,12,3,1,1,40,3,1,5.0,1840000.0,47.0
2025,12,1,1,1,48,1,3,1.0,1649000.0,1.0
2025,12,1,1,2,34,1,2,5.0,1357000.0,10.0
2025,12,1,1,2,48,1,2,13.0,7708000.0,85.0
2025,12,3,1,2,21,3,1,8.0,2061000.0,82.0
2025,12,2,1,1,43,2,2,9.0,6348000.0,5.0
2025,12,2,1,1,30,2,2,5.0,886000.0,10.0
2025,12,1,1,1,39,1,3,5.0,336000.0,1.0
2025,12,4,1,1,24,3,1,4.0,2662000.0,33.0
2025,12,2,1,2,59,2,3,4.0,1289000.0,47.0
2025,12,2,1,1,25,3,1,8.0,2392000.0,93.0
2025,12,1,1,2,60,1,2,4.0,545000.0,81.0
2025,12,1,1,2,51,1,2,4.0,0.0,56.0
2025,12,1,1,2,44,1,2,12.0,5131000.0,85.0
2025,12,2,1,1,39,2,3,5.0,1550000.0,49.0
2025,12,1,2,2,30,1,2,5.0,1116000.0,56.0
2025,12,1,1,2,24,1,2,5.0,782000.0,10.0
2025,12,4,1,2,45,3,1,10.0,2277000.0,79.0
2025,12,3,1,1,25,3,1,5.0,1722000.0,45.0
2025,12,1,1,1,36,1,2,6.0,1241000.0,49.0
2025,12,5,1,1,51,9,1,8.0,2077000.0,45.0
2025,12,1,1,2,37,1,3,5.0,606000.0,81.0
2025,12,2,1,1,45,2,2,4.0,1759000.0,41.0
2025,12,1,1,1,41,1,2,10.0,3149000.0,17.0
2025,12,2,1,2,31,2,2,10.0,2317000.0,49.0
2025,12,1,1,2,42,1,2,5.0,2035000.0,55.0
2025,12,2,1,1,25,3,1,10.0,3609000.0,64.0
2025,12,1,1,1,54,1,2,5.0,1551000.0,41.0
2025,12,1,1,1,57,1,2,11.0,4670000.0,84.0
2025,12,2,1,2,28,2,2,5.0,1626000.0,61.0
2025,12,2,1,1,24,6,2,10.0,6473000.0,47.0
2025,12,2,1,2,33,3,1,5.0,586000.0,97.0
2025,12,1,1,2,20,1,2,8.0,2168000.0,86.0
2025,12,3,1,1,37,3,2,3.0,2103000.0,52.0
2025,12,3,1,1,24,3,1,5.0,1927000.0,49.0
2025,12,1,1,1,32,1,3,5.0,1568000.0,56.0
2025,12,1,1,1,48,1,1,3.0,509000.0,32.0
2025,12,2,1,2,62,2,3,3.0,118000.0,47.0
2025,12,2,1,1,32,2,2,5.0,3036000.0,41.0
2025,12,1,1,2,59,1,3,5.0,1459000.0,52.0
2025,12,2,1,1,63,2,3,3.0,2664000.0,49.0
2025,12,1,1,1,45,1,2,3.0,858000.0,56.0
2025,12,1,1,1,43,1,3,1.0,463000.0,46.0
2025,12,2,1,1,61,2,2,3.0,740000.0,41.0
2025,12,2,1,2,53,2,2,10.0,2318000.0,85.0
2025,12,2,1,1,63,2,3,12.0,9714000.0,85.0
2025,12,3,1,2,21,3,1,10.0,510000.0,69.0
2025,12,1,1,1,51,1,2,3.0,2416000.0,41.0
2025,12,3,1,2,34,3,1,5.0,215000.0,47.0
2025,12,2,1,1,56,2,2,10.0,2115000.0,70.0
2025,12,1,1,1,35,1,2,5.0,2689000.0,56.0
2025,12,1,1,2,50,1,1,5.0,1639000.0,81.0
2025,12,4,1,1,36,3,1,10.0,1290000.0,49.0
2025,12,1,1,1,65,1,3,5.0,3636000.0,47.0
2025,12,1,1,1,46,1,3,9.0,2720000.0,86.0
2025,12,1,1,1,35,1,3,12.0,8916000.0,85.0
2025,12,1,1,2,38,1,3,8.0,1419000.0,84.0
2025,12,2,1,1,29,3,1,4.0,1911000.0,45.0
2025,12,1,1,1,69,1,3,11.0,9860000.0,85.0
2025,12,2,1,1,74,2,3,3.0,1475000.0,22.0
2025,12,1,1,2,25,1,2,10.0,2167000.0,94.0
2025,12,2,1,2,19,9,3,5.0,1336000.0,84.0
2025,12,1,1,2,50,1,1,5.0,1847000.0,10.0
2025,12,1,1,1,54,1,3,11.0,10216000.0,43.0
2025,12,2,1,2,41,2,3,8.0,5381000.0,86.0
2025,12,1,1,2,32,1,2,10.0,1554000.0,14.0
2025,12,2,1,1,42,3,1,1.0,1680000.0,41.0
2025,12,1,1,2,40,1,2,5.0,1527000.0,88.0
2025,12,2,1,1,31,3,1,3.0,1511000.0,49.0
2025,12,2,1,2,63,2,3,5.0,1332000.0,10.0
2025,12,1,1,1,35,1,2,10.0,4558000.0,56.0
2025,12,2,1,2,32,3,1,4.0,743000.0,41.0
2025,12,3,1,2,45,3,1,10.0,1711000.0,47.0
2025,12,2,1,2,35,2,2,10.0,1682000.0,56.0
2025,12,1,1,1,60,1,3,3.0,2703000.0,1.0
2025,12,1,1,1,33,1,2,4.0,1872000.0,45.0
2025,12,3,1,1,19,9,2,3.0,1175000.0,2.0
2025,12,1,1,1,61,1,3,3.0,2947000.0,42.0
2025,12,2,1,2,59,2,2,4.0,173000.0,81.0
2025,12,1,1,2,47,1,2,10.0,2353000.0,75.0
2025,12,2,1,2,70,2,3,3.0,198000.0,47.0
2025,12,1,1,2,52,1,3,4.0,854000.0,47.0
2025,12,2,1,1,23,2,2,5.0,1476000.0,45.0
2025,12,2,1,1,48,2,3,10.0,9939000.0,84.0
2025,12,1,1,1,25,1,2,4.0,837000.0,43.0
2025,12,2,1,2,47,2,2,4.0,1634000.0,55.0
2025,12,1,1,2,65,1,3,3.0,454000.0,56.0
2025,12,1,2,1,31,1,3,5.0,1394000.0,41.0
2025,12,1,1,1,32,1,2,3.0,1860000.0,45.0
2025,12,1,1,2,27,1,2,10.0,5687000.0,86.0
2025,12,2,1,1,57,2,2,5.0,1970000.0,11.0
2025,12,1,1,2,57,1,2,5.0,1404000.0,97.0
2025,12,2,1,2,28,2,2,5.0,8694000.0,96.0
2025,12,2,1,1,26,3,1,10.0,1270000.0,41.0
2025,12,2,1,2,57,2,2,5.0,1379000.0,47.0
2025,12,3,1,1,29,3,1,3.0,558000.0,53.0
2025,12,1,1,1,64,1,2,12.0,8762000.0,85.0
2025,12,3,1,1,27,3,1,3.0,1923000.0,49.0
2025,12,1,1,2,73,1,3,5.0,555000.0,47.0
2025,12,1,1,1,49,1,2,10.0,5275000.0,95.0
2025,12,2,1,2,21,2,2,5.0,3369000.0,56.0
2025,12,2,1,2,40,2,2,5.0,258000.0,45.0
2025,12,1,1,2,60,1,1,3.0,1407000.0,95.0
2025,12,2,1,1,57,2,3,3.0,1737000.0,49.0
2025,12,1,1,1,46,1,2,5.0,1729000.0,49.0
2025,12,5,1,1,32,7,2,10.0,3136000.0,82.0
2025,12,1,1,2,37,1,2,5.0,1600000.0,97.0
2025,12,1,1,2,56,1,2,4.0,1826000.0,47.0
2025,12,1,1,2,25,1,2,5.0,1050000.0,1.0
2025,12,1,1,1,50,1,3,9.0,4365000.0,46.0
2025,12,1,1,2,56,1,3,3.0,104000.0,47.0
2025,12,4,1,2,18,8,1,8.0,0.0,86.0
2025,12,1,1,2,55,1,2,8.0,1189000.0,55.0
2025,12,3,1,2,21,3,1,5.0,887000.0,96.0
2025,12,1,1,2,65,1,2,4.0,2502000.0,84.0
2025,12,1,1,1,51,1,2,10.0,2977000.0,62.0
2025,12,1,1,2,24,1,2,9.0,779000.0,56.0
2025,12,1,1,2,34,1,2,10.0,4364000.0,84.0
2025,12,1,1,1,68,1,3,3.0,848000.0,47.0
2025,12,1,1,2,66,1,3,10.0,4240000.0,85.0
2025,12,3,1,2,62,6,3,5.0,1171000.0,47.0
2025,12,4,1,1,28,6,3,4.0,1150000.0,41.0
2025,12,1,1,2,22,1,2,5.0,909000.0,56.0
2025,12,2,1,2,44,2,3,11.0,4653000.0,85.0
2025,12,1,1,1,52,1,2,3.0,2111000.0,45.0
2025,12,1,1,1,49,1,2,5.0,2579000.0,47.0
2025,12,3,1,2,57,3,1,8.0,558000.0,68.0
2025,12,1,1,1,35,1,3,3.0,1069000.0,47.0
2025,12,1,1,1,69,1,3,3.0,2354000.0,47.0
2025,12,2,1,2,55,6,2,4.0,0.0,81.0
2025,12,1,1,1,47,1,2,4.0,2191000.0,81.0
2025,12,3,1,1,44,3,1,10.0,6730000.0,85.0
2025,12,1,1,1,60,1,2,3.0,2811000.0,45.0
2025,12,2,1,1,26,3,1,10.0,1676000.0,10.0
2025,12,2,1,1,42,3,1,5.0,2135000.0,47.0
2025,12,3,1,1,31,3,1,5.0,2150000.0,1.0
2025,12,1,1,2,47,1,2,8.0,1532000.0,14.0
2025,12,3,1,1,33,3,1,10.0,2035000.0,85.0
2025,12,2,1,2,45,2,2,8.0,304000.0,56.0
2025,12,1,1,1,46,1,3,5.0,4987000.0,84.0
2025,12,3,1,1,24,13,2,3.0,2860000.0,1.0
2025,12,1,1,1,59,1,2,3.0,2462000.0,97.0
2025,12,2,1,1,66,2,3,5.0,931000.0,1.0
2025,12,3,1,1,21,3,1,8.0,2042000.0,47.0
2025,12,2,1,2,47,2,2,5.0,1763000.0,55.0
2025,12,1,1,2,39,1,1,8.0,2571000.0,86.0
2025,12,3,1,2,68,4,3,10.0,2477000.0,14.0
2025,12,1,1,1,44,1,2,5.0,942000.0,41.0
2025,12,7,1,1,42,13,2,3.0,715000.0,8.0
2025,12,1,1,2,35,1,2,8.0,858000.0,56.0
2025,12,2,1,1,47,2,3,6.0,1759000.0,49.0
2025,12,1,1,2,45,1,2,5.0,706000.0,14.0
2025,12,2,1,2,21,6,2,6.0,0.0,47.0
2025,12,1,1,1,57,1,3,3.0,2109000.0,68.0
2025,12,1,1,2,55,1,2,8.0,2266000.0,86.0
2025,12,3,1,1,51,3,1,10.0,7183000.0,47.0
2025,12,2,1,2,30,9,2,10.0,3044000.0,86.0
2025,12,2,1,2,70,2,3,10.0,300000.0,47.0
2025,12,1,1,1,63,1,3,5.0,2098000.0,94.0
2025,12,1,1,2,51,1,2,1.0,740000.0,97.0
2025,12,4,1,2,23,3,2,5.0,319000.0,95.0
2025,12,2,1,2,49,2,3,3.0,624000.0,81.0
2025,12,1,1,2,32,1,2,10.0,2592000.0,73.0
2025,12,1,1,1,63,1,3,3.0,2728000.0,1.0
2025,12,1,1,1,80,1,3,5.0,0.0,10.0
2025,12,1,1,2,55,1,3,3.0,721000.0,55.0
2025,12,1,1,1,35,1,1,6.0,2050000.0,55.0
2025,12,1,1,1,57,1,3,5.0,4103000.0,49.0
2025,12,1,1,2,33,1,2,8.0,1486000.0,86.0
2025,12,2,1,2,65,2,3,11.0,7556000.0,84.0
2025,12,2,1,2,20,2,2,8.0,1877000.0,96.0
2025,12,1,1,1,51,1,2,11.0,12897000.0,6.0
2025,12,2,1,2,56,2,2,8.0,3812000.0,86.0
2025,12,3,1,1,30,6,3,9.0,4077000.0,71.0
2025,12,1,1,1,30,1,2,5.0,1737000.0,47.0
2025,12,2,1,2,66,2,3,10.0,5006000.0,85.0
2025,12,1,1,2,46,1,2,5.0,0.0,96.0
2025,12,2,1,1,28,3,1,5.0,1880000.0,45.0
2025,12,4,1,1,69,6,3,3.0,128000.0,95.0
2025,12,1,1,1,58,1,2,10.0,13533000.0,62.0
2025,12,1,1,1,41,1,3,10.0,0.0,1.0
2025,12,2,1,2,43,2,3,5.0,1014000.0,56.0
2025,12,2,1,1,54,2,2,5.0,564000.0,47.0
2025,12,1,1,2,44,1,3,10.0,2038000.0,85.0
2025,12,1,1,2,55,1,2,3.0,724000.0,1.0
2025,12,1,1,1,39,1,2,6.0,1309000.0,14.0
2025,12,1,1,2,34,1,2,10.0,1189000.0,75.0
2025,12,2,1,2,23,2,2,5.0,1925000.0,47.0
2025,12,1,1,2,53,1,2,1.0,742000.0,56.0
2025,12,2,1,2,37,2,2,10.0,2382000.0,86.0
2025,12,1,1,2,43,1,2,6.0,1342000.0,88.0
2025,12,4,1,1,27,3,1,4.0,2072000.0,31.0
2025,12,2,1,2,33,2,2,5.0,464000.0,56.0
2025,12,1,1,1,70,1,3,3.0,659000.0,38.0
2025,12,1,1,2,64,1,3,3.0,280000.0,47.0
2025,12,2,1,2,55,13,3,1.0,484000.0,97.0
2025,12,2,1,2,49,2,3,4.0,1387000.0,47.0
2025,12,1,1,2,42,1,3,4.0,1149000.0,56.0
2025,12,1,1,2,47,1,3,3.0,1472000.0,55.0
2025,12,1,1,1,34,1,2,5.0,1965000.0,56.0
2025,12,1,1,2,58,1,3,8.0,226000.0,47.0
2025,12,1,1,1,54,1,2,10.0,8886000.0,46.0
2025,12,4,1,2,24,3,1,9.0,1093000.0,45.0
2025,12,2,1,2,20,3,1,10.0,1464000.0,47.0
2025,12,4,1,1,19,3,1,4.0,2165000.0,45.0
2025,12,2,1,2,30,6,1,5.0,1528000.0,47.0
2025,12,2,1,2,41,3,1,10.0,1962000.0,41.0
2025,12,1,1,2,52,1,3,3.0,514000.0,1.0
2025,12,1,1,1,47,1,3,3.0,1568000.0,41.0
2025,12,3,1,2,50,3,1,10.0,5052000.0,86.0
2025,12,2,1,2,35,2,2,10.0,3681000.0,84.0
2025,12,4,1,2,24,9,2,5.0,972000.0,97.0
2025,12,1,1,2,48,1,2,6.0,2018000.0,47.0
2025,12,1,1,2,59,1,2,5.0,2115000.0,82.0
2025,12,1,1,2,71,1,3,5.0,4477000.0,47.0
2025,12,1,3,2,46,1,3,5.0,931000.0,56.0
2025,12,1,1,1,23,1,2,5.0,3415000.0,53.0
2025,12,1,1,1,37,1,2,1.0,949000.0,3.0
2025,12,1,1,1,42,1,2,5.0,2677000.0,41.0
2025,12,2,1,2,38,2,2,11.0,4918000.0,47.0
2025,12,1,1,1,23,1,2,10.0,1121000.0,47.0
2025,12,2,1,1,56,3,1,11.0,3097000.0,85.0
2025,12,1,1,1,34,1,2,12.0,5055000.0,85.0
2025,12,1,1,2,44,1,2,4.0,0.0,77.0
2025,12,2,1,1,31,3,1,5.0,873000.0,64.0
2025,12,2,1,2,21,2,2,5.0,1643000.0,56.0
2025,12,1,1,1,32,1,2,10.0,1408000.0,95.0
2025,12,1,1,1,57,1,3,3.0,2189000.0,49.0
2025,12,1,1,1,50,1,2,4.0,2384000.0,49.0
2025,12,2,1,2,22,3,1,7.0,1381000.0,85.0
2025,12,1,1,1,61,1,3,3.0,2068000.0,15.0
2025,12,3,1,1,48,3,1,5.0,1884000.0,25.0
2025,12,1,1,2,76,1,3,3.0,358000.0,81.0
2025,12,4,1,1,25,8,1,8.0,2625000.0,56.0
2025,12,2,1,2,47,2,3,4.0,1301000.0,10.0
2025,12,1,1,2,62,1,3,5.0,1461000.0,81.0
2025,12,1,1,1,62,1,3,1.0,1418000.0,1.0
2025,12,1,1,1,45,1,2,8.0,1628000.0,47.0
2025,12,2,1,1,24,3,1,10.0,1664000.0,47.0
2025,12,2,1,2,49,2,2,5.0,1389000.0,47.0
2025,12,1,1,2,36,1,2,3.0,386000.0,81.0
2025,12,2,1,2,34,2,3,10.0,2082000.0,84.0
2025,12,2,1,1,25,3,1,5.0,1640000.0,56.0
2025,12,1,1,1,67,1,3,3.0,1244000.0,1.0
2025,12,1,1,1,28,1,2,10.0,6622000.0,86.0
2025,12,1,1,1,43,1,2,8.0,1746000.0,61.0
2025,12,1,1,2,70,1,3,3.0,327000.0,95.0
2025,12,1,1,2,34,1,2,10.0,4550000.0,61.0
2025,12,2,1,1,35,3,3,5.0,2386000.0,61.0
2025,12,1,1,2,58,1,3,10.0,6040000.0,85.0
2025,12,1,1,2,61,1,3,3.0,1140000.0,56.0
2025,12,2,1,2,22,2,2,5.0,100000.0,47.0
2025,12,3,1,2,25,3,1,5.0,1318000.0,35.0
2025,12,5,1,2,20,7,2,6.0,1339000.0,61.0
2025,12,1,1,2,40,1,3,5.0,1354000.0,85.0
2025,12,1,1,2,37,1,2,4.0,965000.0,49.0
2025,12,1,1,2,66,1,3,3.0,1603000.0,81.0
2025,12,2,1,1,71,2,3,10.0,2899000.0,93.0
2025,12,2,1,2,21,3,1,5.0,1225000.0,47.0
2025,12,3,1,2,62,6,3,4.0,146000.0,81.0
2025,12,1,1,1,32,1,2,5.0,2802000.0,96.0
2025,12,2,1,1,42,3,3,5.0,2301000.0,49.0
2025,12,2,1,1,33,2,2,5.0,1464000.0,56.0
2025,12,1,1,2,39,1,2,4.0,268000.0,56.0
2025,12,1,1,2,46,1,2,9.0,1943000.0,14.0
2025,12,1,1,1,34,1,2,5.0,1875000.0,41.0
2025,12,2,1,1,52,3,1,3.0,3012000.0,49.0
2025,12,1,1,2,44,1,2,5.0,1663000.0,49.0
2025,12,2,1,2,39,3,1,5.0,1591000.0,96.0
2025,12,2,1,1,29,2,2,5.0,2717000.0,41.0
2025,12,3,1,1,26,3,1,5.0,227000.0,56.0
2025,12,1,1,1,46,1,2,5.0,603000.0,96.0
2025,12,1,2,1,30,1,2,5.0,1502000.0,36.0
2025,12,3,1,1,22,3,1,5.0,1986000.0,25.0
2025,12,2,1,1,43,2,2,4.0,3549000.0,49.0
2025,12,1,1,2,55,1,1,4.0,506000.0,81.0
2025,12,2,1,2,32,2,2,5.0,1760000.0,47.0
2025,12,3,1,2,64,6,3,4.0,516000.0,81.0
2025,12,4,1,2,53,3,1,5.0,388000.0,97.0
2025,12,2,1,1,27,2,2,5.0,743000.0,47.0
2025,12,2,1,2,52,2,2,3.0,495000.0,1.0
2025,12,1,1,1,56,1,3,9.0,2969000.0,85.0
2025,12,1,1,2,48,1,2,3.0,1362000.0,97.0
2025,12,1,1,1,36,1,3,3.0,0.0,1.0
2025,12,1,1,1,55,1,3,8.0,6947000.0,25.0
2025,12,2,1,2,42,2,3,5.0,1368000.0,92.0
2025,12,2,1,1,36,2,2,5.0,1665000.0,49.0
2025,12,1,1,2,48,1,3,5.0,236000.0,81.0
2025,12,1,1,2,27,1,1,10.0,4358000.0,86.0
2025,12,1,1,1,27,1,2,5.0,1790000.0,49.0
2025,12,1,1,2,46,1,3,3.0,100000.0,56.0
2025,12,1,1,2,47,1,2,9.0,498000.0,47.0
2025,12,3,1,1,31,3,1,5.0,2258000.0,47.0
2025,12,2,1,2,18,3,1,5.0,851000.0,95.0
2025,12,1,1,2,44,1,2,11.0,9204000.0,84.0
2025,12,1,1,2,69,1,3,3.0,456000.0,97.0
2025,12,3,1,1,22,3,1,8.0,1742000.0,86.0
2025,12,1,1,2,23,1,3,8.0,221000.0,97.0
2025,12,2,1,1,59,2,3,3.0,779000.0,52.0
2025,12,4,1,1,50,7,2,1.0,1137000.0,49.0
2025,12,2,1,2,53,6,2,5.0,1147000.0,55.0
2025,12,1,1,1,76,1,3,3.0,1864000.0,80.0
2025,12,1,1,1,40,1,2,5.0,1620000.0,25.0
2025,12,3,1,2,36,3,1,10.0,1966000.0,49.0
2025,12,3,1,1,21,3,1,5.0,1816000.0,82.0
2025,12,2,1,1,46,2,2,3.0,4858000.0,41.0
2025,12,1,1,1,50,1,3,3.0,637000.0,1.0
2025,12,1,1,1,37,1,2,5.0,2179000.0,53.0
2025,12,3,1,2,29,9,2,5.0,1222000.0,87.0
2025,12,1,1,1,63,1,2,3.0,1756000.0,49.0
2025,12,2,2,2,31,2,2,10.0,4199000.0,86.0
2025,12,2,1,1,23,8,2,9.0,1496000.0,82.0
2025,12,1,1,1,50,1,2,11.0,4768000.0,85.0
2025,12,2,1,1,21,3,1,4.0,1168000.0,53.0
2025,12,2,1,1,33,2,2,8.0,1625000.0,60.0
2025,12,1,1,2,78,1,3,5.0,1261000.0,10.0
2025,12,1,1,1,27,1,2,5.0,1147000.0,10.0
2025,12,2,1,2,41,2,2,11.0,2690000.0,47.0
2025,12,1,1,1,42,1,2,8.0,1976000.0,45.0
2025,12,4,1,2,23,7,2,5.0,221000.0,96.0
2025,12,2,1,2,41,2,1,10.0,2656000.0,47.0
2025,12,1,1,2,46,1,1,5.0,1167000.0,81.0
2025,12,2,1,2,60,2,1,4.0,262000.0,38.0
2025,12,2,1,2,40,2,2,5.0,1155000.0,22.0
2025,12,1,1,2,35,1,2,8.0,1364000.0,88.0
2025,12,1,1,1,53,1,2,5.0,2931000.0,46.0
2025,12,2,1,2,26,2,2,4.0,1037000.0,96.0
2025,12,1,1,1,45,1,1,10.0,2239000.0,47.0
2025,12,3,1,1,19,3,1,6.0,1928000.0,35.0
2025,12,1,1,1,28,1,2,8.0,2097000.0,49.0
2025,12,3,1,2,23,3,1,10.0,1424000.0,47.0
2025,12,1,1,2,59,1,3,4.0,1424000.0,96.0
2025,12,1,1,1,49,1,2,4.0,5910000.0,23.0
2025,12,3,1,2,45,3,1,10.0,2745000.0,63.0
2025,12,2,1,2,34,2,2,12.0,6663000.0,84.0
2025,12,1,1,1,45,1,2,5.0,1626000.0,15.0
2025,12,1,1,1,68,1,3,1.0,545000.0,38.0
2025,12,3,1,2,40,3,1,8.0,213000.0,96.0
2025,12,2,1,2,34,2,2,6.0,1487000.0,86.0
2025,12,2,1,1,58,2,2,5.0,1202000.0,41.0
2025,12,1,1,2,44,1,2,11.0,14857000.0,47.0
2025,12,4,1,2,25,7,2,10.0,2005000.0,65.0
2025,12,1,1,2,43,1,2,5.0,564000.0,68.0
2025,12,1,1,1,66,1,3,4.0,2480000.0,41.0
2025,12,3,1,2,28,3,1,9.0,1736000.0,69.0
2025,12,1,1,1,28,1,2,5.0,876000.0,41.0
2025,12,1,1,1,23,1,2,10.0,5658000.0,82.0
2025,12,1,1,1,62,1,3,4.0,699000.0,27.0
2025,12,2,1,1,40,6,3,5.0,1039000.0,41.0
2025,12,2,1,2,58,2,3,3.0,351000.0,14.0
2025,12,1,1,1,71,1,3,1.0,544000.0,49.0
2025,12,2,1,1,41,3,1,1.0,954000.0,3.0
2025,12,1,1,1,36,1,2,10.0,5711000.0,35.0
2025,12,2,1,2,35,2,1,10.0,2010000.0,86.0
2025,12,1,1,1,59,1,2,3.0,14172000.0,41.0
2025,12,1,1,2,53,1,3,5.0,2247000.0,10.0
2025,12,3,1,1,46,3,1,4.0,410000.0,95.0
2025,12,1,1,1,27,1,1,5.0,4470000.0,47.0
2025,12,1,1,2,35,1,3,4.0,100000.0,47.0
2025,12,3,1,2,37,3,1,9.0,1135000.0,64.0
2025,12,1,1,1,45,1,2,5.0,1961000.0,80.0
2025,12,1,1,1,34,1,2,5.0,1989000.0,10.0
2025,12,4,1,2,24,3,1,5.0,1362000.0,47.0
2025,12,1,1,2,53,1,3,1.0,100000.0,95.0
2025,12,1,1,2,37,1,2,9.0,4746000.0,84.0
2025,12,2,1,2,26,2,2,5.0,1527000.0,47.0
2025,12,1,2,2,69,1,3,3.0,100000.0,38.0
2025,12,1,1,1,59,1,3,3.0,510000.0,1.0
2025,12,1,1,1,32,1,2,5.0,2246000.0,49.0
2025,12,2,1,1,27,2,2,6.0,863000.0,1.0
2025,12,1,1,1,76,1,3,1.0,885000.0,1.0
2025,12,1,1,1,44,1,1,8.0,1793000.0,47.0
2025,12,1,1,1,46,1,2,1.0,1063000.0,47.0
2025,12,2,1,2,28,3,1,5.0,1244000.0,22.0
2025,12,1,1,1,31,1,2,5.0,1155000.0,56.0
2025,12,1,1,2,28,1,1,9.0,1303000.0,86.0
2025,12,1,1,1,35,1,2,5.0,2336000.0,56.0
2025,12,2,1,2,43,2,2,4.0,241000.0,56.0
2025,12,2,1,1,25,6,3,8.0,2215000.0,86.0
2025,12,1,1,1,55,1,2,9.0,2582000.0,49.0
2025,12,1,1,1,44,1,2,3.0,1844000.0,1.0
2025,12,2,1,1,19,3,1,5.0,2168000.0,41.0
2025,12,1,1,2,44,1,2,5.0,907000.0,32.0
2025,12,2,1,2,42,2,2,5.0,225000.0,47.0
2025,12,1,1,2,40,1,2,9.0,941000.0,53.0
2025,12,2,1,2,31,2,2,7.0,1298000.0,56.0
2025,12,2,1,2,43,2,3,10.0,6862000.0,73.0
2025,12,2,1,2,27,3,1,8.0,2592000.0,96.0
2025,12,2,1,2,41,2,2,3.0,660000.0,56.0
2025,12,2,1,2,60,2,3,10.0,463000.0,85.0
2025,12,1,1,2,44,1,3,3.0,1431000.0,56.0
2025,12,2,1,2,27,2,2,8.0,1626000.0,86.0
2025,12,1,1,1,49,1,3,8.0,5733000.0,84.0
2025,12,1,1,1,21,1,2,5.0,1412000.0,96.0
2025,12,1,1,2,29,1,2,4.0,1236000.0,47.0
2025,12,1,1,1,55,1,3,10.0,4736000.0,85.0
2025,12,1,1,1,54,1,2,5.0,2065000.0,1.0
2025,12,1,1,2,71,1,3,3.0,100000.0,95.0
2025,12,2,1,1,39,3,1,5.0,1933000.0,42.0
2025,12,1,1,1,52,1,2,4.0,1446000.0,97.0
2025,12,1,1,2,36,1,3,11.0,2631000.0,86.0
2025,12,1,1,2,55,1,3,3.0,1622000.0,14.0
2025,12,1,1,2,63,1,2,11.0,6539000.0,84.0
2025,12,2,1,2,43,2,2,9.0,1369000.0,47.0
2025,12,1,1,1,50,1,2,3.0,751000.0,41.0
2025,12,3,1,1,28,3,1,4.0,2046000.0,96.0
2025,12,3,1,2,39,3,1,5.0,1695000.0,56.0
2025,12,1,1,1,51,1,3,5.0,3103000.0,51.0
2025,12,1,1,2,57,1,3,10.0,3033000.0,74.0
2025,12,1,1,1,46,1,3,3.0,2045000.0,20.0
2025,12,1,1,1,64,1,2,3.0,1714000.0,24.0
2025,12,3,1,1,33,3,1,5.0,1740000.0,52.0
2025,12,2,1,2,39,3,1,3.0,356000.0,81.0
2025,12,2,1,2,50,2,2,11.0,5586000.0,21.0
2025,12,2,1,1,42,3,1,5.0,3353000.0,49.0
2025,12,1,1,2,53,1,2,4.0,1179000.0,81.0
2025,12,1,1,2,37,1,2,8.0,2166000.0,84.0
2025,12,1,1,2,46,1,2,5.0,818000.0,56.0
2025,12,1,1,1,50,1,2,6.0,1852000.0,80.0
2025,12,3,1,1,54,3,3,3.0,1737000.0,42.0
2025,12,4,1,2,25,6,1,8.0,1032000.0,47.0
2025,12,1,1,2,56,1,3,8.0,2275000.0,56.0
2025,12,4,1,2,39,7,2,5.0,1406000.0,56.0
2025,12,4,1,2,24,3,1,10.0,179000.0,56.0
2025,12,1,1,2,57,1,2,1.0,602000.0,97.0
2025,12,1,1,2,34,1,2,4.0,0.0,14.0
2025,12,4,1,2,26,8,1,10.0,1927000.0,73.0
2025,12,1,1,2,49,1,3,5.0,1334000.0,96.0
2025,12,4,1,2,23,3,1,10.0,2058000.0,58.0
2025,12,1,1,1,65,1,3,8.0,3216000.0,46.0
2025,12,2,1,2,32,3,1,5.0,823000.0,81.0
2025,12,1,1,1,65,1,3,11.0,5947000.0,1.0
2025,12,2,1,2,36,2,2,5.0,1042000.0,97.0
2025,12,1,1,2,42,1,1,6.0,1585000.0,55.0
2025,12,1,1,2,54,1,2,4.0,1287000.0,56.0
2025,12,1,1,2,39,1,2,5.0,2008000.0,56.0
2025,12,1,1,2,35,1,2,5.0,1540000.0,86.0
2025,12,1,1,1,56,1,2,10.0,2093000.0,25.0
2025,12,1,1,1,30,1,2,3.0,1945000.0,47.0
2025,12,2,1,2,53,3,1,5.0,1321000.0,47.0
2025,12,3,1,2,26,3,1,8.0,1430000.0,82.0
2025,12,2,1,2,38,2,2,10.0,1911000.0,82.0
2025,12,2,1,2,60,2,3,10.0,2561000.0,86.0
2025,12,1,1,1,31,1,2,9.0,2448000.0,52.0
2025,12,2,1,2,59,2,3,5.0,1426000.0,68.0
2025,12,1,1,1,41,1,2,3.0,3537000.0,47.0
2025,12,1,1,1,66,1,3,3.0,1433000.0,1.0
2025,12,2,1,2,54,2,2,5.0,1283000.0,10.0
2025,12,1,1,2,58,1,3,5.0,1772000.0,88.0
2025,12,2,1,2,40,2,2,5.0,1148000.0,56.0
2025,12,1,1,2,42,1,2,3.0,1318000.0,81.0
2025,12,4,1,2,48,3,1,8.0,399000.0,47.0
2025,12,1,1,2,65,1,2,8.0,453000.0,47.0
2025,12,1,1,1,29,1,2,5.0,2593000.0,41.0
2025,12,2,1,2,45,3,1,9.0,718000.0,14.0
2025,12,2,1,2,46,2,2,12.0,3976000.0,85.0
2025,12,2,1,2,29,2,2,6.0,2010000.0,86.0
2025,12,2,1,2,23,2,2,8.0,1378000.0,56.0
2025,12,2,1,2,43,2,3,11.0,2339000.0,86.0
2025,12,3,1,1,30,3,1,8.0,1138000.0,96.0
2025,12,2,1,2,39,2,2,8.0,1875000.0,11.0
2025,12,3,1,1,26,3,1,3.0,1171000.0,41.0
2025,12,1,1,2,49,1,3,4.0,1379000.0,97.0
2025,12,5,1,1,21,3,1,4.0,988000.0,52.0
2025,12,1,1,2,34,1,2,5.0,1488000.0,53.0
2025,12,2,1,2,27,3,1,8.0,1463000.0,96.0
2025,12,1,1,2,66,1,3,5.0,272000.0,97.0
2025,12,4,1,1,23,3,1,5.0,1284000.0,47.0
2025,12,1,1,2,41,1,2,3.0,1045000.0,81.0
2025,12,2,1,2,37,2,2,8.0,1442000.0,25.0
2025,12,1,1,2,65,1,3,10.0,4581000.0,85.0
2025,12,2,1,2,31,2,2,10.0,3146000.0,86.0
2025,12,2,1,1,58,2,3,10.0,1517000.0,56.0
2025,12,1,1,1,23,1,2,10.0,1943000.0,47.0
2025,12,2,1,2,20,2,2,5.0,420000.0,96.0
2025,12,1,1,1,28,1,2,11.0,2854000.0,69.0
2025,12,1,1,2,48,1,3,3.0,421000.0,55.0
2025,12,2,1,2,33,2,2,10.0,135000.0,88.0
2025,12,1,1,2,30,1,2,5.0,1342000.0,49.0
2025,12,1,1,1,52,1,2,4.0,1901000.0,73.0
2025,12,1,1,1,51,1,2,8.0,0.0,1.0
2025,12,2,1,2,48,2,1,5.0,1295000.0,46.0
2025,12,2,1,2,20,3,2,5.0,900000.0,68.0
2025,12,1,1,1,36,1,2,5.0,1799000.0,3.0
2025,12,1,1,2,32,1,2,8.0,1741000.0,86.0
2025,12,3,1,1,19,3,1,10.0,761000.0,53.0
2025,12,1,1,1,53,1,2,8.0,1285000.0,45.0
2025,12,5,1,2,31,3,1,11.0,2043000.0,85.0
2025,12,3,1,2,41,6,2,10.0,4199000.0,84.0
2025,12,3,1,2,21,3,1,10.0,268000.0,56.0
2025,12,1,1,1,45,1,1,5.0,1884000.0,94.0
2025,12,1,1,2,30,1,1,9.0,555000.0,96.0
2025,12,2,1,2,55,3,1,5.0,482000.0,14.0
2025,12,2,1,2,36,2,2,10.0,4594000.0,84.0
2025,12,2,1,2,27,2,2,11.0,2972000.0,86.0
2025,12,3,1,2,43,3,1,5.0,1278000.0,55.0
2025,12,1,1,2,53,1,3,8.0,1695000.0,14.0
2025,12,1,1,2,59,1,3,4.0,755000.0,97.0
2025,12,1,1,2,55,1,2,4.0,422000.0,81.0
2025,12,1,1,2,61,1,3,11.0,11834000.0,84.0
2025,12,2,1,2,34,2,2,11.0,5562000.0,78.0
2025,12,1,1,1,65,1,3,3.0,314000.0,90.0
2025,12,1,1,1,50,1,2,5.0,2003000.0,45.0
2025,12,2,1,2,32,2,2,5.0,1741000.0,56.0
2025,12,2,1,1,28,3,1,5.0,2342000.0,53.0
2025,12,2,1,2,57,2,3,3.0,462000.0,56.0
2025,12,3,1,2,24,3,1,5.0,1449000.0,56.0
2025,12,1,1,2,43,1,2,8.0,1528000.0,86.0
2025,12,1,1,1,28,1,2,5.0,1965000.0,47.0
2025,12,1,1,2,34,1,2,9.0,1653000.0,85.0
2025,12,4,1,2,41,3,1,4.0,1501000.0,47.0
2025,12,3,1,1,18,3,1,4.0,843000.0,1.0
2025,12,1,1,2,31,1,2,8.0,1410000.0,47.0
2025,12,4,1,2,21,10,2,5.0,1591000.0,97.0
2025,12,1,1,2,47,1,3,10.0,1278000.0,10.0
2025,12,1,1,2,62,1,3,3.0,100000.0,47.0
2025,12,4,1,1,20,3,1,9.0,149000.0,52.0
2025,12,2,1,1,30,2,2,5.0,1650000.0,11.0
2025,12,4,1,2,46,6,2,3.0,972000.0,56.0
2025,12,1,1,1,43,1,2,3.0,336000.0,1.0
2025,12,2,1,1,24,3,3,12.0,4059000.0,66.0
2025,12,2,1,2,50,2,2,3.0,906000.0,97.0
2025,12,2,1,2,35,2,2,8.0,1632000.0,1.0
2025,12,4,1,1,34,7,2,5.0,2327000.0,49.0
2025,12,1,1,1,30,1,2,5.0,1886000.0,41.0
2025,12,1,1,1,40,1,2,5.0,2539000.0,68.0
2025,12,1,1,1,35,1,2,10.0,2324000.0,86.0
2025,12,2,1,2,54,2,3,5.0,559000.0,31.0
2025,12,1,1,1,52,1,2,4.0,994000.0,47.0
2025,12,2,1,2,22,3,1,10.0,651000.0,56.0
2025,12,3,1,1,37,7,2,3.0,1825000.0,81.0
2025,12,1,1,2,34,1,2,10.0,3022000.0,85.0
2025,12,1,1,2,27,1,2,6.0,951000.0,82.0
2025,12,3,1,2,27,3,1,10.0,1393000.0,71.0
2025,12,1,1,1,30,1,2,12.0,9822000.0,84.0
2025,12,2,1,2,42,2,2,10.0,4956000.0,79.0
2025,12,1,1,1,59,1,2,5.0,1780000.0,47.0
2025,12,3,1,1,24,3,1,5.0,1792000.0,49.0
2025,12,2,1,2,20,2,2,5.0,1804000.0,47.0
2025,12,1,1,1,62,1,3,10.0,1879000.0,47.0
2025,12,1,1,1,37,1,2,10.0,4510000.0,84.0
2025,12,1,1,2,53,1,3,3.0,300000.0,95.0
2025,12,2,1,2,51,2,2,3.0,100000.0,1.0
2025,12,2,1,2,48,2,2,3.0,1571000.0,46.0
2025,12,2,1,2,56,2,2,3.0,100000.0,74.0
2025,12,2,1,1,43,2,3,3.0,1166000.0,1.0
2025,12,1,1,2,62,1,2,3.0,0.0,7.0
2025,12,3,1,1,18,3,1,6.0,942000.0,96.0
2025,12,1,1,1,38,1,2,3.0,2017000.0,43.0
2025,12,2,1,1,19,3,1,4.0,1030000.0,45.0
2025,12,1,1,2,45,1,1,5.0,1547000.0,10.0
2025,12,2,1,1,58,2,3,5.0,988000.0,49.0
2025,12,1,1,2,42,1,1,10.0,2726000.0,6.0
2025,12,2,1,1,41,2,2,3.0,405000.0,1.0
2025,12,1,1,1,44,1,2,3.0,2152000.0,38.0
2025,12,1,1,1,31,1,2,5.0,809000.0,41.0
2025,12,2,1,2,38,3,1,5.0,1743000.0,46.0
2025,12,1,1,1,31,1,2,3.0,1642000.0,42.0
2025,12,1,1,1,52,1,2,3.0,1530000.0,41.0
2025,12,1,1,1,48,1,3,4.0,1781000.0,41.0
2025,12,2,1,2,26,3,1,5.0,1148000.0,47.0
2025,12,1,1,1,48,1,1,5.0,778000.0,47.0
2025,12,1,1,2,34,1,2,5.0,1528000.0,15.0
2025,12,3,1,1,30,3,1,12.0,1706000.0,82.0
2025,12,1,1,2,32,1,2,8.0,1108000.0,47.0
2025,12,2,1,2,35,3,1,10.0,4242000.0,46.0
2025,12,1,1,1,59,1,2,3.0,3057000.0,45.0
2025,12,2,1,1,39,2,2,10.0,4427000.0,84.0
2025,12,2,1,2,28,2,2,11.0,2799000.0,65.0
2025,12,2,1,1,49,3,1,5.0,1793000.0,47.0
2025,12,2,3,1,38,3,1,4.0,1435000.0,41.0
2025,12,2,1,1,50,2,2,5.0,1199000.0,43.0
2025,12,3,1,2,42,6,1,5.0,1859000.0,13.0
2025,12,2,1,2,50,2,3,3.0,458000.0,10.0
2025,12,2,1,1,55,2,2,4.0,948000.0,45.0
2025,12,1,1,2,58,1,3,3.0,387000.0,56.0
2025,12,5,1,1,25,3,1,3.0,1241000.0,49.0
2025,12,2,1,2,58,2,3,5.0,0.0,13.0
2025,12,1,1,2,73,1,3,4.0,825000.0,95.0
2025,12,2,1,2,31,3,2,10.0,4464000.0,84.0
2025,12,1,1,1,67,1,1,9.0,2613000.0,84.0
2025,12,1,1,1,41,1,2,4.0,482000.0,47.0
2025,12,1,1,1,70,1,3,3.0,2078000.0,1.0
2025,12,1,1,1,29,1,2,5.0,1454000.0,43.0
2025,12,2,1,1,52,2,2,4.0,948000.0,45.0
2025,12,2,1,1,48,2,2,13.0,7447000.0,70.0
2025,12,1,1,2,19,1,2,4.0,1771000.0,84.0
2025,12,3,1,2,22,6,3,5.0,0.0,56.0
2025,12,3,1,1,52,3,1,10.0,1563000.0,49.0
2025,12,2,1,1,41,2,3,4.0,1850000.0,1.0
2025,12,2,1,2,38,3,1,10.0,1146000.0,86.0
2025,12,1,1,1,28,1,3,4.0,748000.0,49.0
2025,12,1,1,1,62,1,3,4.0,416000.0,95.0
2025,12,3,1,2,24,3,1,10.0,895000.0,47.0
2025,12,2,1,2,35,2,2,5.0,4218000.0,23.0
2025,12,1,1,2,25,1,1,4.0,602000.0,96.0
2025,12,1,1,2,37,1,2,5.0,1622000.0,56.0
2025,12,2,1,1,23,3,1,3.0,472000.0,1.0
2025,12,1,1,1,54,1,3,3.0,2558000.0,56.0
2025,12,1,1,2,32,1,2,5.0,864000.0,47.0
2025,12,2,1,2,33,2,2,11.0,3994000.0,84.0
2025,12,1,1,1,37,1,2,5.0,1812000.0,47.0
2025,12,1,1,1,65,1,3,10.0,7792000.0,71.0
2025,12,2,1,2,40,2,2,10.0,1602000.0,47.0
2025,12,5,1,2,23,8,1,5.0,187000.0,97.0
2025,12,1,1,1,66,1,3,3.0,3652000.0,3.0
2025,12,1,1,2,39,1,2,10.0,2328000.0,14.0
2025,12,2,1,2,46,2,2,5.0,1020000.0,64.0
2025,12,2,1,2,48,2,2,9.0,1861000.0,47.0
2025,12,3,1,2,25,13,2,5.0,1180000.0,15.0
2025,12,2,1,2,31,3,1,4.0,1233000.0,56.0
2025,12,1,1,1,42,1,1,6.0,1832000.0,95.0
2025,12,1,1,2,34,1,2,10.0,4039000.0,84.0
2025,12,1,1,2,44,1,2,5.0,664000.0,96.0
2025,12,1,1,1,48,1,2,3.0,679000.0,41.0
2025,12,1,1,1,51,1,2,4.0,1839000.0,47.0
2025,12,1,1,2,44,1,2,8.0,2410000.0,85.0
2025,12,2,1,2,39,3,1,5.0,1420000.0,68.0
2025,12,1,1,2,40,1,1,8.0,363000.0,47.0
2025,12,1,1,1,61,1,3,3.0,2040000.0,52.0
2025,12,2,1,1,23,3,1,10.0,2183000.0,47.0
2025,12,1,1,2,48,1,2,5.0,1479000.0,46.0
2025,12,1,1,2,38,1,2,3.0,547000.0,56.0
2025,12,1,1,1,47,1,2,5.0,2001000.0,49.0
2025,12,1,1,2,28,1,2,9.0,6920000.0,49.0
2025,12,1,1,1,63,1,3,11.0,10435000.0,84.0
2025,12,1,1,2,51,1,3,3.0,848000.0,56.0
2025,12,1,1,2,41,1,3,8.0,859000.0,10.0
2025,12,1,1,1,42,1,3,3.0,1611000.0,1.0
2025,12,1,1,1,40,1,2,1.0,1261000.0,1.0
2025,12,1,1,2,61,1,3,4.0,356000.0,73.0
2025,12,1,1,2,57,1,2,4.0,369000.0,56.0
2025,12,3,1,1,46,8,1,3.0,0.0,1.0
2025,12,2,1,2,50,2,3,4.0,1774000.0,47.0
2025,12,2,1,2,56,2,3,5.0,129000.0,97.0
2025,12,1,1,2,36,1,2,10.0,5392000.0,47.0
2025,12,1,1,1,55,1,2,9.0,4310000.0,27.0
2025,12,2,1,1,39,2,2,5.0,2122000.0,47.0
2025,12,2,1,1,38,2,2,5.0,10942000.0,43.0
2025,12,1,1,1,82,1,3,1.0,1068000.0,10.0
2025,12,1,1,1,46,1,2,5.0,1926000.0,1.0
2025,12,1,1,2,44,1,2,5.0,920000.0,14.0
2025,12,1,1,1,55,1,3,10.0,6283000.0,1.0
2025,12,2,1,2,55,2,3,3.0,108000.0,14.0
2025,12,3,1,2,26,3,1,10.0,2662000.0,46.0
2025,12,1,1,1,52,1,3,1.0,696000.0,96.0
2025,12,1,1,2,54,1,3,5.0,1807000.0,88.0
2025,12,1,1,2,39,1,2,8.0,0.0,47.0
2025,12,2,1,2,52,3,1,10.0,3404000.0,86.0
2025,12,1,1,2,59,1,2,3.0,518000.0,56.0
2025,12,1,1,1,51,1,2,11.0,8427000.0,85.0
2025,12,2,1,1,39,2,2,1.0,661000.0,1.0
2025,12,2,1,2,58,2,2,3.0,773000.0,1.0
2025,12,2,1,2,41,2,2,12.0,12851000.0,65.0
2025,12,1,1,2,41,1,2,5.0,643000.0,96.0
2025,12,1,1,1,40,1,2,4.0,1875000.0,11.0
2025,12,1,1,1,54,1,3,6.0,1705000.0,80.0
2025,12,2,1,2,64,2,2,10.0,1655000.0,94.0
2025,12,1,1,1,38,1,2,5.0,3169000.0,47.0
2025,12,1,1,2,32,1,2,10.0,1525000.0,49.0
2025,12,2,1,1,65,3,1,3.0,1728000.0,1.0
2025,12,1,1,2,36,1,2,8.0,1482000.0,47.0
2025,12,1,1,2,54,1,3,10.0,1405000.0,47.0
2025,12,1,1,2,48,1,2,8.0,2471000.0,84.0
2025,12,1,1,1,56,1,3,5.0,0.0,41.0
2025,12,2,1,2,41,2,2,12.0,2991000.0,84.0
2025,12,1,1,2,70,1,3,1.0,131000.0,1.0
2025,12,1,1,2,48,1,2,6.0,1723000.0,47.0
2025,12,4,1,1,18,3,1,5.0,494000.0,1.0
2025,12,1,1,2,60,1,2,11.0,3150000.0,85.0
2025,12,1,1,2,53,1,3,4.0,434000.0,56.0
2025,12,1,1,1,38,1,2,9.0,3172000.0,47.0
2025,12,1,1,1,48,1,2,5.0,2857000.0,56.0
2025,12,2,1,2,24,3,1,10.0,502000.0,88.0
2025,12,3,1,2,31,3,1,10.0,4412000.0,85.0
2025,12,3,1,1,40,3,1,5.0,2357000.0,1.0
2025,12,2,1,2,55,2,3,3.0,1326000.0,97.0
2025,12,1,1,1,67,1,3,1.0,1148000.0,1.0
2025,12,1,1,2,23,1,2,5.0,1319000.0,47.0
2025,12,1,1,1,61,1,2,5.0,2100000.0,32.0
2025,12,1,1,1,41,1,2,5.0,2667000.0,47.0
