directorio,secuencia_p,orden,hogar,regis,per,p3271,p6040,p3042,inglabo,id_registro_original
8038184,1,2,1,10,2024,2,49,4.0,,2
8038184,1,3,1,10,2024,2,15,5.0,,3
8038186,1,4,1,10,2024,2,14,4.0,,8
8038187,1,2,1,10,2024,2,56,3.0,,10
8038188,1,2,1,10,2024,1,31,3.0,2800000.0,12
8038188,1,3,1,10,2024,2,17,6.0,,13
8038188,1,4,1,10,2024,1,14,5.0,,14
8038189,1,1,1,10,2024,1,33,3.0,1300000.0,15
8038189,1,2,1,10,2024,2,32,5.0,,16
8038191,1,1,1,10,2024,2,42,8.0,1300000.0,19
8038192,1,1,1,10,2024,1,36,4.0,1300000.0,20
8038192,1,2,1,10,2024,2,35,3.0,1000000.0,21
8038192,1,3,1,10,2024,2,16,5.0,,22
8038193,1,1,1,10,2024,1,65,3.0,,24
8038193,1,3,1,10,2024,2,9,3.0,,26
8038196,1,1,1,10,2024,2,65,3.0,,34
8038200,1,1,1,10,2024,2,75,1.0,400000.0,39
8038205,1,1,1,10,2024,1,83,3.0,350000.0,51
8038206,1,3,1,10,2024,1,14,4.0,,54
8038207,1,1,1,10,2024,1,47,3.0,1000000.0,55
8038207,1,2,1,10,2024,2,50,3.0,,56
8038207,1,4,1,10,2024,2,17,5.0,,58
8038209,1,2,1,10,2024,2,52,8.0,,63
8038211,1,1,1,10,2024,1,74,1.0,500000.0,65
8038215,1,1,1,10,2024,1,54,3.0,800000.0,71
8038215,1,2,1,10,2024,2,43,3.0,,72
8038215,1,4,1,10,2024,1,17,6.0,,74
8038216,1,3,1,10,2024,1,9,3.0,,77
8038220,1,2,1,10,2024,2,35,3.0,,91
8038221,1,4,1,10,2024,1,1,,,97
8038222,1,3,1,10,2024,1,13,4.0,,100
8038223,1,2,1,10,2024,2,38,3.0,350000.0,102
8038223,1,3,1,10,2024,1,18,6.0,,103
8038223,1,4,1,10,2024,1,11,3.0,,104
8038224,1,2,1,10,2024,2,62,3.0,,106
8038227,1,1,1,10,2024,2,74,3.0,,110
8038227,1,2,1,10,2024,1,83,3.0,,111
8038228,1,1,1,10,2024,1,74,1.0,,112
8038232,1,5,1,10,2024,1,4,2.0,,121
8038234,1,1,1,10,2024,1,53,3.0,1300000.0,124
8038235,1,1,1,10,2024,1,60,10.0,1500000.0,125
8038237,1,1,1,10,2024,1,51,10.0,5200000.0,127
8038237,1,2,1,10,2024,2,44,5.0,,128
8038238,1,2,1,10,2024,1,19,5.0,,132
8038241,1,2,1,10,2024,2,60,11.0,,139
8038243,1,1,1,10,2024,1,41,6.0,2538000.0,141
8038243,1,3,1,10,2024,2,20,10.0,160000.0,143
8038244,1,3,1,10,2024,2,10,3.0,,146
8038245,1,1,1,10,2024,1,47,5.0,1500000.0,148
8038245,1,3,1,10,2024,2,22,10.0,300000.0,150
8038245,1,5,1,10,2024,2,5,2.0,,152
8038246,1,1,1,10,2024,2,63,10.0,,153
8038248,1,1,1,10,2024,1,52,3.0,1500000.0,159
8038249,1,1,1,10,2024,2,37,10.0,1950000.0,161
8038250,1,1,1,10,2024,1,69,3.0,,163
8038253,1,3,1,10,2024,2,45,8.0,,172
8038253,1,4,1,10,2024,1,19,5.0,,173
8038254,1,4,1,10,2024,1,44,5.0,1000000.0,178
8038254,1,8,1,10,2024,1,8,3.0,,182
8038254,1,9,1,10,2024,2,2,,,183
8038255,1,1,1,10,2024,2,67,5.0,,184
8038256,1,2,1,10,2024,1,43,6.0,800000.0,186
8038258,1,2,1,10,2024,2,76,3.0,,190
8038261,1,2,1,10,2024,1,18,10.0,,198
8038263,1,2,1,10,2024,1,14,4.0,,206
8038267,1,3,1,10,2024,1,59,4.0,2100000.0,222
8038270,1,2,1,10,2024,2,21,5.0,,229
8038270,1,3,1,10,2024,1,3,1.0,,230
8038270,1,4,1,10,2024,1,2,,,231
8038271,1,3,1,10,2024,2,15,5.0,,236
8038271,1,4,1,10,2024,1,5,1.0,,237
8038278,1,2,1,10,2024,2,33,9.0,1300000.0,245
8038279,1,1,1,10,2024,2,40,5.0,1750000.0,248
8038279,1,2,1,10,2024,2,12,4.0,,249
8038280,1,1,1,10,2024,1,74,3.0,,251
8038281,1,3,1,10,2024,2,17,4.0,,256
8038285,1,3,1,10,2024,1,25,9.0,2400000.0,264
8038285,1,4,1,10,2024,2,30,10.0,2600000.0,265
8038285,1,5,1,10,2024,2,10,3.0,,266
8038286,1,3,1,10,2024,2,29,9.0,2300000.0,269
8038286,1,4,1,10,2024,1,5,2.0,,270
8038286,1,6,1,10,2024,2,8,3.0,,272
8038287,1,1,1,10,2024,1,34,10.0,3000000.0,274
8038289,1,1,1,10,2024,2,67,5.0,,278
8038290,1,2,1,10,2024,2,51,5.0,,281
8038291,1,2,1,10,2024,2,42,5.0,1680000.0,283
8038293,1,4,1,10,2024,1,8,3.0,,290
8038294,1,1,1,10,2024,1,66,11.0,,292
8038295,1,2,1,10,2024,1,64,5.0,3500000.0,295
8038297,1,1,1,10,2024,1,57,5.0,1200000.0,300
8038297,1,5,1,10,2024,1,9,3.0,,304
8038297,1,6,1,10,2024,2,6,2.0,,305
8038299,1,1,1,10,2024,2,41,10.0,3500000.0,309
8038300,1,2,1,10,2024,2,33,10.0,,311
8038300,1,3,1,10,2024,1,4,2.0,,312
8038301,1,1,1,10,2024,2,62,9.0,,313
8038302,1,2,1,10,2024,2,21,10.0,,315
8038303,1,1,1,10,2024,1,68,10.0,,316
8038303,1,3,1,10,2024,1,38,10.0,,318
8038305,1,1,1,10,2024,1,27,10.0,4500000.0,320
8038305,1,2,1,10,2024,2,26,10.0,4000000.0,321
8038306,1,1,1,10,2024,2,43,5.0,1300000.0,322
8038306,1,2,1,10,2024,2,15,4.0,,323
8038307,1,1,1,10,2024,1,56,4.0,1300000.0,324
8038307,1,2,1,10,2024,2,58,3.0,1300000.0,325
8038310,1,2,1,10,2024,1,17,5.0,,334
8038311,1,2,1,10,2024,2,36,3.0,1750000.0,336
8038311,1,4,1,10,2024,2,17,9.0,,338
8038312,1,1,1,10,2024,1,74,3.0,,339
8038313,1,1,1,10,2024,1,39,3.0,2100000.0,341
8038313,1,4,1,10,2024,2,16,4.0,,344
8038314,1,1,1,10,2024,1,37,10.0,2000000.0,345
8038315,1,1,1,10,2024,2,56,5.0,,346
8038315,1,2,1,10,2024,2,28,10.0,,347
8038316,1,2,1,10,2024,2,32,5.0,1770000.0,349
8038317,1,1,1,10,2024,1,35,5.0,2800000.0,352
8038320,1,2,1,10,2024,2,60,10.0,,359
8038322,1,1,1,10,2024,2,85,3.0,,364
8038323,1,1,1,10,2024,1,69,10.0,,367
8038324,1,1,1,10,2024,1,60,10.0,5300000.0,372
8038325,1,2,1,10,2024,2,35,10.0,3800000.0,377
8038329,1,3,1,10,2024,2,23,10.0,1400000.0,386
8038330,1,2,1,10,2024,2,37,10.0,5800000.0,388
8038331,1,1,1,10,2024,2,70,3.0,,390
8038331,1,3,1,10,2024,2,40,5.0,1300000.0,392
8038331,1,4,1,10,2024,2,15,4.0,,393
8038331,1,5,1,10,2024,2,14,4.0,,394
8038333,1,1,1,10,2024,2,77,3.0,,398
8038334,1,2,1,10,2024,2,28,10.0,3000000.0,401
8038336,1,2,1,10,2024,2,7,3.0,,405
8038338,1,2,1,10,2024,2,27,11.0,,408
8038338,1,3,1,10,2024,1,76,1.0,,409
8038340,1,1,1,10,2024,1,34,10.0,2800000.0,410
8038342,1,3,1,10,2024,2,38,10.0,2600000.0,414
8038342,1,6,1,10,2024,2,13,4.0,,417
8038343,1,1,1,10,2024,1,44,5.0,1830000.0,418
8038343,1,3,1,10,2024,1,20,10.0,,420
8038344,1,1,1,10,2024,2,70,10.0,,422
8038344,1,2,1,10,2024,1,84,10.0,,423
8038345,1,1,1,10,2024,2,77,5.0,500000.0,424
8038346,1,1,1,10,2024,2,61,5.0,,426
8038350,1,2,1,10,2024,2,46,10.0,9600000.0,432
8038351,1,1,1,10,2024,1,53,4.0,700000.0,434
8038351,1,2,1,10,2024,2,50,4.0,700000.0,435
8038351,1,3,1,10,2024,2,8,3.0,,436
8038351,1,7,1,10,2024,2,7,3.0,,440
8038354,1,1,1,10,2024,1,81,5.0,,447
8038354,1,2,1,10,2024,2,70,4.0,,448
8038355,1,2,1,10,2024,2,24,5.0,2000000.0,450
8038356,1,4,1,10,2024,1,19,4.0,1300000.0,455
8038357,1,1,1,10,2024,1,57,3.0,1000000.0,458
8038358,1,3,1,10,2024,1,16,10.0,,461
8038359,1,2,1,10,2024,1,23,4.0,,463
8038360,1,2,1,10,2024,2,57,10.0,6000000.0,467
8038360,1,4,1,10,2024,2,78,3.0,1900000.0,469
8038364,1,1,1,10,2024,2,49,8.0,2600000.0,476
8038364,1,2,1,10,2024,2,80,3.0,,477
8038365,1,4,1,10,2024,1,4,1.0,,481
8038366,1,1,1,10,2024,1,71,3.0,,482
8038367,1,2,1,10,2024,1,62,3.0,700000.0,488
8038368,1,3,1,10,2024,1,45,5.0,,491
8038368,1,4,1,10,2024,2,39,8.0,,492
8038369,1,2,1,10,2024,2,61,10.0,,496
8038369,1,3,1,10,2024,1,22,10.0,,497
8038371,1,3,1,10,2024,2,28,10.0,6000000.0,501
8038372,1,2,1,10,2024,1,66,3.0,1300000.0,504
8038377,1,1,1,10,2024,2,33,5.0,2000000.0,513
8038379,1,1,1,10,2024,1,60,10.0,7800000.0,516
8038380,1,1,1,10,2024,1,39,11.0,5000000.0,517
8038380,1,4,1,10,2024,2,39,5.0,1880000.0,520
8038381,1,2,1,10,2024,2,18,9.0,,522
8038381,1,3,1,10,2024,1,16,4.0,,523
8038383,1,1,1,10,2024,2,72,3.0,,527
8038383,1,4,1,10,2024,2,12,4.0,,530
8038385,1,2,1,10,2024,2,67,3.0,,535
8038386,1,3,1,10,2024,1,8,3.0,,538
8038388,1,3,1,10,2024,2,39,4.0,1850000.0,543
8038391,1,2,1,10,2024,1,21,10.0,,550
8038393,1,3,1,10,2024,2,15,4.0,,554
8038393,1,4,1,10,2024,2,52,3.0,2362000.0,555
8038395,1,1,1,10,2024,1,60,3.0,800000.0,556
8038396,1,2,1,10,2024,1,37,9.0,1500000.0,559
8038396,1,5,1,10,2024,1,11,3.0,,562
8038397,1,2,1,10,2024,1,18,5.0,,564
8038399,1,1,1,10,2024,1,26,8.0,1000000.0,565
8038399,1,3,1,10,2024,1,3,1.0,,567
8038399,1,5,1,10,2024,2,47,5.0,,569
8038400,1,2,1,10,2024,2,68,3.0,,571
8038402,1,2,1,10,2024,2,29,4.0,,579
8038402,1,3,1,10,2024,2,13,4.0,,580
8038402,1,4,1,10,2024,1,10,3.0,,581
8038404,1,1,1,10,2024,2,50,5.0,865000.0,585
8038405,1,5,1,10,2024,2,88,3.0,,593
8038408,1,3,1,10,2024,1,63,3.0,,597
8038410,1,1,1,10,2024,1,45,10.0,3000000.0,601
8038410,1,2,1,10,2024,2,44,10.0,4000000.0,602
8038411,1,3,1,10,2024,2,13,4.0,,606
8038415,1,2,1,10,2024,1,66,3.0,,611
8038415,2,4,2,10,2024,2,14,4.0,,617
8038415,2,6,2,10,2024,2,14,4.0,,619
8038415,2,7,2,10,2024,2,12,4.0,,620
8038418,1,1,1,10,2024,2,76,1.0,,625
8038419,1,2,1,10,2024,2,30,10.0,1600000.0,627
8038420,1,1,1,10,2024,2,61,5.0,1450000.0,629
8038422,1,2,1,10,2024,2,28,4.0,,634
8038424,1,2,1,10,2024,2,33,10.0,3000000.0,636
8038425,1,1,1,10,2024,1,69,4.0,100000.0,638
8038427,1,1,1,10,2024,1,41,9.0,2600000.0,640
8038428,1,1,1,10,2024,2,58,5.0,,642
8038428,1,2,1,10,2024,2,38,5.0,1883000.0,643
8038428,1,4,1,10,2024,2,9,1.0,,645
8038432,1,1,1,10,2024,1,67,5.0,1800000.0,651
8038435,1,1,1,10,2024,1,66,3.0,100000.0,653
8038436,1,1,1,10,2024,2,61,3.0,,655
8038437,1,1,1,10,2024,2,92,1.0,,658
8038441,1,2,1,10,2024,2,65,9.0,,663
8038441,1,3,1,10,2024,2,32,12.0,,664
8038443,1,2,1,10,2024,1,19,9.0,,670
8038444,1,3,1,10,2024,1,35,10.0,,673
8038446,1,2,1,10,2024,2,67,8.0,4000000.0,675
8038447,1,1,1,10,2024,2,27,8.0,1300000.0,676
8038459,1,1,1,10,2024,1,27,3.0,2000000.0,685
8038459,1,2,1,10,2024,2,22,8.0,1300000.0,686
8038467,1,1,1,10,2024,1,47,5.0,1462000.0,701
8038468,1,3,1,10,2024,2,20,10.0,,706
8038470,1,2,1,10,2024,2,62,3.0,400000.0,710
8038474,1,1,1,10,2024,1,37,5.0,1600000.0,714
8038474,1,5,1,10,2024,2,4,2.0,,718
8038477,1,2,1,10,2024,2,86,1.0,,721
8038480,1,2,1,10,2024,2,46,5.0,1880000.0,728
8038480,1,3,1,10,2024,1,85,1.0,,729
8038482,1,1,1,10,2024,2,51,3.0,,734
8038482,1,2,1,10,2024,2,94,3.0,,735
8038486,1,2,1,10,2024,2,60,3.0,,745
8038486,1,3,1,10,2024,2,19,5.0,318000.0,746
8038488,1,4,1,10,2024,1,24,1.0,,751
8038489,1,3,1,10,2024,2,17,5.0,,754
8038494,1,1,1,10,2024,2,71,3.0,,756
8038495,1,6,1,10,2024,1,25,10.0,1100000.0,762
8038497,1,1,1,10,2024,2,51,8.0,1900000.0,765
8038497,2,1,2,10,2024,1,20,5.0,1300000.0,768
8038500,1,1,1,10,2024,1,61,11.0,10400000.0,769
8038500,1,2,1,10,2024,2,47,12.0,8000000.0,770
8038502,1,1,1,10,2024,1,36,5.0,1600000.0,775
8038503,1,2,1,10,2024,2,69,4.0,,778
8038503,1,3,1,10,2024,1,44,11.0,5000000.0,779
8038511,1,1,1,10,2024,2,70,5.0,,793
8038511,1,2,1,10,2024,1,32,10.0,,794
8038512,1,1,1,10,2024,2,69,3.0,,795
8038512,1,3,1,10,2024,1,14,4.0,,797
8038513,2,1,2,10,2024,2,22,10.0,1830000.0,799
8038513,3,1,3,10,2024,2,26,9.0,1936000.0,800
8038517,1,2,1,10,2024,1,36,5.0,1300000.0,807
8038518,1,1,1,10,2024,1,75,3.0,200000.0,808
8038518,1,3,1,10,2024,1,28,4.0,300000.0,810
8038518,1,4,1,10,2024,1,26,4.0,200000.0,811
8038520,1,1,1,10,2024,1,39,3.0,1462000.0,815
8038521,1,1,1,10,2024,2,54,5.0,550000.0,818
8038522,1,1,1,10,2024,1,42,5.0,1462000.0,821
8038522,1,3,1,10,2024,1,20,5.0,,823
8038523,1,3,1,10,2024,1,4,2.0,,827
8038523,1,4,1,10,2024,2,1,,,828
8038530,1,1,1,10,2024,1,42,5.0,2000000.0,838
8038530,1,5,1,10,2024,2,3,1.0,,842
8038530,1,11,1,10,2024,1,20,4.0,320000.0,848
8038530,1,12,1,10,2024,1,18,3.0,,849
8038536,1,1,1,10,2024,1,56,3.0,1400000.0,860
8038536,1,4,1,10,2024,1,29,10.0,7000000.0,863
8038542,1,3,1,10,2024,1,32,5.0,1800000.0,881
8038544,1,2,1,10,2024,1,25,5.0,0.0,884
8038545,1,1,1,10,2024,1,61,11.0,3900000.0,885
8038545,1,3,1,10,2024,1,25,11.0,2600000.0,887
8038546,1,1,1,10,2024,2,72,10.0,,889
8038549,1,1,1,10,2024,1,46,5.0,,890
8038551,1,1,1,10,2024,2,74,11.0,,891
8038552,1,1,1,10,2024,1,36,5.0,650000.0,893
8038555,1,1,1,10,2024,1,23,10.0,3000000.0,895
8038556,1,1,1,10,2024,2,52,3.0,1400000.0,897
8038557,1,2,1,10,2024,2,12,4.0,,899
8038557,1,5,1,10,2024,2,65,3.0,,902
8038562,1,1,1,10,2024,2,26,3.0,660000.0,908
8038562,1,2,1,10,2024,1,2,,,909
8038563,1,1,1,10,2024,2,32,5.0,250000.0,910
8038563,1,3,1,10,2024,2,14,4.0,,912
8038567,1,3,1,10,2024,1,21,5.0,1700000.0,923
8038568,1,2,1,10,2024,2,24,5.0,120000.0,925
8038569,1,2,1,10,2024,2,62,3.0,,928
8038571,1,2,1,10,2024,2,28,12.0,,930
8038573,1,1,1,10,2024,1,71,3.0,600000.0,932
8038574,1,1,1,10,2024,1,45,4.0,1000000.0,934
8038585,1,1,1,10,2024,1,71,3.0,480000.0,935
8038589,1,3,1,10,2024,1,83,1.0,,938
8038590,1,1,1,10,2024,2,37,8.0,2000000.0,939
8038590,1,3,1,10,2024,2,16,5.0,,941
8038592,1,3,1,10,2024,1,39,8.0,2000000.0,944
8038596,1,1,1,10,2024,1,70,4.0,140000.0,950
8038598,1,2,1,10,2024,1,22,5.0,1300000.0,953
8038598,1,3,1,10,2024,2,19,5.0,,954
8038598,1,4,1,10,2024,1,4,2.0,,955
8038598,1,5,1,10,2024,2,16,4.0,,956
8038599,1,2,1,10,2024,1,65,3.0,,958
8038600,1,2,1,10,2024,2,59,3.0,,960
8038600,1,3,1,10,2024,1,56,4.0,900000.0,961
8038601,1,1,1,10,2024,2,59,3.0,1300000.0,963
8038601,1,3,1,10,2024,2,30,8.0,1700000.0,965
8038602,1,1,1,10,2024,1,54,9.0,1600000.0,967
8038602,1,2,1,10,2024,2,51,10.0,,968
8038604,1,2,1,10,2024,2,47,11.0,1400000.0,974
8038604,1,3,1,10,2024,2,21,10.0,1500000.0,975
8038607,1,2,1,10,2024,1,35,10.0,7000000.0,983
8038607,1,3,1,10,2024,1,17,5.0,,984
8038607,1,4,1,10,2024,2,13,4.0,,985
8038608,1,1,1,10,2024,1,75,11.0,,986
8038608,1,2,1,10,2024,2,79,5.0,,987
8038609,1,1,1,10,2024,1,55,10.0,1800000.0,988
8038610,1,3,1,10,2024,2,31,10.0,1800000.0,994
8038610,1,4,1,10,2024,1,8,3.0,,995
8038611,1,2,1,10,2024,1,41,10.0,3600000.0,1000
8038612,1,2,1,10,2024,1,23,4.0,1300000.0,1003
8038613,1,2,1,10,2024,1,70,5.0,,1005
8038614,1,1,1,10,2024,1,53,5.0,1465000.0,1006
8038614,1,4,1,10,2024,1,20,8.0,,1009
8038618,1,1,1,10,2024,1,60,5.0,750000.0,1013
8038620,1,2,1,10,2024,2,40,8.0,4000000.0,1018
8038621,1,4,1,10,2024,2,74,3.0,,1027
8038622,1,2,1,10,2024,2,62,9.0,,1029
8038623,1,3,1,10,2024,1,16,5.0,,1034
8038624,1,2,1,10,2024,2,32,10.0,,1036
8038625,1,1,1,10,2024,2,76,5.0,,1038
8038625,1,3,1,10,2024,1,21,10.0,,1040
8038628,1,2,1,10,2024,2,53,8.0,,1043
8038630,1,1,1,10,2024,1,50,10.0,2000000.0,1048
8038630,1,2,1,10,2024,2,41,10.0,2000000.0,1049
8038630,1,4,1,10,2024,1,4,2.0,,1051
8038632,1,2,1,10,2024,1,66,1.0,350000.0,1057
8038634,1,2,1,10,2024,2,33,10.0,1800000.0,1060
8038637,1,2,1,10,2024,1,58,10.0,2000000.0,1064
8038638,1,1,1,10,2024,1,79,10.0,,1066
8038638,1,2,1,10,2024,2,74,5.0,,1067
8038638,1,3,1,10,2024,2,35,11.0,,1068
8038639,1,2,1,10,2024,2,31,12.0,,1070
8038640,1,1,1,10,2024,1,82,5.0,,1071
8038641,1,2,1,10,2024,2,26,10.0,,1075
8038641,1,3,1,10,2024,2,4,2.0,,1076
8038641,1,4,1,10,2024,1,0,,,1077
8038648,1,1,1,10,2024,2,52,10.0,2600000.0,1085
8038650,1,1,1,10,2024,2,66,3.0,,1088
8038651,1,1,1,10,2024,1,59,12.0,15000000.0,1089
8038652,1,2,1,10,2024,2,19,10.0,,1091
8038653,1,2,1,10,2024,2,64,5.0,,1093
8038654,1,1,1,10,2024,2,82,3.0,,1096
8038656,1,7,1,10,2024,2,4,2.0,,1106
8038657,1,2,1,10,2024,1,44,3.0,600000.0,1108
8038658,1,2,1,10,2024,1,16,5.0,50000.0,1115
8038658,1,3,1,10,2024,2,17,5.0,,1116
8038659,1,2,1,10,2024,2,42,5.0,,1119
8038659,1,3,1,10,2024,1,19,5.0,,1120
8038661,1,1,1,10,2024,1,53,4.0,1500000.0,1123
8038661,1,2,1,10,2024,2,51,5.0,,1124
8038662,1,1,1,10,2024,2,62,3.0,,1126
8038662,1,3,1,10,2024,1,57,4.0,400000.0,1128
8038663,1,1,1,10,2024,2,47,5.0,,1129
8038663,1,2,1,10,2024,1,52,3.0,1200000.0,1130
8038664,1,4,1,10,2024,2,26,5.0,150000.0,1136
8038664,1,6,1,10,2024,1,2,,,1138
8038666,1,1,1,10,2024,2,70,5.0,300000.0,1143
8038666,1,6,1,10,2024,1,8,3.0,,1148
8038666,1,7,1,10,2024,1,23,5.0,1200000.0,1149
8038669,1,1,1,10,2024,2,60,3.0,,1152
8038670,1,3,1,10,2024,2,7,3.0,,1156
8038676,1,1,1,10,2024,1,23,4.0,1300000.0,1165
8038676,1,4,1,10,2024,1,25,5.0,1300000.0,1168
8038677,1,2,1,10,2024,2,62,10.0,500000.0,1170
8038678,1,1,1,10,2024,1,65,5.0,2000000.0,1173
8038678,1,4,1,10,2024,1,26,8.0,2000000.0,1176
8038679,1,4,1,10,2024,2,22,3.0,,1180
8038679,1,10,1,10,2024,2,9,3.0,,1186
8038680,1,4,1,10,2024,1,8,3.0,,1190
8038681,1,3,1,10,2024,2,32,5.0,430000.0,1193
8038682,1,2,1,10,2024,1,39,4.0,900000.0,1199
8038682,1,3,1,10,2024,2,18,5.0,,1200
8038683,1,1,1,10,2024,2,60,1.0,,1203
8038684,1,1,1,10,2024,1,30,5.0,1800000.0,1205
8038685,1,1,1,10,2024,1,62,4.0,900000.0,1208
8038685,1,4,1,10,2024,2,19,10.0,1400000.0,1211
8038687,1,2,1,10,2024,2,54,5.0,200000.0,1220
8038687,1,4,1,10,2024,1,11,3.0,,1222
8038688,1,4,1,10,2024,1,38,9.0,,1228
8038688,1,5,1,10,2024,2,85,3.0,,1229
8038689,1,5,1,10,2024,2,35,4.0,1280000.0,1234
8038689,1,6,1,10,2024,1,17,4.0,,1235
8038690,1,4,1,10,2024,1,20,10.0,300000.0,1240
8038691,1,1,1,10,2024,1,44,4.0,1500000.0,1241
8038695,1,5,1,10,2024,2,9,3.0,,1253
8038695,1,6,1,10,2024,1,8,3.0,,1254
8038697,1,2,1,10,2024,2,28,8.0,450000.0,1259
8038697,1,3,1,10,2024,2,8,3.0,,1260
8038699,1,1,1,10,2024,2,76,3.0,,1262
8038699,1,2,1,10,2024,1,53,5.0,1300000.0,1263
8038704,1,1,1,10,2024,2,48,5.0,1900000.0,1272
8038705,1,2,1,10,2024,2,34,10.0,3000000.0,1277
8038705,1,3,1,10,2024,2,12,4.0,,1278
8038706,1,4,1,10,2024,1,17,5.0,,1283
8038709,1,1,1,10,2024,1,56,5.0,2500000.0,1289
8038709,1,3,1,10,2024,2,19,9.0,300000.0,1291
8038710,1,1,1,10,2024,2,72,5.0,,1292
8038711,1,2,1,10,2024,1,43,5.0,1100000.0,1297
8038718,1,2,1,10,2024,1,9,3.0,,1312
8038719,1,2,1,10,2024,1,6,2.0,,1314
8038720,1,2,1,10,2024,1,33,5.0,450000.0,1316
8038721,1,2,1,10,2024,2,41,10.0,2000000.0,1318
8038722,1,2,1,10,2024,1,80,3.0,,1320
8038722,1,3,1,10,2024,2,42,10.0,1600000.0,1321
8038724,1,2,1,10,2024,2,36,8.0,1300000.0,1326
8038724,1,3,1,10,2024,2,14,4.0,,1327
8038724,1,4,1,10,2024,2,8,3.0,,1328
8038725,1,3,1,10,2024,2,30,8.0,1300000.0,1331
8038726,1,2,1,10,2024,2,68,4.0,,1333
8038731,1,1,1,10,2024,2,64,4.0,,1336
8038731,1,3,1,10,2024,2,7,3.0,,1338
8038733,1,1,1,10,2024,1,57,8.0,2600000.0,1342
8038733,1,2,1,10,2024,2,55,10.0,3200000.0,1343
8038733,1,4,1,10,2024,1,21,10.0,2600000.0,1345
8038734,1,1,1,10,2024,2,87,3.0,,1346
8038734,1,2,1,10,2024,1,64,5.0,1500000.0,1347
8038735,1,1,1,10,2024,2,55,5.0,,1349
8038736,1,4,1,10,2024,1,13,4.0,,1355
8038736,1,5,1,10,2024,2,3,1.0,,1356
8038737,1,1,1,10,2024,1,29,8.0,1700000.0,1357
8038738,1,1,1,10,2024,2,96,5.0,,1359
8038739,1,5,1,10,2024,2,0,,,1365
8038742,1,1,1,10,2024,1,81,3.0,,1372
8038745,1,2,1,10,2024,1,14,4.0,,1380
8038746,1,3,1,10,2024,2,14,4.0,,1385
8038747,1,2,1,10,2024,2,61,10.0,5500000.0,1387
8038748,1,1,1,10,2024,2,52,5.0,,1389
8038749,1,5,1,10,2024,2,30,10.0,1300000.0,1397
8038749,1,6,1,10,2024,2,4,1.0,,1398
8038752,1,2,1,10,2024,2,36,11.0,2200000.0,1406
8038752,1,3,1,10,2024,2,11,4.0,,1407
8038752,1,4,1,10,2024,2,7,3.0,,1408
8038753,1,2,1,10,2024,2,64,5.0,,1410
8038755,1,2,1,10,2024,2,70,4.0,,1418
8038757,1,4,1,10,2024,2,48,3.0,,1425
8038757,1,6,1,10,2024,2,32,8.0,300000.0,1427
8038757,1,7,1,10,2024,2,7,3.0,,1428
8038758,1,1,1,10,2024,1,58,4.0,1500000.0,1430
8038758,1,2,1,10,2024,2,53,3.0,,1431
8038758,1,3,1,10,2024,1,24,5.0,,1432
8038758,1,4,1,10,2024,2,22,10.0,,1433
8038760,1,2,1,10,2024,1,21,5.0,1600000.0,1437
8038762,1,1,1,10,2024,2,68,4.0,15000.0,1441
8038764,1,1,1,10,2024,2,91,3.0,,1445
8038764,1,3,1,10,2024,2,22,5.0,,1447
8038765,1,5,1,10,2024,1,2,,,1453
8038766,1,1,1,10,2024,1,75,4.0,,1454
8038766,1,3,1,10,2024,2,20,8.0,,1456
8038767,1,2,1,10,2024,2,19,8.0,400000.0,1458
8038768,1,2,1,10,2024,1,50,5.0,1000000.0,1460
8038768,1,5,1,10,2024,2,7,3.0,,1463
8038769,1,1,1,10,2024,2,55,5.0,200000.0,1464
8038769,1,2,1,10,2024,2,30,10.0,1300000.0,1465
8038769,1,4,1,10,2024,2,10,3.0,,1467
8038770,1,1,1,10,2024,1,82,4.0,,1469
8038772,1,1,1,10,2024,1,44,5.0,1350000.0,1473
8038775,1,1,1,10,2024,2,34,10.0,1350000.0,1478
8038778,1,5,1,10,2024,1,4,2.0,,1493
8038779,1,2,1,10,2024,2,26,5.0,70000.0,1495
8038779,1,3,1,10,2024,2,6,3.0,,1496
8038780,1,3,1,10,2024,2,20,5.0,,1500
8038788,1,1,1,10,2024,2,46,8.0,1700000.0,1507
8038788,1,2,1,10,2024,2,74,3.0,,1508
8038788,1,3,1,10,2024,2,20,10.0,,1509
8038789,1,1,1,10,2024,2,68,1.0,,1510
8038789,1,2,1,10,2024,2,51,1.0,,1511
8038791,1,1,1,10,2024,2,66,10.0,,1513
8038792,1,2,1,10,2024,2,29,10.0,2400000.0,1516
8038793,1,1,1,10,2024,2,27,10.0,2700000.0,1517
8038794,1,2,1,10,2024,2,61,3.0,,1520
8038800,1,1,1,10,2024,1,31,4.0,2500000.0,1525
8038801,1,1,1,10,2024,1,67,10.0,2000000.0,1527
8038802,1,2,1,10,2024,2,24,10.0,1950000.0,1529
8038803,1,1,1,10,2024,2,49,9.0,,1530
8038803,1,3,1,10,2024,1,59,5.0,2800000.0,1532
8038807,1,1,1,10,2024,1,80,3.0,,1535
8038807,1,2,1,10,2024,2,75,3.0,,1536
8038810,1,1,1,10,2024,2,93,3.0,,1539
8038811,1,2,1,10,2024,1,66,12.0,5000000.0,1542
8038811,1,3,1,10,2024,1,44,11.0,3800000.0,1543
8038812,1,1,1,10,2024,2,73,11.0,,1546
8038813,1,1,1,10,2024,1,31,5.0,1740000.0,1549
8038815,1,1,1,10,2024,1,67,3.0,,1555
8038815,1,3,1,10,2024,2,16,4.0,,1557
8038816,1,3,1,10,2024,2,26,11.0,3000000.0,1560
8038817,1,1,1,10,2024,2,61,4.0,,1561
8038819,1,3,1,10,2024,2,92,3.0,,1569
8038824,1,1,1,10,2024,1,57,5.0,2000000.0,1578
8038826,1,3,1,10,2024,2,24,5.0,1300000.0,1585
8038826,1,4,1,10,2024,1,6,2.0,,1586
8038827,1,1,1,10,2024,1,66,13.0,16000000.0,1587
8038829,1,1,1,10,2024,2,26,10.0,4000000.0,1591
8038829,1,2,1,10,2024,2,22,10.0,,1592
8038829,1,3,1,10,2024,2,18,10.0,,1593
8038830,1,3,1,10,2024,1,27,10.0,4500000.0,1596
8038833,1,1,1,10,2024,2,94,5.0,,1598
8038835,1,4,1,10,2024,2,12,4.0,,1605
8038836,1,1,1,10,2024,1,37,11.0,10000000.0,1607
8038836,1,2,1,10,2024,2,38,10.0,4300000.0,1608
8038838,1,2,1,10,2024,2,20,10.0,,1612
8038840,1,2,1,10,2024,2,47,11.0,3000000.0,1615
8038841,1,2,1,10,2024,2,30,12.0,3800000.0,1618
8038843,1,1,1,10,2024,1,67,5.0,4500000.0,1622
8038843,1,3,1,10,2024,1,31,12.0,6000000.0,1624
8038844,1,3,1,10,2024,1,42,5.0,1300000.0,1627
8038844,1,4,1,10,2024,2,29,5.0,,1628
8038848,1,1,1,10,2024,2,64,5.0,2000000.0,1633
8038849,1,2,1,10,2024,1,40,8.0,2500000.0,1636
8038849,1,3,1,10,2024,2,12,4.0,,1637
8038851,1,1,1,10,2024,1,34,11.0,3300000.0,1639
8038851,1,2,1,10,2024,1,61,10.0,,1640
8038852,1,1,1,10,2024,1,71,11.0,,1641
8038853,1,1,1,10,2024,1,54,5.0,,1644
8038853,1,2,1,10,2024,2,57,5.0,,1645
8038853,1,3,1,10,2024,1,29,10.0,1500000.0,1646
8038854,1,3,1,10,2024,1,28,12.0,,1649
8038859,1,4,1,10,2024,1,9,3.0,,1660
8038859,1,5,1,10,2024,1,6,3.0,,1661
8038861,1,1,1,10,2024,2,43,5.0,200000.0,1664
8038861,1,2,1,10,2024,2,23,5.0,104000.0,1665
8038862,1,2,1,10,2024,2,59,4.0,,1670
8038863,1,3,1,10,2024,2,17,5.0,,1673
8038864,1,1,1,10,2024,2,44,3.0,400000.0,1674
8038864,1,3,1,10,2024,2,25,5.0,900000.0,1676
8038864,1,4,1,10,2024,1,19,5.0,,1677
8038865,1,2,1,10,2024,2,23,8.0,,1679
8038865,1,4,1,10,2024,1,20,5.0,1600000.0,1681
8038865,1,6,1,10,2024,1,17,6.0,,1683
8038866,1,1,1,10,2024,2,34,8.0,1800000.0,1684
8038868,1,1,1,10,2024,2,29,10.0,2200000.0,1688
8038870,1,1,1,10,2024,1,59,3.0,500000.0,1689
8038873,1,2,1,10,2024,2,44,5.0,800000.0,1696
8038878,1,1,1,10,2024,2,52,3.0,,1705
8038878,1,3,1,10,2024,1,15,4.0,,1707
8038878,1,10,1,10,2024,2,0,,,1714
8038880,1,1,1,10,2024,1,71,5.0,,1715
8038883,1,1,1,10,2024,2,68,5.0,,1719
8038884,1,1,1,10,2024,2,66,5.0,800000.0,1723
8038884,1,3,1,10,2024,2,28,5.0,600000.0,1725
8038886,1,1,1,10,2024,1,65,5.0,,1728
8038888,1,1,1,10,2024,2,52,5.0,200000.0,1733
8038889,1,1,1,10,2024,1,42,3.0,500000.0,1735
8038889,1,3,1,10,2024,1,18,10.0,,1737
8038892,1,2,1,10,2024,1,18,10.0,,1743
8038893,1,2,1,10,2024,1,19,5.0,1300000.0,1745
8038899,1,1,1,10,2024,2,67,3.0,,1756
8038900,1,3,1,10,2024,1,67,5.0,,1760
8038901,1,2,1,10,2024,2,40,11.0,3900000.0,1762
8038902,1,2,1,10,2024,2,25,5.0,1300000.0,1765
8038902,1,3,1,10,2024,1,4,2.0,,1766
8038905,1,1,1,10,2024,1,55,8.0,1300000.0,1771
8038905,1,2,1,10,2024,2,34,10.0,1800000.0,1772
8038905,1,3,1,10,2024,1,15,5.0,,1773
8038906,1,3,1,10,2024,1,11,3.0,,1776
8038907,1,2,1,10,2024,2,40,8.0,500000.0,1779
8038910,1,5,1,10,2024,2,74,5.0,,1789
8038911,1,3,1,10,2024,2,14,4.0,,1793
8038912,1,3,1,10,2024,1,18,10.0,,1799
8038912,1,5,1,10,2024,2,76,3.0,,1801
8038913,1,2,1,10,2024,1,38,12.0,4000000.0,1803
8038913,1,3,1,10,2024,2,90,3.0,,1804
8038914,1,1,1,10,2024,2,80,10.0,,1805
8038916,1,1,1,10,2024,2,39,3.0,,1810
8038916,1,2,1,10,2024,2,18,5.0,200000.0,1811
8038917,1,1,1,10,2024,2,39,11.0,22163000.0,1813
8038921,1,1,1,10,2024,2,41,10.0,2100000.0,1822
8038922,1,2,1,10,2024,2,47,3.0,1000000.0,1825
8038924,1,1,1,10,2024,2,50,4.0,,1829
8038924,1,2,1,10,2024,1,16,5.0,,1830
8038930,1,1,1,10,2024,2,50,9.0,1300000.0,1841
8038932,1,3,1,10,2024,2,56,4.0,,1848
8038932,1,5,1,10,2024,2,13,4.0,,1850
8038933,1,1,1,10,2024,2,38,10.0,150000.0,1853
8038933,1,4,1,10,2024,1,11,3.0,,1856
8038935,1,2,1,10,2024,1,37,4.0,480000.0,1860
8038935,1,4,1,10,2024,2,10,3.0,,1862
8038937,1,1,1,10,2024,1,41,5.0,,1867
8038938,1,1,1,10,2024,1,58,3.0,1200000.0,1868
8038942,1,3,1,10,2024,2,17,5.0,100000.0,1886
8038942,1,4,1,10,2024,2,7,3.0,,1887
8038944,1,1,1,10,2024,2,67,4.0,,1888
8038945,1,1,1,10,2024,1,55,9.0,,1889
8038946,1,1,1,10,2024,1,57,3.0,1300000.0,1892
8038946,1,2,1,10,2024,2,45,5.0,,1893
8038947,1,1,1,10,2024,1,63,11.0,,1896
8038953,1,1,1,10,2024,1,70,10.0,4000000.0,1901
8038953,1,2,1,10,2024,2,69,5.0,800000.0,1902
8038953,1,3,1,10,2024,1,43,10.0,1450000.0,1903
8038953,1,4,1,10,2024,1,40,10.0,2300000.0,1904
8038955,1,2,1,10,2024,2,41,5.0,800000.0,1908
8038956,1,1,1,10,2024,2,50,4.0,1800000.0,1911
8038957,1,2,1,10,2024,2,62,9.0,3000000.0,1913
8038961,1,1,1,10,2024,2,35,10.0,2500000.0,1925
8038961,1,2,1,10,2024,1,12,4.0,,1926
8038964,1,1,1,10,2024,1,43,9.0,1600000.0,1928
8038966,1,1,1,10,2024,1,32,9.0,,1929
8038970,1,2,1,10,2024,1,20,5.0,,1934
8038971,1,1,1,10,2024,1,42,5.0,2000000.0,1935
8038973,1,1,1,10,2024,2,85,1.0,,1940
8038974,1,1,1,10,2024,2,79,4.0,,1942
8038976,1,2,1,10,2024,2,39,5.0,1300000.0,1947
8038976,1,3,1,10,2024,2,17,5.0,,1948
8038978,1,3,1,10,2024,2,7,3.0,,1957
8038978,1,4,1,10,2024,2,22,5.0,1300000.0,1958
8038979,1,2,1,10,2024,2,32,10.0,2500000.0,1960
8038981,1,1,1,10,2024,2,43,5.0,1700000.0,1967
8038982,1,2,1,10,2024,2,64,4.0,500000.0,1971
8038983,1,3,1,10,2024,2,20,6.0,1300000.0,1974
8038985,1,2,1,10,2024,2,41,5.0,1300000.0,1976
8038987,1,2,1,10,2024,2,47,5.0,400000.0,1982
8038989,1,1,1,10,2024,1,54,5.0,1300000.0,1986
8038993,1,2,1,10,2024,1,20,9.0,1462000.0,1994
8038995,1,2,1,10,2024,2,75,5.0,,1997
8038998,1,1,1,10,2024,2,52,10.0,,2002
8038998,1,3,1,10,2024,1,78,4.0,,2004
8039000,1,1,1,10,2024,2,29,5.0,2500000.0,2005
8039002,1,1,1,10,2024,1,60,10.0,,2009
8039003,1,1,1,10,2024,2,87,5.0,,2012
8039004,1,1,1,10,2024,2,48,5.0,,2015
8039004,1,4,1,10,2024,1,11,4.0,,2018
8039006,1,1,1,10,2024,2,52,10.0,1300000.0,2019
8039006,1,2,1,10,2024,2,84,3.0,,2020
8039007,1,2,1,10,2024,2,12,4.0,,2022
8039009,1,4,1,10,2024,1,14,4.0,,2027
8039010,1,1,1,10,2024,1,36,10.0,800000.0,2028
8039014,1,1,1,10,2024,1,43,5.0,950000.0,2029
8039016,1,1,1,10,2024,2,23,4.0,800000.0,2035
8039017,1,2,1,10,2024,2,25,8.0,2000000.0,2038
8039019,1,1,1,10,2024,2,61,4.0,,2041
8039019,1,2,1,10,2024,1,35,8.0,2500000.0,2042
8039019,1,3,1,10,2024,1,41,8.0,2200000.0,2043
8039020,1,2,1,10,2024,1,33,5.0,900000.0,2046
8039023,1,2,1,10,2024,2,19,5.0,,2053
8039025,1,6,1,10,2024,1,7,3.0,,2062
8039027,1,3,1,10,2024,2,11,3.0,,2065
8039033,1,6,1,10,2024,1,6,2.0,,2093
8039034,1,2,1,10,2024,2,25,5.0,,2096
8039034,1,4,1,10,2024,1,67,5.0,,2098
8039035,1,2,1,10,2024,2,46,12.0,,2100
8039035,1,3,1,10,2024,2,18,5.0,,2101
8039035,1,5,1,10,2024,2,9,3.0,,2103
8039036,1,3,1,10,2024,1,49,3.0,600000.0,2106
8039036,1,5,1,10,2024,2,12,4.0,,2108
8039038,1,2,1,10,2024,1,48,4.0,800000.0,2112
8039038,1,6,1,10,2024,1,21,3.0,300000.0,2116
8039040,1,2,1,10,2024,1,17,4.0,,2122
8039041,1,2,1,10,2024,2,45,5.0,300000.0,2124
8039042,1,4,1,10,2024,2,15,5.0,,2129
8039043,1,2,1,10,2024,2,57,8.0,400000.0,2131
8039044,1,4,1,10,2024,2,1,,,2135
8039046,1,1,1,10,2024,2,52,10.0,,2138
8039046,1,4,1,10,2024,1,14,4.0,,2141
8039047,1,1,1,10,2024,2,41,5.0,700000.0,2142
8039048,1,1,1,10,2024,2,29,5.0,100000.0,2147
8039048,1,3,1,10,2024,1,13,4.0,,2149
8039048,1,4,1,10,2024,1,11,4.0,,2150
8039049,1,1,1,10,2024,2,64,1.0,200000.0,2152
8039050,1,1,1,10,2024,1,74,3.0,900000.0,2153
8039052,1,2,1,10,2024,1,21,4.0,600000.0,2156
8039052,1,4,1,10,2024,1,6,2.0,,2158
8039054,1,1,1,10,2024,2,47,5.0,900000.0,2160
8039054,1,3,1,10,2024,2,25,5.0,300000.0,2162
8039058,1,2,1,10,2024,1,29,5.0,1550000.0,2168
8039058,1,4,1,10,2024,1,0,,,2170
8039060,1,3,1,10,2024,1,8,3.0,,2173
8039061,1,1,1,10,2024,1,57,4.0,1300000.0,2175
8039061,1,2,1,10,2024,2,54,5.0,120000.0,2176
8039062,1,4,1,10,2024,1,75,5.0,,2180
8039062,1,5,1,10,2024,2,59,5.0,400000.0,2181
8039063,1,1,1,10,2024,1,56,6.0,900000.0,2182
8039064,1,2,1,10,2024,1,57,3.0,400000.0,2184
8039065,1,1,1,10,2024,1,31,10.0,1500000.0,2187
8039067,1,1,1,10,2024,1,35,8.0,1300000.0,2191
8039068,1,1,1,10,2024,2,62,4.0,,2193
8039068,1,2,1,10,2024,2,42,5.0,100000.0,2194
8039068,1,4,1,10,2024,2,80,3.0,,2196
8039070,1,1,1,10,2024,2,62,3.0,120000.0,2204
8039071,1,2,1,10,2024,2,21,9.0,,2210
8039075,1,4,1,10,2024,2,21,5.0,,2218
8039075,1,7,1,10,2024,1,16,5.0,,2221
8039076,1,2,1,10,2024,2,28,9.0,,2223
8039076,1,4,1,10,2024,2,2,,,2225
8039077,1,1,1,10,2024,1,49,5.0,1300000.0,2226
8039077,1,2,1,10,2024,2,42,5.0,,2227
8039077,1,3,1,10,2024,1,15,5.0,,2228
8039077,1,5,1,10,2024,2,7,3.0,,2230
8039078,1,2,1,10,2024,2,40,5.0,,2232
8039080,1,2,1,10,2024,1,40,3.0,1500000.0,2240
8039080,1,3,1,10,2024,1,14,4.0,,2241
8039085,1,2,1,10,2024,2,61,4.0,,2250
8039086,1,1,1,10,2024,1,78,4.0,,2251
8039086,1,2,1,10,2024,2,68,4.0,,2252
8039087,1,8,1,10,2024,2,34,5.0,,2260
8039087,1,9,1,10,2024,1,8,3.0,,2261
8039090,1,1,1,10,2024,2,38,8.0,500000.0,2266
8039091,1,3,1,10,2024,1,46,5.0,1300000.0,2272
8039092,1,3,1,10,2024,1,60,5.0,,2275
8039093,1,2,1,10,2024,2,12,4.0,,2277
8039095,1,2,1,10,2024,2,70,1.0,,2283
8039096,1,1,1,10,2024,2,58,1.0,,2285
8039097,1,1,1,10,2024,1,54,5.0,,2287
8039098,1,1,1,10,2024,2,36,5.0,1600000.0,2291
8039098,1,2,1,10,2024,1,16,4.0,,2292
8039099,1,2,1,10,2024,2,59,10.0,,2297
8039100,1,1,1,10,2024,2,70,3.0,,2300
8039100,1,2,1,10,2024,2,22,10.0,,2301
8039101,1,4,1,10,2024,1,11,3.0,,2305
8039103,1,1,1,10,2024,2,28,8.0,1300000.0,2309
8039106,1,1,1,10,2024,1,38,8.0,1300000.0,2311
8039106,1,3,1,10,2024,2,13,4.0,,2313
8039110,1,1,1,10,2024,2,32,5.0,,2322
8039110,1,4,1,10,2024,1,2,,,2325
8039111,1,1,1,10,2024,2,36,5.0,,2327
8039111,1,2,1,10,2024,1,20,8.0,480000.0,2328
8039112,1,1,1,10,2024,1,17,4.0,700000.0,2333
8039113,1,4,1,10,2024,1,8,3.0,,2338
8039115,1,2,1,10,2024,2,40,5.0,,2345
8039115,1,3,1,10,2024,1,20,10.0,1300000.0,2346
8039115,1,4,1,10,2024,1,17,8.0,,2347
8039120,1,1,1,10,2024,2,29,6.0,1600000.0,2351
8039120,1,2,1,10,2024,1,11,4.0,,2352
8039121,1,1,1,10,2024,1,39,5.0,800000.0,2356
8039122,1,3,1,10,2024,1,50,5.0,600000.0,2362
8039122,2,2,2,10,2024,1,17,5.0,,2364
8039123,1,1,1,10,2024,1,54,4.0,1600000.0,2365
8039123,1,2,1,10,2024,2,47,5.0,,2366
8039123,1,3,1,10,2024,2,25,8.0,,2367
8039123,1,4,1,10,2024,1,27,10.0,1200000.0,2368
8039123,1,5,1,10,2024,1,1,,,2369
8039123,1,6,1,10,2024,2,23,8.0,1300000.0,2370
8039125,1,2,1,10,2024,2,66,5.0,,2377
8039128,1,2,1,10,2024,2,65,5.0,,2390
8039129,1,1,1,10,2024,2,100,3.0,,2396
8039131,1,1,1,10,2024,1,31,9.0,1300000.0,2400
8039131,1,2,1,10,2024,2,30,9.0,1300000.0,2401
8039131,1,3,1,10,2024,2,12,4.0,,2402
8039133,1,1,1,10,2024,1,70,5.0,700000.0,2405
8039133,1,2,1,10,2024,2,63,5.0,,2406
8039135,1,2,1,10,2024,1,46,5.0,500000.0,2410
8039135,1,3,1,10,2024,1,23,5.0,,2411
8039137,1,2,1,10,2024,1,27,9.0,1500000.0,2415
8039138,1,2,1,10,2024,2,27,10.0,2600000.0,2417
8039139,1,2,1,10,2024,1,45,10.0,,2419
8039139,1,3,1,10,2024,1,16,5.0,,2420
8039140,1,1,1,10,2024,1,63,8.0,1100000.0,2422
8039141,1,1,1,10,2024,1,27,5.0,1300000.0,2424
8039141,1,2,1,10,2024,2,24,5.0,1300000.0,2425
8039142,1,1,1,10,2024,2,65,4.0,,2426
8039142,2,3,2,10,2024,1,3,1.0,,2429
8039144,1,2,1,10,2024,2,18,5.0,,2433
8039147,1,2,1,10,2024,2,56,5.0,300000.0,2439
8039147,1,4,1,10,2024,1,22,8.0,,2441
8039148,1,2,1,10,2024,2,41,5.0,,2443
8039148,1,4,1,10,2024,1,10,4.0,,2445
8039150,1,2,1,10,2024,1,50,5.0,1500000.0,2451
8039151,1,1,1,10,2024,2,66,4.0,,2453
8039152,1,1,1,10,2024,2,48,10.0,1600000.0,2456
8039154,1,3,1,10,2024,2,21,10.0,,2459
8039155,1,1,1,10,2024,2,40,10.0,1500000.0,2461
8039155,1,3,1,10,2024,2,11,3.0,,2463
8039156,1,2,1,10,2024,1,73,4.0,,2466
8039157,1,3,1,10,2024,1,13,4.0,,2469
8039159,1,2,1,10,2024,2,48,10.0,,2471
8039160,1,3,1,10,2024,1,20,9.0,,2475
8039160,1,4,1,10,2024,2,15,4.0,,2476
8039162,1,2,1,10,2024,2,35,8.0,1500000.0,2478
8039163,1,2,1,10,2024,2,11,4.0,,2482
8039164,1,1,1,10,2024,2,27,4.0,600000.0,2484
8039164,1,2,1,10,2024,1,28,5.0,900000.0,2485
8039164,1,3,1,10,2024,1,5,2.0,,2486
8039165,1,3,1,10,2024,1,3,1.0,,2491
8039166,1,1,1,10,2024,2,45,8.0,1300000.0,2492
8039167,1,4,1,10,2024,2,19,9.0,,2498
8039167,1,6,1,10,2024,2,35,1.0,,2500
8039173,1,2,1,10,2024,1,43,11.0,12000000.0,2511
8039173,1,3,1,10,2024,2,15,5.0,,2512
8039180,1,1,1,10,2024,1,43,10.0,3800000.0,2516
8039180,1,2,1,10,2024,2,43,10.0,,2517
8039180,1,3,1,10,2024,1,10,3.0,,2518
8039180,1,4,1,10,2024,1,5,2.0,,2519
8039184,1,1,1,10,2024,1,19,10.0,,2526
8039187,1,1,1,10,2024,1,46,11.0,3500000.0,2528
8039187,1,3,1,10,2024,2,4,2.0,,2530
8039194,1,1,1,10,2024,2,56,10.0,2500000.0,2547
8039195,1,2,1,10,2024,1,58,5.0,4000000.0,2549
8039195,1,3,1,10,2024,1,34,12.0,5000000.0,2550
8039196,1,2,1,10,2024,1,60,4.0,1300000.0,2555
8039197,1,1,1,10,2024,1,54,5.0,,2557
8039198,1,1,1,10,2024,1,25,10.0,,2561
8039198,1,3,1,10,2024,1,62,5.0,,2563
8039198,1,4,1,10,2024,1,30,10.0,2000000.0,2564
8039201,1,1,1,10,2024,2,69,5.0,,2569
8039202,1,2,1,10,2024,2,10,4.0,,2572
8039205,1,1,1,10,2024,2,65,3.0,,2577
8039205,1,2,1,10,2024,2,47,10.0,1300000.0,2578
8039205,1,3,1,10,2024,2,16,5.0,,2579
8039205,1,4,1,10,2024,2,11,4.0,,2580
8039208,1,3,1,10,2024,2,4,1.0,,2587
8039210,1,2,1,10,2024,1,57,10.0,2000000.0,2592
8039211,1,1,1,10,2024,2,62,3.0,,2595
8039212,1,1,1,10,2024,2,68,10.0,,2596
8039214,1,2,1,10,2024,2,58,5.0,,2600
8039215,1,3,1,10,2024,1,18,5.0,,2604
8039216,1,2,1,10,2024,2,18,10.0,,2606
8039216,1,5,1,10,2024,2,69,4.0,,2609
8039216,1,6,1,10,2024,1,69,4.0,,2610
8039218,1,1,1,10,2024,2,36,9.0,900000.0,2613
8039219,1,1,1,10,2024,2,61,8.0,,2615
8039220,1,2,1,10,2024,1,67,8.0,,2617
8039220,1,3,1,10,2024,2,21,10.0,,2618
8039222,1,3,1,10,2024,1,16,5.0,,2626
8039225,1,1,1,10,2024,1,73,3.0,,2633
8039226,1,2,1,10,2024,2,49,10.0,,2636
8039226,1,3,1,10,2024,2,15,5.0,,2637
8039227,1,1,1,10,2024,2,61,10.0,,2638
8039228,1,1,1,10,2024,2,41,5.0,160000.0,2639
8039228,1,2,1,10,2024,1,22,5.0,150000.0,2640
8039228,1,4,1,10,2024,1,36,8.0,,2642
8039229,1,1,1,10,2024,1,21,4.0,1300000.0,2643
8039230,1,1,1,10,2024,2,48,4.0,,2646
8039233,1,2,1,10,2024,1,46,5.0,900000.0,2654
8039233,1,4,1,10,2024,1,21,10.0,,2656
8039233,1,5,1,10,2024,1,17,5.0,,2657
8039234,1,1,1,10,2024,2,57,5.0,1000000.0,2659
8039235,1,1,1,10,2024,1,20,10.0,,2660
8039236,1,2,1,10,2024,1,50,4.0,1300000.0,2662
8039236,1,4,1,10,2024,1,19,5.0,,2664
8039238,1,1,1,10,2024,2,55,10.0,,2666
8039239,1,1,1,10,2024,2,48,5.0,800000.0,2668
8039240,1,1,1,10,2024,2,51,9.0,1000000.0,2669
8039240,1,2,1,10,2024,1,17,4.0,,2670
8039241,1,2,1,10,2024,1,42,4.0,750000.0,2672
8039241,1,4,1,10,2024,1,14,4.0,,2674
8039243,1,2,1,10,2024,2,65,5.0,1300000.0,2677
8039244,1,1,1,10,2024,2,72,5.0,,2678
8039246,1,1,1,10,2024,2,63,8.0,800000.0,2680
8039247,1,2,1,10,2024,2,31,8.0,1300000.0,2682
8039248,1,2,1,10,2024,2,77,6.0,,2685
8039249,1,2,1,10,2024,2,69,10.0,,2687
8039250,1,1,1,10,2024,2,57,10.0,,2688
8039254,1,4,1,10,2024,1,18,10.0,,2696
8039255,1,2,1,10,2024,2,43,3.0,600000.0,2700
8039256,1,1,1,10,2024,2,52,10.0,,2702
8039256,1,2,1,10,2024,1,74,5.0,,2703
8039258,1,1,1,10,2024,2,66,5.0,,2707
8039259,1,2,1,10,2024,2,10,3.0,,2709
8039263,1,1,1,10,2024,1,72,4.0,,2718
8039263,1,4,1,10,2024,2,17,5.0,,2721
8039266,1,1,1,10,2024,2,68,3.0,500000.0,2726
8039267,1,1,1,10,2024,1,39,11.0,3500000.0,2728
8039267,1,3,1,10,2024,2,12,4.0,,2730
8039268,1,3,1,10,2024,2,2,,,2733
8039269,1,2,1,10,2024,2,34,10.0,350000.0,2735
8039269,1,4,1,10,2024,1,14,4.0,,2737
8039269,1,5,1,10,2024,1,11,3.0,,2738
8039269,1,6,1,10,2024,2,3,1.0,,2739
8039270,1,1,1,10,2024,2,75,3.0,,2740
8039270,1,6,1,10,2024,2,12,4.0,,2745
8039270,1,7,1,10,2024,2,8,3.0,,2746
8039271,1,1,1,10,2024,2,64,5.0,,2747
8039276,1,1,1,10,2024,2,48,6.0,1300000.0,2754
8039279,1,1,1,10,2024,2,34,5.0,360000.0,2765
8039282,1,3,1,10,2024,2,13,4.0,,2777
8039283,1,3,1,10,2024,1,5,2.0,,2782
8039285,1,4,1,10,2024,1,17,5.0,,2789
8039286,1,1,1,10,2024,1,62,11.0,,2790
8039287,1,2,1,10,2024,2,76,1.0,,2793
8039288,1,2,1,10,2024,2,26,10.0,,2795
8039288,1,3,1,10,2024,1,4,2.0,,2796
8039289,1,2,1,10,2024,1,20,10.0,,2799
8039291,1,1,1,10,2024,2,32,10.0,4200000.0,2802
8039293,1,1,1,10,2024,1,63,12.0,,2807
8039294,1,1,1,10,2024,2,19,10.0,,2808
8039295,1,2,1,10,2024,2,41,5.0,,2810
8039296,1,4,1,10,2024,2,26,9.0,1300000.0,2816
8039296,1,5,1,10,2024,2,6,3.0,,2817
8039297,1,2,1,10,2024,2,37,9.0,,2820
8039297,1,3,1,10,2024,2,8,3.0,,2821
8039298,1,2,1,10,2024,2,34,11.0,1300000.0,2824
8039300,1,1,1,10,2024,2,45,10.0,3500000.0,2827
8039301,1,4,1,10,2024,2,15,4.0,,2832
8039302,1,3,1,10,2024,2,40,8.0,1100000.0,2835
8039302,1,4,1,10,2024,1,18,5.0,,2836
8039308,1,1,1,10,2024,1,30,10.0,2800000.0,2847
8039309,1,4,1,10,2024,2,7,3.0,,2851
8039310,1,1,1,10,2024,2,33,8.0,1700000.0,2852
8039312,1,1,1,10,2024,1,31,5.0,,2854
8039312,1,2,1,10,2024,2,38,5.0,,2855
8039313,1,1,1,10,2024,2,30,11.0,8400000.0,2856
8039315,1,1,1,10,2024,2,43,9.0,1300000.0,2858
8039315,1,5,1,10,2024,2,8,3.0,,2862
8039316,1,3,1,10,2024,2,0,,,2865
8039317,1,3,1,10,2024,1,22,10.0,1300000.0,2868
8039318,1,3,1,10,2024,2,23,5.0,800000.0,2871
8039320,1,1,1,10,2024,2,24,9.0,1000000.0,2876
8039321,1,2,1,10,2024,1,54,3.0,1300000.0,2878
8039322,1,1,1,10,2024,1,44,10.0,1800000.0,2882
8039322,1,2,1,10,2024,2,45,11.0,3000000.0,2883
8039324,1,1,1,10,2024,1,47,10.0,3000000.0,2888
8039326,1,1,1,10,2024,1,27,10.0,4500000.0,2893
8039344,1,1,1,10,2024,1,38,10.0,1979000.0,2899
8039344,1,4,1,10,2024,2,8,3.0,,2902
8039348,1,2,1,10,2024,2,26,10.0,600000.0,2904
8039348,1,4,1,10,2024,1,19,6.0,300000.0,2906
8039352,1,2,1,10,2024,2,40,11.0,2000000.0,2908
8039355,1,1,1,10,2024,1,35,11.0,3500000.0,2909
8039368,1,1,1,10,2024,1,64,13.0,12911902.0,2915
8039370,1,2,1,10,2024,2,55,5.0,,2918
8039370,1,3,1,10,2024,1,32,10.0,3000000.0,2919
8039374,1,1,1,10,2024,1,56,10.0,300000.0,2924
8039381,1,1,1,10,2024,2,63,3.0,,2935
8039381,1,2,1,10,2024,1,62,1.0,200000.0,2936
8039382,1,2,1,10,2024,2,26,8.0,,2939
8039384,1,3,1,10,2024,1,42,9.0,1300000.0,2944
8039385,1,1,1,10,2024,1,49,5.0,900000.0,2945
8039386,1,1,1,10,2024,1,22,10.0,,2948
8039386,1,2,1,10,2024,1,18,10.0,,2949
8039388,1,2,1,10,2024,2,66,3.0,,2951
8039389,1,2,1,10,2024,1,17,5.0,,2954
8039390,1,1,1,10,2024,2,67,3.0,,2956
8039392,1,1,1,10,2024,2,78,5.0,,2959
8039394,1,1,1,10,2024,1,69,10.0,,2963
8039395,1,2,1,10,2024,2,30,10.0,,2966
8039397,1,2,1,10,2024,2,48,5.0,,2972
8039397,1,3,1,10,2024,2,16,4.0,,2973
8039398,1,2,1,10,2024,2,27,8.0,1500000.0,2976
8039398,1,3,1,10,2024,1,0,,,2977
8039400,1,2,1,10,2024,2,37,5.0,1600000.0,2979
8039403,1,3,1,10,2024,1,11,4.0,,2987
8039403,1,4,1,10,2024,2,6,2.0,,2988
8039404,1,3,1,10,2024,2,51,5.0,,2991
8039408,1,1,1,10,2024,2,46,10.0,,2998
8039410,1,1,1,10,2024,1,36,9.0,,3003
8039410,1,2,1,10,2024,2,31,9.0,,3004
8039418,1,3,1,10,2024,1,11,4.0,,3015
8039420,1,1,1,10,2024,1,45,10.0,,3016
8039422,1,1,1,10,2024,2,56,5.0,1450000.0,3017
8039422,1,2,1,10,2024,1,34,5.0,,3018
8039424,1,1,1,10,2024,2,54,5.0,1300000.0,3019
8039425,1,1,1,10,2024,1,32,5.0,1060000.0,3020
8039427,1,3,1,10,2024,2,20,4.0,,3023
8039428,1,1,1,10,2024,1,56,4.0,2200000.0,3024
8039432,1,3,1,10,2024,2,29,10.0,,3033
8039438,1,1,1,10,2024,2,63,3.0,,3046
8039439,1,1,1,10,2024,1,42,8.0,1300000.0,3047
8039440,1,3,1,10,2024,1,54,4.0,600000.0,3051
8039441,1,2,1,10,2024,2,58,3.0,,3053
8039444,1,2,1,10,2024,1,33,10.0,2400000.0,3057
8039446,1,1,1,10,2024,1,41,9.0,2200000.0,3060
8039447,1,1,1,10,2024,2,64,5.0,,3063
8039447,1,2,1,10,2024,2,25,10.0,1500000.0,3064
8039447,1,4,1,10,2024,1,8,3.0,,3066
8039449,1,1,1,10,2024,2,37,4.0,1300000.0,3068
8039449,1,2,1,10,2024,1,36,5.0,1300000.0,3069
8039449,1,3,1,10,2024,1,19,4.0,1300000.0,3070
8039449,1,4,1,10,2024,1,17,4.0,,3071
8039452,1,2,1,10,2024,2,32,10.0,,3074
8039453,1,3,1,10,2024,1,43,6.0,1300000.0,3078
8039456,1,1,1,10,2024,1,64,5.0,1200000.0,3081
8039457,1,2,1,10,2024,2,22,9.0,2400000.0,3084
8039459,1,1,1,10,2024,1,64,10.0,1000000.0,3089
8039459,1,2,1,10,2024,2,87,5.0,,3090
8039460,1,1,1,10,2024,1,60,5.0,,3091
8039461,1,2,1,10,2024,1,36,5.0,1668000.0,3096
8039465,1,2,1,10,2024,2,29,10.0,1460000.0,3103
8039466,1,1,1,10,2024,2,91,4.0,,3104
8039472,1,1,1,10,2024,2,43,8.0,300000.0,3109
8039472,1,3,1,10,2024,2,23,10.0,,3111
8039473,1,3,1,10,2024,1,40,8.0,1800000.0,3116
8039474,1,1,1,10,2024,2,71,3.0,,3118
8039476,1,1,1,10,2024,2,41,8.0,2500000.0,3121
8039484,1,2,1,10,2024,1,86,3.0,,3143
8039484,1,3,1,10,2024,1,43,3.0,1500000.0,3144
8039485,1,1,1,10,2024,2,42,8.0,1300000.0,3145
8039491,1,2,1,10,2024,2,63,3.0,280000.0,3154
8039492,1,1,1,10,2024,1,28,5.0,1300000.0,3157
8039493,1,1,1,10,2024,1,69,3.0,,3158
8039495,1,3,1,10,2024,1,10,4.0,,3165
8039496,1,1,1,10,2024,2,48,3.0,700000.0,3167
8039496,1,3,1,10,2024,2,7,3.0,,3169
8039499,1,1,1,10,2024,2,42,3.0,1300000.0,3175
8039499,1,2,1,10,2024,2,19,5.0,,3176
8039499,1,3,1,10,2024,1,2,,,3177
8039501,1,2,1,10,2024,2,53,6.0,,3179
8039502,1,1,1,10,2024,1,80,3.0,300000.0,3182
8039503,1,5,1,10,2024,1,6,3.0,,3187
8039504,1,1,1,10,2024,1,84,3.0,,3188
8039504,1,3,1,10,2024,1,44,5.0,1300000.0,3190
8039510,1,1,1,10,2024,1,28,10.0,1600000.0,3199
8039510,1,2,1,10,2024,1,32,9.0,4500000.0,3200
8039515,1,1,1,10,2024,1,43,5.0,2600000.0,3203
8039516,1,3,1,10,2024,1,6,3.0,,3207
8039517,1,6,1,10,2024,2,27,5.0,1300000.0,3213
8039517,1,7,1,10,2024,1,10,3.0,,3214
8039519,1,3,1,10,2024,1,39,3.0,,3219
8039520,1,1,1,10,2024,1,30,5.0,,3220
8039523,1,4,1,10,2024,2,10,3.0,,3229
8039523,1,5,1,10,2024,2,5,2.0,,3230
8039524,1,1,1,10,2024,2,60,4.0,,3231
8039524,1,2,1,10,2024,1,62,4.0,,3232
8039526,1,1,1,10,2024,2,22,5.0,1300000.0,3237
8039526,1,2,1,10,2024,2,20,10.0,,3238
8039534,1,2,1,10,2024,1,27,5.0,1500000.0,3252
8039536,1,2,1,10,2024,1,23,10.0,350000.0,3257
8039537,1,4,1,10,2024,2,18,5.0,,3261
8039538,1,3,1,10,2024,1,9,3.0,,3264
8039541,1,4,1,10,2024,2,10,3.0,,3268
8039545,1,1,1,10,2024,2,26,10.0,2300000.0,3269
8039547,1,1,1,10,2024,2,43,10.0,2000000.0,3274
8039548,1,1,1,10,2024,1,43,12.0,10000000.0,3276
8039548,1,2,1,10,2024,2,38,12.0,9000000.0,3277
8039548,1,3,1,10,2024,2,10,3.0,,3278
8039548,1,4,1,10,2024,1,6,3.0,,3279
8039549,1,3,1,10,2024,1,10,3.0,,3282
8039552,1,1,1,10,2024,2,46,8.0,,3288
8039552,1,2,1,10,2024,2,27,5.0,,3289
8039552,1,3,1,10,2024,2,64,3.0,,3290
8039555,1,2,1,10,2024,2,33,10.0,1800000.0,3295
8039561,1,1,1,10,2024,1,38,8.0,,3299
8039561,1,2,1,10,2024,2,32,8.0,,3300
8039563,1,1,1,10,2024,2,46,3.0,6000000.0,3302
8039566,1,1,1,10,2024,2,63,8.0,,3306
8039569,1,1,1,10,2024,1,65,12.0,,3308
8039570,1,1,1,10,2024,2,55,5.0,1300000.0,3309
8039574,1,1,1,10,2024,1,60,3.0,1500000.0,3317
8039578,1,2,1,10,2024,2,33,11.0,4000000.0,3323
8039580,1,1,1,10,2024,2,52,4.0,,3327
8039580,1,2,1,10,2024,1,32,11.0,1800000.0,3328
8039583,1,1,1,10,2024,1,64,4.0,300000.0,3332
8039591,1,1,1,10,2024,1,57,10.0,4300000.0,3341
8039591,1,2,1,10,2024,2,48,6.0,,3342
8039591,1,5,1,10,2024,1,11,3.0,,3345
8039593,1,1,1,10,2024,2,33,5.0,1300000.0,3346
8039596,1,1,1,10,2024,1,49,9.0,,3347
8039596,1,3,1,10,2024,2,84,3.0,,3349
8039602,1,2,1,10,2024,1,45,10.0,640000.0,3356
8039604,1,1,1,10,2024,2,74,3.0,,3359
8039605,1,1,1,10,2024,1,35,5.0,1300000.0,3362
8039615,1,1,1,10,2024,2,77,3.0,,3372
8039618,1,2,1,10,2024,2,26,8.0,1462000.0,3378
8039618,1,6,1,10,2024,1,3,1.0,,3382
8039623,1,3,1,10,2024,1,8,3.0,,3388
8039626,1,1,1,10,2024,2,26,4.0,,3396
8039627,1,1,1,10,2024,2,31,5.0,,3400
8039627,1,3,1,10,2024,1,14,4.0,,3402
8039630,1,2,1,10,2024,2,29,5.0,,3407
8039631,1,2,1,10,2024,1,34,4.0,1600000.0,3411
8039632,1,1,1,10,2024,2,28,5.0,300000.0,3412
8039632,1,2,1,10,2024,2,7,3.0,,3413
8039642,1,1,1,10,2024,1,52,3.0,400000.0,3425
8039643,1,2,1,10,2024,1,5,1.0,,3427
8039647,1,2,1,10,2024,1,62,4.0,500000.0,3431
8039648,1,1,1,10,2024,2,58,4.0,,3432
8039654,1,1,1,10,2024,2,29,10.0,4600000.0,3437
8039656,1,2,1,10,2024,1,74,1.0,,3442
8039656,1,6,1,10,2024,2,18,5.0,1000000.0,3446
8039657,1,4,1,10,2024,1,17,4.0,,3451
8039658,1,1,1,10,2024,1,52,5.0,800000.0,3452
8039658,1,3,1,10,2024,2,13,4.0,,3454
8039660,1,3,1,10,2024,1,7,1.0,,3458
8039663,1,1,1,10,2024,2,66,3.0,,3460
8039664,1,2,1,10,2024,1,19,10.0,1100000.0,3463
8039664,1,4,1,10,2024,2,5,2.0,,3465
8039664,1,5,1,10,2024,2,3,1.0,,3466
8039665,1,2,1,10,2024,2,18,5.0,,3468
8039669,1,3,1,10,2024,1,14,3.0,,3477
8039670,1,1,1,10,2024,1,49,10.0,2800000.0,3480
8039672,1,3,1,10,2024,1,15,4.0,,3484
8039673,1,1,1,10,2024,2,75,3.0,200000.0,3485
8039673,1,2,1,10,2024,1,80,3.0,,3486
8039673,1,3,1,10,2024,1,20,3.0,,3487
8039673,1,4,1,10,2024,2,22,1.0,,3488
8039674,1,1,1,10,2024,1,26,5.0,1300000.0,3490
8039676,1,3,1,10,2024,2,15,4.0,,3493
8039677,1,1,1,10,2024,2,36,10.0,1700000.0,3494
8039680,1,2,1,10,2024,1,14,3.0,,3504
8039681,1,3,1,10,2024,2,23,10.0,1500000.0,3509
8039681,1,4,1,10,2024,1,11,3.0,,3510
8039685,1,1,1,10,2024,2,31,10.0,,3514
8039687,1,2,1,10,2024,1,19,8.0,1300000.0,3520
8039687,1,3,1,10,2024,2,17,8.0,1500000.0,3521
8039689,1,2,1,10,2024,1,35,3.0,1300000.0,3526
8039689,1,4,1,10,2024,2,10,3.0,,3528
8039690,1,1,1,10,2024,2,54,3.0,1300000.0,3529
8039692,1,1,1,10,2024,1,70,1.0,,3531
8039693,1,1,1,10,2024,2,27,8.0,,3532
8039693,1,2,1,10,2024,1,1,,,3533
8039694,1,1,1,10,2024,2,48,5.0,730000.0,3534
8039694,1,2,1,10,2024,1,10,3.0,,3535
8039695,1,1,1,10,2024,2,40,5.0,,3536
8039695,1,3,1,10,2024,1,13,4.0,,3538
8039697,1,1,1,10,2024,2,30,9.0,,3540
8039700,1,1,1,10,2024,2,23,5.0,200000.0,3542
8039707,1,1,1,10,2024,1,28,4.0,400000.0,3555
8039707,1,2,1,10,2024,2,25,4.0,,3556
8039707,1,4,1,10,2024,1,49,4.0,,3558
8039710,1,2,1,10,2024,2,23,10.0,,3560
8039710,1,3,1,10,2024,1,7,3.0,,3561
8039710,1,4,1,10,2024,2,1,,,3562
8039711,1,1,1,10,2024,1,32,9.0,1500000.0,3563
8039711,1,2,1,10,2024,2,38,6.0,,3564
8039711,1,3,1,10,2024,1,16,4.0,,3565
8039711,1,5,1,10,2024,1,6,3.0,,3567
8039713,1,3,1,10,2024,2,2,,,3573
8039714,1,2,1,10,2024,2,9,3.0,,3575
8039714,1,3,1,10,2024,2,8,3.0,,3576
8039717,1,1,1,10,2024,1,64,3.0,,3583
8039718,1,1,1,10,2024,2,51,3.0,,3584
8039721,1,1,1,10,2024,1,28,5.0,1800000.0,3589
8039722,1,2,1,10,2024,1,23,10.0,,3594
8039723,1,1,1,10,2024,1,51,3.0,700000.0,3596
8039723,1,4,1,10,2024,2,33,5.0,800000.0,3599
8039725,1,4,1,10,2024,2,80,3.0,,3606
8039727,1,2,1,10,2024,1,37,10.0,1300000.0,3614
8039728,1,1,1,10,2024,2,39,8.0,1350000.0,3615
8039730,1,2,1,10,2024,1,28,13.0,6500000.0,3622
8039732,1,1,1,10,2024,1,32,12.0,6000000.0,3626
8039734,1,1,1,10,2024,2,49,4.0,,3627
8039734,1,4,1,10,2024,1,7,3.0,,3630
8039737,1,2,1,10,2024,2,82,3.0,,3635
8039738,1,1,1,10,2024,2,22,4.0,,3636
8039738,1,2,1,10,2024,1,2,,,3637
8039739,1,1,1,10,2024,1,29,11.0,4200000.0,3638
8039743,1,1,1,10,2024,1,36,10.0,3200000.0,3640
8039745,1,3,1,10,2024,2,7,3.0,,3643
8039747,1,3,1,10,2024,1,21,10.0,,3648
8039747,1,4,1,10,2024,2,5,1.0,,3649
8039748,1,2,1,10,2024,2,9,3.0,,3651
8039750,1,1,1,10,2024,1,35,10.0,1462000.0,3653
8039753,1,1,1,10,2024,1,36,6.0,1800000.0,3654
8039754,1,2,1,10,2024,2,46,4.0,,3659
8039754,1,3,1,10,2024,2,31,5.0,1260000.0,3660
8039757,1,3,1,10,2024,2,10,3.0,,3669
8039759,1,2,1,10,2024,2,39,8.0,,3674
8039759,1,3,1,10,2024,1,18,10.0,,3675
8039764,1,2,1,10,2024,1,52,5.0,3500000.0,3684
8039765,1,3,1,10,2024,2,10,3.0,,3688
8039768,1,1,1,10,2024,2,37,8.0,4150000.0,3694
8039778,1,1,1,10,2024,2,41,8.0,600000.0,3706
8039778,1,2,1,10,2024,1,32,8.0,1700000.0,3707
8039782,1,1,1,10,2024,2,57,3.0,1200000.0,3710
8039783,1,1,1,10,2024,2,64,5.0,,3712
8039783,1,2,1,10,2024,1,29,10.0,1200000.0,3713
8039784,1,1,1,10,2024,2,36,5.0,2000000.0,3714
8039784,1,2,1,10,2024,1,5,2.0,,3715
8039789,1,3,1,10,2024,1,14,4.0,,3723
8039789,1,5,1,10,2024,2,9,3.0,,3725
8039795,1,1,1,10,2024,1,54,4.0,1500000.0,3734
8039795,1,3,1,10,2024,1,26,10.0,,3736
8039797,1,3,1,10,2024,1,75,4.0,,3741
8039798,1,1,1,10,2024,2,47,3.0,750000.0,3742
8039800,1,1,1,10,2024,2,40,8.0,,3747
8039801,1,1,1,10,2024,1,31,3.0,200000.0,3750
8039809,1,1,1,10,2024,1,61,10.0,,3757
8039813,1,1,1,10,2024,2,69,3.0,,3767
8039814,1,2,1,10,2024,2,54,5.0,2000000.0,3770
8039814,1,4,1,10,2024,1,19,5.0,,3772
8039816,1,1,1,10,2024,2,69,3.0,,3773
8039817,1,1,1,10,2024,1,65,5.0,3000000.0,3774
8039817,1,2,1,10,2024,2,61,4.0,,3775
8039819,1,2,1,10,2024,1,42,10.0,1800000.0,3781
8039821,1,1,1,10,2024,2,52,8.0,3200000.0,3783
8039821,1,2,1,10,2024,1,26,10.0,2500000.0,3784
8039821,1,3,1,10,2024,2,9,3.0,,3785
8039825,1,1,1,10,2024,2,69,3.0,,3789
8039828,1,2,1,10,2024,2,62,5.0,450000.0,3793
8039829,1,1,1,10,2024,1,28,9.0,2100000.0,3795
8039834,1,1,1,10,2024,1,21,10.0,1300000.0,3803
8039836,1,3,1,10,2024,1,39,9.0,1300000.0,3808
8039839,1,2,1,10,2024,2,62,3.0,,3815
8039839,1,3,1,10,2024,2,88,3.0,,3816
8039840,1,1,1,10,2024,2,53,5.0,,3817
8039842,1,2,1,10,2024,1,39,10.0,2500000.0,3821
8039843,1,2,1,10,2024,2,83,1.0,,3823
8039848,1,1,1,10,2024,2,43,8.0,800000.0,3829
8039849,1,1,1,10,2024,2,28,10.0,2200000.0,3832
8039853,1,1,1,10,2024,2,77,5.0,,3838
8039856,1,2,1,10,2024,1,12,4.0,,3844
8039856,1,3,1,10,2024,2,2,,,3845
8039857,1,4,1,10,2024,2,2,,,3849
8039858,1,2,1,10,2024,2,56,5.0,,3851
8039861,1,1,1,10,2024,1,37,12.0,4000000.0,3854
8039866,1,1,1,10,2024,1,49,8.0,,3861
8039867,1,2,1,10,2024,2,19,8.0,,3863
8039867,1,3,1,10,2024,2,22,10.0,,3864
8039867,1,4,1,10,2024,1,1,,,3865
8039867,1,5,1,10,2024,2,0,,,3866
8039876,1,1,1,10,2024,2,28,5.0,1400000.0,3881
8039876,1,4,1,10,2024,1,0,,,3884
8039883,1,3,1,10,2024,1,11,4.0,,3893
8039884,1,2,1,10,2024,1,10,4.0,,3896
8039884,1,3,1,10,2024,2,8,3.0,,3897
8039888,1,1,1,10,2024,1,66,3.0,,3905
8039889,1,2,1,10,2024,2,66,3.0,,3907
8039890,1,4,1,10,2024,2,41,3.0,,3911
8039891,1,1,1,10,2024,2,29,4.0,1000000.0,3912
8039892,1,1,1,10,2024,2,60,3.0,390000.0,3915
8039893,1,3,1,10,2024,2,29,5.0,250000.0,3919
8039893,1,5,1,10,2024,2,6,2.0,,3921
8039893,1,6,1,10,2024,2,21,8.0,,3922
8039893,1,8,1,10,2024,2,3,1.0,,3924
8039895,1,4,1,10,2024,2,27,10.0,,3930
8039896,1,1,1,10,2024,1,75,3.0,,3931
8039896,1,3,1,10,2024,2,20,10.0,,3933
8039897,1,2,1,10,2024,2,13,4.0,,3935
8039897,1,3,1,10,2024,2,6,3.0,,3936
8039898,1,2,1,10,2024,1,38,3.0,500000.0,3938
8039898,1,4,1,10,2024,1,2,,,3940
8039903,1,1,1,10,2024,2,59,4.0,,3945
8039905,1,1,1,10,2024,2,72,3.0,,3951
8039905,1,3,1,10,2024,1,46,10.0,,3953
8039905,1,5,1,10,2024,2,2,,,3955
8039905,1,6,1,10,2024,1,0,,,3956
8039906,1,2,1,10,2024,2,70,3.0,,3958
8039910,1,1,1,10,2024,1,62,5.0,,3962
8039910,1,2,1,10,2024,2,61,7.0,3100000.0,3963
8039910,1,4,1,10,2024,1,23,10.0,350000.0,3965
8039910,1,7,1,10,2024,2,0,,,3968
8039911,1,2,1,10,2024,1,33,5.0,700000.0,3970
8039913,1,1,1,10,2024,1,75,12.0,,3975
8039913,1,2,1,10,2024,2,64,10.0,1620000.0,3976
8039916,1,1,1,10,2024,2,60,3.0,480000.0,3982
8039919,1,2,1,10,2024,2,66,3.0,,3994
8039920,1,1,1,10,2024,1,58,8.0,1300000.0,3996
8039920,1,2,1,10,2024,2,50,5.0,,3997
8039921,1,2,1,10,2024,2,63,5.0,,4002
8039922,1,3,1,10,2024,2,15,4.0,,4005
8039923,1,1,1,10,2024,1,55,3.0,600000.0,4007
8039923,1,2,1,10,2024,2,58,5.0,,4008
8039925,1,1,1,10,2024,1,34,8.0,,4011
8039925,1,2,1,10,2024,2,29,8.0,900000.0,4012
8039931,1,2,1,10,2024,2,46,5.0,1300000.0,4024
8039933,1,1,1,10,2024,2,58,3.0,,4028
8039934,1,2,1,10,2024,1,25,10.0,,4031
8039934,1,3,1,10,2024,1,13,4.0,,4032
8039937,1,1,1,10,2024,1,34,9.0,1460000.0,4041
8039937,1,2,1,10,2024,2,33,4.0,1080000.0,4042
8039940,1,2,1,10,2024,2,23,9.0,60000.0,4050
8039942,1,2,1,10,2024,1,15,5.0,,4054
8039944,1,1,1,10,2024,2,49,5.0,1020000.0,4059
8039945,2,1,2,10,2024,2,62,3.0,750000.0,4065
8039946,1,2,1,10,2024,2,26,11.0,1600000.0,4068
8039951,1,3,1,10,2024,1,11,3.0,,4073
8039952,1,1,1,10,2024,2,60,3.0,1000000.0,4075
8039955,1,1,1,10,2024,1,51,5.0,,4079
8039955,1,2,1,10,2024,2,51,5.0,200000.0,4080
8039959,1,2,1,10,2024,2,49,10.0,2800000.0,4084
8039959,1,4,1,10,2024,1,41,10.0,3000000.0,4086
8039960,1,1,1,10,2024,2,53,3.0,,4087
8039963,1,1,1,10,2024,1,40,5.0,2600000.0,4090
8039964,1,1,1,10,2024,1,32,8.0,1200000.0,4091
8039970,1,2,1,10,2024,2,38,11.0,4000000.0,4095
8039970,1,4,1,10,2024,1,7,3.0,,4097
8039971,1,1,1,10,2024,2,42,3.0,550000.0,4099
8039971,1,2,1,10,2024,2,17,5.0,250000.0,4100
8039973,1,2,1,10,2024,2,16,5.0,,4105
8039974,1,1,1,10,2024,2,37,4.0,500000.0,4106
8039981,1,1,1,10,2024,2,16,10.0,,4115
8039982,1,2,1,10,2024,2,74,5.0,,4117
8039985,1,1,1,10,2024,1,70,3.0,3000000.0,4118
8039986,1,1,1,10,2024,2,45,5.0,2500000.0,4119
8039987,1,3,1,10,2024,2,17,5.0,800000.0,4125
8039988,1,2,1,10,2024,2,28,5.0,,4127
8039988,1,3,1,10,2024,2,4,2.0,,4128
8039989,1,2,1,10,2024,1,18,10.0,,4131
8039997,1,2,1,10,2024,1,6,3.0,,4141
8040007,1,3,1,10,2024,1,62,1.0,,4145
8040007,1,4,1,10,2024,2,17,5.0,1000000.0,4146
8040010,1,1,1,10,2024,1,28,4.0,1000000.0,4150
8040011,1,1,1,10,2024,2,52,3.0,600000.0,4152
8040012,1,1,1,10,2024,2,33,6.0,1300000.0,4158
8040012,1,2,1,10,2024,1,13,4.0,,4159
8040012,1,3,1,10,2024,2,11,4.0,,4160
8040013,1,2,1,10,2024,1,70,3.0,,4162
8040014,1,2,1,10,2024,2,26,3.0,,4168
8040014,1,3,1,10,2024,2,11,1.0,,4169
8040019,1,2,1,10,2024,2,38,5.0,,4177
8040019,1,3,1,10,2024,2,13,4.0,,4178
8040019,1,4,1,10,2024,2,86,1.0,,4179
8040020,1,1,1,10,2024,2,66,5.0,150000.0,4180
8040021,1,3,1,10,2024,2,17,6.0,,4183
8040022,1,1,1,10,2024,1,27,5.0,1200000.0,4185
8040024,1,2,1,10,2024,1,32,5.0,1000000.0,4193
8040025,1,1,1,10,2024,1,37,5.0,1300000.0,4195
8040025,1,2,1,10,2024,2,35,3.0,,4196
8040025,1,3,1,10,2024,2,15,4.0,,4197
8040025,1,6,1,10,2024,2,3,2.0,,4200
8040028,1,1,1,10,2024,2,79,3.0,200000.0,4208
8040030,1,2,1,10,2024,1,41,5.0,1200000.0,4211
8040031,1,1,1,10,2024,2,72,6.0,,4212
8040033,1,3,1,10,2024,2,22,6.0,,4219
8040034,1,3,1,10,2024,1,5,2.0,,4224
8040035,1,1,1,10,2024,1,73,10.0,,4225
8040036,1,1,1,10,2024,1,66,10.0,,4226
8040038,1,2,1,10,2024,2,82,5.0,,4232
8040039,1,7,1,10,2024,1,19,5.0,600000.0,4239
8040040,1,2,1,10,2024,2,55,10.0,,4241
8040040,1,3,1,10,2024,2,24,10.0,600000.0,4242
8040041,1,1,1,10,2024,2,46,9.0,3000000.0,4243
8040041,1,3,1,10,2024,2,16,5.0,,4245
8040045,1,3,1,10,2024,2,10,3.0,,4256
8040049,1,4,1,10,2024,2,27,6.0,,4265
8040053,1,1,1,10,2024,1,64,6.0,,4275
8040054,1,4,1,10,2024,1,10,3.0,,4279
8040055,1,1,1,10,2024,2,52,8.0,1800000.0,4280
8040056,1,3,1,10,2024,1,8,3.0,,4284
8040057,1,4,1,10,2024,2,17,6.0,,4289
8040069,1,2,1,10,2024,2,70,4.0,2000000.0,4296
8040071,1,2,1,10,2024,2,69,5.0,,4299
8040071,1,3,1,10,2024,2,31,10.0,2500000.0,4300
8040072,1,3,1,10,2024,2,14,4.0,,4303
8040074,1,2,1,10,2024,2,66,5.0,,4310
8040075,1,1,1,10,2024,2,59,11.0,8000000.0,4311
8040075,1,2,1,10,2024,2,25,10.0,,4312
8040075,1,3,1,10,2024,1,22,10.0,,4313
8040080,1,1,1,10,2024,1,52,1.0,1500000.0,4317
8040080,1,2,1,10,2024,2,46,10.0,,4318
8040080,1,3,1,10,2024,1,15,4.0,,4319
8040083,1,1,1,10,2024,1,57,5.0,1300000.0,4323
8040084,1,1,1,10,2024,1,35,8.0,1300000.0,4324
8040085,1,3,1,10,2024,2,22,8.0,,4329
8040086,1,1,1,10,2024,2,47,5.0,1300000.0,4331
8040086,1,2,1,10,2024,2,15,4.0,,4332
8040087,1,2,1,10,2024,2,62,3.0,,4334
8040087,1,3,1,10,2024,2,18,8.0,,4335
8040087,1,4,1,10,2024,1,15,4.0,,4336
8040088,1,1,1,10,2024,1,59,5.0,1300000.0,4337
8040088,1,2,1,10,2024,2,53,3.0,200000.0,4338
8040088,1,4,1,10,2024,2,10,3.0,,4340
8040090,1,1,1,10,2024,1,69,3.0,1300000.0,4341
8040092,1,1,1,10,2024,1,28,6.0,1500000.0,4345
8040093,1,2,1,10,2024,1,71,4.0,250000.0,4348
8040095,1,3,1,10,2024,1,9,3.0,,4354
8040095,1,4,1,10,2024,2,5,2.0,,4355
8040096,1,1,1,10,2024,1,40,8.0,1800000.0,4356
8040097,1,1,1,10,2024,1,52,5.0,700000.0,4357
8040099,1,1,1,10,2024,1,56,4.0,1800000.0,4363
8040100,1,1,1,10,2024,2,43,5.0,250000.0,4367
8040100,1,2,1,10,2024,2,19,8.0,,4368
8040101,1,1,1,10,2024,1,25,5.0,1000000.0,4371
8040104,1,2,1,10,2024,2,51,4.0,,4383
8040107,1,1,1,10,2024,2,47,5.0,1000000.0,4388
8040108,1,1,1,10,2024,2,33,5.0,500000.0,4391
8040108,1,2,1,10,2024,1,29,5.0,800000.0,4392
8040110,1,1,1,10,2024,1,66,4.0,150000.0,4394
8040110,1,2,1,10,2024,2,71,3.0,250000.0,4395
8040111,1,2,1,10,2024,1,45,6.0,1368000.0,4397
8040113,1,4,1,10,2024,1,42,5.0,1500000.0,4405
8040114,1,2,1,10,2024,2,4,1.0,,4409
8040115,1,3,1,10,2024,2,19,10.0,,4413
8040115,1,4,1,10,2024,1,13,4.0,,4414
8040116,1,5,1,10,2024,2,55,8.0,,4420
8040117,1,4,1,10,2024,1,63,10.0,,4424
8040123,1,5,1,10,2024,1,2,,,4435
8040126,1,2,1,10,2024,1,21,5.0,1800000.0,4439
8040127,1,1,1,10,2024,2,62,3.0,,4442
8040128,1,2,1,10,2024,2,6,2.0,,4445
8040129,1,2,1,10,2024,2,20,4.0,,4447
8040129,1,3,1,10,2024,2,2,,,4448
8040131,1,2,1,10,2024,2,15,4.0,,4454
8040131,1,4,1,10,2024,2,10,3.0,,4456
8040132,1,2,1,10,2024,2,42,4.0,,4458
8040133,1,3,1,10,2024,2,15,3.0,,4461
8040133,1,5,1,10,2024,2,9,1.0,,4463
8040136,1,3,1,10,2024,1,14,4.0,,4468
8040137,1,1,1,10,2024,1,33,8.0,1500000.0,4469
8040137,1,2,1,10,2024,2,30,5.0,500000.0,4470
8040138,1,2,1,10,2024,2,51,6.0,700000.0,4474
8040140,1,2,1,10,2024,2,39,10.0,1300000.0,4479
8040140,1,3,1,10,2024,2,11,4.0,,4480
8040140,1,4,1,10,2024,2,62,4.0,,4481
8040141,1,1,1,10,2024,2,55,4.0,,4482
8040141,1,2,1,10,2024,1,28,4.0,1300000.0,4483
8040143,1,1,1,10,2024,2,63,3.0,,4484
8040143,1,5,1,10,2024,2,6,3.0,,4488
8040146,1,1,1,10,2024,1,41,3.0,900000.0,4493
8040146,1,2,1,10,2024,2,36,5.0,,4494
8040146,1,4,1,10,2024,2,68,3.0,350000.0,4496
8040147,1,1,1,10,2024,1,49,5.0,900000.0,4497
8040149,1,2,1,10,2024,1,41,4.0,600000.0,4501
8040153,1,2,1,10,2024,1,56,5.0,4000000.0,4507
8040153,1,3,1,10,2024,2,14,5.0,,4508
8040154,1,1,1,10,2024,1,60,10.0,3500000.0,4509
8040154,1,2,1,10,2024,2,61,10.0,2500000.0,4510
8040158,1,1,1,10,2024,1,31,9.0,1300000.0,4511
8040160,1,2,1,10,2024,2,47,8.0,,4514
8040161,1,4,1,10,2024,2,4,1.0,,4520
8040162,1,1,1,10,2024,1,23,8.0,1600000.0,4523
8040164,1,3,1,10,2024,2,26,10.0,,4529
8040166,1,2,1,10,2024,2,36,10.0,,4533
8040167,1,4,1,10,2024,1,31,5.0,1500000.0,4538
8040167,1,5,1,10,2024,2,25,5.0,1300000.0,4539
8040167,1,7,1,10,2024,1,7,3.0,,4541
8040168,1,1,1,10,2024,1,53,3.0,,4543
8040168,1,2,1,10,2024,2,46,5.0,,4544
8040168,1,5,1,10,2024,1,14,4.0,,4547
8040169,1,1,1,10,2024,1,73,11.0,,4548
8040169,1,3,1,10,2024,2,43,11.0,2200000.0,4550
8040172,1,3,1,10,2024,1,32,10.0,2000000.0,4559
8040173,1,1,1,10,2024,1,57,5.0,650000.0,4560
8040175,1,3,1,10,2024,2,27,8.0,,4566
8040175,1,4,1,10,2024,1,29,3.0,600000.0,4567
8040175,1,8,1,10,2024,2,7,3.0,,4571
8040176,1,3,1,10,2024,1,5,1.0,,4574
8040177,1,1,1,10,2024,1,74,1.0,720000.0,4576
8040178,1,4,1,10,2024,1,19,10.0,,4581
8040179,1,1,1,10,2024,1,46,11.0,70000000.0,4582
8040179,1,4,1,10,2024,1,5,3.0,,4585
8040180,1,1,1,10,2024,1,47,11.0,3500000.0,4586
8040180,1,3,1,10,2024,2,10,3.0,,4588
8040181,1,2,1,10,2024,2,42,5.0,1000000.0,4591
8040182,1,1,1,10,2024,2,48,3.0,450000.0,4593
8040182,1,4,1,10,2024,2,2,,,4596
8040184,1,2,1,10,2024,1,54,8.0,,4599
8040184,1,3,1,10,2024,1,18,10.0,,4600
8040184,1,4,1,10,2024,2,10,3.0,,4601
8040185,1,1,1,10,2024,2,64,3.0,,4602
8040185,1,2,1,10,2024,1,66,3.0,780000.0,4603
8040186,1,3,1,10,2024,2,14,4.0,,4608
8040188,1,1,1,10,2024,1,43,12.0,10014000.0,4611
8040189,1,1,1,10,2024,2,54,4.0,400000.0,4615
8040192,1,6,1,10,2024,2,24,5.0,400000.0,4625
8040195,1,1,1,10,2024,1,29,5.0,1300000.0,4633
8040197,1,1,1,10,2024,2,74,3.0,,4639
8040198,1,1,1,10,2024,1,67,3.0,,4640
8040199,1,1,1,10,2024,2,82,1.0,,4642
8040204,1,3,1,10,2024,2,89,3.0,,4654
8040206,1,2,1,10,2024,1,51,4.0,1300000.0,4661
8040206,1,4,1,10,2024,1,21,5.0,,4663
8040207,1,1,1,10,2024,1,46,3.0,1000000.0,4664
8040207,1,2,1,10,2024,2,44,5.0,,4665
8040208,1,4,1,10,2024,1,12,4.0,,4671
8040209,1,2,1,10,2024,2,14,5.0,,4673
8040211,1,2,1,10,2024,1,33,5.0,2020000.0,4677
8040212,1,2,1,10,2024,2,42,11.0,4500000.0,4680
8040215,1,3,1,10,2024,1,42,10.0,,4692
8040216,1,3,1,10,2024,2,26,10.0,2500000.0,4698
8040217,1,2,1,10,2024,2,31,10.0,2720000.0,4700
8040217,1,4,1,10,2024,2,2,,,4702
8040219,1,2,1,10,2024,1,11,4.0,,4704
8040220,1,1,1,10,2024,2,52,3.0,,4706
8040221,1,3,1,10,2024,1,64,5.0,2000000.0,4709
8040224,1,2,1,10,2024,2,60,3.0,,4713
8040224,1,5,1,10,2024,2,30,5.0,1270000.0,4716
8040224,1,8,1,10,2024,2,5,2.0,,4719
8040225,1,3,1,10,2024,2,30,5.0,862000.0,4723
8040227,1,5,1,10,2024,2,10,3.0,,4733
8040230,1,2,1,10,2024,1,5,2.0,,4740
8040230,1,3,1,10,2024,2,18,5.0,900000.0,4741
8040233,1,4,1,10,2024,2,50,5.0,1500000.0,4746
8040234,1,1,1,10,2024,1,37,5.0,800000.0,4748
8040234,2,4,2,10,2024,2,31,5.0,,4753
8040234,2,5,2,10,2024,1,13,4.0,,4754
8040235,1,1,1,10,2024,1,57,3.0,500000.0,4757
8040239,1,1,1,10,2024,2,44,10.0,3000000.0,4767
8040246,1,1,1,10,2024,2,44,11.0,3800000.0,4771
8040251,1,1,1,10,2024,2,35,10.0,2600000.0,4776
8040251,1,2,1,10,2024,1,0,,,4777
8040255,1,1,1,10,2024,1,60,5.0,3700000.0,4781
8040256,1,2,1,10,2024,2,32,5.0,1300000.0,4784
8040257,1,4,1,10,2024,2,9,3.0,,4788
8040259,1,2,1,10,2024,2,27,8.0,500000.0,4791
8040262,1,1,1,10,2024,1,26,8.0,1300000.0,4792
8040266,1,3,1,10,2024,1,20,5.0,,4800
8040269,1,2,1,10,2024,1,38,5.0,1000000.0,4807
8040269,1,3,1,10,2024,1,7,3.0,,4808
8040269,1,6,1,10,2024,1,49,3.0,0.0,4811
8040271,1,2,1,10,2024,2,86,1.0,,4818
8040273,1,1,1,10,2024,2,53,5.0,,4820
8040273,1,2,1,10,2024,2,21,5.0,,4821
8040274,1,2,1,10,2024,1,44,5.0,800000.0,4826
8040274,1,4,1,10,2024,1,19,10.0,,4828
8040274,1,7,1,10,2024,1,22,5.0,,4831
8040274,1,8,1,10,2024,1,18,5.0,,4832
8040275,1,3,1,10,2024,2,24,10.0,,4835
8040275,1,4,1,10,2024,1,13,4.0,,4836
8040277,1,2,1,10,2024,2,11,3.0,,4840
8040281,1,1,1,10,2024,2,40,3.0,1100000.0,4841
8040281,1,3,1,10,2024,1,7,3.0,,4843
8040282,1,1,1,10,2024,1,59,4.0,700000.0,4844
8040282,1,3,1,10,2024,1,18,5.0,,4846
8040283,1,1,1,10,2024,1,41,10.0,1300000.0,4847
8040283,1,2,1,10,2024,2,34,5.0,,4848
8040284,1,3,1,10,2024,1,22,8.0,1000000.0,4855
8040284,1,5,1,10,2024,1,0,,,4857
8040287,1,1,1,10,2024,2,38,5.0,380000.0,4864
8040288,1,1,1,10,2024,2,50,3.0,250000.0,4867
8040288,1,4,1,10,2024,1,25,5.0,750000.0,4870
8040288,1,5,1,10,2024,1,16,4.0,,4871
8040291,1,1,1,10,2024,2,71,10.0,,4875
8040292,1,1,1,10,2024,2,22,10.0,500000.0,4877
8040293,1,2,1,10,2024,2,33,5.0,,4880
8040293,1,4,1,10,2024,2,10,3.0,,4882
8040296,1,5,1,10,2024,2,13,4.0,,4894
8040297,1,1,1,10,2024,2,58,3.0,,4895
8040297,1,6,1,10,2024,1,28,5.0,800000.0,4900
8040297,1,8,1,10,2024,1,1,,,4902
8040298,1,2,1,10,2024,2,31,5.0,1000000.0,4904
8040303,1,2,1,10,2024,2,31,9.0,,4913
8040305,1,1,1,10,2024,2,16,5.0,,4915
8040305,1,2,1,10,2024,1,5,1.0,,4916
8040308,1,1,1,10,2024,2,42,5.0,2100000.0,4919
8040309,1,1,1,10,2024,1,38,5.0,1300000.0,4921
8040309,1,3,1,10,2024,2,16,5.0,,4923
8040311,1,1,1,10,2024,2,42,10.0,,4925
8040312,1,1,1,10,2024,1,41,5.0,960000.0,4928
8040312,1,3,1,10,2024,2,14,4.0,,4930
8040315,1,2,1,10,2024,1,36,11.0,9500000.0,4933
8040317,1,1,1,10,2024,1,60,3.0,500000.0,4938
8040320,1,1,1,10,2024,1,41,5.0,,4943
8040321,1,1,1,10,2024,1,34,5.0,2500000.0,4948
8040324,1,3,1,10,2024,1,41,5.0,1300000.0,4956
8040325,1,1,1,10,2024,2,20,9.0,1300000.0,4957
8040329,1,5,1,10,2024,1,11,3.0,,4968
8040331,1,2,1,10,2024,1,32,5.0,1300000.0,4970
8040331,1,3,1,10,2024,2,24,5.0,,4971
8040331,1,4,1,10,2024,1,21,6.0,,4972
8040332,1,1,1,10,2024,2,35,5.0,1200000.0,4973
8040335,1,1,1,10,2024,1,32,9.0,1500000.0,4980
8040339,1,3,1,10,2024,2,25,8.0,1300000.0,4991
8040341,1,3,1,10,2024,1,19,5.0,,4995
8040342,1,2,1,10,2024,2,26,9.0,1362000.0,4998
8040343,1,1,1,10,2024,1,46,9.0,1800000.0,4999
8040343,1,2,1,10,2024,2,30,9.0,1300000.0,5000
8040343,1,3,1,10,2024,1,7,3.0,,5001
8040347,1,1,1,10,2024,1,34,5.0,1300000.0,5010
8040350,1,2,1,10,2024,1,16,4.0,,5014
8040355,1,3,1,10,2024,2,20,10.0,,5022
8040358,1,1,1,10,2024,2,39,9.0,2336000.0,5025
8040358,1,2,1,10,2024,1,27,6.0,,5026
8040362,1,3,1,10,2024,2,11,4.0,,5031
8040363,1,1,1,10,2024,2,49,10.0,700000.0,5032
8040363,1,3,1,10,2024,1,27,10.0,800000.0,5034
8040364,1,2,1,10,2024,1,49,5.0,2400000.0,5038
8040364,1,3,1,10,2024,1,27,5.0,1300000.0,5039
8040364,1,4,1,10,2024,1,3,1.0,,5040
8040368,1,4,1,10,2024,2,13,4.0,,5051
8040371,1,4,1,10,2024,2,13,4.0,,5055
8040372,1,1,1,10,2024,1,34,6.0,1800000.0,5056
8040375,1,3,1,10,2024,2,45,12.0,,5063
8040376,1,2,1,10,2024,1,34,5.0,700000.0,5066
8040377,1,2,1,10,2024,2,27,10.0,1400000.0,5072
8040378,1,2,1,10,2024,2,37,5.0,,5075
8040379,1,2,1,10,2024,2,35,5.0,1400000.0,5078
8040379,1,3,1,10,2024,1,8,3.0,,5079
8040381,1,1,1,10,2024,2,82,5.0,,5082
8040385,1,2,1,10,2024,2,86,5.0,,5087
8040389,1,4,1,10,2024,2,16,5.0,,5094
8040391,1,1,1,10,2024,2,50,5.0,1300000.0,5099
8040392,1,2,1,10,2024,2,44,5.0,1300000.0,5102
8040392,1,3,1,10,2024,1,22,5.0,,5103
8040399,1,1,1,10,2024,2,56,4.0,720000.0,5117
8040400,1,2,1,10,2024,2,34,4.0,1168800.0,5119
8040401,1,2,1,10,2024,1,2,,,5123
8040404,1,2,1,10,2024,2,26,10.0,,5127
8040405,1,3,1,10,2024,1,29,10.0,,5132
8040406,1,2,1,10,2024,1,32,5.0,1400000.0,5134
8040408,1,1,1,10,2024,1,60,3.0,,5137
8040409,1,2,1,10,2024,1,44,4.0,1300000.0,5141
8040409,1,3,1,10,2024,2,21,10.0,1300000.0,5142
8040411,1,2,1,10,2024,1,58,3.0,500000.0,5147
8040411,1,3,1,10,2024,2,36,5.0,500000.0,5148
8040416,1,1,1,10,2024,2,55,1.0,350000.0,5159
8040417,1,3,1,10,2024,1,7,3.0,,5162
8040419,1,3,1,10,2024,2,14,4.0,,5167
8040420,1,1,1,10,2024,1,60,4.0,800000.0,5168
8040420,1,2,1,10,2024,2,59,3.0,,5169
8040420,1,3,1,10,2024,1,13,4.0,,5170
8040423,1,2,1,10,2024,1,8,3.0,,5176
8040424,1,1,1,10,2024,2,56,3.0,600000.0,5178
8040425,1,2,1,10,2024,2,35,5.0,,5182
8040425,1,3,1,10,2024,2,4,1.0,,5183
8040426,1,1,1,10,2024,1,37,5.0,1400000.0,5184
8040426,1,5,1,10,2024,2,9,3.0,,5188
8040426,1,6,1,10,2024,1,6,2.0,,5189
8040426,1,7,1,10,2024,2,48,8.0,1462000.0,5190
8040427,1,2,1,10,2024,1,26,5.0,1300000.0,5195
8040427,1,3,1,10,2024,2,0,,,5196
8040429,1,3,1,10,2024,1,10,3.0,,5201
8040431,1,2,1,10,2024,1,21,5.0,,5204
8040431,1,3,1,10,2024,1,13,4.0,,5205
8040436,1,1,1,10,2024,1,53,3.0,1300000.0,5216
8040438,1,1,1,10,2024,1,65,3.0,2200000.0,5219
8040438,1,3,1,10,2024,1,29,5.0,900000.0,5221
8040438,1,5,1,10,2024,2,19,8.0,,5223
8040440,1,2,1,10,2024,2,23,5.0,1300000.0,5229
8040441,1,1,1,10,2024,1,54,3.0,1800000.0,5231
8040441,1,2,1,10,2024,2,27,8.0,1462000.0,5232
8040442,1,1,1,10,2024,1,77,3.0,,5236
8040444,1,2,1,10,2024,1,33,5.0,1200000.0,5241
8040446,1,2,1,10,2024,2,59,4.0,,5246
8040447,1,2,1,10,2024,2,51,5.0,1300000.0,5248
8040450,1,2,1,10,2024,2,36,5.0,1300000.0,5255
8040450,1,3,1,10,2024,1,17,4.0,,5256
8040450,1,4,1,10,2024,1,14,4.0,,5257
8040450,1,5,1,10,2024,2,13,4.0,,5258
8040451,1,2,1,10,2024,1,24,4.0,,5260
8040452,1,2,1,10,2024,1,53,3.0,,5262
8040455,1,1,1,10,2024,1,62,3.0,1000000.0,5268
8040455,1,2,1,10,2024,2,66,3.0,,5269
8040456,1,3,1,10,2024,1,25,4.0,,5272
8040456,1,4,1,10,2024,1,9,1.0,,5273
8040458,1,3,1,10,2024,2,3,1.0,,5279
8040459,1,3,1,10,2024,2,15,4.0,,5284
8040459,1,4,1,10,2024,2,11,4.0,,5285
8040461,1,5,1,10,2024,1,0,,,5290
8040467,1,1,1,10,2024,2,46,10.0,2000000.0,5301
8040467,1,3,1,10,2024,2,20,10.0,,5303
8040469,1,1,1,10,2024,1,28,9.0,2000000.0,5306
8040471,1,1,1,10,2024,2,26,6.0,1300000.0,5311
8040472,1,1,1,10,2024,2,68,5.0,,5313
8040472,1,2,1,10,2024,1,34,5.0,1300000.0,5314
8040472,1,4,1,10,2024,2,14,4.0,,5316
8040472,1,5,1,10,2024,2,12,1.0,,5317
8040473,1,1,1,10,2024,2,51,6.0,900000.0,5318
8040475,1,2,1,10,2024,2,46,5.0,,5321
8040476,1,3,1,10,2024,1,10,3.0,,5325
8040477,1,1,1,10,2024,1,56,3.0,1000000.0,5326
8040480,1,2,1,10,2024,2,45,10.0,4500000.0,5333
8040480,1,4,1,10,2024,1,10,3.0,,5335
8040481,1,3,1,10,2024,2,4,2.0,,5338
8040483,1,1,1,10,2024,2,50,10.0,2600000.0,5341
8040487,1,2,1,10,2024,2,32,10.0,1400000.0,5348
8040488,1,1,1,10,2024,1,52,10.0,4000000.0,5352
8040488,1,2,1,10,2024,2,58,10.0,2300000.0,5353
8040488,1,3,1,10,2024,1,31,10.0,2000000.0,5354
8040489,1,2,1,10,2024,2,76,12.0,,5356
8040489,1,3,1,10,2024,1,32,5.0,1300000.0,5357
8040490,1,1,1,10,2024,1,74,5.0,,5358
8040491,1,1,1,10,2024,1,44,10.0,3000000.0,5361
8040493,1,1,1,10,2024,1,27,5.0,3000000.0,5365
8040496,1,1,1,10,2024,2,40,11.0,5000000.0,5369
8040497,1,1,1,10,2024,1,57,10.0,2000000.0,5372
8040498,1,1,1,10,2024,1,79,6.0,,5374
8040498,1,3,1,10,2024,2,43,10.0,4200000.0,5376
8040500,1,1,1,10,2024,2,74,10.0,,5378
8040504,1,3,1,10,2024,2,86,3.0,,5383
8040508,1,1,1,10,2024,2,84,3.0,,5393
8040508,1,2,1,10,2024,2,61,3.0,,5394
8040509,1,1,1,10,2024,2,56,3.0,400000.0,5399
8040512,1,3,1,10,2024,2,11,3.0,,5408
8040514,1,4,1,10,2024,2,18,5.0,,5414
8040518,1,1,1,10,2024,2,56,8.0,1300000.0,5415
8040518,1,2,1,10,2024,1,52,5.0,1300000.0,5416
8040518,1,3,1,10,2024,2,33,5.0,,5417
8040518,1,4,1,10,2024,2,10,3.0,,5418
8040519,1,2,1,10,2024,1,66,4.0,,5422
8040519,1,3,1,10,2024,1,21,10.0,,5423
8040521,1,3,1,10,2024,1,6,3.0,,5426
8040526,1,5,1,10,2024,1,32,1.0,,5435
8040527,1,3,1,10,2024,1,43,5.0,900000.0,5438
8040528,1,1,1,10,2024,1,59,3.0,1400000.0,5439
8040529,1,1,1,10,2024,2,41,10.0,1500000.0,5441
8040530,1,2,1,10,2024,2,18,5.0,,5445
8040532,1,1,1,10,2024,1,56,5.0,1650000.0,5452
8040535,1,2,1,10,2024,1,63,4.0,4000000.0,5457
8040540,1,1,1,10,2024,2,18,10.0,,5461
8040541,1,1,1,10,2024,1,35,10.0,2500000.0,5462
8040542,1,1,1,10,2024,2,54,3.0,,5465
8040542,1,2,1,10,2024,1,36,3.0,1300000.0,5466
8040542,1,3,1,10,2024,1,80,1.0,,5467
8040545,1,2,1,10,2024,2,14,4.0,,5471
8040550,1,2,1,10,2024,1,23,4.0,900000.0,5479
8040551,1,1,1,10,2024,2,50,3.0,1200000.0,5483
8040552,1,1,1,10,2024,1,32,3.0,1300000.0,5485
8040552,1,4,1,10,2024,1,5,2.0,,5488
8040552,1,5,1,10,2024,1,0,,,5489
8040553,1,1,1,10,2024,2,44,6.0,,5491
8040553,1,2,1,10,2024,2,13,4.0,,5492
8040553,1,4,1,10,2024,1,7,3.0,,5494
8040555,1,1,1,10,2024,2,28,5.0,1300000.0,5500
8040556,1,3,1,10,2024,2,4,1.0,,5506
8040557,1,2,1,10,2024,1,22,5.0,,5508
8040558,1,2,1,10,2024,2,22,10.0,,5511
8040559,1,1,1,10,2024,2,90,3.0,,5514
8040560,1,1,1,10,2024,2,32,3.0,660000.0,5515
8040560,1,2,1,10,2024,2,12,4.0,,5516
8040560,1,4,1,10,2024,1,8,3.0,,5518
8040566,1,4,1,10,2024,2,35,10.0,1300000.0,5529
8040566,1,5,1,10,2024,2,12,4.0,,5530
8040568,1,2,1,10,2024,2,12,4.0,,5537
8040569,1,3,1,10,2024,2,5,1.0,,5541
8040572,1,3,1,10,2024,2,9,3.0,,5550
8040573,1,4,1,10,2024,2,0,,,5555
8040575,1,3,1,10,2024,2,26,9.0,1600000.0,5565
8040576,1,1,1,10,2024,2,51,8.0,1500000.0,5567
8040581,1,2,1,10,2024,2,30,4.0,,5576
8040581,1,3,1,10,2024,2,9,3.0,,5577
8040582,1,1,1,10,2024,2,50,4.0,1300000.0,5579
8040582,1,2,1,10,2024,2,29,10.0,600000.0,5580
8040583,1,1,1,10,2024,1,71,3.0,400000.0,5581
8040583,1,2,1,10,2024,2,71,3.0,,5582
8040584,1,1,1,10,2024,1,41,8.0,700000.0,5583
8040584,1,2,1,10,2024,2,25,5.0,,5584
8040584,1,4,1,10,2024,1,1,,,5586
8040586,1,3,1,10,2024,2,4,2.0,,5590
8040588,1,4,1,10,2024,1,7,3.0,,5597
8040589,1,1,1,10,2024,2,32,10.0,1300000.0,5598
8040589,1,3,1,10,2024,2,9,3.0,,5600
8040589,1,5,1,10,2024,2,19,5.0,,5602
8040590,1,2,1,10,2024,1,18,4.0,,5605
8040590,1,3,1,10,2024,1,12,3.0,,5606
8040590,1,5,1,10,2024,1,6,3.0,,5608
8040591,1,2,1,10,2024,2,71,5.0,,5610
8040592,1,1,1,10,2024,1,43,8.0,1500000.0,5611
8040593,1,3,1,10,2024,2,6,2.0,,5614
8040595,1,1,1,10,2024,1,30,10.0,1500000.0,5619
8040595,1,2,1,10,2024,2,22,8.0,,5620
8040596,1,1,1,10,2024,1,18,4.0,800000.0,5622
8040597,1,1,1,10,2024,1,52,10.0,1500000.0,5623
8040597,1,2,1,10,2024,2,48,8.0,,5624
8040597,1,4,1,10,2024,1,22,10.0,,5626
8040598,1,2,1,10,2024,2,37,8.0,1300000.0,5628
8040598,1,3,1,10,2024,2,14,4.0,,5629
8040600,1,1,1,10,2024,2,43,10.0,2500000.0,5631
8040605,1,1,1,10,2024,2,42,10.0,,5635
8040605,1,3,1,10,2024,1,8,3.0,,5637
8040606,1,1,1,10,2024,2,60,4.0,600000.0,5638
8040607,1,2,1,10,2024,1,25,5.0,400000.0,5640
8040608,1,2,1,10,2024,2,9,3.0,,5642
8040610,1,1,1,10,2024,2,59,4.0,500000.0,5646
8040611,1,2,1,10,2024,2,51,8.0,,5648
8040615,1,1,1,10,2024,2,62,3.0,,5649
8040618,1,2,1,10,2024,2,33,5.0,,5653
8040618,1,4,1,10,2024,1,4,2.0,,5655
8040619,1,1,1,10,2024,1,34,5.0,1500000.0,5656
8040620,1,3,1,10,2024,2,30,10.0,,5661
8040620,1,4,1,10,2024,1,21,10.0,,5662
8040621,1,1,1,10,2024,2,76,3.0,,5664
8040622,1,2,1,10,2024,2,20,4.0,,5666
8040623,1,2,1,10,2024,2,10,3.0,,5668
8040625,1,1,1,10,2024,2,30,5.0,,5671
8040630,1,2,1,10,2024,1,25,10.0,,5678
8040634,1,3,1,10,2024,1,10,3.0,,5686
8040635,1,3,1,10,2024,1,2,,,5691
8040638,1,2,1,10,2024,2,8,3.0,,5695
8040644,1,2,1,10,2024,2,19,10.0,,5701
8040644,1,3,1,10,2024,1,27,10.0,1300000.0,5702
8040645,1,1,1,10,2024,1,39,8.0,900000.0,5703
8040645,1,4,1,10,2024,1,3,1.0,,5706
8040646,1,1,1,10,2024,1,36,5.0,2800000.0,5707
8040646,1,2,1,10,2024,2,42,5.0,1600000.0,5708
8040649,1,1,1,10,2024,2,64,1.0,,5715
8040660,1,1,1,10,2024,2,40,5.0,1800000.0,5726
8040660,1,2,1,10,2024,1,9,3.0,,5727
8040662,1,1,1,10,2024,1,48,5.0,1900000.0,5732
8040666,1,1,1,10,2024,2,43,4.0,100000.0,5737
8040666,1,3,1,10,2024,1,20,10.0,320000.0,5739
8040666,1,4,1,10,2024,1,18,4.0,,5740
8040667,1,1,1,10,2024,2,54,1.0,300000.0,5741
8040669,1,3,1,10,2024,1,7,3.0,,5747
8040674,1,2,1,10,2024,2,34,10.0,,5750
8040674,1,3,1,10,2024,1,10,3.0,,5751
8040676,1,1,1,10,2024,1,36,4.0,900000.0,5755
8040678,1,6,1,10,2024,2,68,3.0,,5763
8040679,1,3,1,10,2024,2,20,10.0,,5766
8040681,1,2,1,10,2024,2,75,3.0,,5771
8040681,1,3,1,10,2024,2,18,5.0,,5772
8040682,1,2,1,10,2024,2,30,10.0,,5774
8040682,1,4,1,10,2024,1,3,2.0,,5776
8040684,1,2,1,10,2024,2,41,5.0,1300000.0,5778
8040684,1,3,1,10,2024,2,20,5.0,,5779
8040687,1,3,1,10,2024,2,2,,,5786
8040688,1,2,1,10,2024,1,57,5.0,5500000.0,5788
8040689,1,1,1,10,2024,2,37,5.0,600000.0,5789
8040690,1,1,1,10,2024,2,38,8.0,1450000.0,5792
8040690,1,4,1,10,2024,1,7,3.0,,5795
8040690,1,5,1,10,2024,2,4,1.0,,5796
8040690,1,6,1,10,2024,2,21,8.0,800000.0,5797
8040691,1,3,1,10,2024,2,9,3.0,,5800
8040698,1,2,1,10,2024,2,48,4.0,,5804
8040698,1,3,1,10,2024,2,52,3.0,1200000.0,5805
8040698,1,5,1,10,2024,1,60,4.0,,5807
8040699,1,1,1,10,2024,1,43,10.0,4500000.0,5808
8040708,1,1,1,10,2024,2,60,9.0,,5820
8040709,1,1,1,10,2024,2,65,5.0,,5821
8040709,1,2,1,10,2024,2,49,10.0,,5822
8040710,1,2,1,10,2024,2,58,10.0,3000000.0,5825
8040712,1,1,1,10,2024,1,47,10.0,2000000.0,5829
8040713,1,2,1,10,2024,1,26,11.0,,5834
8040714,1,2,1,10,2024,2,30,5.0,,5838
8040715,1,2,1,10,2024,2,37,4.0,,5841
8040715,1,3,1,10,2024,2,19,5.0,900000.0,5842
8040718,1,1,1,10,2024,2,37,5.0,1300000.0,5850
8040718,1,2,1,10,2024,1,22,5.0,1300000.0,5851
8040718,1,3,1,10,2024,2,18,5.0,,5852
8040720,1,1,1,10,2024,2,44,1.0,600000.0,5854
8040720,1,2,1,10,2024,1,35,3.0,1200000.0,5855
8040721,1,1,1,10,2024,1,36,6.0,1300000.0,5858
8040722,1,4,1,10,2024,1,51,1.0,1200000.0,5862
8040726,1,2,1,10,2024,1,24,10.0,400000.0,5871
8040733,1,2,1,10,2024,2,22,5.0,,5888
8040733,1,3,1,10,2024,1,21,5.0,,5889
8040734,1,1,1,10,2024,2,62,1.0,60000.0,5890
8040739,1,2,1,10,2024,1,56,4.0,,5901
8040739,1,4,1,10,2024,1,16,5.0,1050000.0,5903
8040740,1,1,1,10,2024,1,45,4.0,300000.0,5905
8040740,1,2,1,10,2024,2,46,4.0,,5906
8040742,1,4,1,10,2024,2,5,2.0,,5911
8040743,1,1,1,10,2024,1,28,5.0,2000000.0,5912
8040743,1,2,1,10,2024,2,25,5.0,,5913
8040744,1,1,1,10,2024,2,54,3.0,,5916
8040744,1,4,1,10,2024,2,34,5.0,1000000.0,5919
8040746,1,2,1,10,2024,2,58,3.0,,5927
8040751,1,3,1,10,2024,2,34,10.0,2500000.0,5939
8040751,1,4,1,10,2024,1,35,9.0,1400000.0,5940
8040752,1,1,1,10,2024,1,33,5.0,1600000.0,5943
8040752,1,3,1,10,2024,2,18,5.0,,5945
8040754,1,5,1,10,2024,2,56,3.0,850000.0,5954
8040755,1,1,1,10,2024,1,41,10.0,3900000.0,5955
8040755,1,4,1,10,2024,1,9,3.0,,5958
8040755,1,5,1,10,2024,2,4,2.0,,5959
8040758,1,2,1,10,2024,1,55,5.0,600000.0,5969
8040760,1,1,1,10,2024,2,67,3.0,,5972
8040763,1,1,1,10,2024,1,67,3.0,1440000.0,5979
8040766,1,1,1,10,2024,1,60,10.0,2000000.0,5986
8040766,1,3,1,10,2024,2,12,4.0,,5988
8040766,1,4,1,10,2024,1,16,5.0,,5989
8040766,1,5,1,10,2024,1,10,4.0,,5990
8040768,1,2,1,10,2024,1,42,5.0,1500000.0,5994
8040768,1,4,1,10,2024,2,10,3.0,,5996
8040770,1,1,1,10,2024,2,88,7.0,,6000
8040771,1,1,1,10,2024,2,51,3.0,1100000.0,6001
8040771,1,2,1,10,2024,2,14,4.0,,6002
8040772,1,3,1,10,2024,2,0,,,6006
8040774,1,3,1,10,2024,2,2,,,6013
8040775,1,3,1,10,2024,1,23,10.0,,6017
8040775,1,4,1,10,2024,2,17,10.0,,6018
8040776,1,5,1,10,2024,1,39,3.0,800000.0,6024
8040778,1,1,1,10,2024,2,61,5.0,,6028
8040780,1,2,1,10,2024,2,34,8.0,,6031
8040788,1,2,1,10,2024,1,30,6.0,1200000.0,6039
8040790,1,1,1,10,2024,1,35,8.0,1300000.0,6043
8040790,1,3,1,10,2024,1,5,2.0,,6045
8040794,1,2,1,10,2024,2,47,3.0,,6052
8040794,1,4,1,10,2024,1,21,8.0,1300000.0,6054
8040795,1,2,1,10,2024,1,17,4.0,,6056
8040797,1,1,1,10,2024,1,22,8.0,1600000.0,6057
8040798,1,1,1,10,2024,2,70,3.0,,6059
8040800,1,2,1,10,2024,2,17,10.0,,6062
8040801,1,1,1,10,2024,2,26,9.0,1400000.0,6064
8040801,1,2,1,10,2024,1,35,10.0,4000000.0,6065
8040805,1,1,1,10,2024,1,53,5.0,1200000.0,6071
8040805,1,3,1,10,2024,1,22,5.0,700000.0,6073
8040808,1,1,1,10,2024,1,36,8.0,1900000.0,6075
8040808,1,2,1,10,2024,2,31,10.0,,6076
8040809,1,1,1,10,2024,1,63,9.0,2000000.0,6077
8040809,1,2,1,10,2024,2,62,5.0,,6078
8040811,1,1,1,10,2024,1,56,3.0,800000.0,6080
8040811,1,3,1,10,2024,1,31,3.0,,6082
8040813,1,2,1,10,2024,2,71,4.0,,6086
8040814,1,1,1,10,2024,2,47,10.0,,6088
8040818,1,4,1,10,2024,1,9,3.0,,6097
8040818,1,5,1,10,2024,2,7,3.0,,6098
8040826,1,2,1,10,2024,1,40,8.0,4000000.0,6107
8040827,1,2,1,10,2024,2,45,10.0,,6109
8040827,1,4,1,10,2024,2,28,8.0,1000000.0,6111
8040828,1,1,1,10,2024,1,45,11.0,3900000.0,6112
8040831,1,1,1,10,2024,2,59,10.0,5000000.0,6117
8040834,1,4,1,10,2024,1,49,5.0,1100000.0,6122
8040834,1,5,1,10,2024,2,41,5.0,950000.0,6123
8040835,1,1,1,10,2024,2,48,4.0,350000.0,6124
8040835,1,5,1,10,2024,1,3,1.0,,6128
8040836,1,1,1,10,2024,2,55,9.0,1480000.0,6129
8040837,1,3,1,10,2024,2,64,9.0,1000000.0,6134
8040838,1,3,1,10,2024,2,6,3.0,,6137
8040838,1,4,1,10,2024,1,1,,,6138
8040839,1,2,1,10,2024,2,28,10.0,2200000.0,6140
8040841,1,3,1,10,2024,1,36,10.0,1300000.0,6149
8040841,1,4,1,10,2024,1,29,8.0,900000.0,6150
8040842,1,1,1,10,2024,1,51,4.0,1200000.0,6151
8040842,1,3,1,10,2024,2,36,8.0,1000000.0,6153
8040843,1,1,1,10,2024,1,58,5.0,1400000.0,6155
8040843,1,4,1,10,2024,2,20,5.0,,6158
8040844,1,2,1,10,2024,2,18,9.0,,6160
8040845,1,1,1,10,2024,1,76,3.0,,6162
8040846,1,2,1,10,2024,2,44,8.0,,6166
8040846,1,3,1,10,2024,1,21,10.0,,6167
8040848,1,1,1,10,2024,2,54,5.0,,6171
8040849,1,3,1,10,2024,1,13,4.0,,6177
8040851,1,1,1,10,2024,1,54,4.0,2000000.0,6183
8040851,1,3,1,10,2024,2,15,4.0,,6185
8040852,1,1,1,10,2024,2,34,9.0,1500000.0,6188
8040854,1,6,1,10,2024,2,5,2.0,,6198
8040855,1,5,1,10,2024,2,22,10.0,,6203
8040857,1,1,1,10,2024,2,69,3.0,,6210
8040860,1,1,1,10,2024,2,68,4.0,1300000.0,6217
8040860,1,4,1,10,2024,1,8,3.0,,6220
8040862,1,2,1,10,2024,2,47,5.0,,6226
8040862,1,3,1,10,2024,1,19,8.0,,6227
8040865,1,1,1,10,2024,2,67,5.0,,6235
8040866,1,2,1,10,2024,1,44,5.0,6000000.0,6239
8040866,2,1,2,10,2024,2,41,8.0,1200000.0,6242
8040867,1,3,1,10,2024,2,26,10.0,,6247
8040869,1,3,1,10,2024,2,47,8.0,1300000.0,6250
8040871,1,1,1,10,2024,2,37,8.0,2000000.0,6254
8040873,1,3,1,10,2024,1,54,10.0,3200000.0,6261
8040873,1,4,1,10,2024,1,30,10.0,3000000.0,6262
8040878,1,1,1,10,2024,1,46,10.0,4000000.0,6264
8040878,1,2,1,10,2024,2,49,8.0,,6265
8040878,1,3,1,10,2024,1,18,10.0,,6266
8040878,1,4,1,10,2024,1,9,3.0,,6267
8040881,1,1,1,10,2024,2,61,5.0,,6271
8040889,1,3,1,10,2024,2,18,4.0,1400000.0,6285
8040891,1,2,1,10,2024,1,34,5.0,1200000.0,6290
8040892,1,2,1,10,2024,1,20,10.0,,6293
8040892,1,3,1,10,2024,2,12,4.0,,6294
8040893,1,3,1,10,2024,2,16,4.0,,6298
8040895,1,1,1,10,2024,1,51,11.0,6300000.0,6299
8040896,1,1,1,10,2024,1,70,5.0,,6302
8040897,1,2,1,10,2024,2,69,3.0,,6305
8040898,1,1,1,10,2024,2,56,3.0,,6306
8040898,1,3,1,10,2024,1,42,5.0,1462000.0,6308
8040900,1,2,1,10,2024,1,62,6.0,700000.0,6312
8040901,1,1,1,10,2024,1,47,3.0,800000.0,6315
8040904,1,2,1,10,2024,2,42,5.0,500000.0,6317
8040904,1,4,1,10,2024,1,12,4.0,,6319
8040905,1,1,1,10,2024,2,44,13.0,9000000.0,6320
8040905,1,2,1,10,2024,2,12,4.0,,6321
8040906,1,1,1,10,2024,2,46,3.0,1500000.0,6322
8040908,1,2,1,10,2024,2,47,3.0,,6330
8040910,1,2,1,10,2024,2,49,10.0,5000000.0,6334
8040911,1,2,1,10,2024,2,64,5.0,,6336
8040912,1,2,1,10,2024,2,42,9.0,,6338
8040913,1,3,1,10,2024,2,7,3.0,,6343
8040913,1,4,1,10,2024,2,75,3.0,,6344
8040916,1,1,1,10,2024,1,65,6.0,,6349
8040917,1,2,1,10,2024,1,44,5.0,900000.0,6354
8040918,1,2,1,10,2024,1,25,5.0,1462000.0,6356
8040927,1,3,1,10,2024,1,10,3.0,,6378
8040929,1,1,1,10,2024,2,45,4.0,,6380
8040930,1,1,1,10,2024,2,22,4.0,,6383
8040935,1,1,1,10,2024,1,39,5.0,700000.0,6388
8040937,1,2,1,10,2024,1,41,5.0,1200000.0,6395
8040938,1,1,1,10,2024,2,55,11.0,6259983.0,6398
8040944,1,3,1,10,2024,2,9,3.0,,6412
8040945,1,1,1,10,2024,1,25,10.0,5000000.0,6413
8040945,1,2,1,10,2024,2,24,10.0,,6414
8040946,1,2,1,10,2024,2,12,4.0,,6417
8040947,1,4,1,10,2024,2,13,4.0,,6421
8040948,1,1,1,10,2024,2,58,3.0,,6422
8040948,1,3,1,10,2024,1,10,3.0,,6424
8040950,1,1,1,10,2024,1,36,9.0,3800000.0,6426
8040951,1,1,1,10,2024,1,23,5.0,1500000.0,6428
8040953,1,2,1,10,2024,1,72,3.0,,6430
8040957,1,1,1,10,2024,1,59,5.0,1300000.0,6435
8040957,1,2,1,10,2024,2,55,10.0,600000.0,6436
8040957,1,5,1,10,2024,1,22,10.0,1462000.0,6439
8040958,1,1,1,10,2024,1,47,11.0,4500000.0,6440
8040962,1,1,1,10,2024,2,71,5.0,,6448
8040963,1,1,1,10,2024,2,19,10.0,,6450
8040964,1,3,1,10,2024,2,19,10.0,,6453
8040965,1,3,1,10,2024,1,17,8.0,,6457
8040969,1,5,1,10,2024,2,1,,,6467
8040970,1,2,1,10,2024,2,61,4.0,,6469
8040970,1,3,1,10,2024,1,40,5.0,1200000.0,6470
8040972,1,3,1,10,2024,1,25,5.0,1500000.0,6478
8040975,1,1,1,10,2024,1,34,11.0,3126000.0,6482
8040977,1,4,1,10,2024,2,8,3.0,,6489
8040978,1,2,1,10,2024,1,18,10.0,1300000.0,6491
8040979,1,1,1,10,2024,1,67,5.0,5000000.0,6493
8040980,1,3,1,10,2024,2,16,4.0,,6496
8040982,1,2,1,10,2024,2,25,5.0,1300000.0,6498
8040984,1,1,1,10,2024,2,59,4.0,,6501
8040986,1,1,1,10,2024,1,80,3.0,,6509
8040986,1,2,1,10,2024,2,78,3.0,,6510
8040988,1,3,1,10,2024,1,22,10.0,,6519
8040990,1,2,1,10,2024,1,43,5.0,800000.0,6521
8040991,1,1,1,10,2024,1,70,1.0,400000.0,6524
8040993,1,3,1,10,2024,2,23,5.0,,6528
8040996,1,2,1,10,2024,1,19,4.0,,6537
8040998,1,3,1,10,2024,2,15,4.0,600000.0,6540
8041001,1,1,1,10,2024,2,34,5.0,1300000.0,6543
8041002,1,2,1,10,2024,1,27,5.0,,6548
8041002,1,4,1,10,2024,1,20,5.0,1300000.0,6550
8041003,1,1,1,10,2024,1,50,4.0,200000.0,6551
8041006,1,1,1,10,2024,1,74,5.0,,6553
8041006,1,2,1,10,2024,2,68,5.0,,6554
8041007,1,3,1,10,2024,1,17,5.0,,6557
8041009,1,2,1,10,2024,2,30,5.0,150000.0,6560
8041010,1,1,1,10,2024,2,44,3.0,320000.0,6561
8041011,1,2,1,10,2024,2,35,3.0,500000.0,6566
8041011,1,5,1,10,2024,1,10,3.0,,6569
8041012,1,2,1,10,2024,2,21,5.0,,6572
8041012,1,3,1,10,2024,1,7,3.0,,6573
8041012,1,4,1,10,2024,1,0,,,6574
8041014,1,2,1,10,2024,1,18,6.0,,6580
8041015,1,2,1,10,2024,1,61,3.0,800000.0,6583
8041016,1,4,1,10,2024,1,23,5.0,,6589
8041017,1,1,1,10,2024,2,61,3.0,150000.0,6591
8041017,1,2,1,10,2024,1,38,3.0,,6592
8041018,1,3,1,10,2024,1,3,1.0,,6595
8041019,1,1,1,10,2024,1,47,4.0,1000000.0,6597
8041019,1,2,1,10,2024,2,26,5.0,1300000.0,6598
8041019,1,3,1,10,2024,2,24,5.0,1300000.0,6599
8041021,1,2,1,10,2024,1,17,5.0,,6605
8041022,1,1,1,10,2024,2,30,10.0,1300000.0,6609
8041022,1,3,1,10,2024,1,4,2.0,,6611
8041023,1,1,1,10,2024,2,58,5.0,1200000.0,6613
8041023,1,2,1,10,2024,2,25,5.0,1400000.0,6614
8041027,1,1,1,10,2024,1,55,9.0,1200000.0,6623
8041029,1,2,1,10,2024,1,19,5.0,,6631
8041031,1,1,1,10,2024,2,49,3.0,,6634
8041031,1,3,1,10,2024,1,5,2.0,,6636
8041034,1,1,1,10,2024,1,62,5.0,,6637
8041035,1,2,1,10,2024,2,19,10.0,,6640
8041036,1,1,1,10,2024,1,60,3.0,,6641
8041038,1,1,1,10,2024,2,60,5.0,,6646
8041039,1,2,1,10,2024,2,15,4.0,,6650
8041040,1,1,1,10,2024,1,62,10.0,5000000.0,6652
8041041,1,2,1,10,2024,2,35,5.0,1300000.0,6654
8041043,1,4,1,10,2024,2,2,,,6662
8041044,1,1,1,10,2024,1,34,5.0,1500000.0,6663
8041044,1,2,1,10,2024,2,54,5.0,,6664
8041046,1,4,1,10,2024,2,7,3.0,,6670
8041048,1,2,1,10,2024,2,40,11.0,8400000.0,6675
8041048,1,3,1,10,2024,2,9,3.0,,6676
8041051,1,1,1,10,2024,1,27,4.0,2000000.0,6677
8041051,1,4,1,10,2024,1,25,4.0,1200000.0,6680
8041053,1,3,1,10,2024,1,2,,,6685
8041056,1,1,1,10,2024,1,30,5.0,2500000.0,6687
8041057,1,1,1,10,2024,1,32,5.0,1400000.0,6689
8041058,1,1,1,10,2024,1,45,9.0,1200000.0,6692
8041060,1,1,1,10,2024,2,85,3.0,,6698
8041062,1,1,1,10,2024,1,44,10.0,20000000.0,6703
8041062,1,2,1,10,2024,2,30,10.0,2000000.0,6704
8041062,1,3,1,10,2024,2,8,3.0,,6705
8041066,1,2,1,10,2024,1,39,3.0,,6715
8041067,1,3,1,10,2024,2,24,10.0,4200000.0,6718
8041070,1,1,1,10,2024,1,38,10.0,8000000.0,6721
8041072,1,2,1,10,2024,1,25,10.0,1900000.0,6723
8041074,1,3,1,10,2024,2,12,4.0,,6726
8041074,1,4,1,10,2024,2,4,2.0,,6727
8041082,1,2,1,10,2024,1,45,5.0,3600000.0,6738
8041086,1,1,1,10,2024,2,38,11.0,1300000.0,6744
8041087,1,1,1,10,2024,2,56,8.0,3000000.0,6747
8041087,1,2,1,10,2024,2,36,8.0,2500000.0,6748
8041088,1,1,1,10,2024,1,59,5.0,700000.0,6749
8041089,1,2,1,10,2024,1,58,10.0,,6751
8041093,1,2,1,10,2024,2,72,1.0,,6755
8041094,1,1,1,10,2024,2,39,5.0,1300000.0,6756
8041094,1,3,1,10,2024,1,5,2.0,,6758
8041095,1,1,1,10,2024,2,62,12.0,3500000.0,6759
8041095,1,4,1,10,2024,2,1,,,6762
8041096,1,1,1,10,2024,2,34,5.0,1300000.0,6763
8041097,1,2,1,10,2024,2,14,4.0,,6766
8041098,1,2,1,10,2024,2,7,3.0,,6768
8041099,1,1,1,10,2024,2,34,10.0,2100000.0,6769
8041105,1,1,1,10,2024,1,47,1.0,1400000.0,6784
8041106,1,2,1,10,2024,2,28,8.0,,6793
8041107,1,3,1,10,2024,2,15,4.0,,6797
8041107,1,4,1,10,2024,1,12,3.0,,6798
8041108,1,1,1,10,2024,1,54,1.0,1100000.0,6800
8041108,1,2,1,10,2024,2,52,1.0,,6801
8041108,1,5,1,10,2024,1,34,5.0,,6804
8041109,1,3,1,10,2024,1,18,4.0,900000.0,6808
8041109,1,4,1,10,2024,2,20,8.0,,6809
8041110,1,1,1,10,2024,1,43,3.0,1400000.0,6811
8041111,1,3,1,10,2024,1,18,1.0,,6817
8041114,1,1,1,10,2024,2,48,3.0,500000.0,6825
8041114,1,2,1,10,2024,2,28,5.0,1300000.0,6826
8041114,1,7,1,10,2024,2,20,5.0,500000.0,6831
8041116,1,1,1,10,2024,2,39,8.0,,6836
8041117,1,2,1,10,2024,2,51,8.0,1400000.0,6840
8041117,1,3,1,10,2024,1,31,3.0,900000.0,6841
8041119,1,1,1,10,2024,2,68,3.0,700000.0,6844
8041119,1,3,1,10,2024,1,14,4.0,,6846
8041120,1,5,1,10,2024,1,2,,,6851
8041124,1,3,1,10,2024,1,20,4.0,,6859
8041126,1,1,1,10,2024,1,63,5.0,1200000.0,6864
8041126,1,3,1,10,2024,1,12,4.0,,6866
8041127,1,1,1,10,2024,2,30,5.0,1000000.0,6868
8041127,1,2,1,10,2024,1,12,4.0,,6869
8041128,1,3,1,10,2024,2,74,3.0,,6873
8041129,1,3,1,10,2024,1,18,5.0,,6876
8041131,1,1,1,10,2024,2,37,8.0,1300000.0,6879
8041132,1,1,1,10,2024,1,78,11.0,4500000.0,6881
8041139,1,1,1,10,2024,2,52,10.0,1800000.0,6885
8041139,1,2,1,10,2024,2,21,10.0,1500000.0,6886
8041140,1,3,1,10,2024,1,17,5.0,,6889
8041141,1,1,1,10,2024,2,77,5.0,,6890
8041141,1,2,1,10,2024,1,48,10.0,1200000.0,6891
8041145,1,1,1,10,2024,2,28,10.0,1300000.0,6900
8041145,1,3,1,10,2024,1,61,3.0,250000.0,6902
8041145,1,4,1,10,2024,2,55,3.0,,6903
8041146,1,2,1,10,2024,2,36,1.0,,6905
8041148,1,1,1,10,2024,2,59,3.0,,6912
8041152,1,1,1,10,2024,1,80,10.0,,6917
8041153,1,1,1,10,2024,1,83,3.0,,6919
8041153,1,4,1,10,2024,1,18,10.0,,6922
8041154,1,1,1,10,2024,2,37,10.0,3900000.0,6923
8041155,1,1,1,10,2024,2,46,6.0,1300000.0,6925
8041155,1,2,1,10,2024,1,28,8.0,1300000.0,6926
8041157,1,1,1,10,2024,2,65,1.0,,6928
8041157,1,2,1,10,2024,2,52,3.0,240000.0,6929
8041158,1,2,1,10,2024,1,12,4.0,,6932
8041161,1,1,1,10,2024,1,23,8.0,1300000.0,6939
8041162,1,2,1,10,2024,2,18,5.0,280000.0,6943
8041162,1,3,1,10,2024,2,14,4.0,,6944
8041166,1,2,1,10,2024,2,60,8.0,,6950
8041166,1,4,1,10,2024,1,20,10.0,,6952
8041167,1,3,1,10,2024,1,21,5.0,,6955
8041168,1,1,1,10,2024,1,25,5.0,400000.0,6956
8041168,1,2,1,10,2024,2,66,3.0,,6957
8041168,1,3,1,10,2024,1,30,4.0,,6958
8041168,1,4,1,10,2024,2,29,4.0,600000.0,6959
8041168,1,5,1,10,2024,2,12,4.0,,6960
8041168,1,6,1,10,2024,1,7,3.0,,6961
8041170,1,4,1,10,2024,1,21,5.0,200000.0,6967
8041171,1,2,1,10,2024,2,34,5.0,,6969
8041172,1,1,1,10,2024,2,44,5.0,800000.0,6975
8041173,1,3,1,10,2024,2,1,,,6982
8041175,1,4,1,10,2024,1,29,5.0,,6986
8041176,1,3,1,10,2024,2,20,8.0,,6990
8041178,1,3,1,10,2024,2,17,5.0,,6995
8041179,1,1,1,10,2024,2,64,5.0,4000000.0,6997
8041179,1,2,1,10,2024,2,67,1.0,,6998
8041180,1,1,1,10,2024,2,44,5.0,1500000.0,6999
8041180,1,3,1,10,2024,2,21,10.0,,7001
8041181,1,4,1,10,2024,1,16,4.0,,7008
8041184,1,1,1,10,2024,1,55,3.0,650000.0,7018
8041185,1,1,1,10,2024,1,24,5.0,2100000.0,7020
8041185,1,2,1,10,2024,2,18,5.0,,7021
8041188,1,1,1,10,2024,1,49,3.0,1450000.0,7025
8041188,1,2,1,10,2024,2,44,6.0,300000.0,7026
8041190,1,1,1,10,2024,2,48,8.0,1300000.0,7029
8041190,1,2,1,10,2024,2,21,10.0,,7030
8041191,1,1,1,10,2024,2,80,3.0,,7031
8041193,1,2,1,10,2024,2,45,6.0,1500000.0,7036
8041194,1,3,1,10,2024,1,60,4.0,,7039
8041196,1,2,1,10,2024,1,23,10.0,,7043
8041196,1,4,1,10,2024,2,80,3.0,,7045
8041197,1,1,1,10,2024,2,60,5.0,600000.0,7046
8041197,1,2,1,10,2024,1,36,10.0,1450000.0,7047
8041198,1,3,1,10,2024,1,36,10.0,1300000.0,7050
8041200,1,4,1,10,2024,2,54,10.0,900000.0,7057
8041201,1,2,1,10,2024,2,31,10.0,2400000.0,7060
8041204,1,1,1,10,2024,1,57,9.0,1300000.0,7063
8041204,1,2,1,10,2024,2,33,5.0,1300000.0,7064
8041204,1,4,1,10,2024,1,22,10.0,,7066
8041208,1,2,1,10,2024,1,47,4.0,1200000.0,7075
8041209,1,1,1,10,2024,2,75,5.0,,7077
8041209,1,2,1,10,2024,1,41,5.0,,7078
8041212,1,1,1,10,2024,2,65,5.0,200000.0,7081
8041212,1,2,1,10,2024,2,89,3.0,,7082
8041214,1,1,1,10,2024,1,69,10.0,1100000.0,7090
8041217,1,1,1,10,2024,2,60,3.0,,7095
8041219,1,1,1,10,2024,2,72,5.0,250000.0,7097
8041221,1,2,1,10,2024,1,57,3.0,,7103
8041221,1,3,1,10,2024,1,13,4.0,,7104
8041222,1,1,1,10,2024,1,64,10.0,3000000.0,7106
8041222,1,4,1,10,2024,1,13,4.0,,7109
8041223,1,2,1,10,2024,2,30,5.0,450000.0,7111
8041228,1,1,1,10,2024,1,23,10.0,700000.0,7121
8041229,1,1,1,10,2024,2,33,5.0,450000.0,7122
8041229,1,4,1,10,2024,2,2,,,7125
8041232,1,1,1,10,2024,1,48,11.0,6000000.0,7132
8041233,1,1,1,10,2024,2,77,5.0,5000000.0,7135
8041234,1,1,1,10,2024,2,41,5.0,920000.0,7136
8041234,1,2,1,10,2024,1,41,5.0,2000000.0,7137
8041234,1,3,1,10,2024,1,12,4.0,,7138
8041236,1,1,1,10,2024,1,36,13.0,3500000.0,7140
8041238,1,1,1,10,2024,2,43,11.0,4500000.0,7145
8041240,1,1,1,10,2024,1,54,11.0,1500000.0,7150
8041243,1,1,1,10,2024,1,74,4.0,160000.0,7153
8041243,1,2,1,10,2024,2,61,1.0,740000.0,7154
8041243,1,3,1,10,2024,1,42,9.0,1756000.0,7155
8041245,1,1,1,10,2024,2,53,12.0,8800000.0,7157
8041247,1,1,1,10,2024,1,74,3.0,,7160
8041248,1,1,1,10,2024,2,81,4.0,,7162
8041250,1,2,1,10,2024,1,13,4.0,,7165
8041252,1,1,1,10,2024,1,40,3.0,430000.0,7168
8041252,1,2,1,10,2024,2,40,5.0,770000.0,7169
8041253,1,3,1,10,2024,2,12,4.0,,7173
8041254,1,1,1,10,2024,1,45,5.0,1700000.0,7174
8041254,1,2,1,10,2024,2,42,5.0,1300000.0,7175
8041256,1,1,1,10,2024,2,54,5.0,1480000.0,7180
8041257,1,1,1,10,2024,1,60,5.0,600000.0,7183
8041259,1,2,1,10,2024,1,16,5.0,,7188
8041260,1,2,1,10,2024,2,70,12.0,10000000.0,7190
8041261,1,1,1,10,2024,2,50,3.0,800000.0,7191
8041266,1,2,1,10,2024,2,53,5.0,,7200
8041266,1,4,1,10,2024,1,17,5.0,,7202
8041267,1,1,1,10,2024,2,38,5.0,,7203
8041267,1,2,1,10,2024,2,68,5.0,,7204
8041270,1,2,1,10,2024,1,33,5.0,1300000.0,7211
8041271,1,3,1,10,2024,1,7,3.0,,7214
8041272,1,3,1,10,2024,1,26,10.0,,7217
8041277,1,1,1,10,2024,2,27,5.0,1300000.0,7223
8041278,1,2,1,10,2024,2,63,5.0,,7225
8041278,1,3,1,10,2024,1,27,12.0,3000000.0,7226
8041280,1,3,1,10,2024,1,15,4.0,,7233
8041281,1,1,1,10,2024,1,37,10.0,8000000.0,7235
8041282,1,2,1,10,2024,2,69,5.0,,7238
8041282,1,5,1,10,2024,2,6,3.0,,7241
8041285,1,1,1,10,2024,2,48,10.0,2022400.0,7245
8041285,1,2,1,10,2024,1,46,12.0,1300000.0,7246
8041288,1,1,1,10,2024,1,82,10.0,,7250
8041292,1,1,1,10,2024,1,54,10.0,3200000.0,7260
8041292,1,3,1,10,2024,2,22,10.0,,7262
8041325,1,2,1,10,2024,2,5,2.0,,7270
8041335,1,1,1,10,2024,1,58,4.0,,7271
8041335,1,5,1,10,2024,2,14,4.0,,7275
8041336,1,2,1,10,2024,2,32,1.0,,7277
8041337,1,1,1,10,2024,2,28,5.0,800000.0,7278
8041338,1,1,1,10,2024,2,44,5.0,,7281
8041338,1,2,1,10,2024,1,46,5.0,1300000.0,7282
8041338,1,3,1,10,2024,2,22,8.0,1300000.0,7283
8041342,1,6,1,10,2024,2,5,1.0,,7300
8041344,1,1,1,10,2024,1,66,3.0,1200000.0,7302
8041344,1,7,1,10,2024,2,20,5.0,1000000.0,7308
8041345,1,2,1,10,2024,2,27,5.0,,7310
8041347,1,2,1,10,2024,2,70,10.0,,7317
8041348,1,2,1,10,2024,2,51,12.0,5600000.0,7319
8041350,1,2,1,10,2024,2,35,5.0,,7321
8041350,1,3,1,10,2024,1,17,5.0,,7322
8041350,1,5,1,10,2024,1,10,3.0,,7324
8041351,1,1,1,10,2024,1,53,5.0,2000000.0,7325
8041351,1,2,1,10,2024,2,40,5.0,300000.0,7326
8041353,1,2,1,10,2024,1,68,3.0,1200000.0,7332
8041353,1,3,1,10,2024,1,40,5.0,1300000.0,7333
8041354,1,6,1,10,2024,2,31,5.0,,7343
8041354,1,7,1,10,2024,2,12,4.0,,7344
8041354,1,8,1,10,2024,1,8,3.0,,7345
8041355,1,2,1,10,2024,2,40,10.0,,7347
8041357,1,2,1,10,2024,2,18,4.0,,7351
8041357,1,3,1,10,2024,1,0,,,7352
8041358,1,2,1,10,2024,2,19,6.0,,7354
8041359,1,1,1,10,2024,2,39,5.0,,7355
8041359,1,2,1,10,2024,1,22,5.0,,7356
8041362,1,2,1,10,2024,1,40,4.0,1300000.0,7359
8041364,1,2,1,10,2024,1,46,5.0,1000000.0,7363
8041364,1,3,1,10,2024,1,41,3.0,,7364
8041366,1,4,1,10,2024,1,4,1.0,,7372
8041366,1,5,1,10,2024,1,1,,,7373
8041367,1,4,1,10,2024,2,19,5.0,,7377
8041368,1,2,1,10,2024,1,16,4.0,,7381
8041368,1,3,1,10,2024,1,12,4.0,,7382
8041370,1,1,1,10,2024,2,37,5.0,,7384
8041370,1,4,1,10,2024,1,14,4.0,,7387
8041371,1,1,1,10,2024,1,41,5.0,1462000.0,7390
8041371,1,5,1,10,2024,1,18,4.0,1000000.0,7394
8041372,1,1,1,10,2024,2,31,5.0,,7396
8041372,1,2,1,10,2024,1,38,5.0,1300000.0,7397
8041373,1,3,1,10,2024,1,13,4.0,,7402
8041375,1,2,1,10,2024,2,61,3.0,,7407
8041376,1,4,1,10,2024,2,6,2.0,,7411
8041379,1,2,1,10,2024,2,18,10.0,,7421
8041387,1,1,1,10,2024,2,39,8.0,1500000.0,7432
8041387,1,2,1,10,2024,1,29,5.0,800000.0,7433
8041387,1,3,1,10,2024,2,6,2.0,,7434
8041388,1,1,1,10,2024,2,27,9.0,1462000.0,7435
8041388,1,2,1,10,2024,1,38,5.0,1200000.0,7436
8041389,1,1,1,10,2024,2,36,4.0,400000.0,7438
8041389,1,3,1,10,2024,1,14,4.0,,7440
8041392,1,2,1,10,2024,2,13,4.0,,7447
8041394,1,1,1,10,2024,2,39,4.0,340000.0,7449
8041394,1,3,1,10,2024,1,19,5.0,,7451
8041394,1,4,1,10,2024,1,15,6.0,,7452
8041394,1,5,1,10,2024,2,3,1.0,,7453
8041396,1,1,1,10,2024,2,77,3.0,,7454
8041396,1,3,1,10,2024,2,55,10.0,1300000.0,7456
8041398,1,5,1,10,2024,2,21,5.0,,7468
8041399,1,2,1,10,2024,2,65,3.0,,7471
8041401,1,2,1,10,2024,2,53,3.0,,7473
8041402,1,2,1,10,2024,2,70,3.0,,7475
8041402,1,6,1,10,2024,1,0,,,7479
8041403,1,1,1,10,2024,1,51,12.0,6000000.0,7480
8041403,1,3,1,10,2024,2,12,4.0,,7482
8041403,1,4,1,10,2024,1,9,3.0,,7483
8041403,1,5,1,10,2024,2,6,3.0,,7484
8041404,1,4,1,10,2024,1,16,5.0,,7489
8041404,1,6,1,10,2024,2,19,9.0,,7491
8041411,1,1,1,10,2024,1,62,3.0,1500000.0,7498
8041413,1,2,1,10,2024,2,48,4.0,1840000.0,7503
8041416,1,1,1,10,2024,1,30,5.0,1800000.0,7506
8041416,1,3,1,10,2024,1,29,5.0,1300000.0,7508
8041417,1,1,1,10,2024,2,54,5.0,,7509
8041422,1,3,1,10,2024,1,32,11.0,3000000.0,7516
8041422,1,7,1,10,2024,1,99,1.0,,7520
8041423,1,2,1,10,2024,2,32,5.0,,7522
8041423,1,5,1,10,2024,2,55,5.0,,7525
8041424,1,4,1,10,2024,2,16,5.0,,7529
8041428,1,4,1,10,2024,2,25,5.0,1000000.0,7540
8041434,1,2,1,10,2024,1,46,4.0,1250000.0,7556
8041434,1,4,1,10,2024,1,15,6.0,,7558
8041435,1,1,1,10,2024,2,55,10.0,,7559
8041436,1,3,1,10,2024,1,0,,,7562
8041438,1,1,1,10,2024,2,35,12.0,3100000.0,7564
8041439,1,2,1,10,2024,1,87,4.0,,7568
8041440,1,4,1,10,2024,2,10,4.0,,7572
8041441,1,1,1,10,2024,2,48,5.0,1300000.0,7573
8041442,1,2,1,10,2024,2,43,11.0,400000.0,7576
8041443,1,1,1,10,2024,2,53,5.0,2000000.0,7577
8041445,1,2,1,10,2024,2,68,1.0,,7581
8041450,1,6,1,10,2024,1,1,,,7590
8041451,1,2,1,10,2024,1,81,3.0,,7592
8041451,1,3,1,10,2024,2,71,3.0,,7593
8041453,1,2,1,10,2024,1,36,8.0,18000000.0,7595
8041454,1,1,1,10,2024,1,64,5.0,3000000.0,7599
8041459,1,1,1,10,2024,2,36,3.0,,7605
8041459,1,3,1,10,2024,2,24,8.0,1300000.0,7607
8041460,1,2,1,10,2024,1,59,5.0,1500000.0,7610
8041462,1,4,1,10,2024,2,29,8.0,1300000.0,7618
8041463,1,2,1,10,2024,2,39,5.0,,7621
8041465,1,1,1,10,2024,2,25,5.0,720000.0,7625
8041465,1,2,1,10,2024,1,27,5.0,1300000.0,7626
8041465,1,4,1,10,2024,1,30,5.0,1700000.0,7628
8041465,1,5,1,10,2024,2,67,3.0,,7629
8041466,1,1,1,10,2024,1,82,3.0,,7631
8041468,1,1,1,10,2024,2,46,4.0,600000.0,7634
8041468,1,2,1,10,2024,2,21,5.0,,7635
8041471,1,1,1,10,2024,1,37,10.0,200000.0,7641
8041471,1,2,1,10,2024,2,30,5.0,,7642
8041471,1,3,1,10,2024,1,10,3.0,,7643
8041472,1,1,1,10,2024,2,37,4.0,,7644
8041473,1,1,1,10,2024,2,51,3.0,1300000.0,7649
8041473,1,4,1,10,2024,1,21,5.0,1300000.0,7652
8041474,1,2,1,10,2024,1,30,5.0,800000.0,7654
8041476,1,1,1,10,2024,1,55,5.0,1000000.0,7658
8041479,1,1,1,10,2024,2,63,8.0,,7662
8041480,1,2,1,10,2024,2,48,8.0,,7664
8041482,1,4,1,10,2024,1,10,4.0,,7671
8041483,1,3,1,10,2024,2,21,5.0,200000.0,7674
8041484,1,2,1,10,2024,2,37,5.0,,7676
8041484,1,3,1,10,2024,1,16,4.0,1080000.0,7677
8041484,1,4,1,10,2024,2,7,3.0,,7678
8041485,1,4,1,10,2024,1,0,,,7682
8041486,1,1,1,10,2024,2,60,8.0,1300000.0,7683
8041488,1,1,1,10,2024,2,53,5.0,600000.0,7689
8041490,1,1,1,10,2024,2,54,3.0,400000.0,7693
8041491,1,3,1,10,2024,1,13,4.0,,7698
8041497,1,1,1,10,2024,1,33,5.0,1300000.0,7706
8041497,1,2,1,10,2024,2,24,5.0,,7707
8041500,1,4,1,10,2024,1,11,3.0,,7713
8041502,1,2,1,10,2024,2,36,5.0,150000.0,7716
8041505,1,1,1,10,2024,1,81,3.0,,7718
8041506,1,1,1,10,2024,2,69,3.0,,7720
8041506,1,2,1,10,2024,2,26,5.0,200000.0,7721
8041506,1,4,1,10,2024,2,20,8.0,,7723
8041506,1,6,1,10,2024,2,15,5.0,,7725
8041508,1,1,1,10,2024,1,72,4.0,,7727
8041510,1,2,1,10,2024,2,37,5.0,,7731
8041510,1,3,1,10,2024,2,15,5.0,,7732
8041510,1,5,1,10,2024,2,91,1.0,,7734
8041513,1,2,1,10,2024,2,44,5.0,450000.0,7739
8041513,1,3,1,10,2024,2,38,5.0,650000.0,7740
8041513,1,4,1,10,2024,1,18,10.0,,7741
8041516,1,2,1,10,2024,1,4,1.0,,7743
8041517,1,2,1,10,2024,1,29,5.0,,7746
8041518,1,1,1,10,2024,1,46,6.0,,7749
8041519,1,1,1,10,2024,1,44,10.0,2200000.0,7753
8041519,1,2,1,10,2024,2,44,8.0,2000000.0,7754
8041520,1,2,1,10,2024,2,77,3.0,,7757
8041521,1,2,1,10,2024,2,48,10.0,1800000.0,7759
8041521,1,4,1,10,2024,1,15,5.0,,7761
8041522,1,2,1,10,2024,2,8,3.0,,7763
8041523,1,1,1,10,2024,1,27,10.0,1300000.0,7764
8041524,1,1,1,10,2024,1,58,8.0,1800000.0,7765
8041525,1,2,1,10,2024,2,32,8.0,,7768
8041525,1,4,1,10,2024,2,5,2.0,,7770
8041526,1,1,1,10,2024,1,39,9.0,2700000.0,7771
8041527,1,3,1,10,2024,2,23,4.0,,7774
8041527,1,4,1,10,2024,2,6,1.0,,7775
8041528,1,1,1,10,2024,2,38,5.0,,7778
8041529,1,3,1,10,2024,1,16,5.0,,7783
8041531,1,6,1,10,2024,2,25,5.0,,7791
8041531,1,10,1,10,2024,1,6,1.0,,7795
8041532,1,1,1,10,2024,1,64,3.0,1200000.0,7796
8041541,1,3,1,10,2024,2,13,4.0,,7813
8041542,1,2,1,10,2024,2,29,3.0,,7815
8041548,1,1,1,10,2024,1,79,4.0,,7824
8041548,1,2,1,10,2024,2,75,3.0,,7825
8041550,1,2,1,10,2024,2,80,4.0,,7828
8041550,1,3,1,10,2024,2,45,5.0,,7829
8041555,1,2,1,10,2024,2,69,5.0,,7841
8041557,1,1,1,10,2024,1,29,9.0,1650000.0,7845
8041559,1,1,1,10,2024,1,76,3.0,,7847
8041561,1,1,1,10,2024,2,61,3.0,,7853
8041561,1,2,1,10,2024,2,33,5.0,400000.0,7854
8041563,1,1,1,10,2024,2,43,5.0,300000.0,7859
8041563,1,2,1,10,2024,1,28,5.0,1500000.0,7860
8041564,1,1,1,10,2024,1,50,5.0,1500000.0,7862
8041565,1,2,1,10,2024,2,74,5.0,,7864
8041567,1,1,1,10,2024,1,43,5.0,,7869
8041567,1,4,1,10,2024,1,19,5.0,,7872
8041567,1,5,1,10,2024,1,17,5.0,,7873
8041567,1,6,1,10,2024,2,16,4.0,,7874
8041568,1,2,1,10,2024,1,64,5.0,,7876
8041572,1,1,1,10,2024,2,27,5.0,1000000.0,7882
8041572,1,2,1,10,2024,1,33,5.0,1300000.0,7883
8041573,1,3,1,10,2024,1,5,2.0,,7886
8041576,1,2,1,10,2024,1,19,10.0,,7892
8041577,1,3,1,10,2024,2,22,10.0,,7895
8041578,1,2,1,10,2024,1,28,10.0,1800000.0,7897
8041579,1,1,1,10,2024,2,38,4.0,0.0,7898
8041579,1,6,1,10,2024,2,1,,,7903
8041580,1,1,1,10,2024,1,68,3.0,1300000.0,7904
8041580,1,2,1,10,2024,2,51,3.0,,7905
8041585,1,1,1,10,2024,1,49,5.0,1300000.0,7914
8041585,1,2,1,10,2024,2,47,5.0,1300000.0,7915
8041586,1,2,1,10,2024,1,45,5.0,2200000.0,7917
8041586,1,3,1,10,2024,2,16,5.0,,7918
8041587,1,1,1,10,2024,2,58,5.0,,7920
8041589,1,1,1,10,2024,2,48,5.0,1300000.0,7924
8041590,1,1,1,10,2024,1,79,3.0,,7925
8041590,1,2,1,10,2024,2,76,5.0,,7926
8041591,1,2,1,10,2024,2,66,5.0,,7929
8041593,1,1,1,10,2024,1,72,4.0,,7931
8041594,1,1,1,10,2024,2,33,5.0,1300000.0,7932
8041595,1,1,1,10,2024,1,40,12.0,6500000.0,7934
8041595,1,3,1,10,2024,1,14,4.0,,7936
8041599,1,2,1,10,2024,2,53,4.0,1000000.0,7946
8041604,1,1,1,10,2024,1,30,9.0,400000.0,7951
8041604,1,2,1,10,2024,2,32,9.0,600000.0,7952
8041604,1,3,1,10,2024,1,13,4.0,,7953
8041604,1,4,1,10,2024,1,9,3.0,,7954
8041607,1,1,1,10,2024,1,77,3.0,,7959
8041607,1,3,1,10,2024,1,33,4.0,,7961
8041610,1,1,1,10,2024,1,42,11.0,5200000.0,7964
8041610,1,3,1,10,2024,1,12,4.0,,7966
8041610,1,5,1,10,2024,2,1,,,7968
8041612,1,3,1,10,2024,1,36,12.0,,7971
8041613,1,1,1,10,2024,2,27,10.0,1550000.0,7972
8041616,1,1,1,10,2024,1,71,5.0,1300000.0,7976
8041617,1,2,1,10,2024,2,22,5.0,1300000.0,7979
8041619,1,2,1,10,2024,2,13,4.0,,7982
8041620,1,2,1,10,2024,2,21,8.0,1700000.0,7986
8041624,1,3,1,10,2024,1,27,10.0,1400000.0,7994
8041626,1,1,1,10,2024,2,33,12.0,5500000.0,7998
8041628,1,2,1,10,2024,2,40,8.0,,8005
8041628,1,4,1,10,2024,2,1,,,8007
8041631,1,4,1,10,2024,2,19,10.0,,8013
8041632,1,3,1,10,2024,2,94,3.0,,8019
8041633,1,1,1,10,2024,1,60,3.0,,8020
8041633,1,3,1,10,2024,1,29,3.0,1300000.0,8022
8041634,1,1,1,10,2024,2,75,4.0,,8024
8041634,1,4,1,10,2024,1,46,4.0,3500000.0,8027
8041635,1,1,1,10,2024,1,27,10.0,2300000.0,8028
8041636,1,1,1,10,2024,2,53,3.0,,8031
8041637,1,3,1,10,2024,2,9,3.0,,8036
8041641,1,2,1,10,2024,2,67,5.0,1000000.0,8041
8041642,1,1,1,10,2024,1,63,10.0,5500000.0,8044
8041643,1,2,1,10,2024,1,45,1.0,,8047
8041644,1,2,1,10,2024,1,70,3.0,,8049
8041645,1,3,1,10,2024,1,13,4.0,,8052
8041645,1,4,1,10,2024,1,4,1.0,,8053
8041646,1,3,1,10,2024,2,30,5.0,1300000.0,8056
8041648,1,4,1,10,2024,1,20,5.0,1680000.0,8064
8041648,1,5,1,10,2024,2,19,8.0,,8065
8041649,1,2,1,10,2024,2,50,12.0,5000000.0,8067
8041650,1,1,1,10,2024,2,36,8.0,1500000.0,8069
8041654,1,1,1,10,2024,1,61,8.0,,8073
8041655,1,1,1,10,2024,1,60,3.0,,8077
8041659,1,2,1,10,2024,1,39,9.0,1400000.0,8085
8041660,1,2,1,10,2024,2,42,4.0,,8089
8041660,1,3,1,10,2024,2,18,4.0,1000000.0,8090
8041661,1,2,1,10,2024,2,27,10.0,,8093
8041663,1,1,1,10,2024,1,31,8.0,8500000.0,8096
8041664,1,2,1,10,2024,2,39,4.0,,8099
8041664,1,4,1,10,2024,2,27,5.0,,8101
8041666,1,1,1,10,2024,1,47,10.0,3800000.0,8104
8041666,1,2,1,10,2024,2,48,10.0,3500000.0,8105
8041666,1,3,1,10,2024,1,16,5.0,,8106
8041667,1,1,1,10,2024,1,58,10.0,,8110
8041670,1,2,1,10,2024,2,82,5.0,,8116
8041676,1,2,1,10,2024,2,83,3.0,,8119
8041676,1,3,1,10,2024,1,65,5.0,,8120
8041679,1,1,1,10,2024,1,76,11.0,,8122
8041679,1,4,1,10,2024,1,18,10.0,,8125
8041681,1,1,1,10,2024,2,46,5.0,,8126
8041684,1,3,1,10,2024,2,6,3.0,,8133
8041686,1,5,1,10,2024,2,87,3.0,,8139
8041688,1,1,1,10,2024,2,20,4.0,,8141
8041691,1,1,1,10,2024,2,64,8.0,,8147
8041691,1,2,1,10,2024,1,35,5.0,,8148
8041695,1,2,1,10,2024,2,66,5.0,,8152
8041697,1,3,1,10,2024,2,78,3.0,,8156
8041698,1,3,1,10,2024,2,24,5.0,800000.0,8159
8041699,1,2,1,10,2024,2,43,11.0,5200000.0,8161
8041699,1,3,1,10,2024,2,11,4.0,,8162
8041700,1,2,1,10,2024,2,45,11.0,8000000.0,8165
8041700,1,4,1,10,2024,2,4,2.0,,8167
8041703,1,1,1,10,2024,2,85,4.0,,8169
8041704,1,3,1,10,2024,1,29,10.0,2000000.0,8172
8041706,1,1,1,10,2024,2,42,8.0,1300000.0,8174
8041706,1,2,1,10,2024,2,10,4.0,,8175
8041708,1,1,1,10,2024,2,63,3.0,,8176
8041708,1,2,1,10,2024,1,73,3.0,,8177
8041710,1,3,1,10,2024,1,6,3.0,,8180
8041713,1,1,1,10,2024,1,32,10.0,3400000.0,8184
8041713,1,3,1,10,2024,1,8,3.0,,8186
8041715,1,2,1,10,2024,2,66,3.0,,8188
8041717,1,3,1,10,2024,2,5,2.0,,8191
8041722,1,1,1,10,2024,1,29,10.0,3900000.0,8192
8041724,1,4,1,10,2024,1,8,3.0,,8197
8041724,1,5,1,10,2024,2,4,2.0,,8198
8041727,1,1,1,10,2024,1,47,5.0,2000000.0,8200
8041728,1,1,1,10,2024,1,30,10.0,1000000.0,8202
8041732,1,1,1,10,2024,1,51,5.0,22500000.0,8208
8041735,1,1,1,10,2024,2,61,5.0,,8214
8041739,1,1,1,10,2024,2,79,4.0,,8220
8041743,1,1,1,10,2024,1,80,10.0,,8226
8041745,1,1,1,10,2024,1,39,4.0,1400000.0,8228
8041745,1,3,1,10,2024,1,3,2.0,,8230
8041747,1,3,1,10,2024,1,16,4.0,,8235
8041748,1,2,1,10,2024,2,48,8.0,1462000.0,8237
8041749,1,1,1,10,2024,2,38,4.0,50000.0,8239
8041752,1,1,1,10,2024,2,52,5.0,1472000.0,8245
8041752,1,2,1,10,2024,1,24,8.0,1472000.0,8246
8041752,1,3,1,10,2024,2,30,9.0,1472000.0,8247
8041765,1,1,1,10,2024,2,71,3.0,,8259
8041773,1,1,1,10,2024,2,56,4.0,,8267
8041774,1,1,1,10,2024,2,51,5.0,,8270
8041776,1,1,1,10,2024,2,72,10.0,2600000.0,8271
8041776,1,2,1,10,2024,2,43,10.0,2000000.0,8272
8041778,1,1,1,10,2024,2,70,8.0,,8274
8041778,1,3,1,10,2024,1,29,10.0,,8276
8041780,1,1,1,10,2024,2,21,8.0,1450000.0,8278
8041781,1,1,1,10,2024,1,44,4.0,1300000.0,8282
8041781,1,3,1,10,2024,1,17,5.0,,8284
8041790,1,2,1,10,2024,2,57,5.0,,8290
8041790,1,3,1,10,2024,1,33,5.0,1700000.0,8291
8041792,1,4,1,10,2024,2,18,5.0,,8295
8041793,1,1,1,10,2024,1,42,4.0,3000000.0,8296
8041793,1,2,1,10,2024,2,40,5.0,3000000.0,8297
8041793,1,5,1,10,2024,1,71,1.0,,8300
8041796,1,1,1,10,2024,2,34,8.0,1400000.0,8302
8041796,1,4,1,10,2024,2,6,3.0,,8305
8041800,1,1,1,10,2024,1,62,3.0,1000000.0,8306
8041805,1,1,1,10,2024,2,42,4.0,,8307
8041805,1,2,1,10,2024,1,22,6.0,1300000.0,8308
8041805,1,4,1,10,2024,2,24,6.0,,8310
8041805,1,5,1,10,2024,2,7,3.0,,8311
8041806,1,1,1,10,2024,1,44,8.0,1300000.0,8313
8041806,1,3,1,10,2024,2,12,4.0,,8315
8041807,1,2,1,10,2024,2,20,6.0,1300000.0,8317
8041811,1,1,1,10,2024,1,63,4.0,,8320
8041811,1,3,1,10,2024,2,28,10.0,1300000.0,8322
8041812,1,1,1,10,2024,2,62,4.0,,8324
8041813,1,1,1,10,2024,2,59,3.0,150000.0,8326
8041817,1,1,1,10,2024,1,60,6.0,1300000.0,8328
8041817,1,3,1,10,2024,1,86,3.0,,8330
8041819,1,2,1,10,2024,1,61,1.0,200000.0,8335
8041821,1,1,1,10,2024,1,48,6.0,,8338
8041821,1,3,1,10,2024,1,17,6.0,,8340
8041821,1,4,1,10,2024,1,16,6.0,,8341
8041824,1,2,1,10,2024,2,46,8.0,1500000.0,8349
8041829,1,1,1,10,2024,1,64,1.0,,8353
8041831,1,3,1,10,2024,1,15,4.0,,8358
8041832,1,2,1,10,2024,1,24,6.0,1300000.0,8360
8041833,1,1,1,10,2024,2,22,6.0,450000.0,8362
8041833,1,4,1,10,2024,2,54,3.0,,8365
8041833,1,5,1,10,2024,2,11,1.0,,8366
8041834,1,2,1,10,2024,2,60,3.0,,8368
8041835,1,1,1,10,2024,2,31,9.0,,8369
8041836,1,2,1,10,2024,2,6,3.0,,8373
8041841,1,1,1,10,2024,1,53,10.0,2000000.0,8388
8041843,1,3,1,10,2024,2,55,9.0,,8392
8041843,1,5,1,10,2024,1,37,11.0,4000000.0,8394
8041843,1,6,1,10,2024,2,39,10.0,,8395
8041843,1,8,1,10,2024,2,12,4.0,,8397
8041844,1,1,1,10,2024,1,57,8.0,,8398
8041844,1,2,1,10,2024,2,58,8.0,1300000.0,8399
8041845,1,1,1,10,2024,1,43,9.0,5450000.0,8400
8041845,1,2,1,10,2024,2,41,10.0,,8401
8041845,1,3,1,10,2024,1,13,4.0,,8402
8041845,1,4,1,10,2024,1,10,3.0,,8403
8041846,1,1,1,10,2024,2,54,9.0,500000.0,8405
8041846,1,2,1,10,2024,1,56,6.0,1300000.0,8406
8041846,1,3,1,10,2024,1,24,10.0,,8407
8041848,1,2,1,10,2024,2,69,5.0,,8411
8041849,1,1,1,10,2024,1,50,12.0,4000000.0,8412
8041849,1,2,1,10,2024,2,40,9.0,3700000.0,8413
8041850,1,1,1,10,2024,2,62,3.0,,8415
8041850,2,2,2,10,2024,1,46,3.0,1200000.0,8417
8041850,3,3,3,10,2024,1,20,5.0,1300000.0,8421
8041850,3,5,3,10,2024,1,8,3.0,,8423
8041851,1,3,1,10,2024,1,1,,,8427
8041853,1,1,1,10,2024,1,44,5.0,1680000.0,8433
8041856,1,1,1,10,2024,2,72,3.0,500000.0,8441
8041858,1,2,1,10,2024,2,31,10.0,,8452
8041861,1,2,1,10,2024,2,33,10.0,4000000.0,8458
8041862,1,1,1,10,2024,2,37,3.0,,8460
8041865,1,1,1,10,2024,1,31,9.0,2300000.0,8468
8041865,1,2,1,10,2024,1,8,3.0,,8469
8041866,1,2,1,10,2024,2,27,10.0,4000000.0,8471
8041867,1,1,1,10,2024,2,63,3.0,500000.0,8473
8041867,1,4,1,10,2024,2,71,4.0,,8476
8041868,1,2,1,10,2024,2,96,3.0,,8478
8041869,1,1,1,10,2024,2,85,3.0,,8479
8041870,1,2,1,10,2024,2,72,5.0,,8482
8041871,1,4,1,10,2024,1,72,10.0,,8487
8041872,1,1,1,10,2024,1,46,11.0,6500000.0,8488
8041872,1,2,1,10,2024,2,45,11.0,5664000.0,8489
8041875,1,4,1,10,2024,1,12,4.0,,8499
8041876,1,1,1,10,2024,2,42,12.0,5000000.0,8500
8041877,1,1,1,10,2024,2,68,3.0,,8501
8041878,1,1,1,10,2024,2,55,4.0,550000.0,8503
8041878,1,3,1,10,2024,1,40,10.0,3700000.0,8505
8041881,1,2,1,10,2024,2,65,5.0,,8511
8041883,1,2,1,10,2024,2,55,3.0,,8514
8041886,1,1,1,10,2024,2,44,12.0,,8520
8041886,1,2,1,10,2024,1,33,5.0,,8521
8041887,1,1,1,10,2024,2,79,1.0,,8522
8041888,1,1,1,10,2024,2,79,10.0,,8524
8041893,1,1,1,10,2024,1,43,4.0,2000000.0,8535
8041893,1,2,1,10,2024,2,37,6.0,,8536
8041894,1,1,1,10,2024,2,31,10.0,2000000.0,8538
8041894,1,4,1,10,2024,1,3,2.0,,8541
8041895,1,2,1,10,2024,1,42,10.0,1500000.0,8543
8041896,1,3,1,10,2024,1,23,9.0,1800000.0,8546
8041897,1,4,1,10,2024,2,30,5.0,,8550
8041900,1,2,1,10,2024,1,18,4.0,,8556
8041902,1,1,1,10,2024,1,64,3.0,1300000.0,8558
8041903,1,1,1,10,2024,1,45,10.0,5106000.0,8560
8041904,1,4,1,10,2024,2,18,9.0,,8565
8041904,1,5,1,10,2024,2,25,5.0,1000000.0,8566
8041905,1,1,1,10,2024,1,22,9.0,1300000.0,8568
8041906,1,1,1,10,2024,1,42,9.0,1920313.0,8569
8041906,1,2,1,10,2024,2,51,10.0,2500000.0,8570
8041907,1,2,1,10,2024,2,28,5.0,1500000.0,8572
8041908,1,1,1,10,2024,2,31,10.0,3000000.0,8573
8041908,1,2,1,10,2024,1,41,8.0,3000000.0,8574
8041909,1,3,1,10,2024,2,7,3.0,,8577
8041911,1,1,1,10,2024,1,53,5.0,,8580
8041911,1,3,1,10,2024,1,20,9.0,1300000.0,8582
8041911,1,5,1,10,2024,2,70,3.0,,8584
8041912,1,3,1,10,2024,1,26,5.0,1300000.0,8587
8041913,1,1,1,10,2024,2,39,5.0,1200000.0,8589
8041913,1,2,1,10,2024,1,13,4.0,,8590
8041913,1,3,1,10,2024,2,3,2.0,,8591
8041914,1,3,1,10,2024,1,16,4.0,480000.0,8594
8041917,1,1,1,10,2024,1,68,12.0,1000000.0,8600
8041917,1,2,1,10,2024,2,58,10.0,,8601
8041919,1,1,1,10,2024,2,61,3.0,,8605
8041920,1,2,1,10,2024,1,42,5.0,1300000.0,8610
8041922,1,2,1,10,2024,1,28,4.0,1300000.0,8616
8041923,1,3,1,10,2024,1,50,3.0,,8624
8041924,1,3,1,10,2024,1,40,3.0,1000000.0,8627
8041926,1,1,1,10,2024,1,64,1.0,,8630
8041927,1,2,1,10,2024,2,25,4.0,1000000.0,8632
8041928,1,1,1,10,2024,2,75,3.0,,8633
8041933,1,1,1,10,2024,1,28,5.0,1000000.0,8647
8041935,1,2,1,10,2024,2,42,3.0,,8653
8041935,1,3,1,10,2024,1,18,10.0,,8654
8041935,1,4,1,10,2024,1,13,4.0,,8655
8041936,1,2,1,10,2024,2,32,9.0,4000000.0,8658
8041936,1,3,1,10,2024,1,14,4.0,,8659
8041937,1,1,1,10,2024,1,46,13.0,12700000.0,8660
8041938,1,1,1,10,2024,2,18,5.0,800000.0,8661
8041939,1,3,1,10,2024,1,6,3.0,,8664
8041939,1,4,1,10,2024,1,3,1.0,,8665
8041940,1,4,1,10,2024,1,2,,,8669
8041941,1,2,1,10,2024,1,27,5.0,1300000.0,8672
8041943,1,2,1,10,2024,1,24,4.0,1300000.0,8676
8041945,1,1,1,10,2024,2,59,9.0,,8679
8041947,1,3,1,10,2024,2,32,10.0,,8686
8041948,1,3,1,10,2024,2,53,3.0,,8689
8041949,1,2,1,10,2024,2,45,9.0,350000.0,8694
8041949,1,3,1,10,2024,2,8,3.0,,8695
8041950,1,4,1,10,2024,1,22,5.0,2200000.0,8699
8041950,1,5,1,10,2024,2,72,3.0,,8700
8041951,1,2,1,10,2024,2,57,3.0,,8702
8041951,1,3,1,10,2024,1,38,5.0,800000.0,8703
8041951,1,4,1,10,2024,1,30,5.0,800000.0,8704
8041954,1,3,1,10,2024,2,21,8.0,,8712
8041954,1,5,1,10,2024,1,17,10.0,,8714
8041955,1,1,1,10,2024,2,58,3.0,,8717
8041956,1,3,1,10,2024,1,40,3.0,1300000.0,8721
8041957,1,3,1,10,2024,1,24,5.0,1300000.0,8724
8041958,1,1,1,10,2024,1,79,1.0,,8725
8041959,1,3,1,10,2024,2,71,1.0,,8730
8041960,1,1,1,10,2024,2,29,10.0,3000000.0,8733
8041960,1,3,1,10,2024,2,82,5.0,,8735
8041961,1,3,1,10,2024,1,39,5.0,1500000.0,8738
8041962,1,5,1,10,2024,1,18,10.0,,8743
8041963,1,2,1,10,2024,1,15,4.0,75000.0,8745
8041964,1,4,1,10,2024,2,75,3.0,,8750
8041965,1,1,1,10,2024,2,64,10.0,,8751
8041966,1,1,1,10,2024,2,24,5.0,,8754
8041966,1,2,1,10,2024,2,3,1.0,,8755
8041968,1,1,1,10,2024,2,44,3.0,1780000.0,8758
8041968,1,2,1,10,2024,1,42,5.0,1300000.0,8759
8041968,1,3,1,10,2024,1,22,10.0,,8760
8041971,1,1,1,10,2024,2,50,10.0,,8766
8041973,1,1,1,10,2024,1,70,10.0,2000000.0,8770
8041973,1,2,1,10,2024,2,71,10.0,,8771
8041973,1,4,1,10,2024,1,31,5.0,,8773
8041978,1,2,1,10,2024,2,74,3.0,,8782
8041981,1,2,1,10,2024,2,81,6.0,,8788
8041982,1,1,1,10,2024,2,39,11.0,,8789
8041983,1,2,1,10,2024,2,62,12.0,,8794
8041985,1,1,1,10,2024,1,34,10.0,2000000.0,8798
8041987,1,1,1,10,2024,2,78,5.0,,8802
8041989,1,2,1,10,2024,1,55,3.0,,8806
8041989,1,3,1,10,2024,2,28,5.0,1300000.0,8807
8041991,1,2,1,10,2024,2,48,3.0,,8812
8041992,1,3,1,10,2024,2,14,5.0,,8819
8041993,1,1,1,10,2024,1,72,5.0,,8820
8041993,1,2,1,10,2024,2,66,5.0,240000.0,8821
8041993,1,3,1,10,2024,1,36,5.0,1300000.0,8822
8041996,1,1,1,10,2024,1,67,4.0,1300000.0,8827
8041997,1,2,1,10,2024,2,36,9.0,800000.0,8831
8041998,1,2,1,10,2024,2,49,4.0,200000.0,8835
8042000,1,1,1,10,2024,2,49,11.0,4000000.0,8839
8042001,1,2,1,10,2024,2,66,10.0,,8841
8042002,1,2,1,10,2024,2,84,1.0,,8843
8042005,1,3,1,10,2024,2,72,3.0,,8851
8042007,1,2,1,10,2024,2,69,3.0,,8855
8042008,1,1,1,10,2024,2,63,3.0,1000000.0,8856
8042008,1,2,1,10,2024,1,20,9.0,,8857
8042009,1,3,1,10,2024,2,26,5.0,1300000.0,8860
8042010,1,1,1,10,2024,1,34,10.0,1000000.0,8861
8042010,1,3,1,10,2024,1,4,1.0,,8863
8042011,1,2,1,10,2024,2,29,9.0,200000.0,8865
8042011,1,3,1,10,2024,2,3,1.0,,8866
8042011,1,4,1,10,2024,2,28,6.0,1300000.0,8867
8042011,1,5,1,10,2024,1,6,2.0,,8868
8042012,1,1,1,10,2024,1,74,10.0,,8869
8042013,1,3,1,10,2024,1,4,1.0,,8873
8042013,2,1,2,10,2024,2,24,5.0,,8876
8042019,1,1,1,10,2024,1,62,3.0,,8892
8042020,1,1,1,10,2024,1,56,3.0,1300000.0,8894
8042023,1,1,1,10,2024,2,20,4.0,,8901
8042023,1,2,1,10,2024,1,28,5.0,1300000.0,8902
8042025,1,1,1,10,2024,1,56,3.0,1300000.0,8906
8042027,1,2,1,10,2024,1,50,10.0,3600000.0,8914
8042028,1,1,1,10,2024,1,43,4.0,1300000.0,8916
8042029,1,2,1,10,2024,2,28,10.0,1500000.0,8920
8042029,1,3,1,10,2024,2,20,10.0,,8921
8042030,1,2,1,10,2024,2,78,3.0,,8923
8042031,1,2,1,10,2024,2,32,9.0,1300000.0,8925
8042031,1,3,1,10,2024,2,3,1.0,,8926
8042064,1,2,1,10,2024,2,4,1.0,,8930
8042065,1,3,1,10,2024,2,76,3.0,,8933
8042066,1,4,1,10,2024,2,20,5.0,1300000.0,8937
8042068,1,3,1,10,2024,1,19,10.0,0.0,8944
8042068,1,4,1,10,2024,2,52,5.0,860000.0,8945
8042068,1,5,1,10,2024,1,13,4.0,,8946
8042069,1,2,1,10,2024,2,55,5.0,,8949
8042069,1,4,1,10,2024,2,22,10.0,,8951
8042070,1,1,1,10,2024,2,32,5.0,100000.0,8952
8042072,1,2,1,10,2024,2,34,10.0,,8963
8042072,1,4,1,10,2024,1,0,,,8965
8042074,1,1,1,10,2024,1,68,3.0,80000.0,8967
8042074,1,2,1,10,2024,2,62,5.0,80000.0,8968
8042077,1,1,1,10,2024,1,51,5.0,1300000.0,8974
8042077,1,2,1,10,2024,2,47,4.0,,8975
8042077,1,3,1,10,2024,2,24,8.0,1300000.0,8976
8042080,1,1,1,10,2024,2,52,4.0,50000.0,8979
8042081,1,1,1,10,2024,1,27,5.0,700000.0,8983
8042083,1,2,1,10,2024,1,50,3.0,900000.0,8985
8042084,1,3,1,10,2024,2,74,1.0,,8988
8042088,1,1,1,10,2024,2,42,5.0,,8996
8042088,1,2,1,10,2024,2,15,4.0,,8997
8042091,1,1,1,10,2024,2,34,8.0,300000.0,9005
8042093,1,1,1,10,2024,2,46,3.0,812000.0,9009
8042093,1,3,1,10,2024,1,28,8.0,400000.0,9011
8042094,1,3,1,10,2024,2,29,5.0,1300000.0,9015
8042095,1,1,1,10,2024,2,26,5.0,140000.0,9016
8042099,1,2,1,10,2024,2,24,5.0,,9024
8042100,1,2,1,10,2024,1,72,5.0,,9028
8042102,1,3,1,10,2024,1,40,3.0,1500000.0,9032
8042103,1,1,1,10,2024,2,77,1.0,55000.0,9033
8042103,1,4,1,10,2024,2,6,3.0,,9036
8042105,1,1,1,10,2024,1,41,5.0,100000.0,9040
8042105,1,3,1,10,2024,2,13,4.0,,9042
8042106,1,4,1,10,2024,1,14,4.0,,9047
8042107,1,1,1,10,2024,1,60,10.0,3000000.0,9048
8042107,1,3,1,10,2024,1,21,10.0,,9050
8042108,1,1,1,10,2024,1,35,5.0,900000.0,9052
8042109,1,3,1,10,2024,1,15,4.0,,9056
8042112,1,5,1,10,2024,2,1,,,9063
8042113,1,2,1,10,2024,2,11,4.0,,9065
8042114,1,1,1,10,2024,1,59,3.0,300000.0,9066
8042114,1,2,1,10,2024,2,55,3.0,,9067
8042115,1,1,1,10,2024,1,51,3.0,1200000.0,9068
8042115,1,2,1,10,2024,2,19,5.0,,9069
8042118,1,1,1,10,2024,1,35,1.0,1000000.0,9071
8042118,1,2,1,10,2024,1,16,3.0,,9072
8042118,1,3,1,10,2024,2,12,3.0,,9073
8042120,1,3,1,10,2024,2,29,5.0,1300000.0,9077
8042120,1,5,1,10,2024,1,18,5.0,,9079
8042121,1,1,1,10,2024,2,22,5.0,,9081
8042121,1,4,1,10,2024,2,0,,,9084
8042122,1,2,1,10,2024,1,52,3.0,,9086
8042122,1,3,1,10,2024,1,24,5.0,,9087
8042122,1,4,1,10,2024,1,22,5.0,600000.0,9088
8042123,1,1,1,10,2024,2,49,4.0,,9089
8042123,1,3,1,10,2024,2,16,5.0,,9091
8042123,1,4,1,10,2024,2,14,4.0,,9092
8042123,1,5,1,10,2024,1,11,4.0,,9093
8042123,1,6,1,10,2024,2,27,5.0,450000.0,9094
8042123,1,9,1,10,2024,1,7,3.0,,9097
8042123,1,12,1,10,2024,1,1,,,9100
8042123,1,14,1,10,2024,2,2,,,9102
8042124,1,4,1,10,2024,2,24,10.0,,9106
8042125,1,3,1,10,2024,2,14,4.0,,9109
8042126,1,1,1,10,2024,2,69,3.0,,9110
8042126,1,3,1,10,2024,2,28,8.0,,9112
8042126,1,4,1,10,2024,1,5,3.0,,9113
8042126,1,5,1,10,2024,1,0,,,9114
8042126,1,8,1,10,2024,1,14,5.0,,9117
8042128,1,1,1,10,2024,1,54,3.0,700000.0,9119
8042129,1,3,1,10,2024,2,29,3.0,,9124
8042131,1,2,1,10,2024,1,41,4.0,800000.0,9132
8042132,1,3,1,10,2024,1,15,4.0,,9135
8042133,1,2,1,10,2024,2,60,5.0,300000.0,9137
8042135,1,3,1,10,2024,1,3,1.0,,9142
8042136,1,4,1,10,2024,1,11,4.0,,9146
8042137,1,1,1,10,2024,2,62,5.0,,9148
8042142,1,3,1,10,2024,1,33,4.0,1800000.0,9155
8042143,1,1,1,10,2024,2,60,5.0,340000.0,9156
8042144,1,1,1,10,2024,1,61,5.0,1400000.0,9157
8042144,1,2,1,10,2024,2,59,5.0,,9158
8042145,1,1,1,10,2024,1,52,5.0,,9159
8042147,1,1,1,10,2024,1,50,3.0,1300000.0,9164
8042147,1,2,1,10,2024,2,53,9.0,1300000.0,9165
8042148,1,1,1,10,2024,2,42,5.0,500000.0,9166
8042148,1,2,1,10,2024,1,38,3.0,,9167
8042148,1,3,1,10,2024,2,19,5.0,,9168
8042149,1,1,1,10,2024,2,69,5.0,,9169
8042150,1,1,1,10,2024,2,44,5.0,,9170
8042150,1,3,1,10,2024,1,21,5.0,,9172
8042153,1,1,1,10,2024,2,38,3.0,,9182
8042153,1,4,1,10,2024,2,2,,,9185
8042153,1,5,1,10,2024,1,19,4.0,500000.0,9186
8042153,1,8,1,10,2024,2,4,2.0,,9189
8042154,1,2,1,10,2024,1,7,3.0,,9191
8042155,1,3,1,10,2024,2,52,5.0,1000000.0,9195
8042156,1,1,1,10,2024,1,52,1.0,1800000.0,9197
8042156,1,2,1,10,2024,2,30,4.0,750000.0,9198
8042156,1,3,1,10,2024,2,82,1.0,,9199
8042157,1,1,1,10,2024,2,73,3.0,,9200
8042163,1,1,1,10,2024,1,36,4.0,,9211
8042168,1,1,1,10,2024,1,44,8.0,2800000.0,9218
8042168,1,3,1,10,2024,1,10,3.0,,9220
8042168,1,4,1,10,2024,2,7,3.0,,9221
8042169,1,3,1,10,2024,1,23,8.0,500000.0,9224
8042169,1,7,1,10,2024,2,7,3.0,,9228
8042172,1,3,1,10,2024,1,10,3.0,,9236
8042172,1,4,1,10,2024,1,6,3.0,,9237
8042173,1,1,1,10,2024,1,51,8.0,1300000.0,9238
8042176,1,2,1,10,2024,1,25,10.0,,9241
8042177,1,2,1,10,2024,2,48,8.0,1300000.0,9243
8042179,1,1,1,10,2024,1,48,4.0,,9248
8042180,1,1,1,10,2024,2,84,4.0,,9252
8042183,1,1,1,10,2024,2,53,5.0,480000.0,9258
8042183,1,2,1,10,2024,1,26,10.0,2000000.0,9259
8042183,1,4,1,10,2024,1,26,10.0,1500000.0,9261
8042184,1,1,1,10,2024,1,33,5.0,2000000.0,9262
8042185,1,1,1,10,2024,2,28,8.0,1358000.0,9263
8042185,1,3,1,10,2024,1,10,3.0,,9265
8042185,1,5,1,10,2024,1,1,,,9267
8042185,1,8,1,10,2024,2,3,2.0,,9270
8042187,1,4,1,10,2024,1,0,,,9276
8042187,1,5,1,10,2024,2,20,5.0,100000.0,9277
8042191,1,1,1,10,2024,2,48,3.0,860000.0,9286
8042191,1,2,1,10,2024,1,48,3.0,900000.0,9287
8042191,1,6,1,10,2024,2,12,4.0,,9291
8042192,1,1,1,10,2024,2,29,10.0,,9292
8042192,1,4,1,10,2024,1,16,4.0,,9295
8042194,1,1,1,10,2024,2,61,3.0,,9296
8042194,1,2,1,10,2024,1,44,5.0,320000.0,9297
8042194,1,3,1,10,2024,2,11,3.0,,9298
8042195,1,1,1,10,2024,1,58,8.0,1800000.0,9299
8042204,1,1,1,10,2024,1,67,3.0,400000.0,9314
8042204,1,5,1,10,2024,2,2,,,9318
8042205,1,4,1,10,2024,2,2,,,9322
8042206,1,1,1,10,2024,2,44,10.0,2000000.0,9323
8042209,1,2,1,10,2024,1,43,11.0,4000000.0,9327
8042209,1,3,1,10,2024,2,19,10.0,,9328
8042211,1,1,1,10,2024,1,65,11.0,46000000.0,9331
8042211,1,2,1,10,2024,2,62,5.0,330000.0,9332
8042211,1,3,1,10,2024,1,37,10.0,2000000.0,9333
8042212,1,1,1,10,2024,1,81,8.0,,9334
8042212,1,2,1,10,2024,2,78,8.0,350000.0,9335
8042217,1,2,1,10,2024,1,39,10.0,1500000.0,9338
8042217,1,4,1,10,2024,1,5,2.0,,9340
8042219,1,4,1,10,2024,1,27,10.0,1462000.0,9345
8042220,1,4,1,10,2024,1,7,3.0,,9350
8042221,1,1,1,10,2024,2,73,4.0,,9351
8042222,1,1,1,10,2024,1,54,10.0,4000000.0,9353
8042222,1,2,1,10,2024,2,50,10.0,4000000.0,9354
8042223,1,1,1,10,2024,1,63,11.0,6500000.0,9357
8042223,1,2,1,10,2024,2,58,10.0,,9358
8042225,1,1,1,10,2024,1,41,10.0,5000000.0,9364
8042229,1,1,1,10,2024,1,44,8.0,1450000.0,9372
8042229,1,2,1,10,2024,2,29,10.0,800000.0,9373
8042229,1,3,1,10,2024,2,12,4.0,,9374
8042230,1,1,1,10,2024,2,45,11.0,8536104.0,9376
8042232,1,2,1,10,2024,2,54,10.0,,9383
8042233,1,1,1,10,2024,1,48,10.0,1300000.0,9386
8042233,1,2,1,10,2024,2,44,10.0,,9387
8042233,1,3,1,10,2024,2,16,10.0,,9388
8042237,1,1,1,10,2024,2,80,3.0,,9393
8042239,1,2,1,10,2024,2,59,9.0,350000.0,9399
8042242,1,1,1,10,2024,1,57,5.0,1500000.0,9403
8042244,1,1,1,10,2024,2,38,5.0,,9406
8042246,1,1,1,10,2024,1,44,10.0,3100000.0,9412
8042246,1,4,1,10,2024,1,5,3.0,,9415
8042247,1,2,1,10,2024,2,29,9.0,1700000.0,9417
8042248,1,2,1,10,2024,2,45,5.0,600000.0,9419
8042248,1,5,1,10,2024,2,5,2.0,,9422
8042250,1,2,1,10,2024,1,3,1.0,,9426
8042253,1,3,1,10,2024,1,21,10.0,,9432
8042254,1,1,1,10,2024,2,71,8.0,,9433
8042255,1,3,1,10,2024,1,49,5.0,1500000.0,9436
8042257,1,1,1,10,2024,1,93,5.0,,9440
8042260,1,1,1,10,2024,1,58,4.0,,9445
8042260,1,3,1,10,2024,1,22,10.0,,9447
8042263,1,1,1,10,2024,2,75,1.0,,9453
8042265,1,1,1,10,2024,1,60,9.0,2300000.0,9455
8042268,1,1,1,10,2024,2,74,5.0,,9458
8042271,1,1,1,10,2024,1,36,5.0,,9464
8042278,1,3,1,10,2024,1,7,3.0,,9471
8042279,1,1,1,10,2024,2,101,3.0,,9472
8042282,1,1,1,10,2024,1,85,10.0,,9479
8042282,1,2,1,10,2024,2,76,5.0,,9480
8042283,1,2,1,10,2024,2,58,8.0,2000000.0,9482
8042286,1,1,1,10,2024,2,73,10.0,,9488
8042287,1,1,1,10,2024,2,77,10.0,,9490
8042288,1,1,1,10,2024,1,64,10.0,,9492
8042289,1,1,1,10,2024,1,33,5.0,2500000.0,9493
8042290,1,2,1,10,2024,2,37,10.0,,9496
8042290,1,3,1,10,2024,2,9,3.0,,9497
8042291,1,3,1,10,2024,2,33,10.0,1200000.0,9501
8042298,1,2,1,10,2024,1,12,4.0,,9509
8042300,1,1,1,10,2024,2,73,1.0,,9511
8042302,1,1,1,10,2024,2,68,4.0,,9515
8042303,1,1,1,10,2024,2,35,5.0,,9517
8042304,1,1,1,10,2024,2,62,3.0,,9519
8042305,1,1,1,10,2024,2,37,5.0,1500000.0,9520
8042307,1,2,1,10,2024,1,11,3.0,,9523
8042309,1,2,1,10,2024,2,2,,,9528
8042310,1,3,1,10,2024,1,72,8.0,300000.0,9532
8042311,1,1,1,10,2024,2,32,10.0,,9533
8042312,1,2,1,10,2024,2,54,5.0,,9536
8042312,1,3,1,10,2024,1,17,5.0,,9537
8042313,1,1,1,10,2024,1,80,3.0,,9539
8042318,1,2,1,10,2024,1,55,3.0,500000.0,9548
8042320,1,1,1,10,2024,2,67,5.0,,9554
8042322,1,2,1,10,2024,1,19,10.0,300000.0,9562
8042323,1,1,1,10,2024,2,41,5.0,900000.0,9564
8042323,1,2,1,10,2024,2,17,1.0,,9565
8042324,1,1,1,10,2024,1,22,5.0,1300000.0,9566
8042324,1,2,1,10,2024,2,27,5.0,,9567
8042325,1,1,1,10,2024,2,23,8.0,,9568
8042326,1,1,1,10,2024,1,34,5.0,4000000.0,9569
8042328,1,2,1,10,2024,1,23,8.0,,9574
8042329,1,2,1,10,2024,1,50,3.0,,9576
8042333,1,1,1,10,2024,2,65,3.0,,9581
8042333,1,2,1,10,2024,1,65,3.0,800000.0,9582
8042335,1,1,1,10,2024,2,25,11.0,,9587
8042339,1,1,1,10,2024,2,52,10.0,,9591
8042339,1,2,1,10,2024,1,26,10.0,400000.0,9592
8042341,1,2,1,10,2024,1,14,4.0,,9596
8042343,1,3,1,10,2024,2,10,3.0,,9599
8042343,1,4,1,10,2024,2,3,1.0,,9600
8042344,1,3,1,10,2024,2,8,3.0,,9603
8042347,1,1,1,10,2024,1,35,5.0,,9609
8042349,1,1,1,10,2024,1,40,8.0,1300000.0,9614
8042350,1,2,1,10,2024,2,4,1.0,,9619
8042351,1,1,1,10,2024,2,42,5.0,,9620
8042351,1,3,1,10,2024,1,16,4.0,,9622
8042351,1,4,1,10,2024,2,66,3.0,,9623
8042353,1,1,1,10,2024,2,68,4.0,,9627
8042353,1,2,1,10,2024,1,73,3.0,,9628
8042354,1,1,1,10,2024,1,76,10.0,,9629
8042355,1,1,1,10,2024,2,57,6.0,250000.0,9630
8042355,1,2,1,10,2024,1,64,10.0,6365930.0,9631
8042356,1,3,1,10,2024,2,8,3.0,,9634
8042357,1,1,1,10,2024,2,71,3.0,,9636
8042359,1,1,1,10,2024,2,59,11.0,8735104.0,9640
8042360,1,2,1,10,2024,1,17,10.0,,9642
8042361,1,1,1,10,2024,1,69,11.0,,9643
8042363,1,2,1,10,2024,2,67,9.0,,9647
8042369,1,2,1,10,2024,2,71,8.0,,9653
8042370,1,2,1,10,2024,2,52,11.0,8700000.0,9655
8042372,1,1,1,10,2024,1,42,12.0,4438000.0,9658
8042373,1,2,1,10,2024,2,49,10.0,1800000.0,9660
8042373,1,3,1,10,2024,1,27,10.0,2500000.0,9661
8042379,1,2,1,10,2024,2,53,5.0,,9674
8042380,1,2,1,10,2024,2,71,5.0,,9677
8042385,1,1,1,10,2024,1,75,3.0,,9683
8042385,1,4,1,10,2024,2,17,5.0,,9686
8042386,1,3,1,10,2024,1,16,4.0,,9689
8042388,1,4,1,10,2024,2,12,4.0,,9695
8042396,1,2,1,10,2024,2,42,8.0,4200000.0,9716
8042398,1,4,1,10,2024,2,5,2.0,,9724
8042401,1,1,1,10,2024,2,49,10.0,3600000.0,9729
8042402,1,2,1,10,2024,2,39,11.0,5200000.0,9733
8042402,1,3,1,10,2024,2,10,3.0,,9734
8042405,1,1,1,10,2024,2,84,3.0,,9741
8042405,1,3,1,10,2024,2,48,3.0,,9743
8042406,1,5,1,10,2024,1,6,2.0,,9749
8042407,1,1,1,10,2024,1,33,5.0,1500000.0,9751
8042407,1,3,1,10,2024,2,3,1.0,,9753
8042409,1,1,1,10,2024,2,62,5.0,2000000.0,9755
8042412,1,1,1,10,2024,1,40,3.0,1400000.0,9762
8042419,1,1,1,10,2024,2,92,3.0,,9767
8042419,1,2,1,10,2024,2,53,5.0,800000.0,9768
8042424,1,2,1,10,2024,2,26,5.0,1300000.0,9775
8042425,1,2,1,10,2024,2,78,3.0,,9777
8042425,1,4,1,10,2024,1,33,9.0,1600000.0,9779
8042425,1,5,1,10,2024,1,16,4.0,,9780
8042429,1,1,1,10,2024,1,33,10.0,2800000.0,9785
8042429,1,3,1,10,2024,2,4,2.0,,9787
8042431,1,2,1,10,2024,2,41,8.0,1000000.0,9792
8042431,1,3,1,10,2024,2,7,3.0,,9793
8042433,1,1,1,10,2024,2,72,3.0,,9797
8042436,1,2,1,10,2024,2,15,4.0,,9806
8042437,1,3,1,10,2024,1,21,5.0,500000.0,9810
8042439,1,2,1,10,2024,1,36,4.0,,9812
8042441,1,5,1,10,2024,1,4,1.0,,9823
8042442,1,2,1,10,2024,2,50,5.0,,9825
8042442,1,4,1,10,2024,2,15,5.0,,9827
8042444,1,1,1,10,2024,2,30,5.0,,9829
8042445,1,2,1,10,2024,1,13,4.0,,9833
8042445,1,3,1,10,2024,2,25,5.0,1350000.0,9834
8042447,1,1,1,10,2024,2,35,8.0,,9836
8042448,1,1,1,10,2024,1,50,3.0,1300000.0,9838
8042448,1,4,1,10,2024,2,20,8.0,1800000.0,9841
8042450,1,1,1,10,2024,1,68,3.0,400000.0,9843
8042453,1,2,1,10,2024,2,61,8.0,,9845
8042459,1,2,1,10,2024,2,14,4.0,,9854
8042459,1,3,1,10,2024,2,8,3.0,,9855
8042460,1,4,1,10,2024,2,45,1.0,,9860
8042462,1,2,1,10,2024,1,48,3.0,,9865
8042463,1,1,1,10,2024,2,83,3.0,,9867
8042464,1,3,1,10,2024,1,8,3.0,,9870
8042465,1,1,1,10,2024,1,38,5.0,2500000.0,9872
8042467,1,2,1,10,2024,1,43,3.0,1200000.0,9876
8042467,1,5,1,10,2024,2,10,3.0,,9879
8042469,1,1,1,10,2024,2,64,1.0,,9881
8042469,1,2,1,10,2024,1,38,5.0,560000.0,9882
8042473,1,1,1,10,2024,1,34,5.0,1300000.0,9887
8042474,1,3,1,10,2024,1,23,5.0,,9890
8042476,1,2,1,10,2024,2,20,10.0,,9894
8042477,1,1,1,10,2024,1,52,4.0,,9895
8042478,1,2,1,10,2024,2,56,10.0,6200000.0,9897
8042478,1,4,1,10,2024,2,26,10.0,3800000.0,9899
8042482,1,2,1,10,2024,2,42,5.0,180000.0,9902
8042483,1,2,1,10,2024,2,39,4.0,1300000.0,9906
8042484,1,1,1,10,2024,1,37,4.0,1300000.0,9908
8042485,1,4,1,10,2024,2,5,3.0,,9915
8042486,1,1,1,10,2024,1,33,5.0,1300000.0,9916
8042488,1,5,1,10,2024,2,21,10.0,656000.0,9924
8042490,1,2,1,10,2024,1,29,9.0,,9926
8042491,1,1,1,10,2024,1,59,8.0,,9927
8042495,1,3,1,10,2024,2,1,,,9935
8042496,1,1,1,10,2024,1,55,3.0,800000.0,9937
8042497,1,1,1,10,2024,1,28,10.0,,9941
8042499,1,1,1,10,2024,2,53,10.0,3500000.0,9944
8042500,1,2,1,10,2024,2,57,5.0,,9947
8042502,1,4,1,10,2024,1,12,4.0,,9953
8042504,1,2,1,10,2024,1,34,8.0,,9959
8042505,1,1,1,10,2024,2,44,10.0,,9962
8042505,1,2,1,10,2024,1,54,10.0,6000000.0,9963
8042506,1,3,1,10,2024,1,11,3.0,,9968
8042512,1,2,1,10,2024,1,23,5.0,300000.0,9980
8042519,1,2,1,10,2024,2,48,6.0,150000.0,9991
8042519,1,3,1,10,2024,2,15,5.0,,9992
8042520,1,2,1,10,2024,1,54,5.0,2100000.0,9995
8042525,1,2,1,10,2024,2,29,5.0,,10003
8042527,1,1,1,10,2024,1,67,3.0,1000000.0,10004
8042528,1,3,1,10,2024,2,10,3.0,,10007
8042530,1,2,1,10,2024,2,51,10.0,,10009
8042530,1,3,1,10,2024,1,22,10.0,1462000.0,10010
8042532,1,1,1,10,2024,2,51,5.0,1400000.0,10012
8042533,1,2,1,10,2024,2,57,5.0,2500000.0,10014
8042535,1,1,1,10,2024,1,62,3.0,1200000.0,10016
8042537,1,2,1,10,2024,1,34,4.0,900000.0,10020
8042537,1,3,1,10,2024,1,13,4.0,,10021
8042538,1,1,1,10,2024,1,59,5.0,,10023
8042539,1,1,1,10,2024,1,39,3.0,1950000.0,10026
8042539,1,2,1,10,2024,2,35,3.0,,10027
8042539,1,3,1,10,2024,1,18,5.0,,10028
8042539,1,5,1,10,2024,1,13,3.0,,10030
8042539,1,6,1,10,2024,2,6,3.0,,10031
8042546,1,1,1,10,2024,1,44,6.0,1300000.0,10042
8042548,1,3,1,10,2024,1,52,5.0,,10046
8042552,1,2,1,10,2024,2,44,4.0,200000.0,10055
8042560,1,1,1,10,2024,2,32,5.0,1000000.0,10061
8042561,1,1,1,10,2024,2,66,5.0,1050000.0,10062
8042562,1,2,1,10,2024,1,43,3.0,2000000.0,10064
8042562,1,3,1,10,2024,2,23,10.0,,10065
8042562,1,4,1,10,2024,1,21,10.0,,10066
8042566,1,2,1,10,2024,2,26,8.0,,10072
8042567,1,1,1,10,2024,2,32,12.0,13800000.0,10073
8042569,1,4,1,10,2024,2,37,10.0,1800000.0,10081
8042570,1,1,1,10,2024,1,51,5.0,1300000.0,10082
8042574,1,2,1,10,2024,1,24,5.0,2000000.0,10086
8042575,1,2,1,10,2024,2,69,3.0,,10089
8042576,1,1,1,10,2024,2,58,10.0,3000000.0,10090
8042579,1,1,1,10,2024,2,42,5.0,800000.0,10095
8042579,1,2,1,10,2024,2,18,6.0,,10096
8042584,1,2,1,10,2024,2,39,10.0,1300000.0,10099
8042587,1,1,1,10,2024,2,74,1.0,,10102
8042587,1,2,1,10,2024,2,49,6.0,685000.0,10103
8042589,1,3,1,10,2024,1,16,4.0,,10106
8042593,1,3,1,10,2024,1,49,5.0,,10110
8042596,1,2,1,10,2024,1,43,10.0,,10115
8042596,1,4,1,10,2024,1,16,6.0,,10117
8042597,1,4,1,10,2024,1,13,4.0,,10121
8042598,1,1,1,10,2024,2,82,10.0,,10122
8042601,1,1,1,10,2024,1,49,6.0,1600000.0,10123
8042601,1,4,1,10,2024,2,11,4.0,,10126
8042602,1,1,1,10,2024,1,59,4.0,1200000.0,10127
8042602,1,2,1,10,2024,2,57,4.0,,10128
8042602,1,3,1,10,2024,1,27,6.0,1300000.0,10129
8042603,1,1,1,10,2024,2,45,10.0,4500000.0,10130
8042603,1,3,1,10,2024,2,15,4.0,,10132
8042605,1,1,1,10,2024,2,70,5.0,,10136
8042605,1,2,1,10,2024,1,77,5.0,,10137
8042607,1,3,1,10,2024,1,20,8.0,,10144
8042610,1,1,1,10,2024,1,47,4.0,1600000.0,10152
8042611,1,2,1,10,2024,2,65,5.0,1300000.0,10154
8042615,1,1,1,10,2024,2,39,5.0,1300000.0,10161
8042618,1,1,1,10,2024,1,50,4.0,500000.0,10168
8042619,1,2,1,10,2024,2,25,5.0,,10171
8042620,1,2,1,10,2024,2,42,3.0,,10174
8042620,1,3,1,10,2024,2,20,9.0,,10175
8042620,1,4,1,10,2024,1,12,4.0,,10176
8042621,1,1,1,10,2024,2,41,5.0,900000.0,10177
8042622,1,6,1,10,2024,2,39,10.0,500000.0,10186
8042622,1,10,1,10,2024,2,34,10.0,650000.0,10190
8042624,1,1,1,10,2024,2,55,4.0,800000.0,10193
8042625,1,3,1,10,2024,2,7,3.0,,10196
8042630,1,2,1,10,2024,2,25,10.0,2500000.0,10202
8042630,1,5,1,10,2024,2,82,1.0,,10205
8042631,1,1,1,10,2024,2,62,11.0,,10206
8042632,1,1,1,10,2024,2,59,10.0,,10208
8042632,1,2,1,10,2024,1,48,10.0,,10209
8042633,1,1,1,10,2024,1,38,11.0,6000000.0,10210
8042641,1,3,1,10,2024,2,22,10.0,,10216
8042643,1,1,1,10,2024,1,45,3.0,,10219
8042648,1,1,1,10,2024,1,46,8.0,,10222
8042649,1,1,1,10,2024,2,48,5.0,2000000.0,10223
8042651,1,3,1,10,2024,2,6,3.0,,10229
8042653,1,2,1,10,2024,2,47,12.0,3500000.0,10233
8042654,1,1,1,10,2024,2,38,3.0,,10236
8042654,1,2,1,10,2024,2,20,5.0,800000.0,10237
8042655,1,1,1,10,2024,1,70,3.0,750000.0,10238
8042658,1,1,1,10,2024,2,57,3.0,400000.0,10242
8042659,1,1,1,10,2024,2,43,4.0,800000.0,10244
8042661,1,1,1,10,2024,2,66,3.0,,10247
8042663,1,2,1,10,2024,1,24,1.0,,10251
8042664,1,1,1,10,2024,1,44,9.0,4000000.0,10253
8042666,1,2,1,10,2024,2,24,4.0,,10261
8042668,1,2,1,10,2024,1,31,10.0,3000000.0,10266
8042670,1,1,1,10,2024,2,33,8.0,2600000.0,10270
8042670,1,2,1,10,2024,2,14,4.0,,10271
8042670,1,3,1,10,2024,1,9,3.0,,10272
8042672,1,1,1,10,2024,1,46,10.0,,10273
8042673,1,1,1,10,2024,2,31,5.0,,10274
8042674,1,4,1,10,2024,1,15,4.0,,10280
8042677,1,3,1,10,2024,1,2,,,10288
8042678,1,2,1,10,2024,1,16,5.0,,10290
8042678,1,4,1,10,2024,1,72,3.0,,10292
8042680,1,1,1,10,2024,2,59,4.0,,10296
8042682,1,1,1,10,2024,1,31,4.0,1200000.0,10298
8042684,1,2,1,10,2024,2,70,3.0,,10305
8042685,1,1,1,10,2024,1,44,10.0,1600000.0,10307
8042685,1,4,1,10,2024,1,15,5.0,,10310
8042686,1,2,1,10,2024,2,49,3.0,650000.0,10312
8042688,1,2,1,10,2024,2,39,5.0,,10315
8042689,1,1,1,10,2024,2,29,10.0,3500000.0,10318
8042692,1,1,1,10,2024,1,70,3.0,,10323
8042693,1,3,1,10,2024,1,25,10.0,,10330
8042693,1,5,1,10,2024,1,18,10.0,,10332
8042694,1,1,1,10,2024,2,40,12.0,3200000.0,10333
8042694,1,2,1,10,2024,2,11,3.0,,10334
8042698,1,2,1,10,2024,1,35,10.0,1800000.0,10343
8042698,1,3,1,10,2024,2,12,4.0,,10344
8042698,1,4,1,10,2024,1,4,1.0,,10345
8042699,1,1,1,10,2024,2,23,7.0,1300000.0,10346
8042704,1,2,1,10,2024,2,53,3.0,1200000.0,10351
8042704,1,3,1,10,2024,1,25,5.0,1000000.0,10352
8042706,1,2,1,10,2024,2,14,4.0,,10364
8042707,1,1,1,10,2024,2,18,5.0,1000000.0,10366
8042709,1,1,1,10,2024,2,61,5.0,,10371
8042709,1,3,1,10,2024,1,25,4.0,,10373
8042714,1,2,1,10,2024,1,63,3.0,500000.0,10383
8042716,1,3,1,10,2024,2,25,3.0,700000.0,10392
8042716,1,4,1,10,2024,2,21,5.0,,10393
8042717,1,4,1,10,2024,1,7,3.0,,10399
8042717,1,6,1,10,2024,2,60,3.0,,10401
8042718,1,2,1,10,2024,2,18,5.0,,10403
8042718,1,3,1,10,2024,1,0,,,10404
8042719,1,2,1,10,2024,2,6,2.0,,10406
8042721,1,1,1,10,2024,2,46,3.0,800000.0,10408
8042721,1,3,1,10,2024,1,22,5.0,,10410
8042723,1,3,1,10,2024,1,19,5.0,,10417
8042723,1,5,1,10,2024,1,8,3.0,,10419
8042725,1,1,1,10,2024,2,29,3.0,800000.0,10422
8042729,1,2,1,10,2024,2,25,6.0,,10430
8042730,1,1,1,10,2024,2,40,5.0,1500000.0,10431
8042731,1,1,1,10,2024,1,31,6.0,1500000.0,10434
8042732,1,1,1,10,2024,2,18,5.0,900000.0,10435
8042737,1,1,1,10,2024,2,31,5.0,1500000.0,10438
8042737,1,2,1,10,2024,1,11,3.0,,10439
8042741,1,2,1,10,2024,2,28,4.0,,10442
8042741,1,3,1,10,2024,1,6,3.0,,10443
8042742,1,1,1,10,2024,1,27,5.0,1200000.0,10445
8042743,1,5,1,10,2024,2,8,3.0,,10451
8042744,1,1,1,10,2024,1,27,5.0,800000.0,10452
8042747,1,2,1,10,2024,2,31,4.0,,10459
8042748,1,1,1,10,2024,2,35,4.0,,10461
8042748,1,4,1,10,2024,1,5,2.0,,10464
8042749,1,4,1,10,2024,1,63,3.0,,10468
8042750,1,2,1,10,2024,1,60,4.0,,10472
8042754,1,1,1,10,2024,2,43,5.0,,10480
8042755,1,3,1,10,2024,1,2,,,10485
8042760,1,1,1,10,2024,1,24,5.0,2200000.0,10489
8042760,1,2,1,10,2024,2,47,3.0,1000000.0,10490
8042761,1,1,1,10,2024,2,40,8.0,,10491
8042761,1,2,1,10,2024,2,11,4.0,,10492
8042762,1,2,1,10,2024,1,29,9.0,3500000.0,10495
8042764,1,2,1,10,2024,2,27,4.0,,10499
8042764,1,3,1,10,2024,1,13,3.0,,10500
8042764,1,4,1,10,2024,1,11,3.0,,10501
8042766,1,1,1,10,2024,2,43,8.0,1850000.0,10504
8042766,1,2,1,10,2024,1,44,5.0,,10505
8042768,1,1,1,10,2024,2,25,4.0,1200000.0,10507
8042769,1,1,1,10,2024,1,42,8.0,2000000.0,10509
8042773,1,1,1,10,2024,2,52,4.0,2000000.0,10515
8042773,1,4,1,10,2024,2,11,4.0,,10518
8042783,1,1,1,10,2024,1,82,1.0,,10526
8042784,1,2,1,10,2024,1,40,5.0,4000000.0,10528
8042784,1,4,1,10,2024,2,14,4.0,,10530
8042785,1,3,1,10,2024,2,2,,,10534
8042787,1,4,1,10,2024,1,12,4.0,,10540
8042788,1,1,1,10,2024,2,38,8.0,250000.0,10541
8042788,1,3,1,10,2024,1,10,3.0,,10543
8042788,1,4,1,10,2024,1,8,3.0,,10544
8042788,1,5,1,10,2024,2,8,3.0,,10545
8042789,1,1,1,10,2024,1,33,8.0,,10546
8042789,1,2,1,10,2024,2,29,8.0,1200000.0,10547
8042790,1,5,1,10,2024,2,31,8.0,400000.0,10553
8042791,1,1,1,10,2024,2,39,4.0,600000.0,10556
8042791,1,2,1,10,2024,1,42,3.0,450000.0,10557
8042791,1,7,1,10,2024,2,72,1.0,,10562
8042795,1,2,1,10,2024,1,17,5.0,,10573
8042796,1,2,1,10,2024,1,52,3.0,,10576
8042798,1,1,1,10,2024,1,75,5.0,30000.0,10581
8042802,1,1,1,10,2024,2,42,5.0,640000.0,10589
8042802,1,5,1,10,2024,1,13,4.0,,10593
8042806,1,1,1,10,2024,2,30,5.0,1300000.0,10599
8042811,1,1,1,10,2024,2,25,10.0,1450000.0,10607
8042811,1,2,1,10,2024,2,23,5.0,1200000.0,10608
8042813,1,2,1,10,2024,1,38,4.0,1500000.0,10611
8042813,1,4,1,10,2024,2,5,2.0,,10613
8042816,1,1,1,10,2024,1,42,4.0,,10616
8042819,1,1,1,10,2024,1,64,1.0,800000.0,10620
8042827,1,2,1,10,2024,1,38,5.0,,10628
8042831,1,1,1,10,2024,1,75,4.0,400000.0,10634
8042831,1,2,1,10,2024,2,66,3.0,,10635
8042832,1,1,1,10,2024,2,35,8.0,2500000.0,10636
8042832,1,2,1,10,2024,1,34,10.0,5000000.0,10637
8042834,1,4,1,10,2024,1,16,4.0,,10645
8042834,1,5,1,10,2024,1,14,4.0,,10646
8042835,1,1,1,10,2024,1,26,5.0,1700000.0,10649
8042836,1,1,1,10,2024,2,23,5.0,1300000.0,10650
8042836,1,2,1,10,2024,1,3,1.0,,10651
8042837,1,1,1,10,2024,1,41,11.0,5000000.0,10652
8042839,1,1,1,10,2024,1,66,8.0,,10656
8042839,1,5,1,10,2024,1,87,3.0,,10660
8042840,1,1,1,10,2024,1,49,5.0,,10662
8042840,1,4,1,10,2024,2,17,4.0,,10665
8042840,1,7,1,10,2024,2,19,5.0,1300000.0,10668
8042841,1,1,1,10,2024,2,27,10.0,768000.0,10671
8042841,1,2,1,10,2024,2,25,5.0,1400000.0,10672
8042842,1,2,1,10,2024,1,68,3.0,,10674
8042842,1,3,1,10,2024,1,39,10.0,4000000.0,10675
8042850,1,2,1,10,2024,2,44,5.0,2000000.0,10689
8042850,1,6,1,10,2024,2,22,5.0,,10693
8042851,1,4,1,10,2024,1,0,,,10698
8042854,1,4,1,10,2024,2,11,3.0,,10704
8042855,1,3,1,10,2024,1,6,2.0,,10707
8042856,1,1,1,10,2024,2,27,10.0,,10708
8042856,1,2,1,10,2024,2,31,10.0,,10709
8042856,1,4,1,10,2024,2,29,10.0,700000.0,10711
8042858,1,2,1,10,2024,2,39,5.0,800000.0,10714
8042858,1,3,1,10,2024,2,15,4.0,,10715
8042862,1,3,1,10,2024,2,12,4.0,,10724
8042879,1,1,1,10,2024,2,52,4.0,800000.0,10739
8042880,1,1,1,10,2024,1,26,11.0,6800000.0,10742
8042881,1,6,1,10,2024,2,0,,,10749
8042887,1,2,1,10,2024,2,20,8.0,,10751
8042887,1,3,1,10,2024,2,18,5.0,,10752
8042888,1,1,1,10,2024,2,32,5.0,,10754
8042888,1,3,1,10,2024,1,13,4.0,,10756
8042889,1,1,1,10,2024,1,52,11.0,1000000.0,10758
8042889,1,3,1,10,2024,2,17,5.0,,10760
8042892,1,3,1,10,2024,2,23,10.0,,10769
8042892,1,4,1,10,2024,2,4,1.0,,10770
8042893,1,3,1,10,2024,2,14,5.0,,10774
8042897,1,2,1,10,2024,1,14,4.0,,10781
8042899,1,1,1,10,2024,1,33,9.0,1423000.0,10782
8042899,1,2,1,10,2024,2,34,5.0,1500000.0,10783
8042900,1,2,1,10,2024,2,49,10.0,,10787
8042901,1,1,1,10,2024,1,58,5.0,600000.0,10790
8042901,1,2,1,10,2024,1,26,1.0,,10791
8042903,1,1,1,10,2024,2,28,5.0,700000.0,10793
8042905,1,1,1,10,2024,1,29,10.0,2023000.0,10796
8042908,1,2,1,10,2024,1,15,4.0,1550000.0,10800
8042908,1,3,1,10,2024,1,20,5.0,2150000.0,10801
8042914,1,2,1,10,2024,2,61,5.0,,10809
8042953,1,1,1,10,2024,2,57,3.0,,10814
8042953,1,2,1,10,2024,1,50,3.0,900000.0,10815
8042956,1,1,1,10,2024,2,38,5.0,40000.0,10821
8042956,1,3,1,10,2024,1,6,3.0,,10823
8042958,1,4,1,10,2024,1,6,3.0,,10830
8042958,1,5,1,10,2024,2,3,1.0,,10831
8042960,1,2,1,10,2024,2,64,3.0,30000.0,10834
8042960,1,3,1,10,2024,2,21,5.0,1300000.0,10835
8042964,1,1,1,10,2024,1,34,9.0,1300000.0,10844
8042966,1,2,1,10,2024,2,21,6.0,,10851
8042967,1,1,1,10,2024,2,31,8.0,,10852
8042967,1,2,1,10,2024,1,39,6.0,2000000.0,10853
8042967,1,4,1,10,2024,2,6,2.0,,10855
8042969,1,2,1,10,2024,2,22,4.0,,10859
8042971,1,2,1,10,2024,2,37,1.0,80000.0,10861
8042972,1,1,1,10,2024,1,18,9.0,,10863
8042974,1,2,1,10,2024,2,29,5.0,,10865
8042974,1,4,1,10,2024,2,1,,,10867
8042975,1,1,1,10,2024,1,31,5.0,1500000.0,10868
8042978,1,2,1,10,2024,2,65,3.0,,10875
8042980,1,2,1,10,2024,1,46,5.0,1200000.0,10877
8042982,1,1,1,10,2024,2,38,4.0,1600000.0,10880
8042982,1,2,1,10,2024,1,13,4.0,,10881
8042984,1,5,1,10,2024,1,9,3.0,,10887
8042986,1,4,1,10,2024,1,1,,,10892
8042987,1,1,1,10,2024,2,62,3.0,100000.0,10893
8042993,1,1,1,10,2024,2,71,3.0,,10899
8042993,1,2,1,10,2024,1,41,5.0,700000.0,10900
8042995,1,1,1,10,2024,1,75,3.0,,10901
8042995,1,3,1,10,2024,1,48,3.0,800000.0,10903
8042996,1,1,1,10,2024,2,59,4.0,,10904
8042997,1,1,1,10,2024,1,27,6.0,1100000.0,10906
8042997,1,3,1,10,2024,1,12,3.0,,10908
8042997,1,4,1,10,2024,2,5,2.0,,10909
8042997,1,5,1,10,2024,1,2,,,10910
8042999,1,1,1,10,2024,2,48,5.0,1080000.0,10912
8043001,1,2,1,10,2024,2,39,5.0,,10918
8043002,1,1,1,10,2024,1,81,1.0,,10922
8043005,1,1,1,10,2024,2,64,3.0,,10929
8043006,1,1,1,10,2024,2,51,3.0,500000.0,10930
8043008,1,3,1,10,2024,2,3,1.0,,10934
8043009,1,2,1,10,2024,2,13,5.0,,10936
8043010,1,2,1,10,2024,1,64,3.0,,10938
8043010,1,4,1,10,2024,1,4,2.0,,10940
8043010,1,5,1,10,2024,2,14,4.0,,10941
8043012,1,2,1,10,2024,2,74,9.0,100000.0,10947
8043013,1,1,1,10,2024,2,64,11.0,6000000.0,10948
8043014,1,1,1,10,2024,1,46,3.0,500000.0,10950
8043015,1,3,1,10,2024,1,75,3.0,,10953
8043016,1,1,1,10,2024,1,55,3.0,700000.0,10954
8043017,1,2,1,10,2024,1,20,5.0,600000.0,10956
8043017,1,3,1,10,2024,1,15,4.0,,10957
8043018,1,1,1,10,2024,2,61,3.0,,10958
8043020,1,3,1,10,2024,2,8,3.0,,10963
8043021,1,5,1,10,2024,2,16,4.0,,10968
8043022,1,4,1,10,2024,1,54,5.0,,10972
8043034,1,1,1,10,2024,2,63,1.0,1000000.0,10985
8043035,1,2,1,10,2024,2,60,4.0,,10987
8043038,1,1,1,10,2024,2,51,3.0,800000.0,10993
8043041,1,1,1,10,2024,2,35,10.0,,10999
8043042,1,3,1,10,2024,2,15,4.0,,11006
8043044,1,1,1,10,2024,2,31,8.0,500000.0,11012
8043046,1,1,1,10,2024,2,55,4.0,300000.0,11015
8043047,1,1,1,10,2024,2,73,1.0,,11017
8043047,1,3,1,10,2024,2,36,1.0,,11019
8043048,1,1,1,10,2024,1,55,3.0,800000.0,11027
8043050,1,5,1,10,2024,1,13,4.0,,11033
8043052,1,1,1,10,2024,2,52,3.0,700000.0,11036
8043054,1,1,1,10,2024,1,58,3.0,,11037
8043054,1,3,1,10,2024,2,12,4.0,,11039
8043056,1,1,1,10,2024,1,43,3.0,1500000.0,11040
8043056,1,2,1,10,2024,2,36,5.0,700000.0,11041
8043059,1,1,1,10,2024,1,35,3.0,1300000.0,11050
8043060,1,1,1,10,2024,1,44,3.0,1000000.0,11053
8043063,1,1,1,10,2024,1,70,3.0,,11059
8043065,1,2,1,10,2024,1,43,3.0,,11062
8043065,1,4,1,10,2024,1,12,4.0,,11064
8043066,1,1,1,10,2024,1,96,1.0,,11065
8043066,1,2,1,10,2024,2,84,3.0,,11066
8043067,1,1,1,10,2024,1,41,1.0,1200000.0,11067
8043067,1,2,1,10,2024,2,28,3.0,,11068
8043068,1,2,1,10,2024,2,45,3.0,,11071
8043069,1,1,1,10,2024,1,42,3.0,500000.0,11073
8043071,1,2,1,10,2024,2,5,1.0,,11079
8043072,1,2,1,10,2024,2,64,1.0,,11081
8043073,1,2,1,10,2024,1,15,4.0,,11083
8043074,1,3,1,10,2024,1,29,5.0,800000.0,11087
8043075,1,3,1,10,2024,2,24,5.0,400000.0,11090
8043080,1,1,1,10,2024,2,30,4.0,600000.0,11105
8043084,1,3,1,10,2024,1,2,,,11113
8043087,1,4,1,10,2024,1,4,1.0,,11119
8043091,1,1,1,10,2024,2,71,1.0,,11124
8043091,1,2,1,10,2024,1,33,1.0,,11125
8043091,1,3,1,10,2024,2,13,4.0,,11126
8043092,1,4,1,10,2024,1,7,3.0,,11130
8043093,1,2,1,10,2024,2,36,5.0,500000.0,11132
8043095,1,1,1,10,2024,1,39,5.0,1550000.0,11136
8043096,1,1,1,10,2024,1,40,5.0,800000.0,11138
8043097,1,3,1,10,2024,1,15,4.0,,11143
8043099,1,1,1,10,2024,2,42,3.0,350000.0,11147
8043101,1,1,1,10,2024,1,43,3.0,6720000.0,11150
8043103,1,3,1,10,2024,1,29,5.0,1300000.0,11158
8043104,1,1,1,10,2024,2,72,3.0,,11159
8043108,1,1,1,10,2024,2,69,3.0,290000.0,11164
8043109,1,1,1,10,2024,1,68,5.0,1000000.0,11165
8043109,1,4,1,10,2024,1,19,6.0,900000.0,11168
8043110,1,1,1,10,2024,1,32,5.0,,11169
8043110,1,4,1,10,2024,2,76,1.0,,11172
8043111,1,1,1,10,2024,1,44,3.0,150000.0,11173
8043113,1,1,1,10,2024,1,25,5.0,2200000.0,11177
8043118,1,1,1,10,2024,1,55,3.0,1600000.0,11185
8043121,1,2,1,10,2024,2,34,4.0,,11191
8043121,1,3,1,10,2024,2,19,8.0,,11192
8043122,1,1,1,10,2024,1,54,3.0,1400000.0,11194
8043123,1,2,1,10,2024,1,71,3.0,,11197
8043124,1,1,1,10,2024,2,73,1.0,,11198
8043126,1,1,1,10,2024,2,57,3.0,100000.0,11202
8043126,1,3,1,10,2024,2,19,10.0,,11204
8043127,1,2,1,10,2024,1,55,3.0,1500000.0,11206
8043127,1,3,1,10,2024,1,26,4.0,1300000.0,11207
8043127,1,5,1,10,2024,1,25,4.0,1300000.0,11209
8043127,1,6,1,10,2024,2,23,5.0,,11210
8043129,1,2,1,10,2024,2,2,,,11215
8043130,1,1,1,10,2024,2,73,10.0,,11216
8043130,1,5,1,10,2024,1,10,3.0,,11220
8043133,1,2,1,10,2024,2,28,8.0,,11226
8043135,1,2,1,10,2024,2,46,3.0,,11231
8043139,1,1,1,10,2024,1,32,5.0,1300000.0,11242
8043139,1,2,1,10,2024,2,32,5.0,,11243
8043140,1,2,1,10,2024,1,53,3.0,200000.0,11247
8043141,1,4,1,10,2024,1,8,3.0,,11251
8043145,1,1,1,10,2024,1,24,4.0,1800000.0,11254
8043145,1,3,1,10,2024,2,8,3.0,,11256
8043145,1,4,1,10,2024,1,5,1.0,,11257
8043146,1,3,1,10,2024,2,16,6.0,200000.0,11260
8043147,1,1,1,10,2024,1,46,3.0,1550000.0,11261
8043148,1,4,1,10,2024,1,30,8.0,375000.0,11268
8043152,1,2,1,10,2024,2,21,5.0,,11277
8043153,1,5,1,10,2024,2,6,2.0,,11284
8043156,1,2,1,10,2024,1,32,3.0,1000000.0,11288
8043156,1,4,1,10,2024,1,7,3.0,,11290
8043157,1,1,1,10,2024,1,27,3.0,800000.0,11291
8043157,1,5,1,10,2024,2,6,3.0,,11295
8043157,1,6,1,10,2024,2,1,,,11296
8043160,1,3,1,10,2024,1,9,3.0,,11300
8043161,1,1,1,10,2024,1,46,4.0,1300000.0,11301
8043161,1,3,1,10,2024,2,13,4.0,,11303
8043163,1,2,1,10,2024,2,65,3.0,,11306
8043163,1,3,1,10,2024,2,32,10.0,,11307
8043164,1,2,1,10,2024,2,80,3.0,,11309
8043164,1,3,1,10,2024,1,30,5.0,1000000.0,11310
8043165,1,1,1,10,2024,2,70,3.0,,11311
8043165,1,3,1,10,2024,2,37,4.0,1300000.0,11313
8043167,1,1,1,10,2024,2,59,4.0,440000.0,11317
8043168,1,1,1,10,2024,1,81,3.0,,11323
8043173,1,1,1,10,2024,1,70,1.0,,11335
8043174,1,2,1,10,2024,1,39,5.0,900000.0,11337
8043178,1,2,1,10,2024,2,43,3.0,1300000.0,11343
8043180,1,2,1,10,2024,2,16,5.0,,11348
8043181,1,1,1,10,2024,2,67,3.0,,11349
8043185,1,1,1,10,2024,2,55,3.0,300000.0,11351
8043186,1,4,1,10,2024,2,20,5.0,,11355
8043187,1,1,1,10,2024,1,66,3.0,,11357
8043188,1,1,1,10,2024,2,69,3.0,,11358
8043189,1,2,1,10,2024,2,36,3.0,800000.0,11360
8043189,1,3,1,10,2024,1,18,4.0,,11361
8043190,1,1,1,10,2024,1,53,10.0,5800000.0,11366
8043191,1,1,1,10,2024,2,43,5.0,,11367
8043192,1,1,1,10,2024,2,76,3.0,,11370
8043192,1,2,1,10,2024,2,91,1.0,,11371
8043192,1,3,1,10,2024,1,87,1.0,,11372
8043192,1,4,1,10,2024,1,78,3.0,,11373
8043196,1,1,1,10,2024,1,21,8.0,1300000.0,11378
8043198,1,1,1,10,2024,1,63,5.0,1000000.0,11380
8043201,1,1,1,10,2024,1,59,11.0,4800000.0,11386
8043204,1,1,1,10,2024,1,57,9.0,4000000.0,11388
8043207,1,1,1,10,2024,1,60,9.0,,11390
8043207,1,3,1,10,2024,2,27,10.0,2500000.0,11392
8043209,1,1,1,10,2024,2,62,5.0,,11394
8043210,1,2,1,10,2024,2,63,5.0,,11397
8043211,1,1,1,10,2024,1,28,9.0,2500000.0,11398
8043211,1,3,1,10,2024,1,7,3.0,,11400
8043212,1,1,1,10,2024,1,51,5.0,1500000.0,11404
8043212,1,3,1,10,2024,1,13,4.0,,11406
8043213,1,2,1,10,2024,1,25,10.0,3000000.0,11408
8043214,1,1,1,10,2024,1,44,4.0,5000000.0,11409
8043215,1,1,1,10,2024,2,25,10.0,2600000.0,11411
8043215,1,2,1,10,2024,1,27,4.0,1300000.0,11412
8043218,1,2,1,10,2024,2,35,4.0,165000.0,11418
8043218,1,4,1,10,2024,1,15,4.0,,11420
8043219,1,2,1,10,2024,2,57,4.0,28000.0,11422
8043220,1,2,1,10,2024,2,51,5.0,1380000.0,11425
8043221,1,3,1,10,2024,1,17,5.0,1800000.0,11429
8043222,1,1,1,10,2024,1,57,10.0,2400000.0,11430
8043224,1,4,1,10,2024,1,16,4.0,80000.0,11434
8043226,1,2,1,10,2024,2,52,10.0,3000000.0,11439
8043229,1,1,1,10,2024,1,73,10.0,1000000.0,11443
8043238,1,3,1,10,2024,1,29,5.0,1350000.0,11458
8043238,1,5,1,10,2024,2,15,5.0,,11460
8043239,1,2,1,10,2024,2,5,2.0,,11462
8043240,1,1,1,10,2024,1,72,5.0,,11463
8043241,1,1,1,10,2024,1,84,3.0,,11464
8043241,1,4,1,10,2024,2,17,5.0,,11467
8043249,1,1,1,10,2024,2,77,8.0,,11486
8043250,1,1,1,10,2024,1,72,10.0,,11487
8043251,1,2,1,10,2024,1,51,11.0,9000000.0,11490
8043254,1,4,1,10,2024,1,5,2.0,,11502
8043254,1,5,1,10,2024,1,24,5.0,1300000.0,11503
8043255,1,2,1,10,2024,2,69,4.0,,11505
8043256,1,2,1,10,2024,2,68,4.0,700000.0,11507
8043257,1,3,1,10,2024,1,16,4.0,,11510
8043257,1,4,1,10,2024,2,14,4.0,,11511
8043260,1,2,1,10,2024,2,48,3.0,,11515
8043260,1,3,1,10,2024,2,15,4.0,,11516
8043260,1,6,1,10,2024,1,5,2.0,,11519
8043261,1,1,1,10,2024,1,38,5.0,2800000.0,11520
8043261,1,2,1,10,2024,2,35,3.0,2000000.0,11521
8043261,1,3,1,10,2024,2,20,10.0,,11522
8043261,1,5,1,10,2024,2,5,2.0,,11524
8043265,1,3,1,10,2024,1,15,4.0,,11528
8043266,1,1,1,10,2024,1,43,3.0,1300000.0,11529
8043269,1,3,1,10,2024,2,1,,,11538
8043276,1,3,1,10,2024,1,33,4.0,600000.0,11549
8043277,1,1,1,10,2024,1,69,3.0,500000.0,11550
8043277,1,3,1,10,2024,1,21,5.0,1300000.0,11552
8043277,1,4,1,10,2024,1,18,10.0,,11553
8043277,1,5,1,10,2024,1,24,5.0,1200000.0,11554
8043277,1,6,1,10,2024,2,23,9.0,1300000.0,11555
8043279,1,2,1,10,2024,2,47,4.0,,11558
8043280,1,1,1,10,2024,2,86,3.0,,11560
8043282,1,3,1,10,2024,1,34,5.0,50000.0,11569
8043283,1,9,1,10,2024,1,19,5.0,,11579
8043284,1,2,1,10,2024,1,14,3.0,,11582
8043284,2,1,2,10,2024,2,19,4.0,,11583
8043289,1,1,1,10,2024,2,43,5.0,1200000.0,11591
8043289,1,2,1,10,2024,1,24,5.0,,11592
8043289,1,4,1,10,2024,1,18,5.0,,11594
8043290,1,1,1,10,2024,2,58,3.0,250000.0,11597
8043291,1,3,1,10,2024,2,51,3.0,300000.0,11602
8043293,1,3,1,10,2024,1,19,5.0,490000.0,11606
8043295,1,1,1,10,2024,1,42,5.0,850000.0,11608
8043295,1,3,1,10,2024,1,7,3.0,,11610
8043295,1,4,1,10,2024,1,2,,,11611
8043296,1,2,1,10,2024,2,11,4.0,,11613
8043297,1,2,1,10,2024,2,57,1.0,,11615
8043297,1,4,1,10,2024,2,25,3.0,,11617
8043298,1,2,1,10,2024,2,29,5.0,,11623
8043300,1,2,1,10,2024,2,55,4.0,600000.0,11627
8043300,1,3,1,10,2024,1,50,3.0,1300000.0,11628
8043302,1,1,1,10,2024,2,31,8.0,1300000.0,11631
8043306,1,2,1,10,2024,1,13,3.0,,11635
8043310,1,5,1,10,2024,2,5,1.0,,11646
8043312,1,4,1,10,2024,1,31,4.0,,11652
8043313,1,1,1,10,2024,2,39,5.0,250000.0,11653
8043317,1,4,1,10,2024,1,61,3.0,800000.0,11662
8043318,1,1,1,10,2024,2,34,3.0,,11663
8043320,1,1,1,10,2024,1,53,4.0,650000.0,11667
8043320,1,2,1,10,2024,2,36,4.0,,11668
8043320,1,3,1,10,2024,2,12,4.0,,11669
8043321,1,1,1,10,2024,2,92,1.0,,11670
8043321,1,2,1,10,2024,1,65,3.0,1100000.0,11671
8043322,1,1,1,10,2024,1,26,5.0,2000000.0,11672
8043322,1,2,1,10,2024,2,21,5.0,2000000.0,11673
8043322,1,4,1,10,2024,2,17,4.0,300000.0,11675
8043324,1,1,1,10,2024,2,38,3.0,300000.0,11677
8043324,1,3,1,10,2024,1,13,3.0,,11679
8043326,1,2,1,10,2024,1,9,3.0,,11684
8043328,1,2,1,10,2024,2,64,7.0,,11690
8043329,1,2,1,10,2024,1,53,10.0,10000000.0,11693
8043331,1,1,1,10,2024,1,57,5.0,,11700
8043333,1,1,1,10,2024,1,65,4.0,2500000.0,11707
8043333,1,3,1,10,2024,1,30,5.0,3500000.0,11709
8043334,1,2,1,10,2024,2,43,5.0,,11712
8043334,1,3,1,10,2024,1,24,11.0,4500000.0,11713
8043334,1,4,1,10,2024,2,22,10.0,6800000.0,11714
8043336,1,1,1,10,2024,1,63,10.0,,11721
8043336,1,3,1,10,2024,1,13,4.0,,11723
8043337,1,2,1,10,2024,2,45,5.0,,11726
8043337,1,4,1,10,2024,1,13,4.0,,11728
8043337,1,6,1,10,2024,2,64,3.0,2300000.0,11730
8043338,1,2,1,10,2024,2,73,9.0,,11732
8043339,1,1,1,10,2024,1,69,3.0,,11733
8043339,1,2,1,10,2024,2,60,9.0,,11734
8043340,1,1,1,10,2024,1,49,9.0,2200000.0,11737
8043340,1,3,1,10,2024,1,86,3.0,,11739
8043340,1,4,1,10,2024,2,75,3.0,,11740
8043342,1,1,1,10,2024,1,46,10.0,6500000.0,11742
8043342,1,2,1,10,2024,2,34,10.0,4200000.0,11743
8043343,1,1,1,10,2024,2,40,12.0,12000000.0,11745
8043344,1,2,1,10,2024,2,71,9.0,,11747
8043348,1,2,1,10,2024,2,47,10.0,,11756
8043348,1,3,1,10,2024,2,21,10.0,,11757
8043349,1,1,1,10,2024,2,74,9.0,,11760
8043350,1,1,1,10,2024,1,64,4.0,6000000.0,11761
8043350,1,3,1,10,2024,1,35,3.0,1600000.0,11763
8043351,1,1,1,10,2024,2,37,9.0,1300000.0,11764
8043352,1,2,1,10,2024,1,21,9.0,1300000.0,11767
8043355,1,2,1,10,2024,2,14,4.0,,11773
8043357,1,2,1,10,2024,2,66,7.0,,11776
8043359,1,4,1,10,2024,2,14,5.0,,11780
8043360,1,3,1,10,2024,2,23,4.0,,11783
8043362,1,3,1,10,2024,1,10,3.0,,11789
8043363,1,1,1,10,2024,1,24,10.0,2000000.0,11791
8043366,1,1,1,10,2024,2,36,10.0,2800000.0,11795
8043369,1,1,1,10,2024,1,41,5.0,1600000.0,11802
8043376,1,1,1,10,2024,1,31,5.0,400000.0,11816
8043380,1,1,1,10,2024,2,37,5.0,,11824
8043380,1,3,1,10,2024,2,61,3.0,,11826
8043381,1,1,1,10,2024,1,63,9.0,,11828
8043384,1,1,1,10,2024,1,48,5.0,2100000.0,11835
8043386,1,1,1,10,2024,1,58,3.0,700000.0,11838
8043386,1,2,1,10,2024,2,64,3.0,,11839
8043388,1,1,1,10,2024,2,64,3.0,,11842
8043390,1,2,1,10,2024,1,11,3.0,,11846
8043392,1,1,1,10,2024,2,48,5.0,1300000.0,11851
8043396,1,2,1,10,2024,2,43,10.0,6200000.0,11856
8043398,1,2,1,10,2024,2,75,5.0,,11862
8043398,1,3,1,10,2024,2,54,3.0,,11863
8043399,1,1,1,10,2024,2,62,11.0,,11864
8043399,1,3,1,10,2024,2,34,10.0,3500000.0,11866
8043401,1,1,1,10,2024,1,69,8.0,1000000.0,11869
8043401,1,2,1,10,2024,2,62,10.0,2000000.0,11870
8043401,1,3,1,10,2024,2,70,10.0,300000.0,11871
8043402,1,1,1,10,2024,1,35,5.0,2000000.0,11876
8043402,1,3,1,10,2024,1,9,3.0,,11878
8043403,1,1,1,10,2024,1,42,12.0,6000000.0,11881
8043403,1,2,1,10,2024,2,48,11.0,2900000.0,11882
8043403,1,3,1,10,2024,2,12,4.0,,11883
8043404,1,1,1,10,2024,2,43,10.0,3000000.0,11884
8043405,1,3,1,10,2024,2,66,8.0,,11890
8043406,1,1,1,10,2024,1,48,8.0,1000000.0,11891
8043409,1,1,1,10,2024,2,56,3.0,720000.0,11894
8043409,1,2,1,10,2024,1,55,1.0,,11895
8043409,1,3,1,10,2024,2,26,5.0,1300000.0,11896
8043409,1,4,1,10,2024,1,19,5.0,,11897
8043409,1,6,1,10,2024,2,21,5.0,,11899
8043410,1,1,1,10,2024,1,64,11.0,,11902
8043416,1,1,1,10,2024,1,34,10.0,1300000.0,11918
8043417,1,3,1,10,2024,1,25,10.0,,11922
8043418,1,1,1,10,2024,1,60,5.0,1000000.0,11924
8043419,1,1,1,10,2024,2,58,10.0,1600000.0,11926
8043420,1,1,1,10,2024,1,90,3.0,,11928
8043421,1,1,1,10,2024,1,68,10.0,,11929
8043425,1,4,1,10,2024,2,7,3.0,,11941
8043427,1,1,1,10,2024,2,21,5.0,,11943
8043430,1,4,1,10,2024,1,40,8.0,750000.0,11952
8043431,1,1,1,10,2024,2,49,4.0,,11953
8043431,1,2,1,10,2024,1,28,6.0,2300000.0,11954
8043431,1,3,1,10,2024,2,14,4.0,,11955
8043431,1,4,1,10,2024,2,5,1.0,,11956
8043432,1,4,1,10,2024,2,16,4.0,,11960
8043433,1,3,1,10,2024,2,29,1.0,,11963
8043434,1,1,1,10,2024,1,56,3.0,750000.0,11964
8043435,1,1,1,10,2024,2,63,3.0,600000.0,11968
8043438,1,4,1,10,2024,2,1,,,11974
8043440,1,1,1,10,2024,1,30,5.0,1000000.0,11976
8043440,1,2,1,10,2024,2,27,6.0,,11977
8043444,1,4,1,10,2024,2,12,3.0,,11988
8043444,1,5,1,10,2024,2,3,1.0,,11989
8043445,1,2,1,10,2024,1,46,3.0,1300000.0,11991
8043447,1,2,1,10,2024,2,18,4.0,,11999
8043451,1,2,1,10,2024,2,57,4.0,,12007
8043451,1,3,1,10,2024,2,39,9.0,,12008
8043454,1,1,1,10,2024,1,60,4.0,,12009
8043454,1,3,1,10,2024,2,20,9.0,1300000.0,12011
8043458,1,2,1,10,2024,2,62,4.0,,12022
8043460,1,2,1,10,2024,2,67,4.0,,12025
8043460,1,3,1,10,2024,1,43,4.0,,12026
8043463,1,1,1,10,2024,2,71,1.0,600000.0,12035
8043463,1,2,1,10,2024,2,37,3.0,,12036
8043463,1,3,1,10,2024,2,13,4.0,,12037
8043464,1,1,1,10,2024,2,64,4.0,101500.0,12038
8043464,1,3,1,10,2024,2,14,4.0,,12040
8043464,1,4,1,10,2024,1,5,2.0,,12041
8043464,1,6,1,10,2024,1,20,5.0,800000.0,12043
8043465,1,3,1,10,2024,2,2,,,12049
8043467,1,1,1,10,2024,1,32,10.0,3500000.0,12050
8043468,1,2,1,10,2024,2,41,5.0,800000.0,12054
8043468,1,3,1,10,2024,2,28,10.0,,12055
8043469,1,1,1,10,2024,2,45,7.0,1800000.0,12057
8043471,1,2,1,10,2024,2,42,5.0,,12063
8043471,1,3,1,10,2024,1,10,3.0,,12064
8043473,1,2,1,10,2024,1,33,5.0,1000000.0,12066
8043474,1,4,1,10,2024,1,7,3.0,,12072
8043475,1,1,1,10,2024,2,42,8.0,,12073
8043477,1,4,1,10,2024,1,17,5.0,,12081
8043481,1,3,1,10,2024,2,2,,,12096
8043482,1,1,1,10,2024,1,73,10.0,,12097
8043482,1,2,1,10,2024,2,66,10.0,,12098
8043482,1,3,1,10,2024,1,29,10.0,1500000.0,12099
8043483,1,1,1,10,2024,2,93,1.0,,12100
8043483,1,2,1,10,2024,1,60,3.0,400000.0,12101
8043484,1,1,1,10,2024,1,28,5.0,1000000.0,12102
8043484,1,2,1,10,2024,2,26,5.0,,12103
8043484,1,3,1,10,2024,2,10,3.0,,12104
8043485,1,1,1,10,2024,1,58,3.0,1800000.0,12106
8043485,1,2,1,10,2024,2,58,5.0,400000.0,12107
8043485,1,3,1,10,2024,2,18,5.0,,12108
8043486,1,4,1,10,2024,1,52,3.0,450000.0,12113
8043486,2,1,2,10,2024,2,38,5.0,1300000.0,12114
8043486,2,2,2,10,2024,1,40,5.0,600000.0,12115
8043486,2,4,2,10,2024,1,13,4.0,,12117
8043487,1,4,1,10,2024,1,8,3.0,,12122
8043487,1,5,1,10,2024,1,6,3.0,,12123
8043487,1,6,1,10,2024,1,5,2.0,,12124
8043489,1,2,1,10,2024,2,87,1.0,,12127
8043491,1,3,1,10,2024,2,3,2.0,,12135
8043492,1,1,1,10,2024,2,45,5.0,,12136
8043492,1,3,1,10,2024,1,12,4.0,,12138
8043494,1,1,1,10,2024,1,63,10.0,1000000.0,12142
8043496,1,1,1,10,2024,1,64,10.0,4000000.0,12145
8043498,1,1,1,10,2024,1,45,5.0,450000.0,12150
8043498,1,3,1,10,2024,1,25,5.0,1000000.0,12152
8043499,1,1,1,10,2024,2,67,3.0,35000.0,12155
8043499,1,3,1,10,2024,2,40,5.0,1300000.0,12157
8043499,1,6,1,10,2024,1,27,8.0,250000.0,12160
8043500,1,2,1,10,2024,1,15,5.0,,12163
8043502,1,2,1,10,2024,2,44,10.0,,12168
8043503,1,3,1,10,2024,1,49,8.0,1450000.0,12174
8043503,1,4,1,10,2024,2,26,10.0,,12175
8043504,1,1,1,10,2024,1,47,8.0,5500000.0,12176
8043505,1,3,1,10,2024,2,19,8.0,,12183
8043510,1,4,1,10,2024,1,13,4.0,,12203
8043511,1,2,1,10,2024,2,33,8.0,,12205
8043511,1,3,1,10,2024,2,11,4.0,,12206
8043511,1,4,1,10,2024,2,2,,,12207
8043512,1,1,1,10,2024,2,64,4.0,150000.0,12208
8043514,1,2,1,10,2024,1,65,5.0,,12213
8043515,1,1,1,10,2024,1,67,3.0,700000.0,12214
8043516,1,2,1,10,2024,1,42,8.0,2400000.0,12216
8043517,1,1,1,10,2024,2,45,5.0,1300000.0,12217
8043519,1,3,1,10,2024,2,14,4.0,,12226
8043519,1,5,1,10,2024,2,10,4.0,,12228
8043520,1,2,1,10,2024,2,21,10.0,,12230
8043522,1,2,1,10,2024,2,35,10.0,,12236
8043522,1,3,1,10,2024,1,12,4.0,,12237
8043523,1,3,1,10,2024,2,28,10.0,,12240
8043524,1,2,1,10,2024,2,79,5.0,,12243
8043526,1,1,1,10,2024,2,18,10.0,,12246
8043527,1,1,1,10,2024,1,77,8.0,,12247
8043528,1,1,1,10,2024,2,49,3.0,1300000.0,12249
8043529,1,1,1,10,2024,1,61,4.0,,12252
8043531,1,2,1,10,2024,2,62,5.0,,12257
8043533,1,3,1,10,2024,1,32,5.0,,12261
8043534,1,3,1,10,2024,1,6,3.0,,12264
8043535,1,1,1,10,2024,2,21,10.0,,12265
8043536,1,2,1,10,2024,2,87,3.0,,12267
8043536,1,3,1,10,2024,2,61,8.0,,12268
8043538,1,2,1,10,2024,2,8,3.0,,12271
8043541,1,1,1,10,2024,2,60,3.0,,12276
8043544,1,3,1,10,2024,2,30,3.0,280000.0,12288
8043544,1,4,1,10,2024,2,28,10.0,1300000.0,12289
8043545,1,1,1,10,2024,2,25,5.0,,12290
8043545,1,2,1,10,2024,1,10,3.0,,12291
8043545,1,3,1,10,2024,1,2,,,12292
8043545,1,4,1,10,2024,1,22,4.0,1500000.0,12293
8043546,1,1,1,10,2024,2,32,8.0,1550000.0,12294
8043548,1,1,1,10,2024,2,55,3.0,,12298
8043559,1,1,1,10,2024,1,57,10.0,,12301
8043560,1,1,1,10,2024,1,54,11.0,20000000.0,12304
8043560,1,4,1,10,2024,2,37,5.0,1800000.0,12307
8043562,1,1,1,10,2024,1,65,11.0,,12313
8043562,1,2,1,10,2024,2,48,11.0,4000000.0,12314
8043562,1,3,1,10,2024,1,24,10.0,,12315
8043562,1,5,1,10,2024,1,11,3.0,,12317
8043566,1,1,1,10,2024,1,73,11.0,,12320
8043568,1,1,1,10,2024,1,51,11.0,,12322
8043568,1,4,1,10,2024,1,3,2.0,,12325
8043569,1,1,1,10,2024,2,42,4.0,800000.0,12326
8043570,1,2,1,10,2024,1,54,5.0,1300000.0,12330
8043571,1,1,1,10,2024,2,57,4.0,,12332
8043571,1,2,1,10,2024,1,16,10.0,,12333
8043572,1,1,1,10,2024,2,76,4.0,,12334
8043576,1,2,1,10,2024,2,16,5.0,,12342
8043578,1,5,1,10,2024,1,11,4.0,,12354
8043579,1,4,1,10,2024,1,12,4.0,,12358
8043580,1,5,1,10,2024,1,11,3.0,,12364
8043581,1,2,1,10,2024,1,38,3.0,,12366
8043582,1,2,1,10,2024,1,26,5.0,800000.0,12368
8043584,1,2,1,10,2024,1,38,8.0,4000000.0,12372
8043584,1,3,1,10,2024,2,17,5.0,,12373
8043585,1,2,1,10,2024,2,6,2.0,,12376
8043586,1,2,1,10,2024,1,20,10.0,,12379
8043586,1,3,1,10,2024,1,25,10.0,,12380
8043589,1,1,1,10,2024,1,62,10.0,5000000.0,12385
8043590,1,1,1,10,2024,1,47,3.0,1400000.0,12386
8043591,1,1,1,10,2024,2,49,1.0,100000.0,12388
8043592,1,1,1,10,2024,2,46,3.0,600000.0,12390
8043592,1,2,1,10,2024,1,10,3.0,,12391
8043593,1,1,1,10,2024,2,62,3.0,,12392
8043593,1,2,1,10,2024,2,36,8.0,,12393
8043593,1,4,1,10,2024,1,16,4.0,,12395
8043597,1,4,1,10,2024,2,5,2.0,,12405
8043603,1,1,1,10,2024,1,25,10.0,1000000.0,12414
8043603,1,2,1,10,2024,2,30,5.0,,12415
8043605,1,1,1,10,2024,2,67,5.0,,12422
8043605,1,2,1,10,2024,2,28,5.0,400000.0,12423
8043605,1,3,1,10,2024,2,4,1.0,,12424
8043608,1,2,1,10,2024,1,29,8.0,400000.0,12428
8043608,1,3,1,10,2024,2,27,5.0,1300000.0,12429
8043610,1,1,1,10,2024,2,56,5.0,420000.0,12435
8043613,1,2,1,10,2024,2,38,5.0,,12444
8043613,1,3,1,10,2024,1,9,3.0,,12445
8043613,1,4,1,10,2024,2,69,3.0,,12446
8043615,1,1,1,10,2024,1,59,3.0,,12451
8043615,1,2,1,10,2024,2,68,3.0,,12452
8043617,1,3,1,10,2024,2,10,4.0,,12458
8043618,1,1,1,10,2024,1,36,5.0,800000.0,12459
8043618,1,2,1,10,2024,2,39,5.0,,12460
8043619,1,1,1,10,2024,1,26,4.0,600000.0,12462
8043619,1,2,1,10,2024,2,22,5.0,,12463
8043621,1,2,1,10,2024,1,24,10.0,,12468
8043627,1,1,1,10,2024,1,60,3.0,500000.0,12475
8043630,1,2,1,10,2024,2,8,3.0,,12481
8043630,1,4,1,10,2024,1,1,,,12483
8043631,1,1,1,10,2024,2,36,8.0,2000000.0,12484
8043632,1,3,1,10,2024,1,14,4.0,,12487
8043632,1,4,1,10,2024,2,12,4.0,,12488
8043633,1,2,1,10,2024,2,26,8.0,,12491
8043634,1,1,1,10,2024,1,40,5.0,1300000.0,12495
8043634,1,2,1,10,2024,2,25,8.0,,12496
8043640,1,3,1,10,2024,2,18,5.0,,12508
8043640,1,4,1,10,2024,2,14,4.0,,12509
8043640,1,5,1,10,2024,2,99,3.0,,12510
8043641,1,1,1,10,2024,2,51,4.0,350000.0,12511
8043641,1,3,1,10,2024,1,20,5.0,,12513
8043644,1,1,1,10,2024,2,86,1.0,,12523
8043644,1,2,1,10,2024,1,22,5.0,,12524
8043645,1,1,1,10,2024,2,77,3.0,,12527
8043645,1,3,1,10,2024,1,25,10.0,,12529
8043645,1,4,1,10,2024,2,22,5.0,,12530
8043646,1,1,1,10,2024,1,34,5.0,700000.0,12531
8043646,1,5,1,10,2024,1,59,3.0,,12535
8043647,1,2,1,10,2024,2,61,4.0,75000.0,12537
8043648,1,1,1,10,2024,2,19,4.0,300000.0,12538
8043648,1,3,1,10,2024,2,2,,,12540
8043648,1,4,1,10,2024,1,0,,,12541
8043652,1,1,1,10,2024,1,41,10.0,2000000.0,12547
8043652,1,3,1,10,2024,2,23,10.0,1500000.0,12549
8043653,1,2,1,10,2024,2,15,4.0,,12551
8043653,1,3,1,10,2024,1,9,3.0,,12552
8043654,1,4,1,10,2024,1,24,10.0,,12556
8043654,1,5,1,10,2024,2,22,5.0,60000.0,12557
8043654,1,6,1,10,2024,2,19,5.0,,12558
8043656,1,1,1,10,2024,1,27,5.0,3000000.0,12561
8043657,1,2,1,10,2024,2,37,10.0,12000000.0,12565
8043658,1,1,1,10,2024,1,65,3.0,800000.0,12566
8043660,1,1,1,10,2024,1,60,3.0,1300000.0,12572
8043663,1,2,1,10,2024,2,44,5.0,,12578
8043664,1,4,1,10,2024,2,2,,,12582
8043665,1,2,1,10,2024,2,42,8.0,500000.0,12584
8043665,1,5,1,10,2024,2,14,4.0,,12587
8043666,1,3,1,10,2024,2,17,5.0,,12590
8043669,1,1,1,10,2024,2,31,3.0,600000.0,12596
8043669,1,4,1,10,2024,2,15,3.0,,12599
8043669,1,5,1,10,2024,1,11,3.0,,12600
8043669,1,6,1,10,2024,1,8,3.0,,12601
8043670,1,1,1,10,2024,2,60,4.0,,12603
8043673,1,1,1,10,2024,2,81,3.0,,12609
8043676,1,2,1,10,2024,1,17,5.0,900000.0,12614
8043678,1,4,1,10,2024,1,8,3.0,,12619
8043681,1,1,1,10,2024,1,40,10.0,4500000.0,12620
8043682,1,1,1,10,2024,2,51,5.0,1200000.0,12623
8043683,1,1,1,10,2024,2,47,10.0,1300000.0,12624
8043686,1,1,1,10,2024,1,27,5.0,950000.0,12627
8043687,1,4,1,10,2024,2,29,5.0,,12632
8043688,1,1,1,10,2024,1,49,1.0,1200000.0,12633
8043688,1,2,1,10,2024,2,33,5.0,,12634
8043694,1,2,1,10,2024,2,60,5.0,,12645
8043695,1,1,1,10,2024,1,55,3.0,1300000.0,12646
8043695,1,4,1,10,2024,1,15,4.0,,12649
8043698,1,2,1,10,2024,1,36,5.0,1200000.0,12657
8043698,1,3,1,10,2024,2,15,5.0,,12658
8043701,1,4,1,10,2024,1,7,3.0,,12668
8043701,1,5,1,10,2024,1,4,1.0,,12669
8043703,1,4,1,10,2024,1,16,4.0,,12677
8043704,1,2,1,10,2024,1,19,4.0,900000.0,12680
8043706,1,1,1,10,2024,1,46,11.0,4100000.0,12684
8043706,1,4,1,10,2024,1,14,4.0,,12687
8043707,1,1,1,10,2024,1,59,10.0,8500000.0,12688
8043707,1,2,1,10,2024,2,61,10.0,17000000.0,12689
8043707,1,3,1,10,2024,1,27,10.0,6000000.0,12690
8043709,1,1,1,10,2024,1,48,11.0,3400000.0,12693
8043712,1,1,1,10,2024,2,77,8.0,,12698
8043718,1,1,1,10,2024,2,47,5.0,1000000.0,12709
8043721,1,1,1,10,2024,2,38,4.0,,12715
8043722,1,4,1,10,2024,2,11,4.0,,12723
8043723,1,1,1,10,2024,2,62,8.0,1280000.0,12724
8043723,1,3,1,10,2024,1,10,3.0,,12726
8043724,1,1,1,10,2024,1,64,3.0,140000.0,12727
8043726,1,1,1,10,2024,1,32,10.0,850000.0,12732
8043727,1,2,1,10,2024,1,11,1.0,,12734
8043727,1,4,1,10,2024,1,3,1.0,,12736
8043727,1,5,1,10,2024,1,2,,,12737
8043728,1,3,1,10,2024,2,32,8.0,600000.0,12740
8043729,1,1,1,10,2024,1,63,5.0,,12743
8043729,1,2,1,10,2024,2,57,5.0,,12744
8043730,1,1,1,10,2024,2,24,5.0,,12745
8043730,1,2,1,10,2024,1,32,5.0,600000.0,12746
8043731,1,1,1,10,2024,2,48,8.0,600000.0,12748
8043731,1,2,1,10,2024,1,16,5.0,,12749
8043734,1,2,1,10,2024,1,19,4.0,0.0,12753
8043734,1,3,1,10,2024,1,12,3.0,,12754
8043735,1,4,1,10,2024,1,8,3.0,,12758
8043736,1,1,1,10,2024,2,30,4.0,,12760
8043736,1,3,1,10,2024,2,5,2.0,,12762
8043739,1,2,1,10,2024,2,40,10.0,3000000.0,12764
8043740,1,1,1,10,2024,2,41,3.0,,12767
8043741,1,2,1,10,2024,2,24,5.0,,12770
8043744,1,1,1,10,2024,2,52,5.0,400000.0,12777
8043745,1,1,1,10,2024,2,29,9.0,,12780
8043750,1,1,1,10,2024,1,57,5.0,1400000.0,12794
8043750,1,3,1,10,2024,1,21,10.0,,12796
8043750,1,5,1,10,2024,2,15,4.0,,12798
8043751,1,1,1,10,2024,2,45,5.0,,12799
8043752,1,3,1,10,2024,2,19,5.0,,12805
8043753,1,3,1,10,2024,1,1,,,12810
8043754,1,2,1,10,2024,2,64,10.0,3200000.0,12813
8043755,1,1,1,10,2024,2,34,8.0,2200000.0,12814
8043756,1,5,1,10,2024,1,7,3.0,,12820
8043758,1,1,1,10,2024,2,40,5.0,600000.0,12823
8043758,1,3,1,10,2024,2,10,3.0,,12825
8043760,1,2,1,10,2024,2,34,6.0,1496000.0,12829
8043761,1,1,1,10,2024,1,76,5.0,,12831
8043762,1,1,1,10,2024,1,42,10.0,4800000.0,12832
8043762,1,3,1,10,2024,1,9,3.0,,12834
8043762,1,4,1,10,2024,1,5,2.0,,12835
8043764,1,1,1,10,2024,1,46,3.0,1500000.0,12838
8043767,1,3,1,10,2024,1,13,4.0,,12851
8043768,1,1,1,10,2024,2,41,5.0,,12852
8043768,1,3,1,10,2024,2,5,1.0,,12854
8043769,1,2,1,10,2024,2,56,3.0,700000.0,12857
8043771,1,2,1,10,2024,1,16,5.0,,12861
8043772,1,5,1,10,2024,2,3,1.0,,12868
8043773,1,2,1,10,2024,1,40,5.0,,12870
8043774,1,2,1,10,2024,2,13,4.0,,12872
8043775,1,1,1,10,2024,1,76,4.0,,12873
8043776,1,1,1,10,2024,1,29,4.0,,12875
8043776,1,2,1,10,2024,2,25,4.0,,12876
8043778,1,1,1,10,2024,1,63,1.0,,12881
8043780,1,1,1,10,2024,1,57,3.0,900000.0,12883
8043781,1,1,1,10,2024,1,25,5.0,1500000.0,12885
8043783,1,1,1,10,2024,2,66,4.0,,12890
8043784,1,1,1,10,2024,2,36,4.0,,12896
8043784,1,2,1,10,2024,1,29,1.0,1200000.0,12897
8043785,1,2,1,10,2024,1,33,5.0,1000000.0,12901
8043786,1,3,1,10,2024,2,21,8.0,,12904
8043788,1,4,1,10,2024,2,3,1.0,,12912
8043790,1,1,1,10,2024,1,29,3.0,900000.0,12915
8043791,1,3,1,10,2024,1,5,2.0,,12921
8043792,1,1,1,10,2024,1,57,3.0,800000.0,12923
8043792,1,3,1,10,2024,2,25,5.0,,12925
8043792,1,4,1,10,2024,2,22,4.0,400000.0,12926
8043794,1,2,1,10,2024,2,27,10.0,,12930
8043795,1,2,1,10,2024,1,10,3.0,,12933
8043795,1,3,1,10,2024,1,65,4.0,250000.0,12934
8043798,1,2,1,10,2024,2,29,10.0,800000.0,12941
8043800,1,1,1,10,2024,2,34,5.0,740000.0,12944
8043800,1,2,1,10,2024,2,17,5.0,,12945
8043808,1,1,1,10,2024,1,69,10.0,,12959
8043809,1,2,1,10,2024,2,72,1.0,,12965
8043810,1,1,1,10,2024,2,44,5.0,1300000.0,12966
8043812,1,1,1,10,2024,2,69,3.0,,12969
8043812,1,2,1,10,2024,2,48,8.0,1800000.0,12970
8043814,1,1,1,10,2024,2,70,6.0,,12974
8043816,1,1,1,10,2024,1,46,10.0,,12977
8043816,1,3,1,10,2024,2,15,4.0,,12979
8043819,1,2,1,10,2024,2,28,10.0,,12986
8043820,1,1,1,10,2024,1,27,5.0,1000000.0,12987
8043822,1,3,1,10,2024,1,43,5.0,,12990
8043822,1,4,1,10,2024,2,34,11.0,2200000.0,12991
8043827,1,1,1,10,2024,1,79,3.0,,12993
8043828,1,1,1,10,2024,1,71,3.0,,12994
8043829,1,2,1,10,2024,2,65,3.0,,12997
8043831,1,2,1,10,2024,2,21,5.0,,13002
8043832,1,1,1,10,2024,1,67,4.0,300000.0,13003
8043833,1,3,1,10,2024,2,9,3.0,,13006
8043834,1,5,1,10,2024,2,44,8.0,500000.0,13011
8043834,1,7,1,10,2024,2,15,4.0,,13013
8043836,1,3,1,10,2024,1,34,6.0,800000.0,13021
8043837,1,1,1,10,2024,2,71,3.0,,13023
8043841,1,3,1,10,2024,2,8,3.0,,13033
8043842,1,2,1,10,2024,2,24,10.0,,13035
8043848,1,2,1,10,2024,1,41,3.0,1800000.0,13038
8043849,1,1,1,10,2024,1,60,8.0,1400000.0,13040
8043850,1,1,1,10,2024,2,75,3.0,,13043
8043850,1,5,1,10,2024,1,36,8.0,1300000.0,13047
8043851,1,2,1,10,2024,2,42,3.0,1300000.0,13049
8043851,1,4,1,10,2024,2,11,4.0,,13051
8043853,1,3,1,10,2024,1,26,10.0,,13056
8043856,1,2,1,10,2024,2,53,3.0,65000.0,13062
8043858,1,1,1,10,2024,2,78,9.0,,13064
8043861,1,2,1,10,2024,2,24,10.0,1300000.0,13072
8043862,1,2,1,10,2024,1,33,1.0,,13074
8043864,1,3,1,10,2024,1,28,12.0,2500000.0,13078
8043864,1,6,1,10,2024,2,87,4.0,,13081
8043865,1,1,1,10,2024,1,60,12.0,,13082
8043866,1,3,1,10,2024,2,27,10.0,2200000.0,13085
8043869,1,3,1,10,2024,1,17,5.0,,13091
8043871,1,1,1,10,2024,2,70,5.0,,13095
8043872,1,1,1,10,2024,2,100,1.0,,13097
8043872,1,4,1,10,2024,1,59,8.0,1600000.0,13100
8043873,1,3,1,10,2024,2,27,5.0,1300000.0,13103
8043874,1,2,1,10,2024,1,20,8.0,,13108
8043875,1,2,1,10,2024,2,11,3.0,,13112
8043876,1,4,1,10,2024,1,15,4.0,,13117
8043878,1,2,1,10,2024,2,19,5.0,,13123
8043879,1,4,1,10,2024,2,55,3.0,,13128
8043880,1,1,1,10,2024,2,73,3.0,,13129
8043881,1,1,1,10,2024,1,57,8.0,1300000.0,13130
8043884,1,1,1,10,2024,1,66,12.0,,13136
8043884,1,3,1,10,2024,1,25,10.0,3200000.0,13138
8043885,1,3,1,10,2024,1,54,10.0,,13141
8043886,1,1,1,10,2024,1,62,3.0,200000.0,13143
8043887,1,1,1,10,2024,2,60,1.0,,13145
8043888,1,3,1,10,2024,1,6,3.0,,13148
8043890,1,3,1,10,2024,1,0,,,13153
8043891,1,1,1,10,2024,1,62,4.0,1400000.0,13154
8043891,1,2,1,10,2024,2,54,8.0,,13155
8043892,1,2,1,10,2024,2,55,6.0,,13157
8043894,1,1,1,10,2024,1,59,11.0,3000000.0,13159
8043895,1,2,1,10,2024,2,46,11.0,,13161
8043897,1,1,1,10,2024,2,34,11.0,10000000.0,13166
8043898,1,1,1,10,2024,1,59,11.0,2000000.0,13167
8043899,1,1,1,10,2024,2,55,12.0,3900000.0,13169
8043900,1,4,1,10,2024,1,0,,,13173
8043901,1,1,1,10,2024,1,52,5.0,,13174
8043902,1,1,1,10,2024,2,44,11.0,,13178
8043903,1,2,1,10,2024,1,69,8.0,,13181
8043904,1,1,1,10,2024,1,55,5.0,,13182
8043904,1,4,1,10,2024,1,22,10.0,1300000.0,13185
8043905,1,1,1,10,2024,1,34,10.0,900000.0,13186
8043909,1,1,1,10,2024,2,38,10.0,800000.0,13193
8043909,1,2,1,10,2024,2,15,5.0,,13194
8043909,1,5,1,10,2024,2,57,5.0,,13197
8043911,1,1,1,10,2024,1,50,10.0,2600000.0,13201
8043912,1,1,1,10,2024,1,71,3.0,,13204
8043913,1,1,1,10,2024,1,77,5.0,,13206
8043913,1,2,1,10,2024,2,72,10.0,,13207
8043915,1,2,1,10,2024,2,26,8.0,,13211
8043919,1,3,1,10,2024,1,11,3.0,,13221
8043920,1,2,1,10,2024,2,77,3.0,,13223
8043922,1,1,1,10,2024,2,54,3.0,,13226
8043923,1,2,1,10,2024,1,39,4.0,2000000.0,13230
8043924,1,1,1,10,2024,1,34,10.0,4000000.0,13232
8043925,1,1,1,10,2024,1,33,5.0,2000000.0,13236
8043926,1,2,1,10,2024,2,18,10.0,,13240
8043927,1,4,1,10,2024,2,17,10.0,,13244
8043928,1,5,1,10,2024,2,71,6.0,,13249
8043928,1,6,1,10,2024,1,43,5.0,,13250
8043931,1,1,1,10,2024,2,87,3.0,,13253
8043932,1,1,1,10,2024,1,48,5.0,4000000.0,13254
8043937,1,1,1,10,2024,2,49,3.0,,13259
8043937,1,2,1,10,2024,1,22,8.0,175000.0,13260
8043938,1,1,1,10,2024,1,58,3.0,1000000.0,13261
8043939,1,1,1,10,2024,1,67,3.0,400000.0,13263
8043940,1,1,1,10,2024,2,81,1.0,20000.0,13264
8043941,1,1,1,10,2024,1,33,3.0,400000.0,13266
8043941,1,3,1,10,2024,1,12,4.0,,13268
8043941,1,4,1,10,2024,2,6,3.0,,13269
8043944,1,4,1,10,2024,2,11,3.0,,13282
8043944,1,5,1,10,2024,1,26,1.0,350000.0,13283
8043945,1,1,1,10,2024,2,53,5.0,700000.0,13288
8043946,1,3,1,10,2024,1,9,3.0,,13294
8043946,1,4,1,10,2024,1,6,3.0,,13295
8043948,1,1,1,10,2024,1,34,9.0,1100000.0,13297
8043948,1,3,1,10,2024,2,0,,,13299
8043949,1,1,1,10,2024,1,33,5.0,1300000.0,13300
8043949,1,4,1,10,2024,2,18,7.0,,13303
8043950,1,1,1,10,2024,1,32,4.0,1000000.0,13304
8043955,1,1,1,10,2024,1,26,3.0,850000.0,13314
8043955,1,3,1,10,2024,1,12,3.0,,13316
8043956,1,6,1,10,2024,1,7,3.0,,13324
8043957,1,1,1,10,2024,1,59,3.0,850000.0,13326
8043958,1,1,1,10,2024,2,33,8.0,1300000.0,13330
8043958,1,3,1,10,2024,1,18,10.0,,13332
8043958,1,4,1,10,2024,2,9,4.0,,13333
8043959,1,2,1,10,2024,2,55,5.0,,13335
8043959,1,4,1,10,2024,2,20,5.0,,13337
8043960,1,1,1,10,2024,2,55,3.0,1200000.0,13338
8043960,1,3,1,10,2024,1,18,9.0,,13340
8043961,1,4,1,10,2024,1,13,4.0,,13344
8043961,1,5,1,10,2024,2,7,3.0,,13345
8043962,1,3,1,10,2024,2,5,2.0,,13350
8043963,1,2,1,10,2024,1,33,10.0,500000.0,13352
8043963,1,3,1,10,2024,1,18,5.0,,13353
8043965,1,3,1,10,2024,2,6,2.0,,13358
8043969,1,2,1,10,2024,2,63,3.0,600000.0,13364
8043970,1,1,1,10,2024,2,57,5.0,1300000.0,13365
8043971,1,2,1,10,2024,1,29,10.0,1300000.0,13367
8043972,1,4,1,10,2024,1,4,2.0,,13371
8043976,1,2,1,10,2024,2,16,6.0,,13373
8043982,1,4,1,10,2024,1,10,3.0,,13381
8043983,1,4,1,10,2024,2,25,4.0,,13386
8043990,1,2,1,10,2024,2,47,10.0,1300000.0,13393
8043990,1,3,1,10,2024,1,16,5.0,,13394
8043996,1,1,1,10,2024,1,43,3.0,1920000.0,13406
8043998,1,1,1,10,2024,2,39,5.0,1000000.0,13409
8043998,1,3,1,10,2024,2,16,5.0,,13411
8043999,1,3,1,10,2024,1,15,5.0,,13415
8044002,1,1,1,10,2024,2,48,11.0,,13416
8044002,1,3,1,10,2024,2,25,7.0,700000.0,13418
8044004,1,1,1,10,2024,1,30,8.0,1300000.0,13420
8044004,1,2,1,10,2024,2,56,4.0,,13421
8044006,1,1,1,10,2024,1,36,8.0,1300000.0,13424
8044006,1,2,1,10,2024,2,37,10.0,,13425
8044006,1,3,1,10,2024,1,15,4.0,,13426
8044006,1,4,1,10,2024,1,10,3.0,,13427
8044007,1,2,1,10,2024,2,66,5.0,,13430
8044008,1,2,1,10,2024,1,57,4.0,700000.0,13434
8044012,1,1,1,10,2024,2,36,9.0,1300000.0,13440
8044012,1,3,1,10,2024,2,16,5.0,,13442
8044013,1,3,1,10,2024,2,15,4.0,,13446
8044014,1,1,1,10,2024,2,25,6.0,,13447
8044014,1,2,1,10,2024,2,5,2.0,,13448
8044014,1,3,1,10,2024,2,10,4.0,,13449
8044014,1,4,1,10,2024,2,25,5.0,,13450
8044016,1,4,1,10,2024,1,23,10.0,3600000.0,13455
8044016,2,1,2,10,2024,2,29,9.0,2000000.0,13456
8044016,2,3,2,10,2024,2,8,3.0,,13458
8044021,1,1,1,10,2024,2,44,8.0,1300000.0,13460
8044024,1,2,1,10,2024,1,48,4.0,,13466
8044024,1,5,1,10,2024,2,0,,,13469
8044025,1,5,1,10,2024,2,19,6.0,,13474
8044026,1,1,1,10,2024,2,61,3.0,,13475
8044027,1,3,1,10,2024,2,27,5.0,1300000.0,13480
8044028,1,2,1,10,2024,2,11,4.0,,13483
8044029,1,1,1,10,2024,1,34,9.0,,13484
8044037,1,4,1,10,2024,2,18,8.0,,13489
8044038,1,1,1,10,2024,1,44,8.0,3000000.0,13490
8044039,1,3,1,10,2024,1,18,5.0,50000.0,13494
8044040,1,2,1,10,2024,2,63,3.0,,13496
8044045,1,4,1,10,2024,2,35,9.0,2500000.0,13508
8044046,1,1,1,10,2024,1,59,5.0,6000000.0,13510
8044048,1,3,1,10,2024,1,19,5.0,,13517
8044051,1,1,1,10,2024,2,73,1.0,,13524
8044053,1,1,1,10,2024,1,60,3.0,1000000.0,13528
8044053,1,4,1,10,2024,2,1,,,13531
8044054,1,2,1,10,2024,1,40,3.0,1150000.0,13534
8044055,1,2,1,10,2024,2,63,9.0,,13538
8044056,1,2,1,10,2024,2,23,5.0,,13541
8044056,1,4,1,10,2024,2,3,1.0,,13543
8044060,1,1,1,10,2024,2,33,5.0,600000.0,13551
8044060,1,2,1,10,2024,1,37,4.0,700000.0,13552
8044061,1,1,1,10,2024,1,59,4.0,1300000.0,13553
8044061,1,2,1,10,2024,2,51,4.0,,13554
8044064,1,2,1,10,2024,2,23,5.0,1500000.0,13560
8044067,1,2,1,10,2024,2,35,4.0,,13563
8044067,1,4,1,10,2024,2,1,,,13565
8044067,1,7,1,10,2024,2,9,3.0,,13568
8044068,1,2,1,10,2024,1,23,5.0,,13570
8044068,1,3,1,10,2024,1,22,4.0,2500000.0,13571
8044069,1,1,1,10,2024,1,59,3.0,,13577
8044069,1,3,1,10,2024,1,30,3.0,,13579
8044070,1,2,1,10,2024,1,14,4.0,,13581
8044070,1,3,1,10,2024,1,11,4.0,,13582
8044071,1,1,1,10,2024,1,77,3.0,1200000.0,13584
8044071,1,3,1,10,2024,1,22,5.0,,13586
8044072,1,1,1,10,2024,2,68,3.0,280000.0,13587
8044072,1,2,1,10,2024,2,26,5.0,600000.0,13588
8044075,1,3,1,10,2024,1,32,10.0,3900000.0,13601
8044076,1,4,1,10,2024,2,86,1.0,,13605
8044077,1,1,1,10,2024,2,57,4.0,900000.0,13606
8044078,1,3,1,10,2024,1,17,4.0,,13610
8044079,1,3,1,10,2024,1,25,5.0,1000000.0,13613
8044081,1,2,1,10,2024,2,24,10.0,,13615
8044087,1,2,1,10,2024,1,21,10.0,2400000.0,13629
8044087,1,3,1,10,2024,1,12,4.0,,13630
8044087,1,4,1,10,2024,1,12,3.0,,13631
8044089,1,1,1,10,2024,1,36,10.0,1800000.0,13633
8044089,1,2,1,10,2024,2,41,8.0,1500000.0,13634
8044089,1,4,1,10,2024,1,2,,,13636
8044090,1,2,1,10,2024,2,55,9.0,1600000.0,13638
8044092,1,2,1,10,2024,2,8,3.0,,13643
8044096,1,2,1,10,2024,2,42,9.0,3500000.0,13651
8044096,1,3,1,10,2024,1,8,3.0,,13652
8044107,1,1,1,10,2024,2,28,8.0,1350000.0,13663
8044108,1,2,1,10,2024,2,42,10.0,2600000.0,13665
8044109,1,2,1,10,2024,1,52,8.0,1200000.0,13667
8044114,1,1,1,10,2024,1,47,5.0,1300000.0,13676
8044119,1,1,1,10,2024,1,68,4.0,2400000.0,13679
8044120,1,2,1,10,2024,1,8,3.0,,13683
8044120,1,3,1,10,2024,1,3,1.0,,13684
8044122,1,2,1,10,2024,2,63,5.0,,13689
8044122,1,3,1,10,2024,2,13,4.0,,13690
8044127,1,1,1,10,2024,1,26,6.0,1400000.0,13700
8044127,1,2,1,10,2024,1,23,6.0,1300000.0,13701
8044129,1,1,1,10,2024,2,57,8.0,2000000.0,13703
8044130,1,1,1,10,2024,2,80,3.0,,13705
8044132,1,1,1,10,2024,1,50,3.0,,13711
8044133,1,2,1,10,2024,1,55,4.0,1300000.0,13713
8044134,1,4,1,10,2024,1,9,1.0,,13719
8044135,1,1,1,10,2024,2,59,8.0,1500000.0,13721
8044136,1,3,1,10,2024,2,67,3.0,,13725
8044138,1,1,1,10,2024,1,34,5.0,3000000.0,13732
8044138,1,2,1,10,2024,2,35,4.0,,13733
8044138,1,3,1,10,2024,2,13,4.0,,13734
8044139,1,1,1,10,2024,1,48,4.0,,13736
8044141,1,2,1,10,2024,1,28,6.0,2300000.0,13740
8044141,1,3,1,10,2024,2,5,1.0,,13741
8044144,1,1,1,10,2024,2,42,5.0,600000.0,13747
8044144,1,3,1,10,2024,2,6,3.0,,13749
8044147,1,2,1,10,2024,2,33,10.0,,13756
8044147,1,4,1,10,2024,2,2,,,13758
8044148,1,3,1,10,2024,2,60,10.0,4000000.0,13761
8044149,1,1,1,10,2024,2,37,8.0,1600000.0,13762
8044151,1,1,1,10,2024,2,59,4.0,1300000.0,13766
8044152,1,2,1,10,2024,2,18,6.0,,13769
8044155,1,2,1,10,2024,2,42,5.0,1462000.0,13775
8044155,1,3,1,10,2024,1,19,8.0,1600000.0,13776
8044156,1,1,1,10,2024,1,53,5.0,1400000.0,13778
8044156,1,3,1,10,2024,1,24,5.0,,13780
8044156,1,5,1,10,2024,2,25,9.0,2000000.0,13782
8044160,1,2,1,10,2024,2,6,3.0,,13787
8044160,1,4,1,10,2024,1,30,4.0,700000.0,13789
8044161,1,3,1,10,2024,2,10,3.0,,13792
8044168,1,1,1,10,2024,1,27,9.0,1900000.0,13810
8044169,1,1,1,10,2024,2,54,10.0,1800000.0,13811
8044172,1,1,1,10,2024,2,51,5.0,1400000.0,13815
8044172,1,2,1,10,2024,1,17,6.0,,13816
8044173,1,2,1,10,2024,2,37,4.0,,13819
8044173,2,3,2,10,2024,1,7,3.0,,13823
8044174,1,1,1,10,2024,1,35,4.0,,13825
8044175,1,1,1,10,2024,2,57,5.0,2200000.0,13826
8044177,1,1,1,10,2024,2,62,5.0,1462000.0,13830
8044179,1,2,1,10,2024,2,25,8.0,,13833
8044180,1,1,1,10,2024,1,46,6.0,2400000.0,13837
8044182,1,1,1,10,2024,1,70,5.0,1600000.0,13840
8044187,1,1,1,10,2024,1,51,8.0,1750000.0,13846
8044187,1,2,1,10,2024,2,45,4.0,,13847
8044188,1,2,1,10,2024,2,35,8.0,2500000.0,13850
8044188,1,3,1,10,2024,2,13,4.0,,13851
8044188,1,4,1,10,2024,2,8,3.0,,13852
8044190,1,1,1,10,2024,1,26,5.0,1700000.0,13856
8044192,1,1,1,10,2024,1,28,8.0,2460000.0,13858
8044194,1,2,1,10,2024,2,31,9.0,2800000.0,13862
8044195,1,2,1,10,2024,2,12,4.0,,13864
8044199,1,1,1,10,2024,1,67,3.0,200000.0,13870
8044199,1,2,1,10,2024,2,59,3.0,200000.0,13871
8044200,1,1,1,10,2024,1,31,5.0,1100000.0,13873
8044200,1,2,1,10,2024,2,37,5.0,,13874
8044200,1,3,1,10,2024,1,8,3.0,,13875
8044202,1,1,1,10,2024,2,25,9.0,,13878
8044202,1,3,1,10,2024,1,6,3.0,,13880
8044202,1,4,1,10,2024,1,30,8.0,100000.0,13881
8044203,1,1,1,10,2024,2,57,5.0,2600000.0,13882
8044204,1,1,1,10,2024,1,28,11.0,7200000.0,13884
8044205,1,3,1,10,2024,1,14,4.0,,13887
8044205,1,4,1,10,2024,1,4,2.0,,13888
8044208,1,1,1,10,2024,1,54,3.0,700000.0,13893
8044209,1,2,1,10,2024,1,43,5.0,2400000.0,13895
8044209,1,4,1,10,2024,2,2,,,13897
8044210,1,1,1,10,2024,1,77,5.0,,13898
8044214,1,1,1,10,2024,1,37,9.0,3400000.0,13903
8044232,1,1,1,10,2024,2,33,5.0,,13911
8044232,1,3,1,10,2024,1,14,4.0,,13913
8044232,1,4,1,10,2024,1,12,4.0,,13914
8044233,1,1,1,10,2024,1,37,3.0,750000.0,13916
8044234,1,1,1,10,2024,2,36,5.0,720000.0,13917
8044235,1,1,1,10,2024,1,60,1.0,500000.0,13920
8044235,1,3,1,10,2024,1,36,4.0,350000.0,13922
8044236,1,1,1,10,2024,2,29,5.0,,13923
8044238,1,2,1,10,2024,2,46,3.0,,13934
8044241,1,3,1,10,2024,2,34,4.0,150000.0,13939
8044241,1,4,1,10,2024,1,39,3.0,500000.0,13940
8044241,1,7,1,10,2024,2,9,3.0,,13943
8044242,1,2,1,10,2024,1,3,1.0,,13946
8044243,1,2,1,10,2024,2,59,1.0,,13948
8044243,1,6,1,10,2024,1,10,3.0,,13952
8044243,1,7,1,10,2024,1,44,5.0,500000.0,13953
8044244,1,2,1,10,2024,1,50,3.0,900000.0,13955
8044244,1,3,1,10,2024,2,29,10.0,,13956
8044244,1,4,1,10,2024,2,22,5.0,120000.0,13957
8044246,1,3,1,10,2024,2,9,3.0,,13963
8044246,1,4,1,10,2024,1,8,3.0,,13964
8044246,1,5,1,10,2024,1,39,4.0,750000.0,13965
8044247,1,3,1,10,2024,1,28,5.0,,13968
8044248,1,2,1,10,2024,2,21,4.0,50000.0,13973
8044249,1,1,1,10,2024,1,18,5.0,,13977
8044250,1,2,1,10,2024,2,55,5.0,150000.0,13980
8044250,1,4,1,10,2024,1,19,5.0,,13982
8044251,1,3,1,10,2024,1,53,11.0,,13985
8044252,1,3,1,10,2024,2,39,5.0,500000.0,13988
8044254,1,2,1,10,2024,2,56,3.0,,13996
8044255,1,1,1,10,2024,2,48,3.0,850000.0,13997
8044255,1,2,1,10,2024,1,20,5.0,650000.0,13998
8044255,1,6,1,10,2024,2,21,5.0,720000.0,14002
8044256,1,6,1,10,2024,1,34,5.0,1300000.0,14009
8044258,1,2,1,10,2024,1,78,3.0,600000.0,14019
8044259,1,2,1,10,2024,2,63,3.0,70000.0,14021
8044259,1,3,1,10,2024,2,15,5.0,,14022
8044260,1,3,1,10,2024,1,32,10.0,3200000.0,14025
8044261,1,1,1,10,2024,2,42,5.0,,14028
8044261,1,2,1,10,2024,1,46,5.0,900000.0,14029
8044261,1,4,1,10,2024,1,16,5.0,,14031
8044262,1,1,1,10,2024,1,82,10.0,,14032
8044262,1,2,1,10,2024,2,67,3.0,1200000.0,14033
8044263,1,1,1,10,2024,2,55,3.0,350000.0,14034
8044263,1,4,1,10,2024,1,57,3.0,300000.0,14037
8044264,1,3,1,10,2024,1,29,5.0,700000.0,14040
8044265,1,2,1,10,2024,2,38,8.0,750000.0,14042
8044266,1,1,1,10,2024,2,44,8.0,,14045
8044266,1,3,1,10,2024,1,12,4.0,,14047
8044268,1,3,1,10,2024,2,8,3.0,,14053
8044270,1,1,1,10,2024,1,61,5.0,1300000.0,14058
8044271,1,3,1,10,2024,1,66,1.0,500000.0,14065
8044273,1,1,1,10,2024,2,78,1.0,,14069
8044274,1,2,1,10,2024,2,40,8.0,,14072
8044274,1,3,1,10,2024,1,2,,,14073
8044274,1,4,1,10,2024,2,13,4.0,,14074
8044275,1,2,1,10,2024,1,36,5.0,,14076
8044275,1,4,1,10,2024,2,17,10.0,,14078
8044276,1,2,1,10,2024,2,31,8.0,,14080
8044276,1,4,1,10,2024,1,10,4.0,,14082
8044276,1,5,1,10,2024,2,8,3.0,,14083
8044277,1,3,1,10,2024,2,35,5.0,,14086
8044277,1,4,1,10,2024,1,13,4.0,,14087
8044277,1,5,1,10,2024,1,8,3.0,,14088
8044281,1,3,1,10,2024,1,11,3.0,,14104
8044281,1,4,1,10,2024,2,31,3.0,180000.0,14105
8044281,1,5,1,10,2024,2,6,3.0,,14106
8044281,1,6,1,10,2024,2,27,8.0,280000.0,14107
8044281,1,8,1,10,2024,2,2,,,14109
8044281,1,9,1,10,2024,2,19,4.0,,14110
8044283,1,3,1,10,2024,2,11,4.0,,14115
8044284,1,5,1,10,2024,2,12,4.0,,14121
8044285,1,4,1,10,2024,2,19,5.0,,14125
8044285,1,5,1,10,2024,1,18,6.0,,14126
8044285,1,6,1,10,2024,1,16,4.0,,14127
8044287,1,2,1,10,2024,2,79,1.0,,14130
8044287,1,3,1,10,2024,2,52,3.0,,14131
8044289,1,3,1,10,2024,2,15,5.0,,14136
8044289,1,4,1,10,2024,2,5,3.0,,14137
8044290,1,2,1,10,2024,2,35,5.0,800000.0,14141
8044291,1,3,1,10,2024,2,33,4.0,,14148
8044291,1,5,1,10,2024,2,15,4.0,,14150
8044291,1,7,1,10,2024,1,11,3.0,,14152
8044292,2,2,2,10,2024,2,38,9.0,,14157
8044294,1,1,1,10,2024,1,47,10.0,,14161
8044295,1,1,1,10,2024,1,38,10.0,4600000.0,14165
8044295,1,2,1,10,2024,2,38,5.0,2200000.0,14166
8044297,1,1,1,10,2024,1,50,10.0,2800000.0,14169
8044299,1,1,1,10,2024,2,72,12.0,,14171
8044300,1,2,1,10,2024,2,65,5.0,1300000.0,14173
8044301,1,4,1,10,2024,1,20,5.0,,14179
8044302,1,1,1,10,2024,1,87,4.0,,14180
8044302,1,2,1,10,2024,2,61,4.0,,14181
8044304,1,3,1,10,2024,1,2,,,14187
8044306,1,1,1,10,2024,1,71,4.0,2000000.0,14189
8044307,1,1,1,10,2024,2,61,10.0,5400000.0,14191
8044308,1,1,1,10,2024,1,49,12.0,9600000.0,14193
8044308,1,2,1,10,2024,2,51,5.0,,14194
8044309,1,1,1,10,2024,2,76,10.0,,14195
8044309,1,3,1,10,2024,1,39,10.0,8500000.0,14197
8044311,1,2,1,10,2024,2,79,7.0,,14202
8044314,1,2,1,10,2024,2,47,10.0,4000000.0,14208
8044315,1,3,1,10,2024,1,63,3.0,1300000.0,14212
8044317,1,3,1,10,2024,1,22,5.0,1300000.0,14219
8044318,1,2,1,10,2024,2,46,10.0,4500000.0,14221
8044319,1,2,1,10,2024,2,27,4.0,,14225
8044319,1,3,1,10,2024,1,9,3.0,,14226
8044321,1,2,1,10,2024,2,27,8.0,3000000.0,14234
8044322,1,1,1,10,2024,1,30,4.0,1720000.0,14237
8044324,1,2,1,10,2024,2,56,5.0,,14242
8044326,1,2,1,10,2024,2,31,4.0,1462000.0,14247
8044326,1,3,1,10,2024,2,9,3.0,,14248
8044326,1,6,1,10,2024,2,2,,,14251
8044327,1,2,1,10,2024,1,13,4.0,,14253
8044328,1,2,1,10,2024,2,37,4.0,560000.0,14255
8044331,1,1,1,10,2024,1,66,11.0,,14260
8044334,1,1,1,10,2024,2,40,12.0,15000000.0,14268
8044335,1,2,1,10,2024,1,15,4.0,,14270
8044336,1,2,1,10,2024,2,34,10.0,10000000.0,14272
8044337,1,1,1,10,2024,2,43,5.0,1954800.0,14273
8044337,1,2,1,10,2024,2,14,4.0,,14274
8044339,1,1,1,10,2024,2,57,3.0,2000000.0,14276
8044339,1,2,1,10,2024,1,32,1.0,,14277
8044340,1,1,1,10,2024,2,36,5.0,1700000.0,14278
8044342,1,2,1,10,2024,1,42,5.0,1400000.0,14287
8044343,1,1,1,10,2024,1,36,9.0,3100000.0,14290
8044344,1,3,1,10,2024,2,12,3.0,,14294
8044344,1,4,1,10,2024,2,9,3.0,,14295
8044344,1,5,1,10,2024,1,4,2.0,,14296
8044345,1,4,1,10,2024,1,5,3.0,,14301
8044346,1,4,1,10,2024,2,26,5.0,2500000.0,14305
8044349,1,4,1,10,2024,2,67,3.0,,14317
8044350,1,3,1,10,2024,1,13,4.0,,14320
8044351,1,1,1,10,2024,2,53,4.0,800000.0,14322
8044352,1,2,1,10,2024,2,38,9.0,700000.0,14325
8044353,1,1,1,10,2024,2,52,5.0,1300000.0,14329
8044353,1,2,1,10,2024,1,22,10.0,,14330
8044355,1,2,1,10,2024,1,15,5.0,,14332
8044356,1,3,1,10,2024,2,32,10.0,3889000.0,14337
8044356,1,6,1,10,2024,2,4,2.0,,14340
8044360,1,2,1,10,2024,2,75,3.0,,14345
8044360,1,3,1,10,2024,1,38,5.0,500000.0,14346
8044361,1,1,1,10,2024,2,47,5.0,1300000.0,14347
8044361,1,2,1,10,2024,1,56,5.0,3050000.0,14348
8044363,1,4,1,10,2024,1,47,9.0,2120000.0,14356
8044365,1,3,1,10,2024,1,23,5.0,1436000.0,14361
8044367,1,3,1,10,2024,1,21,10.0,,14366
8044368,1,2,1,10,2024,2,58,3.0,32000.0,14368
8044371,1,1,1,10,2024,1,30,5.0,1462000.0,14373
8044373,1,1,1,10,2024,1,29,5.0,537000.0,14375
8044375,1,1,1,10,2024,1,65,3.0,,14377
8044378,1,1,1,10,2024,2,40,10.0,9000000.0,14381
8044378,1,2,1,10,2024,1,14,4.0,,14382
8044379,1,3,1,10,2024,2,8,3.0,,14387
8044380,1,2,1,10,2024,2,57,5.0,,14389
8044381,1,1,1,10,2024,2,39,5.0,1518000.0,14391
8044382,1,3,1,10,2024,1,20,8.0,,14394
8044383,1,1,1,10,2024,1,54,5.0,1300000.0,14395
8044383,1,4,1,10,2024,2,89,1.0,,14398
8044384,1,1,1,10,2024,1,59,5.0,,14399
8044384,1,3,1,10,2024,2,39,8.0,1300000.0,14401
8044385,1,2,1,10,2024,2,58,4.0,,14403
8044386,1,1,1,10,2024,2,62,3.0,,14405
8044386,1,2,1,10,2024,2,39,10.0,2600000.0,14406
8044386,1,3,1,10,2024,1,38,1.0,,14407
8044386,1,4,1,10,2024,1,27,8.0,,14408
8044388,1,1,1,10,2024,2,77,3.0,340000.0,14412
8044388,1,4,1,10,2024,1,8,3.0,,14415
8044389,1,1,1,10,2024,1,66,3.0,,14416
8044390,1,2,1,10,2024,2,25,5.0,,14419
8044391,1,2,1,10,2024,2,57,3.0,,14421
8044392,1,1,1,10,2024,2,24,5.0,1300000.0,14422
8044392,1,2,1,10,2024,1,27,5.0,1500000.0,14423
8044393,1,2,1,10,2024,2,37,8.0,,14425
8044393,1,3,1,10,2024,2,11,4.0,,14426
8044397,1,3,1,10,2024,2,35,8.0,,14435
8044398,1,1,1,10,2024,2,51,3.0,1000000.0,14436
8044408,1,2,1,10,2024,1,71,10.0,,14451
8044410,1,1,1,10,2024,1,73,10.0,,14458
8044411,1,3,1,10,2024,1,17,5.0,,14462
8044412,1,1,1,10,2024,2,71,5.0,,14464
8044412,1,4,1,10,2024,2,45,10.0,250000.0,14467
8044413,1,1,1,10,2024,1,57,8.0,2000000.0,14468
8044413,1,3,1,10,2024,2,24,10.0,3900000.0,14470
8044414,1,2,1,10,2024,1,64,6.0,1000000.0,14472
8044415,1,4,1,10,2024,2,7,3.0,,14476
8044416,1,1,1,10,2024,1,56,3.0,1000000.0,14477
8044419,1,3,1,10,2024,1,42,5.0,1600000.0,14492
8044419,1,6,1,10,2024,2,10,3.0,,14495
8044420,1,1,1,10,2024,2,57,5.0,400000.0,14496
8044422,1,2,1,10,2024,2,30,6.0,1460000.0,14502
8044422,1,3,1,10,2024,1,41,4.0,1000000.0,14503
8044422,1,5,1,10,2024,1,3,2.0,,14505
8044423,1,3,1,10,2024,2,16,5.0,,14508
8044427,1,1,1,10,2024,1,32,4.0,1200000.0,14520
8044427,1,4,1,10,2024,2,0,,,14523
8044428,1,2,1,10,2024,2,48,10.0,,14525
8044430,1,3,1,10,2024,2,5,2.0,,14531
8044431,1,1,1,10,2024,2,55,4.0,200000.0,14532
8044432,1,3,1,10,2024,2,0,,,14535
8044433,1,2,1,10,2024,2,26,5.0,480000.0,14537
8044434,1,2,1,10,2024,1,21,5.0,1300000.0,14540
8044436,1,2,1,10,2024,2,53,3.0,860000.0,14544
8044440,1,1,1,10,2024,1,53,5.0,800000.0,14552
8044442,1,2,1,10,2024,2,70,4.0,400000.0,14556
8044446,1,4,1,10,2024,2,23,5.0,1300000.0,14569
8044447,1,2,1,10,2024,1,43,5.0,40000.0,14571
8044448,1,2,1,10,2024,2,25,1.0,,14574
8044451,1,2,1,10,2024,1,66,3.0,1300000.0,14579
8044451,1,6,1,10,2024,1,10,3.0,,14583
8044452,1,2,1,10,2024,2,32,5.0,,14585
8044452,1,4,1,10,2024,1,0,,,14587
8044454,1,2,1,10,2024,2,28,5.0,1300000.0,14590
8044456,1,2,1,10,2024,1,49,3.0,1200000.0,14593
8044461,1,3,1,10,2024,2,7,3.0,,14607
8044463,1,5,1,10,2024,1,23,4.0,1600000.0,14613
8044463,1,6,1,10,2024,1,62,3.0,1000000.0,14614
8044464,1,3,1,10,2024,1,13,4.0,,14618
8044467,1,1,1,10,2024,1,63,5.0,,14621
8044469,1,2,1,10,2024,1,25,5.0,800000.0,14628
8044470,1,1,1,10,2024,1,36,3.0,2400000.0,14630
8044473,1,2,1,10,2024,2,32,10.0,1500000.0,14637
8044474,1,1,1,10,2024,1,32,10.0,3500000.0,14638
8044475,1,2,1,10,2024,2,53,11.0,6300000.0,14642
8044476,1,3,1,10,2024,1,17,10.0,,14647
8044478,1,3,1,10,2024,2,19,4.0,150000.0,14654
8044479,1,1,1,10,2024,1,40,5.0,1300000.0,14656
8044482,1,2,1,10,2024,1,13,4.0,,14662
8044483,1,2,1,10,2024,2,53,5.0,600000.0,14666
8044487,1,1,1,10,2024,2,62,10.0,4500000.0,14668
8044487,1,3,1,10,2024,2,85,3.0,,14670
8044488,1,1,1,10,2024,1,56,10.0,,14671
8044490,1,1,1,10,2024,1,52,5.0,2300000.0,14676
8044493,1,4,1,10,2024,2,20,8.0,2000000.0,14686
8044494,1,4,1,10,2024,1,2,,,14690
8044495,1,1,1,10,2024,2,64,3.0,500000.0,14691
8044496,1,2,1,10,2024,2,29,7.0,1300000.0,14694
8044497,1,1,1,10,2024,2,67,8.0,1300000.0,14697
8044497,1,2,1,10,2024,2,52,5.0,1300000.0,14698
8044497,1,3,1,10,2024,1,24,5.0,,14699
8044499,1,2,1,10,2024,1,28,5.0,1300000.0,14704
8044502,1,1,1,10,2024,1,35,5.0,1550000.0,14716
8044503,1,1,1,10,2024,1,23,5.0,1300000.0,14717
8044504,1,3,1,10,2024,1,20,8.0,,14720
8044506,1,1,1,10,2024,2,68,3.0,300000.0,14726
8044507,1,1,1,10,2024,2,62,4.0,800000.0,14729
8044507,1,2,1,10,2024,1,31,9.0,1700000.0,14730
8044508,1,2,1,10,2024,2,37,10.0,1600000.0,14732
8044508,1,4,1,10,2024,1,43,6.0,1300000.0,14734
8044509,1,4,1,10,2024,1,9,3.0,,14738
8044510,1,2,1,10,2024,1,16,4.0,,14740
8044510,1,3,1,10,2024,1,13,4.0,,14741
8044511,1,2,1,10,2024,2,63,3.0,45000.0,14743
8044511,1,4,1,10,2024,2,13,4.0,,14745
8044511,1,5,1,10,2024,1,10,3.0,,14746
8044512,1,1,1,10,2024,2,64,4.0,,14747
8044512,1,2,1,10,2024,1,37,3.0,1300000.0,14748
8044514,1,3,1,10,2024,1,11,4.0,,14752
8044515,1,1,1,10,2024,1,74,8.0,,14753
8044516,1,4,1,10,2024,1,67,5.0,1000000.0,14760
8044516,1,6,1,10,2024,1,24,5.0,1300000.0,14762
8044517,1,1,1,10,2024,1,33,9.0,1200000.0,14764
8044518,1,2,1,10,2024,2,21,4.0,720000.0,14768
8044518,1,3,1,10,2024,2,21,4.0,,14769
8044518,1,4,1,10,2024,1,5,2.0,,14770
8044520,1,1,1,10,2024,2,47,5.0,,14774
8044522,1,3,1,10,2024,2,22,9.0,,14781
8044522,1,4,1,10,2024,2,1,,,14782
8044523,1,1,1,10,2024,2,77,4.0,400000.0,14783
8044523,1,2,1,10,2024,1,45,5.0,1300000.0,14784
8044523,2,3,2,10,2024,2,17,5.0,,14788
8044523,2,4,2,10,2024,2,75,3.0,,14789
8044524,1,3,1,10,2024,1,76,3.0,,14793
8044525,1,1,1,10,2024,1,49,8.0,1600000.0,14795
8044526,1,2,1,10,2024,2,22,5.0,,14797
8044528,1,2,1,10,2024,2,13,4.0,,14800
8044528,1,3,1,10,2024,1,5,2.0,,14801
8044529,1,1,1,10,2024,2,56,5.0,800000.0,14802
8044529,1,2,1,10,2024,2,23,4.0,,14803
8044529,1,4,1,10,2024,1,2,,,14805
8044529,1,5,1,10,2024,2,0,,,14806
8044530,1,2,1,10,2024,2,67,5.0,,14808
8044531,1,1,1,10,2024,2,74,3.0,,14809
8044532,1,1,1,10,2024,1,24,8.0,,14811
8044533,1,3,1,10,2024,2,12,4.0,,14814
8044533,1,4,1,10,2024,2,85,3.0,,14815
8044533,1,5,1,10,2024,2,41,1.0,,14816
8044534,1,1,1,10,2024,1,44,8.0,1300000.0,14817
8044535,1,3,1,10,2024,2,12,4.0,,14823
8044535,1,4,1,10,2024,1,8,3.0,,14824
8044537,1,3,1,10,2024,1,20,10.0,1000000.0,14829
8044537,1,4,1,10,2024,1,18,10.0,,14830
8044539,1,1,1,10,2024,1,41,12.0,18000000.0,14836
8044539,1,4,1,10,2024,2,2,,,14839
8044540,1,4,1,10,2024,1,48,10.0,3000000.0,14843
8044541,1,2,1,10,2024,2,64,9.0,,14846
8044542,1,1,1,10,2024,2,65,1.0,,14847
8044542,1,2,1,10,2024,1,27,10.0,2000000.0,14848
8044543,1,2,1,10,2024,2,23,9.0,,14851
8044543,1,3,1,10,2024,2,21,10.0,,14852
8044543,1,4,1,10,2024,1,0,,,14853
8044544,1,2,1,10,2024,1,62,5.0,1600000.0,14855
8044547,1,3,1,10,2024,1,1,,,14862
8044548,1,1,1,10,2024,1,78,5.0,,14863
8044551,1,1,1,10,2024,2,47,3.0,,14870
8044555,1,1,1,10,2024,2,44,8.0,1800000.0,14883
8044557,1,1,1,10,2024,2,64,8.0,2100000.0,14890
8044559,1,1,1,10,2024,2,32,10.0,2800000.0,14893
8044560,1,2,1,10,2024,1,26,4.0,2000000.0,14895
8044562,1,2,1,10,2024,1,58,5.0,,14900
8044564,1,2,1,10,2024,2,35,10.0,3800000.0,14904
8044565,1,2,1,10,2024,2,66,3.0,,14907
8044566,1,1,1,10,2024,2,38,11.0,10000000.0,14908
8044567,1,3,1,10,2024,1,8,3.0,,14913
8044569,1,1,1,10,2024,1,54,5.0,1500000.0,14917
8044570,1,1,1,10,2024,2,30,6.0,,14921
8044570,1,4,1,10,2024,1,8,3.0,,14924
8044571,1,1,1,10,2024,2,67,10.0,,14925
8044572,1,1,1,10,2024,2,31,10.0,1300000.0,14926
8044573,1,3,1,10,2024,2,75,3.0,,14929
8044575,1,2,1,10,2024,1,22,4.0,1300000.0,14936
8044578,1,1,1,10,2024,1,21,8.0,1320000.0,14944
8044581,1,2,1,10,2024,1,44,5.0,1300000.0,14951
8044581,1,3,1,10,2024,1,20,5.0,,14952
8044584,1,1,1,10,2024,2,26,6.0,,14957
8044585,1,1,1,10,2024,1,35,11.0,5500000.0,14959
8044587,1,1,1,10,2024,2,44,9.0,1600000.0,14966
8044587,1,3,1,10,2024,2,11,4.0,,14968
8044588,1,1,1,10,2024,1,29,5.0,1200000.0,14970
8044588,1,3,1,10,2024,2,5,1.0,,14972
8044588,1,4,1,10,2024,1,32,4.0,1000000.0,14973
8044591,1,1,1,10,2024,2,28,10.0,,14979
8044593,1,3,1,10,2024,2,4,2.0,,14987
8044594,1,1,1,10,2024,2,40,4.0,,14988
8044594,1,2,1,10,2024,1,14,4.0,,14989
8044594,1,3,1,10,2024,1,10,3.0,,14990
8044594,1,4,1,10,2024,2,25,9.0,1300000.0,14991
8044596,1,1,1,10,2024,1,53,3.0,1500000.0,14994
8044596,1,2,1,10,2024,2,46,5.0,,14995
8044597,1,1,1,10,2024,1,69,11.0,,15000
8044600,1,3,1,10,2024,2,23,10.0,,15006
8044602,1,1,1,10,2024,2,73,3.0,,15009
8044603,1,3,1,10,2024,2,0,,,15012
8044604,1,1,1,10,2024,2,27,5.0,2000000.0,15013
8044605,1,1,1,10,2024,2,46,10.0,4200000.0,15016
8044606,1,1,1,10,2024,2,53,11.0,3000000.0,15017
8044608,1,3,1,10,2024,1,12,4.0,,15025
8044609,1,2,1,10,2024,1,22,10.0,650000.0,15027
8044609,1,4,1,10,2024,1,7,3.0,,15029
8044610,1,1,1,10,2024,2,53,4.0,,15030
8044610,1,2,1,10,2024,2,31,9.0,600000.0,15031
8044614,1,1,1,10,2024,2,38,5.0,1400000.0,15036
8044615,1,1,1,10,2024,1,61,12.0,7000000.0,15038
8044615,1,2,1,10,2024,2,55,5.0,800000.0,15039
8044616,1,2,1,10,2024,2,74,3.0,,15042
8044616,1,4,1,10,2024,1,11,4.0,,15044
8044620,1,1,1,10,2024,2,38,5.0,,15050
8044623,1,2,1,10,2024,1,56,5.0,1300000.0,15060
8044624,1,2,1,10,2024,2,71,3.0,,15062
8044625,1,1,1,10,2024,1,53,5.0,1300000.0,15064
8044625,1,3,1,10,2024,1,25,11.0,,15066
8044625,1,4,1,10,2024,1,23,10.0,,15067
8044625,1,5,1,10,2024,2,8,3.0,,15068
8044626,1,1,1,10,2024,1,75,9.0,,15069
8044626,1,2,1,10,2024,2,52,10.0,2200000.0,15070
8044628,1,1,1,10,2024,2,72,1.0,,15074
8044633,1,3,1,10,2024,1,26,5.0,,15088
8044634,1,1,1,10,2024,2,60,4.0,480000.0,15089
8044635,1,2,1,10,2024,1,4,2.0,,15091
8044637,1,2,1,10,2024,1,32,3.0,300000.0,15101
8044637,1,3,1,10,2024,2,16,4.0,,15102
8044640,1,3,1,10,2024,1,59,5.0,1460000.0,15109
8044641,1,3,1,10,2024,2,2,,,15112
8044642,1,3,1,10,2024,2,10,3.0,,15115
8044644,1,2,1,10,2024,1,14,4.0,,15118
8044644,1,4,1,10,2024,1,3,1.0,,15120
8044645,1,1,1,10,2024,1,50,3.0,1000000.0,15121
8044645,1,2,1,10,2024,2,50,5.0,,15122
8044646,1,2,1,10,2024,2,9,3.0,,15125
8044646,1,3,1,10,2024,1,22,5.0,250000.0,15126
8044647,1,2,1,10,2024,2,62,11.0,,15128
8044650,1,1,1,10,2024,2,71,3.0,,15136
8044650,1,2,1,10,2024,2,35,10.0,2000000.0,15137
8044650,1,4,1,10,2024,1,10,3.0,,15139
8044651,1,1,1,10,2024,2,49,8.0,2500000.0,15143
8044652,1,2,1,10,2024,1,36,5.0,1950000.0,15146
8044654,1,1,1,10,2024,2,52,9.0,,15151
8044655,1,1,1,10,2024,1,64,5.0,,15153
8044657,1,2,1,10,2024,2,34,8.0,1460000.0,15157
8044657,1,4,1,10,2024,2,3,1.0,,15159
8044657,1,5,1,10,2024,2,85,1.0,,15160
8044658,1,2,1,10,2024,2,26,10.0,,15162
8044659,1,1,1,10,2024,1,47,12.0,5000000.0,15163
8044659,1,3,1,10,2024,1,18,10.0,,15165
8044660,1,2,1,10,2024,2,75,3.0,,15167
8044663,1,1,1,10,2024,2,83,3.0,,15170
8044666,1,5,1,10,2024,1,12,4.0,,15178
8044671,1,3,1,10,2024,1,21,10.0,,15190
8044675,1,2,1,10,2024,2,15,4.0,,15199
8044675,1,3,1,10,2024,2,66,5.0,,15200
8044676,1,3,1,10,2024,2,29,10.0,800000.0,15203
8044676,1,4,1,10,2024,2,12,4.0,,15204
8044676,1,5,1,10,2024,1,7,3.0,,15205
8044677,1,1,1,10,2024,1,44,10.0,,15206
8044678,1,3,1,10,2024,1,31,5.0,1300000.0,15209
8044679,1,5,1,10,2024,1,20,10.0,,15214
8044679,1,6,1,10,2024,1,17,10.0,,15215
8044681,1,3,1,10,2024,1,30,3.0,,15220
8044684,1,2,1,10,2024,1,12,4.0,,15229
8044686,1,1,1,10,2024,1,35,4.0,500000.0,15234
8044686,1,3,1,10,2024,1,77,3.0,,15236
8044688,1,1,1,10,2024,1,71,1.0,,15237
8044689,1,3,1,10,2024,1,19,10.0,2400000.0,15241
8044689,1,4,1,10,2024,2,18,4.0,,15242
8044690,1,1,1,10,2024,2,54,1.0,,15244
8044690,1,2,1,10,2024,1,12,3.0,,15245
8044691,1,2,1,10,2024,2,5,2.0,,15248
8044693,1,1,1,10,2024,1,54,4.0,1462000.0,15251
8044698,1,4,1,10,2024,2,26,3.0,,15264
8044699,1,3,1,10,2024,1,24,5.0,,15269
8044700,1,1,1,10,2024,2,44,3.0,600000.0,15270
8044702,1,2,1,10,2024,1,62,5.0,1000000.0,15277
8044702,1,6,1,10,2024,1,3,1.0,,15281
8044705,1,1,1,10,2024,1,28,5.0,1450000.0,15288
8044705,1,2,1,10,2024,2,25,5.0,,15289
8044706,1,1,1,10,2024,2,78,3.0,,15290
8044706,1,2,1,10,2024,2,59,4.0,,15291
8044706,1,3,1,10,2024,1,33,5.0,,15292
8044712,1,1,1,10,2024,1,22,5.0,1462000.0,15302
8044712,1,3,1,10,2024,1,1,,,15304
8044714,1,4,1,10,2024,1,11,4.0,,15309
8044717,1,1,1,10,2024,2,48,3.0,,15312
8044721,1,1,1,10,2024,1,79,1.0,,15317
8044721,1,2,1,10,2024,2,73,5.0,,15318
8044721,1,4,1,10,2024,2,49,4.0,350000.0,15320
8044721,1,5,1,10,2024,2,24,10.0,400000.0,15321
8044724,1,3,1,10,2024,1,6,3.0,,15327
8044725,1,5,1,10,2024,1,3,1.0,,15332
8044727,1,5,1,10,2024,2,2,,,15339
8044729,1,1,1,10,2024,1,41,3.0,800000.0,15341
8044730,1,3,1,10,2024,2,32,3.0,400000.0,15347
8044740,1,3,1,10,2024,1,23,5.0,1025000.0,15364
8044740,1,4,1,10,2024,1,41,5.0,800000.0,15365
8044741,1,1,1,10,2024,2,70,4.0,,15368
8044742,1,3,1,10,2024,2,22,5.0,700000.0,15371
8044743,1,1,1,10,2024,2,69,3.0,,15372
8044746,1,2,1,10,2024,1,62,3.0,1300000.0,15376
8044747,1,1,1,10,2024,1,72,5.0,1200000.0,15377
8044752,1,2,1,10,2024,1,15,4.0,,15387
8044752,1,3,1,10,2024,1,12,4.0,,15388
8044753,1,1,1,10,2024,2,45,5.0,1600000.0,15389
8044755,1,1,1,10,2024,1,31,3.0,700000.0,15395
8044758,1,2,1,10,2024,1,24,5.0,1300000.0,15401
8044762,1,2,1,10,2024,2,39,5.0,840000.0,15411
8044763,1,2,1,10,2024,1,29,10.0,4000000.0,15413
8044765,1,2,1,10,2024,1,62,11.0,,15415
8044767,1,4,1,10,2024,1,33,10.0,500000.0,15420
8044770,1,2,1,10,2024,2,36,9.0,2000000.0,15426
8044770,1,4,1,10,2024,1,1,,,15428
8044771,1,1,1,10,2024,1,78,3.0,800000.0,15429
8044771,1,2,1,10,2024,1,44,8.0,800000.0,15430
8044775,1,1,1,10,2024,1,27,5.0,350000.0,15433
8044776,1,1,1,10,2024,1,48,5.0,1300000.0,15434
8044776,1,4,1,10,2024,1,14,4.0,,15437
8044779,1,1,1,10,2024,1,66,5.0,800000.0,15441
8044780,1,2,1,10,2024,2,41,10.0,4000000.0,15444
8044780,1,3,1,10,2024,2,9,3.0,,15445
8044782,1,1,1,10,2024,2,53,3.0,640000.0,15448
8044782,1,3,1,10,2024,1,16,5.0,,15450
8044784,1,1,1,10,2024,2,68,3.0,,15454
8044787,1,2,1,10,2024,1,24,9.0,,15463
8044788,1,1,1,10,2024,1,44,5.0,4000000.0,15465
8044789,1,2,1,10,2024,2,24,5.0,,15469
8044791,1,4,1,10,2024,2,2,,,15476
8044792,1,1,1,10,2024,2,68,3.0,300000.0,15477
8044796,1,2,1,10,2024,2,31,8.0,1300000.0,15485
8044799,1,3,1,10,2024,2,17,5.0,,15493
8044800,1,1,1,10,2024,2,55,3.0,,15494
8044800,1,2,1,10,2024,1,22,3.0,800000.0,15495
8044800,1,8,1,10,2024,1,3,1.0,,15501
8044801,1,2,1,10,2024,2,63,10.0,,15503
8044804,1,4,1,10,2024,2,13,4.0,,15513
8044805,1,3,1,10,2024,2,16,4.0,,15516
8044806,1,1,1,10,2024,1,55,5.0,1000000.0,15519
8044808,1,1,1,10,2024,1,57,6.0,,15522
8044809,1,2,1,10,2024,2,19,6.0,,15528
8044810,1,1,1,10,2024,2,63,8.0,,15531
8044811,1,1,1,10,2024,1,27,10.0,4500000.0,15532
8044812,1,2,1,10,2024,2,77,3.0,,15536
8044814,1,1,1,10,2024,1,51,3.0,1900000.0,15540
8044816,1,7,1,10,2024,1,13,4.0,,15553
8044817,1,6,1,10,2024,1,7,3.0,,15559
8044818,1,1,1,10,2024,1,43,5.0,700000.0,15561
8044818,1,2,1,10,2024,2,29,5.0,,15562
8044818,1,5,1,10,2024,2,0,,,15565
8044819,1,5,1,10,2024,2,6,3.0,,15570
8044819,1,6,1,10,2024,2,3,1.0,,15571
8044822,1,3,1,10,2024,1,24,5.0,1300000.0,15576
8044822,1,4,1,10,2024,2,22,8.0,,15577
8044823,1,2,1,10,2024,1,25,8.0,,15580
8044823,1,4,1,10,2024,2,9,3.0,,15582
8044823,1,5,1,10,2024,2,61,3.0,,15583
8044829,1,1,1,10,2024,1,53,5.0,1300000.0,15598
8044831,1,1,1,10,2024,1,74,12.0,,15599
8044832,1,4,1,10,2024,2,9,3.0,,15604
8044833,1,2,1,10,2024,1,16,5.0,,15606
8044833,1,3,1,10,2024,1,14,4.0,,15607
8044834,1,2,1,10,2024,2,51,5.0,,15609
8044834,1,3,1,10,2024,1,31,10.0,,15610
8044836,1,3,1,10,2024,2,8,3.0,,15616
8044840,1,1,1,10,2024,2,35,5.0,900000.0,15624
8044840,1,3,1,10,2024,1,1,,,15626
8044840,1,4,1,10,2024,2,30,5.0,190000.0,15627
8044841,1,5,1,10,2024,1,9,3.0,,15632
8044842,1,3,1,10,2024,1,40,5.0,1300000.0,15635
8044843,1,2,1,10,2024,2,47,13.0,10000000.0,15638
8044843,1,3,1,10,2024,2,77,4.0,,15639
8044844,1,1,1,10,2024,2,64,5.0,,15640
8044844,1,4,1,10,2024,2,11,4.0,,15643
8044845,1,1,1,10,2024,1,56,5.0,1050000.0,15645
8044846,1,1,1,10,2024,1,78,3.0,,15649
8044849,1,1,1,10,2024,2,64,3.0,,15657
8044851,1,1,1,10,2024,2,58,4.0,,15659
8044851,1,6,1,10,2024,2,31,7.0,,15664
8044853,1,2,1,10,2024,1,39,5.0,2000000.0,15667
8044854,1,3,1,10,2024,1,10,3.0,,15673
8044858,1,3,1,10,2024,1,20,10.0,,15679
8044859,1,1,1,10,2024,2,22,5.0,900000.0,15681
8044860,1,1,1,10,2024,2,54,10.0,2000000.0,15683
8044860,1,2,1,10,2024,2,16,5.0,,15684
8044862,1,2,1,10,2024,2,31,5.0,,15688
8044865,1,2,1,10,2024,2,58,10.0,,15698
8044866,1,2,1,10,2024,2,62,3.0,,15701
8044866,1,3,1,10,2024,2,38,10.0,2600000.0,15702
8044867,1,1,1,10,2024,2,51,3.0,,15704
8044869,1,1,1,10,2024,2,39,10.0,,15710
8044869,1,5,1,10,2024,2,36,10.0,,15714
8044869,1,6,1,10,2024,2,35,10.0,,15715
8044870,1,1,1,10,2024,1,58,10.0,,15717
8044870,1,4,1,10,2024,2,7,3.0,,15720
8044871,1,3,1,10,2024,2,10,3.0,,15723
8044871,1,4,1,10,2024,2,8,3.0,,15724
8044871,1,5,1,10,2024,2,4,2.0,,15725
8044873,1,1,1,10,2024,1,60,4.0,600000.0,15728
8044874,1,1,1,10,2024,1,47,5.0,920000.0,15730
8044879,1,2,1,10,2024,2,10,3.0,,15741
8044882,1,2,1,10,2024,1,31,4.0,360000.0,15745
8044885,1,2,1,10,2024,2,11,4.0,,15751
8044887,1,5,1,10,2024,1,6,2.0,,15757
8044891,1,1,1,10,2024,2,31,5.0,680000.0,15763
8044891,1,2,1,10,2024,2,13,3.0,,15764
8044892,1,6,1,10,2024,1,24,5.0,1000000.0,15772
8044897,1,2,1,10,2024,1,41,9.0,,15787
8044898,1,1,1,10,2024,2,28,4.0,,15788
8044899,1,2,1,10,2024,2,41,10.0,3800000.0,15791
8044899,1,3,1,10,2024,2,21,10.0,,15792
8044899,1,4,1,10,2024,2,15,5.0,,15793
8044902,1,1,1,10,2024,2,45,12.0,5500000.0,15798
8044902,1,5,1,10,2024,2,79,10.0,,15802
8044905,1,1,1,10,2024,1,25,5.0,1300000.0,15807
8044907,1,2,1,10,2024,1,18,5.0,800000.0,15814
8044908,1,2,1,10,2024,2,25,4.0,,15816
8044910,1,2,1,10,2024,1,5,1.0,,15824
8044911,1,1,1,10,2024,2,74,5.0,,15825
8044912,1,2,1,10,2024,2,48,5.0,1300000.0,15827
8044914,1,1,1,10,2024,1,68,5.0,,15832
8044916,1,3,1,10,2024,1,13,4.0,,15837
8044917,1,5,1,10,2024,1,8,3.0,,15843
8044917,1,6,1,10,2024,1,1,,,15844
8044917,1,7,1,10,2024,1,25,10.0,,15845
8044918,1,1,1,10,2024,1,73,3.0,,15846
8044919,1,1,1,10,2024,2,62,10.0,5500000.0,15848
8044920,1,1,1,10,2024,1,31,10.0,2000000.0,15849
8044924,1,1,1,10,2024,2,31,4.0,850000.0,15858
8044924,1,2,1,10,2024,1,15,4.0,,15859
8044925,1,1,1,10,2024,1,78,4.0,,15863
8044926,1,1,1,10,2024,2,41,3.0,1700000.0,15864
8044927,1,3,1,10,2024,1,87,3.0,,15869
8044929,1,2,1,10,2024,1,33,5.0,1000000.0,15872
8044931,1,1,1,10,2024,1,69,5.0,,15874
8044931,1,2,1,10,2024,2,67,5.0,,15875
8044933,1,1,1,10,2024,1,59,4.0,3000000.0,15879
8044936,1,2,1,10,2024,2,67,5.0,,15885
8044938,1,1,1,10,2024,1,40,8.0,1300000.0,15888
8044938,1,2,1,10,2024,2,37,10.0,2300000.0,15889
8044939,1,1,1,10,2024,2,73,3.0,,15890
8044949,1,1,1,10,2024,1,38,5.0,1000000.0,15907
8044954,1,1,1,10,2024,2,62,8.0,,15919
8044955,1,1,1,10,2024,2,30,5.0,,15924
8044956,1,5,1,10,2024,2,7,3.0,,15933
8044960,1,2,1,10,2024,2,55,10.0,2000000.0,15944
8044961,1,1,1,10,2024,1,70,5.0,,15945
8044961,1,2,1,10,2024,2,55,4.0,600000.0,15946
8044962,1,1,1,10,2024,1,49,10.0,1450000.0,15947
8044962,1,3,1,10,2024,2,20,8.0,,15949
8044969,1,2,1,10,2024,2,24,10.0,,15963
8044969,1,4,1,10,2024,1,22,10.0,,15965
8044970,1,1,1,10,2024,1,23,10.0,,15966
8044971,1,1,1,10,2024,1,69,4.0,,15967
8044972,1,1,1,10,2024,2,54,8.0,1800000.0,15970
8044973,1,1,1,10,2024,2,41,10.0,1450000.0,15972
8044974,1,1,1,10,2024,2,43,11.0,8000000.0,15973
8044974,1,3,1,10,2024,1,13,4.0,,15975
8044980,1,1,1,10,2024,2,63,3.0,200000.0,15988
8044981,1,1,1,10,2024,1,39,12.0,,15989
8044983,1,2,1,10,2024,1,34,8.0,1200000.0,15998
8044983,1,6,1,10,2024,1,5,2.0,,16002
8044983,1,7,1,10,2024,2,2,,,16003
8044984,1,1,1,10,2024,1,45,9.0,4000000.0,16005
8044987,1,1,1,10,2024,1,62,5.0,,16014
8044987,1,4,1,10,2024,1,27,10.0,,16017
8044988,1,3,1,10,2024,1,13,4.0,,16022
8044989,1,1,1,10,2024,1,50,5.0,1700000.0,16025
8044990,1,1,1,10,2024,2,21,5.0,150000.0,16029
8044990,1,3,1,10,2024,2,43,4.0,1200000.0,16031
8044991,1,3,1,10,2024,1,17,4.0,,16034
8044992,1,1,1,10,2024,1,46,5.0,,16035
8044992,1,2,1,10,2024,2,37,10.0,900000.0,16036
8044992,1,5,1,10,2024,2,1,,,16039
8044994,1,2,1,10,2024,2,19,10.0,,16041
8044996,1,3,1,10,2024,1,40,1.0,,16049
8044998,1,6,1,10,2024,1,13,4.0,,16060
8044999,1,1,1,10,2024,1,49,1.0,500000.0,16061
8045000,1,3,1,10,2024,2,46,1.0,,16066
8045002,1,2,1,10,2024,2,12,4.0,,16072
8045002,1,4,1,10,2024,1,29,9.0,2100000.0,16074
8045004,1,1,1,10,2024,2,25,5.0,500000.0,16081
8045004,1,2,1,10,2024,2,9,3.0,,16082
8045005,1,1,1,10,2024,2,42,4.0,,16083
8045007,1,3,1,10,2024,1,21,10.0,,16091
8045007,1,5,1,10,2024,2,84,3.0,,16093
8045009,1,1,1,10,2024,1,30,5.0,2000000.0,16097
8045010,1,1,1,10,2024,1,70,3.0,,16099
8045011,1,1,1,10,2024,2,66,3.0,,16104
8045012,1,2,1,10,2024,1,22,5.0,900000.0,16109
8045012,1,3,1,10,2024,1,2,,,16110
8045013,1,2,1,10,2024,2,26,5.0,1300000.0,16112
8045013,1,3,1,10,2024,2,8,3.0,,16113
8045014,1,1,1,10,2024,2,33,4.0,,16115
8045015,1,3,1,10,2024,1,8,3.0,,16119
8045019,1,2,1,10,2024,2,43,5.0,,16127
8045020,1,2,1,10,2024,1,22,3.0,,16131
8045020,1,3,1,10,2024,1,23,4.0,1300000.0,16132
8045022,1,2,1,10,2024,1,18,5.0,,16136
8045023,1,2,1,10,2024,1,58,3.0,1600000.0,16139
8045024,1,1,1,10,2024,2,73,3.0,,16142
8045025,1,1,1,10,2024,2,46,5.0,640000.0,16144
8045026,1,2,1,10,2024,2,49,10.0,,16147
8045029,1,1,1,10,2024,1,48,5.0,1000000.0,16153
8045029,1,2,1,10,2024,2,40,5.0,600000.0,16154
8045029,1,3,1,10,2024,2,18,5.0,,16155
8045030,1,1,1,10,2024,2,71,10.0,,16156
8045036,1,2,1,10,2024,1,28,5.0,,16167
8045038,1,3,1,10,2024,1,53,5.0,1500000.0,16172
8045039,1,2,1,10,2024,2,50,5.0,300000.0,16174
8045042,1,1,1,10,2024,2,65,10.0,5000000.0,16180
8045047,1,1,1,10,2024,1,58,5.0,,16188
8045047,1,4,1,10,2024,1,13,4.0,,16191
8045048,1,3,1,10,2024,1,11,4.0,,16196
8045048,1,4,1,10,2024,2,9,3.0,,16197
8045049,1,3,1,10,2024,2,9,3.0,,16200
8045051,1,1,1,10,2024,2,43,5.0,500000.0,16203
8045051,1,2,1,10,2024,1,15,4.0,,16204
8045051,1,4,1,10,2024,2,0,,,16206
8045053,1,3,1,10,2024,1,19,10.0,,16210
8045056,1,2,1,10,2024,2,69,3.0,350000.0,16218
8045057,1,3,1,10,2024,2,15,5.0,,16222
8045060,1,1,1,10,2024,2,84,1.0,,16229
8045062,1,2,1,10,2024,1,8,3.0,,16233
8045063,1,1,1,10,2024,2,28,10.0,3100000.0,16234
8045064,1,3,1,10,2024,1,4,1.0,,16237
8045066,1,3,1,10,2024,1,33,3.0,500000.0,16242
8045067,1,2,1,10,2024,2,54,3.0,1300000.0,16244
8045068,1,2,1,10,2024,1,40,3.0,1300000.0,16247
8045070,1,1,1,10,2024,2,48,3.0,820000.0,16252
8045071,1,1,1,10,2024,2,38,5.0,600000.0,16255
8045072,1,2,1,10,2024,1,33,5.0,1700000.0,16259
8045074,1,1,1,10,2024,1,28,5.0,1500000.0,16261
8045075,1,1,1,10,2024,1,43,10.0,1200000.0,16264
8045076,1,1,1,10,2024,1,60,3.0,900000.0,16265
8045077,1,3,1,10,2024,2,8,3.0,,16270
8045078,1,2,1,10,2024,1,33,5.0,1300000.0,16272
8045078,1,3,1,10,2024,2,14,4.0,,16273
8045078,1,4,1,10,2024,1,6,3.0,,16274
8045078,1,6,1,10,2024,1,6,2.0,,16276
8045079,1,5,1,10,2024,1,10,3.0,,16281
8045080,1,1,1,10,2024,2,37,5.0,1600000.0,16282
8045081,1,1,1,10,2024,2,70,11.0,,16285
8045084,1,2,1,10,2024,2,90,1.0,,16290
8045085,1,1,1,10,2024,1,30,10.0,800000.0,16291
8045086,1,1,1,10,2024,1,56,3.0,1500000.0,16295
8045091,1,1,1,10,2024,1,59,5.0,300000.0,16313
8045091,1,2,1,10,2024,2,53,5.0,,16314
8045092,1,1,1,10,2024,1,49,3.0,900000.0,16315
8045093,1,3,1,10,2024,1,28,11.0,2540000.0,16318
8045093,1,5,1,10,2024,2,11,4.0,,16320
8045095,1,2,1,10,2024,1,12,4.0,,16324
8045096,1,1,1,10,2024,2,58,3.0,160000.0,16325
8045097,1,2,1,10,2024,2,16,5.0,,16328
8045099,1,3,1,10,2024,2,38,5.0,,16335
8045102,1,1,1,10,2024,2,64,10.0,,16343
8045105,1,2,1,10,2024,2,16,5.0,,16349
8045107,1,1,1,10,2024,2,64,3.0,3800000.0,16352
8045109,1,3,1,10,2024,1,16,5.0,,16360
8045112,1,2,1,10,2024,2,27,5.0,,16364
8045113,1,3,1,10,2024,1,15,4.0,,16369
8045114,1,2,1,10,2024,2,47,5.0,1360000.0,16371
8045115,1,5,1,10,2024,2,4,1.0,,16377
8045117,1,2,1,10,2024,1,45,3.0,600000.0,16381
8045118,1,3,1,10,2024,2,30,5.0,700000.0,16384
8045120,1,3,1,10,2024,2,9,3.0,,16390
8045120,1,4,1,10,2024,2,6,3.0,,16391
8045121,1,1,1,10,2024,1,77,3.0,1320000.0,16392
8045121,1,3,1,10,2024,1,41,5.0,2500000.0,16394
8045121,1,4,1,10,2024,2,40,10.0,,16395
8045122,1,1,1,10,2024,1,37,5.0,1800000.0,16398
8045122,1,5,1,10,2024,2,72,1.0,,16402
8045123,1,1,1,10,2024,2,32,10.0,210000.0,16403
8045123,1,2,1,10,2024,1,13,4.0,,16404
8045126,1,1,1,10,2024,1,70,3.0,800000.0,16413
8045126,1,2,1,10,2024,2,64,3.0,650000.0,16414
8045127,1,3,1,10,2024,2,55,10.0,,16417
8045127,1,4,1,10,2024,1,69,5.0,,16418
8045128,1,1,1,10,2024,1,60,4.0,0.0,16419
8045129,1,3,1,10,2024,1,20,5.0,130000.0,16422
8045130,1,2,1,10,2024,2,28,10.0,0.0,16424
8045134,1,1,1,10,2024,2,66,11.0,,16429
8045137,1,1,1,10,2024,2,33,3.0,380000.0,16436
8045137,1,2,1,10,2024,1,9,3.0,,16437
8045139,1,1,1,10,2024,2,48,5.0,500000.0,16442
8045139,1,2,1,10,2024,1,46,5.0,600000.0,16443
8045140,1,1,1,10,2024,2,55,10.0,,16444
8045140,1,2,1,10,2024,1,19,10.0,,16445
8045143,1,1,1,10,2024,2,21,5.0,,16451
8045145,1,1,1,10,2024,2,26,10.0,1900000.0,16455
8045145,1,2,1,10,2024,1,30,10.0,1300000.0,16456
8045146,1,2,1,10,2024,2,29,5.0,700000.0,16458
8045150,1,2,1,10,2024,1,18,5.0,,16468
8045153,1,4,1,10,2024,2,70,3.0,,16472
8045155,1,2,1,10,2024,2,53,3.0,150000.0,16479
8045155,1,3,1,10,2024,1,7,1.0,,16480
8045156,1,1,1,10,2024,2,67,3.0,,16481
8045157,1,1,1,10,2024,1,70,4.0,300000.0,16485
8045158,1,1,1,10,2024,2,56,12.0,6000000.0,16486
8045158,1,3,1,10,2024,2,7,3.0,,16488
8045158,1,4,1,10,2024,2,0,,,16489
8045159,1,1,1,10,2024,2,51,3.0,800000.0,16490
8045159,1,2,1,10,2024,2,15,4.0,,16491
8045160,1,1,1,10,2024,1,49,3.0,800000.0,16492
8045161,1,1,1,10,2024,2,24,5.0,1200000.0,16493
8045162,1,1,1,10,2024,1,24,9.0,,16494
8045162,1,2,1,10,2024,2,23,9.0,700000.0,16495
8045163,1,1,1,10,2024,2,40,4.0,,16496
8045164,1,2,1,10,2024,1,43,3.0,800000.0,16500
8045165,1,4,1,10,2024,2,15,4.0,,16504
8045165,1,5,1,10,2024,2,9,3.0,,16505
8045166,1,1,1,10,2024,2,51,4.0,,16506
8045166,1,2,1,10,2024,2,26,9.0,1300000.0,16507
8045166,1,4,1,10,2024,2,31,9.0,1300000.0,16509
8045166,1,5,1,10,2024,2,7,3.0,,16510
8045167,1,2,1,10,2024,1,26,3.0,1200000.0,16512
8045167,1,3,1,10,2024,1,5,3.0,,16513
8045168,1,6,1,10,2024,2,1,,,16520
8045169,1,4,1,10,2024,2,12,4.0,,16525
8045170,1,1,1,10,2024,2,72,3.0,,16526
8045170,1,3,1,10,2024,1,13,4.0,,16528
8045171,1,2,1,10,2024,1,33,5.0,500000.0,16530
8045171,1,4,1,10,2024,1,0,,,16532
8045173,1,1,1,10,2024,2,39,12.0,4000000.0,16535
8045174,1,1,1,10,2024,1,50,3.0,,16539
8045174,1,4,1,10,2024,2,11,4.0,,16542
8045175,1,1,1,10,2024,1,64,3.0,500000.0,16544
8045175,1,2,1,10,2024,2,50,5.0,,16545
8045175,1,3,1,10,2024,1,24,10.0,,16546
8045176,1,3,1,10,2024,2,21,10.0,1300000.0,16549
8045177,1,1,1,10,2024,2,53,3.0,,16551
8045177,1,2,1,10,2024,2,30,5.0,450000.0,16552
8045180,1,5,1,10,2024,1,63,3.0,1200000.0,16562
8045182,1,1,1,10,2024,2,37,10.0,2600000.0,16567
8045182,1,2,1,10,2024,2,21,10.0,600000.0,16568
8045183,1,1,1,10,2024,1,43,10.0,3700000.0,16569
8045184,1,2,1,10,2024,1,46,5.0,,16574
8045184,1,3,1,10,2024,1,0,,,16575
8045189,1,1,1,10,2024,2,31,10.0,1600000.0,16584
8045189,1,2,1,10,2024,1,45,8.0,800000.0,16585
8045189,1,4,1,10,2024,2,21,4.0,800000.0,16587
8045189,1,5,1,10,2024,1,30,6.0,1200000.0,16588
8045189,1,6,1,10,2024,1,0,,,16589
8045191,1,1,1,10,2024,2,50,3.0,,16592
8045192,1,1,1,10,2024,1,52,8.0,4200000.0,16594
8045192,1,4,1,10,2024,1,16,6.0,,16597
8045195,1,2,1,10,2024,2,40,5.0,,16602
8045196,1,1,1,10,2024,1,27,10.0,3000000.0,16605
8045196,1,2,1,10,2024,2,73,3.0,,16606
8045197,1,4,1,10,2024,1,26,4.0,1400000.0,16612
8045198,1,1,1,10,2024,2,37,5.0,200000.0,16613
8045199,1,2,1,10,2024,2,32,5.0,,16618
8045199,1,3,1,10,2024,2,11,4.0,,16619
8045199,1,4,1,10,2024,1,6,2.0,,16620
8045205,1,3,1,10,2024,1,15,4.0,,16633
8045205,1,5,1,10,2024,2,78,3.0,,16635
8045206,1,2,1,10,2024,2,55,4.0,1000000.0,16637
8045207,1,1,1,10,2024,1,24,9.0,1300000.0,16638
8045207,1,3,1,10,2024,2,24,10.0,,16640
8045207,1,4,1,10,2024,1,12,4.0,,16641
8045207,1,5,1,10,2024,1,12,4.0,,16642
8045208,1,1,1,10,2024,1,60,1.0,288000.0,16643
8045211,1,1,1,10,2024,2,41,3.0,,16650
8045211,1,3,1,10,2024,1,12,4.0,,16652
8045212,1,1,1,10,2024,2,72,3.0,,16653
8045212,1,2,1,10,2024,2,48,5.0,,16654
8045213,1,4,1,10,2024,2,2,,,16658
8045214,1,2,1,10,2024,2,30,10.0,3500000.0,16661
8045217,1,1,1,10,2024,2,41,3.0,,16664
8045217,1,4,1,10,2024,2,15,5.0,,16667
8045218,1,1,1,10,2024,1,34,4.0,1300000.0,16668
8045218,1,2,1,10,2024,1,10,3.0,,16669
8045219,1,2,1,10,2024,1,58,3.0,1100000.0,16673
8045219,1,4,1,10,2024,2,33,8.0,0.0,16675
8045220,1,2,1,10,2024,2,31,5.0,1300000.0,16677
8045221,1,1,1,10,2024,2,55,3.0,,16681
8045221,1,3,1,10,2024,2,13,4.0,,16683
8045221,1,4,1,10,2024,2,10,3.0,,16684
8045222,1,1,1,10,2024,1,43,3.0,1400000.0,16685
8045222,1,3,1,10,2024,1,19,3.0,1200000.0,16687
8045222,1,10,1,10,2024,1,1,,,16694
8045222,1,11,1,10,2024,2,16,3.0,,16695
8045222,1,12,1,10,2024,2,0,,,16696
8045225,1,2,1,10,2024,2,22,10.0,1600000.0,16701
8045225,1,3,1,10,2024,1,16,6.0,,16702
8045226,1,3,1,10,2024,1,24,3.0,1500000.0,16705
8045227,1,1,1,10,2024,2,65,5.0,,16708
8045228,1,1,1,10,2024,1,60,3.0,1400000.0,16709
8045229,1,2,1,10,2024,2,26,3.0,,16714
8045229,1,4,1,10,2024,1,12,3.0,,16716
8045230,1,1,1,10,2024,2,70,3.0,560000.0,16718
8045231,1,1,1,10,2024,1,40,5.0,1600000.0,16721
8045231,1,3,1,10,2024,2,23,9.0,,16723
8045232,1,2,1,10,2024,2,68,5.0,,16725
8045233,1,2,1,10,2024,2,68,3.0,,16727
8045234,1,1,1,10,2024,1,58,5.0,1100000.0,16728
8045234,1,2,1,10,2024,2,91,3.0,,16729
8045234,1,4,1,10,2024,2,60,3.0,,16731
8045235,1,2,1,10,2024,2,73,3.0,,16734
8045235,1,4,1,10,2024,1,19,8.0,,16736
8045236,1,3,1,10,2024,2,21,8.0,1300000.0,16739
8045244,1,1,1,10,2024,1,24,5.0,,16754
8045246,1,1,1,10,2024,1,76,3.0,,16756
8045247,1,1,1,10,2024,2,26,10.0,1700000.0,16757
8045248,1,2,1,10,2024,2,27,5.0,1300000.0,16760
8045250,1,2,1,10,2024,2,33,10.0,700000.0,16763
8045251,1,1,1,10,2024,2,41,11.0,,16765
8045252,1,1,1,10,2024,1,38,10.0,1600000.0,16767
8045256,1,2,1,10,2024,2,88,3.0,,16774
8045257,1,1,1,10,2024,1,70,5.0,,16776
8045258,1,1,1,10,2024,1,65,5.0,1500000.0,16778
8045260,1,1,1,10,2024,2,27,10.0,2000000.0,16782
8045262,1,1,1,10,2024,2,34,5.0,,16784
8045262,1,4,1,10,2024,1,11,3.0,,16787
8045263,1,2,1,10,2024,2,38,10.0,,16790
8045266,1,2,1,10,2024,1,60,4.0,800000.0,16799
8045267,1,1,1,10,2024,1,50,13.0,3813000.0,16803
8045267,1,2,1,10,2024,2,78,3.0,,16804
8045268,1,1,1,10,2024,2,38,9.0,1800000.0,16805
8045269,1,2,1,10,2024,1,40,10.0,,16807
8045269,1,4,1,10,2024,1,18,5.0,,16809
8045269,1,6,1,10,2024,1,11,4.0,,16811
8045274,1,1,1,10,2024,1,56,3.0,2500000.0,16817
8045274,1,3,1,10,2024,1,25,5.0,,16819
8045274,1,4,1,10,2024,1,16,5.0,,16820
8045274,1,5,1,10,2024,2,59,1.0,,16821
8045275,1,1,1,10,2024,1,72,10.0,,16822
8045277,1,3,1,10,2024,1,24,5.0,1300000.0,16827
8045277,1,4,1,10,2024,1,19,5.0,1300000.0,16828
8045278,1,1,1,10,2024,2,27,9.0,4000000.0,16829
8045280,1,2,1,10,2024,2,14,4.0,,16832
8045282,1,2,1,10,2024,2,20,5.0,,16835
8045283,1,1,1,10,2024,1,22,10.0,2000000.0,16836
8045286,1,4,1,10,2024,2,16,5.0,,16846
8045289,1,1,1,10,2024,1,38,9.0,2500000.0,16851
8045290,1,1,1,10,2024,2,62,5.0,,16853
8045290,1,3,1,10,2024,2,44,5.0,500000.0,16855
8045294,1,3,1,10,2024,1,44,3.0,920000.0,16868
8045295,1,3,1,10,2024,1,39,10.0,,16871
8045296,1,2,1,10,2024,1,60,8.0,2500000.0,16873
8045297,1,2,1,10,2024,1,50,4.0,700000.0,16875
8045298,1,1,1,10,2024,1,42,3.0,,16877
8045299,1,3,1,10,2024,1,63,5.0,,16882
8045300,1,2,1,10,2024,2,48,3.0,,16884
8045301,1,1,1,10,2024,2,80,4.0,,16886
8045302,1,2,1,10,2024,2,10,3.0,,16889
8045305,1,1,1,10,2024,2,38,5.0,,16895
8045305,1,2,1,10,2024,2,49,3.0,1300000.0,16896
8045305,1,3,1,10,2024,2,29,5.0,1350000.0,16897
8045306,1,4,1,10,2024,2,1,,,16901
8045309,1,2,1,10,2024,2,3,2.0,,16907
8045310,1,2,1,10,2024,1,70,3.0,1100000.0,16909
8045310,1,3,1,10,2024,2,78,3.0,,16910
8045312,1,1,1,10,2024,2,56,4.0,,16914
8045312,1,3,1,10,2024,1,23,5.0,1300000.0,16916
8045313,1,1,1,10,2024,2,35,10.0,1300000.0,16917
8045314,1,2,1,10,2024,1,10,3.0,,16920
8045314,1,3,1,10,2024,1,4,1.0,,16921
8045316,1,2,1,10,2024,2,28,5.0,,16926
8045316,1,3,1,10,2024,1,2,,,16927
8045320,1,1,1,10,2024,1,46,9.0,1900000.0,16935
8045322,1,1,1,10,2024,2,47,3.0,1600000.0,16941
8045323,1,1,1,10,2024,1,28,9.0,3000000.0,16943
8045325,1,2,1,10,2024,1,89,3.0,,16946
8045327,1,3,1,10,2024,1,23,9.0,,16951
8045328,1,3,1,10,2024,1,24,10.0,1500000.0,16955
8045329,1,1,1,10,2024,2,47,4.0,,16957
8045331,1,1,1,10,2024,1,42,10.0,9250000.0,16961
8045332,1,1,1,10,2024,1,32,5.0,1300000.0,16963
8045333,1,1,1,10,2024,1,52,3.0,1300000.0,16967
8045335,1,3,1,10,2024,1,25,10.0,1500000.0,16972
8045336,1,3,1,10,2024,2,70,1.0,,16975
8045338,1,2,1,10,2024,2,68,5.0,,16980
8045339,1,1,1,10,2024,2,39,10.0,750000.0,16981
8045339,1,2,1,10,2024,2,16,5.0,,16982
8045339,1,3,1,10,2024,1,8,3.0,,16983
8045340,1,2,1,10,2024,2,20,5.0,1300000.0,16985
8045340,1,3,1,10,2024,2,9,3.0,,16986
8045340,1,4,1,10,2024,2,4,2.0,,16987
8045341,1,1,1,10,2024,2,53,3.0,1300000.0,16988
8045342,1,1,1,10,2024,1,57,5.0,,16990
8045342,1,3,1,10,2024,2,21,10.0,,16992
8045343,1,1,1,10,2024,1,30,12.0,4600000.0,16993
8045343,1,3,1,10,2024,2,10,3.0,,16995
8045343,1,4,1,10,2024,2,52,5.0,,16996
8045345,1,2,1,10,2024,1,43,8.0,,17000
8045345,1,3,1,10,2024,1,19,10.0,,17001
8045346,1,1,1,10,2024,2,59,3.0,,17002
8045348,1,1,1,10,2024,2,75,1.0,,17005
8045351,1,2,1,10,2024,2,25,10.0,1300000.0,17008
8045352,1,1,1,10,2024,2,38,6.0,1300000.0,17009
8045353,1,1,1,10,2024,2,37,9.0,1300000.0,17012
8045355,1,2,1,10,2024,2,25,10.0,200000.0,17019
8045355,1,4,1,10,2024,2,2,,,17021
8045356,1,1,1,10,2024,1,41,11.0,2000000.0,17022
8045356,1,2,1,10,2024,2,39,11.0,,17023
8045357,1,1,1,10,2024,1,41,10.0,3000000.0,17024
8045357,1,2,1,10,2024,2,32,10.0,2000000.0,17025
8045358,1,1,1,10,2024,2,47,3.0,,17026
8045360,1,2,1,10,2024,2,25,9.0,900000.0,17032
8045361,1,1,1,10,2024,2,33,9.0,1900000.0,17033
8045361,1,2,1,10,2024,1,38,8.0,,17034
8045362,1,4,1,10,2024,1,8,3.0,,17039
8045362,1,8,1,10,2024,2,9,3.0,,17043
8045362,1,10,1,10,2024,1,16,3.0,,17045
8045363,1,4,1,10,2024,1,14,4.0,,17049
8045364,1,2,1,10,2024,2,63,4.0,,17052
8045368,1,3,1,10,2024,2,41,10.0,1300000.0,17060
8045370,1,1,1,10,2024,1,55,5.0,2000000.0,17065
8045371,1,1,1,10,2024,1,49,10.0,2100000.0,17067
8045373,1,1,1,10,2024,1,69,10.0,5200000.0,17069
8045374,1,2,1,10,2024,1,35,5.0,1300000.0,17072
8045374,1,3,1,10,2024,1,34,5.0,540000.0,17073
8045374,1,4,1,10,2024,2,4,2.0,,17074
8045377,1,1,1,10,2024,1,50,3.0,1800000.0,17082
8045382,1,2,1,10,2024,1,73,3.0,,17095
8045383,1,2,1,10,2024,1,28,8.0,1000000.0,17099
8045385,1,2,1,10,2024,2,46,5.0,,17104
8045386,1,3,1,10,2024,1,18,5.0,,17108
8045387,1,1,1,10,2024,2,60,5.0,,17109
8045388,1,1,1,10,2024,1,40,5.0,2000000.0,17111
8045388,1,2,1,10,2024,2,40,5.0,1000000.0,17112
8045388,1,4,1,10,2024,2,16,4.0,,17114
8045389,1,1,1,10,2024,1,51,5.0,2000000.0,17115
8045390,1,2,1,10,2024,2,15,4.0,,17117
8045391,1,1,1,10,2024,1,36,5.0,2600000.0,17118
8045391,1,3,1,10,2024,1,21,8.0,,17120
8045393,1,2,1,10,2024,2,47,6.0,,17127
8045394,1,4,1,10,2024,2,29,10.0,,17132
8045394,1,6,1,10,2024,1,3,1.0,,17134
8045397,1,5,1,10,2024,2,75,3.0,,17145
8045398,1,3,1,10,2024,1,24,9.0,,17148
8045399,1,1,1,10,2024,1,61,5.0,1300000.0,17150
8045400,1,1,1,10,2024,1,52,5.0,3400000.0,17153
8045401,1,2,1,10,2024,2,30,6.0,,17157
8045402,1,3,1,10,2024,1,17,9.0,,17163
8045404,1,2,1,10,2024,1,53,3.0,1200000.0,17169
8045405,1,1,1,10,2024,2,30,5.0,1600000.0,17170
8045405,1,2,1,10,2024,1,31,4.0,1500000.0,17171
8045405,1,3,1,10,2024,2,10,3.0,,17172
8045408,1,1,1,10,2024,2,45,10.0,1550000.0,17175
8045409,1,3,1,10,2024,1,19,5.0,900000.0,17179
8045410,1,3,1,10,2024,2,83,3.0,,17182
8045412,1,3,1,10,2024,1,25,6.0,1200000.0,17190
8045412,1,4,1,10,2024,1,8,3.0,,17191
8045414,1,2,1,10,2024,1,44,3.0,1300000.0,17198
8045417,1,3,1,10,2024,1,11,3.0,,17208
8045418,1,1,1,10,2024,1,62,9.0,1600000.0,17209
8045420,1,1,1,10,2024,1,29,5.0,1500000.0,17211
8045421,1,1,1,10,2024,2,24,10.0,2000000.0,17212
8045423,1,2,1,10,2024,2,25,5.0,,17217
8045423,1,3,1,10,2024,2,4,1.0,,17218
8045423,1,5,1,10,2024,2,25,5.0,1300000.0,17220
8045424,1,3,1,10,2024,2,58,3.0,800000.0,17223
8045425,1,2,1,10,2024,1,42,4.0,,17225
8045426,1,2,1,10,2024,2,37,10.0,1300000.0,17228
8045426,1,3,1,10,2024,2,15,4.0,,17229
8045426,1,4,1,10,2024,1,36,4.0,,17230
8045426,1,5,1,10,2024,2,25,6.0,1300000.0,17231
8045427,1,1,1,10,2024,2,47,3.0,900000.0,17232
8045434,1,1,1,10,2024,1,24,12.0,4100000.0,17249
8045434,1,2,1,10,2024,2,24,10.0,2000000.0,17250
8045435,1,1,1,10,2024,2,48,10.0,2500000.0,17251
8045436,1,1,1,10,2024,1,60,5.0,1300000.0,17253
8045436,1,2,1,10,2024,2,57,5.0,1300000.0,17254
8045438,1,2,1,10,2024,2,80,3.0,,17259
8045438,1,3,1,10,2024,1,40,5.0,1300000.0,17260
8045439,1,5,1,10,2024,2,84,3.0,,17265
8045442,1,2,1,10,2024,1,24,9.0,1800000.0,17273
8045443,1,1,1,10,2024,1,43,5.0,1500000.0,17276
8045447,1,2,1,10,2024,2,83,1.0,,17290
8045451,1,1,1,10,2024,2,57,11.0,3800000.0,17303
8045451,1,2,1,10,2024,1,59,11.0,6000000.0,17304
8045452,1,1,1,10,2024,2,44,5.0,200000.0,17306
8045452,1,3,1,10,2024,1,20,5.0,,17308
8045453,1,5,1,10,2024,2,10,4.0,,17314
8045454,1,3,1,10,2024,2,12,4.0,,17318
8045458,1,2,1,10,2024,2,63,3.0,,17327
8045459,1,3,1,10,2024,1,10,4.0,,17332
8045459,1,4,1,10,2024,1,5,2.0,,17333
8045460,1,2,1,10,2024,2,35,12.0,6000000.0,17337
8045463,1,1,1,10,2024,2,18,3.0,820000.0,17344
8045463,1,3,1,10,2024,2,1,,,17346
8045464,1,3,1,10,2024,2,25,10.0,2600000.0,17351
8045465,1,2,1,10,2024,2,7,3.0,,17354
8045467,1,1,1,10,2024,1,42,3.0,1500000.0,17356
8045468,1,4,1,10,2024,1,13,4.0,,17360
8045469,1,1,1,10,2024,2,48,3.0,,17361
8045469,1,3,1,10,2024,1,22,5.0,,17363
8045471,1,4,1,10,2024,2,16,5.0,,17373
8045474,1,1,1,10,2024,2,75,4.0,1000000.0,17379
8045475,1,3,1,10,2024,2,4,1.0,,17383
8045477,1,4,1,10,2024,1,7,3.0,,17388
8045478,1,1,1,10,2024,1,74,1.0,300000.0,17389
8045479,1,2,1,10,2024,2,55,11.0,4800000.0,17392
8045479,1,3,1,10,2024,2,82,3.0,,17393
8045480,1,1,1,10,2024,2,64,3.0,28000.0,17395
8045480,1,2,1,10,2024,1,12,4.0,,17396
8045481,1,1,1,10,2024,2,60,3.0,,17397
8045483,1,1,1,10,2024,1,36,5.0,1100000.0,17404
8045487,1,1,1,10,2024,2,36,9.0,300000.0,17411
8045487,1,2,1,10,2024,1,16,5.0,400000.0,17412
8045487,1,3,1,10,2024,1,9,3.0,,17413
8045487,1,4,1,10,2024,2,72,1.0,,17414
8045488,1,3,1,10,2024,1,18,5.0,,17417
8045488,1,4,1,10,2024,1,63,3.0,25000.0,17418
8045490,1,1,1,10,2024,2,77,5.0,,17420
8045490,1,3,1,10,2024,2,44,5.0,,17422
8045492,1,1,1,10,2024,1,57,10.0,5000000.0,17427
8045492,1,2,1,10,2024,1,24,10.0,1600000.0,17428
8045494,1,1,1,10,2024,2,67,4.0,,17430
8045495,1,3,1,10,2024,1,20,5.0,400000.0,17434
8045497,1,1,1,10,2024,2,47,3.0,,17441
8045498,1,1,1,10,2024,1,45,4.0,650000.0,17443
8045499,1,2,1,10,2024,1,9,3.0,,17445
8045500,1,1,1,10,2024,1,58,3.0,600000.0,17449
8045501,1,3,1,10,2024,1,11,4.0,,17453
8045502,1,1,1,10,2024,1,38,8.0,1462000.0,17456
8045502,1,2,1,10,2024,2,35,8.0,300000.0,17457
8045505,1,1,1,10,2024,1,27,4.0,,17465
8045505,1,3,1,10,2024,1,10,3.0,,17467
8045507,1,3,1,10,2024,2,12,4.0,,17474
8045507,1,4,1,10,2024,2,7,3.0,,17475
8045509,1,1,1,10,2024,2,67,3.0,,17479
8045509,1,2,1,10,2024,2,49,11.0,5600000.0,17480
8045515,1,4,1,10,2024,1,2,,,17500
8045516,1,2,1,10,2024,1,56,4.0,400000.0,17502
8045516,1,4,1,10,2024,1,6,3.0,,17504
8045518,1,2,1,10,2024,1,18,10.0,,17508
8045519,1,3,1,10,2024,2,10,3.0,,17511
8045521,1,3,1,10,2024,2,10,3.0,,17515
8045521,1,4,1,10,2024,1,3,1.0,,17516
8045522,1,2,1,10,2024,1,23,4.0,,17518
8045522,1,4,1,10,2024,2,5,2.0,,17520
8045522,1,5,1,10,2024,2,4,1.0,,17521
8045524,1,4,1,10,2024,2,5,2.0,,17526
8045525,1,4,1,10,2024,1,2,,,17530
8045526,1,1,1,10,2024,2,43,9.0,,17531
8045526,1,2,1,10,2024,2,18,10.0,,17532
8045526,1,3,1,10,2024,1,14,4.0,,17533
8045528,1,1,1,10,2024,1,30,9.0,900000.0,17535
8045534,1,1,1,10,2024,1,51,3.0,600000.0,17544
8045535,1,2,1,10,2024,2,70,11.0,,17548
8045537,1,1,1,10,2024,2,44,11.0,4100000.0,17549
8045537,1,2,1,10,2024,1,41,8.0,4000000.0,17550
8045537,1,5,1,10,2024,2,74,4.0,,17553
8045541,1,1,1,10,2024,1,62,10.0,11000000.0,17560
8045543,1,1,1,10,2024,2,73,9.0,,17563
8045544,1,2,1,10,2024,2,7,3.0,,17566
8045547,1,1,1,10,2024,1,70,8.0,,17567
8045548,1,1,1,10,2024,2,50,3.0,,17570
8045548,1,3,1,10,2024,1,17,4.0,,17572
8045550,1,1,1,10,2024,2,40,5.0,1300000.0,17576
8045552,1,4,1,10,2024,2,25,10.0,1300000.0,17585
8045553,1,3,1,10,2024,1,9,3.0,,17589
8045554,1,1,1,10,2024,1,34,3.0,,17591
8045555,1,1,1,10,2024,1,74,3.0,,17592
8045555,1,2,1,10,2024,2,77,1.0,,17593
8045555,1,3,1,10,2024,2,30,9.0,1462000.0,17594
8045556,1,1,1,10,2024,1,34,5.0,1462000.0,17595
8045557,1,1,1,10,2024,2,50,3.0,1300000.0,17599
8045557,1,4,1,10,2024,1,20,3.0,900000.0,17602
8045558,1,1,1,10,2024,2,44,4.0,900000.0,17606
8045561,1,1,1,10,2024,2,51,3.0,,17608
8045561,1,5,1,10,2024,2,4,2.0,,17612
8045563,1,3,1,10,2024,2,31,10.0,2000000.0,17618
8045564,1,3,1,10,2024,1,5,2.0,,17621
8045566,1,1,1,10,2024,1,53,4.0,1600000.0,17626
8045566,1,3,1,10,2024,1,21,4.0,,17628
8045566,1,4,1,10,2024,1,13,4.0,,17629
8045567,1,1,1,10,2024,2,28,10.0,1300000.0,17631
8045567,1,4,1,10,2024,2,74,3.0,,17634
8045568,1,2,1,10,2024,2,61,3.0,,17636
8045571,1,1,1,10,2024,1,55,4.0,,17643
8045571,1,2,1,10,2024,2,47,5.0,,17644
8045573,1,2,1,10,2024,1,54,5.0,,17649
8045574,1,1,1,10,2024,2,26,10.0,3700000.0,17651
8045574,1,2,1,10,2024,1,27,9.0,2500000.0,17652
8045576,1,1,1,10,2024,1,36,10.0,2500000.0,17655
8045576,1,2,1,10,2024,2,35,10.0,4700000.0,17656
8045576,1,3,1,10,2024,1,13,4.0,,17657
8045577,1,1,1,10,2024,1,31,10.0,1890000.0,17659
8045581,1,1,1,10,2024,2,27,10.0,3900000.0,17668
8045582,1,2,1,10,2024,1,4,1.0,,17670
8045583,1,2,1,10,2024,2,44,10.0,1000000.0,17672
8045584,1,1,1,10,2024,1,55,10.0,2800000.0,17675
8045584,1,2,1,10,2024,2,53,5.0,2000000.0,17676
8045586,1,1,1,10,2024,2,61,3.0,960000.0,17677
8045587,1,1,1,10,2024,1,45,5.0,2400000.0,17680
8045587,1,2,1,10,2024,2,43,8.0,,17681
8045587,1,3,1,10,2024,2,19,5.0,,17682
8045589,1,1,1,10,2024,1,42,3.0,1300000.0,17685
8045589,1,2,1,10,2024,2,41,5.0,1300000.0,17686
8045590,1,1,1,10,2024,2,86,5.0,,17688
8045592,1,1,1,10,2024,1,45,13.0,7811000.0,17691
8045594,1,1,1,10,2024,1,57,4.0,1300000.0,17693
8045594,1,3,1,10,2024,1,11,3.0,,17695
8045597,1,1,1,10,2024,2,42,6.0,,17697
8045597,1,2,1,10,2024,1,45,6.0,1200000.0,17698
8045599,1,1,1,10,2024,2,58,3.0,,17703
8045601,1,3,1,10,2024,1,12,3.0,,17707
8045602,1,1,1,10,2024,2,52,4.0,,17709
8045614,1,1,1,10,2024,2,40,5.0,1300000.0,17716
8045615,1,1,1,10,2024,1,51,3.0,800000.0,17720
8045615,1,4,1,10,2024,1,2,,,17723
8045616,1,1,1,10,2024,2,36,5.0,190000.0,17724
8045617,1,1,1,10,2024,1,33,5.0,,17727
8045617,1,2,1,10,2024,2,45,5.0,,17728
8045618,1,1,1,10,2024,2,44,10.0,3100000.0,17732
8045618,1,2,1,10,2024,2,18,8.0,,17733
8045618,1,3,1,10,2024,1,15,6.0,,17734
8045619,1,3,1,10,2024,2,8,3.0,,17738
8045622,1,1,1,10,2024,2,51,5.0,180000.0,17746
8045622,1,3,1,10,2024,2,21,10.0,,17748
8045622,1,5,1,10,2024,1,5,3.0,,17750
8045624,1,4,1,10,2024,1,28,10.0,2000000.0,17757
8045625,1,3,1,10,2024,1,19,6.0,900000.0,17760
8045625,1,4,1,10,2024,1,10,4.0,,17761
8045626,1,2,1,10,2024,1,53,3.0,200000.0,17763
8045627,1,2,1,10,2024,2,66,6.0,,17768
8045628,1,1,1,10,2024,1,48,8.0,3800000.0,17772
8045628,1,3,1,10,2024,2,15,4.0,,17774
8045629,1,2,1,10,2024,2,51,5.0,,17777
8045633,1,2,1,10,2024,2,43,5.0,1300000.0,17786
8045633,1,3,1,10,2024,2,13,4.0,,17787
8045634,1,1,1,10,2024,2,65,3.0,,17788
8045634,1,3,1,10,2024,1,27,5.0,1700000.0,17790
8045636,1,1,1,10,2024,1,62,5.0,1200000.0,17794
8045641,1,1,1,10,2024,2,33,3.0,,17811
8045641,1,2,1,10,2024,1,35,3.0,1300000.0,17812
8045643,1,1,1,10,2024,2,66,4.0,450000.0,17821
8045644,1,2,1,10,2024,2,54,3.0,,17823
8045645,1,2,1,10,2024,2,33,4.0,,17827
8045646,1,1,1,10,2024,1,55,5.0,1300000.0,17828
8045646,1,3,1,10,2024,1,23,6.0,,17830
8045646,2,2,2,10,2024,1,12,4.0,,17832
8045647,1,1,1,10,2024,1,51,3.0,800000.0,17833
8045647,1,3,1,10,2024,2,17,5.0,,17835
8045648,1,2,1,10,2024,2,16,5.0,,17838
8045649,1,2,1,10,2024,1,30,5.0,,17841
8045650,1,2,1,10,2024,1,74,3.0,,17844
8045651,1,1,1,10,2024,2,50,3.0,,17845
8045652,1,1,1,10,2024,2,64,10.0,,17848
8045652,1,3,1,10,2024,2,15,5.0,,17850
8045652,1,4,1,10,2024,2,13,4.0,,17851
8045653,1,1,1,10,2024,1,59,5.0,2600000.0,17852
8045654,1,5,1,10,2024,2,17,4.0,,17857
8045654,1,6,1,10,2024,1,0,,,17858
8045658,1,1,1,10,2024,1,35,5.0,1300000.0,17863
8045661,1,1,1,10,2024,2,31,5.0,,17870
8045661,1,2,1,10,2024,1,10,3.0,,17871
8045661,1,3,1,10,2024,2,2,,,17872
8045662,1,1,1,10,2024,1,33,6.0,1500000.0,17873
8045667,1,1,1,10,2024,1,82,3.0,800000.0,17885
8045668,1,1,1,10,2024,2,97,3.0,,17886
8045669,1,1,1,10,2024,2,64,3.0,,17889
8045671,1,2,1,10,2024,2,59,3.0,,17894
8045673,1,2,1,10,2024,1,3,2.0,,17897
8045676,1,1,1,10,2024,1,60,6.0,1600000.0,17902
8045677,1,1,1,10,2024,2,39,8.0,1300000.0,17906
8045681,1,2,1,10,2024,1,57,5.0,700000.0,17916
8045684,1,1,1,10,2024,2,45,8.0,,17923
8045686,1,2,1,10,2024,2,68,8.0,700000.0,17928
8045687,1,2,1,10,2024,1,34,4.0,,17932
8045688,1,1,1,10,2024,2,60,11.0,,17933
8045689,1,1,1,10,2024,1,30,10.0,2700000.0,17935
8045690,1,4,1,10,2024,1,6,3.0,,17942
8045691,1,2,1,10,2024,2,63,10.0,,17944
8045692,1,5,1,10,2024,1,12,4.0,,17950
8045693,1,1,1,10,2024,1,52,3.0,1300000.0,17951
8045696,1,2,1,10,2024,2,12,4.0,,17959
8045698,1,2,1,10,2024,1,29,5.0,1300000.0,17962
8045698,1,3,1,10,2024,2,1,,,17963
8045699,1,1,1,10,2024,1,42,3.0,,17964
8045704,1,1,1,10,2024,2,99,3.0,,17975
8045705,1,1,1,10,2024,2,42,10.0,1300000.0,17977
8045706,1,1,1,10,2024,1,22,5.0,,17979
8045707,1,1,1,10,2024,1,55,5.0,2000000.0,17980
8045707,1,2,1,10,2024,1,60,4.0,,17981
8045711,1,2,1,10,2024,1,2,,,17991
8045712,1,1,1,10,2024,1,54,3.0,1800000.0,17992
8045712,1,3,1,10,2024,1,10,3.0,,17994
8045712,1,4,1,10,2024,1,4,2.0,,17995
8045714,1,3,1,10,2024,2,81,3.0,,17999
8045716,1,2,1,10,2024,2,48,8.0,,18004
8045716,1,4,1,10,2024,1,20,10.0,,18006
8045717,1,2,1,10,2024,1,32,10.0,3000000.0,18008
8045717,1,4,1,10,2024,1,19,10.0,,18010
8045718,1,2,1,10,2024,2,17,10.0,,18013
8045720,1,1,1,10,2024,1,25,5.0,1800000.0,18015
8045726,1,1,1,10,2024,1,72,3.0,,18027
8045726,1,2,1,10,2024,2,58,3.0,,18028
8045729,1,1,1,10,2024,1,39,10.0,2200000.0,18034
8045730,1,2,1,10,2024,2,66,3.0,450000.0,18036
8045732,1,1,1,10,2024,2,43,10.0,,18038
8045732,1,3,1,10,2024,1,1,,,18040
8045734,1,1,1,10,2024,1,72,3.0,,18043
8045734,1,3,1,10,2024,1,44,5.0,1800000.0,18045
8045735,1,1,1,10,2024,2,59,11.0,,18046
8045736,1,2,1,10,2024,2,38,10.0,,18049
8045736,1,3,1,10,2024,1,16,5.0,,18050
8045739,1,1,1,10,2024,1,61,5.0,,18055
8045740,1,1,1,10,2024,2,33,9.0,1600000.0,18056
8045740,1,3,1,10,2024,1,15,4.0,,18058
8045741,1,2,1,10,2024,2,55,5.0,,18062
8045741,1,3,1,10,2024,1,25,10.0,3700000.0,18063
8045743,1,1,1,10,2024,2,59,5.0,,18065
8045743,1,4,1,10,2024,1,31,5.0,2000000.0,18068
8045744,1,3,1,10,2024,1,0,,,18073
8045745,1,2,1,10,2024,1,32,5.0,800000.0,18077
8045747,1,3,1,10,2024,1,31,5.0,,18084
8045747,1,4,1,10,2024,1,8,3.0,,18085
8045748,1,2,1,10,2024,2,57,5.0,,18088
8045749,1,1,1,10,2024,2,50,5.0,1300000.0,18090
8045750,1,1,1,10,2024,2,28,8.0,1900000.0,18092
8045750,1,3,1,10,2024,1,7,3.0,,18094
8045750,1,4,1,10,2024,2,0,,,18095
8045751,1,1,1,10,2024,2,61,5.0,1800000.0,18096
8045751,1,2,1,10,2024,2,29,10.0,8200000.0,18097
8045752,1,1,1,10,2024,1,29,6.0,,18098
8045752,1,2,1,10,2024,2,42,10.0,,18099
8045752,1,3,1,10,2024,1,7,3.0,,18100
8045753,1,1,1,10,2024,1,37,6.0,4000000.0,18101
8045753,1,2,1,10,2024,2,40,10.0,,18102
8045755,1,1,1,10,2024,2,56,8.0,1680000.0,18109
8045755,1,2,1,10,2024,1,33,8.0,2000000.0,18110
8045757,1,3,1,10,2024,2,12,4.0,,18116
8045759,1,1,1,10,2024,1,27,5.0,1500000.0,18118
8045760,1,1,1,10,2024,1,62,8.0,2500000.0,18119
8045760,1,3,1,10,2024,1,30,10.0,,18121
8045764,1,1,1,10,2024,1,74,5.0,,18126
8045766,1,3,1,10,2024,1,16,4.0,,18131
8045768,1,1,1,10,2024,1,33,4.0,1200000.0,18134
8045768,1,2,1,10,2024,2,42,5.0,,18135
8045769,1,1,1,10,2024,1,31,5.0,1400000.0,18138
8045771,1,1,1,10,2024,2,50,3.0,,18141
8045773,1,2,1,10,2024,2,18,5.0,1300000.0,18145
8045774,1,1,1,10,2024,1,23,3.0,1300000.0,18146
8045776,1,3,1,10,2024,1,29,8.0,1900000.0,18151
8045777,1,1,1,10,2024,2,66,3.0,20000.0,18152
8045777,1,3,1,10,2024,1,55,3.0,700000.0,18154
8045778,1,1,1,10,2024,2,59,3.0,,18155
8045778,1,4,1,10,2024,1,16,4.0,,18158
8045779,1,1,1,10,2024,1,31,3.0,1450000.0,18159
8045779,1,4,1,10,2024,2,8,3.0,,18162
8045780,1,1,1,10,2024,2,51,5.0,250000.0,18163
8045780,1,2,1,10,2024,1,24,8.0,2100000.0,18164
8045781,1,1,1,10,2024,1,35,5.0,1600000.0,18166
8045783,1,2,1,10,2024,2,20,5.0,800000.0,18169
8045785,1,1,1,10,2024,2,47,3.0,500000.0,18173
8045786,1,1,1,10,2024,2,43,9.0,,18176
8045788,1,2,1,10,2024,1,16,5.0,,18180
8045789,1,2,1,10,2024,2,29,10.0,850000.0,18182
8045790,1,1,1,10,2024,2,51,4.0,,18184
8045790,1,4,1,10,2024,2,13,4.0,,18187
8045791,1,1,1,10,2024,1,35,4.0,2000000.0,18189
8045794,1,1,1,10,2024,2,29,10.0,5600000.0,18195
8045796,1,1,1,10,2024,2,26,5.0,2500000.0,18197
8045797,1,3,1,10,2024,2,6,3.0,,18200
8045798,1,1,1,10,2024,1,45,5.0,1600000.0,18201
8045798,1,3,1,10,2024,2,16,5.0,,18203
8045799,1,1,1,10,2024,1,33,11.0,,18204
8045802,1,3,1,10,2024,2,11,3.0,,18213
8045804,1,3,1,10,2024,2,14,3.0,,18219
8045804,1,5,1,10,2024,1,5,2.0,,18221
8045807,1,2,1,10,2024,2,33,10.0,400000.0,18226
8045808,1,1,1,10,2024,1,35,11.0,3500000.0,18227
8045809,1,1,1,10,2024,1,29,12.0,17000000.0,18230
8045926,1,1,1,10,2024,1,47,3.0,1200000.0,18245
8045927,1,2,1,10,2024,1,59,5.0,1800000.0,18248
8045927,1,3,1,10,2024,2,29,5.0,,18249
8045927,1,5,1,10,2024,2,3,1.0,,18251
8045928,1,1,1,10,2024,1,64,1.0,800000.0,18252
8045930,1,2,1,10,2024,1,17,5.0,,18257
8045930,1,4,1,10,2024,2,13,4.0,,18259
8045931,1,1,1,10,2024,2,36,5.0,,18261
8045932,1,3,1,10,2024,1,16,4.0,,18266
8045933,1,1,1,10,2024,2,20,4.0,,18269
8045933,1,2,1,10,2024,1,22,4.0,1000000.0,18270
8045937,1,2,1,10,2024,1,25,4.0,480000.0,18282
8045940,1,1,1,10,2024,1,37,5.0,700000.0,18284
8045941,1,3,1,10,2024,1,13,4.0,,18288
8045942,1,3,1,10,2024,2,31,10.0,,18291
8045943,1,3,1,10,2024,1,22,5.0,700000.0,18296
8045944,1,1,1,10,2024,1,29,5.0,1350000.0,18300
8045945,1,1,1,10,2024,2,65,3.0,200000.0,18304
8045945,1,2,1,10,2024,2,32,10.0,,18305
8045946,1,1,1,10,2024,2,53,3.0,240000.0,18306
8045946,1,2,1,10,2024,1,43,1.0,1500000.0,18307
8045947,1,1,1,10,2024,1,39,10.0,3200000.0,18309
8045949,1,1,1,10,2024,1,21,4.0,1250000.0,18316
8045949,1,3,1,10,2024,1,0,,,18318
8045950,1,1,1,10,2024,1,69,3.0,80000.0,18319
8045951,1,2,1,10,2024,2,62,4.0,,18323
8045952,1,2,1,10,2024,2,62,3.0,,18325
8045952,1,3,1,10,2024,1,22,5.0,750000.0,18326
8045956,1,1,1,10,2024,1,63,3.0,750000.0,18335
8045958,1,1,1,10,2024,1,66,3.0,600000.0,18338
8045960,1,1,1,10,2024,2,33,8.0,1000000.0,18343
8045960,1,2,1,10,2024,1,45,3.0,1500000.0,18344
8045961,1,2,1,10,2024,2,43,3.0,,18346
8045962,1,4,1,10,2024,2,12,4.0,,18352
8045963,1,1,1,10,2024,1,55,1.0,1480000.0,18353
8045963,1,4,1,10,2024,1,3,2.0,,18356
8045964,1,1,1,10,2024,2,41,4.0,,18358
8045964,1,2,1,10,2024,2,15,4.0,,18359
8045965,1,3,1,10,2024,1,22,5.0,,18365
8045965,1,4,1,10,2024,2,16,3.0,,18366
8045966,1,3,1,10,2024,2,17,5.0,,18369
8045967,1,2,1,10,2024,2,38,5.0,400000.0,18372
8045968,1,1,1,10,2024,2,38,5.0,730000.0,18373
8045968,1,3,1,10,2024,1,13,4.0,,18375
8045968,1,4,1,10,2024,1,9,3.0,,18376
8045970,1,1,1,10,2024,2,37,8.0,1450000.0,18380
8045970,1,2,1,10,2024,1,10,3.0,,18381
8045971,1,1,1,10,2024,2,54,1.0,450000.0,18383
8045972,1,1,1,10,2024,2,69,3.0,,18385
8045973,1,1,1,10,2024,1,83,3.0,,18387
8045973,1,2,1,10,2024,2,54,1.0,,18388
8045974,1,1,1,10,2024,1,65,1.0,,18392
8045976,1,2,1,10,2024,1,17,5.0,,18397
8045976,1,4,1,10,2024,1,8,3.0,,18399
8045976,1,5,1,10,2024,2,4,1.0,,18400
8045978,1,1,1,10,2024,2,76,4.0,,18402
8045979,1,1,1,10,2024,2,26,4.0,,18403
8045979,1,3,1,10,2024,2,3,1.0,,18405
8045980,1,2,1,10,2024,1,6,3.0,,18408
8045981,1,2,1,10,2024,2,20,5.0,,18410
8045983,1,2,1,10,2024,1,66,1.0,350000.0,18415
8045984,1,5,1,10,2024,2,14,4.0,,18420
8045985,1,3,1,10,2024,2,13,4.0,,18423
8045986,1,2,1,10,2024,1,48,5.0,1300000.0,18426
8045989,1,3,1,10,2024,2,17,4.0,,18437
8045991,1,1,1,10,2024,1,49,8.0,1500000.0,18440
8045993,1,2,1,10,2024,2,24,10.0,,18443
8045999,1,2,1,10,2024,2,39,3.0,1300000.0,18456
8045999,1,6,1,10,2024,1,12,4.0,,18460
8046000,1,3,1,10,2024,1,11,3.0,,18463
8046001,1,1,1,10,2024,2,19,3.0,,18464
8046005,1,1,1,10,2024,2,69,3.0,,18472
8046005,1,2,1,10,2024,1,70,3.0,1310000.0,18473
8046007,1,1,1,10,2024,1,72,5.0,700000.0,18477
8046011,1,1,1,10,2024,1,46,3.0,1150000.0,18485
8046011,1,3,1,10,2024,1,18,5.0,800000.0,18487
8046012,1,2,1,10,2024,2,37,3.0,,18490
8046012,1,5,1,10,2024,2,2,,,18493
8046015,1,3,1,10,2024,1,14,4.0,,18499
8046016,1,1,1,10,2024,1,71,3.0,,18500
8046016,1,2,1,10,2024,2,70,3.0,,18501
8046017,1,2,1,10,2024,2,71,3.0,,18506
8046019,1,1,1,10,2024,1,56,3.0,500000.0,18509
8046019,1,2,1,10,2024,2,82,3.0,,18510
8046020,1,1,1,10,2024,2,49,4.0,700000.0,18511
8046022,1,2,1,10,2024,2,72,3.0,,18519
8046023,1,3,1,10,2024,2,26,6.0,,18522
8046024,1,1,1,10,2024,2,55,3.0,500000.0,18524
8046024,1,3,1,10,2024,2,6,3.0,,18526
8046028,1,1,1,10,2024,2,66,1.0,40000.0,18531
8046030,1,1,1,10,2024,2,56,4.0,350000.0,18534
8046030,1,2,1,10,2024,1,66,3.0,,18535
8046032,1,1,1,10,2024,2,78,3.0,,18538
8046033,1,1,1,10,2024,1,37,8.0,1200000.0,18539
8046033,1,2,1,10,2024,2,37,10.0,3000000.0,18540
8046034,1,3,1,10,2024,2,26,5.0,1800000.0,18544
8046034,1,4,1,10,2024,2,24,5.0,600000.0,18545
8046034,1,5,1,10,2024,1,19,5.0,,18546
8046035,1,1,1,10,2024,2,81,3.0,,18547
8046035,1,2,1,10,2024,2,50,3.0,,18548
8046042,1,1,1,10,2024,1,62,3.0,,18562
8046044,1,1,1,10,2024,2,38,5.0,1300000.0,18567
8046047,1,3,1,10,2024,2,15,4.0,,18580
8046047,1,5,1,10,2024,1,10,3.0,,18582
8046048,1,1,1,10,2024,1,63,3.0,0.0,18583
8046050,1,2,1,10,2024,2,69,1.0,,18592
8046051,1,1,1,10,2024,1,43,3.0,1500000.0,18593
8046051,1,2,1,10,2024,2,33,5.0,,18594
8046051,1,5,1,10,2024,2,11,3.0,,18597
8046055,1,1,1,10,2024,1,58,5.0,,18606
8046057,1,1,1,10,2024,1,72,1.0,380000.0,18610
8046060,1,2,1,10,2024,1,58,3.0,,18614
8046060,1,4,1,10,2024,2,22,5.0,,18616
8046060,1,5,1,10,2024,2,17,5.0,,18617
8046062,1,2,1,10,2024,1,29,5.0,500000.0,18622
8046063,1,4,1,10,2024,1,12,4.0,,18626
8046063,1,5,1,10,2024,1,9,3.0,,18627
8046065,1,1,1,10,2024,1,71,3.0,500000.0,18631
8046067,1,1,1,10,2024,1,39,3.0,1000000.0,18633
8046069,1,1,1,10,2024,2,38,5.0,800000.0,18635
8046070,1,2,1,10,2024,2,37,10.0,,18640
8046071,1,1,1,10,2024,2,52,4.0,,18642
8046072,1,1,1,10,2024,1,47,5.0,2500000.0,18645
8046072,1,2,1,10,2024,2,49,8.0,1800000.0,18646
8046073,1,3,1,10,2024,1,20,5.0,,18651
8046074,1,3,1,10,2024,2,11,4.0,,18654
8046075,1,1,1,10,2024,1,39,5.0,1000000.0,18655
8046076,1,3,1,10,2024,2,14,4.0,,18659
8046077,1,1,1,10,2024,1,49,5.0,1500000.0,18662
8046077,1,2,1,10,2024,2,48,5.0,1500000.0,18663
8046077,1,3,1,10,2024,1,14,4.0,,18664
8046081,1,3,1,10,2024,1,27,11.0,4500000.0,18672
8046081,1,4,1,10,2024,2,32,10.0,5600000.0,18673
8046082,1,1,1,10,2024,1,58,9.0,3000000.0,18675
8046085,1,2,1,10,2024,1,49,9.0,2500000.0,18685
8046089,1,1,1,10,2024,1,82,3.0,,18693
8046091,1,2,1,10,2024,2,25,9.0,1300000.0,18697
8046092,1,1,1,10,2024,2,50,5.0,1300000.0,18699
8046092,1,3,1,10,2024,1,24,10.0,1500000.0,18701
8046093,1,1,1,10,2024,1,71,5.0,,18702
8046096,1,1,1,10,2024,1,61,4.0,1400000.0,18709
8046096,1,2,1,10,2024,2,59,4.0,,18710
8046098,1,2,1,10,2024,2,60,5.0,,18718
8046108,1,2,1,10,2024,2,47,5.0,1800000.0,18724
8046109,1,3,1,10,2024,1,7,3.0,,18727
8046110,1,2,1,10,2024,2,60,3.0,,18729
8046112,1,4,1,10,2024,2,31,10.0,1600000.0,18738
8046112,1,5,1,10,2024,1,34,3.0,1500000.0,18739
8046112,1,7,1,10,2024,1,3,1.0,,18741
8046115,1,3,1,10,2024,1,37,5.0,,18750
8046116,1,1,1,10,2024,1,28,5.0,800000.0,18751
8046117,1,4,1,10,2024,1,11,4.0,,18755
8046119,1,1,1,10,2024,2,78,1.0,,18758
8046120,1,2,1,10,2024,2,16,4.0,,18762
8046120,1,4,1,10,2024,2,11,4.0,,18764
8046126,1,1,1,10,2024,2,50,10.0,2400000.0,18772
8046127,1,1,1,10,2024,2,37,3.0,1300000.0,18774
8046128,1,1,1,10,2024,1,61,3.0,900000.0,18776
8046129,1,2,1,10,2024,2,55,11.0,4000000.0,18778
8046129,1,4,1,10,2024,1,25,11.0,400000.0,18780
8046136,1,1,1,10,2024,2,57,3.0,1620000.0,18782
8046137,1,2,1,10,2024,2,65,3.0,,18786
8046139,1,2,1,10,2024,2,65,3.0,,18790
8046139,1,3,1,10,2024,1,29,5.0,1300000.0,18791
8046141,1,2,1,10,2024,1,35,5.0,1300000.0,18796
8046141,1,3,1,10,2024,1,36,5.0,1300000.0,18797
8046142,1,1,1,10,2024,1,51,5.0,1000000.0,18801
8046143,1,1,1,10,2024,1,64,3.0,1300000.0,18804
8046144,1,1,1,10,2024,1,52,3.0,1200000.0,18805
8046146,1,1,1,10,2024,2,77,3.0,,18810
8046148,1,1,1,10,2024,2,26,4.0,,18814
8046148,1,3,1,10,2024,1,6,2.0,,18816
8046149,1,1,1,10,2024,2,66,3.0,,18817
8046150,1,2,1,10,2024,2,75,3.0,,18821
8046151,1,2,1,10,2024,2,53,3.0,,18823
8046152,1,1,1,10,2024,1,39,3.0,650000.0,18824
8046153,1,2,1,10,2024,2,52,3.0,,18830
8046155,1,4,1,10,2024,1,63,3.0,1500000.0,18837
8046156,1,1,1,10,2024,2,68,1.0,,18838
8046159,1,2,1,10,2024,1,38,3.0,,18843
8046160,1,2,1,10,2024,2,39,3.0,,18845
8046161,1,2,1,10,2024,1,44,3.0,800000.0,18848
8046165,1,2,1,10,2024,2,61,3.0,,18856
8046166,1,2,1,10,2024,2,57,5.0,,18858
8046167,1,1,1,10,2024,2,46,3.0,500000.0,18859
8046168,1,1,1,10,2024,1,27,5.0,1000000.0,18861
8046168,1,3,1,10,2024,2,2,,,18863
8046171,1,1,1,10,2024,2,37,3.0,1000000.0,18869
8046171,1,4,1,10,2024,2,11,4.0,,18872
8046171,1,5,1,10,2024,2,8,3.0,,18873
8046173,1,1,1,10,2024,2,50,3.0,300000.0,18876
8046175,1,3,1,10,2024,2,22,8.0,,18883
8046175,1,5,1,10,2024,1,18,5.0,,18885
8046176,1,2,1,10,2024,1,45,3.0,1200000.0,18887
8046176,1,4,1,10,2024,1,8,3.0,,18889
8046177,1,1,1,10,2024,2,22,4.0,,18890
8046177,1,2,1,10,2024,1,33,5.0,1095000.0,18891
8046178,1,1,1,10,2024,2,55,4.0,,18894
8046182,1,2,1,10,2024,1,64,1.0,1800000.0,18902
8046184,1,1,1,10,2024,2,70,3.0,,18908
8046185,1,1,1,10,2024,2,62,1.0,150000.0,18909
8046185,1,5,1,10,2024,2,11,4.0,,18913
8046186,1,2,1,10,2024,2,22,5.0,1000000.0,18918
8046187,1,1,1,10,2024,2,50,5.0,1100000.0,18920
8046187,1,5,1,10,2024,1,6,3.0,,18924
8046188,1,3,1,10,2024,2,2,,,18927
8046188,1,4,1,10,2024,2,14,4.0,,18928
8046189,1,3,1,10,2024,2,1,,,18931
8046192,1,1,1,10,2024,2,37,8.0,,18933
8046197,1,1,1,10,2024,1,77,5.0,,18943
8046200,1,1,1,10,2024,1,39,6.0,1800000.0,18950
8046201,1,1,1,10,2024,1,73,3.0,,18953
8046201,1,3,1,10,2024,1,43,3.0,,18955
8046202,1,2,1,10,2024,2,32,10.0,,18957
8046202,1,3,1,10,2024,2,6,2.0,,18958
8046204,1,3,1,10,2024,1,15,4.0,,18964
8046205,1,2,1,10,2024,1,31,5.0,1000000.0,18966
8046208,1,3,1,10,2024,1,18,5.0,,18974
8046209,1,1,1,10,2024,2,51,8.0,1200000.0,18975
8046210,1,1,1,10,2024,1,64,10.0,2000000.0,18978
8046210,1,3,1,10,2024,1,15,5.0,,18980
8046215,1,3,1,10,2024,2,82,1.0,,18990
8046220,1,1,1,10,2024,1,65,3.0,,18995
8046225,1,3,1,10,2024,1,40,10.0,2000000.0,19004
8046226,1,1,1,10,2024,2,45,5.0,240000.0,19006
8046226,1,2,1,10,2024,2,88,1.0,25000.0,19007
8046227,1,1,1,10,2024,1,53,3.0,,19008
8046231,1,1,1,10,2024,2,31,5.0,900000.0,19013
8046232,1,1,1,10,2024,2,47,9.0,,19014
8046232,1,2,1,10,2024,1,12,4.0,,19015
8046239,1,1,1,10,2024,1,69,3.0,,19024
8046240,1,2,1,10,2024,2,68,3.0,,19030
8046240,1,3,1,10,2024,1,32,9.0,,19031
8046242,1,1,1,10,2024,2,79,3.0,,19035
8046244,1,1,1,10,2024,1,31,9.0,,19037
8046248,1,1,1,10,2024,1,54,10.0,8000000.0,19044
8046250,1,1,1,10,2024,1,66,5.0,,19047
8046251,1,1,1,10,2024,1,64,6.0,1200000.0,19049
8046252,1,2,1,10,2024,2,58,4.0,,19051
8046254,1,1,1,10,2024,2,24,5.0,150000.0,19054
8046254,1,2,1,10,2024,1,25,10.0,1800000.0,19055
8046255,1,4,1,10,2024,2,11,4.0,,19060
8046255,1,6,1,10,2024,2,69,5.0,,19062
8046257,1,3,1,10,2024,2,4,1.0,,19069
8046263,1,2,1,10,2024,2,46,8.0,,19082
8046263,1,3,1,10,2024,1,11,3.0,,19083
8046264,1,2,1,10,2024,2,56,5.0,,19085
8046265,1,2,1,10,2024,1,28,3.0,1200000.0,19087
8046265,1,4,1,10,2024,1,11,3.0,,19089
8046266,1,2,1,10,2024,1,30,5.0,600000.0,19092
8046270,1,2,1,10,2024,1,44,3.0,550000.0,19108
8046271,1,2,1,10,2024,2,58,10.0,3000000.0,19111
8046274,1,2,1,10,2024,2,59,1.0,600000.0,19119
8046274,1,8,1,10,2024,2,16,4.0,,19125
8046278,1,3,1,10,2024,1,11,3.0,,19133
8046278,1,4,1,10,2024,2,25,8.0,,19134
8046278,1,6,1,10,2024,1,6,3.0,,19136
8046280,1,1,1,10,2024,2,37,4.0,920000.0,19140
8046281,1,1,1,10,2024,1,37,8.0,380000.0,19143
8046283,1,3,1,10,2024,2,15,4.0,,19151
8046283,1,5,1,10,2024,1,7,3.0,,19153
8046284,1,2,1,10,2024,1,66,1.0,500000.0,19156
8046286,1,2,1,10,2024,2,39,3.0,,19161
8046287,1,1,1,10,2024,2,78,3.0,,19162
8046287,1,4,1,10,2024,2,34,3.0,200000.0,19165
8046287,1,8,1,10,2024,1,12,3.0,,19169
8046287,1,9,1,10,2024,2,9,3.0,,19170
8046289,1,2,1,10,2024,2,32,3.0,,19176
8046289,1,7,1,10,2024,2,2,,,19181
8046290,1,3,1,10,2024,1,16,5.0,,19184
8046290,1,5,1,10,2024,2,24,5.0,,19186
8046291,1,2,1,10,2024,1,52,3.0,750000.0,19190
8046293,1,1,1,10,2024,2,54,1.0,,19199
8046293,1,2,1,10,2024,1,55,3.0,1050000.0,19200
8046293,1,6,1,10,2024,1,10,3.0,,19204
8046294,1,2,1,10,2024,1,30,5.0,500000.0,19206
8046294,1,3,1,10,2024,2,8,3.0,,19207
8046294,1,5,1,10,2024,1,1,,,19209
8046296,1,1,1,10,2024,2,44,8.0,450000.0,19214
8046298,1,2,1,10,2024,2,80,1.0,,19218
8046298,1,3,1,10,2024,1,41,9.0,1300000.0,19219
8046301,1,3,1,10,2024,1,20,5.0,,19226
8046303,1,2,1,10,2024,2,36,3.0,,19232
8046303,1,4,1,10,2024,1,2,,,19234
8046304,1,3,1,10,2024,2,15,3.0,,19239
8046304,1,4,1,10,2024,1,8,3.0,,19240
8046306,1,1,1,10,2024,2,53,11.0,13000000.0,19243
8046306,1,2,1,10,2024,1,50,5.0,6000000.0,19244
8046308,1,4,1,10,2024,2,12,3.0,,19249
8046311,1,2,1,10,2024,2,56,10.0,1400000.0,19257
8046314,1,2,1,10,2024,2,54,5.0,400000.0,19263
8046315,1,1,1,10,2024,1,57,5.0,1700000.0,19264
8046317,1,2,1,10,2024,2,39,10.0,,19270
8046317,1,4,1,10,2024,1,9,3.0,,19272
8046321,1,1,1,10,2024,2,65,3.0,1500000.0,19276
8046324,1,1,1,10,2024,2,25,5.0,2500000.0,19283
8046324,1,3,1,10,2024,2,6,2.0,,19285
8046325,1,4,1,10,2024,2,8,3.0,,19289
8046326,1,1,1,10,2024,1,46,3.0,1500000.0,19290
8046326,1,3,1,10,2024,1,18,10.0,60000.0,19292
8046328,1,1,1,10,2024,1,57,9.0,,19294
8046330,1,3,1,10,2024,1,21,4.0,,19300
8046332,1,2,1,10,2024,2,18,5.0,80000.0,19305
8046332,1,4,1,10,2024,1,27,5.0,1800000.0,19307
8046334,1,2,1,10,2024,1,38,5.0,1300000.0,19312
8046334,1,3,1,10,2024,1,20,5.0,1300000.0,19313
8046334,1,4,1,10,2024,2,8,3.0,,19314
8046337,1,5,1,10,2024,2,5,1.0,,19319
8046338,1,3,1,10,2024,1,25,5.0,,19323
8046340,1,4,1,10,2024,1,8,3.0,,19329
8046341,1,2,1,10,2024,2,5,3.0,,19331
8046342,1,2,1,10,2024,2,38,11.0,18000000.0,19334
8046345,1,1,1,10,2024,1,25,5.0,1600000.0,19339
8046346,1,1,1,10,2024,1,25,5.0,1400000.0,19341
8046349,1,1,1,10,2024,1,52,9.0,2300000.0,19342
8046351,1,1,1,10,2024,2,26,8.0,1300000.0,19349
8046353,1,2,1,10,2024,2,63,3.0,,19355
8046353,1,7,1,10,2024,1,27,4.0,1500000.0,19360
8046357,1,1,1,10,2024,1,48,3.0,1300000.0,19366
8046358,1,3,1,10,2024,2,34,5.0,600000.0,19370
8046358,1,4,1,10,2024,2,3,1.0,,19371
8046359,1,1,1,10,2024,1,32,8.0,1300000.0,19372
8046359,1,2,1,10,2024,2,25,8.0,,19373
8046361,1,2,1,10,2024,2,40,5.0,1300000.0,19376
8046361,1,3,1,10,2024,1,19,5.0,,19377
8046362,1,1,1,10,2024,2,58,5.0,600000.0,19378
8046362,1,2,1,10,2024,1,35,10.0,3200000.0,19379
8046363,1,2,1,10,2024,2,74,3.0,,19381
8046364,1,4,1,10,2024,2,14,4.0,,19386
8046365,1,1,1,10,2024,2,64,3.0,,19387
8046367,1,2,1,10,2024,2,49,3.0,1800000.0,19391
8046370,1,1,1,10,2024,2,43,12.0,2000000.0,19395
8046370,1,2,1,10,2024,1,33,5.0,1300000.0,19396
8046370,1,4,1,10,2024,2,3,1.0,,19398
8046371,1,2,1,10,2024,2,11,3.0,,19401
8046373,1,1,1,10,2024,2,55,5.0,40000.0,19409
8046375,1,1,1,10,2024,1,37,8.0,1300000.0,19413
8046375,1,2,1,10,2024,2,32,9.0,1300000.0,19414
8046376,1,1,1,10,2024,1,25,8.0,1300000.0,19416
8046377,1,2,1,10,2024,2,65,3.0,,19418
8046377,1,4,1,10,2024,2,25,5.0,1450000.0,19420
8046377,1,5,1,10,2024,1,3,1.0,,19421
8046383,1,1,1,10,2024,1,28,12.0,6900000.0,19429
8046389,1,1,1,10,2024,1,34,5.0,10000000.0,19434
8046389,1,2,1,10,2024,2,34,5.0,,19435
8046389,1,4,1,10,2024,1,5,2.0,,19437
8046389,1,6,1,10,2024,2,3,1.0,,19439
8046391,1,1,1,10,2024,1,84,10.0,,19440
8046392,1,2,1,10,2024,1,27,5.0,1300000.0,19443
8046393,1,1,1,10,2024,2,34,9.0,1800000.0,19445
8046393,1,2,1,10,2024,2,11,4.0,,19446
8046395,1,1,1,10,2024,1,73,4.0,1500000.0,19450
8046396,1,3,1,10,2024,1,24,10.0,1700000.0,19454
8046396,1,4,1,10,2024,2,21,10.0,1300000.0,19455
8046401,1,1,1,10,2024,1,55,4.0,,19462
8046401,1,2,1,10,2024,2,61,8.0,900000.0,19463
8046405,1,3,1,10,2024,2,34,10.0,3850000.0,19467
8046406,1,6,1,10,2024,2,10,3.0,,19474
8046408,1,1,1,10,2024,1,81,3.0,,19475
8046410,1,7,1,10,2024,2,7,3.0,,19482
8046412,1,2,1,10,2024,2,67,3.0,,19488
8046413,1,2,1,10,2024,1,43,8.0,1300000.0,19490
8046414,1,2,1,10,2024,2,45,9.0,,19493
8046414,1,3,1,10,2024,1,27,10.0,3500000.0,19494
8046417,1,1,1,10,2024,2,52,10.0,,19497
8046417,1,2,1,10,2024,2,19,10.0,1300000.0,19498
8046418,1,3,1,10,2024,2,19,5.0,,19501
8046419,1,1,1,10,2024,2,22,8.0,2100000.0,19502
8046419,1,2,1,10,2024,2,50,4.0,300000.0,19503
8046420,1,1,1,10,2024,1,57,4.0,,19504
8046421,1,3,1,10,2024,2,29,8.0,2000000.0,19507
8046422,1,1,1,10,2024,2,43,9.0,1652000.0,19508
8046424,1,1,1,10,2024,2,38,5.0,1300000.0,19510
8046424,1,3,1,10,2024,2,22,5.0,1460000.0,19512
8046425,1,3,1,10,2024,1,44,5.0,3000000.0,19516
8046429,1,1,1,10,2024,2,37,5.0,1300000.0,19524
8046429,1,2,1,10,2024,1,21,5.0,1300000.0,19525
8046434,1,1,1,10,2024,1,54,10.0,,19530
8046437,1,1,1,10,2024,2,53,10.0,1300000.0,19536
8046439,1,1,1,10,2024,1,65,10.0,,19539
8046439,1,3,1,10,2024,2,28,10.0,,19541
8046440,1,4,1,10,2024,1,11,1.0,,19545
8046441,1,3,1,10,2024,1,32,10.0,48.0,19548
8046441,1,4,1,10,2024,2,29,10.0,,19549
8046442,1,1,1,10,2024,2,66,5.0,,19550
8046443,1,1,1,10,2024,1,58,10.0,2000000.0,19554
8046443,1,3,1,10,2024,1,25,10.0,2000000.0,19556
8046445,1,4,1,10,2024,1,1,,,19562
8046447,1,1,1,10,2024,1,55,11.0,23500000.0,19564
8046448,1,3,1,10,2024,2,22,10.0,,19567
8046453,1,5,1,10,2024,2,5,2.0,,19578
8046455,1,1,1,10,2024,1,34,9.0,1500000.0,19580
8046456,1,1,1,10,2024,2,66,3.0,,19582
8046457,1,1,1,10,2024,2,79,3.0,,19585
8046457,1,4,1,10,2024,1,44,5.0,1500000.0,19588
8046460,1,2,1,10,2024,2,10,3.0,,19595
8046462,1,1,1,10,2024,1,37,10.0,6000000.0,19599
8046465,1,1,1,10,2024,2,36,10.0,1600000.0,19606
8046465,1,2,1,10,2024,2,7,3.0,,19607
8046466,1,3,1,10,2024,2,24,10.0,,19611
8046468,1,1,1,10,2024,2,65,8.0,,19615
8046469,1,4,1,10,2024,1,9,3.0,,19622
8046469,1,6,1,10,2024,2,70,10.0,80000.0,19624
8046472,1,2,1,10,2024,2,60,5.0,1460000.0,19628
8046473,1,2,1,10,2024,1,39,10.0,2000000.0,19632
8046473,1,3,1,10,2024,2,13,4.0,,19633
8046474,1,4,1,10,2024,2,4,2.0,,19638
8046476,1,1,1,10,2024,1,70,10.0,2500000.0,19639
8046477,1,2,1,10,2024,2,64,5.0,,19641
8046481,1,1,1,10,2024,2,75,10.0,,19647
8046481,1,2,1,10,2024,2,50,10.0,700000.0,19648
8046484,1,3,1,10,2024,2,21,10.0,,19654
8046485,1,2,1,10,2024,1,77,5.0,,19657
8046488,1,2,1,10,2024,2,55,8.0,,19659
8046488,1,3,1,10,2024,2,19,10.0,,19660
8046489,1,2,1,10,2024,2,74,5.0,,19662
8046491,1,2,1,10,2024,2,40,10.0,,19665
8046495,1,2,1,10,2024,2,8,3.0,,19675
8046496,1,1,1,10,2024,2,65,3.0,,19678
8046498,1,5,1,10,2024,1,18,8.0,800000.0,19683
8046499,1,1,1,10,2024,1,40,5.0,900000.0,19685
8046499,1,3,1,10,2024,1,22,5.0,1400000.0,19687
8046501,1,1,1,10,2024,1,65,1.0,500000.0,19689
8046505,1,2,1,10,2024,2,39,5.0,1300000.0,19702
8046505,1,3,1,10,2024,1,8,3.0,,19703
8046506,1,3,1,10,2024,1,18,5.0,,19707
8046506,1,4,1,10,2024,1,15,4.0,,19708
8046508,1,1,1,10,2024,1,52,3.0,350000.0,19714
8046509,1,8,1,10,2024,1,59,3.0,600000.0,19723
8046511,1,1,1,10,2024,2,67,3.0,,19727
8046511,1,4,1,10,2024,1,52,8.0,1300000.0,19730
8046511,1,6,1,10,2024,2,29,8.0,1300000.0,19732
8046512,1,1,1,10,2024,2,79,5.0,,19735
8046513,1,3,1,10,2024,1,16,4.0,,19738
8046513,1,4,1,10,2024,2,10,3.0,,19739
8046514,1,4,1,10,2024,2,10,3.0,,19743
8046518,1,1,1,10,2024,1,44,12.0,4000000.0,19749
8046518,1,4,1,10,2024,2,29,8.0,1850000.0,19752
8046519,1,1,1,10,2024,1,45,9.0,1300000.0,19753
8046520,1,3,1,10,2024,1,37,5.0,1300000.0,19756
8046520,1,6,1,10,2024,2,25,5.0,,19759
8046520,1,7,1,10,2024,2,8,3.0,,19760
8046520,1,9,1,10,2024,1,29,5.0,1300000.0,19762
8046522,1,4,1,10,2024,2,7,3.0,,19767
8046525,1,2,1,10,2024,2,44,10.0,1300000.0,19780
8046526,1,2,1,10,2024,2,35,5.0,900000.0,19782
8046526,1,3,1,10,2024,1,7,3.0,,19783
8046528,1,1,1,10,2024,1,46,4.0,1300000.0,19788
8046528,1,3,1,10,2024,2,15,4.0,,19790
8046528,1,4,1,10,2024,2,13,3.0,,19791
8046529,1,3,1,10,2024,1,12,4.0,,19795
8046530,1,2,1,10,2024,1,25,5.0,1350000.0,19797
8046531,1,2,1,10,2024,2,30,8.0,30000.0,19800
8046531,1,3,1,10,2024,2,12,4.0,,19801
8046534,1,2,1,10,2024,2,28,9.0,,19804
8046534,1,4,1,10,2024,2,2,,,19806
8046537,1,4,1,10,2024,1,12,4.0,,19812
8046538,1,1,1,10,2024,1,47,5.0,1000000.0,19813
8046538,1,3,1,10,2024,2,13,4.0,,19815
8046540,1,1,1,10,2024,2,52,3.0,30000.0,19817
8046540,1,3,1,10,2024,1,23,5.0,1462000.0,19819
8046541,1,1,1,10,2024,1,66,5.0,,19822
8046541,1,2,1,10,2024,2,61,5.0,,19823
8046541,1,3,1,10,2024,1,28,9.0,1300000.0,19824
8046543,1,1,1,10,2024,2,43,5.0,,19828
8046543,1,4,1,10,2024,2,7,3.0,,19831
8046544,1,1,1,10,2024,1,23,5.0,600000.0,19832
8046549,1,1,1,10,2024,2,47,8.0,150000.0,19847
8046549,1,2,1,10,2024,1,48,6.0,1560000.0,19848
8046550,1,1,1,10,2024,1,77,3.0,200000.0,19851
8046550,1,2,1,10,2024,2,58,3.0,,19852
8046551,1,2,1,10,2024,1,74,3.0,360000.0,19856
8046552,1,2,1,10,2024,1,29,10.0,1300000.0,19859
8046552,1,3,1,10,2024,2,91,1.0,,19860
8046553,1,1,1,10,2024,1,55,5.0,450000.0,19863
8046554,1,1,1,10,2024,1,27,3.0,350000.0,19866
8046554,1,2,1,10,2024,2,33,5.0,,19867
8046555,1,1,1,10,2024,2,29,9.0,,19869
8046556,1,1,1,10,2024,2,59,3.0,,19871
8046556,1,3,1,10,2024,2,40,5.0,,19873
8046556,1,5,1,10,2024,1,14,4.0,,19875
8046557,1,1,1,10,2024,2,38,3.0,1800000.0,19877
8046557,1,3,1,10,2024,2,6,3.0,,19879
8046558,1,1,1,10,2024,2,51,5.0,,19881
8046561,1,5,1,10,2024,2,55,4.0,,19887
8046565,1,2,1,10,2024,1,12,4.0,,19897
8046566,1,1,1,10,2024,2,36,8.0,1465000.0,19899
8046568,1,4,1,10,2024,1,22,10.0,,19908
8046569,1,1,1,10,2024,2,61,4.0,800000.0,19910
8046569,1,2,1,10,2024,1,36,5.0,1300000.0,19911
8046570,1,5,1,10,2024,2,57,3.0,,19916
8046571,1,1,1,10,2024,1,52,5.0,2600000.0,19918
8046572,1,3,1,10,2024,2,12,4.0,,19921
8046572,1,7,1,10,2024,2,6,3.0,,19925
8046573,1,2,1,10,2024,2,36,5.0,,19927
8046574,1,3,1,10,2024,2,21,1.0,,19931
8046576,1,2,1,10,2024,1,9,3.0,,19933
8046577,1,7,1,10,2024,2,73,4.0,,19940
8046579,1,2,1,10,2024,2,32,8.0,80000.0,19947
8046580,1,2,1,10,2024,1,72,1.0,,19951
8046580,1,3,1,10,2024,1,37,3.0,100000.0,19952
8046580,1,6,1,10,2024,1,15,4.0,,19955
8046580,1,7,1,10,2024,1,13,4.0,,19956
8046581,1,2,1,10,2024,2,49,5.0,,19958
8046582,1,1,1,10,2024,1,57,12.0,6500000.0,19960
8046582,1,2,1,10,2024,2,53,12.0,6000000.0,19961
8046584,1,3,1,10,2024,2,22,10.0,,19969
8046586,1,1,1,10,2024,1,69,4.0,,19971
8046586,1,3,1,10,2024,2,43,10.0,1300000.0,19973
8046589,1,3,1,10,2024,1,25,5.0,1300000.0,19981
8046589,1,4,1,10,2024,1,24,5.0,1300000.0,19982
8046590,1,4,1,10,2024,2,10,4.0,,19986
8046590,1,5,1,10,2024,2,68,3.0,,19987
8046596,1,1,1,10,2024,1,50,5.0,600000.0,20003
8046596,1,4,1,10,2024,1,16,5.0,,20006
8046598,1,2,1,10,2024,2,74,3.0,,20010
8046600,1,1,1,10,2024,1,38,5.0,900000.0,20015
8046602,1,2,1,10,2024,2,42,11.0,,20019
8046605,1,1,1,10,2024,1,47,4.0,1000000.0,20024
8046605,1,2,1,10,2024,2,43,3.0,18000.0,20025
8046606,1,1,1,10,2024,1,78,3.0,,20028
8046606,1,2,1,10,2024,2,72,3.0,,20029
8046606,1,5,1,10,2024,1,18,4.0,800000.0,20032
8046607,1,2,1,10,2024,1,45,5.0,1500000.0,20037
8046608,1,1,1,10,2024,1,35,5.0,1300000.0,20038
8046609,1,1,1,10,2024,1,63,1.0,600000.0,20039
8046610,1,2,1,10,2024,2,40,5.0,750000.0,20041
8046617,1,1,1,10,2024,1,45,12.0,,20047
8046618,1,1,1,10,2024,1,61,10.0,,20049
8046619,1,4,1,10,2024,1,21,5.0,1000000.0,20053
8046620,1,2,1,10,2024,2,95,3.0,,20055
8046622,1,1,1,10,2024,2,63,10.0,400000.0,20058
8046622,1,2,1,10,2024,1,63,10.0,1300000.0,20059
8046622,1,4,1,10,2024,1,21,10.0,,20061
8046623,1,2,1,10,2024,2,47,10.0,2000000.0,20063
8046625,1,1,1,10,2024,1,75,5.0,,20069
8046625,1,2,1,10,2024,2,66,4.0,,20070
8046626,1,2,1,10,2024,2,26,8.0,200000.0,20073
8046627,1,2,1,10,2024,2,61,5.0,,20077
8046628,1,2,1,10,2024,2,37,10.0,1300000.0,20079
8046630,1,2,1,10,2024,2,58,3.0,,20083
8046633,2,1,2,10,2024,1,61,4.0,,20091
8046635,1,2,1,10,2024,2,47,9.0,2600000.0,20096
8046637,1,1,1,10,2024,1,50,9.0,1600000.0,20101
8046637,1,2,1,10,2024,2,54,11.0,5000000.0,20102
8046637,1,4,1,10,2024,1,18,5.0,,20104
8046643,1,2,1,10,2024,1,30,9.0,1900000.0,20108
8046643,1,3,1,10,2024,2,16,5.0,,20109
8046644,1,1,1,10,2024,1,45,12.0,6000000.0,20111
8046644,1,2,1,10,2024,2,39,12.0,,20112
8046645,1,1,1,10,2024,1,56,5.0,,20114
8046648,1,1,1,10,2024,2,79,6.0,,20118
8046651,1,1,1,10,2024,1,55,3.0,,20125
8046651,1,2,1,10,2024,2,40,5.0,,20126
8046653,1,1,1,10,2024,2,33,5.0,450000.0,20127
8046653,1,2,1,10,2024,2,8,3.0,,20128
8046656,1,4,1,10,2024,1,47,5.0,1980000.0,20136
8046657,1,2,1,10,2024,2,32,10.0,3000000.0,20138
8046660,1,2,1,10,2024,1,77,3.0,,20142
8046661,1,3,1,10,2024,2,6,3.0,,20145
8046663,1,1,1,10,2024,2,55,4.0,1000000.0,20146
8046663,1,2,1,10,2024,1,57,3.0,,20147
8046663,1,3,1,10,2024,2,13,4.0,,20148
8046663,1,4,1,10,2024,2,9,3.0,,20149
8046665,1,2,1,10,2024,2,42,8.0,1300000.0,20152
8046666,1,5,1,10,2024,1,8,3.0,,20158
8046671,1,2,1,10,2024,2,68,3.0,,20169
8046674,1,3,1,10,2024,2,23,5.0,1600000.0,20176
8046675,1,1,1,10,2024,2,77,3.0,,20178
8046675,1,2,1,10,2024,1,55,9.0,1500000.0,20179
8046676,1,1,1,10,2024,1,54,12.0,15000000.0,20180
8046680,1,2,1,10,2024,2,21,10.0,,20184
8046684,1,1,1,10,2024,2,54,9.0,1760000.0,20186
8046684,1,3,1,10,2024,2,29,10.0,,20188
8046684,1,4,1,10,2024,1,27,10.0,,20189
8046685,1,1,1,10,2024,1,56,11.0,,20190
8046685,1,2,1,10,2024,2,60,10.0,,20191
8046686,1,1,1,10,2024,1,72,9.0,3700000.0,20194
8046686,1,2,1,10,2024,2,72,10.0,,20195
8046687,1,1,1,10,2024,1,70,10.0,,20196
8046688,1,1,1,10,2024,1,84,5.0,,20199
8046689,1,1,1,10,2024,1,51,5.0,,20200
8046689,1,3,1,10,2024,2,23,10.0,,20202
8046689,1,4,1,10,2024,1,19,10.0,,20203
8046690,1,1,1,10,2024,2,64,3.0,,20204
8046692,1,1,1,10,2024,1,64,11.0,7200000.0,20206
8046692,1,3,1,10,2024,1,30,10.0,,20208
8046693,1,4,1,10,2024,1,16,5.0,,20212
8046694,1,1,1,10,2024,2,75,11.0,,20213
8046695,1,2,1,10,2024,2,30,5.0,,20217
8046696,1,1,1,10,2024,1,47,11.0,2100000.0,20220
8046696,1,5,1,10,2024,2,77,3.0,,20224
8046697,1,1,1,10,2024,2,80,3.0,,20225
8046698,1,1,1,10,2024,1,36,10.0,3000000.0,20226
8046698,1,2,1,10,2024,2,36,10.0,2300000.0,20227
8046700,1,2,1,10,2024,2,33,8.0,1200000.0,20233
8046703,1,1,1,10,2024,1,55,12.0,5600000.0,20241
8046703,1,3,1,10,2024,2,26,11.0,2300000.0,20243
8046704,1,1,1,10,2024,1,37,11.0,3000000.0,20245
8046704,1,4,1,10,2024,2,0,,,20248
8046705,1,1,1,10,2024,1,27,10.0,3000000.0,20249
8046709,1,2,1,10,2024,2,15,4.0,,20258
8046711,1,3,1,10,2024,1,19,10.0,,20263
8046713,1,4,1,10,2024,1,9,3.0,,20267
8046720,1,1,1,10,2024,1,59,11.0,,20279
8046722,1,2,1,10,2024,2,59,10.0,1800000.0,20285
8046722,1,3,1,10,2024,1,23,10.0,1300000.0,20286
8046723,1,2,1,10,2024,2,51,3.0,,20288
8046723,1,3,1,10,2024,2,25,9.0,1500000.0,20289
8046723,1,4,1,10,2024,2,24,10.0,,20290
8046724,1,2,1,10,2024,2,27,11.0,2000000.0,20292
8046725,1,2,1,10,2024,1,19,5.0,1300000.0,20294
8046728,1,1,1,10,2024,1,65,4.0,,20300
8046728,1,3,1,10,2024,2,39,8.0,1800000.0,20302
8046729,1,4,1,10,2024,2,18,10.0,,20308
8046730,1,2,1,10,2024,2,48,4.0,1300000.0,20310
8046730,1,3,1,10,2024,1,20,4.0,1000000.0,20311
8046730,1,5,1,10,2024,1,23,4.0,1000000.0,20313
8046731,1,2,1,10,2024,2,30,10.0,2100000.0,20317
8046731,1,3,1,10,2024,1,33,10.0,3000000.0,20318
8046735,1,1,1,10,2024,2,75,3.0,400000.0,20320
8046736,1,4,1,10,2024,1,28,5.0,1300000.0,20324
8046736,1,5,1,10,2024,1,8,3.0,,20325
8046736,1,7,1,10,2024,2,20,5.0,,20327
8046739,1,1,1,10,2024,1,52,3.0,1300000.0,20328
8046739,1,3,1,10,2024,2,26,9.0,1800000.0,20330
8046742,1,1,1,10,2024,1,72,1.0,,20337
8046743,1,1,1,10,2024,2,50,5.0,,20340
8046748,1,3,1,10,2024,1,7,3.0,,20350
8046748,1,5,1,10,2024,2,54,3.0,,20352
8046752,1,3,1,10,2024,2,14,5.0,,20360
8046753,1,1,1,10,2024,1,29,5.0,2500000.0,20361
8046753,1,3,1,10,2024,2,5,2.0,,20363
8046754,1,6,1,10,2024,1,41,4.0,600000.0,20369
8046754,1,7,1,10,2024,1,37,4.0,,20370
8046755,1,2,1,10,2024,2,50,5.0,600000.0,20372
8046757,1,2,1,10,2024,1,52,3.0,600000.0,20379
8046757,1,3,1,10,2024,1,30,1.0,,20380
8046760,1,2,1,10,2024,2,53,4.0,,20386
8046761,1,2,1,10,2024,2,53,8.0,1300000.0,20390
8046761,1,4,1,10,2024,2,29,5.0,800000.0,20392
8046765,1,1,1,10,2024,1,41,5.0,1000000.0,20396
8046765,1,3,1,10,2024,1,17,6.0,,20398
8046768,1,2,1,10,2024,2,75,3.0,,20409
8046769,1,2,1,10,2024,2,10,3.0,,20411
8046769,1,3,1,10,2024,2,8,3.0,,20412
8046770,1,2,1,10,2024,2,85,3.0,,20414
8046771,1,1,1,10,2024,1,44,5.0,2000000.0,20415
8046775,1,1,1,10,2024,1,61,5.0,,20421
8046775,1,2,1,10,2024,2,60,8.0,,20422
8046788,1,1,1,10,2024,1,44,5.0,1300000.0,20437
8046788,1,4,1,10,2024,1,21,10.0,,20440
8046791,1,1,1,10,2024,2,32,10.0,,20443
8046792,1,1,1,10,2024,2,32,8.0,300000.0,20446
8046792,1,2,1,10,2024,1,33,5.0,700000.0,20447
8046792,1,3,1,10,2024,2,4,1.0,,20448
8046796,1,2,1,10,2024,1,68,3.0,,20461
8046798,1,2,1,10,2024,1,46,4.0,1300000.0,20467
8046799,1,1,1,10,2024,2,45,5.0,1400000.0,20471
8046802,1,1,1,10,2024,1,42,10.0,6600000.0,20476
8046802,1,3,1,10,2024,1,18,10.0,,20478
8046802,1,4,1,10,2024,1,14,5.0,,20479
8046804,1,2,1,10,2024,1,79,3.0,,20483
8046805,1,3,1,10,2024,2,45,10.0,,20488
8046805,1,8,1,10,2024,2,13,4.0,,20493
8046809,1,1,1,10,2024,2,37,10.0,1300000.0,20495
8046809,1,2,1,10,2024,2,7,3.0,,20496
8046811,1,6,1,10,2024,1,1,,,20502
8046812,1,1,1,10,2024,1,39,9.0,8000000.0,20503
8046812,1,2,1,10,2024,2,36,8.0,1300000.0,20504
8046813,1,1,1,10,2024,1,84,9.0,,20509
8046816,1,1,1,10,2024,2,62,5.0,,20516
8046816,1,2,1,10,2024,2,26,10.0,2600000.0,20517
8046823,1,3,1,10,2024,2,81,3.0,,20528
8046824,1,1,1,10,2024,1,29,10.0,1300000.0,20529
8046826,1,3,1,10,2024,2,14,4.0,,20536
8046827,1,1,1,10,2024,1,25,5.0,1200000.0,20537
8046827,1,2,1,10,2024,1,29,5.0,1000000.0,20538
8046830,1,2,1,10,2024,2,34,11.0,3000000.0,20541
8046833,1,3,1,10,2024,2,7,2.0,,20548
8046840,1,2,1,10,2024,1,40,5.0,800000.0,20555
8046841,1,2,1,10,2024,1,56,5.0,,20559
8046842,1,2,1,10,2024,1,55,12.0,4200000.0,20561
8046843,1,1,1,10,2024,1,66,10.0,,20563
8046850,1,4,1,10,2024,1,60,5.0,600000.0,20576
8046852,1,1,1,10,2024,2,64,5.0,,20577
8046852,1,2,1,10,2024,2,26,10.0,,20578
8046854,1,1,1,10,2024,1,51,5.0,2000000.0,20581
8046859,1,1,1,10,2024,2,62,10.0,3000000.0,20588
8046860,1,2,1,10,2024,2,48,11.0,,20593
8046864,1,3,1,10,2024,1,13,4.0,,20599
8046865,1,1,1,10,2024,1,19,10.0,,20601
8046866,1,1,1,10,2024,2,70,3.0,,20602
8046867,1,3,1,10,2024,1,54,6.0,1300000.0,20607
8046869,1,3,1,10,2024,1,41,12.0,1500000.0,20612
8046870,1,1,1,10,2024,1,71,5.0,,20613
8046873,1,1,1,10,2024,2,64,3.0,500000.0,20617
8046873,1,2,1,10,2024,1,56,3.0,,20618
8046873,1,3,1,10,2024,2,26,10.0,,20619
8046877,1,1,1,10,2024,1,46,4.0,1200000.0,20626
8046877,1,3,1,10,2024,1,11,3.0,,20628
8046877,1,5,1,10,2024,2,5,3.0,,20630
8046880,1,2,1,10,2024,2,48,10.0,3500000.0,20637
8046881,1,1,1,10,2024,1,48,5.0,1300000.0,20640
8046881,1,2,1,10,2024,2,46,5.0,,20641
8046881,1,3,1,10,2024,2,20,10.0,,20642
8046881,1,4,1,10,2024,2,14,4.0,,20643
8046882,1,2,1,10,2024,1,48,5.0,1300000.0,20646
8046883,1,3,1,10,2024,2,5,2.0,,20650
8046884,1,2,1,10,2024,2,51,10.0,,20652
8046885,1,1,1,10,2024,1,50,11.0,9000000.0,20654
8046887,1,1,1,10,2024,1,60,5.0,,20659
8046887,1,2,1,10,2024,2,58,3.0,,20660
8046888,1,2,1,10,2024,2,55,3.0,,20662
8046889,1,1,1,10,2024,1,62,11.0,25000000.0,20663
8046889,1,3,1,10,2024,2,27,10.0,,20665
8046890,1,1,1,10,2024,2,45,10.0,2500000.0,20667
8046891,1,3,1,10,2024,1,4,1.0,,20672
8046892,1,1,1,10,2024,2,68,11.0,,20677
8046894,1,1,1,10,2024,1,37,5.0,,20681
8046894,1,3,1,10,2024,1,4,2.0,,20683
8046897,1,1,1,10,2024,2,78,3.0,,20689
8046897,1,2,1,10,2024,1,44,6.0,1300000.0,20690
8046899,1,1,1,10,2024,2,30,10.0,1300000.0,20693
8046899,1,2,1,10,2024,1,39,6.0,,20694
8046901,1,1,1,10,2024,1,20,10.0,,20697
8046902,1,1,1,10,2024,1,34,10.0,2500000.0,20698
8046906,1,2,1,10,2024,1,71,5.0,,20702
8046906,1,4,1,10,2024,2,56,5.0,100000.0,20704
8046907,1,2,1,10,2024,1,9,3.0,,20706
8046909,1,2,1,10,2024,1,29,10.0,3500000.0,20710
8046911,1,2,1,10,2024,1,23,5.0,1300000.0,20716
8046912,1,2,1,10,2024,1,13,4.0,,20718
8046913,1,1,1,10,2024,1,54,10.0,4000000.0,20719
8046917,1,1,1,10,2024,1,40,3.0,1500000.0,20730
8046918,1,2,1,10,2024,2,70,3.0,300000.0,20735
8046919,1,1,1,10,2024,2,78,4.0,,20736
8046919,1,3,1,10,2024,1,33,10.0,,20738
8046922,1,3,1,10,2024,2,22,10.0,,20748
8046923,1,2,1,10,2024,2,23,11.0,2000000.0,20750
8046926,1,1,1,10,2024,2,18,10.0,,20753
8046927,1,1,1,10,2024,2,19,10.0,,20754
8046928,1,1,1,10,2024,1,57,5.0,1200000.0,20755
8046929,1,2,1,10,2024,2,48,9.0,1300000.0,20758
8046930,1,1,1,10,2024,2,26,10.0,200000.0,20759
8046930,1,2,1,10,2024,1,38,6.0,1000000.0,20760
8046931,1,2,1,10,2024,2,49,8.0,600000.0,20763
8046931,1,4,1,10,2024,1,14,4.0,,20765
8046973,1,1,1,10,2024,2,67,4.0,,20770
8046976,1,1,1,10,2024,1,69,4.0,,20773
8046979,1,3,1,10,2024,2,15,4.0,,20781
8046983,1,2,1,10,2024,1,47,5.0,1800000.0,20786
8046986,1,1,1,10,2024,1,80,11.0,,20791
8046991,1,2,1,10,2024,1,24,10.0,,20797
8046992,1,1,1,10,2024,2,68,3.0,,20798
8046994,1,1,1,10,2024,2,92,5.0,,20799
8046996,1,1,1,10,2024,2,41,5.0,1300000.0,20802
8046997,1,2,1,10,2024,2,41,5.0,1000000.0,20807
8046998,1,3,1,10,2024,1,25,10.0,1500000.0,20810
8047000,1,3,1,10,2024,1,75,3.0,,20814
8047001,1,1,1,10,2024,2,53,3.0,1500000.0,20815
8047002,1,3,1,10,2024,2,6,2.0,,20820
8047004,1,2,1,10,2024,2,64,1.0,,20824
8047005,1,1,1,10,2024,1,43,5.0,1700000.0,20825
8047007,1,1,1,10,2024,1,78,5.0,,20826
8047010,1,1,1,10,2024,2,61,9.0,700000.0,20829
8047011,1,3,1,10,2024,1,26,9.0,1300000.0,20833
8047012,1,1,1,10,2024,2,75,3.0,,20836
8047012,1,2,1,10,2024,1,24,5.0,1300000.0,20837
8047017,1,1,1,10,2024,2,83,5.0,,20844
8047018,1,2,1,10,2024,1,13,4.0,,20846
8047019,1,1,1,10,2024,2,50,10.0,1000000.0,20847
8047025,1,1,1,10,2024,2,42,8.0,,20854
8047025,1,2,1,10,2024,1,14,4.0,,20855
8047030,1,1,1,10,2024,2,69,3.0,,20857
8047031,1,2,1,10,2024,2,39,11.0,3500000.0,20859
8047032,1,1,1,10,2024,2,42,10.0,1500000.0,20862
8047033,1,1,1,10,2024,1,65,10.0,4000000.0,20863
8047033,1,2,1,10,2024,2,66,10.0,,20864
8047034,1,2,1,10,2024,2,54,5.0,,20866
8047036,1,2,1,10,2024,2,68,3.0,,20871
8047037,1,3,1,10,2024,1,22,5.0,1672000.0,20875
8047037,1,5,1,10,2024,2,5,2.0,,20877
8047043,1,2,1,10,2024,2,20,10.0,,20883
8047044,1,2,1,10,2024,1,38,5.0,1300000.0,20885
8047049,1,1,1,10,2024,2,28,10.0,1300000.0,20892
8047051,1,2,1,10,2024,1,61,5.0,280000.0,20895
8047053,1,2,1,10,2024,1,39,5.0,1300000.0,20899
8047055,1,2,1,10,2024,1,26,10.0,1500000.0,20903
8047056,1,2,1,10,2024,2,57,11.0,,20905
8047060,1,3,1,10,2024,2,19,6.0,1300000.0,20912
8047062,1,2,1,10,2024,1,38,8.0,2000000.0,20914
8047062,1,3,1,10,2024,2,32,8.0,1600000.0,20915
8047068,1,2,1,10,2024,1,7,3.0,,20922
8047069,1,1,1,10,2024,2,65,3.0,500000.0,20923
8047072,1,1,1,10,2024,1,55,3.0,1200000.0,20928
8047072,1,2,1,10,2024,2,46,5.0,,20929
8047074,1,2,1,10,2024,2,36,5.0,400000.0,20935
8047074,1,4,1,10,2024,2,6,3.0,,20937
8047077,1,2,1,10,2024,1,40,5.0,,20946
8047078,1,1,1,10,2024,1,58,10.0,8000000.0,20947
8047080,1,2,1,10,2024,1,37,5.0,,20950
8047081,1,1,1,10,2024,2,73,1.0,,20951
8047082,1,1,1,10,2024,1,67,10.0,,20952
8047082,1,2,1,10,2024,2,69,1.0,,20953
8047084,1,3,1,10,2024,1,89,3.0,,20956
8047085,1,2,1,10,2024,2,67,3.0,,20958
8047088,1,1,1,10,2024,2,65,8.0,1300000.0,20963
8047089,1,1,1,10,2024,1,35,5.0,1500000.0,20967
8047092,1,2,1,10,2024,2,62,5.0,,20972
8047093,1,1,1,10,2024,2,73,4.0,,20973
8047094,1,2,1,10,2024,2,64,3.0,,20975
8047096,1,2,1,10,2024,2,47,8.0,1300000.0,20980
8047097,1,1,1,10,2024,2,78,7.0,,20984
8047099,1,1,1,10,2024,2,32,5.0,1300000.0,20987
8047102,1,1,1,10,2024,2,80,4.0,,20993
8047102,1,2,1,10,2024,2,52,11.0,,20994
8047104,1,1,1,10,2024,2,72,3.0,,20999
8047106,1,1,1,10,2024,1,31,10.0,15000000.0,21001
8047106,1,2,1,10,2024,2,28,10.0,5000000.0,21002
8047108,1,4,1,10,2024,1,3,1.0,,21006
8047113,1,1,1,10,2024,1,77,10.0,300000.0,21008
8047121,1,2,1,10,2024,2,54,3.0,,21017
8047122,1,1,1,10,2024,2,48,5.0,2100000.0,21019
8047125,1,1,1,10,2024,1,46,3.0,1300000.0,21023
8047127,1,1,1,10,2024,2,42,12.0,4973000.0,21024
8047129,1,2,1,10,2024,1,20,8.0,,21028
8047130,1,1,1,10,2024,1,55,5.0,1300000.0,21029
8047133,1,1,1,10,2024,2,76,3.0,,21034
8047134,1,3,1,10,2024,1,8,3.0,,21038
8047136,1,1,1,10,2024,2,35,5.0,200000.0,21041
8047136,1,4,1,10,2024,2,8,3.0,,21044
8047137,1,2,1,10,2024,1,50,11.0,5800000.0,21046
8047138,1,2,1,10,2024,1,68,4.0,600000.0,21049
8047138,1,4,1,10,2024,1,22,4.0,,21051
8047138,1,5,1,10,2024,2,21,8.0,,21052
8047139,1,1,1,10,2024,1,59,11.0,11100000.0,21054
8047139,1,2,1,10,2024,2,52,11.0,8600000.0,21055
8047139,1,3,1,10,2024,2,24,12.0,4400000.0,21056
8047140,1,1,1,10,2024,2,61,5.0,,21057
8047144,1,1,1,10,2024,1,42,5.0,1300000.0,21064
8047147,1,1,1,10,2024,1,51,5.0,,21068
8047149,1,1,1,10,2024,2,36,10.0,3100000.0,21070
8047150,1,2,1,10,2024,1,18,5.0,1300000.0,21073
8047157,1,3,1,10,2024,2,13,4.0,,21079
8047159,1,2,1,10,2024,2,25,9.0,1200000.0,21083
8047162,1,2,1,10,2024,2,40,3.0,,21086
8047162,1,4,1,10,2024,2,10,3.0,,21088
8047162,1,5,1,10,2024,1,6,3.0,,21089
8047169,1,3,1,10,2024,1,15,4.0,,21094
8047170,1,1,1,10,2024,2,32,8.0,1750000.0,21096
8047172,1,1,1,10,2024,1,47,4.0,1462000.0,21100
8047174,1,2,1,10,2024,2,26,10.0,,21106
8047175,1,4,1,10,2024,2,6,2.0,,21110
8047175,1,5,1,10,2024,1,1,,,21111
8047177,1,1,1,10,2024,2,51,9.0,1800000.0,21115
8047179,1,1,1,10,2024,2,41,8.0,1900000.0,21117
8047179,1,2,1,10,2024,1,48,3.0,,21118
8047180,1,2,1,10,2024,1,60,10.0,4200000.0,21122
8047181,1,2,1,10,2024,1,53,5.0,300000.0,21125
8047184,1,2,1,10,2024,2,65,11.0,6200000.0,21132
8047186,1,4,1,10,2024,1,12,3.0,,21138
8047187,1,2,1,10,2024,2,13,4.0,,21141
8047187,1,4,1,10,2024,1,1,,,21143
8047190,1,1,1,10,2024,2,35,10.0,600000.0,21152
8047191,1,2,1,10,2024,2,16,4.0,300000.0,21156
8047192,1,1,1,10,2024,2,33,3.0,1040000.0,21157
8047192,1,3,1,10,2024,2,13,3.0,,21159
8047192,1,5,1,10,2024,2,62,1.0,,21161
8047193,1,2,1,10,2024,2,50,5.0,,21163
8047196,1,4,1,10,2024,2,14,4.0,,21175
8047201,1,3,1,10,2024,1,2,,,21181
8047202,1,1,1,10,2024,2,63,1.0,,21182
8047202,1,3,1,10,2024,1,17,5.0,,21184
8047202,1,4,1,10,2024,2,11,3.0,,21185
8047206,1,1,1,10,2024,1,23,6.0,1500000.0,21188
8047206,1,3,1,10,2024,2,4,1.0,,21190
8047207,1,1,1,10,2024,2,28,4.0,,21191
8047207,1,2,1,10,2024,1,43,3.0,1300000.0,21192
8047210,1,3,1,10,2024,1,0,,,21200
8047216,1,3,1,10,2024,2,19,5.0,,21218
8047218,1,1,1,10,2024,2,57,3.0,0.0,21220
8047219,1,2,1,10,2024,1,3,1.0,,21223
8047221,1,1,1,10,2024,2,71,3.0,50000.0,21225
8047222,1,1,1,10,2024,1,47,3.0,800000.0,21226
8047222,1,2,1,10,2024,2,43,3.0,,21227
8047222,1,3,1,10,2024,1,4,1.0,,21228
8047224,1,2,1,10,2024,2,8,3.0,,21230
8047224,1,3,1,10,2024,1,3,1.0,,21231
8047228,1,3,1,10,2024,1,7,3.0,,21240
8047229,1,1,1,10,2024,2,36,3.0,0.0,21244
8047234,1,2,1,10,2024,2,65,4.0,,21256
8047234,1,3,1,10,2024,2,41,11.0,6500000.0,21257
8047238,1,1,1,10,2024,1,39,3.0,1600000.0,21263
8047238,1,2,1,10,2024,2,43,4.0,,21264
8047240,1,2,1,10,2024,1,63,3.0,300000.0,21269
8047240,1,3,1,10,2024,1,19,4.0,,21270
8047242,1,1,1,10,2024,2,51,3.0,,21275
8047242,1,3,1,10,2024,2,22,10.0,1180000.0,21277
8047243,1,3,1,10,2024,1,5,1.0,,21281
8047248,1,3,1,10,2024,2,14,4.0,,21290
8047249,1,2,1,10,2024,1,42,5.0,200000.0,21292
8047251,1,1,1,10,2024,2,52,3.0,150000.0,21294
8047257,1,1,1,10,2024,2,26,5.0,50000.0,21302
8047257,1,5,1,10,2024,2,4,1.0,,21306
8047264,1,3,1,10,2024,2,17,4.0,,21315
8047265,1,2,1,10,2024,2,5,2.0,,21319
8047265,1,3,1,10,2024,1,3,1.0,,21320
8047266,1,1,1,10,2024,2,77,3.0,,21321
8047267,1,2,1,10,2024,1,9,3.0,,21324
8047271,1,1,1,10,2024,2,59,5.0,,21328
8047271,1,2,1,10,2024,2,39,10.0,1400000.0,21329
8047273,1,1,1,10,2024,2,61,3.0,,21333
8047275,1,3,1,10,2024,1,25,10.0,1000000.0,21337
8047275,1,4,1,10,2024,1,13,4.0,,21338
8047275,1,5,1,10,2024,1,11,4.0,,21339
8047277,1,3,1,10,2024,2,3,1.0,,21346
8047278,1,1,1,10,2024,1,40,3.0,,21347
8047279,1,1,1,10,2024,1,29,11.0,6000000.0,21348
8047279,1,2,1,10,2024,2,23,8.0,1600000.0,21349
8047280,1,2,1,10,2024,1,38,5.0,4000000.0,21351
8047280,1,3,1,10,2024,2,15,4.0,,21352
8047284,1,1,1,10,2024,2,52,8.0,1300000.0,21356
8047285,1,1,1,10,2024,1,75,10.0,,21358
8047287,1,1,1,10,2024,1,35,5.0,3200000.0,21361
8047293,1,2,1,10,2024,2,34,11.0,,21369
8047296,1,1,1,10,2024,1,67,3.0,1500000.0,21373
8047297,1,2,1,10,2024,2,34,5.0,3000000.0,21376
8047302,1,2,1,10,2024,2,69,5.0,,21384
8047303,1,1,1,10,2024,2,40,5.0,,21385
8047304,1,1,1,10,2024,1,67,10.0,6000000.0,21388
8047306,1,3,1,10,2024,2,24,9.0,,21394
8047306,1,4,1,10,2024,2,25,10.0,,21395
8047307,1,1,1,10,2024,2,64,3.0,,21397
8047308,1,1,1,10,2024,1,66,4.0,1300000.0,21399
8047311,1,1,1,10,2024,2,57,5.0,,21405
8047316,1,3,1,10,2024,1,30,10.0,1100000.0,21414
8047317,1,2,1,10,2024,1,62,3.0,,21416
8047320,1,3,1,10,2024,1,15,5.0,,21424
8047323,1,2,1,10,2024,1,40,10.0,2000000.0,21427
8047323,1,3,1,10,2024,1,15,4.0,,21428
8047324,1,1,1,10,2024,2,44,9.0,1300000.0,21430
8047324,1,3,1,10,2024,1,10,3.0,,21432
8047324,1,4,1,10,2024,1,74,5.0,,21433
8047329,1,1,1,10,2024,1,38,8.0,1300000.0,21435
8047330,1,1,1,10,2024,1,68,3.0,400000.0,21437
8047330,1,8,1,10,2024,1,6,3.0,,21444
8047330,1,9,1,10,2024,2,28,4.0,600000.0,21445
8047330,1,10,1,10,2024,2,7,3.0,,21446
8047331,1,4,1,10,2024,2,39,5.0,960000.0,21451
8047332,1,1,1,10,2024,1,71,3.0,,21453
8047336,1,1,1,10,2024,1,52,5.0,2600000.0,21457
8047336,1,2,1,10,2024,1,28,4.0,,21458
8047338,1,1,1,10,2024,1,59,3.0,1600000.0,21459
8047338,1,3,1,10,2024,2,19,10.0,,21461
8047342,1,1,1,10,2024,2,61,3.0,,21465
8047342,1,4,1,10,2024,1,18,5.0,,21468
8047342,1,7,1,10,2024,1,16,5.0,,21471
8047346,1,1,1,10,2024,1,36,4.0,800000.0,21479
8047351,1,2,1,10,2024,1,12,3.0,,21490
8047351,1,3,1,10,2024,1,11,3.0,,21491
8047352,1,1,1,10,2024,2,63,3.0,,21492
8047352,1,2,1,10,2024,2,43,8.0,460000.0,21493
8047352,1,3,1,10,2024,2,8,3.0,,21494
8047355,1,2,1,10,2024,1,18,4.0,,21502
8047355,1,3,1,10,2024,1,6,3.0,,21503
8047357,1,3,1,10,2024,2,12,4.0,,21507
8047359,1,1,1,10,2024,2,39,8.0,1000000.0,21511
8047361,1,2,1,10,2024,2,34,10.0,400000.0,21514
8047363,1,3,1,10,2024,2,18,5.0,,21517
8047366,1,4,1,10,2024,1,6,3.0,,21525
8047367,1,2,1,10,2024,2,61,12.0,4000000.0,21527
8047368,1,2,1,10,2024,1,24,9.0,,21530
8047369,1,4,1,10,2024,2,1,,,21536
8047370,1,1,1,10,2024,1,67,10.0,,21537
8047373,1,3,1,10,2024,1,6,3.0,,21543
8047376,1,3,1,10,2024,1,15,4.0,,21548
8047382,1,1,1,10,2024,2,78,3.0,,21554
8047383,1,3,1,10,2024,1,22,10.0,,21557
8047383,1,4,1,10,2024,1,14,1.0,,21558
8047387,1,2,1,10,2024,2,27,8.0,180000.0,21564
8047387,1,3,1,10,2024,1,5,1.0,,21565
8047387,1,4,1,10,2024,2,1,,,21566
8047388,1,2,1,10,2024,2,17,5.0,,21568
8047391,1,1,1,10,2024,2,19,8.0,,21571
8047394,1,1,1,10,2024,1,16,5.0,,21576
8047397,1,1,1,10,2024,2,45,5.0,1300000.0,21578
8047399,1,2,1,10,2024,2,66,1.0,,21585
8047402,1,1,1,10,2024,1,64,4.0,600000.0,21587
8047405,1,1,1,10,2024,2,42,9.0,450000.0,21590
8047405,1,2,1,10,2024,2,15,6.0,,21591
8047422,1,3,1,10,2024,2,1,,,21594
8047423,1,4,1,10,2024,1,2,,,21598
8047423,1,6,1,10,2024,2,88,1.0,,21600
8047424,1,2,1,10,2024,1,1,,,21602
8047425,1,1,1,10,2024,1,55,3.0,1500000.0,21603
8047425,1,3,1,10,2024,1,81,3.0,,21605
8047427,1,1,1,10,2024,1,37,5.0,1300000.0,21606
8047427,1,3,1,10,2024,2,4,2.0,,21608
8047433,1,2,1,10,2024,2,52,10.0,6500000.0,21610
8047433,1,3,1,10,2024,2,61,3.0,,21611
8047434,1,1,1,10,2024,2,74,5.0,,21612
8047434,1,4,1,10,2024,2,8,3.0,,21615
8047436,1,4,1,10,2024,1,8,3.0,,21621
8047436,1,5,1,10,2024,1,2,,,21622
8047439,1,3,1,10,2024,2,65,3.0,,21628
8047443,1,1,1,10,2024,2,32,3.0,100000.0,21631
8047443,1,3,1,10,2024,1,13,4.0,,21633
8047443,1,4,1,10,2024,1,10,3.0,,21634
8047445,1,3,1,10,2024,1,19,3.0,,21640
8047445,1,5,1,10,2024,1,13,1.0,,21642
8047445,1,6,1,10,2024,2,20,4.0,,21643
8047447,1,1,1,10,2024,2,51,3.0,400000.0,21647
8047448,1,1,1,10,2024,2,50,5.0,700000.0,21649
8047448,1,4,1,10,2024,1,19,5.0,,21652
8047450,1,1,1,10,2024,2,56,3.0,200000.0,21653
8047455,1,2,1,10,2024,2,37,10.0,,21658
8047457,1,3,1,10,2024,1,13,1.0,,21663
8047459,1,2,1,10,2024,2,38,10.0,,21669
8047465,1,3,1,10,2024,1,35,9.0,,21673
8047467,1,3,1,10,2024,2,37,8.0,,21676
8047472,1,3,1,10,2024,1,4,2.0,,21682
8047480,1,4,1,10,2024,1,7,3.0,,21690
8047481,1,1,1,10,2024,1,56,5.0,1600000.0,21691
8047483,1,4,1,10,2024,1,10,3.0,,21701
8047494,1,2,1,10,2024,1,32,5.0,1300000.0,21721
8047501,1,2,1,10,2024,1,22,10.0,,21728
8047503,1,1,1,10,2024,1,60,9.0,3500000.0,21729
8047504,1,2,1,10,2024,2,26,10.0,,21733
8047504,1,3,1,10,2024,2,3,2.0,,21734
8047507,1,4,1,10,2024,1,2,,,21744
8047509,1,1,1,10,2024,2,63,4.0,800000.0,21747
8047516,1,1,1,10,2024,1,51,5.0,1000000.0,21750
8047516,1,3,1,10,2024,1,5,2.0,,21752
8047521,1,1,1,10,2024,2,61,8.0,,21755
8047522,1,1,1,10,2024,1,77,5.0,,21757
8047522,1,3,1,10,2024,2,22,10.0,,21759
8047523,1,2,1,10,2024,1,70,5.0,,21761
8047525,1,4,1,10,2024,1,36,10.0,1300000.0,21767
8047528,1,1,1,10,2024,2,56,4.0,500000.0,21772
8047528,1,2,1,10,2024,2,27,6.0,,21773
8047528,1,3,1,10,2024,2,31,5.0,500000.0,21774
8047534,1,2,1,10,2024,1,13,4.0,,21783
8047534,1,3,1,10,2024,2,9,3.0,,21784
8047535,1,4,1,10,2024,2,16,5.0,,21789
8047536,1,2,1,10,2024,2,45,3.0,,21791
8047536,1,3,1,10,2024,2,23,10.0,1300000.0,21792
8047537,1,3,1,10,2024,2,26,5.0,,21795
8047538,1,2,1,10,2024,1,20,10.0,,21797
8047540,1,2,1,10,2024,2,38,8.0,,21799
8047540,1,3,1,10,2024,1,9,3.0,,21800
8047540,1,4,1,10,2024,2,0,,,21801
8047541,1,5,1,10,2024,2,8,3.0,,21806
8047543,1,2,1,10,2024,2,56,5.0,,21808
8047548,1,1,1,10,2024,2,58,10.0,7000000.0,21814
8047548,1,3,1,10,2024,1,2,,,21816
8047549,1,1,1,10,2024,1,71,10.0,,21817
8047553,1,3,1,10,2024,2,14,4.0,,21826
8047553,1,5,1,10,2024,2,6,2.0,,21828
8047554,1,3,1,10,2024,2,18,10.0,,21831
8047556,1,3,1,10,2024,2,38,10.0,,21839
8047558,1,1,1,10,2024,1,53,3.0,600000.0,21840
8047558,1,2,1,10,2024,1,25,8.0,1200000.0,21841
8047561,1,1,1,10,2024,2,56,3.0,,21843
8047561,1,3,1,10,2024,1,60,1.0,600000.0,21845
8047561,1,4,1,10,2024,1,23,10.0,1300000.0,21846
8047562,1,2,1,10,2024,2,60,3.0,,21849
8047562,1,3,1,10,2024,1,28,5.0,1300000.0,21850
8047562,1,4,1,10,2024,1,3,1.0,,21851
8047563,1,1,1,10,2024,1,45,11.0,4000000.0,21855
8047565,1,2,1,10,2024,2,26,10.0,2000000.0,21863
8047566,1,1,1,10,2024,1,53,10.0,5000000.0,21864
8047566,1,4,1,10,2024,1,23,10.0,,21867
8047567,1,2,1,10,2024,1,40,10.0,5400000.0,21869
8047567,1,4,1,10,2024,2,12,4.0,,21871
8047571,1,2,1,10,2024,2,59,5.0,,21876
8047571,1,3,1,10,2024,2,86,3.0,,21877
8047572,1,2,1,10,2024,2,15,4.0,,21879
8047572,1,3,1,10,2024,2,59,10.0,,21880
8047574,1,3,1,10,2024,1,17,5.0,,21885
8047576,1,2,1,10,2024,2,27,10.0,2300000.0,21888
8047578,1,1,1,10,2024,1,42,5.0,2162000.0,21889
8047578,1,2,1,10,2024,2,39,8.0,,21890
8047578,1,5,1,10,2024,1,0,,,21893
8047579,1,3,1,10,2024,1,1,,,21896
8047579,1,4,1,10,2024,2,23,10.0,,21897
8047579,1,5,1,10,2024,2,26,5.0,950000.0,21898
8047580,1,6,1,10,2024,1,5,3.0,,21904
8047581,1,3,1,10,2024,2,28,8.0,,21907
8047585,1,1,1,10,2024,2,74,4.0,,21916
8047585,1,5,1,10,2024,2,12,4.0,,21920
8047586,1,1,1,10,2024,2,36,8.0,,21922
8047587,1,2,1,10,2024,1,41,5.0,100000.0,21927
8047587,1,4,1,10,2024,1,17,5.0,,21929
8047587,1,6,1,10,2024,2,1,,,21931
8047589,1,2,1,10,2024,2,48,5.0,,21934
8047591,1,4,1,10,2024,1,3,1.0,,21939
8047597,1,6,1,10,2024,2,56,8.0,,21946
8047597,1,8,1,10,2024,2,51,8.0,1300000.0,21948
8047597,1,9,1,10,2024,2,28,10.0,1300000.0,21949
8047605,1,3,1,10,2024,1,47,5.0,650000.0,21961
8047608,1,1,1,10,2024,2,31,8.0,1300000.0,21965
8047608,1,4,1,10,2024,1,15,4.0,,21968
8047610,1,1,1,10,2024,1,36,5.0,1300000.0,21969
8047612,1,3,1,10,2024,1,19,8.0,,21975
8047612,1,5,1,10,2024,1,15,5.0,,21977
8047613,1,1,1,10,2024,2,48,5.0,300000.0,21978
8047613,1,2,1,10,2024,1,47,5.0,1800000.0,21979
8047614,1,4,1,10,2024,2,18,8.0,1900000.0,21986
8047617,1,2,1,10,2024,1,38,5.0,800000.0,21988
8047618,1,2,1,10,2024,2,22,9.0,1300000.0,21991
8047619,1,1,1,10,2024,2,39,11.0,3300000.0,21993
8047621,1,1,1,10,2024,2,43,8.0,1300000.0,21996
8047623,1,1,1,10,2024,2,58,4.0,,22000
8047623,1,2,1,10,2024,1,32,5.0,1300000.0,22001
8047625,1,3,1,10,2024,1,6,3.0,,22009
8047626,1,1,1,10,2024,1,52,8.0,1500000.0,22010
8047627,1,2,1,10,2024,2,40,9.0,1800000.0,22012
8047628,1,3,1,10,2024,2,39,5.0,1300000.0,22017
8047628,1,4,1,10,2024,1,30,6.0,1400000.0,22018
8047629,1,1,1,10,2024,2,42,10.0,2500000.0,22019
8047629,1,3,1,10,2024,1,11,4.0,,22021
8047630,1,3,1,10,2024,1,14,4.0,,22025
8047631,1,1,1,10,2024,2,37,5.0,,22026
8047633,1,1,1,10,2024,2,56,5.0,1460000.0,22031
8047633,1,2,1,10,2024,1,28,10.0,1700000.0,22032
8047635,1,2,1,10,2024,2,51,8.0,,22035
8047636,1,2,1,10,2024,2,17,5.0,,22040
8047637,1,2,1,10,2024,2,51,8.0,2000000.0,22042
8047638,1,2,1,10,2024,2,52,4.0,,22045
8047639,1,1,1,10,2024,2,53,4.0,1800000.0,22047
8047640,1,2,1,10,2024,2,36,8.0,400000.0,22050
8047640,1,3,1,10,2024,2,15,5.0,,22051
8047640,1,4,1,10,2024,1,10,3.0,,22052
8047641,1,3,1,10,2024,1,16,4.0,,22055
8047641,1,4,1,10,2024,1,10,4.0,,22056
8047642,1,1,1,10,2024,1,47,3.0,1000000.0,22057
8047642,1,4,1,10,2024,2,4,1.0,,22060
8047645,1,1,1,10,2024,1,25,5.0,1000000.0,22064
8047650,1,3,1,10,2024,1,40,5.0,1300000.0,22071
8047657,1,2,1,10,2024,1,15,5.0,,22076
8047659,1,2,1,10,2024,1,42,5.0,1300000.0,22081
8047660,1,3,1,10,2024,1,22,8.0,1462000.0,22084
8047661,1,1,1,10,2024,1,53,8.0,2000000.0,22086
8047661,1,2,1,10,2024,2,6,3.0,,22087
8047663,1,3,1,10,2024,1,2,,,22092
8047665,1,2,1,10,2024,2,56,5.0,,22097
8047666,1,1,1,10,2024,2,31,10.0,1300000.0,22099
8047670,1,2,1,10,2024,2,24,4.0,,22102
8047670,1,3,1,10,2024,2,7,3.0,,22103
8047671,1,5,1,10,2024,2,6,2.0,,22108
8047672,1,1,1,10,2024,2,65,3.0,,22109
8047672,1,3,1,10,2024,2,33,10.0,1300000.0,22111
8047673,1,1,1,10,2024,1,33,10.0,2250000.0,22113
8047675,1,3,1,10,2024,1,22,10.0,,22117
8047676,1,1,1,10,2024,2,68,5.0,2000000.0,22118
8047678,1,3,1,10,2024,1,18,4.0,,22123
8047679,1,2,1,10,2024,1,40,5.0,1400000.0,22127
8047679,1,3,1,10,2024,1,19,10.0,,22128
8047679,1,4,1,10,2024,2,10,3.0,,22129
8047682,1,1,1,10,2024,1,67,8.0,1400000.0,22134
8047683,1,2,1,10,2024,2,14,4.0,,22136
8047688,1,2,1,10,2024,2,44,10.0,1400000.0,22139
8047688,1,3,1,10,2024,2,16,10.0,,22140
8047690,1,2,1,10,2024,1,96,3.0,,22147
8047691,1,1,1,10,2024,2,49,5.0,1462000.0,22149
8047692,1,3,1,10,2024,1,17,3.0,,22152
8047693,1,1,1,10,2024,2,49,5.0,800000.0,22153
8047693,1,2,1,10,2024,1,19,5.0,,22154
8047697,1,1,1,10,2024,1,42,5.0,1662000.0,22157
8047697,1,2,1,10,2024,2,34,5.0,1462000.0,22158
8047697,1,4,1,10,2024,2,9,3.0,,22160
8047699,1,1,1,10,2024,1,28,5.0,1300000.0,22161
8047699,1,3,1,10,2024,1,5,2.0,,22163
8047704,1,2,1,10,2024,2,38,5.0,,22172
8047704,1,4,1,10,2024,1,2,,,22174
8047705,1,1,1,10,2024,2,47,12.0,5300000.0,22176
8047705,1,2,1,10,2024,2,15,5.0,,22177
8047706,1,4,1,10,2024,2,12,4.0,,22182
8047708,1,2,1,10,2024,2,64,10.0,,22186
8047714,1,1,1,10,2024,2,26,6.0,1462000.0,22192
8047714,1,2,1,10,2024,1,28,5.0,,22193
8047714,1,3,1,10,2024,2,9,3.0,,22194
8047723,1,1,1,10,2024,1,33,10.0,,22204
8047723,1,2,1,10,2024,2,31,8.0,,22205
8047724,1,2,1,10,2024,2,29,10.0,,22209
8047724,1,3,1,10,2024,1,9,3.0,,22210
8047726,1,2,1,10,2024,1,24,3.0,,22215
8047726,1,3,1,10,2024,1,19,4.0,,22216
8047726,1,4,1,10,2024,2,12,4.0,,22217
8047726,1,5,1,10,2024,1,9,3.0,,22218
8047729,1,1,1,10,2024,1,42,5.0,1300000.0,22225
8047730,1,2,1,10,2024,2,44,10.0,,22228
8047730,1,3,1,10,2024,2,22,10.0,,22229
8047730,1,5,1,10,2024,1,14,4.0,,22231
8047731,1,3,1,10,2024,2,24,10.0,,22234
8047731,1,4,1,10,2024,2,39,5.0,,22235
8047731,1,5,1,10,2024,1,20,5.0,,22236
8047734,1,1,1,10,2024,2,68,3.0,,22240
8047735,1,3,1,10,2024,2,18,10.0,,22244
8047738,1,3,1,10,2024,1,24,5.0,,22251
8047739,1,1,1,10,2024,1,31,5.0,1200000.0,22253
8047742,1,2,1,10,2024,2,12,3.0,,22255
8047742,1,3,1,10,2024,1,9,3.0,,22256
8047742,1,4,1,10,2024,2,4,1.0,,22257
8047744,1,1,1,10,2024,2,63,3.0,300000.0,22261
8047744,1,5,1,10,2024,1,14,5.0,,22265
8047746,1,1,1,10,2024,2,31,10.0,1450000.0,22270
8047747,1,1,1,10,2024,2,52,3.0,,22273
8047749,1,1,1,10,2024,2,27,9.0,,22274
8047749,1,2,1,10,2024,2,21,10.0,,22275
8047751,1,3,1,10,2024,1,34,10.0,900000.0,22283
8047751,1,4,1,10,2024,2,3,1.0,,22284
8047755,1,3,1,10,2024,1,16,5.0,,22294
8047756,1,2,1,10,2024,2,19,8.0,400000.0,22296
8047759,1,1,1,10,2024,1,23,5.0,520000.0,22300
8047759,1,7,1,10,2024,2,7,3.0,,22306
8047761,1,4,1,10,2024,1,17,5.0,,22310
8047762,1,1,1,10,2024,2,68,10.0,,22312
8047763,1,2,1,10,2024,1,44,5.0,1000000.0,22317
8047763,1,5,1,10,2024,1,9,3.0,,22320
8047763,1,6,1,10,2024,1,3,1.0,,22321
8047765,1,2,1,10,2024,1,58,8.0,1200000.0,22325
8047766,1,3,1,10,2024,2,26,10.0,,22328
8047766,1,4,1,10,2024,1,60,1.0,,22329
8047768,1,1,1,10,2024,2,75,3.0,,22333
8047769,1,2,1,10,2024,1,42,10.0,800000.0,22335
8047769,1,3,1,10,2024,2,18,3.0,,22336
8047773,1,3,1,10,2024,1,32,11.0,3000000.0,22341
8047773,1,4,1,10,2024,2,24,10.0,,22342
8047774,1,2,1,10,2024,2,39,5.0,,22344
8047774,1,3,1,10,2024,2,5,1.0,,22345
8047775,1,2,1,10,2024,1,25,4.0,150000.0,22347
8047776,1,1,1,10,2024,2,29,3.0,150000.0,22350
8047776,1,4,1,10,2024,2,1,,,22353
8047778,1,1,1,10,2024,1,19,8.0,1000000.0,22358
8047778,1,2,1,10,2024,2,33,8.0,250000.0,22359
8047778,1,4,1,10,2024,2,5,3.0,,22361
8047780,1,2,1,10,2024,2,52,3.0,,22367
8047781,1,1,1,10,2024,2,74,1.0,,22370
8047782,1,6,1,10,2024,2,16,8.0,,22377
8047783,1,1,1,10,2024,1,85,5.0,,22379
8047784,1,4,1,10,2024,2,17,10.0,,22383
8047786,1,1,1,10,2024,2,51,5.0,,22386
8047790,1,2,1,10,2024,2,42,10.0,,22392
8047790,1,6,1,10,2024,1,3,1.0,,22396
8047791,1,1,1,10,2024,2,65,5.0,200000.0,22397
8047791,1,2,1,10,2024,1,65,3.0,1000000.0,22398
8047791,1,5,1,10,2024,2,62,5.0,300000.0,22401
8047792,1,1,1,10,2024,2,44,3.0,340000.0,22402
8047792,1,2,1,10,2024,1,6,3.0,,22403
8047793,1,2,1,10,2024,1,7,3.0,,22405
8047796,1,1,1,10,2024,2,65,4.0,,22415
8047796,1,3,1,10,2024,1,35,5.0,1200000.0,22417
8047809,1,1,1,10,2024,2,64,11.0,,22419
8047812,1,1,1,10,2024,1,65,11.0,,22424
8047813,1,5,1,10,2024,1,12,4.0,,22429
8047813,1,6,1,10,2024,1,11,4.0,,22430
8047814,1,1,1,10,2024,2,38,4.0,1000000.0,22431
8047814,1,3,1,10,2024,1,19,6.0,,22433
8047815,1,1,1,10,2024,2,53,5.0,840000.0,22435
8047815,1,3,1,10,2024,2,25,4.0,1000000.0,22437
8047815,1,4,1,10,2024,1,9,3.0,,22438
8047818,1,1,1,10,2024,1,61,3.0,900000.0,22442
8047818,1,3,1,10,2024,2,23,5.0,1300000.0,22444
8047820,1,2,1,10,2024,1,26,5.0,1300000.0,22450
8047821,1,1,1,10,2024,1,40,5.0,1300000.0,22452
8047823,1,2,1,10,2024,2,22,5.0,,22460
8047825,1,2,1,10,2024,2,50,5.0,1000000.0,22464
8047825,1,3,1,10,2024,2,30,5.0,400000.0,22465
8047825,1,4,1,10,2024,1,27,5.0,,22466
8047825,1,7,1,10,2024,2,11,4.0,,22469
8047825,1,8,1,10,2024,2,13,4.0,,22470
8047826,1,3,1,10,2024,2,18,5.0,,22473
8047826,1,4,1,10,2024,2,0,,,22474
8047834,1,3,1,10,2024,1,23,6.0,1300000.0,22492
8047834,1,4,1,10,2024,2,8,3.0,,22493
8047836,1,1,1,10,2024,1,62,9.0,2000000.0,22496
8047837,1,4,1,10,2024,2,0,,,22500
8047838,1,1,1,10,2024,2,36,6.0,650000.0,22501
8047838,1,2,1,10,2024,1,42,5.0,1400000.0,22502
8047838,1,3,1,10,2024,1,16,4.0,,22503
8047839,1,1,1,10,2024,2,52,6.0,1800000.0,22505
8047841,1,1,1,10,2024,1,51,9.0,1600000.0,22507
8047842,1,2,1,10,2024,2,49,5.0,,22510
8047843,1,1,1,10,2024,1,46,5.0,1300000.0,22513
8047843,1,2,1,10,2024,2,40,5.0,,22514
8047843,1,3,1,10,2024,1,22,9.0,,22515
8047844,1,2,1,10,2024,1,39,5.0,4000000.0,22517
8047845,1,3,1,10,2024,2,9,3.0,,22520
8047846,1,1,1,10,2024,1,41,5.0,1300000.0,22522
8047846,1,3,1,10,2024,2,0,,,22524
8047850,1,5,1,10,2024,2,6,2.0,,22531
8047850,1,6,1,10,2024,2,2,,,22532
8047853,1,2,1,10,2024,2,63,3.0,,22536
8047857,1,5,1,10,2024,1,73,3.0,,22551
8047858,1,1,1,10,2024,1,51,3.0,1250000.0,22552
8047858,1,2,1,10,2024,2,43,4.0,,22553
8047858,1,4,1,10,2024,1,16,4.0,,22555
8047859,1,2,1,10,2024,1,0,,,22557
8047860,1,4,1,10,2024,1,9,3.0,,22562
8047860,1,6,1,10,2024,2,2,,,22564
8047862,1,3,1,10,2024,1,24,4.0,900000.0,22570
8047862,1,4,1,10,2024,1,21,4.0,,22571
8047863,1,2,1,10,2024,2,29,3.0,1350000.0,22574
8047865,1,1,1,10,2024,1,45,3.0,1060000.0,22577
8047867,1,2,1,10,2024,1,24,5.0,1100000.0,22579
8047871,1,1,1,10,2024,1,63,6.0,1600000.0,22585
8047871,1,3,1,10,2024,1,24,10.0,1500000.0,22587
8047872,1,1,1,10,2024,1,44,10.0,2500000.0,22588
8047874,1,2,1,10,2024,1,35,6.0,1800000.0,22602
8047876,1,3,1,10,2024,2,45,5.0,2000000.0,22605
8047877,1,1,1,10,2024,2,75,3.0,,22606
8047877,1,2,1,10,2024,2,56,6.0,1800000.0,22607
8047877,1,3,1,10,2024,1,24,10.0,1300000.0,22608
8047883,1,2,1,10,2024,2,39,5.0,,22615
8047883,1,4,1,10,2024,2,10,3.0,,22617
8047884,1,3,1,10,2024,1,18,5.0,300000.0,22621
8047885,1,1,1,10,2024,1,64,4.0,2000000.0,22622
8047885,1,2,1,10,2024,2,59,10.0,3000000.0,22623
8047887,1,1,1,10,2024,2,62,5.0,,22625
8047887,1,4,1,10,2024,2,84,3.0,,22628
8047888,1,2,1,10,2024,2,19,5.0,,22630
8047890,1,2,1,10,2024,1,60,4.0,1300000.0,22633
8047890,1,3,1,10,2024,2,22,4.0,,22634
8047893,1,2,1,10,2024,1,32,9.0,1300000.0,22639
8047894,1,2,1,10,2024,1,42,5.0,2000000.0,22642
8047897,1,2,1,10,2024,2,45,5.0,100000.0,22646
8047897,1,3,1,10,2024,2,30,9.0,,22647
8047898,1,2,1,10,2024,2,47,3.0,900000.0,22650
8047898,1,4,1,10,2024,2,4,2.0,,22652
8047898,1,7,1,10,2024,1,1,,,22655
8047899,1,6,1,10,2024,2,0,,,22661
8047902,1,1,1,10,2024,1,43,10.0,1800000.0,22665
8047911,1,1,1,10,2024,2,46,8.0,1200000.0,22676
8047911,1,3,1,10,2024,1,17,5.0,,22678
8047911,1,5,1,10,2024,2,62,4.0,,22680
8047913,1,1,1,10,2024,1,42,5.0,1200000.0,22681
8047913,1,2,1,10,2024,1,64,6.0,450000.0,22682
8047914,1,1,1,10,2024,1,71,10.0,,22683
8047916,1,1,1,10,2024,2,33,12.0,4000000.0,22685
8047917,1,2,1,10,2024,2,55,10.0,,22688
8047920,1,1,1,10,2024,1,29,3.0,1000000.0,22689
8047926,1,1,1,10,2024,2,40,5.0,800000.0,22696
8047930,1,3,1,10,2024,2,12,4.0,,22701
8047930,1,4,1,10,2024,2,6,3.0,,22702
8047931,1,1,1,10,2024,2,54,9.0,1600000.0,22703
8047934,1,1,1,10,2024,2,44,10.0,2600000.0,22707
8047934,1,4,1,10,2024,2,3,2.0,,22710
8047936,1,4,1,10,2024,2,23,10.0,1300000.0,22714
8047938,1,3,1,10,2024,1,5,2.0,,22718
8047948,1,1,1,10,2024,1,78,10.0,,22725
8047949,1,2,1,10,2024,1,40,9.0,1600000.0,22727
8047949,1,4,1,10,2024,2,8,3.0,,22729
8047953,1,1,1,10,2024,2,65,10.0,,22735
8047954,1,2,1,10,2024,2,58,9.0,6000000.0,22737
8047955,1,2,1,10,2024,2,54,5.0,1700000.0,22739
8047956,1,1,1,10,2024,1,33,9.0,,22740
8047960,1,3,1,10,2024,2,22,10.0,,22743
8047963,1,1,1,10,2024,1,40,4.0,1300000.0,22747
8047964,1,3,1,10,2024,2,22,5.0,,22752
8047965,1,1,1,10,2024,2,42,5.0,,22753
8047965,1,4,1,10,2024,2,16,5.0,,22756
8047966,1,2,1,10,2024,2,51,5.0,650000.0,22758
8047966,1,3,1,10,2024,2,26,5.0,1300000.0,22759
8047970,1,4,1,10,2024,2,0,,,22768
8047972,1,1,1,10,2024,1,24,5.0,1600000.0,22769
8047973,1,1,1,10,2024,2,47,5.0,800000.0,22771
8047973,1,2,1,10,2024,1,27,10.0,2200000.0,22772
8047975,1,3,1,10,2024,1,53,5.0,600000.0,22779
8047975,1,4,1,10,2024,1,51,8.0,,22780
8047976,1,1,1,10,2024,2,26,9.0,2000000.0,22781
8047979,1,2,1,10,2024,2,19,10.0,,22784
8047980,1,1,1,10,2024,1,37,5.0,2000000.0,22785
8047983,1,2,1,10,2024,2,52,3.0,,22793
8047983,1,4,1,10,2024,1,18,10.0,,22795
8047984,1,1,1,10,2024,1,63,4.0,1200000.0,22799
8047988,1,1,1,10,2024,2,73,1.0,105000.0,22805
8047991,1,2,1,10,2024,2,59,4.0,,22809
8047991,1,3,1,10,2024,1,16,4.0,,22810
8047992,1,2,1,10,2024,2,54,5.0,,22812
8047993,1,2,1,10,2024,2,39,10.0,1462000.0,22814
8047994,1,1,1,10,2024,2,51,3.0,,22815
8047997,1,1,1,10,2024,1,53,5.0,1100000.0,22818
8047997,1,3,1,10,2024,1,15,5.0,,22820
8047998,1,1,1,10,2024,2,30,5.0,1300000.0,22822
8047998,1,2,1,10,2024,1,24,4.0,1400000.0,22823
8047998,1,3,1,10,2024,2,12,4.0,,22824
8048000,1,1,1,10,2024,2,91,3.0,,22827
8048001,1,2,1,10,2024,2,42,5.0,1300000.0,22830
8048001,1,3,1,10,2024,2,24,5.0,1500000.0,22831
8048001,1,6,1,10,2024,1,19,5.0,,22834
8048002,1,1,1,10,2024,2,38,10.0,1000000.0,22835
8048002,1,2,1,10,2024,2,12,4.0,,22836
8048002,1,3,1,10,2024,2,3,1.0,,22837
8048007,1,1,1,10,2024,1,30,5.0,1500000.0,22842
8048007,1,3,1,10,2024,2,2,,,22844
8048008,1,2,1,10,2024,1,64,4.0,,22846
8048008,1,3,1,10,2024,2,56,4.0,720000.0,22847
8048008,1,4,1,10,2024,2,16,5.0,,22848
8048009,1,1,1,10,2024,2,78,4.0,,22849
8048012,1,3,1,10,2024,2,14,4.0,,22855
8048014,1,3,1,10,2024,1,15,5.0,,22858
8048017,1,1,1,10,2024,2,28,8.0,,22863
8048017,1,3,1,10,2024,2,11,4.0,,22865
8048019,1,3,1,10,2024,2,2,,,22871
8048026,1,1,1,10,2024,2,22,5.0,2000000.0,22876
8048026,1,3,1,10,2024,1,1,,,22878
8048030,1,2,1,10,2024,1,14,4.0,,22881
8048031,1,3,1,10,2024,1,7,3.0,,22885
8048036,1,4,1,10,2024,2,4,1.0,,22894
8048045,1,1,1,10,2024,1,49,5.0,400000.0,22903
8048049,1,4,1,10,2024,1,8,3.0,,22915
8048051,1,1,1,10,2024,1,32,4.0,200000.0,22918
8048051,1,3,1,10,2024,1,13,3.0,,22920
8048051,1,4,1,10,2024,2,11,3.0,,22921
8048052,1,4,1,10,2024,2,75,3.0,,22928
8048056,1,1,1,10,2024,2,29,5.0,,22930
8048057,1,1,1,10,2024,2,54,4.0,800000.0,22932
8048057,1,4,1,10,2024,1,13,4.0,,22935
8048057,1,5,1,10,2024,2,2,,,22936
8048058,1,4,1,10,2024,1,20,5.0,1300000.0,22940
8048059,1,4,1,10,2024,2,15,5.0,,22945
8048061,1,1,1,10,2024,1,64,3.0,,22949
8048061,1,3,1,10,2024,1,41,8.0,1500000.0,22951
8048062,1,1,1,10,2024,1,34,5.0,2000000.0,22953
8048062,1,2,1,10,2024,2,24,4.0,,22954
8048064,1,1,1,10,2024,1,50,5.0,1300000.0,22961
8048065,1,3,1,10,2024,1,31,8.0,1300000.0,22964
8048066,1,1,1,10,2024,2,51,8.0,1500000.0,22965
8048067,1,1,1,10,2024,2,61,3.0,,22966
8048068,1,2,1,10,2024,2,37,5.0,1100000.0,22969
8048069,1,1,1,10,2024,2,37,10.0,2400000.0,22972
8048071,1,1,1,10,2024,1,33,5.0,,22978
8048074,1,2,1,10,2024,1,13,4.0,,22987
8048076,1,2,1,10,2024,2,37,5.0,700000.0,22991
8048076,1,3,1,10,2024,1,19,5.0,400000.0,22992
8048076,1,4,1,10,2024,1,16,5.0,,22993
8048077,1,1,1,10,2024,1,38,5.0,1500000.0,22994
8048077,1,2,1,10,2024,2,42,5.0,,22995
8048077,1,5,1,10,2024,1,1,,,22998
8048079,1,1,1,10,2024,2,88,3.0,,22999
8048079,1,2,1,10,2024,2,59,8.0,,23000
8048079,1,3,1,10,2024,2,27,10.0,1800000.0,23001
8048081,1,1,1,10,2024,1,69,1.0,,23003
8048081,1,2,1,10,2024,1,28,3.0,1800000.0,23004
8048082,1,1,1,10,2024,2,50,3.0,160000.0,23006
8048083,1,1,1,10,2024,2,41,10.0,800000.0,23010
8048086,1,1,1,10,2024,1,63,5.0,1900000.0,23015
8048086,1,2,1,10,2024,1,39,4.0,1250000.0,23016
8048087,1,1,1,10,2024,2,49,5.0,,23017
8048087,1,3,1,10,2024,1,22,5.0,2000000.0,23019
8048090,1,2,1,10,2024,1,5,2.0,,23024
8048092,1,2,1,10,2024,1,55,3.0,3000000.0,23028
8048092,1,3,1,10,2024,1,19,5.0,1800000.0,23029
8048093,1,1,1,10,2024,1,47,4.0,1200000.0,23031
8048093,1,3,1,10,2024,1,20,4.0,500000.0,23033
8048095,1,1,1,10,2024,2,29,5.0,,23034
8048096,1,3,1,10,2024,2,34,10.0,,23038
8048097,1,1,1,10,2024,1,50,9.0,2500000.0,23039
8048097,1,3,1,10,2024,2,14,4.0,,23041
8048097,1,4,1,10,2024,2,7,3.0,,23042
8048100,2,2,2,10,2024,2,38,10.0,,23051
8048100,2,4,2,10,2024,2,9,3.0,,23053
8048110,1,1,1,10,2024,1,46,10.0,1800000.0,23059
8048110,1,4,1,10,2024,1,10,3.0,,23062
8048111,1,1,1,10,2024,2,31,5.0,480000.0,23063
8048111,1,2,1,10,2024,1,44,3.0,480000.0,23064
8048113,1,1,1,10,2024,1,68,4.0,900000.0,23070
8048113,1,3,1,10,2024,1,13,4.0,,23072
8048113,1,4,1,10,2024,2,23,5.0,1300000.0,23073
8048113,1,5,1,10,2024,1,29,5.0,,23074
8048115,1,2,1,10,2024,2,43,5.0,1300000.0,23078
8048116,1,2,1,10,2024,2,28,10.0,2000000.0,23082
8048116,1,3,1,10,2024,2,0,,,23083
8048118,2,3,2,10,2024,1,10,4.0,,23090
8048122,1,2,1,10,2024,2,44,5.0,1300000.0,23101
8048124,1,2,1,10,2024,2,58,10.0,4200000.0,23107
8048126,1,1,1,10,2024,1,32,5.0,1300000.0,23111
8048126,1,3,1,10,2024,1,1,,,23113
8048127,1,1,1,10,2024,2,66,3.0,100000.0,23114
8048127,1,3,1,10,2024,2,31,5.0,1400000.0,23116
8048127,1,6,1,10,2024,2,20,10.0,1100000.0,23119
8048127,1,7,1,10,2024,2,36,5.0,1400000.0,23120
8048127,1,8,1,10,2024,1,4,2.0,,23121
8048128,1,1,1,10,2024,1,49,5.0,1300000.0,23122
8048128,1,4,1,10,2024,1,25,5.0,1300000.0,23125
8048129,1,1,1,10,2024,2,47,4.0,320000.0,23126
8048129,1,2,1,10,2024,1,25,5.0,2780000.0,23127
8048131,1,1,1,10,2024,2,64,10.0,,23131
8048131,1,4,1,10,2024,2,88,3.0,,23134
8048133,1,1,1,10,2024,2,59,5.0,600000.0,23137
8048134,1,1,1,10,2024,1,58,11.0,5300000.0,23139
8048134,1,3,1,10,2024,1,23,10.0,,23141
8048136,1,3,1,10,2024,1,36,3.0,,23146
8048136,1,4,1,10,2024,2,19,4.0,,23147
8048137,1,1,1,10,2024,2,42,4.0,,23149
8048138,1,1,1,10,2024,1,23,3.0,900000.0,23151
8048140,1,3,1,10,2024,2,32,9.0,1300000.0,23159
8048142,1,2,1,10,2024,2,59,5.0,,23164
8048144,1,1,1,10,2024,1,65,9.0,500000.0,23168
8048145,1,1,1,10,2024,1,46,11.0,4000000.0,23170
8048145,1,2,1,10,2024,2,41,5.0,800000.0,23171
8048145,1,4,1,10,2024,1,18,5.0,,23173
8048147,1,3,1,10,2024,2,9,3.0,,23177
8048149,1,1,1,10,2024,2,41,6.0,,23181
8048149,1,2,1,10,2024,1,42,6.0,1700000.0,23182
8048152,1,1,1,10,2024,1,79,10.0,,23191
8048153,1,2,1,10,2024,2,41,5.0,,23193
8048154,1,2,1,10,2024,2,53,4.0,,23197
8048154,1,4,1,10,2024,1,18,5.0,,23199
8048155,1,2,1,10,2024,2,41,10.0,2580000.0,23201
8048156,1,2,1,10,2024,2,46,11.0,2500000.0,23205
8048157,1,1,1,10,2024,1,69,3.0,800000.0,23207
8048159,1,1,1,10,2024,2,20,4.0,1200000.0,23210
8048160,1,1,1,10,2024,2,33,5.0,2300000.0,23212
8048166,1,1,1,10,2024,2,51,11.0,8000000.0,23221
8048168,1,2,1,10,2024,1,46,10.0,,23223
8048169,1,3,1,10,2024,2,10,3.0,,23226
8048169,1,4,1,10,2024,1,2,,,23227
8048170,1,1,1,10,2024,1,35,13.0,11000000.0,23228
8048174,1,2,1,10,2024,2,42,5.0,1200000.0,23235
8048174,1,3,1,10,2024,1,21,5.0,1200000.0,23236
8048174,2,1,2,10,2024,2,66,3.0,0.0,23237
8048175,1,1,1,10,2024,1,78,3.0,,23239
8048176,1,1,1,10,2024,1,56,11.0,6200000.0,23241
8048176,1,2,1,10,2024,1,7,3.0,,23242
8048186,1,1,1,10,2024,2,51,3.0,400000.0,23249
8048187,1,2,1,10,2024,2,30,6.0,900000.0,23252
8048189,1,4,1,10,2024,2,32,5.0,1350000.0,23258
8048196,1,1,1,10,2024,1,38,9.0,400000.0,23261
8048197,1,3,1,10,2024,1,21,3.0,100000.0,23264
8048198,1,1,1,10,2024,1,42,5.0,800000.0,23265
8048198,1,2,1,10,2024,2,45,10.0,2600000.0,23266
8048223,1,2,1,10,2024,1,3,1.0,,23284
8048225,1,1,1,10,2024,1,51,4.0,800000.0,23288
8048225,1,6,1,10,2024,1,12,4.0,,23293
8048229,1,2,1,10,2024,1,18,6.0,,23303
8048229,1,4,1,10,2024,2,5,2.0,,23305
8048230,1,1,1,10,2024,2,56,4.0,,23306
8048230,1,5,1,10,2024,1,12,4.0,,23310
8048230,1,7,1,10,2024,2,33,5.0,1300000.0,23312
8048231,1,1,1,10,2024,2,67,3.0,,23313
8048231,1,4,1,10,2024,2,11,4.0,,23316
8048232,1,1,1,10,2024,2,52,3.0,,23317
8048232,1,4,1,10,2024,1,28,9.0,1700000.0,23320
8048232,1,7,1,10,2024,1,10,3.0,,23323
8048233,1,2,1,10,2024,2,51,5.0,,23325
8048238,1,1,1,10,2024,2,44,3.0,1000000.0,23332
8048241,1,2,1,10,2024,1,70,3.0,,23340
8048241,1,4,1,10,2024,2,62,5.0,,23342
8048243,1,1,1,10,2024,2,27,5.0,,23347
8048244,1,1,1,10,2024,1,29,5.0,500000.0,23351
8048244,1,2,1,10,2024,2,26,5.0,600000.0,23352
8048244,1,4,1,10,2024,2,16,4.0,,23354
8048248,1,2,1,10,2024,2,32,10.0,,23364
8048248,1,3,1,10,2024,1,35,10.0,3000000.0,23365
8048249,1,1,1,10,2024,2,33,5.0,200000.0,23366
8048250,1,1,1,10,2024,1,45,3.0,1000000.0,23370
8048250,1,4,1,10,2024,1,12,4.0,,23373
8048253,1,3,1,10,2024,1,7,3.0,,23379
8048253,1,4,1,10,2024,1,3,1.0,,23380
8048254,1,3,1,10,2024,2,18,6.0,,23383
8048258,1,1,1,10,2024,2,61,3.0,1000000.0,23387
8048264,1,1,1,10,2024,1,26,8.0,3200000.0,23391
8048265,1,2,1,10,2024,2,53,3.0,,23393
8048266,1,2,1,10,2024,2,4,1.0,,23395
8048268,1,2,1,10,2024,2,30,5.0,,23399
8048274,1,1,1,10,2024,1,43,11.0,,23407
8048274,1,3,1,10,2024,1,10,3.0,,23409
8048275,1,4,1,10,2024,2,13,4.0,,23414
8048277,1,1,1,10,2024,2,55,10.0,3200000.0,23422
8048278,1,1,1,10,2024,2,48,3.0,,23424
8048280,1,2,1,10,2024,2,26,5.0,,23428
8048280,1,3,1,10,2024,1,10,3.0,,23429
8048280,1,4,1,10,2024,1,1,,,23430
8048283,1,1,1,10,2024,1,89,1.0,,23431
8048284,1,2,1,10,2024,1,14,4.0,,23433
8048285,1,3,1,10,2024,1,19,5.0,800000.0,23436
8048287,1,2,1,10,2024,1,28,1.0,,23439
8048289,1,4,1,10,2024,1,18,5.0,,23443
8048289,1,5,1,10,2024,2,85,4.0,,23444
8048290,1,3,1,10,2024,2,10,4.0,,23447
8048291,1,1,1,10,2024,2,42,4.0,600000.0,23449
8048291,1,2,1,10,2024,1,14,4.0,,23450
8048291,1,3,1,10,2024,2,8,3.0,,23451
8048292,1,1,1,10,2024,1,40,5.0,1550000.0,23452
8048292,1,2,1,10,2024,2,42,5.0,600000.0,23453
8048292,1,5,1,10,2024,1,14,4.0,,23456
8048297,1,3,1,10,2024,1,16,4.0,500000.0,23461
8048301,1,3,1,10,2024,2,18,6.0,,23466
8048302,1,1,1,10,2024,2,52,8.0,,23468
8048304,1,1,1,10,2024,1,57,3.0,,23471
8048304,1,2,1,10,2024,2,58,3.0,,23472
8048304,1,3,1,10,2024,2,84,3.0,,23473
8048305,1,2,1,10,2024,2,33,5.0,600000.0,23475
8048307,1,1,1,10,2024,2,44,5.0,100000.0,23482
8048307,1,3,1,10,2024,1,23,5.0,1300000.0,23484
8048311,1,1,1,10,2024,1,57,5.0,0.0,23490
8048312,1,2,1,10,2024,2,9,3.0,,23495
8048312,1,4,1,10,2024,1,1,,,23497
8048314,1,3,1,10,2024,2,1,,,23504
8048315,1,1,1,10,2024,2,31,10.0,3500000.0,23505
8048318,1,1,1,10,2024,2,76,8.0,,23507
8048320,1,1,1,10,2024,2,52,5.0,1500000.0,23508
8048321,1,3,1,10,2024,1,13,4.0,,23512
8048322,1,1,1,10,2024,2,58,3.0,1000000.0,23513
8048322,1,3,1,10,2024,1,38,10.0,1800000.0,23515
8048328,1,2,1,10,2024,2,14,4.0,,23517
8048332,1,3,1,10,2024,1,36,5.0,1300000.0,23524
8048340,1,1,1,10,2024,1,62,4.0,1500000.0,23531
8048340,1,3,1,10,2024,2,26,5.0,,23533
8048343,1,2,1,10,2024,1,25,4.0,900000.0,23538
8048343,1,3,1,10,2024,1,9,3.0,,23539
8048343,1,4,1,10,2024,1,6,3.0,,23540
8048343,1,5,1,10,2024,2,4,1.0,,23541
8048343,1,6,1,10,2024,2,2,,,23542
8048344,1,2,1,10,2024,1,39,5.0,,23544
8048346,1,1,1,10,2024,2,51,1.0,,23549
8048347,1,3,1,10,2024,1,8,3.0,,23554
8048353,1,2,1,10,2024,1,50,5.0,,23556
8048354,1,2,1,10,2024,1,32,4.0,600000.0,23559
8048356,1,1,1,10,2024,2,25,9.0,0.0,23564
8048365,1,2,1,10,2024,1,31,3.0,1300000.0,23571
8048374,1,1,1,10,2024,2,84,3.0,,23579
8048376,1,2,1,10,2024,2,78,3.0,,23585
8048377,1,1,1,10,2024,2,22,10.0,,23586
8048378,1,4,1,10,2024,1,27,5.0,1500000.0,23590
8048382,1,1,1,10,2024,2,24,10.0,2000000.0,23593
8048385,1,1,1,10,2024,2,31,10.0,,23597
8048394,1,1,1,10,2024,1,36,10.0,1300000.0,23603
8048399,1,1,1,10,2024,2,67,3.0,,23606
8048400,1,3,1,10,2024,1,12,4.0,,23614
8048402,1,3,1,10,2024,1,41,5.0,1400000.0,23619
8048403,1,1,1,10,2024,1,47,3.0,2000000.0,23620
8048405,1,1,1,10,2024,2,76,3.0,,23626
8048405,1,2,1,10,2024,2,39,5.0,0.0,23627
8048405,1,5,1,10,2024,1,20,10.0,,23630
8048406,2,1,2,10,2024,2,54,5.0,600000.0,23632
8048408,1,1,1,10,2024,1,44,5.0,,23633
8048411,1,1,1,10,2024,1,36,11.0,9700000.0,23636
8048411,1,3,1,10,2024,2,1,,,23638
8048414,1,1,1,10,2024,1,75,10.0,,23640
8048414,1,2,1,10,2024,1,65,10.0,,23641
8048416,1,1,1,10,2024,2,65,5.0,,23644
8048422,1,2,1,10,2024,2,74,5.0,,23649
8048424,1,1,1,10,2024,1,56,3.0,,23652
8048424,1,2,1,10,2024,2,52,3.0,,23653
8048425,1,1,1,10,2024,1,36,6.0,8000000.0,23654
8048428,1,2,1,10,2024,2,69,4.0,100000.0,23658
8048429,1,2,1,10,2024,1,54,10.0,4500000.0,23660
8048429,1,3,1,10,2024,1,29,10.0,3600000.0,23661
8048430,1,1,1,10,2024,1,54,5.0,,23663
8048430,1,3,1,10,2024,1,23,10.0,,23665
8048430,1,4,1,10,2024,1,66,1.0,1300000.0,23666
8048431,1,1,1,10,2024,2,60,12.0,5600000.0,23667
8048431,1,5,1,10,2024,1,8,3.0,,23671
8048434,1,3,1,10,2024,1,0,,,23675
8048436,1,1,1,10,2024,2,23,9.0,1460000.0,23679
8048437,1,1,1,10,2024,2,42,10.0,1550000.0,23680
8048440,1,1,1,10,2024,1,64,5.0,,23687
8048442,1,1,1,10,2024,2,34,10.0,2900000.0,23690
8048444,1,1,1,10,2024,2,56,9.0,1300000.0,23691
8048448,1,4,1,10,2024,2,9,3.0,,23697
8048449,1,1,1,10,2024,2,63,3.0,1300000.0,23698
8048450,1,1,1,10,2024,1,51,5.0,1300000.0,23699
8048450,1,2,1,10,2024,2,37,5.0,700000.0,23700
8048452,1,1,1,10,2024,2,70,3.0,,23702
8048456,1,1,1,10,2024,1,56,4.0,900000.0,23711
8048456,1,2,1,10,2024,2,50,4.0,280000.0,23712
8048457,1,1,1,10,2024,2,26,4.0,600000.0,23713
8048457,1,2,1,10,2024,1,4,1.0,,23714
8048460,1,2,1,10,2024,2,41,10.0,,23721
8048461,1,2,1,10,2024,2,21,10.0,,23725
8048466,1,2,1,10,2024,1,15,4.0,,23732
8048466,1,4,1,10,2024,1,3,1.0,,23734
8048466,1,5,1,10,2024,1,61,1.0,1400000.0,23735
8048473,1,1,1,10,2024,1,50,4.0,2600000.0,23748
8048473,1,4,1,10,2024,2,6,3.0,,23751
8048477,1,2,1,10,2024,2,34,5.0,1200000.0,23758
8048479,1,1,1,10,2024,1,42,5.0,1800000.0,23761
8048479,1,2,1,10,2024,2,43,4.0,,23762
8048479,1,3,1,10,2024,1,69,4.0,,23763
8048479,1,5,1,10,2024,1,36,5.0,2400000.0,23765
8048479,1,6,1,10,2024,1,34,8.0,1300000.0,23766
8048483,1,2,1,10,2024,2,67,3.0,,23770
8048484,1,1,1,10,2024,1,40,5.0,1500000.0,23771
8048486,1,2,1,10,2024,2,62,5.0,720000.0,23773
8048487,1,2,1,10,2024,2,35,10.0,,23775
8048489,1,2,1,10,2024,2,47,9.0,1300000.0,23780
8048490,1,2,1,10,2024,2,69,4.0,,23784
8048492,1,3,1,10,2024,2,37,6.0,400000.0,23788
8048493,1,2,1,10,2024,1,35,9.0,3500000.0,23790
8048493,1,4,1,10,2024,1,5,1.0,,23792
8048500,1,3,1,10,2024,1,22,10.0,,23800
8048503,1,1,1,10,2024,1,72,3.0,,23801
8048504,1,1,1,10,2024,2,53,5.0,1300000.0,23802
8048506,1,4,1,10,2024,2,22,5.0,1300000.0,23807
8048507,1,1,1,10,2024,1,39,10.0,2500000.0,23808
8048510,1,1,1,10,2024,2,37,5.0,540000.0,23815
8048510,1,3,1,10,2024,1,8,3.0,,23817
8048510,1,4,1,10,2024,2,74,3.0,,23818
8048512,1,1,1,10,2024,2,69,10.0,,23822
8048513,1,2,1,10,2024,2,32,9.0,,23824
8048514,1,1,1,10,2024,1,57,5.0,,23827
8048517,1,4,1,10,2024,2,48,6.0,1300000.0,23835
8048517,1,5,1,10,2024,1,49,5.0,1500000.0,23836
8048518,1,1,1,10,2024,2,52,5.0,1000000.0,23837
8048519,1,1,1,10,2024,1,61,5.0,,23840
8048521,1,2,1,10,2024,1,28,5.0,1300000.0,23845
8048522,1,1,1,10,2024,1,62,4.0,1300000.0,23847
8048522,1,2,1,10,2024,2,60,8.0,,23848
8048523,1,3,1,10,2024,1,4,1.0,,23851
8048524,1,3,1,10,2024,2,26,5.0,1300000.0,23854
8048524,1,6,1,10,2024,2,25,5.0,1300000.0,23857
8048524,1,7,1,10,2024,2,6,3.0,,23858
8048526,1,4,1,10,2024,1,18,5.0,,23863
8048526,1,7,1,10,2024,1,72,3.0,,23866
8048528,1,1,1,10,2024,2,62,3.0,1200000.0,23867
8048532,1,1,1,10,2024,1,43,3.0,1580000.0,23875
8048535,1,2,1,10,2024,2,46,3.0,,23877
8048535,1,5,1,10,2024,1,8,3.0,,23880
8048535,1,6,1,10,2024,2,5,2.0,,23881
8048537,1,1,1,10,2024,1,31,4.0,1000000.0,23887
8048537,1,2,1,10,2024,2,27,4.0,,23888
8048537,1,4,1,10,2024,2,4,1.0,,23890
8048542,1,1,1,10,2024,1,71,4.0,,23892
8048542,1,2,1,10,2024,2,57,4.0,,23893
8048544,1,2,1,10,2024,1,19,5.0,1200000.0,23897
8048545,1,3,1,10,2024,2,30,9.0,900000.0,23900
8048547,1,4,1,10,2024,1,59,4.0,1500000.0,23907
8048549,1,1,1,10,2024,1,26,5.0,1300000.0,23910
8048551,1,3,1,10,2024,2,24,10.0,2000000.0,23916
8048553,1,2,1,10,2024,2,34,8.0,1300000.0,23921
8048553,1,3,1,10,2024,1,15,4.0,,23922
8048553,1,4,1,10,2024,2,8,3.0,,23923
8048566,1,2,1,10,2024,2,44,4.0,1000000.0,23932
8048566,1,3,1,10,2024,1,23,4.0,1100000.0,23933
8048566,1,4,1,10,2024,2,22,5.0,,23934
8048567,1,2,1,10,2024,1,64,1.0,,23936
8048567,1,4,1,10,2024,1,23,5.0,1300000.0,23938
8048571,1,2,1,10,2024,1,9,3.0,,23940
8048572,1,1,1,10,2024,2,68,3.0,,23941
8048573,1,1,1,10,2024,1,35,4.0,1300000.0,23943
8048573,1,2,1,10,2024,2,39,5.0,1300000.0,23944
8048575,1,1,1,10,2024,1,72,3.0,800000.0,23946
8048576,1,1,1,10,2024,2,81,3.0,,23949
8048579,1,1,1,10,2024,2,68,4.0,,23951
8048579,1,2,1,10,2024,2,43,11.0,3500000.0,23952
8048581,1,1,1,10,2024,2,29,8.0,1300000.0,23953
8048582,1,1,1,10,2024,2,54,10.0,,23956
8048587,1,3,1,10,2024,2,20,5.0,1500000.0,23960
8048589,1,1,1,10,2024,2,49,4.0,,23963
8048589,1,2,1,10,2024,1,29,5.0,,23964
8048589,1,3,1,10,2024,2,27,5.0,1300000.0,23965
8048591,1,1,1,10,2024,1,72,10.0,3000000.0,23966
8048592,1,1,1,10,2024,2,61,11.0,7000000.0,23967
8048593,1,2,1,10,2024,2,37,5.0,,23970
8048595,1,2,1,10,2024,1,26,1.0,600000.0,23973
8048595,1,3,1,10,2024,1,11,4.0,,23974
8048595,1,4,1,10,2024,2,6,2.0,,23975
8048595,1,8,1,10,2024,2,7,3.0,,23979
8048596,1,2,1,10,2024,2,51,4.0,,23982
8048600,1,1,1,10,2024,2,60,5.0,,23986
8048600,1,2,1,10,2024,2,37,8.0,1300000.0,23987
8048600,1,3,1,10,2024,2,20,10.0,,23988
8048601,1,2,1,10,2024,2,47,4.0,,23992
8048601,1,4,1,10,2024,1,27,8.0,1300000.0,23994
8048601,1,5,1,10,2024,2,21,8.0,1000000.0,23995
8048601,1,7,1,10,2024,1,16,4.0,,23997
8048604,1,3,1,10,2024,2,0,,,24002
8048605,1,1,1,10,2024,2,64,5.0,,24003
8048605,1,2,1,10,2024,2,84,3.0,,24004
8048610,1,1,1,10,2024,1,79,3.0,,24005
8048612,1,1,1,10,2024,1,29,4.0,2600000.0,24008
8048618,1,1,1,10,2024,1,68,12.0,3500000.0,24013
8048619,1,1,1,10,2024,2,46,3.0,1300000.0,24014
8048619,1,3,1,10,2024,1,13,4.0,,24016
8048619,1,4,1,10,2024,2,24,4.0,1100000.0,24017
8048628,1,1,1,10,2024,1,30,5.0,1300000.0,24018
8048631,1,2,1,10,2024,1,56,4.0,1300000.0,24023
8048634,1,1,1,10,2024,2,33,10.0,1000000.0,24028
8048634,1,2,1,10,2024,1,42,5.0,1200000.0,24029
8048640,1,3,1,10,2024,2,8,3.0,,24039
8048643,1,2,1,10,2024,1,22,10.0,2500000.0,24043
8048649,1,2,1,10,2024,2,59,10.0,2900000.0,24048
8048651,1,1,1,10,2024,1,64,3.0,,24050
8048651,1,2,1,10,2024,2,66,4.0,,24051
8048656,1,2,1,10,2024,2,29,8.0,1300000.0,24062
8048660,1,2,1,10,2024,2,32,5.0,1500000.0,24066
8048661,1,2,1,10,2024,2,48,5.0,,24069
8048662,1,3,1,10,2024,1,24,5.0,,24073
8048667,1,3,1,10,2024,1,10,3.0,,24078
8048670,1,1,1,10,2024,1,32,5.0,1800000.0,24080
8048672,1,2,1,10,2024,2,44,10.0,1950000.0,24084
8048673,1,4,1,10,2024,1,3,2.0,,24089
8048673,1,5,1,10,2024,2,31,5.0,1800000.0,24090
8048674,1,2,1,10,2024,1,24,10.0,1800000.0,24092
8048674,1,3,1,10,2024,2,22,6.0,,24093
8048679,1,2,1,10,2024,2,42,8.0,1000000.0,24105
8048681,1,1,1,10,2024,1,46,8.0,3921600.0,24107
8048683,1,4,1,10,2024,2,3,1.0,,24113
8048684,1,4,1,10,2024,2,19,10.0,,24117
8048684,1,5,1,10,2024,2,70,3.0,,24118
8048686,1,2,1,10,2024,1,84,4.0,,24127
8048687,1,1,1,10,2024,1,45,8.0,1800000.0,24130
8048687,1,3,1,10,2024,2,12,4.0,,24132
8048687,1,4,1,10,2024,2,70,11.0,,24133
8048700,1,3,1,10,2024,2,24,6.0,,24139
8048701,1,1,1,10,2024,2,55,6.0,1300000.0,24142
8048702,1,1,1,10,2024,2,60,3.0,,24145
8048704,1,3,1,10,2024,2,82,3.0,,24150
8048705,1,2,1,10,2024,2,28,10.0,4000000.0,24152
8048706,1,1,1,10,2024,2,45,10.0,2000000.0,24155
8048706,1,2,1,10,2024,1,43,10.0,2000000.0,24156
8048706,1,3,1,10,2024,1,17,5.0,,24157
8048707,1,1,1,10,2024,1,28,5.0,1300000.0,24159
8048707,1,2,1,10,2024,2,26,5.0,1300000.0,24160
8048708,1,2,1,10,2024,1,50,3.0,1500000.0,24162
8048708,1,4,1,10,2024,2,15,4.0,,24164
8048710,1,2,1,10,2024,2,48,3.0,,24171
8048710,1,3,1,10,2024,1,18,8.0,,24172
8048711,1,1,1,10,2024,1,72,3.0,,24173
8048711,1,2,1,10,2024,2,54,5.0,400000.0,24174
8048711,1,3,1,10,2024,1,26,10.0,1300000.0,24175
8048712,1,4,1,10,2024,2,72,3.0,,24180
8048713,1,1,1,10,2024,2,56,8.0,800000.0,24181
8048713,1,5,1,10,2024,2,0,,,24185
8048714,1,2,1,10,2024,2,31,10.0,4200000.0,24187
8048715,1,2,1,10,2024,2,12,4.0,,24189
8048715,1,6,1,10,2024,2,34,5.0,1300000.0,24193
8048716,1,2,1,10,2024,2,56,4.0,1000000.0,24198
8048716,1,4,1,10,2024,1,54,4.0,1300000.0,24200
8048717,1,1,1,10,2024,2,74,3.0,,24201
8048718,1,2,1,10,2024,1,68,3.0,1300000.0,24205
8048719,1,2,1,10,2024,2,47,10.0,,24207
8048720,1,2,1,10,2024,1,17,5.0,,24211
8048722,1,4,1,10,2024,2,72,4.0,,24218
8048723,1,2,1,10,2024,2,35,8.0,1300000.0,24220
8048723,1,3,1,10,2024,2,11,3.0,,24221
8048725,1,1,1,10,2024,2,52,3.0,,24227
8048726,1,1,1,10,2024,1,50,3.0,3000000.0,24230
8048764,1,2,1,10,2024,1,35,5.0,800000.0,24241
8048765,1,1,1,10,2024,1,51,1.0,700000.0,24242
8048765,1,2,1,10,2024,2,56,3.0,250000.0,24243
8048766,1,4,1,10,2024,2,2,,,24250
8048767,1,1,1,10,2024,2,47,3.0,500000.0,24251
8048769,1,1,1,10,2024,1,62,3.0,800000.0,24257
8048769,1,2,1,10,2024,2,61,1.0,,24258
8048769,1,4,1,10,2024,1,37,8.0,1300000.0,24260
8048769,1,6,1,10,2024,2,17,4.0,,24262
8048776,1,2,1,10,2024,2,15,5.0,,24268
8048776,1,3,1,10,2024,1,34,5.0,1300000.0,24269
8048778,1,2,1,10,2024,1,56,8.0,1000000.0,24272
8048780,1,1,1,10,2024,1,42,4.0,1462000.0,24273
8048781,1,1,1,10,2024,2,26,5.0,,24277
8048781,1,2,1,10,2024,2,8,3.0,,24278
8048782,1,3,1,10,2024,1,11,3.0,,24282
8048783,1,2,1,10,2024,2,59,4.0,,24284
8048783,1,4,1,10,2024,2,30,10.0,1000000.0,24286
8048785,1,3,1,10,2024,2,21,5.0,,24289
8048788,1,1,1,10,2024,2,28,8.0,,24297
8048791,1,1,1,10,2024,1,64,4.0,,24302
8048791,1,6,1,10,2024,2,12,4.0,,24307
8048791,1,7,1,10,2024,2,3,1.0,,24308
8048792,1,1,1,10,2024,2,53,5.0,1200000.0,24309
8048798,1,2,1,10,2024,2,60,10.0,3900000.0,24318
8048798,1,3,1,10,2024,1,38,12.0,15600000.0,24319
8048806,1,4,1,10,2024,1,61,10.0,800000.0,24335
8048813,1,2,1,10,2024,2,45,10.0,800000.0,24345
8048813,1,4,1,10,2024,1,16,5.0,,24347
8048819,1,2,1,10,2024,1,62,3.0,,24352
8048821,1,4,1,10,2024,1,8,3.0,,24358
8048823,1,2,1,10,2024,2,54,3.0,,24366
8048825,1,1,1,10,2024,2,40,12.0,,24370
8048826,1,2,1,10,2024,2,40,10.0,800000.0,24372
8048826,1,4,1,10,2024,1,9,3.0,,24374
8048826,1,5,1,10,2024,2,2,,,24375
8048827,1,4,1,10,2024,2,26,8.0,1300000.0,24379
8048827,1,8,1,10,2024,2,1,,,24383
8048829,1,2,1,10,2024,1,14,4.0,,24388
8048834,1,1,1,10,2024,2,52,4.0,200000.0,24395
8048834,1,3,1,10,2024,1,35,5.0,2400000.0,24397
8048837,1,2,1,10,2024,2,50,5.0,100000.0,24400
8048837,1,3,1,10,2024,1,12,4.0,,24401
8048837,1,4,1,10,2024,2,10,5.0,,24402
8048837,1,5,1,10,2024,1,8,3.0,,24403
8048838,1,1,1,10,2024,2,51,5.0,1300000.0,24404
8048840,1,1,1,10,2024,2,46,5.0,300000.0,24407
8048842,1,1,1,10,2024,2,50,10.0,3000000.0,24411
8048843,1,4,1,10,2024,1,3,2.0,,24415
8048846,1,3,1,10,2024,2,6,2.0,,24420
8048846,1,4,1,10,2024,2,1,,,24421
8048848,1,2,1,10,2024,2,30,5.0,,24426
8048849,1,2,1,10,2024,2,22,10.0,1000000.0,24428
8048850,1,5,1,10,2024,2,37,8.0,350000.0,24435
8048850,1,7,1,10,2024,1,5,3.0,,24437
8048853,1,3,1,10,2024,1,15,4.0,,24444
8048856,1,2,1,10,2024,2,37,5.0,1500000.0,24450
8048858,1,2,1,10,2024,1,56,5.0,840000.0,24455
8048858,1,4,1,10,2024,2,25,10.0,,24457
8048860,1,1,1,10,2024,2,74,3.0,,24458
8048862,1,2,1,10,2024,2,43,10.0,,24463
8048862,1,4,1,10,2024,1,8,3.0,,24465
8048864,1,1,1,10,2024,2,74,3.0,,24467
8048865,1,1,1,10,2024,1,37,10.0,8000000.0,24470
8048867,1,4,1,10,2024,2,12,4.0,,24477
8048868,1,1,1,10,2024,1,74,10.0,,24478
8048869,1,1,1,10,2024,2,66,10.0,,24479
8048870,1,1,1,10,2024,2,39,4.0,3000000.0,24480
8048870,1,3,1,10,2024,2,15,5.0,,24482
8048876,1,3,1,10,2024,2,30,10.0,1400000.0,24486
8048876,1,4,1,10,2024,2,28,10.0,,24487
8048878,1,1,1,10,2024,1,69,10.0,,24490
8048880,1,1,1,10,2024,2,20,10.0,,24492
8048881,1,3,1,10,2024,1,76,3.0,,24495
8048882,1,1,1,10,2024,1,38,4.0,3000000.0,24498
8048882,1,4,1,10,2024,1,13,4.0,,24501
8048882,1,5,1,10,2024,2,10,3.0,,24502
8048885,1,1,1,10,2024,1,57,5.0,1462000.0,24506
8048886,1,2,1,10,2024,2,39,4.0,1300000.0,24512
8048887,1,4,1,10,2024,1,4,2.0,,24519
8048889,1,2,1,10,2024,2,66,3.0,280000.0,24525
8048889,1,3,1,10,2024,2,41,8.0,1500000.0,24526
8048890,1,3,1,10,2024,1,14,4.0,,24530
8048893,1,1,1,10,2024,2,39,8.0,2000000.0,24537
8048893,1,4,1,10,2024,1,8,3.0,,24540
8048894,1,1,1,10,2024,2,64,3.0,,24541
8048895,1,1,1,10,2024,2,54,5.0,1000000.0,24542
8048895,1,2,1,10,2024,2,31,10.0,,24543
8048897,1,1,1,10,2024,2,76,3.0,,24546
8048897,1,3,1,10,2024,2,23,9.0,1300000.0,24548
8048898,1,1,1,10,2024,1,24,8.0,1300000.0,24549
8048903,1,1,1,10,2024,1,68,3.0,,24556
8048903,1,2,1,10,2024,2,64,3.0,,24557
8048905,1,1,1,10,2024,2,33,5.0,1300000.0,24560
8048908,1,3,1,10,2024,1,17,5.0,,24566
8048909,1,1,1,10,2024,1,52,4.0,1700000.0,24568
8048910,1,1,1,10,2024,2,85,1.0,,24570
8048910,1,3,1,10,2024,2,25,5.0,1300000.0,24572
8048911,1,1,1,10,2024,2,29,4.0,900000.0,24573
8048911,1,2,1,10,2024,1,9,3.0,,24574
8048912,1,1,1,10,2024,2,59,4.0,800000.0,24575
8048914,1,1,1,10,2024,1,66,3.0,950000.0,24579
8048915,1,1,1,10,2024,2,57,4.0,300000.0,24580
8048919,1,1,1,10,2024,2,29,5.0,1300000.0,24592
8048922,1,1,1,10,2024,2,64,3.0,,24597
8048924,1,1,1,10,2024,2,58,3.0,530000.0,24600
8048925,1,1,1,10,2024,2,72,3.0,,24602
8048925,1,2,1,10,2024,2,31,5.0,,24603
8048927,1,2,1,10,2024,1,26,10.0,2840000.0,24605
8048928,1,2,1,10,2024,2,41,3.0,500000.0,24607
8048928,1,3,1,10,2024,1,20,5.0,1000000.0,24608
8048928,1,4,1,10,2024,2,7,3.0,,24609
8048929,1,1,1,10,2024,1,35,5.0,2200000.0,24610
8048934,1,1,1,10,2024,2,48,5.0,1000000.0,24618
8048934,1,3,1,10,2024,2,18,5.0,,24620
8048936,1,1,1,10,2024,1,59,5.0,1500000.0,24623
8048936,1,5,1,10,2024,2,25,10.0,,24627
8048936,1,6,1,10,2024,2,17,5.0,,24628
8048940,1,1,1,10,2024,1,79,10.0,,24636
8048943,1,2,1,10,2024,1,27,10.0,,24639
8048943,1,3,1,10,2024,1,25,5.0,,24640
8048944,1,4,1,10,2024,1,17,10.0,,24644
8048945,1,2,1,10,2024,1,56,3.0,2000000.0,24646
8048946,1,2,1,10,2024,2,12,4.0,,24649
8048948,1,1,1,10,2024,1,77,3.0,,24652
8048949,1,2,1,10,2024,2,49,1.0,,24654
8048954,1,4,1,10,2024,2,11,3.0,,24664
8048956,1,1,1,10,2024,1,82,3.0,,24668
8048959,1,3,1,10,2024,2,1,,,24674
8048960,1,2,1,10,2024,1,36,5.0,1300000.0,24676
8048961,1,3,1,10,2024,2,80,3.0,1300000.0,24679
8048961,1,4,1,10,2024,1,50,10.0,,24680
8048963,1,2,1,10,2024,1,40,12.0,2990000.0,24686
8048966,1,1,1,10,2024,1,27,5.0,1300000.0,24692
8048970,1,1,1,10,2024,1,52,11.0,4900000.0,24694
8048972,1,2,1,10,2024,1,25,5.0,1300000.0,24698
8048973,1,3,1,10,2024,2,0,,,24701
8048978,1,1,1,10,2024,2,29,10.0,3500000.0,24705
8048986,1,1,1,10,2024,1,61,3.0,1500000.0,24708
8048989,1,1,1,10,2024,2,69,3.0,,24710
8048991,1,1,1,10,2024,2,79,3.0,,24715
8048993,1,1,1,10,2024,1,72,3.0,,24720
8048996,1,6,1,10,2024,2,0,,,24728
8048997,1,3,1,10,2024,1,21,10.0,,24732
8049000,1,2,1,10,2024,1,24,10.0,2400000.0,24741
8049005,1,1,1,10,2024,1,60,10.0,9000000.0,24745
8049007,1,2,1,10,2024,1,34,3.0,1000000.0,24748
8049007,1,5,1,10,2024,1,41,5.0,1300000.0,24751
8049007,1,6,1,10,2024,2,16,3.0,,24752
8049007,1,8,1,10,2024,2,8,3.0,,24754
8049007,1,9,1,10,2024,1,2,,,24755
8049007,1,10,1,10,2024,2,6,1.0,,24756
8049014,1,2,1,10,2024,2,52,3.0,700000.0,24765
8049014,1,4,1,10,2024,2,30,10.0,,24767
8049017,1,2,1,10,2024,2,59,10.0,,24770
8049018,1,3,1,10,2024,1,34,10.0,2400000.0,24775
8049029,1,1,1,10,2024,2,63,5.0,500000.0,24788
8049033,1,1,1,10,2024,1,60,4.0,610000.0,24791
8049035,1,1,1,10,2024,2,38,5.0,1300000.0,24793
8049035,1,2,1,10,2024,2,19,5.0,1000000.0,24794
8049035,1,3,1,10,2024,2,7,3.0,,24795
8049036,1,2,1,10,2024,1,17,5.0,,24797
8049037,1,1,1,10,2024,1,45,5.0,1200000.0,24798
8049037,1,3,1,10,2024,1,8,3.0,,24800
8049040,1,1,1,10,2024,2,59,3.0,,24805
8049045,1,1,1,10,2024,2,40,6.0,1300000.0,24811
8049048,1,1,1,10,2024,1,28,10.0,5500000.0,24825
8049048,1,3,1,10,2024,2,5,2.0,,24827
8049054,1,3,1,10,2024,1,9,3.0,,24839
8049057,1,3,1,10,2024,2,7,3.0,,24844
8049059,1,3,1,10,2024,2,8,3.0,,24848
8049059,1,4,1,10,2024,2,4,1.0,,24849
8049060,1,4,1,10,2024,2,21,6.0,1300000.0,24853
8049061,1,3,1,10,2024,1,16,4.0,,24856
8049065,1,1,1,10,2024,2,36,10.0,3900000.0,24861
8049066,1,2,1,10,2024,2,39,6.0,,24864
8049077,1,2,1,10,2024,2,70,3.0,,24869
8049082,1,1,1,10,2024,2,62,3.0,,24874
8049082,1,2,1,10,2024,1,14,6.0,,24875
8049083,1,1,1,10,2024,1,62,3.0,,24876
8049083,1,2,1,10,2024,2,71,3.0,,24877
8049084,1,4,1,10,2024,2,32,6.0,1300000.0,24881
8049085,1,1,1,10,2024,1,53,5.0,3000000.0,24884
8049085,1,2,1,10,2024,2,44,8.0,2400000.0,24885
8049086,1,1,1,10,2024,2,49,4.0,1120000.0,24886
8049090,1,4,1,10,2024,2,17,5.0,,24898
8049091,1,2,1,10,2024,1,52,4.0,,24902
8049093,1,1,1,10,2024,2,51,5.0,1300000.0,24905
8049093,1,3,1,10,2024,1,16,6.0,,24907
8049093,1,4,1,10,2024,2,44,5.0,100000.0,24908
8049095,1,7,1,10,2024,2,2,,,24915
8049096,1,1,1,10,2024,2,37,6.0,580000.0,24916
8049097,1,2,1,10,2024,2,54,3.0,,24919
8049103,1,4,1,10,2024,2,10,3.0,,24926
8049105,1,1,1,10,2024,1,80,11.0,,24927
8049106,1,1,1,10,2024,1,48,5.0,,24929
8049108,1,1,1,10,2024,2,37,6.0,1855000.0,24930
8049108,1,2,1,10,2024,2,18,10.0,57000.0,24931
8049112,1,1,1,10,2024,2,35,4.0,,24936
8049112,1,3,1,10,2024,1,12,3.0,,24938
8049120,1,3,1,10,2024,2,22,9.0,100000.0,24949
8049121,1,1,1,10,2024,2,46,8.0,2000000.0,24951
8049126,1,1,1,10,2024,2,72,3.0,,24958
8049126,1,3,1,10,2024,2,42,4.0,,24960
8049126,1,4,1,10,2024,1,47,5.0,1300000.0,24961
8049127,1,1,1,10,2024,2,52,5.0,,24966
8049127,1,2,1,10,2024,1,40,4.0,1984000.0,24967
8049128,1,1,1,10,2024,1,78,4.0,,24970
8049133,1,1,1,10,2024,2,41,8.0,1700000.0,24975
8049135,1,3,1,10,2024,1,33,8.0,1600000.0,24982
8049137,1,3,1,10,2024,1,16,4.0,,24989
8049137,1,4,1,10,2024,1,11,3.0,,24990
8049140,1,1,1,10,2024,2,59,5.0,,24996
8049141,1,2,1,10,2024,1,41,5.0,1300000.0,24998
8049141,1,3,1,10,2024,1,25,5.0,1200000.0,24999
8049142,1,3,1,10,2024,1,52,3.0,2200000.0,25002
8049143,1,1,1,10,2024,2,40,5.0,1300000.0,25003
8049144,1,1,1,10,2024,1,62,5.0,800000.0,25005
8049147,1,1,1,10,2024,1,41,3.0,1440000.0,25007
8049147,1,2,1,10,2024,2,33,5.0,,25008
8049148,1,1,1,10,2024,2,63,3.0,480000.0,25011
8049150,1,1,1,10,2024,1,69,5.0,,25013
8049150,1,3,1,10,2024,2,22,10.0,1300000.0,25015
8049151,1,1,1,10,2024,1,58,5.0,1200000.0,25016
8049151,1,2,1,10,2024,2,50,6.0,,25017
8049157,1,1,1,10,2024,1,83,4.0,,25021
8049159,1,2,1,10,2024,2,41,8.0,,25026
8049159,1,3,1,10,2024,2,17,9.0,,25027
8049163,1,1,1,10,2024,1,60,10.0,15000000.0,25035
8049167,1,1,1,10,2024,1,44,10.0,2000000.0,25038
8049167,1,3,1,10,2024,2,6,3.0,,25040
8049171,1,2,1,10,2024,1,71,3.0,,25045
8049172,1,2,1,10,2024,2,66,3.0,,25048
8049173,1,1,1,10,2024,1,39,8.0,2200000.0,25050
8049175,1,1,1,10,2024,1,34,8.0,1800000.0,25054
8049175,1,2,1,10,2024,2,31,10.0,2100000.0,25055
8049178,1,1,1,10,2024,1,32,5.0,,25060
8049179,1,1,1,10,2024,1,27,10.0,,25061
8049183,1,4,1,10,2024,2,18,5.0,,25069
8049183,1,5,1,10,2024,1,13,4.0,,25070
8049183,1,6,1,10,2024,2,44,8.0,1300000.0,25071
8049183,1,7,1,10,2024,2,17,5.0,,25072
8049187,1,1,1,10,2024,1,57,3.0,1300000.0,25073
8049188,1,1,1,10,2024,2,36,10.0,5035408.0,25077
8049189,1,1,1,10,2024,2,34,10.0,2000000.0,25078
8049194,1,3,1,10,2024,2,12,4.0,,25090
8049194,1,4,1,10,2024,2,6,3.0,,25091
8049200,1,1,1,10,2024,2,40,6.0,620000.0,25092
8049201,1,1,1,10,2024,2,44,8.0,1350000.0,25095
8049201,1,2,1,10,2024,1,38,5.0,1500000.0,25096
8049203,1,3,1,10,2024,2,10,3.0,,25102
8049209,1,1,1,10,2024,2,40,12.0,2350000.0,25108
8049210,1,1,1,10,2024,1,61,6.0,1300000.0,25110
8049211,1,1,1,10,2024,2,27,8.0,1000000.0,25113
8049214,1,1,1,10,2024,2,30,10.0,1800000.0,25114
8049216,1,3,1,10,2024,2,14,4.0,,25117
8049218,1,1,1,10,2024,1,52,1.0,,25124
8049223,1,3,1,10,2024,1,14,4.0,,25136
8049225,1,2,1,10,2024,2,33,5.0,1500000.0,25143
8049225,1,4,1,10,2024,1,6,3.0,,25145
8049229,1,2,1,10,2024,1,51,3.0,,25151
8049233,1,1,1,10,2024,1,47,4.0,1000000.0,25154
8049234,1,1,1,10,2024,2,56,3.0,1000000.0,25158
8049234,1,5,1,10,2024,2,52,3.0,800000.0,25162
8049237,1,2,1,10,2024,1,24,3.0,1400000.0,25168
8049237,1,4,1,10,2024,2,8,3.0,,25170
8049240,1,4,1,10,2024,2,7,3.0,,25177
8049244,1,2,1,10,2024,2,51,3.0,,25188
8049249,1,1,1,10,2024,2,34,10.0,1000000.0,25191
8049253,1,1,1,10,2024,2,65,9.0,,25201
8049255,1,2,1,10,2024,2,58,8.0,,25207
8049260,1,1,1,10,2024,2,81,3.0,,25216
8049262,1,3,1,10,2024,1,43,5.0,950000.0,25220
8049263,1,1,1,10,2024,2,22,10.0,,25222
8049265,1,1,1,10,2024,2,59,5.0,,25224
8049265,1,2,1,10,2024,2,38,8.0,1500000.0,25225
8049267,1,2,1,10,2024,1,15,4.0,,25231
8049268,1,2,1,10,2024,2,62,4.0,,25234
8049268,1,3,1,10,2024,1,20,5.0,1400000.0,25235
8049268,1,6,1,10,2024,2,12,4.0,,25238
8049268,1,7,1,10,2024,2,9,3.0,,25239
8049270,1,2,1,10,2024,2,11,3.0,,25241
8049273,1,2,1,10,2024,2,49,10.0,1800000.0,25249
8049273,1,4,1,10,2024,1,5,2.0,,25251
8049276,1,1,1,10,2024,1,32,8.0,2900000.0,25256
8049276,1,2,1,10,2024,2,31,8.0,,25257
8049281,1,2,1,10,2024,2,51,10.0,3500000.0,25271
8049282,1,2,1,10,2024,1,24,6.0,1300000.0,25274
8049286,1,1,1,10,2024,1,72,5.0,11000000.0,25279
8049287,1,1,1,10,2024,1,66,10.0,,25280
8049287,1,3,1,10,2024,1,31,10.0,6000000.0,25282
8049289,1,1,1,10,2024,2,56,5.0,1800000.0,25284
8049293,1,1,1,10,2024,1,61,10.0,5000000.0,25293
8049293,1,2,1,10,2024,2,56,10.0,7000000.0,25294
8049294,1,1,1,10,2024,2,44,11.0,8000000.0,25295
8049295,1,3,1,10,2024,2,11,4.0,,25300
8049295,1,4,1,10,2024,2,6,3.0,,25301
8049296,1,2,1,10,2024,2,72,3.0,,25303
8049301,1,3,1,10,2024,1,10,3.0,,25310
8049302,1,1,1,10,2024,1,23,8.0,1462000.0,25311
8049307,1,1,1,10,2024,1,25,5.0,1800000.0,25312
8049307,1,2,1,10,2024,2,36,8.0,,25313
8049311,1,1,1,10,2024,2,53,3.0,700000.0,25322
8049311,1,3,1,10,2024,1,11,3.0,,25324
8049311,1,4,1,10,2024,1,11,3.0,,25325
8049312,1,1,1,10,2024,2,74,3.0,,25328
8049313,1,1,1,10,2024,2,50,3.0,,25329
8049314,1,3,1,10,2024,1,40,3.0,700000.0,25336
8049314,1,5,1,10,2024,1,35,5.0,800000.0,25338
8049317,1,2,1,10,2024,2,33,5.0,,25345
8049319,1,1,1,10,2024,2,61,5.0,,25349
8049322,1,1,1,10,2024,2,41,5.0,,25357
8049324,1,1,1,10,2024,2,59,1.0,,25361
8049326,1,1,1,10,2024,2,41,5.0,700000.0,25362
8049327,1,3,1,10,2024,2,10,3.0,,25366
8049329,1,2,1,10,2024,2,35,5.0,600000.0,25374
8049330,1,1,1,10,2024,1,44,5.0,,25376
8049330,1,3,1,10,2024,1,16,4.0,,25378
8049335,1,1,1,10,2024,1,39,3.0,1000000.0,25387
8049341,1,4,1,10,2024,2,8,3.0,,25404
8049342,1,2,1,10,2024,1,21,5.0,,25407
8049343,1,2,1,10,2024,1,20,5.0,300000.0,25409
8049352,1,1,1,10,2024,1,32,8.0,1300000.0,25416
8049352,1,2,1,10,2024,2,29,10.0,,25417
8049353,1,1,1,10,2024,1,28,9.0,2100000.0,25419
8049354,1,1,1,10,2024,2,48,4.0,,25420
8049354,1,2,1,10,2024,1,56,5.0,2500000.0,25421
8049355,1,2,1,10,2024,2,21,8.0,,25423
8049356,1,3,1,10,2024,1,10,3.0,,25426
8049357,1,2,1,10,2024,2,13,4.0,,25429
8049360,1,1,1,10,2024,1,40,4.0,1300000.0,25436
8049361,1,1,1,10,2024,1,29,5.0,1300000.0,25438
8049369,1,2,1,10,2024,2,25,4.0,450000.0,25441
8049370,1,2,1,10,2024,1,57,3.0,1200000.0,25445
8049371,1,3,1,10,2024,2,51,4.0,300000.0,25448
8049372,1,4,1,10,2024,1,0,,,25453
8049373,1,1,1,10,2024,1,40,5.0,1700000.0,25456
8049373,1,4,1,10,2024,1,23,4.0,,25459
8049374,1,5,1,10,2024,2,13,4.0,,25465
8049375,1,1,1,10,2024,1,44,8.0,1500000.0,25467
8049375,1,2,1,10,2024,2,46,8.0,500000.0,25468
8049376,1,1,1,10,2024,2,70,1.0,,25471
8049376,1,2,1,10,2024,1,50,3.0,,25472
8049377,1,2,1,10,2024,2,23,5.0,750000.0,25474
8049379,1,3,1,10,2024,2,24,10.0,,25478
8049381,1,1,1,10,2024,2,58,3.0,600000.0,25482
8049381,1,2,1,10,2024,2,10,3.0,,25483
8049384,1,2,1,10,2024,1,51,3.0,400000.0,25485
8049386,1,1,1,10,2024,2,60,8.0,3300000.0,25488
8049390,1,5,1,10,2024,1,15,5.0,,25495
8049390,1,6,1,10,2024,2,6,3.0,,25496
8049390,1,8,1,10,2024,2,30,10.0,1400000.0,25498
8049396,1,1,1,10,2024,2,51,5.0,1000000.0,25504
8049411,1,3,1,10,2024,1,10,3.0,,25512
8049412,1,1,1,10,2024,1,30,5.0,3654210.0,25514
8049417,1,1,1,10,2024,1,28,10.0,2423000.0,25524
8049420,1,3,1,10,2024,2,1,,,25533
8049423,1,1,1,10,2024,2,48,10.0,4300000.0,25537
8049424,1,1,1,10,2024,2,42,5.0,2900000.0,25542
8049479,1,1,1,10,2024,1,55,3.0,,25551
8049479,1,2,1,10,2024,2,56,3.0,200000.0,25552
8049480,1,2,1,10,2024,1,71,1.0,,25556
8049480,1,3,1,10,2024,1,31,3.0,400000.0,25557
8049481,1,7,1,10,2024,2,27,5.0,,25564
8049484,1,1,1,10,2024,1,72,4.0,900000.0,25569
8049485,1,1,1,10,2024,1,32,8.0,1300000.0,25571
8049485,1,3,1,10,2024,2,8,3.0,,25573
8049486,1,1,1,10,2024,1,48,8.0,1800000.0,25575
8049486,1,4,1,10,2024,1,21,5.0,1300000.0,25578
8049490,1,1,1,10,2024,1,45,5.0,3008000.0,25586
8049490,1,2,1,10,2024,2,42,5.0,,25587
8049490,1,3,1,10,2024,1,16,5.0,,25588
8049490,1,4,1,10,2024,1,14,4.0,,25589
8049491,1,1,1,10,2024,1,42,5.0,700000.0,25591
8049491,1,3,1,10,2024,1,14,4.0,,25593
8049491,1,5,1,10,2024,2,65,3.0,,25595
8049492,1,3,1,10,2024,1,61,3.0,900000.0,25598
8049493,1,1,1,10,2024,2,32,8.0,500000.0,25599
8049495,1,1,1,10,2024,1,43,4.0,750000.0,25604
8049496,1,1,1,10,2024,1,50,4.0,800000.0,25606
8049497,1,2,1,10,2024,2,26,5.0,,25608
8049497,1,3,1,10,2024,1,3,1.0,,25609
8049497,1,4,1,10,2024,1,58,3.0,,25610
8049500,1,1,1,10,2024,2,34,4.0,,25614
8049502,1,4,1,10,2024,2,35,8.0,400000.0,25621
8049503,1,1,1,10,2024,2,63,8.0,350000.0,25623
8049503,1,2,1,10,2024,2,41,9.0,1300000.0,25624
8049504,1,2,1,10,2024,2,53,4.0,300000.0,25626
8049504,1,3,1,10,2024,1,33,5.0,1400000.0,25627
8049506,1,1,1,10,2024,2,67,3.0,,25629
8049507,1,3,1,10,2024,2,17,5.0,,25635
8049508,1,1,1,10,2024,2,55,3.0,,25637
8049508,1,3,1,10,2024,2,8,3.0,,25639
8049515,1,2,1,10,2024,2,25,5.0,,25664
8049515,1,3,1,10,2024,2,6,3.0,,25665
8049517,1,2,1,10,2024,2,11,3.0,,25667
8049518,1,1,1,10,2024,2,67,4.0,700000.0,25668
8049524,1,2,1,10,2024,1,66,5.0,,25677
8049525,1,1,1,10,2024,2,59,5.0,,25678
8049526,1,1,1,10,2024,2,38,3.0,700000.0,25679
8049527,1,1,1,10,2024,2,47,8.0,150000.0,25681
8049528,1,3,1,10,2024,1,17,5.0,,25685
8049529,1,1,1,10,2024,2,65,8.0,,25687
8049532,1,4,1,10,2024,1,77,3.0,,25693
8049534,1,3,1,10,2024,1,27,10.0,,25696
8049536,1,4,1,10,2024,2,5,2.0,,25700
8049537,1,1,1,10,2024,1,29,4.0,1000000.0,25701
8049539,1,1,1,10,2024,1,27,6.0,900000.0,25703
8049540,1,1,1,10,2024,1,69,4.0,800000.0,25707
8049541,1,2,1,10,2024,2,8,3.0,,25710
8049542,1,1,1,10,2024,2,58,1.0,,25711
8049542,1,3,1,10,2024,2,22,5.0,,25713
8049545,1,3,1,10,2024,1,7,3.0,,25721
8049546,1,3,1,10,2024,1,16,4.0,,25724
8049547,1,2,1,10,2024,1,72,3.0,100000.0,25728
8049548,1,1,1,10,2024,2,29,10.0,,25729
8049550,1,2,1,10,2024,2,5,2.0,,25734
8049550,1,3,1,10,2024,2,2,,,25735
8049551,1,4,1,10,2024,2,10,3.0,,25739
8049552,1,2,1,10,2024,2,42,3.0,2562000.0,25741
8049554,1,2,1,10,2024,1,28,10.0,2850000.0,25745
8049555,1,2,1,10,2024,2,26,5.0,1300000.0,25748
8049556,1,1,1,10,2024,2,42,5.0,160000.0,25750
8049556,1,2,1,10,2024,2,9,3.0,,25751
8049557,1,1,1,10,2024,1,54,5.0,,25753
8049557,1,4,1,10,2024,2,4,1.0,,25756
8049558,1,1,1,10,2024,1,47,9.0,600000.0,25757
8049560,1,1,1,10,2024,2,41,5.0,200000.0,25763
8049560,1,3,1,10,2024,1,21,8.0,,25765
8049560,1,4,1,10,2024,1,18,8.0,,25766
8049563,1,1,1,10,2024,1,86,1.0,,25772
8049565,1,2,1,10,2024,2,56,10.0,1280000.0,25778
8049565,1,4,1,10,2024,1,50,8.0,1200000.0,25780
8049567,1,1,1,10,2024,2,33,10.0,1020000.0,25784
8049568,1,3,1,10,2024,1,5,2.0,,25788
8049569,1,1,1,10,2024,1,33,3.0,3000000.0,25789
8049570,1,2,1,10,2024,2,18,5.0,900000.0,25791
8049574,1,2,1,10,2024,2,27,10.0,4000000.0,25797
8049575,1,1,1,10,2024,1,29,10.0,1400000.0,25799
8049577,1,2,1,10,2024,2,7,3.0,,25804
8049578,1,3,1,10,2024,1,14,5.0,,25808
8049585,1,1,1,10,2024,2,55,5.0,400000.0,25815
8049585,1,2,1,10,2024,2,52,5.0,,25816
8049587,1,1,1,10,2024,2,42,3.0,680000.0,25819
8049587,1,3,1,10,2024,1,20,8.0,500000.0,25821
8049587,1,5,1,10,2024,1,16,4.0,,25823
8049589,1,2,1,10,2024,2,20,8.0,,25828
8049590,1,2,1,10,2024,2,86,3.0,,25830
8049591,1,1,1,10,2024,1,77,3.0,,25833
8049592,1,1,1,10,2024,2,38,4.0,150000.0,25835
8049592,1,3,1,10,2024,1,16,5.0,,25837
8049592,1,4,1,10,2024,1,10,3.0,,25838
8049593,1,2,1,10,2024,2,30,8.0,,25840
8049593,1,4,1,10,2024,2,6,3.0,,25842
8049594,1,1,1,10,2024,2,70,5.0,,25843
8049595,1,1,1,10,2024,2,76,1.0,,25845
8049595,1,4,1,10,2024,1,7,3.0,,25848
8049596,1,2,1,10,2024,2,55,8.0,600000.0,25850
8049597,1,2,1,10,2024,1,49,10.0,2100000.0,25852
8049597,1,3,1,10,2024,2,13,4.0,,25853
8049598,1,2,1,10,2024,2,64,11.0,5864200.0,25856
8049601,1,3,1,10,2024,1,8,3.0,,25861
8049602,1,1,1,10,2024,2,44,10.0,800000.0,25862
8049605,1,2,1,10,2024,1,44,5.0,900000.0,25866
8049605,1,3,1,10,2024,2,17,10.0,,25867
8049605,1,4,1,10,2024,2,11,4.0,,25868
8049607,1,1,1,10,2024,2,65,5.0,,25876
8049609,1,1,1,10,2024,1,67,5.0,,25882
8049610,1,1,1,10,2024,1,83,3.0,,25884
8049611,1,2,1,10,2024,2,63,1.0,,25887
8049612,1,1,1,10,2024,1,56,12.0,6000000.0,25888
8049612,1,3,1,10,2024,1,29,10.0,,25890
8049613,1,2,1,10,2024,2,74,5.0,,25892
8049614,1,1,1,10,2024,1,43,4.0,800000.0,25893
8049615,1,1,1,10,2024,1,46,4.0,,25895
8049615,1,2,1,10,2024,2,25,5.0,,25896
8049617,1,3,1,10,2024,2,22,4.0,,25902
8049617,1,4,1,10,2024,1,3,1.0,,25903
8049618,1,2,1,10,2024,1,34,5.0,900000.0,25905
8049619,1,1,1,10,2024,1,80,1.0,,25907
8049619,1,2,1,10,2024,2,75,1.0,,25908
8049619,1,3,1,10,2024,2,17,4.0,,25909
8049620,1,2,1,10,2024,1,40,3.0,1200000.0,25911
8049620,1,4,1,10,2024,2,14,4.0,,25913
8049620,1,5,1,10,2024,2,10,3.0,,25914
8049621,1,1,1,10,2024,2,31,5.0,200000.0,25915
8049621,1,4,1,10,2024,2,10,3.0,,25918
8049623,1,1,1,10,2024,2,43,5.0,,25921
8049623,1,3,1,10,2024,1,20,8.0,,25923
8049623,1,4,1,10,2024,2,13,4.0,,25924
8049623,1,5,1,10,2024,2,11,4.0,,25925
8049623,1,6,1,10,2024,2,8,3.0,,25926
8049624,1,5,1,10,2024,2,4,1.0,,25931
8049626,1,3,1,10,2024,2,34,5.0,100000.0,25937
8049626,1,4,1,10,2024,1,11,3.0,,25938
8049626,1,5,1,10,2024,2,8,3.0,,25939
8049627,1,4,1,10,2024,2,0,,,25943
8049628,1,2,1,10,2024,2,37,4.0,,25945
8049628,1,5,1,10,2024,1,7,3.0,,25948
8049630,1,2,1,10,2024,2,24,8.0,1160000.0,25950
8049630,1,3,1,10,2024,1,6,3.0,,25951
8049631,1,2,1,10,2024,2,58,3.0,,25953
8049632,1,3,1,10,2024,1,21,3.0,,25956
8049633,1,3,1,10,2024,2,5,2.0,,25960
8049636,1,1,1,10,2024,1,82,3.0,,25964
8049638,1,1,1,10,2024,1,31,9.0,4500000.0,25967
8049638,1,2,1,10,2024,2,29,11.0,1800000.0,25968
8049638,1,3,1,10,2024,2,6,3.0,,25969
8049641,1,1,1,10,2024,1,71,3.0,0.0,25973
8049643,1,1,1,10,2024,1,30,4.0,1300000.0,25976
8049643,1,2,1,10,2024,2,28,5.0,,25977
8049643,1,3,1,10,2024,2,7,3.0,,25978
8049644,1,1,1,10,2024,2,75,3.0,800000.0,25979
8049644,1,5,1,10,2024,2,13,4.0,,25983
8049646,1,1,1,10,2024,1,55,4.0,,25985
8049646,1,2,1,10,2024,2,50,3.0,,25986
8049650,1,3,1,10,2024,1,3,1.0,,25994
8049652,1,1,1,10,2024,1,72,3.0,,25997
8049653,1,2,1,10,2024,2,27,8.0,,25999
8049656,1,1,1,10,2024,2,69,1.0,,26005
8049657,1,1,1,10,2024,2,69,3.0,,26006
8049660,1,3,1,10,2024,1,9,3.0,,26012
8049660,1,5,1,10,2024,1,2,,,26014
8049662,1,2,1,10,2024,2,15,5.0,,26017
8049662,1,4,1,10,2024,1,3,1.0,,26019
8049663,1,1,1,10,2024,2,57,3.0,,26020
8049663,1,2,1,10,2024,2,12,4.0,,26021
8049664,1,1,1,10,2024,1,34,5.0,2000000.0,26022
8049665,1,1,1,10,2024,2,28,8.0,,26023
8049665,1,2,1,10,2024,1,4,1.0,,26024
8049667,1,2,1,10,2024,2,12,4.0,,26027
8049668,1,1,1,10,2024,2,24,3.0,,26028
8049669,1,2,1,10,2024,2,40,3.0,700000.0,26031
8049670,1,2,1,10,2024,2,13,3.0,,26033
8049672,1,1,1,10,2024,1,42,3.0,1900000.0,26035
8049673,1,1,1,10,2024,1,44,8.0,1900000.0,26037
8049674,1,2,1,10,2024,1,77,5.0,,26039
8049674,1,5,1,10,2024,1,15,3.0,,26042
8049674,1,6,1,10,2024,1,14,1.0,,26043
8049674,1,7,1,10,2024,2,13,3.0,,26044
8049675,1,2,1,10,2024,1,78,1.0,,26048
8049675,1,3,1,10,2024,1,54,1.0,,26049
8049682,1,2,1,10,2024,1,5,1.0,,26062
8049683,1,3,1,10,2024,1,4,2.0,,26065
8049685,1,3,1,10,2024,1,0,,,26069
8049686,1,5,1,10,2024,2,6,3.0,,26074
8049687,1,1,1,10,2024,1,40,3.0,,26076
8049688,1,1,1,10,2024,2,76,1.0,,26080
8049694,1,4,1,10,2024,2,7,3.0,,26095
8049695,1,1,1,10,2024,1,34,3.0,600000.0,26096
8049695,1,2,1,10,2024,2,30,4.0,,26097
8049695,1,5,1,10,2024,2,5,1.0,,26100
8049696,1,1,1,10,2024,1,52,3.0,600000.0,26101
8049698,1,2,1,10,2024,2,28,5.0,,26105
8049698,1,3,1,10,2024,1,12,4.0,,26106
8049700,1,2,1,10,2024,2,19,4.0,400000.0,26111
8049700,1,4,1,10,2024,1,8,3.0,,26113
8049703,1,1,1,10,2024,1,34,3.0,,26124
8049703,1,4,1,10,2024,2,11,3.0,,26127
8049703,1,5,1,10,2024,1,9,3.0,,26128
8049704,1,4,1,10,2024,1,8,3.0,,26133
8049705,1,1,1,10,2024,1,50,5.0,1600000.0,26134
8049705,1,4,1,10,2024,2,9,3.0,,26137
8049706,1,1,1,10,2024,1,88,1.0,,26138
8049707,1,3,1,10,2024,2,6,3.0,,26142
8049709,1,2,1,10,2024,2,58,1.0,,26146
8049711,1,1,1,10,2024,1,60,3.0,1300000.0,26149
8049712,1,2,1,10,2024,1,35,6.0,1300000.0,26152
8049713,1,1,1,10,2024,1,46,5.0,1300000.0,26154
8049713,1,4,1,10,2024,2,9,3.0,,26157
8049714,1,2,1,10,2024,2,29,10.0,1800000.0,26159
8049716,1,1,1,10,2024,2,40,5.0,1300000.0,26163
8049716,1,3,1,10,2024,2,21,5.0,,26165
8049717,1,1,1,10,2024,2,51,3.0,1660000.0,26167
8049717,1,2,1,10,2024,1,53,3.0,1675000.0,26168
8049718,1,1,1,10,2024,1,87,1.0,,26169
8049718,1,2,1,10,2024,2,84,1.0,,26170
8049719,1,2,1,10,2024,2,41,8.0,,26175
8049721,1,3,1,10,2024,2,35,5.0,,26179
8049722,1,1,1,10,2024,2,26,5.0,,26182
8049722,1,3,1,10,2024,2,11,4.0,,26184
8049722,1,4,1,10,2024,2,7,3.0,,26185
8049723,1,2,1,10,2024,2,25,5.0,,26187
8049723,1,3,1,10,2024,1,8,3.0,,26188
8049723,1,4,1,10,2024,1,0,,,26189
8049723,1,5,1,10,2024,1,66,3.0,,26190
8049724,1,1,1,10,2024,2,78,1.0,,26191
8049726,1,2,1,10,2024,1,42,4.0,807500.0,26196
8049726,1,3,1,10,2024,2,7,3.0,,26197
8049728,1,2,1,10,2024,2,69,3.0,,26202
8049729,1,4,1,10,2024,2,9,3.0,,26206
8049732,1,1,1,10,2024,2,42,5.0,1250000.0,26209
8049734,1,3,1,10,2024,2,16,5.0,,26214
8049736,1,1,1,10,2024,2,69,4.0,,26222
8049737,1,4,1,10,2024,1,2,,,26226
8049738,1,1,1,10,2024,2,26,4.0,700000.0,26227
8049738,1,3,1,10,2024,1,8,3.0,,26229
8049739,1,5,1,10,2024,1,14,4.0,,26235
8049740,1,1,1,10,2024,2,44,5.0,1100000.0,26236
8049740,1,3,1,10,2024,1,20,5.0,,26238
8049740,1,5,1,10,2024,1,5,1.0,,26240
8049741,1,1,1,10,2024,2,78,3.0,,26241
8049743,1,4,1,10,2024,2,24,9.0,980000.0,26246
8049747,1,1,1,10,2024,2,73,3.0,,26256
8049748,1,1,1,10,2024,2,63,1.0,,26257
8049748,1,3,1,10,2024,1,29,5.0,1300000.0,26259
8049751,1,2,1,10,2024,1,29,5.0,1300000.0,26268
8049752,1,1,1,10,2024,1,52,3.0,1300000.0,26269
8049752,1,4,1,10,2024,2,14,4.0,,26272
8049752,1,5,1,10,2024,1,12,4.0,,26273
8049754,1,1,1,10,2024,2,37,5.0,1300000.0,26275
8049757,1,1,1,10,2024,1,35,3.0,1000000.0,26277
8049758,1,1,1,10,2024,2,52,3.0,600000.0,26281
8049758,1,2,1,10,2024,1,27,8.0,1600000.0,26282
8049759,1,1,1,10,2024,2,22,4.0,,26284
8049759,1,3,1,10,2024,2,2,,,26286
8049763,1,1,1,10,2024,1,59,4.0,1000000.0,26295
8049763,1,2,1,10,2024,2,42,5.0,,26296
8049765,1,1,1,10,2024,1,70,8.0,1000000.0,26299
8049766,1,3,1,10,2024,1,26,5.0,,26304
8049769,1,1,1,10,2024,1,26,9.0,1000000.0,26307
8049771,1,1,1,10,2024,2,56,10.0,1300000.0,26313
8049772,1,2,1,10,2024,2,42,5.0,,26316
8049773,1,1,1,10,2024,2,62,3.0,900000.0,26317
8049775,1,1,1,10,2024,2,42,5.0,,26318
8049779,1,2,1,10,2024,2,43,5.0,,26330
8049781,1,1,1,10,2024,2,78,3.0,,26333
8049781,1,2,1,10,2024,1,92,3.0,,26334
8049782,1,2,1,10,2024,1,59,3.0,600000.0,26337
8049783,1,6,1,10,2024,1,3,1.0,,26344
8049783,2,2,2,10,2024,1,14,4.0,,26346
8049783,3,2,3,10,2024,2,49,3.0,,26349
8049783,3,5,3,10,2024,2,22,4.0,,26352
8049783,4,1,4,10,2024,1,70,3.0,,26354
8049784,1,1,1,10,2024,2,62,8.0,1460000.0,26356
8049786,1,1,1,10,2024,1,57,4.0,900000.0,26364
8049789,1,1,1,10,2024,2,73,3.0,,26370
8049791,1,1,1,10,2024,2,34,3.0,1000000.0,26372
8049791,1,3,1,10,2024,1,9,3.0,,26374
8049792,1,1,1,10,2024,1,29,3.0,1200000.0,26376
8049792,1,3,1,10,2024,1,2,,,26378
8049793,1,3,1,10,2024,1,22,10.0,1150000.0,26381
8049793,1,5,1,10,2024,1,11,3.0,,26383
8049794,1,3,1,10,2024,2,27,5.0,650000.0,26386
8049795,1,1,1,10,2024,1,53,4.0,1000000.0,26387
8049795,1,3,1,10,2024,1,14,4.0,,26389
8049795,1,4,1,10,2024,2,9,3.0,,26390
8049799,1,1,1,10,2024,2,66,3.0,,26393
8049799,1,2,1,10,2024,1,73,3.0,550000.0,26394
8049800,1,2,1,10,2024,2,55,3.0,,26398
8049806,1,3,1,10,2024,2,24,10.0,1300000.0,26414
8049808,1,2,1,10,2024,2,29,6.0,420000.0,26416
8049808,1,4,1,10,2024,1,8,3.0,,26418
8049810,1,1,1,10,2024,1,76,3.0,,26421
8049811,1,3,1,10,2024,2,19,5.0,,26425
8049811,1,4,1,10,2024,2,14,4.0,,26426
8049813,1,2,1,10,2024,1,67,1.0,1000000.0,26429
8049813,1,3,1,10,2024,1,18,3.0,800000.0,26430
8049818,1,1,1,10,2024,2,52,5.0,,26439
8049820,1,2,1,10,2024,1,27,5.0,800000.0,26443
8049821,1,5,1,10,2024,1,10,4.0,,26450
8049821,1,7,1,10,2024,1,3,1.0,,26452
8049822,1,3,1,10,2024,1,6,3.0,,26455
8049823,1,2,1,10,2024,2,25,5.0,800000.0,26457
8049827,1,1,1,10,2024,2,43,5.0,,26470
8049829,1,2,1,10,2024,1,53,3.0,900000.0,26479
8049831,1,3,1,10,2024,1,8,3.0,,26486
8049832,1,2,1,10,2024,1,39,4.0,1100000.0,26488
8049833,1,1,1,10,2024,1,72,3.0,1200000.0,26491
8049846,1,1,1,10,2024,1,44,5.0,1800000.0,26501
8049846,1,3,1,10,2024,1,33,3.0,1000000.0,26503
8049846,1,6,1,10,2024,2,12,4.0,,26506
8049849,1,1,1,10,2024,2,58,3.0,,26507
8049851,1,1,1,10,2024,2,73,10.0,,26508
8049852,1,2,1,10,2024,1,44,5.0,1462000.0,26510
8049852,1,4,1,10,2024,2,7,3.0,,26512
8049854,1,2,1,10,2024,2,68,3.0,,26516
8049854,1,3,1,10,2024,1,40,3.0,960000.0,26517
8049855,1,2,1,10,2024,2,52,3.0,,26519
8049855,1,3,1,10,2024,1,26,5.0,900000.0,26520
8049859,1,1,1,10,2024,2,24,4.0,,26527
8049859,1,3,1,10,2024,1,5,1.0,,26529
8049860,1,5,1,10,2024,2,46,3.0,1100000.0,26534
8049863,1,3,1,10,2024,1,15,4.0,,26542
8049863,1,4,1,10,2024,2,3,1.0,,26543
8049867,1,1,1,10,2024,2,67,3.0,,26550
8049868,1,1,1,10,2024,2,58,5.0,,26551
8049868,1,2,1,10,2024,2,31,8.0,1610000.0,26552
8049872,1,4,1,10,2024,1,18,3.0,600000.0,26562
8049873,1,4,1,10,2024,2,3,1.0,,26568
8049874,1,1,1,10,2024,1,28,3.0,1000000.0,26569
8049875,1,1,1,10,2024,1,43,3.0,800000.0,26572
8049875,1,4,1,10,2024,1,12,3.0,,26575
8049875,1,5,1,10,2024,1,3,1.0,,26576
8049876,1,1,1,10,2024,1,37,3.0,0.0,26577
8049876,1,3,1,10,2024,1,15,3.0,600000.0,26579
8049876,1,4,1,10,2024,1,12,4.0,,26580
8049876,1,5,1,10,2024,1,1,,,26581
8049877,1,2,1,10,2024,2,34,1.0,,26583
8049877,1,4,1,10,2024,1,12,3.0,,26585
8049879,1,2,1,10,2024,2,75,3.0,,26590
8049881,1,2,1,10,2024,2,55,5.0,,26595
8049882,1,3,1,10,2024,1,5,1.0,,26600
8049883,1,1,1,10,2024,2,45,9.0,1300000.0,26601
8049883,1,2,1,10,2024,2,20,5.0,,26602
8049890,1,2,1,10,2024,2,64,3.0,,26613
8049891,1,2,1,10,2024,1,79,1.0,,26615
8049891,1,3,1,10,2024,2,31,3.0,600000.0,26616
8049891,1,7,1,10,2024,2,3,1.0,,26620
8049895,1,1,1,10,2024,1,53,1.0,650000.0,26628
8049895,1,2,1,10,2024,2,56,8.0,,26629
8049895,1,3,1,10,2024,1,20,5.0,500000.0,26630
8049896,1,3,1,10,2024,1,20,5.0,500000.0,26633
8049897,1,2,1,10,2024,2,33,3.0,,26635
8049897,1,3,1,10,2024,2,15,5.0,,26636
8049898,1,1,1,10,2024,1,44,3.0,500000.0,26638
8049898,1,4,1,10,2024,1,12,3.0,,26641
8049899,1,1,1,10,2024,2,73,3.0,,26642
8049900,1,1,1,10,2024,1,63,1.0,700000.0,26643
8049903,1,2,1,10,2024,2,70,3.0,900000.0,26652
8049904,1,2,1,10,2024,2,33,5.0,,26654
8049905,1,1,1,10,2024,2,32,3.0,600000.0,26657
8049907,1,1,1,10,2024,2,74,1.0,,26663
8049908,1,1,1,10,2024,1,53,1.0,800000.0,26664
8049914,1,3,1,10,2024,2,14,5.0,,26672
8049917,1,2,1,10,2024,2,35,5.0,300000.0,26678
8049917,1,3,1,10,2024,1,4,2.0,,26679
8049918,1,2,1,10,2024,2,49,4.0,400000.0,26681
8049918,1,3,1,10,2024,1,29,5.0,300000.0,26682
8049919,1,3,1,10,2024,2,23,5.0,,26685
8049919,1,4,1,10,2024,2,6,3.0,,26686
8049920,1,3,1,10,2024,2,12,4.0,,26689
8049923,1,2,1,10,2024,1,30,5.0,1300000.0,26693
8049928,1,2,1,10,2024,1,26,10.0,1500000.0,26698
8049930,1,1,1,10,2024,2,26,5.0,300000.0,26700
8049932,1,2,1,10,2024,2,28,5.0,600000.0,26704
8049932,1,5,1,10,2024,2,4,2.0,,26707
8049933,1,1,1,10,2024,1,51,5.0,1300000.0,26708
8049935,1,1,1,10,2024,2,45,5.0,750000.0,26712
8049935,1,2,1,10,2024,2,17,6.0,,26713
8049936,1,2,1,10,2024,1,40,5.0,1300000.0,26715
8049936,1,3,1,10,2024,2,19,3.0,,26716
8049936,1,4,1,10,2024,2,1,,,26717
8049940,1,5,1,10,2024,2,1,,,26725
8049941,1,1,1,10,2024,2,24,8.0,,26726
8049941,1,2,1,10,2024,2,3,2.0,,26727
8049949,1,1,1,10,2024,1,65,3.0,,26731
8049949,1,2,1,10,2024,2,60,3.0,,26732
8049950,1,2,1,10,2024,1,94,3.0,,26734
8049950,1,3,1,10,2024,1,44,4.0,0.0,26735
8049952,1,2,1,10,2024,2,24,5.0,,26739
8049953,1,1,1,10,2024,2,60,8.0,,26740
8049956,1,1,1,10,2024,1,67,3.0,,26745
8049957,1,1,1,10,2024,1,62,3.0,1000000.0,26746
8049957,1,2,1,10,2024,2,48,6.0,,26747
8049957,1,3,1,10,2024,1,18,6.0,,26748
8049959,1,1,1,10,2024,2,74,3.0,,26751
8049961,1,1,1,10,2024,2,82,5.0,,26754
8049962,1,3,1,10,2024,1,40,10.0,2000000.0,26758
8049965,1,1,1,10,2024,2,83,3.0,,26764
8049966,1,2,1,10,2024,1,50,5.0,1300000.0,26766
8049967,1,1,1,10,2024,2,76,3.0,,26768
8049967,1,2,1,10,2024,1,21,6.0,,26769
8049968,1,1,1,10,2024,2,19,5.0,,26770
8049969,1,1,1,10,2024,2,72,3.0,500000.0,26771
8049970,1,2,1,10,2024,2,37,10.0,,26777
8049970,1,3,1,10,2024,2,11,3.0,,26778
8049971,1,1,1,10,2024,1,37,6.0,2000000.0,26779
8049972,1,1,1,10,2024,2,62,5.0,1300000.0,26784
8049974,1,1,1,10,2024,1,63,3.0,400000.0,26788
8049975,1,2,1,10,2024,2,59,5.0,,26792
8049976,1,1,1,10,2024,1,61,5.0,,26793
8049976,1,2,1,10,2024,2,62,6.0,,26794
8049977,1,1,1,10,2024,2,80,3.0,,26796
8049977,1,2,1,10,2024,2,43,3.0,700000.0,26797
8049979,1,2,1,10,2024,1,55,1.0,,26802
8049980,1,1,1,10,2024,1,43,9.0,2500000.0,26804
8049981,1,4,1,10,2024,1,17,6.0,,26809
8049981,1,6,1,10,2024,2,1,,,26811
8049982,1,1,1,10,2024,2,53,3.0,,26813
8049985,1,1,1,10,2024,2,51,3.0,150000.0,26821
8049985,1,2,1,10,2024,2,28,4.0,,26822
8049985,1,5,1,10,2024,2,3,1.0,,26825
8049985,1,7,1,10,2024,1,11,3.0,,26827
8049989,1,2,1,10,2024,2,57,5.0,1300000.0,26834
8049990,1,4,1,10,2024,2,7,3.0,,26838
8049991,1,1,1,10,2024,2,61,5.0,,26839
8049992,1,1,1,10,2024,1,70,5.0,,26841
8049995,1,1,1,10,2024,2,67,3.0,,26847
8049996,1,2,1,10,2024,2,18,6.0,,26850
8049997,1,1,1,10,2024,1,73,3.0,200000.0,26851
8049999,1,1,1,10,2024,2,73,3.0,,26854
8050001,1,2,1,10,2024,1,25,5.0,1300000.0,26863
8050002,1,1,1,10,2024,2,42,3.0,900000.0,26864
8050002,1,3,1,10,2024,1,10,3.0,,26866
8050002,1,4,1,10,2024,1,3,1.0,,26867
8050004,1,1,1,10,2024,2,27,4.0,,26869
8050004,1,3,1,10,2024,2,5,2.0,,26871
8050004,1,4,1,10,2024,2,3,1.0,,26872
8050008,1,1,1,10,2024,1,59,3.0,1300000.0,26883
8050008,1,2,1,10,2024,2,42,3.0,,26884
8050009,1,1,1,10,2024,2,87,3.0,,26885
8050009,1,2,1,10,2024,2,67,3.0,,26886
8050012,1,1,1,10,2024,2,68,1.0,,26892
8050012,1,2,1,10,2024,2,37,5.0,130000.0,26893
8050013,1,2,1,10,2024,2,23,3.0,30000.0,26898
8050014,1,1,1,10,2024,1,68,5.0,800000.0,26900
8050017,1,1,1,10,2024,1,45,6.0,1300000.0,26904
8050018,1,1,1,10,2024,1,45,8.0,1500000.0,26906
8050018,1,2,1,10,2024,2,68,3.0,,26907
8050019,1,1,1,10,2024,2,35,6.0,1800000.0,26908
8050019,1,2,1,10,2024,1,14,4.0,,26909
8050019,1,3,1,10,2024,2,18,4.0,,26910
8050020,1,1,1,10,2024,1,37,4.0,1350000.0,26912
8050021,1,1,1,10,2024,1,78,4.0,,26916
8050021,1,2,1,10,2024,2,68,3.0,,26917
8050022,1,1,1,10,2024,2,63,5.0,,26918
8050022,1,2,1,10,2024,1,33,10.0,1600000.0,26919
8050023,1,1,1,10,2024,1,54,10.0,1500000.0,26920
8050023,1,4,1,10,2024,2,20,10.0,,26923
8050024,1,4,1,10,2024,2,9,3.0,,26927
8050026,1,4,1,10,2024,1,8,3.0,,26931
8050028,1,1,1,10,2024,2,43,3.0,300000.0,26934
8050028,1,2,1,10,2024,2,70,1.0,,26935
8050029,1,1,1,10,2024,2,59,5.0,1300000.0,26938
8050030,1,1,1,10,2024,1,71,3.0,700000.0,26939
8050031,1,6,1,10,2024,2,20,5.0,,26945
8050033,1,1,1,10,2024,2,54,3.0,900000.0,26950
8050033,1,2,1,10,2024,1,14,4.0,,26951
8050035,1,1,1,10,2024,2,84,3.0,,26954
8050036,1,1,1,10,2024,1,69,3.0,1300000.0,26955
8050037,1,1,1,10,2024,2,27,4.0,200000.0,26956
8050037,1,3,1,10,2024,1,10,3.0,,26958
8050037,1,4,1,10,2024,2,8,3.0,,26959
8050037,1,6,1,10,2024,1,0,,,26961
8050038,1,2,1,10,2024,1,65,3.0,200000.0,26963
8050039,1,1,1,10,2024,1,50,5.0,1300000.0,26965
8050039,1,2,1,10,2024,2,54,5.0,,26966
8050042,1,2,1,10,2024,2,35,5.0,1280000.0,26971
8050042,1,3,1,10,2024,1,13,3.0,,26972
8050042,1,5,1,10,2024,2,4,1.0,,26974
8050044,1,2,1,10,2024,2,30,4.0,,26979
8050044,1,3,1,10,2024,1,11,4.0,,26980
8050045,1,4,1,10,2024,2,12,4.0,,26985
8050045,1,7,1,10,2024,2,19,7.0,,26988
8050051,1,4,1,10,2024,1,18,5.0,,27005
8050052,1,2,1,10,2024,1,50,3.0,420000.0,27009
8050052,1,3,1,10,2024,1,25,3.0,,27010
8050053,1,1,1,10,2024,1,46,3.0,2500000.0,27012
8050053,1,2,1,10,2024,2,33,10.0,,27013
8050056,1,1,1,10,2024,1,66,3.0,400000.0,27018
8050056,1,2,1,10,2024,2,75,1.0,,27019
8050057,1,1,1,10,2024,2,54,3.0,,27020
8050057,1,2,1,10,2024,1,53,3.0,960000.0,27021
8050059,1,1,1,10,2024,2,55,3.0,300000.0,27022
8050060,1,1,1,10,2024,1,52,4.0,2160000.0,27024
8050063,1,1,1,10,2024,1,58,3.0,1100000.0,27030
8050064,1,2,1,10,2024,2,20,8.0,,27032
8050065,1,4,1,10,2024,2,18,9.0,,27036
8050069,1,1,1,10,2024,1,73,3.0,700000.0,27045
8050070,1,1,1,10,2024,1,37,4.0,900000.0,27046
8050070,1,2,1,10,2024,2,21,4.0,,27047
8050071,1,2,1,10,2024,2,25,5.0,,27049
8050074,1,1,1,10,2024,2,50,3.0,,27057
8050074,1,2,1,10,2024,1,56,3.0,1800000.0,27058
8050077,1,1,1,10,2024,1,22,4.0,,27060
8050078,1,1,1,10,2024,2,39,5.0,600000.0,27061
8050079,1,1,1,10,2024,2,27,5.0,800000.0,27063
8050079,1,2,1,10,2024,2,10,3.0,,27064
8050081,1,4,1,10,2024,2,13,4.0,,27071
8050081,1,5,1,10,2024,2,4,1.0,,27072
8050082,1,1,1,10,2024,1,69,3.0,,27073
8050082,1,3,1,10,2024,1,11,4.0,,27075
8050083,1,1,1,10,2024,1,62,3.0,1000000.0,27076
8050083,1,5,1,10,2024,2,20,5.0,,27080
8050088,1,1,1,10,2024,2,53,3.0,,27091
8050089,1,1,1,10,2024,1,57,9.0,,27094
8050090,1,1,1,10,2024,2,47,3.0,360000.0,27095
8050093,1,1,1,10,2024,1,54,3.0,900000.0,27098
8050093,1,2,1,10,2024,2,50,4.0,,27099
8050095,1,2,1,10,2024,2,31,3.0,,27103
8050097,1,2,1,10,2024,2,65,3.0,,27107
8050098,1,1,1,10,2024,1,68,3.0,700000.0,27108
8050099,1,1,1,10,2024,1,68,3.0,800000.0,27109
8050100,1,1,1,10,2024,1,55,3.0,1200000.0,27111
8050109,1,2,1,10,2024,2,26,4.0,400000.0,27125
8050113,1,1,1,10,2024,1,39,5.0,800000.0,27130
8050113,1,3,1,10,2024,2,19,5.0,,27132
8050118,1,1,1,10,2024,1,36,4.0,1600000.0,27137
8050118,1,4,1,10,2024,2,15,5.0,,27140
8050120,1,2,1,10,2024,2,40,5.0,,27143
8050121,1,1,1,10,2024,1,45,3.0,1300000.0,27144
8050121,1,2,1,10,2024,2,45,3.0,,27145
8050123,1,1,1,10,2024,1,42,5.0,1800000.0,27148
8050123,1,2,1,10,2024,2,39,5.0,,27149
8050123,1,3,1,10,2024,2,14,4.0,,27150
8050123,1,5,1,10,2024,1,21,3.0,2100000.0,27152
8050127,1,1,1,10,2024,1,50,3.0,1700000.0,27161
8050127,1,3,1,10,2024,1,20,3.0,1000000.0,27163
8050129,1,1,1,10,2024,2,58,5.0,200000.0,27165
8050134,1,2,1,10,2024,2,38,8.0,1300000.0,27174
8050134,1,3,1,10,2024,1,15,4.0,,27175
8050135,1,3,1,10,2024,2,29,8.0,1200000.0,27178
8050135,1,4,1,10,2024,2,12,3.0,,27179
8050140,1,1,1,10,2024,1,32,3.0,1300000.0,27187
8050141,1,1,1,10,2024,1,38,5.0,1300000.0,27188
8050143,1,4,1,10,2024,1,4,1.0,,27193
8050144,1,1,1,10,2024,2,80,1.0,,27195
8050146,1,1,1,10,2024,1,70,3.0,300000.0,27199
8050147,1,2,1,10,2024,1,54,3.0,1000000.0,27202
8050154,1,1,1,10,2024,1,78,3.0,1000000.0,27215
8050155,1,3,1,10,2024,1,42,3.0,960000.0,27220
8050157,1,2,1,10,2024,2,61,3.0,,27224
8050160,1,3,1,10,2024,2,20,3.0,,27231
8050160,1,5,1,10,2024,1,2,,,27233
8050161,1,2,1,10,2024,2,56,3.0,,27236
8050162,1,4,1,10,2024,2,1,,,27240
8050163,1,1,1,10,2024,2,30,3.0,900000.0,27241
8050163,1,4,1,10,2024,1,5,2.0,,27244
8050164,1,4,1,10,2024,1,17,4.0,,27248
8050165,1,1,1,10,2024,1,52,5.0,2500000.0,27250
8050165,1,2,1,10,2024,2,45,5.0,,27251
8050167,1,3,1,10,2024,1,14,4.0,,27257
8050168,1,1,1,10,2024,1,44,3.0,1500000.0,27259
8050168,1,2,1,10,2024,2,65,3.0,,27260
8050169,1,1,1,10,2024,2,63,3.0,,27261
8050170,1,1,1,10,2024,2,82,3.0,,27263
8050171,1,1,1,10,2024,2,47,3.0,996000.0,27266
8050171,1,3,1,10,2024,1,18,6.0,184000.0,27268
8050174,1,2,1,10,2024,2,45,5.0,1040000.0,27277
8050175,1,3,1,10,2024,1,16,3.0,,27280
8050176,1,1,1,10,2024,1,48,3.0,1300000.0,27281
8050176,1,2,1,10,2024,2,46,5.0,,27282
8050176,1,3,1,10,2024,2,18,10.0,,27283
8050180,1,1,1,10,2024,1,78,3.0,,27285
8050183,1,1,1,10,2024,1,33,10.0,,27287
8050185,1,2,1,10,2024,2,55,3.0,200000.0,27289
8050187,1,2,1,10,2024,2,51,1.0,150000.0,27293
8050187,3,3,3,10,2024,2,4,1.0,,27298
8050188,1,2,1,10,2024,1,40,10.0,5200000.0,27300
8050189,1,3,1,10,2024,1,23,5.0,300000.0,27305
8050189,1,4,1,10,2024,2,22,10.0,,27306
8050192,1,2,1,10,2024,2,46,4.0,450000.0,27310
8050196,1,2,1,10,2024,1,26,10.0,,27320
8050196,1,4,1,10,2024,2,37,5.0,,27322
8050197,1,2,1,10,2024,1,48,5.0,,27326
8050197,1,5,1,10,2024,1,12,4.0,,27329
8050199,1,1,1,10,2024,2,72,1.0,,27330
8050200,1,2,1,10,2024,2,47,5.0,,27333
8050200,1,4,1,10,2024,1,11,3.0,,27335
8050203,1,2,1,10,2024,2,48,1.0,,27343
8050206,1,1,1,10,2024,1,76,5.0,,27348
8050207,1,3,1,10,2024,1,19,1.0,,27352
8050208,1,1,1,10,2024,1,29,4.0,1600000.0,27353
8050210,1,3,1,10,2024,1,24,10.0,3500000.0,27363
8050211,1,1,1,10,2024,1,52,5.0,2000000.0,27364
8050215,1,1,1,10,2024,1,80,1.0,,27371
8050215,1,3,1,10,2024,1,39,4.0,1000000.0,27373
8050216,1,3,1,10,2024,2,14,4.0,,27377
8050217,1,1,1,10,2024,1,46,3.0,2100000.0,27378
8050217,1,3,1,10,2024,2,13,4.0,,27380
8050218,1,3,1,10,2024,2,29,10.0,,27384
8050220,1,2,1,10,2024,2,39,4.0,,27389
8050221,1,2,1,10,2024,2,59,3.0,,27391
8050223,1,1,1,10,2024,1,66,1.0,60000.0,27395
8050225,1,1,1,10,2024,1,42,5.0,1500000.0,27397
8050225,1,3,1,10,2024,1,23,5.0,,27399
8050226,1,1,1,10,2024,1,53,8.0,0.0,27400
8050228,1,2,1,10,2024,1,38,5.0,,27407
8050229,1,1,1,10,2024,1,62,3.0,,27408
8050233,1,2,1,10,2024,1,80,5.0,,27415
8050234,1,1,1,10,2024,2,34,8.0,1462000.0,27416
8050235,1,3,1,10,2024,2,9,3.0,,27419
8050236,1,1,1,10,2024,2,38,5.0,1300000.0,27422
8050236,1,3,1,10,2024,1,16,5.0,785000.0,27424
8050237,1,2,1,10,2024,2,37,5.0,,27426
8050238,1,2,1,10,2024,1,37,10.0,5500000.0,27428
8050239,1,2,1,10,2024,1,53,5.0,1300000.0,27430
8050241,1,3,1,10,2024,2,36,9.0,1500000.0,27435
8050242,1,1,1,10,2024,2,38,5.0,840000.0,27436
8050242,1,3,1,10,2024,2,13,4.0,,27438
8050244,1,1,1,10,2024,2,64,10.0,1000000.0,27442
8050245,1,4,1,10,2024,2,20,10.0,2400000.0,27447
8050246,1,1,1,10,2024,2,34,5.0,750000.0,27448
8050247,1,1,1,10,2024,1,73,3.0,,27452
8050250,1,4,1,10,2024,1,29,1.0,,27461
8050253,1,1,1,10,2024,1,52,5.0,1462000.0,27465
8050255,1,1,1,10,2024,1,43,5.0,2000000.0,27471
8050256,1,1,1,10,2024,2,43,10.0,3900000.0,27474
8050257,1,1,1,10,2024,2,37,8.0,1462000.0,27479
8050257,1,2,1,10,2024,1,32,9.0,1462000.0,27480
8050258,1,2,1,10,2024,1,51,5.0,3500000.0,27484
8050261,1,1,1,10,2024,1,47,4.0,1300000.0,27486
8050263,1,2,1,10,2024,2,58,8.0,,27489
8050263,1,3,1,10,2024,2,20,10.0,,27490
8050264,1,3,1,10,2024,2,18,10.0,,27493
8050264,1,5,1,10,2024,1,6,3.0,,27495
8050266,1,2,1,10,2024,1,70,3.0,1200000.0,27497
8050267,1,1,1,10,2024,1,77,3.0,,27498
8050267,1,3,1,10,2024,2,42,5.0,1300000.0,27500
8050267,1,4,1,10,2024,2,26,5.0,500000.0,27501
8050267,1,5,1,10,2024,2,6,3.0,,27502
8050269,1,1,1,10,2024,1,28,4.0,500000.0,27506
8050269,1,4,1,10,2024,1,2,,,27509
8050269,1,6,1,10,2024,1,18,8.0,,27511
8050270,1,1,1,10,2024,1,86,1.0,,27512
8050271,1,2,1,10,2024,2,46,5.0,2000000.0,27516
8050271,1,3,1,10,2024,1,20,5.0,1700000.0,27517
8050274,1,2,1,10,2024,2,43,10.0,2100000.0,27521
8050275,1,1,1,10,2024,2,57,12.0,,27523
8050277,1,3,1,10,2024,1,26,10.0,,27530
8050279,1,1,1,10,2024,1,29,5.0,1650000.0,27534
8050279,1,3,1,10,2024,2,15,4.0,,27536
8050280,1,2,1,10,2024,2,3,1.0,,27538
8050284,1,1,1,10,2024,2,33,5.0,2100000.0,27541
8050284,1,3,1,10,2024,2,15,4.0,,27543
8050287,1,2,1,10,2024,2,27,10.0,2000000.0,27546
8050288,1,2,1,10,2024,2,33,9.0,1900000.0,27548
8050290,1,1,1,10,2024,2,53,10.0,3000000.0,27552
8050291,1,1,1,10,2024,1,53,5.0,1300000.0,27553
8050291,1,2,1,10,2024,2,49,5.0,150000.0,27554
8050294,1,1,1,10,2024,2,54,4.0,,27557
8050299,1,1,1,10,2024,2,71,11.0,,27559
8050300,1,2,1,10,2024,2,51,5.0,1300000.0,27561
8050302,1,4,1,10,2024,1,25,5.0,1300000.0,27566
8050303,1,1,1,10,2024,1,63,3.0,,27567
8050305,1,3,1,10,2024,1,30,5.0,1462000.0,27571
8050305,1,4,1,10,2024,1,5,2.0,,27572
8050312,1,2,1,10,2024,1,26,5.0,2000000.0,27577
8050312,1,3,1,10,2024,1,6,3.0,,27578
8050313,1,1,1,10,2024,2,70,4.0,100000.0,27579
8050315,1,1,1,10,2024,2,19,5.0,1300000.0,27585
8050315,1,2,1,10,2024,1,23,5.0,1300000.0,27586
8050316,1,2,1,10,2024,2,69,4.0,,27590
8050316,1,3,1,10,2024,2,29,10.0,1465000.0,27591
8050317,1,2,1,10,2024,1,60,3.0,,27594
8050317,1,3,1,10,2024,1,24,5.0,500000.0,27595
8050318,1,2,1,10,2024,1,35,5.0,1800000.0,27597
8050318,1,3,1,10,2024,1,63,3.0,400000.0,27598
8050318,1,4,1,10,2024,1,44,5.0,640000.0,27599
8050319,1,1,1,10,2024,2,45,3.0,300000.0,27600
8050320,1,1,1,10,2024,2,39,8.0,1300000.0,27602
8050321,1,3,1,10,2024,2,39,5.0,900000.0,27608
8050322,1,1,1,10,2024,2,39,9.0,1300000.0,27610
8050322,1,3,1,10,2024,2,18,9.0,400000.0,27612
8050322,1,4,1,10,2024,2,9,3.0,,27613
8050323,1,3,1,10,2024,1,24,10.0,2600000.0,27616
8050324,1,1,1,10,2024,1,68,10.0,16000000.0,27618
8050324,1,2,1,10,2024,2,37,12.0,5800000.0,27619
8050325,1,2,1,10,2024,2,55,10.0,,27623
8050325,1,4,1,10,2024,2,27,10.0,1300000.0,27625
8050326,1,2,1,10,2024,1,32,5.0,800000.0,27629
8050327,1,2,1,10,2024,1,17,4.0,,27631
8050327,1,4,1,10,2024,1,35,8.0,500000.0,27633
8050327,1,5,1,10,2024,1,6,2.0,,27634
8050328,1,1,1,10,2024,1,63,5.0,1000000.0,27635
8050328,1,2,1,10,2024,2,20,9.0,,27636
8050331,1,1,1,10,2024,1,32,5.0,2000000.0,27642
8050331,1,2,1,10,2024,2,37,5.0,600000.0,27643
8050331,1,4,1,10,2024,2,2,,,27645
8050332,1,1,1,10,2024,1,67,10.0,450000.0,27646
8050333,1,2,1,10,2024,2,69,5.0,,27651
8050334,1,4,1,10,2024,1,0,,,27655
8050336,1,1,1,10,2024,1,41,4.0,1000000.0,27660
8050336,1,3,1,10,2024,1,13,4.0,,27662
8050337,1,1,1,10,2024,2,26,4.0,300000.0,27665
8050337,1,2,1,10,2024,1,6,2.0,,27666
8050339,1,1,1,10,2024,1,42,4.0,600000.0,27670
8050339,1,3,1,10,2024,2,20,8.0,,27672
8050339,1,6,1,10,2024,1,4,1.0,,27675
8050340,1,4,1,10,2024,1,24,5.0,1300000.0,27680
8050340,1,6,1,10,2024,1,1,,,27682
8050341,1,1,1,10,2024,2,36,5.0,400000.0,27683
8050341,1,2,1,10,2024,1,38,4.0,1300000.0,27684
8050341,1,3,1,10,2024,2,16,5.0,,27685
8050342,1,4,1,10,2024,2,11,4.0,,27692
8050343,1,1,1,10,2024,2,58,3.0,,27693
8050343,1,2,1,10,2024,2,70,3.0,,27694
8050344,1,1,1,10,2024,2,30,5.0,1200000.0,27695
8050346,1,1,1,10,2024,2,49,5.0,600000.0,27703
8050346,1,2,1,10,2024,1,31,4.0,900000.0,27704
8050347,1,1,1,10,2024,2,40,3.0,,27709
8050347,1,2,1,10,2024,1,43,3.0,1700000.0,27710
8050347,1,5,1,10,2024,1,12,4.0,,27713
8050348,1,1,1,10,2024,1,30,4.0,900000.0,27717
8050348,1,2,1,10,2024,2,23,4.0,,27718
8050348,1,3,1,10,2024,1,2,,,27719
8050349,1,2,1,10,2024,2,63,3.0,,27721
8050350,1,3,1,10,2024,2,23,8.0,,27724
8050351,1,5,1,10,2024,1,18,9.0,,27729
8050352,1,1,1,10,2024,1,67,3.0,,27731
8050353,1,1,1,10,2024,1,32,8.0,3000000.0,27736
8050353,1,2,1,10,2024,2,31,5.0,,27737
8050353,1,4,1,10,2024,2,8,3.0,,27739
8050353,1,5,1,10,2024,1,2,,,27740
8050354,1,1,1,10,2024,2,25,5.0,1500000.0,27741
8050357,1,3,1,10,2024,1,12,4.0,,27747
8050357,1,4,1,10,2024,2,10,3.0,,27748
8050358,1,2,1,10,2024,2,58,5.0,,27753
8050359,1,4,1,10,2024,1,16,5.0,,27757
8050360,1,1,1,10,2024,2,62,3.0,,27758
8050361,1,2,1,10,2024,1,27,5.0,1600000.0,27762
8050362,1,1,1,10,2024,2,33,8.0,1200000.0,27764
8050362,1,3,1,10,2024,1,12,4.0,,27766
8050362,1,4,1,10,2024,1,9,3.0,,27767
8050363,1,1,1,10,2024,2,24,10.0,1300000.0,27768
8050366,1,3,1,10,2024,2,31,10.0,,27776
8050366,1,4,1,10,2024,2,0,,,27777
8050367,1,1,1,10,2024,2,62,4.0,240000.0,27778
8050368,1,6,1,10,2024,2,16,5.0,,27785
8050370,1,1,1,10,2024,1,32,5.0,400000.0,27788
8050371,1,1,1,10,2024,2,60,4.0,,27789
8050372,1,4,1,10,2024,2,27,10.0,3500000.0,27794
8050373,1,1,1,10,2024,2,52,1.0,,27795
8050374,1,2,1,10,2024,2,34,5.0,,27798
8050374,1,3,1,10,2024,2,15,4.0,,27799
8050381,1,1,1,10,2024,2,50,12.0,24000000.0,27808
8050381,1,3,1,10,2024,2,75,3.0,,27810
8050382,1,1,1,10,2024,1,67,3.0,1300000.0,27811
8050382,1,4,1,10,2024,1,5,2.0,,27814
8050383,1,4,1,10,2024,2,15,5.0,,27818
8050386,1,1,1,10,2024,1,37,8.0,1300000.0,27822
8050388,1,1,1,10,2024,1,44,5.0,1300000.0,27824
8050389,1,1,1,10,2024,2,36,4.0,1300000.0,27825
8050391,1,1,1,10,2024,1,39,8.0,1300000.0,27831
8050394,1,2,1,10,2024,2,49,5.0,3000000.0,27836
8050396,1,1,1,10,2024,2,64,9.0,10000000.0,27839
8050402,1,5,1,10,2024,2,8,3.0,,27854
8050403,1,3,1,10,2024,1,2,,,27859
8050404,1,1,1,10,2024,1,60,5.0,1300000.0,27860
8050410,1,3,1,10,2024,1,20,10.0,,27868
8050416,1,3,1,10,2024,2,20,5.0,360000.0,27875
8050421,1,1,1,10,2024,2,72,3.0,,27882
8050421,1,4,1,10,2024,1,30,6.0,500000.0,27885
8050422,1,1,1,10,2024,1,66,5.0,1300000.0,27887
8050422,1,3,1,10,2024,1,15,4.0,,27889
8050423,1,1,1,10,2024,1,41,3.0,1300000.0,27890
8050423,1,3,1,10,2024,2,22,5.0,1200000.0,27892
8050424,1,2,1,10,2024,1,27,10.0,1600000.0,27896
8050426,1,2,1,10,2024,2,42,5.0,,27898
8050426,1,3,1,10,2024,1,11,3.0,,27899
8050427,1,1,1,10,2024,1,38,9.0,1500000.0,27901
8050428,1,2,1,10,2024,1,43,6.0,1300000.0,27903
8050428,1,3,1,10,2024,1,8,3.0,,27904
8050429,1,1,1,10,2024,1,39,5.0,2100000.0,27905
8050429,1,4,1,10,2024,1,19,5.0,800000.0,27908
8050429,1,5,1,10,2024,2,10,4.0,,27909
8050430,1,2,1,10,2024,2,30,10.0,5000000.0,27911
8050431,1,1,1,10,2024,1,46,3.0,1300000.0,27913
8050431,1,4,1,10,2024,1,2,,,27916
8050434,1,2,1,10,2024,1,41,5.0,,27921
8050434,1,4,1,10,2024,1,2,,,27923
8050436,1,1,1,10,2024,1,64,4.0,,27926
8050436,1,3,1,10,2024,2,20,10.0,1300000.0,27928
8050437,1,2,1,10,2024,2,65,3.0,200000.0,27930
8050439,1,1,1,10,2024,1,50,4.0,2200000.0,27933
8050443,1,1,1,10,2024,1,57,3.0,700000.0,27943
8050443,1,2,1,10,2024,2,55,3.0,,27944
8050443,1,4,1,10,2024,2,77,1.0,,27946
8050446,1,1,1,10,2024,1,25,8.0,4500000.0,27950
8050447,1,1,1,10,2024,1,56,3.0,,27951
8050447,1,4,1,10,2024,2,11,4.0,,27954
8050450,1,1,1,10,2024,1,51,5.0,,27958
8050450,1,2,1,10,2024,2,47,9.0,1400000.0,27959
8050450,1,4,1,10,2024,2,16,5.0,,27961
8050450,1,5,1,10,2024,2,75,3.0,,27962
8050451,1,1,1,10,2024,2,63,3.0,,27963
8050451,1,4,1,10,2024,2,59,3.0,,27966
8050459,1,1,1,10,2024,1,75,3.0,,27977
8050460,1,1,1,10,2024,2,66,5.0,,27984
8050460,1,2,1,10,2024,2,33,12.0,13000000.0,27985
8050461,1,2,1,10,2024,2,31,8.0,1900000.0,27988
8050462,1,1,1,10,2024,1,45,10.0,3800000.0,27990
8050462,1,5,1,10,2024,2,39,5.0,1300000.0,27994
8050464,1,1,1,10,2024,2,57,4.0,300000.0,27996
8050464,1,3,1,10,2024,2,27,8.0,,27998
8050465,1,1,1,10,2024,2,51,3.0,500000.0,28001
8050465,1,3,1,10,2024,2,19,5.0,,28003
8050466,1,3,1,10,2024,1,32,1.0,1000000.0,28006
8050467,1,1,1,10,2024,1,34,5.0,1000000.0,28007
8050467,1,2,1,10,2024,2,32,5.0,1200000.0,28008
8050468,1,1,1,10,2024,2,41,4.0,900000.0,28009
8050468,1,2,1,10,2024,1,50,3.0,500000.0,28010
8050468,1,3,1,10,2024,1,22,5.0,1500000.0,28011
8050468,1,4,1,10,2024,2,20,5.0,,28012
8050469,1,2,1,10,2024,1,39,6.0,1300000.0,28015
8050469,1,3,1,10,2024,1,8,3.0,,28016
8050470,1,3,1,10,2024,1,27,3.0,1300000.0,28020
8050472,1,2,1,10,2024,1,43,5.0,600000.0,28027
8050472,1,4,1,10,2024,2,25,5.0,,28029
8050473,1,2,1,10,2024,2,19,5.0,1300000.0,28034
8050479,1,1,1,10,2024,2,68,3.0,120000.0,28045
8050479,1,2,1,10,2024,2,23,8.0,1350000.0,28046
8050479,1,3,1,10,2024,2,24,9.0,1300000.0,28047
8050479,1,4,1,10,2024,1,1,,,28048
8050481,1,1,1,10,2024,1,29,4.0,900000.0,28051
8050482,1,3,1,10,2024,1,14,4.0,,28056
8050482,1,4,1,10,2024,1,11,4.0,,28057
8050483,1,1,1,10,2024,2,32,3.0,1300000.0,28058
8050484,1,2,1,10,2024,1,13,4.0,,28061
8050484,1,3,1,10,2024,1,10,3.0,,28062
8050485,1,1,1,10,2024,1,31,4.0,1000000.0,28063
8050486,1,1,1,10,2024,2,53,4.0,800000.0,28065
8050486,1,5,1,10,2024,1,3,1.0,,28069
8050487,1,3,1,10,2024,1,10,3.0,,28072
8050488,1,1,1,10,2024,2,25,4.0,,28075
8050488,1,3,1,10,2024,1,1,,,28077
8050489,1,2,1,10,2024,2,10,3.0,,28079
8050491,1,2,1,10,2024,1,34,3.0,1200000.0,28084
8050492,1,2,1,10,2024,2,17,5.0,,28090
8050493,2,2,2,10,2024,1,41,5.0,400000.0,28095
8050493,2,5,2,10,2024,1,12,4.0,,28098
8050493,3,1,3,10,2024,1,56,3.0,500000.0,28100
8050494,1,1,1,10,2024,1,41,5.0,1300000.0,28101
8050495,1,2,1,10,2024,2,76,8.0,,28107
8050495,1,3,1,10,2024,1,28,5.0,2800000.0,28108
8050497,1,2,1,10,2024,2,44,5.0,,28111
8050497,1,4,1,10,2024,1,15,5.0,,28113
8050498,1,1,1,10,2024,2,61,5.0,,28114
8050498,1,2,1,10,2024,1,30,5.0,2103359.0,28115
8050498,1,3,1,10,2024,2,26,4.0,,28116
8050498,1,4,1,10,2024,2,8,3.0,,28117
8050499,1,1,1,10,2024,2,66,3.0,200000.0,28122
8050499,1,2,1,10,2024,1,50,3.0,800000.0,28123
8050499,1,4,1,10,2024,1,18,5.0,,28125
8050499,1,5,1,10,2024,2,13,4.0,,28126
8050500,1,1,1,10,2024,2,56,10.0,2600000.0,28128
8050500,1,2,1,10,2024,2,29,9.0,2400000.0,28129
8050502,1,4,1,10,2024,1,11,3.0,,28138
8050503,1,3,1,10,2024,2,13,4.0,,28142
8050504,1,3,1,10,2024,1,15,4.0,,28145
8050505,1,2,1,10,2024,2,67,4.0,,28147
8050506,1,1,1,10,2024,2,34,5.0,,28148
8050506,1,5,1,10,2024,1,57,4.0,1200000.0,28152
8050506,1,6,1,10,2024,2,52,6.0,360000.0,28153
8050507,1,2,1,10,2024,2,91,1.0,,28159
8050509,1,5,1,10,2024,2,12,4.0,,28166
8050509,1,6,1,10,2024,2,3,1.0,,28167
8050510,1,3,1,10,2024,2,20,5.0,1300000.0,28170
8050510,1,4,1,10,2024,1,18,5.0,,28171
8050511,1,1,1,10,2024,1,47,10.0,2200000.0,28173
8050512,1,1,1,10,2024,1,45,10.0,,28174
8050512,1,2,1,10,2024,2,46,5.0,,28175
8050515,1,2,1,10,2024,2,32,4.0,,28182
8050516,1,2,1,10,2024,1,21,9.0,1400000.0,28185
8050519,1,1,1,10,2024,2,67,1.0,400000.0,28192
8050520,1,4,1,10,2024,2,76,3.0,,28197
8050525,1,2,1,10,2024,2,23,5.0,,28206
8050525,1,3,1,10,2024,2,2,,,28207
8050527,1,1,1,10,2024,1,47,3.0,1400000.0,28213
8050527,1,2,1,10,2024,2,32,5.0,250000.0,28214
8050527,1,4,1,10,2024,1,10,1.0,,28216
8050529,1,1,1,10,2024,1,52,3.0,1300000.0,28222
8050529,1,2,1,10,2024,2,50,4.0,1000000.0,28223
8050531,1,2,1,10,2024,2,40,5.0,,28227
8050532,1,2,1,10,2024,2,31,5.0,2000000.0,28232
8050534,1,1,1,10,2024,1,52,5.0,1800000.0,28238
8050534,1,2,1,10,2024,2,36,5.0,350000.0,28239
8050534,1,3,1,10,2024,1,14,4.0,,28240
8050534,1,5,1,10,2024,1,9,3.0,,28242
8050536,1,2,1,10,2024,1,31,5.0,2000000.0,28246
8050538,1,2,1,10,2024,1,40,10.0,,28249
8050539,1,3,1,10,2024,1,22,4.0,1000000.0,28253
8050540,1,1,1,10,2024,1,64,5.0,600000.0,28258
8050543,1,1,1,10,2024,2,64,3.0,600000.0,28262
8050545,1,5,1,10,2024,1,35,10.0,1300000.0,28267
8050550,1,3,1,10,2024,2,1,,,28280
8050551,1,1,1,10,2024,1,33,5.0,1950000.0,28281
8050552,1,1,1,10,2024,2,36,10.0,,28284
8050554,1,1,1,10,2024,2,48,5.0,920000.0,28293
8050554,1,2,1,10,2024,1,43,8.0,1800000.0,28294
8050554,1,4,1,10,2024,2,16,5.0,,28296
8050557,1,1,1,10,2024,2,62,3.0,,28300
8050557,1,6,1,10,2024,2,11,4.0,,28305
8050558,1,2,1,10,2024,1,13,4.0,,28307
8050559,1,2,1,10,2024,2,5,2.0,,28310
8050562,1,4,1,10,2024,2,4,1.0,,28322
8050565,1,4,1,10,2024,1,10,3.0,,28331
8050567,1,1,1,10,2024,1,63,5.0,,28334
8050568,1,1,1,10,2024,2,71,3.0,1400000.0,28336
8050569,1,1,1,10,2024,1,53,10.0,4000000.0,28337
8050570,1,1,1,10,2024,2,27,8.0,,28339
8050571,1,3,1,10,2024,2,15,5.0,,28342
8050572,1,1,1,10,2024,2,46,10.0,7000000.0,28343
8050572,1,2,1,10,2024,1,20,10.0,,28344
8050573,1,2,1,10,2024,2,26,10.0,3000000.0,28346
8050574,1,1,1,10,2024,2,70,1.0,600000.0,28347
8050576,1,3,1,10,2024,1,37,4.0,700000.0,28351
8050579,1,2,1,10,2024,2,47,5.0,,28356
8050579,1,5,1,10,2024,2,10,3.0,,28359
8050583,1,3,1,10,2024,1,6,3.0,,28366
8050584,1,1,1,10,2024,1,40,11.0,,28369
8050585,1,2,1,10,2024,1,20,10.0,,28371
8050586,1,1,1,10,2024,1,39,8.0,3100000.0,28372
8050587,1,1,1,10,2024,1,63,5.0,,28377
8050588,1,1,1,10,2024,2,26,10.0,6000000.0,28378
8050589,1,1,1,10,2024,2,61,4.0,,28379
8050589,1,2,1,10,2024,1,26,5.0,1000000.0,28380
8050590,1,1,1,10,2024,2,64,4.0,,28381
8050593,1,4,1,10,2024,1,11,4.0,,28389
8050594,1,2,1,10,2024,1,38,5.0,1200000.0,28391
8050594,1,3,1,10,2024,1,10,4.0,,28392
8050595,1,2,1,10,2024,1,31,10.0,1500000.0,28394
8050596,1,2,1,10,2024,2,56,10.0,1800000.0,28396
8050597,1,2,1,10,2024,2,56,5.0,1300000.0,28398
8050601,1,1,1,10,2024,1,37,9.0,3994000.0,28407
8050602,1,1,1,10,2024,1,73,10.0,,28411
8050602,1,3,1,10,2024,1,47,4.0,,28413
8050603,1,2,1,10,2024,1,49,5.0,1300000.0,28415
8050605,1,1,1,10,2024,1,93,10.0,,28420
8050608,1,3,1,10,2024,2,32,11.0,,28428
8050608,1,4,1,10,2024,2,7,3.0,,28429
8050611,1,2,1,10,2024,2,72,10.0,,28434
8050615,1,1,1,10,2024,1,60,10.0,,28440
8050618,1,1,1,10,2024,2,67,10.0,,28444
8050621,1,1,1,10,2024,1,44,6.0,,28450
8050622,1,3,1,10,2024,2,38,11.0,6000000.0,28453
8050626,1,4,1,10,2024,2,13,4.0,,28463
8050627,1,1,1,10,2024,2,76,11.0,,28464
8050628,1,2,1,10,2024,1,34,10.0,,28466
8050629,1,2,1,10,2024,1,22,10.0,,28468
8050630,1,2,1,10,2024,2,29,10.0,1300000.0,28471
8050630,1,4,1,10,2024,2,0,,,28473
8050631,1,1,1,10,2024,1,26,10.0,,28474
8050632,1,1,1,10,2024,1,32,5.0,1300000.0,28475
8050632,1,2,1,10,2024,2,38,5.0,,28476
8050634,1,2,1,10,2024,2,57,5.0,1300000.0,28481
8050636,1,1,1,10,2024,1,56,5.0,1600000.0,28486
8050636,1,2,1,10,2024,2,54,11.0,3200000.0,28487
8050640,1,3,1,10,2024,1,19,10.0,,28495
8050640,1,4,1,10,2024,1,11,3.0,,28496
8050641,1,1,1,10,2024,2,36,5.0,1300000.0,28497
8050642,1,1,1,10,2024,1,71,8.0,1500000.0,28499
8050642,1,2,1,10,2024,2,66,4.0,,28500
8050647,1,1,1,10,2024,1,76,11.0,,28510
8050648,1,1,1,10,2024,2,55,5.0,8585000.0,28512
8050648,1,2,1,10,2024,1,22,10.0,,28513
8050650,1,2,1,10,2024,1,2,,,28518
8050653,1,2,1,10,2024,2,72,4.0,,28525
8050654,1,1,1,10,2024,2,39,5.0,1300000.0,28527
8050654,1,2,1,10,2024,1,16,4.0,,28528
8050659,1,2,1,10,2024,2,37,8.0,1000000.0,28535
8050660,1,2,1,10,2024,2,34,11.0,4000000.0,28537
8050662,1,1,1,10,2024,1,73,10.0,,28539
8050663,1,2,1,10,2024,2,58,10.0,,28541
8050664,1,1,1,10,2024,1,37,12.0,2200000.0,28543
8050665,1,2,1,10,2024,2,16,4.0,,28545
8050665,1,3,1,10,2024,1,13,4.0,,28546
8050672,1,1,1,10,2024,1,27,6.0,1700000.0,28556
8050672,1,3,1,10,2024,1,1,,,28558
8050674,1,3,1,10,2024,1,12,4.0,,28561
8050677,1,3,1,10,2024,2,25,10.0,2000000.0,28569
8050677,1,4,1,10,2024,2,6,3.0,,28570
8050680,1,1,1,10,2024,1,48,3.0,1000000.0,28571
8050680,1,2,1,10,2024,2,55,3.0,,28572
8050680,1,6,1,10,2024,2,3,1.0,,28576
8050682,1,1,1,10,2024,1,86,1.0,,28580
8050682,1,2,1,10,2024,2,83,1.0,,28581
8050682,1,5,1,10,2024,2,0,,,28584
8050684,1,2,1,10,2024,1,71,3.0,,28587
8050685,1,2,1,10,2024,2,42,5.0,,28589
8050685,1,3,1,10,2024,1,19,5.0,700000.0,28590
8050689,1,1,1,10,2024,1,37,4.0,1700000.0,28594
8050690,1,1,1,10,2024,2,27,8.0,1350000.0,28598
8050691,1,1,1,10,2024,1,26,10.0,3800000.0,28600
8050693,1,1,1,10,2024,2,77,3.0,,28609
8050695,1,1,1,10,2024,2,67,3.0,1000000.0,28610
8050696,1,1,1,10,2024,2,54,5.0,1000000.0,28611
8050696,1,2,1,10,2024,2,13,4.0,,28612
8050696,1,3,1,10,2024,1,32,10.0,,28613
8050697,1,2,1,10,2024,2,27,5.0,700000.0,28616
8050699,1,3,1,10,2024,1,4,1.0,,28619
8050700,1,2,1,10,2024,1,45,3.0,250000.0,28621
8050702,1,2,1,10,2024,1,26,4.0,,28625
8050703,1,2,1,10,2024,1,1,,,28627
8050705,1,1,1,10,2024,2,43,5.0,120000.0,28629
8050705,1,2,1,10,2024,1,22,4.0,,28630
8050706,1,1,1,10,2024,1,64,4.0,300000.0,28632
8050706,1,3,1,10,2024,1,26,8.0,,28634
8050708,1,1,1,10,2024,2,51,10.0,200000.0,28635
8050709,1,1,1,10,2024,2,76,1.0,,28636
8050710,1,1,1,10,2024,2,18,10.0,,28638
8050710,1,2,1,10,2024,2,15,5.0,,28639
8050712,1,3,1,10,2024,1,15,4.0,,28644
8050714,1,1,1,10,2024,2,55,3.0,,28647
8050714,1,3,1,10,2024,1,87,3.0,,28649
8050715,1,3,1,10,2024,2,18,5.0,,28652
8050716,1,4,1,10,2024,2,5,3.0,,28656
8050717,1,1,1,10,2024,1,41,5.0,,28658
8050718,1,1,1,10,2024,2,41,3.0,,28661
8050718,1,2,1,10,2024,2,21,10.0,,28662
8050720,1,1,1,10,2024,2,77,3.0,,28663
8050721,1,2,1,10,2024,1,48,3.0,300000.0,28666
8050722,1,1,1,10,2024,1,43,5.0,1000000.0,28667
8050723,1,3,1,10,2024,2,5,2.0,,28671
8050726,1,2,1,10,2024,2,51,4.0,,28677
8050734,1,4,1,10,2024,2,17,4.0,,28691
8050735,1,3,1,10,2024,1,32,10.0,2000000.0,28694
8050736,1,2,1,10,2024,1,75,9.0,,28697
8050739,1,2,1,10,2024,2,85,7.0,,28708
8050740,1,4,1,10,2024,1,22,10.0,,28712
8050743,1,2,1,10,2024,2,66,10.0,,28719
8050745,1,4,1,10,2024,2,9,3.0,,28727
8050747,1,1,1,10,2024,1,63,8.0,500000.0,28729
8050749,1,2,1,10,2024,2,39,10.0,,28734
8050751,1,1,1,10,2024,2,33,5.0,,28737
8050751,1,3,1,10,2024,1,10,4.0,,28739
8050752,1,3,1,10,2024,2,26,10.0,2400000.0,28742
8050752,1,4,1,10,2024,1,25,10.0,300000.0,28743
8050753,1,2,1,10,2024,2,23,10.0,,28745
8050755,1,1,1,10,2024,2,72,3.0,120000.0,28747
8050755,1,2,1,10,2024,2,45,12.0,5500000.0,28748
8050757,1,3,1,10,2024,1,48,8.0,2500000.0,28754
8050759,1,1,1,10,2024,1,69,8.0,,28758
8050759,1,2,1,10,2024,2,67,5.0,,28759
8050760,1,2,1,10,2024,1,62,5.0,400000.0,28762
8050762,1,1,1,10,2024,1,60,5.0,,28765
8050762,1,2,1,10,2024,2,59,5.0,1300000.0,28766
8050763,1,3,1,10,2024,1,3,1.0,,28769
8050765,1,2,1,10,2024,2,62,3.0,,28779
8050769,1,1,1,10,2024,2,51,11.0,4161378.0,28787
8050769,1,4,1,10,2024,2,71,3.0,,28790
8050770,1,1,1,10,2024,2,29,10.0,,28791
8050772,1,1,1,10,2024,1,39,5.0,800000.0,28796
8050774,1,2,1,10,2024,2,16,5.0,,28801
8050775,1,1,1,10,2024,2,42,9.0,700000.0,28802
8050775,1,2,1,10,2024,1,19,10.0,,28803
8050778,1,2,1,10,2024,2,29,9.0,750000.0,28808
8050778,1,3,1,10,2024,1,9,3.0,,28809
8050780,1,3,1,10,2024,1,22,9.0,2613000.0,28816
8050780,1,4,1,10,2024,2,10,3.0,,28817
8050780,1,5,1,10,2024,1,78,3.0,,28818
8050782,1,1,1,10,2024,1,51,3.0,,28821
8050782,1,2,1,10,2024,1,25,5.0,,28822
8050782,1,3,1,10,2024,2,20,5.0,,28823
8050786,1,1,1,10,2024,2,38,5.0,,28833
8050788,1,1,1,10,2024,1,56,5.0,,28842
8050789,1,1,1,10,2024,2,41,11.0,4200000.0,28845
8050793,1,2,1,10,2024,2,10,3.0,,28848
8050793,1,3,1,10,2024,1,57,3.0,1200000.0,28849
8050796,1,1,1,10,2024,1,85,3.0,,28853
8050797,1,1,1,10,2024,1,46,8.0,1800000.0,28856
8050798,1,1,1,10,2024,2,77,3.0,,28859
8050801,1,3,1,10,2024,2,27,10.0,1300000.0,28867
8050802,1,1,1,10,2024,1,80,3.0,,28868
8050802,1,2,1,10,2024,2,74,3.0,,28869
8050803,1,1,1,10,2024,2,27,4.0,600000.0,28872
8050804,1,1,1,10,2024,1,48,6.0,1200000.0,28876
8050807,1,1,1,10,2024,2,39,4.0,850000.0,28884
8050809,1,2,1,10,2024,1,27,10.0,1460000.0,28893
8050809,1,3,1,10,2024,2,18,9.0,,28894
8050809,1,5,1,10,2024,1,86,3.0,,28896
8050811,1,4,1,10,2024,1,1,,,28902
8050812,1,1,1,10,2024,1,44,5.0,1460000.0,28904
8050815,1,1,1,10,2024,2,44,10.0,1000000.0,28913
8050815,1,2,1,10,2024,1,27,10.0,,28914
8050817,1,2,1,10,2024,2,20,9.0,,28919
8050820,1,2,1,10,2024,1,4,1.0,,28929
8050821,1,1,1,10,2024,1,42,5.0,1300000.0,28930
8050821,1,2,1,10,2024,2,33,8.0,,28931
8050824,1,1,1,10,2024,2,45,8.0,,28936
8050824,1,2,1,10,2024,1,48,5.0,1300000.0,28937
8050826,1,1,1,10,2024,1,42,10.0,1700000.0,28941
8050826,1,3,1,10,2024,2,6,3.0,,28943
8050828,1,2,1,10,2024,1,21,5.0,,28947
8050830,1,2,1,10,2024,2,66,1.0,,28951
8050830,1,5,1,10,2024,2,7,3.0,,28954
8050835,1,3,1,10,2024,1,31,5.0,,28963
8050837,1,1,1,10,2024,2,58,5.0,,28968
8050837,1,2,1,10,2024,1,21,1.0,,28969
8050838,1,1,1,10,2024,1,38,5.0,1000000.0,28972
8050840,1,2,1,10,2024,2,63,1.0,150000.0,28977
8050840,1,3,1,10,2024,1,39,5.0,220000.0,28978
8050841,1,2,1,10,2024,1,33,3.0,840000.0,28980
8050841,1,5,1,10,2024,2,9,3.0,,28983
8050847,1,1,1,10,2024,1,25,10.0,,28999
8050847,1,2,1,10,2024,2,24,10.0,,29000
8050848,1,1,1,10,2024,1,24,10.0,3500000.0,29002
8050848,1,2,1,10,2024,1,21,10.0,,29003
8050852,1,2,1,10,2024,1,15,4.0,,29012
8050853,1,2,1,10,2024,1,19,10.0,,29015
8050854,1,4,1,10,2024,1,53,3.0,,29019
8050858,1,1,1,10,2024,2,67,5.0,1300000.0,29024
8050859,1,1,1,10,2024,2,51,5.0,2000000.0,29026
8050861,1,2,1,10,2024,2,16,5.0,,29033
8050863,1,1,1,10,2024,1,51,1.0,700000.0,29037
8050865,1,2,1,10,2024,2,48,10.0,1000000.0,29041
8050866,1,2,1,10,2024,2,35,5.0,1300000.0,29043
8050868,1,3,1,10,2024,2,11,4.0,,29051
8050874,1,1,1,10,2024,1,41,8.0,2600000.0,29063
8050874,1,2,1,10,2024,2,24,5.0,1300000.0,29064
8050877,1,2,1,10,2024,2,34,10.0,1300000.0,29070
8050877,1,3,1,10,2024,2,10,3.0,,29071
8050878,1,1,1,10,2024,1,29,5.0,,29072
8050879,1,2,1,10,2024,2,46,10.0,,29076
8050879,1,3,1,10,2024,2,20,5.0,,29077
8050881,1,2,1,10,2024,1,35,4.0,1300000.0,29081
8050881,1,3,1,10,2024,1,7,3.0,,29082
8050881,1,5,1,10,2024,1,1,,,29084
8050881,1,7,1,10,2024,2,30,3.0,,29086
8050883,1,3,1,10,2024,1,66,3.0,1000000.0,29093
8050884,1,1,1,10,2024,1,34,5.0,2950000.0,29094
8050885,1,1,1,10,2024,1,60,3.0,,29095
8050886,1,1,1,10,2024,1,45,5.0,1300000.0,29098
8050886,1,2,1,10,2024,2,36,5.0,,29099
8050886,1,3,1,10,2024,1,20,4.0,150000.0,29100
8050886,1,4,1,10,2024,1,19,4.0,800000.0,29101
8050889,1,1,1,10,2024,1,38,3.0,1400000.0,29106
8050889,1,3,1,10,2024,1,16,4.0,,29108
8050892,1,1,1,10,2024,2,44,5.0,,29111
8050892,1,2,1,10,2024,1,46,10.0,1800000.0,29112
8050893,1,4,1,10,2024,1,16,5.0,,29117
8050894,1,2,1,10,2024,2,48,1.0,,29119
8050894,1,3,1,10,2024,2,20,5.0,,29120
8050897,1,3,1,10,2024,2,24,11.0,,29132
8050899,1,1,1,10,2024,2,25,5.0,,29136
8050904,1,1,1,10,2024,2,31,5.0,200000.0,29146
8050904,1,4,1,10,2024,2,7,3.0,,29149
8050906,1,1,1,10,2024,2,28,8.0,,29151
8050906,1,4,1,10,2024,1,6,2.0,,29154
8050909,1,3,1,10,2024,2,19,4.0,,29157
8050910,1,1,1,10,2024,2,43,11.0,3000000.0,29160
8050912,1,1,1,10,2024,2,37,10.0,,29166
8050912,1,2,1,10,2024,2,7,3.0,,29167
8050912,1,3,1,10,2024,1,0,,,29168
8050914,1,3,1,10,2024,1,38,10.0,,29176
8050914,1,5,1,10,2024,2,22,5.0,500000.0,29178
8050914,1,6,1,10,2024,2,11,4.0,,29179
8050916,1,3,1,10,2024,2,20,10.0,,29185
8050917,1,3,1,10,2024,2,9,3.0,,29188
8050917,1,4,1,10,2024,2,5,2.0,,29189
8050918,1,3,1,10,2024,2,9,3.0,,29192
8050918,1,7,1,10,2024,2,1,,,29196
8050919,1,1,1,10,2024,2,47,10.0,720000.0,29197
8050920,1,1,1,10,2024,2,36,5.0,1200000.0,29199
8050924,1,4,1,10,2024,2,2,,,29208
8050924,1,5,1,10,2024,1,21,5.0,,29209
8050925,1,3,1,10,2024,1,6,3.0,,29214
8050925,1,5,1,10,2024,2,16,3.0,,29216
8050926,1,2,1,10,2024,2,50,3.0,,29220
8050928,1,3,1,10,2024,2,82,1.0,,29225
8050931,1,1,1,10,2024,1,67,5.0,,29227
8050933,1,1,1,10,2024,1,23,10.0,,29232
8050935,1,1,1,10,2024,2,63,3.0,,29233
8050937,1,2,1,10,2024,2,39,3.0,,29239
8050938,1,1,1,10,2024,2,56,3.0,,29240
8050938,1,4,1,10,2024,2,5,1.0,,29243
8050939,1,3,1,10,2024,1,18,5.0,,29246
8050939,1,4,1,10,2024,1,8,3.0,,29247
8050940,1,5,1,10,2024,2,21,10.0,1800000.0,29252
8050942,1,1,1,10,2024,2,71,3.0,730000.0,29256
8050943,1,1,1,10,2024,2,63,3.0,,29258
8050943,1,2,1,10,2024,1,71,3.0,,29259
8050943,1,3,1,10,2024,1,46,4.0,1300000.0,29260
8050943,1,4,1,10,2024,2,45,5.0,,29261
8050943,1,6,1,10,2024,1,7,3.0,,29263
8050944,1,1,1,10,2024,2,72,3.0,,29264
8050945,1,2,1,10,2024,2,47,5.0,300000.0,29267
8050945,1,3,1,10,2024,1,26,10.0,,29268
8050949,1,1,1,10,2024,1,60,3.0,600000.0,29278
8050949,1,2,1,10,2024,2,52,3.0,,29279
8050950,1,3,1,10,2024,2,17,5.0,,29282
8050950,1,5,1,10,2024,2,64,5.0,,29284
8050951,1,4,1,10,2024,2,22,5.0,800000.0,29288
8050952,1,1,1,10,2024,1,30,3.0,1500000.0,29291
8050952,1,3,1,10,2024,2,7,3.0,,29293
8050953,1,1,1,10,2024,2,45,3.0,1000000.0,29296
8050954,1,2,1,10,2024,1,27,5.0,1300000.0,29299
8050954,1,4,1,10,2024,1,79,1.0,,29301
8050955,1,2,1,10,2024,2,20,5.0,,29304
8050956,1,3,1,10,2024,2,11,3.0,,29308
8050957,1,3,1,10,2024,1,7,3.0,,29311
8050958,1,2,1,10,2024,1,40,4.0,1300000.0,29313
8050958,1,3,1,10,2024,1,17,5.0,,29314
8050959,1,2,1,10,2024,2,46,4.0,450000.0,29317
8050960,1,2,1,10,2024,2,30,3.0,,29321
8050962,1,3,1,10,2024,1,19,10.0,,29327
8050963,1,1,1,10,2024,2,51,10.0,2600000.0,29329
8050964,1,2,1,10,2024,1,24,10.0,1800000.0,29332
8050965,1,1,1,10,2024,1,73,3.0,1500000.0,29333
8050965,1,3,1,10,2024,1,34,5.0,1300000.0,29335
8050966,1,1,1,10,2024,2,86,3.0,,29336
8050966,1,2,1,10,2024,1,66,10.0,2000000.0,29337
8050967,1,2,1,10,2024,2,13,4.0,,29339
8050969,1,1,1,10,2024,1,70,8.0,,29345
8050970,1,2,1,10,2024,1,33,3.0,800000.0,29350
8050971,1,1,1,10,2024,1,50,5.0,1300000.0,29351
8050972,1,1,1,10,2024,1,51,5.0,1300000.0,29352
8050974,1,1,1,10,2024,1,48,5.0,2000000.0,29356
8050975,1,4,1,10,2024,2,29,5.0,,29362
8050980,1,2,1,10,2024,2,43,3.0,,29375
8050981,1,2,1,10,2024,2,32,10.0,2200000.0,29379
8050984,1,2,1,10,2024,2,14,4.0,,29386
8050985,1,2,1,10,2024,1,16,5.0,,29388
8050988,1,3,1,10,2024,1,9,3.0,,29396
8050989,1,1,1,10,2024,2,31,4.0,,29400
8050992,1,2,1,10,2024,1,34,5.0,1300000.0,29414
8050992,1,3,1,10,2024,1,13,4.0,,29415
8050996,1,1,1,10,2024,1,80,3.0,,29425
8050997,1,4,1,10,2024,1,21,10.0,,29431
8050998,1,1,1,10,2024,1,76,3.0,,29432
8050999,1,1,1,10,2024,1,60,5.0,1800000.0,29433
8050999,1,4,1,10,2024,2,27,10.0,1900000.0,29436
8051001,1,2,1,10,2024,1,70,1.0,700000.0,29440
8051001,1,3,1,10,2024,1,55,4.0,640000.0,29441
8051004,1,3,1,10,2024,2,10,3.0,,29447
8051004,1,4,1,10,2024,2,10,3.0,,29448
8051005,1,1,1,10,2024,2,41,5.0,660000.0,29450
8051006,1,1,1,10,2024,1,48,5.0,1300000.0,29451
8051006,1,3,1,10,2024,2,15,5.0,,29453
8051008,1,1,1,10,2024,2,67,3.0,,29458
8051012,1,2,1,10,2024,2,15,4.0,,29468
8051013,1,1,1,10,2024,2,51,5.0,1462000.0,29470
8051015,1,2,1,10,2024,1,43,12.0,,29475
8051016,1,2,1,10,2024,1,49,10.0,2800000.0,29478
8051018,1,2,1,10,2024,2,68,5.0,,29483
8051019,1,1,1,10,2024,1,51,5.0,1700000.0,29484
8051019,1,3,1,10,2024,1,24,8.0,1570000.0,29486
8051020,1,2,1,10,2024,2,38,5.0,,29489
8051030,1,1,1,10,2024,2,58,3.0,700000.0,29503
8051031,1,2,1,10,2024,2,49,10.0,3300000.0,29505
8051031,1,3,1,10,2024,2,14,4.0,,29506
8051032,1,3,1,10,2024,1,11,4.0,,29509
8051033,1,3,1,10,2024,2,7,3.0,,29513
8051034,1,2,1,10,2024,2,80,1.0,,29515
8051037,1,1,1,10,2024,2,81,10.0,,29521
8051037,1,2,1,10,2024,2,60,10.0,3000000.0,29522
8051037,1,3,1,10,2024,2,28,10.0,,29523
8051039,1,2,1,10,2024,2,33,9.0,,29528
8051039,1,3,1,10,2024,1,15,4.0,,29529
8051040,1,1,1,10,2024,2,43,4.0,500000.0,29532
8051040,1,4,1,10,2024,1,17,5.0,,29535
8051043,1,2,1,10,2024,1,17,8.0,,29542
8051043,1,3,1,10,2024,1,14,4.0,,29543
8051044,1,1,1,10,2024,2,77,3.0,,29545
8051044,1,4,1,10,2024,2,25,10.0,,29548
8051045,1,1,1,10,2024,1,72,1.0,,29549
8051045,1,2,1,10,2024,1,44,9.0,1300000.0,29550
8051045,1,6,1,10,2024,2,9,3.0,,29554
8051046,1,1,1,10,2024,2,66,3.0,,29555
8051050,1,1,1,10,2024,2,65,1.0,,29562
8051051,1,2,1,10,2024,1,8,3.0,,29564
8051052,1,2,1,10,2024,1,20,5.0,,29567
8051052,1,3,1,10,2024,2,17,8.0,,29568
8051053,1,3,1,10,2024,1,0,,,29573
8051054,1,2,1,10,2024,2,42,5.0,1300000.0,29575
8051056,1,1,1,10,2024,2,39,10.0,3000000.0,29578
8051061,1,1,1,10,2024,2,32,9.0,1800000.0,29583
8051061,1,4,1,10,2024,2,67,5.0,1500000.0,29586
8051063,1,1,1,10,2024,1,25,5.0,1500000.0,29589
8051065,1,2,1,10,2024,1,37,5.0,400000.0,29592
8051066,1,1,1,10,2024,2,54,1.0,400000.0,29595
8051069,1,4,1,10,2024,1,3,1.0,,29603
8051070,1,2,1,10,2024,2,19,4.0,400000.0,29605
8051107,1,1,1,10,2024,2,36,10.0,2600000.0,29618
8051127,1,3,1,10,2024,1,12,4.0,,29624
8051127,1,4,1,10,2024,2,7,3.0,,29625
8051165,1,1,1,10,2024,1,43,10.0,,29626
8051232,1,3,1,10,2024,2,19,5.0,,29632
8051233,1,4,1,10,2024,2,0,,,29637
8051234,1,3,1,10,2024,1,5,2.0,,29640
8051237,1,1,1,10,2024,2,55,4.0,3000000.0,29645
8051238,1,1,1,10,2024,1,30,5.0,1850000.0,29648
8051239,1,2,1,10,2024,1,28,4.0,950000.0,29652
8051242,1,2,1,10,2024,2,43,3.0,,29660
8051243,1,1,1,10,2024,2,67,3.0,,29661
8051244,1,1,1,10,2024,2,59,4.0,1650000.0,29665
8051244,1,2,1,10,2024,1,65,4.0,750000.0,29666
8051244,1,3,1,10,2024,1,14,4.0,,29667
8051245,1,1,1,10,2024,1,22,5.0,700000.0,29668
8051248,1,1,1,10,2024,1,40,5.0,1800000.0,29675
8051249,1,1,1,10,2024,2,58,5.0,1300000.0,29676
8051249,1,2,1,10,2024,1,60,5.0,800000.0,29677
8051250,1,1,1,10,2024,1,53,9.0,1300000.0,29679
8051252,1,1,1,10,2024,2,67,5.0,260000.0,29680
8051254,1,1,1,10,2024,1,54,8.0,1738000.0,29684
8051255,1,2,1,10,2024,1,32,10.0,3000000.0,29688
8051256,1,2,1,10,2024,2,54,11.0,,29690
8051257,1,1,1,10,2024,1,42,3.0,1300000.0,29691
8051258,1,2,1,10,2024,2,62,5.0,,29693
8051259,1,1,1,10,2024,1,59,3.0,550000.0,29694
8051259,1,2,1,10,2024,2,35,3.0,,29695
8051263,1,3,1,10,2024,2,41,4.0,600000.0,29709
8051265,1,3,1,10,2024,2,78,3.0,,29714
8051266,1,2,1,10,2024,2,57,3.0,,29716
8051268,1,4,1,10,2024,2,7,3.0,,29722
8051268,1,5,1,10,2024,1,5,2.0,,29723
8051274,1,3,1,10,2024,1,35,5.0,,29737
8051275,1,1,1,10,2024,1,79,3.0,,29738
8051275,1,2,1,10,2024,2,76,3.0,,29739
8051276,1,2,1,10,2024,2,38,10.0,600000.0,29741
8051276,1,4,1,10,2024,2,8,3.0,,29743
8051277,1,1,1,10,2024,1,46,8.0,2200000.0,29744
8051279,1,3,1,10,2024,1,4,1.0,,29750
8051281,1,4,1,10,2024,1,11,3.0,,29757
8051284,1,1,1,10,2024,2,81,4.0,120000.0,29762
8051286,1,1,1,10,2024,1,38,5.0,2900000.0,29766
8051286,1,2,1,10,2024,2,34,5.0,950000.0,29767
8051287,1,3,1,10,2024,2,9,3.0,,29772
8051288,1,1,1,10,2024,1,32,10.0,7465000.0,29774
8051290,1,2,1,10,2024,2,43,5.0,5240000.0,29780
8051290,1,4,1,10,2024,1,9,3.0,,29782
8051293,1,2,1,10,2024,2,49,3.0,200000.0,29787
8051294,1,1,1,10,2024,1,36,9.0,1600000.0,29788
8051295,1,3,1,10,2024,1,13,4.0,,29793
8051296,1,1,1,10,2024,2,53,3.0,300000.0,29794
8051296,1,2,1,10,2024,2,32,1.0,,29795
8051297,1,1,1,10,2024,2,39,3.0,50000.0,29796
8051297,1,3,1,10,2024,1,14,3.0,,29798
8051297,1,4,1,10,2024,1,10,3.0,,29799
8051299,1,1,1,10,2024,2,45,5.0,1500000.0,29806
8051300,1,3,1,10,2024,2,10,4.0,,29812
8051300,1,4,1,10,2024,1,6,2.0,,29813
8051301,1,1,1,10,2024,2,43,5.0,2000000.0,29814
8051302,1,1,1,10,2024,2,61,3.0,1000000.0,29818
8051302,1,3,1,10,2024,1,8,3.0,,29820
8051302,1,5,1,10,2024,2,25,4.0,,29822
8051307,1,2,1,10,2024,2,85,3.0,,29838
8051309,1,1,1,10,2024,2,65,1.0,,29841
8051309,1,3,1,10,2024,2,21,8.0,,29843
8051309,1,4,1,10,2024,2,17,4.0,,29844
8051310,1,1,1,10,2024,2,56,5.0,550000.0,29848
8051311,1,2,1,10,2024,1,57,1.0,1300000.0,29853
8051311,1,3,1,10,2024,1,9,3.0,,29854
8051312,1,3,1,10,2024,2,5,2.0,,29857
8051312,1,4,1,10,2024,2,18,10.0,,29858
8051313,1,1,1,10,2024,2,41,3.0,1300000.0,29860
8051314,1,3,1,10,2024,1,9,3.0,,29864
8051315,1,1,1,10,2024,1,69,3.0,700000.0,29865
8051317,1,2,1,10,2024,1,47,5.0,1500000.0,29871
8051317,1,4,1,10,2024,2,9,3.0,,29873
8051320,1,3,1,10,2024,2,0,,,29880
8051321,1,1,1,10,2024,1,53,11.0,3000000.0,29882
8051322,1,2,1,10,2024,2,19,5.0,2180000.0,29885
8051323,1,1,1,10,2024,1,67,3.0,400000.0,29886
8051323,1,2,1,10,2024,2,63,3.0,400000.0,29887
8051324,1,2,1,10,2024,2,30,6.0,850000.0,29889
8051325,1,1,1,10,2024,1,39,3.0,0.0,29891
8051326,1,1,1,10,2024,1,38,5.0,500000.0,29892
8051327,1,1,1,10,2024,1,50,5.0,,29894
8051329,1,2,1,10,2024,2,44,10.0,,29902
8051330,1,1,1,10,2024,2,47,3.0,500000.0,29905
8051331,1,1,1,10,2024,2,87,3.0,,29908
8051334,1,1,1,10,2024,1,68,3.0,600000.0,29913
8051334,1,3,1,10,2024,2,38,5.0,1700000.0,29915
8051335,1,1,1,10,2024,2,65,3.0,150000.0,29919
8051337,1,1,1,10,2024,2,32,4.0,180000.0,29921
8051338,1,1,1,10,2024,1,68,5.0,,29923
8051338,1,2,1,10,2024,2,70,3.0,,29924
8051338,1,3,1,10,2024,2,45,10.0,3570000.0,29925
8051339,1,1,1,10,2024,1,29,3.0,,29926
8051340,1,5,1,10,2024,1,12,4.0,,29933
8051342,1,1,1,10,2024,1,66,5.0,500000.0,29937
8051342,1,2,1,10,2024,2,59,3.0,18000.0,29938
8051342,1,5,1,10,2024,1,24,5.0,1300000.0,29941
8051343,1,2,1,10,2024,2,74,3.0,50000.0,29944
8051343,1,3,1,10,2024,2,34,5.0,720000.0,29945
8051346,1,2,1,10,2024,1,55,12.0,,29951
8051347,1,2,1,10,2024,1,17,5.0,,29954
8051348,1,3,1,10,2024,1,20,6.0,,29958
8051349,1,1,1,10,2024,1,69,4.0,40000.0,29959
8051350,1,2,1,10,2024,2,76,1.0,,29962
8051351,2,1,2,10,2024,2,35,6.0,,29970
8051351,2,3,2,10,2024,1,9,3.0,,29972
8051351,3,1,3,10,2024,2,53,4.0,900000.0,29973
8051355,1,1,1,10,2024,2,83,1.0,,29977
8051355,1,2,1,10,2024,2,57,5.0,,29978
8051358,1,1,1,10,2024,2,34,10.0,3700000.0,29987
8051358,1,3,1,10,2024,2,8,3.0,,29989
8051359,1,1,1,10,2024,1,35,10.0,2000000.0,29990
8051365,1,2,1,10,2024,2,66,3.0,,30005
8051366,1,2,1,10,2024,2,66,9.0,,30008
8051366,1,3,1,10,2024,2,62,10.0,,30009
8051367,1,1,1,10,2024,1,84,4.0,,30010
8051369,1,1,1,10,2024,2,76,4.0,,30015
8051371,1,1,1,10,2024,2,52,5.0,,30017
8051372,1,2,1,10,2024,2,67,10.0,,30020
8051372,1,3,1,10,2024,2,34,11.0,900000.0,30021
8051374,1,2,1,10,2024,1,56,11.0,4000000.0,30024
8051374,1,4,1,10,2024,2,23,10.0,,30026
8051375,1,1,1,10,2024,1,53,10.0,1000000.0,30027
8051378,1,2,1,10,2024,1,11,3.0,,30033
8051379,1,1,1,10,2024,1,43,8.0,1340000.0,30034
8051379,1,2,1,10,2024,2,39,8.0,1300000.0,30035
8051379,1,3,1,10,2024,1,15,5.0,,30036
8051379,1,4,1,10,2024,1,5,2.0,,30037
8051381,1,1,1,10,2024,1,61,3.0,240000.0,30044
8051383,1,2,1,10,2024,2,28,5.0,,30048
8051385,1,1,1,10,2024,1,49,11.0,2900000.0,30051
8051388,1,1,1,10,2024,2,64,3.0,,30055
8051389,1,3,1,10,2024,2,8,3.0,,30058
8051390,1,2,1,10,2024,2,37,5.0,200000.0,30061
8051390,1,4,1,10,2024,1,16,4.0,,30063
8051392,1,1,1,10,2024,1,52,5.0,,30066
8051394,1,1,1,10,2024,2,50,6.0,,30070
8051394,1,3,1,10,2024,1,22,9.0,,30072
8051394,1,4,1,10,2024,2,16,6.0,,30073
8051395,1,2,1,10,2024,2,44,5.0,800000.0,30077
8051395,1,5,1,10,2024,1,2,,,30080
8051398,1,3,1,10,2024,1,42,1.0,,30091
8051399,1,2,1,10,2024,2,79,1.0,,30094
8051400,1,3,1,10,2024,1,23,8.0,200000.0,30098
8051401,1,1,1,10,2024,2,66,3.0,,30099
8051402,1,2,1,10,2024,2,34,8.0,800000.0,30101
8051402,1,3,1,10,2024,1,16,6.0,,30102
8051404,1,1,1,10,2024,1,52,4.0,500000.0,30107
8051404,1,2,1,10,2024,2,52,3.0,,30108
8051406,1,1,1,10,2024,1,31,3.0,1300000.0,30113
8051406,1,2,1,10,2024,2,21,5.0,,30114
8051406,1,3,1,10,2024,1,7,3.0,,30115
8051408,1,1,1,10,2024,1,68,3.0,,30118
8051408,1,2,1,10,2024,2,35,5.0,2300000.0,30119
8051409,1,1,1,10,2024,2,53,5.0,1000000.0,30121
8051410,1,2,1,10,2024,2,57,4.0,400000.0,30124
8051411,1,2,1,10,2024,2,43,10.0,4000000.0,30126
8051412,1,2,1,10,2024,1,32,10.0,,30129
8051412,1,3,1,10,2024,1,22,10.0,1600000.0,30130
8051413,1,2,1,10,2024,2,40,9.0,1300000.0,30133
8051413,1,4,1,10,2024,2,11,4.0,,30135
8051416,1,6,1,10,2024,2,58,3.0,,30143
8051417,1,3,1,10,2024,2,20,5.0,,30146
8051419,1,2,1,10,2024,2,65,5.0,,30154
8051420,1,2,1,10,2024,2,37,8.0,1300000.0,30156
8051421,1,3,1,10,2024,1,21,10.0,,30160
8051421,1,4,1,10,2024,2,36,5.0,1200000.0,30161
8051425,1,2,1,10,2024,1,17,6.0,480000.0,30168
8051425,1,5,1,10,2024,2,4,1.0,,30171
8051427,1,2,1,10,2024,1,27,5.0,920000.0,30173
8051427,1,3,1,10,2024,1,11,4.0,,30174
8051427,1,5,1,10,2024,2,8,3.0,,30176
8051431,1,1,1,10,2024,1,67,3.0,1700000.0,30185
8051432,1,5,1,10,2024,1,11,4.0,,30191
8051436,1,1,1,10,2024,2,20,10.0,1600000.0,30198
8051438,1,2,1,10,2024,1,51,4.0,900000.0,30202
8051439,1,1,1,10,2024,1,47,5.0,1300000.0,30204
8051441,1,2,1,10,2024,2,50,3.0,,30213
8051443,1,2,1,10,2024,1,58,5.0,1600000.0,30216
8051444,1,1,1,10,2024,1,23,5.0,2800000.0,30218
8051444,1,2,1,10,2024,2,30,8.0,,30219
8051444,1,4,1,10,2024,2,1,,,30221
8051446,1,1,1,10,2024,1,44,3.0,,30225
8051447,1,1,1,10,2024,1,58,4.0,1600000.0,30226
8051447,1,2,1,10,2024,2,55,3.0,300000.0,30227
8051449,1,1,1,10,2024,1,34,4.0,,30231
8051450,1,2,1,10,2024,1,34,5.0,,30233
8051451,1,1,1,10,2024,2,66,4.0,,30236
8051453,1,1,1,10,2024,2,67,8.0,,30240
8051459,1,1,1,10,2024,1,75,3.0,,30249
8051460,1,2,1,10,2024,2,18,5.0,,30251
8051461,1,1,1,10,2024,1,42,11.0,3500000.0,30255
8051462,1,2,1,10,2024,2,41,5.0,1300000.0,30259
8051462,1,4,1,10,2024,1,8,3.0,,30261
8051463,1,1,1,10,2024,1,34,9.0,1300000.0,30262
8051466,1,2,1,10,2024,1,52,8.0,7300000.0,30266
8051467,1,1,1,10,2024,2,54,5.0,,30267
8051469,1,3,1,10,2024,1,8,3.0,,30270
8051471,1,1,1,10,2024,2,47,3.0,1300000.0,30274
8051471,1,2,1,10,2024,2,23,4.0,,30275
8051474,1,1,1,10,2024,1,69,3.0,,30284
8051475,1,2,1,10,2024,2,63,3.0,,30286
8051476,1,3,1,10,2024,1,21,10.0,,30290
8051477,1,1,1,10,2024,1,54,3.0,1200000.0,30292
8051477,1,2,1,10,2024,2,49,5.0,,30293
8051479,1,1,1,10,2024,2,35,5.0,1300000.0,30299
8051481,1,3,1,10,2024,2,76,3.0,,30308
8051485,1,1,1,10,2024,2,28,8.0,1800000.0,30315
8051486,1,5,1,10,2024,1,33,5.0,1300000.0,30320
8051487,1,1,1,10,2024,1,67,3.0,,30321
8051488,1,1,1,10,2024,2,54,10.0,6000000.0,30323
8051489,1,2,1,10,2024,1,54,5.0,900000.0,30325
8051491,1,1,1,10,2024,1,57,5.0,,30329
8051494,1,1,1,10,2024,2,54,5.0,,30336
8051494,1,2,1,10,2024,1,21,5.0,500000.0,30337
8051496,1,1,1,10,2024,2,62,10.0,,30340
8051496,1,2,1,10,2024,1,18,9.0,,30341
8051497,1,1,1,10,2024,2,31,10.0,2000000.0,30343
8051497,1,2,1,10,2024,2,3,2.0,,30344
8051501,1,1,1,10,2024,1,74,5.0,1100000.0,30356
8051501,1,2,1,10,2024,2,71,3.0,,30357
8051502,1,1,1,10,2024,2,59,5.0,,30358
8051503,1,1,1,10,2024,2,52,11.0,1900000.0,30361
8051506,1,1,1,10,2024,2,26,5.0,,30367
8051506,1,4,1,10,2024,1,2,,,30370
8051508,1,2,1,10,2024,2,17,5.0,,30373
8051510,1,3,1,10,2024,1,78,5.0,,30377
8051512,1,1,1,10,2024,2,69,3.0,,30379
8051512,1,2,1,10,2024,1,52,4.0,1200000.0,30380
8051513,1,1,1,10,2024,2,72,3.0,,30381
8051515,1,1,1,10,2024,2,67,5.0,,30388
8051518,1,1,1,10,2024,1,74,3.0,1500000.0,30394
8051519,1,2,1,10,2024,1,41,3.0,1500000.0,30396
8051519,1,3,1,10,2024,1,39,3.0,1500000.0,30397
8051521,1,1,1,10,2024,1,22,3.0,1300000.0,30400
8051521,1,2,1,10,2024,2,24,5.0,,30401
8051522,1,2,1,10,2024,2,28,5.0,1300000.0,30404
8051523,1,1,1,10,2024,2,52,3.0,,30407
8051524,1,2,1,10,2024,2,20,8.0,1300000.0,30409
8051525,1,1,1,10,2024,1,61,9.0,3000000.0,30411
8051525,1,2,1,10,2024,2,30,12.0,,30412
8051526,1,1,1,10,2024,1,61,9.0,3000000.0,30413
8051528,1,1,1,10,2024,1,61,9.0,3000000.0,30417
8051528,1,2,1,10,2024,2,30,12.0,,30418
8051531,1,2,1,10,2024,2,30,12.0,,30424
8051532,1,1,1,10,2024,1,61,9.0,3000000.0,30425
8051534,1,2,1,10,2024,2,30,12.0,,30430
8051537,1,1,1,10,2024,1,61,9.0,3000000.0,30435
8051538,1,1,1,10,2024,1,61,9.0,3000000.0,30437
8051541,1,2,1,10,2024,2,30,12.0,,30444
8051545,1,1,1,10,2024,1,61,9.0,3000000.0,30451
8051546,1,1,1,10,2024,1,77,3.0,,30453
8051547,1,2,1,10,2024,2,30,12.0,,30456
8051551,1,1,1,10,2024,1,61,9.0,3000000.0,30463
8051552,1,1,1,10,2024,1,61,9.0,3000000.0,30465
8051552,1,2,1,10,2024,2,30,12.0,,30466
8051553,1,1,1,10,2024,1,61,9.0,3000000.0,30467
8051554,1,2,1,10,2024,2,30,12.0,,30470
8051555,1,1,1,10,2024,1,61,9.0,3000000.0,30471
8051555,1,2,1,10,2024,2,30,12.0,,30472
8051558,1,1,1,10,2024,1,61,9.0,3000000.0,30477
8051558,1,2,1,10,2024,2,30,12.0,,30478
8051559,1,1,1,10,2024,1,61,9.0,3000000.0,30479
8051559,1,2,1,10,2024,2,30,12.0,,30480
8051562,1,2,1,10,2024,2,30,12.0,,30486
8051564,1,1,1,10,2024,1,61,9.0,3000000.0,30489
8051564,1,2,1,10,2024,2,30,12.0,,30490
8051567,1,1,1,10,2024,1,61,9.0,3000000.0,30495
8051567,1,2,1,10,2024,2,30,12.0,,30496
8051569,1,2,1,10,2024,2,30,12.0,,30500
8051570,1,1,1,10,2024,1,61,9.0,3000000.0,30501
8051571,1,1,1,10,2024,1,61,9.0,3000000.0,30503
8051571,1,2,1,10,2024,2,30,12.0,,30504
8051574,1,2,1,10,2024,2,30,12.0,,30510
8051575,1,3,1,10,2024,1,6,2.0,,30513
8051576,1,3,1,10,2024,1,18,4.0,,30516
8051577,1,1,1,10,2024,1,72,3.0,,30517
8051580,1,1,1,10,2024,2,80,3.0,,30523
8051581,1,1,1,10,2024,2,49,3.0,1300000.0,30524
8051581,1,3,1,10,2024,1,21,5.0,800000.0,30526
8051584,1,2,1,10,2024,1,0,,,30532
8051589,1,1,1,10,2024,1,50,5.0,1300000.0,30538
8051591,1,1,1,10,2024,1,29,10.0,900000.0,30543
8051591,1,2,1,10,2024,2,57,4.0,,30544
8051592,1,1,1,10,2024,2,47,3.0,,30545
8051593,1,2,1,10,2024,1,29,3.0,,30549
8051596,1,1,1,10,2024,2,66,1.0,,30555
8051597,1,2,1,10,2024,2,33,3.0,,30559
8051597,1,3,1,10,2024,2,13,4.0,,30560
8051597,1,4,1,10,2024,2,7,3.0,,30561
8051597,1,5,1,10,2024,1,1,,,30562
8051598,1,3,1,10,2024,2,56,3.0,1000000.0,30565
8051600,1,1,1,10,2024,1,59,5.0,2980000.0,30569
8051600,1,2,1,10,2024,2,35,4.0,,30570
8051600,1,3,1,10,2024,1,15,4.0,,30571
8051601,1,1,1,10,2024,1,57,3.0,900000.0,30572
8051601,1,3,1,10,2024,1,22,10.0,,30574
8051601,1,5,1,10,2024,1,4,2.0,,30576
8051602,1,1,1,10,2024,2,61,3.0,,30577
8051603,1,1,1,10,2024,2,44,5.0,1300000.0,30580
8051603,1,3,1,10,2024,1,19,5.0,,30582
8051605,1,2,1,10,2024,1,55,4.0,,30585
8051607,1,1,1,10,2024,2,83,3.0,,30588
8051607,1,2,1,10,2024,1,58,4.0,1300000.0,30589
8051611,1,1,1,10,2024,1,45,10.0,5698000.0,30597
8051611,1,4,1,10,2024,2,75,5.0,,30600
8051612,1,2,1,10,2024,2,35,12.0,4500000.0,30602
8051616,1,1,1,10,2024,2,55,11.0,8500000.0,30609
8051617,1,1,1,10,2024,1,35,8.0,1700000.0,30611
8051617,1,2,1,10,2024,2,29,5.0,,30612
8051620,1,3,1,10,2024,2,93,3.0,,30620
8051621,1,3,1,10,2024,2,8,3.0,,30623
8051624,1,5,1,10,2024,1,11,4.0,,30632
8051624,1,6,1,10,2024,1,8,3.0,,30633
8051625,1,2,1,10,2024,1,45,10.0,1800000.0,30635
8051627,1,2,1,10,2024,1,17,4.0,,30638
8051628,1,1,1,10,2024,2,86,3.0,,30639
8051629,1,2,1,10,2024,1,45,10.0,4000000.0,30642
8051630,1,1,1,10,2024,1,71,1.0,900000.0,30644
8051630,1,2,1,10,2024,2,68,3.0,800000.0,30645
8051632,1,4,1,10,2024,2,15,4.0,,30650
8051636,1,2,1,10,2024,2,17,5.0,,30660
8051637,1,1,1,10,2024,2,53,3.0,1000000.0,30661
8051640,1,1,1,10,2024,1,90,3.0,,30669
8051642,1,1,1,10,2024,2,49,8.0,200000.0,30673
8051644,1,1,1,10,2024,2,53,3.0,,30678
8051645,1,2,1,10,2024,1,38,3.0,2300000.0,30680
8051645,1,3,1,10,2024,1,17,5.0,,30681
8051646,1,2,1,10,2024,2,54,3.0,,30684
8051647,1,2,1,10,2024,2,37,11.0,3600000.0,30686
8051648,1,3,1,10,2024,2,32,5.0,,30691
8051648,1,4,1,10,2024,1,13,4.0,,30692
8051652,1,1,1,10,2024,1,50,4.0,1980000.0,30698
8051652,1,2,1,10,2024,2,32,4.0,,30699
8051652,1,4,1,10,2024,2,1,,,30701
8051653,1,1,1,10,2024,2,27,10.0,5000000.0,30702
8051655,1,1,1,10,2024,2,58,5.0,,30704
8051656,1,1,1,10,2024,1,41,11.0,4800000.0,30706
8051656,1,2,1,10,2024,2,40,11.0,3500000.0,30707
8051659,1,1,1,10,2024,2,74,1.0,,30712
8051660,1,2,1,10,2024,2,16,5.0,,30715
8051661,1,1,1,10,2024,2,61,10.0,,30716
8051661,1,2,1,10,2024,1,62,12.0,2000000.0,30717
8051662,1,1,1,10,2024,2,49,10.0,1580000.0,30719
8051662,1,2,1,10,2024,1,47,8.0,2380000.0,30720
8051664,1,1,1,10,2024,2,24,10.0,,30725
8051667,1,3,1,10,2024,2,22,10.0,,30732
8051667,1,5,1,10,2024,2,1,,,30734
8051675,1,1,1,10,2024,1,63,4.0,1000000.0,30747
8051676,1,1,1,10,2024,1,53,4.0,1000000.0,30750
8051677,1,1,1,10,2024,2,53,10.0,,30751
8051678,1,1,1,10,2024,2,50,10.0,2200000.0,30752
8051684,1,3,1,10,2024,1,7,3.0,,30766
8051685,1,1,1,10,2024,2,22,5.0,,30767
8051685,1,3,1,10,2024,1,3,1.0,,30769
8051687,1,2,1,10,2024,2,31,4.0,1300000.0,30772
8051687,1,3,1,10,2024,2,14,5.0,,30773
8051688,1,2,1,10,2024,2,46,10.0,3000000.0,30779
8051689,1,1,1,10,2024,1,48,12.0,15000000.0,30780
8051690,1,1,1,10,2024,2,60,11.0,4700000.0,30782
8051692,1,4,1,10,2024,2,48,5.0,650000.0,30790
8051693,1,1,1,10,2024,1,47,1.0,600000.0,30791
8051693,1,4,1,10,2024,1,23,4.0,,30794
8051694,1,2,1,10,2024,1,31,4.0,,30799
8051696,1,1,1,10,2024,2,37,5.0,,30801
8051697,1,2,1,10,2024,2,18,6.0,,30805
8051698,1,3,1,10,2024,1,30,6.0,600000.0,30809
8051699,1,1,1,10,2024,2,57,3.0,,30811
8051702,1,1,1,10,2024,1,46,9.0,5150000.0,30818
8051702,1,3,1,10,2024,2,14,4.0,,30820
8051704,1,3,1,10,2024,1,18,6.0,1300000.0,30827
8051706,1,1,1,10,2024,2,37,10.0,,30830
8051706,1,3,1,10,2024,1,2,,,30832
8051707,1,3,1,10,2024,2,55,5.0,1000000.0,30835
8051709,1,1,1,10,2024,1,37,10.0,3500000.0,30840
8051710,1,3,1,10,2024,2,14,4.0,,30844
8051711,1,1,1,10,2024,2,55,5.0,,30846
8051711,1,2,1,10,2024,1,30,6.0,3000000.0,30847
8051712,1,1,1,10,2024,2,62,6.0,,30848
8051715,1,1,1,10,2024,1,40,6.0,1300000.0,30852
8051716,1,1,1,10,2024,2,56,11.0,5600000.0,30856
8051716,1,2,1,10,2024,1,27,11.0,,30857
8051717,1,1,1,10,2024,2,35,6.0,,30858
8051717,1,3,1,10,2024,1,19,8.0,,30860
8051717,1,5,1,10,2024,1,15,6.0,,30862
8051718,1,2,1,10,2024,2,12,4.0,,30865
8051721,1,2,1,10,2024,2,45,6.0,1300000.0,30871
8051722,1,1,1,10,2024,1,98,6.0,,30872
8051722,1,2,1,10,2024,2,91,3.0,,30873
8051723,1,2,1,10,2024,2,40,10.0,,30876
8051723,1,3,1,10,2024,1,11,4.0,,30877
8051724,1,2,1,10,2024,2,5,2.0,,30880
8051726,1,2,1,10,2024,2,60,1.0,300000.0,30883
8051727,1,2,1,10,2024,1,74,4.0,,30887
8051729,1,1,1,10,2024,2,67,1.0,,30889
8051731,1,1,1,10,2024,2,26,8.0,,30893
8051732,1,2,1,10,2024,2,26,5.0,,30895
8051734,1,3,1,10,2024,2,20,1.0,,30901
8051735,1,2,1,10,2024,2,7,3.0,,30904
8051735,1,4,1,10,2024,1,69,3.0,,30906
8051736,1,2,1,10,2024,2,2,,,30911
8051736,1,3,1,10,2024,1,0,,,30912
8051737,1,3,1,10,2024,1,13,4.0,,30915
8051737,1,4,1,10,2024,1,6,2.0,,30916
8051738,1,2,1,10,2024,1,26,4.0,1700000.0,30918
8051738,1,3,1,10,2024,2,7,3.0,,30919
8051738,1,4,1,10,2024,1,2,,,30920
8051739,1,2,1,10,2024,1,37,3.0,,30922
8051741,1,1,1,10,2024,1,21,5.0,1600000.0,30925
8051742,1,1,1,10,2024,2,74,1.0,40000.0,30928
8051744,1,4,1,10,2024,1,34,9.0,1500000.0,30935
8051745,1,2,1,10,2024,1,67,3.0,,30937
8051746,1,1,1,10,2024,1,47,3.0,1300000.0,30939
8051746,1,2,1,10,2024,1,18,10.0,,30940
8051748,1,3,1,10,2024,1,12,4.0,,30946
8051749,1,3,1,10,2024,2,54,8.0,,30950
8051749,1,4,1,10,2024,1,30,6.0,1000000.0,30951
8051750,1,2,1,10,2024,2,40,5.0,800000.0,30953
8051750,1,3,1,10,2024,1,19,8.0,,30954
8051751,1,1,1,10,2024,1,70,4.0,,30955
8051751,1,2,1,10,2024,2,63,5.0,,30956
8051752,1,1,1,10,2024,2,53,3.0,1000000.0,30958
8051752,1,6,1,10,2024,1,57,3.0,200000.0,30963
8051752,1,8,1,10,2024,2,29,5.0,,30965
8051754,1,1,1,10,2024,1,65,5.0,,30968
8051754,1,2,1,10,2024,2,57,5.0,,30969
8051755,1,1,1,10,2024,1,78,3.0,,30970
8051755,1,3,1,10,2024,1,18,9.0,,30972
8051757,1,1,1,10,2024,1,35,9.0,1300000.0,30978
8051758,1,1,1,10,2024,2,59,3.0,,30980
8051762,1,3,1,10,2024,2,52,3.0,,30987
8051762,1,4,1,10,2024,2,23,5.0,,30988
8051762,1,6,1,10,2024,1,6,1.0,,30990
8051763,1,1,1,10,2024,2,50,10.0,10200000.0,30991
8051763,1,2,1,10,2024,2,12,4.0,,30992
8051766,1,3,1,10,2024,2,0,,,30998
8051767,1,1,1,10,2024,2,40,5.0,200000.0,30999
8051767,1,3,1,10,2024,2,70,5.0,,31001
8051769,1,1,1,10,2024,1,72,9.0,,31005
8051771,1,2,1,10,2024,1,42,10.0,1300000.0,31009
8051772,1,1,1,10,2024,2,83,10.0,,31010
8051773,1,2,1,10,2024,2,84,10.0,,31012
8051774,1,2,1,10,2024,2,44,10.0,4500000.0,31014
8051778,1,1,1,10,2024,1,35,5.0,2500000.0,31022
8051782,1,1,1,10,2024,1,59,5.0,,31028
8051783,1,2,1,10,2024,2,28,9.0,,31031
8051785,1,2,1,10,2024,1,32,5.0,1300000.0,31037
8051786,1,3,1,10,2024,1,24,5.0,,31041
8051786,1,4,1,10,2024,2,17,5.0,,31042
8051787,1,1,1,10,2024,2,49,5.0,4800000.0,31043
8051788,1,5,1,10,2024,1,10,3.0,,31051
8051789,1,2,1,10,2024,2,47,8.0,,31053
8051792,1,1,1,10,2024,2,42,10.0,4000000.0,31059
8051794,1,2,1,10,2024,1,19,3.0,,31064
8051797,1,2,1,10,2024,1,56,6.0,2500000.0,31073
8051797,1,3,1,10,2024,1,14,4.0,,31074
8051798,1,1,1,10,2024,2,40,9.0,900000.0,31075
8051798,1,3,1,10,2024,2,8,3.0,,31077
8051800,1,1,1,10,2024,1,72,3.0,,31082
8051800,1,2,1,10,2024,2,75,3.0,,31083
8051800,1,3,1,10,2024,1,6,3.0,,31084
8051802,1,4,1,10,2024,2,16,5.0,,31090
8051805,1,1,1,10,2024,2,68,9.0,,31095
8051806,1,1,1,10,2024,1,56,3.0,1300000.0,31097
8051806,1,4,1,10,2024,2,20,4.0,,31100
8051806,1,5,1,10,2024,2,2,,,31101
8051807,1,2,1,10,2024,1,6,3.0,,31103
8051807,1,3,1,10,2024,1,4,2.0,,31104
8051808,1,3,1,10,2024,2,10,3.0,,31107
8051808,1,4,1,10,2024,2,5,2.0,,31108
8051810,1,1,1,10,2024,1,86,12.0,,31111
8051812,1,3,1,10,2024,2,5,2.0,,31117
8051816,1,2,1,10,2024,2,65,3.0,,31130
8051818,1,1,1,10,2024,1,38,10.0,2900000.0,31136
8051819,1,4,1,10,2024,1,7,3.0,,31140
8051819,1,5,1,10,2024,2,20,5.0,,31141
8051820,1,4,1,10,2024,1,9,3.0,,31146
8051823,1,2,1,10,2024,1,20,9.0,,31153
8051823,1,3,1,10,2024,1,17,5.0,,31154
8051824,1,1,1,10,2024,1,63,5.0,1600000.0,31156
8051824,1,4,1,10,2024,2,19,4.0,,31159
8051826,1,2,1,10,2024,2,59,4.0,40000.0,31166
8051827,1,3,1,10,2024,1,2,,,31173
8051829,1,4,1,10,2024,2,37,3.0,1650000.0,31179
8051829,1,5,1,10,2024,2,19,5.0,,31180
8051829,1,6,1,10,2024,2,17,5.0,,31181
8051829,1,7,1,10,2024,1,15,3.0,,31182
8051831,1,3,1,10,2024,1,26,5.0,1000000.0,31188
8051831,1,4,1,10,2024,2,21,10.0,,31189
8051834,1,1,1,10,2024,1,47,5.0,,31193
8051834,1,2,1,10,2024,2,51,4.0,,31194
8051834,1,5,1,10,2024,2,42,8.0,1300000.0,31197
8051834,1,6,1,10,2024,1,11,2.0,,31198
8051836,1,1,1,10,2024,2,59,8.0,150000.0,31203
8051837,1,2,1,10,2024,2,17,10.0,,31208
8051838,1,2,1,10,2024,2,65,4.0,,31211
8051839,1,1,1,10,2024,2,37,8.0,,31212
8051839,1,2,1,10,2024,2,12,4.0,,31213
8051841,1,1,1,10,2024,1,83,1.0,350000.0,31219
8051842,1,2,1,10,2024,2,60,4.0,0.0,31221
8051842,1,3,1,10,2024,1,32,10.0,550000.0,31222
8051844,1,2,1,10,2024,2,58,4.0,,31225
8051844,1,3,1,10,2024,2,33,8.0,100000.0,31226
8051844,1,5,1,10,2024,1,18,5.0,,31228
8051844,1,6,1,10,2024,1,0,,,31229
8051845,1,4,1,10,2024,2,7,3.0,,31233
8051845,1,5,1,10,2024,1,0,,,31234
8051847,1,4,1,10,2024,2,16,4.0,,31240
8051848,1,1,1,10,2024,2,44,3.0,,31241
8051848,1,3,1,10,2024,1,18,5.0,640000.0,31243
8051848,1,4,1,10,2024,1,25,5.0,550000.0,31244
8051848,1,5,1,10,2024,1,2,,,31245
8051848,1,6,1,10,2024,1,6,3.0,,31246
8051849,1,3,1,10,2024,1,10,4.0,,31249
8051850,1,1,1,10,2024,1,63,5.0,2100000.0,31251
8051852,1,2,1,10,2024,2,15,4.0,,31254
8051853,1,3,1,10,2024,2,44,1.0,,31257
8051854,1,2,1,10,2024,2,51,8.0,1800000.0,31259
8051854,1,3,1,10,2024,2,29,11.0,4000000.0,31260
8051857,1,1,1,10,2024,1,50,3.0,1300000.0,31269
8051857,1,3,1,10,2024,2,13,4.0,,31271
8051857,1,4,1,10,2024,2,81,3.0,,31272
8051858,1,3,1,10,2024,2,28,1.0,,31275
8051859,1,1,1,10,2024,2,57,3.0,1100000.0,31276
8051859,1,2,1,10,2024,1,14,5.0,,31277
8051863,1,1,1,10,2024,2,35,10.0,2943000.0,31282
8051866,1,2,1,10,2024,2,73,1.0,,31285
8051866,1,3,1,10,2024,1,18,10.0,,31286
8051867,1,2,1,10,2024,2,22,10.0,,31288
8051870,1,2,1,10,2024,2,48,3.0,,31296
8051871,1,1,1,10,2024,1,44,3.0,800000.0,31297
8051872,1,2,1,10,2024,2,13,4.0,,31300
8051874,1,4,1,10,2024,2,4,2.0,,31305
8051875,1,1,1,10,2024,1,42,10.0,4500000.0,31306
8051877,1,1,1,10,2024,2,52,5.0,1000000.0,31308
8051879,1,1,1,10,2024,2,84,3.0,,31313
8051881,1,1,1,10,2024,2,38,3.0,200000.0,31315
8051881,1,3,1,10,2024,1,4,2.0,,31317
8051883,1,1,1,10,2024,1,38,4.0,1300000.0,31320
8051884,1,3,1,10,2024,2,55,3.0,1300000.0,31327
8051886,1,2,1,10,2024,2,9,3.0,,31330
8051888,1,2,1,10,2024,1,23,6.0,2300000.0,31337
8051889,1,2,1,10,2024,2,24,5.0,,31339
8051889,1,4,1,10,2024,2,0,,,31341
8051891,1,2,1,10,2024,1,75,3.0,,31344
8051893,1,1,1,10,2024,1,47,5.0,1300000.0,31347
8051893,1,2,1,10,2024,2,53,5.0,,31348
8051894,1,2,1,10,2024,2,42,11.0,3000000.0,31351
8051895,1,1,1,10,2024,2,93,3.0,,31353
8051895,1,2,1,10,2024,1,40,4.0,1300000.0,31354
8051895,1,3,1,10,2024,2,41,5.0,,31355
8051897,1,1,1,10,2024,2,59,11.0,3550000.0,31358
8051898,1,1,1,10,2024,2,76,3.0,,31360
8051899,1,1,1,10,2024,1,59,3.0,900000.0,31361
8051900,1,3,1,10,2024,2,29,5.0,1300000.0,31365
8051900,1,4,1,10,2024,2,1,,,31366
8051901,1,3,1,10,2024,1,9,3.0,,31369
8051902,1,1,1,10,2024,2,72,1.0,,31371
8051902,1,2,1,10,2024,2,42,1.0,,31372
8051904,1,1,1,10,2024,2,61,5.0,,31375
8051909,1,3,1,10,2024,1,44,8.0,1700000.0,31387
8051912,1,4,1,10,2024,2,14,4.0,,31395
8051914,1,1,1,10,2024,2,61,5.0,,31398
8051915,1,1,1,10,2024,2,74,3.0,,31400
8051917,1,2,1,10,2024,1,27,5.0,1300000.0,31405
8051917,1,3,1,10,2024,2,2,,,31406
8051917,1,4,1,10,2024,2,21,8.0,1800000.0,31407
8051919,1,1,1,10,2024,2,68,5.0,,31409
8051919,1,2,1,10,2024,2,94,1.0,,31410
8051920,1,1,1,10,2024,2,60,10.0,2500000.0,31411
8051920,1,2,1,10,2024,2,29,10.0,3000000.0,31412
8051922,1,3,1,10,2024,2,15,4.0,,31416
8051925,1,1,1,10,2024,1,33,10.0,1300000.0,31419
8051927,1,2,1,10,2024,1,67,3.0,250000.0,31425
8051929,1,1,1,10,2024,2,44,5.0,1470000.0,31428
8051929,1,2,1,10,2024,2,25,5.0,1350000.0,31429
8051930,1,1,1,10,2024,2,35,5.0,500000.0,31431
8051931,1,2,1,10,2024,2,20,10.0,1350000.0,31436
8051931,1,3,1,10,2024,1,11,4.0,,31437
8051934,1,1,1,10,2024,1,59,3.0,1500000.0,31441
8051937,1,2,1,10,2024,2,40,5.0,1550000.0,31447
8051937,1,3,1,10,2024,1,23,5.0,1000000.0,31448
8051937,1,4,1,10,2024,1,21,4.0,1000000.0,31449
8051937,1,5,1,10,2024,2,18,6.0,1100000.0,31450
8051939,1,1,1,10,2024,2,30,5.0,800000.0,31452
8051939,1,4,1,10,2024,1,3,1.0,,31455
8051940,1,2,1,10,2024,1,78,3.0,,31457
8051942,1,5,1,10,2024,1,21,6.0,1400000.0,31464
8051944,1,4,1,10,2024,2,37,10.0,200000.0,31471
8051946,1,2,1,10,2024,1,33,5.0,1300000.0,31477
8051947,1,2,1,10,2024,1,58,3.0,,31480
8051948,1,1,1,10,2024,2,49,5.0,500000.0,31483
8051948,1,3,1,10,2024,2,25,4.0,,31485
8051949,1,1,1,10,2024,2,26,8.0,,31487
8051950,1,3,1,10,2024,2,1,,,31492
8051952,1,2,1,10,2024,1,16,4.0,,31495
8051952,1,3,1,10,2024,2,9,3.0,,31496
8051952,1,4,1,10,2024,1,7,3.0,,31497
8051953,1,1,1,10,2024,1,38,5.0,1700000.0,31498
8051962,1,1,1,10,2024,2,66,4.0,,31513
8051962,1,2,1,10,2024,1,31,5.0,,31514
8051964,1,1,1,10,2024,1,61,4.0,2600000.0,31517
8051964,1,2,1,10,2024,2,61,4.0,,31518
8051965,1,4,1,10,2024,2,2,,,31522
8051970,1,1,1,10,2024,2,47,8.0,1350000.0,31534
8051971,1,1,1,10,2024,1,63,3.0,,31536
8051971,1,2,1,10,2024,2,61,3.0,,31537
8051972,1,1,1,10,2024,2,61,5.0,1300000.0,31539
8051972,1,3,1,10,2024,1,26,4.0,1400000.0,31541
8051973,1,2,1,10,2024,1,22,6.0,1300000.0,31543
8051974,1,2,1,10,2024,2,67,5.0,1800000.0,31545
8051976,1,1,1,10,2024,2,72,5.0,,31548
8051978,1,2,1,10,2024,1,51,5.0,900000.0,31553
8051979,1,1,1,10,2024,1,55,5.0,1400000.0,31555
8051988,1,2,1,10,2024,1,30,4.0,1600000.0,31571
8051992,1,1,1,10,2024,1,71,3.0,300000.0,31576
8051994,1,2,1,10,2024,1,22,3.0,,31580
8051996,1,1,1,10,2024,1,53,4.0,1500000.0,31582
8051996,1,3,1,10,2024,1,19,8.0,,31584
8051999,1,1,1,10,2024,1,49,5.0,,31590
8052000,1,1,1,10,2024,2,63,5.0,,31593
8052000,1,2,1,10,2024,2,60,5.0,1300000.0,31594
8052002,1,1,1,10,2024,2,55,4.0,,31598
8052002,1,2,1,10,2024,1,56,4.0,1800000.0,31599
8052002,1,4,1,10,2024,1,31,5.0,,31601
8052002,1,5,1,10,2024,1,13,4.0,,31602
8052003,1,1,1,10,2024,1,26,8.0,1500000.0,31603
8052003,1,2,1,10,2024,2,23,5.0,1700000.0,31604
8052004,1,1,1,10,2024,1,28,4.0,,31605
8052004,1,2,1,10,2024,2,38,8.0,,31606
8052004,1,5,1,10,2024,2,2,,,31609
8052007,1,1,1,10,2024,2,50,4.0,1300000.0,31613
8052007,1,2,1,10,2024,1,35,4.0,1400000.0,31614
8052008,1,2,1,10,2024,1,46,8.0,1500000.0,31616
8052012,1,3,1,10,2024,1,10,3.0,,31621
8052014,1,3,1,10,2024,1,5,2.0,,31626
8052015,1,2,1,10,2024,1,51,4.0,,31628
8052015,1,3,1,10,2024,1,36,8.0,1500000.0,31629
8052017,1,2,1,10,2024,2,61,4.0,,31632
8052018,1,3,1,10,2024,1,19,6.0,1300000.0,31635
8052019,1,1,1,10,2024,1,40,5.0,900000.0,31637
8052020,1,1,1,10,2024,2,56,8.0,,31641
8052020,1,2,1,10,2024,2,28,10.0,7000000.0,31642
8052022,1,1,1,10,2024,1,59,4.0,,31644
8052023,1,3,1,10,2024,2,12,3.0,,31647
8052024,1,1,1,10,2024,1,43,3.0,1800000.0,31648
8052024,1,2,1,10,2024,2,36,4.0,,31649
8052024,1,3,1,10,2024,1,13,4.0,,31650
8052026,1,2,1,10,2024,2,28,4.0,,31654
8052026,1,3,1,10,2024,1,33,5.0,3000000.0,31655
8052029,1,1,1,10,2024,2,38,5.0,3000000.0,31660
8052029,1,3,1,10,2024,1,21,8.0,,31662
8052029,1,4,1,10,2024,2,16,4.0,,31663
8052030,1,1,1,10,2024,1,45,3.0,1300000.0,31666
8052030,1,2,1,10,2024,2,42,3.0,900000.0,31667
8052030,1,3,1,10,2024,2,22,9.0,,31668
8052030,1,4,1,10,2024,1,14,5.0,,31669
8052031,1,1,1,10,2024,1,34,9.0,2100000.0,31670
8052031,1,2,1,10,2024,2,40,8.0,,31671
8052032,1,1,1,10,2024,2,48,8.0,,31673
8052033,1,2,1,10,2024,2,41,4.0,1400000.0,31676
8052036,1,1,1,10,2024,1,61,5.0,2000000.0,31678
8052040,1,1,1,10,2024,2,78,10.0,,31688
8052041,1,1,1,10,2024,2,58,3.0,800000.0,31689
8052042,1,1,1,10,2024,1,56,11.0,3500000.0,31692
8052046,1,1,1,10,2024,1,45,4.0,600000.0,31698
8052049,1,1,1,10,2024,1,18,4.0,300000.0,31702
8052050,1,1,1,10,2024,1,40,10.0,5500000.0,31703
8052053,1,1,1,10,2024,2,54,4.0,600000.0,31709
8052055,1,1,1,10,2024,1,31,8.0,,31714
8052055,1,2,1,10,2024,2,25,8.0,,31715
8052057,1,1,1,10,2024,1,46,5.0,400000.0,31719
8052057,1,2,1,10,2024,2,37,4.0,,31720
8052057,1,3,1,10,2024,1,13,3.0,,31721
8052058,1,3,1,10,2024,1,25,5.0,,31724
8052060,1,2,1,10,2024,1,31,10.0,3500000.0,31730
8052060,1,3,1,10,2024,1,52,3.0,,31731
8052061,1,1,1,10,2024,1,59,4.0,,31732
8052061,1,2,1,10,2024,2,28,5.0,400000.0,31733
8052062,1,2,1,10,2024,2,28,10.0,,31736
8052064,1,1,1,10,2024,1,51,9.0,4000000.0,31740
8052066,1,1,1,10,2024,2,23,5.0,500000.0,31743
8052066,1,3,1,10,2024,2,23,5.0,,31745
8052069,1,1,1,10,2024,1,33,8.0,1400000.0,31749
8052070,1,2,1,10,2024,2,31,4.0,,31751
8052070,1,3,1,10,2024,2,16,4.0,,31752
8052070,1,6,1,10,2024,2,10,3.0,,31755
8052070,1,7,1,10,2024,1,8,3.0,,31756
8052072,1,1,1,10,2024,1,40,5.0,1800000.0,31764
8052072,1,3,1,10,2024,2,4,2.0,,31766
8052073,1,1,1,10,2024,2,52,5.0,700000.0,31768
8052075,1,5,1,10,2024,2,4,1.0,,31780
8052078,1,1,1,10,2024,1,62,10.0,1500000.0,31789
8052079,1,1,1,10,2024,1,75,3.0,,31793
8052079,1,2,1,10,2024,2,66,3.0,1060000.0,31794
8052080,1,5,1,10,2024,2,15,5.0,,31799
8052086,1,2,1,10,2024,2,51,8.0,,31810
8052086,1,5,1,10,2024,1,2,,,31813
8052087,1,1,1,10,2024,1,53,5.0,2520000.0,31814
8052089,1,2,1,10,2024,2,33,9.0,2200000.0,31816
8052090,1,3,1,10,2024,1,63,3.0,400000.0,31820
8052091,1,2,1,10,2024,2,76,3.0,,31822
8052092,1,1,1,10,2024,2,63,3.0,600000.0,31825
8052095,1,1,1,10,2024,2,62,8.0,,31828
8052097,1,1,1,10,2024,1,51,10.0,1800000.0,31832
8052098,1,1,1,10,2024,2,77,1.0,,31836
8052099,1,4,1,10,2024,2,22,10.0,,31840
8052099,1,5,1,10,2024,1,38,1.0,800000.0,31841
8052101,1,1,1,10,2024,1,61,4.0,350000.0,31846
8052102,1,1,1,10,2024,1,67,3.0,1100000.0,31851
8052102,1,2,1,10,2024,2,66,4.0,,31852
8052102,1,3,1,10,2024,2,42,4.0,700000.0,31853
8052102,1,4,1,10,2024,2,15,5.0,,31854
8052107,1,1,1,10,2024,2,44,3.0,,31859
8052107,1,3,1,10,2024,1,16,5.0,,31861
8052109,1,2,1,10,2024,2,60,3.0,120000.0,31866
8052110,1,1,1,10,2024,2,70,3.0,1600000.0,31867
8052110,1,3,1,10,2024,2,45,1.0,,31869
8052111,1,1,1,10,2024,1,60,5.0,900000.0,31871
8052112,1,1,1,10,2024,1,38,5.0,1500000.0,31873
8052112,1,2,1,10,2024,1,39,5.0,,31874
8052113,1,1,1,10,2024,1,37,5.0,900000.0,31875
8052114,1,2,1,10,2024,2,34,4.0,300000.0,31878
8052114,1,3,1,10,2024,2,18,5.0,,31879
8052114,1,6,1,10,2024,1,11,3.0,,31882
8052115,1,1,1,10,2024,1,64,1.0,800000.0,31883
8052115,1,3,1,10,2024,1,21,3.0,300000.0,31885
8052115,1,4,1,10,2024,1,68,4.0,800000.0,31886
8052117,1,1,1,10,2024,1,33,4.0,1300000.0,31888
8052118,1,1,1,10,2024,1,57,3.0,600000.0,31890
8052119,1,1,1,10,2024,1,63,3.0,750000.0,31892
8052119,1,2,1,10,2024,2,62,3.0,,31893
8052119,1,3,1,10,2024,2,40,8.0,,31894
8052119,1,8,1,10,2024,2,28,5.0,,31899
8052119,1,11,1,10,2024,2,2,,,31902
8052120,1,3,1,10,2024,2,35,6.0,,31905
8052121,1,2,1,10,2024,1,20,5.0,1200000.0,31908
8052122,1,2,1,10,2024,2,56,3.0,,31911
8052123,1,1,1,10,2024,1,64,5.0,960000.0,31912
8052124,1,2,1,10,2024,1,61,3.0,1400000.0,31914
8052126,1,1,1,10,2024,1,54,4.0,400000.0,31920
8052127,1,6,1,10,2024,2,4,2.0,,31926
8052130,1,1,1,10,2024,2,54,4.0,1200000.0,31933
8052131,1,1,1,10,2024,2,61,4.0,,31934
8052136,1,1,1,10,2024,1,63,5.0,1600000.0,31946
8052138,1,1,1,10,2024,1,57,5.0,1600000.0,31950
8052138,1,2,1,10,2024,1,26,5.0,1300000.0,31951
8052139,1,2,1,10,2024,2,25,5.0,,31954
8052140,1,1,1,10,2024,2,40,5.0,900000.0,31956
8052141,1,3,1,10,2024,2,14,4.0,,31959
8052141,1,5,1,10,2024,1,37,5.0,1300000.0,31961
8052147,1,2,1,10,2024,1,26,5.0,,31967
8052148,1,1,1,10,2024,2,49,4.0,1000000.0,31968
8052148,1,4,1,10,2024,2,22,5.0,,31971
8052151,1,2,1,10,2024,1,28,8.0,1300000.0,31975
8052151,1,4,1,10,2024,2,8,3.0,,31977
8052152,1,1,1,10,2024,2,56,3.0,,31978
8052152,1,3,1,10,2024,1,16,4.0,,31980
8052153,1,1,1,10,2024,2,67,1.0,,31981
8052163,1,1,1,10,2024,2,44,3.0,1000000.0,31991
8052164,1,3,1,10,2024,2,33,5.0,,31995
8052164,1,4,1,10,2024,2,2,,,31996
8052165,1,1,1,10,2024,1,44,4.0,1000000.0,31997
8052165,1,3,1,10,2024,2,18,9.0,,31999
8052166,1,3,1,10,2024,2,8,3.0,,32003
8052166,1,5,1,10,2024,2,7,3.0,,32005
8052167,1,4,1,10,2024,2,21,10.0,960000.0,32009
8052169,1,1,1,10,2024,1,63,3.0,1600000.0,32012
8052169,1,2,1,10,2024,2,58,4.0,,32013
8052169,1,4,1,10,2024,2,8,3.0,,32015
8052171,1,1,1,10,2024,2,30,5.0,1200000.0,32016
8052171,1,3,1,10,2024,2,9,3.0,,32018
8052172,1,1,1,10,2024,2,51,4.0,1200000.0,32019
8052173,1,2,1,10,2024,2,38,5.0,,32021
8052173,1,3,1,10,2024,2,13,4.0,,32022
8052179,1,1,1,10,2024,1,43,5.0,1800000.0,32034
8052179,1,2,1,10,2024,2,14,4.0,,32035
8052181,1,1,1,10,2024,2,70,3.0,,32036
8052183,1,1,1,10,2024,1,51,3.0,,32038
8052183,1,5,1,10,2024,2,6,3.0,,32042
8052184,1,2,1,10,2024,2,32,8.0,,32044
8052186,1,1,1,10,2024,1,46,3.0,1450000.0,32048
8052189,1,6,1,10,2024,1,10,3.0,,32059
8052190,1,1,1,10,2024,1,64,3.0,800000.0,32061
8052191,1,1,1,10,2024,1,23,5.0,600000.0,32063
8052194,1,1,1,10,2024,1,65,3.0,600000.0,32068
8052194,1,3,1,10,2024,2,8,3.0,,32070
8052195,1,4,1,10,2024,2,3,1.0,,32079
8052197,1,1,1,10,2024,2,54,4.0,,32081
8052197,1,2,1,10,2024,1,55,1.0,600000.0,32082
8052198,1,2,1,10,2024,1,72,4.0,1850000.0,32084
8052198,1,3,1,10,2024,1,27,9.0,,32085
8052199,1,3,1,10,2024,1,84,1.0,,32088
8052201,1,3,1,10,2024,2,34,5.0,300000.0,32092
8052202,1,1,1,10,2024,2,78,1.0,200000.0,32095
8052204,1,1,1,10,2024,2,23,10.0,1300000.0,32099
8052207,1,1,1,10,2024,1,27,5.0,1300000.0,32101
8052207,1,3,1,10,2024,1,10,3.0,,32103
8052208,1,3,1,10,2024,1,16,4.0,,32107
8052208,1,4,1,10,2024,2,20,8.0,1300000.0,32108
8052209,1,1,1,10,2024,2,48,3.0,1100000.0,32109
8052209,1,2,1,10,2024,1,42,4.0,1400000.0,32110
8052209,1,3,1,10,2024,1,16,4.0,,32111
8052209,1,4,1,10,2024,2,11,4.0,,32112
8052212,1,1,1,10,2024,2,24,4.0,200000.0,32114
8052212,1,2,1,10,2024,1,25,8.0,500000.0,32115
8052213,1,2,1,10,2024,2,35,5.0,1000000.0,32118
8052214,1,2,1,10,2024,2,54,3.0,,32120
8052215,1,2,1,10,2024,1,45,5.0,700000.0,32122
8052215,1,4,1,10,2024,2,16,4.0,,32124
8052216,1,2,1,10,2024,2,48,4.0,,32128
8052217,1,3,1,10,2024,1,22,5.0,900000.0,32134
8052218,1,1,1,10,2024,1,67,1.0,800000.0,32136
8052218,1,4,1,10,2024,1,33,3.0,500000.0,32139
8052219,1,1,1,10,2024,2,50,1.0,400000.0,32140
8052219,1,4,1,10,2024,2,27,5.0,,32143
8052220,1,1,1,10,2024,1,57,5.0,250000.0,32145
8052222,1,2,1,10,2024,1,21,5.0,,32151
8052227,1,3,1,10,2024,1,14,4.0,,32163
8052228,1,1,1,10,2024,2,40,4.0,700000.0,32164
8052228,1,3,1,10,2024,1,12,3.0,,32166
8052228,1,5,1,10,2024,1,6,3.0,,32168
8052231,1,1,1,10,2024,2,27,5.0,,32179
8052232,1,1,1,10,2024,2,56,3.0,,32184
8052233,1,1,1,10,2024,2,52,3.0,,32189
8052234,1,1,1,10,2024,1,29,3.0,1440000.0,32192
8052235,1,2,1,10,2024,1,75,1.0,360000.0,32194
8052236,1,2,1,10,2024,2,24,9.0,,32196
8052237,1,1,1,10,2024,2,48,8.0,360000.0,32198
8052237,1,3,1,10,2024,1,22,4.0,380000.0,32200
8052238,1,2,1,10,2024,1,36,5.0,800000.0,32204
8052239,1,2,1,10,2024,1,8,3.0,,32207
8052240,1,1,1,10,2024,2,32,8.0,,32209
8052240,1,2,1,10,2024,1,30,5.0,1600000.0,32210
8052241,1,1,1,10,2024,1,80,3.0,,32213
8052243,1,1,1,10,2024,1,28,9.0,1300000.0,32215
8052243,1,2,1,10,2024,2,27,9.0,600000.0,32216
8052243,1,4,1,10,2024,2,50,5.0,600000.0,32218
8052244,1,2,1,10,2024,2,31,3.0,,32220
8052244,1,4,1,10,2024,1,13,3.0,,32222
8052244,1,5,1,10,2024,1,9,3.0,,32223
8052245,1,2,1,10,2024,2,39,4.0,,32225
8052246,1,2,1,10,2024,1,34,3.0,1200000.0,32229
8052247,1,2,1,10,2024,2,44,1.0,80000.0,32233
8052248,1,2,1,10,2024,1,37,4.0,450000.0,32238
8052249,1,2,1,10,2024,2,35,4.0,,32241
8052249,1,3,1,10,2024,2,8,3.0,,32242
8052249,1,4,1,10,2024,2,7,3.0,,32243
8052250,1,1,1,10,2024,1,43,3.0,40000.0,32245
8052252,1,1,1,10,2024,1,35,3.0,1200000.0,32247
8052252,1,4,1,10,2024,1,2,,,32250
8052253,1,1,1,10,2024,1,25,3.0,1050000.0,32251
8052254,1,2,1,10,2024,2,32,5.0,,32253
8052255,1,1,1,10,2024,2,56,3.0,,32257
8052255,1,2,1,10,2024,1,37,5.0,300000.0,32258
8052255,1,3,1,10,2024,2,31,5.0,,32259
8052256,1,1,1,10,2024,1,34,8.0,2400000.0,32261
8052256,1,2,1,10,2024,2,71,1.0,,32262
8052256,1,4,1,10,2024,2,32,9.0,,32264
8052257,1,1,1,10,2024,2,41,4.0,,32265
8052258,1,3,1,10,2024,1,11,4.0,,32269
8052261,1,1,1,10,2024,1,74,3.0,200000.0,32275
8052265,1,3,1,10,2024,1,15,5.0,,32286
8052265,1,5,1,10,2024,2,82,1.0,,32288
8052273,1,2,1,10,2024,1,16,4.0,,32298
8052273,1,4,1,10,2024,2,12,4.0,,32300
8052273,1,5,1,10,2024,1,6,3.0,,32301
8052274,1,1,1,10,2024,2,64,1.0,,32302
8052275,1,2,1,10,2024,1,45,8.0,800000.0,32305
8052277,1,1,1,10,2024,1,50,8.0,1000000.0,32307
8052278,1,2,1,10,2024,1,26,9.0,,32311
8052280,1,1,1,10,2024,2,32,8.0,50000.0,32315
8052281,1,2,1,10,2024,2,55,8.0,120000.0,32318
8052283,1,3,1,10,2024,2,40,5.0,400000.0,32324
8052283,1,5,1,10,2024,2,14,4.0,,32326
8052285,1,3,1,10,2024,1,21,5.0,,32335
8052286,1,1,1,10,2024,2,32,5.0,,32339
8052286,1,5,1,10,2024,2,2,,,32343
8052286,1,7,1,10,2024,1,15,4.0,,32345
8052290,1,3,1,10,2024,2,44,8.0,1300000.0,32357
8052290,1,5,1,10,2024,2,4,2.0,,32359
8052291,1,2,1,10,2024,2,49,3.0,190000.0,32361
8052292,1,5,1,10,2024,1,5,2.0,,32368
8052294,1,1,1,10,2024,2,35,5.0,250000.0,32370
8052294,1,4,1,10,2024,2,2,,,32373
8052297,1,1,1,10,2024,2,43,4.0,768000.0,32375
8052297,1,2,1,10,2024,2,15,4.0,,32376
8052297,1,5,1,10,2024,2,12,3.0,,32379
8052298,1,1,1,10,2024,1,69,3.0,,32381
8052300,1,2,1,10,2024,1,55,1.0,900000.0,32386
8052301,1,2,1,10,2024,1,71,1.0,,32388
8052304,1,3,1,10,2024,2,30,5.0,,32404
8052306,1,3,1,10,2024,1,11,4.0,,32411
8052308,1,3,1,10,2024,2,57,4.0,,32415
8052311,1,1,1,10,2024,1,27,8.0,2000000.0,32418
8052311,1,2,1,10,2024,2,27,5.0,,32419
8052312,1,1,1,10,2024,1,45,5.0,1500000.0,32421
8052312,1,2,1,10,2024,2,33,3.0,,32422
8052312,1,5,1,10,2024,2,9,3.0,,32425
8052313,1,3,1,10,2024,2,18,1.0,,32429
8052315,1,1,1,10,2024,1,66,5.0,50000.0,32433
8052316,1,4,1,10,2024,1,17,5.0,,32437
8052317,1,3,1,10,2024,2,41,10.0,,32441
8052318,1,1,1,10,2024,2,47,4.0,1300000.0,32442
8052319,1,3,1,10,2024,1,2,,,32445
8052320,1,1,1,10,2024,1,33,5.0,1300000.0,32446
8052321,1,1,1,10,2024,1,59,3.0,2000000.0,32452
8052321,1,2,1,10,2024,2,39,5.0,,32453
8052321,1,6,1,10,2024,2,3,2.0,,32457
8052322,1,3,1,10,2024,1,24,4.0,336000.0,32461
8052322,1,6,1,10,2024,2,20,5.0,60000.0,32464
8052322,1,7,1,10,2024,2,0,,,32465
8052323,1,1,1,10,2024,1,25,8.0,300000.0,32466
8052323,1,2,1,10,2024,2,20,8.0,,32467
8052325,1,2,1,10,2024,2,54,1.0,,32469
8052325,1,5,1,10,2024,2,20,8.0,,32472
8052327,1,1,1,10,2024,1,59,9.0,,32474
8052327,1,2,1,10,2024,2,52,10.0,4200000.0,32475
8052328,1,2,1,10,2024,2,72,1.0,,32478
8052329,1,1,1,10,2024,2,38,5.0,,32484
8052336,1,1,1,10,2024,2,28,9.0,450000.0,32488
8052336,1,4,1,10,2024,2,0,,,32491
8052337,1,1,1,10,2024,2,51,4.0,,32492
8052337,1,2,1,10,2024,1,28,8.0,1500000.0,32493
8052338,1,3,1,10,2024,1,54,3.0,,32496
8052338,1,5,1,10,2024,1,19,4.0,,32498
8052338,1,6,1,10,2024,2,12,4.0,,32499
8052339,1,1,1,10,2024,2,81,1.0,,32500
8052340,1,1,1,10,2024,2,64,3.0,,32502
8052340,1,2,1,10,2024,1,37,1.0,,32503
8052340,1,4,1,10,2024,1,9,3.0,,32505
8052343,1,1,1,10,2024,2,42,5.0,,32512
8052345,1,3,1,10,2024,1,19,4.0,300000.0,32517
8052346,1,2,1,10,2024,2,32,5.0,600000.0,32522
8052347,1,6,1,10,2024,1,17,5.0,,32530
8052349,1,1,1,10,2024,1,56,5.0,1550000.0,32536
8052349,1,2,1,10,2024,2,56,3.0,,32537
8052349,1,4,1,10,2024,2,19,8.0,,32539
8052349,1,5,1,10,2024,1,23,8.0,1300000.0,32540
8052349,1,7,1,10,2024,1,9,3.0,,32542
8052351,1,2,1,10,2024,1,23,8.0,1000000.0,32549
8052351,1,5,1,10,2024,1,16,3.0,800000.0,32552
8052352,1,1,1,10,2024,1,58,3.0,650000.0,32555
8052352,1,2,1,10,2024,2,55,3.0,,32556
8052355,1,1,1,10,2024,2,38,4.0,,32559
8052355,1,2,1,10,2024,1,14,4.0,,32560
8052356,1,1,1,10,2024,1,49,3.0,1000000.0,32561
8052356,1,2,1,10,2024,2,53,8.0,,32562
8052360,1,1,1,10,2024,1,34,5.0,650000.0,32563
8052361,1,2,1,10,2024,1,64,3.0,,32565
8052361,1,3,1,10,2024,1,43,8.0,2200000.0,32566
8052362,1,1,1,10,2024,1,57,3.0,,32569
8052362,1,2,1,10,2024,2,46,1.0,,32570
8052363,1,1,1,10,2024,1,58,1.0,,32572
8052364,1,2,1,10,2024,2,31,4.0,180000.0,32577
8052364,1,4,1,10,2024,2,11,3.0,,32579
8052365,1,3,1,10,2024,1,22,5.0,900000.0,32582
8052366,1,2,1,10,2024,1,14,3.0,,32584
8052368,1,1,1,10,2024,2,82,1.0,,32587
8052368,1,4,1,10,2024,2,16,4.0,,32590
8052368,1,5,1,10,2024,2,15,4.0,,32591
8052368,1,7,1,10,2024,2,1,,,32593
8052369,1,2,1,10,2024,2,66,1.0,,32595
8052370,1,1,1,10,2024,1,47,3.0,1000000.0,32596
8052371,1,3,1,10,2024,2,25,8.0,800000.0,32600
8052371,1,4,1,10,2024,2,18,10.0,500000.0,32601
8052372,1,1,1,10,2024,1,62,1.0,500000.0,32602
8052372,1,2,1,10,2024,2,60,1.0,,32603
8052372,1,3,1,10,2024,2,25,5.0,300000.0,32604
8052372,1,4,1,10,2024,1,38,8.0,860000.0,32605
8052373,1,4,1,10,2024,2,10,3.0,,32610
8052375,1,3,1,10,2024,1,8,3.0,,32613
8052378,1,1,1,10,2024,1,78,1.0,,32617
8052379,1,1,1,10,2024,2,47,3.0,140000.0,32618
8052379,1,3,1,10,2024,1,50,3.0,80000.0,32620
8052380,1,1,1,10,2024,1,52,1.0,,32621
8052380,1,2,1,10,2024,1,50,1.0,850000.0,32622
8052381,1,1,1,10,2024,1,67,5.0,1600000.0,32623
8052381,1,7,1,10,2024,2,28,10.0,1300000.0,32629
8052381,1,9,1,10,2024,2,7,3.0,,32631
8052382,1,1,1,10,2024,1,70,1.0,1500000.0,32632
8052383,1,1,1,10,2024,2,32,4.0,0.0,32639
8052385,1,1,1,10,2024,1,41,5.0,900000.0,32649
8052386,1,3,1,10,2024,1,51,3.0,1500000.0,32656
8052386,1,4,1,10,2024,2,16,5.0,,32657
8052387,1,2,1,10,2024,1,37,5.0,500000.0,32660
8052388,1,2,1,10,2024,2,48,9.0,,32662
8052388,1,4,1,10,2024,2,14,4.0,,32664
8052389,1,2,1,10,2024,2,7,3.0,,32666
8052390,1,1,1,10,2024,2,42,5.0,,32668
8052390,1,2,1,10,2024,1,45,4.0,1300000.0,32669
8052391,1,2,1,10,2024,1,28,5.0,1300000.0,32673
8052392,1,2,1,10,2024,2,52,3.0,,32676
8052393,1,1,1,10,2024,1,32,8.0,1300000.0,32678
8052393,1,2,1,10,2024,2,28,5.0,250000.0,32679
8052394,1,3,1,10,2024,1,23,4.0,150000.0,32684
8052395,1,4,1,10,2024,1,66,1.0,,32691
8052396,1,3,1,10,2024,1,19,5.0,,32694
8052399,1,1,1,10,2024,2,61,3.0,300000.0,32699
8052399,1,2,1,10,2024,2,45,5.0,250000.0,32700
8052400,1,1,1,10,2024,2,52,3.0,,32703
8052400,1,3,1,10,2024,1,20,4.0,400000.0,32705
8052401,1,2,1,10,2024,1,15,4.0,,32709
8052402,1,1,1,10,2024,1,75,1.0,,32711
8052404,1,1,1,10,2024,1,67,3.0,120000.0,32713
8052405,1,3,1,10,2024,1,82,3.0,,32717
8052406,1,2,1,10,2024,1,69,5.0,800000.0,32719
8052407,1,3,1,10,2024,1,12,4.0,,32722
8052409,1,1,1,10,2024,2,52,4.0,750000.0,32724
8052410,1,1,1,10,2024,1,58,8.0,1300000.0,32726
8052411,1,4,1,10,2024,2,15,5.0,,32730
8052415,1,4,1,10,2024,1,2,,,32738
8052416,1,1,1,10,2024,2,40,3.0,40000.0,32739
8052416,1,2,1,10,2024,1,38,3.0,450000.0,32740
8052416,1,3,1,10,2024,2,18,4.0,,32741
8052416,1,4,1,10,2024,2,2,,,32742
8052416,1,5,1,10,2024,1,15,4.0,,32743
8052417,1,2,1,10,2024,1,38,1.0,600000.0,32746
8052417,1,5,1,10,2024,2,15,4.0,,32749
8052418,1,1,1,10,2024,1,65,1.0,400000.0,32750
8052420,1,1,1,10,2024,1,46,1.0,400000.0,32754
8052421,1,1,1,10,2024,1,43,1.0,,32755
8052422,1,3,1,10,2024,2,12,4.0,,32759
8052423,1,1,1,10,2024,2,48,4.0,,32763
8052423,1,2,1,10,2024,1,52,3.0,800000.0,32764
8052427,1,2,1,10,2024,2,60,3.0,,32772
8052428,1,1,1,10,2024,1,67,3.0,3000000.0,32773
8052430,1,1,1,10,2024,1,59,5.0,1000000.0,32776
8052433,1,2,1,10,2024,1,17,3.0,1300000.0,32779
8052435,1,3,1,10,2024,2,23,5.0,1500000.0,32785
8052436,1,1,1,10,2024,2,61,3.0,,32787
8052436,1,2,1,10,2024,1,65,3.0,,32788
8052437,1,2,1,10,2024,2,28,5.0,,32790
8052439,1,3,1,10,2024,1,6,3.0,,32797
8052442,1,1,1,10,2024,1,40,3.0,2050000.0,32800
8052445,1,1,1,10,2024,1,43,3.0,1300000.0,32804
8052446,1,2,1,10,2024,1,63,3.0,240000.0,32806
8052447,1,1,1,10,2024,1,82,3.0,,32808
8052447,1,2,1,10,2024,2,72,3.0,,32809
8052450,1,2,1,10,2024,2,58,3.0,100000.0,32812
8052450,1,4,1,10,2024,2,3,1.0,,32814
8052452,1,1,1,10,2024,2,23,5.0,,32817
8052454,1,2,1,10,2024,2,1,,,32823
8052455,1,1,1,10,2024,1,49,3.0,1100000.0,32824
8052456,1,2,1,10,2024,2,12,3.0,,32829
8052457,1,2,1,10,2024,1,59,3.0,1450000.0,32833
8052457,1,3,1,10,2024,2,9,3.0,,32834
8052457,1,4,1,10,2024,2,4,1.0,,32835
8052460,1,1,1,10,2024,2,63,3.0,250000.0,32840
8052461,1,1,1,10,2024,2,19,5.0,,32841
8052462,1,3,1,10,2024,1,12,4.0,,32845
8052465,1,1,1,10,2024,1,72,3.0,,32849
8052468,1,1,1,10,2024,2,66,1.0,,32857
8052469,1,1,1,10,2024,2,35,3.0,,32858
8052470,1,1,1,10,2024,2,78,1.0,,32860
8052471,1,1,1,10,2024,2,43,10.0,2700000.0,32861
8052472,1,1,1,10,2024,2,39,3.0,1200000.0,32862
8052475,1,3,1,10,2024,1,17,5.0,,32872
8052475,1,4,1,10,2024,2,14,4.0,,32873
8052476,1,2,1,10,2024,1,37,5.0,600000.0,32876
8052480,1,1,1,10,2024,1,72,3.0,450000.0,32885
8052481,1,2,1,10,2024,2,11,3.0,,32887
8052482,1,2,1,10,2024,2,41,5.0,,32890
8052484,1,1,1,10,2024,1,67,1.0,300000.0,32894
8052486,1,2,1,10,2024,1,17,3.0,1000000.0,32901
8052486,1,3,1,10,2024,2,13,4.0,,32902
8052487,1,1,1,10,2024,1,34,3.0,700000.0,32903
8052488,1,3,1,10,2024,1,14,3.0,,32906
8052490,1,1,1,10,2024,1,22,3.0,1600000.0,32909
8052491,1,1,1,10,2024,1,40,5.0,1200000.0,32913
8052491,1,3,1,10,2024,1,17,5.0,400000.0,32915
8052491,1,4,1,10,2024,2,14,4.0,,32916
8052492,1,2,1,10,2024,2,3,1.0,,32919
8052493,1,1,1,10,2024,2,35,5.0,,32920
8052493,1,3,1,10,2024,1,13,4.0,,32922
8052493,1,4,1,10,2024,1,10,4.0,,32923
8052495,1,1,1,10,2024,2,29,3.0,,32925
8052495,1,2,1,10,2024,1,10,3.0,,32926
8052496,1,4,1,10,2024,1,6,3.0,,32931
8052498,1,1,1,10,2024,2,51,4.0,,32934
8052499,1,1,1,10,2024,1,48,3.0,900000.0,32938
8052499,1,4,1,10,2024,2,5,2.0,,32941
8052501,1,1,1,10,2024,1,49,5.0,1000000.0,32943
8052503,1,1,1,10,2024,1,27,3.0,1200000.0,32948
8052503,1,2,1,10,2024,2,22,3.0,,32949
8052503,1,3,1,10,2024,2,6,3.0,,32950
8052504,1,3,1,10,2024,1,2,,,32954
8052505,1,1,1,10,2024,2,24,5.0,,32955
8052508,1,1,1,10,2024,1,29,5.0,1200000.0,32959
8052509,1,1,1,10,2024,1,48,1.0,900000.0,32962
8052509,1,2,1,10,2024,2,42,3.0,,32963
8052509,1,4,1,10,2024,2,13,3.0,,32965
8052509,1,5,1,10,2024,1,10,3.0,,32966
8052510,1,1,1,10,2024,2,25,3.0,,32967
8052511,1,2,1,10,2024,2,45,1.0,,32970
8052512,1,1,1,10,2024,1,32,3.0,1680000.0,32971
8052515,1,2,1,10,2024,1,3,1.0,,32979
8052515,1,3,1,10,2024,1,0,,,32980
8052516,1,2,1,10,2024,1,42,8.0,,32982
8052518,1,1,1,10,2024,1,75,1.0,,32987
8052523,1,1,1,10,2024,1,51,3.0,1200000.0,33000
8052523,1,4,1,10,2024,1,9,3.0,,33003
8052527,1,1,1,10,2024,1,42,8.0,1800000.0,33010
8052527,1,2,1,10,2024,2,37,5.0,,33011
8052529,1,4,1,10,2024,2,3,2.0,,33019
8052530,1,1,1,10,2024,1,50,3.0,1200000.0,33020
8052531,1,2,1,10,2024,1,52,3.0,800000.0,33022
8052534,1,1,1,10,2024,2,41,5.0,1800000.0,33029
8052538,1,1,1,10,2024,2,56,3.0,500000.0,33037
8052539,1,1,1,10,2024,1,66,3.0,,33039
8052546,1,1,1,10,2024,2,50,3.0,,33055
8052546,1,2,1,10,2024,2,20,3.0,550000.0,33056
8052547,1,2,1,10,2024,2,43,5.0,,33058
8052548,1,1,1,10,2024,1,66,3.0,,33059
8052549,1,1,1,10,2024,1,66,1.0,,33060
8052549,1,2,1,10,2024,2,71,3.0,,33061
8052549,1,3,1,10,2024,1,34,5.0,800000.0,33062
8052550,1,1,1,10,2024,2,47,5.0,,33063
8052550,1,5,1,10,2024,2,12,4.0,,33067
8052551,1,4,1,10,2024,2,16,4.0,,33071
8052551,1,6,1,10,2024,1,5,3.0,,33073
8052552,1,2,1,10,2024,2,64,5.0,,33076
8052553,1,1,1,10,2024,1,54,3.0,9000000.0,33077
8052554,1,1,1,10,2024,2,71,3.0,,33080
8052554,1,2,1,10,2024,2,26,3.0,,33081
8052556,1,1,1,10,2024,1,42,3.0,1200000.0,33089
8052557,1,1,1,10,2024,2,71,3.0,1000000.0,33090
8052558,1,1,1,10,2024,1,50,3.0,700000.0,33095
8052558,1,3,1,10,2024,2,25,5.0,500000.0,33097
8052560,1,1,1,10,2024,1,70,3.0,400000.0,33100
8052563,1,1,1,10,2024,1,28,5.0,1300000.0,33102
8052563,1,2,1,10,2024,2,24,5.0,1300000.0,33103
8052565,1,2,1,10,2024,1,27,5.0,,33110
8052567,1,1,1,10,2024,1,44,5.0,1300000.0,33114
8052567,1,3,1,10,2024,1,23,5.0,2900000.0,33116
8052567,1,6,1,10,2024,2,14,4.0,,33119
8052569,1,1,1,10,2024,1,18,5.0,1300000.0,33121
8052571,1,2,1,10,2024,1,35,5.0,1400000.0,33126
8052572,1,3,1,10,2024,2,17,5.0,,33133
8052572,1,4,1,10,2024,2,9,3.0,,33134
8052572,1,5,1,10,2024,1,1,,,33135
8052573,1,1,1,10,2024,1,46,3.0,1900000.0,33136
8052573,1,2,1,10,2024,2,38,3.0,1300000.0,33137
8052573,1,4,1,10,2024,2,14,4.0,,33139
8052574,1,1,1,10,2024,1,70,3.0,1220000.0,33141
8052576,1,1,1,10,2024,1,28,5.0,1500000.0,33144
8052576,1,2,1,10,2024,2,29,9.0,1900000.0,33145
8052580,1,1,1,10,2024,1,56,9.0,,33158
8052580,1,2,1,10,2024,2,41,3.0,,33159
8052580,1,3,1,10,2024,1,20,10.0,,33160
8052581,1,1,1,10,2024,1,44,5.0,3600000.0,33161
8052581,1,2,1,10,2024,2,41,5.0,,33162
8052583,1,1,1,10,2024,1,82,5.0,,33167
8052583,1,2,1,10,2024,2,79,3.0,,33168
8052584,1,1,1,10,2024,2,70,3.0,,33170
8052585,1,2,1,10,2024,1,46,5.0,1200000.0,33177
8052586,1,1,1,10,2024,1,60,5.0,1000000.0,33178
8052589,1,1,1,10,2024,2,76,3.0,,33181
8052590,1,1,1,10,2024,2,35,10.0,1800000.0,33182
8052590,1,3,1,10,2024,2,16,5.0,,33184
8052590,1,4,1,10,2024,1,9,3.0,,33185
8052591,1,1,1,10,2024,1,54,4.0,1500000.0,33186
8052592,1,1,1,10,2024,2,50,1.0,480000.0,33189
8052593,1,3,1,10,2024,1,13,4.0,,33193
8052593,1,4,1,10,2024,1,94,3.0,,33194
8052594,1,2,1,10,2024,2,41,4.0,850000.0,33196
8052596,1,2,1,10,2024,2,51,3.0,1200000.0,33202
8052597,1,1,1,10,2024,1,41,10.0,3500000.0,33203
8052598,1,1,1,10,2024,2,35,10.0,2000000.0,33205
8052599,1,1,1,10,2024,2,85,1.0,,33206
8052600,1,2,1,10,2024,1,69,3.0,,33211
8052601,1,2,1,10,2024,2,68,3.0,,33216
8052601,1,3,1,10,2024,2,49,5.0,,33217
8052602,1,1,1,10,2024,2,29,10.0,1650000.0,33218
8052604,1,1,1,10,2024,2,75,3.0,,33223
8052606,1,1,1,10,2024,2,63,3.0,,33226
8052608,1,4,1,10,2024,2,26,4.0,900000.0,33233
8052608,1,6,1,10,2024,2,2,,,33235
8052610,1,2,1,10,2024,1,34,3.0,,33240
8052611,1,1,1,10,2024,1,52,3.0,,33243
8052614,1,1,1,10,2024,2,74,3.0,,33248
8052615,1,2,1,10,2024,2,63,5.0,,33250
8052616,1,1,1,10,2024,2,38,6.0,800000.0,33251
8052620,1,1,1,10,2024,1,45,10.0,3800000.0,33257
8052621,1,1,1,10,2024,2,64,5.0,,33259
8052623,1,2,1,10,2024,1,31,10.0,,33261
8052623,1,4,1,10,2024,2,4,2.0,,33263
8052624,1,1,1,10,2024,2,57,1.0,,33264
8052627,1,1,1,10,2024,1,74,3.0,,33269
8052629,1,4,1,10,2024,2,14,4.0,,33277
8052630,1,2,1,10,2024,2,41,6.0,,33279
8052632,1,1,1,10,2024,1,41,8.0,,33286
8052633,1,1,1,10,2024,2,40,4.0,1160000.0,33288
8052635,1,4,1,10,2024,1,54,5.0,1300000.0,33298
8052636,1,2,1,10,2024,2,60,5.0,,33300
8052636,1,4,1,10,2024,2,2,,,33302
8052638,1,2,1,10,2024,2,61,5.0,1500000.0,33309
8052651,1,1,1,10,2024,2,65,3.0,,33313
8052652,1,1,1,10,2024,1,60,3.0,2000000.0,33314
8052653,1,1,1,10,2024,1,56,13.0,5000000.0,33318
8052653,1,2,1,10,2024,2,56,5.0,,33319
8052653,1,3,1,10,2024,1,17,5.0,,33320
8052656,1,3,1,10,2024,2,21,9.0,,33329
8052656,1,5,1,10,2024,2,1,,,33331
8052657,1,1,1,10,2024,1,68,10.0,5000000.0,33332
8052660,1,1,1,10,2024,1,41,5.0,1000000.0,33337
8052660,1,3,1,10,2024,2,14,4.0,,33339
8052661,1,3,1,10,2024,1,20,9.0,400000.0,33345
8052665,1,3,1,10,2024,2,21,8.0,,33354
8052665,1,4,1,10,2024,2,27,5.0,0.0,33355
8052666,1,2,1,10,2024,2,89,3.0,,33359
8052669,1,2,1,10,2024,1,42,5.0,1800000.0,33363
8052671,1,2,1,10,2024,2,38,4.0,120000.0,33368
8052671,1,3,1,10,2024,1,20,4.0,800000.0,33369
8052671,1,4,1,10,2024,2,14,4.0,,33370
8052677,1,1,1,10,2024,2,48,3.0,340000.0,33372
8052677,1,3,1,10,2024,1,22,4.0,600000.0,33374
8052691,1,1,1,10,2024,2,38,5.0,1300000.0,33375
8052698,1,1,1,10,2024,2,33,5.0,,33380
8052698,1,2,1,10,2024,2,3,1.0,,33381
8052698,1,5,1,10,2024,1,1,,,33384
8052702,1,4,1,10,2024,1,72,1.0,,33392
8052702,1,7,1,10,2024,2,7,3.0,,33395
8052704,1,2,1,10,2024,2,20,4.0,240000.0,33399
8052704,1,4,1,10,2024,1,3,1.0,,33401
8052707,1,1,1,10,2024,1,76,3.0,1500000.0,33411
8052707,1,2,1,10,2024,2,74,3.0,,33412
8052708,1,1,1,10,2024,2,76,3.0,,33413
8052712,1,1,1,10,2024,2,60,3.0,,33414
8052713,1,4,1,10,2024,1,69,1.0,,33418
8052714,1,1,1,10,2024,2,33,4.0,1250000.0,33419
8052715,1,2,1,10,2024,2,53,1.0,,33422
8052717,1,2,1,10,2024,2,40,3.0,1375000.0,33425
8052718,1,2,1,10,2024,1,67,1.0,,33427
8052721,1,2,1,10,2024,2,38,3.0,450000.0,33433
8052728,1,2,1,10,2024,2,26,4.0,,33450
8052729,1,2,1,10,2024,2,66,5.0,,33454
8052730,1,2,1,10,2024,2,23,5.0,,33456
8052731,1,2,1,10,2024,1,65,3.0,1540000.0,33459
8052734,1,2,1,10,2024,2,44,3.0,200000.0,33462
8052737,1,3,1,10,2024,1,29,5.0,1200000.0,33473
8052737,1,5,1,10,2024,1,2,,,33475
8052738,1,1,1,10,2024,2,76,3.0,,33476
8052740,1,1,1,10,2024,1,65,3.0,,33480
8052745,1,4,1,10,2024,2,10,3.0,,33493
8052745,1,5,1,10,2024,2,40,3.0,,33494
8052748,1,1,1,10,2024,1,48,4.0,1160000.0,33500
8052748,1,2,1,10,2024,2,63,4.0,,33501
8052748,1,3,1,10,2024,2,22,5.0,,33502
8052751,1,1,1,10,2024,1,25,4.0,900000.0,33508
8052755,1,1,1,10,2024,1,39,3.0,1600000.0,33512
8052756,1,1,1,10,2024,1,58,3.0,2300000.0,33513
8052758,1,2,1,10,2024,2,41,3.0,,33516
8052760,1,3,1,10,2024,1,21,8.0,,33523
8052762,1,1,1,10,2024,1,47,4.0,1700000.0,33529
8052763,1,1,1,10,2024,1,76,1.0,,33532
8052764,1,1,1,10,2024,1,58,3.0,3900000.0,33534
8052765,1,1,1,10,2024,1,50,3.0,1700000.0,33536
8052765,1,3,1,10,2024,1,23,10.0,1300000.0,33538
8052766,1,1,1,10,2024,1,50,3.0,800000.0,33541
8052766,1,5,1,10,2024,2,5,3.0,,33545
8052767,1,2,1,10,2024,2,28,10.0,,33547
8052770,1,2,1,10,2024,2,25,8.0,2000000.0,33553
8052772,1,2,1,10,2024,2,62,1.0,,33555
8052773,1,3,1,10,2024,1,77,1.0,320000.0,33558
8052774,1,2,1,10,2024,2,22,5.0,1300000.0,33560
8052775,1,2,1,10,2024,1,39,4.0,,33562
8052776,1,1,1,10,2024,2,79,3.0,,33565
8052776,1,3,1,10,2024,2,11,4.0,,33567
8052777,1,4,1,10,2024,1,16,4.0,0.0,33572
8052778,1,2,1,10,2024,1,23,6.0,2600000.0,33574
8052784,1,1,1,10,2024,1,54,4.0,2200000.0,33583
8052784,1,2,1,10,2024,2,51,3.0,400000.0,33584
8052785,1,3,1,10,2024,1,25,6.0,,33589
8052788,1,4,1,10,2024,2,17,4.0,,33599
8052791,1,3,1,10,2024,2,50,3.0,1300000.0,33604
8052791,1,5,1,10,2024,1,29,5.0,1200000.0,33606
8052791,1,6,1,10,2024,1,8,3.0,,33607
8052792,1,1,1,10,2024,2,68,1.0,,33612
8052795,1,3,1,10,2024,2,11,3.0,,33623
8052797,1,1,1,10,2024,1,46,5.0,1000000.0,33625
8052800,1,1,1,10,2024,1,70,3.0,,33628
8052804,1,3,1,10,2024,2,18,5.0,,33633
8052807,1,1,1,10,2024,1,74,3.0,600000.0,33637
8052807,1,4,1,10,2024,1,12,4.0,,33640
8052809,1,1,1,10,2024,2,64,5.0,,33642
8052810,1,1,1,10,2024,2,53,1.0,1300000.0,33643
8052813,1,4,1,10,2024,2,4,2.0,,33650
8052814,1,2,1,10,2024,2,51,4.0,,33653
8052814,1,3,1,10,2024,2,22,5.0,,33654
8052816,1,1,1,10,2024,2,43,5.0,,33660
8052816,1,2,1,10,2024,1,47,5.0,1200000.0,33661
8052817,1,1,1,10,2024,2,64,3.0,,33665
8052822,1,1,1,10,2024,1,34,8.0,3200000.0,33677
8052825,1,3,1,10,2024,2,28,10.0,,33688
8052826,1,4,1,10,2024,1,12,4.0,,33692
8052827,1,1,1,10,2024,1,30,4.0,1700000.0,33695
8052828,1,1,1,10,2024,1,37,5.0,1300000.0,33697
8052829,1,4,1,10,2024,2,14,4.0,,33704
8052831,1,1,1,10,2024,1,33,3.0,1500000.0,33708
8052834,1,2,1,10,2024,2,23,10.0,3000000.0,33716
8052837,1,1,1,10,2024,1,59,6.0,3000000.0,33725
8052838,1,1,1,10,2024,1,65,5.0,,33727
8052843,1,3,1,10,2024,1,21,8.0,1300000.0,33737
8052844,1,1,1,10,2024,1,44,3.0,2100000.0,33740
8052844,1,3,1,10,2024,2,21,8.0,3200000.0,33742
8052846,1,1,1,10,2024,2,60,3.0,,33747
8052847,1,1,1,10,2024,1,54,4.0,15000000.0,33750
8052847,1,2,1,10,2024,2,51,4.0,,33751
8052849,1,2,1,10,2024,1,24,5.0,750000.0,33754
8052852,1,1,1,10,2024,2,25,5.0,,33760
8052854,1,3,1,10,2024,1,5,2.0,,33767
8052857,1,1,1,10,2024,2,34,5.0,1300000.0,33772
8052861,1,1,1,10,2024,2,69,3.0,31000.0,33780
8052862,1,1,1,10,2024,1,49,8.0,400000.0,33781
8052863,1,1,1,10,2024,1,54,5.0,1700000.0,33785
8052869,1,1,1,10,2024,1,36,1.0,750000.0,33791
8052869,1,2,1,10,2024,2,43,3.0,,33792
8052869,1,3,1,10,2024,2,19,4.0,,33793
8052869,1,5,1,10,2024,2,0,,,33795
8052872,1,2,1,10,2024,1,3,1.0,,33801
8052874,1,3,1,10,2024,2,4,1.0,,33805
8052875,1,2,1,10,2024,2,85,1.0,,33807
8052879,1,1,1,10,2024,2,39,12.0,3800000.0,33816
8052881,1,2,1,10,2024,2,43,10.0,3500000.0,33819
8052884,1,2,1,10,2024,2,65,3.0,,33826
8052888,1,1,1,10,2024,1,45,5.0,600000.0,33829
8052888,1,4,1,10,2024,1,13,4.0,,33832
8052889,1,4,1,10,2024,2,42,5.0,,33836
8052889,1,5,1,10,2024,1,14,5.0,,33837
8052891,1,2,1,10,2024,2,60,1.0,,33843
8052893,1,2,1,10,2024,2,57,3.0,,33846
8052894,1,2,1,10,2024,1,33,10.0,1300000.0,33849
8052895,1,4,1,10,2024,1,17,5.0,,33853
8052896,1,2,1,10,2024,2,65,3.0,,33855
8052897,1,1,1,10,2024,1,60,3.0,650000.0,33856
8052898,1,3,1,10,2024,2,23,5.0,,33862
8052900,1,1,1,10,2024,2,23,5.0,400000.0,33866
8052900,1,3,1,10,2024,1,5,2.0,,33868
8052901,1,1,1,10,2024,2,30,4.0,948000.0,33869
8052901,1,2,1,10,2024,2,12,4.0,,33870
8052904,1,1,1,10,2024,2,24,8.0,2000000.0,33876
8052909,1,1,1,10,2024,1,38,4.0,1300000.0,33884
8052909,1,2,1,10,2024,2,32,5.0,,33885
8052909,1,4,1,10,2024,2,1,,,33887
8052911,1,1,1,10,2024,2,22,4.0,2050000.0,33891
8052914,1,1,1,10,2024,1,52,7.0,2600000.0,33895
8052914,1,3,1,10,2024,2,21,10.0,,33897
8052914,1,5,1,10,2024,2,16,5.0,,33899
8052915,1,2,1,10,2024,2,34,10.0,,33903
8052917,1,4,1,10,2024,2,6,3.0,,33910
8052918,1,3,1,10,2024,1,13,4.0,,33913
8052919,1,2,1,10,2024,1,15,4.0,,33915
8052919,1,3,1,10,2024,1,12,4.0,,33916
8052922,1,1,1,10,2024,2,32,5.0,1020000.0,33918
8052922,1,2,1,10,2024,2,12,3.0,,33919
8052923,1,3,1,10,2024,2,0,,,33924
8052924,1,1,1,10,2024,1,61,1.0,400000.0,33925
8052926,1,2,1,10,2024,2,27,4.0,,33931
8052926,1,3,1,10,2024,2,9,3.0,,33932
8052930,1,2,1,10,2024,2,44,3.0,,33941
8052930,1,3,1,10,2024,1,16,5.0,,33942
8052930,1,4,1,10,2024,1,14,5.0,,33943
8052930,1,5,1,10,2024,2,13,4.0,,33944
8052930,1,6,1,10,2024,1,3,1.0,,33945
8052931,1,1,1,10,2024,1,66,4.0,760000.0,33946
8052932,1,3,1,10,2024,2,15,5.0,,33950
8052932,1,5,1,10,2024,2,9,3.0,,33952
8052934,1,3,1,10,2024,2,26,9.0,1300000.0,33959
8052935,1,1,1,10,2024,1,55,3.0,600000.0,33961
8052938,1,3,1,10,2024,2,8,3.0,,33969
8052939,1,1,1,10,2024,1,55,3.0,1300000.0,33970
8052940,1,1,1,10,2024,1,24,9.0,2800000.0,33975
8052941,1,4,1,10,2024,1,24,3.0,600000.0,33980
8052942,1,1,1,10,2024,1,24,6.0,1800000.0,33982
8052942,1,4,1,10,2024,2,22,8.0,,33985
8052943,1,1,1,10,2024,1,37,5.0,1300000.0,33986
8052943,1,3,1,10,2024,2,7,3.0,,33988
8052948,1,4,1,10,2024,1,12,3.0,,34003
8052950,1,1,1,10,2024,1,81,3.0,,34006
8052951,1,3,1,10,2024,1,10,3.0,,34010
8052952,1,1,1,10,2024,1,32,3.0,1300000.0,34012
8052954,1,1,1,10,2024,2,21,5.0,800000.0,34018
8052956,1,1,1,10,2024,1,72,3.0,,34022
8052956,1,3,1,10,2024,1,37,5.0,200000.0,34024
8052957,1,3,1,10,2024,2,16,5.0,,34027
8052958,1,1,1,10,2024,1,22,5.0,1500000.0,34028
8052960,1,1,1,10,2024,2,47,5.0,430000.0,34031
8052960,1,4,1,10,2024,1,48,1.0,,34034
8052961,1,1,1,10,2024,2,51,3.0,250000.0,34037
8052962,1,1,1,10,2024,2,53,5.0,1462000.0,34041
8052965,1,2,1,10,2024,2,29,5.0,130000.0,34053
8052966,1,3,1,10,2024,2,15,4.0,,34057
8052971,1,2,1,10,2024,2,36,4.0,150000.0,34068
8052971,1,3,1,10,2024,1,20,5.0,,34069
8052971,1,4,1,10,2024,2,15,4.0,,34070
8052972,1,2,1,10,2024,2,11,4.0,,34072
8052975,1,1,1,10,2024,2,62,3.0,,34079
8052976,1,2,1,10,2024,2,28,5.0,,34081
8052979,1,1,1,10,2024,1,50,5.0,1270000.0,34087
8052980,1,1,1,10,2024,1,63,3.0,600000.0,34091
8052980,1,2,1,10,2024,2,88,3.0,,34092
8052981,1,2,1,10,2024,2,39,1.0,,34094
8052982,1,2,1,10,2024,2,57,3.0,,34096
8052983,1,3,1,10,2024,1,16,5.0,,34099
8052984,1,2,1,10,2024,1,65,1.0,,34101
8052984,1,5,1,10,2024,1,41,4.0,,34104
8052984,1,6,1,10,2024,1,22,5.0,600000.0,34105
8052984,1,10,1,10,2024,2,37,4.0,650000.0,34109
8052984,1,17,1,10,2024,2,24,4.0,60000.0,34116
8052984,1,18,1,10,2024,2,41,5.0,200000.0,34117
8052986,1,3,1,10,2024,1,64,1.0,,34123
8052986,1,5,1,10,2024,1,21,4.0,150000.0,34125
8052986,1,7,1,10,2024,2,56,3.0,,34127
8052986,1,8,1,10,2024,1,16,4.0,,34128
8052987,1,2,1,10,2024,1,8,3.0,,34131
8052989,1,7,1,10,2024,2,22,5.0,,34144
8052991,1,4,1,10,2024,1,29,8.0,,34153
8052992,1,1,1,10,2024,1,42,10.0,100000.0,34154
8052993,1,1,1,10,2024,1,56,5.0,650000.0,34158
8052993,1,2,1,10,2024,2,42,3.0,400000.0,34159
8052995,1,1,1,10,2024,1,50,5.0,1000000.0,34163
8052996,1,4,1,10,2024,2,87,3.0,,34169
8052999,1,2,1,10,2024,2,1,,,34175
8053001,1,1,1,10,2024,2,51,3.0,220000.0,34179
8053004,1,1,1,10,2024,2,39,5.0,1300000.0,34189
8053004,1,4,1,10,2024,2,1,,,34192
8053005,1,2,1,10,2024,2,10,3.0,,34194
8053007,1,2,1,10,2024,1,56,3.0,500000.0,34197
8053007,1,3,1,10,2024,2,28,8.0,,34198
8053010,1,1,1,10,2024,1,33,3.0,0.0,34202
8053011,1,4,1,10,2024,2,8,3.0,,34208
8053013,1,3,1,10,2024,2,17,5.0,,34214
8053015,1,2,1,10,2024,1,28,4.0,500000.0,34219
8053016,1,1,1,10,2024,2,30,5.0,420000.0,34222
8053017,1,1,1,10,2024,2,60,4.0,,34225
8053017,1,2,1,10,2024,2,26,5.0,150000.0,34226
8053018,1,4,1,10,2024,2,12,4.0,,34231
8053020,1,2,1,10,2024,1,51,3.0,900000.0,34234
8053020,1,4,1,10,2024,1,8,3.0,,34236
8053022,1,1,1,10,2024,1,54,5.0,600000.0,34241
8053022,1,2,1,10,2024,2,50,5.0,500000.0,34242
8053022,1,3,1,10,2024,2,19,5.0,80000.0,34243
8053023,1,2,1,10,2024,1,70,3.0,,34247
8053024,1,1,1,10,2024,2,53,3.0,,34248
8053024,1,2,1,10,2024,1,55,1.0,250000.0,34249
8053027,1,3,1,10,2024,2,19,5.0,,34256
8053029,1,5,1,10,2024,2,16,4.0,,34265
8053030,1,1,1,10,2024,1,67,3.0,,34266
8053030,1,3,1,10,2024,2,41,5.0,600000.0,34268
8053030,1,4,1,10,2024,1,49,5.0,600000.0,34269
8053034,1,1,1,10,2024,1,67,3.0,,34273
8053034,1,2,1,10,2024,2,59,5.0,1300000.0,34274
8053034,1,4,1,10,2024,2,32,10.0,3200000.0,34276
8053036,1,2,1,10,2024,2,28,12.0,2800000.0,34279
8053037,1,2,1,10,2024,2,45,5.0,,34281
8053038,1,4,1,10,2024,2,44,4.0,1300000.0,34287
8053038,1,8,1,10,2024,2,29,5.0,,34291
8053039,1,2,1,10,2024,2,50,9.0,,34294
8053040,1,1,1,10,2024,1,51,9.0,,34296
8053041,1,1,1,10,2024,1,35,10.0,4000000.0,34298
8053041,1,3,1,10,2024,2,10,3.0,,34300
8053043,1,1,1,10,2024,2,42,10.0,5800000.0,34302
8053046,1,1,1,10,2024,1,53,5.0,,34307
8053046,1,2,1,10,2024,2,53,11.0,8000000.0,34308
8053047,1,1,1,10,2024,1,70,10.0,,34309
8053047,1,2,1,10,2024,2,68,5.0,,34310
8053054,1,1,1,10,2024,1,33,10.0,1738000.0,34316
8053057,1,1,1,10,2024,2,22,5.0,,34320
8053057,1,3,1,10,2024,1,2,,,34322
8053062,1,1,1,10,2024,2,48,10.0,1800000.0,34332
8053062,1,2,1,10,2024,2,22,8.0,,34333
8053063,1,2,1,10,2024,2,34,9.0,2000000.0,34335
8053064,1,1,1,10,2024,1,46,5.0,1300000.0,34336
8053064,1,2,1,10,2024,2,47,8.0,3900000.0,34337
8053069,1,2,1,10,2024,2,51,11.0,10080000.0,34343
8053071,1,2,1,10,2024,2,39,9.0,,34346
8053075,1,1,1,10,2024,1,51,5.0,1500000.0,34348
8053078,1,2,1,10,2024,1,53,5.0,1650000.0,34352
8053080,1,2,1,10,2024,2,26,8.0,2300000.0,34354
8053080,1,3,1,10,2024,1,1,,,34355
8053081,1,1,1,10,2024,1,56,5.0,,34356
8053087,1,2,1,10,2024,1,37,5.0,,34362
8053087,1,4,1,10,2024,2,27,8.0,1400000.0,34364
8053091,1,1,1,10,2024,2,49,9.0,1600000.0,34373
8053092,1,1,1,10,2024,2,61,5.0,,34375
8053093,1,2,1,10,2024,1,68,3.0,,34377
8053093,1,3,1,10,2024,1,65,3.0,,34378
8053095,1,2,1,10,2024,1,15,4.0,,34380
8053096,1,2,1,10,2024,2,15,4.0,,34382
8053097,1,1,1,10,2024,1,97,3.0,,34384
8053097,1,2,1,10,2024,2,94,7.0,,34385
8053100,1,2,1,10,2024,1,9,3.0,,34393
8053102,1,1,1,10,2024,1,24,9.0,900000.0,34396
8053103,1,1,1,10,2024,2,29,9.0,1300000.0,34398
8053104,1,2,1,10,2024,1,28,5.0,1300000.0,34401
8053104,1,3,1,10,2024,2,4,2.0,,34402
8053106,1,6,1,10,2024,1,51,5.0,,34411
8053107,1,3,1,10,2024,2,18,10.0,,34414
8053107,1,4,1,10,2024,1,12,3.0,,34415
8053107,1,5,1,10,2024,1,21,9.0,1300000.0,34416
8053108,1,1,1,10,2024,1,34,5.0,2100000.0,34417
8053109,1,1,1,10,2024,1,65,5.0,,34418
8053109,1,2,1,10,2024,2,57,4.0,2000000.0,34419
8053110,1,2,1,10,2024,2,40,10.0,4132000.0,34422
8053111,1,1,1,10,2024,1,30,8.0,1300000.0,34426
8053112,1,2,1,10,2024,2,48,5.0,450000.0,34431
8053112,1,4,1,10,2024,1,29,10.0,,34433
8053120,1,2,1,10,2024,2,40,5.0,,34439
8053127,1,1,1,10,2024,1,42,8.0,2000000.0,34445
8053127,1,3,1,10,2024,2,14,4.0,,34447
8053127,1,4,1,10,2024,2,6,3.0,,34448
8053135,1,3,1,10,2024,2,11,4.0,,34455
8053141,1,1,1,10,2024,2,38,10.0,11000000.0,34462
8053145,1,3,1,10,2024,1,22,10.0,,34471
8053146,1,1,1,10,2024,1,30,9.0,1300000.0,34473
8053151,1,1,1,10,2024,1,81,4.0,,34483
8053155,1,1,1,10,2024,2,35,5.0,,34491
8053155,1,5,1,10,2024,2,59,3.0,,34495
8053157,1,3,1,10,2024,2,24,8.0,1300000.0,34501
8053158,1,1,1,10,2024,1,75,5.0,,34503
8053159,1,1,1,10,2024,2,32,11.0,5100000.0,34507
8053159,1,2,1,10,2024,1,40,11.0,13100000.0,34508
8053164,1,1,1,10,2024,1,51,5.0,1500000.0,34516
8053164,1,2,1,10,2024,2,52,5.0,,34517
8053169,1,1,1,10,2024,1,77,3.0,,34524
8053169,1,3,1,10,2024,2,53,3.0,,34526
8053173,1,2,1,10,2024,2,73,3.0,,34532
8053176,1,1,1,10,2024,1,36,11.0,8000000.0,34536
8053180,1,1,1,10,2024,1,67,5.0,2000000.0,34542
8053181,1,3,1,10,2024,1,26,5.0,,34546
8053181,1,4,1,10,2024,1,17,5.0,,34547
8053181,1,5,1,10,2024,2,30,5.0,1300000.0,34548
8053183,1,1,1,10,2024,1,69,1.0,500000.0,34553
8053183,1,2,1,10,2024,2,64,3.0,,34554
8053184,1,4,1,10,2024,2,11,3.0,,34558
8053187,1,2,1,10,2024,2,54,3.0,1518000.0,34564
8053187,1,3,1,10,2024,1,35,5.0,1733000.0,34565
8053187,1,4,1,10,2024,1,5,2.0,,34566
8053191,1,4,1,10,2024,2,11,4.0,,34576
8053192,1,1,1,10,2024,2,48,8.0,1500000.0,34577
8053192,1,2,1,10,2024,1,57,5.0,4000000.0,34578
8053193,1,2,1,10,2024,2,33,8.0,,34581
8053193,1,3,1,10,2024,1,12,4.0,,34582
8053193,1,4,1,10,2024,2,7,3.0,,34583
8053195,1,1,1,10,2024,1,33,5.0,2000000.0,34587
8053198,1,1,1,10,2024,2,23,8.0,600000.0,34588
8053198,1,2,1,10,2024,2,7,3.0,,34589
8053203,1,1,1,10,2024,2,69,4.0,,34600
8053205,1,1,1,10,2024,1,33,5.0,3000000.0,34601
8053209,1,1,1,10,2024,1,34,10.0,1300000.0,34609
8053210,1,1,1,10,2024,1,49,5.0,1300000.0,34613
8053211,1,2,1,10,2024,2,53,3.0,,34616
8053212,1,2,1,10,2024,2,51,3.0,,34618
8053212,1,3,1,10,2024,1,11,3.0,,34619
8053216,1,4,1,10,2024,1,18,10.0,180000.0,34626
8053216,1,5,1,10,2024,2,8,3.0,,34627
8053216,1,6,1,10,2024,2,73,4.0,,34628
8053216,1,7,1,10,2024,1,41,4.0,,34629
8053221,1,3,1,10,2024,1,14,4.0,,34635
8053222,1,5,1,10,2024,1,20,5.0,,34640
8053223,1,3,1,10,2024,2,45,8.0,1300000.0,34643
8053224,1,2,1,10,2024,2,57,5.0,0.0,34645
8053225,1,2,1,10,2024,1,20,6.0,,34649
8053226,1,3,1,10,2024,1,7,3.0,,34652
8053227,1,2,1,10,2024,1,54,9.0,1450000.0,34654
8053227,1,3,1,10,2024,2,26,10.0,,34655
8053230,1,1,1,10,2024,1,47,8.0,1300000.0,34662
8053230,1,2,1,10,2024,1,22,10.0,,34663
8053231,1,1,1,10,2024,2,63,8.0,,34664
8053231,1,2,1,10,2024,1,62,8.0,1800000.0,34665
8053232,1,1,1,10,2024,2,27,8.0,2820000.0,34666
8053232,1,3,1,10,2024,1,2,,,34668
8053233,1,5,1,10,2024,2,23,5.0,650000.0,34674
8053235,1,2,1,10,2024,2,54,5.0,,34678
8053238,1,2,1,10,2024,2,15,5.0,,34682
8053240,1,2,1,10,2024,2,24,10.0,800000.0,34687
8053240,1,3,1,10,2024,2,6,3.0,,34688
8053242,1,2,1,10,2024,2,35,10.0,1300000.0,34693
8053244,1,1,1,10,2024,1,54,3.0,,34698
8053246,1,1,1,10,2024,2,62,3.0,,34700
8053246,1,2,1,10,2024,2,29,12.0,2500000.0,34701
8053246,1,3,1,10,2024,2,89,3.0,,34702
8053247,1,1,1,10,2024,1,48,5.0,,34703
8053247,1,3,1,10,2024,1,14,4.0,,34705
8053248,1,2,1,10,2024,2,58,4.0,,34709
8053251,1,2,1,10,2024,1,18,4.0,,34714
8053254,1,1,1,10,2024,1,74,9.0,,34716
8053254,1,2,1,10,2024,2,68,6.0,,34717
8053254,1,3,1,10,2024,2,35,10.0,5200000.0,34718
8053255,1,1,1,10,2024,1,44,5.0,3000000.0,34721
8053256,1,1,1,10,2024,2,42,10.0,2000000.0,34724
8053256,1,4,1,10,2024,2,4,2.0,,34727
8053257,1,2,1,10,2024,1,24,9.0,1300000.0,34729
8053258,1,1,1,10,2024,1,71,4.0,,34731
8053259,1,1,1,10,2024,2,81,3.0,,34732
8053259,1,2,1,10,2024,2,61,4.0,,34733
8053260,1,1,1,10,2024,1,30,5.0,2000000.0,34734
8053262,1,1,1,10,2024,1,75,3.0,,34737
8053262,1,2,1,10,2024,2,72,8.0,,34738
8053262,1,5,1,10,2024,2,52,5.0,2300000.0,34741
8053266,1,1,1,10,2024,2,23,5.0,3000000.0,34748
8053274,1,4,1,10,2024,2,10,3.0,,34752
8053275,1,1,1,10,2024,2,57,4.0,460000.0,34753
8053275,1,2,1,10,2024,2,33,5.0,,34754
8053275,1,4,1,10,2024,1,13,4.0,,34756
8053275,1,6,1,10,2024,1,4,1.0,,34758
8053277,1,1,1,10,2024,1,62,3.0,700000.0,34759
8053277,1,3,1,10,2024,1,17,5.0,,34761
8053277,1,5,1,10,2024,2,6,3.0,,34763
8053278,1,2,1,10,2024,2,56,5.0,,34766
8053278,1,3,1,10,2024,1,10,3.0,,34767
8053282,1,2,1,10,2024,1,63,3.0,240000.0,34777
8053285,1,2,1,10,2024,2,41,10.0,3300000.0,34787
8053287,1,1,1,10,2024,1,61,3.0,600000.0,34791
8053289,1,1,1,10,2024,1,38,8.0,1500000.0,34798
8053294,1,1,1,10,2024,1,56,5.0,1350000.0,34803
8053296,1,3,1,10,2024,2,40,3.0,1400000.0,34810
8053297,1,2,1,10,2024,1,46,9.0,150000.0,34812
8053297,1,3,1,10,2024,2,39,10.0,1700000.0,34813
8053298,1,2,1,10,2024,2,43,10.0,800000.0,34815
8053300,1,2,1,10,2024,2,40,8.0,450000.0,34820
8053300,1,4,1,10,2024,1,15,4.0,,34822
8053300,1,7,1,10,2024,1,65,4.0,600000.0,34825
8053303,1,3,1,10,2024,1,39,9.0,2500000.0,34835
8053304,1,3,1,10,2024,2,15,4.0,,34838
8053306,1,1,1,10,2024,2,65,3.0,,34841
8053307,1,3,1,10,2024,1,6,3.0,,34845
8053307,1,4,1,10,2024,2,55,4.0,120000.0,34846
8053308,1,3,1,10,2024,1,11,3.0,,34849
8053311,1,3,1,10,2024,1,23,8.0,360000.0,34858
8053312,1,2,1,10,2024,2,59,4.0,,34860
8053312,1,3,1,10,2024,1,37,5.0,,34861
8053314,1,2,1,10,2024,2,74,5.0,,34865
8053315,1,2,1,10,2024,2,68,10.0,,34868
8053315,1,4,1,10,2024,1,41,10.0,,34870
8053315,1,6,1,10,2024,1,50,5.0,1500000.0,34872
8053316,1,3,1,10,2024,1,17,8.0,,34876
8053318,1,4,1,10,2024,2,11,4.0,,34881
8053319,1,1,1,10,2024,1,27,10.0,,34882
8053319,1,3,1,10,2024,1,25,10.0,,34884
8053319,1,4,1,10,2024,2,33,10.0,,34885
8053320,1,1,1,10,2024,2,65,4.0,,34887
8053320,1,2,1,10,2024,2,96,3.0,,34888
8053321,1,2,1,10,2024,2,58,5.0,,34890
8053323,1,1,1,10,2024,2,47,10.0,1800000.0,34892
8053326,1,1,1,10,2024,1,30,10.0,8000000.0,34895
8053326,1,2,1,10,2024,2,24,10.0,,34896
8053327,1,1,1,10,2024,1,23,10.0,,34897
8053327,1,2,1,10,2024,2,20,10.0,,34898
8053330,1,4,1,10,2024,1,90,1.0,,34907
8053331,1,2,1,10,2024,2,26,8.0,,34909
8053331,1,3,1,10,2024,1,15,5.0,,34910
8053336,1,2,1,10,2024,2,64,10.0,,34922
8053336,1,5,1,10,2024,2,37,10.0,,34925
8053342,1,1,1,10,2024,2,55,5.0,1000000.0,34930
8053343,1,1,1,10,2024,2,66,5.0,,34932
8053343,1,4,1,10,2024,2,43,8.0,1300000.0,34935
8053345,1,2,1,10,2024,2,39,10.0,2800000.0,34940
8053345,1,3,1,10,2024,1,13,4.0,,34941
8053345,1,4,1,10,2024,2,6,3.0,,34942
8053348,1,5,1,10,2024,1,22,5.0,900000.0,34947
8053348,1,7,1,10,2024,2,7,3.0,,34949
8053349,1,1,1,10,2024,2,79,1.0,,34951
8053349,1,5,1,10,2024,1,15,5.0,,34955
8053349,1,6,1,10,2024,1,12,4.0,,34956
8053353,1,2,1,10,2024,2,48,5.0,,34965
8053353,1,3,1,10,2024,2,23,5.0,600000.0,34966
8053353,1,4,1,10,2024,1,22,5.0,1200000.0,34967
8053353,1,5,1,10,2024,1,29,5.0,1465000.0,34968
8053354,1,3,1,10,2024,2,12,4.0,,34971
8053355,1,1,1,10,2024,1,82,3.0,,34976
8053355,1,4,1,10,2024,2,55,5.0,723000.0,34979
8053356,1,5,1,10,2024,2,6,3.0,,34984
8053357,1,3,1,10,2024,1,19,8.0,400000.0,34987
8053357,1,4,1,10,2024,1,14,4.0,,34988
8053360,1,2,1,10,2024,2,54,4.0,,34996
8053360,1,3,1,10,2024,2,29,4.0,,34997
8053360,1,8,1,10,2024,2,26,5.0,,35002
8053363,1,1,1,10,2024,1,57,4.0,3500000.0,35005
8053363,1,2,1,10,2024,2,62,5.0,,35006
8053366,1,1,1,10,2024,1,41,5.0,2500000.0,35011
8053366,1,2,1,10,2024,2,28,10.0,1450000.0,35012
8053367,1,1,1,10,2024,1,69,11.0,,35013
8053368,1,1,1,10,2024,1,55,4.0,600000.0,35014
8053368,1,2,1,10,2024,2,51,4.0,,35015
8053368,1,5,1,10,2024,2,17,5.0,,35018
8053372,1,4,1,10,2024,1,28,5.0,1040000.0,35039
8053373,1,2,1,10,2024,2,47,10.0,1300000.0,35042
8053373,1,3,1,10,2024,1,10,3.0,,35043
8053375,1,3,1,10,2024,2,28,10.0,2600000.0,35046
8053376,1,2,1,10,2024,2,68,8.0,,35048
8053378,1,1,1,10,2024,1,53,3.0,600000.0,35050
8053379,1,1,1,10,2024,1,47,5.0,2800000.0,35051
8053379,1,2,1,10,2024,2,38,12.0,5400000.0,35052
8053379,1,4,1,10,2024,2,14,5.0,,35054
8053380,1,1,1,10,2024,2,42,5.0,1400000.0,35056
8053380,1,3,1,10,2024,1,15,3.0,,35058
8053380,1,4,1,10,2024,1,11,3.0,,35059
8053380,1,5,1,10,2024,2,8,3.0,,35060
8053380,1,6,1,10,2024,2,1,,,35061
8053380,1,7,1,10,2024,2,27,5.0,1050000.0,35062
8053381,1,1,1,10,2024,1,58,4.0,1460000.0,35064
8053385,1,5,1,10,2024,1,8,3.0,,35075
8053386,1,1,1,10,2024,1,33,8.0,4000000.0,35076
8053388,1,1,1,10,2024,2,29,9.0,,35083
8053388,1,2,1,10,2024,1,28,8.0,1400000.0,35084
8053390,1,1,1,10,2024,1,51,5.0,1500000.0,35088
8053391,1,2,1,10,2024,2,58,4.0,,35092
8053391,1,4,1,10,2024,2,7,3.0,,35094
8053392,1,1,1,10,2024,1,67,3.0,,35095
8053392,1,3,1,10,2024,1,42,4.0,1300000.0,35097
8053393,1,3,1,10,2024,2,45,8.0,,35102
8053393,1,4,1,10,2024,2,18,8.0,,35103
8053394,1,2,1,10,2024,1,25,9.0,1400000.0,35106
8053394,1,5,1,10,2024,2,67,1.0,,35109
8053395,1,2,1,10,2024,2,63,4.0,,35111
8053396,1,1,1,10,2024,1,54,5.0,2000000.0,35113
8053396,1,4,1,10,2024,2,26,5.0,,35116
8053398,1,1,1,10,2024,1,77,5.0,,35118
8053398,1,2,1,10,2024,2,44,10.0,2600000.0,35119
8053399,1,3,1,10,2024,2,65,5.0,,35123
8053399,1,4,1,10,2024,1,40,5.0,300000.0,35124
8053405,1,2,1,10,2024,2,65,3.0,,35135
8053407,1,1,1,10,2024,1,52,5.0,,35136
8053411,1,2,1,10,2024,1,23,9.0,,35140
8053412,1,1,1,10,2024,1,26,10.0,8000000.0,35141
8053418,1,1,1,10,2024,1,51,8.0,,35146
8053419,1,1,1,10,2024,2,33,10.0,2000000.0,35150
8053420,1,1,1,10,2024,1,22,8.0,1700000.0,35152
8053425,1,1,1,10,2024,2,29,10.0,3200000.0,35156
8053426,1,2,1,10,2024,2,55,10.0,10000000.0,35158
8053430,1,1,1,10,2024,2,44,5.0,,35164
8053430,1,3,1,10,2024,1,19,10.0,,35166
8053438,1,2,1,10,2024,1,23,5.0,3000000.0,35171
8053441,1,2,1,10,2024,2,52,5.0,,35175
8053444,1,1,1,10,2024,2,40,5.0,600000.0,35178
8053453,1,1,1,10,2024,2,26,10.0,3000000.0,35186
8053454,1,2,1,10,2024,2,65,9.0,,35188
8053454,1,3,1,10,2024,1,21,10.0,,35189
8053455,1,1,1,10,2024,1,34,3.0,1300000.0,35190
8053457,1,1,1,10,2024,1,37,10.0,1000000.0,35194
8053457,1,2,1,10,2024,2,37,5.0,1800000.0,35195
8053459,1,1,1,10,2024,2,44,5.0,1750000.0,35197
8053462,1,2,1,10,2024,2,42,11.0,,35205
8053463,1,3,1,10,2024,2,19,5.0,1300000.0,35209
8053466,1,1,1,10,2024,1,56,11.0,6000000.0,35213
8053469,1,2,1,10,2024,2,20,8.0,1300000.0,35216
8053470,1,1,1,10,2024,1,39,8.0,1800000.0,35217
8053475,1,1,1,10,2024,1,50,5.0,1300000.0,35227
8053480,1,2,1,10,2024,2,44,10.0,1800000.0,35234
8053481,1,1,1,10,2024,2,79,12.0,,35235
8053482,1,1,1,10,2024,1,44,8.0,7900000.0,35236
8053490,1,1,1,10,2024,2,60,9.0,2500000.0,35245
8053491,1,1,1,10,2024,1,69,4.0,1360000.0,35247
8053493,1,2,1,10,2024,2,55,12.0,45000000.0,35251
8053493,1,4,1,10,2024,2,15,4.0,,35253
8053494,1,2,1,10,2024,1,42,13.0,7500000.0,35255
8053494,1,3,1,10,2024,1,1,,,35256
8053498,1,1,1,10,2024,1,28,12.0,5000000.0,35260
8053501,1,2,1,10,2024,2,86,5.0,,35264
8053503,1,1,1,10,2024,1,73,3.0,,35265
8053503,1,2,1,10,2024,2,70,5.0,,35266
8053509,1,3,1,10,2024,2,28,10.0,,35279
8053512,1,2,1,10,2024,2,29,10.0,2200000.0,35282
8053513,1,2,1,10,2024,1,36,10.0,3500000.0,35284
8053516,1,2,1,10,2024,2,49,13.0,3500000.0,35288
8053519,1,2,1,10,2024,1,52,8.0,2000000.0,35295
8053520,1,5,1,10,2024,1,63,1.0,,35300
8053521,1,2,1,10,2024,2,44,4.0,1500000.0,35302
8053523,1,3,1,10,2024,1,26,10.0,,35306
8053526,1,2,1,10,2024,2,38,12.0,4300000.0,35311
8053526,1,4,1,10,2024,1,8,3.0,,35313
8053529,1,2,1,10,2024,2,42,5.0,,35319
8053529,1,4,1,10,2024,2,4,2.0,,35321
8053529,1,6,1,10,2024,2,17,5.0,,35323
8053530,1,1,1,10,2024,2,25,4.0,400000.0,35324
8053536,1,3,1,10,2024,1,21,10.0,,35335
8053538,1,2,1,10,2024,1,13,4.0,,35338
8053540,1,2,1,10,2024,2,47,5.0,2000000.0,35340
8053542,1,1,1,10,2024,2,43,10.0,,35346
8053542,1,3,1,10,2024,2,25,10.0,200000.0,35348
8053546,1,1,1,10,2024,1,37,10.0,8000000.0,35356
8053549,1,2,1,10,2024,2,26,5.0,1500000.0,35362
8053549,1,3,1,10,2024,2,6,2.0,,35363
8053551,1,1,1,10,2024,2,73,10.0,,35365
8053555,1,2,1,10,2024,2,15,5.0,,35370
8053557,1,1,1,10,2024,2,22,10.0,,35371
8053557,1,2,1,10,2024,2,23,10.0,,35372
8053558,1,4,1,10,2024,1,17,5.0,,35376
8053560,1,2,1,10,2024,1,67,3.0,550000.0,35378
8053560,1,5,1,10,2024,1,13,4.0,,35381
8053562,1,1,1,10,2024,2,47,3.0,,35388
8053562,1,4,1,10,2024,2,12,4.0,,35391
8053563,1,3,1,10,2024,2,12,4.0,,35394
8053564,1,2,1,10,2024,2,25,5.0,,35398
8053565,1,1,1,10,2024,1,77,3.0,,35401
8053566,1,1,1,10,2024,1,36,5.0,,35405
8053567,1,1,1,10,2024,1,75,3.0,700000.0,35406
8053567,1,2,1,10,2024,2,73,1.0,,35407
8053568,1,1,1,10,2024,2,25,5.0,,35408
8053570,1,4,1,10,2024,1,21,5.0,900000.0,35415
8053573,1,2,1,10,2024,2,72,4.0,,35424
8053576,1,1,1,10,2024,2,27,9.0,,35433
8053577,1,2,1,10,2024,2,46,5.0,1300000.0,35438
8053577,1,4,1,10,2024,2,14,4.0,,35440
8053578,1,1,1,10,2024,2,21,5.0,1300000.0,35441
8053578,1,2,1,10,2024,1,20,8.0,1300000.0,35442
8053580,1,3,1,10,2024,2,16,5.0,,35446
8053580,1,4,1,10,2024,2,10,4.0,,35447
8053581,1,1,1,10,2024,1,73,3.0,,35449
8053582,1,1,1,10,2024,2,41,5.0,,35451
8053582,1,4,1,10,2024,1,6,3.0,,35454
8053586,1,3,1,10,2024,1,42,8.0,,35460
8053587,1,2,1,10,2024,2,53,5.0,,35462
8053587,1,4,1,10,2024,2,17,5.0,,35464
8053590,1,2,1,10,2024,2,34,8.0,1300000.0,35467
8053590,1,3,1,10,2024,1,16,5.0,,35468
8053595,1,4,1,10,2024,2,8,3.0,,35476
8053597,1,2,1,10,2024,1,45,5.0,1450000.0,35479
8053599,1,1,1,10,2024,2,75,3.0,,35485
8053600,1,5,1,10,2024,2,24,5.0,1300000.0,35493
8053601,1,1,1,10,2024,2,56,3.0,600000.0,35494
8053601,1,2,1,10,2024,1,32,5.0,1600000.0,35495
8053603,1,2,1,10,2024,1,21,5.0,1000000.0,35501
8053604,1,2,1,10,2024,1,58,5.0,2200000.0,35503
8053604,1,3,1,10,2024,2,30,10.0,,35504
8053605,1,1,1,10,2024,2,67,3.0,,35505
8053605,1,2,1,10,2024,1,42,3.0,600000.0,35506
8053606,1,2,1,10,2024,1,59,3.0,900000.0,35509
8053606,1,8,1,10,2024,2,4,2.0,,35515
8053607,1,2,1,10,2024,2,92,3.0,,35518
8053608,1,5,1,10,2024,2,19,5.0,,35524
8053609,1,2,1,10,2024,1,57,5.0,1200000.0,35526
8053609,1,3,1,10,2024,2,22,9.0,,35527
8053612,1,1,1,10,2024,2,44,5.0,1300000.0,35528
8053612,1,4,1,10,2024,1,12,4.0,,35531
8053615,1,1,1,10,2024,1,67,5.0,,35535
8053615,1,2,1,10,2024,2,70,8.0,,35536
8053616,1,1,1,10,2024,2,73,3.0,,35538
8053618,1,1,1,10,2024,1,49,5.0,1000000.0,35543
8053618,1,4,1,10,2024,2,19,8.0,,35546
8053619,1,5,1,10,2024,2,15,5.0,,35551
8053622,1,1,1,10,2024,2,34,8.0,,35554
8053624,1,1,1,10,2024,1,38,4.0,1600000.0,35559
8053624,1,2,1,10,2024,2,35,5.0,,35560
8053624,1,4,1,10,2024,2,13,4.0,,35562
8053624,1,5,1,10,2024,2,60,4.0,200000.0,35563
8053628,1,1,1,10,2024,1,25,10.0,1300000.0,35566
8053628,1,2,1,10,2024,2,25,9.0,,35567
8053630,1,1,1,10,2024,1,40,9.0,1300000.0,35570
8053633,1,2,1,10,2024,1,24,3.0,1000000.0,35581
8053633,1,3,1,10,2024,1,12,4.0,,35582
8053636,1,3,1,10,2024,2,21,10.0,,35592
8053637,1,3,1,10,2024,1,65,5.0,1200000.0,35596
8053638,1,1,1,10,2024,2,83,8.0,,35599
8053638,1,2,1,10,2024,1,58,11.0,3000000.0,35600
8053638,1,3,1,10,2024,1,54,10.0,3600000.0,35601
8053651,1,2,1,10,2024,1,30,4.0,,35611
8053651,1,3,1,10,2024,1,9,3.0,,35612
8053653,1,1,1,10,2024,2,30,5.0,500000.0,35616
8053653,1,3,1,10,2024,2,11,3.0,,35618
8053654,1,2,1,10,2024,2,45,4.0,,35620
8053654,1,3,1,10,2024,2,7,3.0,,35621
8053655,1,2,1,10,2024,2,25,5.0,,35623
8053655,1,3,1,10,2024,1,1,,,35624
8053656,1,2,1,10,2024,2,27,9.0,,35626
8053660,1,1,1,10,2024,1,37,10.0,1300000.0,35627
8053661,1,1,1,10,2024,2,22,8.0,,35629
8053662,1,1,1,10,2024,1,44,11.0,4400000.0,35631
8053663,1,1,1,10,2024,2,45,3.0,700000.0,35633
8053663,1,3,1,10,2024,1,25,5.0,1000000.0,35635
8053665,1,2,1,10,2024,1,16,5.0,,35641
8053665,1,3,1,10,2024,1,5,2.0,,35642
8053666,1,1,1,10,2024,1,55,3.0,600000.0,35643
8053667,1,2,1,10,2024,1,7,3.0,,35647
8053668,1,1,1,10,2024,1,26,10.0,600000.0,35648
8053670,1,2,1,10,2024,1,71,3.0,,35651
8053671,1,1,1,10,2024,1,32,3.0,1300000.0,35652
8053672,1,1,1,10,2024,2,67,3.0,800000.0,35655
8053674,1,2,1,10,2024,2,12,3.0,,35660
8053675,1,1,1,10,2024,1,45,9.0,1900000.0,35664
8053675,1,3,1,10,2024,1,14,4.0,,35666
8053675,1,6,1,10,2024,1,9,3.0,,35669
8053676,1,1,1,10,2024,1,54,11.0,2150000.0,35670
8053676,1,2,1,10,2024,1,14,4.0,,35671
8053677,1,1,1,10,2024,1,50,9.0,,35672
8053677,1,2,1,10,2024,2,39,12.0,2300000.0,35673
8053677,1,3,1,10,2024,2,18,5.0,,35674
8053678,1,1,1,10,2024,2,27,8.0,2000000.0,35676
8053681,1,2,1,10,2024,2,12,4.0,,35684
8053687,1,1,1,10,2024,2,60,11.0,6000000.0,35697
8053688,1,1,1,10,2024,1,34,10.0,2000000.0,35700
8053689,1,1,1,10,2024,1,33,9.0,2200000.0,35703
8053690,1,2,1,10,2024,2,69,10.0,,35707
8053690,1,3,1,10,2024,1,32,10.0,,35708
8053691,1,2,1,10,2024,1,15,4.0,,35711
8053692,1,1,1,10,2024,1,57,11.0,5000000.0,35713
8053692,1,3,1,10,2024,2,11,4.0,,35715
8053693,1,3,1,10,2024,2,25,11.0,1300000.0,35719
8053695,1,1,1,10,2024,1,84,3.0,,35725
8053695,1,4,1,10,2024,2,27,10.0,,35728
8053696,1,4,1,10,2024,2,11,3.0,,35733
8053698,1,1,1,10,2024,1,48,3.0,,35737
8053698,1,3,1,10,2024,2,19,10.0,,35739
8053699,1,1,1,10,2024,1,68,10.0,,35741
8053701,1,2,1,10,2024,2,51,10.0,4800000.0,35747
8053703,1,2,1,10,2024,2,46,8.0,,35752
8053704,2,2,2,10,2024,1,18,5.0,900000.0,35757
8053707,1,3,1,10,2024,2,11,4.0,,35765
8053707,1,4,1,10,2024,2,9,3.0,,35766
8053708,1,1,1,10,2024,2,42,5.0,,35768
8053710,1,3,1,10,2024,2,22,10.0,,35775
8053711,1,2,1,10,2024,1,35,3.0,1400000.0,35778
8053711,1,3,1,10,2024,2,24,4.0,1300000.0,35779
8053712,1,3,1,10,2024,2,19,5.0,,35783
8053713,1,4,1,10,2024,1,2,,,35787
8053718,1,4,1,10,2024,2,11,4.0,,35794
8053719,1,4,1,10,2024,1,26,10.0,,35798
8053719,1,5,1,10,2024,1,12,4.0,,35799
8053722,1,1,1,10,2024,2,63,11.0,,35807
8053724,1,2,1,10,2024,1,50,8.0,1300000.0,35811
8053725,1,1,1,10,2024,1,35,10.0,1700000.0,35812
8053727,1,3,1,10,2024,2,5,3.0,,35819
8053728,1,3,1,10,2024,1,19,5.0,,35822
8053729,1,1,1,10,2024,1,61,3.0,1200000.0,35823
8053729,1,4,1,10,2024,1,17,4.0,,35826
8053730,1,1,1,10,2024,1,25,10.0,2050000.0,35827
8053734,1,2,1,10,2024,1,24,10.0,1300000.0,35834
8053735,1,1,1,10,2024,1,64,3.0,1200000.0,35837
8053736,1,1,1,10,2024,1,65,3.0,700000.0,35842
8053736,1,2,1,10,2024,2,62,5.0,700000.0,35843
8053738,1,2,1,10,2024,1,39,4.0,1600000.0,35847
8053742,1,1,1,10,2024,1,35,11.0,2600000.0,35856
8053743,1,1,1,10,2024,1,53,10.0,3000000.0,35857
8053743,1,2,1,10,2024,1,19,10.0,,35858
8053745,1,1,1,10,2024,1,22,10.0,,35860
8053752,1,2,1,10,2024,2,34,10.0,2000000.0,35862
8053765,1,3,1,10,2024,1,18,10.0,,35867
8053787,1,1,1,10,2024,2,50,8.0,,35874
8053788,1,2,1,10,2024,1,42,5.0,1500000.0,35878
8053789,1,2,1,10,2024,2,47,12.0,3800000.0,35883
8053789,1,3,1,10,2024,1,78,3.0,,35884
8053795,1,4,1,10,2024,1,17,4.0,,35888
8053796,1,2,1,10,2024,1,20,10.0,,35892
8053796,1,4,1,10,2024,1,53,5.0,1300000.0,35894
8053798,1,5,1,10,2024,2,51,5.0,1300000.0,35904
8053799,1,1,1,10,2024,2,46,8.0,1000000.0,35905
8053802,1,1,1,10,2024,2,57,5.0,500000.0,35908
8053803,1,1,1,10,2024,2,75,3.0,,35910
8053803,1,3,1,10,2024,1,32,5.0,,35912
8053804,1,1,1,10,2024,2,42,5.0,1300000.0,35913
8053806,1,3,1,10,2024,2,95,1.0,,35919
8053808,1,1,1,10,2024,2,28,5.0,1300000.0,35923
8053809,1,2,1,10,2024,1,38,5.0,,35928
8053811,1,2,1,10,2024,1,40,5.0,,35931
8053812,1,1,1,10,2024,2,58,5.0,,35933
8053812,1,4,1,10,2024,1,18,10.0,,35936
8053816,1,2,1,10,2024,1,17,5.0,,35939
8053818,1,1,1,10,2024,1,42,5.0,1300000.0,35945
8053820,1,3,1,10,2024,1,33,10.0,,35948
8053821,1,5,1,10,2024,1,20,9.0,,35953
8053825,1,1,1,10,2024,2,64,3.0,,35960
8053826,1,2,1,10,2024,2,31,9.0,,35965
8053827,1,1,1,10,2024,1,50,5.0,1300000.0,35966
8053827,1,3,1,10,2024,2,21,10.0,800000.0,35968
8053830,1,1,1,10,2024,1,56,4.0,1500000.0,35970
8053831,1,2,1,10,2024,1,30,5.0,1300000.0,35972
8053832,1,2,1,10,2024,2,67,4.0,,35974
8053834,1,2,1,10,2024,2,40,8.0,1550000.0,35978
8053834,1,3,1,10,2024,1,21,5.0,1300000.0,35979
8053836,1,1,1,10,2024,1,57,3.0,1500000.0,35981
8053839,1,1,1,10,2024,1,55,5.0,1800000.0,35985
8053842,1,1,1,10,2024,1,38,10.0,2000000.0,35989
8053842,1,2,1,10,2024,2,38,10.0,,35990
8053843,1,4,1,10,2024,1,9,3.0,,35995
8053845,1,3,1,10,2024,1,60,5.0,,36000
8053846,1,2,1,10,2024,1,30,5.0,1400000.0,36002
8053848,1,2,1,10,2024,2,57,3.0,,36006
8053848,1,3,1,10,2024,1,28,4.0,,36007
8053851,1,2,1,10,2024,1,72,5.0,,36013
8053851,1,4,1,10,2024,2,28,12.0,4200000.0,36015
8053853,1,1,1,10,2024,2,61,4.0,200000.0,36018
8053855,1,3,1,10,2024,1,20,10.0,720000.0,36023
8053856,1,2,1,10,2024,1,27,5.0,1300000.0,36025
8053858,1,3,1,10,2024,2,27,8.0,2000000.0,36029
8053860,1,1,1,10,2024,1,49,5.0,1500000.0,36031
8053862,1,1,1,10,2024,2,23,4.0,,36034
8053863,1,1,1,10,2024,2,66,3.0,,36037
8053864,1,3,1,10,2024,1,6,2.0,,36040
8053864,1,4,1,10,2024,1,2,,,36041
8053867,1,1,1,10,2024,1,65,9.0,,36046
8053867,1,3,1,10,2024,2,34,12.0,2500000.0,36048
8053869,1,3,1,10,2024,1,14,4.0,,36051
8053871,1,1,1,10,2024,2,48,3.0,,36052
8053871,1,4,1,10,2024,2,30,8.0,1500000.0,36055
8053872,1,1,1,10,2024,2,31,8.0,1000000.0,36056
8053872,1,2,1,10,2024,2,28,8.0,900000.0,36057
8053875,1,1,1,10,2024,2,68,3.0,,36061
8053879,1,1,1,10,2024,2,62,5.0,1500000.0,36070
8053888,1,2,1,10,2024,1,65,5.0,1300000.0,36078
8053889,1,1,1,10,2024,2,62,5.0,,36080
8053890,1,1,1,10,2024,1,65,5.0,1300000.0,36081
8053891,1,1,1,10,2024,2,49,4.0,,36085
8053891,1,4,1,10,2024,2,9,3.0,,36088
8053891,1,5,1,10,2024,2,3,2.0,,36089
8053893,1,1,1,10,2024,2,67,8.0,,36093
8053893,1,2,1,10,2024,2,62,5.0,,36094
8053894,1,2,1,10,2024,2,47,4.0,,36096
8053895,1,1,1,10,2024,1,34,10.0,2800000.0,36099
8053897,1,1,1,10,2024,2,37,5.0,1300000.0,36100
8053900,1,2,1,10,2024,1,78,4.0,,36103
8053901,1,1,1,10,2024,2,19,7.0,,36106
8053904,1,1,1,10,2024,1,30,5.0,1300000.0,36107
8053905,1,4,1,10,2024,1,10,3.0,,36112
8053908,1,2,1,10,2024,2,72,5.0,,36115
8053908,1,3,1,10,2024,1,37,10.0,1300000.0,36116
8053909,1,1,1,10,2024,2,39,11.0,6000000.0,36117
8053910,1,3,1,10,2024,1,2,,,36120
8053912,1,2,1,10,2024,2,30,10.0,4000000.0,36125
8053913,1,1,1,10,2024,1,40,9.0,1560000.0,36126
8053913,1,3,1,10,2024,2,10,3.0,,36128
8053913,1,4,1,10,2024,2,1,,,36129
8053916,1,1,1,10,2024,2,52,8.0,2400000.0,36133
8053916,1,2,1,10,2024,2,22,10.0,,36134
8053920,1,1,1,10,2024,2,39,5.0,2000000.0,36143
8053921,1,1,1,10,2024,1,28,8.0,1460000.0,36146
8053927,1,2,1,10,2024,2,31,4.0,,36155
8053928,1,2,1,10,2024,2,39,5.0,1560000.0,36160
8053929,1,2,1,10,2024,2,14,4.0,,36162
8053930,1,2,1,10,2024,2,17,5.0,,36164
8053932,1,1,1,10,2024,2,49,5.0,800000.0,36167
8053934,1,4,1,10,2024,2,31,5.0,,36175
8053934,1,6,1,10,2024,1,8,3.0,,36177
8053936,1,2,1,10,2024,1,27,10.0,1500000.0,36182
8053938,1,3,1,10,2024,2,35,12.0,3400000.0,36188
8053939,1,2,1,10,2024,1,79,3.0,,36190
8053939,1,3,1,10,2024,1,49,8.0,600000.0,36191
8053940,1,3,1,10,2024,1,53,1.0,,36195
8053947,1,2,1,10,2024,2,69,3.0,,36204
8053948,1,3,1,10,2024,1,17,4.0,,36209
8053951,1,2,1,10,2024,2,58,8.0,,36212
8053951,1,3,1,10,2024,2,26,10.0,5500000.0,36213
8053954,1,1,1,10,2024,1,62,3.0,1300000.0,36215
8053955,1,2,1,10,2024,2,44,3.0,,36218
8053956,1,1,1,10,2024,2,42,8.0,1300000.0,36222
8053959,1,2,1,10,2024,2,35,5.0,1300000.0,36228
8053959,1,3,1,10,2024,1,15,5.0,,36229
8053959,1,4,1,10,2024,2,4,3.0,,36230
8053960,1,2,1,10,2024,2,34,5.0,1300000.0,36232
8053965,1,1,1,10,2024,2,49,5.0,1800000.0,36240
8053965,1,2,1,10,2024,1,53,5.0,1300000.0,36241
8053965,1,4,1,10,2024,1,21,10.0,1800000.0,36243
8053966,1,1,1,10,2024,1,64,3.0,2000000.0,36244
8053968,1,4,1,10,2024,2,0,,,36248
8053972,1,1,1,10,2024,2,25,4.0,1500000.0,36249
8053979,1,1,1,10,2024,1,65,5.0,,36262
8053980,1,2,1,10,2024,2,41,11.0,8800000.0,36265
8053980,1,3,1,10,2024,2,9,3.0,,36266
8053981,1,2,1,10,2024,1,40,10.0,,36268
8053984,1,1,1,10,2024,2,70,3.0,,36270
8053985,1,1,1,10,2024,1,69,4.0,,36272
8053986,1,1,1,10,2024,2,64,3.0,320000.0,36274
8053986,1,5,1,10,2024,2,68,3.0,,36278
8053989,1,2,1,10,2024,1,70,4.0,,36280
8053990,1,3,1,10,2024,1,65,5.0,900000.0,36283
8053991,1,1,1,10,2024,2,66,5.0,,36285
8053993,1,1,1,10,2024,1,77,3.0,,36287
8053995,1,1,1,10,2024,1,44,5.0,1300000.0,36291
8053997,1,1,1,10,2024,2,30,5.0,300000.0,36296
8053997,1,3,1,10,2024,2,10,3.0,,36298
8053998,1,1,1,10,2024,1,22,8.0,1300000.0,36299
8053998,1,2,1,10,2024,2,20,8.0,1300000.0,36300
8054006,1,2,1,10,2024,2,41,5.0,1900000.0,36312
8054006,1,3,1,10,2024,1,23,10.0,,36313
8054011,1,2,1,10,2024,2,18,9.0,,36325
8054012,1,1,1,10,2024,2,70,3.0,,36327
8054013,1,1,1,10,2024,1,84,3.0,,36329
8054021,1,3,1,10,2024,1,9,3.0,,36333
8054021,1,4,1,10,2024,2,2,,,36334
8054022,1,1,1,10,2024,1,29,5.0,1300000.0,36335
8054022,1,2,1,10,2024,2,35,5.0,,36336
8054026,1,3,1,10,2024,2,28,6.0,400000.0,36340
8054027,1,1,1,10,2024,1,57,12.0,4200000.0,36343
8054028,1,2,1,10,2024,1,29,5.0,,36345
8054034,1,1,1,10,2024,2,60,5.0,,36346
8054035,1,1,1,10,2024,2,46,11.0,5173000.0,36349
8054035,1,2,1,10,2024,1,18,10.0,,36350
8054037,1,2,1,10,2024,2,61,11.0,2500000.0,36356
8054037,1,3,1,10,2024,1,22,10.0,,36357
8054039,1,2,1,10,2024,1,43,5.0,1700000.0,36361
8054039,1,3,1,10,2024,2,6,2.0,,36362
8054040,1,1,1,10,2024,1,45,3.0,1400000.0,36363
8054040,1,5,1,10,2024,1,8,3.0,,36367
8054046,1,2,1,10,2024,2,59,5.0,,36383
8054046,1,4,1,10,2024,1,28,11.0,,36385
8054048,1,1,1,10,2024,2,74,5.0,,36387
8054049,1,2,1,10,2024,2,28,10.0,,36389
8054051,1,3,1,10,2024,2,16,4.0,,36395
8054056,1,1,1,10,2024,2,79,4.0,,36404
8054056,1,2,1,10,2024,2,34,10.0,2700000.0,36405
8054057,1,1,1,10,2024,1,65,3.0,,36407
8054059,1,3,1,10,2024,2,26,5.0,,36410
8054059,1,4,1,10,2024,2,4,1.0,,36411
8054062,1,1,1,10,2024,2,73,3.0,,36413
8054063,1,1,1,10,2024,1,47,5.0,1500000.0,36414
8054065,1,2,1,10,2024,1,25,5.0,1400000.0,36416
8054065,1,4,1,10,2024,1,5,2.0,,36418
8054069,1,3,1,10,2024,2,23,10.0,,36425
8054069,1,4,1,10,2024,1,10,3.0,,36426
8054070,1,3,1,10,2024,2,24,10.0,,36429
8054071,1,1,1,10,2024,2,53,5.0,,36431
8054072,1,1,1,10,2024,2,46,5.0,1700000.0,36436
8054074,1,1,1,10,2024,1,38,10.0,2000000.0,36439
8054075,1,1,1,10,2024,2,52,5.0,1950000.0,36442
8054076,1,2,1,10,2024,2,38,4.0,,36444
8054080,1,4,1,10,2024,2,26,3.0,800000.0,36454
8054080,1,6,1,10,2024,1,5,2.0,,36456
8054083,1,2,1,10,2024,2,19,3.0,900000.0,36462
8054084,1,4,1,10,2024,2,7,3.0,,36466
8054086,1,1,1,10,2024,1,29,5.0,1200000.0,36470
8054088,1,1,1,10,2024,1,53,1.0,,36473
8054088,1,2,1,10,2024,2,43,4.0,400000.0,36474
8054088,1,3,1,10,2024,1,17,5.0,,36475
8054089,1,2,1,10,2024,1,33,5.0,,36478
8054090,1,3,1,10,2024,2,13,4.0,,36482
8054090,1,4,1,10,2024,1,62,1.0,1300000.0,36483
8054094,1,2,1,10,2024,1,65,3.0,,36487
8054102,1,1,1,10,2024,1,54,8.0,1462000.0,36492
8054102,1,2,1,10,2024,2,56,8.0,,36493
8054102,1,3,1,10,2024,1,16,5.0,,36494
8054103,1,1,1,10,2024,1,35,9.0,3000000.0,36495
8054107,1,1,1,10,2024,1,56,5.0,1300000.0,36500
8054107,1,4,1,10,2024,1,7,3.0,,36503
8054108,1,3,1,10,2024,2,66,8.0,2300000.0,36510
8054111,1,1,1,10,2024,2,58,3.0,450000.0,36512
8054111,1,3,1,10,2024,1,42,5.0,500000.0,36514
8054111,1,4,1,10,2024,1,36,5.0,600000.0,36515
8054111,1,5,1,10,2024,2,31,8.0,600000.0,36516
8054111,1,6,1,10,2024,2,17,5.0,,36517
8054111,1,7,1,10,2024,2,14,4.0,,36518
8054111,1,8,1,10,2024,2,2,,,36519
8054114,1,1,1,10,2024,1,59,3.0,1500000.0,36520
8054116,1,2,1,10,2024,1,32,5.0,900000.0,36526
8054116,2,1,2,10,2024,2,65,5.0,1300000.0,36527
8054117,1,2,1,10,2024,2,39,8.0,1600000.0,36532
8054118,1,2,1,10,2024,2,66,3.0,800000.0,36535
8054119,1,1,1,10,2024,1,34,5.0,960000.0,36536
8054120,1,2,1,10,2024,1,75,8.0,,36543
8054122,1,1,1,10,2024,2,34,5.0,820000.0,36548
8054125,1,2,1,10,2024,1,50,3.0,700000.0,36554
8054128,1,3,1,10,2024,1,12,4.0,,36561
8054131,1,1,1,10,2024,1,69,4.0,720000.0,36564
8054133,1,2,1,10,2024,1,19,5.0,,36568
8054134,1,2,1,10,2024,1,62,3.0,,36572
8054134,1,3,1,10,2024,2,56,5.0,,36573
8054135,1,2,1,10,2024,2,11,4.0,,36577
8054138,1,1,1,10,2024,2,21,10.0,,36578
8054143,1,1,1,10,2024,1,33,10.0,,36583
8054144,1,1,1,10,2024,1,52,3.0,500000.0,36585
8054144,1,2,1,10,2024,2,48,5.0,,36586
8054144,1,3,1,10,2024,1,7,3.0,,36587
8054147,1,1,1,10,2024,2,27,3.0,900000.0,36594
8054148,1,2,1,10,2024,2,36,10.0,,36596
8054154,1,2,1,10,2024,1,37,5.0,,36608
8054158,1,1,1,10,2024,1,40,10.0,4500000.0,36617
8054161,1,3,1,10,2024,2,21,8.0,,36624
8054162,1,1,1,10,2024,2,46,11.0,3600000.0,36626
8054163,1,1,1,10,2024,2,77,3.0,,36628
8054163,1,3,1,10,2024,2,46,10.0,,36630
8054165,1,3,1,10,2024,2,6,3.0,,36633
8054169,1,1,1,10,2024,2,53,5.0,300000.0,36639
8054169,1,4,1,10,2024,1,27,9.0,400000.0,36642
8054171,1,3,1,10,2024,2,9,3.0,,36646
8054175,1,1,1,10,2024,2,21,3.0,,36655
8054175,1,2,1,10,2024,2,5,1.0,,36656
8054177,1,3,1,10,2024,1,36,8.0,600000.0,36665
8054177,2,2,2,10,2024,1,30,10.0,2500000.0,36667
8054177,2,3,2,10,2024,2,8,3.0,,36668
8054177,4,2,4,10,2024,2,43,10.0,,36674
8054177,4,3,4,10,2024,1,21,1.0,,36675
8054178,1,1,1,10,2024,1,42,3.0,1000000.0,36677
8054178,1,2,1,10,2024,2,56,4.0,,36678
8054179,1,1,1,10,2024,2,33,4.0,1320000.0,36680
8054183,1,2,1,10,2024,2,27,11.0,3317000.0,36691
8054188,1,3,1,10,2024,1,38,11.0,,36704
8054189,1,2,1,10,2024,2,27,11.0,,36708
8054193,1,1,1,10,2024,2,69,3.0,,36715
8054193,1,3,1,10,2024,1,17,4.0,,36717
8054194,1,2,1,10,2024,1,44,5.0,,36719
8054195,1,1,1,10,2024,1,64,5.0,1100000.0,36720
8054195,1,2,1,10,2024,1,60,5.0,1200000.0,36721
8054196,1,1,1,10,2024,1,38,9.0,500000.0,36722
8054196,1,3,1,10,2024,1,1,,,36724
8054200,1,3,1,10,2024,1,22,10.0,,36728
8054202,1,1,1,10,2024,1,27,8.0,500000.0,36731
8054202,1,2,1,10,2024,1,24,6.0,1300000.0,36732
8054204,1,4,1,10,2024,2,28,8.0,1300000.0,36738
8054205,1,1,1,10,2024,2,62,3.0,800000.0,36741
8054206,1,1,1,10,2024,1,51,5.0,500000.0,36743
8054207,1,2,1,10,2024,1,60,3.0,1100000.0,36748
8054209,1,2,1,10,2024,2,71,10.0,,36751
8054210,1,4,1,10,2024,1,14,4.0,,36756
8054219,1,1,1,10,2024,1,41,4.0,1080000.0,36765
8054224,1,1,1,10,2024,1,28,8.0,1400000.0,36768
8054224,1,2,1,10,2024,2,26,10.0,1300000.0,36769
8054226,1,3,1,10,2024,2,9,3.0,,36774
8054230,1,1,1,10,2024,2,22,10.0,,36777
8054233,1,4,1,10,2024,2,9,3.0,,36786
8054234,1,1,1,10,2024,1,52,5.0,500000.0,36789
8054236,1,1,1,10,2024,2,78,3.0,,36793
8054236,1,3,1,10,2024,2,33,10.0,1500000.0,36795
8054237,1,2,1,10,2024,1,12,4.0,,36797
8054238,1,2,1,10,2024,2,17,4.0,,36799
8054239,1,3,1,10,2024,1,35,5.0,,36804
8054239,1,4,1,10,2024,1,29,5.0,700000.0,36805
8054240,1,1,1,10,2024,2,62,3.0,,36806
8054242,1,1,1,10,2024,1,37,3.0,800000.0,36807
8054255,1,2,1,10,2024,1,31,6.0,1300000.0,36816
8054256,1,2,1,10,2024,2,53,6.0,,36818
8054258,1,1,1,10,2024,2,55,10.0,,36823
8054264,1,2,1,10,2024,2,60,5.0,,36833
8054264,1,3,1,10,2024,2,28,10.0,200000.0,36834
8054269,1,1,1,10,2024,2,39,9.0,2000000.0,36836
8054269,1,5,1,10,2024,2,22,9.0,,36840
8054274,1,1,1,10,2024,2,28,8.0,1300000.0,36846
8054275,1,4,1,10,2024,1,38,6.0,1300000.0,36853
8054278,1,3,1,10,2024,1,18,4.0,,36858
8054279,1,4,1,10,2024,2,1,,,36864
8054282,1,1,1,10,2024,2,37,5.0,150000.0,36865
8054286,1,1,1,10,2024,2,28,5.0,1200000.0,36879
8054286,1,3,1,10,2024,2,7,3.0,,36881
8054287,1,3,1,10,2024,2,54,5.0,1200000.0,36884
8054291,1,1,1,10,2024,1,64,3.0,1300000.0,36897
8054291,1,2,1,10,2024,2,61,3.0,,36898
8054291,1,6,1,10,2024,2,2,,,36902
8054292,1,1,1,10,2024,2,39,6.0,900000.0,36904
8054292,1,3,1,10,2024,1,62,3.0,,36906
8054292,1,4,1,10,2024,2,41,6.0,,36907
8054293,1,3,1,10,2024,2,10,3.0,,36911
8054295,1,5,1,10,2024,1,11,3.0,,36921
8054298,1,2,1,10,2024,2,0,,,36927
8054299,1,5,1,10,2024,1,5,2.0,,36932
8054300,1,4,1,10,2024,2,7,3.0,,36937
8054300,1,5,1,10,2024,1,1,,,36938
8054302,1,1,1,10,2024,1,76,3.0,600000.0,36943
8054303,1,3,1,10,2024,1,12,4.0,,36947
8054305,1,1,1,10,2024,1,38,5.0,900000.0,36951
8054308,1,1,1,10,2024,2,56,6.0,400000.0,36953
8054308,1,3,1,10,2024,1,30,5.0,1300000.0,36955
8054308,1,4,1,10,2024,2,9,3.0,,36956
8054308,1,5,1,10,2024,2,0,,,36957
8054309,1,1,1,10,2024,1,28,4.0,1200000.0,36958
8054310,1,4,1,10,2024,2,29,5.0,,36966
8054310,1,5,1,10,2024,1,27,3.0,800000.0,36967
8054311,1,1,1,10,2024,1,53,5.0,1350000.0,36969
8054315,1,2,1,10,2024,1,42,1.0,400000.0,36978
8054316,1,2,1,10,2024,2,12,4.0,,36984
8054316,1,3,1,10,2024,1,6,3.0,,36985
8054318,1,5,1,10,2024,1,14,3.0,,36991
8054320,1,2,1,10,2024,2,31,6.0,,36997
8054320,1,4,1,10,2024,1,2,,,36999
8054320,1,6,1,10,2024,2,55,5.0,,37001
8054322,1,1,1,10,2024,1,47,11.0,4000000.0,37004
8054322,1,2,1,10,2024,2,44,10.0,,37005
8054322,1,3,1,10,2024,2,12,4.0,,37006
8054325,1,2,1,10,2024,1,56,9.0,,37012
8054326,1,1,1,10,2024,1,47,8.0,,37013
8054326,1,2,1,10,2024,2,42,9.0,1300000.0,37014
8054326,1,3,1,10,2024,1,20,10.0,,37015
8054329,1,1,1,10,2024,1,57,3.0,1800000.0,37023
8054330,1,1,1,10,2024,1,23,10.0,1660000.0,37024
8054336,1,3,1,10,2024,1,14,4.0,,37032
8054337,1,1,1,10,2024,2,40,8.0,900000.0,37034
8054337,1,2,1,10,2024,2,15,4.0,,37035
8054337,1,4,1,10,2024,2,78,3.0,,37037
8054338,1,1,1,10,2024,1,39,10.0,500000.0,37038
8054338,1,2,1,10,2024,2,63,3.0,,37039
8054339,1,2,1,10,2024,2,32,10.0,1300000.0,37042
8054341,1,1,1,10,2024,2,65,5.0,400000.0,37045
8054345,1,1,1,10,2024,2,49,5.0,1200000.0,37055
8054346,1,1,1,10,2024,1,71,3.0,,37057
8054346,1,2,1,10,2024,2,71,3.0,,37058
8054346,1,4,1,10,2024,1,24,10.0,,37060
8054348,1,2,1,10,2024,2,46,10.0,1000000.0,37062
8054349,1,1,1,10,2024,1,55,5.0,1460000.0,37065
8054353,1,1,1,10,2024,2,41,3.0,500000.0,37068
8054353,1,5,1,10,2024,1,17,5.0,,37072
8054355,1,3,1,10,2024,2,4,2.0,,37075
8054358,1,2,1,10,2024,2,8,3.0,,37078
8054360,1,4,1,10,2024,1,6,3.0,,37082
8054361,1,1,1,10,2024,2,31,5.0,,37084
8054361,1,3,1,10,2024,2,13,4.0,,37086
8054363,1,1,1,10,2024,1,30,5.0,2000000.0,37092
8054364,1,2,1,10,2024,1,22,5.0,910000.0,37096
8054371,1,3,1,10,2024,2,13,4.0,,37103
8054372,1,2,1,10,2024,2,43,8.0,1300000.0,37105
8054372,1,3,1,10,2024,1,22,5.0,,37106
8054374,1,2,1,10,2024,1,41,4.0,800000.0,37111
8054375,1,1,1,10,2024,2,25,5.0,900000.0,37112
8054375,1,4,1,10,2024,2,1,,,37115
8054377,1,1,1,10,2024,2,39,5.0,,37120
8054380,1,1,1,10,2024,1,31,4.0,1340000.0,37124
8054380,1,3,1,10,2024,2,8,3.0,,37126
8054381,1,1,1,10,2024,2,39,5.0,,37127
8054381,1,3,1,10,2024,2,16,5.0,,37129
8054382,1,1,1,10,2024,1,59,3.0,,37132
8054383,1,3,1,10,2024,1,2,,,37137
8054389,1,3,1,10,2024,1,13,4.0,,37149
8054389,1,4,1,10,2024,2,4,1.0,,37150
8054390,1,1,1,10,2024,1,45,5.0,400000.0,37152
8054390,1,2,1,10,2024,2,35,8.0,,37153
8054391,1,3,1,10,2024,2,18,10.0,,37157
8054396,1,1,1,10,2024,1,48,3.0,500000.0,37170
8054397,1,4,1,10,2024,2,13,4.0,,37176
8054398,1,2,1,10,2024,1,53,5.0,,37178
8054398,1,3,1,10,2024,1,33,5.0,450000.0,37179
8054398,1,4,1,10,2024,1,30,10.0,,37180
8054399,1,1,1,10,2024,2,49,5.0,450000.0,37181
8054399,1,2,1,10,2024,2,29,10.0,,37182
8054400,1,1,1,10,2024,2,52,6.0,2200000.0,37184
8054402,1,1,1,10,2024,2,38,10.0,1200000.0,37186
8054402,1,2,1,10,2024,1,41,6.0,1850000.0,37187
8054402,1,4,1,10,2024,1,7,3.0,,37189
8054403,1,1,1,10,2024,1,58,11.0,20000000.0,37191
8054406,1,3,1,10,2024,2,18,10.0,,37197
8054408,1,1,1,10,2024,1,38,10.0,3750000.0,37199
8054408,1,3,1,10,2024,2,5,2.0,,37201
8054408,1,4,1,10,2024,2,76,5.0,,37202
8054410,1,3,1,10,2024,1,2,,,37205
8054411,1,2,1,10,2024,2,17,5.0,,37207
8054413,1,1,1,10,2024,2,51,5.0,1300000.0,37209
8054413,1,2,1,10,2024,1,25,5.0,1300000.0,37210
8054414,1,2,1,10,2024,2,17,5.0,,37214
8054419,1,1,1,10,2024,2,24,5.0,,37220
8054420,1,1,1,10,2024,2,55,5.0,1000000.0,37221
8054423,1,4,1,10,2024,1,23,5.0,1300000.0,37230
8054424,1,3,1,10,2024,2,22,5.0,850000.0,37233
8054425,1,2,1,10,2024,2,19,5.0,,37236
8054427,1,2,1,10,2024,2,36,5.0,,37241
8054428,1,2,1,10,2024,2,32,4.0,1300000.0,37245
8054428,1,6,1,10,2024,2,7,3.0,,37249
8054428,1,7,1,10,2024,1,5,2.0,,37250
8054428,1,9,1,10,2024,1,3,1.0,,37252
8054429,1,2,1,10,2024,2,45,4.0,,37254
8054430,1,2,1,10,2024,2,46,5.0,1300000.0,37258
8054430,1,5,1,10,2024,2,43,8.0,1300000.0,37261
8054432,1,2,1,10,2024,1,77,3.0,,37269
8054432,1,3,1,10,2024,1,15,4.0,,37270
8054432,1,4,1,10,2024,2,6,3.0,,37271
8054433,1,1,1,10,2024,2,73,3.0,,37272
8054434,1,2,1,10,2024,2,35,5.0,1300000.0,37276
8054435,1,2,1,10,2024,1,38,5.0,1000000.0,37278
8054437,1,4,1,10,2024,1,7,3.0,,37286
8054439,1,2,1,10,2024,1,67,10.0,,37288
8054439,1,3,1,10,2024,2,41,10.0,5000000.0,37289
8054439,1,4,1,10,2024,1,18,10.0,,37290
8054440,1,1,1,10,2024,1,66,10.0,,37291
8054441,1,1,1,10,2024,1,24,10.0,2500000.0,37294
8054441,1,2,1,10,2024,1,25,5.0,1500000.0,37295
8054445,1,1,1,10,2024,2,51,10.0,,37297
8054446,1,2,1,10,2024,2,50,4.0,680000.0,37299
8054447,1,4,1,10,2024,1,14,4.0,,37305
8054449,1,3,1,10,2024,1,13,4.0,,37309
8054453,1,5,1,10,2024,1,6,3.0,,37317
8054454,1,4,1,10,2024,2,10,3.0,,37321
8054454,1,5,1,10,2024,1,24,5.0,1500000.0,37322
8054458,1,3,1,10,2024,2,14,4.0,,37332
8054459,1,1,1,10,2024,2,26,10.0,1300000.0,37333
8054461,1,3,1,10,2024,1,36,3.0,,37338
8054462,1,1,1,10,2024,1,27,5.0,1560000.0,37341
8054462,1,2,1,10,2024,2,24,5.0,1300000.0,37342
8054462,1,3,1,10,2024,2,26,10.0,1300000.0,37343
8054463,1,1,1,10,2024,1,34,11.0,3500000.0,37344
8054463,1,2,1,10,2024,2,31,11.0,4500000.0,37345
8054469,1,1,1,10,2024,2,27,10.0,2800000.0,37350
8054470,1,1,1,10,2024,2,29,5.0,1300000.0,37354
8054472,1,3,1,10,2024,1,5,2.0,,37359
8054477,1,1,1,10,2024,2,29,11.0,4000000.0,37360
8054484,1,1,1,10,2024,2,30,8.0,1300000.0,37364
8054485,1,2,1,10,2024,1,49,5.0,1000000.0,37369
8054485,1,3,1,10,2024,1,26,5.0,700000.0,37370
8054487,1,2,1,10,2024,1,73,3.0,,37376
8054488,1,1,1,10,2024,1,31,5.0,1300000.0,37378
8054489,1,2,1,10,2024,2,11,4.0,,37383
8054490,1,1,1,10,2024,2,33,4.0,1300000.0,37385
8054492,1,1,1,10,2024,1,38,5.0,1300000.0,37388
8054493,1,2,1,10,2024,2,30,10.0,2000000.0,37393
8054494,1,1,1,10,2024,2,33,10.0,5000000.0,37395
8054495,1,1,1,10,2024,2,34,9.0,16000000.0,37396
8054499,1,1,1,10,2024,2,36,5.0,1500000.0,37402
8054503,1,1,1,10,2024,1,45,10.0,1500000.0,37404
8054503,1,2,1,10,2024,2,45,5.0,,37405
8054504,1,3,1,10,2024,2,6,2.0,,37410
8054505,1,1,1,10,2024,2,58,8.0,,37411
8054505,1,3,1,10,2024,1,14,4.0,,37413
8054505,1,4,1,10,2024,2,36,9.0,,37414
8054507,1,1,1,10,2024,2,45,4.0,800000.0,37420
8054507,1,4,1,10,2024,1,17,5.0,,37423
8054511,1,2,1,10,2024,2,24,4.0,1000000.0,37427
8054515,1,2,1,10,2024,1,16,5.0,,37432
8054515,1,3,1,10,2024,2,13,3.0,,37433
8054516,1,2,1,10,2024,2,43,3.0,1300000.0,37435
8054516,1,3,1,10,2024,1,20,10.0,,37436
8054517,1,3,1,10,2024,1,25,5.0,,37440
8054519,1,2,1,10,2024,2,28,5.0,,37443
8054519,1,4,1,10,2024,2,8,3.0,,37445
8054521,1,3,1,10,2024,1,15,4.0,,37448
8054521,1,7,1,10,2024,2,17,3.0,,37452
8054521,1,8,1,10,2024,1,21,5.0,600000.0,37453
8054522,1,3,1,10,2024,2,10,3.0,,37458
8054523,1,1,1,10,2024,1,60,8.0,1200000.0,37459
8054525,1,1,1,10,2024,1,57,5.0,1300000.0,37466
8054525,1,2,1,10,2024,1,62,5.0,1300000.0,37467
8054531,1,1,1,10,2024,2,71,8.0,,37479
8054532,1,1,1,10,2024,2,31,10.0,6000000.0,37481
8054533,1,2,1,10,2024,2,34,8.0,,37483
8054538,1,1,1,10,2024,1,28,10.0,2600000.0,37489
8054540,1,1,1,10,2024,2,59,5.0,1000000.0,37491
8054550,1,1,1,10,2024,2,39,12.0,5000000.0,37502
8054551,1,1,1,10,2024,2,65,5.0,,37504
8054553,1,1,1,10,2024,2,73,5.0,2000000.0,37505
8054554,1,1,1,10,2024,1,41,3.0,1000000.0,37506
8054554,1,4,1,10,2024,1,14,4.0,,37509
8054554,1,6,1,10,2024,2,0,,,37511
8054554,1,7,1,10,2024,2,55,3.0,800000.0,37512
8054558,1,3,1,10,2024,1,16,5.0,,37523
8054559,1,1,1,10,2024,1,29,5.0,1300000.0,37524
8054559,1,4,1,10,2024,2,34,10.0,1300000.0,37527
8054560,1,1,1,10,2024,2,51,10.0,2400000.0,37529
8054560,1,2,1,10,2024,1,71,10.0,,37530
8054562,1,1,1,10,2024,1,22,5.0,1300000.0,37533
8054562,1,3,1,10,2024,1,3,1.0,,37535
8054567,1,2,1,10,2024,1,12,4.0,,37538
8054582,1,1,1,10,2024,1,25,5.0,1300000.0,37551
8054584,1,2,1,10,2024,2,75,3.0,,37554
8054584,1,3,1,10,2024,1,50,5.0,2000000.0,37555
8054584,1,5,1,10,2024,1,11,4.0,,37557
8054586,1,2,1,10,2024,1,36,5.0,1000000.0,37561
8054587,1,1,1,10,2024,2,63,5.0,,37564
8054590,1,1,1,10,2024,1,81,3.0,,37566
8054591,1,2,1,10,2024,1,39,5.0,1300000.0,37569
8054592,1,1,1,10,2024,1,35,8.0,1800000.0,37572
8054597,1,1,1,10,2024,1,39,9.0,1800000.0,37575
8054597,1,6,1,10,2024,2,76,3.0,,37580
8054598,1,1,1,10,2024,1,48,10.0,,37581
8054598,1,2,1,10,2024,1,14,5.0,,37582
8054600,1,1,1,10,2024,1,42,5.0,2000000.0,37587
8054602,1,1,1,10,2024,1,85,3.0,,37589
8054602,1,2,1,10,2024,2,43,10.0,1300000.0,37590
8054602,1,3,1,10,2024,2,49,5.0,800000.0,37591
8054602,1,5,1,10,2024,1,18,10.0,,37593
8054602,1,9,1,10,2024,2,0,,,37597
8054603,1,1,1,10,2024,1,45,10.0,200000.0,37598
8054604,1,3,1,10,2024,1,28,10.0,120000.0,37603
8054606,1,1,1,10,2024,2,38,4.0,1000000.0,37605
8054607,1,3,1,10,2024,2,21,10.0,,37611
8054608,1,4,1,10,2024,1,15,4.0,,37615
8054613,1,2,1,10,2024,2,13,4.0,,37626
8054614,1,2,1,10,2024,1,43,5.0,1400000.0,37630
8054615,1,1,1,10,2024,2,55,3.0,,37634
8054615,1,2,1,10,2024,1,37,3.0,,37635
8054616,1,2,1,10,2024,2,4,1.0,,37638
8054616,1,3,1,10,2024,2,18,5.0,,37639
8054617,1,1,1,10,2024,2,52,10.0,,37640
8054617,1,2,1,10,2024,2,26,10.0,,37641
8054621,1,2,1,10,2024,2,30,8.0,,37652
8054622,1,1,1,10,2024,2,18,4.0,,37655
8054622,1,2,1,10,2024,1,19,4.0,500000.0,37656
8054624,1,2,1,10,2024,2,0,,,37661
8054625,1,2,1,10,2024,1,45,5.0,700000.0,37663
8054627,1,3,1,10,2024,1,7,3.0,,37666
8054630,1,1,1,10,2024,1,29,5.0,500000.0,37675
8054631,1,3,1,10,2024,1,0,,,37680
8054641,1,2,1,10,2024,2,26,1.0,,37695
8054641,1,5,1,10,2024,2,18,3.0,,37698
8054642,1,1,1,10,2024,2,64,4.0,480000.0,37702
8054643,1,1,1,10,2024,1,58,5.0,700000.0,37706
8054643,1,4,1,10,2024,1,9,3.0,,37709
8054646,1,1,1,10,2024,1,46,8.0,1300000.0,37719
8054646,1,2,1,10,2024,2,34,10.0,,37720
8054646,1,5,1,10,2024,1,0,,,37723
8054647,1,1,1,10,2024,1,20,5.0,1300000.0,37724
8054649,1,1,1,10,2024,2,36,5.0,,37727
8054653,1,2,1,10,2024,2,52,8.0,30000.0,37732
8054656,1,1,1,10,2024,2,33,11.0,5000000.0,37738
8054656,1,2,1,10,2024,1,29,10.0,,37739
8054657,1,1,1,10,2024,2,27,5.0,,37740
8054657,1,3,1,10,2024,2,7,3.0,,37742
8054657,1,4,1,10,2024,2,5,2.0,,37743
8054659,1,1,1,10,2024,2,26,5.0,1500000.0,37745
8054662,1,1,1,10,2024,2,56,10.0,,37751
8054666,1,1,1,10,2024,2,46,10.0,2800000.0,37754
8054667,1,2,1,10,2024,1,38,8.0,1300000.0,37757
8054667,1,4,1,10,2024,2,66,5.0,,37759
8054668,1,1,1,10,2024,1,40,5.0,1300000.0,37760
8054668,1,3,1,10,2024,1,22,10.0,,37762
8054668,1,5,1,10,2024,2,14,4.0,,37764
8054669,1,2,1,10,2024,2,49,3.0,,37766
8054670,1,3,1,10,2024,2,20,10.0,,37772
8054670,1,4,1,10,2024,2,19,5.0,,37773
8054674,1,2,1,10,2024,1,21,10.0,,37778
8054678,1,2,1,10,2024,1,47,1.0,600000.0,37780
8054678,1,3,1,10,2024,1,23,5.0,,37781
8054678,1,4,1,10,2024,1,15,4.0,,37782
8054679,1,2,1,10,2024,1,30,10.0,,37786
8054680,1,1,1,10,2024,1,59,1.0,300000.0,37787
8054680,1,2,1,10,2024,2,40,1.0,,37788
8054680,1,5,1,10,2024,1,8,3.0,,37791
8054681,1,1,1,10,2024,1,45,1.0,120000.0,37792
8054682,1,1,1,10,2024,2,73,4.0,150000.0,37794
8054683,1,7,1,10,2024,2,19,10.0,,37801
8054684,1,1,1,10,2024,2,68,11.0,1300000.0,37803
8054686,1,2,1,10,2024,1,18,8.0,,37807
8054689,1,2,1,10,2024,1,13,4.0,,37813
8054691,1,2,1,10,2024,1,50,5.0,900000.0,37821
8054692,1,1,1,10,2024,2,45,4.0,,37822
8054694,1,1,1,10,2024,2,48,8.0,2600000.0,37826
8054695,1,2,1,10,2024,1,18,10.0,,37828
8054702,1,6,1,10,2024,2,23,8.0,,37834
8054703,1,2,1,10,2024,2,48,6.0,,37836
8054704,1,4,1,10,2024,1,28,5.0,1300000.0,37840
8054706,1,3,1,10,2024,1,39,5.0,1200000.0,37845
8054707,1,1,1,10,2024,2,33,8.0,1600000.0,37846
8054707,1,2,1,10,2024,1,49,6.0,1600000.0,37847
8054708,1,1,1,10,2024,1,28,5.0,850000.0,37853
8054708,1,2,1,10,2024,2,27,8.0,,37854
8054710,1,1,1,10,2024,1,41,9.0,2200000.0,37862
8054714,1,3,1,10,2024,2,16,5.0,,37869
8054714,1,4,1,10,2024,2,13,4.0,,37870
8054717,1,3,1,10,2024,2,3,1.0,,37880
8054719,1,4,1,10,2024,2,22,4.0,1080000.0,37889
8054719,1,5,1,10,2024,1,25,5.0,1400000.0,37890
8054720,1,1,1,10,2024,2,30,6.0,,37892
8054721,1,2,1,10,2024,2,23,8.0,800000.0,37899
8054721,1,3,1,10,2024,2,2,,,37900
8054722,1,1,1,10,2024,1,65,4.0,1300000.0,37901
8054725,1,2,1,10,2024,2,24,8.0,1400000.0,37903
8054727,1,6,1,10,2024,1,1,,,37909
8054728,1,2,1,10,2024,1,9,3.0,,37911
8054730,1,3,1,10,2024,1,5,2.0,,37914
8054731,1,2,1,10,2024,1,48,5.0,1500000.0,37916
8054733,1,4,1,10,2024,2,4,1.0,,37925
8054736,1,2,1,10,2024,2,20,5.0,,37933
8054737,1,1,1,10,2024,1,27,3.0,1200000.0,37935
8054737,1,3,1,10,2024,2,17,4.0,,37937
8054741,1,1,1,10,2024,1,23,4.0,1200000.0,37949
8054741,1,2,1,10,2024,2,33,4.0,,37950
8054741,1,4,1,10,2024,1,0,,,37952
8054743,1,2,1,10,2024,2,16,4.0,,37958
8054746,1,1,1,10,2024,2,87,3.0,,37959
8054749,1,2,1,10,2024,2,92,8.0,,37967
8054749,1,4,1,10,2024,1,7,2.0,,37969
8054756,1,1,1,10,2024,1,48,8.0,2400000.0,37978
8054757,1,3,1,10,2024,1,15,5.0,,37983
8054757,1,5,1,10,2024,1,8,3.0,,37985
8054757,1,6,1,10,2024,1,3,1.0,,37986
8054758,1,3,1,10,2024,1,17,5.0,,37989
8054758,1,4,1,10,2024,1,10,3.0,,37990
8054760,1,1,1,10,2024,1,51,3.0,1000000.0,37995
8054761,1,1,1,10,2024,2,40,4.0,400000.0,38000
8054762,1,1,1,10,2024,1,68,3.0,12520000.0,38001
8054766,1,4,1,10,2024,2,2,,,38016
8054768,1,2,1,10,2024,2,50,5.0,300000.0,38020
8054769,1,1,1,10,2024,2,84,3.0,,38024
8054770,1,1,1,10,2024,2,40,5.0,1000000.0,38027
8054770,1,2,1,10,2024,1,14,4.0,,38028
8054772,1,1,1,10,2024,1,46,5.0,1400000.0,38029
8054773,1,2,1,10,2024,2,51,10.0,,38035
8054774,1,1,1,10,2024,2,52,5.0,600000.0,38037
8054774,1,2,1,10,2024,1,46,5.0,1200000.0,38038
8054774,1,5,1,10,2024,1,34,5.0,,38041
8054774,1,6,1,10,2024,1,8,3.0,,38042
8054774,1,7,1,10,2024,1,8,3.0,,38043
8054775,1,2,1,10,2024,2,81,3.0,,38045
8054777,1,3,1,10,2024,1,13,4.0,,38048
8054778,1,1,1,10,2024,2,58,3.0,600000.0,38052
8054780,1,2,1,10,2024,1,29,10.0,3000000.0,38057
8054781,1,1,1,10,2024,2,50,6.0,,38058
8054781,1,2,1,10,2024,1,60,10.0,1300000.0,38059
8054782,1,1,1,10,2024,2,29,10.0,1600000.0,38060
8054783,1,1,1,10,2024,1,35,6.0,1600000.0,38061
8054788,1,1,1,10,2024,1,48,12.0,3900000.0,38067
8054788,1,2,1,10,2024,2,47,10.0,2600000.0,38068
8054788,1,3,1,10,2024,2,16,4.0,,38069
8054793,1,1,1,10,2024,2,70,8.0,,38073
8054794,1,3,1,10,2024,2,24,10.0,,38077
8054796,1,1,1,10,2024,1,46,3.0,1900000.0,38078
8054796,1,3,1,10,2024,1,18,6.0,,38080
8054799,1,1,1,10,2024,2,34,5.0,300000.0,38086
8054801,1,2,1,10,2024,1,52,5.0,1600000.0,38096
8054801,1,5,1,10,2024,1,23,10.0,,38099
8054802,1,3,1,10,2024,1,17,10.0,,38102
8054803,1,4,1,10,2024,2,0,,,38108
8054806,1,1,1,10,2024,1,75,8.0,,38109
8054811,1,1,1,10,2024,2,51,10.0,960000.0,38118
8054811,1,4,1,10,2024,2,71,3.0,,38121
8054813,1,3,1,10,2024,1,23,8.0,,38124
8054813,1,4,1,10,2024,1,8,3.0,,38125
8054816,1,4,1,10,2024,1,10,3.0,,38131
8054817,1,3,1,10,2024,2,8,3.0,,38134
8054818,1,3,1,10,2024,1,24,5.0,,38138
8054818,1,4,1,10,2024,1,20,5.0,,38139
8054819,1,3,1,10,2024,1,24,10.0,,38143
8054819,1,4,1,10,2024,2,18,10.0,,38144
8054821,1,1,1,10,2024,2,64,10.0,845000.0,38145
8054822,1,3,1,10,2024,2,28,10.0,2600000.0,38150
8054825,1,1,1,10,2024,1,35,11.0,2500000.0,38151
8054826,1,1,1,10,2024,2,57,8.0,1800000.0,38152
8054827,1,2,1,10,2024,2,55,11.0,3000000.0,38154
8054831,1,1,1,10,2024,2,17,3.0,100000.0,38158
8054832,1,1,1,10,2024,1,44,3.0,1000000.0,38159
8054836,1,3,1,10,2024,1,6,3.0,,38165
8054838,1,2,1,10,2024,2,13,4.0,,38170
8054839,1,3,1,10,2024,1,38,1.0,,38173
8054840,1,1,1,10,2024,2,36,11.0,5153000.0,38174
8054840,1,2,1,10,2024,1,36,11.0,6800000.0,38175
8054840,1,3,1,10,2024,1,11,3.0,,38176
8054842,1,1,1,10,2024,1,41,4.0,1300000.0,38177
8054844,1,1,1,10,2024,2,42,4.0,240000.0,38181
8054845,1,1,1,10,2024,1,19,6.0,,38186
8054846,1,1,1,10,2024,1,40,11.0,6108000.0,38188
8054849,1,5,1,10,2024,2,28,5.0,600000.0,38198
8054849,1,9,1,10,2024,1,3,1.0,,38202
8054849,1,11,1,10,2024,2,24,4.0,,38204
8054851,1,1,1,10,2024,1,35,5.0,1400000.0,38210
8054852,1,2,1,10,2024,2,53,3.0,,38216
8054853,1,2,1,10,2024,2,56,5.0,,38219
8054856,1,1,1,10,2024,2,41,11.0,18000000.0,38221
8054859,1,4,1,10,2024,1,22,4.0,1300000.0,38227
8054861,1,2,1,10,2024,1,44,5.0,1200000.0,38229
8054861,1,4,1,10,2024,1,20,5.0,1000000.0,38231
8054862,1,2,1,10,2024,2,36,8.0,,38233
8054862,1,4,1,10,2024,1,7,3.0,,38235
8054863,1,1,1,10,2024,1,53,5.0,1100000.0,38236
8054865,1,1,1,10,2024,1,29,8.0,2700000.0,38238
8054867,1,2,1,10,2024,2,49,5.0,2325000.0,38240
8054867,1,3,1,10,2024,2,6,3.0,,38241
8054868,1,1,1,10,2024,2,49,9.0,2038000.0,38242
8054870,1,1,1,10,2024,2,49,3.0,,38248
8054871,1,2,1,10,2024,1,22,5.0,1800000.0,38251
8054872,1,4,1,10,2024,1,21,10.0,,38257
8054873,1,4,1,10,2024,1,32,10.0,,38262
8054874,1,1,1,10,2024,1,82,1.0,,38263
8054874,1,4,1,10,2024,1,42,5.0,1300000.0,38266
8054881,1,2,1,10,2024,1,20,5.0,1100000.0,38277
8054881,1,3,1,10,2024,1,13,4.0,,38278
8054882,1,4,1,10,2024,1,2,,,38282
8054883,1,1,1,10,2024,1,44,5.0,1462000.0,38283
8054884,1,3,1,10,2024,2,46,5.0,,38289
8054886,1,2,1,10,2024,2,35,5.0,1462000.0,38294
8054887,1,1,1,10,2024,2,67,3.0,,38296
8054887,1,2,1,10,2024,1,36,10.0,1400000.0,38297
8054889,1,1,1,10,2024,2,40,10.0,2900000.0,38298
8054889,1,2,1,10,2024,1,12,4.0,,38299
8054891,1,2,1,10,2024,2,28,10.0,2100000.0,38301
8054892,1,1,1,10,2024,2,40,5.0,650000.0,38302
8054892,1,3,1,10,2024,1,10,3.0,,38304
8054895,1,1,1,10,2024,2,36,6.0,1400000.0,38306
8054896,1,1,1,10,2024,2,48,5.0,1300000.0,38310
8054896,1,2,1,10,2024,2,4,2.0,,38311
8054898,1,1,1,10,2024,2,28,5.0,1300000.0,38312
8054898,1,2,1,10,2024,1,27,3.0,1600000.0,38313
8054898,1,5,1,10,2024,2,0,,,38316
8054899,1,1,1,10,2024,2,51,4.0,600000.0,38317
8054899,1,2,1,10,2024,1,31,9.0,1200000.0,38318
8054900,1,1,1,10,2024,2,22,6.0,2000000.0,38322
8054900,1,2,1,10,2024,1,27,5.0,3000000.0,38323
8054902,1,5,1,10,2024,1,10,3.0,,38329
8054905,1,1,1,10,2024,2,74,10.0,,38330
8054908,1,1,1,10,2024,2,34,5.0,,38334
8054908,1,2,1,10,2024,1,35,5.0,1300000.0,38335
8054908,1,5,1,10,2024,1,33,3.0,500000.0,38338
8054909,1,4,1,10,2024,2,1,,,38342
8054912,1,3,1,10,2024,2,31,10.0,1900000.0,38347
8054913,1,1,1,10,2024,1,47,5.0,1600000.0,38348
8054913,1,2,1,10,2024,2,47,5.0,800000.0,38349
8054914,1,1,1,10,2024,1,73,3.0,,38353
8054916,1,1,1,10,2024,1,64,5.0,,38356
8054916,1,2,1,10,2024,2,43,5.0,,38357
8054916,1,4,1,10,2024,1,6,1.0,,38359
8054919,1,3,1,10,2024,2,33,10.0,3000000.0,38363
8054920,1,2,1,10,2024,2,12,4.0,,38366
8054922,1,3,1,10,2024,1,26,10.0,2600000.0,38371
8054923,1,2,1,10,2024,2,26,10.0,,38373
8054925,1,1,1,10,2024,1,65,11.0,4000000.0,38376
8054926,1,1,1,10,2024,1,63,10.0,4000000.0,38379
8054926,1,2,1,10,2024,2,53,10.0,,38380
8054926,1,3,1,10,2024,1,17,10.0,,38381
8054926,1,4,1,10,2024,2,14,4.0,,38382
8054928,1,2,1,10,2024,1,34,12.0,,38387
8054935,1,1,1,10,2024,2,44,5.0,960000.0,38395
8054938,1,1,1,10,2024,1,28,10.0,10000000.0,38401
8054938,1,3,1,10,2024,2,10,3.0,,38403
8054939,1,2,1,10,2024,1,16,5.0,,38406
8054943,1,1,1,10,2024,2,84,5.0,,38416
8054944,1,1,1,10,2024,1,74,10.0,9000000.0,38417
8054945,1,2,1,10,2024,2,95,4.0,,38420
8054946,1,1,1,10,2024,2,62,5.0,,38421
8054946,1,2,1,10,2024,1,37,12.0,4500000.0,38422
8054950,1,2,1,10,2024,1,44,5.0,1300000.0,38428
8054955,1,1,1,10,2024,1,50,11.0,,38436
8054955,1,2,1,10,2024,2,50,11.0,3000000.0,38437
8054955,1,3,1,10,2024,1,20,10.0,1462000.0,38438
8054959,1,1,1,10,2024,2,33,10.0,4000000.0,38440
8054959,1,3,1,10,2024,2,9,3.0,,38442
8054963,1,1,1,10,2024,2,74,10.0,,38445
8054963,1,3,1,10,2024,1,42,10.0,3000000.0,38447
8054964,1,1,1,10,2024,2,59,5.0,1300000.0,38448
8054964,1,2,1,10,2024,1,61,5.0,,38449
8054964,1,3,1,10,2024,1,23,5.0,1300000.0,38450
8054969,1,4,1,10,2024,2,19,8.0,,38459
8054973,1,3,1,10,2024,1,22,4.0,,38468
8054973,1,4,1,10,2024,2,19,4.0,,38469
8054973,1,5,1,10,2024,1,17,3.0,,38470
8054973,1,6,1,10,2024,2,29,4.0,800000.0,38471
8054973,1,8,1,10,2024,1,7,2.0,,38473
8054974,1,3,1,10,2024,2,9,3.0,,38477
8054975,1,1,1,10,2024,2,60,4.0,,38478
8054979,1,1,1,10,2024,1,28,5.0,1100000.0,38489
8054979,1,2,1,10,2024,2,26,8.0,,38490
8054982,1,2,1,10,2024,2,17,10.0,,38496
8054983,1,1,1,10,2024,1,54,11.0,6300000.0,38497
8054984,1,3,1,10,2024,1,6,3.0,,38500
8054995,1,2,1,10,2024,2,53,5.0,1000000.0,38510
8054995,1,3,1,10,2024,1,26,11.0,1313000.0,38511
8054997,1,2,1,10,2024,1,44,4.0,1200000.0,38516
8054997,1,3,1,10,2024,1,40,4.0,700000.0,38517
8054998,1,2,1,10,2024,2,57,8.0,,38520
8055001,1,2,1,10,2024,2,80,3.0,,38526
8055003,1,4,1,10,2024,1,35,10.0,,38533
8055004,1,1,1,10,2024,1,74,8.0,,38535
8055005,1,2,1,10,2024,2,42,4.0,200000.0,38539
8055006,1,2,1,10,2024,2,48,6.0,950000.0,38541
8055006,1,3,1,10,2024,1,50,10.0,1000000.0,38542
8055007,1,3,1,10,2024,1,34,10.0,1500000.0,38545
8055008,1,1,1,10,2024,2,52,5.0,1300000.0,38546
8055008,1,2,1,10,2024,1,50,5.0,1500000.0,38547
8055009,1,2,1,10,2024,1,69,5.0,,38554
8055010,1,1,1,10,2024,2,38,10.0,2800000.0,38555
8055010,1,2,1,10,2024,2,17,5.0,,38556
8055011,1,1,1,10,2024,2,71,3.0,,38557
8055012,1,1,1,10,2024,2,59,3.0,480000.0,38560
8055013,1,3,1,10,2024,1,61,3.0,,38563
8055018,1,3,1,10,2024,1,35,5.0,900000.0,38579
8055018,1,6,1,10,2024,2,0,,,38582
8055019,1,1,1,10,2024,2,54,5.0,,38583
8055020,1,1,1,10,2024,1,69,11.0,,38587
8055022,1,1,1,10,2024,1,53,3.0,500000.0,38591
8055025,1,1,1,10,2024,2,73,10.0,,38599
8055027,1,2,1,10,2024,2,68,7.0,,38605
8055029,1,1,1,10,2024,1,57,3.0,600000.0,38609
8055029,1,4,1,10,2024,2,31,8.0,1300000.0,38612
8055032,1,1,1,10,2024,2,49,3.0,500000.0,38618
8055034,1,1,1,10,2024,1,77,5.0,,38623
8055035,1,1,1,10,2024,1,42,5.0,700000.0,38625
8055036,1,1,1,10,2024,2,95,4.0,,38629
8055036,1,3,1,10,2024,2,26,5.0,0.0,38631
8055037,1,3,1,10,2024,1,7,3.0,,38635
8055038,1,5,1,10,2024,1,44,10.0,,38640
8055039,1,4,1,10,2024,2,24,5.0,700000.0,38644
8055039,1,5,1,10,2024,2,4,2.0,,38645
8055040,1,1,1,10,2024,1,38,12.0,6000000.0,38646
8055044,1,2,1,10,2024,2,12,4.0,,38659
8055045,1,1,1,10,2024,1,50,5.0,800000.0,38661
8055046,1,1,1,10,2024,1,95,3.0,,38665
8055048,1,2,1,10,2024,2,44,5.0,900000.0,38669
8055048,1,3,1,10,2024,1,18,10.0,,38670
8055049,1,1,1,10,2024,1,42,5.0,1300000.0,38672
8055051,1,3,1,10,2024,1,85,3.0,,38678
8055054,1,1,1,10,2024,1,48,10.0,3500000.0,38680
8055055,1,1,1,10,2024,1,67,11.0,,38684
8055055,1,2,1,10,2024,2,63,9.0,,38685
8055057,1,1,1,10,2024,1,34,10.0,4500000.0,38689
8055058,1,2,1,10,2024,1,24,10.0,1300000.0,38692
8055061,1,2,1,10,2024,2,44,5.0,0.0,38698
8055062,1,1,1,10,2024,2,54,8.0,900000.0,38701
8055065,1,1,1,10,2024,1,44,5.0,600000.0,38703
8055071,1,3,1,10,2024,1,18,4.0,600000.0,38707
8055071,1,4,1,10,2024,2,16,4.0,,38708
8055075,1,1,1,10,2024,2,69,4.0,0.0,38710
8055076,1,1,1,10,2024,2,49,5.0,600000.0,38712
8055079,1,1,1,10,2024,2,90,3.0,,38714
8055084,1,3,1,10,2024,2,64,3.0,0.0,38718
8055086,1,1,1,10,2024,2,52,6.0,,38721
8055086,1,2,1,10,2024,1,30,10.0,1400000.0,38722
8055122,1,1,1,10,2024,2,32,10.0,1500000.0,38733
8055122,1,2,1,10,2024,1,37,10.0,1300000.0,38734
8055122,1,3,1,10,2024,2,1,,,38735
8055125,1,4,1,10,2024,1,0,,,38744
8055127,1,4,1,10,2024,1,21,4.0,200000.0,38752
8055128,1,1,1,10,2024,2,63,4.0,,38753
8055128,2,2,2,10,2024,2,19,5.0,150000.0,38755
8055129,1,1,1,10,2024,1,66,4.0,,38757
8055130,1,1,1,10,2024,1,40,4.0,,38761
8055130,1,2,1,10,2024,2,40,4.0,,38762
8055134,1,1,1,10,2024,2,37,4.0,1250000.0,38771
8055136,1,2,1,10,2024,1,36,4.0,1300000.0,38775
8055136,1,5,1,10,2024,1,3,1.0,,38778
8055137,1,2,1,10,2024,1,31,5.0,600000.0,38780
8055141,1,5,1,10,2024,2,11,4.0,,38789
8055141,1,6,1,10,2024,2,2,,,38790
8055141,1,7,1,10,2024,1,69,3.0,,38791
8055145,1,1,1,10,2024,2,49,6.0,1300000.0,38798
8055147,1,2,1,10,2024,2,24,9.0,,38802
8055147,1,3,1,10,2024,2,20,8.0,1600000.0,38803
8055148,1,2,1,10,2024,2,48,5.0,1700000.0,38805
8055148,1,3,1,10,2024,1,8,3.0,,38806
8055149,1,4,1,10,2024,1,91,1.0,,38810
8055150,1,1,1,10,2024,1,42,5.0,1200000.0,38811
8055150,1,2,1,10,2024,2,67,1.0,,38812
8055150,1,3,1,10,2024,1,9,3.0,,38813
8055151,1,1,1,10,2024,2,61,3.0,280000.0,38814
8055151,1,4,1,10,2024,1,80,4.0,,38817
8055152,1,1,1,10,2024,2,51,3.0,1300000.0,38818
8055153,1,1,1,10,2024,2,24,5.0,,38820
8055153,1,3,1,10,2024,1,5,1.0,,38822
8055153,1,4,1,10,2024,2,3,1.0,,38823
8055156,1,3,1,10,2024,1,40,5.0,900000.0,38832
8055156,1,7,1,10,2024,1,19,4.0,,38836
8055157,1,3,1,10,2024,1,5,3.0,,38841
8055161,1,1,1,10,2024,1,50,4.0,800000.0,38848
8055162,1,2,1,10,2024,1,41,10.0,,38850
8055165,1,2,1,10,2024,2,38,5.0,,38856
8055166,1,4,1,10,2024,1,5,2.0,,38860
8055169,1,3,1,10,2024,2,9,3.0,,38866
8055170,1,1,1,10,2024,1,28,3.0,1900000.0,38868
8055170,1,2,1,10,2024,2,31,4.0,,38869
8055170,1,3,1,10,2024,2,7,2.0,,38870
8055171,1,1,1,10,2024,2,56,5.0,1100000.0,38871
8055172,1,1,1,10,2024,1,31,5.0,,38874
8055172,1,3,1,10,2024,2,20,8.0,600000.0,38876
8055178,1,1,1,10,2024,1,66,11.0,4700000.0,38880
8055178,1,2,1,10,2024,2,57,5.0,,38881
8055178,1,3,1,10,2024,1,27,10.0,,38882
8055181,1,3,1,10,2024,2,21,5.0,,38891
8055181,1,5,1,10,2024,1,0,,,38893
8055182,1,1,1,10,2024,1,48,8.0,1300000.0,38894
8055183,1,1,1,10,2024,2,51,5.0,,38895
8055184,1,3,1,10,2024,2,30,10.0,,38900
8055185,1,1,1,10,2024,2,40,4.0,1200000.0,38901
8055185,1,2,1,10,2024,1,16,4.0,,38902
8055186,1,1,1,10,2024,1,30,10.0,1200000.0,38903
8055186,1,3,1,10,2024,1,22,5.0,1100000.0,38905
8055191,1,2,1,10,2024,2,29,8.0,1300000.0,38908
8055192,1,2,1,10,2024,2,7,3.0,,38910
8055195,1,1,1,10,2024,1,55,9.0,2600000.0,38911
8055195,1,2,1,10,2024,1,15,5.0,,38912
8055195,1,3,1,10,2024,2,79,1.0,,38913
8055196,1,1,1,10,2024,2,30,10.0,800000.0,38914
8055197,1,1,1,10,2024,2,32,5.0,1300000.0,38916
8055202,1,2,1,10,2024,1,28,4.0,600000.0,38929
8055202,1,3,1,10,2024,2,9,3.0,,38930
8055204,1,2,1,10,2024,1,21,10.0,,38935
8055207,2,4,2,10,2024,2,12,3.0,,38945
8055211,1,1,1,10,2024,1,44,5.0,960000.0,38955
8055212,1,1,1,10,2024,1,68,3.0,,38958
8055213,1,1,1,10,2024,2,24,8.0,1300000.0,38960
8055213,1,2,1,10,2024,1,6,3.0,,38961
8055214,1,1,1,10,2024,2,73,3.0,,38963
8055215,1,1,1,10,2024,2,40,5.0,,38965
8055217,1,1,1,10,2024,2,78,3.0,,38975
8055217,1,3,1,10,2024,2,40,5.0,1300000.0,38977
8055218,1,1,1,10,2024,1,41,5.0,1200000.0,38980
8055218,1,8,1,10,2024,2,8,3.0,,38987
8055218,1,9,1,10,2024,1,7,2.0,,38988
8055219,1,2,1,10,2024,2,33,10.0,500000.0,38991
8055220,1,1,1,10,2024,1,50,11.0,2300000.0,38993
8055220,1,2,1,10,2024,2,42,11.0,3000000.0,38994
8055220,1,4,1,10,2024,2,14,4.0,,38996
8055222,1,2,1,10,2024,2,55,1.0,,39003
8055223,1,1,1,10,2024,2,74,3.0,1000000.0,39006
8055224,1,1,1,10,2024,1,64,3.0,1600000.0,39007
8055224,1,2,1,10,2024,2,65,3.0,,39008
8055224,1,6,1,10,2024,2,19,10.0,,39012
8055225,1,4,1,10,2024,2,11,4.0,,39018
8055229,1,2,1,10,2024,2,27,5.0,1080000.0,39024
8055231,1,2,1,10,2024,1,91,3.0,,39028
8055235,1,1,1,10,2024,2,29,8.0,1450000.0,39031
8055238,1,2,1,10,2024,2,93,3.0,,39034
8055238,1,3,1,10,2024,2,50,10.0,2700000.0,39035
8055244,1,1,1,10,2024,1,37,10.0,1000000.0,39038
8055247,1,1,1,10,2024,1,84,3.0,,39040
8055247,1,3,1,10,2024,2,48,3.0,,39042
8055256,1,1,1,10,2024,2,73,12.0,,39047
8055257,1,1,1,10,2024,2,59,5.0,,39049
8055258,1,3,1,10,2024,1,17,5.0,,39053
8055259,1,3,1,10,2024,1,5,1.0,,39056
8055261,1,3,1,10,2024,1,23,9.0,1300000.0,39063
8055264,1,1,1,10,2024,2,28,10.0,4000000.0,39065
8055266,1,4,1,10,2024,2,7,3.0,,39072
8055267,1,2,1,10,2024,1,9,3.0,,39074
8055272,1,1,1,10,2024,2,24,5.0,1300000.0,39075
8055275,1,2,1,10,2024,1,15,4.0,,39081
8055275,1,3,1,10,2024,2,4,2.0,,39082
8055276,1,3,1,10,2024,2,13,4.0,,39085
8055277,1,1,1,10,2024,1,41,5.0,1300000.0,39087
8055277,1,2,1,10,2024,2,52,4.0,,39088
8055281,1,2,1,10,2024,1,76,3.0,300000.0,39093
8055284,1,1,1,10,2024,2,30,10.0,2100000.0,39096
8055285,1,2,1,10,2024,2,61,5.0,,39098
8055287,1,1,1,10,2024,1,48,5.0,,39100
8055287,1,2,1,10,2024,1,48,4.0,1300000.0,39101
8055291,1,2,1,10,2024,1,39,8.0,1300000.0,39104
8055292,1,2,1,10,2024,2,52,5.0,840000.0,39107
8055292,1,3,1,10,2024,1,25,9.0,1300000.0,39108
8055293,1,3,1,10,2024,2,17,5.0,,39113
8055295,1,1,1,10,2024,1,30,5.0,1300000.0,39116
8055298,1,1,1,10,2024,2,50,4.0,,39120
8055300,1,1,1,10,2024,2,36,3.0,240000.0,39125
8055300,1,4,1,10,2024,1,11,3.0,,39128
8055301,1,2,1,10,2024,1,13,4.0,,39131
8055304,1,1,1,10,2024,1,42,8.0,1300000.0,39138
8055310,1,1,1,10,2024,2,49,3.0,,39141
8055310,1,4,1,10,2024,2,29,5.0,1800000.0,39144
8055315,1,1,1,10,2024,1,39,4.0,1700000.0,39149
8055315,1,2,1,10,2024,2,52,5.0,1300000.0,39150
8055318,1,2,1,10,2024,2,23,5.0,1300000.0,39154
8055321,1,1,1,10,2024,1,60,5.0,1500000.0,39163
8055323,1,1,1,10,2024,1,68,4.0,1200000.0,39165
8055323,1,2,1,10,2024,2,69,5.0,,39166
8055329,1,4,1,10,2024,2,10,4.0,,39181
8055330,1,4,1,10,2024,1,18,5.0,,39185
8055330,1,5,1,10,2024,2,6,3.0,,39186
8055331,1,2,1,10,2024,1,32,8.0,1500000.0,39189
8055332,1,1,1,10,2024,1,56,3.0,1300000.0,39190
8055332,1,2,1,10,2024,2,52,3.0,1300000.0,39191
8055332,1,3,1,10,2024,1,24,5.0,1300000.0,39192
8055333,1,1,1,10,2024,1,49,9.0,2000000.0,39195
8055335,1,1,1,10,2024,1,52,4.0,2000000.0,39197
8055338,1,1,1,10,2024,2,70,4.0,,39198
8055339,1,1,1,10,2024,2,55,3.0,,39199
8055339,1,3,1,10,2024,1,30,5.0,1500000.0,39201
8055340,1,4,1,10,2024,2,21,5.0,,39205
8055347,1,1,1,10,2024,2,69,3.0,,39211
8055347,1,2,1,10,2024,1,61,5.0,3000000.0,39212
8055348,1,2,1,10,2024,2,34,10.0,900000.0,39216
8055350,1,2,1,10,2024,1,22,10.0,1000000.0,39220
8055352,1,4,1,10,2024,2,58,1.0,,39225
8055354,1,2,1,10,2024,1,47,3.0,,39228
8055355,1,1,1,10,2024,2,55,4.0,,39230
8055356,1,2,1,10,2024,2,90,3.0,,39232
8055361,1,1,1,10,2024,1,56,4.0,1800000.0,39244
8055364,1,5,1,10,2024,2,8,3.0,,39251
8055364,1,6,1,10,2024,2,6,3.0,,39252
8055365,1,4,1,10,2024,1,8,3.0,,39256
8055367,1,2,1,10,2024,1,50,3.0,,39258
8055369,1,3,1,10,2024,2,20,10.0,,39263
8055370,1,3,1,10,2024,1,16,6.0,,39267
8055371,1,1,1,10,2024,2,53,4.0,550000.0,39268
8055376,1,1,1,10,2024,2,40,12.0,6500000.0,39275
8055378,1,3,1,10,2024,1,3,1.0,,39280
8055379,1,4,1,10,2024,2,35,10.0,,39284
8055381,1,2,1,10,2024,1,9,3.0,,39290
8055383,1,1,1,10,2024,1,43,5.0,1300000.0,39294
8055383,1,2,1,10,2024,2,37,5.0,650000.0,39295
8055383,1,3,1,10,2024,2,5,2.0,,39296
8055384,1,2,1,10,2024,2,26,6.0,400000.0,39299
8055385,1,2,1,10,2024,1,10,3.0,,39303
8055386,1,3,1,10,2024,1,7,3.0,,39307
8055388,1,1,1,10,2024,1,67,4.0,,39310
8055389,1,2,1,10,2024,2,19,8.0,,39313
8055390,1,3,1,10,2024,1,10,3.0,,39316
8055392,1,2,1,10,2024,2,78,5.0,,39320
8055394,1,1,1,10,2024,1,67,3.0,,39321
8055394,1,3,1,10,2024,1,29,5.0,1300000.0,39323
8055396,1,1,1,10,2024,2,62,11.0,,39324
8055397,1,3,1,10,2024,2,16,5.0,,39328
8055397,1,4,1,10,2024,2,12,3.0,,39329
8055399,1,1,1,10,2024,1,63,4.0,1200000.0,39334
8055402,1,3,1,10,2024,2,12,4.0,,39338
8055406,1,1,1,10,2024,1,56,5.0,3500000.0,39343
8055408,1,2,1,10,2024,1,6,3.0,,39347
8055411,1,1,1,10,2024,1,57,5.0,1400000.0,39348
8055411,1,2,1,10,2024,2,43,5.0,1300000.0,39349
8055418,1,3,1,10,2024,1,5,1.0,,39354
8055420,1,2,1,10,2024,1,38,5.0,2000000.0,39357
8055422,1,1,1,10,2024,2,56,5.0,,39359
8055423,1,2,1,10,2024,2,30,10.0,2500000.0,39362
8055424,1,1,1,10,2024,1,77,5.0,,39363
8055424,1,3,1,10,2024,2,20,1.0,,39365
8055429,1,2,1,10,2024,2,48,13.0,8000000.0,39374
8055429,1,4,1,10,2024,2,62,10.0,,39376
8055431,1,1,1,10,2024,1,45,10.0,14000000.0,39377
8055436,1,1,1,10,2024,2,58,10.0,,39380
8055440,1,1,1,10,2024,1,33,10.0,1700000.0,39381
8055446,1,2,1,10,2024,2,72,3.0,,39388
8055447,1,1,1,10,2024,1,41,5.0,1200000.0,39390
8055447,1,2,1,10,2024,1,41,5.0,1200000.0,39391
8055448,1,1,1,10,2024,2,74,5.0,,39392
8055449,1,1,1,10,2024,1,48,11.0,10000000.0,39396
8055450,1,2,1,10,2024,2,74,3.0,,39400
8055457,1,1,1,10,2024,1,74,5.0,1000000.0,39401
8055462,1,1,1,10,2024,1,52,5.0,3000000.0,39403
8055466,1,2,1,10,2024,2,43,10.0,1500000.0,39406
8055468,1,3,1,10,2024,2,12,3.0,,39413
8055469,1,2,1,10,2024,2,69,11.0,,39416
8055471,1,1,1,10,2024,1,42,5.0,1300000.0,39419
8055473,1,2,1,10,2024,1,9,3.0,,39423
8055475,1,1,1,10,2024,2,36,5.0,2600000.0,39424
8055475,1,3,1,10,2024,2,26,6.0,1300000.0,39426
8055476,1,1,1,10,2024,2,74,3.0,,39427
8055477,1,2,1,10,2024,2,21,5.0,,39431
8055480,1,1,1,10,2024,1,38,9.0,1300000.0,39433
8055481,1,1,1,10,2024,2,38,8.0,,39435
8055481,1,2,1,10,2024,2,13,4.0,,39436
8055489,1,1,1,10,2024,1,41,5.0,3000000.0,39447
8055490,1,2,1,10,2024,2,51,8.0,3100000.0,39450
8055493,1,2,1,10,2024,1,28,5.0,1800000.0,39455
8055493,1,3,1,10,2024,1,23,5.0,1800000.0,39456
8055494,1,1,1,10,2024,1,42,3.0,1300000.0,39457
8055494,1,2,1,10,2024,2,40,4.0,950000.0,39458
8055494,1,3,1,10,2024,1,22,5.0,1200000.0,39459
8055495,1,2,1,10,2024,1,46,5.0,1300000.0,39462
8055505,1,2,1,10,2024,2,35,11.0,4400000.0,39466
8055508,1,1,1,10,2024,1,33,3.0,900000.0,39473
8055509,1,1,1,10,2024,1,59,10.0,10000000.0,39474
8055511,1,1,1,10,2024,1,83,3.0,,39481
8055511,1,2,1,10,2024,2,65,3.0,,39482
8055512,1,2,1,10,2024,1,48,3.0,1500000.0,39484
8055512,1,3,1,10,2024,2,14,3.0,,39485
8055513,1,1,1,10,2024,2,43,5.0,2400000.0,39486
8055513,1,3,1,10,2024,1,73,5.0,1300000.0,39488
8055516,1,2,1,10,2024,1,20,5.0,,39496
8055523,1,1,1,10,2024,2,59,5.0,,39502
8055528,1,3,1,10,2024,1,6,3.0,,39508
8055531,1,1,1,10,2024,2,50,3.0,,39510
8055531,1,3,1,10,2024,2,73,3.0,,39512
8055532,1,1,1,10,2024,1,59,5.0,1472000.0,39513
8055533,1,2,1,10,2024,1,37,5.0,,39515
8055533,1,4,1,10,2024,1,25,5.0,,39517
8055533,1,6,1,10,2024,1,27,4.0,,39519
8055534,1,2,1,10,2024,2,44,8.0,1850000.0,39523
8055535,1,1,1,10,2024,2,72,5.0,,39524
8055536,1,1,1,10,2024,2,45,8.0,1300000.0,39526
8055543,1,1,1,10,2024,2,63,5.0,,39528
8055544,1,1,1,10,2024,1,39,5.0,2000000.0,39529
8055556,1,1,1,10,2024,2,44,10.0,7000000.0,39537
8055557,1,2,1,10,2024,2,37,5.0,,39541
8055563,1,1,1,10,2024,2,18,5.0,,39544
8055565,1,2,1,10,2024,1,27,5.0,1462000.0,39546
8055565,1,3,1,10,2024,1,26,5.0,1462000.0,39547
8055565,1,4,1,10,2024,1,38,3.0,800000.0,39548
8055571,1,2,1,10,2024,2,60,4.0,,39564
8055572,1,3,1,10,2024,2,3,2.0,,39567
8055573,1,1,1,10,2024,2,44,13.0,7000000.0,39568
8055573,1,2,1,10,2024,2,19,10.0,370000.0,39569
8055580,1,2,1,10,2024,1,11,4.0,,39577
8055582,1,1,1,10,2024,1,34,5.0,1400000.0,39579
8055583,1,2,1,10,2024,2,36,5.0,800000.0,39581
8055584,1,4,1,10,2024,1,35,10.0,2300000.0,39587
8055586,1,4,1,10,2024,1,22,5.0,1300000.0,39593
8055587,1,2,1,10,2024,1,35,10.0,4500000.0,39595
8055589,1,3,1,10,2024,1,23,10.0,,39598
8055590,1,1,1,10,2024,2,74,4.0,,39599
8055591,1,1,1,10,2024,2,59,5.0,,39602
8055593,1,2,1,10,2024,1,86,3.0,,39604
8055593,1,3,1,10,2024,2,81,3.0,,39605
8055594,1,2,1,10,2024,1,50,5.0,8000000.0,39608
8055595,1,2,1,10,2024,2,23,9.0,1300000.0,39610
8055596,1,1,1,10,2024,2,57,3.0,,39611
8055596,1,3,1,10,2024,2,26,5.0,1300000.0,39613
8055601,1,1,1,10,2024,1,38,10.0,,39616
8055602,1,1,1,10,2024,1,38,12.0,7000000.0,39619
8055605,1,1,1,10,2024,1,33,10.0,2000000.0,39625
8055612,1,3,1,10,2024,1,4,2.0,,39633
8055616,1,1,1,10,2024,2,45,5.0,1869000.0,39635
8055621,1,1,1,10,2024,2,45,8.0,2000000.0,39641
8055621,1,2,1,10,2024,2,18,8.0,,39642
8055635,1,1,1,10,2024,1,35,8.0,2000000.0,39648
8055636,1,1,1,10,2024,2,63,3.0,500000.0,39650
8055637,1,1,1,10,2024,1,76,3.0,240000.0,39652
8055637,1,2,1,10,2024,2,61,3.0,,39653
8055637,1,4,1,10,2024,1,32,4.0,827000.0,39655
8055639,1,2,1,10,2024,2,37,5.0,1300000.0,39659
8055639,1,3,1,10,2024,1,17,5.0,,39660
8055641,1,1,1,10,2024,2,55,5.0,1400000.0,39670
8055642,1,4,1,10,2024,1,7,3.0,,39674
8055644,1,1,1,10,2024,1,65,3.0,1400000.0,39677
8055644,1,5,1,10,2024,1,18,5.0,500000.0,39681
8055645,1,2,1,10,2024,2,65,5.0,150000.0,39683
8055646,1,1,1,10,2024,2,66,3.0,,39684
8055646,1,2,1,10,2024,1,50,3.0,1000000.0,39685
8055648,1,1,1,10,2024,2,49,10.0,3500000.0,39692
8055649,1,3,1,10,2024,1,17,5.0,,39697
8055649,1,4,1,10,2024,2,14,4.0,,39698
8055650,1,1,1,10,2024,2,92,3.0,,39699
8055654,1,2,1,10,2024,2,56,5.0,,39711
8055655,1,2,1,10,2024,2,13,4.0,,39713
8055655,1,3,1,10,2024,1,28,5.0,1200000.0,39714
8055655,1,5,1,10,2024,1,23,5.0,1300000.0,39716
8055655,1,6,1,10,2024,2,27,9.0,1750000.0,39717
8055657,1,1,1,10,2024,1,47,12.0,3000000.0,39723
8055657,1,4,1,10,2024,2,6,2.0,,39726
8055659,1,3,1,10,2024,2,5,2.0,,39730
8055659,1,4,1,10,2024,2,3,1.0,,39731
8055660,1,2,1,10,2024,2,64,4.0,1300000.0,39734
8055662,1,2,1,10,2024,2,39,8.0,1300000.0,39741
8055662,1,3,1,10,2024,1,20,6.0,1300000.0,39742
8055662,1,4,1,10,2024,1,13,4.0,,39743
8055662,1,5,1,10,2024,2,23,6.0,1300000.0,39744
8055663,1,2,1,10,2024,2,47,11.0,3900000.0,39746
8055663,1,3,1,10,2024,2,14,5.0,,39747
8055665,1,1,1,10,2024,2,36,9.0,,39753
8055665,1,2,1,10,2024,2,7,3.0,,39754
8055669,1,1,1,10,2024,2,48,5.0,1980000.0,39762
8055669,1,2,1,10,2024,1,26,5.0,1300000.0,39763
8055674,1,1,1,10,2024,2,32,5.0,1300000.0,39771
8055674,1,2,1,10,2024,1,36,4.0,1300000.0,39772
8055674,1,3,1,10,2024,1,16,3.0,,39773
8055675,1,1,1,10,2024,1,29,4.0,700000.0,39776
8055676,1,1,1,10,2024,1,33,9.0,1300000.0,39777
8055677,1,2,1,10,2024,2,31,6.0,,39781
8055677,1,3,1,10,2024,2,11,4.0,,39782
8055677,1,5,1,10,2024,1,55,3.0,,39784
8055678,1,1,1,10,2024,2,35,5.0,1300000.0,39786
8055679,1,1,1,10,2024,2,45,5.0,280000.0,39788
8055679,1,3,1,10,2024,1,17,4.0,,39790
8055681,1,2,1,10,2024,1,24,5.0,1400000.0,39796
8055681,1,3,1,10,2024,1,19,4.0,1300000.0,39797
8055681,1,4,1,10,2024,2,17,5.0,,39798
8055682,1,2,1,10,2024,2,16,5.0,,39800
8055683,1,1,1,10,2024,2,39,9.0,,39801
8055683,1,2,1,10,2024,1,14,4.0,,39802
8055684,1,1,1,10,2024,1,57,10.0,2500000.0,39806
8055684,1,2,1,10,2024,2,62,10.0,,39807
8055684,1,3,1,10,2024,1,23,10.0,1300000.0,39808
8055685,1,1,1,10,2024,1,38,9.0,2000000.0,39809
8055686,1,1,1,10,2024,1,70,4.0,,39813
8055688,1,2,1,10,2024,2,40,5.0,300000.0,39820
8055688,1,4,1,10,2024,2,17,5.0,,39822
8055689,1,2,1,10,2024,1,25,10.0,2000000.0,39824
8055690,1,1,1,10,2024,1,41,10.0,4680000.0,39826
8055690,1,2,1,10,2024,1,9,3.0,,39827
8055691,1,3,1,10,2024,1,7,3.0,,39830
8055692,1,4,1,10,2024,1,36,10.0,7000000.0,39834
8055692,1,5,1,10,2024,1,2,,,39835
8055693,1,1,1,10,2024,1,55,8.0,,39836
8055695,1,1,1,10,2024,1,52,12.0,3000000.0,39843
8055695,1,3,1,10,2024,2,24,10.0,1300000.0,39845
8055696,1,2,1,10,2024,1,31,5.0,1300000.0,39849
8055696,1,4,1,10,2024,2,4,1.0,,39851
8055698,1,2,1,10,2024,2,49,5.0,,39858
8055699,1,3,1,10,2024,1,9,3.0,,39862
8055702,1,1,1,10,2024,2,38,10.0,3000000.0,39865
8055703,1,1,1,10,2024,1,39,3.0,1000000.0,39866
8055703,1,2,1,10,2024,2,39,4.0,1300000.0,39867
8055703,1,3,1,10,2024,2,14,4.0,,39868
8055704,1,1,1,10,2024,2,38,5.0,1500000.0,39869
8055704,1,4,1,10,2024,2,8,3.0,,39872
8055705,1,1,1,10,2024,2,46,3.0,780000.0,39873
8055705,1,3,1,10,2024,2,16,5.0,,39875
8055717,1,1,1,10,2024,1,55,10.0,,39883
8055717,1,2,1,10,2024,2,52,10.0,,39884
8055717,1,3,1,10,2024,1,24,5.0,,39885
8055753,1,1,1,10,2024,1,59,8.0,,39887
8055753,1,2,1,10,2024,2,53,9.0,,39888
8055754,1,1,1,10,2024,1,59,11.0,8266666.0,39889
8055754,1,2,1,10,2024,2,47,12.0,3000000.0,39890
8055754,1,3,1,10,2024,2,16,3.0,,39891
8055756,1,2,1,10,2024,2,67,3.0,60000.0,39893
8055756,1,3,1,10,2024,1,24,5.0,800000.0,39894
8055758,1,3,1,10,2024,1,3,2.0,,39897
8055761,1,4,1,10,2024,1,0,,,39903
8055762,1,2,1,10,2024,2,52,3.0,400000.0,39905
8055765,1,2,1,10,2024,2,38,8.0,,39912
8055767,1,1,1,10,2024,1,32,10.0,1300000.0,39915
8055768,1,1,1,10,2024,1,64,5.0,1300000.0,39917
8055769,1,2,1,10,2024,2,53,5.0,,39921
8055769,1,3,1,10,2024,1,22,10.0,,39922
8055769,1,4,1,10,2024,1,28,5.0,700000.0,39923
8055770,1,2,1,10,2024,2,21,4.0,150000.0,39926
8055772,1,4,1,10,2024,2,39,10.0,1800000.0,39933
8055773,1,2,1,10,2024,1,63,3.0,2500000.0,39936
8055776,1,1,1,10,2024,2,36,10.0,500000.0,39942
8055776,1,2,1,10,2024,1,39,10.0,2000000.0,39943
8055776,1,3,1,10,2024,1,10,3.0,,39944
8055778,1,5,1,10,2024,2,91,1.0,,39950
8055782,1,2,1,10,2024,2,51,5.0,,39955
8055784,1,1,1,10,2024,2,48,3.0,,39958
8055786,1,2,1,10,2024,2,54,4.0,180000.0,39964
8055786,1,4,1,10,2024,1,19,10.0,,39966
8055786,1,6,1,10,2024,1,14,4.0,,39968
8055786,1,7,1,10,2024,1,3,2.0,,39969
8055787,1,4,1,10,2024,2,34,5.0,250000.0,39973
8055789,1,4,1,10,2024,2,9,3.0,,39978
8055791,1,1,1,10,2024,1,32,5.0,1500000.0,39979
8055791,1,4,1,10,2024,1,1,,,39982
8055792,1,1,1,10,2024,1,47,4.0,550000.0,39983
8055792,1,5,1,10,2024,1,7,3.0,,39987
8055793,1,2,1,10,2024,1,34,9.0,2000000.0,39989
8055795,1,2,1,10,2024,2,70,3.0,500000.0,39994
8055796,1,2,1,10,2024,1,39,5.0,,39996
8055801,1,3,1,10,2024,2,13,4.0,,40006
8055802,1,1,1,10,2024,2,50,4.0,800000.0,40007
8055804,1,1,1,10,2024,2,85,3.0,,40009
8055809,1,2,1,10,2024,1,57,3.0,1000000.0,40021
8055809,1,3,1,10,2024,1,15,4.0,,40022
8055811,1,1,1,10,2024,1,39,4.0,700000.0,40024
8055811,1,2,1,10,2024,2,34,5.0,,40025
8055811,1,5,1,10,2024,1,8,3.0,,40028
8055812,1,1,1,10,2024,2,29,8.0,90000.0,40029
8055813,1,2,1,10,2024,1,51,5.0,400000.0,40034
8055813,1,3,1,10,2024,1,18,5.0,,40035
8055813,1,4,1,10,2024,1,16,5.0,,40036
8055813,1,5,1,10,2024,2,13,4.0,,40037
8055814,1,3,1,10,2024,1,4,2.0,,40041
8055814,1,4,1,10,2024,2,29,5.0,1650000.0,40042
8055815,1,2,1,10,2024,2,57,10.0,,40044
8055815,1,3,1,10,2024,2,55,10.0,2000000.0,40045
8055817,1,1,1,10,2024,1,22,10.0,,40051
8055818,1,2,1,10,2024,1,21,4.0,1300000.0,40053
8055818,1,4,1,10,2024,2,13,4.0,,40055
8055828,1,1,1,10,2024,2,29,8.0,,40061
8055829,1,2,1,10,2024,2,65,5.0,,40064
8055831,1,1,1,10,2024,2,25,10.0,1300000.0,40067
8055833,1,2,1,10,2024,2,33,8.0,,40071
8055838,1,1,1,10,2024,2,19,8.0,450000.0,40075
8055841,1,1,1,10,2024,1,62,10.0,4942000.0,40078
8055842,1,5,1,10,2024,2,26,5.0,,40084
8055843,1,2,1,10,2024,2,49,8.0,1300000.0,40087
8055843,1,4,1,10,2024,2,10,3.0,,40089
8055846,1,2,1,10,2024,2,19,8.0,,40092
8055847,1,4,1,10,2024,1,37,3.0,700000.0,40096
8055848,1,2,1,10,2024,2,30,5.0,,40098
8055848,1,4,1,10,2024,1,1,,,40100
8055849,1,1,1,10,2024,2,85,3.0,,40101
8055849,1,3,1,10,2024,2,47,3.0,400000.0,40103
8055849,1,5,1,10,2024,1,22,10.0,,40105
8055851,1,3,1,10,2024,1,4,2.0,,40111
8055852,1,1,1,10,2024,1,84,3.0,,40112
8055852,1,2,1,10,2024,2,80,3.0,,40113
8055852,1,3,1,10,2024,2,40,3.0,,40114
8055852,1,5,1,10,2024,2,10,4.0,,40116
8055853,1,1,1,10,2024,2,62,8.0,,40118
8055855,1,2,1,10,2024,1,15,5.0,,40121
8055855,1,3,1,10,2024,2,10,4.0,,40122
8055857,1,3,1,10,2024,2,15,5.0,,40129
8055858,1,2,1,10,2024,1,67,3.0,1600000.0,40131
8055858,1,3,1,10,2024,1,41,8.0,,40132
8055858,1,4,1,10,2024,2,36,10.0,,40133
8055862,1,3,1,10,2024,1,4,2.0,,40146
8055862,1,4,1,10,2024,1,1,,,40147
8055863,1,4,1,10,2024,2,30,10.0,962500.0,40151
8055864,1,2,1,10,2024,2,56,5.0,300000.0,40153
8055865,1,1,1,10,2024,2,48,5.0,1030000.0,40154
8055865,1,4,1,10,2024,2,13,4.0,,40157
8055867,1,1,1,10,2024,1,61,5.0,700000.0,40161
8055869,1,1,1,10,2024,1,56,5.0,1000000.0,40166
8055871,1,1,1,10,2024,1,66,5.0,,40170
8055874,1,2,1,10,2024,1,42,3.0,1300000.0,40181
8055875,1,1,1,10,2024,1,73,3.0,1000000.0,40184
8055875,1,2,1,10,2024,2,68,3.0,,40185
8055875,1,3,1,10,2024,2,38,8.0,,40186
8055876,1,3,1,10,2024,2,19,5.0,,40191
8055876,1,4,1,10,2024,1,19,9.0,,40192
8055878,1,1,1,10,2024,1,33,5.0,1800000.0,40194
8055880,1,1,1,10,2024,2,53,8.0,,40195
8055880,1,2,1,10,2024,2,24,10.0,1300000.0,40196
8055880,1,3,1,10,2024,2,16,6.0,,40197
8055881,1,1,1,10,2024,2,80,3.0,,40198
8055886,1,2,1,10,2024,2,39,13.0,3000000.0,40203
8055888,1,3,1,10,2024,1,2,,,40207
8055889,1,2,1,10,2024,2,59,4.0,,40209
8055889,1,3,1,10,2024,2,41,8.0,,40210
8055892,1,2,1,10,2024,1,17,5.0,,40217
8055897,1,1,1,10,2024,1,49,9.0,,40226
8055899,1,1,1,10,2024,2,42,9.0,2000000.0,40230
8055900,1,1,1,10,2024,2,53,10.0,,40231
8055900,1,2,1,10,2024,2,78,10.0,,40232
8055903,1,1,1,10,2024,1,58,10.0,,40234
8055906,1,2,1,10,2024,2,9,3.0,,40239
8055913,1,2,1,10,2024,1,32,5.0,1850000.0,40249
8055915,1,1,1,10,2024,1,58,5.0,4000000.0,40253
8055915,1,3,1,10,2024,2,26,11.0,,40255
8055915,1,4,1,10,2024,1,9,3.0,,40256
8055917,1,2,1,10,2024,1,61,3.0,1100000.0,40260
8055918,1,3,1,10,2024,2,28,4.0,,40265
8055918,1,4,1,10,2024,2,2,,,40266
8055919,1,2,1,10,2024,2,17,10.0,,40268
8055919,1,3,1,10,2024,1,23,10.0,,40269
8055921,1,2,1,10,2024,2,25,5.0,,40273
8055923,1,1,1,10,2024,2,55,5.0,,40274
8055925,1,1,1,10,2024,1,59,9.0,1000000.0,40276
8055925,1,2,1,10,2024,2,55,10.0,1500000.0,40277
8055925,1,4,1,10,2024,2,21,10.0,,40279
8055930,1,1,1,10,2024,2,63,4.0,,40281
8055930,1,2,1,10,2024,1,85,3.0,,40282
8055930,1,3,1,10,2024,1,41,5.0,,40283
8055937,1,1,1,10,2024,1,42,5.0,1300000.0,40292
8055938,1,1,1,10,2024,2,75,3.0,,40294
8055940,1,1,1,10,2024,1,76,1.0,,40298
8055940,1,2,1,10,2024,2,64,3.0,,40299
8055941,1,1,1,10,2024,2,53,4.0,,40300
8055943,1,1,1,10,2024,1,46,3.0,,40303
8055944,1,2,1,10,2024,1,57,5.0,1300000.0,40305
8055944,1,3,1,10,2024,2,15,4.0,,40306
8055946,1,2,1,10,2024,2,37,10.0,,40311
8055946,1,3,1,10,2024,1,17,5.0,,40312
8055946,1,4,1,10,2024,1,8,3.0,,40313
8055948,1,2,1,10,2024,1,21,10.0,,40316
8055949,1,1,1,10,2024,1,66,4.0,400000.0,40317
8055949,1,2,1,10,2024,2,65,4.0,700000.0,40318
8055951,1,1,1,10,2024,2,56,5.0,,40321
8055951,1,3,1,10,2024,2,23,10.0,,40323
8055953,1,2,1,10,2024,2,32,10.0,1300000.0,40327
8055955,1,1,1,10,2024,2,38,4.0,1600000.0,40328
8055955,1,3,1,10,2024,1,16,4.0,,40330
8055955,1,5,1,10,2024,1,7,3.0,,40332
8055956,1,3,1,10,2024,1,32,9.0,1500000.0,40335
8055957,1,1,1,10,2024,1,73,4.0,,40337
8055963,1,1,1,10,2024,1,66,5.0,,40339
8055963,1,2,1,10,2024,2,61,5.0,,40340
8055964,1,2,1,10,2024,2,42,4.0,,40342
8055964,1,4,1,10,2024,1,5,2.0,,40344
8055969,1,4,1,10,2024,1,38,5.0,1300000.0,40350
8055971,1,1,1,10,2024,1,54,3.0,,40355
8055972,1,1,1,10,2024,2,37,5.0,1300000.0,40359
8055973,1,1,1,10,2024,2,55,4.0,,40362
8055973,1,2,1,10,2024,2,20,5.0,1300000.0,40363
8055974,1,1,1,10,2024,1,28,5.0,1350000.0,40366
8055977,1,1,1,10,2024,2,35,10.0,600000.0,40367
8055980,1,1,1,10,2024,2,36,8.0,1300000.0,40373
8055982,1,1,1,10,2024,1,26,5.0,1200000.0,40378
8055985,1,1,1,10,2024,1,64,9.0,3800000.0,40383
8055990,1,2,1,10,2024,2,37,1.0,,40394
8055992,1,1,1,10,2024,1,53,10.0,10000000.0,40396
8055992,1,3,1,10,2024,1,18,10.0,,40398
8055993,1,2,1,10,2024,2,35,11.0,5000000.0,40400
8055996,1,2,1,10,2024,2,50,10.0,3500000.0,40404
8055998,1,1,1,10,2024,1,44,8.0,2000000.0,40407
8056002,1,1,1,10,2024,2,50,5.0,1300000.0,40410
8056002,1,2,1,10,2024,1,57,5.0,1500000.0,40411
8056005,1,3,1,10,2024,2,23,10.0,1300000.0,40416
8056006,1,3,1,10,2024,1,9,3.0,,40419
8056011,1,3,1,10,2024,2,15,5.0,,40424
8056015,1,1,1,10,2024,1,81,10.0,,40430
8056017,1,2,1,10,2024,2,73,10.0,,40433
8056018,1,3,1,10,2024,2,12,4.0,,40436
8056029,1,4,1,10,2024,1,17,6.0,,40445
8056030,1,2,1,10,2024,2,59,5.0,400000.0,40447
8056031,1,2,1,10,2024,1,51,3.0,1300000.0,40452
8056035,1,2,1,10,2024,1,67,4.0,950000.0,40456
8056035,1,3,1,10,2024,2,30,5.0,,40457
8056035,1,5,1,10,2024,2,6,3.0,,40459
8056036,1,1,1,10,2024,2,55,3.0,,40460
8056036,1,2,1,10,2024,1,42,3.0,1500000.0,40461
8056038,1,1,1,10,2024,2,50,1.0,,40463
8056038,1,4,1,10,2024,1,22,1.0,,40466
8056038,1,5,1,10,2024,1,26,1.0,,40467
8056043,1,4,1,10,2024,2,15,4.0,,40475
8056043,1,5,1,10,2024,2,13,3.0,,40476
8056043,1,6,1,10,2024,2,12,3.0,,40477
8056044,1,1,1,10,2024,1,72,3.0,,40480
8056045,1,2,1,10,2024,1,5,2.0,,40483
8056045,1,4,1,10,2024,1,6,3.0,,40485
8056045,1,5,1,10,2024,1,2,,,40486
8056049,1,1,1,10,2024,2,39,1.0,180000.0,40488
8056049,1,2,1,10,2024,2,16,4.0,,40489
8056049,1,3,1,10,2024,2,14,3.0,,40490
8056049,1,4,1,10,2024,2,8,2.0,,40491
8056055,1,2,1,10,2024,2,63,3.0,,40496
8056055,1,3,1,10,2024,2,46,10.0,,40497
8056056,1,1,1,10,2024,1,74,3.0,,40504
8056056,1,2,1,10,2024,2,67,3.0,,40505
8056058,2,1,2,10,2024,2,52,3.0,500000.0,40508
8056058,2,4,2,10,2024,2,2,,,40511
8056061,1,2,1,10,2024,1,72,3.0,,40513
8056062,1,1,1,10,2024,2,24,10.0,1300000.0,40514
8056064,1,1,1,10,2024,2,94,1.0,,40515
8056065,1,2,1,10,2024,1,18,10.0,,40517
8056070,1,1,1,10,2024,2,30,10.0,4500000.0,40524
8056071,1,2,1,10,2024,2,41,9.0,2800000.0,40527
8056071,1,3,1,10,2024,2,16,6.0,,40528
8056072,1,3,1,10,2024,1,56,5.0,1400000.0,40531
8056072,1,4,1,10,2024,2,55,8.0,760000.0,40532
8056074,1,1,1,10,2024,1,59,5.0,135000.0,40535
8056075,1,2,1,10,2024,2,24,8.0,1300000.0,40541
8056076,1,1,1,10,2024,1,66,5.0,,40542
8056076,1,2,1,10,2024,2,67,6.0,260000.0,40543
8056079,1,3,1,10,2024,2,9,3.0,,40554
8056079,1,5,1,10,2024,1,61,9.0,1400000.0,40556
8056084,1,3,1,10,2024,2,9,3.0,,40563
8056085,1,2,1,10,2024,2,63,8.0,,40565
8056085,1,4,1,10,2024,2,16,5.0,,40567
8056093,1,2,1,10,2024,2,24,6.0,1300000.0,40583
8056095,1,3,1,10,2024,2,4,2.0,,40588
8056095,1,4,1,10,2024,2,1,,,40589
8056096,1,1,1,10,2024,2,35,5.0,1300000.0,40590
8056097,1,1,1,10,2024,1,60,3.0,300000.0,40591
8056097,1,2,1,10,2024,2,70,3.0,300000.0,40592
8056099,1,1,1,10,2024,1,51,8.0,1300000.0,40595
8056100,1,2,1,10,2024,1,46,3.0,,40598
8056100,1,3,1,10,2024,2,16,4.0,,40599
8056101,1,1,1,10,2024,2,47,4.0,500000.0,40600
8056101,1,2,1,10,2024,1,48,5.0,500000.0,40601
8056101,1,4,1,10,2024,1,13,4.0,,40603
8056102,1,4,1,10,2024,2,9,3.0,,40607
8056103,1,2,1,10,2024,2,57,5.0,,40609
8056104,1,1,1,10,2024,1,21,10.0,,40610
8056106,1,1,1,10,2024,1,20,10.0,,40613
8056107,1,1,1,10,2024,2,68,10.0,,40614
8056109,1,1,1,10,2024,2,71,5.0,,40616
8056110,1,1,1,10,2024,1,73,8.0,,40617
8056112,1,2,1,10,2024,2,62,3.0,,40620
8056114,1,1,1,10,2024,2,52,5.0,,40622
8056116,1,1,1,10,2024,1,40,8.0,,40624
8056117,1,1,1,10,2024,2,41,6.0,1100000.0,40626
8056118,1,4,1,10,2024,2,83,3.0,,40633
8056122,1,1,1,10,2024,1,61,11.0,,40639
8056122,1,3,1,10,2024,1,26,12.0,,40641
8056124,1,1,1,10,2024,1,47,5.0,1400000.0,40648
8056124,1,2,1,10,2024,2,47,5.0,,40649
8056132,1,2,1,10,2024,1,59,5.0,,40656
8056132,1,4,1,10,2024,1,22,10.0,1200000.0,40658
8056139,1,5,1,10,2024,1,1,,,40673
8056140,1,2,1,10,2024,1,36,8.0,1462000.0,40675
8056141,1,2,1,10,2024,1,25,10.0,1300000.0,40678
8056142,1,2,1,10,2024,2,17,5.0,,40681
8056144,1,1,1,10,2024,2,36,8.0,1700000.0,40686
8056144,1,3,1,10,2024,2,17,8.0,,40688
8056145,1,1,1,10,2024,1,25,6.0,1300000.0,40690
8056146,1,1,1,10,2024,2,66,4.0,,40693
8056148,1,3,1,10,2024,2,33,10.0,1400000.0,40698
8056149,1,2,1,10,2024,2,40,8.0,1300000.0,40701
8056150,1,2,1,10,2024,2,52,11.0,,40703
8056150,1,3,1,10,2024,2,14,4.0,,40704
8056151,1,2,1,10,2024,2,61,5.0,1300000.0,40706
8056155,1,2,1,10,2024,2,41,6.0,,40709
8056156,1,2,1,10,2024,2,40,10.0,,40712
8056159,1,1,1,10,2024,1,52,3.0,,40718
8056159,1,2,1,10,2024,2,45,3.0,1100000.0,40719
8056160,1,3,1,10,2024,2,26,6.0,,40725
8056160,1,4,1,10,2024,2,21,10.0,,40726
8056160,1,5,1,10,2024,2,75,4.0,,40727
8056163,1,3,1,10,2024,1,7,3.0,,40732
8056165,1,1,1,10,2024,2,58,4.0,400000.0,40736
8056166,1,2,1,10,2024,2,49,5.0,1300000.0,40741
8056179,1,1,1,10,2024,2,60,3.0,,40755
8056179,1,2,1,10,2024,1,64,4.0,,40756
8056185,1,2,1,10,2024,1,5,2.0,,40758
8056189,1,1,1,10,2024,1,54,6.0,1600000.0,40762
8056189,1,2,1,10,2024,2,53,5.0,,40763
8056193,1,5,1,10,2024,1,1,,,40774
8056194,1,1,1,10,2024,1,30,6.0,360000.0,40776
8056200,1,2,1,10,2024,2,27,5.0,1540000.0,40784
8056200,1,3,1,10,2024,1,5,3.0,,40785
8056200,1,4,1,10,2024,1,33,4.0,150000.0,40786
8056201,1,3,1,10,2024,2,33,10.0,5000000.0,40790
8056202,1,3,1,10,2024,1,38,8.0,1000000.0,40794
8056202,1,4,1,10,2024,1,34,4.0,,40795
8056203,1,1,1,10,2024,2,64,6.0,,40796
8056203,1,2,1,10,2024,1,64,6.0,,40797
8056204,1,1,1,10,2024,2,61,10.0,,40798
8056205,1,3,1,10,2024,1,15,5.0,,40802
8056206,1,1,1,10,2024,1,43,5.0,1600000.0,40803
8056208,1,5,1,10,2024,1,24,4.0,,40813
8056213,1,3,1,10,2024,1,25,10.0,1800000.0,40827
8056214,1,2,1,10,2024,1,34,5.0,1300000.0,40830
8056217,1,2,1,10,2024,2,48,5.0,1300000.0,40837
8056217,1,4,1,10,2024,2,16,4.0,,40839
8056219,1,3,1,10,2024,1,13,4.0,,40844
8056223,1,2,1,10,2024,1,58,4.0,1080000.0,40854
8056225,1,1,1,10,2024,2,68,3.0,,40855
8056227,1,4,1,10,2024,2,80,5.0,,40864
8056230,1,3,1,10,2024,2,50,5.0,1300000.0,40872
8056230,1,5,1,10,2024,1,7,3.0,,40874
8056231,1,1,1,10,2024,2,59,3.0,120000.0,40875
8056233,1,2,1,10,2024,2,50,5.0,650000.0,40880
8056233,1,3,1,10,2024,2,18,10.0,,40881
8056234,1,1,1,10,2024,2,39,12.0,8500000.0,40883
8056236,1,1,1,10,2024,1,48,10.0,,40886
8056240,1,2,1,10,2024,2,47,8.0,,40894
8056240,1,3,1,10,2024,1,15,6.0,,40895
8056246,1,2,1,10,2024,1,69,3.0,600000.0,40907
8056246,1,6,1,10,2024,1,6,2.0,,40911
8056246,2,2,2,10,2024,2,13,3.0,,40913
8056246,2,3,2,10,2024,1,10,3.0,,40914
8056247,1,1,1,10,2024,2,69,3.0,,40917
8056248,1,1,1,10,2024,1,79,3.0,,40921
8056248,1,5,1,10,2024,1,12,3.0,,40925
8056249,1,2,1,10,2024,2,37,5.0,,40927
8056249,1,6,1,10,2024,2,55,3.0,,40931
8056250,1,6,1,10,2024,2,21,4.0,,40937
8056250,1,7,1,10,2024,2,2,,,40938
8056253,1,3,1,10,2024,1,30,10.0,1300000.0,40946
8056256,1,2,1,10,2024,2,33,10.0,2500000.0,40950
8056256,1,4,1,10,2024,2,97,3.0,,40952
8056257,1,2,1,10,2024,2,32,4.0,800000.0,40954
8056257,1,3,1,10,2024,1,15,4.0,,40955
8056258,1,1,1,10,2024,1,68,10.0,,40959
8056260,1,1,1,10,2024,1,56,5.0,6000000.0,40965
8056260,1,3,1,10,2024,2,9,3.0,,40967
8056267,1,3,1,10,2024,1,5,2.0,,40974
8056267,1,5,1,10,2024,2,6,2.0,,40976
8056270,1,1,1,10,2024,1,23,6.0,900000.0,40980
8056276,1,1,1,10,2024,2,75,10.0,,40986
8056284,1,1,1,10,2024,2,36,5.0,720000.0,40992
8056284,1,4,1,10,2024,1,6,3.0,,40995
8056293,1,1,1,10,2024,2,71,3.0,,41006
8056296,1,1,1,10,2024,1,54,3.0,1000000.0,41010
8056300,1,3,1,10,2024,1,13,4.0,,41023
8056302,1,1,1,10,2024,2,52,10.0,,41027
8056302,1,2,1,10,2024,1,61,10.0,4500000.0,41028
8056308,1,3,1,10,2024,1,0,,,41036
8056310,1,3,1,10,2024,1,0,,,41041
8056312,1,5,1,10,2024,2,70,4.0,,41048
8056314,1,1,1,10,2024,2,57,3.0,1000000.0,41051
8056317,1,2,1,10,2024,1,15,5.0,,41058
8056318,1,2,1,10,2024,2,28,10.0,2800000.0,41060
8056319,1,3,1,10,2024,2,12,4.0,,41063
8056319,1,4,1,10,2024,2,8,3.0,,41064
8056319,1,5,1,10,2024,1,5,2.0,,41065
8056320,1,3,1,10,2024,1,24,6.0,,41068
8056321,1,3,1,10,2024,1,11,4.0,,41071
8056322,1,1,1,10,2024,2,28,10.0,1200000.0,41072
8056323,1,1,1,10,2024,2,32,10.0,12.0,41074
8056329,1,4,1,10,2024,1,5,2.0,,41079
8056330,1,3,1,10,2024,2,4,1.0,,41083
8056331,1,1,1,10,2024,2,31,8.0,,41085
8056331,1,2,1,10,2024,1,34,5.0,,41086
8056334,1,2,1,10,2024,2,10,3.0,,41093
8056338,1,2,1,10,2024,2,58,3.0,600000.0,41100
8056341,1,5,1,10,2024,1,13,4.0,,41109
8056346,1,3,1,10,2024,2,17,5.0,,41120
8056347,1,2,1,10,2024,1,49,4.0,1500000.0,41123
8056348,1,1,1,10,2024,1,65,3.0,,41126
8056350,1,2,1,10,2024,2,34,10.0,2000000.0,41130
8056352,1,1,1,10,2024,1,53,5.0,1200000.0,41134
8056353,1,2,1,10,2024,1,14,4.0,,41138
8056354,1,2,1,10,2024,1,28,10.0,2000000.0,41142
8056355,1,2,1,10,2024,2,3,1.0,,41144
8056357,1,2,1,10,2024,2,61,5.0,1300000.0,41147
8056363,1,3,1,10,2024,1,17,4.0,,41155
8056366,1,2,1,10,2024,2,57,4.0,,41165
8056366,1,3,1,10,2024,1,31,10.0,,41166
8056367,1,1,1,10,2024,1,35,5.0,1800000.0,41167
8056367,1,2,1,10,2024,2,31,5.0,1300000.0,41168
8056371,1,3,1,10,2024,1,13,4.0,,41182
8056372,1,1,1,10,2024,2,71,5.0,,41183
8056372,1,3,1,10,2024,2,31,8.0,2000000.0,41185
8056372,1,4,1,10,2024,1,34,8.0,,41186
8056372,1,5,1,10,2024,1,3,1.0,,41187
8056374,1,1,1,10,2024,1,89,3.0,,41189
8056374,1,2,1,10,2024,2,88,4.0,,41190
8056374,1,4,1,10,2024,2,28,8.0,1500000.0,41192
8056375,1,1,1,10,2024,1,46,9.0,,41194
8056375,1,2,1,10,2024,2,43,10.0,,41195
8056376,1,3,1,10,2024,2,26,10.0,,41199
8056377,1,4,1,10,2024,2,24,5.0,1300000.0,41204
8056378,1,1,1,10,2024,1,29,8.0,3000000.0,41205
8056378,1,3,1,10,2024,2,8,3.0,,41207
8056378,1,5,1,10,2024,2,51,5.0,,41209
8056380,1,2,1,10,2024,1,13,4.0,,41214
8056381,1,3,1,10,2024,2,6,2.0,,41218
8056389,1,1,1,10,2024,1,45,1.0,800000.0,41226
8056389,1,2,1,10,2024,2,56,1.0,,41227
8056391,1,3,1,10,2024,1,13,4.0,,41236
8056392,1,1,1,10,2024,2,30,4.0,700000.0,41239
8056392,1,2,1,10,2024,2,9,3.0,,41240
8056395,1,2,1,10,2024,1,3,1.0,,41247
8056397,1,2,1,10,2024,2,20,5.0,,41253
8056399,1,1,1,10,2024,1,23,5.0,1000000.0,41256
8056401,1,4,1,10,2024,2,14,4.0,,41267
8056401,1,6,1,10,2024,2,9,3.0,,41269
8056402,1,1,1,10,2024,1,36,5.0,2000000.0,41270
8056403,1,1,1,10,2024,2,45,3.0,1000000.0,41272
8056403,1,2,1,10,2024,1,20,5.0,1000000.0,41273
8056403,1,3,1,10,2024,1,17,4.0,,41274
8056403,1,4,1,10,2024,2,13,4.0,,41275
8056404,1,1,1,10,2024,1,56,3.0,1200000.0,41277
8056404,1,3,1,10,2024,1,20,4.0,,41279
8056405,1,3,1,10,2024,1,22,5.0,,41282
8056405,1,4,1,10,2024,1,21,5.0,,41283
8056405,1,5,1,10,2024,2,15,5.0,,41284
8056406,1,1,1,10,2024,2,35,8.0,1800000.0,41285
8056407,1,1,1,10,2024,1,72,3.0,800000.0,41288
8056409,1,1,1,10,2024,2,40,5.0,2000000.0,41293
8056412,1,4,1,10,2024,1,19,5.0,,41299
8056413,1,1,1,10,2024,2,60,5.0,2000000.0,41302
8056414,1,1,1,10,2024,2,45,7.0,2300000.0,41303
8056416,1,1,1,10,2024,1,35,5.0,2200000.0,41305
8056417,1,1,1,10,2024,1,73,5.0,,41307
8056417,1,2,1,10,2024,2,15,4.0,,41308
8056418,1,2,1,10,2024,2,69,5.0,,41310
8056422,1,1,1,10,2024,1,68,3.0,,41311
8056423,1,3,1,10,2024,2,3,1.0,,41314
8056425,1,2,1,10,2024,2,43,5.0,1100000.0,41321
8056425,1,4,1,10,2024,1,23,5.0,,41323
8056426,1,1,1,10,2024,1,42,10.0,4150000.0,41327
8056427,1,1,1,10,2024,2,52,5.0,,41328
8056428,1,1,1,10,2024,2,46,5.0,1400000.0,41330
8056428,1,3,1,10,2024,2,3,1.0,,41332
8056431,1,3,1,10,2024,1,5,1.0,,41340
8056442,1,1,1,10,2024,1,46,9.0,2300000.0,41345
8056448,1,2,1,10,2024,1,18,5.0,,41350
8056449,1,1,1,10,2024,1,22,9.0,1670000.0,41352
8056450,1,1,1,10,2024,2,34,8.0,,41354
8056451,1,2,1,10,2024,2,38,10.0,1450000.0,41357
8056454,1,1,1,10,2024,1,21,9.0,,41363
8056461,1,1,1,10,2024,1,38,5.0,,41369
8056461,1,3,1,10,2024,1,14,4.0,,41371
8056465,1,1,1,10,2024,2,38,3.0,980000.0,41375
8056469,1,2,1,10,2024,2,49,3.0,,41386
8056469,1,3,1,10,2024,2,26,5.0,1800000.0,41387
8056469,1,6,1,10,2024,1,18,4.0,,41390
8056471,1,2,1,10,2024,2,45,10.0,,41392
8056472,1,2,1,10,2024,1,0,,,41394
8056472,1,3,1,10,2024,2,14,3.0,,41395
8056474,1,1,1,10,2024,2,68,3.0,,41397
8056478,1,3,1,10,2024,2,4,1.0,,41403
8056480,1,3,1,10,2024,2,22,8.0,,41408
8056480,1,5,1,10,2024,1,16,5.0,,41410
8056480,1,6,1,10,2024,2,15,4.0,,41411
8056484,1,2,1,10,2024,1,23,5.0,,41419
8056484,1,4,1,10,2024,1,13,4.0,,41421
8056486,1,6,1,10,2024,2,81,3.0,,41427
8056486,1,7,1,10,2024,2,31,5.0,500000.0,41428
8056496,1,1,1,10,2024,2,43,3.0,800000.0,41438
8056501,1,1,1,10,2024,1,41,6.0,2800000.0,41443
8056504,1,1,1,10,2024,2,31,11.0,,41445
8056504,1,3,1,10,2024,2,0,,,41447
8075569,1,1,1,10,2024,1,45,10.0,1500000.0,41448
8075569,1,3,1,10,2024,1,14,4.0,,41450
8075570,1,4,1,10,2024,1,62,4.0,120000.0,41454
8075571,1,2,1,10,2024,2,77,10.0,,41456
8075571,1,3,1,10,2024,2,22,10.0,,41457
8075571,1,5,1,10,2024,2,87,3.0,,41459
8075572,1,2,1,10,2024,2,55,5.0,,41461
8075574,1,2,1,10,2024,2,55,5.0,900000.0,41464
8075574,1,3,1,10,2024,1,26,10.0,,41465
8075575,1,1,1,10,2024,1,87,3.0,,41466
8075575,1,2,1,10,2024,2,80,4.0,,41467
8075576,1,2,1,10,2024,1,76,3.0,,41469
8075577,1,1,1,10,2024,1,39,7.0,1500000.0,41471
8075579,1,2,1,10,2024,2,53,5.0,800000.0,41477
8075579,1,3,1,10,2024,1,23,5.0,1300000.0,41478
8075579,1,4,1,10,2024,2,21,5.0,,41479
8075580,1,2,1,10,2024,2,36,5.0,,41482
8075583,1,1,1,10,2024,1,62,4.0,900000.0,41487
8075584,1,1,1,10,2024,2,53,11.0,5200000.0,41489
8075584,1,3,1,10,2024,1,20,8.0,,41491
8075584,1,5,1,10,2024,1,11,3.0,,41493
8075585,1,1,1,10,2024,1,32,9.0,1800000.0,41495
8075585,1,4,1,10,2024,1,0,,,41498
8075586,1,1,1,10,2024,2,37,5.0,400000.0,41499
8075586,1,2,1,10,2024,1,42,5.0,650000.0,41500
8075590,1,1,1,10,2024,2,26,10.0,,41506
8075590,1,2,1,10,2024,1,32,5.0,2000000.0,41507
8075590,1,4,1,10,2024,2,0,,,41509
8075591,1,1,1,10,2024,2,35,5.0,650000.0,41510
8075591,1,3,1,10,2024,2,16,9.0,,41512
8075591,1,4,1,10,2024,1,9,3.0,,41513
8075591,1,5,1,10,2024,2,65,1.0,,41514
8075592,1,1,1,10,2024,2,81,3.0,,41515
8075594,1,2,1,10,2024,1,26,5.0,920000.0,41518
8075595,1,4,1,10,2024,1,9,3.0,,41523
8075597,1,1,1,10,2024,1,61,4.0,300000.0,41530
8075601,1,3,1,10,2024,1,18,8.0,,41541
8075601,1,5,1,10,2024,2,8,3.0,,41543
8075602,1,1,1,10,2024,2,52,3.0,850000.0,41544
8075602,1,6,1,10,2024,2,0,,,41549
8075603,1,2,1,10,2024,2,67,3.0,800000.0,41551
8075603,1,4,1,10,2024,1,44,3.0,900000.0,41553
8075603,1,5,1,10,2024,1,16,5.0,,41554
8075603,1,6,1,10,2024,1,15,5.0,,41555
8075604,1,3,1,10,2024,2,45,3.0,360000.0,41558
8075604,1,6,1,10,2024,1,9,3.0,,41561
8075605,1,4,1,10,2024,1,21,5.0,750000.0,41565
8075606,1,2,1,10,2024,1,35,4.0,1200000.0,41568
8075607,1,3,1,10,2024,1,19,10.0,,41571
8075607,1,7,1,10,2024,2,40,10.0,160000.0,41575
8075607,1,8,1,10,2024,2,15,5.0,,41576
8075609,1,3,1,10,2024,2,16,5.0,,41586
8075610,1,4,1,10,2024,2,9,3.0,,41592
8075611,1,3,1,10,2024,1,47,6.0,700000.0,41595
8075612,1,3,1,10,2024,2,53,3.0,,41598
8075615,1,2,1,10,2024,2,61,3.0,,41603
8075615,1,3,1,10,2024,1,15,4.0,,41604
8075616,1,2,1,10,2024,1,64,5.0,500000.0,41606
8075617,1,1,1,10,2024,1,43,3.0,1200000.0,41608
8075617,1,2,1,10,2024,1,20,5.0,800000.0,41609
8075620,1,1,1,10,2024,2,34,5.0,,41613
8075621,1,4,1,10,2024,1,4,1.0,,41619
8075624,1,4,1,10,2024,2,8,3.0,,41627
8075625,1,1,1,10,2024,1,59,5.0,1300000.0,41628
8075627,1,2,1,10,2024,2,55,3.0,,41636
8075628,1,2,1,10,2024,2,20,9.0,,41638
8075629,1,1,1,10,2024,1,29,5.0,640000.0,41641
8075629,1,3,1,10,2024,2,6,2.0,,41643
8075629,1,4,1,10,2024,1,4,2.0,,41644
8075630,1,1,1,10,2024,2,43,4.0,300000.0,41645
8075630,1,2,1,10,2024,1,22,9.0,1300000.0,41646
8075630,1,3,1,10,2024,1,18,5.0,,41647
8075630,1,4,1,10,2024,2,15,4.0,,41648
8075633,1,1,1,10,2024,2,27,5.0,,41651
8075634,1,4,1,10,2024,1,1,,,41657
8075635,1,4,1,10,2024,2,13,4.0,,41661
8075636,1,1,1,10,2024,2,54,1.0,,41666
8075636,1,4,1,10,2024,1,18,1.0,500000.0,41669
8075637,1,4,1,10,2024,1,21,5.0,900000.0,41675
8075638,1,1,1,10,2024,2,55,3.0,,41679
8075638,1,4,1,10,2024,2,8,3.0,,41682
8075638,1,6,1,10,2024,1,2,,,41684
8075638,1,7,1,10,2024,1,18,7.0,,41685
8075638,1,8,1,10,2024,1,49,1.0,1150000.0,41686
8075641,1,3,1,10,2024,2,9,3.0,,41694
8075641,1,4,1,10,2024,2,8,3.0,,41695
8075641,1,5,1,10,2024,1,25,5.0,800000.0,41696
8075642,1,2,1,10,2024,1,55,1.0,900000.0,41699
8075644,1,1,1,10,2024,2,50,3.0,,41707
8075644,1,2,1,10,2024,1,20,5.0,,41708
8075644,1,3,1,10,2024,2,24,8.0,800000.0,41709
8075645,1,1,1,10,2024,2,43,4.0,,41710
8075645,1,2,1,10,2024,1,57,5.0,600000.0,41711
8075645,1,6,1,10,2024,2,6,3.0,,41715
8075646,1,1,1,10,2024,2,68,3.0,200000.0,41716
8075646,1,2,1,10,2024,1,48,5.0,800000.0,41717
8075647,1,2,1,10,2024,2,76,3.0,,41720
8075647,1,3,1,10,2024,2,25,8.0,,41721
8075651,1,2,1,10,2024,2,15,5.0,,41732
8075653,1,1,1,10,2024,2,77,4.0,,41735
8075654,1,1,1,10,2024,1,73,3.0,2000000.0,41737
8075654,1,2,1,10,2024,2,72,3.0,,41738
8075658,1,2,1,10,2024,1,17,5.0,,41745
8075659,1,1,1,10,2024,2,54,3.0,,41747
8075662,1,4,1,10,2024,2,19,8.0,,41755
8075663,1,1,1,10,2024,1,65,1.0,1500000.0,41759
8075663,1,2,1,10,2024,2,56,3.0,,41760
8075664,1,2,1,10,2024,1,56,3.0,1000000.0,41762
8075666,1,4,1,10,2024,2,17,5.0,,41766
8075666,1,5,1,10,2024,2,28,4.0,,41767
8075666,1,6,1,10,2024,2,11,4.0,,41768
8075667,1,1,1,10,2024,1,64,5.0,,41770
8075667,1,2,1,10,2024,2,62,5.0,,41771
8075667,1,3,1,10,2024,1,36,10.0,,41772
8075668,1,1,1,10,2024,1,61,3.0,300000.0,41773
8075671,1,1,1,10,2024,2,71,3.0,,41776
8075671,1,2,1,10,2024,2,44,5.0,,41777
8075671,1,5,1,10,2024,2,9,3.0,,41780
8075671,1,8,1,10,2024,2,4,1.0,,41783
8075672,1,1,1,10,2024,1,65,1.0,800000.0,41784
8075673,1,1,1,10,2024,1,21,4.0,2200000.0,41786
8075674,1,1,1,10,2024,2,62,10.0,4000000.0,41788
8075677,1,1,1,10,2024,1,46,4.0,1000000.0,41791
8075677,1,3,1,10,2024,1,4,1.0,,41793
8075679,1,2,1,10,2024,1,25,5.0,900000.0,41797
8075680,1,2,1,10,2024,1,47,1.0,1000000.0,41802
8075687,1,1,1,10,2024,1,25,4.0,1050000.0,41818
8075688,1,3,1,10,2024,1,7,3.0,,41822
8075688,1,5,1,10,2024,1,4,1.0,,41824
8075695,1,2,1,10,2024,2,39,4.0,,41839
8075696,1,1,1,10,2024,2,56,3.0,400000.0,41845
8075698,1,3,1,10,2024,1,5,2.0,,41852
8075700,1,1,1,10,2024,1,30,3.0,1100000.0,41854
8075702,1,6,1,10,2024,1,5,2.0,,41862
8075703,1,5,1,10,2024,1,14,4.0,,41867
8075704,1,3,1,10,2024,2,36,5.0,,41870
8075705,1,1,1,10,2024,1,37,5.0,1650000.0,41871
8075706,1,1,1,10,2024,1,81,3.0,,41874
8075707,1,4,1,10,2024,1,7,3.0,,41878
8075710,1,2,1,10,2024,2,83,1.0,,41883
8075711,1,1,1,10,2024,1,33,4.0,700000.0,41885
8075713,1,2,1,10,2024,1,17,5.0,800000.0,41892
8075714,1,3,1,10,2024,1,22,10.0,,41895
8075715,1,1,1,10,2024,1,74,3.0,,41896
8075715,1,2,1,10,2024,2,63,4.0,1600000.0,41897
8075723,1,1,1,10,2024,1,60,10.0,2800000.0,41906
8075724,1,2,1,10,2024,1,2,,,41912
8075725,1,1,1,10,2024,2,33,8.0,,41913
8075726,1,1,1,10,2024,2,76,5.0,,41915
8075726,1,2,1,10,2024,1,71,5.0,,41916
8075731,1,3,1,10,2024,1,30,3.0,1000000.0,41926
8075732,1,3,1,10,2024,2,6,3.0,,41930
8075734,1,2,1,10,2024,2,29,4.0,,41936
8075735,1,1,1,10,2024,1,48,4.0,480000.0,41938
8075737,1,6,1,10,2024,1,9,3.0,,41944
8075737,1,7,1,10,2024,1,8,3.0,,41945
8075737,1,8,1,10,2024,2,7,3.0,,41946
8075740,1,1,1,10,2024,2,43,4.0,480000.0,41953
8075741,1,1,1,10,2024,1,27,4.0,450000.0,41955
8075742,1,3,1,10,2024,1,36,5.0,650000.0,41959
8075746,1,1,1,10,2024,1,20,4.0,1200000.0,41963
8075746,1,2,1,10,2024,2,16,4.0,,41964
8075748,1,2,1,10,2024,1,20,5.0,,41966
8075751,1,3,1,10,2024,1,20,3.0,200000.0,41972
8075752,1,1,1,10,2024,1,43,1.0,900000.0,41974
8075752,1,4,1,10,2024,2,14,4.0,,41977
8075755,1,1,1,10,2024,1,51,4.0,700000.0,41981
8075759,1,3,1,10,2024,1,3,1.0,,41992
8075760,1,4,1,10,2024,1,9,3.0,,41996
8075761,1,1,1,10,2024,1,57,1.0,1000000.0,41997
8075761,1,2,1,10,2024,2,52,5.0,1300000.0,41998
8075761,1,5,1,10,2024,2,9,3.0,,42001
8075761,1,6,1,10,2024,1,5,2.0,,42002
8075765,1,1,1,10,2024,2,72,1.0,,42009
8075766,1,1,1,10,2024,1,41,8.0,,42010
8075768,1,2,1,10,2024,1,64,4.0,900000.0,42015
8075768,1,5,1,10,2024,1,8,3.0,,42018
8075771,1,2,1,10,2024,2,60,4.0,250000.0,42027
8075774,1,1,1,10,2024,1,68,1.0,0.0,42033
8075774,1,2,1,10,2024,2,60,1.0,,42034
8075774,1,4,1,10,2024,2,28,5.0,,42036
8075774,1,5,1,10,2024,1,3,1.0,,42037
8075775,1,1,1,10,2024,2,32,4.0,,42038
8075775,1,2,1,10,2024,2,9,3.0,,42039
8075775,1,3,1,10,2024,2,7,3.0,,42040
8075776,1,1,1,10,2024,1,53,10.0,2400000.0,42042
8075776,1,2,1,10,2024,2,42,5.0,,42043
8075777,1,2,1,10,2024,1,43,5.0,0.0,42047
8075780,1,2,1,10,2024,1,41,3.0,1500000.0,42054
8075781,1,2,1,10,2024,2,43,5.0,,42058
8075782,1,1,1,10,2024,1,59,4.0,800000.0,42060
8075785,1,1,1,10,2024,2,30,11.0,3600000.0,42067
8075786,1,2,1,10,2024,2,32,4.0,1000000.0,42071
8075787,1,1,1,10,2024,1,61,3.0,0.0,42075
8075788,1,2,1,10,2024,2,50,3.0,70000.0,42081
8075788,1,4,1,10,2024,2,19,5.0,,42083
8075790,1,1,1,10,2024,2,40,5.0,300000.0,42085
8075791,1,2,1,10,2024,1,52,5.0,700000.0,42089
8075791,1,3,1,10,2024,1,25,5.0,1340000.0,42090
8075792,1,1,1,10,2024,2,68,1.0,600000.0,42093
8075792,1,2,1,10,2024,2,48,1.0,,42094
8075792,1,3,1,10,2024,2,29,5.0,450000.0,42095
8075793,1,1,1,10,2024,1,60,1.0,450000.0,42098
8075794,1,1,1,10,2024,1,21,4.0,750000.0,42100
8075796,1,2,1,10,2024,1,53,3.0,1000000.0,42105
8075796,1,3,1,10,2024,1,24,4.0,,42106
8075796,1,4,1,10,2024,2,23,4.0,,42107
8075802,1,1,1,10,2024,1,60,3.0,1200000.0,42116
8075805,1,3,1,10,2024,2,20,5.0,,42121
8075806,1,1,1,10,2024,2,68,3.0,1200000.0,42122
8075806,1,2,1,10,2024,1,66,3.0,,42123
8075807,1,2,1,10,2024,1,11,3.0,,42125
8075808,1,4,1,10,2024,1,7,3.0,,42129
8075808,1,6,1,10,2024,1,12,3.0,,42131
8075812,1,2,1,10,2024,2,52,8.0,,42136
8075812,1,4,1,10,2024,1,18,5.0,,42138
8075813,1,4,1,10,2024,1,6,2.0,,42142
8075814,1,1,1,10,2024,2,47,3.0,500000.0,42143
8075815,1,1,1,10,2024,1,55,5.0,1600000.0,42145
8075815,1,3,1,10,2024,2,24,5.0,,42147
8075815,1,6,1,10,2024,1,3,1.0,,42150
8075815,1,7,1,10,2024,1,23,3.0,,42151
8075817,1,3,1,10,2024,1,24,5.0,,42158
8075817,1,5,1,10,2024,1,1,,,42160
8075818,1,1,1,10,2024,1,36,1.0,1200000.0,42161
8075819,1,1,1,10,2024,2,44,4.0,,42162
8075819,1,3,1,10,2024,2,7,3.0,,42164
8075821,1,1,1,10,2024,1,57,3.0,1500000.0,42168
8075822,1,2,1,10,2024,1,18,9.0,,42173
8075823,1,3,1,10,2024,1,17,4.0,,42176
8075824,1,4,1,10,2024,1,11,4.0,,42181
8075825,1,2,1,10,2024,1,58,1.0,1000000.0,42183
8075825,1,4,1,10,2024,1,22,5.0,1000000.0,42185
8075827,1,1,1,10,2024,1,57,3.0,1500000.0,42191
8075831,1,2,1,10,2024,1,47,5.0,,42197
8075831,1,3,1,10,2024,1,46,8.0,2500000.0,42198
8075833,1,2,1,10,2024,1,24,11.0,2000000.0,42202
8075834,1,2,1,10,2024,2,23,10.0,,42204
8075836,1,1,1,10,2024,1,74,3.0,600000.0,42206
8075838,1,2,1,10,2024,2,45,1.0,500000.0,42210
8075838,1,3,1,10,2024,2,14,4.0,,42211
8075840,1,1,1,10,2024,1,30,5.0,800000.0,42213
8075840,1,3,1,10,2024,1,0,,,42215
8075841,1,3,1,10,2024,2,4,2.0,,42218
8075841,1,4,1,10,2024,1,1,,,42219
8075843,1,2,1,10,2024,2,29,4.0,,42221
8075843,1,3,1,10,2024,2,8,3.0,,42222
8075845,1,2,1,10,2024,2,31,5.0,,42229
8075845,1,3,1,10,2024,2,9,3.0,,42230
8075845,1,5,1,10,2024,1,3,1.0,,42232
8075846,1,2,1,10,2024,1,7,3.0,,42234
8075847,1,1,1,10,2024,2,48,1.0,,42236
8075848,1,1,1,10,2024,2,23,5.0,,42240
8075848,1,4,1,10,2024,1,0,,,42243
8075849,1,2,1,10,2024,1,54,1.0,750000.0,42245
8075849,1,3,1,10,2024,2,22,10.0,,42246
8075850,1,2,1,10,2024,1,67,1.0,600000.0,42249
8075853,1,1,1,10,2024,2,62,3.0,1340000.0,42257
8075853,1,3,1,10,2024,1,9,3.0,,42259
8075853,1,4,1,10,2024,2,12,4.0,,42260
8075855,1,2,1,10,2024,2,66,3.0,,42265
8075856,1,4,1,10,2024,1,10,3.0,,42270
8075859,1,2,1,10,2024,2,68,4.0,,42277
8075860,1,1,1,10,2024,2,60,5.0,2000000.0,42278
8075862,1,1,1,10,2024,1,35,5.0,3000000.0,42280
8075866,1,3,1,10,2024,2,17,10.0,,42283
8075867,1,2,1,10,2024,1,3,1.0,,42286
8075868,1,2,1,10,2024,1,49,1.0,500000.0,42288
8075869,1,1,1,10,2024,2,52,3.0,700000.0,42293
8075870,1,1,1,10,2024,1,41,3.0,900000.0,42296
8075871,1,1,1,10,2024,2,30,3.0,1000000.0,42297
8075871,1,3,1,10,2024,2,10,3.0,,42299
8075872,1,1,1,10,2024,1,79,3.0,,42300
8075872,1,2,1,10,2024,1,11,3.0,,42301
8075873,1,1,1,10,2024,1,39,5.0,1050000.0,42302
8075875,1,2,1,10,2024,2,32,3.0,600000.0,42306
8075876,1,1,1,10,2024,2,60,1.0,,42309
8075876,1,2,1,10,2024,1,26,5.0,480000.0,42310
8075878,1,2,1,10,2024,2,51,5.0,,42316
8075878,1,3,1,10,2024,1,18,5.0,,42317
8075878,1,4,1,10,2024,1,14,4.0,,42318
8075880,1,1,1,10,2024,1,53,3.0,2500000.0,42322
8075880,1,2,1,10,2024,2,53,3.0,,42323
8075880,1,3,1,10,2024,1,28,9.0,,42324
8075881,1,1,1,10,2024,2,41,3.0,70000.0,42325
8075881,1,2,1,10,2024,1,58,5.0,600000.0,42326
8075881,1,3,1,10,2024,2,21,5.0,650000.0,42327
8075882,1,1,1,10,2024,1,30,4.0,600000.0,42329
8075883,1,2,1,10,2024,1,14,4.0,,42334
8075885,1,3,1,10,2024,2,19,10.0,,42339
8075886,1,3,1,10,2024,2,11,4.0,,42342
8075887,1,1,1,10,2024,2,42,3.0,80000.0,42344
8075887,1,2,1,10,2024,1,49,4.0,150000.0,42345
8075887,1,5,1,10,2024,2,8,3.0,,42348
8075889,1,1,1,10,2024,1,21,4.0,300000.0,42353
8075890,1,2,1,10,2024,1,12,4.0,,42356
8075893,1,1,1,10,2024,2,54,5.0,900000.0,42359
8075894,1,1,1,10,2024,2,26,5.0,30000.0,42361
8075896,1,3,1,10,2024,1,0,,,42369
8075900,1,1,1,10,2024,1,46,1.0,200000.0,42375
8075900,1,2,1,10,2024,2,39,3.0,300000.0,42376
8075900,1,3,1,10,2024,1,18,5.0,,42377
8075900,1,5,1,10,2024,1,7,3.0,,42379
8075901,1,2,1,10,2024,1,46,3.0,1600000.0,42381
8075902,1,1,1,10,2024,1,70,3.0,,42384
8075902,1,2,1,10,2024,2,56,1.0,195000.0,42385
8075902,1,3,1,10,2024,1,16,4.0,,42386
8075903,1,1,1,10,2024,2,16,5.0,,42387
8075904,1,1,1,10,2024,2,73,1.0,100000.0,42389
8075907,1,4,1,10,2024,2,23,5.0,,42399
8075909,1,1,1,10,2024,2,48,3.0,80000.0,42401
8075909,1,9,1,10,2024,2,2,,,42409
8075911,1,2,1,10,2024,2,54,10.0,3835604.0,42412
8075912,1,2,1,10,2024,2,20,5.0,,42415
8075915,1,2,1,10,2024,1,44,8.0,370000.0,42422
8075916,1,1,1,10,2024,2,43,5.0,,42425
8075916,1,3,1,10,2024,2,20,10.0,,42427
8075917,1,1,1,10,2024,1,21,5.0,600000.0,42428
8075918,1,1,1,10,2024,2,48,4.0,150000.0,42431
8075918,1,3,1,10,2024,1,13,4.0,,42433
8075919,1,1,1,10,2024,1,24,4.0,40000.0,42434
8075921,1,6,1,10,2024,1,3,1.0,,42442
8075923,1,1,1,10,2024,2,40,1.0,70000.0,42446
8075923,1,3,1,10,2024,2,16,4.0,,42448
8075923,1,8,1,10,2024,2,5,1.0,,42453
8075924,1,3,1,10,2024,2,7,3.0,,42456
8075925,1,1,1,10,2024,2,22,5.0,,42458
8075925,1,3,1,10,2024,1,1,,,42460
8075931,1,1,1,10,2024,1,36,6.0,1300000.0,42477
8075932,1,3,1,10,2024,2,21,5.0,500000.0,42481
8075932,1,4,1,10,2024,1,18,5.0,,42482
8075932,1,5,1,10,2024,1,14,4.0,,42483
8075934,1,1,1,10,2024,1,25,5.0,850000.0,42493
8075934,1,3,1,10,2024,1,2,,,42495
8075937,1,4,1,10,2024,1,14,4.0,,42506
8075938,1,1,1,10,2024,1,26,3.0,200000.0,42507
8075938,1,3,1,10,2024,1,15,4.0,,42509
8075941,1,1,1,10,2024,1,47,1.0,160000.0,42517
8075945,1,1,1,10,2024,1,22,4.0,600000.0,42528
8075946,1,2,1,10,2024,2,30,3.0,150000.0,42532
8075946,1,4,1,10,2024,2,11,3.0,,42534
8075946,1,5,1,10,2024,1,6,1.0,,42535
8075948,1,2,1,10,2024,1,70,1.0,,42539
8075951,1,1,1,10,2024,2,38,3.0,160000.0,42542
8075951,1,2,1,10,2024,1,12,3.0,,42543
8075952,1,1,1,10,2024,2,25,10.0,,42544
8075952,1,4,1,10,2024,1,1,,,42547
8075953,1,1,1,10,2024,2,24,3.0,100000.0,42548
8075954,1,2,1,10,2024,1,10,3.0,,42554
8075954,1,3,1,10,2024,2,7,3.0,,42555
8075955,1,4,1,10,2024,1,3,1.0,,42560
8075956,1,4,1,10,2024,2,10,3.0,,42564
8075956,1,6,1,10,2024,2,5,2.0,,42566
8075956,1,7,1,10,2024,2,3,1.0,,42567
8075957,1,1,1,10,2024,2,59,3.0,250000.0,42569
8075958,1,3,1,10,2024,1,18,3.0,100000.0,42574
8075959,1,1,1,10,2024,1,63,3.0,300000.0,42575
8075959,1,2,1,10,2024,1,19,3.0,,42576
8075960,1,1,1,10,2024,2,23,4.0,,42578
8075960,1,3,1,10,2024,2,5,1.0,,42580
8075961,1,2,1,10,2024,2,38,4.0,,42582
8075962,1,2,1,10,2024,2,17,3.0,,42587
8075962,1,3,1,10,2024,2,0,,,42588
8075963,1,1,1,10,2024,2,49,1.0,,42589
8075963,1,3,1,10,2024,2,13,3.0,,42591
8075964,1,1,1,10,2024,1,67,1.0,,42593
8075964,1,2,1,10,2024,2,19,4.0,,42594
8075965,1,2,1,10,2024,2,28,3.0,,42596
8075965,1,6,1,10,2024,2,2,,,42600
8075965,1,7,1,10,2024,1,1,,,42601
8075966,1,2,1,10,2024,2,8,3.0,,42604
8075967,1,3,1,10,2024,1,19,5.0,,42607
8075967,1,5,1,10,2024,1,7,3.0,,42609
8075968,1,1,1,10,2024,2,46,4.0,900000.0,42610
8075969,1,2,1,10,2024,2,40,5.0,,42613
8075969,1,5,1,10,2024,2,18,5.0,,42616
8075970,1,1,1,10,2024,1,72,1.0,,42618
8075971,1,2,1,10,2024,2,38,3.0,,42621
8075972,1,1,1,10,2024,1,32,11.0,1300000.0,42624
8075972,1,2,1,10,2024,2,32,11.0,4259000.0,42625
8075973,1,1,1,10,2024,1,38,3.0,1300000.0,42628
8075973,1,3,1,10,2024,1,13,4.0,,42630
8075976,1,1,1,10,2024,2,28,5.0,1300000.0,42635
8075976,1,2,1,10,2024,1,9,3.0,,42636
8075976,1,4,1,10,2024,2,62,4.0,,42638
8075979,1,4,1,10,2024,2,29,5.0,,42646
8075980,1,1,1,10,2024,2,44,3.0,730000.0,42651
8075980,1,2,1,10,2024,1,17,5.0,,42652
8075983,1,2,1,10,2024,1,77,1.0,,42656
8075984,1,4,1,10,2024,1,6,3.0,,42660
8075985,1,3,1,10,2024,2,23,10.0,,42664
8075987,1,2,1,10,2024,2,43,1.0,,42668
8075988,1,2,1,10,2024,2,30,8.0,,42670
8075989,1,3,1,10,2024,1,14,4.0,,42675
8075990,1,1,1,10,2024,2,20,4.0,,42677
8075991,1,2,1,10,2024,2,31,8.0,1300000.0,42682
8075991,1,4,1,10,2024,1,5,2.0,,42684
8075993,1,1,1,10,2024,1,56,4.0,1300000.0,42686
8075995,1,6,1,10,2024,1,18,5.0,,42698
8075995,1,7,1,10,2024,2,16,4.0,,42699
8075998,1,2,1,10,2024,2,9,3.0,,42702
8075999,1,1,1,10,2024,1,73,3.0,350000.0,42703
8076004,1,1,1,10,2024,2,41,4.0,,42710
8076004,1,3,1,10,2024,1,17,4.0,240000.0,42712
8076006,1,1,1,10,2024,1,51,3.0,1300000.0,42716
8076006,1,3,1,10,2024,1,10,3.0,,42718
8076007,1,3,1,10,2024,1,4,1.0,,42721
8076008,1,1,1,10,2024,2,32,8.0,1300000.0,42723
8076008,1,3,1,10,2024,1,5,3.0,,42725
8076009,1,1,1,10,2024,1,31,4.0,1040000.0,42726
8076009,1,2,1,10,2024,2,28,4.0,,42727
8076009,1,6,1,10,2024,2,6,3.0,,42731
8076010,1,1,1,10,2024,1,31,5.0,100000.0,42733
8076010,1,2,1,10,2024,2,33,3.0,,42734
8076010,1,3,1,10,2024,1,12,4.0,,42735
8076012,1,2,1,10,2024,1,39,3.0,1300000.0,42741
8076013,1,2,1,10,2024,2,29,8.0,,42744
8076014,1,2,1,10,2024,1,12,3.0,,42746
8076015,1,3,1,10,2024,1,73,1.0,840000.0,42749
8076017,1,1,1,10,2024,1,50,3.0,3000000.0,42751
8076017,1,3,1,10,2024,1,20,4.0,900000.0,42753
8076017,1,5,1,10,2024,1,15,4.0,,42755
8076018,1,2,1,10,2024,1,58,5.0,1000000.0,42758
8076018,1,3,1,10,2024,2,23,10.0,50000.0,42759
8076018,1,4,1,10,2024,2,18,5.0,,42760
8076021,1,1,1,10,2024,1,76,1.0,,42768
8076021,1,2,1,10,2024,2,76,4.0,300000.0,42769
8076023,1,3,1,10,2024,1,5,1.0,,42774
8076024,1,1,1,10,2024,1,80,1.0,,42776
8076026,1,1,1,10,2024,1,23,5.0,1750000.0,42782
8076026,1,3,1,10,2024,1,2,,,42784
8076026,1,4,1,10,2024,1,1,,,42785
8076027,1,1,1,10,2024,1,68,1.0,150000.0,42786
8076027,1,2,1,10,2024,2,57,1.0,,42787
8076027,1,3,1,10,2024,1,34,4.0,,42788
8076027,1,4,1,10,2024,1,24,3.0,1300000.0,42789
8076027,1,5,1,10,2024,1,13,4.0,,42790
8076027,1,7,1,10,2024,2,6,3.0,,42792
8076028,1,3,1,10,2024,1,18,1.0,,42795
8076029,1,1,1,10,2024,2,45,5.0,300000.0,42796
8076031,1,2,1,10,2024,2,14,4.0,,42801
8076032,1,5,1,10,2024,1,13,4.0,,42808
8076034,1,1,1,10,2024,2,86,1.0,,42812
8076036,1,1,1,10,2024,1,24,5.0,600000.0,42814
8076037,1,3,1,10,2024,1,20,5.0,,42817
8076040,1,1,1,10,2024,2,66,8.0,,42820
8076040,1,2,1,10,2024,1,68,5.0,,42821
8076041,1,1,1,10,2024,2,53,5.0,300000.0,42822
8076044,1,4,1,10,2024,1,14,4.0,,42832
8076045,1,2,1,10,2024,1,21,5.0,210000.0,42834
8076045,1,3,1,10,2024,2,8,3.0,,42835
8076046,1,4,1,10,2024,2,10,3.0,,42840
8076047,1,2,1,10,2024,2,25,8.0,,42843
8076048,1,2,1,10,2024,2,35,4.0,,42847
8076049,1,2,1,10,2024,2,55,1.0,,42849
8076050,1,3,1,10,2024,2,11,4.0,,42852
8076050,1,4,1,10,2024,1,8,3.0,,42853
8076051,1,3,1,10,2024,2,3,1.0,,42857
8076051,1,6,1,10,2024,1,24,3.0,800000.0,42860
8076051,1,7,1,10,2024,2,8,3.0,,42861
8076051,1,8,1,10,2024,2,3,1.0,,42862
8076052,1,2,1,10,2024,1,40,9.0,,42864
8076052,1,6,1,10,2024,1,35,1.0,,42868
8076055,1,1,1,10,2024,2,60,3.0,,42870
8076056,1,3,1,10,2024,2,4,1.0,,42875
8076058,1,1,1,10,2024,1,31,5.0,800000.0,42878
8076059,1,1,1,10,2024,1,52,3.0,2000000.0,42881
8076059,1,3,1,10,2024,2,5,3.0,,42883
8076060,1,1,1,10,2024,2,70,3.0,5500000.0,42887
8076060,1,2,1,10,2024,2,12,4.0,,42888
8076061,1,1,1,10,2024,2,44,3.0,710000.0,42889
8076064,1,2,1,10,2024,2,43,3.0,,42901
8076064,1,3,1,10,2024,2,7,3.0,,42902
8076068,1,2,1,10,2024,2,43,3.0,,42908
8076069,1,2,1,10,2024,2,29,8.0,,42911
8076070,1,2,1,10,2024,2,47,3.0,68500.0,42913
8076070,1,5,1,10,2024,1,0,,,42916
8076075,1,2,1,10,2024,2,29,5.0,16000.0,42928
8076076,1,2,1,10,2024,2,21,3.0,160000.0,42933
8076076,1,3,1,10,2024,1,3,1.0,,42934
8076078,1,1,1,10,2024,2,39,1.0,,42935
8076078,1,2,1,10,2024,1,44,1.0,150000.0,42936
8076080,1,1,1,10,2024,1,36,5.0,960000.0,42940
8076081,1,1,1,10,2024,1,44,5.0,1500000.0,42943
8076081,1,5,1,10,2024,1,6,2.0,,42947
8076082,1,3,1,10,2024,1,20,5.0,240000.0,42951
8076085,1,1,1,10,2024,1,59,1.0,,42956
8076085,1,3,1,10,2024,1,22,5.0,,42958
8076085,1,7,1,10,2024,1,1,,,42962
8076087,1,3,1,10,2024,1,24,10.0,2000000.0,42965
8076088,1,3,1,10,2024,1,22,6.0,250000.0,42969
8076090,1,2,1,10,2024,1,67,1.0,,42972
8076091,1,1,1,10,2024,2,47,9.0,1300000.0,42973
8076096,1,1,1,10,2024,2,38,8.0,80000.0,42980
8076100,1,1,1,10,2024,1,60,1.0,200000.0,42983
8076101,1,2,1,10,2024,2,28,3.0,,42985
8076104,1,4,1,10,2024,1,8,3.0,,42998
8076105,1,1,1,10,2024,1,58,4.0,280000.0,43000
8076105,1,3,1,10,2024,1,13,4.0,,43002
8076106,1,3,1,10,2024,2,23,4.0,,43005
8076106,1,6,1,10,2024,2,2,,,43008
8076106,1,8,1,10,2024,1,1,,,43010
8076107,1,1,1,10,2024,1,36,3.0,320000.0,43011
8076107,1,4,1,10,2024,2,15,4.0,,43014
8076107,1,5,1,10,2024,2,13,4.0,,43015
8076109,1,3,1,10,2024,2,13,3.0,,43023
8076109,1,7,1,10,2024,2,0,,,43027
8076110,1,2,1,10,2024,1,70,4.0,360000.0,43029
8076110,1,5,1,10,2024,2,2,,,43032
8076112,1,1,1,10,2024,1,43,3.0,720000.0,43033
8076112,1,4,1,10,2024,1,19,4.0,800000.0,43036
8076112,1,7,1,10,2024,1,3,1.0,,43039
8076112,1,8,1,10,2024,2,1,,,43040
8076114,1,2,1,10,2024,1,66,3.0,1300000.0,43042
8076116,1,3,1,10,2024,1,16,4.0,,43049
8076116,1,4,1,10,2024,1,10,3.0,,43050
8076116,1,5,1,10,2024,2,6,3.0,,43051
8076120,1,1,1,10,2024,2,27,8.0,1300000.0,43059
8076122,1,4,1,10,2024,1,1,,,43067
8076122,1,5,1,10,2024,1,23,4.0,350000.0,43068
8076122,1,6,1,10,2024,2,23,8.0,800000.0,43069
8076122,1,7,1,10,2024,2,3,1.0,,43070
8076123,1,1,1,10,2024,1,59,5.0,500000.0,43071
8076124,1,1,1,10,2024,1,42,3.0,1850000.0,43073
8076124,1,2,1,10,2024,2,30,3.0,,43074
8076125,1,1,1,10,2024,1,42,8.0,1300000.0,43075
8076125,1,2,1,10,2024,2,38,5.0,,43076
8076125,1,5,1,10,2024,2,9,3.0,,43079
8076127,1,2,1,10,2024,2,79,3.0,,43083
8076127,1,3,1,10,2024,1,47,3.0,,43084
8076127,1,7,1,10,2024,2,3,1.0,,43088
8076134,1,4,1,10,2024,2,13,4.0,,43102
8076134,1,6,1,10,2024,2,3,1.0,,43104
8076135,1,2,1,10,2024,1,38,5.0,800000.0,43106
8076138,1,2,1,10,2024,1,18,4.0,800000.0,43115
8076139,1,1,1,10,2024,2,49,8.0,200000.0,43116
8076139,1,2,1,10,2024,1,53,5.0,500000.0,43117
8076140,1,1,1,10,2024,2,28,5.0,,43120
8076141,1,1,1,10,2024,2,66,1.0,,43123
8076142,1,1,1,10,2024,2,65,3.0,,43124
8076143,1,1,1,10,2024,1,52,5.0,1000000.0,43127
8076143,2,4,2,10,2024,1,0,,,43134
8076145,1,1,1,10,2024,1,44,3.0,500000.0,43138
8076146,1,5,1,10,2024,1,9,3.0,,43147
8076147,1,1,1,10,2024,1,55,5.0,,43148
8076148,1,2,1,10,2024,2,80,1.0,,43151
8076148,1,3,1,10,2024,2,49,5.0,,43152
8076149,1,1,1,10,2024,2,84,3.0,100000.0,43155
8076152,1,1,1,10,2024,1,60,3.0,1200000.0,43158
8076152,1,3,1,10,2024,1,30,8.0,200000.0,43160
8076153,1,2,1,10,2024,1,47,3.0,500000.0,43163
8076158,1,4,1,10,2024,1,66,3.0,,43167
8076159,1,1,1,10,2024,1,28,5.0,1000000.0,43168
8076159,1,2,1,10,2024,2,27,8.0,500000.0,43169
8076160,1,2,1,10,2024,2,36,5.0,,43172
8076160,1,4,1,10,2024,1,14,4.0,,43174
8076160,1,6,1,10,2024,2,8,3.0,,43176
8076162,1,1,1,10,2024,2,44,4.0,975000.0,43180
8076162,1,2,1,10,2024,1,16,5.0,,43181
8076162,1,4,1,10,2024,2,11,4.0,,43183
8076163,1,5,1,10,2024,2,27,4.0,,43188
8076163,1,7,1,10,2024,1,45,3.0,700000.0,43190
8076165,1,2,1,10,2024,1,84,3.0,,43194
8076166,1,3,1,10,2024,1,15,4.0,,43197
8076167,1,1,1,10,2024,2,35,3.0,,43198
8076167,1,2,1,10,2024,1,34,3.0,500000.0,43199
8076167,1,3,1,10,2024,2,15,4.0,,43200
8076168,1,1,1,10,2024,2,22,5.0,1090000.0,43204
8076168,1,2,1,10,2024,1,26,4.0,800000.0,43205
8076168,1,3,1,10,2024,1,3,1.0,,43206
8076169,1,3,1,10,2024,2,16,3.0,,43209
8076170,1,3,1,10,2024,2,7,3.0,,43213
8076171,1,1,1,10,2024,1,24,10.0,1300000.0,43216
8076171,1,4,1,10,2024,2,0,,,43219
8076172,1,2,1,10,2024,1,4,2.0,,43221
8076173,1,2,1,10,2024,2,31,5.0,,43223
8076175,1,1,1,10,2024,1,62,11.0,4000000.0,43226
8076175,1,3,1,10,2024,2,19,5.0,,43228
8076176,1,1,1,10,2024,2,30,10.0,1097000.0,43232
8076176,1,3,1,10,2024,1,29,10.0,,43234
8076179,1,4,1,10,2024,1,16,3.0,,43243
8076179,1,6,1,10,2024,1,9,3.0,,43245
8076181,1,3,1,10,2024,2,36,7.0,1200000.0,43250
8076184,1,2,1,10,2024,1,30,3.0,500000.0,43259
8076184,1,5,1,10,2024,2,57,3.0,,43262
8076184,1,6,1,10,2024,1,15,4.0,,43263
8076185,1,1,1,10,2024,2,47,3.0,32000.0,43265
8076187,1,2,1,10,2024,2,45,5.0,,43273
8076187,1,3,1,10,2024,1,44,5.0,600000.0,43274
8076187,1,5,1,10,2024,2,19,5.0,,43276
8076187,1,6,1,10,2024,1,2,,,43277
8076187,1,7,1,10,2024,1,42,5.0,400000.0,43278
8076188,1,1,1,10,2024,1,71,4.0,1000000.0,43281
8076194,1,1,1,10,2024,1,47,4.0,460000.0,43287
8076194,1,4,1,10,2024,2,7,3.0,,43290
8076195,1,1,1,10,2024,2,49,3.0,20000.0,43291
8076195,1,2,1,10,2024,1,50,1.0,400000.0,43292
8076196,1,2,1,10,2024,2,66,3.0,300000.0,43294
8076196,1,4,1,10,2024,2,6,3.0,,43296
8076198,1,3,1,10,2024,1,9,3.0,,43299
8076199,1,2,1,10,2024,2,56,3.0,,43301
8076200,1,1,1,10,2024,2,26,5.0,,43303
8076202,1,1,1,10,2024,2,42,5.0,320000.0,43307
8076202,1,2,1,10,2024,2,21,8.0,,43308
8076212,1,3,1,10,2024,1,13,4.0,,43311
8076214,1,1,1,10,2024,2,58,1.0,,43314
8076214,1,5,1,10,2024,1,11,4.0,,43318
8076217,1,1,1,10,2024,1,38,3.0,220000.0,43322
8076218,1,2,1,10,2024,2,41,3.0,,43324
8076219,1,3,1,10,2024,1,6,3.0,,43329
8076220,1,2,1,10,2024,2,22,5.0,30000.0,43331
8076224,1,2,1,10,2024,1,56,3.0,500000.0,43335
8076228,1,1,1,10,2024,2,39,1.0,,43337
8076228,1,4,1,10,2024,2,6,3.0,,43340
8076234,1,1,1,10,2024,1,53,3.0,500000.0,43354
8076235,1,1,1,10,2024,2,43,3.0,700000.0,43358
8076235,1,3,1,10,2024,1,19,4.0,,43360
8076236,1,3,1,10,2024,2,9,3.0,,43363
8076236,1,5,1,10,2024,1,5,2.0,,43365
8076237,1,1,1,10,2024,2,71,1.0,,43366
8076237,1,4,1,10,2024,1,37,1.0,,43369
8076239,1,1,1,10,2024,2,51,3.0,200000.0,43373
8076242,1,2,1,10,2024,1,16,4.0,,43381
8076243,1,1,1,10,2024,2,45,1.0,,43384
8076244,1,1,1,10,2024,2,71,3.0,,43386
8076246,1,1,1,10,2024,1,81,1.0,,43387
8076247,1,6,1,10,2024,1,6,3.0,,43394
8076248,1,1,1,10,2024,2,35,4.0,,43396
8076248,1,3,1,10,2024,2,11,4.0,,43398
8076249,1,1,1,10,2024,2,58,1.0,60000.0,43401
8076250,1,2,1,10,2024,1,48,3.0,1500000.0,43403
8076250,1,4,1,10,2024,2,18,8.0,,43405
8076250,1,5,1,10,2024,2,17,5.0,,43406
8076250,1,6,1,10,2024,1,9,3.0,,43407
8076254,1,2,1,10,2024,2,25,4.0,,43417
8076254,1,5,1,10,2024,2,3,1.0,,43420
8076255,1,1,1,10,2024,2,50,3.0,,43421
8076255,1,2,1,10,2024,1,50,3.0,1300000.0,43422
8076255,1,4,1,10,2024,1,15,4.0,,43424
8076255,1,5,1,10,2024,1,13,5.0,,43425
8076256,1,4,1,10,2024,2,3,1.0,,43430
8076257,1,1,1,10,2024,2,26,3.0,,43431
8076259,1,2,1,10,2024,1,3,1.0,,43442
8076261,1,3,1,10,2024,2,17,5.0,,43445
8076263,1,3,1,10,2024,2,91,3.0,,43449
8076265,1,1,1,10,2024,1,79,1.0,,43450
8076269,1,2,1,10,2024,2,73,4.0,,43458
8076272,1,2,1,10,2024,2,59,10.0,,43465
8076275,1,4,1,10,2024,1,39,3.0,500000.0,43473
8076275,1,5,1,10,2024,1,8,3.0,,43474
8076278,1,1,1,10,2024,2,48,4.0,480000.0,43475
8076278,1,3,1,10,2024,2,4,1.0,,43477
8076279,1,1,1,10,2024,1,55,8.0,3000000.0,43478
8076279,1,2,1,10,2024,2,51,8.0,,43479
8076282,1,2,1,10,2024,2,41,5.0,,43483
8076284,1,2,1,10,2024,2,56,3.0,,43487
8076286,1,4,1,10,2024,1,10,3.0,,43497
8076291,1,1,1,10,2024,2,44,3.0,,43505
8076291,1,3,1,10,2024,2,26,10.0,,43507
8076291,1,4,1,10,2024,2,17,5.0,,43508
8076291,1,5,1,10,2024,2,75,3.0,,43509
8076292,1,4,1,10,2024,1,6,3.0,,43513
8076293,1,1,1,10,2024,2,37,5.0,,43514
8076293,1,4,1,10,2024,1,14,5.0,,43517
8076293,1,5,1,10,2024,1,7,3.0,,43518
8076299,1,2,1,10,2024,1,63,1.0,600000.0,43527
8076300,1,2,1,10,2024,2,24,4.0,260000.0,43530
8076300,1,4,1,10,2024,1,3,1.0,,43532
8076302,1,1,1,10,2024,1,52,3.0,1200000.0,43534
8076303,1,3,1,10,2024,1,30,3.0,200000.0,43538
8076305,1,3,1,10,2024,2,12,4.0,,43545
8076310,1,1,1,10,2024,1,61,5.0,400000.0,43555
8076313,1,2,1,10,2024,2,21,5.0,1000000.0,43559
8076314,1,4,1,10,2024,1,4,2.0,,43565
8076315,1,1,1,10,2024,1,35,4.0,1000000.0,43566
8076315,1,2,1,10,2024,2,33,5.0,,43567
8076318,1,1,1,10,2024,1,61,3.0,,43575
8076322,1,2,1,10,2024,2,43,1.0,,43586
8076324,1,3,1,10,2024,2,14,4.0,,43590
8076325,1,2,1,10,2024,1,65,5.0,600000.0,43592
8076325,1,4,1,10,2024,2,8,3.0,,43594
8076327,1,1,1,10,2024,1,57,3.0,300000.0,43596
8076329,1,2,1,10,2024,2,46,5.0,,43601
8076332,1,1,1,10,2024,1,52,3.0,450000.0,43604
8076334,1,2,1,10,2024,1,67,1.0,100000.0,43608
8076336,1,1,1,10,2024,2,57,1.0,,43610
8076337,1,1,1,10,2024,1,63,3.0,600000.0,43611
8076342,1,2,1,10,2024,1,4,2.0,,43615
8076346,1,4,1,10,2024,2,9,3.0,,43623
8076347,1,1,1,10,2024,1,37,3.0,1400000.0,43625
8076347,1,2,1,10,2024,2,34,4.0,,43626
8076348,1,2,1,10,2024,2,24,8.0,,43628
8076349,1,1,1,10,2024,2,70,1.0,,43631
8076349,1,2,1,10,2024,2,48,3.0,,43632
8076350,1,1,1,10,2024,1,49,3.0,1400000.0,43633
8076350,1,5,1,10,2024,1,10,3.0,,43637
8076353,1,1,1,10,2024,1,52,5.0,1400000.0,43643
8076354,1,1,1,10,2024,1,40,5.0,1196000.0,43646
8076358,1,1,1,10,2024,1,45,11.0,5000000.0,43653
8076359,1,2,1,10,2024,1,72,3.0,,43657
8076361,1,1,1,10,2024,2,51,4.0,,43660
8076362,1,1,1,10,2024,1,51,3.0,1300000.0,43665
8076362,1,2,1,10,2024,1,10,3.0,,43666
8076363,1,2,1,10,2024,2,13,4.0,,43670
8076364,1,1,1,10,2024,1,55,10.0,,43671
8076364,1,2,1,10,2024,2,54,5.0,,43672
8076365,1,1,1,10,2024,2,29,10.0,2000000.0,43673
8076366,1,1,1,10,2024,2,22,5.0,200000.0,43675
8076366,1,2,1,10,2024,2,5,2.0,,43676
8076368,1,1,1,10,2024,1,45,3.0,200000.0,43680
8076369,1,2,1,10,2024,2,33,5.0,,43683
8076369,1,3,1,10,2024,2,11,4.0,,43684
8076370,1,1,1,10,2024,1,43,5.0,780000.0,43685
8076372,1,2,1,10,2024,2,35,3.0,150000.0,43689
8076373,1,1,1,10,2024,1,48,4.0,1500000.0,43693
8076373,1,2,1,10,2024,2,53,3.0,,43694
8076374,1,1,1,10,2024,2,61,3.0,800000.0,43695
8076375,1,2,1,10,2024,1,47,3.0,1300000.0,43698
8076375,1,3,1,10,2024,2,3,1.0,,43699
8076377,1,2,1,10,2024,2,51,10.0,,43702
8076378,1,1,1,10,2024,1,44,3.0,1170000.0,43703
8076378,1,2,1,10,2024,2,35,1.0,,43704
8076378,1,4,1,10,2024,1,15,1.0,,43706
8076380,1,1,1,10,2024,1,39,3.0,1600000.0,43710
8076382,1,1,1,10,2024,2,79,3.0,,43713
8076383,1,2,1,10,2024,2,13,4.0,,43717
8076383,1,3,1,10,2024,2,9,3.0,,43718
8076385,1,1,1,10,2024,1,24,5.0,1300000.0,43724
8076385,1,2,1,10,2024,2,25,5.0,,43725
8076386,1,3,1,10,2024,1,1,,,43728
8076387,1,1,1,10,2024,2,34,3.0,300000.0,43730
8076387,1,2,1,10,2024,1,17,4.0,,43731
8076387,1,3,1,10,2024,2,15,4.0,,43732
8076387,1,4,1,10,2024,2,13,4.0,,43733
8076388,1,2,1,10,2024,2,43,5.0,1300000.0,43737
8076388,1,4,1,10,2024,2,4,2.0,,43739
8076389,1,3,1,10,2024,1,11,4.0,,43742
8076390,1,4,1,10,2024,1,0,,,43747
8076391,1,1,1,10,2024,1,25,5.0,1300000.0,43748
8076392,1,2,1,10,2024,2,67,5.0,,43750
8076393,1,4,1,10,2024,2,9,3.0,,43754
8076393,1,5,1,10,2024,1,6,2.0,,43755
8076394,1,2,1,10,2024,2,33,5.0,,43757
8076394,1,4,1,10,2024,2,13,4.0,,43759
8076395,1,2,1,10,2024,2,32,10.0,,43761
8076396,1,1,1,10,2024,1,58,5.0,1300000.0,43763
8076398,1,2,1,10,2024,1,40,5.0,600000.0,43771
8076406,1,2,1,10,2024,2,35,11.0,4500000.0,43777
8076406,1,3,1,10,2024,2,4,2.0,,43778
8076408,1,1,1,10,2024,1,57,5.0,1200000.0,43781
8076409,1,2,1,10,2024,1,47,4.0,1000000.0,43783
8076416,1,3,1,10,2024,2,28,10.0,,43794
8076417,1,1,1,10,2024,2,35,10.0,,43795
8076418,1,2,1,10,2024,2,57,3.0,1200000.0,43797
8076420,1,3,1,10,2024,1,5,3.0,,43803
8076421,1,4,1,10,2024,2,1,,,43808
8076422,1,1,1,10,2024,2,28,5.0,,43809
8076422,1,2,1,10,2024,1,61,3.0,1000000.0,43810
8076422,1,3,1,10,2024,1,6,2.0,,43811
8076423,1,1,1,10,2024,1,71,3.0,400000.0,43813
8076424,1,1,1,10,2024,2,56,3.0,,43814
8076424,1,2,1,10,2024,1,59,3.0,700000.0,43815
8076425,1,1,1,10,2024,2,20,5.0,,43818
8076426,1,2,1,10,2024,1,34,5.0,1000000.0,43820
8076426,1,3,1,10,2024,1,7,3.0,,43821
8076429,1,2,1,10,2024,1,36,5.0,300000.0,43824
8076429,1,3,1,10,2024,2,12,4.0,,43825
8076429,1,4,1,10,2024,1,1,,,43826
8076431,1,1,1,10,2024,2,36,4.0,,43829
8076431,1,2,1,10,2024,1,12,4.0,,43830
8076436,1,2,1,10,2024,1,39,12.0,5000000.0,43833
8076437,1,1,1,10,2024,1,75,3.0,,43836
8076437,1,2,1,10,2024,2,65,4.0,,43837
8076439,1,1,1,10,2024,1,28,4.0,850000.0,43838
8076442,1,2,1,10,2024,2,10,3.0,,43847
8076443,1,1,1,10,2024,1,58,3.0,,43850
8076443,1,7,1,10,2024,2,9,3.0,,43856
8076443,1,11,1,10,2024,1,6,3.0,,43860
8076444,1,3,1,10,2024,2,4,1.0,,43863
8076446,1,1,1,10,2024,2,41,3.0,,43865
8076446,1,2,1,10,2024,1,49,3.0,800000.0,43866
8076448,1,3,1,10,2024,2,5,3.0,,43872
8076449,1,1,1,10,2024,2,19,5.0,500000.0,43873
8076450,1,1,1,10,2024,2,53,5.0,,43876
8076450,1,4,1,10,2024,1,53,3.0,1300000.0,43879
8076451,1,3,1,10,2024,1,34,5.0,400000.0,43882
8076453,1,1,1,10,2024,1,22,4.0,300000.0,43886
8076453,1,2,1,10,2024,2,18,4.0,,43887
8076454,1,4,1,10,2024,2,8,3.0,,43891
8076455,1,1,1,10,2024,1,23,10.0,700000.0,43892
8076455,1,3,1,10,2024,1,15,4.0,,43894
8076456,1,1,1,10,2024,2,30,5.0,800000.0,43895
8076457,1,2,1,10,2024,2,16,4.0,,43897
8076459,1,3,1,10,2024,2,15,5.0,,43903
8076461,1,2,1,10,2024,2,35,4.0,,43905
8076461,1,3,1,10,2024,2,12,4.0,,43906
8076461,1,4,1,10,2024,2,12,4.0,,43907
8076461,1,5,1,10,2024,2,2,,,43908
8076463,1,1,1,10,2024,2,26,3.0,,43911
8076463,1,4,1,10,2024,2,2,,,43914
8076464,1,1,1,10,2024,1,43,3.0,1300000.0,43915
8076465,1,3,1,10,2024,2,15,4.0,,43919
8076466,1,1,1,10,2024,2,30,5.0,,43920
8076467,1,1,1,10,2024,2,43,5.0,,43924
8076467,1,4,1,10,2024,1,10,3.0,,43927
8076468,1,1,1,10,2024,2,40,5.0,1350000.0,43928
8076469,1,3,1,10,2024,1,11,4.0,,43936
8076469,1,4,1,10,2024,1,9,3.0,,43937
8076470,1,1,1,10,2024,2,45,5.0,4550000.0,43938
8076475,1,1,1,10,2024,1,88,1.0,,43951
8076480,1,1,1,10,2024,2,54,3.0,,43959
8076480,1,2,1,10,2024,1,55,4.0,1800000.0,43960
8076481,1,1,1,10,2024,1,44,5.0,,43961
8076482,1,2,1,10,2024,2,27,5.0,,43964
8076482,1,4,1,10,2024,2,4,2.0,,43966
8076483,1,10,1,10,2024,1,46,5.0,1000000.0,43976
8076484,1,2,1,10,2024,2,25,10.0,,43979
8076484,1,4,1,10,2024,1,79,3.0,,43981
8076485,1,3,1,10,2024,2,93,1.0,,43984
8076485,1,6,1,10,2024,1,11,3.0,,43987
8076487,1,2,1,10,2024,2,61,3.0,1000000.0,43992
8076488,1,1,1,10,2024,1,74,1.0,220000.0,43995
8076488,1,3,1,10,2024,1,29,1.0,,43997
8076489,1,2,1,10,2024,1,32,3.0,1000000.0,43999
8076490,1,1,1,10,2024,1,71,10.0,1450000.0,44001
8076491,1,1,1,10,2024,1,64,3.0,720000.0,44002
8076492,1,2,1,10,2024,2,12,4.0,,44004
8076493,1,1,1,10,2024,1,30,6.0,1500000.0,44006
8076495,1,4,1,10,2024,1,16,4.0,,44010
8076496,1,1,1,10,2024,1,46,3.0,920000.0,44011
8076496,1,2,1,10,2024,2,42,5.0,800000.0,44012
8076497,1,1,1,10,2024,2,38,5.0,300000.0,44014
8076498,1,1,1,10,2024,2,32,5.0,1300000.0,44017
8076498,1,2,1,10,2024,1,14,4.0,,44018
8076500,1,2,1,10,2024,2,50,9.0,,44020
8076500,1,3,1,10,2024,1,27,5.0,,44021
8076501,1,2,1,10,2024,1,63,1.0,600000.0,44023
8076501,1,6,1,10,2024,2,1,,,44027
8076502,1,1,1,10,2024,1,56,3.0,1300000.0,44028
8076502,1,2,1,10,2024,2,46,5.0,,44029
8076503,1,1,1,10,2024,2,76,3.0,,44032
8076504,1,1,1,10,2024,2,52,10.0,,44033
8076505,1,1,1,10,2024,1,35,9.0,3600000.0,44036
8076505,1,2,1,10,2024,2,23,8.0,,44037
8076506,1,1,1,10,2024,2,31,5.0,,44040
8076510,1,2,1,10,2024,2,12,4.0,,44046
8076511,1,1,1,10,2024,2,78,3.0,500000.0,44048
8076512,1,1,1,10,2024,2,61,5.0,,44049
8076514,1,3,1,10,2024,2,12,4.0,,44054
8076515,1,4,1,10,2024,1,13,4.0,,44058
8076516,1,3,1,10,2024,1,42,4.0,600000.0,44065
8076516,1,4,1,10,2024,2,15,5.0,,44066
8076516,1,10,1,10,2024,1,13,4.0,,44072
8076521,1,1,1,10,2024,1,76,3.0,200000.0,44080
8076522,1,2,1,10,2024,2,39,4.0,2000000.0,44083
8076528,1,2,1,10,2024,1,29,4.0,600000.0,44096
8076533,1,2,1,10,2024,2,38,5.0,,44103
8076536,1,2,1,10,2024,2,11,4.0,,44110
8076536,1,3,1,10,2024,1,7,3.0,,44111
8076540,1,1,1,10,2024,2,36,4.0,500000.0,44112
8076543,1,2,1,10,2024,1,88,3.0,,44122
8076545,1,1,1,10,2024,2,61,3.0,200000.0,44126
8076546,1,2,1,10,2024,2,72,3.0,,44130
8076548,1,2,1,10,2024,2,25,5.0,550000.0,44135
8076548,1,3,1,10,2024,2,11,4.0,,44136
8076555,1,3,1,10,2024,1,7,3.0,,44143
8076558,1,1,1,10,2024,1,27,8.0,1600000.0,44147
8076558,1,2,1,10,2024,2,27,5.0,1600000.0,44148
8076559,1,1,1,10,2024,2,20,5.0,1000000.0,44150
8076563,1,4,1,10,2024,2,33,4.0,1500000.0,44160
8076563,1,5,1,10,2024,1,19,5.0,800000.0,44161
8076565,1,2,1,10,2024,1,86,3.0,,44164
8076565,1,3,1,10,2024,1,35,3.0,1200000.0,44165
8076566,1,2,1,10,2024,1,66,3.0,500000.0,44167
8076566,1,3,1,10,2024,2,86,1.0,,44168
8076568,1,2,1,10,2024,1,53,5.0,,44170
8076570,1,2,1,10,2024,2,47,4.0,280000.0,44172
8076576,1,1,1,10,2024,2,75,3.0,,44180
8076576,1,4,1,10,2024,2,13,4.0,,44183
8076577,1,1,1,10,2024,1,32,8.0,1300000.0,44184
8076579,1,3,1,10,2024,1,72,5.0,500000.0,44188
8076580,1,4,1,10,2024,1,5,1.0,,44193
8076581,1,1,1,10,2024,2,60,5.0,1000000.0,44194
8076582,1,2,1,10,2024,1,30,5.0,1300000.0,44196
8076583,1,1,1,10,2024,1,81,3.0,,44198
8076583,1,4,1,10,2024,1,31,8.0,2000000.0,44201
8076583,1,5,1,10,2024,2,15,5.0,,44202
8076585,1,5,1,10,2024,1,69,10.0,,44210
8076590,1,1,1,10,2024,2,47,5.0,3000000.0,44216
8076591,1,2,1,10,2024,2,33,5.0,,44219
8076591,1,3,1,10,2024,1,15,5.0,,44220
8076591,1,4,1,10,2024,1,13,4.0,,44221
8076591,1,6,1,10,2024,1,2,,,44223
8076592,1,1,1,10,2024,1,40,10.0,,44224
8076592,1,3,1,10,2024,2,16,5.0,,44226
8076594,1,1,1,10,2024,1,42,4.0,2500000.0,44228
8076594,1,3,1,10,2024,1,22,5.0,1300000.0,44230
8076596,1,3,1,10,2024,1,20,8.0,900000.0,44236
8076596,1,4,1,10,2024,1,6,1.0,,44237
8076597,1,1,1,10,2024,2,66,3.0,2300000.0,44238
8076598,1,2,1,10,2024,2,11,4.0,,44242
8076600,1,4,1,10,2024,1,14,4.0,,44248
8076601,1,2,1,10,2024,1,66,3.0,1000000.0,44252
8076604,1,2,1,10,2024,2,21,10.0,1000000.0,44261
8076607,1,2,1,10,2024,2,33,5.0,1400000.0,44267
8076607,1,3,1,10,2024,1,15,4.0,,44268
8076608,1,2,1,10,2024,2,48,3.0,,44272
8076612,1,1,1,10,2024,1,60,3.0,1700000.0,44279
8076612,1,3,1,10,2024,1,13,4.0,,44281
8076615,1,1,1,10,2024,1,37,5.0,1200000.0,44283
8076615,1,2,1,10,2024,2,30,5.0,,44284
8076617,1,1,1,10,2024,1,39,5.0,1200000.0,44286
8076617,1,2,1,10,2024,2,43,5.0,,44287
8076618,1,2,1,10,2024,1,17,5.0,,44291
8076622,1,2,1,10,2024,1,29,5.0,1700000.0,44296
8076622,1,3,1,10,2024,2,20,5.0,1000000.0,44297
8076623,1,1,1,10,2024,2,27,5.0,400000.0,44298
8076624,1,1,1,10,2024,2,32,8.0,1300000.0,44301
8076624,1,4,1,10,2024,1,3,2.0,,44304
8076624,1,6,1,10,2024,1,7,3.0,,44306
8076624,1,7,1,10,2024,1,19,4.0,1540000.0,44307
8076625,1,1,1,10,2024,2,63,3.0,,44308
8076625,3,2,3,10,2024,2,21,5.0,,44311
8076626,1,2,1,10,2024,1,8,3.0,,44314
8076628,1,4,1,10,2024,1,25,5.0,1300000.0,44319
8076629,1,2,1,10,2024,2,52,3.0,1300000.0,44321
8076630,1,2,1,10,2024,1,17,3.0,900000.0,44325
8076636,1,1,1,10,2024,1,81,1.0,,44333
8076637,1,3,1,10,2024,1,13,4.0,,44336
8076638,1,2,1,10,2024,2,50,10.0,2175000.0,44339
8076641,1,1,1,10,2024,1,57,3.0,1300000.0,44345
8076643,1,1,1,10,2024,2,23,8.0,,44350
8076644,1,2,1,10,2024,2,62,3.0,,44354
8076646,1,1,1,10,2024,1,66,4.0,,44357
8076649,1,1,1,10,2024,1,69,1.0,1000000.0,44360
8076650,1,1,1,10,2024,1,38,3.0,2100000.0,44364
8076651,1,4,1,10,2024,1,16,4.0,,44370
8076657,1,1,1,10,2024,2,66,3.0,,44380
8076658,1,3,1,10,2024,1,1,,,44384
8076659,1,2,1,10,2024,2,34,11.0,6525000.0,44386
8076659,1,3,1,10,2024,1,14,4.0,,44387
8076659,1,4,1,10,2024,1,11,4.0,,44388
8076660,1,2,1,10,2024,2,70,3.0,,44392
8076662,1,1,1,10,2024,1,52,10.0,5000000.0,44393
8076662,1,3,1,10,2024,1,7,3.0,,44395
8076663,1,1,1,10,2024,1,44,10.0,2300000.0,44398
8076663,1,2,1,10,2024,2,38,11.0,2200000.0,44399
8076664,1,1,1,10,2024,2,59,5.0,,44402
8076665,1,2,1,10,2024,2,72,11.0,,44404
8076667,1,1,1,10,2024,2,30,10.0,1700000.0,44408
8076669,1,2,1,10,2024,2,73,3.0,,44411
8076669,1,3,1,10,2024,2,34,5.0,,44412
8076669,1,4,1,10,2024,2,16,4.0,,44413
8076670,1,1,1,10,2024,2,42,5.0,,44414
8076671,1,1,1,10,2024,1,70,10.0,,44419
8076674,1,1,1,10,2024,2,42,6.0,600000.0,44421
8076674,1,2,1,10,2024,2,15,4.0,,44422
8076674,1,3,1,10,2024,1,6,3.0,,44423
8076675,1,1,1,10,2024,1,26,4.0,1600000.0,44424
8076677,1,4,1,10,2024,1,26,10.0,,44429
8076678,1,1,1,10,2024,2,38,12.0,5500000.0,44430
8076684,1,1,1,10,2024,2,30,11.0,5000000.0,44437
8076689,1,1,1,10,2024,1,56,3.0,1500000.0,44448
8076689,1,2,1,10,2024,2,43,3.0,,44449
8076692,1,1,1,10,2024,2,56,5.0,140000.0,44456
8076693,1,1,1,10,2024,1,62,3.0,1000000.0,44457
8076693,1,3,1,10,2024,1,7,3.0,,44459
8076694,1,1,1,10,2024,2,74,3.0,,44460
8076695,1,3,1,10,2024,1,12,4.0,,44464
8076696,1,3,1,10,2024,1,5,3.0,,44467
8076697,1,2,1,10,2024,1,63,3.0,300000.0,44469
8076697,1,3,1,10,2024,1,15,4.0,,44470
8076697,1,6,1,10,2024,1,13,4.0,,44473
8076697,1,7,1,10,2024,2,11,3.0,,44474
8076698,1,2,1,10,2024,1,54,5.0,1700000.0,44476
8076699,1,1,1,10,2024,2,78,5.0,,44479
8076700,1,1,1,10,2024,1,79,3.0,,44481
8076701,1,1,1,10,2024,1,70,1.0,,44483
8076704,1,5,1,10,2024,2,0,,,44493
8076706,1,3,1,10,2024,2,15,4.0,,44500
8076707,1,1,1,10,2024,1,89,3.0,,44502
8076710,1,1,1,10,2024,1,31,12.0,10000000.0,44506
8076712,1,1,1,10,2024,2,72,3.0,,44509
8076713,1,1,1,10,2024,2,86,3.0,,44510
8076714,1,2,1,10,2024,2,43,11.0,4000000.0,44512
8076717,1,2,1,10,2024,2,68,4.0,,44518
8076718,1,1,1,10,2024,1,69,10.0,,44519
8076718,1,2,1,10,2024,2,63,5.0,,44520
8076719,1,1,1,10,2024,2,64,3.0,,44522
8076720,1,1,1,10,2024,2,50,8.0,,44523
8076721,1,2,1,10,2024,2,31,5.0,1500000.0,44525
8076722,1,1,1,10,2024,1,33,5.0,1300000.0,44530
8076722,1,3,1,10,2024,2,3,1.0,,44532
8076724,1,2,1,10,2024,2,33,10.0,,44536
8076724,1,3,1,10,2024,1,10,3.0,,44537
8076724,1,4,1,10,2024,2,5,3.0,,44538
8076725,1,1,1,10,2024,1,36,5.0,1300000.0,44539
8076725,1,2,1,10,2024,2,33,9.0,,44540
8076727,1,1,1,10,2024,2,67,8.0,,44543
8076727,1,2,1,10,2024,1,69,13.0,,44544
8076730,1,1,1,10,2024,1,68,5.0,,44552
8076732,1,1,1,10,2024,1,43,5.0,1300000.0,44556
8076732,1,5,1,10,2024,1,27,5.0,1300000.0,44560
8076733,1,1,1,10,2024,1,41,5.0,500000.0,44562
8076733,1,2,1,10,2024,2,37,5.0,1100000.0,44563
8076734,1,2,1,10,2024,1,60,4.0,1300000.0,44567
8076736,1,2,1,10,2024,2,49,9.0,1792000.0,44573
8076739,1,2,1,10,2024,2,37,11.0,8300000.0,44583
8076741,1,3,1,10,2024,1,13,4.0,,44587
8076743,1,2,1,10,2024,2,43,10.0,,44592
8076743,1,4,1,10,2024,2,74,10.0,,44594
8076745,1,2,1,10,2024,1,52,12.0,9500000.0,44597
8076745,1,3,1,10,2024,1,44,10.0,,44598
8076747,1,1,1,10,2024,2,56,5.0,,44602
8076747,1,3,1,10,2024,1,21,10.0,,44604
8076749,1,2,1,10,2024,2,48,5.0,,44608
8076749,1,3,1,10,2024,1,14,4.0,,44609
8076750,1,1,1,10,2024,1,90,10.0,,44610
8076751,1,1,1,10,2024,2,52,3.0,1362000.0,44612
8076752,1,1,1,10,2024,2,43,5.0,2500000.0,44614
8076753,1,2,1,10,2024,2,31,11.0,7000000.0,44616
8076756,1,2,1,10,2024,2,56,10.0,5000000.0,44621
8076756,1,3,1,10,2024,1,24,10.0,600000.0,44622
8076758,1,1,1,10,2024,2,36,10.0,2000000.0,44624
8076759,1,1,1,10,2024,1,53,10.0,1000000.0,44626
8076759,1,4,1,10,2024,2,12,4.0,,44629
8076760,1,2,1,10,2024,1,31,5.0,500000.0,44631
8076760,1,4,1,10,2024,1,13,4.0,,44633
8076763,1,1,1,10,2024,2,67,1.0,,44641
8076765,1,1,1,10,2024,1,68,10.0,,44646
8076768,1,1,1,10,2024,2,25,5.0,1456000.0,44649
8076768,1,2,1,10,2024,2,55,5.0,,44650
8076768,1,3,1,10,2024,2,29,8.0,1500000.0,44651
8076768,1,4,1,10,2024,1,5,3.0,,44652
8076773,1,1,1,10,2024,1,23,8.0,,44661
8076774,1,1,1,10,2024,1,53,5.0,1300000.0,44664
8076775,1,2,1,10,2024,2,54,9.0,,44670
8076776,1,2,1,10,2024,2,38,10.0,1300000.0,44674
8076779,1,3,1,10,2024,2,20,5.0,1300000.0,44682
8076783,1,3,1,10,2024,1,4,1.0,,44692
8076784,1,3,1,10,2024,1,13,4.0,,44695
8076785,1,1,1,10,2024,1,72,10.0,,44696
8076786,1,1,1,10,2024,1,60,10.0,4500000.0,44698
8076790,1,1,1,10,2024,2,70,12.0,,44704
8076792,1,3,1,10,2024,1,41,5.0,,44708
8076793,1,1,1,10,2024,1,53,3.0,1300000.0,44709
8076793,1,3,1,10,2024,1,20,5.0,,44711
8076793,1,4,1,10,2024,2,10,3.0,,44712
8076795,1,2,1,10,2024,2,39,5.0,1362000.0,44716
8076795,1,4,1,10,2024,1,6,3.0,,44718
8076797,1,1,1,10,2024,1,51,3.0,1300000.0,44723
8076798,1,1,1,10,2024,1,68,3.0,,44724
8076808,1,1,1,10,2024,2,36,9.0,1480000.0,44728
8076812,1,3,1,10,2024,1,2,,,44734
8076814,1,1,1,10,2024,2,18,6.0,,44735
8076816,1,1,1,10,2024,1,96,3.0,,44740
8076817,1,2,1,10,2024,2,44,11.0,,44743
8076819,1,1,1,10,2024,1,77,1.0,1000000.0,44745
8076819,1,2,1,10,2024,2,52,3.0,,44746
8076820,1,3,1,10,2024,1,9,3.0,,44752
8076821,1,2,1,10,2024,2,25,10.0,,44754
8076822,1,4,1,10,2024,1,12,4.0,,44759
8076823,1,2,1,10,2024,1,66,3.0,700000.0,44763
8076824,1,2,1,10,2024,1,30,5.0,1300000.0,44765
8076830,1,2,1,10,2024,1,24,5.0,1300000.0,44783
8076831,1,1,1,10,2024,2,43,5.0,1600000.0,44786
8076832,1,4,1,10,2024,2,19,4.0,950000.0,44792
8076834,1,1,1,10,2024,1,67,3.0,1550000.0,44796
8076838,1,2,1,10,2024,2,43,3.0,,44807
8076838,1,3,1,10,2024,1,11,3.0,,44808
8076842,1,1,1,10,2024,2,59,5.0,,44813
8076842,1,2,1,10,2024,1,36,9.0,2156000.0,44814
8076843,1,2,1,10,2024,2,69,3.0,,44816
8076846,1,1,1,10,2024,1,49,9.0,4000000.0,44818
8076848,1,2,1,10,2024,2,56,10.0,1800000.0,44821
8076849,1,1,1,10,2024,1,49,4.0,,44822
8076849,1,2,1,10,2024,2,49,10.0,800000.0,44823
8076852,1,1,1,10,2024,1,30,10.0,3500000.0,44828
8076852,1,2,1,10,2024,2,27,10.0,3000000.0,44829
8076856,1,2,1,10,2024,2,28,6.0,150000.0,44838
8076856,1,3,1,10,2024,1,0,,,44839
8076859,1,2,1,10,2024,1,45,1.0,1360000.0,44844
8076860,1,1,1,10,2024,1,69,3.0,,44845
8076861,1,2,1,10,2024,1,21,5.0,700000.0,44848
8076863,1,3,1,10,2024,1,11,4.0,,44853
8076865,1,1,1,10,2024,2,77,3.0,,44857
8076868,1,1,1,10,2024,1,81,1.0,,44860
8076868,1,2,1,10,2024,2,74,3.0,,44861
8076871,1,2,1,10,2024,2,56,4.0,,44869
8076872,1,1,1,10,2024,1,34,3.0,1720000.0,44870
8076872,1,3,1,10,2024,2,12,4.0,,44872
8076877,1,2,1,10,2024,2,62,3.0,,44884
8076880,1,2,1,10,2024,2,36,5.0,,44890
8076880,1,4,1,10,2024,1,8,3.0,,44892
8076883,1,1,1,10,2024,2,55,10.0,,44895
8076888,1,1,1,10,2024,1,72,3.0,,44903
8076889,1,1,1,10,2024,1,48,10.0,3200000.0,44904
8076891,1,1,1,10,2024,1,84,3.0,,44907
8076892,1,1,1,10,2024,2,44,3.0,,44908
8076892,1,2,1,10,2024,1,3,1.0,,44909
8076896,1,1,1,10,2024,1,64,3.0,1300000.0,44918
8076899,1,1,1,10,2024,1,66,3.0,1500000.0,44925
8076900,1,3,1,10,2024,1,34,5.0,1300000.0,44930
8076900,1,4,1,10,2024,1,15,3.0,,44931
8076901,1,2,1,10,2024,2,48,3.0,,44933
8076901,1,3,1,10,2024,1,27,5.0,,44934
8076902,1,1,1,10,2024,1,59,3.0,1000000.0,44936
8076905,1,1,1,10,2024,1,49,4.0,1400000.0,44940
8076906,1,1,1,10,2024,2,38,5.0,1200000.0,44941
8076907,1,2,1,10,2024,2,58,4.0,,44943
8076908,1,3,1,10,2024,2,12,4.0,,44946
8076908,1,4,1,10,2024,1,7,3.0,,44947
8076909,1,2,1,10,2024,2,33,5.0,,44949
8076909,1,4,1,10,2024,1,13,4.0,,44951
8076911,1,1,1,10,2024,1,64,3.0,1500000.0,44952
8076911,1,3,1,10,2024,1,14,4.0,,44954
8076917,1,2,1,10,2024,2,47,3.0,,44963
8076918,1,3,1,10,2024,2,4,1.0,,44966
8076919,1,1,1,10,2024,1,22,3.0,1450000.0,44967
8076919,1,2,1,10,2024,2,16,4.0,,44968
8076920,1,1,1,10,2024,1,53,3.0,1900000.0,44969
8076920,1,4,1,10,2024,2,11,4.0,,44972
8076921,1,2,1,10,2024,2,20,3.0,,44974
8076923,1,2,1,10,2024,1,52,3.0,800000.0,44979
8076924,1,1,1,10,2024,2,64,10.0,6000000.0,44980
8076925,1,1,1,10,2024,1,57,3.0,1200000.0,44981
8076929,1,2,1,10,2024,1,12,4.0,,44985
8076930,1,4,1,10,2024,2,19,8.0,,44989
8076931,1,2,1,10,2024,2,44,3.0,,44992
8076932,1,1,1,10,2024,2,36,8.0,1530000.0,44994
8076933,1,1,1,10,2024,1,91,3.0,,44998
8076934,1,1,1,10,2024,1,63,3.0,,45000
8076934,1,5,1,10,2024,2,4,1.0,,45004
8076936,1,3,1,10,2024,1,34,8.0,800000.0,45011
8076937,1,1,1,10,2024,1,73,3.0,,45012
8076937,1,2,1,10,2024,2,69,3.0,,45013
8076941,1,1,1,10,2024,1,67,3.0,,45016
8076943,1,1,1,10,2024,1,60,6.0,2000000.0,45017
8076950,1,2,1,10,2024,1,47,5.0,800000.0,45029
8076950,1,3,1,10,2024,2,10,3.0,,45030
8076955,1,1,1,10,2024,1,38,6.0,800000.0,45035
8076955,1,3,1,10,2024,1,17,10.0,,45037
8076955,1,5,1,10,2024,2,9,3.0,,45039
8076957,1,1,1,10,2024,2,59,4.0,,45043
8076958,1,2,1,10,2024,1,36,5.0,800000.0,45047
8076960,1,1,1,10,2024,2,69,11.0,3600000.0,45049
8076961,1,1,1,10,2024,1,60,3.0,800000.0,45050
8076967,1,2,1,10,2024,2,59,5.0,,45060
8076969,1,2,1,10,2024,2,20,8.0,,45063
8076970,1,6,1,10,2024,2,30,5.0,400000.0,45069
8076972,1,2,1,10,2024,2,12,4.0,,45073
8076973,1,1,1,10,2024,1,24,3.0,700000.0,45074
8076974,1,1,1,10,2024,2,51,3.0,400000.0,45077
8076977,1,1,1,10,2024,1,43,3.0,700000.0,45083
8076977,1,2,1,10,2024,2,33,5.0,400000.0,45084
8076978,1,1,1,10,2024,2,63,4.0,630000.0,45088
8076978,1,2,1,10,2024,1,20,5.0,600000.0,45089
8076980,1,1,1,10,2024,1,57,10.0,200000.0,45092
8076982,1,1,1,10,2024,1,71,3.0,,45097
8076984,1,3,1,10,2024,2,18,10.0,,45103
8076988,1,1,1,10,2024,1,57,10.0,,45108
8076989,1,2,1,10,2024,2,55,3.0,,45111
8076992,1,3,1,10,2024,2,73,3.0,,45119
8077000,1,1,1,10,2024,2,24,4.0,,45128
8077000,1,4,1,10,2024,1,1,,,45131
8077001,1,2,1,10,2024,1,57,3.0,600000.0,45133
8077002,1,2,1,10,2024,2,6,2.0,,45135
8077003,1,1,1,10,2024,2,65,5.0,,45136
8077005,1,1,1,10,2024,2,36,5.0,,45142
8077006,1,2,1,10,2024,1,25,4.0,1000000.0,45146
8077010,1,2,1,10,2024,2,29,8.0,200000.0,45153
8077011,1,3,1,10,2024,1,10,3.0,,45156
8077015,1,1,1,10,2024,1,53,3.0,1600000.0,45163
8077016,1,1,1,10,2024,1,58,3.0,1200000.0,45164
8077016,1,2,1,10,2024,2,51,3.0,,45165
8077016,1,4,1,10,2024,1,16,4.0,,45167
8077017,1,3,1,10,2024,2,18,10.0,,45170
8077017,1,5,1,10,2024,1,14,4.0,,45172
8077018,1,1,1,10,2024,2,54,4.0,400000.0,45173
8077018,1,2,1,10,2024,2,17,5.0,,45174
8077018,1,4,1,10,2024,1,9,3.0,,45176
8077021,1,3,1,10,2024,2,15,5.0,,45182
8077022,1,1,1,10,2024,2,29,8.0,600000.0,45184
8077023,1,1,1,10,2024,2,38,5.0,,45186
8077023,1,4,1,10,2024,1,4,1.0,,45189
8077024,1,1,1,10,2024,1,56,3.0,1300000.0,45191
8077025,1,1,1,10,2024,1,68,5.0,600000.0,45193
8077026,1,2,1,10,2024,2,67,10.0,,45196
8077028,1,2,1,10,2024,2,23,8.0,,45200
8077029,1,5,1,10,2024,2,19,4.0,160000.0,45207
8077030,1,2,1,10,2024,2,59,3.0,,45210
8077032,1,2,1,10,2024,2,36,5.0,,45212
8077032,1,4,1,10,2024,2,6,3.0,,45214
8077033,1,1,1,10,2024,1,54,3.0,700000.0,45215
8077035,1,1,1,10,2024,1,41,3.0,1000000.0,45223
8077036,1,1,1,10,2024,1,40,4.0,1300000.0,45226
8077036,1,3,1,10,2024,2,16,5.0,,45228
8077037,1,1,1,10,2024,2,39,3.0,400000.0,45230
8077038,1,1,1,10,2024,1,53,3.0,700000.0,45233
8077038,1,2,1,10,2024,2,53,5.0,,45234
8077041,1,1,1,10,2024,1,37,3.0,650000.0,45240
8077041,1,2,1,10,2024,2,30,4.0,,45241
8077041,1,3,1,10,2024,2,14,4.0,,45242
8077042,1,2,1,10,2024,1,33,5.0,600000.0,45245
8077044,1,2,1,10,2024,2,63,1.0,,45251
8077045,1,1,1,10,2024,1,79,3.0,,45257
8077045,1,3,1,10,2024,1,43,3.0,1200000.0,45259
8077045,1,4,1,10,2024,2,42,5.0,300000.0,45260
8077045,1,5,1,10,2024,2,21,5.0,,45261
8077045,1,6,1,10,2024,1,14,4.0,,45262
8077046,1,1,1,10,2024,2,84,3.0,,45263
8077047,1,1,1,10,2024,2,79,3.0,,45264
8077048,1,1,1,10,2024,1,42,5.0,,45265
8077048,1,5,1,10,2024,2,55,3.0,,45269
8077050,1,1,1,10,2024,1,72,3.0,,45271
8077051,1,5,1,10,2024,1,13,4.0,,45277
8077056,1,1,1,10,2024,1,62,3.0,1300000.0,45283
8077056,1,2,1,10,2024,2,57,3.0,,45284
8077056,1,5,1,10,2024,1,1,,,45287
8077057,1,2,1,10,2024,1,14,4.0,,45289
8077058,1,1,1,10,2024,2,72,3.0,,45290
8077059,1,3,1,10,2024,2,5,2.0,,45294
8077060,1,1,1,10,2024,1,48,3.0,700000.0,45295
8077060,1,4,1,10,2024,1,6,3.0,,45298
8077061,1,2,1,10,2024,2,39,3.0,400000.0,45300
8077062,1,2,1,10,2024,1,14,3.0,,45303
8077062,1,4,1,10,2024,2,0,,,45305
8077062,1,5,1,10,2024,2,21,4.0,,45306
8077063,1,2,1,10,2024,1,31,5.0,1300000.0,45309
8077063,1,3,1,10,2024,2,12,4.0,,45310
8077064,1,1,1,10,2024,1,22,3.0,800000.0,45313
8077065,1,2,1,10,2024,2,59,3.0,,45317
8077066,1,2,1,10,2024,2,58,5.0,,45319
8077068,1,2,1,10,2024,2,59,5.0,,45323
8077071,1,2,1,10,2024,2,42,3.0,,45331
8077072,1,1,1,10,2024,1,68,3.0,,45334
8077072,1,2,1,10,2024,2,64,3.0,,45335
8077073,1,3,1,10,2024,2,22,9.0,,45338
8077075,1,2,1,10,2024,1,55,4.0,1000000.0,45346
8077075,1,3,1,10,2024,2,16,5.0,,45347
8077075,1,6,1,10,2024,1,8,3.0,,45350
8077076,1,3,1,10,2024,2,18,8.0,,45354
8077077,1,2,1,10,2024,2,62,3.0,400000.0,45357
8077078,1,1,1,10,2024,1,89,3.0,1300000.0,45358
8077078,1,3,1,10,2024,2,55,5.0,,45360
8077079,1,4,1,10,2024,2,14,4.0,,45365
8077081,1,2,1,10,2024,1,21,4.0,,45370
8077081,1,3,1,10,2024,1,11,4.0,,45371
8077082,1,3,1,10,2024,1,26,10.0,800000.0,45374
8077083,1,2,1,10,2024,2,23,10.0,2000000.0,45378
8077084,1,1,1,10,2024,1,33,8.0,800000.0,45379
8077085,1,1,1,10,2024,1,40,5.0,1800000.0,45383
8077085,1,4,1,10,2024,2,8,3.0,,45386
8077087,1,2,1,10,2024,2,40,5.0,500000.0,45391
8077089,1,1,1,10,2024,1,32,3.0,1390000.0,45397
8077089,1,5,1,10,2024,1,3,1.0,,45401
8077090,1,2,1,10,2024,1,71,3.0,,45403
8077091,1,2,1,10,2024,2,30,5.0,,45405
8077093,1,2,1,10,2024,2,27,1.0,,45410
8077095,1,1,1,10,2024,1,54,3.0,750000.0,45415
8077096,1,4,1,10,2024,2,17,5.0,,45420
8077099,1,1,1,10,2024,2,56,3.0,,45429
8077100,1,2,1,10,2024,1,28,8.0,1800000.0,45432
8077102,1,2,1,10,2024,2,18,8.0,,45439
8077109,1,3,1,10,2024,2,12,4.0,,45454
8077111,1,2,1,10,2024,2,28,5.0,,45458
8077111,1,4,1,10,2024,1,3,2.0,,45460
8077113,1,1,1,10,2024,2,38,3.0,200000.0,45464
8077113,1,2,1,10,2024,2,12,4.0,,45465
8077113,2,1,2,10,2024,1,22,5.0,400000.0,45466
8077113,2,2,2,10,2024,2,23,8.0,950000.0,45467
8077115,1,1,1,10,2024,2,71,1.0,,45470
8077116,1,3,1,10,2024,1,48,4.0,400000.0,45476
8077117,1,1,1,10,2024,1,64,3.0,900000.0,45477
8077117,1,3,1,10,2024,1,41,4.0,500000.0,45479
8077118,1,1,1,10,2024,1,55,9.0,250000.0,45480
8077119,1,3,1,10,2024,1,17,9.0,,45486
8077119,1,4,1,10,2024,2,6,3.0,,45487
8077120,1,1,1,10,2024,1,72,3.0,,45488
8077120,1,2,1,10,2024,2,71,3.0,,45489
8077122,1,1,1,10,2024,1,79,3.0,408000.0,45492
8077124,1,1,1,10,2024,1,47,3.0,300000.0,45500
8077124,1,4,1,10,2024,2,11,1.0,,45503
8077124,1,5,1,10,2024,2,2,,,45504
8077126,1,3,1,10,2024,2,11,4.0,,45509
8077128,1,2,1,10,2024,2,23,5.0,500000.0,45514
8077128,1,3,1,10,2024,2,53,5.0,,45515
8077132,1,2,1,10,2024,2,8,3.0,,45518
8077132,1,3,1,10,2024,1,7,3.0,,45519
8077133,1,3,1,10,2024,1,27,5.0,400000.0,45523
8077135,1,1,1,10,2024,1,29,5.0,1800000.0,45526
8077138,1,1,1,10,2024,1,74,4.0,,45538
8077140,1,1,1,10,2024,2,41,8.0,900000.0,45542
8077141,1,1,1,10,2024,1,65,3.0,800000.0,45544
8077141,1,3,1,10,2024,1,16,4.0,400000.0,45546
8077141,1,5,1,10,2024,1,5,3.0,,45548
8077141,1,6,1,10,2024,1,33,5.0,900000.0,45549
8077142,1,1,1,10,2024,1,82,3.0,,45550
8077144,1,1,1,10,2024,2,28,10.0,,45555
8077144,1,2,1,10,2024,2,4,1.0,,45556
8077145,1,2,1,10,2024,2,12,4.0,,45559
8077146,1,1,1,10,2024,2,42,3.0,,45561
8077147,1,2,1,10,2024,1,12,4.0,,45564
8077148,1,1,1,10,2024,1,29,5.0,1000000.0,45565
8077149,1,2,1,10,2024,2,37,5.0,,45567
8077150,1,4,1,10,2024,1,18,4.0,500000.0,45573
8077152,1,2,1,10,2024,1,40,3.0,2000000.0,45575
8077152,1,5,1,10,2024,1,4,1.0,,45578
8077153,1,2,1,10,2024,1,32,4.0,1000000.0,45580
8077154,1,1,1,10,2024,2,67,3.0,,45581
8077155,1,2,1,10,2024,2,34,3.0,400000.0,45583
8077155,1,3,1,10,2024,2,15,5.0,400000.0,45584
8077156,1,2,1,10,2024,2,45,3.0,,45587
8077156,1,4,1,10,2024,1,15,4.0,,45589
8077157,1,1,1,10,2024,2,60,11.0,3800000.0,45591
8077158,1,1,1,10,2024,1,47,3.0,800000.0,45593
8077158,1,2,1,10,2024,2,41,3.0,,45594
8077159,1,2,1,10,2024,2,54,8.0,,45597
8077160,1,6,1,10,2024,1,5,2.0,,45603
8077161,1,1,1,10,2024,1,81,3.0,650000.0,45604
8077161,1,2,1,10,2024,2,70,3.0,,45605
8077164,1,1,1,10,2024,2,30,5.0,,45608
8077164,1,2,1,10,2024,1,53,3.0,400000.0,45609
8077164,1,4,1,10,2024,2,22,10.0,,45611
8077165,1,2,1,10,2024,2,24,5.0,,45613
8077167,1,1,1,10,2024,2,32,3.0,600000.0,45620
8077168,1,2,1,10,2024,2,14,4.0,,45625
8077168,1,3,1,10,2024,1,9,3.0,,45626
8077169,1,3,1,10,2024,2,14,4.0,,45629
8077170,1,1,1,10,2024,1,30,4.0,1440000.0,45631
8077171,1,2,1,10,2024,1,57,3.0,800000.0,45634
8077172,1,1,1,10,2024,2,42,3.0,,45635
8077172,1,3,1,10,2024,1,16,5.0,400000.0,45637
8077172,1,5,1,10,2024,2,1,,,45639
8077173,1,1,1,10,2024,1,81,3.0,600000.0,45641
8077174,1,1,1,10,2024,1,43,3.0,1232000.0,45642
8077175,1,2,1,10,2024,2,69,3.0,,45646
8077176,1,5,1,10,2024,2,14,4.0,,45652
8077177,1,1,1,10,2024,2,33,5.0,,45653
8077177,1,2,1,10,2024,1,36,8.0,857000.0,45654
8077179,1,1,1,10,2024,2,53,3.0,,45658
8077181,1,2,1,10,2024,2,5,2.0,,45664
8077182,1,1,1,10,2024,1,61,3.0,1400000.0,45665
8077182,1,5,1,10,2024,1,0,,,45669
8077184,1,1,1,10,2024,2,59,11.0,6000000.0,45672
8077184,1,2,1,10,2024,2,85,4.0,,45673
8077185,1,2,1,10,2024,2,54,11.0,,45675
8077186,1,1,1,10,2024,2,78,3.0,,45676
8077188,1,1,1,10,2024,2,71,10.0,,45678
8077188,1,2,1,10,2024,1,16,5.0,,45679
8077190,1,1,1,10,2024,2,62,5.0,1700000.0,45680
8077190,1,2,1,10,2024,1,30,5.0,1200000.0,45681
8077191,1,1,1,10,2024,2,33,4.0,600000.0,45683
8077192,1,2,1,10,2024,2,46,5.0,,45689
8077196,1,2,1,10,2024,1,17,5.0,,45699
8077198,1,4,1,10,2024,2,21,5.0,700000.0,45705
8077201,1,3,1,10,2024,1,19,5.0,,45711
8077206,1,1,1,10,2024,2,49,4.0,1200000.0,45718
8077206,1,2,1,10,2024,1,35,5.0,1200000.0,45719
8077208,1,1,1,10,2024,1,80,3.0,2500000.0,45725
8077208,1,2,1,10,2024,2,80,7.0,,45726
8077210,1,1,1,10,2024,2,60,4.0,,45730
8077210,1,3,1,10,2024,2,30,9.0,,45732
8077211,1,2,1,10,2024,2,33,3.0,300000.0,45734
8077211,1,3,1,10,2024,1,16,4.0,400000.0,45735
8077213,1,1,1,10,2024,1,57,3.0,1120000.0,45741
8077223,1,1,1,10,2024,2,62,3.0,1400000.0,45758
8077227,1,1,1,10,2024,1,71,3.0,1000000.0,45769
8077228,1,1,1,10,2024,1,45,8.0,3000000.0,45770
8077228,1,2,1,10,2024,1,16,5.0,,45771
8077229,1,2,1,10,2024,2,52,3.0,,45775
8077230,1,2,1,10,2024,2,20,3.0,,45778
8077230,1,3,1,10,2024,1,15,3.0,320000.0,45779
8077230,1,4,1,10,2024,1,13,4.0,,45780
8077230,1,6,1,10,2024,1,4,1.0,,45782
8077231,1,2,1,10,2024,1,10,3.0,,45785
8077233,1,1,1,10,2024,1,52,4.0,1300000.0,45787
8077234,1,2,1,10,2024,2,14,5.0,,45789
8077234,1,3,1,10,2024,1,4,1.0,,45790
8077236,1,2,1,10,2024,2,21,5.0,,45795
8077236,1,3,1,10,2024,2,0,,,45796
8077237,1,2,1,10,2024,2,12,4.0,,45798
8077238,1,4,1,10,2024,1,9,3.0,,45803
8077238,1,5,1,10,2024,1,3,1.0,,45804
8077239,1,1,1,10,2024,1,57,3.0,600000.0,45805
8077240,1,2,1,10,2024,2,20,5.0,,45807
8077241,1,1,1,10,2024,1,58,3.0,1000000.0,45809
8077242,1,2,1,10,2024,1,29,5.0,2500000.0,45817
8077242,1,3,1,10,2024,1,15,5.0,,45818
8077243,1,3,1,10,2024,2,8,3.0,,45822
8077243,1,4,1,10,2024,2,7,3.0,,45823
8077250,1,1,1,10,2024,1,35,6.0,700000.0,45837
8077250,1,2,1,10,2024,2,30,5.0,,45838
8077250,1,4,1,10,2024,2,1,,,45840
8077251,1,1,1,10,2024,1,44,5.0,2500000.0,45841
8077251,1,2,1,10,2024,2,44,5.0,800000.0,45842
8077252,1,1,1,10,2024,1,78,1.0,200000.0,45844
8077252,1,2,1,10,2024,2,69,3.0,,45845
8077253,1,2,1,10,2024,1,50,5.0,1200000.0,45847
8077254,1,1,1,10,2024,2,60,3.0,,45851
8077254,1,2,1,10,2024,2,34,5.0,1300000.0,45852
8077255,1,3,1,10,2024,1,2,,,45856
8077258,1,2,1,10,2024,2,80,3.0,,45863
8077259,1,2,1,10,2024,1,45,4.0,575000.0,45865
8077259,1,4,1,10,2024,2,4,2.0,,45867
8077260,1,1,1,10,2024,1,56,5.0,2000000.0,45868
8077261,1,2,1,10,2024,1,57,1.0,300000.0,45872
8077263,1,2,1,10,2024,1,66,3.0,933000.0,45877
8077267,1,1,1,10,2024,1,45,4.0,1084000.0,45885
8077275,1,1,1,10,2024,1,59,1.0,900000.0,45906
8077276,1,1,1,10,2024,1,52,11.0,7500000.0,45907
8077280,1,1,1,10,2024,1,32,12.0,3000000.0,45913
8077283,1,1,1,10,2024,2,48,8.0,2000000.0,45918
8077285,1,1,1,10,2024,1,34,5.0,1400000.0,45922
8077287,1,1,1,10,2024,2,34,8.0,1300000.0,45926
8077288,1,3,1,10,2024,1,0,,,45929
8077296,1,1,1,10,2024,1,61,3.0,1500000.0,45935
8077296,1,5,1,10,2024,1,1,,,45939
8077297,1,1,1,10,2024,1,79,3.0,900000.0,45940
8077300,1,2,1,10,2024,1,14,4.0,,45944
8077300,1,3,1,10,2024,1,79,3.0,,45945
8077301,1,1,1,10,2024,1,73,1.0,250000.0,45946
8077302,1,2,1,10,2024,2,48,5.0,1300000.0,45948
8077303,1,1,1,10,2024,1,57,3.0,1300000.0,45949
8077305,1,1,1,10,2024,1,28,4.0,1500000.0,45952
8077307,1,1,1,10,2024,1,77,3.0,,45953
8077308,1,2,1,10,2024,2,74,3.0,,45955
8077309,1,2,1,10,2024,2,1,,,45957
8077313,1,4,1,10,2024,1,6,2.0,,45967
8077314,1,1,1,10,2024,1,37,3.0,1000000.0,45968
8077314,1,4,1,10,2024,2,11,4.0,,45971
8077315,1,5,1,10,2024,2,17,5.0,,45976
8077318,1,1,1,10,2024,1,37,3.0,1900000.0,45981
8077320,1,1,1,10,2024,2,63,3.0,1600000.0,45985
8077322,1,2,1,10,2024,2,70,1.0,,45987
8077323,1,2,1,10,2024,2,61,5.0,,45989
8077324,1,1,1,10,2024,1,49,5.0,3180000.0,45990
8077326,1,2,1,10,2024,1,38,3.0,3700000.0,45992
8077329,1,1,1,10,2024,2,67,3.0,,45999
8077332,1,2,1,10,2024,1,30,4.0,1300000.0,46006
8077334,1,1,1,10,2024,2,23,4.0,,46011
8077334,1,3,1,10,2024,1,0,,,46013
8077337,1,3,1,10,2024,1,9,3.0,,46021
8077339,1,2,1,10,2024,1,38,8.0,1300000.0,46026
8077339,1,3,1,10,2024,2,35,8.0,,46027
8077339,1,4,1,10,2024,1,25,5.0,1300000.0,46028
8077339,1,5,1,10,2024,2,33,8.0,1300000.0,46029
8077341,1,2,1,10,2024,2,13,4.0,,46034
8077342,1,2,1,10,2024,1,16,5.0,600000.0,46036
8077342,1,3,1,10,2024,2,14,4.0,,46037
8077342,1,4,1,10,2024,1,7,3.0,,46038
8077343,1,3,1,10,2024,2,14,4.0,,46041
8077344,1,1,1,10,2024,1,29,5.0,1300000.0,46043
8077344,1,2,1,10,2024,2,27,5.0,200000.0,46044
8077344,1,3,1,10,2024,2,10,3.0,,46045
8077344,1,4,1,10,2024,1,4,1.0,,46046
8077346,1,3,1,10,2024,1,5,2.0,,46051
8077347,1,4,1,10,2024,1,9,3.0,,46056
8077349,1,2,1,10,2024,2,15,4.0,,46059
8077349,1,3,1,10,2024,1,53,3.0,1300000.0,46060
8077351,1,1,1,10,2024,1,23,9.0,600000.0,46062
8077354,1,3,1,10,2024,2,7,3.0,,46072
8077355,1,1,1,10,2024,2,74,3.0,,46074
8077356,1,1,1,10,2024,1,66,4.0,700000.0,46075
8077357,1,2,1,10,2024,2,32,5.0,300000.0,46078
8077357,1,4,1,10,2024,1,1,,,46080
8077360,1,2,1,10,2024,1,64,1.0,,46086
8077362,1,2,1,10,2024,1,42,5.0,1400000.0,46088
8077366,1,1,1,10,2024,2,33,11.0,5700000.0,46093
8077368,1,1,1,10,2024,2,24,10.0,1300000.0,46096
8077370,1,1,1,10,2024,1,87,3.0,,46099
8077371,1,2,1,10,2024,1,53,3.0,1300000.0,46101
8077371,1,3,1,10,2024,2,10,3.0,,46102
8077372,1,1,1,10,2024,1,69,4.0,,46105
8077372,1,2,1,10,2024,1,41,3.0,1300000.0,46106
8077373,1,2,1,10,2024,1,40,4.0,950000.0,46108
8077374,1,1,1,10,2024,2,39,3.0,600000.0,46109
8077374,1,3,1,10,2024,2,4,1.0,,46111
8077375,1,2,1,10,2024,2,26,4.0,,46113
8077376,1,3,1,10,2024,2,23,8.0,1300000.0,46117
8077377,1,5,1,10,2024,1,84,3.0,,46122
8077378,1,1,1,10,2024,1,28,6.0,4200000.0,46123
8077379,1,2,1,10,2024,2,67,3.0,,46127
8077380,1,1,1,10,2024,1,45,1.0,1300000.0,46128
8077381,1,1,1,10,2024,2,70,1.0,,46130
8077382,1,2,1,10,2024,2,34,8.0,,46132
8077387,1,1,1,10,2024,1,46,5.0,1300000.0,46141
8077387,1,3,1,10,2024,2,15,5.0,,46143
8077390,1,3,1,10,2024,1,2,,,46149
8077394,1,2,1,10,2024,2,72,5.0,200000.0,46156
8077396,1,1,1,10,2024,2,44,5.0,1200000.0,46159
8077398,1,2,1,10,2024,2,36,5.0,1600000.0,46164
8077400,1,1,1,10,2024,1,30,5.0,3840000.0,46170
8077400,1,3,1,10,2024,2,11,4.0,,46172
8077401,1,1,1,10,2024,1,63,3.0,800000.0,46174
8077402,1,3,1,10,2024,2,39,5.0,,46177
8077404,1,1,1,10,2024,1,77,10.0,,46179
8077404,1,2,1,10,2024,2,80,10.0,,46180
8077404,1,3,1,10,2024,2,49,10.0,2400000.0,46181
8077404,1,5,1,10,2024,1,46,8.0,1300000.0,46183
8077405,1,2,1,10,2024,1,56,3.0,1300000.0,46185
8077407,1,1,1,10,2024,2,20,4.0,1100000.0,46187
8077407,1,3,1,10,2024,1,1,,,46189
8077408,1,1,1,10,2024,1,31,5.0,1200000.0,46190
8077410,1,1,1,10,2024,2,73,1.0,,46195
8077411,1,1,1,10,2024,2,33,10.0,2300000.0,46196
8077412,1,2,1,10,2024,2,73,3.0,,46199
8077415,1,2,1,10,2024,1,25,4.0,1300000.0,46203
8077415,1,4,1,10,2024,2,43,3.0,500000.0,46205
8077417,1,1,1,10,2024,2,29,5.0,,46209
8077417,1,2,1,10,2024,2,9,3.0,,46210
8077419,1,1,1,10,2024,2,62,5.0,,46212
8077420,1,1,1,10,2024,2,41,10.0,,46215
8077422,1,1,1,10,2024,2,60,3.0,200000.0,46220
8077426,1,1,1,10,2024,1,76,3.0,,46227
8077431,1,1,1,10,2024,2,67,3.0,600000.0,46235
8077434,1,2,1,10,2024,1,17,4.0,1200000.0,46240
8077435,1,1,1,10,2024,1,77,1.0,,46242
8077435,1,2,1,10,2024,2,80,1.0,,46243
8077436,1,1,1,10,2024,2,34,9.0,,46244
8077436,1,2,1,10,2024,2,12,4.0,,46245
8077438,1,3,1,10,2024,2,60,5.0,,46251
8077440,1,1,1,10,2024,1,44,5.0,,46253
8077441,1,2,1,10,2024,1,16,5.0,,46256
8077442,1,1,1,10,2024,1,33,5.0,1500000.0,46258
8077446,1,2,1,10,2024,2,63,3.0,,46264
8077446,1,4,1,10,2024,2,13,4.0,,46266
8077447,1,1,1,10,2024,2,55,3.0,700000.0,46267
8077449,1,2,1,10,2024,2,32,5.0,,46269
8077452,1,4,1,10,2024,1,2,,,46277
8077453,1,3,1,10,2024,2,11,3.0,,46280
8077454,1,1,1,10,2024,1,42,10.0,6000000.0,46281
8077458,1,2,1,10,2024,2,40,3.0,1650000.0,46291
8077458,1,4,1,10,2024,1,15,4.0,,46293
8077464,1,1,1,10,2024,2,41,4.0,,46298
8077465,1,1,1,10,2024,2,36,3.0,600000.0,46300
8077465,1,5,1,10,2024,2,1,,,46304
8077466,1,2,1,10,2024,2,9,3.0,,46306
8077467,1,1,1,10,2024,2,74,10.0,,46307
8077470,1,3,1,10,2024,1,10,3.0,,46310
8077472,1,2,1,10,2024,1,45,5.0,1500000.0,46315
8077472,1,4,1,10,2024,2,11,3.0,,46317
8077475,1,1,1,10,2024,2,38,3.0,700000.0,46323
8077476,1,1,1,10,2024,1,34,5.0,1300000.0,46324
8077476,1,3,1,10,2024,2,6,2.0,,46326
8077477,1,3,1,10,2024,2,14,4.0,,46329
8077478,1,2,1,10,2024,1,15,5.0,,46332
8077480,1,4,1,10,2024,2,16,5.0,,46337
8077483,1,3,1,10,2024,2,8,3.0,,46341
8077483,1,4,1,10,2024,1,8,3.0,,46342
8077490,1,2,1,10,2024,1,9,3.0,,46346
8077504,1,1,1,10,2024,1,31,5.0,1800000.0,46347
8077504,1,2,1,10,2024,2,27,5.0,500000.0,46348
8077504,1,3,1,10,2024,1,1,,,46349
8077506,1,3,1,10,2024,2,14,4.0,,46353
8077507,1,1,1,10,2024,2,55,3.0,1000000.0,46354
8077507,1,2,1,10,2024,2,16,5.0,,46355
8077508,1,1,1,10,2024,2,29,10.0,,46357
8077508,1,3,1,10,2024,1,1,,,46359
8077511,1,1,1,10,2024,1,66,3.0,1000000.0,46363
8077511,1,2,1,10,2024,2,62,3.0,250000.0,46364
8077512,1,1,1,10,2024,2,27,6.0,600000.0,46365
8077512,1,3,1,10,2024,2,5,1.0,,46367
8077513,1,2,1,10,2024,2,46,5.0,,46369
8077515,1,2,1,10,2024,2,46,5.0,,46373
8077516,1,2,1,10,2024,2,50,5.0,,46375
8077516,1,3,1,10,2024,1,21,5.0,1300000.0,46376
8077517,1,3,1,10,2024,2,12,3.0,,46380
8077518,1,2,1,10,2024,1,66,3.0,530000.0,46382
8077519,1,2,1,10,2024,2,26,4.0,,46384
8077520,1,2,1,10,2024,2,52,3.0,,46387
8077521,1,3,1,10,2024,1,17,4.0,900000.0,46390
8077522,1,1,1,10,2024,2,35,3.0,1400000.0,46391
8077524,1,2,1,10,2024,1,47,3.0,1450000.0,46398
8077527,1,1,1,10,2024,2,65,3.0,,46403
8077529,1,1,1,10,2024,1,54,3.0,0.0,46406
8077531,1,1,1,10,2024,1,61,1.0,600000.0,46409
8077532,1,3,1,10,2024,2,0,,,46412
8077533,1,1,1,10,2024,2,72,3.0,,46413
8077534,1,1,1,10,2024,1,65,3.0,0.0,46416
8077535,1,2,1,10,2024,2,29,5.0,400000.0,46418
8077535,1,3,1,10,2024,2,3,1.0,,46419
8077536,1,1,1,10,2024,1,57,3.0,1000000.0,46421
8077536,1,2,1,10,2024,2,49,3.0,,46422
8077536,1,3,1,10,2024,1,31,8.0,1300000.0,46423
8077537,1,1,1,10,2024,2,50,4.0,1700000.0,46424
8077538,1,2,1,10,2024,2,47,4.0,,46427
8077539,1,1,1,10,2024,1,56,3.0,250000.0,46428
8077541,1,2,1,10,2024,2,16,4.0,,46431
8077542,1,2,1,10,2024,2,26,4.0,,46433
8077543,1,1,1,10,2024,1,62,3.0,1000000.0,46437
8077545,1,1,1,10,2024,2,38,5.0,,46439
8077546,1,1,1,10,2024,1,59,3.0,1200000.0,46443
8077546,1,3,1,10,2024,1,10,4.0,,46445
8077549,1,1,1,10,2024,1,54,5.0,0.0,46449
8077552,1,1,1,10,2024,1,49,3.0,1600000.0,46453
8077553,1,3,1,10,2024,1,9,3.0,,46456
8077556,1,3,1,10,2024,2,17,5.0,,46467
8077556,1,4,1,10,2024,1,8,3.0,,46468
8077558,1,1,1,10,2024,1,73,1.0,441600.0,46470
8077558,1,2,1,10,2024,2,64,1.0,,46471
8077560,1,1,1,10,2024,1,53,3.0,1600000.0,46474
8077560,1,3,1,10,2024,1,4,1.0,,46476
8077561,1,2,1,10,2024,2,21,4.0,,46478
8077561,1,4,1,10,2024,1,0,,,46480
8077562,1,1,1,10,2024,1,34,3.0,1500000.0,46481
8077562,1,4,1,10,2024,1,7,3.0,,46484
8077564,1,1,1,10,2024,1,43,4.0,800000.0,46489
8077565,1,2,1,10,2024,2,33,5.0,,46492
8077565,1,3,1,10,2024,2,11,3.0,,46493
8077566,1,1,1,10,2024,1,28,4.0,800000.0,46496
8077566,1,3,1,10,2024,1,5,2.0,,46498
8077566,1,5,1,10,2024,1,0,,,46500
8077567,1,2,1,10,2024,2,65,8.0,,46502
8077569,1,2,1,10,2024,2,47,3.0,,46505
8077571,1,3,1,10,2024,1,22,8.0,1300000.0,46514
8077572,1,1,1,10,2024,1,57,9.0,13000000.0,46516
8077576,1,1,1,10,2024,2,92,3.0,,46525
8077578,1,2,1,10,2024,2,44,3.0,,46528
8077580,1,2,1,10,2024,1,35,5.0,1000000.0,46532
8077581,1,3,1,10,2024,1,30,10.0,2300000.0,46535
8077581,1,5,1,10,2024,2,5,2.0,,46537
8077582,1,2,1,10,2024,2,62,3.0,,46539
8077583,1,2,1,10,2024,1,58,5.0,2450000.0,46541
8077590,1,1,1,10,2024,1,83,3.0,,46548
8077591,1,2,1,10,2024,1,23,5.0,700000.0,46552
8077591,1,5,1,10,2024,1,0,,,46555
8077597,1,2,1,10,2024,1,59,5.0,1800000.0,46563
8077598,1,3,1,10,2024,1,12,4.0,,46566
8077598,1,4,1,10,2024,1,8,3.0,,46567
8077599,1,1,1,10,2024,2,60,5.0,600000.0,46569
8077600,1,1,1,10,2024,2,64,3.0,,46570
8077602,1,1,1,10,2024,2,67,3.0,,46577
8077604,1,1,1,10,2024,1,35,8.0,4000000.0,46580
8077604,1,2,1,10,2024,2,35,5.0,1200000.0,46581
8077605,1,1,1,10,2024,2,24,6.0,688000.0,46583
8077606,1,2,1,10,2024,1,66,3.0,360000.0,46586
8077610,1,1,1,10,2024,1,62,5.0,1600000.0,46590
8077614,1,1,1,10,2024,1,41,3.0,1300000.0,46595
8077618,1,1,1,10,2024,2,60,6.0,,46598
8077619,1,2,1,10,2024,1,49,3.0,3000000.0,46604
8077620,1,3,1,10,2024,2,16,6.0,,46608
8077622,1,1,1,10,2024,1,67,1.0,,46610
8077623,1,1,1,10,2024,1,56,3.0,1200000.0,46612
8077624,1,1,1,10,2024,1,63,3.0,3711000.0,46616
8077624,1,2,1,10,2024,2,44,5.0,790000.0,46617
8077625,1,2,1,10,2024,2,54,3.0,,46621
8077628,1,1,1,10,2024,1,71,5.0,,46626
8077632,1,2,1,10,2024,2,57,3.0,100000.0,46630
8077637,1,2,1,10,2024,1,18,4.0,1000000.0,46637
8077638,1,2,1,10,2024,1,17,5.0,600000.0,46640
8077639,1,2,1,10,2024,2,36,5.0,1100000.0,46642
8077639,1,3,1,10,2024,1,13,4.0,,46643
8077640,1,1,1,10,2024,1,35,5.0,5400000.0,46644
8077642,1,2,1,10,2024,1,29,4.0,1600000.0,46649
8077646,1,1,1,10,2024,1,63,3.0,800000.0,46656
8077646,1,2,1,10,2024,2,61,1.0,,46657
8077651,1,1,1,10,2024,1,79,1.0,700000.0,46663
8077652,1,1,1,10,2024,1,79,3.0,,46664
8077655,1,1,1,10,2024,1,69,5.0,1200000.0,46666
8077656,1,1,1,10,2024,1,53,4.0,1300000.0,46667
8077656,1,2,1,10,2024,2,51,3.0,,46668
8077658,1,1,1,10,2024,1,51,8.0,200000.0,46670
8077659,1,2,1,10,2024,2,6,3.0,,46672
8077660,1,4,1,10,2024,2,13,4.0,,46676
8077661,1,1,1,10,2024,1,29,3.0,,46678
8077663,1,1,1,10,2024,1,42,5.0,1300000.0,46681
8077665,1,1,1,10,2024,2,85,1.0,,46687
8077665,1,4,1,10,2024,1,28,5.0,1300000.0,46690
8077667,1,1,1,10,2024,2,61,3.0,,46694
8077667,1,2,1,10,2024,2,30,6.0,1500000.0,46695
8077668,1,3,1,10,2024,2,85,3.0,,46700
8077671,1,1,1,10,2024,1,76,3.0,,46704
8077671,1,3,1,10,2024,1,46,10.0,4000000.0,46706
8077673,1,2,1,10,2024,2,62,4.0,,46710
8077673,1,3,1,10,2024,1,41,5.0,1300000.0,46711
8077675,1,1,1,10,2024,1,72,3.0,,46715
8077676,1,3,1,10,2024,2,66,3.0,700000.0,46719
8077676,1,4,1,10,2024,1,25,10.0,,46720
8077677,1,2,1,10,2024,2,74,4.0,,46722
8077678,1,2,1,10,2024,2,58,6.0,,46724
8077678,1,4,1,10,2024,2,17,6.0,,46726
8077678,1,7,1,10,2024,2,86,1.0,,46729
8077680,1,1,1,10,2024,2,54,4.0,1150000.0,46732
8077680,1,6,1,10,2024,2,7,3.0,,46737
8077682,1,2,1,10,2024,1,68,3.0,,46742
8077683,1,1,1,10,2024,1,44,5.0,,46743
8077683,1,2,1,10,2024,2,47,5.0,,46744
8077683,1,3,1,10,2024,1,11,4.0,,46745
8077687,1,1,1,10,2024,2,60,5.0,1300000.0,46747
8077689,1,3,1,10,2024,2,8,3.0,,46751
8077691,1,1,1,10,2024,2,65,6.0,,46752
8077692,1,1,1,10,2024,1,50,5.0,987500.0,46754
8077698,1,3,1,10,2024,1,9,3.0,,46766
8077699,1,2,1,10,2024,2,43,10.0,,46769
8077699,1,4,1,10,2024,1,88,3.0,,46771
8077702,1,2,1,10,2024,2,50,5.0,,46775
8077703,1,2,1,10,2024,1,28,5.0,630000.0,46777
8077704,1,1,1,10,2024,2,57,3.0,,46778
8077706,1,4,1,10,2024,2,17,5.0,,46784
8077707,1,2,1,10,2024,2,7,3.0,,46787
8077710,1,2,1,10,2024,2,32,5.0,,46792
8077714,1,1,1,10,2024,1,60,5.0,1300000.0,46795
8077714,1,2,1,10,2024,1,33,5.0,1000000.0,46796
8077719,1,1,1,10,2024,2,62,3.0,,46798
8077721,1,2,1,10,2024,1,40,5.0,2500000.0,46808
8077722,1,2,1,10,2024,1,33,4.0,2200000.0,46812
8077722,1,5,1,10,2024,2,9,3.0,,46815
8077723,1,3,1,10,2024,1,6,3.0,,46818
8077723,1,4,1,10,2024,1,1,,,46819
8077725,1,1,1,10,2024,1,65,3.0,750000.0,46822
8077725,1,4,1,10,2024,1,6,2.0,,46825
8077726,1,2,1,10,2024,2,63,4.0,,46827
8077727,1,1,1,10,2024,1,30,5.0,360000.0,46830
8077728,1,1,1,10,2024,2,33,5.0,1300000.0,46831
8077728,1,2,1,10,2024,1,35,5.0,1300000.0,46832
8077731,1,1,1,10,2024,2,55,3.0,,46838
8077731,1,4,1,10,2024,1,16,4.0,,46841
8077731,1,5,1,10,2024,1,15,4.0,,46842
8077732,1,1,1,10,2024,2,63,3.0,,46844
8077733,1,4,1,10,2024,2,0,,,46848
8077735,1,1,1,10,2024,2,24,5.0,800000.0,46849
8077737,1,3,1,10,2024,1,23,9.0,700000.0,46855
8077738,1,3,1,10,2024,1,4,2.0,,46858
8077740,1,4,1,10,2024,2,4,2.0,,46862
8077743,1,1,1,10,2024,2,70,5.0,200000.0,46864
8077746,1,2,1,10,2024,2,47,4.0,40000.0,46870
8077747,1,2,1,10,2024,2,18,10.0,,46875
8077748,1,1,1,10,2024,2,70,3.0,400000.0,46876
8077749,1,3,1,10,2024,2,39,6.0,1500000.0,46880
8077751,1,2,1,10,2024,2,64,5.0,200000.0,46882
8077753,1,1,1,10,2024,1,64,10.0,3000000.0,46885
8077754,1,2,1,10,2024,1,33,4.0,1300000.0,46888
8077754,1,6,1,10,2024,1,8,3.0,,46892
8077754,1,7,1,10,2024,2,5,2.0,,46893
8077755,1,1,1,10,2024,2,59,3.0,,46894
8077756,1,1,1,10,2024,1,45,4.0,1300000.0,46897
8077756,1,3,1,10,2024,1,23,10.0,,46899
8077756,1,4,1,10,2024,2,8,3.0,,46900
8077756,1,5,1,10,2024,1,42,6.0,800000.0,46901
8077757,1,2,1,10,2024,2,21,6.0,,46903
8077757,1,3,1,10,2024,1,0,,,46904
8077761,1,1,1,10,2024,1,77,3.0,,46907
8077761,1,3,1,10,2024,2,43,3.0,,46909
8077764,1,5,1,10,2024,2,67,1.0,,46919
8077769,1,1,1,10,2024,2,61,3.0,,46927
8077773,1,1,1,10,2024,2,27,10.0,1600000.0,46930
8077775,1,1,1,10,2024,1,39,5.0,1300000.0,46931
8077775,1,3,1,10,2024,1,12,4.0,,46933
8077779,1,2,1,10,2024,2,23,6.0,1000000.0,46941
8077784,1,1,1,10,2024,1,86,3.0,,46951
8077785,1,3,1,10,2024,2,19,9.0,,46954
8077788,1,1,1,10,2024,1,49,5.0,400000.0,46958
8077790,1,2,1,10,2024,1,70,1.0,,46964
8077791,1,1,1,10,2024,1,55,3.0,6600000.0,46966
8077791,1,2,1,10,2024,2,59,3.0,,46967
8077791,1,4,1,10,2024,2,1,,,46969
8077792,1,1,1,10,2024,1,70,3.0,500000.0,46971
8077794,1,3,1,10,2024,1,14,4.0,,46978
8077796,1,1,1,10,2024,2,64,3.0,600000.0,46984
8077800,1,1,1,10,2024,2,24,8.0,1000000.0,46991
8077801,1,1,1,10,2024,2,63,4.0,,46993
8077803,1,3,1,10,2024,2,4,1.0,,46996
8077808,1,3,1,10,2024,2,20,10.0,,47004
8077808,1,4,1,10,2024,1,3,1.0,,47005
8077808,1,5,1,10,2024,1,3,1.0,,47006
8077812,1,2,1,10,2024,1,23,5.0,1300000.0,47014
8077813,1,1,1,10,2024,2,36,10.0,1300000.0,47015
8077813,1,3,1,10,2024,2,11,4.0,,47017
8077815,1,1,1,10,2024,2,64,4.0,,47020
8077815,1,2,1,10,2024,1,35,5.0,1300000.0,47021
8077816,1,2,1,10,2024,2,17,8.0,,47023
8077817,1,2,1,10,2024,1,40,3.0,,47025
8077820,1,1,1,10,2024,1,59,3.0,1300000.0,47030
8077823,1,1,1,10,2024,1,84,3.0,,47032
8077828,1,3,1,10,2024,2,66,3.0,,47037
8077831,1,1,1,10,2024,2,42,3.0,480000.0,47043
8077831,1,3,1,10,2024,1,20,5.0,1600000.0,47045
8077832,1,1,1,10,2024,1,72,1.0,,47047
8077836,1,1,1,10,2024,2,18,6.0,,47053
8077843,1,1,1,10,2024,1,35,1.0,800000.0,47065
8077843,1,3,1,10,2024,1,9,3.0,,47067
8077844,1,1,1,10,2024,2,41,5.0,1560000.0,47069
8077844,1,2,1,10,2024,1,26,5.0,600000.0,47070
8077844,1,3,1,10,2024,1,24,4.0,450000.0,47071
8077844,1,4,1,10,2024,2,20,5.0,,47072
8077844,1,5,1,10,2024,1,7,3.0,,47073
8077845,1,1,1,10,2024,1,24,5.0,,47074
8077845,1,3,1,10,2024,1,3,1.0,,47076
8077847,1,1,1,10,2024,2,48,1.0,1000000.0,47079
8077847,1,3,1,10,2024,1,13,3.0,,47081
8077849,1,3,1,10,2024,2,13,4.0,,47087
8077851,1,3,1,10,2024,1,46,5.0,500000.0,47094
8077856,1,1,1,10,2024,1,55,3.0,2000000.0,47104
8077856,1,2,1,10,2024,2,22,11.0,,47105
8077858,1,1,1,10,2024,1,25,5.0,700000.0,47106
8077860,1,3,1,10,2024,2,45,1.0,,47110
8077860,1,4,1,10,2024,1,10,4.0,,47111
8077864,1,3,1,10,2024,1,61,4.0,500000.0,47118
8077868,1,1,1,10,2024,1,30,3.0,1000000.0,47119
8077869,1,1,1,10,2024,1,56,9.0,1800000.0,47122
8077869,1,3,1,10,2024,2,90,3.0,,47124
8077872,1,1,1,10,2024,1,75,5.0,500000.0,47126
8077873,1,1,1,10,2024,2,58,3.0,200000.0,47128
8077875,1,1,1,10,2024,1,36,3.0,1000000.0,47130
8077876,1,2,1,10,2024,2,43,5.0,450000.0,47132
8077879,1,2,1,10,2024,2,62,5.0,300000.0,47134
8077882,1,4,1,10,2024,2,19,5.0,75000.0,47139
8077886,1,1,1,10,2024,1,60,3.0,650000.0,47141
8077887,1,3,1,10,2024,2,28,5.0,,47145
8077888,1,1,1,10,2024,2,82,1.0,,47146
8077889,1,4,1,10,2024,1,15,4.0,,47151
8077890,1,2,1,10,2024,1,11,4.0,,47153
8077893,1,3,1,10,2024,2,37,3.0,,47157
8077893,1,4,1,10,2024,1,35,3.0,100000.0,47158
8077893,1,5,1,10,2024,1,5,3.0,,47159
8077901,1,1,1,10,2024,1,45,3.0,540000.0,47166
8077901,1,3,1,10,2024,1,37,4.0,380000.0,47168
8077902,1,1,1,10,2024,1,64,3.0,540000.0,47169
8077903,1,1,1,10,2024,1,56,3.0,400000.0,47171
8077904,1,1,1,10,2024,1,47,3.0,1000000.0,47176
8077904,1,3,1,10,2024,1,15,4.0,400000.0,47178
8077906,1,3,1,10,2024,2,36,5.0,,47181
8077908,1,1,1,10,2024,1,72,3.0,1100000.0,47185
8077908,1,2,1,10,2024,2,70,3.0,,47186
8077909,1,1,1,10,2024,1,68,1.0,1480000.0,47187
8077913,1,1,1,10,2024,1,51,3.0,1000000.0,47195
8077913,1,2,1,10,2024,2,45,3.0,,47196
8077913,1,3,1,10,2024,2,19,5.0,,47197
8077914,1,1,1,10,2024,2,77,3.0,1000000.0,47199
8077915,1,1,1,10,2024,2,50,1.0,450000.0,47201
8077916,1,1,1,10,2024,1,72,1.0,600000.0,47203
8077917,1,3,1,10,2024,1,14,4.0,,47207
8077918,1,3,1,10,2024,2,27,4.0,,47213
8077918,1,4,1,10,2024,1,28,5.0,800000.0,47214
8077920,1,1,1,10,2024,2,27,1.0,750000.0,47217
8077921,1,1,1,10,2024,1,26,4.0,840000.0,47219
8077923,1,4,1,10,2024,1,12,3.0,,47227
8077923,1,6,1,10,2024,1,17,4.0,500000.0,47229
8077924,1,1,1,10,2024,1,61,3.0,100000.0,47230
8077924,1,2,1,10,2024,2,80,3.0,,47231
8077926,1,3,1,10,2024,1,16,4.0,,47236
8077926,1,4,1,10,2024,2,88,3.0,,47237
8077929,1,3,1,10,2024,1,32,3.0,300000.0,47244
8077929,1,5,1,10,2024,1,10,3.0,,47246
8077930,1,1,1,10,2024,1,71,1.0,,47247
8077930,1,5,1,10,2024,1,10,3.0,,47251
8077931,1,2,1,10,2024,2,33,1.0,,47253
8077931,1,5,1,10,2024,1,68,1.0,320000.0,47256
8077932,1,1,1,10,2024,2,87,3.0,200000.0,47257
8077932,1,2,1,10,2024,2,14,4.0,,47258
8077933,1,2,1,10,2024,2,25,3.0,50000.0,47261
8077934,1,4,1,10,2024,1,11,3.0,,47267
8077935,1,2,1,10,2024,1,26,1.0,500000.0,47270
8077945,1,2,1,10,2024,2,23,4.0,,47275
8077945,1,4,1,10,2024,1,0,,,47277
8077946,1,1,1,10,2024,2,69,8.0,,47278
8077948,1,2,1,10,2024,2,18,4.0,,47281
8077949,1,4,1,10,2024,2,10,3.0,,47287
8077950,1,1,1,10,2024,1,24,5.0,1200000.0,47288
8077950,1,2,1,10,2024,2,27,4.0,1700000.0,47289
8077954,1,3,1,10,2024,1,16,4.0,,47298
8077955,1,1,1,10,2024,2,21,5.0,,47299
8077955,1,2,1,10,2024,1,4,2.0,,47300
8077955,1,4,1,10,2024,1,12,4.0,,47302
8077957,1,4,1,10,2024,1,2,,,47308
8077958,1,2,1,10,2024,2,25,5.0,600000.0,47310
8077959,1,2,1,10,2024,2,22,5.0,,47313
8077962,1,5,1,10,2024,1,14,4.0,,47318
8077963,1,1,1,10,2024,2,67,1.0,200000.0,47319
8077967,1,6,1,10,2024,1,58,3.0,100000.0,47333
8077969,1,1,1,10,2024,1,66,3.0,,47336
8077969,1,4,1,10,2024,2,22,6.0,30000.0,47339
8077971,1,1,1,10,2024,2,30,6.0,100000.0,47341
8077972,1,2,1,10,2024,2,33,6.0,,47345
8077972,1,3,1,10,2024,1,10,3.0,,47346
8077973,1,1,1,10,2024,2,41,5.0,850000.0,47348
8077974,1,1,1,10,2024,1,75,1.0,,47350
8077974,1,3,1,10,2024,2,38,5.0,570000.0,47352
8077974,1,4,1,10,2024,1,20,10.0,252000.0,47353
8077975,1,1,1,10,2024,1,24,10.0,200000.0,47355
8077976,1,1,1,10,2024,2,50,3.0,1000000.0,47356
8077977,1,1,1,10,2024,2,62,3.0,150000.0,47359
8077978,1,3,1,10,2024,2,22,4.0,,47362
8077978,1,4,1,10,2024,2,1,,,47363
8077979,1,3,1,10,2024,2,13,4.0,,47366
8077980,1,2,1,10,2024,2,20,6.0,1120000.0,47368
8077980,1,3,1,10,2024,1,17,4.0,,47369
8077980,1,4,1,10,2024,2,13,3.0,,47370
8077980,1,5,1,10,2024,2,3,1.0,,47371
8077981,1,2,1,10,2024,1,15,4.0,,47373
8077981,1,5,1,10,2024,1,82,1.0,300000.0,47376
8077981,1,6,1,10,2024,2,83,1.0,,47377
8077983,1,1,1,10,2024,2,28,4.0,400000.0,47381
8077983,1,3,1,10,2024,1,3,1.0,,47383
8077985,1,1,1,10,2024,2,69,3.0,,47387
8077987,1,3,1,10,2024,2,9,3.0,,47394
8077988,1,2,1,10,2024,2,50,4.0,1500000.0,47397
8077988,1,3,1,10,2024,2,27,10.0,500000.0,47398
8077989,1,1,1,10,2024,2,54,8.0,700000.0,47401
8077991,1,2,1,10,2024,2,53,11.0,1000000.0,47405
8077991,1,4,1,10,2024,1,26,10.0,1300000.0,47407
8077994,1,1,1,10,2024,2,49,5.0,1750000.0,47413
8077994,1,2,1,10,2024,1,20,5.0,300000.0,47414
8077995,1,1,1,10,2024,1,76,3.0,1000000.0,47415
8077995,1,2,1,10,2024,2,68,1.0,,47416
8077995,1,3,1,10,2024,2,44,5.0,900000.0,47417
8077995,1,4,1,10,2024,2,17,5.0,,47418
8077996,1,3,1,10,2024,1,19,5.0,,47422
8077998,1,1,1,10,2024,2,49,3.0,700000.0,47424
8077999,1,1,1,10,2024,1,35,5.0,3400000.0,47425
8078002,1,2,1,10,2024,2,61,3.0,300000.0,47432
8078004,1,3,1,10,2024,1,22,5.0,,47438
8078007,1,2,1,10,2024,2,54,3.0,,47448
8078007,1,3,1,10,2024,2,35,5.0,750000.0,47449
8078012,1,1,1,10,2024,2,78,1.0,,47461
8078013,1,2,1,10,2024,2,34,4.0,2460000.0,47463
8078014,1,1,1,10,2024,2,45,3.0,1240000.0,47465
8078015,1,2,1,10,2024,2,75,3.0,,47469
8078017,1,1,1,10,2024,1,72,3.0,240000.0,47470
8078017,1,2,1,10,2024,2,72,3.0,920000.0,47471
8078019,1,2,1,10,2024,2,86,3.0,130000.0,47476
8078020,1,1,1,10,2024,2,51,3.0,360000.0,47478
8078020,1,3,1,10,2024,2,19,5.0,360000.0,47480
8078020,1,4,1,10,2024,2,17,5.0,,47481
8078021,1,2,1,10,2024,2,42,3.0,400000.0,47483
8078021,1,3,1,10,2024,1,19,5.0,500000.0,47484
8078028,1,6,1,10,2024,2,27,5.0,600000.0,47493
8078028,1,7,1,10,2024,2,4,1.0,,47494
8078030,1,1,1,10,2024,1,42,5.0,200000.0,47496
8078031,1,1,1,10,2024,1,55,5.0,1000000.0,47500
8078034,1,1,1,10,2024,1,64,11.0,5500000.0,47504
8078034,1,2,1,10,2024,2,62,11.0,,47505
8078039,1,1,1,10,2024,2,52,3.0,,47513
8078041,1,1,1,10,2024,2,45,3.0,280000.0,47515
8078041,1,3,1,10,2024,2,5,3.0,,47517
8078043,1,1,1,10,2024,1,24,3.0,400000.0,47519
8078044,1,1,1,10,2024,1,56,3.0,400000.0,47521
8078047,1,1,1,10,2024,2,47,3.0,100000.0,47527
8078051,1,3,1,10,2024,1,9,3.0,,47536
8078053,1,2,1,10,2024,1,86,3.0,,47538
8078054,1,3,1,10,2024,2,72,3.0,,47541
8078057,1,2,1,10,2024,1,76,1.0,,47548
8078057,1,3,1,10,2024,1,47,3.0,630000.0,47549
8078058,1,1,1,10,2024,2,37,3.0,,47550
8078058,1,2,1,10,2024,1,9,3.0,,47551
8078060,1,1,1,10,2024,2,63,3.0,,47555
8078063,1,2,1,10,2024,2,28,9.0,500000.0,47560
8078064,1,3,1,10,2024,2,22,4.0,,47564
8078065,1,2,1,10,2024,2,82,1.0,,47566
8078066,1,1,1,10,2024,2,50,3.0,400000.0,47567
8078067,1,2,1,10,2024,2,38,5.0,,47569
8078069,1,1,1,10,2024,2,74,3.0,,47573
8078070,1,1,1,10,2024,1,76,1.0,500000.0,47575
8078071,1,1,1,10,2024,2,71,3.0,20000.0,47577
8078072,1,1,1,10,2024,1,62,3.0,1300000.0,47580
8078072,1,3,1,10,2024,1,12,4.0,,47582
8078073,1,1,1,10,2024,2,79,1.0,65000.0,47583
8078084,1,1,1,10,2024,1,64,3.0,250000.0,47591
8078084,1,2,1,10,2024,2,64,3.0,,47592
8078088,1,1,1,10,2024,1,72,3.0,0.0,47599
8078088,1,2,1,10,2024,2,71,3.0,,47600
8078090,1,1,1,10,2024,1,25,5.0,1300000.0,47604
8078091,1,1,1,10,2024,1,69,3.0,350000.0,47607
8078092,1,2,1,10,2024,2,48,3.0,255000.0,47610
8078094,1,3,1,10,2024,1,75,3.0,500000.0,47619
8078095,1,2,1,10,2024,2,36,8.0,,47621
8078097,1,1,1,10,2024,1,58,4.0,600000.0,47624
8078098,1,3,1,10,2024,2,76,3.0,,47627
8078099,1,1,1,10,2024,2,67,3.0,500000.0,47628
8078102,1,1,1,10,2024,1,63,4.0,500000.0,47634
8078104,1,3,1,10,2024,2,16,10.0,,47638
8078106,1,1,1,10,2024,1,60,5.0,200000.0,47642
8078106,1,2,1,10,2024,2,53,5.0,80000.0,47643
8078107,1,1,1,10,2024,2,61,3.0,160000.0,47644
8078110,1,1,1,10,2024,2,53,3.0,225000.0,47651
8078112,1,3,1,10,2024,2,16,6.0,,47655
8078115,1,1,1,10,2024,1,75,3.0,500000.0,47667
8078116,1,1,1,10,2024,1,39,4.0,800000.0,47668
8078116,1,4,1,10,2024,1,4,2.0,,47671
8078118,1,1,1,10,2024,2,52,3.0,800000.0,47674
8078118,1,2,1,10,2024,1,10,3.0,,47675
8078120,1,1,1,10,2024,1,71,3.0,1500000.0,47676
8078121,1,1,1,10,2024,1,73,3.0,0.0,47677
8078122,1,1,1,10,2024,1,63,5.0,350000.0,47679
8078122,1,2,1,10,2024,2,66,5.0,,47680
8078124,1,1,1,10,2024,1,58,3.0,0.0,47682
8078127,1,1,1,10,2024,1,45,3.0,388000.0,47686
8078130,1,2,1,10,2024,2,32,11.0,1200000.0,47692
8078130,1,3,1,10,2024,1,14,4.0,,47693
8078135,1,4,1,10,2024,2,7,3.0,,47700
8078136,2,1,2,10,2024,2,39,5.0,,47702
8078137,1,1,1,10,2024,1,26,5.0,2000000.0,47704
8078138,1,2,1,10,2024,2,35,5.0,1300000.0,47706
8078141,1,2,1,10,2024,2,46,5.0,,47713
8078141,1,5,1,10,2024,2,8,3.0,,47716
8078143,1,1,1,10,2024,1,28,10.0,1500000.0,47719
8078145,1,1,1,10,2024,1,50,3.0,,47725
8078146,1,1,1,10,2024,1,67,5.0,,47727
8078148,1,1,1,10,2024,1,77,6.0,,47730
8078149,1,2,1,10,2024,2,47,5.0,1300000.0,47733
8078150,1,8,1,10,2024,1,9,3.0,,47743
8078151,1,1,1,10,2024,1,46,6.0,800000.0,47745
8078152,1,2,1,10,2024,2,28,5.0,,47747
8078152,1,3,1,10,2024,2,10,3.0,,47748
8078153,1,1,1,10,2024,1,30,9.0,800000.0,47750
8078158,1,2,1,10,2024,2,4,2.0,,47756
8078159,1,1,1,10,2024,1,34,10.0,3100000.0,47757
8078160,1,3,1,10,2024,2,33,6.0,1300000.0,47760
8078161,1,3,1,10,2024,2,10,4.0,,47765
8078161,1,4,1,10,2024,1,50,1.0,,47766
8078161,1,7,1,10,2024,1,8,3.0,,47769
8078163,1,2,1,10,2024,2,76,3.0,,47774
8078165,1,2,1,10,2024,2,34,8.0,1300000.0,47779
8078165,1,5,1,10,2024,1,5,3.0,,47782
8078167,1,1,1,10,2024,1,59,8.0,1500000.0,47784
8078167,1,2,1,10,2024,2,46,6.0,,47785
8078167,1,4,1,10,2024,2,20,8.0,1200000.0,47787
8078169,1,1,1,10,2024,1,46,8.0,1600000.0,47791
8078170,1,1,1,10,2024,1,50,4.0,300000.0,47792
8078170,1,2,1,10,2024,2,35,4.0,240000.0,47793
8078170,1,4,1,10,2024,1,17,4.0,,47795
8078170,1,5,1,10,2024,1,15,5.0,,47796
8078173,1,2,1,10,2024,1,12,4.0,,47800
8078177,1,3,1,10,2024,1,7,3.0,,47805
8078178,1,2,1,10,2024,2,57,3.0,1000000.0,47808
8078179,1,2,1,10,2024,2,43,9.0,1600000.0,47810
8078179,1,5,1,10,2024,2,9,3.0,,47813
8078181,1,1,1,10,2024,2,31,6.0,960000.0,47814
8078188,1,1,1,10,2024,2,31,5.0,1200000.0,47819
8078188,1,2,1,10,2024,1,19,9.0,,47820
8078193,1,2,1,10,2024,2,50,5.0,,47833
8078193,1,4,1,10,2024,1,2,,,47835
8078194,1,1,1,10,2024,1,53,3.0,1200000.0,47836
8078194,1,4,1,10,2024,1,51,3.0,,47839
8078195,1,1,1,10,2024,2,44,8.0,1450000.0,47840
8078195,1,2,1,10,2024,1,20,10.0,,47841
8078196,1,4,1,10,2024,1,0,,,47847
8078197,1,1,1,10,2024,2,44,6.0,1300000.0,47848
8078199,1,2,1,10,2024,1,51,3.0,,47857
8078199,1,4,1,10,2024,2,22,5.0,800000.0,47859
8078202,1,1,1,10,2024,2,32,8.0,600000.0,47864
8078202,1,3,1,10,2024,2,15,4.0,,47866
8078202,1,4,1,10,2024,1,11,3.0,,47867
8078205,1,1,1,10,2024,1,42,10.0,2200000.0,47870
8078205,1,3,1,10,2024,2,20,10.0,,47872
8078205,1,4,1,10,2024,2,13,4.0,,47873
8078207,1,2,1,10,2024,1,28,5.0,1300000.0,47877
8078208,1,1,1,10,2024,1,51,12.0,6950000.0,47880
8078208,1,2,1,10,2024,2,51,5.0,,47881
8078210,1,1,1,10,2024,2,45,5.0,650000.0,47886
8078210,1,2,1,10,2024,2,30,5.0,200000.0,47887
8078211,1,3,1,10,2024,2,6,3.0,,47892
8078212,1,2,1,10,2024,2,53,3.0,,47894
8078212,1,3,1,10,2024,2,21,5.0,,47895
8078213,1,2,1,10,2024,2,41,3.0,,47897
8078213,1,4,1,10,2024,2,22,5.0,1300000.0,47899
8078214,1,1,1,10,2024,1,35,5.0,1300000.0,47901
8078214,1,3,1,10,2024,1,14,4.0,,47903
8078215,1,3,1,10,2024,2,13,3.0,,47906
8078218,1,2,1,10,2024,2,13,4.0,,47914
8078219,1,1,1,10,2024,1,37,5.0,1900000.0,47916
8078221,1,1,1,10,2024,1,25,6.0,1300000.0,47918
8078221,1,2,1,10,2024,2,19,8.0,1150000.0,47919
8078223,1,2,1,10,2024,2,12,4.0,,47924
8078224,1,2,1,10,2024,2,34,3.0,,47926
8078226,1,1,1,10,2024,2,79,3.0,250000.0,47931
8078227,2,2,2,10,2024,1,20,3.0,200000.0,47939
8078227,2,3,2,10,2024,2,26,8.0,,47940
8078229,1,1,1,10,2024,1,52,3.0,400000.0,47945
8078234,1,2,1,10,2024,2,17,6.0,,47952
8078234,1,3,1,10,2024,2,13,4.0,,47953
8078235,1,1,1,10,2024,1,57,4.0,1500000.0,47954
8078236,1,1,1,10,2024,1,67,3.0,,47955
8078238,1,3,1,10,2024,2,10,4.0,,47960
8078238,1,5,1,10,2024,2,59,1.0,,47962
8078244,1,2,1,10,2024,1,18,5.0,,47968
8078246,1,1,1,10,2024,1,36,5.0,2000000.0,47969
8078251,1,5,1,10,2024,1,21,4.0,,47983
8078251,1,6,1,10,2024,2,12,4.0,,47984
8078253,1,2,1,10,2024,2,8,3.0,,47988
8078254,1,1,1,10,2024,2,58,3.0,300000.0,47989
8078255,1,1,1,10,2024,2,72,5.0,,47992
8078256,1,1,1,10,2024,1,51,4.0,1600000.0,47994
8078258,1,3,1,10,2024,1,7,3.0,,48002
8078259,1,1,1,10,2024,1,32,5.0,480000.0,48004
8078262,1,1,1,10,2024,1,27,6.0,1200000.0,48009
8078262,1,3,1,10,2024,1,4,2.0,,48011
8078263,1,4,1,10,2024,1,11,4.0,,48015
8078264,1,2,1,10,2024,2,56,3.0,,48017
8078266,1,1,1,10,2024,1,55,3.0,600000.0,48020
8078266,1,3,1,10,2024,1,10,4.0,,48022
8078270,1,5,1,10,2024,1,4,2.0,,48033
8078270,1,6,1,10,2024,1,0,,,48034
8078272,1,2,1,10,2024,2,61,1.0,,48040
8078273,1,2,1,10,2024,1,24,3.0,1000000.0,48042
8078277,1,3,1,10,2024,1,24,5.0,,48047
8078277,1,4,1,10,2024,1,18,5.0,,48048
8078278,1,1,1,10,2024,1,74,3.0,600000.0,48050
8078278,1,2,1,10,2024,2,66,3.0,,48051
8078278,1,3,1,10,2024,1,29,1.0,,48052
8078281,1,2,1,10,2024,1,26,3.0,1480000.0,48055
8078281,1,3,1,10,2024,2,22,5.0,1200000.0,48056
8078282,1,1,1,10,2024,2,60,1.0,200000.0,48058
8078282,2,3,2,10,2024,1,3,1.0,,48061
8078282,3,2,3,10,2024,1,35,3.0,1000000.0,48064
8078283,1,2,1,10,2024,1,40,5.0,350000.0,48067
8078283,1,3,1,10,2024,2,18,10.0,,48068
8078284,1,2,1,10,2024,2,38,1.0,,48070
8078284,1,3,1,10,2024,1,16,4.0,400000.0,48071
8078286,1,1,1,10,2024,1,34,4.0,300000.0,48077
8078286,1,2,1,10,2024,2,25,4.0,,48078
8078286,1,4,1,10,2024,2,8,3.0,,48080
8078290,1,2,1,10,2024,1,28,1.0,200000.0,48089
8078291,1,1,1,10,2024,1,57,3.0,200000.0,48090
8078291,1,2,1,10,2024,2,52,3.0,0.0,48091
8078293,1,1,1,10,2024,1,36,3.0,600000.0,48093
8078294,1,2,1,10,2024,2,51,4.0,,48096
8078294,1,3,1,10,2024,2,13,4.0,,48097
8078296,1,1,1,10,2024,1,45,6.0,300000.0,48099
8078297,1,1,1,10,2024,1,41,5.0,720000.0,48103
8078297,1,2,1,10,2024,2,32,5.0,1200000.0,48104
8078297,1,3,1,10,2024,2,16,5.0,,48105
8078297,1,4,1,10,2024,2,13,4.0,,48106
8078298,1,1,1,10,2024,2,38,4.0,500000.0,48108
8078299,1,2,1,10,2024,1,33,1.0,350000.0,48113
8078300,1,2,1,10,2024,1,20,6.0,800000.0,48115
8078302,1,2,1,10,2024,2,31,5.0,640000.0,48119
8078303,1,1,1,10,2024,1,36,3.0,1300000.0,48121
8078304,1,2,1,10,2024,2,33,3.0,,48123
8078305,1,2,1,10,2024,2,37,1.0,1200000.0,48125
8078305,1,3,1,10,2024,1,19,5.0,1000000.0,48126
8078307,1,2,1,10,2024,2,56,3.0,1500000.0,48136
8078307,1,3,1,10,2024,1,18,3.0,800000.0,48137
8078307,1,5,1,10,2024,1,16,4.0,300000.0,48139
8078307,1,6,1,10,2024,1,14,4.0,,48140
8078307,1,7,1,10,2024,1,8,1.0,,48141
8078309,1,1,1,10,2024,1,25,5.0,400000.0,48143
8078310,1,1,1,10,2024,1,57,1.0,1500000.0,48146
8078310,1,2,1,10,2024,2,51,1.0,,48147
8078312,1,1,1,10,2024,2,62,3.0,1200000.0,48150
8078313,1,2,1,10,2024,2,48,3.0,60000.0,48152
8078313,1,3,1,10,2024,1,24,5.0,80000.0,48153
8078313,1,5,1,10,2024,1,13,4.0,,48155
8078320,1,1,1,10,2024,2,25,5.0,1120000.0,48159
8078321,1,2,1,10,2024,2,59,3.0,,48163
8078323,1,1,1,10,2024,2,50,3.0,1220000.0,48166
8078328,1,6,1,10,2024,2,0,,,48184
8078334,1,2,1,10,2024,1,36,3.0,900000.0,48200
8078334,1,5,1,10,2024,1,12,3.0,,48203
8078334,1,7,1,10,2024,1,18,1.0,800000.0,48205
8078337,1,1,1,10,2024,1,39,3.0,960000.0,48207
8078339,1,3,1,10,2024,1,13,4.0,,48211
8078339,1,4,1,10,2024,2,11,3.0,,48212
8078339,1,5,1,10,2024,2,9,3.0,,48213
8078340,1,1,1,10,2024,2,33,4.0,1180000.0,48215
8078340,1,2,1,10,2024,1,13,4.0,,48216
8078340,1,3,1,10,2024,1,11,4.0,,48217
8078342,1,3,1,10,2024,1,20,5.0,350000.0,48222
8078343,1,1,1,10,2024,1,27,4.0,200000.0,48223
8078344,1,1,1,10,2024,2,38,3.0,800000.0,48225
8078345,1,1,1,10,2024,1,58,3.0,1260000.0,48230
8078345,1,2,1,10,2024,1,25,3.0,2000000.0,48231
8078346,1,2,1,10,2024,2,51,3.0,,48233
8078347,1,1,1,10,2024,1,53,3.0,400000.0,48234
8078347,1,2,1,10,2024,2,50,3.0,800000.0,48235
8078348,1,5,1,10,2024,1,8,3.0,,48243
8078349,1,1,1,10,2024,2,40,4.0,300000.0,48244
8078350,1,2,1,10,2024,2,72,3.0,,48248
8078351,1,3,1,10,2024,2,1,,,48251
8078353,1,2,1,10,2024,2,58,5.0,,48257
8078353,1,3,1,10,2024,1,18,8.0,0.0,48258
8078356,1,4,1,10,2024,1,16,5.0,,48268
8078357,1,1,1,10,2024,1,35,9.0,500000.0,48269
8078359,1,1,1,10,2024,2,73,3.0,2000000.0,48271
8078360,1,1,1,10,2024,2,78,3.0,,48273
8078360,1,2,1,10,2024,1,43,3.0,800000.0,48274
8078370,1,2,1,10,2024,2,73,3.0,,48280
8078374,1,1,1,10,2024,2,70,3.0,,48282
8078375,1,2,1,10,2024,1,63,5.0,2800000.0,48288
8078375,1,3,1,10,2024,1,85,3.0,,48289
8078378,1,1,1,10,2024,1,69,1.0,1000000.0,48290
8078378,1,2,1,10,2024,2,57,1.0,1300000.0,48291
8078382,1,1,1,10,2024,2,68,1.0,,48297
8078383,1,1,1,10,2024,1,69,1.0,1100000.0,48298
8078391,1,1,1,10,2024,2,54,3.0,,48321
8078394,1,1,1,10,2024,2,29,4.0,,48325
8078397,1,2,1,10,2024,1,74,3.0,1500000.0,48335
8078398,1,3,1,10,2024,1,12,3.0,,48338
8078404,1,2,1,10,2024,2,52,5.0,,48341
8078407,1,2,1,10,2024,1,27,8.0,,48344
8078410,1,1,1,10,2024,2,53,3.0,1480000.0,48346
8078410,1,3,1,10,2024,2,16,6.0,,48348
8078411,1,1,1,10,2024,2,58,3.0,,48349
8078413,1,1,1,10,2024,2,58,3.0,,48351
8078414,1,3,1,10,2024,2,31,10.0,1600000.0,48356
8078415,1,2,1,10,2024,1,20,1.0,,48358
8078417,1,3,1,10,2024,1,10,3.0,,48366
8078422,1,1,1,10,2024,1,72,3.0,180000.0,48371
8078422,1,2,1,10,2024,1,32,9.0,,48372
8078425,1,1,1,10,2024,2,71,4.0,,48377
8078430,1,1,1,10,2024,2,54,3.0,850000.0,48383
8078432,1,2,1,10,2024,1,49,3.0,1600000.0,48386
8078433,1,1,1,10,2024,1,61,3.0,1000000.0,48387
8078434,1,1,1,10,2024,2,39,3.0,,48390
8078434,1,5,1,10,2024,1,1,,,48394
8078440,1,3,1,10,2024,1,11,3.0,,48406
8078441,1,1,1,10,2024,1,23,5.0,1200000.0,48408
8078441,1,2,1,10,2024,2,18,6.0,,48409
8078442,1,3,1,10,2024,2,19,5.0,,48412
8078443,1,3,1,10,2024,1,10,3.0,,48416
8078444,1,3,1,10,2024,1,27,5.0,600000.0,48420
8078445,1,2,1,10,2024,2,17,4.0,,48423
8078446,1,1,1,10,2024,1,45,4.0,,48424
8078447,1,1,1,10,2024,2,44,3.0,,48426
8078447,1,3,1,10,2024,2,3,1.0,,48428
8078448,1,1,1,10,2024,2,64,3.0,,48432
8078448,1,2,1,10,2024,2,85,3.0,,48433
8078449,1,3,1,10,2024,1,1,,,48436
8078450,1,3,1,10,2024,2,10,3.0,,48439
8078451,1,2,1,10,2024,2,33,5.0,,48441
8078451,1,4,1,10,2024,1,7,3.0,,48443
8078451,1,5,1,10,2024,2,0,,,48444
8078453,1,1,1,10,2024,2,65,3.0,500000.0,48446
8078454,1,1,1,10,2024,2,69,1.0,,48449
8078455,1,3,1,10,2024,2,16,4.0,,48454
8078457,1,1,1,10,2024,1,69,1.0,,48458
8078460,1,2,1,10,2024,2,18,5.0,,48463
8078461,1,2,1,10,2024,2,35,8.0,600000.0,48465
8078464,1,3,1,10,2024,1,18,5.0,,48474
8078464,1,6,1,10,2024,1,4,1.0,,48477
8078465,1,1,1,10,2024,2,54,3.0,,48478
8078465,1,3,1,10,2024,1,46,1.0,1636000.0,48480
8078465,1,5,1,10,2024,2,14,3.0,,48482
8078466,1,3,1,10,2024,2,9,3.0,,48487
8078466,1,4,1,10,2024,1,8,3.0,,48488
8078469,1,2,1,10,2024,2,10,3.0,,48492
8078473,1,1,1,10,2024,2,45,5.0,900000.0,48498
8078473,1,2,1,10,2024,1,20,5.0,,48499
8078473,1,4,1,10,2024,2,77,3.0,,48501
8078474,1,2,1,10,2024,2,54,3.0,,48503
8078476,1,1,1,10,2024,1,55,5.0,2910000.0,48506
8078478,1,1,1,10,2024,2,69,11.0,,48511
8078479,1,1,1,10,2024,1,65,10.0,,48514
8078484,1,1,1,10,2024,1,44,5.0,,48520
8078485,1,1,1,10,2024,2,56,5.0,3256000.0,48521
8078488,1,1,1,10,2024,1,46,5.0,396000.0,48524
8078491,1,1,1,10,2024,2,81,1.0,,48529
8078492,1,4,1,10,2024,1,21,10.0,150000.0,48533
8078493,1,1,1,10,2024,1,73,9.0,,48534
8078495,1,2,1,10,2024,2,35,5.0,,48536
8078495,1,3,1,10,2024,1,11,4.0,,48537
8078496,1,1,1,10,2024,2,41,5.0,260000.0,48540
8078497,1,1,1,10,2024,1,70,3.0,,48543
8078498,1,3,1,10,2024,1,22,5.0,300000.0,48546
8078502,1,1,1,10,2024,1,39,5.0,1000000.0,48550
8078502,1,4,1,10,2024,2,12,4.0,,48553
8078503,1,1,1,10,2024,1,33,3.0,1480000.0,48554
8078505,1,1,1,10,2024,2,66,4.0,200000.0,48556
8078506,1,3,1,10,2024,1,4,2.0,,48559
8078508,1,1,1,10,2024,1,45,8.0,1300000.0,48562
8078508,1,3,1,10,2024,2,21,8.0,,48564
8078509,1,1,1,10,2024,1,56,5.0,1350000.0,48566
8078512,1,1,1,10,2024,2,56,5.0,,48568
8078514,1,2,1,10,2024,1,27,9.0,1300000.0,48571
8078515,1,2,1,10,2024,1,57,3.0,1300000.0,48574
8078516,1,3,1,10,2024,2,27,5.0,,48578
8078518,1,2,1,10,2024,2,41,5.0,650000.0,48582
8078518,1,3,1,10,2024,1,14,4.0,,48583
8078522,1,1,1,10,2024,2,40,5.0,,48589
8078527,1,1,1,10,2024,2,38,3.0,,48601
8078529,1,1,1,10,2024,1,43,11.0,0.0,48605
8078529,1,2,1,10,2024,2,43,11.0,,48606
8078530,1,2,1,10,2024,1,55,3.0,,48609
8078531,1,1,1,10,2024,1,21,4.0,1000000.0,48611
8078534,1,2,1,10,2024,2,74,3.0,,48618
8078537,1,3,1,10,2024,2,28,3.0,,48626
8078538,1,1,1,10,2024,1,43,3.0,1600000.0,48628
8078538,1,2,1,10,2024,2,35,5.0,,48629
8078539,1,1,1,10,2024,2,54,3.0,,48632
8078540,1,1,1,10,2024,1,66,3.0,,48633
8078541,1,4,1,10,2024,1,62,3.0,,48638
8078543,1,1,1,10,2024,2,75,1.0,,48641
8078544,1,2,1,10,2024,2,46,1.0,360000.0,48643
8078546,1,1,1,10,2024,1,75,3.0,800000.0,48645
8078547,1,1,1,10,2024,1,54,3.0,1400000.0,48647
8078548,1,1,1,10,2024,1,52,3.0,590000.0,48648
8078548,1,3,1,10,2024,1,18,5.0,,48650
8078550,1,1,1,10,2024,1,65,3.0,1600000.0,48652
8078552,1,1,1,10,2024,1,57,3.0,4000000.0,48655
8078555,1,2,1,10,2024,2,44,5.0,,48660
8078555,1,4,1,10,2024,1,15,4.0,,48662
8078557,1,1,1,10,2024,1,34,3.0,1500000.0,48667
8078557,1,2,1,10,2024,2,39,5.0,,48668
8078558,1,1,1,10,2024,1,70,3.0,1800000.0,48669
8078561,1,1,1,10,2024,1,66,1.0,1600000.0,48674
8078563,1,2,1,10,2024,2,66,3.0,,48678
8078563,1,3,1,10,2024,1,15,4.0,,48679
8078564,1,1,1,10,2024,1,57,1.0,900000.0,48680
8078565,1,1,1,10,2024,1,25,4.0,1200000.0,48681
8078565,1,2,1,10,2024,2,36,3.0,700000.0,48682
8078565,1,4,1,10,2024,1,2,,,48684
8078566,1,1,1,10,2024,1,59,3.0,1000000.0,48685
8078568,1,1,1,10,2024,1,74,1.0,,48688
8078571,1,3,1,10,2024,2,17,8.0,,48695
8078572,1,2,1,10,2024,2,26,5.0,,48699
8078572,1,3,1,10,2024,1,4,2.0,,48700
8078573,1,3,1,10,2024,1,16,5.0,800000.0,48703
8078574,1,1,1,10,2024,1,38,9.0,1300000.0,48705
8078574,1,3,1,10,2024,2,11,4.0,,48707
8078576,1,1,1,10,2024,1,55,1.0,1300000.0,48713
8078576,1,2,1,10,2024,2,37,5.0,,48714
8078581,1,2,1,10,2024,1,14,4.0,,48727
8078582,1,1,1,10,2024,2,28,8.0,1420000.0,48728
8078582,1,3,1,10,2024,2,5,3.0,,48730
8078584,1,2,1,10,2024,1,37,10.0,0.0,48736
8078586,1,1,1,10,2024,2,68,8.0,1120000.0,48740
8078587,1,1,1,10,2024,1,78,3.0,,48742
8078587,1,2,1,10,2024,2,68,3.0,,48743
8078591,1,2,1,10,2024,1,8,3.0,,48746
8078596,1,3,1,10,2024,2,30,4.0,1300000.0,48753
8078598,1,1,1,10,2024,2,54,5.0,,48759
8078599,1,1,1,10,2024,2,75,3.0,,48760
8078599,1,2,1,10,2024,2,22,10.0,850000.0,48761
8078601,1,2,1,10,2024,2,51,5.0,,48765
8078601,1,3,1,10,2024,1,23,10.0,900000.0,48766
8078603,1,1,1,10,2024,1,68,5.0,300000.0,48770
8078603,1,2,1,10,2024,2,68,5.0,,48771
8078603,1,3,1,10,2024,1,44,10.0,,48772
8078604,1,1,1,10,2024,2,84,5.0,,48774
8078604,1,3,1,10,2024,2,42,10.0,2800000.0,48776
8078607,1,2,1,10,2024,1,67,5.0,,48784
8078609,1,2,1,10,2024,2,53,5.0,,48789
8078610,1,1,1,10,2024,1,89,3.0,,48790
8078611,1,1,1,10,2024,1,64,12.0,4300000.0,48795
8078611,1,2,1,10,2024,2,66,11.0,,48796
8078611,1,4,1,10,2024,2,23,10.0,,48798
8078612,1,2,1,10,2024,2,60,11.0,,48800
8078613,1,1,1,10,2024,2,81,3.0,,48801
8078613,1,2,1,10,2024,1,49,5.0,200000.0,48802
8078615,1,2,1,10,2024,2,60,5.0,,48805
8078617,1,1,1,10,2024,1,39,10.0,,48809
8078617,1,2,1,10,2024,2,50,8.0,,48810
8078619,1,2,1,10,2024,2,59,11.0,5000000.0,48812
8078624,1,1,1,10,2024,2,51,5.0,550000.0,48819
8078624,1,2,1,10,2024,2,17,5.0,1200000.0,48820
8078626,1,2,1,10,2024,1,49,10.0,1400000.0,48824
8078626,1,3,1,10,2024,2,43,5.0,,48825
8078627,1,1,1,10,2024,2,70,4.0,,48827
8078628,1,1,1,10,2024,1,94,3.0,,48828
8078632,1,1,1,10,2024,2,47,12.0,4500000.0,48833
8078632,1,3,1,10,2024,2,14,5.0,,48835
8078633,1,1,1,10,2024,1,90,3.0,,48836
8078637,1,1,1,10,2024,2,52,10.0,,48841
8078641,1,1,1,10,2024,1,77,3.0,,48844
8078641,1,6,1,10,2024,2,14,5.0,,48849
8078642,1,4,1,10,2024,2,8,3.0,,48853
8078646,1,2,1,10,2024,2,66,3.0,120000.0,48859
8078647,1,2,1,10,2024,1,22,5.0,0.0,48862
8078648,1,1,1,10,2024,2,85,3.0,,48863
8078648,1,3,1,10,2024,1,57,4.0,1000000.0,48865
8078650,1,1,1,10,2024,1,71,3.0,280000.0,48867
8078652,1,1,1,10,2024,1,21,5.0,1700000.0,48871
8078653,1,4,1,10,2024,1,2,,,48875
8078655,1,2,1,10,2024,2,21,5.0,1400000.0,48879
8078657,1,1,1,10,2024,1,32,4.0,650000.0,48882
8078657,1,2,1,10,2024,2,30,4.0,1300000.0,48883
8078658,1,2,1,10,2024,2,49,1.0,400000.0,48887
8078662,1,1,1,10,2024,2,37,3.0,400000.0,48893
8078665,1,1,1,10,2024,1,62,5.0,,48896
8078666,1,1,1,10,2024,1,62,3.0,1300000.0,48897
8078666,1,5,1,10,2024,1,6,3.0,,48901
8078669,1,2,1,10,2024,1,61,10.0,1320000.0,48904
8078670,1,1,1,10,2024,2,68,4.0,50000.0,48905
8078674,1,1,1,10,2024,2,62,5.0,,48908
8078676,1,1,1,10,2024,1,28,10.0,1600000.0,48910
8078676,1,2,1,10,2024,2,24,5.0,1600000.0,48911
8078676,1,3,1,10,2024,1,5,2.0,,48912
8078678,1,2,1,10,2024,2,72,3.0,,48915
8078680,1,2,1,10,2024,2,38,10.0,,48917
8078682,1,1,1,10,2024,1,75,5.0,,48921
8078685,1,1,1,10,2024,1,62,5.0,1300000.0,48928
8078687,1,1,1,10,2024,2,42,3.0,,48933
8078687,1,2,1,10,2024,2,27,5.0,900000.0,48934
8078687,1,5,1,10,2024,2,4,1.0,,48937
8078688,1,4,1,10,2024,2,26,5.0,1600000.0,48942
8078688,1,5,1,10,2024,2,10,3.0,,48943
8078694,1,2,1,10,2024,2,39,3.0,600000.0,48952
8078694,1,3,1,10,2024,1,76,3.0,,48953
8078695,1,3,1,10,2024,1,16,5.0,,48956
8078697,1,3,1,10,2024,2,5,2.0,,48960
8078699,1,2,1,10,2024,2,29,5.0,1300000.0,48963
8078699,1,3,1,10,2024,1,14,4.0,,48964
8078701,1,1,1,10,2024,2,66,3.0,,48967
8078702,1,2,1,10,2024,2,59,3.0,,48969
8078703,1,3,1,10,2024,1,9,3.0,,48972
8078703,1,4,1,10,2024,1,2,,,48973
8078704,1,1,1,10,2024,1,55,3.0,1380000.0,48974
8078705,1,3,1,10,2024,1,55,1.0,120000.0,48978
8078706,1,1,1,10,2024,1,73,3.0,268000.0,48979
8078709,1,1,1,10,2024,1,58,3.0,900000.0,48985
8078711,1,1,1,10,2024,1,42,10.0,4000000.0,48988
8078712,1,2,1,10,2024,2,54,3.0,,48990
8078712,1,3,1,10,2024,2,27,10.0,3500000.0,48991
8078714,1,1,1,10,2024,1,74,11.0,,48993
8078718,1,1,1,10,2024,1,56,3.0,1300000.0,49001
8078718,1,2,1,10,2024,2,44,5.0,1600000.0,49002
8078719,1,2,1,10,2024,2,60,5.0,,49006
8078720,1,3,1,10,2024,2,22,3.0,,49009
8078721,1,1,1,10,2024,2,72,1.0,,49011
8078722,1,1,1,10,2024,1,69,3.0,1300000.0,49012
8078722,1,2,1,10,2024,2,59,3.0,,49013
8078729,1,2,1,10,2024,1,39,3.0,1000000.0,49030
8078731,1,1,1,10,2024,2,71,3.0,,49034
8078731,1,2,1,10,2024,1,52,8.0,,49035
8078731,1,3,1,10,2024,1,41,5.0,,49036
8078735,1,1,1,10,2024,1,77,3.0,300000.0,49042
8078740,1,1,1,10,2024,1,46,5.0,1500000.0,49053
8078740,1,3,1,10,2024,2,11,3.0,,49055
8078741,1,4,1,10,2024,2,24,8.0,900000.0,49059
8078747,1,1,1,10,2024,1,42,9.0,2000000.0,49070
8078750,1,1,1,10,2024,2,49,3.0,640000.0,49080
8078750,1,3,1,10,2024,1,23,6.0,,49082
8078750,1,4,1,10,2024,2,26,5.0,1300000.0,49083
8078751,1,4,1,10,2024,2,11,4.0,,49087
8078751,1,6,1,10,2024,2,8,3.0,,49089
8078751,1,9,1,10,2024,2,34,5.0,750000.0,49092
8078752,1,2,1,10,2024,2,31,5.0,1462000.0,49095
8078752,1,5,1,10,2024,2,14,4.0,,49098
8078754,1,2,1,10,2024,1,54,3.0,1300000.0,49100
8078754,1,3,1,10,2024,1,81,1.0,,49101
8078757,1,1,1,10,2024,1,24,5.0,1500000.0,49103
8078757,1,2,1,10,2024,2,20,5.0,,49104
8078762,1,1,1,10,2024,1,28,5.0,350000.0,49109
8078763,1,2,1,10,2024,2,35,5.0,1400000.0,49115
8078763,1,5,1,10,2024,2,13,4.0,,49118
8078764,1,1,1,10,2024,2,40,3.0,,49119
8078764,1,2,1,10,2024,1,18,5.0,,49120
8078767,1,2,1,10,2024,2,66,3.0,,49127
8078768,1,2,1,10,2024,1,29,10.0,2800000.0,49130
8078775,1,2,1,10,2024,2,15,4.0,,49135
8078776,1,1,1,10,2024,2,49,3.0,,49136
8078778,1,5,1,10,2024,1,2,,,49141
8078778,1,6,1,10,2024,2,93,1.0,,49142
8078779,1,2,1,10,2024,1,32,8.0,1300000.0,49144
8078782,1,1,1,10,2024,2,36,5.0,1500000.0,49147
8078783,1,1,1,10,2024,2,26,8.0,2000000.0,49150
8078783,1,2,1,10,2024,2,5,2.0,,49151
8078784,1,2,1,10,2024,1,25,5.0,,49154
8078787,1,3,1,10,2024,1,23,5.0,700000.0,49161
8078788,1,2,1,10,2024,2,45,3.0,600000.0,49163
8078790,1,2,1,10,2024,2,57,3.0,,49168
8078792,1,1,1,10,2024,1,67,3.0,,49171
8078793,1,2,1,10,2024,2,51,3.0,,49174
8078796,1,1,1,10,2024,2,76,4.0,,49178
8078797,1,1,1,10,2024,2,78,3.0,,49179
8078802,1,1,1,10,2024,1,53,11.0,8000000.0,49183
8078807,1,1,1,10,2024,1,55,3.0,1300000.0,49191
8078807,1,2,1,10,2024,2,20,5.0,,49192
8078808,1,2,1,10,2024,2,32,4.0,,49194
8078808,1,3,1,10,2024,1,11,4.0,,49195
8078810,1,2,1,10,2024,2,9,3.0,,49199
8078811,1,2,1,10,2024,2,10,3.0,,49201
8078812,1,4,1,10,2024,1,15,4.0,,49206
8078815,1,3,1,10,2024,1,9,3.0,,49213
8078816,1,2,1,10,2024,2,58,3.0,80000.0,49216
8078817,1,2,1,10,2024,2,65,8.0,,49218
8078819,1,1,1,10,2024,1,62,5.0,,49220
8078820,1,1,1,10,2024,1,85,3.0,,49222
8078820,1,2,1,10,2024,2,74,3.0,,49223
8078821,1,3,1,10,2024,2,11,3.0,,49226
8078824,1,4,1,10,2024,2,10,3.0,,49233
8078825,1,1,1,10,2024,2,40,5.0,,49235
8078826,1,5,1,10,2024,2,4,1.0,,49241
8078828,1,1,1,10,2024,2,50,3.0,,49244
8078829,1,1,1,10,2024,2,29,3.0,,49246
8078829,1,3,1,10,2024,2,0,,,49248
8078831,1,1,1,10,2024,2,67,3.0,,49253
8078833,1,5,1,10,2024,2,7,3.0,,49258
8078835,1,4,1,10,2024,2,12,3.0,,49264
8078836,1,1,1,10,2024,2,27,8.0,,49266
8078839,1,1,1,10,2024,2,52,5.0,1200000.0,49269
8078841,1,2,1,10,2024,2,5,2.0,,49271
8078844,1,1,1,10,2024,1,62,10.0,1000000.0,49278
8078847,1,2,1,10,2024,2,67,4.0,,49286
8078848,1,1,1,10,2024,2,70,4.0,,49287
8078850,1,1,1,10,2024,1,44,3.0,1200000.0,49288
8078853,1,1,1,10,2024,2,43,3.0,1250000.0,49293
8078855,1,1,1,10,2024,1,37,4.0,1500000.0,49300
8078859,1,3,1,10,2024,2,15,4.0,,49307
8078862,1,1,1,10,2024,1,60,5.0,,49311
8078863,1,1,1,10,2024,2,69,3.0,350000.0,49312
8078865,1,1,1,10,2024,2,68,3.0,,49314
8078867,1,2,1,10,2024,2,10,3.0,,49320
8078869,1,1,1,10,2024,2,53,3.0,,49322
8078869,1,3,1,10,2024,2,13,4.0,,49324
8078872,1,1,1,10,2024,1,76,1.0,600000.0,49329
8078874,1,2,1,10,2024,2,31,1.0,,49337
8078874,1,3,1,10,2024,1,14,3.0,,49338
8078874,1,5,1,10,2024,1,6,1.0,,49340
8078875,1,1,1,10,2024,1,76,3.0,900000.0,49341
8078875,1,2,1,10,2024,2,69,3.0,,49342
8078877,1,2,1,10,2024,2,20,5.0,,49345
8078878,1,1,1,10,2024,1,69,4.0,,49347
8078879,1,1,1,10,2024,1,84,1.0,,49349
8078880,1,2,1,10,2024,2,63,3.0,,49351
8078881,1,1,1,10,2024,1,87,3.0,,49354
8078886,1,1,1,10,2024,2,93,3.0,,49367
8078888,1,2,1,10,2024,1,33,3.0,1100000.0,49374
8078889,1,1,1,10,2024,1,89,3.0,,49376
8078889,1,3,1,10,2024,2,65,4.0,,49378
8078890,1,2,1,10,2024,2,58,3.0,,49380
8078890,1,3,1,10,2024,1,58,3.0,,49381
8078898,1,3,1,10,2024,2,35,10.0,1500000.0,49390
8078899,1,3,1,10,2024,2,21,10.0,,49393
8078902,1,1,1,10,2024,2,60,4.0,,49399
8078903,1,1,1,10,2024,1,64,3.0,1400000.0,49401
8078903,1,2,1,10,2024,2,55,10.0,,49402
8078903,1,5,1,10,2024,2,10,4.0,,49405
8078906,1,1,1,10,2024,1,63,3.0,2000000.0,49410
8078909,1,1,1,10,2024,1,70,1.0,2000000.0,49418
8078909,1,2,1,10,2024,2,71,3.0,,49419
8078911,1,2,1,10,2024,2,48,5.0,,49423
8078911,1,3,1,10,2024,1,20,10.0,960000.0,49424
8078914,1,1,1,10,2024,2,37,5.0,1030000.0,49430
8078914,1,2,1,10,2024,1,17,4.0,480000.0,49431
8078915,1,1,1,10,2024,1,86,3.0,,49433
8078915,1,3,1,10,2024,2,49,3.0,900000.0,49435
8078915,1,4,1,10,2024,2,42,5.0,150000.0,49436
8078916,1,1,1,10,2024,2,60,4.0,800000.0,49438
8078917,1,4,1,10,2024,2,21,5.0,800000.0,49443
8078922,1,1,1,10,2024,2,37,5.0,480000.0,49451
8078922,1,2,1,10,2024,2,16,6.0,,49452
8078923,1,1,1,10,2024,2,49,3.0,450000.0,49455
8078923,1,2,1,10,2024,1,47,3.0,500000.0,49456
8078924,1,1,1,10,2024,2,48,5.0,700000.0,49458
8078924,1,2,1,10,2024,2,24,5.0,,49459
8078926,1,1,1,10,2024,2,74,4.0,500000.0,49462
8078931,1,1,1,10,2024,1,53,3.0,1500000.0,49471
8078931,1,2,1,10,2024,2,49,5.0,0.0,49472
8078931,1,4,1,10,2024,2,15,5.0,,49474
8078931,1,5,1,10,2024,1,15,5.0,,49475
8078933,1,1,1,10,2024,2,55,3.0,,49478
8078933,1,2,1,10,2024,1,32,4.0,1300000.0,49479
8078933,1,3,1,10,2024,2,30,5.0,,49480
8078934,1,1,1,10,2024,1,38,3.0,400000.0,49483
8078934,1,2,1,10,2024,2,33,4.0,,49484
8078940,1,1,1,10,2024,1,59,1.0,500000.0,49496
8078941,1,1,1,10,2024,1,31,5.0,700000.0,49498
8078942,1,1,1,10,2024,2,72,3.0,,49501
8078942,1,2,1,10,2024,1,87,1.0,,49502
8078945,1,1,1,10,2024,1,81,3.0,3000000.0,49505
8078947,1,1,1,10,2024,1,40,3.0,1350000.0,49508
8078948,1,1,1,10,2024,1,40,3.0,4500000.0,49512
8078948,1,4,1,10,2024,1,14,4.0,,49515
8078949,1,2,1,10,2024,2,44,3.0,,49517
8078952,1,3,1,10,2024,1,1,,,49527
8078952,1,4,1,10,2024,1,0,,,49528
8078954,1,3,1,10,2024,1,10,3.0,,49532
8078956,1,4,1,10,2024,1,50,4.0,300000.0,49536
8078957,1,2,1,10,2024,2,25,4.0,720000.0,49541
8078957,1,3,1,10,2024,1,8,3.0,,49542
8078959,1,4,1,10,2024,1,12,4.0,,49548
8078960,1,1,1,10,2024,2,44,3.0,,49549
8078960,1,5,1,10,2024,1,53,3.0,130000.0,49553
8078961,1,1,1,10,2024,1,48,3.0,600000.0,49554
8078962,1,2,1,10,2024,1,8,3.0,,49557
8078964,1,1,1,10,2024,2,27,4.0,180000.0,49561
8078964,1,2,1,10,2024,2,8,3.0,,49562
8078965,1,1,1,10,2024,1,74,3.0,,49564
8078969,1,1,1,10,2024,2,56,4.0,,49572
8078969,1,2,1,10,2024,1,64,4.0,1200000.0,49573
8078974,1,2,1,10,2024,2,51,5.0,,49580
8078975,1,2,1,10,2024,2,39,4.0,,49583
8078978,1,1,1,10,2024,1,38,3.0,800000.0,49588
8078978,1,3,1,10,2024,1,15,4.0,,49590
8078978,1,4,1,10,2024,2,14,4.0,,49591
8078979,1,1,1,10,2024,1,67,4.0,880000.0,49592
8078979,1,2,1,10,2024,2,24,6.0,,49593
8078987,1,2,1,10,2024,2,21,5.0,970000.0,49603
8078988,1,1,1,10,2024,1,88,3.0,,49605
8078991,1,1,1,10,2024,1,33,3.0,1000000.0,49611
8078991,1,3,1,10,2024,2,18,5.0,,49613
8078993,1,3,1,10,2024,2,16,5.0,,49618
8078993,1,4,1,10,2024,1,15,4.0,,49619
8078994,1,2,1,10,2024,2,38,3.0,,49622
8078994,1,5,1,10,2024,2,1,,,49625
8078998,1,2,1,10,2024,1,23,5.0,1050000.0,49630
8079003,1,2,1,10,2024,1,57,3.0,1000000.0,49635
8079004,1,2,1,10,2024,1,80,3.0,,49638
8079006,1,2,1,10,2024,1,12,4.0,,49640
8079008,1,2,1,10,2024,2,37,3.0,1040000.0,49643
8079008,1,4,1,10,2024,1,88,3.0,,49645
8079010,1,1,1,10,2024,1,56,3.0,2500000.0,49649
8079012,1,2,1,10,2024,2,72,1.0,,49651
8079015,1,2,1,10,2024,2,12,4.0,,49655
8079015,1,3,1,10,2024,1,6,3.0,,49656
8079015,1,4,1,10,2024,2,4,1.0,,49657
8079016,1,3,1,10,2024,2,25,5.0,,49660
8079018,1,1,1,10,2024,1,42,5.0,1300000.0,49662
8079019,1,1,1,10,2024,1,52,3.0,2700000.0,49664
8079019,1,2,1,10,2024,2,48,5.0,,49665
8079019,1,4,1,10,2024,1,15,5.0,,49667
8079019,1,6,1,10,2024,2,18,5.0,,49669
8079019,1,8,1,10,2024,1,2,,,49671
8079020,1,1,1,10,2024,1,51,5.0,500000.0,49672
8079020,2,3,2,10,2024,2,7,3.0,,49678
8079021,1,1,1,10,2024,1,36,4.0,1020000.0,49680
8079021,1,2,1,10,2024,2,28,5.0,,49681
8079021,1,4,1,10,2024,2,4,1.0,,49683
8079022,1,1,1,10,2024,2,47,3.0,,49684
8079023,1,1,1,10,2024,1,57,4.0,600000.0,49686
8079023,1,6,1,10,2024,1,24,3.0,1000000.0,49691
8079023,1,8,1,10,2024,1,3,1.0,,49693
8079024,1,1,1,10,2024,1,58,3.0,2400000.0,49694
8079025,1,3,1,10,2024,2,45,3.0,,49698
8079028,1,2,1,10,2024,2,16,5.0,,49713
8079029,1,1,1,10,2024,2,83,3.0,,49714
8079033,1,1,1,10,2024,1,83,3.0,640000.0,49720
8079033,1,5,1,10,2024,1,39,5.0,1300000.0,49724
8079033,1,7,1,10,2024,2,38,5.0,1000000.0,49726
8079034,1,1,1,10,2024,2,78,3.0,,49728
8079036,1,2,1,10,2024,2,57,1.0,,49730
8079037,1,2,1,10,2024,2,27,4.0,400000.0,49732
8079037,1,4,1,10,2024,1,7,3.0,,49734
8079038,1,1,1,10,2024,1,75,10.0,,49735
8079040,1,1,1,10,2024,1,60,3.0,,49740
8079040,1,3,1,10,2024,2,86,3.0,,49742
8079041,1,1,1,10,2024,1,63,3.0,,49743
8079042,1,1,1,10,2024,2,79,3.0,,49746
8079042,1,2,1,10,2024,2,58,3.0,800000.0,49747
8079044,1,2,1,10,2024,1,29,8.0,1400000.0,49752
8079044,1,3,1,10,2024,1,24,8.0,,49753
8079046,1,2,1,10,2024,2,60,3.0,,49758
8079046,1,3,1,10,2024,1,24,5.0,1850000.0,49759
8079050,1,2,1,10,2024,2,33,5.0,,49764
8079051,1,1,1,10,2024,1,75,3.0,,49765
8079052,1,1,1,10,2024,2,61,5.0,,49767
8079052,1,2,1,10,2024,2,70,3.0,,49768
8079055,1,1,1,10,2024,2,75,3.0,,49772
8079060,1,1,1,10,2024,1,66,3.0,1200000.0,49787
8079061,1,1,1,10,2024,1,68,3.0,1300000.0,49789
8079063,1,3,1,10,2024,2,14,4.0,,49794
8079064,1,3,1,10,2024,2,15,5.0,,49797
8079065,1,1,1,10,2024,1,64,5.0,,49798
8079070,1,2,1,10,2024,2,65,10.0,,49805
8079072,1,1,1,10,2024,1,25,5.0,,49808
8079074,1,2,1,10,2024,2,47,3.0,1462000.0,49811
8079079,1,1,1,10,2024,1,67,3.0,1200000.0,49815
8079080,1,1,1,10,2024,1,32,5.0,1300000.0,49817
8079080,1,2,1,10,2024,2,41,5.0,,49818
8079082,1,1,1,10,2024,1,56,3.0,1300000.0,49823
8079082,1,2,1,10,2024,2,50,3.0,1300000.0,49824
8079083,1,2,1,10,2024,2,54,3.0,,49826
8079084,1,2,1,10,2024,2,33,5.0,,49828
8079088,1,1,1,10,2024,2,69,3.0,500000.0,49831
8079089,1,3,1,10,2024,2,7,3.0,,49834
8079091,1,2,1,10,2024,2,38,8.0,1600000.0,49841
8079092,1,2,1,10,2024,2,60,3.0,,49843
8079092,1,4,1,10,2024,2,21,10.0,3000000.0,49845
8079094,1,2,1,10,2024,2,32,9.0,,49848
8079095,1,1,1,10,2024,2,72,3.0,,49851
8079095,1,2,1,10,2024,2,35,3.0,,49852
8079097,1,2,1,10,2024,2,45,3.0,,49857
8079097,1,3,1,10,2024,2,23,5.0,720000.0,49858
8079097,1,4,1,10,2024,1,21,3.0,1000000.0,49859
8079098,1,1,1,10,2024,2,75,3.0,,49862
8079098,1,3,1,10,2024,1,7,3.0,,49864
8079100,1,1,1,10,2024,1,64,5.0,1000000.0,49865
8079102,1,1,1,10,2024,2,77,1.0,,49868
8079103,1,1,1,10,2024,1,55,1.0,900000.0,49869
8079104,1,2,1,10,2024,2,48,3.0,,49872
8079105,1,1,1,10,2024,1,63,3.0,800000.0,49875
8079105,1,2,1,10,2024,2,63,3.0,,49876
8079105,1,3,1,10,2024,2,15,1.0,,49877
8079107,1,2,1,10,2024,1,72,10.0,,49879
8079108,1,1,1,10,2024,2,23,10.0,1400000.0,49880
8079110,1,1,1,10,2024,1,69,3.0,900000.0,49881
8079114,1,1,1,10,2024,1,30,12.0,1400000.0,49885
8079116,1,3,1,10,2024,2,6,2.0,,49889
8079118,1,4,1,10,2024,1,12,3.0,,49894
8079119,1,1,1,10,2024,1,70,3.0,800000.0,49895
8079120,1,2,1,10,2024,2,17,5.0,,49899
8079121,1,1,1,10,2024,1,72,1.0,1000000.0,49902
8079123,1,2,1,10,2024,2,28,8.0,1000000.0,49905
8079123,1,3,1,10,2024,2,3,2.0,,49906
8079123,1,4,1,10,2024,1,1,,,49907
8079125,1,2,1,10,2024,2,36,3.0,900000.0,49911
8079128,1,1,1,10,2024,1,50,3.0,900000.0,49917
8079128,1,2,1,10,2024,2,39,3.0,,49918
8079128,1,4,1,10,2024,2,24,8.0,1300000.0,49920
8079130,1,2,1,10,2024,2,34,5.0,1600000.0,49923
8079130,1,3,1,10,2024,2,18,5.0,,49924
8079131,1,1,1,10,2024,2,49,3.0,500000.0,49927
8079134,1,1,1,10,2024,1,67,3.0,800000.0,49928
8079138,1,3,1,10,2024,2,75,3.0,,49932
8079138,1,4,1,10,2024,2,43,9.0,1500000.0,49933
8079138,1,5,1,10,2024,1,15,4.0,,49934
8079140,1,1,1,10,2024,1,24,5.0,,49935
8079141,1,3,1,10,2024,2,8,3.0,,49938
8079143,1,1,1,10,2024,1,35,5.0,640000.0,49942
8079143,1,3,1,10,2024,2,0,,,49944
8079144,1,1,1,10,2024,1,49,12.0,5500000.0,49945
8079144,1,2,1,10,2024,2,48,9.0,,49946
8079145,1,1,1,10,2024,2,56,5.0,150000.0,49947
8079145,1,5,1,10,2024,1,92,1.0,,49951
8079146,1,1,1,10,2024,2,69,1.0,,49952
8079149,1,3,1,10,2024,1,31,10.0,,49962
8079150,1,3,1,10,2024,1,12,3.0,,49965
8079152,1,2,1,10,2024,1,29,5.0,,49971
8079152,1,3,1,10,2024,2,26,5.0,,49972
8079153,1,3,1,10,2024,2,21,5.0,,49975
8079154,1,2,1,10,2024,1,66,1.0,,49977
8079157,1,2,1,10,2024,2,56,4.0,,49989
8079158,1,1,1,10,2024,2,36,5.0,,49990
8079158,1,2,1,10,2024,1,48,5.0,700000.0,49991
8079158,1,7,1,10,2024,2,11,3.0,,49996
8079160,1,2,1,10,2024,1,85,1.0,,50000
8079161,1,1,1,10,2024,1,67,3.0,600000.0,50001
8079167,1,1,1,10,2024,2,48,4.0,300000.0,50014
8079168,1,3,1,10,2024,1,32,5.0,1300000.0,50019
8079169,1,2,1,10,2024,2,52,3.0,,50023
8079170,1,3,1,10,2024,2,24,7.0,350000.0,50026
8079172,1,1,1,10,2024,2,50,5.0,,50033
8079172,1,3,1,10,2024,1,4,1.0,,50035
8079173,1,2,1,10,2024,1,32,3.0,750000.0,50037
8079173,1,5,1,10,2024,2,0,,,50040
8079174,1,1,1,10,2024,2,41,5.0,1300000.0,50041
8079174,1,2,1,10,2024,1,54,5.0,2400000.0,50042
8079174,1,4,1,10,2024,1,1,,,50044
8079175,1,2,1,10,2024,2,47,3.0,,50046
8079175,1,4,1,10,2024,2,25,5.0,,50048
8079177,1,2,1,10,2024,1,85,1.0,,50051
8079177,1,3,1,10,2024,2,89,3.0,,50052
8079179,1,2,1,10,2024,2,90,1.0,,50054
8079183,1,2,1,10,2024,1,8,3.0,,50062
8079185,1,1,1,10,2024,1,70,9.0,1500000.0,50064
8079185,1,2,1,10,2024,2,75,3.0,,50065
8079186,1,3,1,10,2024,2,39,5.0,,50068
8079186,1,7,1,10,2024,2,4,2.0,,50072
8079188,1,2,1,10,2024,1,15,4.0,,50077
8079189,1,1,1,10,2024,1,60,4.0,350000.0,50078
8079189,1,6,1,10,2024,2,7,3.0,,50083
8079192,1,2,1,10,2024,1,45,5.0,1300000.0,50091
8079192,1,3,1,10,2024,1,17,5.0,,50092
8079197,1,3,1,10,2024,1,5,1.0,,50101
8079202,1,2,1,10,2024,2,25,5.0,1300000.0,50110
8079205,1,2,1,10,2024,2,39,5.0,,50117
8079208,1,3,1,10,2024,2,17,5.0,,50126
8079211,1,1,1,10,2024,2,50,5.0,140000.0,50131
8079211,1,2,1,10,2024,1,50,3.0,1000000.0,50132
8079211,1,3,1,10,2024,2,24,10.0,1300000.0,50133
8079213,1,1,1,10,2024,1,49,1.0,300000.0,50140
8079213,1,2,1,10,2024,1,23,5.0,400000.0,50141
8079214,1,1,1,10,2024,1,35,3.0,500000.0,50145
8079215,1,1,1,10,2024,2,58,1.0,150000.0,50150
8079216,1,1,1,10,2024,2,54,1.0,200000.0,50151
8079216,1,3,1,10,2024,1,25,1.0,,50153
8079217,1,3,1,10,2024,1,13,4.0,,50158
8079217,1,4,1,10,2024,2,10,3.0,,50159
8079219,1,3,1,10,2024,1,7,3.0,,50168
8079222,1,1,1,10,2024,1,52,1.0,120000.0,50172
8079222,1,3,1,10,2024,1,14,4.0,,50174
8079222,1,6,1,10,2024,2,8,3.0,,50177
8079223,1,2,1,10,2024,1,57,1.0,,50179
8079224,1,4,1,10,2024,1,4,1.0,,50184
8079225,1,1,1,10,2024,1,46,1.0,300000.0,50185
8079225,1,4,1,10,2024,1,14,4.0,,50188
8079225,1,5,1,10,2024,1,12,4.0,,50189
8079226,1,2,1,10,2024,1,58,1.0,,50194
8079227,1,2,1,10,2024,2,62,1.0,,50201
8079228,1,1,1,10,2024,1,18,5.0,100000.0,50202
8079229,1,1,1,10,2024,1,49,3.0,500000.0,50205
8079229,1,4,1,10,2024,2,14,4.0,,50208
8079229,1,8,1,10,2024,2,2,,,50212
8079230,1,2,1,10,2024,2,5,2.0,,50214
8079231,1,2,1,10,2024,2,70,1.0,,50216
8079231,1,4,1,10,2024,1,11,3.0,,50218
8079234,1,2,1,10,2024,2,47,10.0,,50228
8079235,1,1,1,10,2024,2,28,5.0,300000.0,50229
8079235,1,3,1,10,2024,2,12,3.0,,50231
8079235,1,4,1,10,2024,2,11,3.0,,50232
8079235,1,5,1,10,2024,2,6,3.0,,50233
8079236,1,1,1,10,2024,1,34,3.0,720000.0,50234
8079237,1,1,1,10,2024,1,55,1.0,,50236
8079237,1,2,1,10,2024,2,50,1.0,,50237
8079237,1,6,1,10,2024,2,8,3.0,,50241
8079239,1,3,1,10,2024,1,21,4.0,,50248
8079240,1,1,1,10,2024,2,40,3.0,,50250
8079240,1,2,1,10,2024,2,17,4.0,,50251
8079242,1,2,1,10,2024,2,22,5.0,,50255
8079245,1,1,1,10,2024,2,32,5.0,,50262
8079245,1,3,1,10,2024,1,14,4.0,,50264
8079248,1,1,1,10,2024,1,60,4.0,2000000.0,50270
8079249,1,2,1,10,2024,2,21,1.0,,50275
8079250,1,1,1,10,2024,1,37,4.0,,50276
8079250,1,4,1,10,2024,2,7,3.0,,50279
8079252,1,1,1,10,2024,1,43,3.0,,50284
8079252,1,4,1,10,2024,2,10,3.0,,50287
8079255,1,1,1,10,2024,2,60,3.0,,50296
8079256,1,2,1,10,2024,2,4,1.0,,50299
8079257,1,1,1,10,2024,2,39,3.0,,50300
8079257,1,2,1,10,2024,2,15,4.0,,50301
8079258,1,1,1,10,2024,2,77,1.0,,50303
8079258,1,2,1,10,2024,1,25,4.0,1200000.0,50304
8079258,1,3,1,10,2024,1,11,3.0,,50305
8079259,1,1,1,10,2024,2,27,3.0,,50306
8079259,1,4,1,10,2024,1,12,3.0,,50309
8079261,1,1,1,10,2024,1,25,4.0,800000.0,50312
8079262,1,2,1,10,2024,1,18,5.0,,50318
8079263,1,2,1,10,2024,2,16,5.0,,50322
8079264,1,1,1,10,2024,2,53,3.0,,50323
8079264,1,2,1,10,2024,2,19,10.0,,50324
8079265,1,1,1,10,2024,1,56,3.0,2000000.0,50325
8079265,1,3,1,10,2024,2,10,3.0,,50327
8079268,1,3,1,10,2024,2,21,5.0,,50332
8079268,1,4,1,10,2024,2,1,,,50333
8079269,1,8,1,10,2024,1,10,3.0,,50341
8079272,1,1,1,10,2024,2,42,9.0,,50346
8079272,1,2,1,10,2024,1,26,5.0,,50347
8079274,1,2,1,10,2024,1,24,4.0,,50352
8079274,1,4,1,10,2024,2,14,4.0,,50354
8079275,1,3,1,10,2024,2,4,2.0,,50360
8079276,1,2,1,10,2024,2,16,5.0,,50362
8079278,1,5,1,10,2024,1,2,,,50369
8079280,1,2,1,10,2024,2,53,4.0,,50372
8079280,1,3,1,10,2024,1,11,3.0,,50373
8079281,1,1,1,10,2024,1,54,3.0,1000000.0,50375
8079283,1,1,1,10,2024,2,21,4.0,,50379
8079284,1,3,1,10,2024,1,16,4.0,,50387
8079285,1,1,1,10,2024,1,44,1.0,900000.0,50389
8079286,1,1,1,10,2024,2,37,4.0,,50390
8079286,1,2,1,10,2024,2,5,2.0,,50391
8079286,1,3,1,10,2024,2,3,2.0,,50392
8079289,1,1,1,10,2024,1,49,3.0,1200000.0,50397
8079290,1,1,1,10,2024,2,36,3.0,,50399
8079290,1,3,1,10,2024,2,12,4.0,,50401
8079290,1,4,1,10,2024,2,3,1.0,,50402
8079291,1,3,1,10,2024,2,13,3.0,,50406
8079291,1,4,1,10,2024,1,3,1.0,,50407
8079291,1,5,1,10,2024,2,0,,,50408
8079293,1,1,1,10,2024,2,43,3.0,,50412
8079293,1,3,1,10,2024,1,85,1.0,,50414
8079295,1,1,1,10,2024,2,72,4.0,,50417
8079297,1,1,1,10,2024,2,16,4.0,,50420
8079298,1,1,1,10,2024,2,56,3.0,350000.0,50423
8079298,1,2,1,10,2024,2,9,3.0,,50424
8079299,1,1,1,10,2024,2,27,3.0,,50425
8079299,1,5,1,10,2024,1,3,1.0,,50429
8079300,1,2,1,10,2024,2,31,4.0,,50431
8079301,1,4,1,10,2024,2,16,4.0,,50436
8079303,1,2,1,10,2024,1,38,3.0,,50444
8079303,1,3,1,10,2024,1,13,4.0,,50445
8079304,1,3,1,10,2024,1,31,4.0,480000.0,50449
8079305,1,1,1,10,2024,2,51,10.0,2700000.0,50450
8079306,1,1,1,10,2024,2,35,7.0,,50453
8079309,1,2,1,10,2024,2,84,1.0,,50461
8079312,1,1,1,10,2024,1,61,5.0,,50464
8079313,1,2,1,10,2024,1,17,5.0,,50467
8079315,1,2,1,10,2024,2,25,9.0,,50473
8079316,1,1,1,10,2024,2,48,4.0,,50477
8079316,1,4,1,10,2024,1,4,1.0,,50480
8079318,1,1,1,10,2024,2,53,5.0,600000.0,50485
8079318,1,3,1,10,2024,1,14,4.0,,50487
8079320,1,1,1,10,2024,2,48,3.0,,50491
8079321,1,1,1,10,2024,2,30,3.0,,50493
8079324,1,1,1,10,2024,2,53,3.0,,50498
8079325,1,1,1,10,2024,1,77,1.0,,50500
8079326,1,2,1,10,2024,2,47,3.0,,50502
8079329,1,2,1,10,2024,2,29,4.0,,50507
8079331,1,1,1,10,2024,1,43,3.0,580000.0,50509
8079332,1,2,1,10,2024,2,21,5.0,,50512
8079332,1,3,1,10,2024,1,0,,,50513
8079333,1,1,1,10,2024,1,50,1.0,,50514
8079335,1,3,1,10,2024,1,3,1.0,,50518
8079342,1,2,1,10,2024,1,3,1.0,,50532
8079348,1,1,1,10,2024,2,65,1.0,,50539
8079349,1,2,1,10,2024,1,9,3.0,,50542
8079350,1,1,1,10,2024,2,50,4.0,100000.0,50543
8079351,1,1,1,10,2024,1,52,10.0,700000.0,50546
8079353,1,1,1,10,2024,1,94,1.0,,50549
8079354,1,4,1,10,2024,2,16,4.0,,50553
8079356,1,1,1,10,2024,2,37,5.0,580000.0,50557
8079357,1,3,1,10,2024,1,13,4.0,,50562
8079358,1,3,1,10,2024,1,1,,,50565
8079359,1,1,1,10,2024,2,40,10.0,,50566
8079361,1,2,1,10,2024,1,70,1.0,,50573
8079362,1,1,1,10,2024,1,57,3.0,1000000.0,50574
8079363,1,1,1,10,2024,1,95,1.0,,50576
8079365,1,1,1,10,2024,2,51,3.0,1000000.0,50579
8079369,1,1,1,10,2024,2,24,5.0,,50587
8079374,1,1,1,10,2024,1,66,3.0,,50592
8079374,1,2,1,10,2024,2,57,4.0,150000.0,50593
8079376,1,1,1,10,2024,2,59,3.0,,50596
8079376,1,2,1,10,2024,1,67,4.0,200000.0,50597
8079379,1,2,1,10,2024,2,6,3.0,,50604
8079382,1,1,1,10,2024,1,94,1.0,,50607
8079382,1,2,1,10,2024,2,83,1.0,,50608
8079389,1,1,1,10,2024,1,30,5.0,1500000.0,50620
8079391,1,2,1,10,2024,1,16,4.0,,50625
8079393,1,1,1,10,2024,2,80,1.0,,50626
8079396,1,3,1,10,2024,2,19,5.0,300000.0,50633
8079397,1,1,1,10,2024,2,78,3.0,,50636
8079397,1,2,1,10,2024,1,49,5.0,2000000.0,50637
8079398,1,3,1,10,2024,2,13,4.0,,50640
8079400,1,2,1,10,2024,2,90,1.0,,50644
8079401,1,1,1,10,2024,1,78,1.0,,50645
8079403,1,4,1,10,2024,1,13,4.0,,50653
8079403,1,5,1,10,2024,1,7,3.0,,50654
8079405,1,2,1,10,2024,2,75,4.0,,50657
8079406,1,1,1,10,2024,1,47,4.0,1400000.0,50658
8079407,1,1,1,10,2024,1,64,3.0,300000.0,50660
8079407,1,2,1,10,2024,2,57,3.0,,50661
8079407,1,3,1,10,2024,2,7,3.0,,50662
8079410,1,4,1,10,2024,1,6,3.0,,50668
8079411,1,2,1,10,2024,2,37,5.0,,50670
8079413,1,2,1,10,2024,2,27,8.0,,50673
8079414,1,2,1,10,2024,2,16,5.0,,50676
8079414,1,4,1,10,2024,2,8,3.0,,50678
8079415,1,2,1,10,2024,2,0,,,50681
8079416,1,3,1,10,2024,1,20,4.0,,50684
8079419,1,1,1,10,2024,2,33,8.0,,50693
8079419,1,2,1,10,2024,1,30,3.0,1000000.0,50694
8079420,1,2,1,10,2024,2,25,5.0,,50697
8079422,1,3,1,10,2024,1,8,3.0,,50704
8079423,1,2,1,10,2024,2,3,1.0,,50706
8079424,1,1,1,10,2024,2,39,5.0,600000.0,50707
8079424,1,4,1,10,2024,2,17,8.0,,50710
8079424,1,6,1,10,2024,2,11,4.0,,50712
8079425,1,3,1,10,2024,2,9,3.0,,50715
8079426,1,3,1,10,2024,2,1,,,50718
8079427,1,1,1,10,2024,2,83,1.0,,50719
8079429,1,1,1,10,2024,2,21,4.0,600000.0,50722
8079430,1,1,1,10,2024,2,74,1.0,,50725
8079431,1,1,1,10,2024,2,29,1.0,,50727
8079431,1,2,1,10,2024,2,11,3.0,,50728
8079431,1,4,1,10,2024,1,7,2.0,,50730
8079432,1,3,1,10,2024,2,4,1.0,,50733
8079432,1,4,1,10,2024,2,3,1.0,,50734
8079434,1,2,1,10,2024,2,47,1.0,,50737
8079435,1,2,1,10,2024,2,21,3.0,,50740
8079439,1,1,1,10,2024,1,54,1.0,1000000.0,50750
8079441,1,1,1,10,2024,1,44,9.0,1500000.0,50756
8079441,1,3,1,10,2024,2,27,5.0,,50758
8079442,1,2,1,10,2024,2,31,11.0,2000000.0,50762
8079443,1,1,1,10,2024,1,29,9.0,1601000.0,50764
8079443,1,2,1,10,2024,2,23,10.0,,50765
8079445,1,2,1,10,2024,2,64,1.0,,50771
8079446,1,1,1,10,2024,1,28,10.0,2600000.0,50773
8079446,1,2,1,10,2024,1,27,8.0,1708000.0,50774
8079448,1,5,1,10,2024,2,29,11.0,7000000.0,50781
8079449,1,1,1,10,2024,1,38,9.0,,50782
8079449,1,4,1,10,2024,2,1,,,50785
8079452,1,1,1,10,2024,2,52,3.0,2200000.0,50787
8079453,1,2,1,10,2024,2,39,10.0,1600000.0,50790
8079455,1,2,1,10,2024,1,57,4.0,1800000.0,50795
8079456,1,1,1,10,2024,2,42,8.0,1300000.0,50796
8079458,1,1,1,10,2024,1,70,5.0,,50800
8079461,1,2,1,10,2024,2,76,3.0,,50804
8079465,1,1,1,10,2024,1,36,4.0,,50807
8079465,1,4,1,10,2024,1,5,1.0,,50810
8079468,1,1,1,10,2024,2,21,4.0,1300000.0,50812
8079468,1,7,1,10,2024,2,16,4.0,,50818
8079469,1,2,1,10,2024,2,52,4.0,,50820
8079478,1,1,1,10,2024,1,32,9.0,2500000.0,50835
8079479,1,1,1,10,2024,2,65,8.0,,50837
8079480,1,3,1,10,2024,2,21,10.0,,50842
8079480,1,4,1,10,2024,2,19,9.0,,50843
8079482,1,2,1,10,2024,2,45,11.0,5000000.0,50845
8079483,1,1,1,10,2024,2,51,10.0,1200000.0,50847
8079489,1,2,1,10,2024,1,48,5.0,2000000.0,50855
8079490,1,3,1,10,2024,2,30,10.0,4600000.0,50859
8079493,1,1,1,10,2024,1,55,8.0,1300000.0,50860
8079493,1,4,1,10,2024,2,30,10.0,1500000.0,50863
8079494,1,2,1,10,2024,1,35,5.0,1300000.0,50865
8079494,1,3,1,10,2024,2,29,5.0,1300000.0,50866
8079497,1,1,1,10,2024,2,60,12.0,6000000.0,50870
8079497,1,2,1,10,2024,2,18,5.0,,50871
8079501,1,1,1,10,2024,1,77,12.0,,50875
8079501,1,2,1,10,2024,2,78,10.0,,50876
8079511,1,3,1,10,2024,2,19,10.0,,50887
8079512,1,2,1,10,2024,2,84,3.0,,50889
8079512,1,4,1,10,2024,2,64,3.0,,50891
8079514,1,3,1,10,2024,1,31,8.0,1300000.0,50894
8079515,1,2,1,10,2024,1,16,5.0,,50896
8079516,1,2,1,10,2024,2,30,6.0,,50898
8079516,1,4,1,10,2024,2,10,3.0,,50900
8079518,1,1,1,10,2024,1,39,10.0,2000000.0,50905
8079518,1,3,1,10,2024,1,20,8.0,,50907
8079520,1,1,1,10,2024,2,45,5.0,1300000.0,50909
8079525,1,4,1,10,2024,2,25,5.0,1300000.0,50921
8079525,1,5,1,10,2024,1,11,3.0,,50922
8079526,1,2,1,10,2024,2,26,5.0,1300000.0,50925
8079528,1,1,1,10,2024,2,34,5.0,1300000.0,50930
8079531,1,5,1,10,2024,1,32,4.0,600000.0,50938
8079533,1,1,1,10,2024,2,78,3.0,300000.0,50941
8079534,1,3,1,10,2024,2,31,9.0,1300000.0,50944
8079534,1,4,1,10,2024,2,1,,,50945
8079535,1,1,1,10,2024,2,70,11.0,,50946
8079537,1,1,1,10,2024,2,48,5.0,27000000.0,50949
8079537,1,2,1,10,2024,1,72,3.0,,50950
8079537,1,3,1,10,2024,1,17,5.0,,50951
8079537,1,4,1,10,2024,2,15,4.0,,50952
8079538,1,2,1,10,2024,1,57,3.0,,50954
8079540,1,1,1,10,2024,2,40,5.0,1300000.0,50956
8079541,1,2,1,10,2024,1,47,9.0,1300000.0,50960
8079548,1,3,1,10,2024,1,25,4.0,1300000.0,50966
8079553,1,3,1,10,2024,2,6,2.0,,50974
8079554,1,2,1,10,2024,1,7,3.0,,50976
8079554,1,3,1,10,2024,2,3,1.0,,50977
8079556,1,4,1,10,2024,2,7,3.0,,50981
8079558,1,2,1,10,2024,1,27,5.0,,50985
8079559,1,1,1,10,2024,1,31,10.0,4000000.0,50986
8079559,1,2,1,10,2024,2,35,11.0,3800000.0,50987
8079560,1,1,1,10,2024,1,43,9.0,1800000.0,50988
8079563,1,1,1,10,2024,1,69,5.0,,50989
8079566,1,1,1,10,2024,2,70,5.0,,50995
8079566,1,2,1,10,2024,2,27,5.0,1000000.0,50996
8079575,1,4,1,10,2024,2,19,8.0,,51000
8079577,1,2,1,10,2024,2,29,10.0,4000000.0,51002
8079585,1,2,1,10,2024,2,65,11.0,,51011
8079587,1,1,1,10,2024,1,42,5.0,1800000.0,51016
8079588,1,2,1,10,2024,2,22,10.0,2500000.0,51021
8079589,1,1,1,10,2024,2,74,9.0,,51022
8079589,1,2,1,10,2024,2,91,3.0,,51023
8079589,1,3,1,10,2024,2,71,9.0,,51024
8079591,1,2,1,10,2024,1,66,5.0,,51027
8079597,1,2,1,10,2024,2,63,5.0,,51040
8079598,1,1,1,10,2024,1,71,1.0,,51042
8079601,1,3,1,10,2024,1,20,9.0,,51045
8079602,1,3,1,10,2024,1,29,11.0,1600000.0,51048
8079607,1,2,1,10,2024,2,43,10.0,1600000.0,51056
8079610,1,2,1,10,2024,2,78,3.0,,51062
8079610,1,5,1,10,2024,2,54,10.0,500000.0,51065
8079610,1,6,1,10,2024,1,61,5.0,1600000.0,51066
8079611,1,1,1,10,2024,1,73,4.0,,51067
8079614,1,1,1,10,2024,1,41,10.0,2910000.0,51069
8079617,1,1,1,10,2024,1,42,10.0,1250000.0,51075
8079620,1,2,1,10,2024,2,72,8.0,,51079
8079631,1,1,1,10,2024,2,65,3.0,28000.0,51082
8079636,1,3,1,10,2024,1,39,4.0,1300000.0,51093
8079638,1,2,1,10,2024,2,42,5.0,1300000.0,51096
8079638,1,3,1,10,2024,2,10,3.0,,51097
8079639,1,5,1,10,2024,2,10,3.0,,51102
8079640,1,2,1,10,2024,1,29,10.0,2800000.0,51105
8079641,1,1,1,10,2024,1,36,8.0,1600000.0,51108
8079643,1,4,1,10,2024,2,2,,,51115
8079646,1,1,1,10,2024,1,30,8.0,1300000.0,51122
8079646,1,3,1,10,2024,2,13,4.0,,51124
8079649,1,1,1,10,2024,1,77,3.0,,51126
8079649,1,8,1,10,2024,1,33,5.0,1300000.0,51133
8079649,1,9,1,10,2024,2,34,5.0,1300000.0,51134
8079650,1,1,1,10,2024,1,54,5.0,1000000.0,51136
8079651,1,1,1,10,2024,1,60,4.0,,51137
8079651,1,2,1,10,2024,2,59,4.0,,51138
8079653,1,1,1,10,2024,1,25,8.0,,51140
8079655,1,2,1,10,2024,2,62,4.0,,51145
8079657,1,1,1,10,2024,2,65,9.0,,51150
8079659,1,1,1,10,2024,2,60,3.0,,51152
8079660,1,2,1,10,2024,2,23,10.0,,51155
8079661,1,1,1,10,2024,1,68,3.0,300000.0,51156
8079663,1,3,1,10,2024,2,36,5.0,1300000.0,51162
8079663,1,5,1,10,2024,2,12,3.0,,51164
8079664,1,1,1,10,2024,2,62,4.0,200000.0,51165
8079667,1,2,1,10,2024,2,69,5.0,,51173
8079670,1,2,1,10,2024,1,48,5.0,1800000.0,51178
8079670,1,3,1,10,2024,1,21,5.0,3400000.0,51179
8079670,1,4,1,10,2024,1,15,4.0,,51180
8079676,1,2,1,10,2024,2,75,5.0,,51193
8079677,1,1,1,10,2024,2,77,3.0,,51194
8079677,1,3,1,10,2024,1,57,4.0,1700000.0,51196
8079679,1,2,1,10,2024,1,31,4.0,1300000.0,51201
8079681,1,1,1,10,2024,1,44,5.0,1500000.0,51206
8079681,1,2,1,10,2024,2,41,5.0,,51207
8079682,1,6,1,10,2024,1,3,1.0,,51214
8079682,1,7,1,10,2024,2,1,,,51215
8079684,1,2,1,10,2024,2,56,3.0,,51218
8079686,1,2,1,10,2024,2,32,5.0,,51223
8079686,1,3,1,10,2024,1,9,3.0,,51224
8079689,1,1,1,10,2024,2,70,5.0,,51226
8079692,1,1,1,10,2024,1,70,4.0,,51230
8079692,1,2,1,10,2024,2,72,3.0,,51231
8079695,1,1,1,10,2024,1,34,8.0,2345000.0,51237
8079703,1,2,1,10,2024,2,48,10.0,,51242
8079711,1,1,1,10,2024,2,55,4.0,140000.0,51254
8079711,1,2,1,10,2024,1,69,4.0,1300000.0,51255
8079711,1,4,1,10,2024,2,32,4.0,,51257
8079711,1,11,1,10,2024,1,20,5.0,1000000.0,51264
8079712,1,2,1,10,2024,2,50,3.0,,51267
8079712,1,3,1,10,2024,1,14,4.0,,51268
8079712,1,6,1,10,2024,1,3,2.0,,51271
8079712,1,7,1,10,2024,1,0,,,51272
8079714,1,1,1,10,2024,2,52,3.0,200000.0,51278
8079715,1,2,1,10,2024,2,32,5.0,,51282
8079717,1,1,1,10,2024,1,63,3.0,840000.0,51289
8079717,1,2,1,10,2024,2,65,4.0,500000.0,51290
8079721,1,3,1,10,2024,1,5,2.0,,51303
8079723,1,2,1,10,2024,1,42,3.0,900000.0,51308
8079724,1,3,1,10,2024,1,17,9.0,,51313
8079724,1,4,1,10,2024,2,29,5.0,500000.0,51314
8079725,1,1,1,10,2024,1,34,5.0,1300000.0,51320
8079725,1,3,1,10,2024,1,3,1.0,,51322
8079727,1,1,1,10,2024,1,38,4.0,450000.0,51326
8079727,1,2,1,10,2024,2,36,5.0,1300000.0,51327
8079727,1,3,1,10,2024,1,12,4.0,,51328
8079727,1,4,1,10,2024,1,10,3.0,,51329
8079727,1,5,1,10,2024,2,63,3.0,,51330
8079729,1,5,1,10,2024,1,4,1.0,,51336
8079734,1,2,1,10,2024,2,62,3.0,,51357
8079734,2,1,2,10,2024,1,36,5.0,1400000.0,51358
8079734,3,3,3,10,2024,1,11,4.0,,51364
8079734,4,2,4,10,2024,2,24,8.0,1320000.0,51366
8079737,1,3,1,10,2024,1,17,4.0,700000.0,51374
8079737,1,6,1,10,2024,2,4,1.0,,51377
8079737,1,7,1,10,2024,1,22,4.0,400000.0,51378
8079737,1,9,1,10,2024,2,1,,,51380
8079738,1,3,1,10,2024,1,29,8.0,1600000.0,51383
8079739,1,2,1,10,2024,2,22,10.0,,51388
8079740,1,1,1,10,2024,1,47,4.0,1400000.0,51391
8079740,1,2,1,10,2024,2,47,5.0,,51392
8079742,1,2,1,10,2024,2,62,3.0,780000.0,51401
8079743,1,1,1,10,2024,1,38,4.0,800000.0,51402
8079744,1,3,1,10,2024,2,21,1.0,,51409
8079744,1,4,1,10,2024,2,18,5.0,,51410
8079744,1,6,1,10,2024,2,14,4.0,,51412
8079744,1,8,1,10,2024,1,66,1.0,300000.0,51414
8079745,1,2,1,10,2024,1,12,1.0,,51416
8079748,1,1,1,10,2024,2,45,5.0,,51422
8079748,1,4,1,10,2024,1,23,4.0,,51425
8079748,1,5,1,10,2024,1,34,8.0,1300000.0,51426
8079749,1,6,1,10,2024,2,2,,,51432
8079749,1,8,1,10,2024,2,8,3.0,,51434
8079752,1,1,1,10,2024,1,89,1.0,,51440
8079752,1,2,1,10,2024,2,51,5.0,,51441
8079752,1,4,1,10,2024,1,21,5.0,360000.0,51443
8079753,1,2,1,10,2024,2,42,3.0,,51445
8079753,1,4,1,10,2024,1,9,3.0,,51447
8079753,1,5,1,10,2024,2,20,5.0,,51448
8079754,1,1,1,10,2024,1,25,5.0,1200000.0,51450
8079754,1,2,1,10,2024,2,25,5.0,,51451
8079754,1,4,1,10,2024,1,7,3.0,,51453
8079755,1,1,1,10,2024,2,23,5.0,,51455
8079755,1,4,1,10,2024,2,1,,,51458
8079756,1,3,1,10,2024,2,16,4.0,,51461
8079756,1,4,1,10,2024,1,9,3.0,,51462
8079757,1,1,1,10,2024,2,42,1.0,,51463
8079760,1,1,1,10,2024,1,52,3.0,1000000.0,51471
8079760,1,3,1,10,2024,2,28,5.0,,51473
8079761,1,2,1,10,2024,1,66,3.0,700000.0,51477
8079763,1,2,1,10,2024,1,28,4.0,800000.0,51486
8079765,1,1,1,10,2024,2,86,3.0,,51493
8079765,1,4,1,10,2024,2,51,3.0,,51496
8079767,1,4,1,10,2024,1,8,3.0,,51508
8079768,1,1,1,10,2024,2,61,5.0,,51509
8079768,1,3,1,10,2024,1,34,6.0,1000000.0,51511
8079769,1,4,1,10,2024,1,3,2.0,,51515
8079769,1,6,1,10,2024,1,30,5.0,1100000.0,51517
8079771,1,1,1,10,2024,2,56,8.0,,51521
8079771,1,3,1,10,2024,1,7,3.0,,51523
8079772,1,1,1,10,2024,2,50,1.0,60000.0,51524
8079774,1,1,1,10,2024,1,34,5.0,600000.0,51528
8079774,1,2,1,10,2024,2,36,5.0,,51529
8079776,1,4,1,10,2024,1,13,4.0,,51535
8079777,1,2,1,10,2024,2,45,5.0,,51537
8079777,1,3,1,10,2024,1,21,9.0,,51538
8079778,1,1,1,10,2024,1,45,5.0,700000.0,51542
8079780,1,1,1,10,2024,1,36,3.0,600000.0,51549
8079780,1,2,1,10,2024,2,24,5.0,1400000.0,51550
8079780,1,3,1,10,2024,1,3,2.0,,51551
8079781,1,3,1,10,2024,1,15,4.0,,51554
8079781,1,5,1,10,2024,1,11,4.0,,51556
8079783,1,2,1,10,2024,2,36,5.0,,51561
8079783,1,3,1,10,2024,2,15,4.0,,51562
8079786,1,2,1,10,2024,2,74,3.0,,51566
8079789,1,1,1,10,2024,1,60,8.0,800000.0,51569
8079791,1,3,1,10,2024,1,30,10.0,2600000.0,51574
8079791,1,4,1,10,2024,1,87,5.0,,51575
8079792,1,1,1,10,2024,2,74,4.0,,51576
8079792,1,2,1,10,2024,1,84,5.0,,51577
8079792,1,4,1,10,2024,2,23,10.0,,51579
8079792,1,5,1,10,2024,1,9,3.0,,51580
8079793,1,1,1,10,2024,1,27,10.0,3900000.0,51581
8079794,1,1,1,10,2024,2,41,10.0,,51582
8079794,1,4,1,10,2024,1,7,3.0,,51585
8079795,1,1,1,10,2024,2,74,10.0,1500000.0,51586
8079797,1,1,1,10,2024,1,37,10.0,4200000.0,51587
8079798,1,1,1,10,2024,2,64,10.0,160000.0,51588
8079802,1,1,1,10,2024,1,43,10.0,6500000.0,51592
8079803,1,1,1,10,2024,1,31,10.0,4500000.0,51595
8079803,1,3,1,10,2024,1,2,,,51597
8079804,1,2,1,10,2024,1,16,5.0,,51599
8079805,1,2,1,10,2024,2,47,5.0,,51601
8079805,1,3,1,10,2024,2,21,10.0,,51602
8079807,1,1,1,10,2024,1,39,9.0,4800000.0,51607
8079807,1,3,1,10,2024,1,16,5.0,,51609
8079808,1,1,1,10,2024,1,62,10.0,,51611
8079810,1,3,1,10,2024,1,53,5.0,,51617
8079810,1,5,1,10,2024,2,42,4.0,1450000.0,51619
8079810,1,7,1,10,2024,1,13,4.0,,51621
8079811,1,3,1,10,2024,1,34,10.0,1300000.0,51627
8079811,1,4,1,10,2024,2,36,10.0,2600000.0,51628
8079812,1,3,1,10,2024,1,15,4.0,,51634
8079812,1,4,1,10,2024,2,8,3.0,,51635
8079813,1,1,1,10,2024,1,59,5.0,1200000.0,51636
8079814,1,2,1,10,2024,2,38,8.0,,51638
8079816,1,4,1,10,2024,1,1,,,51648
8079816,1,6,1,10,2024,2,44,4.0,300000.0,51650
8079816,1,7,1,10,2024,1,48,4.0,650000.0,51651
8079817,1,1,1,10,2024,2,38,10.0,2600000.0,51652
8079821,1,3,1,10,2024,1,21,10.0,,51666
8079822,1,1,1,10,2024,1,32,10.0,2000000.0,51670
8079822,1,3,1,10,2024,1,81,5.0,,51672
8079823,1,1,1,10,2024,2,72,5.0,,51674
8079825,1,1,1,10,2024,2,64,5.0,200000.0,51678
8079826,1,2,1,10,2024,1,16,5.0,,51684
8079827,1,2,1,10,2024,2,58,12.0,5000000.0,51689
8079830,1,1,1,10,2024,1,64,5.0,600000.0,51697
8079833,1,1,1,10,2024,1,58,8.0,2800000.0,51700
8079833,1,2,1,10,2024,2,56,8.0,2000000.0,51701
8079834,1,1,1,10,2024,1,37,4.0,1300000.0,51704
8079836,1,1,1,10,2024,1,54,5.0,1300000.0,51710
8079838,1,3,1,10,2024,1,11,4.0,,51716
8079839,1,1,1,10,2024,1,35,8.0,1500000.0,51717
8079839,1,2,1,10,2024,2,18,8.0,,51718
8079840,1,1,1,10,2024,1,50,10.0,2300000.0,51720
8079840,1,3,1,10,2024,2,16,5.0,,51722
8079841,1,1,1,10,2024,1,35,10.0,2815000.0,51723
8079841,1,2,1,10,2024,2,37,6.0,2815000.0,51724
8079841,1,3,1,10,2024,2,7,3.0,,51725
8079841,1,4,1,10,2024,1,4,2.0,,51726
8079843,1,1,1,10,2024,1,53,5.0,3000000.0,51729
8079846,1,3,1,10,2024,2,23,5.0,,51734
8079848,1,3,1,10,2024,2,98,3.0,,51740
8079849,1,1,1,10,2024,2,35,5.0,1900000.0,51741
8079851,1,1,1,10,2024,2,77,6.0,,51744
8079853,1,1,1,10,2024,2,70,11.0,,51749
8079855,1,1,1,10,2024,1,25,5.0,,51750
8079855,1,3,1,10,2024,2,43,5.0,1000000.0,51752
8079856,1,3,1,10,2024,1,20,10.0,,51756
8079858,1,3,1,10,2024,1,39,5.0,,51759
8079859,1,1,1,10,2024,2,40,11.0,9000000.0,51760
8079860,1,4,1,10,2024,1,32,5.0,1300000.0,51764
8079860,1,6,1,10,2024,1,3,2.0,,51766
8079861,1,1,1,10,2024,1,68,5.0,,51767
8079862,1,1,1,10,2024,2,34,5.0,,51769
8079863,1,1,1,10,2024,1,51,5.0,0.0,51772
8079863,1,2,1,10,2024,2,51,5.0,,51773
8079863,1,3,1,10,2024,2,22,5.0,,51774
8079864,1,1,1,10,2024,2,60,3.0,220000.0,51775
8079865,1,1,1,10,2024,1,70,4.0,,51776
8079866,1,3,1,10,2024,2,21,10.0,,51781
8079867,1,1,1,10,2024,1,64,8.0,4500000.0,51784
8079867,1,2,1,10,2024,2,62,8.0,2800000.0,51785
8079868,1,2,1,10,2024,2,31,10.0,2000000.0,51789
8079869,1,1,1,10,2024,2,78,9.0,,51791
8079870,1,1,1,10,2024,1,42,10.0,4500000.0,51794
8079873,1,3,1,10,2024,1,56,4.0,1500000.0,51807
8079874,1,1,1,10,2024,2,63,3.0,,51809
8079874,1,2,1,10,2024,1,67,1.0,1450000.0,51810
8079875,1,1,1,10,2024,1,45,4.0,1300000.0,51815
8079878,1,3,1,10,2024,2,18,9.0,,51827
8079878,1,4,1,10,2024,1,13,4.0,,51828
8079879,1,2,1,10,2024,1,46,4.0,1300000.0,51831
8079879,1,4,1,10,2024,1,13,4.0,,51833
8079880,1,1,1,10,2024,1,44,3.0,300000.0,51834
8079880,1,2,1,10,2024,2,35,4.0,300000.0,51835
8079881,1,5,1,10,2024,1,3,2.0,,51842
8079882,1,3,1,10,2024,2,20,8.0,,51845
8079882,1,4,1,10,2024,2,35,5.0,1550000.0,51846
8079882,1,5,1,10,2024,1,9,3.0,,51847
8079883,1,1,1,10,2024,2,70,3.0,200000.0,51848
8079883,1,2,1,10,2024,2,70,1.0,200000.0,51849
8079884,1,1,1,10,2024,1,46,8.0,,51850
8079885,1,1,1,10,2024,2,55,8.0,1300000.0,51853
8079887,1,2,1,10,2024,2,54,5.0,1000000.0,51857
8079888,1,1,1,10,2024,1,72,3.0,,51858
8079889,1,3,1,10,2024,1,37,10.0,5800000.0,51863
8079890,1,1,1,10,2024,1,29,5.0,1400000.0,51864
8079890,1,3,1,10,2024,1,25,5.0,1400000.0,51866
8079891,1,1,1,10,2024,2,45,5.0,2500000.0,51867
8079896,1,1,1,10,2024,1,31,8.0,2400000.0,51874
8079896,1,2,1,10,2024,2,29,12.0,,51875
8079900,1,1,1,10,2024,1,64,10.0,,51883
8079900,1,5,1,10,2024,2,58,3.0,1800000.0,51887
8079905,1,5,1,10,2024,1,20,10.0,,51901
8079908,1,1,1,10,2024,1,74,3.0,,51907
8079909,1,2,1,10,2024,1,14,4.0,,51910
8079911,1,1,1,10,2024,1,51,9.0,,51912
8079913,1,3,1,10,2024,1,17,5.0,,51916
8079915,1,1,1,10,2024,1,47,5.0,2000000.0,51917
8079917,1,1,1,10,2024,2,76,5.0,,51921
8079917,1,2,1,10,2024,2,71,4.0,,51922
8079919,1,1,1,10,2024,2,43,4.0,,51924
8079919,1,4,1,10,2024,2,25,8.0,,51927
8079920,1,1,1,10,2024,2,27,10.0,2500000.0,51929
8079923,1,1,1,10,2024,2,32,10.0,2340000.0,51930
8079935,1,1,1,10,2024,1,45,11.0,3800000.0,51941
8079938,1,2,1,10,2024,1,75,5.0,1600000.0,51946
8079940,1,2,1,10,2024,2,53,5.0,,51950
8079941,1,1,1,10,2024,2,63,4.0,,51951
8079944,1,3,1,10,2024,1,53,10.0,7000000.0,51957
8079945,1,1,1,10,2024,1,27,10.0,1500000.0,51958
8079946,1,2,1,10,2024,2,35,9.0,,51960
8079946,2,2,2,10,2024,2,57,6.0,,51963
8079948,1,2,1,10,2024,1,40,9.0,4000000.0,51966
8079955,1,1,1,10,2024,1,80,5.0,,51972
8079961,1,1,1,10,2024,2,43,5.0,600000.0,51976
8079963,1,2,1,10,2024,2,58,5.0,,51981
8079963,1,8,1,10,2024,1,4,2.0,,51987
8079964,1,1,1,10,2024,1,69,5.0,,51988
8079965,1,1,1,10,2024,1,73,10.0,,51990
8079967,1,5,1,10,2024,1,5,2.0,,51997
8079968,1,2,1,10,2024,2,56,8.0,,51999
8079970,1,1,1,10,2024,2,82,3.0,,52001
8079970,1,2,1,10,2024,1,58,9.0,1300000.0,52002
8079971,1,2,1,10,2024,2,23,10.0,1400000.0,52004
8079978,1,2,1,10,2024,1,81,3.0,,52010
8079979,1,1,1,10,2024,2,66,4.0,1300000.0,52011
8079980,1,1,1,10,2024,1,75,3.0,,52012
8079983,1,2,1,10,2024,2,50,5.0,,52019
8079983,1,4,1,10,2024,2,13,4.0,,52021
8079984,1,1,1,10,2024,2,26,5.0,700000.0,52022
8079991,1,1,1,10,2024,2,55,5.0,1450000.0,52032
8079991,1,2,1,10,2024,1,56,3.0,800000.0,52033
8079992,1,2,1,10,2024,2,32,10.0,,52036
8079994,1,2,1,10,2024,2,60,5.0,,52040
8079995,1,2,1,10,2024,1,22,10.0,,52042
8079996,1,2,1,10,2024,2,38,10.0,10000000.0,52044
8079998,1,1,1,10,2024,2,83,3.0,,52046
8079998,1,5,1,10,2024,2,20,8.0,,52050
8079999,1,1,1,10,2024,1,64,10.0,,52052
8080001,1,1,1,10,2024,2,47,12.0,,52055
8080001,1,2,1,10,2024,1,39,5.0,1000000.0,52056
8080003,1,1,1,10,2024,2,52,5.0,1300000.0,52058
8080003,1,2,1,10,2024,1,60,4.0,,52059
8080006,1,1,1,10,2024,1,46,12.0,20000000.0,52062
8080009,1,1,1,10,2024,1,31,10.0,8000000.0,52063
8080018,1,2,1,10,2024,2,49,8.0,,52070
8080020,1,2,1,10,2024,2,40,10.0,5000000.0,52074
8080026,1,4,1,10,2024,2,18,10.0,,52090
8080028,1,1,1,10,2024,1,70,10.0,,52094
8080030,1,3,1,10,2024,1,14,4.0,,52101
8080042,1,2,1,10,2024,2,46,13.0,,52121
8080044,1,2,1,10,2024,2,18,6.0,,52129
8080047,1,2,1,10,2024,2,53,4.0,700000.0,52134
8080048,1,3,1,10,2024,2,35,8.0,1300000.0,52137
8080050,1,1,1,10,2024,2,43,5.0,1300000.0,52138
8080050,1,2,1,10,2024,2,20,4.0,1300000.0,52139
8080053,1,4,1,10,2024,1,18,4.0,,52147
8080053,1,5,1,10,2024,1,14,4.0,,52148
8080056,1,1,1,10,2024,1,35,5.0,1300000.0,52153
8080056,1,2,1,10,2024,2,28,4.0,,52154
8080056,1,3,1,10,2024,1,1,,,52155
8080057,1,1,1,10,2024,2,55,9.0,500000.0,52156
8080057,1,3,1,10,2024,2,16,5.0,,52158
8080061,1,2,1,10,2024,2,37,5.0,,52165
8080066,1,1,1,10,2024,2,58,4.0,1300000.0,52173
8080067,1,1,1,10,2024,1,29,5.0,1300000.0,52174
8080067,1,2,1,10,2024,2,26,5.0,0.0,52175
8080068,1,1,1,10,2024,2,22,5.0,1500000.0,52179
8080069,1,1,1,10,2024,1,40,5.0,1500000.0,52185
8080069,1,4,1,10,2024,1,13,4.0,,52188
8080070,1,1,1,10,2024,1,51,3.0,1000000.0,52189
8080072,1,1,1,10,2024,1,38,5.0,1500000.0,52193
8080072,1,2,1,10,2024,2,33,5.0,1300000.0,52194
8080073,1,1,1,10,2024,2,42,5.0,1500000.0,52195
8080073,1,4,1,10,2024,1,8,3.0,,52198
8080075,1,4,1,10,2024,2,24,10.0,,52203
8080075,1,5,1,10,2024,1,24,10.0,,52204
8080076,1,1,1,10,2024,1,34,10.0,2500000.0,52205
8080077,1,2,1,10,2024,2,67,4.0,,52208
8080078,1,3,1,10,2024,1,13,4.0,,52211
8080079,1,1,1,10,2024,1,29,11.0,5000000.0,52214
8080079,1,2,1,10,2024,2,35,10.0,2000000.0,52215
8080081,1,1,1,10,2024,1,40,4.0,1400000.0,52218
8080082,1,1,1,10,2024,1,50,10.0,,52220
8080083,1,1,1,10,2024,1,82,3.0,,52221
8080084,1,1,1,10,2024,2,55,5.0,1800000.0,52222
8080086,1,1,1,10,2024,1,53,5.0,1600000.0,52226
8080088,1,3,1,10,2024,1,31,10.0,3700000.0,52234
8080088,1,4,1,10,2024,1,21,10.0,,52235
8080089,1,1,1,10,2024,1,53,5.0,1300000.0,52236
8080089,1,2,1,10,2024,2,52,3.0,200000.0,52237
8080089,1,5,1,10,2024,2,19,10.0,,52240
8080090,1,2,1,10,2024,2,53,4.0,1300000.0,52242
8080090,1,4,1,10,2024,2,7,3.0,,52244
8080093,1,2,1,10,2024,1,28,5.0,1700000.0,52253
8080093,1,4,1,10,2024,2,64,3.0,,52255
8080094,1,3,1,10,2024,1,36,1.0,500000.0,52258
8080096,1,1,1,10,2024,2,28,11.0,700000.0,52260
8080097,1,8,1,10,2024,1,5,2.0,,52270
8080098,1,1,1,10,2024,2,57,5.0,600000.0,52271
8080098,1,2,1,10,2024,2,21,5.0,,52272
8080100,1,3,1,10,2024,1,27,10.0,2500000.0,52279
8080100,1,4,1,10,2024,2,7,3.0,,52280
8080100,1,5,1,10,2024,2,18,10.0,,52281
8080101,1,1,1,10,2024,1,50,5.0,1300000.0,52282
8080101,1,2,1,10,2024,2,33,5.0,,52283
8080102,1,5,1,10,2024,2,19,8.0,,52290
8080103,1,1,1,10,2024,2,48,3.0,600000.0,52292
8080104,1,1,1,10,2024,2,52,5.0,,52295
8080105,1,2,1,10,2024,1,22,10.0,,52297
8080107,1,1,1,10,2024,2,58,3.0,,52302
8080107,1,2,1,10,2024,2,32,5.0,,52303
8080111,1,1,1,10,2024,1,64,3.0,,52308
8080115,1,2,1,10,2024,2,9,3.0,,52316
8080115,1,3,1,10,2024,2,3,1.0,,52317
8080116,1,5,1,10,2024,2,23,4.0,,52322
8080116,1,6,1,10,2024,2,5,2.0,,52323
8080118,1,4,1,10,2024,1,2,,,52328
8080120,1,4,1,10,2024,2,38,5.0,200000.0,52335
8080120,1,8,1,10,2024,1,31,5.0,400000.0,52339
8080120,1,9,1,10,2024,2,4,2.0,,52340
8080122,1,2,1,10,2024,1,32,4.0,980000.0,52348
8080125,1,2,1,10,2024,1,8,1.0,,52356
8080125,1,3,1,10,2024,2,63,3.0,,52357
8080125,1,5,1,10,2024,1,14,4.0,,52359
8080125,1,6,1,10,2024,2,5,2.0,,52360
8080127,1,1,1,10,2024,2,42,10.0,,52362
8080127,1,3,1,10,2024,2,15,5.0,,52364
8080129,1,1,1,10,2024,1,54,3.0,300000.0,52365
8080129,1,2,1,10,2024,2,64,1.0,,52366
8080129,1,5,1,10,2024,2,10,4.0,,52369
8080130,1,2,1,10,2024,2,40,3.0,600000.0,52372
8080130,1,3,1,10,2024,2,18,5.0,,52373
8080130,1,5,1,10,2024,1,15,3.0,,52375
8080133,1,2,1,10,2024,1,33,5.0,,52380
8080135,1,2,1,10,2024,2,44,5.0,,52384
8080136,1,3,1,10,2024,1,28,5.0,500000.0,52389
8080138,1,1,1,10,2024,2,52,1.0,,52394
8080138,1,2,1,10,2024,1,52,5.0,,52395
8080139,1,2,1,10,2024,1,26,8.0,1300000.0,52399
8080139,1,3,1,10,2024,2,2,,,52400
8080140,1,1,1,10,2024,2,68,8.0,,52401
8080140,1,2,1,10,2024,1,74,5.0,,52402
8080143,1,2,1,10,2024,2,41,10.0,,52410
8080143,1,3,1,10,2024,2,16,5.0,,52411
8080143,1,4,1,10,2024,1,10,4.0,,52412
8080144,1,1,1,10,2024,2,77,10.0,,52414
8080147,1,1,1,10,2024,1,84,3.0,,52417
8080149,1,1,1,10,2024,1,50,8.0,1800000.0,52421
8080151,1,1,1,10,2024,1,71,3.0,,52427
8080151,1,2,1,10,2024,2,70,4.0,,52428
8080152,1,1,1,10,2024,1,52,9.0,1100000.0,52429
8080152,1,2,1,10,2024,2,23,5.0,,52430
8080154,1,3,1,10,2024,1,20,9.0,,52438
8080159,1,3,1,10,2024,1,13,4.0,,52448
8080162,1,3,1,10,2024,2,13,4.0,,52451
8080164,1,1,1,10,2024,1,70,5.0,,52454
8080169,1,1,1,10,2024,1,59,10.0,3400000.0,52463
8080169,1,3,1,10,2024,1,27,10.0,,52465
8080170,1,2,1,10,2024,1,57,8.0,4000000.0,52468
8080171,1,2,1,10,2024,2,24,8.0,,52470
8080171,1,3,1,10,2024,2,5,2.0,,52471
8080172,1,2,1,10,2024,1,63,3.0,,52474
8080174,1,1,1,10,2024,2,65,11.0,,52479
8080174,1,2,1,10,2024,1,64,11.0,2600000.0,52480
8080175,1,1,1,10,2024,1,34,9.0,2000000.0,52483
8080175,1,4,1,10,2024,1,3,1.0,,52486
8080176,1,1,1,10,2024,2,45,5.0,,52487
8080179,1,1,1,10,2024,1,52,12.0,4200000.0,52495
8080179,1,3,1,10,2024,2,69,10.0,,52497
8080180,1,2,1,10,2024,1,24,8.0,1490000.0,52499
8080181,1,1,1,10,2024,2,38,3.0,,52502
8080181,1,3,1,10,2024,1,20,4.0,1000000.0,52504
8080182,1,2,1,10,2024,1,26,1.0,,52508
8080183,1,2,1,10,2024,1,59,3.0,,52511
8080183,1,3,1,10,2024,2,35,8.0,,52512
8080184,1,1,1,10,2024,1,42,10.0,2800000.0,52513
8080184,1,4,1,10,2024,2,10,3.0,,52516
8080187,1,1,1,10,2024,1,54,10.0,2600000.0,52521
8080189,1,2,1,10,2024,1,40,11.0,3500000.0,52525
8080189,1,4,1,10,2024,2,19,10.0,1500000.0,52527
8080192,1,1,1,10,2024,2,85,10.0,,52530
8080194,1,3,1,10,2024,2,25,10.0,2000000.0,52533
8080195,1,2,1,10,2024,2,64,5.0,,52535
8080197,1,2,1,10,2024,1,64,5.0,,52540
8080198,1,1,1,10,2024,1,60,5.0,1400000.0,52541
8080198,1,2,1,10,2024,2,69,6.0,,52542
8080200,1,1,1,10,2024,2,63,5.0,1800000.0,52545
8080200,1,2,1,10,2024,1,23,8.0,,52546
8080204,1,6,1,10,2024,2,1,,,52559
8080205,1,1,1,10,2024,2,43,8.0,1600000.0,52560
8080205,1,3,1,10,2024,1,6,2.0,,52562
8080209,1,1,1,10,2024,1,32,8.0,1300000.0,52566
8080209,1,2,1,10,2024,2,56,8.0,1300000.0,52567
8080210,1,3,1,10,2024,2,17,10.0,,52570
8080212,1,1,1,10,2024,1,69,3.0,400000.0,52571
8080213,1,1,1,10,2024,2,63,8.0,4500000.0,52577
8080214,1,1,1,10,2024,1,38,5.0,1400000.0,52581
8080214,1,2,1,10,2024,2,11,3.0,,52582
8080214,1,3,1,10,2024,2,8,3.0,,52583
8080214,1,4,1,10,2024,2,68,3.0,,52584
8080216,1,1,1,10,2024,1,48,5.0,2600000.0,52585
8080216,1,3,1,10,2024,2,20,9.0,,52587
8080217,1,1,1,10,2024,1,28,8.0,4000000.0,52589
8080218,1,3,1,10,2024,2,41,5.0,1000000.0,52594
8080218,1,4,1,10,2024,2,7,3.0,,52595
8080218,2,2,2,10,2024,2,48,5.0,,52598
8080218,2,6,2,10,2024,2,13,4.0,,52602
8080220,1,1,1,10,2024,1,33,10.0,,52605
8080222,1,4,1,10,2024,2,18,8.0,,52613
8080222,1,5,1,10,2024,2,11,4.0,,52614
8080224,1,1,1,10,2024,1,51,5.0,800000.0,52617
8080225,1,1,1,10,2024,2,41,5.0,,52618
8080225,1,3,1,10,2024,1,11,3.0,,52620
8080225,1,4,1,10,2024,1,9,1.0,,52621
8080226,1,4,1,10,2024,2,1,,,52625
8080228,1,1,1,10,2024,2,70,10.0,,52626
8080229,1,1,1,10,2024,2,39,8.0,,52627
8080229,1,2,1,10,2024,1,42,5.0,1500000.0,52628
8080230,1,5,1,10,2024,1,17,5.0,,52634
8080236,1,2,1,10,2024,2,35,9.0,1300000.0,52643
8080237,1,4,1,10,2024,1,12,4.0,,52648
8080238,1,2,1,10,2024,1,36,10.0,1300000.0,52650
8080239,1,1,1,10,2024,1,63,10.0,,52653
8080240,1,1,1,10,2024,1,65,12.0,,52655
8080241,1,1,1,10,2024,2,48,11.0,12000000.0,52657
8080241,1,2,1,10,2024,1,54,11.0,14000000.0,52658
8080244,1,3,1,10,2024,2,19,5.0,,52661
8080244,1,4,1,10,2024,1,14,5.0,,52662
8080245,1,3,1,10,2024,1,39,5.0,1300000.0,52666
8080245,1,6,1,10,2024,2,4,2.0,,52669
8080247,1,3,1,10,2024,1,15,5.0,,52676
8080248,1,1,1,10,2024,2,35,3.0,300000.0,52677
8080248,1,4,1,10,2024,1,10,3.0,,52680
8080249,1,1,1,10,2024,1,54,3.0,1300000.0,52681
8080249,1,2,1,10,2024,2,55,4.0,200000.0,52682
8080249,1,5,1,10,2024,1,9,3.0,,52685
8080250,1,3,1,10,2024,1,24,5.0,400000.0,52688
8080251,1,1,1,10,2024,2,20,4.0,,52689
8080251,1,4,1,10,2024,1,21,5.0,350000.0,52692
8080252,1,1,1,10,2024,2,62,3.0,,52693
8080252,1,3,1,10,2024,2,14,4.0,,52695
8080252,1,4,1,10,2024,1,6,3.0,,52696
8080255,1,1,1,10,2024,1,31,5.0,1300000.0,52701
8080257,1,2,1,10,2024,1,21,5.0,1300000.0,52704
8080258,1,2,1,10,2024,2,50,5.0,1300000.0,52707
8080258,1,4,1,10,2024,2,0,,,52709
8080261,1,2,1,10,2024,2,57,5.0,50000.0,52713
8080262,1,2,1,10,2024,2,35,8.0,1400000.0,52715
8080262,1,3,1,10,2024,1,7,3.0,,52716
8080265,1,5,1,10,2024,1,20,9.0,,52725
8080266,1,1,1,10,2024,1,53,5.0,900000.0,52726
8080266,1,2,1,10,2024,2,25,5.0,900000.0,52727
8080268,1,2,1,10,2024,1,36,5.0,3800000.0,52734
8080268,1,3,1,10,2024,1,9,3.0,,52735
8080269,1,2,1,10,2024,1,34,8.0,2100000.0,52738
8080272,1,1,1,10,2024,1,69,10.0,,52744
8080275,1,2,1,10,2024,1,34,11.0,9000000.0,52749
8080278,1,1,1,10,2024,1,24,8.0,1300000.0,52750
8080279,1,1,1,10,2024,2,65,3.0,,52752
8080279,1,2,1,10,2024,1,35,4.0,1000000.0,52753
8080279,1,3,1,10,2024,1,14,4.0,,52754
8080280,1,1,1,10,2024,2,86,3.0,,52755
8080280,1,6,1,10,2024,1,31,5.0,900000.0,52760
8080281,1,6,1,10,2024,1,25,1.0,,52766
8080281,2,1,2,10,2024,1,68,3.0,,52767
8080289,1,3,1,10,2024,2,24,10.0,,52770
8080290,1,1,1,10,2024,1,63,3.0,,52771
8080292,1,4,1,10,2024,2,4,2.0,,52777
8080294,1,1,1,10,2024,2,55,4.0,1300000.0,52781
8080296,1,2,1,10,2024,1,4,1.0,,52788
8080299,1,4,1,10,2024,1,9,3.0,,52797
8080300,1,2,1,10,2024,2,46,10.0,1300000.0,52799
8080301,1,2,1,10,2024,2,43,8.0,1300000.0,52803
8080301,1,3,1,10,2024,2,16,5.0,,52804
8080301,1,4,1,10,2024,2,15,4.0,,52805
8080302,1,1,1,10,2024,1,33,9.0,2000000.0,52806
8080303,1,2,1,10,2024,2,41,10.0,,52808
8080303,1,3,1,10,2024,1,11,4.0,,52809
8080304,1,2,1,10,2024,1,58,10.0,3500000.0,52811
8080305,1,3,1,10,2024,1,18,5.0,,52814
8080305,1,4,1,10,2024,2,11,3.0,,52815
8080307,1,2,1,10,2024,1,30,10.0,,52818
8080307,1,3,1,10,2024,2,83,1.0,,52819
8080308,1,1,1,10,2024,1,58,5.0,,52820
8080309,1,2,1,10,2024,2,34,8.0,2500000.0,52823
8080309,1,3,1,10,2024,2,13,4.0,,52824
8080310,1,2,1,10,2024,1,33,6.0,2200000.0,52826
8080312,1,1,1,10,2024,2,66,3.0,200000.0,52830
8080315,1,1,1,10,2024,1,48,5.0,1300000.0,52834
8080315,1,2,1,10,2024,2,49,10.0,1800000.0,52835
8080315,1,3,1,10,2024,2,23,10.0,,52836
8080320,1,1,1,10,2024,2,58,5.0,1400000.0,52849
8080320,1,2,1,10,2024,1,59,5.0,,52850
8080323,1,1,1,10,2024,2,44,8.0,1300000.0,52854
8080323,1,2,1,10,2024,2,21,10.0,,52855
8080323,1,4,1,10,2024,1,12,4.0,,52857
8080327,1,5,1,10,2024,1,10,4.0,,52868
8080329,1,1,1,10,2024,2,38,10.0,1500000.0,52870
8080330,1,4,1,10,2024,1,10,3.0,,52875
8080330,1,5,1,10,2024,1,9,3.0,,52876
8080331,1,1,1,10,2024,1,35,5.0,1300000.0,52877
8080332,1,2,1,10,2024,2,38,5.0,,52880
8080337,1,3,1,10,2024,1,22,10.0,,52892
8080338,1,1,1,10,2024,2,61,3.0,1000000.0,52894
8080339,1,1,1,10,2024,1,41,5.0,2600000.0,52897
8080340,1,2,1,10,2024,2,25,10.0,1500000.0,52902
8080343,1,1,1,10,2024,2,65,1.0,,52905
8080344,1,2,1,10,2024,2,65,10.0,,52907
8080351,1,2,1,10,2024,2,69,12.0,,52929
8080352,1,2,1,10,2024,2,67,8.0,,52931
8080354,1,2,1,10,2024,2,20,8.0,700000.0,52936
8080355,1,3,1,10,2024,2,2,,,52939
8080357,1,1,1,10,2024,2,44,3.0,1000000.0,52943
8080357,1,3,1,10,2024,2,19,10.0,400000.0,52945
8080357,1,5,1,10,2024,2,6,3.0,,52947
8080363,1,1,1,10,2024,1,39,5.0,1300000.0,52957
8080363,1,3,1,10,2024,2,14,4.0,,52959
8080363,1,6,1,10,2024,2,7,3.0,,52962
8080364,1,1,1,10,2024,1,46,5.0,,52963
8080364,1,2,1,10,2024,2,40,6.0,1300000.0,52964
8080364,1,3,1,10,2024,2,14,4.0,,52965
8080364,1,4,1,10,2024,2,12,3.0,,52966
8080367,1,2,1,10,2024,1,34,10.0,,52972
8080367,1,3,1,10,2024,1,21,10.0,,52973
8080368,1,2,1,10,2024,1,34,11.0,21000000.0,52975
8080369,1,1,1,10,2024,1,40,10.0,3000000.0,52976
8080370,1,1,1,10,2024,2,67,10.0,,52980
8080370,1,2,1,10,2024,1,46,10.0,3000000.0,52981
8080371,1,1,1,10,2024,2,20,10.0,,52983
8080374,1,1,1,10,2024,1,41,8.0,2300000.0,52989
8080375,1,1,1,10,2024,1,29,8.0,2000000.0,52990
8080376,1,4,1,10,2024,2,25,5.0,,52995
8080377,1,2,1,10,2024,2,58,3.0,,52998
8080377,1,3,1,10,2024,2,37,9.0,1300000.0,52999
8080380,1,2,1,10,2024,2,29,10.0,,53009
8080380,1,3,1,10,2024,1,6,3.0,,53010
8080381,1,2,1,10,2024,1,18,10.0,,53013
8080382,1,1,1,10,2024,1,55,3.0,2000000.0,53014
8080384,1,4,1,10,2024,1,9,3.0,,53025
8080385,1,3,1,10,2024,2,41,12.0,5852000.0,53029
8080385,1,4,1,10,2024,1,33,10.0,3778000.0,53030
8080388,1,1,1,10,2024,1,66,10.0,,53035
8080388,1,2,1,10,2024,2,54,10.0,6000000.0,53036
8080388,1,4,1,10,2024,1,22,10.0,,53038
8080389,1,2,1,10,2024,2,50,10.0,1000000.0,53040
8080391,1,3,1,10,2024,2,15,5.0,,53046
8080392,1,2,1,10,2024,1,19,5.0,,53050
8080393,1,1,1,10,2024,2,52,11.0,8300000.0,53052
8080394,1,2,1,10,2024,1,45,5.0,,53056
8080395,1,2,1,10,2024,2,15,4.0,,53059
8080398,1,1,1,10,2024,1,42,5.0,1000000.0,53066
8080400,1,2,1,10,2024,2,5,3.0,,53071
8080407,1,3,1,10,2024,2,21,10.0,,53082
8080410,1,1,1,10,2024,2,45,10.0,3000000.0,53089
8080410,1,3,1,10,2024,1,16,5.0,,53091
8080411,1,2,1,10,2024,1,32,5.0,1000000.0,53093
8080417,1,1,1,10,2024,1,40,11.0,5230000.0,53102
8080417,1,3,1,10,2024,2,7,3.0,,53104
8080421,1,1,1,10,2024,1,46,11.0,11000000.0,53105
8080433,1,2,1,10,2024,1,12,4.0,,53111
8080434,1,2,1,10,2024,2,2,,,53114
8080436,1,1,1,10,2024,2,46,11.0,2800000.0,53115
8080436,1,2,1,10,2024,2,17,10.0,,53116
8080458,1,2,1,10,2024,1,44,12.0,4000000.0,53119
8080458,1,3,1,10,2024,2,9,3.0,,53120
8080465,1,1,1,10,2024,2,32,10.0,2900000.0,53124
8080466,1,3,1,10,2024,2,28,8.0,1300000.0,53129
8080468,1,2,1,10,2024,1,53,10.0,2000000.0,53134
8080468,1,3,1,10,2024,2,74,3.0,,53135
8080469,1,2,1,10,2024,2,30,12.0,5000000.0,53137
8080474,1,6,1,10,2024,1,11,4.0,,53149
8080477,1,2,1,10,2024,1,19,8.0,2000000.0,53153
8080479,1,1,1,10,2024,1,57,5.0,,53156
8080479,1,3,1,10,2024,1,26,10.0,,53158
8080483,1,2,1,10,2024,1,18,5.0,0.0,53168
8080484,1,2,1,10,2024,2,51,5.0,,53170
8080489,1,1,1,10,2024,2,40,4.0,1300000.0,53177
8080489,1,5,1,10,2024,2,25,4.0,,53181
8080490,1,3,1,10,2024,1,21,8.0,1300000.0,53185
8080492,1,1,1,10,2024,2,34,4.0,,53189
8080492,1,3,1,10,2024,1,16,4.0,,53191
8080497,1,1,1,10,2024,2,78,10.0,,53195
8080500,1,1,1,10,2024,2,24,10.0,2000000.0,53199
8080501,1,2,1,10,2024,2,82,10.0,,53201
8080502,1,2,1,10,2024,1,27,10.0,,53203
8080503,1,2,1,10,2024,2,76,1.0,,53205
8080507,1,2,1,10,2024,2,20,5.0,,53208
8080507,1,3,1,10,2024,1,1,,,53209
8080511,1,2,1,10,2024,1,53,5.0,,53213
8080515,1,1,1,10,2024,2,41,5.0,,53215
8080520,1,3,1,10,2024,2,54,4.0,650000.0,53223
8080521,1,1,1,10,2024,1,58,3.0,800000.0,53224
8080521,1,4,1,10,2024,2,34,8.0,1400000.0,53227
8080521,1,6,1,10,2024,1,5,2.0,,53229
8080522,1,3,1,10,2024,2,33,12.0,1000000.0,53232
8080528,1,1,1,10,2024,2,82,3.0,,53245
8080531,1,1,1,10,2024,2,63,4.0,1000000.0,53253
8080532,1,3,1,10,2024,2,9,3.0,,53257
8080539,1,1,1,10,2024,2,78,3.0,,53269
8080540,1,1,1,10,2024,2,58,10.0,,53272
8080540,1,5,1,10,2024,1,55,5.0,1500000.0,53276
8080541,1,3,1,10,2024,2,12,4.0,,53279
8080541,1,4,1,10,2024,2,19,5.0,,53280
8080543,1,2,1,10,2024,2,46,5.0,,53284
8080552,1,2,1,10,2024,1,16,5.0,,53303
8080552,1,3,1,10,2024,1,12,3.0,,53304
8080553,1,1,1,10,2024,1,54,1.0,,53305
8080554,1,1,1,10,2024,1,49,5.0,1800000.0,53306
8080555,1,1,1,10,2024,2,68,5.0,,53310
8080557,1,1,1,10,2024,1,73,5.0,,53312
8080558,1,1,1,10,2024,2,19,8.0,1300000.0,53314
8080560,1,1,1,10,2024,1,81,3.0,,53317
8080560,1,2,1,10,2024,2,77,3.0,,53318
8080562,1,1,1,10,2024,1,69,8.0,7000000.0,53322
8080564,1,1,1,10,2024,1,65,4.0,1500000.0,53326
8080564,1,2,1,10,2024,2,15,4.0,,53327
8080568,1,1,1,10,2024,1,54,5.0,2000000.0,53331
8080569,1,1,1,10,2024,2,85,3.0,,53335
8080571,1,1,1,10,2024,2,79,4.0,,53339
8080573,1,1,1,10,2024,1,51,11.0,3600000.0,53341
8080573,1,3,1,10,2024,2,15,4.0,,53343
8080574,1,2,1,10,2024,1,53,3.0,1300000.0,53345
8080576,1,1,1,10,2024,2,65,5.0,,53348
8080578,1,3,1,10,2024,1,10,3.0,,53355
8080579,1,1,1,10,2024,1,80,7.0,,53356
8080581,1,2,1,10,2024,2,15,4.0,,53363
8080584,1,6,1,10,2024,2,1,,,53374
8080589,1,1,1,10,2024,1,61,1.0,80000.0,53379
8080590,1,1,1,10,2024,1,33,6.0,1300000.0,53380
8080591,1,4,1,10,2024,2,3,2.0,,53384
8080592,1,1,1,10,2024,1,61,8.0,,53385
8080595,1,3,1,10,2024,1,6,3.0,,53391
8080596,1,3,1,10,2024,1,79,1.0,,53395
8080599,1,4,1,10,2024,2,20,10.0,,53404
8080604,1,3,1,10,2024,1,11,4.0,,53411
8080605,1,2,1,10,2024,2,18,8.0,600000.0,53413
8080605,1,4,1,10,2024,1,5,3.0,,53415
8080605,1,5,1,10,2024,1,2,,,53416
8080612,1,1,1,10,2024,1,35,10.0,2000000.0,53423
8080612,1,3,1,10,2024,2,3,2.0,,53425
8080613,1,1,1,10,2024,1,54,4.0,1000000.0,53426
8080614,1,3,1,10,2024,1,15,4.0,,53429
8080615,1,2,1,10,2024,2,38,5.0,,53431
8080617,1,1,1,10,2024,1,72,5.0,,53435
8080617,1,2,1,10,2024,2,64,8.0,,53436
8080619,1,1,1,10,2024,1,70,8.0,,53438
8080621,1,5,1,10,2024,1,6,2.0,,53446
8080623,1,3,1,10,2024,2,13,4.0,,53450
8080626,1,1,1,10,2024,1,67,6.0,,53452
8080629,1,1,1,10,2024,2,52,3.0,1000000.0,53456
8080630,1,3,1,10,2024,2,0,,,53460
8080632,1,1,1,10,2024,2,69,4.0,,53463
8080632,1,2,1,10,2024,1,43,5.0,,53464
8080632,1,3,1,10,2024,1,42,4.0,,53465
8080632,1,4,1,10,2024,2,39,10.0,,53466
8080632,1,5,1,10,2024,2,16,4.0,,53467
8080633,1,1,1,10,2024,2,56,5.0,,53468
8080633,1,3,1,10,2024,2,67,3.0,,53470
8080636,1,1,1,10,2024,1,31,4.0,,53475
8080636,1,2,1,10,2024,2,28,8.0,,53476
8080639,1,4,1,10,2024,2,45,1.0,,53483
8080641,1,2,1,10,2024,1,63,3.0,200000.0,53490
8080641,1,4,1,10,2024,2,21,8.0,,53492
8080645,1,2,1,10,2024,1,41,5.0,1460000.0,53500
8080649,1,4,1,10,2024,1,9,3.0,,53510
8080650,1,3,1,10,2024,2,15,4.0,,53513
8080651,1,2,1,10,2024,2,34,9.0,,53515
8080652,1,1,1,10,2024,2,52,10.0,,53517
8080655,1,2,1,10,2024,2,69,4.0,,53524
8080655,1,3,1,10,2024,1,49,10.0,3500000.0,53525
8080656,1,1,1,10,2024,1,24,10.0,2200000.0,53528
8080656,1,2,1,10,2024,1,23,10.0,1300000.0,53529
8080659,1,1,1,10,2024,1,35,5.0,3000000.0,53530
8080660,1,1,1,10,2024,2,60,4.0,,53533
8080663,1,1,1,10,2024,2,80,1.0,,53539
8080665,1,1,1,10,2024,1,77,8.0,,53541
8080669,1,1,1,10,2024,1,54,5.0,400000.0,53546
8080670,1,2,1,10,2024,1,40,3.0,,53549
8080670,1,3,1,10,2024,1,63,3.0,,53550
8080671,1,1,1,10,2024,2,35,5.0,500000.0,53551
8080671,1,3,1,10,2024,1,15,4.0,,53553
8080673,1,1,1,10,2024,1,65,3.0,,53557
8080673,1,2,1,10,2024,2,64,3.0,,53558
8080676,1,1,1,10,2024,1,68,3.0,,53564
8080676,1,2,1,10,2024,2,67,3.0,,53565
8080679,1,2,1,10,2024,2,59,3.0,,53571
8080680,1,1,1,10,2024,1,63,3.0,,53574
8080682,1,1,1,10,2024,2,72,4.0,,53576
8080683,1,1,1,10,2024,2,34,8.0,1500000.0,53578
8080691,1,5,1,10,2024,2,70,3.0,,53597
8080693,1,1,1,10,2024,1,36,5.0,1600000.0,53601
8080694,1,1,1,10,2024,2,74,8.0,,53602
8080696,1,1,1,10,2024,2,30,8.0,2500000.0,53603
8080700,1,1,1,10,2024,2,57,4.0,1200000.0,53608
8080700,1,3,1,10,2024,2,4,2.0,,53610
8080702,1,1,1,10,2024,1,65,3.0,,53612
8080702,1,2,1,10,2024,2,37,5.0,1300000.0,53613
8080702,1,5,1,10,2024,1,62,3.0,300000.0,53616
8080706,1,1,1,10,2024,2,62,11.0,10000000.0,53619
8080713,1,4,1,10,2024,1,4,2.0,,53627
8080715,1,3,1,10,2024,2,19,10.0,,53632
8080718,1,1,1,10,2024,2,56,3.0,,53633
8080719,1,1,1,10,2024,2,60,3.0,,53635
8080724,1,2,1,10,2024,2,41,10.0,,53643
8080732,1,1,1,10,2024,2,62,3.0,1300000.0,53649
8080734,1,4,1,10,2024,2,31,5.0,,53656
8080735,1,1,1,10,2024,2,56,5.0,,53657
8080737,1,1,1,10,2024,1,79,3.0,,53658
8080738,1,4,1,10,2024,2,21,5.0,,53662
8080744,1,3,1,10,2024,1,16,4.0,,53672
8080744,1,5,1,10,2024,1,7,3.0,,53674
8080745,1,1,1,10,2024,1,59,3.0,1200000.0,53675
8080747,1,3,1,10,2024,2,8,3.0,,53679
8080747,1,4,1,10,2024,1,5,1.0,,53680
8080750,1,2,1,10,2024,1,14,4.0,,53682
8080752,1,3,1,10,2024,2,30,8.0,2000000.0,53689
8080752,1,4,1,10,2024,2,12,4.0,,53690
8080754,1,1,1,10,2024,1,57,11.0,430000.0,53693
8080754,1,2,1,10,2024,1,16,10.0,,53694
8080755,1,1,1,10,2024,1,57,5.0,,53695
8080757,1,2,1,10,2024,2,66,3.0,200000.0,53697
8080758,1,3,1,10,2024,2,5,2.0,,53700
8080759,1,1,1,10,2024,1,85,3.0,,53701
8080760,1,3,1,10,2024,1,61,3.0,1300000.0,53704
8080760,1,4,1,10,2024,1,22,3.0,250000.0,53705
8080763,1,2,1,10,2024,2,55,3.0,,53709
8080764,1,3,1,10,2024,1,19,5.0,,53712
8080768,1,1,1,10,2024,2,48,4.0,,53718
8080769,1,4,1,10,2024,2,16,4.0,,53722
8080773,1,2,1,10,2024,2,23,10.0,1418000.0,53730
8080774,1,1,1,10,2024,2,45,5.0,,53731
8080775,1,1,1,10,2024,1,25,4.0,,53735
8080775,1,3,1,10,2024,1,7,3.0,,53737
8080783,1,2,1,10,2024,2,56,6.0,1000000.0,53745
8080783,1,3,1,10,2024,2,26,11.0,3500000.0,53746
8080784,1,2,1,10,2024,2,47,9.0,,53748
8080785,1,1,1,10,2024,2,29,11.0,,53750
8080787,1,3,1,10,2024,2,7,3.0,,53755
8080789,1,1,1,10,2024,2,54,4.0,,53757
8080791,1,1,1,10,2024,1,25,5.0,1500000.0,53761
8080791,1,2,1,10,2024,2,20,5.0,,53762
8080795,1,1,1,10,2024,2,55,3.0,1400000.0,53766
8080795,1,3,1,10,2024,1,12,3.0,,53768
8080796,1,1,1,10,2024,1,25,3.0,600000.0,53769
8080796,1,2,1,10,2024,2,22,3.0,,53770
8080797,1,2,1,10,2024,1,16,4.0,,53773
8080798,1,1,1,10,2024,2,37,5.0,1300000.0,53774
8080800,1,5,1,10,2024,2,65,3.0,,53784
8080800,1,7,1,10,2024,2,10,3.0,,53786
8080803,1,1,1,10,2024,1,61,4.0,200000.0,53788
8080803,1,2,1,10,2024,1,15,4.0,,53789
8080806,1,4,1,10,2024,2,33,5.0,,53795
8080806,1,5,1,10,2024,1,15,4.0,,53796
8080807,1,2,1,10,2024,1,11,3.0,,53798
8080810,1,1,1,10,2024,1,44,9.0,1300000.0,53802
8080810,1,2,1,10,2024,2,52,5.0,1300000.0,53803
8080813,1,1,1,10,2024,2,36,8.0,1300000.0,53804
8080815,1,3,1,10,2024,2,5,2.0,,53808
8080817,1,3,1,10,2024,1,21,5.0,1400000.0,53812
8080820,1,2,1,10,2024,1,58,3.0,1500000.0,53817
8080821,1,1,1,10,2024,1,28,10.0,1300000.0,53819
8080822,1,4,1,10,2024,2,4,1.0,,53823
8080823,1,2,1,10,2024,1,58,3.0,1950000.0,53825
8080823,1,3,1,10,2024,2,18,5.0,,53826
8080824,1,1,1,10,2024,1,52,3.0,1400000.0,53828
8080826,1,4,1,10,2024,1,1,,,53832
8080826,1,5,1,10,2024,2,47,8.0,,53833
8080827,1,3,1,10,2024,2,3,1.0,,53838
8080828,1,1,1,10,2024,2,34,5.0,,53839
8080833,1,3,1,10,2024,1,10,3.0,,53847
8080834,1,1,1,10,2024,1,41,4.0,250000.0,53849
8080834,1,4,1,10,2024,1,8,1.0,,53852
8080834,1,5,1,10,2024,1,5,1.0,,53853
8080835,1,4,1,10,2024,2,8,3.0,,53857
8080836,1,1,1,10,2024,2,40,8.0,,53858
8080836,1,2,1,10,2024,2,22,10.0,,53859
8080840,1,1,1,10,2024,1,57,5.0,1750000.0,53864
8080840,1,4,1,10,2024,1,4,1.0,,53867
8080840,1,5,1,10,2024,2,89,1.0,,53868
8080842,1,2,1,10,2024,2,36,10.0,3000000.0,53872
8080851,1,2,1,10,2024,2,59,3.0,,53886
8080859,1,4,1,10,2024,2,19,8.0,,53901
8080862,1,1,1,10,2024,1,49,4.0,2000000.0,53906
8080862,1,2,1,10,2024,2,19,10.0,,53907
8080863,1,1,1,10,2024,1,32,5.0,200000.0,53908
8080867,1,1,1,10,2024,1,20,10.0,,53910
8080869,1,2,1,10,2024,2,43,3.0,,53916
8080869,1,8,1,10,2024,2,2,,,53922
8080870,1,1,1,10,2024,1,88,1.0,,53923
8080873,1,2,1,10,2024,2,31,5.0,,53925
8080875,1,2,1,10,2024,1,5,2.0,,53932
8080880,1,1,1,10,2024,1,76,10.0,,53938
8080881,1,2,1,10,2024,1,12,3.0,,53941
8080881,1,3,1,10,2024,1,9,3.0,,53942
8080882,1,1,1,10,2024,2,23,10.0,500000.0,53944
8080886,1,4,1,10,2024,2,5,2.0,,53950
8080890,1,1,1,10,2024,2,42,5.0,,53954
8080891,1,1,1,10,2024,1,61,5.0,2500000.0,53959
8080893,1,2,1,10,2024,2,18,4.0,,53962
8080897,1,1,1,10,2024,2,63,4.0,350000.0,53966
8080900,1,2,1,10,2024,2,5,3.0,,53970
8080902,1,2,1,10,2024,2,42,12.0,5000000.0,53976
8080902,1,3,1,10,2024,1,15,4.0,,53977
8080904,1,1,1,10,2024,1,50,3.0,900000.0,53978
8080904,1,5,1,10,2024,2,72,3.0,,53982
8080905,1,1,1,10,2024,2,28,5.0,400000.0,53983
8080905,1,3,1,10,2024,2,4,1.0,,53985
8080908,1,1,1,10,2024,1,47,3.0,900000.0,53989
8080909,1,2,1,10,2024,2,19,5.0,,53993
8080912,1,1,1,10,2024,2,94,3.0,,53999
8080914,1,1,1,10,2024,1,28,5.0,1300000.0,54000
8080914,1,2,1,10,2024,2,21,5.0,1300000.0,54001
8080914,1,3,1,10,2024,2,0,,,54002
8080915,1,3,1,10,2024,2,14,4.0,,54005
8080916,1,2,1,10,2024,1,2,,,54008
8080917,1,1,1,10,2024,2,31,5.0,,54009
8080917,1,2,1,10,2024,1,28,5.0,1100000.0,54010
8080918,1,2,1,10,2024,2,59,5.0,,54014
8080918,1,4,1,10,2024,1,2,,,54016
8080919,1,1,1,10,2024,1,41,5.0,800000.0,54017
8080919,1,3,1,10,2024,1,18,5.0,,54019
8080920,1,1,1,10,2024,2,71,3.0,,54020
8080920,1,3,1,10,2024,1,14,4.0,,54022
8080921,1,2,1,10,2024,2,40,5.0,70000.0,54025
8080923,1,1,1,10,2024,1,85,3.0,,54029
8080924,1,1,1,10,2024,2,60,3.0,300000.0,54030
8080924,1,2,1,10,2024,1,75,3.0,,54031
8080925,1,1,1,10,2024,1,35,5.0,1600000.0,54032
8080925,1,3,1,10,2024,1,22,5.0,,54034
8080925,1,4,1,10,2024,2,14,4.0,,54035
8080927,1,1,1,10,2024,1,45,5.0,,54040
8080928,1,1,1,10,2024,2,23,5.0,900000.0,54043
8080930,1,3,1,10,2024,2,24,5.0,300000.0,54048
8080932,1,4,1,10,2024,1,22,4.0,1200000.0,54055
8080932,1,5,1,10,2024,2,19,5.0,,54056
8080936,1,4,1,10,2024,2,7,3.0,,54065
8080938,1,2,1,10,2024,1,28,6.0,1700000.0,54069
8080939,1,1,1,10,2024,1,38,8.0,2000000.0,54071
8080939,1,2,1,10,2024,2,35,8.0,,54072
8080939,1,3,1,10,2024,1,7,3.0,,54073
8080940,1,2,1,10,2024,2,46,10.0,2800000.0,54075
8080942,1,3,1,10,2024,2,6,3.0,,54079
8080943,1,2,1,10,2024,1,55,4.0,400000.0,54082
8080945,1,1,1,10,2024,2,83,3.0,,54086
8080948,1,1,1,10,2024,2,50,11.0,3500000.0,54087
8080948,1,2,1,10,2024,1,73,12.0,,54088
8080950,1,1,1,10,2024,1,60,12.0,6600000.0,54089
8080950,1,3,1,10,2024,1,19,10.0,,54091
8080952,1,1,1,10,2024,2,28,5.0,800000.0,54095
8080952,1,2,1,10,2024,1,7,3.0,,54096
8080952,1,3,1,10,2024,1,6,3.0,,54097
8080953,1,1,1,10,2024,2,41,5.0,1462000.0,54098
8080953,1,2,1,10,2024,1,66,3.0,300000.0,54099
8080953,1,3,1,10,2024,1,18,10.0,,54100
8080953,1,4,1,10,2024,1,15,4.0,,54101
8080953,1,6,1,10,2024,1,7,3.0,,54103
8080956,1,1,1,10,2024,2,47,3.0,1000000.0,54106
8080956,1,3,1,10,2024,1,15,4.0,1000000.0,54108
8080956,1,4,1,10,2024,2,33,5.0,,54109
8080956,1,5,1,10,2024,2,2,,,54110
8080960,1,3,1,10,2024,2,13,4.0,,54119
8080961,1,1,1,10,2024,1,41,5.0,6000000.0,54121
8080961,1,3,1,10,2024,1,21,5.0,1100000.0,54123
8080961,1,4,1,10,2024,1,14,4.0,,54124
8080963,1,2,1,10,2024,1,7,3.0,,54127
8080963,1,3,1,10,2024,1,2,,,54128
8080966,1,1,1,10,2024,2,69,3.0,,54129
8080967,1,2,1,10,2024,2,12,4.0,,54131
8080968,1,1,1,10,2024,2,84,3.0,,54132
8080969,1,1,1,10,2024,2,29,5.0,,54133
8080970,1,1,1,10,2024,2,27,10.0,7300000.0,54135
8080971,1,1,1,10,2024,1,44,11.0,4000000.0,54136
8080971,1,3,1,10,2024,1,4,1.0,,54138
8080974,1,1,1,10,2024,2,58,11.0,6000000.0,54139
8080978,1,1,1,10,2024,1,50,10.0,3000000.0,54144
8080978,1,2,1,10,2024,2,51,10.0,,54145
8080980,1,2,1,10,2024,2,64,10.0,650000.0,54149
8080981,1,1,1,10,2024,1,33,10.0,5500000.0,54152
8080984,1,1,1,10,2024,1,31,9.0,3000000.0,54158
8080987,1,1,1,10,2024,1,40,13.0,6000000.0,54162
8080987,1,4,1,10,2024,1,3,1.0,,54165
8080988,1,2,1,10,2024,1,74,3.0,,54167
8080995,1,2,1,10,2024,2,51,3.0,240000.0,54173
8080997,1,1,1,10,2024,2,26,5.0,,54176
8080998,1,1,1,10,2024,2,62,5.0,,54179
8080998,1,3,1,10,2024,1,14,4.0,,54181
8080999,1,1,1,10,2024,1,58,4.0,1117000.0,54183
8081000,1,2,1,10,2024,2,59,5.0,,54187
8081001,1,1,1,10,2024,1,51,3.0,1500000.0,54189
8081001,1,2,1,10,2024,2,45,3.0,,54190
8081003,1,1,1,10,2024,1,56,5.0,2000000.0,54196
8081004,1,1,1,10,2024,2,20,8.0,1250000.0,54197
8081006,1,4,1,10,2024,1,95,3.0,,54203
8081008,1,1,1,10,2024,2,53,5.0,,54204
8081009,1,1,1,10,2024,2,34,8.0,1800000.0,54205
8081011,1,2,1,10,2024,1,95,3.0,,54210
8081012,1,3,1,10,2024,2,17,10.0,,54214
8081013,1,4,1,10,2024,2,97,3.0,,54218
8081014,1,1,1,10,2024,2,60,3.0,700000.0,54219
8081014,1,2,1,10,2024,1,71,3.0,,54220
8081014,1,7,1,10,2024,2,34,5.0,600000.0,54225
8081014,1,10,1,10,2024,1,3,1.0,,54228
8081018,1,2,1,10,2024,1,14,4.0,,54235
8081020,1,1,1,10,2024,2,51,8.0,1300000.0,54239
8081020,1,3,1,10,2024,1,27,5.0,600000.0,54241
8081020,1,4,1,10,2024,1,9,3.0,,54242
8081021,1,1,1,10,2024,1,83,3.0,,54243
8081022,1,1,1,10,2024,1,24,10.0,600000.0,54245
8081023,1,1,1,10,2024,1,32,9.0,,54246
8081026,1,1,1,10,2024,1,38,3.0,500000.0,54249
8081027,1,1,1,10,2024,1,58,5.0,1550000.0,54250
8081029,1,1,1,10,2024,2,27,5.0,2500000.0,54255
8081032,1,1,1,10,2024,1,48,11.0,5300000.0,54258
8081032,1,3,1,10,2024,1,23,10.0,300000.0,54260
8081036,1,1,1,10,2024,2,60,4.0,700000.0,54269
8081040,1,2,1,10,2024,2,40,10.0,,54278
8081040,1,4,1,10,2024,1,1,,,54280
8081041,1,2,1,10,2024,1,5,1.0,,54282
8081042,1,1,1,10,2024,1,60,11.0,4500000.0,54284
8081042,1,2,1,10,2024,2,53,12.0,7000000.0,54285
8081043,1,3,1,10,2024,2,68,3.0,,54289
8081044,1,3,1,10,2024,2,39,11.0,,54292
8081045,1,3,1,10,2024,2,14,4.0,,54297
8081045,1,4,1,10,2024,1,10,3.0,,54298
8081046,1,1,1,10,2024,1,42,5.0,1400000.0,54299
8081047,1,3,1,10,2024,1,29,10.0,,54304
8081047,1,6,1,10,2024,2,68,3.0,,54307
8081048,1,1,1,10,2024,1,70,3.0,450000.0,54308
8081048,1,2,1,10,2024,2,71,3.0,,54309
8081052,1,2,1,10,2024,2,38,5.0,,54315
8081054,1,3,1,10,2024,1,19,10.0,,54319
8081058,1,2,1,10,2024,1,67,5.0,1500000.0,54324
8081060,1,2,1,10,2024,1,46,5.0,,54327
8081061,1,1,1,10,2024,2,55,10.0,2200000.0,54328
8081063,1,2,1,10,2024,2,22,9.0,1750000.0,54332
8081063,1,3,1,10,2024,2,0,,,54333
8081064,1,2,1,10,2024,1,74,3.0,,54335
8081064,1,3,1,10,2024,2,28,5.0,1200000.0,54336
8081066,1,2,1,10,2024,1,32,10.0,,54340
8081066,1,3,1,10,2024,2,26,10.0,1150000.0,54341
8081068,1,1,1,10,2024,1,48,10.0,1500000.0,54342
8081070,1,2,1,10,2024,1,49,5.0,1100000.0,54349
8081074,1,3,1,10,2024,2,25,10.0,1850000.0,54359
8081075,1,1,1,10,2024,2,54,4.0,650000.0,54360
8081075,1,2,1,10,2024,1,21,9.0,,54361
8081078,1,2,1,10,2024,1,15,5.0,,54366
8081078,1,3,1,10,2024,2,95,3.0,,54367
8081080,1,2,1,10,2024,2,58,1.0,,54370
8081082,1,1,1,10,2024,2,65,10.0,,54371
8081087,1,2,1,10,2024,2,95,3.0,,54380
8081090,1,1,1,10,2024,2,84,4.0,,54384
8081090,1,2,1,10,2024,2,52,10.0,5051907.0,54385
8081092,1,1,1,10,2024,1,66,5.0,,54389
8081096,1,1,1,10,2024,1,32,10.0,1300000.0,54393
8081096,1,2,1,10,2024,2,38,10.0,,54394
8081099,1,2,1,10,2024,1,24,8.0,,54398
8081099,1,5,1,10,2024,2,7,3.0,,54401
8081102,1,1,1,10,2024,1,55,5.0,,54402
8081102,1,2,1,10,2024,2,64,5.0,,54403
8081108,1,2,1,10,2024,2,60,3.0,800000.0,54409
8081111,1,1,1,10,2024,2,36,9.0,800000.0,54410
8081114,1,1,1,10,2024,2,50,10.0,,54418
8081115,1,2,1,10,2024,2,23,10.0,,54420
8081116,1,1,1,10,2024,2,49,5.0,,54421
8081116,1,5,1,10,2024,1,11,4.0,,54425
8081116,1,6,1,10,2024,2,81,3.0,,54426
8081119,1,1,1,10,2024,1,46,8.0,800000.0,54429
8081131,1,2,1,10,2024,1,24,10.0,,54443
8081132,1,2,1,10,2024,1,18,4.0,,54445
8081134,1,1,1,10,2024,2,53,3.0,500000.0,54449
8081135,1,2,1,10,2024,2,51,3.0,,54451
8081136,1,3,1,10,2024,1,3,1.0,,54454
8081138,1,1,1,10,2024,2,42,9.0,,54455
8081138,1,3,1,10,2024,2,60,3.0,600000.0,54457
8081140,1,1,1,10,2024,2,66,1.0,840000.0,54461
8081140,1,2,1,10,2024,1,62,3.0,70000.0,54462
8081140,3,1,3,10,2024,1,26,4.0,450000.0,54465
8081142,1,1,1,10,2024,1,51,10.0,2600000.0,54469
8081142,1,3,1,10,2024,1,17,10.0,,54471
8081143,1,2,1,10,2024,2,51,6.0,,54473
8081147,1,1,1,10,2024,1,75,3.0,500000.0,54483
8081150,1,3,1,10,2024,1,13,4.0,,54487
8081151,1,1,1,10,2024,2,28,4.0,,54488
8081151,1,4,1,10,2024,2,9,3.0,,54491
8081152,1,3,1,10,2024,2,18,9.0,,54494
8081155,1,1,1,10,2024,1,42,5.0,1300000.0,54499
8081157,1,1,1,10,2024,1,43,3.0,1500000.0,54502
8081157,1,3,1,10,2024,2,19,9.0,,54504
8081157,1,4,1,10,2024,1,4,2.0,,54505
8081161,1,1,1,10,2024,1,85,10.0,,54510
8081163,1,2,1,10,2024,2,29,10.0,,54513
8081163,1,4,1,10,2024,2,3,1.0,,54515
8081165,1,2,1,10,2024,2,65,3.0,,54518
8081166,1,1,1,10,2024,2,56,3.0,500000.0,54519
8081167,1,2,1,10,2024,2,27,4.0,600000.0,54522
8081168,1,1,1,10,2024,1,27,5.0,2800000.0,54524
8081169,1,1,1,10,2024,1,29,6.0,600000.0,54525
8081172,1,1,1,10,2024,1,43,4.0,700000.0,54528
8081173,1,5,1,10,2024,1,55,5.0,700000.0,54533
8081175,1,2,1,10,2024,1,42,5.0,1500000.0,54536
8081176,1,1,1,10,2024,1,70,10.0,,54538
8081201,1,2,1,10,2024,2,54,6.0,,54550
8081201,1,4,1,10,2024,2,14,4.0,,54552
8081203,1,1,1,10,2024,2,66,10.0,3000000.0,54553
8081203,1,2,1,10,2024,2,45,11.0,,54554
8081204,1,1,1,10,2024,1,58,10.0,4200000.0,54555
8081205,1,2,1,10,2024,1,35,6.0,,54558
8081205,1,4,1,10,2024,2,15,5.0,,54560
8081205,1,5,1,10,2024,1,13,4.0,,54561
8081206,1,1,1,10,2024,1,45,6.0,1700000.0,54563
8081206,1,3,1,10,2024,1,23,10.0,1300000.0,54565
8081207,1,2,1,10,2024,2,49,10.0,1200000.0,54567
8081207,1,5,1,10,2024,2,13,4.0,,54570
8081211,1,1,1,10,2024,1,68,10.0,,54577
8081212,1,1,1,10,2024,2,63,1.0,,54581
8081214,1,1,1,10,2024,1,50,3.0,,54586
8081215,1,1,1,10,2024,1,67,3.0,600000.0,54587
8081215,1,3,1,10,2024,1,32,4.0,500000.0,54589
8081215,1,4,1,10,2024,2,15,6.0,,54590
8081216,1,1,1,10,2024,2,41,6.0,,54591
8081218,1,5,1,10,2024,2,3,1.0,,54599
8081219,1,2,1,10,2024,1,43,6.0,1000000.0,54601
8081219,1,3,1,10,2024,1,12,5.0,,54602
8081221,1,2,1,10,2024,2,25,3.0,0.0,54605
8081221,1,4,1,10,2024,1,7,3.0,,54607
8081224,1,2,1,10,2024,2,26,5.0,,54612
8081226,1,1,1,10,2024,1,44,6.0,,54617
8081226,1,2,1,10,2024,2,37,4.0,,54618
8081226,1,3,1,10,2024,1,16,6.0,,54619
8081227,1,1,1,10,2024,1,53,3.0,1500000.0,54621
8081227,1,2,1,10,2024,2,28,5.0,,54622
8081227,1,3,1,10,2024,2,8,3.0,,54623
8081227,1,4,1,10,2024,1,4,2.0,,54624
8081229,1,5,1,10,2024,2,22,8.0,,54629
8081230,1,5,1,10,2024,2,44,4.0,850000.0,54635
8081231,1,2,1,10,2024,2,64,5.0,,54637
8081231,1,4,1,10,2024,1,38,1.0,,54639
8081232,1,1,1,10,2024,1,23,6.0,1600000.0,54640
8081232,1,2,1,10,2024,2,20,6.0,1800000.0,54641
8081236,1,1,1,10,2024,2,41,8.0,450000.0,54643
8081237,1,3,1,10,2024,2,15,4.0,,54649
8081237,1,5,1,10,2024,2,36,5.0,,54651
8081238,1,1,1,10,2024,2,32,8.0,2800000.0,54653
8081238,1,2,1,10,2024,1,8,3.0,,54654
8081239,1,3,1,10,2024,2,7,3.0,,54657
8081240,1,3,1,10,2024,2,7,3.0,,54660
8081241,1,1,1,10,2024,2,47,5.0,1300000.0,54661
8081241,1,3,1,10,2024,2,25,10.0,2000000.0,54663
8081242,1,2,1,10,2024,1,8,3.0,,54666
8081242,1,4,1,10,2024,1,32,5.0,1300000.0,54668
8081244,1,2,1,10,2024,2,40,8.0,,54672
8081246,1,5,1,10,2024,2,24,5.0,,54683
8081246,1,6,1,10,2024,2,8,3.0,,54684
8081247,1,2,1,10,2024,2,31,5.0,1200000.0,54686
8081248,1,4,1,10,2024,1,13,4.0,,54690
8081248,1,5,1,10,2024,1,12,4.0,,54691
8081249,1,2,1,10,2024,2,40,3.0,500000.0,54693
8081249,1,3,1,10,2024,1,20,5.0,1000000.0,54694
8081249,1,4,1,10,2024,2,16,6.0,,54695
8081249,1,5,1,10,2024,2,0,,,54696
8081250,1,3,1,10,2024,2,15,4.0,,54699
8081251,1,1,1,10,2024,1,55,5.0,1500000.0,54700
8081251,1,2,1,10,2024,2,50,5.0,,54701
8081251,1,4,1,10,2024,2,7,3.0,,54703
8081252,1,1,1,10,2024,1,46,6.0,1300000.0,54704
8081252,1,5,1,10,2024,2,59,3.0,,54708
8081255,1,2,1,10,2024,1,38,10.0,2400000.0,54714
8081256,1,1,1,10,2024,1,51,3.0,500000.0,54716
8081260,1,4,1,10,2024,1,4,2.0,,54724
8081261,1,3,1,10,2024,1,25,5.0,1300000.0,54727
8081261,1,4,1,10,2024,1,23,10.0,350000.0,54728
8081263,1,1,1,10,2024,1,46,5.0,900000.0,54730
8081265,1,1,1,10,2024,1,66,3.0,,54731
8081265,1,2,1,10,2024,2,63,9.0,,54732
8081265,1,5,1,10,2024,2,6,2.0,,54735
8081266,1,2,1,10,2024,1,46,5.0,1300000.0,54739
8081266,1,5,1,10,2024,2,12,4.0,,54742
8081268,1,1,1,10,2024,1,69,10.0,1300000.0,54746
8081271,1,2,1,10,2024,2,29,8.0,1300000.0,54755
8081272,1,1,1,10,2024,1,59,8.0,,54756
8081272,1,2,1,10,2024,2,48,5.0,,54757
8081272,1,3,1,10,2024,2,23,5.0,,54758
8081276,1,1,1,10,2024,1,32,5.0,700000.0,54761
8081276,1,3,1,10,2024,1,10,3.0,,54763
8081277,1,4,1,10,2024,1,5,1.0,,54767
8081279,1,1,1,10,2024,2,56,4.0,,54771
8081279,1,3,1,10,2024,1,36,5.0,900000.0,54773
8081281,1,1,1,10,2024,2,41,10.0,3892000.0,54778
8081281,1,2,1,10,2024,1,50,5.0,500000.0,54779
8081281,1,3,1,10,2024,2,9,3.0,,54780
8081283,1,1,1,10,2024,2,29,4.0,,54782
8081283,1,2,1,10,2024,1,6,2.0,,54783
8081285,1,5,1,10,2024,1,28,5.0,1000000.0,54792
8081285,1,6,1,10,2024,2,24,5.0,,54793
8081289,1,2,1,10,2024,2,53,8.0,1600000.0,54800
8081289,1,3,1,10,2024,1,28,10.0,,54801
8081292,1,1,1,10,2024,1,73,8.0,,54806
8081293,1,4,1,10,2024,1,89,1.0,,54810
8081296,1,2,1,10,2024,2,47,5.0,,54814
8081296,1,3,1,10,2024,2,18,6.0,,54815
8081297,1,2,1,10,2024,2,45,3.0,2000000.0,54818
8081298,1,1,1,10,2024,1,35,11.0,2500000.0,54820
8081298,1,4,1,10,2024,2,11,4.0,,54823
8081299,1,2,1,10,2024,1,13,4.0,,54825
8081301,1,1,1,10,2024,1,52,5.0,1200000.0,54828
8081304,1,4,1,10,2024,2,9,3.0,,54832
8081305,1,1,1,10,2024,1,45,4.0,2500000.0,54833
8081308,1,1,1,10,2024,1,82,1.0,280000.0,54841
8081308,1,2,1,10,2024,2,78,1.0,,54842
8081309,1,1,1,10,2024,1,39,3.0,720000.0,54843
8081309,1,2,1,10,2024,2,45,3.0,1200000.0,54844
8081312,1,1,1,10,2024,1,31,3.0,1300000.0,54855
8081313,1,1,1,10,2024,2,52,1.0,,54858
8081318,1,2,1,10,2024,1,6,3.0,,54866
8081319,1,1,1,10,2024,2,72,3.0,1200000.0,54867
8081321,1,1,1,10,2024,1,52,3.0,420000.0,54869
8081322,1,1,1,10,2024,2,80,3.0,,54873
8081325,1,2,1,10,2024,2,24,3.0,,54875
8081325,1,4,1,10,2024,1,2,,,54877
8081327,1,2,1,10,2024,1,6,2.0,,54880
8081330,1,1,1,10,2024,2,44,5.0,,54884
8081330,1,2,1,10,2024,2,70,3.0,,54885
8081337,1,6,1,10,2024,2,13,4.0,,54895
8081338,1,1,1,10,2024,1,57,1.0,1200000.0,54898
8081341,1,3,1,10,2024,2,19,8.0,,54901
8081342,1,2,1,10,2024,1,15,5.0,,54905
8081342,1,3,1,10,2024,2,6,3.0,,54906
8081343,1,1,1,10,2024,1,56,1.0,1600000.0,54909
8081343,1,5,1,10,2024,1,30,5.0,1600000.0,54913
8081348,1,1,1,10,2024,2,33,8.0,,54915
8081348,1,3,1,10,2024,1,12,4.0,,54917
8081348,1,4,1,10,2024,2,54,3.0,,54918
8081350,1,1,1,10,2024,1,46,8.0,1460000.0,54921
8081352,1,3,1,10,2024,1,17,5.0,,54930
8081357,1,1,1,10,2024,1,74,3.0,,54931
8081364,1,1,1,10,2024,2,67,5.0,,54933
8081364,1,3,1,10,2024,2,46,10.0,1900000.0,54935
8081364,1,4,1,10,2024,1,38,5.0,,54936
8081364,1,5,1,10,2024,2,95,5.0,,54937
8081366,1,4,1,10,2024,1,17,5.0,,54941
8081367,1,1,1,10,2024,1,28,4.0,1000000.0,54942
8081367,1,3,1,10,2024,1,8,3.0,,54944
8081368,1,2,1,10,2024,2,50,5.0,,54948
8081368,1,4,1,10,2024,2,15,5.0,,54950
8081370,1,3,1,10,2024,1,15,3.0,,54956
8081371,1,1,1,10,2024,2,50,4.0,,54957
8081371,1,2,1,10,2024,2,20,5.0,,54958
8081372,1,3,1,10,2024,1,19,5.0,,54963
8081372,1,4,1,10,2024,2,17,5.0,,54964
8081375,1,3,1,10,2024,2,52,10.0,3328000.0,54975
8081375,1,5,1,10,2024,2,29,5.0,,54977
8081376,1,1,1,10,2024,2,52,8.0,566000.0,54978
8081376,1,4,1,10,2024,2,28,8.0,1300000.0,54981
8081377,1,5,1,10,2024,1,14,1.0,,54987
8081378,1,1,1,10,2024,2,95,5.0,,54995
8081379,1,1,1,10,2024,1,41,5.0,1300000.0,54997
8081381,1,2,1,10,2024,1,22,5.0,600000.0,55006
8081382,1,2,1,10,2024,2,70,4.0,,55009
8081383,1,1,1,10,2024,1,49,5.0,500000.0,55010
8081386,1,1,1,10,2024,2,32,5.0,450000.0,55019
8081388,1,2,1,10,2024,2,54,5.0,1300000.0,55022
8081388,1,3,1,10,2024,1,11,4.0,,55023
8081393,1,1,1,10,2024,1,32,10.0,1500000.0,55034
8081394,1,5,1,10,2024,1,17,5.0,,55043
8081396,1,1,1,10,2024,1,38,10.0,2515149.0,55044
8081396,1,5,1,10,2024,2,57,5.0,1970000.0,55048
8081397,1,2,1,10,2024,2,66,1.0,550000.0,55051
8081397,1,4,1,10,2024,1,24,5.0,150000.0,55053
8081398,1,3,1,10,2024,1,2,,,55056
8081399,1,1,1,10,2024,2,46,5.0,950000.0,55057
8081399,1,2,1,10,2024,1,40,3.0,1200000.0,55058
8081399,1,3,1,10,2024,2,30,5.0,,55059
8081399,1,5,1,10,2024,1,11,3.0,,55061
8081400,1,3,1,10,2024,1,6,3.0,,55065
8081401,1,3,1,10,2024,1,21,10.0,,55068
8081401,1,4,1,10,2024,2,16,5.0,,55069
8081401,1,5,1,10,2024,1,23,10.0,,55070
8081402,1,2,1,10,2024,2,34,12.0,6835150.0,55075
8081402,1,3,1,10,2024,2,6,3.0,,55076
8081404,1,4,1,10,2024,2,4,2.0,,55083
8081405,1,1,1,10,2024,2,43,4.0,750000.0,55084
8081405,1,2,1,10,2024,2,18,4.0,,55085
8081405,1,3,1,10,2024,1,16,4.0,,55086
8081408,1,2,1,10,2024,1,19,10.0,,55091
8081410,1,2,1,10,2024,1,48,3.0,800000.0,55096
8081410,1,3,1,10,2024,1,15,5.0,,55097
8081410,1,4,1,10,2024,1,7,1.0,,55098
8081410,1,5,1,10,2024,2,72,3.0,,55099
8081412,1,1,1,10,2024,2,57,5.0,1500000.0,55100
8081412,1,2,1,10,2024,1,28,5.0,600000.0,55101
8081413,1,2,1,10,2024,2,30,11.0,4000000.0,55105
8081414,1,3,1,10,2024,2,18,10.0,,55108
8081415,1,2,1,10,2024,1,21,10.0,1300000.0,55111
8081418,1,1,1,10,2024,1,59,5.0,1300000.0,55112
8081418,1,3,1,10,2024,1,19,10.0,,55114
8081419,1,3,1,10,2024,1,24,10.0,,55117
8081419,1,4,1,10,2024,1,23,5.0,1300000.0,55118
8081419,1,5,1,10,2024,2,14,4.0,,55119
8081419,1,6,1,10,2024,1,5,2.0,,55120
8081420,1,2,1,10,2024,1,24,10.0,1300000.0,55122
8081421,1,1,1,10,2024,2,40,5.0,450000.0,55124
8081423,1,1,1,10,2024,2,67,10.0,,55129
8081424,1,2,1,10,2024,2,41,3.0,150000.0,55131
8081424,1,3,1,10,2024,1,40,5.0,1300000.0,55132
8081425,1,1,1,10,2024,1,63,3.0,,55136
8081425,1,3,1,10,2024,1,33,5.0,,55138
8081426,1,2,1,10,2024,2,19,10.0,,55140
8081427,1,1,1,10,2024,2,74,3.0,,55142
8081430,1,1,1,10,2024,2,50,10.0,2800000.0,55147
8081432,1,2,1,10,2024,2,60,3.0,,55152
8081435,1,1,1,10,2024,1,47,10.0,1400000.0,55156
8081435,1,2,1,10,2024,2,39,10.0,3400000.0,55157
8081439,1,1,1,10,2024,2,68,10.0,,55165
8081442,1,2,1,10,2024,2,15,4.0,,55167
8081444,1,1,1,10,2024,2,43,5.0,,55171
8081447,1,3,1,10,2024,1,4,1.0,,55179
8081450,1,1,1,10,2024,2,57,9.0,1300000.0,55180
8081454,1,1,1,10,2024,1,68,11.0,4200000.0,55184
8081454,1,3,1,10,2024,1,24,10.0,,55186
8081456,1,2,1,10,2024,1,51,10.0,4000000.0,55189
8081456,1,3,1,10,2024,2,11,3.0,,55190
8081457,1,1,1,10,2024,2,75,9.0,,55191
8081460,1,3,1,10,2024,2,19,10.0,,55195
8081464,1,1,1,10,2024,2,45,10.0,,55199
8081464,1,2,1,10,2024,1,49,10.0,6000000.0,55200
8081464,1,3,1,10,2024,2,23,5.0,1400000.0,55201
8081466,1,1,1,10,2024,2,36,5.0,1300000.0,55202
8081466,1,2,1,10,2024,1,38,5.0,1300000.0,55203
8081468,1,4,1,10,2024,1,8,3.0,,55209
8081473,1,1,1,10,2024,1,85,3.0,,55214
8081473,1,5,1,10,2024,1,24,10.0,,55218
8081474,1,1,1,10,2024,1,52,5.0,1300000.0,55219
8081474,1,4,1,10,2024,2,74,1.0,,55222
8081476,1,3,1,10,2024,2,16,10.0,,55227
8081477,1,5,1,10,2024,2,32,5.0,384000.0,55232
8081479,1,3,1,10,2024,1,9,3.0,,55240
8081479,1,5,1,10,2024,2,26,10.0,1300000.0,55242
8081480,1,7,1,10,2024,1,8,3.0,,55249
8081484,1,1,1,10,2024,2,60,1.0,490000.0,55257
8081484,1,4,1,10,2024,2,15,3.0,,55260
8081487,1,1,1,10,2024,2,58,3.0,300000.0,55262
8081487,1,2,1,10,2024,1,32,8.0,1300000.0,55263
8081488,1,1,1,10,2024,2,61,4.0,,55264
8081488,1,3,1,10,2024,1,52,5.0,,55266
8081490,1,1,1,10,2024,2,38,10.0,1550000.0,55268
8081490,1,2,1,10,2024,1,17,5.0,,55269
8081492,1,5,1,10,2024,2,0,,,55276
8081494,1,1,1,10,2024,1,52,3.0,1000000.0,55278
8081494,1,3,1,10,2024,2,35,5.0,,55280
8081496,1,1,1,10,2024,2,43,5.0,240000.0,55286
8081498,1,1,1,10,2024,2,41,10.0,2800000.0,55289
8081499,1,1,1,10,2024,1,66,3.0,1400000.0,55292
8081500,1,3,1,10,2024,1,16,5.0,,55295
8081501,1,3,1,10,2024,2,17,5.0,,55299
8081503,1,2,1,10,2024,2,31,8.0,1300000.0,55304
8081503,1,3,1,10,2024,1,14,4.0,,55305
8081503,1,4,1,10,2024,2,4,1.0,,55306
8081504,1,1,1,10,2024,2,27,5.0,900000.0,55307
8081505,1,1,1,10,2024,1,57,3.0,,55310
8081506,1,1,1,10,2024,2,42,5.0,1000000.0,55311
8081509,1,3,1,10,2024,2,4,1.0,,55318
8081509,1,5,1,10,2024,2,34,10.0,690000.0,55320
8081509,1,8,1,10,2024,1,10,3.0,,55323
8081510,1,2,1,10,2024,2,29,10.0,1600000.0,55325
8081511,1,2,1,10,2024,2,46,12.0,5400000.0,55327
8081511,1,3,1,10,2024,1,13,4.0,,55328
8081512,1,2,1,10,2024,2,65,5.0,1600000.0,55330
8081513,1,3,1,10,2024,2,11,3.0,,55334
8081514,1,2,1,10,2024,2,56,8.0,3300000.0,55336
8081515,1,1,1,10,2024,2,30,9.0,650000.0,55338
8081515,1,3,1,10,2024,1,88,3.0,,55340
8081520,1,3,1,10,2024,1,17,5.0,,55346
8081521,1,1,1,10,2024,2,41,5.0,1300000.0,55347
8081521,1,3,1,10,2024,2,22,5.0,1300000.0,55349
8081524,1,2,1,10,2024,2,21,10.0,,55355
8081525,1,1,1,10,2024,2,63,5.0,180000.0,55357
8081526,1,1,1,10,2024,1,23,4.0,1300000.0,55360
8081530,1,1,1,10,2024,2,43,9.0,2400000.0,55365
8081532,1,2,1,10,2024,2,37,5.0,1300000.0,55367
8081532,1,4,1,10,2024,2,0,,,55369
8081534,1,1,1,10,2024,1,66,5.0,2600000.0,55373
8081534,1,2,1,10,2024,2,31,5.0,1650000.0,55374
8081534,1,4,1,10,2024,2,8,3.0,,55376
8081540,1,1,1,10,2024,2,38,10.0,5000000.0,55383
8081542,1,3,1,10,2024,2,19,8.0,,55388
8081543,1,1,1,10,2024,1,20,10.0,,55390
8081543,1,3,1,10,2024,1,18,5.0,,55392
8081547,1,1,1,10,2024,2,36,8.0,,55394
8081560,1,3,1,10,2024,2,11,3.0,,55411
8081560,1,4,1,10,2024,2,8,3.0,,55412
8081564,1,3,1,10,2024,2,62,3.0,,55415
8081565,1,1,1,10,2024,2,62,8.0,400000.0,55416
8081565,1,3,1,10,2024,1,32,10.0,,55418
8081565,1,5,1,10,2024,1,88,3.0,,55420
8081577,1,2,1,10,2024,2,39,11.0,2000000.0,55428
8081577,1,3,1,10,2024,2,8,3.0,,55429
8081583,1,1,1,10,2024,2,51,10.0,3000000.0,55434
8081584,1,2,1,10,2024,1,43,10.0,11999690.0,55436
8081584,1,5,1,10,2024,1,10,4.0,,55439
8081585,1,1,1,10,2024,2,77,4.0,,55440
8081587,1,1,1,10,2024,1,59,3.0,900000.0,55442
8081593,1,1,1,10,2024,2,73,3.0,685000.0,55455
8081594,1,3,1,10,2024,1,1,,,55459
8081599,1,2,1,10,2024,1,23,3.0,400000.0,55461
8081602,1,3,1,10,2024,1,8,3.0,,55464
8081603,1,2,1,10,2024,2,16,5.0,,55466
8081603,1,4,1,10,2024,2,0,,,55468
8081604,1,1,1,10,2024,2,30,10.0,,55469
8081611,1,2,1,10,2024,1,56,4.0,200000.0,55477
8081616,1,2,1,10,2024,1,28,8.0,,55479
8081622,1,3,1,10,2024,1,23,3.0,500000.0,55490
8081622,1,5,1,10,2024,2,2,,,55492
8081625,1,1,1,10,2024,1,25,5.0,1300000.0,55493
8081627,1,1,1,10,2024,1,70,1.0,,55494
8081627,1,3,1,10,2024,1,3,1.0,,55496
8081627,1,4,1,10,2024,2,1,,,55497
8081628,1,2,1,10,2024,2,49,10.0,,55499
8081628,1,3,1,10,2024,1,2,,,55500
8081630,1,1,1,10,2024,2,34,4.0,,55501
8081630,1,2,1,10,2024,2,16,5.0,,55502
8081633,1,1,1,10,2024,2,83,1.0,,55508
8081634,1,1,1,10,2024,2,38,5.0,,55509
8081634,1,3,1,10,2024,2,16,4.0,,55511
8081637,1,2,1,10,2024,2,59,10.0,3500000.0,55516
8081638,1,2,1,10,2024,1,50,10.0,1000000.0,55519
8081638,1,3,1,10,2024,2,22,10.0,,55520
8081639,1,1,1,10,2024,1,35,10.0,,55523
8081640,1,2,1,10,2024,2,38,3.0,400000.0,55525
8081640,1,3,1,10,2024,2,3,2.0,,55526
8081641,1,2,1,10,2024,1,35,3.0,,55530
8081641,1,5,1,10,2024,1,25,10.0,,55533
8081642,1,4,1,10,2024,1,9,3.0,,55539
8081643,1,2,1,10,2024,2,22,5.0,200000.0,55541
8081643,1,4,1,10,2024,2,7,3.0,,55543
8081646,1,1,1,10,2024,2,73,3.0,,55545
8081646,1,2,1,10,2024,2,50,10.0,,55546
8081646,1,5,1,10,2024,1,37,5.0,,55549
8081648,1,1,1,10,2024,1,61,4.0,,55551
8081652,1,2,1,10,2024,1,40,4.0,250000.0,55555
8081658,1,4,1,10,2024,1,11,3.0,,55561
8081665,1,1,1,10,2024,2,36,4.0,,55565
8081669,1,1,1,10,2024,1,46,3.0,200000.0,55569
8081669,1,3,1,10,2024,1,23,4.0,,55571
8081669,1,4,1,10,2024,2,18,5.0,,55572
8081669,1,5,1,10,2024,2,4,2.0,,55573
8081676,1,4,1,10,2024,1,12,4.0,,55591
8081677,1,1,1,10,2024,1,56,3.0,,55593
8081679,1,1,1,10,2024,2,42,5.0,,55595
8081684,1,2,1,10,2024,1,55,3.0,,55599
8081686,1,3,1,10,2024,2,2,,,55605
8081691,1,2,1,10,2024,2,16,5.0,,55610
8081692,1,1,1,10,2024,2,72,5.0,,55612
8081692,1,4,1,10,2024,2,13,3.0,,55615
8081693,1,1,1,10,2024,1,84,3.0,,55617
8081693,1,2,1,10,2024,2,92,3.0,,55618
8081693,1,3,1,10,2024,1,50,10.0,,55619
8081695,1,1,1,10,2024,2,39,5.0,30000.0,55620
8081695,1,2,1,10,2024,1,23,5.0,600000.0,55621
8081695,1,3,1,10,2024,1,18,5.0,200000.0,55622
8081698,1,2,1,10,2024,2,21,10.0,,55627
8081699,1,1,1,10,2024,2,41,5.0,,55634
8081699,1,3,1,10,2024,2,17,5.0,,55636
8081707,1,1,1,10,2024,1,56,5.0,600000.0,55641
8081707,1,4,1,10,2024,2,7,3.0,,55644
8081718,1,1,1,10,2024,2,28,5.0,300000.0,55649
8081718,1,2,1,10,2024,2,9,3.0,,55650
8081720,1,1,1,10,2024,2,27,10.0,,55652
8081722,1,1,1,10,2024,2,65,1.0,,55657
8081722,1,6,1,10,2024,2,7,3.0,,55662
8081737,1,1,1,10,2024,1,36,5.0,1300000.0,55667
8081740,1,3,1,10,2024,2,8,3.0,,55673
8081746,1,1,1,10,2024,2,53,5.0,,55680
8081746,1,2,1,10,2024,1,32,10.0,,55681
8081747,1,1,1,10,2024,2,27,10.0,1200000.0,55682
8081748,1,1,1,10,2024,1,43,10.0,,55683
8081748,1,3,1,10,2024,1,12,4.0,,55685
8081748,1,4,1,10,2024,2,11,3.0,,55686
8081750,1,3,1,10,2024,1,5,2.0,,55689
8081755,1,1,1,10,2024,2,25,5.0,,55691
8081757,1,1,1,10,2024,2,52,5.0,,55701
8081757,1,4,1,10,2024,2,12,4.0,,55704
8081758,1,3,1,10,2024,1,9,3.0,,55707
8081758,1,5,1,10,2024,2,6,3.0,,55709
8081759,1,2,1,10,2024,2,50,10.0,,55712
8081760,1,1,1,10,2024,2,79,3.0,,55713
8081760,1,3,1,10,2024,1,43,10.0,,55715
8081760,1,4,1,10,2024,1,9,3.0,,55716
8081762,1,1,1,10,2024,2,58,4.0,,55719
8081762,1,3,1,10,2024,2,13,4.0,,55721
8081763,1,1,1,10,2024,2,40,4.0,400000.0,55724
8081765,1,1,1,10,2024,2,67,1.0,,55728
8081766,1,2,1,10,2024,2,23,10.0,,55731
8081774,1,1,1,10,2024,1,51,10.0,500000.0,55734
8081776,1,1,1,10,2024,2,76,3.0,300000.0,55735
8081779,1,1,1,10,2024,1,60,3.0,,55738
8081784,1,1,1,10,2024,2,47,3.0,,55741
8081784,1,2,1,10,2024,1,28,5.0,1000000.0,55742
8081788,1,1,1,10,2024,2,65,3.0,,55746
8081792,1,1,1,10,2024,2,33,10.0,,55749
8081798,1,1,1,10,2024,2,32,5.0,,55756
8081798,1,3,1,10,2024,1,6,3.0,,55758
8081804,1,1,1,10,2024,2,38,4.0,800000.0,55759
8081805,1,2,1,10,2024,2,25,10.0,,55764
8081805,1,3,1,10,2024,1,7,3.0,,55765
8081807,1,2,1,10,2024,1,15,3.0,,55770
8081809,1,3,1,10,2024,1,2,,,55774
8081810,1,2,1,10,2024,1,10,3.0,,55776
8081810,1,3,1,10,2024,2,6,3.0,,55777
8081814,1,1,1,10,2024,2,18,4.0,,55779
8081815,1,1,1,10,2024,2,46,3.0,,55782
8081886,1,2,1,10,2024,2,39,1.0,,55785
8081887,1,2,1,10,2024,1,50,10.0,4000000.0,55787
8081888,1,1,1,10,2024,2,74,3.0,,55790
8081892,1,2,1,10,2024,2,14,5.0,,55801
8081895,1,1,1,10,2024,2,54,3.0,,55805
8081895,1,2,1,10,2024,2,32,10.0,,55806
8081896,1,1,1,10,2024,2,30,8.0,,55809
8081897,1,3,1,10,2024,1,4,1.0,,55816
8081900,1,1,1,10,2024,1,38,5.0,1300000.0,55817
8081902,1,2,1,10,2024,1,47,5.0,1300000.0,55820
8081902,1,4,1,10,2024,2,22,10.0,,55822
8081902,1,5,1,10,2024,2,11,3.0,,55823
8081903,1,1,1,10,2024,2,36,5.0,500000.0,55824
8081903,1,4,1,10,2024,2,16,4.0,,55827
8081904,1,1,1,10,2024,2,29,4.0,,55832
8081904,1,3,1,10,2024,2,5,2.0,,55834
8081906,1,1,1,10,2024,2,40,8.0,,55835
8081906,1,2,1,10,2024,1,17,5.0,,55836
8081906,1,3,1,10,2024,2,14,4.0,,55837
8081911,1,1,1,10,2024,1,46,5.0,1300000.0,55841
8081911,1,2,1,10,2024,2,46,5.0,1300000.0,55842
8081911,1,3,1,10,2024,1,8,3.0,,55843
8081913,1,3,1,10,2024,2,5,2.0,,55846
8081914,1,1,1,10,2024,2,51,1.0,80000.0,55848
8081914,1,2,1,10,2024,1,80,3.0,,55849
8081924,1,1,1,10,2024,2,45,10.0,4360000.0,55852
8081925,1,4,1,10,2024,1,0,,,55857
8081926,1,1,1,10,2024,2,31,11.0,,55858
8081927,1,1,1,10,2024,1,63,3.0,,55860
8081927,1,4,1,10,2024,2,12,4.0,,55863
8081927,1,5,1,10,2024,1,4,2.0,,55864
8081928,1,1,1,10,2024,2,74,3.0,,55865
8081928,1,5,1,10,2024,2,5,2.0,,55869
8081929,1,3,1,10,2024,1,3,2.0,,55872
8081933,1,1,1,10,2024,2,33,5.0,,55877
8081933,1,2,1,10,2024,1,27,5.0,1300000.0,55878
8081933,1,3,1,10,2024,1,14,4.0,,55879
8081934,1,2,1,10,2024,1,19,5.0,,55882
8081934,1,4,1,10,2024,1,13,4.0,,55884
8081938,1,1,1,10,2024,2,35,5.0,,55887
8081942,1,3,1,10,2024,1,16,5.0,,55891
8081944,1,5,1,10,2024,2,13,4.0,,55897
8081946,1,1,1,10,2024,2,46,5.0,400000.0,55898
8081950,1,1,1,10,2024,2,28,5.0,,55905
8081956,1,1,1,10,2024,2,64,5.0,500000.0,55910
8081959,1,1,1,10,2024,1,28,10.0,1450000.0,55912
8081961,1,3,1,10,2024,1,24,5.0,1300000.0,55916
8081962,1,1,1,10,2024,2,42,8.0,,55919
8081962,1,4,1,10,2024,2,7,3.0,,55922
8081963,1,1,1,10,2024,2,38,5.0,650000.0,55923
8081963,1,2,1,10,2024,1,39,5.0,500000.0,55924
8081966,1,2,1,10,2024,2,9,3.0,,55927
8081968,1,2,1,10,2024,1,13,4.0,,55929
8081974,1,2,1,10,2024,1,28,5.0,1600000.0,55936
8081978,1,3,1,10,2024,1,7,3.0,,55940
8081982,1,2,1,10,2024,2,10,3.0,,55943
8081983,1,2,1,10,2024,1,10,3.0,,55946
8081990,1,1,1,10,2024,2,88,3.0,,55955
8081995,1,1,1,10,2024,1,71,4.0,,55959
8081995,1,2,1,10,2024,2,54,3.0,100000.0,55960
8081996,1,1,1,10,2024,2,67,5.0,,55961
8081996,1,3,1,10,2024,2,16,4.0,,55963
8081996,1,4,1,10,2024,1,66,10.0,,55964
8081997,1,1,1,10,2024,2,74,3.0,,55965
8082001,1,2,1,10,2024,2,35,8.0,,55969
8082001,1,3,1,10,2024,2,5,2.0,,55970
8082004,1,1,1,10,2024,1,18,4.0,1600000.0,55971
8082007,1,2,1,10,2024,2,51,5.0,,55974
8082012,1,3,1,10,2024,1,4,2.0,,55979
8082013,1,1,1,10,2024,2,52,5.0,800000.0,55980
8082016,1,1,1,10,2024,1,36,5.0,,55982
8082016,1,2,1,10,2024,2,32,5.0,,55983
8082016,1,4,1,10,2024,2,2,,,55985
8082022,1,1,1,10,2024,1,34,5.0,1300000.0,55987
8082022,1,3,1,10,2024,2,9,3.0,,55989
8082022,1,4,1,10,2024,1,3,1.0,,55990
8082030,1,3,1,10,2024,1,29,10.0,,56000
8082030,1,4,1,10,2024,1,18,5.0,,56001
8082031,1,1,1,10,2024,1,63,3.0,300000.0,56002
8082036,1,2,1,10,2024,1,33,4.0,1120000.0,56007
8082038,1,1,1,10,2024,2,31,5.0,,56009
8082038,1,2,1,10,2024,1,13,4.0,,56010
8082038,1,4,1,10,2024,2,3,1.0,,56012
8082039,1,1,1,10,2024,2,55,4.0,,56013
8082039,1,2,1,10,2024,1,56,10.0,1300000.0,56014
8082039,1,4,1,10,2024,1,27,10.0,,56016
8082039,1,5,1,10,2024,1,23,10.0,,56017
8082048,1,1,1,10,2024,2,62,5.0,1500000.0,56023
8082048,1,2,1,10,2024,1,35,10.0,1400000.0,56024
8082053,1,1,1,10,2024,2,36,10.0,,56027
8082058,1,3,1,10,2024,1,13,4.0,,56040
8082060,1,2,1,10,2024,1,62,10.0,,56044
8082060,1,4,1,10,2024,1,10,3.0,,56046
8082062,1,2,1,10,2024,1,20,10.0,,56048
8082064,1,2,1,10,2024,2,21,10.0,1300000.0,56050
8082065,1,6,1,10,2024,1,13,4.0,,56057
8082067,1,2,1,10,2024,2,39,10.0,,56059
8082073,1,1,1,10,2024,2,54,5.0,1300000.0,56062
8082076,1,1,1,10,2024,2,42,5.0,1300000.0,56064
8082076,1,2,1,10,2024,2,16,5.0,,56065
8082078,1,1,1,10,2024,2,24,10.0,,56066
8082081,1,1,1,10,2024,2,29,3.0,150000.0,56069
8082081,1,2,1,10,2024,1,31,5.0,1000000.0,56070
8082083,1,3,1,10,2024,1,7,3.0,,56074
8082085,1,2,1,10,2024,1,61,3.0,,56076
8082086,1,2,1,10,2024,1,10,3.0,,56081
8082090,1,1,1,10,2024,1,57,3.0,400000.0,56082
8082094,1,3,1,10,2024,2,34,5.0,,56086
8082094,1,4,1,10,2024,2,18,5.0,,56087
8082096,1,2,1,10,2024,2,29,5.0,600000.0,56089
8082096,1,3,1,10,2024,1,14,4.0,,56090
8082098,1,2,1,10,2024,1,28,1.0,1200000.0,56096
8082098,1,6,1,10,2024,1,7,3.0,,56100
8082100,1,1,1,10,2024,2,65,5.0,1300000.0,56102
8082100,1,2,1,10,2024,1,49,5.0,1800000.0,56103
8082103,1,2,1,10,2024,2,40,10.0,,56107
8082104,1,1,1,10,2024,2,68,10.0,,56109
8082104,1,2,1,10,2024,1,40,10.0,200000.0,56110
8082113,1,1,1,10,2024,2,68,3.0,,56115
8082114,1,6,1,10,2024,1,3,2.0,,56121
8082118,1,3,1,10,2024,2,17,5.0,,56124
8082118,1,6,1,10,2024,2,67,1.0,,56127
8082119,1,1,1,10,2024,2,28,10.0,,56128
8082119,1,2,1,10,2024,1,33,5.0,0.0,56129
8082121,1,2,1,10,2024,1,24,5.0,,56132
8082123,1,1,1,10,2024,1,40,1.0,250000.0,56138
8082123,1,3,1,10,2024,1,14,4.0,,56140
8082123,1,5,1,10,2024,2,4,2.0,,56142
8082124,1,3,1,10,2024,1,16,4.0,,56145
8082124,1,7,1,10,2024,1,4,1.0,,56149
8082126,1,2,1,10,2024,2,62,1.0,,56151
8082126,1,3,1,10,2024,1,39,1.0,,56152
8082127,1,2,1,10,2024,1,27,5.0,,56154
8082127,1,4,1,10,2024,1,22,4.0,,56156
8082129,1,1,1,10,2024,2,26,5.0,,56161
8082130,1,1,1,10,2024,2,30,5.0,,56163
8082130,1,2,1,10,2024,1,3,1.0,,56164
8082131,1,1,1,10,2024,2,28,5.0,,56165
8082133,1,1,1,10,2024,2,44,5.0,,56171
8082133,1,2,1,10,2024,2,23,10.0,,56172
8082134,1,2,1,10,2024,1,10,3.0,,56174
8082138,1,1,1,10,2024,2,67,10.0,,56181
8082138,1,2,1,10,2024,1,23,10.0,,56182
8082144,1,1,1,10,2024,2,84,3.0,,56184
8082145,1,1,1,10,2024,2,21,10.0,1300000.0,56186
8082147,1,3,1,10,2024,1,17,10.0,,56193
8082148,1,2,1,10,2024,2,17,5.0,,56195
8082148,1,3,1,10,2024,2,14,4.0,,56196
8082150,1,1,1,10,2024,2,86,5.0,,56197
8082153,1,1,1,10,2024,1,62,5.0,2500000.0,56199
8082157,1,2,1,10,2024,1,22,5.0,,56204
8082157,1,3,1,10,2024,2,19,10.0,,56205
8082160,1,1,1,10,2024,1,47,8.0,2500000.0,56214
8082161,1,1,1,10,2024,2,30,5.0,1300000.0,56217
8082162,1,1,1,10,2024,2,54,4.0,,56221
8082163,1,3,1,10,2024,2,17,5.0,,56228
8082166,1,2,1,10,2024,1,32,8.0,,56232
8082167,1,1,1,10,2024,2,49,5.0,,56235
8082177,1,3,1,10,2024,2,14,4.0,,56245
8082180,1,1,1,10,2024,2,66,4.0,,56248
8082181,1,2,1,10,2024,1,8,3.0,,56250
8082183,1,2,1,10,2024,2,46,5.0,1100000.0,56254
8082185,1,2,1,10,2024,1,42,3.0,1600000.0,56256
8082187,1,3,1,10,2024,2,8,3.0,,56260
8082188,1,2,1,10,2024,2,58,3.0,,56263
8082189,1,2,1,10,2024,1,65,3.0,200000.0,56265
8082189,1,3,1,10,2024,1,41,5.0,,56266
8082190,1,1,1,10,2024,2,49,8.0,2500000.0,56267
8082190,1,2,1,10,2024,1,23,10.0,,56268
8082196,1,1,1,10,2024,1,76,1.0,,56269
8082208,1,2,1,10,2024,1,42,8.0,900000.0,56279
8082210,1,2,1,10,2024,1,23,5.0,900000.0,56285
8082211,1,1,1,10,2024,2,45,5.0,1200000.0,56286
8082211,1,2,1,10,2024,2,26,10.0,1300000.0,56287
8082213,1,2,1,10,2024,2,27,8.0,,56291
8082219,1,2,1,10,2024,2,24,10.0,,56306
8082220,1,1,1,10,2024,1,64,10.0,,56307
8082223,1,1,1,10,2024,2,39,10.0,,56308
8082223,1,3,1,10,2024,1,9,3.0,,56310
8082225,1,1,1,10,2024,2,30,8.0,,56313
8082231,1,3,1,10,2024,1,13,4.0,,56320
8082236,1,3,1,10,2024,2,9,3.0,,56332
8082236,1,4,1,10,2024,1,16,5.0,,56333
8082243,1,1,1,10,2024,1,44,5.0,1100000.0,56342
8082248,1,2,1,10,2024,1,67,5.0,,56348
8082248,1,4,1,10,2024,2,95,1.0,,56350
8082254,1,1,1,10,2024,2,61,11.0,5600000.0,56354
8082256,1,1,1,10,2024,2,48,11.0,3000000.0,56355
8082256,1,4,1,10,2024,1,7,3.0,,56358
8082279,1,4,1,10,2024,1,18,4.0,,56372
8082280,1,2,1,10,2024,1,59,3.0,,56379
8082281,1,1,1,10,2024,1,36,5.0,1200000.0,56383
8082281,1,2,1,10,2024,1,62,3.0,1300000.0,56384
8082282,1,1,1,10,2024,1,61,4.0,800000.0,56385
8082283,1,4,1,10,2024,2,29,10.0,1300000.0,56389
8082284,1,2,1,10,2024,2,58,5.0,,56393
8082297,1,4,1,10,2024,2,2,,,56417
8082301,1,1,1,10,2024,2,49,3.0,,56420
8082301,1,3,1,10,2024,1,11,3.0,,56422
8082302,1,2,1,10,2024,1,40,4.0,1300000.0,56424
8082302,1,3,1,10,2024,2,22,5.0,,56425
8082303,1,2,1,10,2024,1,46,4.0,1300000.0,56428
8082304,1,1,1,10,2024,1,62,3.0,,56431
8082306,1,1,1,10,2024,2,48,3.0,,56432
8082306,1,2,1,10,2024,2,24,5.0,750000.0,56433
8082306,1,3,1,10,2024,1,21,4.0,800000.0,56434
8082308,1,2,1,10,2024,1,56,3.0,1300000.0,56441
8082309,1,2,1,10,2024,2,37,5.0,1500000.0,56443
8082312,1,1,1,10,2024,2,28,5.0,900000.0,56446
8082316,1,1,1,10,2024,2,51,5.0,600000.0,56452
8082317,1,1,1,10,2024,2,46,5.0,1300000.0,56454
8082319,1,2,1,10,2024,1,55,3.0,1300000.0,56458
8082319,1,3,1,10,2024,2,18,5.0,,56459
8082319,1,4,1,10,2024,1,11,3.0,,56460
8082320,1,3,1,10,2024,1,20,5.0,,56463
8082320,1,6,1,10,2024,1,6,2.0,,56466
8082320,1,7,1,10,2024,1,79,3.0,,56467
8082321,1,1,1,10,2024,2,60,3.0,,56468
8082322,1,2,1,10,2024,1,19,5.0,,56471
8082323,1,2,1,10,2024,1,24,4.0,1300000.0,56473
8082325,1,2,1,10,2024,2,64,8.0,,56475
8082325,1,3,1,10,2024,2,29,5.0,1462000.0,56476
8082327,1,1,1,10,2024,1,32,10.0,3200000.0,56481
8082328,1,3,1,10,2024,2,9,3.0,,56486
8082329,1,2,1,10,2024,1,22,10.0,,56489
8082332,1,3,1,10,2024,2,14,4.0,,56497
8082334,1,1,1,10,2024,1,29,11.0,2500000.0,56498
8082335,1,1,1,10,2024,2,64,4.0,,56502
8082335,1,2,1,10,2024,1,62,3.0,,56503
8082336,1,1,1,10,2024,2,54,5.0,,56506
8082337,1,1,1,10,2024,2,27,5.0,1300000.0,56509
8082340,1,5,1,10,2024,1,46,3.0,1300000.0,56518
8082342,1,1,1,10,2024,1,60,5.0,1500000.0,56519
8082345,1,3,1,10,2024,2,26,10.0,,56530
8082348,1,1,1,10,2024,2,56,5.0,,56535
8082356,1,1,1,10,2024,1,32,5.0,5000000.0,56545
8082363,1,2,1,10,2024,1,38,10.0,3500000.0,56556
8082363,1,3,1,10,2024,2,9,3.0,,56557
8082365,1,2,1,10,2024,1,47,3.0,1600000.0,56563
8082366,1,1,1,10,2024,2,58,5.0,0.0,56565
8082367,1,1,1,10,2024,2,75,3.0,,56566
8082368,1,1,1,10,2024,2,56,10.0,4000000.0,56568
8082371,1,2,1,10,2024,1,51,3.0,1300000.0,56573
8082373,1,1,1,10,2024,1,32,5.0,1300000.0,56574
8082373,1,3,1,10,2024,2,9,3.0,,56576
8082375,1,2,1,10,2024,1,33,5.0,,56582
8082376,1,1,1,10,2024,2,69,8.0,,56584
8082376,1,2,1,10,2024,2,16,5.0,,56585
8082377,1,2,1,10,2024,2,38,5.0,,56587
8082378,1,1,1,10,2024,2,30,8.0,1000000.0,56590
8082379,1,2,1,10,2024,2,29,3.0,720000.0,56592
8082379,1,4,1,10,2024,1,12,3.0,,56594
8082379,1,5,1,10,2024,2,9,3.0,,56595
8082379,1,6,1,10,2024,1,3,1.0,,56596
8082381,1,1,1,10,2024,2,38,8.0,1862000.0,56597
8082385,1,1,1,10,2024,1,29,4.0,1200000.0,56606
8082385,1,4,1,10,2024,1,6,2.0,,56609
8082389,1,2,1,10,2024,2,43,11.0,3200000.0,56614
8082392,1,1,1,10,2024,1,47,4.0,700000.0,56616
8082392,1,5,1,10,2024,1,0,,,56620
8082394,1,1,1,10,2024,2,51,8.0,2500000.0,56621
8082405,1,1,1,10,2024,2,67,3.0,,56638
8082406,1,1,1,10,2024,2,63,5.0,,56640
8082406,1,2,1,10,2024,1,19,10.0,,56641
8082406,1,3,1,10,2024,2,39,10.0,3300000.0,56642
8082406,1,6,1,10,2024,2,4,1.0,,56645
8082407,1,1,1,10,2024,2,56,4.0,1462000.0,56648
8082408,1,1,1,10,2024,1,43,8.0,1800000.0,56651
8082408,1,2,1,10,2024,2,42,4.0,,56652
8082410,1,3,1,10,2024,1,17,5.0,,56660
8082411,1,1,1,10,2024,2,65,3.0,,56662
8082415,1,2,1,10,2024,2,30,5.0,,56672
8082420,1,1,1,10,2024,2,80,3.0,,56681
8082421,1,2,1,10,2024,1,19,8.0,,56683
8082424,1,1,1,10,2024,2,70,5.0,,56686
8082426,1,1,1,10,2024,2,58,8.0,,56689
8082426,1,2,1,10,2024,2,54,10.0,1300000.0,56690
8082429,1,4,1,10,2024,1,14,4.0,,56694
8082430,1,1,1,10,2024,1,29,8.0,1300000.0,56699
8082435,1,2,1,10,2024,1,12,4.0,,56707
8082436,1,2,1,10,2024,1,63,4.0,2000000.0,56709
8082438,1,1,1,10,2024,1,59,10.0,2300000.0,56713
8082438,1,2,1,10,2024,2,55,5.0,,56714
8082439,1,1,1,10,2024,2,67,11.0,5000000.0,56715
8082441,1,1,1,10,2024,1,67,10.0,1500000.0,56720
8082441,1,2,1,10,2024,2,61,10.0,,56721
8082444,1,2,1,10,2024,1,49,5.0,1462000.0,56723
8082445,1,1,1,10,2024,2,79,4.0,,56727
8082446,1,2,1,10,2024,2,18,10.0,,56729
8082451,1,1,1,10,2024,2,59,3.0,1200000.0,56731
8082451,1,2,1,10,2024,2,7,3.0,,56732
8082453,1,2,1,10,2024,2,43,5.0,300000.0,56734
8082454,1,1,1,10,2024,2,32,4.0,500000.0,56736
8082454,1,3,1,10,2024,1,13,4.0,,56738
8082454,1,4,1,10,2024,2,12,4.0,,56739
8082454,1,8,1,10,2024,1,5,2.0,,56743
8082456,1,2,1,10,2024,1,27,4.0,1300000.0,56747
8082461,1,8,1,10,2024,1,30,6.0,,56759
8082464,1,2,1,10,2024,1,75,4.0,200000.0,56761
8082465,1,1,1,10,2024,2,49,8.0,,56766
8082466,1,2,1,10,2024,1,55,5.0,400000.0,56769
8082467,1,1,1,10,2024,1,38,10.0,1500000.0,56771
8082467,1,2,1,10,2024,2,35,4.0,,56772
8082467,1,4,1,10,2024,2,4,1.0,,56774
8082471,1,2,1,10,2024,2,21,5.0,,56782
8082473,1,1,1,10,2024,1,24,5.0,1200000.0,56784
8082474,1,4,1,10,2024,1,21,10.0,,56788
8082476,1,1,1,10,2024,1,42,4.0,800000.0,56792
8082477,1,2,1,10,2024,2,16,4.0,,56794
8082477,1,4,1,10,2024,2,8,3.0,,56796
8082477,1,5,1,10,2024,1,6,3.0,,56797
8082478,1,3,1,10,2024,1,25,10.0,1200000.0,56800
8082478,1,4,1,10,2024,1,23,10.0,,56801
8082479,1,1,1,10,2024,2,68,3.0,,56802
8082480,1,1,1,10,2024,1,68,4.0,,56806
8082480,1,2,1,10,2024,2,56,3.0,,56807
8082481,1,2,1,10,2024,1,50,4.0,300000.0,56809
8082481,1,3,1,10,2024,2,0,,,56810
8082483,1,1,1,10,2024,2,36,4.0,,56812
8082483,1,2,1,10,2024,1,38,4.0,250000.0,56813
8082484,1,1,1,10,2024,2,35,9.0,,56815
8082486,1,1,1,10,2024,1,45,4.0,500000.0,56818
8082486,1,2,1,10,2024,2,32,3.0,350000.0,56819
8082487,1,1,1,10,2024,2,21,5.0,,56826
8082490,1,1,1,10,2024,2,42,11.0,3700000.0,56834
8082492,1,1,1,10,2024,1,75,5.0,,56835
8082494,1,1,1,10,2024,2,34,3.0,,56837
8082495,1,2,1,10,2024,1,15,4.0,,56842
8082497,1,2,1,10,2024,1,41,8.0,1000000.0,56847
8082498,1,2,1,10,2024,1,35,5.0,980000.0,56851
8082498,1,3,1,10,2024,1,9,3.0,,56852
8082499,1,1,1,10,2024,2,63,11.0,,56854
8082503,1,2,1,10,2024,1,67,3.0,200000.0,56860
8082504,1,1,1,10,2024,1,84,1.0,,56861
8082504,1,2,1,10,2024,2,79,1.0,,56862
8082506,1,1,1,10,2024,2,59,1.0,,56863
8082509,1,1,1,10,2024,1,44,10.0,2300000.0,56866
8082511,1,3,1,10,2024,2,7,3.0,,56870
8082514,1,2,1,10,2024,2,55,1.0,,56874
8082515,1,1,1,10,2024,2,48,3.0,,56875
8082515,1,3,1,10,2024,1,23,10.0,,56877
8082515,1,4,1,10,2024,2,19,4.0,,56878
8082515,1,5,1,10,2024,2,1,,,56879
8082516,1,1,1,10,2024,2,46,5.0,,56880
8082517,1,1,1,10,2024,2,50,5.0,800000.0,56884
8082517,1,3,1,10,2024,2,20,10.0,,56886
8082519,1,1,1,10,2024,2,28,3.0,1200000.0,56891
8082521,1,2,1,10,2024,2,48,9.0,2500000.0,56895
8082522,1,4,1,10,2024,1,11,4.0,,56901
8082522,1,5,1,10,2024,1,3,2.0,,56902
8082524,1,4,1,10,2024,1,0,,,56908
8082525,1,1,1,10,2024,1,35,8.0,,56909
8082525,1,2,1,10,2024,2,33,8.0,,56910
8082527,1,3,1,10,2024,2,9,3.0,,56914
8082531,1,1,1,10,2024,2,38,10.0,3000000.0,56917
8082533,1,1,1,10,2024,1,54,5.0,,56918
8082533,1,3,1,10,2024,1,27,10.0,,56920
8082533,1,4,1,10,2024,2,24,8.0,,56921
8082536,1,1,1,10,2024,2,40,5.0,,56928
8082536,1,3,1,10,2024,2,18,5.0,,56930
8082537,1,1,1,10,2024,2,54,10.0,3000000.0,56933
8082537,1,2,1,10,2024,1,55,10.0,,56934
8082538,1,1,1,10,2024,1,25,10.0,,56936
8082539,1,3,1,10,2024,1,42,8.0,,56939
8082542,1,3,1,10,2024,1,3,1.0,,56947
8082543,1,3,1,10,2024,2,4,2.0,,56950
8082544,1,1,1,10,2024,1,79,1.0,240000.0,56951
8082546,1,2,1,10,2024,2,52,3.0,,56957
8082548,1,1,1,10,2024,2,83,3.0,,56961
8082549,1,1,1,10,2024,1,40,8.0,1300000.0,56962
8082550,1,1,1,10,2024,2,23,10.0,,56964
8082552,1,3,1,10,2024,2,5,2.0,,56971
8082556,1,4,1,10,2024,2,14,4.0,,56983
8082560,1,5,1,10,2024,2,25,5.0,,56992
8082560,1,6,1,10,2024,1,8,3.0,,56993
8082561,1,1,1,10,2024,2,35,6.0,400000.0,56996
8082562,1,1,1,10,2024,2,69,5.0,,56997
8082562,1,3,1,10,2024,2,61,5.0,,56999
8082563,1,1,1,10,2024,1,68,10.0,,57000
8082563,1,2,1,10,2024,2,65,5.0,,57001
8082566,1,1,1,10,2024,1,55,4.0,,57002
8082568,1,1,1,10,2024,1,70,10.0,2000000.0,57006
8082572,1,1,1,10,2024,1,69,10.0,,57012
8082574,1,1,1,10,2024,1,27,4.0,780000.0,57015
8082574,1,2,1,10,2024,2,41,5.0,,57016
8082574,1,4,1,10,2024,2,10,3.0,,57018
8082575,1,5,1,10,2024,2,2,,,57023
8082576,1,3,1,10,2024,2,1,,,57026
8082577,1,1,1,10,2024,2,30,10.0,,57027
8082579,1,3,1,10,2024,1,11,4.0,,57034
8082579,1,4,1,10,2024,2,9,3.0,,57035
8082579,1,5,1,10,2024,2,1,,,57036
8082581,1,3,1,10,2024,2,5,2.0,,57042
8082582,1,1,1,10,2024,2,37,1.0,,57043
8082582,1,2,1,10,2024,2,17,5.0,,57044
8082582,1,3,1,10,2024,2,3,1.0,,57045
8082584,1,2,1,10,2024,1,35,5.0,1500000.0,57049
8082586,1,1,1,10,2024,1,58,3.0,700000.0,57057
8082587,1,1,1,10,2024,1,34,5.0,250000.0,57058
8082587,1,2,1,10,2024,2,32,5.0,,57059
8082587,1,4,1,10,2024,1,10,3.0,,57061
8082590,1,4,1,10,2024,1,7,3.0,,57070
8082591,1,2,1,10,2024,2,18,10.0,,57072
8082592,1,4,1,10,2024,2,5,2.0,,57078
8082596,1,2,1,10,2024,2,28,8.0,,57084
8082596,1,3,1,10,2024,2,11,4.0,,57085
8082612,1,1,1,10,2024,1,39,3.0,1200000.0,57103
8082614,1,2,1,10,2024,2,22,5.0,1300000.0,57105
8082617,1,1,1,10,2024,2,29,8.0,,57109
8082619,1,2,1,10,2024,2,30,5.0,,57113
8082620,1,3,1,10,2024,1,13,4.0,,57118
8082621,1,2,1,10,2024,2,55,3.0,900000.0,57121
8082623,1,1,1,10,2024,1,37,5.0,2000000.0,57124
8082624,1,2,1,10,2024,2,48,10.0,2600000.0,57132
8082625,1,2,1,10,2024,1,19,8.0,1500000.0,57136
8082626,1,1,1,10,2024,2,46,4.0,1300000.0,57139
8082628,1,5,1,10,2024,2,66,4.0,1500000.0,57147
8082629,1,1,1,10,2024,2,83,3.0,,57148
8082630,1,1,1,10,2024,1,44,4.0,1000000.0,57149
8082630,1,3,1,10,2024,2,18,5.0,,57151
8082633,1,3,1,10,2024,1,17,5.0,,57157
8082635,1,2,1,10,2024,2,20,5.0,,57163
8082635,1,4,1,10,2024,2,24,5.0,1300000.0,57165
8082635,1,5,1,10,2024,1,1,,,57166
8082636,1,3,1,10,2024,1,4,1.0,,57169
8082637,1,3,1,10,2024,2,11,3.0,,57173
8082638,1,1,1,10,2024,1,37,5.0,2300000.0,57175
8082638,1,2,1,10,2024,2,33,8.0,,57176
8082639,1,1,1,10,2024,1,44,3.0,1200000.0,57181
8082641,1,3,1,10,2024,2,21,9.0,1300000.0,57188
8082647,1,3,1,10,2024,1,15,4.0,,57202
8082647,1,4,1,10,2024,1,13,3.0,,57203
8082649,1,1,1,10,2024,2,44,5.0,500000.0,57209
8082649,1,2,1,10,2024,1,44,5.0,1300000.0,57210
8082650,1,1,1,10,2024,1,38,5.0,900000.0,57212
8082654,1,4,1,10,2024,2,23,5.0,945000.0,57223
8082655,1,8,1,10,2024,2,6,3.0,,57234
8082656,1,1,1,10,2024,1,52,5.0,1500000.0,57235
8082658,1,3,1,10,2024,1,8,3.0,,57243
8082659,1,1,1,10,2024,2,37,5.0,350000.0,57246
8082659,1,2,1,10,2024,1,48,5.0,600000.0,57247
8082659,1,3,1,10,2024,1,14,4.0,,57248
8082660,1,3,1,10,2024,2,6,3.0,,57252
8082660,1,5,1,10,2024,2,5,2.0,,57254
8082661,1,1,1,10,2024,1,34,5.0,1200000.0,57256
8082661,1,2,1,10,2024,2,32,8.0,1400000.0,57257
8082661,1,4,1,10,2024,1,3,2.0,,57259
8082662,1,1,1,10,2024,2,36,5.0,1300000.0,57261
8082662,1,3,1,10,2024,2,15,4.0,,57263
8082663,1,2,1,10,2024,2,20,5.0,,57267
8082664,1,1,1,10,2024,2,44,5.0,1600000.0,57268
8082664,1,2,1,10,2024,1,69,1.0,900000.0,57269
8082665,1,2,1,10,2024,2,61,5.0,,57272
8082666,1,2,1,10,2024,2,52,3.0,,57274
8082668,1,2,1,10,2024,1,31,10.0,2200000.0,57276
8082668,1,3,1,10,2024,2,4,1.0,,57277
8082669,1,1,1,10,2024,2,31,4.0,1300000.0,57279
8082669,1,2,1,10,2024,2,15,4.0,,57280
8082669,1,3,1,10,2024,2,14,4.0,,57281
8082669,1,4,1,10,2024,1,12,3.0,,57282
8082670,1,3,1,10,2024,1,61,4.0,750000.0,57285
8082671,1,3,1,10,2024,2,21,10.0,,57289
8082671,1,4,1,10,2024,1,36,10.0,2000000.0,57290
8082673,1,1,1,10,2024,1,44,5.0,500000.0,57291
8082676,1,1,1,10,2024,2,23,5.0,1300000.0,57297
8082676,1,2,1,10,2024,1,3,1.0,,57298
8082677,1,2,1,10,2024,2,77,3.0,,57300
8082679,1,3,1,10,2024,1,68,5.0,,57303
8082679,1,4,1,10,2024,1,62,5.0,,57304
8082681,1,2,1,10,2024,1,77,4.0,1300000.0,57308
8082681,1,3,1,10,2024,1,81,1.0,,57309
8082682,1,2,1,10,2024,2,50,9.0,2000000.0,57311
8082682,2,3,2,10,2024,2,0,,,57317
8082683,1,1,1,10,2024,2,50,3.0,,57321
8082686,1,2,1,10,2024,2,42,10.0,3000000.0,57328
8082686,1,3,1,10,2024,2,52,9.0,1300000.0,57329
8082686,1,5,1,10,2024,1,22,10.0,,57331
8082688,1,1,1,10,2024,2,30,8.0,1350000.0,57332
8082689,1,1,1,10,2024,2,32,9.0,,57333
8082692,1,1,1,10,2024,2,56,5.0,,57335
8082692,1,4,1,10,2024,1,29,5.0,1520000.0,57338
8082692,1,5,1,10,2024,2,28,5.0,,57339
8082692,1,6,1,10,2024,1,5,2.0,,57340
8082693,1,1,1,10,2024,1,58,5.0,1000000.0,57341
8082695,1,2,1,10,2024,1,65,10.0,3000000.0,57349
8082695,1,3,1,10,2024,2,52,10.0,,57350
8082697,1,1,1,10,2024,1,71,4.0,,57352
8082699,1,1,1,10,2024,2,27,4.0,245000.0,57355
8082699,1,3,1,10,2024,1,11,3.0,,57357
8082702,1,2,1,10,2024,1,26,10.0,3000000.0,57360
8082703,1,1,1,10,2024,1,29,8.0,1500000.0,57361
8082703,1,3,1,10,2024,1,9,3.0,,57363
8082706,1,4,1,10,2024,2,82,9.0,,57371
8082707,1,1,1,10,2024,1,40,4.0,1200000.0,57372
8082709,1,1,1,10,2024,1,53,3.0,400000.0,57375
8082710,1,2,1,10,2024,2,20,5.0,,57377
8082712,1,1,1,10,2024,2,47,5.0,,57380
8082714,1,1,1,10,2024,1,26,5.0,1500000.0,57389
8082715,1,1,1,10,2024,1,40,10.0,3000000.0,57394
8082716,1,2,1,10,2024,2,11,4.0,,57399
8082721,1,1,1,10,2024,1,51,3.0,1400000.0,57401
8082722,1,3,1,10,2024,2,1,,,57406
8082723,1,4,1,10,2024,2,25,5.0,1000000.0,57410
8082724,1,1,1,10,2024,1,30,8.0,2000000.0,57412
8082724,1,2,1,10,2024,2,29,8.0,,57413
8082724,1,4,1,10,2024,2,3,2.0,,57415
8082725,1,1,1,10,2024,2,78,3.0,,57416
8082725,1,3,1,10,2024,2,12,4.0,,57418
8082726,1,3,1,10,2024,2,19,5.0,,57421
8082726,1,4,1,10,2024,1,4,2.0,,57422
8082726,1,6,1,10,2024,2,1,,,57424
8082728,1,2,1,10,2024,2,46,3.0,,57432
8082730,1,1,1,10,2024,1,40,5.0,1800000.0,57440
8082730,1,2,1,10,2024,2,28,5.0,,57441
8082730,1,5,1,10,2024,1,2,,,57444
8082733,1,2,1,10,2024,2,24,5.0,,57446
8082736,1,1,1,10,2024,2,40,6.0,1200000.0,57451
8082738,1,3,1,10,2024,1,57,10.0,1300000.0,57460
8082738,1,4,1,10,2024,1,48,10.0,2500000.0,57461
8082739,1,1,1,10,2024,2,38,10.0,2600000.0,57462
8082739,1,2,1,10,2024,2,9,3.0,,57463
8082739,1,3,1,10,2024,2,75,3.0,,57464
8082741,1,1,1,10,2024,2,51,5.0,,57468
8082741,1,2,1,10,2024,2,23,10.0,,57469
8082741,1,4,1,10,2024,2,26,5.0,1500000.0,57471
8082741,1,7,1,10,2024,1,1,,,57474
8082745,1,1,1,10,2024,2,62,5.0,,57477
8082746,1,1,1,10,2024,1,53,10.0,2600000.0,57479
8082746,1,2,1,10,2024,2,50,10.0,,57480
8082748,1,1,1,10,2024,1,60,4.0,2000000.0,57486
8082748,1,3,1,10,2024,2,32,10.0,1500000.0,57488
8082749,1,1,1,10,2024,2,60,6.0,,57489
8082750,1,2,1,10,2024,2,37,10.0,2600000.0,57491
8082750,1,4,1,10,2024,2,77,8.0,,57493
8082751,1,2,1,10,2024,2,13,4.0,,57495
8082754,1,1,1,10,2024,2,41,10.0,2000000.0,57496
8082754,1,2,1,10,2024,2,34,5.0,1300000.0,57497
8082756,1,4,1,10,2024,1,6,3.0,,57502
8082757,1,1,1,10,2024,2,32,5.0,,57503
8082758,1,4,1,10,2024,1,14,4.0,,57509
8082761,1,2,1,10,2024,1,49,5.0,2600000.0,57512
8082762,1,4,1,10,2024,2,11,3.0,,57517
8082764,1,1,1,10,2024,1,41,12.0,3900000.0,57518
8082764,1,2,1,10,2024,2,39,11.0,2600000.0,57519
8082766,1,2,1,10,2024,1,50,10.0,1300000.0,57522
8082770,1,1,1,10,2024,1,66,11.0,,57525
8082771,1,1,1,10,2024,1,48,5.0,1300000.0,57529
8082771,1,2,1,10,2024,2,50,5.0,,57530
8082774,1,3,1,10,2024,1,12,4.0,,57538
8082775,1,3,1,10,2024,2,21,10.0,648000.0,57542
8082777,1,1,1,10,2024,2,43,8.0,1200000.0,57545
8082777,1,5,1,10,2024,1,87,1.0,,57549
8082778,1,2,1,10,2024,2,39,10.0,1657000.0,57551
8082778,1,3,1,10,2024,2,12,4.0,,57552
8082780,1,1,1,10,2024,1,30,5.0,1300000.0,57555
8082780,1,2,1,10,2024,1,10,3.0,,57556
8082780,1,3,1,10,2024,1,3,1.0,,57557
8082782,1,1,1,10,2024,1,40,8.0,1000000.0,57560
8082783,1,1,1,10,2024,1,45,10.0,2300000.0,57563
8082783,1,2,1,10,2024,2,37,8.0,2400000.0,57564
8082783,1,3,1,10,2024,2,5,3.0,,57565
8082785,1,1,1,10,2024,1,77,3.0,,57566
8082787,1,2,1,10,2024,2,57,5.0,,57571
8082788,1,1,1,10,2024,1,39,10.0,,57572
8082788,1,3,1,10,2024,1,17,8.0,,57574
8082790,1,1,1,10,2024,2,40,8.0,,57578
8082792,1,1,1,10,2024,1,50,10.0,7500000.0,57584
8082792,1,3,1,10,2024,2,20,10.0,,57586
8082792,1,4,1,10,2024,2,13,4.0,,57587
8082793,1,2,1,10,2024,1,25,10.0,1700000.0,57590
8082793,1,4,1,10,2024,2,3,2.0,,57592
8082794,1,2,1,10,2024,2,25,6.0,1300000.0,57594
8082794,1,3,1,10,2024,1,29,5.0,2600000.0,57595
8082796,1,1,1,10,2024,1,26,5.0,1300000.0,57601
8082796,1,3,1,10,2024,1,5,2.0,,57603
8082797,1,3,1,10,2024,2,19,10.0,,57606
8082797,1,6,1,10,2024,2,11,4.0,,57609
8082798,1,4,1,10,2024,1,15,4.0,,57613
8082798,1,5,1,10,2024,2,76,3.0,,57614
8082799,1,2,1,10,2024,1,27,5.0,800000.0,57616
8082799,1,3,1,10,2024,2,37,5.0,1150000.0,57617
8082799,1,5,1,10,2024,1,21,4.0,,57619
8082799,1,8,1,10,2024,2,9,3.0,,57622
8082800,1,2,1,10,2024,2,61,8.0,950000.0,57624
8082801,1,2,1,10,2024,1,31,5.0,500000.0,57626
8082803,1,3,1,10,2024,2,16,5.0,,57630
8082804,1,3,1,10,2024,1,17,10.0,,57633
8082805,1,3,1,10,2024,1,40,5.0,0.0,57637
8082806,1,2,1,10,2024,1,12,4.0,,57639
8082807,1,2,1,10,2024,1,15,4.0,,57641
8082808,1,1,1,10,2024,1,54,10.0,,57642
8082808,1,2,1,10,2024,2,33,11.0,,57643
8082811,1,2,1,10,2024,2,46,8.0,1900000.0,57649
8082812,1,2,1,10,2024,2,46,8.0,,57654
8082812,1,3,1,10,2024,1,26,10.0,3000000.0,57655
8082814,1,1,1,10,2024,1,64,5.0,10000000.0,57658
8082814,1,2,1,10,2024,2,60,5.0,10000000.0,57659
8082816,1,1,1,10,2024,1,36,10.0,5700000.0,57663
8082817,1,2,1,10,2024,1,34,11.0,6200000.0,57666
8082823,1,1,1,10,2024,2,30,3.0,1200000.0,57675
8082823,1,2,1,10,2024,2,8,3.0,,57676
8082828,1,1,1,10,2024,1,54,5.0,1300000.0,57677
8082828,1,3,1,10,2024,1,24,5.0,1300000.0,57679
8082829,1,1,1,10,2024,2,73,3.0,200000.0,57681
8082829,1,3,1,10,2024,2,27,5.0,1462000.0,57683
8082829,1,5,1,10,2024,2,8,3.0,,57685
8082829,1,7,1,10,2024,2,18,5.0,,57687
8082830,1,1,1,10,2024,2,55,3.0,1500000.0,57688
8082831,1,1,1,10,2024,1,51,5.0,2500000.0,57691
8082833,1,2,1,10,2024,1,12,4.0,,57699
8082833,1,3,1,10,2024,1,8,3.0,,57700
8082838,1,2,1,10,2024,1,82,3.0,200000.0,57710
8082839,1,1,1,10,2024,2,38,10.0,4000000.0,57711
8082840,1,3,1,10,2024,2,9,3.0,,57716
8082840,1,4,1,10,2024,2,6,2.0,,57717
8082841,1,1,1,10,2024,2,29,5.0,1300000.0,57718
8082841,1,2,1,10,2024,2,4,1.0,,57719
8082842,1,3,1,10,2024,1,3,1.0,,57722
8082845,1,1,1,10,2024,1,42,4.0,1600000.0,57725
8082845,1,4,1,10,2024,2,7,3.0,,57728
8082847,1,4,1,10,2024,2,39,4.0,500000.0,57733
8082849,1,3,1,10,2024,2,19,5.0,,57737
8082850,1,1,1,10,2024,1,40,4.0,1000000.0,57738
8082857,1,1,1,10,2024,1,63,5.0,1000000.0,57747
8082858,1,2,1,10,2024,2,53,8.0,1300000.0,57751
8082860,1,3,1,10,2024,1,18,1.0,,57756
8082861,1,5,1,10,2024,1,55,3.0,1200000.0,57761
8082862,1,4,1,10,2024,2,6,3.0,,57766
8082862,1,5,1,10,2024,2,2,,,57767
8082863,1,1,1,10,2024,1,32,11.0,3000000.0,57768
8082866,1,3,1,10,2024,2,83,5.0,,57774
8082867,1,3,1,10,2024,1,22,10.0,,57777
8082869,1,3,1,10,2024,2,20,10.0,,57786
8082869,1,4,1,10,2024,2,14,4.0,,57787
8082870,1,1,1,10,2024,2,30,5.0,,57789
8082870,1,2,1,10,2024,1,34,8.0,1300000.0,57790
8082871,1,1,1,10,2024,2,45,5.0,700000.0,57793
8082872,1,1,1,10,2024,1,53,5.0,,57797
8082875,1,3,1,10,2024,1,89,1.0,,57808
8082876,1,2,1,10,2024,2,15,4.0,,57810
8082877,1,1,1,10,2024,2,43,10.0,3000000.0,57811
8082878,1,2,1,10,2024,2,19,5.0,,57813
8082880,1,1,1,10,2024,2,77,4.0,,57817
8082880,1,2,1,10,2024,1,77,3.0,380000.0,57818
8082880,1,3,1,10,2024,2,39,5.0,1300000.0,57819
8082881,1,1,1,10,2024,2,62,3.0,400000.0,57820
8082882,1,1,1,10,2024,1,61,5.0,,57821
8082884,1,1,1,10,2024,2,53,5.0,,57824
8082884,1,2,1,10,2024,2,22,5.0,1300000.0,57825
8082884,1,4,1,10,2024,1,20,9.0,,57827
8082887,1,2,1,10,2024,2,53,4.0,,57832
8082887,1,3,1,10,2024,1,25,10.0,6000000.0,57833
8082889,1,2,1,10,2024,1,50,5.0,1300000.0,57839
8082890,1,4,1,10,2024,1,16,4.0,,57844
8082893,1,2,1,10,2024,2,23,5.0,1600000.0,57855
8082896,1,1,1,10,2024,2,52,3.0,850000.0,57860
8082896,1,4,1,10,2024,2,19,8.0,0.0,57863
8082896,1,5,1,10,2024,1,18,4.0,,57864
8082897,1,1,1,10,2024,2,45,5.0,1520000.0,57867
8082898,1,3,1,10,2024,1,16,5.0,,57870
8082902,1,2,1,10,2024,1,25,5.0,1300000.0,57878
8082903,1,1,1,10,2024,1,38,8.0,1800000.0,57879
8082903,1,2,1,10,2024,2,32,8.0,1350000.0,57880
8082903,1,4,1,10,2024,2,12,4.0,,57882
8082904,1,2,1,10,2024,1,45,5.0,1300000.0,57885
8082909,1,1,1,10,2024,2,32,5.0,1300000.0,57892
8082909,1,2,1,10,2024,1,8,3.0,,57893
8082911,1,1,1,10,2024,2,28,5.0,,57895
8082912,1,1,1,10,2024,2,39,5.0,,57898
8082913,1,1,1,10,2024,2,54,9.0,4100000.0,57899
8082915,1,4,1,10,2024,2,35,11.0,4800000.0,57906
8082915,1,5,1,10,2024,2,7,3.0,,57907
8082924,1,1,1,10,2024,1,33,5.0,3200000.0,57917
8082926,1,2,1,10,2024,1,30,11.0,2500000.0,57922
8082928,1,3,1,10,2024,1,6,3.0,,57926
8082930,1,4,1,10,2024,2,63,3.0,,57931
8082931,1,1,1,10,2024,1,37,9.0,2600000.0,57933
8082932,1,2,1,10,2024,1,35,10.0,3500000.0,57935
8082933,1,1,1,10,2024,2,67,5.0,,57936
8082933,1,2,1,10,2024,1,63,5.0,1500000.0,57937
8082933,1,3,1,10,2024,1,42,5.0,1300000.0,57938
8082934,1,1,1,10,2024,1,40,11.0,3000000.0,57939
8082935,1,1,1,10,2024,2,28,8.0,,57941
8082935,1,3,1,10,2024,2,4,1.0,,57943
8082939,1,1,1,10,2024,1,24,5.0,1350000.0,57945
8082940,1,1,1,10,2024,2,46,5.0,600000.0,57946
8082940,1,2,1,10,2024,1,54,10.0,1518000.0,57947
8082941,1,1,1,10,2024,2,25,10.0,1300000.0,57950
8082942,1,4,1,10,2024,1,3,1.0,,57954
8082943,1,1,1,10,2024,1,30,3.0,1300000.0,57955
8082943,1,2,1,10,2024,2,23,4.0,,57956
8082944,1,2,1,10,2024,2,69,3.0,,57960
8082946,1,1,1,10,2024,1,70,5.0,,57962
8082946,1,2,1,10,2024,2,68,5.0,,57963
8082947,1,2,1,10,2024,1,44,9.0,7000000.0,57965
8082947,1,3,1,10,2024,2,26,10.0,1800000.0,57966
8082948,1,1,1,10,2024,2,35,11.0,3900000.0,57967
8082957,1,3,1,10,2024,1,28,4.0,1300000.0,57973
8082959,1,2,1,10,2024,1,28,8.0,,57978
8082961,1,3,1,10,2024,2,22,8.0,,57983
8082961,1,4,1,10,2024,1,18,5.0,,57984
8082961,2,1,2,10,2024,2,29,8.0,,57985
8082961,2,2,2,10,2024,1,36,5.0,1200000.0,57986
8082961,2,3,2,10,2024,2,15,4.0,,57987
8082962,1,1,1,10,2024,1,53,3.0,1000000.0,57989
8082963,1,1,1,10,2024,2,72,1.0,600000.0,57991
8082964,1,2,1,10,2024,1,71,3.0,700000.0,57994
8082966,1,2,1,10,2024,2,21,5.0,400000.0,58003
8082966,1,3,1,10,2024,2,17,5.0,,58004
8082966,1,4,1,10,2024,2,14,4.0,,58005
8082967,1,2,1,10,2024,2,13,4.0,,58007
8082969,1,3,1,10,2024,1,26,5.0,,58012
8082969,1,4,1,10,2024,2,7,3.0,,58013
8082970,1,1,1,10,2024,2,58,3.0,,58014
8082971,1,1,1,10,2024,2,28,10.0,2150000.0,58019
8082971,1,2,1,10,2024,1,37,10.0,2100000.0,58020
8082973,1,2,1,10,2024,1,22,5.0,1200000.0,58023
8082973,1,4,1,10,2024,1,16,5.0,,58025
8082974,1,3,1,10,2024,2,26,10.0,,58028
8082976,1,1,1,10,2024,2,62,3.0,1200000.0,58030
8082978,1,1,1,10,2024,2,35,10.0,,58038
8082979,1,4,1,10,2024,2,9,3.0,,58042
8082980,1,2,1,10,2024,1,49,3.0,1300000.0,58044
8082980,1,3,1,10,2024,1,21,10.0,,58045
8082981,1,1,1,10,2024,2,40,5.0,1300000.0,58048
8082981,1,2,1,10,2024,2,18,10.0,,58049
8082981,1,3,1,10,2024,2,72,3.0,,58050
8082992,1,2,1,10,2024,2,42,12.0,,58057
8082994,1,2,1,10,2024,2,53,3.0,,58059
8082994,1,3,1,10,2024,2,32,1.0,,58060
8082994,1,4,1,10,2024,1,25,5.0,350000.0,58061
8082994,1,5,1,10,2024,2,17,5.0,,58062
8082995,1,2,1,10,2024,2,61,5.0,700000.0,58066
8082995,1,3,1,10,2024,1,16,10.0,,58067
8082998,1,2,1,10,2024,2,60,9.0,2500000.0,58073
8083001,1,1,1,10,2024,1,89,3.0,,58080
8083001,1,3,1,10,2024,1,65,10.0,1800000.0,58082
8083002,1,1,1,10,2024,1,81,10.0,,58084
8083003,1,1,1,10,2024,1,57,5.0,1500000.0,58087
8083003,1,3,1,10,2024,1,27,10.0,,58089
8083003,1,5,1,10,2024,1,17,5.0,,58091
8083004,1,1,1,10,2024,1,77,11.0,,58092
8083006,1,2,1,10,2024,1,37,10.0,,58096
8083008,1,3,1,10,2024,2,57,10.0,1200000.0,58105
8083010,1,4,1,10,2024,2,21,10.0,,58114
8083011,1,2,1,10,2024,2,54,3.0,,58116
8083013,1,1,1,10,2024,1,66,3.0,400000.0,58123
8083013,1,3,1,10,2024,2,22,5.0,900000.0,58125
8083013,1,4,1,10,2024,1,3,1.0,,58126
8083016,1,2,1,10,2024,2,40,10.0,1900000.0,58130
8083016,1,3,1,10,2024,2,76,11.0,,58131
8083016,1,4,1,10,2024,2,63,10.0,,58132
8083017,1,2,1,10,2024,1,53,3.0,,58134
8083017,1,3,1,10,2024,2,57,3.0,,58135
8083017,1,5,1,10,2024,1,30,5.0,,58137
8083017,1,6,1,10,2024,2,28,5.0,,58138
8083017,1,8,1,10,2024,2,9,3.0,,58140
8083018,1,1,1,10,2024,2,82,5.0,,58141
8083022,1,1,1,10,2024,2,65,3.0,180000.0,58147
8083024,1,1,1,10,2024,1,54,5.0,800000.0,58151
8083024,1,2,1,10,2024,1,59,3.0,,58152
8083026,1,2,1,10,2024,2,63,11.0,4500000.0,58157
8083026,1,3,1,10,2024,1,28,11.0,3000000.0,58158
8083027,1,2,1,10,2024,2,34,11.0,3000000.0,58160
8083030,1,4,1,10,2024,2,12,4.0,,58167
8083030,1,5,1,10,2024,2,31,11.0,4000000.0,58168
8083035,1,1,1,10,2024,2,38,10.0,1800000.0,58178
8083045,1,1,1,10,2024,2,57,3.0,,58196
8083046,1,2,1,10,2024,1,41,5.0,780000.0,58198
8083047,1,2,1,10,2024,2,70,3.0,,58200
8083048,1,2,1,10,2024,2,56,5.0,,58203
8083049,1,1,1,10,2024,2,43,5.0,1300000.0,58206
8083051,1,3,1,10,2024,1,11,4.0,,58212
8083052,1,2,1,10,2024,2,51,4.0,,58215
8083053,1,2,1,10,2024,2,20,10.0,,58217
8083055,1,1,1,10,2024,2,48,6.0,1400000.0,58220
8083056,1,2,1,10,2024,2,22,10.0,,58222
8083059,1,1,1,10,2024,2,44,4.0,100000.0,58226
8083060,1,1,1,10,2024,2,29,10.0,5000000.0,58227
8083060,1,2,1,10,2024,2,25,11.0,2300000.0,58228
8083060,1,3,1,10,2024,2,51,8.0,1200000.0,58229
8083062,1,2,1,10,2024,1,26,6.0,,58235
8083064,1,1,1,10,2024,1,62,5.0,,58238
8083067,1,2,1,10,2024,2,62,5.0,,58244
8083068,1,1,1,10,2024,2,71,3.0,120000.0,58246
8083069,1,2,1,10,2024,2,39,5.0,4000000.0,58248
8083070,1,1,1,10,2024,1,52,10.0,1300000.0,58252
8083072,1,1,1,10,2024,2,44,5.0,100000.0,58258
8083072,1,2,1,10,2024,2,9,3.0,,58259
8083074,1,1,1,10,2024,2,66,3.0,,58261
8083074,1,2,1,10,2024,1,44,5.0,1500000.0,58262
8083074,1,3,1,10,2024,1,41,10.0,10000000.0,58263
8083076,1,4,1,10,2024,1,7,3.0,,58268
8083077,1,1,1,10,2024,2,33,10.0,1300000.0,58269
8083077,1,2,1,10,2024,1,12,4.0,,58270
8083077,1,4,1,10,2024,2,79,5.0,,58272
8083078,1,3,1,10,2024,1,13,4.0,,58275
8083079,1,3,1,10,2024,2,8,3.0,,58278
8083080,1,2,1,10,2024,1,30,5.0,1000000.0,58280
8083080,1,4,1,10,2024,2,12,4.0,,58282
8083080,1,6,1,10,2024,2,42,5.0,,58284
8083081,1,1,1,10,2024,1,67,12.0,5700000.0,58285
8083082,1,2,1,10,2024,2,48,5.0,600000.0,58287
8083082,1,4,1,10,2024,2,18,5.0,,58289
8083084,1,1,1,10,2024,1,47,10.0,,58293
8083085,1,1,1,10,2024,1,64,3.0,300000.0,58300
8083087,1,3,1,10,2024,1,41,11.0,5000000.0,58306
8083091,1,1,1,10,2024,1,66,3.0,,58317
8083091,1,2,1,10,2024,2,56,3.0,1000000.0,58318
8083095,1,2,1,10,2024,2,80,4.0,,58328
8083096,1,1,1,10,2024,2,51,9.0,500000.0,58329
8083103,1,1,1,10,2024,1,66,3.0,900000.0,58342
8083105,1,1,1,10,2024,1,70,3.0,,58344
8083105,1,3,1,10,2024,2,33,12.0,3000000.0,58346
8083106,1,2,1,10,2024,1,45,12.0,4800000.0,58349
8083106,1,3,1,10,2024,2,35,10.0,3500000.0,58350
8083107,1,1,1,10,2024,2,44,6.0,1400000.0,58351
8083108,1,1,1,10,2024,1,65,8.0,,58355
8083110,1,1,1,10,2024,2,45,3.0,,58359
8083110,1,2,1,10,2024,1,48,3.0,440000.0,58360
8083112,1,1,1,10,2024,2,60,11.0,4500000.0,58362
8083112,1,4,1,10,2024,1,57,5.0,1600000.0,58365
8083114,1,1,1,10,2024,2,54,12.0,2074000.0,58368
8083115,1,2,1,10,2024,2,54,5.0,,58371
8083115,1,4,1,10,2024,1,24,10.0,,58373
8083115,1,5,1,10,2024,2,15,4.0,,58374
8083116,1,2,1,10,2024,2,52,9.0,1600000.0,58376
8083117,1,2,1,10,2024,2,51,5.0,,58378
8083118,1,2,1,10,2024,2,68,5.0,,58382
8083119,1,3,1,10,2024,1,26,5.0,900000.0,58385
8083120,1,1,1,10,2024,1,62,4.0,1300000.0,58387
8083122,1,1,1,10,2024,1,86,10.0,,58391
8083122,1,2,1,10,2024,2,75,7.0,,58392
8083123,1,1,1,10,2024,2,36,5.0,1300000.0,58393
8083126,1,2,1,10,2024,2,74,5.0,,58399
8083134,1,3,1,10,2024,1,9,3.0,,58410
8083135,1,1,1,10,2024,2,63,5.0,400000.0,58412
8083135,1,3,1,10,2024,2,9,3.0,,58414
8083136,1,1,1,10,2024,2,84,3.0,700000.0,58415
8083137,1,2,1,10,2024,2,22,5.0,700000.0,58419
8083138,1,1,1,10,2024,1,70,9.0,,58420
8083140,1,1,1,10,2024,1,38,8.0,2800000.0,58425
8083140,1,2,1,10,2024,2,39,5.0,,58426
8083140,1,3,1,10,2024,1,16,5.0,,58427
8083140,1,4,1,10,2024,1,9,3.0,,58428
8083144,1,3,1,10,2024,2,33,11.0,,58435
8083145,1,2,1,10,2024,2,21,10.0,200000.0,58438
8083146,1,1,1,10,2024,1,38,5.0,450000.0,58440
8083146,1,2,1,10,2024,2,36,6.0,1300000.0,58441
8083151,1,2,1,10,2024,2,63,5.0,,58452
8083153,1,1,1,10,2024,2,69,11.0,,58455
8083153,1,2,1,10,2024,1,38,10.0,1500000.0,58456
8083154,1,1,1,10,2024,1,28,6.0,900000.0,58457
8083154,1,2,1,10,2024,2,25,6.0,700000.0,58458
8083155,1,1,1,10,2024,1,30,5.0,1300000.0,58459
8083157,1,3,1,10,2024,2,12,4.0,,58463
8083160,1,1,1,10,2024,1,81,11.0,,58468
8083167,1,1,1,10,2024,1,36,11.0,7350000.0,58475
8083167,1,2,1,10,2024,2,35,12.0,3800000.0,58476
8083175,1,1,1,10,2024,2,72,10.0,,58479
8083178,1,1,1,10,2024,2,54,12.0,4200000.0,58480
8083187,1,1,1,10,2024,2,62,3.0,600000.0,58485
8083188,1,2,1,10,2024,2,23,10.0,,58487
8083194,1,1,1,10,2024,2,59,3.0,,58500
8083194,1,4,1,10,2024,2,18,5.0,,58503
8083196,1,1,1,10,2024,1,33,5.0,1500000.0,58511
8083196,1,2,1,10,2024,2,36,6.0,,58512
8083199,1,1,1,10,2024,1,45,3.0,0.0,58520
8083199,1,2,1,10,2024,2,35,5.0,600000.0,58521
8083200,1,1,1,10,2024,2,86,1.0,,58525
8083201,1,4,1,10,2024,1,22,5.0,1600000.0,58530
8083202,1,2,1,10,2024,2,52,5.0,,58532
8083202,1,3,1,10,2024,1,30,6.0,1300000.0,58533
8083203,1,1,1,10,2024,2,64,3.0,300000.0,58534
8083205,1,3,1,10,2024,1,27,4.0,,58543
8083207,1,1,1,10,2024,1,66,5.0,,58548
8083207,1,4,1,10,2024,1,17,5.0,,58551
8083210,1,1,1,10,2024,1,65,3.0,,58559
8083212,1,1,1,10,2024,2,55,5.0,700000.0,58564
8083212,1,2,1,10,2024,2,79,3.0,,58565
8083216,1,1,1,10,2024,2,63,4.0,1000000.0,58572
8083216,1,2,1,10,2024,2,32,5.0,,58573
8083217,1,1,1,10,2024,2,72,3.0,,58574
8083219,1,1,1,10,2024,2,46,5.0,700000.0,58579
8083220,1,2,1,10,2024,2,44,8.0,,58583
8083220,1,5,1,10,2024,2,75,3.0,,58586
8083222,1,5,1,10,2024,1,57,5.0,1200000.0,58594
8083223,1,1,1,10,2024,1,39,5.0,1300000.0,58595
8083223,1,3,1,10,2024,2,20,10.0,,58597
8083224,1,2,1,10,2024,1,33,9.0,,58601
8083225,1,2,1,10,2024,1,26,5.0,1300000.0,58603
8083228,1,2,1,10,2024,2,36,5.0,,58608
8083230,1,1,1,10,2024,2,39,5.0,900000.0,58615
8083230,1,2,1,10,2024,2,17,5.0,,58616
8083231,1,1,1,10,2024,1,44,3.0,,58617
8083231,1,3,1,10,2024,2,20,10.0,,58619
8083232,1,4,1,10,2024,1,17,5.0,400000.0,58623
8083234,1,1,1,10,2024,1,77,3.0,,58625
8083238,1,2,1,10,2024,1,29,5.0,1200000.0,58635
8083240,1,1,1,10,2024,1,89,1.0,,58639
8083240,1,2,1,10,2024,2,80,3.0,,58640
8083240,1,4,1,10,2024,2,43,8.0,1300000.0,58642
8083240,1,5,1,10,2024,1,10,3.0,,58643
8083243,1,2,1,10,2024,2,35,5.0,1200000.0,58647
8083244,1,4,1,10,2024,2,7,3.0,,58654
8083248,1,2,1,10,2024,1,39,3.0,1250000.0,58659
8083249,1,2,1,10,2024,2,61,4.0,,58661
8083250,1,2,1,10,2024,2,59,1.0,,58663
8083253,1,1,1,10,2024,1,70,10.0,,58669
8083253,1,2,1,10,2024,2,60,10.0,,58670
8083254,1,1,1,10,2024,2,35,3.0,,58671
8083254,1,4,1,10,2024,1,8,3.0,,58674
8083255,1,2,1,10,2024,1,16,5.0,,58677
8083256,1,1,1,10,2024,1,68,3.0,,58678
8083258,1,1,1,10,2024,2,35,3.0,900000.0,58681
8083259,1,3,1,10,2024,2,16,5.0,,58686
8083259,1,4,1,10,2024,2,6,2.0,,58687
8083260,1,1,1,10,2024,1,64,4.0,,58689
8083263,1,3,1,10,2024,1,18,5.0,,58696
8083263,1,4,1,10,2024,1,18,5.0,,58697
8083264,1,1,1,10,2024,1,49,3.0,1500000.0,58698
8083265,1,1,1,10,2024,2,51,3.0,900000.0,58699
8083266,1,1,1,10,2024,2,50,5.0,,58703
8083266,1,3,1,10,2024,2,15,5.0,,58705
8083266,1,4,1,10,2024,2,62,5.0,600000.0,58706
8083270,1,2,1,10,2024,2,31,6.0,,58710
8083272,1,1,1,10,2024,2,28,8.0,1500000.0,58716
8083273,1,2,1,10,2024,2,23,5.0,600000.0,58720
8083276,1,1,1,10,2024,2,44,5.0,,58722
8083278,1,1,1,10,2024,1,67,3.0,600000.0,58727
8083278,1,2,1,10,2024,2,60,10.0,,58728
8083280,1,1,1,10,2024,2,81,3.0,,58732
8083282,1,3,1,10,2024,1,29,5.0,1680000.0,58738
8083286,1,3,1,10,2024,1,23,5.0,1300000.0,58744
8083287,1,2,1,10,2024,2,34,12.0,,58747
8083289,1,4,1,10,2024,1,5,1.0,,58756
8083292,1,3,1,10,2024,2,8,3.0,,58764
8083298,1,2,1,10,2024,1,35,10.0,1600000.0,58774
8083298,1,4,1,10,2024,2,5,3.0,,58776
8083299,1,3,1,10,2024,2,70,1.0,,58779
8083300,1,1,1,10,2024,2,59,4.0,,58780
8083301,1,3,1,10,2024,1,41,3.0,1300000.0,58783
8083302,1,4,1,10,2024,1,27,1.0,,58788
8083305,1,2,1,10,2024,1,58,1.0,180000.0,58792
8083305,1,3,1,10,2024,1,35,8.0,1300000.0,58793
8083306,1,4,1,10,2024,1,11,4.0,,58798
8083307,1,5,1,10,2024,1,16,3.0,,58803
8083308,1,2,1,10,2024,1,86,1.0,,58807
8083308,1,3,1,10,2024,2,78,3.0,,58808
8083309,1,2,1,10,2024,1,44,3.0,650000.0,58810
8083309,1,4,1,10,2024,1,15,4.0,,58812
8083310,1,2,1,10,2024,2,29,6.0,1300000.0,58814
8083310,1,3,1,10,2024,1,4,1.0,,58815
8083312,1,3,1,10,2024,2,10,3.0,,58819
8083313,1,3,1,10,2024,1,12,4.0,,58822
8083314,1,1,1,10,2024,1,34,5.0,,58824
8083314,1,2,1,10,2024,2,29,5.0,,58825
8083314,1,5,1,10,2024,1,8,3.0,,58828
8083315,1,1,1,10,2024,2,32,5.0,1200000.0,58829
8083316,1,1,1,10,2024,1,24,5.0,1600000.0,58831
8083316,1,2,1,10,2024,2,26,5.0,,58832
8083317,1,1,1,10,2024,2,82,3.0,,58835
8083317,1,2,1,10,2024,1,87,3.0,,58836
8083319,1,1,1,10,2024,1,75,4.0,,58838
8083322,1,1,1,10,2024,1,82,3.0,,58840
8083324,1,1,1,10,2024,1,83,4.0,,58841
8083324,1,2,1,10,2024,2,79,3.0,,58842
8083324,1,5,1,10,2024,1,55,1.0,,58845
8083325,1,1,1,10,2024,2,27,3.0,1700000.0,58847
8083325,1,3,1,10,2024,2,8,3.0,,58849
8083325,1,4,1,10,2024,2,6,2.0,,58850
8083332,1,1,1,10,2024,2,60,4.0,600000.0,58861
8083332,1,4,1,10,2024,2,17,6.0,,58864
8083334,1,1,1,10,2024,1,61,8.0,4000000.0,58867
8083336,1,1,1,10,2024,1,50,6.0,1000000.0,58875
8083336,1,2,1,10,2024,1,13,4.0,,58876
8083337,1,1,1,10,2024,1,57,8.0,,58878
8083338,1,2,1,10,2024,2,77,1.0,,58880
8083339,1,1,1,10,2024,1,40,5.0,2700000.0,58881
8083339,1,2,1,10,2024,2,41,5.0,1700000.0,58882
8083339,1,3,1,10,2024,2,11,4.0,,58883
8083342,1,2,1,10,2024,1,51,10.0,4000000.0,58892
8083343,1,3,1,10,2024,2,17,5.0,,58895
8083343,1,6,1,10,2024,1,31,5.0,1500000.0,58898
8083345,1,2,1,10,2024,2,43,10.0,,58901
8083360,1,1,1,10,2024,2,33,5.0,1000000.0,58920
8083360,1,2,1,10,2024,2,4,1.0,,58921
8083361,1,1,1,10,2024,1,63,3.0,,58923
8083361,1,4,1,10,2024,1,57,1.0,,58926
8083362,1,1,1,10,2024,1,56,3.0,300000.0,58927
8083363,1,1,1,10,2024,2,25,10.0,,58928
8083363,1,2,1,10,2024,1,9,3.0,,58929
8083364,1,1,1,10,2024,1,37,5.0,6500000.0,58931
8083370,1,1,1,10,2024,2,55,3.0,1600000.0,58941
8083375,1,1,1,10,2024,2,71,10.0,,58948
8083376,1,1,1,10,2024,1,47,8.0,,58949
8083377,1,1,1,10,2024,2,53,10.0,2500000.0,58952
8083387,1,2,1,10,2024,1,57,10.0,5000000.0,58957
8083388,1,3,1,10,2024,1,32,5.0,1300000.0,58960
8083390,1,1,1,10,2024,2,70,11.0,,58962
8083392,1,2,1,10,2024,2,34,5.0,1300000.0,58965
8083396,1,1,1,10,2024,2,54,4.0,850000.0,58979
8083397,1,1,1,10,2024,1,79,3.0,,58980
8083397,1,2,1,10,2024,2,70,4.0,,58981
8083398,1,1,1,10,2024,2,78,5.0,,58982
8083399,1,1,1,10,2024,2,35,9.0,1200000.0,58983
8083400,1,1,1,10,2024,1,52,8.0,,58985
8083400,1,2,1,10,2024,2,45,5.0,,58986
8083400,1,4,1,10,2024,1,19,10.0,,58988
8083401,1,1,1,10,2024,1,45,9.0,2000000.0,58989
8083401,1,3,1,10,2024,2,9,3.0,,58991
8083402,1,3,1,10,2024,2,18,5.0,,58994
8083402,1,4,1,10,2024,1,11,4.0,,58995
8083405,1,2,1,10,2024,2,47,4.0,,59000
8083406,1,3,1,10,2024,1,13,4.0,,59003
8083417,1,1,1,10,2024,1,25,8.0,1400000.0,59021
8083418,1,2,1,10,2024,2,42,5.0,1300000.0,59023
8083419,1,3,1,10,2024,2,22,9.0,,59026
8083419,1,4,1,10,2024,2,20,10.0,,59027
8083420,1,1,1,10,2024,2,46,3.0,1300000.0,59029
8083420,1,3,1,10,2024,2,20,5.0,,59031
8083422,1,1,1,10,2024,1,66,8.0,,59036
8083422,1,2,1,10,2024,2,65,5.0,,59037
8083423,1,1,1,10,2024,2,22,5.0,2000000.0,59038
8083424,1,1,1,10,2024,2,58,5.0,,59039
8083425,1,1,1,10,2024,1,60,9.0,,59041
8083426,1,1,1,10,2024,2,31,5.0,1500000.0,59042
8083427,1,3,1,10,2024,1,6,3.0,,59046
8083428,1,2,1,10,2024,2,39,9.0,4000000.0,59049
8083428,1,3,1,10,2024,1,19,8.0,,59050
8083428,1,4,1,10,2024,1,14,4.0,,59051
8083430,1,2,1,10,2024,2,60,5.0,,59054
8083433,1,1,1,10,2024,2,72,11.0,,59060
8083434,1,1,1,10,2024,1,59,10.0,1200000.0,59061
8083434,1,2,1,10,2024,2,56,11.0,,59062
8083434,1,5,1,10,2024,1,62,10.0,,59065
8083435,1,1,1,10,2024,1,59,11.0,4500000.0,59066
8083435,1,5,1,10,2024,2,74,3.0,,59070
8083437,1,1,1,10,2024,2,39,4.0,900000.0,59071
8083437,1,2,1,10,2024,1,23,5.0,160000.0,59072
8083443,1,1,1,10,2024,2,27,5.0,1300000.0,59084
8083444,1,4,1,10,2024,2,2,,,59089
8083445,1,1,1,10,2024,1,18,4.0,800000.0,59090
8083446,1,2,1,10,2024,1,72,10.0,,59092
8083450,1,1,1,10,2024,1,64,10.0,3000000.0,59099
8083452,1,2,1,10,2024,2,53,5.0,2000000.0,59105
8083453,1,2,1,10,2024,2,43,5.0,,59107
8083455,1,1,1,10,2024,2,50,5.0,,59110
8083455,1,2,1,10,2024,1,56,10.0,1600000.0,59111
8083460,1,3,1,10,2024,2,13,4.0,,59121
8083461,1,1,1,10,2024,2,30,5.0,1300000.0,59122
8083461,1,3,1,10,2024,2,9,3.0,,59124
8083462,1,1,1,10,2024,2,74,3.0,,59125
8083463,1,1,1,10,2024,2,45,5.0,1300000.0,59126
8083463,1,2,1,10,2024,1,50,5.0,1800000.0,59127
8083470,1,1,1,10,2024,1,68,4.0,,59139
8083471,1,2,1,10,2024,1,33,8.0,1600000.0,59141
8083472,1,1,1,10,2024,2,44,5.0,,59142
8083472,1,3,1,10,2024,2,7,3.0,,59144
8083473,1,1,1,10,2024,1,54,3.0,1800000.0,59145
8083473,1,2,1,10,2024,2,62,5.0,,59146
8083474,1,1,1,10,2024,2,60,8.0,,59148
8083475,1,3,1,10,2024,2,40,5.0,1000000.0,59151
8083477,1,1,1,10,2024,1,74,5.0,,59154
8083478,1,2,1,10,2024,2,62,10.0,,59157
8083480,1,1,1,10,2024,1,46,5.0,2200000.0,59161
8083480,1,3,1,10,2024,2,14,4.0,,59163
8083481,1,2,1,10,2024,2,21,10.0,1100000.0,59167
8083482,1,1,1,10,2024,1,55,5.0,2000000.0,59170
8083482,1,2,1,10,2024,2,77,4.0,,59171
8083484,1,1,1,10,2024,2,62,3.0,300000.0,59174
8083485,1,1,1,10,2024,2,23,5.0,1300000.0,59176
8083487,1,1,1,10,2024,1,26,5.0,960000.0,59179
8083488,1,1,1,10,2024,2,49,10.0,700000.0,59182
8083489,1,1,1,10,2024,2,57,4.0,,59184
8083490,1,2,1,10,2024,2,18,5.0,,59186
8083496,1,1,1,10,2024,2,17,5.0,,59199
8083499,1,2,1,10,2024,1,34,4.0,800000.0,59203
8083513,1,1,1,10,2024,1,78,4.0,900000.0,59205
8083516,1,1,1,10,2024,1,60,3.0,300000.0,59208
8083516,1,2,1,10,2024,2,59,3.0,,59209
8083518,1,3,1,10,2024,2,33,8.0,1800000.0,59213
8083518,1,6,1,10,2024,1,62,3.0,1200000.0,59216
8083519,1,4,1,10,2024,1,23,8.0,1300000.0,59220
8083522,1,1,1,10,2024,2,42,5.0,,59225
8083522,1,3,1,10,2024,2,65,4.0,,59227
8083524,1,1,1,10,2024,2,61,5.0,1300000.0,59229
8083525,1,3,1,10,2024,2,8,3.0,,59236
8083526,1,1,1,10,2024,1,71,5.0,,59237
8083526,1,3,1,10,2024,1,47,8.0,1000000.0,59239
8083528,1,3,1,10,2024,1,17,5.0,,59243
8083531,1,1,1,10,2024,1,65,4.0,1200000.0,59247
8083534,1,1,1,10,2024,1,80,4.0,,59254
8083535,1,3,1,10,2024,1,73,4.0,,59258
8083540,1,2,1,10,2024,2,64,4.0,,59268
8083542,1,3,1,10,2024,1,30,10.0,1400000.0,59275
8083544,1,1,1,10,2024,1,48,5.0,1248000.0,59277
8083545,1,2,1,10,2024,2,32,11.0,4000000.0,59280
8083546,1,1,1,10,2024,2,37,10.0,5200000.0,59282
8083552,1,1,1,10,2024,1,54,10.0,1500000.0,59290
8083552,1,2,1,10,2024,2,50,10.0,5000000.0,59291
8083554,1,1,1,10,2024,2,76,4.0,,59293
8083555,1,3,1,10,2024,2,23,10.0,,59298
8083555,1,5,1,10,2024,1,16,5.0,,59300
8083556,1,2,1,10,2024,2,59,5.0,,59302
8083558,1,1,1,10,2024,2,32,11.0,4000000.0,59303
8083559,1,1,1,10,2024,2,61,10.0,500000.0,59304
8083561,1,1,1,10,2024,1,84,5.0,,59308
8083561,1,2,1,10,2024,2,76,8.0,,59309
8083563,1,1,1,10,2024,2,73,5.0,,59311
8083564,1,1,1,10,2024,2,31,5.0,,59313
8083564,1,2,1,10,2024,1,32,10.0,1300000.0,59314
8083564,1,4,1,10,2024,1,0,,,59316
8083566,1,1,1,10,2024,2,74,8.0,,59317
8083568,1,1,1,10,2024,2,58,10.0,3800000.0,59321
8083571,1,3,1,10,2024,1,32,8.0,1300000.0,59332
8083574,1,2,1,10,2024,1,26,6.0,1300000.0,59340
8083574,1,5,1,10,2024,2,1,,,59343
8083575,1,2,1,10,2024,2,44,5.0,,59345
8083577,1,1,1,10,2024,1,53,5.0,1300000.0,59348
8083578,1,1,1,10,2024,2,47,5.0,,59350
8083580,1,1,1,10,2024,1,67,4.0,1100000.0,59353
8083580,1,2,1,10,2024,2,73,3.0,,59354
8083582,1,1,1,10,2024,2,38,5.0,1300000.0,59356
8083583,1,1,1,10,2024,2,42,5.0,,59358
8083583,1,4,1,10,2024,1,12,4.0,,59361
8083584,1,2,1,10,2024,2,22,10.0,,59363
8083586,1,2,1,10,2024,2,76,10.0,,59368
8083586,1,3,1,10,2024,1,55,10.0,1500000.0,59369
8083587,1,1,1,10,2024,2,43,9.0,1500000.0,59371
8083589,1,2,1,10,2024,2,47,5.0,,59374
8083589,1,3,1,10,2024,2,24,10.0,,59375
8083589,1,4,1,10,2024,1,8,3.0,,59376
8083590,1,1,1,10,2024,2,68,5.0,,59377
8083592,1,2,1,10,2024,1,25,10.0,1800000.0,59379
8083598,1,2,1,10,2024,2,82,5.0,,59383
8083600,1,1,1,10,2024,2,43,8.0,1900000.0,59386
8083601,1,1,1,10,2024,2,44,5.0,1300000.0,59388
8083601,1,3,1,10,2024,1,14,5.0,,59390
8083602,1,1,1,10,2024,2,63,9.0,,59392
8083603,1,2,1,10,2024,2,25,9.0,1300000.0,59394
8083604,1,3,1,10,2024,1,14,5.0,,59397
8083604,1,4,1,10,2024,1,10,4.0,,59398
8083605,1,1,1,10,2024,1,29,9.0,2000000.0,59399
8083607,1,4,1,10,2024,2,63,4.0,,59408
8083613,1,1,1,10,2024,1,27,5.0,1200000.0,59416
8083619,1,1,1,10,2024,2,53,4.0,,59429
8083619,1,2,1,10,2024,2,26,8.0,1500000.0,59430
8083623,1,5,1,10,2024,2,16,5.0,,59441
8083623,1,6,1,10,2024,1,5,1.0,,59442
8083624,1,2,1,10,2024,2,39,9.0,150000.0,59445
8083625,1,1,1,10,2024,1,66,1.0,,59446
8083626,1,1,1,10,2024,1,60,3.0,400000.0,59448
8083628,1,1,1,10,2024,2,72,11.0,,59449
8083628,1,2,1,10,2024,1,48,8.0,2000000.0,59450
8083631,1,1,1,10,2024,1,53,1.0,200000.0,59453
8083631,1,3,1,10,2024,1,27,3.0,1000000.0,59455
8083636,1,2,1,10,2024,2,42,5.0,1550000.0,59462
8083642,1,1,1,10,2024,2,31,5.0,400000.0,59469
8083642,1,3,1,10,2024,1,11,4.0,,59471
8083644,1,2,1,10,2024,1,24,5.0,1200000.0,59473
8083649,1,1,1,10,2024,2,38,5.0,720000.0,59479
8083650,1,1,1,10,2024,2,57,4.0,800000.0,59481
8083650,1,2,1,10,2024,2,36,5.0,,59482
8083652,1,2,1,10,2024,2,72,3.0,,59484
8083653,1,2,1,10,2024,2,73,3.0,,59489
8083656,1,1,1,10,2024,1,53,5.0,1300000.0,59492
8083656,1,2,1,10,2024,2,46,5.0,,59493
8083657,1,1,1,10,2024,1,30,5.0,1200000.0,59494
8083660,1,2,1,10,2024,1,71,3.0,300000.0,59500
8083662,1,1,1,10,2024,2,37,4.0,,59501
8083662,1,2,1,10,2024,1,20,5.0,1000000.0,59502
8083662,1,5,1,10,2024,2,14,4.0,,59505
8083662,1,6,1,10,2024,2,11,4.0,,59506
8083668,1,1,1,10,2024,1,63,11.0,5000000.0,59511
8083668,1,3,1,10,2024,1,30,10.0,1200000.0,59513
8083672,1,1,1,10,2024,2,57,5.0,,59517
8083677,1,3,1,10,2024,1,26,10.0,4000000.0,59531
8083679,1,1,1,10,2024,2,43,6.0,,59533
8083679,1,4,1,10,2024,2,10,3.0,,59536
8083680,1,1,1,10,2024,2,74,8.0,,59537
8083682,1,1,1,10,2024,2,28,5.0,1600000.0,59540
8083683,1,3,1,10,2024,1,14,4.0,,59544
8083685,1,3,1,10,2024,1,50,5.0,,59548
8083688,1,2,1,10,2024,1,37,4.0,700000.0,59557
8083690,1,1,1,10,2024,1,42,11.0,3500000.0,59560
8083693,1,1,1,10,2024,1,27,10.0,1800000.0,59566
8083694,1,1,1,10,2024,2,34,5.0,,59567
8083699,1,2,1,10,2024,1,32,8.0,,59576
8083700,1,2,1,10,2024,2,24,5.0,,59578
8083700,1,3,1,10,2024,2,54,3.0,800000.0,59579
8083701,1,1,1,10,2024,1,65,3.0,1300000.0,59581
8083704,1,3,1,10,2024,1,4,1.0,,59586
8083704,1,4,1,10,2024,1,1,,,59587
8083706,1,1,1,10,2024,2,88,3.0,,59590
8083708,1,1,1,10,2024,1,78,3.0,,59594
8083708,1,2,1,10,2024,2,71,3.0,,59595
8083709,1,1,1,10,2024,1,42,9.0,900000.0,59597
8083713,1,2,1,10,2024,2,65,3.0,,59602
8083718,1,1,1,10,2024,2,38,1.0,,59611
8083718,1,3,1,10,2024,1,10,3.0,,59613
8083719,1,4,1,10,2024,2,49,8.0,2000000.0,59617
8083719,1,5,1,10,2024,1,24,9.0,1300000.0,59618
8083722,1,1,1,10,2024,1,60,3.0,,59620
8083723,1,1,1,10,2024,1,54,10.0,4000000.0,59622
8083724,1,3,1,10,2024,1,30,10.0,3000000.0,59627
8083726,1,3,1,10,2024,2,12,4.0,,59630
8083728,1,1,1,10,2024,2,50,1.0,,59635
8083728,1,3,1,10,2024,2,65,1.0,,59637
8083730,1,3,1,10,2024,2,24,5.0,1300000.0,59641
8083730,1,4,1,10,2024,1,6,3.0,,59642
8083734,1,1,1,10,2024,2,72,3.0,,59643
8083734,1,3,1,10,2024,2,31,5.0,1400000.0,59645
8083741,1,1,1,10,2024,1,58,5.0,2160000.0,59652
8083743,1,1,1,10,2024,1,41,5.0,6000000.0,59657
8083743,1,2,1,10,2024,2,31,5.0,,59658
8083743,1,3,1,10,2024,2,11,4.0,,59659
8083745,1,2,1,10,2024,2,15,4.0,,59662
8083747,1,1,1,10,2024,2,74,4.0,,59664
8083751,1,5,1,10,2024,1,43,5.0,1800000.0,59677
8083752,1,1,1,10,2024,2,66,3.0,700000.0,59678
8083755,1,1,1,10,2024,2,64,5.0,,59682
8083757,1,3,1,10,2024,1,27,10.0,1400000.0,59687
8083758,1,3,1,10,2024,1,4,2.0,,59690
8083759,1,1,1,10,2024,1,24,10.0,1650000.0,59692
8083761,1,3,1,10,2024,2,70,8.0,,59697
8083762,1,1,1,10,2024,1,65,10.0,4000000.0,59698
8083763,1,2,1,10,2024,2,42,3.0,,59700
8083764,1,2,1,10,2024,2,15,4.0,,59706
8083766,1,1,1,10,2024,1,46,3.0,1200000.0,59709
8083766,1,2,1,10,2024,2,45,8.0,,59710
8083767,1,2,1,10,2024,2,5,3.0,,59712
8083768,1,1,1,10,2024,2,59,3.0,150000.0,59715
8083769,1,4,1,10,2024,2,57,5.0,,59720
8083769,1,5,1,10,2024,2,18,4.0,500000.0,59721
8083769,1,8,1,10,2024,1,21,5.0,1460000.0,59724
8083772,1,2,1,10,2024,1,33,5.0,1800000.0,59730
8083773,1,2,1,10,2024,1,51,3.0,1472000.0,59733
8083775,1,2,1,10,2024,1,31,10.0,2000000.0,59735
8083779,1,1,1,10,2024,2,28,5.0,1300000.0,59740
8083779,1,2,1,10,2024,2,3,1.0,,59741
8083781,1,3,1,10,2024,1,12,4.0,,59745
8083785,1,1,1,10,2024,1,43,5.0,8000000.0,59751
8083785,1,3,1,10,2024,1,19,10.0,,59753
8083787,1,2,1,10,2024,1,30,4.0,1300000.0,59757
8083790,1,1,1,10,2024,1,57,8.0,,59759
8083793,1,2,1,10,2024,2,23,8.0,,59762
8083799,1,3,1,10,2024,1,42,5.0,,59766
8083799,1,4,1,10,2024,1,41,5.0,,59767
8083800,1,1,1,10,2024,1,46,12.0,7000000.0,59768
8083800,1,4,1,10,2024,2,13,4.0,,59771
8083802,1,3,1,10,2024,1,11,4.0,,59776
8083802,1,4,1,10,2024,2,88,1.0,,59777
8083805,1,1,1,10,2024,1,65,5.0,,59781
8083806,1,1,1,10,2024,1,52,10.0,2260000.0,59783
8083806,1,3,1,10,2024,2,83,4.0,,59785
8083812,1,1,1,10,2024,1,55,10.0,3000000.0,59791
8083812,1,4,1,10,2024,1,16,5.0,,59794
8083815,1,1,1,10,2024,1,63,3.0,2000000.0,59799
8083815,1,3,1,10,2024,1,35,4.0,2000000.0,59801
8083817,1,2,1,10,2024,2,65,1.0,,59809
8083820,1,1,1,10,2024,1,47,5.0,1800000.0,59815
8083825,1,1,1,10,2024,2,61,4.0,,59821
8083825,1,2,1,10,2024,1,55,1.0,1300000.0,59822
8083825,1,5,1,10,2024,2,1,,,59825
8083826,1,2,1,10,2024,2,32,5.0,,59827
8083830,1,1,1,10,2024,1,45,5.0,1300000.0,59833
8083830,1,2,1,10,2024,2,39,8.0,0.0,59834
8083834,1,1,1,10,2024,1,18,5.0,1300000.0,59838
8083837,1,3,1,10,2024,1,60,3.0,1200000.0,59848
8083837,1,4,1,10,2024,1,59,5.0,1400000.0,59849
8083838,1,2,1,10,2024,2,33,9.0,2600000.0,59851
8083839,1,1,1,10,2024,1,52,3.0,2000000.0,59853
8083840,1,2,1,10,2024,1,23,1.0,,59857
8083841,1,2,1,10,2024,2,34,4.0,,59859
8083842,1,2,1,10,2024,2,15,4.0,,59861
8083842,1,3,1,10,2024,2,55,3.0,,59862
8083843,1,4,1,10,2024,2,71,4.0,,59867
8083844,1,4,1,10,2024,2,7,3.0,,59871
8083845,1,1,1,10,2024,2,30,12.0,3200000.0,59872
8083847,1,3,1,10,2024,2,42,1.0,1000000.0,59878
8083848,1,1,1,10,2024,2,45,5.0,1300000.0,59879
8083848,1,4,1,10,2024,2,17,4.0,,59882
8083850,1,1,1,10,2024,2,50,4.0,,59883
8083850,1,2,1,10,2024,2,22,8.0,,59884
8083851,1,2,1,10,2024,2,16,5.0,,59887
8083853,1,1,1,10,2024,2,59,10.0,4000000.0,59892
8083854,1,4,1,10,2024,1,4,2.0,,59897
8083859,1,1,1,10,2024,1,30,5.0,,59906
8083859,1,2,1,10,2024,2,57,5.0,,59907
8083861,1,1,1,10,2024,2,33,8.0,1430000.0,59909
8083863,1,1,1,10,2024,2,37,5.0,,59914
8083863,1,2,1,10,2024,1,16,5.0,,59915
8083865,1,1,1,10,2024,2,57,3.0,,59917
8083867,1,2,1,10,2024,2,55,10.0,1300000.0,59922
8083869,1,1,1,10,2024,2,44,5.0,1300000.0,59926
8083871,1,4,1,10,2024,2,17,4.0,,59933
8083871,1,6,1,10,2024,2,11,4.0,,59935
8083877,1,2,1,10,2024,1,29,8.0,1000000.0,59945
8083879,1,1,1,10,2024,2,63,3.0,1500000.0,59949
8083882,1,1,1,10,2024,1,66,4.0,1900000.0,59951
8083884,1,3,1,10,2024,2,10,4.0,,59958
8083895,1,1,1,10,2024,1,20,5.0,1300000.0,59966
8083896,1,1,1,10,2024,2,36,5.0,1300000.0,59967
8083896,1,2,1,10,2024,2,17,5.0,,59968
8083897,1,1,1,10,2024,2,42,5.0,4000000.0,59969
8083898,1,1,1,10,2024,1,53,6.0,2200000.0,59970
8083904,1,2,1,10,2024,1,58,3.0,1500000.0,59974
8083911,1,1,1,10,2024,1,37,4.0,,59981
8083911,1,3,1,10,2024,1,13,4.0,,59983
8083911,1,4,1,10,2024,2,6,3.0,,59984
8083919,1,2,1,10,2024,2,11,4.0,,59986
8083919,1,3,1,10,2024,2,3,1.0,,59987
8083934,1,1,1,10,2024,2,62,10.0,,59994
8083935,1,1,1,10,2024,1,39,9.0,1000000.0,59996
8083936,1,3,1,10,2024,2,25,10.0,,59999
8083939,1,2,1,10,2024,2,59,10.0,,60003
8083939,1,3,1,10,2024,1,29,11.0,3000000.0,60004
8083942,1,1,1,10,2024,1,41,12.0,8000000.0,60010
8083943,1,1,1,10,2024,1,78,4.0,,60014
8083943,1,5,1,10,2024,1,33,6.0,800000.0,60018
8083943,1,6,1,10,2024,2,7,3.0,,60019
8083943,1,7,1,10,2024,2,18,4.0,,60020
8083944,1,2,1,10,2024,2,54,9.0,2000000.0,60025
8083944,1,3,1,10,2024,2,29,11.0,,60026
8083945,1,2,1,10,2024,2,37,6.0,1300000.0,60028
8083948,1,1,1,10,2024,1,49,10.0,,60036
8083948,1,3,1,10,2024,1,24,6.0,1300000.0,60038
8083948,1,4,1,10,2024,2,23,10.0,,60039
8083951,1,1,1,10,2024,1,32,8.0,900000.0,60048
8083954,1,2,1,10,2024,1,3,1.0,,60058
8083955,1,3,1,10,2024,1,29,8.0,,60061
8083959,1,1,1,10,2024,1,62,3.0,,60068
8083960,1,1,1,10,2024,2,79,10.0,,60073
8083960,1,2,1,10,2024,1,30,10.0,,60074
8083963,1,2,1,10,2024,2,24,8.0,,60082
8083964,1,1,1,10,2024,1,60,6.0,,60085
8083964,1,2,1,10,2024,2,60,8.0,,60086
8083965,1,1,1,10,2024,1,67,6.0,,60089
8083966,1,2,1,10,2024,1,27,9.0,1300000.0,60093
8083967,1,2,1,10,2024,2,20,3.0,,60097
8083968,1,2,1,10,2024,2,51,5.0,,60100
8083968,1,3,1,10,2024,2,14,4.0,,60101
8083970,1,1,1,10,2024,1,54,10.0,1350000.0,60103
8083971,1,3,1,10,2024,2,46,5.0,1750000.0,60108
8083971,1,4,1,10,2024,1,17,10.0,,60109
8083972,1,1,1,10,2024,1,30,8.0,1300000.0,60111
8083973,2,1,2,10,2024,1,35,5.0,2300000.0,60114
8083976,1,1,1,10,2024,1,62,10.0,,60121
8083976,1,2,1,10,2024,2,91,3.0,,60122
8083978,1,2,1,10,2024,2,4,1.0,,60126
8083979,1,4,1,10,2024,2,13,4.0,,60130
8083979,1,5,1,10,2024,2,12,4.0,,60131
8083980,1,1,1,10,2024,2,53,3.0,1500000.0,60133
8083980,1,2,1,10,2024,1,59,1.0,,60134
8083981,1,2,1,10,2024,1,24,5.0,2000000.0,60138
8083981,1,6,1,10,2024,1,22,5.0,1200000.0,60142
8083982,1,1,1,10,2024,2,29,4.0,1200000.0,60143
8083982,1,3,1,10,2024,2,7,3.0,,60145
8083983,1,2,1,10,2024,2,63,5.0,1000000.0,60147
8083984,1,2,1,10,2024,2,24,10.0,1300000.0,60149
8083985,1,1,1,10,2024,1,47,3.0,1300000.0,60151
8083986,1,2,1,10,2024,2,53,5.0,,60155
8083986,1,5,1,10,2024,1,81,3.0,,60158
8083987,1,4,1,10,2024,2,29,10.0,,60162
8083987,1,5,1,10,2024,2,5,2.0,,60163
8083989,1,2,1,10,2024,1,74,4.0,1000000.0,60166
8083990,1,2,1,10,2024,1,80,1.0,,60168
8083995,1,3,1,10,2024,2,25,10.0,,60183
8083995,1,4,1,10,2024,1,53,3.0,1300000.0,60184
8083996,1,1,1,10,2024,2,32,10.0,1500000.0,60185
8083996,1,2,1,10,2024,1,26,5.0,1300000.0,60186
8083996,1,3,1,10,2024,2,8,3.0,,60187
8083997,1,2,1,10,2024,2,18,5.0,1400000.0,60189
8083998,1,1,1,10,2024,2,42,5.0,700000.0,60190
8083998,1,5,1,10,2024,2,59,4.0,,60194
8083999,1,1,1,10,2024,1,26,9.0,1300000.0,60195
8084001,1,4,1,10,2024,1,18,5.0,,60199
8084002,1,2,1,10,2024,1,51,9.0,3000000.0,60201
8084005,1,2,1,10,2024,1,20,10.0,500000.0,60210
8084008,1,2,1,10,2024,1,47,5.0,,60215
8084009,1,3,1,10,2024,1,19,5.0,,60219
8084010,1,1,1,10,2024,2,55,4.0,1300000.0,60221
8084010,1,2,1,10,2024,1,62,4.0,2000000.0,60222
8084011,1,3,1,10,2024,2,11,4.0,,60225
8084012,1,1,1,10,2024,2,30,8.0,,60226
8084014,1,5,1,10,2024,2,0,,,60234
8084015,1,1,1,10,2024,2,33,5.0,,60235
8084016,1,1,1,10,2024,2,75,1.0,,60239
8084018,1,1,1,10,2024,1,62,3.0,1500000.0,60246
8084018,1,2,1,10,2024,2,29,5.0,900000.0,60247
8084019,1,2,1,10,2024,1,44,3.0,1300000.0,60249
8084020,1,3,1,10,2024,2,6,3.0,,60252
8084020,1,4,1,10,2024,2,27,5.0,1000000.0,60253
8084021,1,2,1,10,2024,2,24,9.0,,60255
8084022,1,1,1,10,2024,1,31,3.0,1350000.0,60257
8084023,1,1,1,10,2024,2,52,5.0,,60258
8084024,1,3,1,10,2024,2,9,3.0,,60261
8084025,1,3,1,10,2024,2,12,4.0,,60268
8084026,1,2,1,10,2024,1,71,4.0,,60270
8084026,1,3,1,10,2024,1,22,4.0,1000000.0,60271
8084026,1,5,1,10,2024,1,16,5.0,,60273
8084027,1,1,1,10,2024,2,43,10.0,5000000.0,60275
8084027,1,2,1,10,2024,1,38,10.0,7000000.0,60276
8084028,1,2,1,10,2024,1,51,8.0,1300000.0,60278
8084029,1,1,1,10,2024,1,40,5.0,,60279
8084029,1,2,1,10,2024,2,48,5.0,,60280
8084029,1,4,1,10,2024,1,24,10.0,,60282
8084032,1,1,1,10,2024,1,76,10.0,,60288
8084033,1,3,1,10,2024,1,28,5.0,1500000.0,60293
8084033,1,4,1,10,2024,1,22,5.0,1300000.0,60294
8084035,1,5,1,10,2024,2,1,,,60303
8084036,1,4,1,10,2024,1,0,,,60307
8084037,1,4,1,10,2024,1,2,,,60311
8084039,1,4,1,10,2024,2,26,8.0,,60319
8084039,1,6,1,10,2024,1,3,1.0,,60321
8084042,1,3,1,10,2024,1,22,9.0,1300000.0,60328
8084042,1,4,1,10,2024,2,13,4.0,,60329
8084043,1,1,1,10,2024,1,54,5.0,,60330
8084045,1,1,1,10,2024,1,66,3.0,1800000.0,60337
8084045,1,4,1,10,2024,1,42,1.0,,60340
8084045,1,6,1,10,2024,1,20,9.0,,60342
8084046,1,3,1,10,2024,2,16,5.0,,60346
8084046,1,5,1,10,2024,1,9,3.0,,60348
8084047,1,2,1,10,2024,1,16,4.0,,60350
8084048,1,3,1,10,2024,1,54,10.0,0.0,60359
8084049,1,1,1,10,2024,1,63,8.0,,60361
8084050,1,1,1,10,2024,2,88,3.0,,60364
8084052,1,1,1,10,2024,1,34,10.0,3000000.0,60369
8084052,1,3,1,10,2024,1,6,3.0,,60371
8084054,1,1,1,10,2024,2,45,10.0,1822700.0,60376
8084054,1,3,1,10,2024,1,27,10.0,3622700.0,60378
8084055,1,3,1,10,2024,2,16,6.0,,60381
8084055,1,6,1,10,2024,2,72,5.0,,60384
8084058,1,1,1,10,2024,1,53,3.0,700000.0,60386
8084061,1,1,1,10,2024,1,60,10.0,5400000.0,60394
8084061,1,2,1,10,2024,2,56,10.0,2600000.0,60395
8084061,1,3,1,10,2024,2,21,10.0,,60396
8084062,1,1,1,10,2024,2,45,10.0,4500000.0,60398
8084063,1,1,1,10,2024,2,92,4.0,,60402
8084065,1,2,1,10,2024,1,53,5.0,1500000.0,60409
8084066,1,2,1,10,2024,2,27,8.0,3500000.0,60411
8084066,1,4,1,10,2024,2,1,,,60413
8084066,1,5,1,10,2024,1,25,10.0,,60414
8084067,1,1,1,10,2024,1,44,10.0,2800000.0,60416
8084067,1,2,1,10,2024,2,42,8.0,,60417
8084069,1,2,1,10,2024,2,52,9.0,2500000.0,60425
8084070,1,2,1,10,2024,2,22,4.0,300000.0,60427
8084071,1,2,1,10,2024,2,59,12.0,,60433
8084071,1,4,1,10,2024,2,23,10.0,,60435
8084073,1,1,1,10,2024,1,71,10.0,4500000.0,60438
8084076,1,1,1,10,2024,2,71,10.0,,60445
8084076,1,4,1,10,2024,1,18,9.0,,60448
8084079,1,1,1,10,2024,2,45,10.0,3000000.0,60453
8084080,1,2,1,10,2024,1,48,4.0,3000000.0,60455
8084082,1,2,1,10,2024,1,41,10.0,1800000.0,60460
8084088,1,1,1,10,2024,2,38,4.0,800000.0,60469
8084090,1,2,1,10,2024,1,29,3.0,,60477
8084093,1,1,1,10,2024,1,27,5.0,1200000.0,60482
8084093,1,2,1,10,2024,2,26,5.0,800000.0,60483
8084093,1,3,1,10,2024,1,10,3.0,,60484
8084095,1,3,1,10,2024,2,9,3.0,,60488
8084095,1,4,1,10,2024,1,8,3.0,,60489
8084096,1,1,1,10,2024,1,59,5.0,2100000.0,60490
8084097,1,1,1,10,2024,1,61,8.0,3545000.0,60492
8084097,1,2,1,10,2024,2,61,5.0,,60493
8084100,1,2,1,10,2024,1,84,5.0,,60500
8084102,1,1,1,10,2024,2,46,5.0,,60504
8084104,1,2,1,10,2024,2,57,3.0,,60509
8084104,1,3,1,10,2024,2,20,10.0,,60510
8084105,1,2,1,10,2024,2,51,10.0,1200000.0,60512
8084107,1,1,1,10,2024,1,22,5.0,9000000.0,60516
8084107,1,2,1,10,2024,2,20,8.0,,60517
8084108,1,2,1,10,2024,2,35,10.0,3022700.0,60519
8084110,1,2,1,10,2024,2,57,9.0,1750000.0,60528
8084110,1,4,1,10,2024,2,20,10.0,,60530
8084114,1,2,1,10,2024,2,10,3.0,,60536
8084122,1,1,1,10,2024,1,53,5.0,1900000.0,60537
8084129,1,1,1,10,2024,2,54,9.0,1000000.0,60538
8084131,1,1,1,10,2024,2,38,3.0,700000.0,60541
8084156,1,6,1,10,2024,2,16,4.0,,60557
8084158,1,2,1,10,2024,2,36,8.0,400000.0,60561
8084158,1,3,1,10,2024,1,13,4.0,,60562
8084158,1,4,1,10,2024,2,4,1.0,,60563
8084159,1,1,1,10,2024,2,64,1.0,,60564
8084159,1,4,1,10,2024,1,38,3.0,600000.0,60567
8084159,1,7,1,10,2024,1,4,2.0,,60570
8084159,1,8,1,10,2024,1,22,8.0,1300000.0,60571
8084163,1,3,1,10,2024,2,11,3.0,,60579
8084163,1,5,1,10,2024,2,36,11.0,2500000.0,60581
8084164,1,1,1,10,2024,1,61,3.0,900000.0,60582
8084164,1,3,1,10,2024,1,25,5.0,750000.0,60584
8084165,1,1,1,10,2024,1,73,3.0,400000.0,60585
8084165,1,2,1,10,2024,2,64,3.0,750000.0,60586
8084166,1,1,1,10,2024,2,32,5.0,,60588
8084166,1,2,1,10,2024,1,5,2.0,,60589
8084167,1,1,1,10,2024,1,28,5.0,2000000.0,60590
8084167,1,2,1,10,2024,2,24,5.0,,60591
8084168,1,2,1,10,2024,2,4,2.0,,60594
8084172,1,2,1,10,2024,1,31,3.0,800000.0,60603
8084173,1,3,1,10,2024,2,27,8.0,1300000.0,60607
8084173,1,4,1,10,2024,1,9,3.0,,60608
8084174,1,3,1,10,2024,2,22,8.0,,60611
8084176,1,3,1,10,2024,1,16,4.0,,60619
8084176,1,5,1,10,2024,2,16,4.0,,60621
8084177,1,5,1,10,2024,1,2,,,60629
8084179,1,1,1,10,2024,2,35,5.0,,60636
8084179,1,4,1,10,2024,1,63,3.0,1200000.0,60639
8084181,1,1,1,10,2024,2,18,4.0,,60643
8084183,1,1,1,10,2024,1,42,4.0,900000.0,60646
8084183,1,2,1,10,2024,2,41,3.0,,60647
8084184,1,1,1,10,2024,1,54,5.0,200000.0,60648
8084184,1,2,1,10,2024,2,25,10.0,,60649
8084186,1,3,1,10,2024,2,91,1.0,,60655
8084188,1,1,1,10,2024,2,41,1.0,,60659
8084188,1,2,1,10,2024,1,55,5.0,1100000.0,60660
8084188,1,3,1,10,2024,1,18,3.0,750000.0,60661
8084189,1,2,1,10,2024,2,51,5.0,1300000.0,60666
8084189,1,4,1,10,2024,2,26,10.0,,60668
8084191,1,1,1,10,2024,1,56,1.0,1462000.0,60669
8084192,1,1,1,10,2024,2,21,10.0,350000.0,60671
8084193,1,1,1,10,2024,2,61,4.0,350000.0,60673
8084193,1,3,1,10,2024,1,29,5.0,400000.0,60675
8084194,1,1,1,10,2024,1,29,4.0,1400000.0,60676
8084199,1,2,1,10,2024,2,44,5.0,400000.0,60689
8084200,1,2,1,10,2024,2,59,3.0,,60694
8084200,1,4,1,10,2024,2,41,5.0,300000.0,60696
8084201,1,1,1,10,2024,2,75,3.0,15000.0,60698
8084202,1,3,1,10,2024,2,10,3.0,,60702
8084204,1,1,1,10,2024,2,45,5.0,,60704
8084204,1,2,1,10,2024,1,20,5.0,1300000.0,60705
8084205,1,2,1,10,2024,1,36,8.0,900000.0,60708
8084205,1,4,1,10,2024,2,73,1.0,,60710
8084210,1,2,1,10,2024,1,34,8.0,1300000.0,60722
8084212,1,1,1,10,2024,1,61,5.0,1500000.0,60724
8084212,1,2,1,10,2024,2,49,3.0,,60725
8084214,1,1,1,10,2024,1,38,4.0,1100000.0,60728
8084214,1,2,1,10,2024,2,83,3.0,,60729
8084218,1,1,1,10,2024,2,38,5.0,600000.0,60731
8084226,1,1,1,10,2024,1,70,3.0,700000.0,60748
8084227,1,2,1,10,2024,1,15,4.0,,60750
8084228,1,1,1,10,2024,2,60,5.0,,60753
8084228,1,2,1,10,2024,1,35,10.0,800000.0,60754
8084229,1,1,1,10,2024,2,25,10.0,2500000.0,60755
8084229,1,2,1,10,2024,2,47,8.0,1500000.0,60756
8084231,1,1,1,10,2024,2,45,11.0,2000000.0,60757
8084232,1,2,1,10,2024,2,14,5.0,,60762
8084233,1,2,1,10,2024,2,37,8.0,,60764
8084233,1,4,1,10,2024,2,12,4.0,,60766
8084237,1,1,1,10,2024,2,28,10.0,1462000.0,60770
8084237,1,4,1,10,2024,2,2,,,60773
8084240,1,1,1,10,2024,2,41,10.0,2500000.0,60781
8084244,1,2,1,10,2024,2,16,5.0,,60786
8084244,1,3,1,10,2024,2,51,3.0,,60787
8084245,1,2,1,10,2024,1,32,10.0,700000.0,60792
8084246,1,1,1,10,2024,1,67,5.0,,60794
8084247,1,3,1,10,2024,1,44,5.0,800000.0,60798
8084248,1,1,1,10,2024,2,28,8.0,0.0,60800
8084249,1,2,1,10,2024,2,34,5.0,,60803
8084250,1,2,1,10,2024,2,62,4.0,,60810
8084251,1,1,1,10,2024,1,33,10.0,2800000.0,60811
8084255,1,1,1,10,2024,2,63,4.0,,60820
8084255,1,2,1,10,2024,2,39,10.0,2000000.0,60821
8084256,1,1,1,10,2024,1,37,12.0,5300000.0,60822
8084256,1,2,1,10,2024,2,37,10.0,3300000.0,60823
8084259,1,1,1,10,2024,2,71,4.0,,60831
8084261,1,1,1,10,2024,1,66,5.0,300000.0,60835
8084261,1,2,1,10,2024,1,93,1.0,,60836
8084262,1,3,1,10,2024,2,16,4.0,1150000.0,60839
8084267,1,2,1,10,2024,1,26,8.0,,60847
8084268,1,1,1,10,2024,1,46,11.0,650000.0,60849
8084268,1,2,1,10,2024,2,77,10.0,,60850
8084270,1,2,1,10,2024,2,33,8.0,,60854
8084271,1,1,1,10,2024,1,37,5.0,1800000.0,60857
8084271,1,2,1,10,2024,2,37,8.0,2200000.0,60858
8084271,1,3,1,10,2024,2,15,4.0,,60859
8084272,1,1,1,10,2024,2,77,1.0,20000.0,60861
8084278,1,6,1,10,2024,2,19,5.0,,60872
8084279,1,1,1,10,2024,2,57,5.0,,60873
8084280,1,1,1,10,2024,2,41,10.0,1462000.0,60876
8084281,1,2,1,10,2024,1,10,4.0,,60880
8084281,1,3,1,10,2024,1,5,3.0,,60881
8084284,1,2,1,10,2024,1,67,10.0,,60887
8084284,1,4,1,10,2024,1,32,10.0,3500000.0,60889
8084285,1,2,1,10,2024,2,38,8.0,1300000.0,60892
8084287,1,4,1,10,2024,2,25,10.0,,60896
8084289,1,1,1,10,2024,1,66,3.0,400000.0,60897
8084289,1,2,1,10,2024,2,62,3.0,,60898
8084291,1,1,1,10,2024,2,64,3.0,,60899
8084298,1,1,1,10,2024,2,49,8.0,500000.0,60907
8084304,1,2,1,10,2024,1,28,5.0,1300000.0,60915
8084305,1,4,1,10,2024,1,29,5.0,800000.0,60920
8084305,1,5,1,10,2024,1,7,3.0,,60921
8084307,1,1,1,10,2024,2,41,5.0,,60924
8084307,1,2,1,10,2024,1,44,5.0,,60925
8084307,1,3,1,10,2024,1,20,5.0,600000.0,60926
8084308,1,6,1,10,2024,1,31,5.0,600000.0,60934
8084309,1,1,1,10,2024,1,59,10.0,2000000.0,60937
8084310,1,2,1,10,2024,2,34,8.0,200000.0,60941
8084310,1,4,1,10,2024,2,3,2.0,,60943
8084311,1,2,1,10,2024,1,67,5.0,,60946
8084311,1,4,1,10,2024,2,6,3.0,,60948
8084312,1,2,1,10,2024,2,50,8.0,,60950
8084316,1,1,1,10,2024,2,59,8.0,,60952
8084316,1,2,1,10,2024,1,75,10.0,,60953
8084316,1,4,1,10,2024,2,91,1.0,,60955
8084321,1,1,1,10,2024,1,33,4.0,2050000.0,60963
8084322,1,2,1,10,2024,2,70,5.0,,60965
8084328,1,3,1,10,2024,1,16,5.0,,60975
8084331,1,2,1,10,2024,1,49,4.0,1000000.0,60982
8084331,1,3,1,10,2024,1,31,5.0,,60983
8084332,1,1,1,10,2024,2,84,3.0,,60984
8084333,1,1,1,10,2024,2,59,8.0,1800000.0,60986
8084333,1,2,1,10,2024,2,26,10.0,,60987
8084335,1,2,1,10,2024,2,62,3.0,,60990
8084335,1,3,1,10,2024,2,42,4.0,,60991
8084337,1,1,1,10,2024,2,82,3.0,,60993
8084338,1,3,1,10,2024,2,17,9.0,,60996
8084339,1,4,1,10,2024,2,17,10.0,,61000
8084349,1,2,1,10,2024,2,45,5.0,1300000.0,61019
8084349,1,4,1,10,2024,2,15,4.0,,61021
8084352,1,2,1,10,2024,2,43,10.0,1000000.0,61025
8084353,1,1,1,10,2024,2,50,5.0,,61027
8084356,1,3,1,10,2024,2,24,5.0,,61034
8084357,1,5,1,10,2024,2,5,2.0,,61039
8084358,1,1,1,10,2024,1,77,3.0,700000.0,61040
8084360,1,1,1,10,2024,1,82,1.0,,61045
8084362,1,1,1,10,2024,2,40,5.0,,61047
8084363,1,2,1,10,2024,2,60,5.0,,61052
8084364,1,1,1,10,2024,1,60,3.0,,61053
8084365,1,1,1,10,2024,1,59,5.0,1300000.0,61056
8084366,1,2,1,10,2024,1,35,10.0,2500000.0,61060
8084371,1,2,1,10,2024,2,44,4.0,800000.0,61070
8084371,1,3,1,10,2024,1,13,4.0,,61071
8084374,1,1,1,10,2024,1,69,3.0,,61074
8084374,1,2,1,10,2024,2,65,5.0,,61075
8084374,1,4,1,10,2024,2,41,5.0,400000.0,61077
8084374,1,5,1,10,2024,1,9,3.0,,61078
8084375,1,2,1,10,2024,2,41,4.0,,61080
8084376,1,3,1,10,2024,2,13,4.0,,61085
8084377,1,1,1,10,2024,2,64,3.0,900000.0,61086
8084381,1,2,1,10,2024,2,39,5.0,,61094
8084383,1,4,1,10,2024,1,6,3.0,,61098
8084385,1,2,1,10,2024,2,48,8.0,,61100
8084385,1,3,1,10,2024,1,3,2.0,,61101
8084386,1,3,1,10,2024,1,9,3.0,,61104
8084387,1,1,1,10,2024,2,59,4.0,,61105
8084387,1,2,1,10,2024,1,59,4.0,,61106
8084388,1,2,1,10,2024,2,19,10.0,,61108
8084389,1,4,1,10,2024,2,24,10.0,1080000.0,61113
8084390,1,3,1,10,2024,1,5,2.0,,61116
8084394,1,2,1,10,2024,1,62,5.0,,61128
8084394,1,4,1,10,2024,1,30,10.0,700000.0,61130
8084395,1,1,1,10,2024,1,39,3.0,1000000.0,61132
8084398,1,1,1,10,2024,2,84,3.0,,61137
8084399,1,1,1,10,2024,1,49,9.0,1300000.0,61138
8084403,1,4,1,10,2024,1,8,3.0,,61145
8084406,1,1,1,10,2024,1,35,9.0,2000000.0,61147
8084407,1,1,1,10,2024,2,48,4.0,1700000.0,61149
8084407,1,2,1,10,2024,2,18,10.0,220000.0,61150
8084408,1,1,1,10,2024,2,24,10.0,1924000.0,61151
8084409,1,2,1,10,2024,2,22,5.0,884000.0,61154
8084410,1,2,1,10,2024,2,40,5.0,,61156
8084411,1,1,1,10,2024,1,25,9.0,1300000.0,61157
8084413,1,2,1,10,2024,2,64,8.0,,61160
8084413,1,3,1,10,2024,1,49,8.0,,61161
8084415,1,2,1,10,2024,2,61,3.0,,61165
8084420,1,1,1,10,2024,1,27,10.0,7000000.0,61172
8084423,1,2,1,10,2024,2,35,10.0,,61175
8084423,1,3,1,10,2024,1,63,4.0,1300000.0,61176
8084423,1,4,1,10,2024,2,55,10.0,,61177
8084425,1,3,1,10,2024,2,8,3.0,,61181
8084426,1,3,1,10,2024,1,14,4.0,,61186
8084429,1,1,1,10,2024,2,37,5.0,1300000.0,61187
8084432,1,1,1,10,2024,1,27,10.0,1300000.0,61191
8084432,1,2,1,10,2024,2,23,5.0,,61192
8084433,1,1,1,10,2024,2,44,3.0,,61194
8084434,1,2,1,10,2024,1,34,5.0,1300000.0,61197
8084434,1,4,1,10,2024,2,6,2.0,,61199
8084436,1,1,1,10,2024,2,42,8.0,,61205
8084440,1,2,1,10,2024,2,56,3.0,500000.0,61211
8084440,1,4,1,10,2024,1,11,3.0,,61213
8084443,1,1,1,10,2024,1,53,5.0,2400000.0,61215
8084443,1,2,1,10,2024,2,41,5.0,,61216
8084443,1,4,1,10,2024,2,21,10.0,,61218
8084444,1,3,1,10,2024,1,17,4.0,,61222
8084444,1,4,1,10,2024,2,15,4.0,,61223
8084446,1,4,1,10,2024,1,11,3.0,,61227
8084447,1,1,1,10,2024,2,50,5.0,,61228
8084447,1,2,1,10,2024,1,18,5.0,450000.0,61229
8084448,1,1,1,10,2024,2,47,4.0,,61230
8084448,1,4,1,10,2024,2,87,1.0,,61233
8084458,1,2,1,10,2024,2,46,5.0,,61242
8084459,1,1,1,10,2024,2,35,5.0,,61244
8084459,1,3,1,10,2024,1,9,3.0,,61246
8084468,1,1,1,10,2024,2,51,8.0,,61249
8084468,1,2,1,10,2024,2,15,4.0,,61250
8084470,1,1,1,10,2024,1,32,4.0,700000.0,61251
8084475,1,1,1,10,2024,1,53,3.0,300000.0,61253
8084478,1,2,1,10,2024,2,63,3.0,,61264
8084478,1,3,1,10,2024,1,25,5.0,1420000.0,61265
8084480,1,1,1,10,2024,1,66,4.0,1848000.0,61266
8084483,1,2,1,10,2024,1,28,6.0,,61271
8084483,1,3,1,10,2024,2,16,4.0,,61272
8084489,1,1,1,10,2024,2,41,6.0,1360000.0,61285
8084489,2,1,2,10,2024,2,34,8.0,1300000.0,61287
8084489,2,2,2,10,2024,2,13,4.0,,61288
8084490,1,2,1,10,2024,2,55,6.0,,61290
8084490,1,3,1,10,2024,2,19,10.0,,61291
8084490,1,5,1,10,2024,2,14,6.0,,61293
8084492,1,2,1,10,2024,2,24,8.0,1500000.0,61297
8084493,1,1,1,10,2024,1,43,5.0,1300000.0,61299
8084493,2,1,2,10,2024,1,58,4.0,2000000.0,61303
8084503,1,1,1,10,2024,1,39,4.0,1724000.0,61319
8084503,1,3,1,10,2024,2,9,2.0,,61321
8084504,1,1,1,10,2024,2,50,5.0,250000.0,61322
8084504,1,3,1,10,2024,1,21,4.0,1500000.0,61324
8084504,1,6,1,10,2024,1,26,5.0,885000.0,61327
8084513,1,2,1,10,2024,2,25,6.0,,61334
8084517,1,1,1,10,2024,2,34,6.0,2500000.0,61340
8084518,1,4,1,10,2024,1,57,3.0,1400000.0,61346
8084521,1,3,1,10,2024,2,55,4.0,,61351
8084521,1,4,1,10,2024,2,17,6.0,,61352
8084521,1,5,1,10,2024,1,15,5.0,,61353
8084522,1,1,1,10,2024,2,32,9.0,520000.0,61354
8084524,1,1,1,10,2024,2,48,5.0,1300000.0,61357
8084524,1,2,1,10,2024,1,22,5.0,120000.0,61358
8084524,1,4,1,10,2024,1,4,2.0,,61360
8084525,1,2,1,10,2024,2,25,4.0,30000.0,61362
8084530,1,2,1,10,2024,2,38,6.0,,61371
8084531,1,3,1,10,2024,1,4,2.0,,61376
8084533,1,3,1,10,2024,2,7,3.0,,61381
8084534,1,1,1,10,2024,2,66,5.0,,61382
8084536,1,2,1,10,2024,1,39,10.0,3200000.0,61385
8084536,1,4,1,10,2024,2,13,4.0,,61387
8084537,1,3,1,10,2024,2,69,3.0,,61391
8084538,1,1,1,10,2024,2,67,3.0,,61392
8084539,1,2,1,10,2024,2,73,3.0,,61395
8084540,1,2,1,10,2024,2,66,4.0,,61398
8084549,1,1,1,10,2024,1,35,8.0,2600000.0,61403
8084550,1,2,1,10,2024,2,19,8.0,,61407
8084550,1,4,1,10,2024,1,8,3.0,,61409
8084550,1,5,1,10,2024,1,5,3.0,,61410
8084551,1,1,1,10,2024,1,31,10.0,5000000.0,61411
8084554,1,1,1,10,2024,2,75,8.0,,61420
8084554,1,2,1,10,2024,2,51,10.0,1600000.0,61421
8084556,1,4,1,10,2024,2,17,6.0,,61427
8084559,1,1,1,10,2024,2,36,6.0,190000.0,61432
8084559,1,3,1,10,2024,2,15,3.0,,61434
8084559,1,8,1,10,2024,1,4,1.0,,61439
8084559,1,9,1,10,2024,1,3,1.0,,61440
8084563,1,1,1,10,2024,1,56,5.0,,61448
8084568,1,1,1,10,2024,1,73,10.0,,61456
8084569,1,2,1,10,2024,2,75,5.0,,61458
8084570,1,1,1,10,2024,1,38,10.0,9172000.0,61459
8084574,1,2,1,10,2024,2,67,9.0,,61468
8084574,1,4,1,10,2024,1,32,10.0,,61470
8084576,1,1,1,10,2024,2,49,13.0,7000000.0,61471
8084578,1,1,1,10,2024,1,34,6.0,1300000.0,61474
8084578,1,3,1,10,2024,1,5,3.0,,61476
8084579,1,1,1,10,2024,1,62,3.0,1500000.0,61477
8084586,1,3,1,10,2024,2,16,4.0,,61481
8084589,1,2,1,10,2024,1,72,5.0,,61483
8084590,1,3,1,10,2024,2,28,8.0,1300000.0,61487
8084590,1,4,1,10,2024,1,28,9.0,,61488
8084596,1,2,1,10,2024,2,69,10.0,,61490
8084598,1,4,1,10,2024,1,5,2.0,,61496
8084599,1,1,1,10,2024,2,33,5.0,1300000.0,61497
8084610,1,3,1,10,2024,1,21,5.0,1300000.0,61510
8084620,1,2,1,10,2024,1,50,1.0,,61518
8084622,1,3,1,10,2024,2,23,5.0,,61522
8084622,1,5,1,10,2024,2,0,,,61524
8084624,1,2,1,10,2024,2,41,5.0,1400000.0,61530
8084628,1,2,1,10,2024,2,73,3.0,,61542
8084631,1,2,1,10,2024,2,66,3.0,,61544
8084631,1,4,1,10,2024,2,21,10.0,,61546
8084633,1,4,1,10,2024,2,54,10.0,,61553
8084634,1,1,1,10,2024,2,66,3.0,,61554
8084636,1,1,1,10,2024,1,72,4.0,,61558
8084636,1,4,1,10,2024,1,14,4.0,,61561
8084637,1,2,1,10,2024,2,34,5.0,1000000.0,61564
8084639,1,2,1,10,2024,2,36,5.0,1500000.0,61568
8084641,1,4,1,10,2024,2,9,3.0,,61573
8084642,1,1,1,10,2024,2,24,4.0,1300000.0,61574
8084643,1,1,1,10,2024,1,27,6.0,1800000.0,61578
8084643,1,2,1,10,2024,2,26,10.0,,61579
8084644,1,3,1,10,2024,2,38,10.0,,61582
8084644,1,4,1,10,2024,2,1,,,61583
8084646,1,2,1,10,2024,1,80,3.0,,61586
8084646,2,1,2,10,2024,2,57,4.0,,61588
8084646,2,2,2,10,2024,1,32,6.0,1300000.0,61589
8084647,1,2,1,10,2024,2,32,5.0,900000.0,61595
8084647,1,5,1,10,2024,1,8,3.0,,61598
8084647,1,6,1,10,2024,1,20,5.0,700000.0,61599
8084648,1,2,1,10,2024,2,63,3.0,,61601
8084651,1,2,1,10,2024,2,29,3.0,,61603
8084651,1,5,1,10,2024,1,2,,,61606
8084651,1,6,1,10,2024,1,19,6.0,,61607
8084654,1,3,1,10,2024,2,31,5.0,,61613
8084655,1,1,1,10,2024,1,35,5.0,1500000.0,61614
8084655,1,5,1,10,2024,2,37,5.0,1000000.0,61618
8084656,1,2,1,10,2024,2,37,6.0,,61620
8084656,1,3,1,10,2024,2,8,3.0,,61621
8084658,1,1,1,10,2024,1,54,5.0,1300000.0,61625
8084658,1,2,1,10,2024,2,48,3.0,1300000.0,61626
8084659,1,3,1,10,2024,2,17,6.0,,61631
8084660,1,1,1,10,2024,1,23,5.0,1462000.0,61633
8084660,1,2,1,10,2024,2,23,5.0,,61634
8084660,1,3,1,10,2024,2,0,,,61635
8084663,1,2,1,10,2024,2,45,5.0,840000.0,61640
8084663,1,5,1,10,2024,1,38,6.0,1708000.0,61643
8084664,1,2,1,10,2024,1,35,6.0,1462000.0,61645
8084666,1,3,1,10,2024,2,24,5.0,870000.0,61648
8084667,1,1,1,10,2024,1,68,3.0,,61651
8084668,1,3,1,10,2024,2,17,5.0,,61654
8084674,1,1,1,10,2024,2,50,10.0,2000000.0,61660
8084675,1,2,1,10,2024,2,38,8.0,1700000.0,61662
8084676,1,1,1,10,2024,2,61,10.0,,61664
8084676,1,3,1,10,2024,2,0,,,61666
8084677,1,1,1,10,2024,2,90,3.0,,61668
8084677,1,2,1,10,2024,1,67,5.0,,61669
8084678,1,1,1,10,2024,2,60,4.0,,61670
8084679,1,1,1,10,2024,1,57,10.0,,61673
8084679,1,3,1,10,2024,1,15,4.0,,61675
8084680,1,1,1,10,2024,2,32,5.0,1688000.0,61676
8084681,1,2,1,10,2024,2,66,5.0,,61678
8084685,1,1,1,10,2024,1,33,5.0,1800000.0,61685
8084685,1,2,1,10,2024,2,30,5.0,1400000.0,61686
8084687,1,3,1,10,2024,1,0,,,61693
8084691,1,1,1,10,2024,2,20,10.0,,61697
8084691,1,2,1,10,2024,1,22,10.0,3000000.0,61698
8084692,1,1,1,10,2024,2,44,8.0,2000000.0,61699
8084693,1,1,1,10,2024,2,65,5.0,,61700
8084694,1,2,1,10,2024,2,34,9.0,1800000.0,61703
8084696,1,1,1,10,2024,1,28,9.0,2200000.0,61706
8084696,1,2,1,10,2024,2,24,10.0,,61707
8084697,1,3,1,10,2024,1,31,8.0,1000000.0,61710
8084700,1,2,1,10,2024,2,41,11.0,1850000.0,61712
8084701,1,2,1,10,2024,2,47,5.0,1800000.0,61715
8084702,1,2,1,10,2024,2,71,3.0,,61717
8084703,1,1,1,10,2024,1,33,5.0,1600000.0,61719
8084707,1,1,1,10,2024,2,36,5.0,1462000.0,61723
8084709,1,2,1,10,2024,2,25,6.0,2700000.0,61727
8084711,1,4,1,10,2024,2,15,5.0,,61731
8084711,1,5,1,10,2024,2,65,4.0,,61732
8084712,1,3,1,10,2024,2,38,11.0,4600000.0,61735
8084713,1,1,1,10,2024,2,52,5.0,,61737
8084714,1,2,1,10,2024,1,62,10.0,4000000.0,61740
8084716,1,1,1,10,2024,1,59,5.0,1700000.0,61741
8084717,1,1,1,10,2024,1,61,5.0,1462000.0,61742
8084717,1,2,1,10,2024,2,64,3.0,,61743
8084719,1,1,1,10,2024,1,69,3.0,,61744
8084719,1,2,1,10,2024,2,62,3.0,,61745
8084720,1,1,1,10,2024,2,54,4.0,,61746
8084720,1,6,1,10,2024,2,50,5.0,,61751
8084725,1,1,1,10,2024,1,31,5.0,1500000.0,61755
8084725,1,4,1,10,2024,1,9,3.0,,61758
8084726,1,3,1,10,2024,1,1,,,61761
8084727,1,2,1,10,2024,1,21,5.0,1488000.0,61763
8084727,1,3,1,10,2024,2,19,5.0,1300000.0,61764
8084727,1,5,1,10,2024,2,16,10.0,,61766
8084728,1,2,1,10,2024,1,56,1.0,1462000.0,61768
8084728,1,3,1,10,2024,1,25,5.0,,61769
8084730,1,1,1,10,2024,2,84,3.0,,61771
8084730,1,3,1,10,2024,1,26,10.0,2600000.0,61773
8084731,1,2,1,10,2024,2,5,2.0,,61776
8084733,1,2,1,10,2024,1,18,3.0,1300000.0,61782
8084733,1,3,1,10,2024,2,17,4.0,800000.0,61783
8084734,1,2,1,10,2024,2,27,6.0,,61785
8084735,1,3,1,10,2024,2,6,3.0,,61789
8084737,1,1,1,10,2024,1,41,10.0,1870000.0,61793
8084737,1,2,1,10,2024,2,44,5.0,,61794
8084737,1,6,1,10,2024,1,20,5.0,,61798
8084738,1,2,1,10,2024,2,12,4.0,,61802
8084738,1,3,1,10,2024,1,7,3.0,,61803
8084740,1,1,1,10,2024,1,52,3.0,500000.0,61807
8084741,1,2,1,10,2024,2,30,5.0,900000.0,61809
8084742,1,1,1,10,2024,1,32,3.0,1300000.0,61812
8084742,1,2,1,10,2024,2,25,5.0,,61813
8084744,1,3,1,10,2024,1,51,5.0,350000.0,61820
8084746,1,1,1,10,2024,2,52,10.0,,61822
8084746,1,2,1,10,2024,1,24,10.0,,61823
8084748,1,3,1,10,2024,1,15,4.0,,61830
8084749,1,1,1,10,2024,2,40,3.0,,61832
8084749,1,3,1,10,2024,2,24,5.0,1300000.0,61834
8084749,1,4,1,10,2024,1,12,4.0,,61835
8084752,1,2,1,10,2024,1,31,5.0,1300000.0,61842
8084752,1,3,1,10,2024,2,16,4.0,,61843
8084753,1,1,1,10,2024,2,52,10.0,,61844
8084758,1,3,1,10,2024,1,28,3.0,,61856
8084768,1,2,1,10,2024,2,66,4.0,,61861
8084772,1,1,1,10,2024,2,55,3.0,1300000.0,61867
8084772,1,2,1,10,2024,2,28,8.0,,61868
8084772,1,4,1,10,2024,2,5,2.0,,61870
8084773,1,1,1,10,2024,1,79,3.0,,61871
8084774,1,10,1,10,2024,1,48,5.0,1000000.0,61882
8084775,1,2,1,10,2024,1,36,10.0,2000000.0,61884
8084776,1,1,1,10,2024,2,63,4.0,,61887
8084777,1,1,1,10,2024,2,72,4.0,,61888
8084777,1,2,1,10,2024,1,31,3.0,,61889
8084779,1,1,1,10,2024,1,57,10.0,2800000.0,61894
8084779,1,3,1,10,2024,2,28,9.0,1350000.0,61896
8084779,1,5,1,10,2024,2,13,4.0,,61898
8084781,1,2,1,10,2024,2,30,11.0,2200000.0,61902
8084784,1,3,1,10,2024,1,17,6.0,,61907
8084785,1,1,1,10,2024,1,23,9.0,3000000.0,61908
8084787,1,1,1,10,2024,1,28,5.0,1860000.0,61911
8084788,1,2,1,10,2024,2,28,5.0,1600000.0,61914
8084789,1,3,1,10,2024,2,24,11.0,1500000.0,61918
8084790,1,1,1,10,2024,2,17,10.0,,61920
8084791,1,1,1,10,2024,1,37,12.0,5500000.0,61921
8084792,1,1,1,10,2024,1,26,4.0,1580000.0,61922
8084792,1,4,1,10,2024,2,20,8.0,,61925
8084794,1,2,1,10,2024,2,63,5.0,1300000.0,61929
8084796,1,1,1,10,2024,1,45,5.0,3500000.0,61932
8084798,1,1,1,10,2024,2,56,11.0,5800000.0,61935
8084799,1,1,1,10,2024,2,65,3.0,1200000.0,61936
8084799,1,2,1,10,2024,2,46,3.0,1100000.0,61937
8084799,1,3,1,10,2024,2,8,3.0,,61938
8084802,1,1,1,10,2024,1,26,10.0,2700000.0,61939
8084803,1,1,1,10,2024,1,52,5.0,800000.0,61940
8084804,1,1,1,10,2024,2,47,3.0,400000.0,61941
8084805,1,3,1,10,2024,2,4,1.0,,61944
8084807,1,1,1,10,2024,1,45,3.0,2400000.0,61946
8084807,1,2,1,10,2024,2,49,3.0,700000.0,61947
8084807,1,3,1,10,2024,1,29,4.0,1600000.0,61948
8084810,1,3,1,10,2024,1,17,10.0,,61955
8084812,1,1,1,10,2024,1,29,11.0,2500000.0,61957
8084812,1,3,1,10,2024,2,26,8.0,1000000.0,61959
8084813,1,3,1,10,2024,2,17,10.0,,61962
8084815,1,1,1,10,2024,2,40,8.0,,61965
8084815,1,3,1,10,2024,1,22,10.0,,61967
8084816,1,1,1,10,2024,2,59,5.0,1000000.0,61969
8084818,1,5,1,10,2024,2,4,1.0,,61976
8084818,1,7,1,10,2024,2,2,,,61978
8084818,1,10,1,10,2024,2,1,,,61981
8084822,1,2,1,10,2024,2,14,4.0,,61988
8084825,1,1,1,10,2024,2,22,10.0,,61995
8084827,1,2,1,10,2024,1,53,3.0,450000.0,61998
8084832,1,2,1,10,2024,1,45,3.0,,62006
8084833,1,2,1,10,2024,1,40,5.0,,62009
8084835,1,1,1,10,2024,2,54,3.0,650000.0,62012
8084839,1,1,1,10,2024,1,82,3.0,,62019
8084839,1,4,1,10,2024,1,12,4.0,,62022
8084840,1,3,1,10,2024,1,30,5.0,1300000.0,62025
8084844,1,2,1,10,2024,2,49,12.0,2000000.0,62033
8084845,1,2,1,10,2024,1,80,5.0,3000000.0,62035
8084848,1,2,1,10,2024,2,51,9.0,1400000.0,62041
8084848,1,3,1,10,2024,2,25,6.0,,62042
8084848,1,5,1,10,2024,2,17,5.0,,62044
8084848,1,6,1,10,2024,2,12,4.0,,62045
8084848,1,7,1,10,2024,2,48,5.0,,62046
8084850,1,1,1,10,2024,2,31,5.0,,62050
8084850,1,2,1,10,2024,1,33,4.0,1400000.0,62051
8084851,1,1,1,10,2024,2,48,4.0,1900000.0,62054
8084851,1,2,1,10,2024,1,54,4.0,1600000.0,62055
8084854,1,1,1,10,2024,1,58,5.0,,62062
8084854,1,3,1,10,2024,1,8,3.0,,62064
8084859,1,1,1,10,2024,1,68,4.0,0.0,62072
8084860,1,2,1,10,2024,2,49,12.0,6000000.0,62074
8084862,1,2,1,10,2024,2,28,11.0,3200000.0,62078
8084866,1,4,1,10,2024,1,7,3.0,,62087
8084867,1,1,1,10,2024,1,41,4.0,2500000.0,62088
8084869,1,1,1,10,2024,1,32,5.0,1500000.0,62091
8084869,1,2,1,10,2024,2,25,5.0,,62092
8084869,1,3,1,10,2024,1,7,3.0,,62093
8084870,1,1,1,10,2024,1,67,3.0,1800000.0,62094
8084870,1,2,1,10,2024,2,61,3.0,,62095
8084871,1,2,1,10,2024,1,10,3.0,,62099
8084872,1,2,1,10,2024,2,28,8.0,,62102
8084876,1,2,1,10,2024,2,62,5.0,,62108
8084882,1,1,1,10,2024,2,62,5.0,,62116
8084883,1,1,1,10,2024,1,24,5.0,1500000.0,62118
8084885,1,2,1,10,2024,1,27,6.0,1300000.0,62124
8084888,1,2,1,10,2024,2,22,10.0,1300000.0,62129
8084889,1,3,1,10,2024,2,26,6.0,1500000.0,62132
8084889,1,5,1,10,2024,1,8,3.0,,62134
8084890,1,2,1,10,2024,1,53,11.0,,62136
8084892,1,2,1,10,2024,1,33,9.0,,62140
8084892,1,3,1,10,2024,2,12,4.0,,62141
8084893,1,2,1,10,2024,2,43,5.0,1462000.0,62145
8084893,1,3,1,10,2024,1,10,3.0,,62146
8084893,1,4,1,10,2024,1,8,3.0,,62147
8084895,1,1,1,10,2024,1,53,11.0,8000000.0,62151
8084899,1,3,1,10,2024,2,8,3.0,,62162
8084904,1,2,1,10,2024,1,21,5.0,1800000.0,62170
8084904,1,3,1,10,2024,2,14,4.0,,62171
8084906,1,3,1,10,2024,1,23,5.0,1600000.0,62178
8084907,1,2,1,10,2024,2,44,5.0,,62181
8084908,1,1,1,10,2024,1,58,5.0,2700000.0,62183
8084909,1,1,1,10,2024,2,34,8.0,1300000.0,62185
8084911,1,2,1,10,2024,2,82,3.0,,62189
8084919,1,3,1,10,2024,1,16,4.0,,62205
8084920,1,2,1,10,2024,2,11,3.0,,62207
8084920,1,3,1,10,2024,1,3,1.0,,62208
8084922,1,1,1,10,2024,1,63,5.0,,62209
8084923,1,2,1,10,2024,2,57,4.0,,62211
8084924,1,2,1,10,2024,2,5,1.0,,62213
8084926,1,2,1,10,2024,1,22,5.0,,62217
8084927,1,1,1,10,2024,2,35,10.0,3200000.0,62218
8084928,1,1,1,10,2024,2,25,8.0,1000000.0,62219
8084928,1,2,1,10,2024,1,13,4.0,,62220
8084929,1,1,1,10,2024,1,44,5.0,1200000.0,62223
8084929,1,2,1,10,2024,2,34,5.0,800000.0,62224
8084929,1,3,1,10,2024,1,15,4.0,,62225
8084933,1,2,1,10,2024,2,43,3.0,,62233
8084934,1,1,1,10,2024,1,35,4.0,1000000.0,62234
8084935,1,3,1,10,2024,2,2,,,62237
8084938,1,4,1,10,2024,2,17,4.0,,62246
8084940,1,1,1,10,2024,1,52,8.0,2000000.0,62248
8084940,1,2,1,10,2024,1,15,4.0,,62249
8084942,1,1,1,10,2024,1,26,5.0,1200000.0,62251
8084943,1,1,1,10,2024,1,60,3.0,1000000.0,62254
8084945,1,1,1,10,2024,2,63,7.0,,62256
8084945,1,2,1,10,2024,1,62,7.0,,62257
8084946,1,1,1,10,2024,2,42,7.0,2000000.0,62258
8084947,1,2,1,10,2024,1,16,4.0,,62260
8084952,1,3,1,10,2024,1,7,3.0,,62263
8084953,1,2,1,10,2024,1,42,3.0,2500000.0,62265
8084953,1,3,1,10,2024,2,29,5.0,,62266
8084954,1,1,1,10,2024,2,31,5.0,,62267
8084954,1,4,1,10,2024,2,8,3.0,,62270
8084955,1,1,1,10,2024,1,24,4.0,1200000.0,62271
8084955,1,3,1,10,2024,1,0,,,62273
8084956,1,1,1,10,2024,2,35,3.0,,62274
8084956,1,2,1,10,2024,1,51,5.0,1500000.0,62275
8084956,1,4,1,10,2024,1,31,4.0,2000000.0,62277
8084956,1,6,1,10,2024,1,8,3.0,,62279
8084957,1,4,1,10,2024,2,9,3.0,,62284
8084958,1,4,1,10,2024,2,3,1.0,,62288
8084961,1,1,1,10,2024,1,34,5.0,1400000.0,62295
8084961,1,2,1,10,2024,2,35,8.0,,62296
8084961,1,3,1,10,2024,1,4,1.0,,62297
8084962,1,1,1,10,2024,2,40,5.0,,62299
8084963,1,2,1,10,2024,2,47,3.0,,62301
8084964,1,1,1,10,2024,2,35,5.0,,62304
8084964,1,2,1,10,2024,1,21,4.0,1800000.0,62305
8084967,1,1,1,10,2024,1,47,5.0,850000.0,62313
8084967,1,3,1,10,2024,1,30,4.0,1300000.0,62315
8084967,1,4,1,10,2024,1,0,,,62316
8084968,1,2,1,10,2024,2,40,5.0,,62318
8084968,1,3,1,10,2024,2,21,10.0,,62319
8084968,1,6,1,10,2024,2,9,3.0,,62322
8084972,1,3,1,10,2024,2,3,1.0,,62336
8084973,1,3,1,10,2024,2,5,2.0,,62340
8084974,1,2,1,10,2024,2,55,1.0,,62343
8084975,1,3,1,10,2024,1,17,4.0,,62353
8084975,1,4,1,10,2024,2,14,4.0,,62354
8084976,1,2,1,10,2024,2,30,3.0,1100000.0,62356
8084978,1,1,1,10,2024,1,36,5.0,1850000.0,62359
8084983,1,2,1,10,2024,1,76,3.0,,62365
8084987,1,4,1,10,2024,1,10,3.0,,62369
8084987,1,5,1,10,2024,1,5,2.0,,62370
8084989,1,2,1,10,2024,2,18,10.0,,62373
8084990,1,3,1,10,2024,1,4,2.0,,62376
8084991,1,2,1,10,2024,1,10,3.0,,62380
8084992,1,1,1,10,2024,1,40,4.0,1700000.0,62382
8084993,1,2,1,10,2024,2,46,3.0,600000.0,62386
8084993,1,4,1,10,2024,2,21,5.0,,62388
8084994,1,1,1,10,2024,2,27,10.0,,62389
8084995,1,1,1,10,2024,2,41,3.0,1000000.0,62390
8084996,1,1,1,10,2024,1,41,10.0,4000000.0,62392
8084997,1,2,1,10,2024,2,36,8.0,250000.0,62398
8084998,1,2,1,10,2024,2,29,8.0,,62402
8084998,1,4,1,10,2024,2,3,1.0,,62404
8084999,1,1,1,10,2024,1,51,11.0,6000000.0,62405
8085004,1,1,1,10,2024,2,37,8.0,,62413
8085004,1,2,1,10,2024,1,39,8.0,4000000.0,62414
8085004,1,4,1,10,2024,1,10,3.0,,62416
8085008,1,1,1,10,2024,2,23,8.0,350000.0,62422
8085010,1,1,1,10,2024,2,36,5.0,300000.0,62425
8085020,1,5,1,10,2024,2,40,9.0,700000.0,62434
8085023,1,1,1,10,2024,1,51,5.0,2800000.0,62436
8085023,1,2,1,10,2024,2,54,5.0,2300000.0,62437
8085024,1,1,1,10,2024,2,63,3.0,,62438
8085025,1,1,1,10,2024,2,68,3.0,,62439
8085026,1,2,1,10,2024,1,15,4.0,,62442
8085026,1,5,1,10,2024,1,28,8.0,2500000.0,62445
8085027,1,2,1,10,2024,2,45,4.0,,62447
8085027,1,3,1,10,2024,1,24,6.0,700000.0,62448
8085027,1,6,1,10,2024,1,5,2.0,,62451
8085028,1,2,1,10,2024,1,16,4.0,,62453
8085029,1,1,1,10,2024,1,58,5.0,2000000.0,62456
8085029,1,4,1,10,2024,2,26,5.0,800000.0,62459
8085029,1,6,1,10,2024,2,2,,,62461
8085030,1,1,1,10,2024,1,42,9.0,4108000.0,62462
8085032,1,4,1,10,2024,1,50,4.0,,62468
8085033,1,1,1,10,2024,1,37,8.0,2900000.0,62470
8085033,1,4,1,10,2024,1,1,,,62473
8085035,1,5,1,10,2024,2,71,3.0,,62482
8085037,1,1,1,10,2024,2,60,5.0,300000.0,62487
8085038,1,2,1,10,2024,1,63,4.0,300000.0,62489
8085039,1,1,1,10,2024,1,37,10.0,,62495
8085040,1,1,1,10,2024,2,51,8.0,,62498
8085040,1,3,1,10,2024,1,15,4.0,,62500
8085041,1,1,1,10,2024,1,56,7.0,3200000.0,62501
8085041,1,5,1,10,2024,1,3,1.0,,62505
8085042,1,2,1,10,2024,2,32,10.0,,62507
8085042,1,3,1,10,2024,1,16,4.0,,62508
8085043,1,4,1,10,2024,1,13,4.0,,62515
8085044,1,1,1,10,2024,2,26,10.0,3900000.0,62519
8085045,1,2,1,10,2024,2,74,5.0,,62522
8085047,1,1,1,10,2024,2,73,3.0,,62523
8085047,1,2,1,10,2024,1,66,3.0,,62524
8085050,1,1,1,10,2024,1,77,3.0,,62525
8085052,1,1,1,10,2024,2,59,3.0,1800000.0,62528
8085052,1,3,1,10,2024,2,23,10.0,,62530
8085052,1,4,1,10,2024,1,21,5.0,,62531
8085054,1,1,1,10,2024,1,40,8.0,3200000.0,62535
8085054,1,4,1,10,2024,2,3,1.0,,62538
8085054,1,5,1,10,2024,2,14,4.0,,62539
8085057,1,2,1,10,2024,2,24,5.0,,62542
8085064,1,2,1,10,2024,2,34,11.0,4300000.0,62549
8085064,1,3,1,10,2024,1,2,,,62550
8085066,1,3,1,10,2024,2,35,10.0,1300000.0,62553
8085071,1,1,1,10,2024,1,46,4.0,1000000.0,62558
8085072,1,2,1,10,2024,2,47,3.0,,62560
8085072,1,5,1,10,2024,2,26,9.0,1923000.0,62563
8085073,1,1,1,10,2024,2,39,9.0,1923000.0,62565
8085078,1,1,1,10,2024,1,21,5.0,1600000.0,62569
8085078,1,2,1,10,2024,2,24,9.0,650000.0,62570
8085081,1,2,1,10,2024,2,49,3.0,400000.0,62577
8085082,1,1,1,10,2024,2,73,10.0,,62581
8085082,1,2,1,10,2024,2,44,11.0,2800000.0,62582
8085082,1,3,1,10,2024,1,8,3.0,,62583
8085084,1,1,1,10,2024,2,56,3.0,500000.0,62586
8085087,1,1,1,10,2024,1,67,11.0,8132000.0,62589
8085088,1,1,1,10,2024,2,37,10.0,2000000.0,62590
8085089,1,2,1,10,2024,2,24,5.0,1300000.0,62592
8085090,1,1,1,10,2024,2,46,8.0,800000.0,62594
8085090,1,2,1,10,2024,1,13,4.0,,62595
8085090,1,3,1,10,2024,1,5,1.0,,62596
8085090,1,4,1,10,2024,2,2,,,62597
8085092,1,3,1,10,2024,2,8,3.0,,62600
8085095,1,1,1,10,2024,2,33,9.0,1200000.0,62607
8085095,1,2,1,10,2024,1,15,4.0,,62608
8085096,1,1,1,10,2024,1,30,8.0,1475000.0,62609
8085096,1,4,1,10,2024,1,14,4.0,,62612
8085680,1,2,1,10,2024,1,31,4.0,1200000.0,62616
8085681,1,1,1,10,2024,1,60,3.0,850000.0,62620
8085683,1,1,1,10,2024,1,68,11.0,,62621
8085683,1,2,1,10,2024,2,67,9.0,,62622
8085688,1,1,1,10,2024,1,46,8.0,1300000.0,62628
8085688,1,2,1,10,2024,2,31,5.0,,62629
8085688,1,3,1,10,2024,1,10,3.0,,62630
8085689,1,2,1,10,2024,1,48,1.0,,62633
8085689,1,4,1,10,2024,2,4,1.0,,62635
8085690,1,4,1,10,2024,1,23,10.0,,62639
8085690,1,5,1,10,2024,1,8,3.0,,62640
8085691,1,1,1,10,2024,1,38,5.0,1100000.0,62641
8085691,1,3,1,10,2024,2,23,5.0,,62643
8085692,1,2,1,10,2024,2,24,5.0,800000.0,62646
8085694,1,1,1,10,2024,1,50,3.0,1100000.0,62651
8085694,1,2,1,10,2024,2,46,3.0,,62652
8085700,1,3,1,10,2024,2,32,1.0,,62664
8085701,1,1,1,10,2024,1,51,3.0,1000000.0,62665
8085702,1,1,1,10,2024,1,62,3.0,2000000.0,62666
8085702,1,2,1,10,2024,2,56,3.0,,62667
8085706,1,1,1,10,2024,1,54,3.0,2200000.0,62670
8085710,1,1,1,10,2024,2,64,11.0,3000000.0,62673
8085711,1,1,1,10,2024,2,88,1.0,,62674
8085713,1,1,1,10,2024,1,40,4.0,1300000.0,62678
8085713,1,3,1,10,2024,1,19,5.0,1200000.0,62680
8085714,1,1,1,10,2024,1,70,1.0,520000.0,62682
8085717,1,2,1,10,2024,2,64,10.0,,62687
8085718,1,3,1,10,2024,1,18,5.0,350000.0,62690
8085718,1,4,1,10,2024,1,16,4.0,,62691
8085718,1,5,1,10,2024,1,5,3.0,,62692
8085719,1,1,1,10,2024,1,55,3.0,800000.0,62693
8085719,1,2,1,10,2024,2,42,3.0,,62694
8085719,1,5,1,10,2024,2,6,3.0,,62697
8085720,1,1,1,10,2024,2,64,3.0,,62698
8085721,1,2,1,10,2024,2,24,5.0,,62700
8085721,1,3,1,10,2024,1,1,,,62701
8085721,1,4,1,10,2024,1,1,,,62702
8085723,1,2,1,10,2024,2,34,1.0,,62707
8085723,1,3,1,10,2024,1,10,3.0,,62708
8085723,1,7,1,10,2024,2,97,3.0,,62712
8085725,1,3,1,10,2024,2,16,4.0,,62718
8085725,1,4,1,10,2024,1,15,4.0,,62719
8085725,1,5,1,10,2024,1,10,3.0,,62720
8085727,1,2,1,10,2024,2,20,5.0,,62722
8085728,1,2,1,10,2024,1,44,3.0,700000.0,62724
8085728,1,3,1,10,2024,1,17,4.0,600000.0,62725
8085728,1,7,1,10,2024,1,5,3.0,,62729
8085733,1,3,1,10,2024,1,16,4.0,,62736
8085734,1,1,1,10,2024,2,52,3.0,,62738
8085735,1,5,1,10,2024,2,0,,,62744
8085736,1,1,1,10,2024,2,32,3.0,,62746
8085736,1,3,1,10,2024,1,6,2.0,,62748
8085737,1,2,1,10,2024,2,46,8.0,1300000.0,62750
8085739,1,1,1,10,2024,1,64,8.0,1300000.0,62754
8085740,1,1,1,10,2024,1,25,5.0,,62756
8085740,1,2,1,10,2024,2,24,10.0,,62757
8085740,1,3,1,10,2024,1,3,1.0,,62758
8085741,1,2,1,10,2024,1,16,4.0,,62760
8085744,1,3,1,10,2024,1,17,5.0,,62768
8085745,1,1,1,10,2024,2,39,1.0,,62771
8085747,1,1,1,10,2024,1,59,9.0,5460000.0,62775
8085748,1,1,1,10,2024,2,60,8.0,2600000.0,62777
8085749,1,1,1,10,2024,2,53,5.0,700000.0,62781
8085750,1,2,1,10,2024,2,77,3.0,,62783
8085758,1,1,1,10,2024,2,90,1.0,,62790
8085758,1,2,1,10,2024,2,44,5.0,,62791
8085759,1,1,1,10,2024,2,28,5.0,600000.0,62793
8085761,1,2,1,10,2024,2,67,3.0,,62796
8085762,1,1,1,10,2024,2,48,3.0,210000.0,62797
8085762,1,3,1,10,2024,2,16,4.0,,62799
8085763,1,2,1,10,2024,1,22,9.0,,62801
8085764,1,1,1,10,2024,2,74,1.0,250000.0,62803
8085766,1,1,1,10,2024,1,38,5.0,500000.0,62806
8085770,1,1,1,10,2024,2,34,5.0,200000.0,62814
8085771,1,2,1,10,2024,2,27,9.0,5000000.0,62817
8085771,1,3,1,10,2024,1,5,2.0,,62818
8085771,1,4,1,10,2024,1,3,1.0,,62819
8085772,1,3,1,10,2024,2,21,5.0,1800000.0,62822
8085772,1,6,1,10,2024,1,14,4.0,,62825
8085774,1,3,1,10,2024,1,28,5.0,1000000.0,62832
8085774,1,4,1,10,2024,2,21,10.0,,62833
8085775,1,3,1,10,2024,2,5,2.0,,62836
8085775,1,4,1,10,2024,2,3,2.0,,62837
8085776,1,1,1,10,2024,1,45,10.0,3400000.0,62838
8085778,1,4,1,10,2024,2,11,4.0,,62843
8085779,1,3,1,10,2024,2,8,3.0,,62846
8085782,1,1,1,10,2024,1,43,3.0,400000.0,62851
8085782,1,2,1,10,2024,2,43,1.0,,62852
8085782,1,5,1,10,2024,1,7,3.0,,62855
8085783,1,1,1,10,2024,2,74,1.0,400000.0,62857
8085783,1,3,1,10,2024,1,47,3.0,,62859
8085786,1,3,1,10,2024,1,18,5.0,,62865
8085788,1,1,1,10,2024,2,67,4.0,,62868
8085789,1,3,1,10,2024,1,7,3.0,,62872
8085790,1,2,1,10,2024,2,10,3.0,,62874
8085793,1,4,1,10,2024,2,19,5.0,,62882
8085794,1,3,1,10,2024,1,14,4.0,,62885
8085795,1,2,1,10,2024,2,17,9.0,,62888
8085795,1,3,1,10,2024,2,15,4.0,,62889
8085796,1,1,1,10,2024,1,45,3.0,1700000.0,62890
8085800,1,2,1,10,2024,2,26,5.0,1300000.0,62901
8085800,1,3,1,10,2024,1,7,3.0,,62902
8085804,1,1,1,10,2024,2,33,5.0,600000.0,62906
8085807,1,1,1,10,2024,1,55,3.0,,62910
8085808,1,1,1,10,2024,2,71,3.0,,62912
8085817,1,1,1,10,2024,2,22,3.0,,62917
8085817,1,3,1,10,2024,1,3,1.0,,62919
8085817,1,4,1,10,2024,2,2,,,62920
8085820,1,1,1,10,2024,2,24,8.0,2000000.0,62923
8085821,1,1,1,10,2024,1,54,8.0,0.0,62924
8085821,1,2,1,10,2024,2,51,4.0,700000.0,62925
8085823,1,2,1,10,2024,2,3,1.0,,62928
8085824,1,2,1,10,2024,1,37,4.0,920000.0,62931
8085824,1,3,1,10,2024,1,13,4.0,,62932
8085830,1,3,1,10,2024,2,25,5.0,,62936
8085830,1,4,1,10,2024,1,3,1.0,,62937
8085833,1,3,1,10,2024,2,4,2.0,,62943
8085835,1,1,1,10,2024,2,41,8.0,2300000.0,62945
8085835,1,2,1,10,2024,1,48,4.0,1100000.0,62946
8085835,1,6,1,10,2024,2,71,3.0,,62950
8085856,1,1,1,10,2024,2,58,3.0,850000.0,62952
8085856,1,2,1,10,2024,1,24,5.0,,62953
8085858,1,1,1,10,2024,1,39,5.0,1000000.0,62954
8085858,1,2,1,10,2024,2,36,3.0,,62955
8085863,1,1,1,10,2024,1,28,5.0,,62964
8085871,1,1,1,10,2024,2,37,6.0,2200000.0,62973
8085871,1,2,1,10,2024,2,17,6.0,,62974
8085874,1,1,1,10,2024,1,43,5.0,3000000.0,62977
8085878,1,1,1,10,2024,1,74,3.0,,62981
8085878,1,5,1,10,2024,2,41,3.0,1200000.0,62985
8085878,1,6,1,10,2024,2,19,5.0,,62986
8085882,1,1,1,10,2024,1,33,10.0,1300000.0,62991
8085882,1,2,1,10,2024,2,32,11.0,1300000.0,62992
8085885,1,2,1,10,2024,2,42,5.0,,63001
8085885,1,4,1,10,2024,2,17,10.0,,63003
8085891,1,1,1,10,2024,1,48,3.0,2000000.0,63004
8085892,1,3,1,10,2024,1,1,,,63007
8085894,1,1,1,10,2024,1,40,5.0,1400000.0,63012
8085894,1,4,1,10,2024,2,7,3.0,,63015
8085897,1,1,1,10,2024,2,37,11.0,,63021
8085898,1,1,1,10,2024,2,38,8.0,1300000.0,63022
8085899,1,1,1,10,2024,1,45,12.0,6000000.0,63024
8085899,1,3,1,10,2024,1,7,3.0,,63026
8085902,1,1,1,10,2024,1,34,8.0,2300000.0,63029
8085907,1,1,1,10,2024,1,42,5.0,10000000.0,63042
8085907,1,2,1,10,2024,2,41,5.0,20000000.0,63043
8085907,1,3,1,10,2024,1,22,5.0,1300000.0,63044
8085908,1,2,1,10,2024,1,44,10.0,2600000.0,63046
8085930,1,1,1,10,2024,1,67,6.0,1550000.0,63052
8085932,1,2,1,10,2024,2,41,10.0,4000000.0,63057
8085938,1,1,1,10,2024,1,68,9.0,6000000.0,63060
8085939,1,1,1,10,2024,2,54,11.0,4900000.0,63063
8085939,1,2,1,10,2024,1,23,11.0,,63064
8085945,1,2,1,10,2024,1,39,5.0,480000.0,63067
8085946,1,1,1,10,2024,2,31,6.0,,63072
8085946,1,4,1,10,2024,1,4,1.0,,63075
8085949,1,3,1,10,2024,2,13,4.0,,63081
8085950,1,1,1,10,2024,1,63,5.0,,63082
8085952,1,1,1,10,2024,1,56,5.0,,63086
8085956,1,1,1,10,2024,2,69,4.0,,63093
8085956,1,3,1,10,2024,1,46,5.0,1700000.0,63095
8085957,1,3,1,10,2024,1,45,10.0,,63098
8085960,1,1,1,10,2024,2,73,4.0,,63101
8085966,1,1,1,10,2024,1,32,5.0,2100000.0,63109
8085967,1,3,1,10,2024,1,3,1.0,,63112
8085968,1,1,1,10,2024,1,25,5.0,900000.0,63114
8085975,1,7,1,10,2024,2,3,1.0,,63121
8085975,1,8,1,10,2024,2,2,,,63122
8085976,1,1,1,10,2024,1,68,1.0,280000.0,63123
8085976,1,2,1,10,2024,2,58,3.0,250000.0,63124
8085978,1,2,1,10,2024,1,22,1.0,480000.0,63130
8085979,1,2,1,10,2024,1,32,6.0,,63133
8085980,1,1,1,10,2024,1,30,3.0,1000000.0,63134
8085981,1,1,1,10,2024,2,24,3.0,,63136
8085984,1,1,1,10,2024,1,54,1.0,600000.0,63141
8085984,1,2,1,10,2024,2,46,1.0,200000.0,63142
8085984,1,5,1,10,2024,2,11,4.0,,63145
8085985,1,1,1,10,2024,1,45,3.0,600000.0,63146
8085985,1,4,1,10,2024,1,15,4.0,,63149
8085985,1,6,1,10,2024,1,13,4.0,,63151
8085987,1,1,1,10,2024,2,44,3.0,860000.0,63155
8085987,1,2,1,10,2024,1,24,5.0,1300000.0,63156
8085991,1,1,1,10,2024,2,65,3.0,,63161
8085993,1,1,1,10,2024,2,53,4.0,3450000.0,63165
8085994,1,3,1,10,2024,2,47,5.0,1300000.0,63169
8085997,1,2,1,10,2024,2,55,5.0,,63172
8085997,1,3,1,10,2024,1,12,3.0,,63173
8086001,1,1,1,10,2024,2,74,3.0,,63176
8086001,1,3,1,10,2024,1,83,3.0,,63178
8086002,1,1,1,10,2024,2,53,10.0,3000000.0,63179
8086002,1,2,1,10,2024,1,49,9.0,9300000.0,63180
8086002,1,4,1,10,2024,2,25,10.0,,63182
8086006,1,1,1,10,2024,1,66,4.0,,63184
8086007,1,2,1,10,2024,2,47,10.0,1400000.0,63187
8086007,1,3,1,10,2024,2,16,5.0,,63188
8086012,1,1,1,10,2024,1,32,11.0,3150000.0,63194
8086012,1,2,1,10,2024,2,27,10.0,6300000.0,63195
8086029,1,2,1,10,2024,2,39,8.0,,63198
8086030,1,2,1,10,2024,1,37,3.0,,63201
8086035,1,2,1,10,2024,1,20,10.0,,63207
8086035,1,3,1,10,2024,2,18,5.0,,63208
8086036,1,1,1,10,2024,2,44,10.0,3800000.0,63209
8086039,1,2,1,10,2024,1,53,10.0,20000000.0,63212
8086040,1,2,1,10,2024,2,62,10.0,2000000.0,63215
8086041,1,1,1,10,2024,1,73,11.0,,63218
8086043,1,3,1,10,2024,1,9,3.0,,63226
8086062,1,1,1,10,2024,1,45,10.0,5000000.0,63233
8086064,1,2,1,10,2024,1,16,4.0,,63237
8086065,1,2,1,10,2024,2,32,8.0,,63239
8086068,1,2,1,10,2024,1,27,10.0,1600000.0,63242
8086086,1,1,1,10,2024,1,35,4.0,1300000.0,63248
8086087,1,1,1,10,2024,2,58,8.0,700000.0,63250
8086087,1,3,1,10,2024,2,22,8.0,,63252
8086093,1,1,1,10,2024,2,60,5.0,80000.0,63261
8086094,1,2,1,10,2024,1,31,5.0,1300000.0,63263
8086095,1,2,1,10,2024,2,58,13.0,7000000.0,63266
8086096,1,1,1,10,2024,2,29,5.0,1500000.0,63269
8086097,1,2,1,10,2024,1,31,5.0,1800000.0,63272
8086103,1,2,1,10,2024,2,42,10.0,2500000.0,63282
8086107,1,1,1,10,2024,1,38,10.0,1500000.0,63284
8086107,1,2,1,10,2024,2,27,5.0,,63285
8086108,1,3,1,10,2024,1,14,4.0,,63290
8086108,1,5,1,10,2024,1,29,10.0,500000.0,63292
8086109,1,2,1,10,2024,2,47,5.0,,63295
8086112,1,1,1,10,2024,2,49,10.0,1900000.0,63302
8086112,1,2,1,10,2024,1,18,10.0,,63303
8086113,1,1,1,10,2024,1,25,5.0,1200000.0,63304
8086117,1,2,1,10,2024,2,94,5.0,,63310
8086117,1,4,1,10,2024,2,11,4.0,,63312
8086118,1,1,1,10,2024,1,47,11.0,5000000.0,63314
8086119,1,1,1,10,2024,2,61,11.0,4000000.0,63318
8086120,1,1,1,10,2024,2,24,5.0,,63320
8086122,1,2,1,10,2024,2,17,5.0,,63322
8086123,1,1,1,10,2024,1,42,10.0,,63324
8086123,1,2,1,10,2024,2,39,10.0,,63325
8086123,1,3,1,10,2024,2,6,3.0,,63326
8086123,1,4,1,10,2024,2,6,3.0,,63327
8086124,1,1,1,10,2024,1,43,12.0,2800000.0,63328
8086125,1,1,1,10,2024,1,44,11.0,,63330
8086125,1,2,1,10,2024,2,39,11.0,2600000.0,63331
8086166,1,1,1,10,2024,1,61,9.0,3000000.0,63335
8086207,1,1,1,10,2024,1,61,9.0,3000000.0,63337
8086207,1,2,1,10,2024,2,30,12.0,,63338
8086240,1,2,1,10,2024,2,36,10.0,,63340
8086240,1,4,1,10,2024,2,0,,,63342
8086242,1,1,1,10,2024,1,24,5.0,700000.0,63345
8086243,1,1,1,10,2024,2,51,5.0,,63348
8086243,1,2,1,10,2024,1,54,3.0,2000000.0,63349
8086243,1,3,1,10,2024,1,20,10.0,,63350
8086243,1,4,1,10,2024,2,6,3.0,,63351
8086243,1,5,1,10,2024,1,4,1.0,,63352
8086264,1,1,1,10,2024,1,72,3.0,1500000.0,63353
8086267,1,1,1,10,2024,2,35,3.0,400000.0,63361
8086267,1,2,1,10,2024,1,24,4.0,400000.0,63362
8086270,1,1,1,10,2024,2,29,5.0,,63364
8086270,1,3,1,10,2024,1,11,3.0,,63366
8086271,1,3,1,10,2024,1,21,10.0,,63370
8086272,1,3,1,10,2024,1,4,1.0,,63373
8086272,1,5,1,10,2024,1,0,,,63375
8086273,1,1,1,10,2024,2,80,3.0,,63376
8086274,1,4,1,10,2024,2,10,3.0,,63380
8086277,1,1,1,10,2024,1,56,5.0,,63383
8086277,1,3,1,10,2024,1,23,5.0,,63385
8086281,1,3,1,10,2024,2,12,4.0,,63395
8086281,1,4,1,10,2024,1,11,3.0,,63396
8086282,1,1,1,10,2024,1,83,3.0,,63399
8086283,1,2,1,10,2024,2,48,10.0,2500000.0,63403
8086283,1,3,1,10,2024,1,18,10.0,,63404
8086284,1,2,1,10,2024,2,14,4.0,,63407
8086288,1,1,1,10,2024,1,73,10.0,,63416
8086288,1,2,1,10,2024,2,67,10.0,1000000.0,63417
8086289,1,3,1,10,2024,1,62,10.0,,63420
8086289,1,5,1,10,2024,1,8,3.0,,63422
8086289,1,6,1,10,2024,2,86,3.0,,63423
8086290,1,1,1,10,2024,1,66,8.0,,63424
8086291,1,2,1,10,2024,2,48,11.0,4000000.0,63427
8086294,1,2,1,10,2024,2,79,5.0,,63430
8086298,1,1,1,10,2024,1,64,10.0,6250000.0,63432
8086306,1,2,1,10,2024,1,63,10.0,14000000.0,63444
8086307,1,1,1,10,2024,2,36,10.0,2300000.0,63445
8086313,1,1,1,10,2024,1,61,9.0,3000000.0,63449
8086319,1,1,1,10,2024,1,61,9.0,3000000.0,63453
8086322,1,2,1,10,2024,2,30,12.0,,63458
8086323,1,1,1,10,2024,1,61,9.0,3000000.0,63459
8086325,1,2,1,10,2024,2,30,12.0,,63464
8086326,1,1,1,10,2024,1,61,9.0,3000000.0,63465
8086330,1,1,1,10,2024,1,61,9.0,3000000.0,63473
8086330,1,2,1,10,2024,2,30,12.0,,63474
8086331,1,2,1,10,2024,2,30,12.0,,63476
8086334,1,2,1,10,2024,2,30,12.0,,63480
8086336,1,1,1,10,2024,1,61,9.0,3000000.0,63483
8086337,1,1,1,10,2024,1,61,9.0,3000000.0,63485
8086339,1,2,1,10,2024,2,30,12.0,,63490
8086341,1,1,1,10,2024,1,61,9.0,3000000.0,63493
8086342,1,2,1,10,2024,2,30,12.0,,63496
8086343,1,2,1,10,2024,2,30,12.0,,63498
8086344,1,1,1,10,2024,1,61,9.0,3000000.0,63499
8086344,1,2,1,10,2024,2,30,12.0,,63500
8086348,1,1,1,10,2024,1,61,9.0,3000000.0,63507
8086350,1,1,1,10,2024,1,61,9.0,3000000.0,63509
8086350,1,2,1,10,2024,2,30,12.0,,63510
8086351,1,1,1,10,2024,1,61,9.0,3000000.0,63511
8086351,1,2,1,10,2024,2,30,12.0,,63512
8086355,1,1,1,10,2024,1,61,9.0,3000000.0,63519
8086357,1,1,1,10,2024,1,61,9.0,3000000.0,63523
8086357,1,2,1,10,2024,2,30,12.0,,63524
8086359,1,1,1,10,2024,1,61,9.0,3000000.0,63527
8086361,1,2,1,10,2024,2,30,12.0,,63532
8086365,1,1,1,10,2024,1,61,9.0,3000000.0,63539
8086366,1,2,1,10,2024,2,30,12.0,,63542
8086367,1,1,1,10,2024,1,61,9.0,3000000.0,63543
8086368,1,1,1,10,2024,1,61,9.0,3000000.0,63545
8086369,1,2,1,10,2024,2,30,12.0,,63548
8086370,1,1,1,10,2024,1,61,9.0,3000000.0,63549
8086371,1,2,1,10,2024,2,30,12.0,,63552
8086372,1,1,1,10,2024,1,61,9.0,3000000.0,63553
8086373,1,2,1,10,2024,2,30,12.0,,63556
8086376,1,1,1,10,2024,1,61,9.0,3000000.0,63561
8086377,1,1,1,10,2024,1,61,9.0,3000000.0,63563
8086378,1,1,1,10,2024,1,61,9.0,3000000.0,63565
8086380,1,1,1,10,2024,1,61,9.0,3000000.0,63569
8086382,1,1,1,10,2024,1,61,9.0,3000000.0,63573
8086383,1,2,1,10,2024,2,30,12.0,,63576
8086386,1,2,1,10,2024,2,30,12.0,,63582
8086393,1,2,1,10,2024,2,30,12.0,,63594
8086394,1,1,1,10,2024,1,61,9.0,3000000.0,63595
8086396,1,2,1,10,2024,2,30,12.0,,63600
8086398,1,2,1,10,2024,2,30,12.0,,63604
8086402,1,1,1,10,2024,1,61,9.0,3000000.0,63611
8086402,1,2,1,10,2024,2,30,12.0,,63612
8086404,1,1,1,10,2024,1,61,9.0,3000000.0,63615
8086404,1,2,1,10,2024,2,30,12.0,,63616
8086407,1,2,1,10,2024,2,30,12.0,,63622
8086408,1,2,1,10,2024,2,30,12.0,,63624
8086410,1,1,1,10,2024,1,61,9.0,3000000.0,63627
8086417,1,2,1,10,2024,2,30,12.0,,63636
8086425,1,1,1,10,2024,2,65,11.0,3600000.0,63645
8086426,1,1,1,10,2024,1,45,4.0,700000.0,63647
8086426,1,5,1,10,2024,1,6,2.0,,63651
8086429,1,1,1,10,2024,1,27,4.0,300000.0,63654
8086432,1,1,1,10,2024,2,49,10.0,,63661
8086432,1,2,1,10,2024,1,39,8.0,,63662
8086433,1,1,1,10,2024,2,42,11.0,2800000.0,63663
8086433,1,4,1,10,2024,1,15,5.0,,63666
8086434,1,4,1,10,2024,1,11,4.0,,63671
8086441,1,2,1,10,2024,2,47,7.0,2500000.0,63676
8086443,1,1,1,10,2024,1,64,11.0,5000000.0,63682
8086443,1,2,1,10,2024,2,46,5.0,,63683
8086443,1,3,1,10,2024,2,13,4.0,,63684
8086446,1,2,1,10,2024,2,23,5.0,,63689
8086447,1,1,1,10,2024,1,54,3.0,280000.0,63692
8086447,1,6,1,10,2024,2,24,5.0,,63697
8086447,1,7,1,10,2024,1,3,1.0,,63698
8086448,1,2,1,10,2024,1,35,5.0,600000.0,63700
8086448,1,7,1,10,2024,1,0,,,63705
8086448,1,10,1,10,2024,2,0,,,63708
8086449,1,1,1,10,2024,1,76,3.0,650000.0,63709
8086450,1,2,1,10,2024,2,54,3.0,,63712
8086451,1,1,1,10,2024,1,76,3.0,,63714
8086451,1,3,1,10,2024,1,65,1.0,,63716
8086452,1,2,1,10,2024,1,53,1.0,500000.0,63718
8086454,1,1,1,10,2024,1,44,10.0,900000.0,63719
8086454,1,4,1,10,2024,2,18,10.0,,63722
8086454,1,6,1,10,2024,2,8,3.0,,63724
8086455,1,1,1,10,2024,2,46,3.0,600000.0,63725
8086457,1,4,1,10,2024,1,26,8.0,1400000.0,63731
8086457,1,5,1,10,2024,2,2,,,63732
8086457,1,7,1,10,2024,1,78,3.0,,63734
8086459,1,3,1,10,2024,1,9,3.0,,63738
8086460,1,2,1,10,2024,1,64,3.0,1500000.0,63740
8086463,1,4,1,10,2024,2,4,1.0,,63748
8086472,1,4,1,10,2024,1,16,5.0,,63754
8086473,1,2,1,10,2024,2,24,5.0,,63756
8086473,1,3,1,10,2024,2,1,,,63757
8086475,1,1,1,10,2024,1,52,4.0,2300000.0,63762
8086475,1,4,1,10,2024,1,12,3.0,,63765
8086477,1,3,1,10,2024,2,3,1.0,,63770
8086480,1,1,1,10,2024,1,64,4.0,245000.0,63775
8086482,1,1,1,10,2024,1,59,1.0,80000.0,63779
8086483,1,1,1,10,2024,1,55,3.0,1000000.0,63781
8086485,1,1,1,10,2024,2,50,12.0,4600000.0,63782
8086485,1,2,1,10,2024,1,73,3.0,,63783
8086487,1,5,1,10,2024,1,33,3.0,400000.0,63790
8086490,1,1,1,10,2024,1,43,11.0,6500000.0,63796
8086491,1,1,1,10,2024,2,42,3.0,,63797
8086492,1,3,1,10,2024,1,24,4.0,1500000.0,63804
8086492,1,5,1,10,2024,2,5,2.0,,63806
8086493,1,1,1,10,2024,2,40,9.0,1700000.0,63807
8086495,1,2,1,10,2024,1,45,5.0,1800000.0,63810
8086495,1,4,1,10,2024,2,2,,,63812
8086498,1,1,1,10,2024,1,30,9.0,5000000.0,63819
8086499,1,4,1,10,2024,1,7,3.0,,63824
8086502,1,1,1,10,2024,1,76,3.0,0.0,63827
8086502,1,3,1,10,2024,2,45,8.0,1300000.0,63829
8086502,1,4,1,10,2024,1,33,10.0,1800000.0,63830
8086504,1,3,1,10,2024,2,46,8.0,960000.0,63834
8086504,1,4,1,10,2024,2,6,3.0,,63835
8086505,1,1,1,10,2024,1,57,9.0,1000000.0,63836
8086508,1,3,1,10,2024,2,22,8.0,,63840
8086509,1,2,1,10,2024,1,46,6.0,,63843
8086513,1,1,1,10,2024,1,73,3.0,,63850
8086513,1,2,1,10,2024,2,67,3.0,,63851
8086515,1,3,1,10,2024,2,62,3.0,,63855
8086516,1,1,1,10,2024,2,44,5.0,,63857
8086516,1,4,1,10,2024,1,17,9.0,,63860
8086517,1,2,1,10,2024,2,57,3.0,,63862
8086519,1,3,1,10,2024,2,13,4.0,,63866
8086519,1,4,1,10,2024,1,5,2.0,,63867
8086521,1,3,1,10,2024,1,15,5.0,600000.0,63880
8086523,1,1,1,10,2024,1,67,11.0,5000000.0,63886
8086524,1,1,1,10,2024,1,49,5.0,,63888
8086525,1,1,1,10,2024,1,49,4.0,1200000.0,63890
8086525,1,3,1,10,2024,1,18,4.0,800000.0,63892
8086526,1,3,1,10,2024,2,20,4.0,,63895
8086527,1,3,1,10,2024,2,5,3.0,,63900
8086530,1,3,1,10,2024,1,15,5.0,,63907
8086534,1,1,1,10,2024,1,31,4.0,960000.0,63910
8086534,1,2,1,10,2024,2,50,4.0,,63911
8086534,1,3,1,10,2024,1,21,4.0,,63912
8086536,1,2,1,10,2024,2,56,5.0,,63916
8086540,1,3,1,10,2024,2,32,10.0,,63923
8086541,1,3,1,10,2024,1,30,8.0,,63929
8086541,1,4,1,10,2024,2,20,9.0,,63930
8086545,1,1,1,10,2024,2,36,5.0,1300000.0,63936
8086545,1,3,1,10,2024,1,23,5.0,1695000.0,63938
8086546,1,2,1,10,2024,2,28,10.0,4000000.0,63943
8086549,1,1,1,10,2024,1,58,5.0,1300000.0,63952
8086550,1,1,1,10,2024,2,41,10.0,1300000.0,63955
8086551,1,1,1,10,2024,2,32,5.0,,63959
8086551,1,2,1,10,2024,1,45,4.0,1000000.0,63960
8086554,1,2,1,10,2024,1,59,3.0,1300000.0,63968
8086554,1,3,1,10,2024,2,57,4.0,1420000.0,63969
8086555,1,1,1,10,2024,1,40,3.0,1300000.0,63971
8086555,1,2,1,10,2024,2,35,3.0,,63972
8086555,1,3,1,10,2024,1,18,4.0,1400000.0,63973
8086555,1,5,1,10,2024,1,11,3.0,,63975
8086558,1,1,1,10,2024,1,38,11.0,1000000.0,63980
8086558,1,2,1,10,2024,2,40,10.0,3000000.0,63981
8086560,1,2,1,10,2024,2,55,10.0,,63983
8086563,1,3,1,10,2024,2,49,11.0,6720000.0,63989
8086563,1,4,1,10,2024,1,47,5.0,1700000.0,63990
8086564,1,1,1,10,2024,1,54,10.0,4000000.0,63992
8086564,1,3,1,10,2024,2,17,5.0,,63994
8086565,1,2,1,10,2024,2,24,4.0,1600000.0,63996
8086565,1,4,1,10,2024,2,5,3.0,,63998
8086566,1,1,1,10,2024,1,61,10.0,5500000.0,63999
8086567,1,2,1,10,2024,1,35,8.0,3000000.0,64001
8086569,1,1,1,10,2024,1,41,4.0,2300000.0,64006
8086569,1,2,1,10,2024,2,37,5.0,700000.0,64007
8086569,1,3,1,10,2024,1,16,5.0,,64008
8086570,1,2,1,10,2024,1,23,4.0,1300000.0,64010
8086571,1,2,1,10,2024,2,19,8.0,,64013
8086573,1,2,1,10,2024,2,40,10.0,2162000.0,64016
8086574,1,1,1,10,2024,1,72,3.0,,64018
8086574,1,3,1,10,2024,2,39,11.0,2200000.0,64020
8086575,1,2,1,10,2024,1,73,3.0,,64022
8086575,1,3,1,10,2024,2,43,5.0,1000000.0,64023
8086578,1,1,1,10,2024,2,69,4.0,,64035
8086578,1,2,1,10,2024,2,42,10.0,2500000.0,64036
8086578,1,3,1,10,2024,2,32,5.0,500000.0,64037
8086578,1,4,1,10,2024,1,8,3.0,,64038
8086578,1,5,1,10,2024,1,6,3.0,,64039
8086578,1,6,1,10,2024,1,78,3.0,,64040
8086580,1,1,1,10,2024,2,47,10.0,4000000.0,64044
8086581,1,2,1,10,2024,1,59,5.0,800000.0,64048
8086583,1,1,1,10,2024,2,53,5.0,600000.0,64051
8086583,1,2,1,10,2024,1,17,5.0,,64052
8086584,1,2,1,10,2024,1,29,10.0,,64054
8086584,1,3,1,10,2024,1,27,5.0,,64055
8086585,1,3,1,10,2024,2,38,5.0,1350000.0,64060
8086585,1,5,1,10,2024,1,18,10.0,,64062
8086586,1,2,1,10,2024,1,42,11.0,,64065
8086586,1,4,1,10,2024,1,10,3.0,,64067
8086587,1,2,1,10,2024,1,33,10.0,2500000.0,64069
8086589,1,2,1,10,2024,1,57,4.0,1000000.0,64072
8086589,1,3,1,10,2024,2,24,5.0,500000.0,64073
8086589,1,9,1,10,2024,2,10,4.0,,64079
8086590,1,4,1,10,2024,1,9,3.0,,64084
8086592,1,1,1,10,2024,1,44,1.0,1300000.0,64086
8086592,1,6,1,10,2024,1,9,3.0,,64091
8086594,1,1,1,10,2024,2,54,5.0,,64094
8086596,1,1,1,10,2024,2,51,3.0,800000.0,64097
8086597,1,1,1,10,2024,1,49,4.0,,64100
8086601,1,1,1,10,2024,2,84,1.0,,64110
8086602,1,2,1,10,2024,2,17,4.0,,64112
8086603,1,1,1,10,2024,2,31,8.0,1500000.0,64114
8086605,1,3,1,10,2024,2,92,1.0,,64122
8086606,1,2,1,10,2024,2,38,8.0,1300000.0,64124
8086606,1,3,1,10,2024,1,19,10.0,,64125
8086606,1,4,1,10,2024,1,18,10.0,,64126
8086607,1,3,1,10,2024,1,22,10.0,,64132
8086608,1,3,1,10,2024,2,8,3.0,,64135
8086619,1,3,1,10,2024,2,6,1.0,,64142
8086619,1,4,1,10,2024,2,1,,,64143
8086621,1,1,1,10,2024,2,78,5.0,,64146
8086623,1,2,1,10,2024,2,48,5.0,,64154
8086624,1,1,1,10,2024,1,25,5.0,1400000.0,64157
8086627,1,1,1,10,2024,2,54,12.0,3600000.0,64164
8086630,1,2,1,10,2024,1,61,5.0,,64171
8086632,1,1,1,10,2024,2,40,4.0,1300000.0,64176
8086632,1,3,1,10,2024,2,22,10.0,,64178
8086637,1,1,1,10,2024,1,48,8.0,1500000.0,64186
8086637,1,5,1,10,2024,1,3,1.0,,64190
8086638,1,1,1,10,2024,1,70,3.0,,64191
8086638,1,2,1,10,2024,2,67,3.0,,64192
8086641,1,2,1,10,2024,2,27,10.0,1300000.0,64198
8086643,1,1,1,10,2024,1,56,10.0,,64202
8086643,1,3,1,10,2024,1,20,10.0,,64204
8086645,1,3,1,10,2024,2,9,3.0,,64211
8086646,1,2,1,10,2024,2,69,12.0,,64213
8086649,1,2,1,10,2024,2,30,12.0,,64219
8086650,1,2,1,10,2024,2,37,10.0,1300000.0,64221
8086651,1,3,1,10,2024,2,31,8.0,1300000.0,64225
8086653,1,1,1,10,2024,2,30,5.0,592000.0,64233
8086653,1,2,1,10,2024,1,30,5.0,600000.0,64234
8086653,2,2,2,10,2024,1,57,3.0,580000.0,64238
8086653,2,3,2,10,2024,2,76,1.0,,64239
8086654,1,2,1,10,2024,1,45,10.0,3000000.0,64241
8086654,1,3,1,10,2024,1,15,4.0,,64242
8086654,1,4,1,10,2024,2,11,3.0,,64243
8086655,1,2,1,10,2024,2,52,11.0,,64246
8086656,1,5,1,10,2024,1,5,2.0,,64251
8086657,1,2,1,10,2024,2,54,4.0,2000000.0,64254
8086657,1,4,1,10,2024,1,29,9.0,900000.0,64256
8086658,1,1,1,10,2024,1,61,5.0,,64257
8086658,1,2,1,10,2024,2,47,5.0,,64258
8086658,1,3,1,10,2024,2,29,10.0,1300000.0,64259
8086658,1,4,1,10,2024,1,23,10.0,1300000.0,64260
8086659,1,1,1,10,2024,2,21,9.0,1600000.0,64261
8086659,1,2,1,10,2024,1,25,3.0,850000.0,64262
8086660,1,1,1,10,2024,2,25,8.0,1500000.0,64265
8086660,1,2,1,10,2024,1,25,8.0,2500000.0,64266
8086660,1,3,1,10,2024,1,6,1.0,,64267
8086661,1,2,1,10,2024,2,55,5.0,3500000.0,64269
8086662,1,1,1,10,2024,1,30,5.0,2300000.0,64271
8086662,1,2,1,10,2024,2,28,8.0,,64272
8086662,1,3,1,10,2024,2,9,3.0,,64273
8086664,1,1,1,10,2024,1,70,3.0,,64279
8086667,1,1,1,10,2024,1,44,3.0,900000.0,64284
8086667,1,4,1,10,2024,1,6,2.0,,64287
8086674,1,2,1,10,2024,1,53,3.0,1000000.0,64289
8086674,1,3,1,10,2024,2,27,5.0,,64290
8086674,1,8,1,10,2024,1,6,2.0,,64295
8086674,1,9,1,10,2024,2,1,,,64296
8086675,1,1,1,10,2024,1,59,8.0,1600000.0,64297
8086676,1,1,1,10,2024,1,32,3.0,,64302
8086678,1,1,1,10,2024,2,35,10.0,1300000.0,64308
8086679,1,4,1,10,2024,1,17,5.0,,64313
8086681,1,1,1,10,2024,2,44,4.0,,64314
8086681,1,2,1,10,2024,1,46,5.0,800000.0,64315
8086681,1,3,1,10,2024,1,26,4.0,800000.0,64316
8086681,1,4,1,10,2024,1,17,4.0,,64317
8086682,1,1,1,10,2024,2,24,10.0,1800000.0,64319
8086683,1,2,1,10,2024,2,40,8.0,,64322
8086684,1,1,1,10,2024,1,53,5.0,,64324
8086688,1,1,1,10,2024,1,27,10.0,600000.0,64328
8086699,1,3,1,10,2024,2,6,3.0,,64340
8086699,1,5,1,10,2024,2,1,,,64342
8086700,1,1,1,10,2024,1,44,5.0,1500000.0,64343
8086700,1,4,1,10,2024,2,7,3.0,,64346
8086701,1,3,1,10,2024,2,4,2.0,,64350
8086706,1,1,1,10,2024,2,34,3.0,400000.0,64355
8086706,1,2,1,10,2024,2,15,4.0,,64356
8086713,1,2,1,10,2024,2,19,10.0,,64367
8086719,1,1,1,10,2024,2,67,3.0,,64368
8086720,1,1,1,10,2024,2,44,5.0,800000.0,64369
8086720,1,4,1,10,2024,1,6,3.0,,64372
8086721,1,2,1,10,2024,1,84,1.0,,64375
8086722,1,1,1,10,2024,2,27,5.0,500000.0,64376
8086722,1,2,1,10,2024,1,10,3.0,,64377
8086723,1,1,1,10,2024,1,84,4.0,,64379
8086727,1,3,1,10,2024,1,1,,,64386
8086728,1,5,1,10,2024,2,6,3.0,,64391
8086730,1,1,1,10,2024,1,32,5.0,,64392
8086731,1,3,1,10,2024,2,18,3.0,,64395
8086731,1,4,1,10,2024,1,12,3.0,,64396
8086732,1,2,1,10,2024,1,65,1.0,,64400
8086738,1,1,1,10,2024,2,56,5.0,1100000.0,64408
8086742,1,1,1,10,2024,1,24,3.0,400000.0,64414
8086743,1,4,1,10,2024,1,6,2.0,,64418
8086750,1,2,1,10,2024,2,76,3.0,,64423
8086753,1,2,1,10,2024,2,20,10.0,,64428
8086753,1,4,1,10,2024,2,0,,,64430
8086754,1,2,1,10,2024,2,8,3.0,,64432
8086755,1,1,1,10,2024,2,47,3.0,,64433
8086758,1,2,1,10,2024,1,16,4.0,,64438
8086760,1,2,1,10,2024,1,6,3.0,,64441
8086761,1,1,1,10,2024,2,47,10.0,3700000.0,64442
8086762,1,1,1,10,2024,2,23,5.0,1300000.0,64445
8086762,1,2,1,10,2024,1,5,2.0,,64446
8086763,1,2,1,10,2024,1,43,5.0,,64448
8086763,1,4,1,10,2024,2,10,4.0,,64450
8086766,1,2,1,10,2024,2,30,5.0,,64459
8086768,1,2,1,10,2024,2,18,10.0,,64464
8086769,1,1,1,10,2024,2,40,5.0,,64465
8086769,1,3,1,10,2024,2,5,2.0,,64467
8086774,1,1,1,10,2024,2,23,10.0,,64477
8086777,1,2,1,10,2024,1,6,3.0,,64481
8086786,1,1,1,10,2024,2,39,1.0,,64485
8086786,1,3,1,10,2024,1,15,4.0,,64487
8086787,1,1,1,10,2024,1,18,3.0,,64490
8086789,1,1,1,10,2024,2,71,5.0,,64495
8086798,1,2,1,10,2024,2,64,3.0,,64505
8086799,1,3,1,10,2024,1,11,3.0,,64509
8086800,1,3,1,10,2024,2,17,10.0,,64512
8086801,1,2,1,10,2024,2,64,4.0,,64514
8086801,1,3,1,10,2024,1,36,3.0,,64515
8086802,1,2,1,10,2024,1,35,3.0,,64517
8086802,1,3,1,10,2024,1,16,5.0,,64518
8086803,1,2,1,10,2024,2,24,5.0,800000.0,64520
8086804,1,1,1,10,2024,2,29,5.0,1300000.0,64521
8086804,1,2,1,10,2024,2,11,3.0,,64522
8086804,1,3,1,10,2024,1,1,,,64523
8086804,1,4,1,10,2024,2,54,3.0,400000.0,64524
8086809,1,2,1,10,2024,2,26,12.0,3000000.0,64526
8086813,1,3,1,10,2024,2,19,10.0,,64530
8086815,1,1,1,10,2024,2,53,3.0,,64535
8086816,1,1,1,10,2024,1,73,3.0,1300000.0,64537
8086817,1,1,1,10,2024,2,46,3.0,,64542
8086817,1,3,1,10,2024,2,17,5.0,,64544
8086818,1,1,1,10,2024,1,62,3.0,1300000.0,64545
8086847,1,2,1,10,2024,1,28,5.0,1300000.0,64551
8086847,1,3,1,10,2024,2,8,3.0,,64552
8086847,1,4,1,10,2024,1,6,3.0,,64553
8086848,1,3,1,10,2024,2,7,3.0,,64559
8086848,1,4,1,10,2024,1,4,2.0,,64560
8086849,1,1,1,10,2024,1,54,3.0,800000.0,64561
8086849,1,2,1,10,2024,2,44,10.0,3300000.0,64562
8086849,1,4,1,10,2024,1,10,4.0,,64564
8086850,1,1,1,10,2024,1,27,4.0,1500000.0,64565
8086850,1,3,1,10,2024,1,3,1.0,,64567
8086851,1,2,1,10,2024,1,50,3.0,1400000.0,64570
8086851,1,3,1,10,2024,1,23,10.0,,64571
8086851,1,4,1,10,2024,2,16,5.0,,64572
8086856,1,1,1,10,2024,1,56,11.0,4000000.0,64587
8086856,1,3,1,10,2024,2,29,12.0,3000000.0,64589
8086856,1,4,1,10,2024,2,24,10.0,,64590
8086857,1,2,1,10,2024,1,14,4.0,,64593
8086858,1,2,1,10,2024,1,50,12.0,2100000.0,64597
8086859,1,1,1,10,2024,1,50,3.0,1600000.0,64598
8086859,1,2,1,10,2024,2,54,4.0,1200000.0,64599
8086860,1,3,1,10,2024,1,19,10.0,,64602
8086861,1,1,1,10,2024,1,45,4.0,1000000.0,64603
8086862,1,1,1,10,2024,2,62,3.0,1400000.0,64607
8086863,1,3,1,10,2024,1,33,10.0,6000000.0,64610
8086864,1,1,1,10,2024,1,71,3.0,400000.0,64611
8086865,1,2,1,10,2024,2,17,4.0,,64614
8086865,1,3,1,10,2024,2,15,4.0,,64615
8086867,1,1,1,10,2024,2,31,10.0,,64620
8086870,1,2,1,10,2024,1,35,10.0,3500000.0,64623
8086870,1,3,1,10,2024,1,5,1.0,,64624
