directorio,secuencia_p,orden,hogar,regis,per,p3271,p6040,p3042,inglabo,id_registro_original
8055192,1,1,1,10,2024,2,25,10.0,1300000.0,38909
8078263,1,2,1,10,2024,2,37,3.0,350000.0,48013
8046716,1,1,1,10,2024,2,49,5.0,2000000.0,20270
8041918,1,1,1,10,2024,1,33,10.0,1950000.0,8602
8039439,1,1,1,10,2024,1,42,8.0,1300000.0,3047
8048927,1,1,1,10,2024,2,22,5.0,2200000.0,24604
8044446,1,1,1,10,2024,1,60,5.0,1300000.0,14566
8083057,1,1,1,10,2024,1,35,10.0,500000.0,58224
8049699,1,1,1,10,2024,1,27,3.0,700000.0,26107
8048818,1,1,1,10,2024,1,64,5.0,800000.0,24349
8041454,1,3,1,10,2024,2,26,5.0,1300000.0,7601
8038878,1,5,1,10,2024,2,34,8.0,1300000.0,1709
8053213,1,1,1,10,2024,1,28,5.0,1500000.0,34620
8045221,1,2,1,10,2024,2,35,10.0,500000.0,16682
8079525,1,4,1,10,2024,2,25,5.0,1300000.0,50921
8045484,1,1,1,10,2024,2,40,5.0,500000.0,17406
8038262,1,1,1,10,2024,1,42,8.0,1800000.0,201
8086661,1,2,1,10,2024,2,55,5.0,3500000.0,64269
8081398,1,2,1,10,2024,1,31,5.0,1300000.0,55055
8078139,1,2,1,10,2024,2,23,10.0,980000.0,47709
8085694,1,3,1,10,2024,1,18,4.0,1000000.0,62653
8038676,1,3,1,10,2024,2,58,4.0,800000.0,1167
8081232,1,2,1,10,2024,2,20,6.0,1800000.0,54641
8052033,1,1,1,10,2024,1,41,5.0,1600000.0,31675
8043835,1,1,1,10,2024,1,55,3.0,80000.0,13014
8041059,1,3,1,10,2024,2,38,12.0,5000000.0,6696
8040906,1,1,1,10,2024,2,46,3.0,1500000.0,6322
8083712,1,1,1,10,2024,2,39,5.0,1300000.0,59598
8055332,1,4,1,10,2024,1,19,9.0,975000.0,39193
8076850,1,1,1,10,2024,1,33,12.0,3800000.0,44824
8052637,1,1,1,10,2024,1,55,4.0,1700000.0,33304
8038538,1,2,1,10,2024,2,22,6.0,1000000.0,870
8085879,1,2,1,10,2024,2,51,3.0,300000.0,62988
8082721,1,1,1,10,2024,1,51,3.0,1400000.0,57401
8045568,1,3,1,10,2024,1,25,9.0,1700000.0,17637
8077465,1,2,1,10,2024,2,21,5.0,900000.0,46301
8077030,1,1,1,10,2024,1,61,3.0,800000.0,45209
8045686,1,4,1,10,2024,1,31,8.0,1462000.0,17930
8054493,1,1,1,10,2024,1,31,10.0,3300000.0,37392
8045214,1,1,1,10,2024,1,30,10.0,600000.0,16660
8056240,1,1,1,10,2024,1,39,4.0,1200000.0,40893
8079049,1,1,1,10,2024,2,23,10.0,2000000.0,49762
8048830,1,2,1,10,2024,1,65,3.0,1300000.0,24390
8044760,1,3,1,10,2024,2,47,10.0,2600000.0,15408
8055293,1,1,1,10,2024,1,43,5.0,1500000.0,39111
8049977,1,2,1,10,2024,2,43,3.0,700000.0,26797
8082738,1,4,1,10,2024,1,48,10.0,2500000.0,57461
8080951,1,3,1,10,2024,1,36,4.0,1562000.0,54094
8041625,1,1,1,10,2024,2,47,9.0,600000.0,7995
8053817,1,4,1,10,2024,1,29,10.0,4000000.0,35943
8038610,1,1,1,10,2024,2,58,8.0,500000.0,992
8076558,1,2,1,10,2024,2,27,5.0,1600000.0,44148
8055449,1,1,1,10,2024,1,48,11.0,10000000.0,39396
8045184,1,1,1,10,2024,2,37,12.0,6000000.0,16573
8083988,1,1,1,10,2024,1,51,3.0,1000000.0,60164
8044483,1,1,1,10,2024,1,48,3.0,1300000.0,14665
8048839,1,1,1,10,2024,2,41,5.0,900000.0,24405
8084024,1,7,1,10,2024,2,24,5.0,600000.0,60265
8076594,1,4,1,10,2024,1,19,8.0,1500000.0,44231
8054488,1,2,1,10,2024,2,27,4.0,90000.0,37379
8042714,1,1,1,10,2024,2,53,3.0,300000.0,10382
8083979,1,2,1,10,2024,1,37,5.0,3200000.0,60128
8038867,1,1,1,10,2024,1,34,10.0,1300000.0,1686
8040971,1,1,1,10,2024,2,43,5.0,1500000.0,6473
8045658,1,1,1,10,2024,1,35,5.0,1300000.0,17863
8046396,1,1,1,10,2024,1,51,5.0,2000000.0,19452
8046507,1,4,1,10,2024,2,56,3.0,400000.0,19712
8076407,1,1,1,10,2024,1,47,3.0,1500000.0,43779
8044373,1,1,1,10,2024,1,29,5.0,537000.0,14375
8047184,1,3,1,10,2024,1,32,10.0,5000000.0,21133
8038964,1,1,1,10,2024,1,43,9.0,1600000.0,1928
8051920,1,2,1,10,2024,2,29,10.0,3000000.0,31412
8055964,1,1,1,10,2024,1,49,5.0,1462000.0,40341
8078874,1,1,1,10,2024,1,39,3.0,1400000.0,49336
8045329,1,2,1,10,2024,2,28,10.0,2400000.0,16958
8041225,1,1,1,10,2024,2,57,3.0,240000.0,7114
8040488,1,1,1,10,2024,1,52,10.0,4000000.0,5352
8080315,1,2,1,10,2024,2,49,10.0,1800000.0,52835
8083668,1,3,1,10,2024,1,30,10.0,1200000.0,59513
8053331,1,6,1,10,2024,1,21,8.0,400000.0,34913
8081230,1,3,1,10,2024,2,22,8.0,1300000.0,54633
8082259,1,1,1,10,2024,2,65,11.0,4000000.0,56362
8078998,1,1,1,10,2024,2,21,5.0,400000.0,49629
8077991,1,1,1,10,2024,1,52,12.0,500000.0,47404
8046316,1,1,1,10,2024,2,24,10.0,2000000.0,19267
8053531,1,1,1,10,2024,1,64,5.0,600000.0,35327
8075635,1,2,1,10,2024,1,30,5.0,1100000.0,41659
8086411,1,1,1,10,2024,1,61,9.0,3000000.0,63629
8041793,1,2,1,10,2024,2,40,5.0,3000000.0,8297
8041022,1,1,1,10,2024,2,30,10.0,1300000.0,6609
8051678,1,1,1,10,2024,2,50,10.0,2200000.0,30752
8078106,1,1,1,10,2024,1,60,5.0,200000.0,47642
8040250,1,2,1,10,2024,1,36,10.0,1400000.0,4775
8052819,1,2,1,10,2024,1,51,3.0,1000000.0,33670
8077694,1,1,1,10,2024,1,52,12.0,2000000.0,46759
8080891,1,1,1,10,2024,1,61,5.0,2500000.0,53959
8042837,1,2,1,10,2024,2,30,10.0,5000000.0,10653
8055974,1,1,1,10,2024,1,28,5.0,1350000.0,40366
8083114,1,2,1,10,2024,2,53,5.0,1300000.0,58369
8049803,1,2,1,10,2024,1,55,3.0,1800000.0,26406
8040534,1,2,1,10,2024,1,61,5.0,1500000.0,5455
8042717,1,1,1,10,2024,1,35,5.0,1500000.0,10396
8053301,1,1,1,10,2024,2,43,5.0,600000.0,34826
8079641,1,2,1,10,2024,2,34,8.0,3000000.0,51109
8051289,1,2,1,10,2024,2,43,5.0,400000.0,29777
8084481,1,1,1,10,2024,2,35,5.0,1600000.0,61268
8039658,1,2,1,10,2024,1,19,5.0,700000.0,3453
8045807,1,2,1,10,2024,2,33,10.0,400000.0,18226
8084959,1,1,1,10,2024,2,38,5.0,1800000.0,62290
8038721,1,1,1,10,2024,1,43,9.0,1250000.0,1317
8044467,1,2,1,10,2024,2,47,5.0,6500000.0,14622
8046920,1,1,1,10,2024,1,44,5.0,5000000.0,20740
8053287,1,1,1,10,2024,1,61,3.0,600000.0,34791
8050535,1,1,1,10,2024,1,34,5.0,1300000.0,28243
8047630,1,2,1,10,2024,2,53,3.0,240000.0,22024
8054554,1,3,1,10,2024,1,20,5.0,800000.0,37508
8042908,1,2,1,10,2024,1,15,4.0,1550000.0,10800
8048356,1,1,1,10,2024,2,25,9.0,0.0,23564
8048970,1,1,1,10,2024,1,52,11.0,4900000.0,24694
8076164,1,1,1,10,2024,2,64,3.0,400000.0,43191
8080679,1,3,1,10,2024,1,40,4.0,1300000.0,53572
8047072,1,1,1,10,2024,1,55,3.0,1200000.0,20928
8047845,1,2,1,10,2024,2,47,10.0,1700000.0,22519
8038802,1,2,1,10,2024,2,24,10.0,1950000.0,1529
8050468,1,2,1,10,2024,1,50,3.0,500000.0,28010
8049281,1,3,1,10,2024,1,29,9.0,2100000.0,25272
8079042,1,3,1,10,2024,1,38,3.0,1300000.0,49748
8047075,1,4,1,10,2024,1,19,5.0,250000.0,20941
8046377,1,1,1,10,2024,2,62,3.0,1700000.0,19417
8052904,1,1,1,10,2024,2,24,8.0,2000000.0,33876
8043479,1,1,1,10,2024,1,62,5.0,2500000.0,12087
8044763,1,2,1,10,2024,1,29,10.0,4000000.0,15413
8080413,1,1,1,10,2024,1,25,11.0,2000000.0,53097
8053574,1,1,1,10,2024,1,65,3.0,500000.0,35425
8043669,1,1,1,10,2024,2,31,3.0,600000.0,12596
8055419,1,1,1,10,2024,2,52,9.0,2500000.0,39355
8081167,1,2,1,10,2024,2,27,4.0,600000.0,54522
8085896,1,1,1,10,2024,1,63,3.0,1800000.0,63019
8080460,1,2,1,10,2024,2,44,5.0,500000.0,53122
8076830,1,2,1,10,2024,1,24,5.0,1300000.0,44783
8038994,1,1,1,10,2024,1,34,5.0,900000.0,1995
8052279,1,1,1,10,2024,1,57,3.0,1300000.0,32313
8049163,1,1,1,10,2024,1,60,10.0,15000000.0,25035
8043913,1,3,1,10,2024,1,22,5.0,1300000.0,13208
8044648,1,2,1,10,2024,1,42,11.0,23500000.0,15131
8040565,1,1,1,10,2024,2,51,4.0,300000.0,5523
8076717,1,1,1,10,2024,1,61,4.0,900000.0,44517
8050951,1,4,1,10,2024,2,22,5.0,800000.0,29288
8046002,1,2,1,10,2024,2,50,3.0,330000.0,18467
8046198,1,2,1,10,2024,2,26,6.0,1050000.0,18946
8079825,1,5,1,10,2024,1,65,3.0,800000.0,51682
8082319,1,2,1,10,2024,1,55,3.0,1300000.0,56458
8051545,1,1,1,10,2024,1,61,9.0,3000000.0,30451
8051494,1,2,1,10,2024,1,21,5.0,500000.0,30337
8052360,1,1,1,10,2024,1,34,5.0,650000.0,32563
8083769,1,8,1,10,2024,1,21,5.0,1460000.0,59724
8051603,1,1,1,10,2024,2,44,5.0,1300000.0,30580
8039970,1,2,1,10,2024,2,38,11.0,4000000.0,4095
8044493,1,2,1,10,2024,1,24,5.0,1000000.0,14684
8042797,1,2,1,10,2024,2,32,5.0,1300000.0,10578
8082359,1,1,1,10,2024,2,43,10.0,4500000.0,56552
8044168,1,1,1,10,2024,1,27,9.0,1900000.0,13810
8050314,1,2,1,10,2024,2,56,3.0,250000.0,27582
8052759,1,1,1,10,2024,1,39,3.0,2700000.0,33518
8045250,1,1,1,10,2024,1,42,10.0,2800000.0,16762
8044397,1,2,1,10,2024,2,20,5.0,1000000.0,14434
8075720,1,1,1,10,2024,1,21,4.0,1000000.0,41905
8039656,1,6,1,10,2024,2,18,5.0,1000000.0,3446
8052230,1,3,1,10,2024,1,21,5.0,1225000.0,32176
8040870,1,2,1,10,2024,1,32,10.0,1600000.0,6252
8082839,1,2,1,10,2024,1,36,11.0,3900000.0,57712
8051639,1,1,1,10,2024,1,32,4.0,750000.0,30666
8076618,1,1,1,10,2024,2,48,3.0,800000.0,44290
8044598,1,1,1,10,2024,2,50,10.0,600000.0,15001
8051021,1,1,1,10,2024,2,38,5.0,1300000.0,29492
8043932,1,1,1,10,2024,1,48,5.0,4000000.0,13254
8084647,1,2,1,10,2024,2,32,5.0,900000.0,61595
8048134,1,1,1,10,2024,1,58,11.0,5300000.0,23139
8040690,1,2,1,10,2024,1,39,10.0,7000000.0,5793
8053846,1,1,1,10,2024,2,40,8.0,1300000.0,36001
8076017,1,3,1,10,2024,1,20,4.0,900000.0,42753
8076589,1,1,1,10,2024,1,34,5.0,1300000.0,44212
8055977,1,1,1,10,2024,2,35,10.0,600000.0,40367
8046108,1,1,1,10,2024,1,51,8.0,500000.0,18723
8078994,1,1,1,10,2024,1,51,1.0,700000.0,49621
8052114,1,1,1,10,2024,1,54,3.0,1450000.0,31877
8056311,1,2,1,10,2024,2,67,3.0,1800000.0,41043
8048422,1,3,1,10,2024,1,42,10.0,2600000.0,23650
8041856,1,1,1,10,2024,2,72,3.0,500000.0,8441
8079761,1,3,1,10,2024,1,27,6.0,1600000.0,51478
8043499,1,7,1,10,2024,2,25,8.0,0.0,12161
8083800,1,1,1,10,2024,1,46,12.0,7000000.0,59768
8053010,1,3,1,10,2024,2,19,5.0,50000.0,34204
8045239,1,1,1,10,2024,1,69,3.0,400000.0,16748
8081074,1,1,1,10,2024,1,59,3.0,500000.0,54357
8041256,1,1,1,10,2024,2,54,5.0,1480000.0,7180
8076879,1,1,1,10,2024,1,20,5.0,1400000.0,44888
8082896,1,2,1,10,2024,1,29,5.0,550000.0,57861
8083727,1,2,1,10,2024,2,48,5.0,1850000.0,59632
8080999,1,1,1,10,2024,1,58,4.0,1117000.0,54183
8047538,1,1,1,10,2024,1,26,10.0,3000000.0,21796
8046499,1,3,1,10,2024,1,22,5.0,1400000.0,19687
8047774,1,1,1,10,2024,1,63,4.0,560000.0,22343
8076029,1,2,1,10,2024,1,26,5.0,900000.0,42797
8050536,1,2,1,10,2024,1,31,5.0,2000000.0,28246
8053111,1,1,1,10,2024,1,30,8.0,1300000.0,34426
8042863,1,1,1,10,2024,2,39,10.0,18000000.0,10726
8083032,1,1,1,10,2024,1,62,11.0,6800000.0,58171
8050493,3,1,3,10,2024,1,56,3.0,500000.0,28100
8041906,1,1,1,10,2024,1,42,9.0,1920313.0,8569
8081336,1,1,1,10,2024,1,35,5.0,1000000.0,54887
8077976,1,2,1,10,2024,1,28,10.0,535000.0,47357
8084743,1,3,1,10,2024,1,23,6.0,700000.0,61817
8050129,1,3,1,10,2024,1,73,3.0,1300000.0,27167
8054910,1,1,1,10,2024,2,43,5.0,1450000.0,38343
8050762,1,2,1,10,2024,2,59,5.0,1300000.0,28766
8080744,1,2,1,10,2024,2,35,5.0,1350000.0,53671
8053034,1,2,1,10,2024,2,59,5.0,1300000.0,34274
8083860,1,1,1,10,2024,2,54,3.0,400000.0,59908
8045463,1,2,1,10,2024,1,22,3.0,1000000.0,17345
8054308,1,1,1,10,2024,2,56,6.0,400000.0,36953
8051869,1,1,1,10,2024,2,33,11.0,1400000.0,31291
8044247,1,1,1,10,2024,2,54,1.0,450000.0,13966
8047425,1,1,1,10,2024,1,55,3.0,1500000.0,21603
8055129,1,3,1,10,2024,2,40,10.0,1600000.0,38759
8084496,1,1,1,10,2024,2,34,5.0,1300000.0,61309
8045416,1,2,1,10,2024,1,38,3.0,1600000.0,17203
8051877,1,1,1,10,2024,2,52,5.0,1000000.0,31308
8043354,1,1,1,10,2024,1,54,4.0,700000.0,11768
8054954,1,1,1,10,2024,2,42,10.0,1500000.0,38434
8078917,1,3,1,10,2024,1,22,10.0,1000000.0,49442
8043060,1,1,1,10,2024,1,44,3.0,1000000.0,11053
8045619,1,1,1,10,2024,1,64,3.0,900000.0,17736
8048115,1,2,1,10,2024,2,43,5.0,1300000.0,23078
8080583,1,1,1,10,2024,1,53,5.0,5000000.0,53367
8041480,1,1,1,10,2024,1,49,5.0,1300000.0,7663
8055005,1,1,1,10,2024,1,44,3.0,1200000.0,38538
8048475,1,1,1,10,2024,2,28,8.0,1300000.0,23755
8047212,1,2,1,10,2024,2,59,3.0,200000.0,21203
8083096,1,1,1,10,2024,2,51,9.0,500000.0,58329
8055225,1,1,1,10,2024,2,36,4.0,600000.0,39015
8051376,1,2,1,10,2024,2,25,10.0,1300000.0,30029
8049754,1,1,1,10,2024,2,37,5.0,1300000.0,26275
8052382,1,1,1,10,2024,1,70,1.0,1500000.0,32632
8043201,1,1,1,10,2024,1,59,11.0,4800000.0,11386
8050528,1,1,1,10,2024,2,46,4.0,1300000.0,28217
8053191,1,1,1,10,2024,1,41,5.0,1968000.0,34573
8081266,1,2,1,10,2024,1,46,5.0,1300000.0,54739
8079128,1,1,1,10,2024,1,50,3.0,900000.0,49917
8056343,1,1,1,10,2024,2,42,8.0,6500000.0,41112
8083292,1,1,1,10,2024,1,32,5.0,600000.0,58762
8078786,1,1,1,10,2024,1,74,10.0,4700000.0,49158
8079582,1,1,1,10,2024,2,67,5.0,1250000.0,51006
8052591,1,1,1,10,2024,1,54,4.0,1500000.0,33186
8048717,1,2,1,10,2024,1,71,1.0,300000.0,24202
8055218,1,1,1,10,2024,1,41,5.0,1200000.0,38980
8045574,1,1,1,10,2024,2,26,10.0,3700000.0,17651
8053352,1,2,1,10,2024,1,34,5.0,1400000.0,34961
8040755,1,2,1,10,2024,2,38,10.0,2000000.0,5956
8038744,1,2,1,10,2024,1,37,8.0,2100000.0,1377
8042743,1,2,1,10,2024,1,37,5.0,1500000.0,10448
8041100,1,2,1,10,2024,2,60,5.0,1300000.0,6773
8039449,1,1,1,10,2024,2,37,4.0,1300000.0,3068
8053169,1,4,1,10,2024,1,23,3.0,1300000.0,34527
8054463,1,2,1,10,2024,2,31,11.0,4500000.0,37345
8042689,1,1,1,10,2024,2,29,10.0,3500000.0,10318
8078202,1,2,1,10,2024,1,17,4.0,400000.0,47865
8050680,1,1,1,10,2024,1,48,3.0,1000000.0,28571
8076979,1,1,1,10,2024,1,47,8.0,1300000.0,45090
8046600,1,1,1,10,2024,1,38,5.0,900000.0,20015
8084990,1,4,1,10,2024,2,29,8.0,1000000.0,62377
8079852,1,1,1,10,2024,1,54,10.0,1500000.0,51746
8077092,1,1,1,10,2024,1,73,3.0,700000.0,45407
8048888,1,3,1,10,2024,1,32,10.0,1600000.0,24523
8084082,1,1,1,10,2024,2,27,5.0,1400000.0,60459
8075794,1,1,1,10,2024,1,21,4.0,750000.0,42100
8038248,1,2,1,10,2024,2,54,10.0,600000.0,160
8044730,1,1,1,10,2024,2,25,5.0,400000.0,15345
8038686,1,3,1,10,2024,1,37,5.0,2500000.0,1214
8050239,1,2,1,10,2024,1,53,5.0,1300000.0,27430
8038817,1,2,1,10,2024,2,40,5.0,1300000.0,1562
8053476,1,2,1,10,2024,1,47,11.0,26500000.0,35229
8038611,1,1,1,10,2024,2,40,10.0,3600000.0,999
8083236,1,2,1,10,2024,2,43,10.0,2000000.0,58628
8078706,1,1,1,10,2024,1,73,3.0,268000.0,48979
8047928,1,1,1,10,2024,2,46,4.0,800000.0,22698
8044016,1,3,1,10,2024,2,23,10.0,2000000.0,13454
8044505,1,1,1,10,2024,2,27,9.0,1300000.0,14722
8078092,1,2,1,10,2024,2,48,3.0,255000.0,47610
8080385,1,3,1,10,2024,2,41,12.0,5852000.0,53029
8080230,1,4,1,10,2024,2,24,9.0,2000000.0,52633
8077002,1,1,1,10,2024,2,24,3.0,600000.0,45134
8056247,1,4,1,10,2024,1,61,3.0,900000.0,40920
8053765,1,1,1,10,2024,2,49,11.0,7500000.0,35865
8043577,1,2,1,10,2024,2,24,5.0,1650000.0,12348
8041867,1,1,1,10,2024,2,63,3.0,500000.0,8473
8045193,1,1,1,10,2024,1,32,12.0,5800000.0,16598
8054826,1,1,1,10,2024,2,57,8.0,1800000.0,38152
8079964,1,2,1,10,2024,2,60,3.0,100000.0,51989
8085968,1,1,1,10,2024,1,25,5.0,900000.0,63114
8078035,1,1,1,10,2024,2,55,1.0,2000000.0,47506
8042000,1,1,1,10,2024,2,49,11.0,4000000.0,8839
8084267,1,1,1,10,2024,2,58,5.0,590000.0,60846
8045153,1,2,1,10,2024,2,48,5.0,500000.0,16470
8078181,1,1,1,10,2024,2,31,6.0,960000.0,47814
8075845,1,1,1,10,2024,1,58,3.0,950000.0,42228
8049065,1,1,1,10,2024,2,36,10.0,3900000.0,24861
8048230,1,7,1,10,2024,2,33,5.0,1300000.0,23312
8040561,1,2,1,10,2024,2,45,10.0,2900000.0,5520
8086423,1,2,1,10,2024,2,55,8.0,3000000.0,63642
8051384,1,1,1,10,2024,2,51,11.0,4500000.0,30049
8056145,1,1,1,10,2024,1,25,6.0,1300000.0,40690
8045308,1,3,1,10,2024,1,31,4.0,1300000.0,16904
8080719,1,2,1,10,2024,2,22,10.0,1300000.0,53636
8053705,1,1,1,10,2024,1,41,10.0,1300000.0,35758
8038262,1,2,1,10,2024,2,30,5.0,0.0,202
8083825,1,2,1,10,2024,1,55,1.0,1300000.0,59822
8043174,1,1,1,10,2024,2,59,3.0,1300000.0,11336
8076426,1,1,1,10,2024,2,34,5.0,1200000.0,43819
8050362,1,1,1,10,2024,2,33,8.0,1200000.0,27764
8044549,1,1,1,10,2024,1,52,5.0,2600000.0,14865
8043266,1,1,1,10,2024,1,43,3.0,1300000.0,11529
8049821,1,1,1,10,2024,2,35,8.0,800000.0,26446
8078788,1,4,1,10,2024,2,15,5.0,300000.0,49165
8085762,1,2,1,10,2024,1,27,8.0,200000.0,62798
8054554,1,7,1,10,2024,2,55,3.0,800000.0,37512
8051349,1,1,1,10,2024,1,69,4.0,40000.0,29959
8081004,1,1,1,10,2024,2,20,8.0,1250000.0,54197
8050335,1,4,1,10,2024,2,22,8.0,1460000.0,27659
8079900,1,3,1,10,2024,1,29,10.0,6000000.0,51885
8042548,1,2,1,10,2024,2,57,3.0,680000.0,10045
8046731,1,1,1,10,2024,2,50,4.0,1860000.0,20316
8043067,1,1,1,10,2024,1,41,1.0,1200000.0,11067
8055913,1,2,1,10,2024,1,32,5.0,1850000.0,40249
8076688,1,1,1,10,2024,2,58,3.0,1000000.0,44446
8085885,1,1,1,10,2024,1,40,10.0,2000000.0,63000
8081565,1,1,1,10,2024,2,62,8.0,400000.0,55416
8038352,1,2,1,10,2024,1,20,10.0,1300000.0,442
8053044,1,1,1,10,2024,2,51,5.0,2000000.0,34303
8045715,1,1,1,10,2024,2,62,3.0,1200000.0,18000
8078696,1,1,1,10,2024,1,47,3.0,1700000.0,48957
8040509,1,1,1,10,2024,2,56,3.0,400000.0,5399
8040097,1,1,1,10,2024,1,52,5.0,700000.0,4357
8053904,1,1,1,10,2024,1,30,5.0,1300000.0,36107
8083377,1,1,1,10,2024,2,53,10.0,2500000.0,58952
8079592,1,2,1,10,2024,2,47,3.0,1300000.0,51030
8050036,1,1,1,10,2024,1,69,3.0,1300000.0,26955
8079616,1,1,1,10,2024,2,62,3.0,520000.0,51074
8085930,1,1,1,10,2024,1,67,6.0,1550000.0,63052
8045281,1,1,1,10,2024,1,49,5.0,1800000.0,16833
8048764,1,2,1,10,2024,1,35,5.0,800000.0,24241
8049189,1,1,1,10,2024,2,34,10.0,2000000.0,25078
8052558,1,2,1,10,2024,2,46,5.0,1300000.0,33096
8041240,1,1,1,10,2024,1,54,11.0,1500000.0,7150
8052776,1,4,1,10,2024,1,27,4.0,1300000.0,33568
8051410,1,1,1,10,2024,1,56,3.0,1000000.0,30123
8040057,1,2,1,10,2024,1,44,5.0,600000.0,4287
8056403,1,2,1,10,2024,1,20,5.0,1000000.0,41273
8052993,1,1,1,10,2024,1,56,5.0,650000.0,34158
8038828,1,1,1,10,2024,1,40,10.0,4000000.0,1588
8044280,1,1,1,10,2024,2,61,3.0,700000.0,14101
8076037,1,2,1,10,2024,1,45,3.0,600000.0,42816
8079671,1,1,1,10,2024,2,40,5.0,1300000.0,51181
8045442,1,3,1,10,2024,2,25,9.0,1600000.0,17274
8051019,1,1,1,10,2024,1,51,5.0,1700000.0,29484
8053707,1,1,1,10,2024,1,36,10.0,5000000.0,35763
8049277,1,4,1,10,2024,1,32,8.0,1400000.0,25262
8083308,1,1,1,10,2024,1,59,5.0,1500000.0,58806
8049534,1,2,1,10,2024,1,76,5.0,600000.0,25695
8040975,1,2,1,10,2024,2,27,5.0,2800000.0,6483
8042730,1,1,1,10,2024,2,40,5.0,1500000.0,10431
8050769,1,1,1,10,2024,2,51,11.0,4161378.0,28787
8038621,1,2,1,10,2024,2,33,10.0,2500000.0,1025
8047347,1,1,1,10,2024,2,36,3.0,500000.0,21482
8046563,1,1,1,10,2024,1,50,8.0,0.0,19889
8043886,1,1,1,10,2024,1,62,3.0,200000.0,13143
8079557,1,2,1,10,2024,2,26,8.0,1585000.0,50983
8052100,1,3,1,10,2024,1,15,4.0,550000.0,31844
8044650,1,3,1,10,2024,1,43,5.0,1500000.0,15138
8086775,1,1,1,10,2024,2,24,10.0,1350000.0,64478
8041482,1,1,1,10,2024,1,43,12.0,4000000.0,7668
8080853,1,2,1,10,2024,1,28,4.0,600000.0,53888
8076162,1,1,1,10,2024,2,44,4.0,975000.0,43180
8045948,1,2,1,10,2024,2,42,5.0,650000.0,18312
8043927,1,1,1,10,2024,1,49,3.0,600000.0,13241
8038464,1,3,1,10,2024,1,24,9.0,1462000.0,693
8076457,1,1,1,10,2024,2,35,4.0,600000.0,43896
8053877,1,1,1,10,2024,2,49,5.0,1400000.0,36067
8044260,1,4,1,10,2024,2,28,8.0,100000.0,14026
8043084,1,1,1,10,2024,1,19,4.0,600000.0,11111
8045657,1,1,1,10,2024,1,67,1.0,200000.0,17862
8052386,1,1,1,10,2024,2,68,3.0,100000.0,32654
8052226,1,2,1,10,2024,1,27,5.0,1200000.0,32159
8040321,1,1,1,10,2024,1,34,5.0,2500000.0,4948
8079010,1,1,1,10,2024,1,56,3.0,2500000.0,49649
8078330,1,4,1,10,2024,1,24,3.0,280000.0,48191
8049618,1,1,1,10,2024,2,37,3.0,300000.0,25904
8043878,1,1,1,10,2024,2,46,8.0,2500000.0,13122
8080886,1,5,1,10,2024,2,73,3.0,2000000.0,53951
8053789,1,1,1,10,2024,1,47,10.0,4500000.0,35882
8050351,1,3,1,10,2024,2,26,9.0,1400000.0,27727
8054396,1,3,1,10,2024,1,33,5.0,2500000.0,37172
8084862,1,2,1,10,2024,2,28,11.0,3200000.0,62078
8049769,1,1,1,10,2024,1,26,9.0,1000000.0,26307
8052628,1,1,1,10,2024,1,51,5.0,1300000.0,33271
8079362,1,1,1,10,2024,1,57,3.0,1000000.0,50574
8046165,1,1,1,10,2024,1,62,3.0,300000.0,18855
8038402,1,1,1,10,2024,2,64,4.0,270000.0,578
8043898,1,1,1,10,2024,1,59,11.0,2000000.0,13167
8078321,1,3,1,10,2024,1,31,4.0,400000.0,48164
8044959,1,3,1,10,2024,1,17,10.0,750000.0,15941
8084308,1,3,1,10,2024,1,16,3.0,100000.0,60931
8052163,1,1,1,10,2024,2,44,3.0,1000000.0,31991
8043952,1,1,1,10,2024,2,57,8.0,150000.0,13308
8047139,1,2,1,10,2024,2,52,11.0,8600000.0,21055
8048472,1,1,1,10,2024,2,31,8.0,1300000.0,23745
8051350,1,3,1,10,2024,1,35,4.0,860000.0,29963
8076375,1,2,1,10,2024,1,47,3.0,1300000.0,43698
8038610,1,3,1,10,2024,2,31,10.0,1800000.0,994
8086434,1,1,1,10,2024,1,67,3.0,1500000.0,63668
8038928,1,2,1,10,2024,2,50,8.0,1300000.0,1840
8055490,1,1,1,10,2024,1,51,10.0,2600000.0,39449
8051360,1,1,1,10,2024,2,52,5.0,100000.0,29991
8084997,1,4,1,10,2024,1,1,,,62400
8044576,1,1,1,10,2024,2,38,10.0,1300000.0,14937
8048085,1,2,1,10,2024,1,20,10.0,2100000.0,23013
8079141,1,2,1,10,2024,2,30,9.0,2000000.0,49937
8048012,1,2,1,10,2024,2,49,4.0,2000000.0,22854
8083362,1,1,1,10,2024,1,56,3.0,300000.0,58927
8051583,1,2,1,10,2024,1,26,5.0,1472000.0,30530
8055818,1,2,1,10,2024,1,21,4.0,1300000.0,40053
8078305,1,3,1,10,2024,1,19,5.0,1000000.0,48126
8041646,1,1,1,10,2024,2,59,3.0,0.0,8054
8040676,1,1,1,10,2024,1,36,4.0,900000.0,5755
8083419,1,1,1,10,2024,1,54,8.0,1800000.0,59024
8051576,1,2,1,10,2024,1,46,3.0,1400000.0,30515
8053806,1,2,1,10,2024,2,39,3.0,1500000.0,35918
8043215,1,2,1,10,2024,1,27,4.0,1300000.0,11412
8086564,1,1,1,10,2024,1,54,10.0,4000000.0,63992
8043710,1,1,1,10,2024,2,83,3.0,100000.0,12694
8042874,1,1,1,10,2024,1,41,10.0,5800000.0,10735
8052027,1,1,1,10,2024,1,31,4.0,3500000.0,31657
8038342,1,1,1,10,2024,2,48,9.0,1600000.0,412
8054611,1,1,1,10,2024,1,29,5.0,1400000.0,37620
8054300,1,1,1,10,2024,1,36,5.0,1800000.0,36934
8052048,1,2,1,10,2024,2,28,5.0,800000.0,31700
8081415,1,2,1,10,2024,1,21,10.0,1300000.0,55111
8042094,1,3,1,10,2024,2,29,5.0,1300000.0,9015
8078833,1,2,1,10,2024,2,57,3.0,600000.0,49255
8042790,1,5,1,10,2024,2,31,8.0,400000.0,10553
8077547,1,1,1,10,2024,2,20,5.0,1350000.0,46446
8041531,1,1,1,10,2024,2,37,4.0,1646000.0,7786
8041610,1,1,1,10,2024,1,42,11.0,5200000.0,7964
8046494,1,1,1,10,2024,2,71,5.0,260000.0,19672
8051037,1,2,1,10,2024,2,60,10.0,3000000.0,29522
8079014,1,1,1,10,2024,1,50,3.0,400000.0,49653
8050995,1,1,1,10,2024,1,37,10.0,3000000.0,29422
8043498,1,3,1,10,2024,1,25,5.0,1000000.0,12152
8054257,1,1,1,10,2024,1,25,6.0,2600000.0,36821
8046092,1,3,1,10,2024,1,24,10.0,1500000.0,18701
8055014,1,1,1,10,2024,1,34,3.0,1200000.0,38566
8048686,1,3,1,10,2024,2,36,5.0,1600000.0,24128
8046287,1,4,1,10,2024,2,34,3.0,200000.0,19165
8077387,1,1,1,10,2024,1,46,5.0,1300000.0,46141
8077127,1,2,1,10,2024,1,24,10.0,750000.0,45511
8083154,1,1,1,10,2024,1,28,6.0,900000.0,58457
8043914,1,1,1,10,2024,1,51,10.0,4000000.0,13209
8046338,1,2,1,10,2024,2,54,5.0,100000.0,19322
8053188,1,3,1,10,2024,1,26,5.0,2000000.0,34569
8081797,1,3,1,10,2024,1,22,4.0,800000.0,55754
8048999,1,1,1,10,2024,1,24,10.0,1000000.0,24737
8082323,1,2,1,10,2024,1,24,4.0,1300000.0,56473
8050613,1,1,1,10,2024,2,24,10.0,4000000.0,28438
8047323,1,2,1,10,2024,1,40,10.0,2000000.0,21427
8055314,1,2,1,10,2024,2,57,5.0,1300000.0,39148
8044511,1,2,1,10,2024,2,63,3.0,45000.0,14743
8038649,1,1,1,10,2024,1,45,8.0,2000000.0,1087
8084927,1,1,1,10,2024,2,35,10.0,3200000.0,62218
8045714,1,1,1,10,2024,2,49,3.0,1600000.0,17997
8077308,1,1,1,10,2024,1,56,3.0,1300000.0,45954
8055667,1,1,1,10,2024,1,22,6.0,1300000.0,39758
8081351,1,1,1,10,2024,1,59,10.0,4000000.0,54925
8083388,1,2,1,10,2024,1,65,3.0,500000.0,58959
8045057,1,1,1,10,2024,1,42,10.0,4200000.0,16220
8042295,1,1,1,10,2024,2,86,5.0,1300000.0,9507
8051928,1,1,1,10,2024,2,49,5.0,600000.0,31426
8041118,1,1,1,10,2024,1,30,5.0,1600000.0,6843
8043109,1,1,1,10,2024,1,68,5.0,1000000.0,11165
8055440,1,1,1,10,2024,1,33,10.0,1700000.0,39381
8049050,1,1,1,10,2024,2,40,5.0,1712000.0,24829
8047712,1,2,1,10,2024,2,57,8.0,1462000.0,22190
8048579,1,2,1,10,2024,2,43,11.0,3500000.0,23952
8045004,1,1,1,10,2024,2,25,5.0,500000.0,16081
8043727,1,1,1,10,2024,2,26,3.0,180000.0,12733
8075999,1,1,1,10,2024,1,73,3.0,350000.0,42703
8045474,1,1,1,10,2024,2,75,4.0,1000000.0,17379
8078969,1,2,1,10,2024,1,64,4.0,1200000.0,49573
8047561,1,2,1,10,2024,2,31,5.0,1120000.0,21844
8083542,1,1,1,10,2024,1,60,9.0,1300000.0,59273
8051299,1,2,1,10,2024,2,20,5.0,1000000.0,29807
8051043,1,1,1,10,2024,2,40,8.0,600000.0,29541
8054205,1,1,1,10,2024,2,62,3.0,800000.0,36741
8048225,1,1,1,10,2024,1,51,4.0,800000.0,23288
8077976,1,1,1,10,2024,2,50,3.0,1000000.0,47356
8044746,1,1,1,10,2024,2,60,3.0,700000.0,15375
8086522,1,3,1,10,2024,1,50,3.0,1000000.0,63885
8042120,1,3,1,10,2024,2,29,5.0,1300000.0,9077
8044241,1,1,1,10,2024,1,63,3.0,200000.0,13937
8039020,1,2,1,10,2024,1,33,5.0,900000.0,2046
8054462,1,1,1,10,2024,1,27,5.0,1560000.0,37341
8077780,1,1,1,10,2024,2,47,3.0,840000.0,46942
8044716,1,1,1,10,2024,1,65,1.0,400000.0,15310
8042880,1,2,1,10,2024,2,26,11.0,4400000.0,10743
8077668,1,1,1,10,2024,2,58,10.0,2300000.0,46698
8042373,1,1,1,10,2024,1,52,10.0,4200000.0,9659
8045156,1,3,1,10,2024,1,41,5.0,1000000.0,16483
8081420,1,2,1,10,2024,1,24,10.0,1300000.0,55122
8077228,1,1,1,10,2024,1,45,8.0,3000000.0,45770
8078958,1,1,1,10,2024,2,25,5.0,584000.0,49543
8078793,1,1,1,10,2024,1,49,5.0,1850000.0,49173
8077081,1,1,1,10,2024,2,42,6.0,1420000.0,45369
8078427,1,2,1,10,2024,2,30,8.0,420000.0,48379
8054195,1,1,1,10,2024,1,64,5.0,1100000.0,36720
8042080,1,2,1,10,2024,1,66,5.0,1000000.0,8980
8038541,1,1,1,10,2024,1,60,5.0,1300000.0,875
8053974,1,2,1,10,2024,2,32,8.0,1600000.0,36255
8049785,1,3,1,10,2024,2,25,8.0,1300000.0,26362
8039091,1,3,1,10,2024,1,46,5.0,1300000.0,2272
8046671,1,3,1,10,2024,2,38,10.0,1462000.0,20170
8045801,1,2,1,10,2024,2,51,10.0,3800000.0,18209
8042339,1,2,1,10,2024,1,26,10.0,400000.0,9592
8078922,1,1,1,10,2024,2,37,5.0,480000.0,49451
8041095,1,3,1,10,2024,2,32,10.0,3900000.0,6761
8079242,1,1,1,10,2024,1,29,9.0,1200000.0,50254
8085702,1,1,1,10,2024,1,62,3.0,2000000.0,62666
8044780,1,2,1,10,2024,2,41,10.0,4000000.0,15444
8051569,1,1,1,10,2024,1,61,9.0,3000000.0,30499
8079948,1,2,1,10,2024,1,40,9.0,4000000.0,51966
8084571,1,2,1,10,2024,2,60,10.0,800000.0,61462
8046528,1,1,1,10,2024,1,46,4.0,1300000.0,19788
8082869,1,1,1,10,2024,1,38,10.0,4000000.0,57784
8051834,1,3,1,10,2024,1,56,4.0,300000.0,31195
8050656,1,1,1,10,2024,1,43,10.0,7000000.0,28531
8052929,1,2,1,10,2024,2,31,5.0,200000.0,33939
8049037,1,1,1,10,2024,1,45,5.0,1200000.0,24798
8078031,1,1,1,10,2024,1,55,5.0,1000000.0,47500
8048782,1,2,1,10,2024,2,39,4.0,600000.0,24281
8048177,1,3,1,10,2024,2,32,10.0,2200000.0,23245
8053246,1,2,1,10,2024,2,29,12.0,2500000.0,34701
8038342,1,5,1,10,2024,2,41,10.0,2900000.0,416
8041061,1,3,1,10,2024,1,57,3.0,1800000.0,6702
8049150,1,3,1,10,2024,2,22,10.0,1300000.0,25015
8084788,1,2,1,10,2024,2,28,5.0,1600000.0,61914
8048914,1,1,1,10,2024,1,66,3.0,950000.0,24579
8040319,1,1,1,10,2024,1,38,5.0,2100000.0,4942
8055894,1,1,1,10,2024,2,33,8.0,400000.0,40222
8043062,1,2,1,10,2024,1,27,5.0,1300000.0,11058
8039432,1,2,1,10,2024,1,23,10.0,3000000.0,3032
8085769,1,1,1,10,2024,1,59,1.0,200000.0,62813
8039385,1,2,1,10,2024,2,38,3.0,180000.0,2946
8052074,1,2,1,10,2024,1,23,4.0,800000.0,31773
8054874,1,4,1,10,2024,1,42,5.0,1300000.0,38266
8040129,1,1,1,10,2024,1,26,4.0,1000000.0,4446
8055811,1,1,1,10,2024,1,39,4.0,700000.0,40024
8052638,1,2,1,10,2024,2,61,5.0,1500000.0,33309
8054176,1,1,1,10,2024,1,44,5.0,1300000.0,36659
8054732,1,1,1,10,2024,2,26,5.0,550000.0,37920
8041660,1,3,1,10,2024,2,18,4.0,1000000.0,8090
8053602,1,1,1,10,2024,1,26,5.0,1000000.0,35499
8038288,1,1,1,10,2024,1,45,5.0,1300000.0,275
8078957,1,2,1,10,2024,2,25,4.0,720000.0,49541
8041180,1,5,1,10,2024,2,39,5.0,200000.0,7003
8079601,1,1,1,10,2024,1,61,5.0,1800000.0,51043
8052090,1,1,1,10,2024,1,66,4.0,400000.0,31818
8049252,1,4,1,10,2024,1,55,10.0,1300000.0,25199
8041188,1,1,1,10,2024,1,49,3.0,1450000.0,7025
8084727,1,2,1,10,2024,1,21,5.0,1488000.0,61763
8055664,1,1,1,10,2024,1,75,3.0,1000000.0,39749
8046350,1,2,1,10,2024,1,53,9.0,1500000.0,19347
8038353,1,1,1,10,2024,1,53,12.0,15000000.0,444
8042512,1,2,1,10,2024,1,23,5.0,300000.0,9980
8051342,1,3,1,10,2024,2,33,11.0,1300000.0,29939
8077032,1,1,1,10,2024,1,37,5.0,1200000.0,45211
8052003,1,1,1,10,2024,1,26,8.0,1500000.0,31603
8080533,1,1,1,10,2024,1,30,12.0,4000000.0,53258
8086491,1,4,1,10,2024,1,17,4.0,1300000.0,63800
8055830,1,1,1,10,2024,2,72,8.0,1800000.0,40065
8045279,1,1,1,10,2024,1,30,5.0,1800000.0,16830
8084796,1,2,1,10,2024,2,44,10.0,2500000.0,61933
8040746,1,1,1,10,2024,2,52,4.0,150000.0,5926
8078034,1,1,1,10,2024,1,64,11.0,5500000.0,47504
8044060,1,2,1,10,2024,1,37,4.0,700000.0,13552
8044355,1,1,1,10,2024,2,49,5.0,960000.0,14331
8045042,1,2,1,10,2024,1,43,11.0,5200000.0,16181
8051320,1,2,1,10,2024,1,17,5.0,400000.0,29879
8043601,1,2,1,10,2024,2,26,10.0,200000.0,12412
8051721,1,2,1,10,2024,2,45,6.0,1300000.0,30871
8051935,1,1,1,10,2024,2,24,8.0,1500000.0,31443
8048858,1,2,1,10,2024,1,56,5.0,840000.0,24455
8045393,1,3,1,10,2024,1,20,6.0,1450000.0,17128
8046232,1,3,1,10,2024,1,53,3.0,600000.0,19016
8053694,1,1,1,10,2024,1,43,5.0,1500000.0,35720
8041491,1,1,1,10,2024,2,38,5.0,180000.0,7696
8078395,1,2,1,10,2024,1,41,5.0,125000.0,48330
8038653,1,3,1,10,2024,2,62,11.0,4000000.0,1094
8086586,1,1,1,10,2024,2,42,11.0,4000000.0,64064
8043132,1,2,1,10,2024,1,21,4.0,1800000.0,11223
8044779,1,1,1,10,2024,1,66,5.0,800000.0,15441
8041918,1,2,1,10,2024,2,33,10.0,8000000.0,8603
8040163,1,1,1,10,2024,1,20,4.0,1300000.0,4526
8042576,1,1,1,10,2024,2,58,10.0,3000000.0,10090
8076468,1,2,1,10,2024,1,40,5.0,0.0,43929
8050129,1,1,1,10,2024,2,58,5.0,200000.0,27165
8083668,1,1,1,10,2024,1,63,11.0,5000000.0,59511
8046974,1,1,1,10,2024,1,26,5.0,1300000.0,20772
8049894,1,3,1,10,2024,1,40,5.0,1600000.0,26627
8078553,1,1,1,10,2024,1,79,3.0,800000.0,48656
8042356,1,2,1,10,2024,2,36,10.0,4945000.0,9633
8044893,1,2,1,10,2024,1,23,10.0,3000000.0,15776
8082924,1,1,1,10,2024,1,33,5.0,3200000.0,57917
8079208,1,2,1,10,2024,2,34,5.0,900000.0,50125
8050603,1,2,1,10,2024,1,49,5.0,1300000.0,28415
8084717,1,1,1,10,2024,1,61,5.0,1462000.0,61742
8047003,1,1,1,10,2024,1,57,4.0,480000.0,20821
8085713,1,1,1,10,2024,1,40,4.0,1300000.0,62678
8079157,1,1,1,10,2024,1,59,3.0,600000.0,49988
8050249,1,2,1,10,2024,2,20,10.0,60000.0,27457
8054339,1,2,1,10,2024,2,32,10.0,1300000.0,37042
8079296,1,2,1,10,2024,1,31,1.0,390000.0,50419
8086272,1,1,1,10,2024,1,35,5.0,3500000.0,63371
8077402,1,1,1,10,2024,2,65,3.0,100000.0,46175
8040854,1,2,1,10,2024,2,31,5.0,1200000.0,6194
8080339,1,1,1,10,2024,1,41,5.0,2600000.0,52897
8051486,1,5,1,10,2024,1,33,5.0,1300000.0,30320
8082964,1,2,1,10,2024,1,71,3.0,700000.0,57994
8085027,1,1,1,10,2024,1,66,4.0,3000000.0,62446
8085044,1,1,1,10,2024,2,26,10.0,3900000.0,62519
8078732,1,1,1,10,2024,1,37,5.0,1300000.0,49037
8038942,1,3,1,10,2024,2,17,5.0,100000.0,1886
8042606,1,3,1,10,2024,2,18,5.0,800000.0,10140
8056223,1,2,1,10,2024,1,58,4.0,1080000.0,40854
8084968,1,9,1,10,2024,1,21,5.0,1300000.0,62325
8076092,1,2,1,10,2024,2,46,3.0,200000.0,42975
8047664,1,2,1,10,2024,2,56,3.0,600000.0,22094
8048466,1,5,1,10,2024,1,61,1.0,1400000.0,23735
8050001,1,1,1,10,2024,2,26,9.0,1500000.0,26862
8038826,1,1,1,10,2024,1,24,5.0,1500000.0,1583
8038877,1,1,1,10,2024,2,27,8.0,1300000.0,1701
8078070,1,1,1,10,2024,1,76,1.0,500000.0,47575
8045371,1,1,1,10,2024,1,49,10.0,2100000.0,17067
8051385,1,1,1,10,2024,1,49,11.0,2900000.0,30051
8085694,1,1,1,10,2024,1,50,3.0,1100000.0,62651
8083682,1,1,1,10,2024,2,28,5.0,1600000.0,59540
8082280,1,3,1,10,2024,2,29,5.0,530000.0,56380
8049505,1,1,1,10,2024,1,62,5.0,1200000.0,25628
8083349,1,1,1,10,2024,1,49,3.0,1500000.0,58906
8078968,1,2,1,10,2024,2,27,5.0,400000.0,49570
8083042,1,1,1,10,2024,2,39,4.0,800000.0,58187
8077860,1,1,1,10,2024,1,69,5.0,400000.0,47108
8084311,1,1,1,10,2024,2,72,8.0,200000.0,60945
8040987,1,2,1,10,2024,1,53,4.0,700000.0,6513
8046491,1,1,1,10,2024,1,46,12.0,5000000.0,19664
8082365,1,2,1,10,2024,1,47,3.0,1600000.0,56563
8044720,1,1,1,10,2024,2,42,10.0,4300000.0,15315
8084960,1,1,1,10,2024,1,64,3.0,900000.0,62293
8075919,1,2,1,10,2024,2,23,5.0,100000.0,42435
8082682,1,4,1,10,2024,1,29,10.0,1300000.0,57313
8085824,1,2,1,10,2024,1,37,4.0,920000.0,62931
8086428,1,2,1,10,2024,2,60,1.0,300000.0,63653
8049738,1,1,1,10,2024,2,26,4.0,700000.0,26227
8052414,1,1,1,10,2024,1,74,1.0,380000.0,32734
8075992,1,1,1,10,2024,1,62,4.0,700000.0,42685
8051927,1,1,1,10,2024,1,51,4.0,700000.0,31424
8039910,1,5,1,10,2024,2,40,10.0,90000.0,3966
8050936,1,1,1,10,2024,2,65,1.0,60000.0,29235
8049721,1,2,1,10,2024,1,33,5.0,1000000.0,26178
8053580,1,2,1,10,2024,1,50,5.0,1200000.0,35445
8077962,1,3,1,10,2024,1,19,8.0,200000.0,47316
8085009,1,2,1,10,2024,2,28,5.0,4000000.0,62424
8042964,1,1,1,10,2024,1,34,9.0,1300000.0,10844
8053459,1,1,1,10,2024,2,44,5.0,1750000.0,35197
8086384,1,1,1,10,2024,1,61,9.0,3000000.0,63577
8077333,1,1,1,10,2024,2,31,5.0,320000.0,46009
8078534,1,3,1,10,2024,1,50,3.0,1200000.0,48619
8056394,1,1,1,10,2024,1,26,3.0,800000.0,41244
8043908,1,1,1,10,2024,2,51,12.0,9622700.0,13192
8055635,1,2,1,10,2024,1,26,5.0,1800000.0,39649
8045153,1,3,1,10,2024,2,44,10.0,1600000.0,16471
8041465,1,2,1,10,2024,1,27,5.0,1300000.0,7626
8048086,1,2,1,10,2024,1,39,4.0,1250000.0,23016
8047965,1,2,1,10,2024,1,49,5.0,1300000.0,22754
8086761,1,1,1,10,2024,2,47,10.0,3700000.0,64442
8055225,1,2,1,10,2024,1,45,5.0,1500000.0,39016
8084097,1,1,1,10,2024,1,61,8.0,3545000.0,60492
8052923,1,2,1,10,2024,2,24,10.0,1500000.0,33923
8077044,1,1,1,10,2024,1,61,3.0,700000.0,45250
8051648,1,2,1,10,2024,1,42,3.0,1700000.0,30690
8044854,1,6,1,10,2024,2,29,10.0,1300000.0,15676
8046419,1,1,1,10,2024,2,22,8.0,2100000.0,19502
8077507,1,1,1,10,2024,2,55,3.0,1000000.0,46354
8083418,1,2,1,10,2024,2,42,5.0,1300000.0,59023
8082160,1,1,1,10,2024,1,47,8.0,2500000.0,56214
8042357,1,2,1,10,2024,1,21,10.0,2000000.0,9637
8044172,1,1,1,10,2024,2,51,5.0,1400000.0,13815
8044414,1,2,1,10,2024,1,64,6.0,1000000.0,14472
8047932,1,1,1,10,2024,1,53,9.0,1340000.0,22704
8078994,1,5,1,10,2024,2,1,,,49625
8040334,1,5,1,10,2024,1,41,5.0,1000000.0,4979
8048431,1,3,1,10,2024,2,29,11.0,1400000.0,23669
8082437,1,1,1,10,2024,2,67,5.0,150000.0,56711
8079525,1,1,1,10,2024,1,68,4.0,1120000.0,50918
8050057,1,2,1,10,2024,1,53,3.0,960000.0,27021
8075656,1,1,1,10,2024,1,48,5.0,900000.0,41740
8041442,1,1,1,10,2024,2,68,11.0,3100000.0,7575
8038267,1,4,1,10,2024,2,32,11.0,2100000.0,223
8044072,1,1,1,10,2024,2,68,3.0,280000.0,13587
8043321,1,2,1,10,2024,1,65,3.0,1100000.0,11671
8046606,1,5,1,10,2024,1,18,4.0,800000.0,20032
8045455,1,3,1,10,2024,2,45,3.0,950000.0,17322
8054021,1,1,1,10,2024,2,28,9.0,1300000.0,36331
8046081,1,2,1,10,2024,2,34,11.0,10000000.0,18671
8045064,1,1,1,10,2024,1,36,8.0,2200000.0,16235
8043756,1,1,1,10,2024,1,27,5.0,1400000.0,12816
8043782,1,2,1,10,2024,2,38,8.0,1300000.0,12889
8080330,1,2,1,10,2024,2,33,6.0,1300000.0,52873
8084728,1,2,1,10,2024,1,56,1.0,1462000.0,61768
8044547,1,1,1,10,2024,1,26,13.0,4865000.0,14860
8079033,1,2,1,10,2024,2,66,3.0,1100000.0,49721
8082527,1,1,1,10,2024,1,29,10.0,3300000.0,56912
8046004,1,1,1,10,2024,1,83,1.0,400000.0,18470
8045725,1,1,1,10,2024,2,47,10.0,4700000.0,18025
8043593,1,3,1,10,2024,1,36,5.0,2000000.0,12394
8084659,1,2,1,10,2024,2,38,5.0,300000.0,61630
8081547,1,2,1,10,2024,1,47,3.0,1000000.0,55395
8052037,1,1,1,10,2024,2,36,10.0,5000000.0,31680
8040674,1,1,1,10,2024,1,35,11.0,4550000.0,5749
8049721,1,1,1,10,2024,1,59,3.0,1000000.0,26177
8083559,1,1,1,10,2024,2,61,10.0,500000.0,59304
8081319,1,1,1,10,2024,2,72,3.0,1200000.0,54867
8049377,1,2,1,10,2024,2,23,5.0,750000.0,25474
8054166,1,2,1,10,2024,2,29,5.0,700000.0,36635
8049379,1,2,1,10,2024,2,56,8.0,110000.0,25477
8050319,1,2,1,10,2024,1,24,3.0,150000.0,27601
8054842,1,1,1,10,2024,1,41,4.0,1300000.0,38177
8080224,1,1,1,10,2024,1,51,5.0,800000.0,52617
8084193,1,3,1,10,2024,1,29,5.0,400000.0,60675
8038542,1,4,1,10,2024,1,23,6.0,1500000.0,882
8050050,1,3,1,10,2024,1,26,7.0,300000.0,27001
8042238,1,1,1,10,2024,2,58,5.0,1000000.0,9396
8041262,1,1,1,10,2024,1,36,6.0,3500000.0,7193
8054428,1,2,1,10,2024,2,32,4.0,1300000.0,37245
8046143,1,1,1,10,2024,1,64,3.0,1300000.0,18804
8049990,1,1,1,10,2024,1,37,9.0,2300000.0,26835
8084883,1,1,1,10,2024,1,24,5.0,1500000.0,62118
8076032,1,4,1,10,2024,2,21,5.0,300000.0,42807
8043764,1,1,1,10,2024,1,46,3.0,1500000.0,12838
8048910,1,2,1,10,2024,1,50,3.0,900000.0,24571
8046193,1,1,1,10,2024,1,59,6.0,5000000.0,18935
8055770,1,1,1,10,2024,2,63,3.0,200000.0,39925
8055784,1,5,1,10,2024,1,53,1.0,400000.0,39962
8086545,1,3,1,10,2024,1,23,5.0,1695000.0,63938
8038985,1,1,1,10,2024,1,35,5.0,1300000.0,1975
8044497,1,2,1,10,2024,2,52,5.0,1300000.0,14698
8046112,1,4,1,10,2024,2,31,10.0,1600000.0,18738
8050894,1,1,1,10,2024,1,63,3.0,2000000.0,29118
8050429,1,3,1,10,2024,1,20,5.0,1800000.0,27907
8050285,1,1,1,10,2024,1,49,8.0,2500000.0,27544
8041263,1,1,1,10,2024,1,27,8.0,1300000.0,7194
8046732,1,1,1,10,2024,2,48,11.0,4400000.0,20319
8038526,1,1,1,10,2024,1,50,3.0,1450000.0,834
8079388,1,1,1,10,2024,2,60,10.0,3000000.0,50617
8042065,1,2,1,10,2024,2,28,10.0,2000000.0,8932
8084759,1,1,1,10,2024,1,52,5.0,1800000.0,61857
8076788,1,1,1,10,2024,1,60,10.0,5000000.0,44699
8079148,1,1,1,10,2024,2,39,5.0,500000.0,49956
8038544,1,1,1,10,2024,1,31,5.0,22900000.0,883
8052989,1,3,1,10,2024,2,29,8.0,160000.0,34140
8038836,1,1,1,10,2024,1,37,11.0,10000000.0,1607
8082344,1,2,1,10,2024,2,60,10.0,5000000.0,56526
8083222,1,1,1,10,2024,1,47,5.0,960000.0,58590
8077927,1,4,1,10,2024,2,56,1.0,340000.0,47241
8050656,1,2,1,10,2024,2,35,10.0,4400000.0,28532
8086042,1,1,1,10,2024,1,61,8.0,10000000.0,63222
8078301,1,1,1,10,2024,2,40,3.0,200000.0,48116
8047867,1,2,1,10,2024,1,24,5.0,1100000.0,22579
8083825,1,3,1,10,2024,1,29,5.0,1700000.0,59823
8056058,2,1,2,10,2024,2,52,3.0,500000.0,40508
8053623,1,1,1,10,2024,2,27,10.0,1320000.0,35557
8048332,1,3,1,10,2024,1,36,5.0,1300000.0,23524
8053719,1,2,1,10,2024,2,51,3.0,1500000.0,35796
8041222,1,1,1,10,2024,1,64,10.0,3000000.0,7106
8083193,1,1,1,10,2024,1,73,3.0,800000.0,58498
8079556,1,1,1,10,2024,2,34,9.0,2000000.0,50978
8081511,1,1,1,10,2024,1,61,11.0,4000000.0,55326
8041473,1,2,1,10,2024,1,63,3.0,700000.0,7650
8044736,1,3,1,10,2024,2,36,5.0,800000.0,15358
8086589,1,1,1,10,2024,2,51,3.0,400000.0,64071
8052013,1,1,1,10,2024,2,70,3.0,1300000.0,31622
8043786,1,2,1,10,2024,2,38,4.0,600000.0,12903
8081747,1,1,1,10,2024,2,27,10.0,1200000.0,55682
8049135,1,3,1,10,2024,1,33,8.0,1600000.0,24982
8084198,1,1,1,10,2024,1,49,3.0,800000.0,60682
8040576,1,3,1,10,2024,2,20,10.0,1800000.0,5569
8050525,1,1,1,10,2024,2,56,4.0,850000.0,28205
8052905,1,1,1,10,2024,1,51,3.0,480000.0,33877
8078818,1,1,1,10,2024,1,62,3.0,935000.0,49219
8055583,1,2,1,10,2024,2,36,5.0,800000.0,39581
8078124,1,1,1,10,2024,1,58,3.0,0.0,47682
8079420,1,3,1,10,2024,1,23,3.0,500000.0,50698
8080116,1,1,1,10,2024,1,48,4.0,800000.0,52318
8077737,1,2,1,10,2024,2,24,9.0,800000.0,46854
8056058,2,2,2,10,2024,2,31,5.0,360000.0,40509
8038840,1,3,1,10,2024,1,27,11.0,3500000.0,1616
8056384,1,2,1,10,2024,1,43,5.0,1600000.0,41223
8038366,1,3,1,10,2024,1,45,12.0,5200000.0,484
8077071,1,3,1,10,2024,1,20,4.0,600000.0,45332
8075657,1,1,1,10,2024,1,58,3.0,1500000.0,41741
8077226,1,1,1,10,2024,1,32,3.0,1400000.0,45765
8050840,1,1,1,10,2024,1,69,4.0,350000.0,28976
8042225,1,1,1,10,2024,1,41,10.0,5000000.0,9364
8053693,1,2,1,10,2024,1,25,10.0,1300000.0,35718
8046929,1,1,1,10,2024,1,60,9.0,1000000.0,20757
8048150,1,2,1,10,2024,1,38,10.0,1600000.0,23187
8043193,1,1,1,10,2024,2,72,5.0,100000.0,11374
8082877,1,1,1,10,2024,2,43,10.0,3000000.0,57811
8043884,1,3,1,10,2024,1,25,10.0,3200000.0,13138
8081241,1,3,1,10,2024,2,25,10.0,2000000.0,54663
8083232,1,1,1,10,2024,1,38,5.0,2600000.0,58620
8055147,1,3,1,10,2024,2,20,8.0,1600000.0,38803
8079925,1,3,1,10,2024,2,25,12.0,2000000.0,51934
8041513,1,3,1,10,2024,2,38,5.0,650000.0,7740
8055695,1,4,1,10,2024,2,21,10.0,1300000.0,39846
8042706,1,1,1,10,2024,2,34,5.0,1200000.0,10363
8046614,1,1,1,10,2024,2,26,10.0,30700000.0,20042
8078006,1,1,1,10,2024,1,30,4.0,1200000.0,47444
8038309,2,2,2,10,2024,2,35,10.0,4800000.0,331
8086854,1,2,1,10,2024,1,77,3.0,20000.0,64582
8052864,1,2,1,10,2024,2,49,5.0,1300000.0,33787
8046827,1,3,1,10,2024,1,25,5.0,1300000.0,20539
8086008,1,2,1,10,2024,1,42,11.0,4200000.0,63191
8040921,1,2,1,10,2024,2,27,5.0,200000.0,6362
8041879,1,2,1,10,2024,2,30,8.0,1500000.0,8507
8081246,1,3,1,10,2024,2,30,5.0,1300000.0,54681
8083535,1,5,1,10,2024,1,60,4.0,900000.0,59260
8050321,1,2,1,10,2024,2,54,3.0,750000.0,27607
8049659,1,3,1,10,2024,1,16,3.0,900000.0,26009
8052563,1,1,1,10,2024,1,28,5.0,1300000.0,33102
8053192,1,2,1,10,2024,1,57,5.0,4000000.0,34578
8078224,1,1,1,10,2024,1,30,4.0,800000.0,47925
8043695,1,3,1,10,2024,1,20,4.0,200000.0,12648
8042123,1,13,1,10,2024,2,20,8.0,520000.0,9101
8084506,1,2,1,10,2024,2,44,5.0,1615000.0,61330
8046076,1,1,1,10,2024,1,39,5.0,1300000.0,18657
8084383,1,1,1,10,2024,1,33,11.0,21000000.0,61095
8078156,1,1,1,10,2024,1,21,5.0,800000.0,47753
8047387,1,2,1,10,2024,2,27,8.0,180000.0,21564
8049141,1,3,1,10,2024,1,25,5.0,1200000.0,24999
8048365,1,2,1,10,2024,1,31,3.0,1300000.0,23571
8052729,1,1,1,10,2024,1,70,4.0,590000.0,33453
8052492,1,1,1,10,2024,1,24,3.0,1000000.0,32918
8081500,1,1,1,10,2024,1,35,5.0,1600000.0,55293
8039264,1,1,1,10,2024,1,44,10.0,3600000.0,2722
8054200,1,1,1,10,2024,2,44,3.0,500000.0,36726
8046503,1,2,1,10,2024,1,70,3.0,1000000.0,19698
8050872,1,3,1,10,2024,2,17,5.0,1300000.0,29059
8045025,1,1,1,10,2024,2,46,5.0,640000.0,16144
8078298,1,2,1,10,2024,1,30,3.0,400000.0,48109
8086599,1,2,1,10,2024,2,46,4.0,1460000.0,64106
8043942,1,3,1,10,2024,1,30,5.0,800000.0,13273
8051684,1,1,1,10,2024,2,36,10.0,1300000.0,30764
8078529,1,1,1,10,2024,1,43,11.0,0.0,48605
8056044,1,2,1,10,2024,2,71,3.0,100000.0,40481
8046443,1,1,1,10,2024,1,58,10.0,2000000.0,19554
8042852,1,2,1,10,2024,2,60,4.0,600000.0,10700
8079518,1,1,1,10,2024,1,39,10.0,2000000.0,50905
8084158,1,1,1,10,2024,1,44,8.0,1050000.0,60560
8045039,1,1,1,10,2024,1,54,5.0,1300000.0,16173
8039803,1,2,1,10,2024,2,34,10.0,3000000.0,3753
8055877,1,1,1,10,2024,2,50,3.0,1300000.0,40193
8043664,1,1,1,10,2024,1,32,5.0,3000000.0,12579
8040107,1,1,1,10,2024,2,47,5.0,1000000.0,4388
8042460,1,1,1,10,2024,2,53,3.0,1700000.0,9857
8044900,1,1,1,10,2024,1,59,10.0,5000000.0,15794
8080200,1,1,1,10,2024,2,63,5.0,1800000.0,52545
8077875,1,1,1,10,2024,1,36,3.0,1000000.0,47130
8044509,1,1,1,10,2024,1,42,5.0,800000.0,14735
8048827,1,2,1,10,2024,2,43,4.0,240000.0,24377
8077751,1,1,1,10,2024,2,23,10.0,1300000.0,46881
8039233,1,1,1,10,2024,2,51,10.0,465000.0,2653
8079130,1,1,1,10,2024,1,40,3.0,1200000.0,49922
8040716,1,2,1,10,2024,1,36,6.0,1800000.0,5846
8043101,1,1,1,10,2024,1,43,3.0,6720000.0,11150
8047320,1,1,1,10,2024,1,35,10.0,1600000.0,21422
8083699,1,1,1,10,2024,2,55,5.0,400000.0,59575
8077620,1,1,1,10,2024,1,81,1.0,1200000.0,46606
8084436,1,2,1,10,2024,1,49,1.0,900000.0,61206
8044079,1,3,1,10,2024,1,25,5.0,1000000.0,13613
8047564,1,4,1,10,2024,2,41,5.0,1030000.0,21859
8048972,1,2,1,10,2024,1,25,5.0,1300000.0,24698
8042165,1,3,1,10,2024,2,27,11.0,2700000.0,9215
8041513,1,2,1,10,2024,2,44,5.0,450000.0,7739
8046022,1,1,1,10,2024,2,69,3.0,200000.0,18518
8086677,1,1,1,10,2024,1,26,11.0,3500000.0,64306
8047184,1,2,1,10,2024,2,65,11.0,6200000.0,21132
8042167,1,1,1,10,2024,2,31,10.0,4000000.0,9217
8055399,1,1,1,10,2024,1,63,4.0,1200000.0,39334
8042448,1,4,1,10,2024,2,20,8.0,1800000.0,9841
8079172,1,2,1,10,2024,1,49,5.0,500000.0,50034
8053188,1,1,1,10,2024,1,64,5.0,2000000.0,34567
8043402,1,2,1,10,2024,2,34,10.0,1300000.0,11877
8086540,1,4,1,10,2024,1,51,12.0,3500000.0,63924
8048517,1,2,1,10,2024,2,19,10.0,1300000.0,23833
8056228,1,1,1,10,2024,2,41,4.0,500000.0,40865
8077446,1,1,1,10,2024,1,63,3.0,1200000.0,46263
8078492,1,4,1,10,2024,1,21,10.0,150000.0,48533
8051671,1,1,1,10,2024,2,51,11.0,6000000.0,30742
8051277,1,2,1,10,2024,1,19,8.0,1300000.0,29745
8084284,1,4,1,10,2024,1,32,10.0,3500000.0,60889
8083592,1,2,1,10,2024,1,25,10.0,1800000.0,59379
8048065,1,3,1,10,2024,1,31,8.0,1300000.0,22964
8076953,1,1,1,10,2024,2,29,8.0,1300000.0,45031
8049987,1,1,1,10,2024,2,30,10.0,800000.0,26829
8053164,1,1,1,10,2024,1,51,5.0,1500000.0,34516
8079441,1,1,1,10,2024,1,44,9.0,1500000.0,50756
8041264,1,1,1,10,2024,2,39,5.0,900000.0,7195
8078272,1,1,1,10,2024,1,60,3.0,500000.0,48039
8043064,1,1,1,10,2024,1,45,3.0,800000.0,11060
8039798,1,1,1,10,2024,2,47,3.0,750000.0,3742
8048112,1,1,1,10,2024,2,45,1.0,40000.0,23065
8052265,1,1,1,10,2024,1,34,8.0,1570000.0,32284
8050895,1,1,1,10,2024,1,37,10.0,5800000.0,29122
8048653,1,1,1,10,2024,2,43,8.0,2800000.0,24052
8086281,1,1,1,10,2024,1,40,5.0,700000.0,63393
8053187,1,3,1,10,2024,1,35,5.0,1733000.0,34565
8084897,1,1,1,10,2024,1,25,6.0,1500000.0,62155
8039390,1,2,1,10,2024,1,69,3.0,900000.0,2957
8043983,1,3,1,10,2024,1,23,3.0,1300000.0,13385
8043108,1,1,1,10,2024,2,69,3.0,290000.0,11164
8083082,1,1,1,10,2024,2,77,3.0,600000.0,58286
8083997,1,1,1,10,2024,2,38,5.0,670000.0,60188
8052243,1,2,1,10,2024,2,27,9.0,600000.0,32216
8043948,1,1,1,10,2024,1,34,9.0,1100000.0,13297
8076759,1,1,1,10,2024,1,53,10.0,1000000.0,44626
8042087,1,2,1,10,2024,2,42,8.0,1500000.0,8993
8051400,1,3,1,10,2024,1,23,8.0,200000.0,30098
8083802,1,1,1,10,2024,2,51,3.0,420000.0,59774
8048258,1,1,1,10,2024,2,61,3.0,1000000.0,23387
8052677,1,3,1,10,2024,1,22,4.0,600000.0,33374
8043849,1,1,1,10,2024,1,60,8.0,1400000.0,13040
8050569,1,2,1,10,2024,2,55,5.0,1600000.0,28338
8056241,1,3,1,10,2024,1,36,4.0,1300000.0,40899
8047878,1,1,1,10,2024,2,20,5.0,800000.0,22609
8078936,1,2,1,10,2024,1,47,10.0,600000.0,49490
8042977,1,1,1,10,2024,2,56,5.0,1300000.0,10872
8054423,1,4,1,10,2024,1,23,5.0,1300000.0,37230
8056378,1,1,1,10,2024,1,29,8.0,3000000.0,41205
8084712,1,1,1,10,2024,1,68,4.0,2500000.0,61733
8039986,1,1,1,10,2024,2,45,5.0,2500000.0,4119
8044574,1,2,1,10,2024,1,39,8.0,1100000.0,14932
8049143,1,1,1,10,2024,2,40,5.0,1300000.0,25003
8080549,1,1,1,10,2024,2,58,4.0,720000.0,53296
8076845,1,1,1,10,2024,1,31,9.0,2000000.0,44817
8051594,1,2,1,10,2024,1,25,5.0,1300000.0,30552
8051546,1,2,1,10,2024,1,29,5.0,1472000.0,30454
8082875,1,2,1,10,2024,2,44,9.0,3000000.0,57807
8081077,1,2,1,10,2024,2,53,4.0,680000.0,54363
8080788,1,1,1,10,2024,2,27,10.0,300000.0,53756
8055506,1,3,1,10,2024,1,35,5.0,1300000.0,39469
8086118,1,2,1,10,2024,2,47,10.0,4450000.0,63315
8044917,1,2,1,10,2024,1,48,5.0,1600000.0,15840
8042834,1,3,1,10,2024,2,25,5.0,1300000.0,10644
8075900,1,2,1,10,2024,2,39,3.0,300000.0,42376
8081515,1,1,1,10,2024,2,30,9.0,650000.0,55338
8051380,1,3,1,10,2024,2,41,9.0,1300000.0,30040
8039683,1,1,1,10,2024,2,27,6.0,2100000.0,3511
8047189,1,1,1,10,2024,2,35,5.0,500000.0,21147
8041904,1,3,1,10,2024,1,23,5.0,1300000.0,8564
8050982,1,1,1,10,2024,2,41,8.0,1300000.0,29381
8048672,1,2,1,10,2024,2,44,10.0,1950000.0,24084
8086641,1,2,1,10,2024,2,27,10.0,1300000.0,64198
8086483,1,1,1,10,2024,1,55,3.0,1000000.0,63781
8044589,1,1,1,10,2024,2,29,8.0,1000000.0,14974
8055049,1,1,1,10,2024,1,42,5.0,1300000.0,38672
8085891,1,1,1,10,2024,1,48,3.0,2000000.0,63004
8052120,1,1,1,10,2024,1,71,3.0,720000.0,31903
8046031,1,1,1,10,2024,2,71,1.0,200000.0,18537
8084209,1,1,1,10,2024,2,46,5.0,400000.0,60717
8045969,1,1,1,10,2024,2,25,5.0,200000.0,18378
8052138,1,2,1,10,2024,1,26,5.0,1300000.0,31951
8079892,1,2,1,10,2024,1,61,5.0,1700000.0,51869
8079982,1,1,1,10,2024,2,51,10.0,1300000.0,52015
8078369,1,1,1,10,2024,1,79,3.0,625000.0,48277
8079269,1,1,1,10,2024,1,72,4.0,500000.0,50334
8078791,1,1,1,10,2024,1,72,4.0,1700000.0,49169
8053425,1,1,1,10,2024,2,29,10.0,3200000.0,35156
8039182,1,2,1,10,2024,1,30,5.0,1300000.0,2524
8077637,1,1,1,10,2024,2,49,5.0,1300000.0,46636
8039937,1,2,1,10,2024,2,33,4.0,1080000.0,4042
8049417,1,1,1,10,2024,1,28,10.0,2423000.0,25524
8076198,1,1,1,10,2024,1,40,10.0,690000.0,43297
8040457,1,1,1,10,2024,2,28,4.0,700000.0,5274
8039710,1,1,1,10,2024,1,25,10.0,1300000.0,3559
8049555,1,1,1,10,2024,2,46,5.0,250000.0,25747
8077359,1,1,1,10,2024,1,25,4.0,1620000.0,46082
8048595,1,2,1,10,2024,1,26,1.0,600000.0,23973
8040690,1,6,1,10,2024,2,21,8.0,800000.0,5797
8045685,1,1,1,10,2024,1,74,5.0,1200000.0,17926
8076968,1,1,1,10,2024,2,72,3.0,560000.0,45061
8046508,1,1,1,10,2024,1,52,3.0,350000.0,19714
8052216,1,1,1,10,2024,1,55,3.0,0.0,32127
8077627,1,1,1,10,2024,2,62,3.0,900000.0,46625
8042248,1,2,1,10,2024,2,45,5.0,600000.0,9419
8085006,1,1,1,10,2024,1,21,5.0,1200000.0,62418
8077454,1,2,1,10,2024,2,34,10.0,5000000.0,46282
8043383,1,1,1,10,2024,1,60,5.0,1800000.0,11833
8038853,1,3,1,10,2024,1,29,10.0,1500000.0,1646
8053426,1,2,1,10,2024,2,55,10.0,10000000.0,35158
8080336,1,1,1,10,2024,2,27,10.0,1300000.0,52888
8041746,1,1,1,10,2024,2,29,10.0,2000000.0,8232
8038305,1,1,1,10,2024,1,27,10.0,4500000.0,320
8076394,1,1,1,10,2024,1,39,3.0,1300000.0,43756
8055230,1,1,1,10,2024,1,57,4.0,500000.0,39026
8044268,1,1,1,10,2024,1,39,11.0,3900000.0,14051
8048466,1,6,1,10,2024,2,44,3.0,1000000.0,23736
8046824,1,1,1,10,2024,1,29,10.0,1300000.0,20529
8077139,1,1,1,10,2024,1,56,4.0,320000.0,45539
8052540,1,1,1,10,2024,1,36,3.0,900000.0,33041
8038266,1,1,1,10,2024,1,48,3.0,1800000.0,216
8046727,1,3,1,10,2024,1,26,5.0,2000000.0,20299
8075729,1,2,1,10,2024,1,35,4.0,800000.0,41923
8086207,1,1,1,10,2024,1,61,9.0,3000000.0,63337
8056227,1,3,1,10,2024,1,37,5.0,1500000.0,40863
8051294,1,1,1,10,2024,1,36,9.0,1600000.0,29788
8052001,1,2,1,10,2024,1,21,4.0,1500000.0,31596
8046735,1,1,1,10,2024,2,75,3.0,400000.0,20320
8076563,1,2,1,10,2024,1,63,1.0,1400000.0,44158
8051528,1,1,1,10,2024,1,61,9.0,3000000.0,30417
8047036,1,3,1,10,2024,2,36,5.0,300000.0,20872
8038438,1,1,1,10,2024,1,65,10.0,1200000.0,659
8043114,1,2,1,10,2024,1,26,5.0,60000.0,11179
8085728,1,4,1,10,2024,2,12,4.0,,62726
8054430,1,5,1,10,2024,2,43,8.0,1300000.0,37261
8079378,1,1,1,10,2024,2,54,3.0,600000.0,50602
8083134,1,4,1,10,2024,1,74,3.0,300000.0,58411
8077547,1,2,1,10,2024,1,30,4.0,1650000.0,46447
8053012,1,2,1,10,2024,1,22,3.0,120000.0,34210
8086666,1,1,1,10,2024,1,54,3.0,700000.0,64283
8056246,2,1,2,10,2024,1,32,3.0,700000.0,40912
8039680,1,1,1,10,2024,2,32,10.0,400000.0,3503
8076496,1,1,1,10,2024,1,46,3.0,920000.0,44011
8084694,1,1,1,10,2024,1,38,8.0,2200000.0,61702
8079174,1,1,1,10,2024,2,41,5.0,1300000.0,50041
8081502,1,2,1,10,2024,2,32,3.0,1300000.0,55302
8082503,1,2,1,10,2024,1,67,3.0,200000.0,56860
8048643,1,2,1,10,2024,1,22,10.0,2500000.0,24043
8051735,1,7,1,10,2024,1,36,4.0,1300000.0,30909
8082649,1,2,1,10,2024,1,44,5.0,1300000.0,57210
8049909,1,1,1,10,2024,1,47,3.0,600000.0,26666
8042714,1,2,1,10,2024,1,63,3.0,500000.0,10383
8076580,1,2,1,10,2024,2,32,5.0,1300000.0,44191
8047554,1,1,1,10,2024,1,47,10.0,1500000.0,21829
8053445,1,1,1,10,2024,2,47,4.0,900000.0,35179
8079534,1,3,1,10,2024,2,31,9.0,1300000.0,50944
8054368,1,1,1,10,2024,1,62,3.0,1500000.0,37098
8044728,1,1,1,10,2024,1,29,5.0,1300000.0,15340
8038908,1,1,1,10,2024,2,36,10.0,3500000.0,1781
8040438,1,1,1,10,2024,1,65,3.0,2200000.0,5219
8039570,1,1,1,10,2024,2,55,5.0,1300000.0,3309
8038938,1,1,1,10,2024,1,58,3.0,1200000.0,1868
8042031,1,2,1,10,2024,2,32,9.0,1300000.0,8925
8076361,1,3,1,10,2024,2,27,5.0,1300000.0,43662
8038424,1,1,1,10,2024,1,34,4.0,10000000.0,635
8040373,1,2,1,10,2024,1,40,8.0,1300000.0,5058
8082488,1,2,1,10,2024,2,35,8.0,1300000.0,56829
8048405,1,2,1,10,2024,2,39,5.0,0.0,23627
8056165,1,2,1,10,2024,1,26,3.0,1000000.0,40737
8050949,1,1,1,10,2024,1,60,3.0,600000.0,29278
8045164,1,2,1,10,2024,1,43,3.0,800000.0,16500
8040860,1,3,1,10,2024,2,40,8.0,1800000.0,6219
8075887,1,2,1,10,2024,1,49,4.0,150000.0,42345
8079531,1,5,1,10,2024,1,32,4.0,600000.0,50938
8077632,1,1,1,10,2024,1,66,5.0,2000000.0,46629
8043428,1,1,1,10,2024,2,60,5.0,100000.0,11946
8038288,1,2,1,10,2024,2,47,5.0,1300000.0,276
8052258,1,1,1,10,2024,1,58,1.0,1420000.0,32267
8075975,1,2,1,10,2024,1,26,5.0,3000000.0,42633
8053855,1,3,1,10,2024,1,20,10.0,720000.0,36023
8053833,1,1,1,10,2024,2,38,5.0,1500000.0,35975
8086582,1,2,1,10,2024,2,63,9.0,2500000.0,64050
8052723,1,2,1,10,2024,1,71,1.0,1790000.0,33442
8048166,1,1,1,10,2024,2,51,11.0,8000000.0,23221
8056401,1,1,1,10,2024,1,45,3.0,1000000.0,41264
8042169,1,3,1,10,2024,1,23,8.0,500000.0,9224
8049802,1,1,1,10,2024,1,19,5.0,900000.0,26404
8083812,1,1,1,10,2024,1,55,10.0,3000000.0,59791
8077259,1,2,1,10,2024,1,45,4.0,575000.0,45865
8044149,1,1,1,10,2024,2,37,8.0,1600000.0,13762
8047213,1,1,1,10,2024,1,50,4.0,1300000.0,21207
8041614,1,1,1,10,2024,1,47,8.0,1400000.0,7973
8056319,1,1,1,10,2024,1,43,5.0,1300000.0,41061
8055679,1,2,1,10,2024,1,52,3.0,1600000.0,39789
8043068,1,1,1,10,2024,1,44,3.0,600000.0,11070
8046670,1,1,1,10,2024,2,51,5.0,800000.0,20165
8039040,1,1,1,10,2024,1,48,4.0,700000.0,2121
8079595,1,1,1,10,2024,1,26,5.0,3000000.0,51038
8044806,1,1,1,10,2024,1,55,5.0,1000000.0,15519
8047820,1,2,1,10,2024,1,26,5.0,1300000.0,22450
8086106,1,1,1,10,2024,1,32,10.0,2700000.0,63283
8080245,1,2,1,10,2024,2,39,5.0,1190000.0,52665
8048267,1,1,1,10,2024,1,53,5.0,1050000.0,23396
8053049,1,1,1,10,2024,2,36,11.0,2500000.0,34311
8050626,1,1,1,10,2024,2,53,3.0,2000000.0,28460
8052185,1,1,1,10,2024,1,80,3.0,700000.0,32047
8053802,1,1,1,10,2024,2,57,5.0,500000.0,35908
8048517,1,4,1,10,2024,2,48,6.0,1300000.0,23835
8046358,1,1,1,10,2024,1,58,3.0,60000.0,19368
8043954,1,1,1,10,2024,2,39,8.0,250000.0,13311
8077536,1,3,1,10,2024,1,31,8.0,1300000.0,46423
8080803,1,1,1,10,2024,1,61,4.0,200000.0,53788
8078345,1,1,1,10,2024,1,58,3.0,1260000.0,48230
8040907,1,1,1,10,2024,1,46,3.0,900000.0,6326
8040446,1,1,1,10,2024,1,49,5.0,1300000.0,5245
8038817,1,3,1,10,2024,1,38,5.0,1300000.0,1563
8051589,1,1,1,10,2024,1,50,5.0,1300000.0,30538
8079909,1,1,1,10,2024,2,42,6.0,1300000.0,51909
8079802,1,2,1,10,2024,2,46,13.0,5600000.0,51593
8049860,1,1,1,10,2024,1,51,3.0,1900000.0,26530
8043565,1,1,1,10,2024,1,72,9.0,7000000.0,12318
8045943,1,3,1,10,2024,1,22,5.0,700000.0,18296
8048706,1,1,1,10,2024,2,45,10.0,2000000.0,24155
8076946,1,2,1,10,2024,2,37,5.0,2200000.0,45021
8051937,1,4,1,10,2024,1,21,4.0,1000000.0,31449
8044475,1,3,1,10,2024,1,23,10.0,3000000.0,14643
8044551,1,3,1,10,2024,2,27,4.0,400000.0,14872
8075642,1,2,1,10,2024,1,55,1.0,900000.0,41699
8081341,1,1,1,10,2024,1,56,5.0,800000.0,54899
8078624,1,2,1,10,2024,2,17,5.0,1200000.0,48820
8044825,1,1,1,10,2024,1,30,5.0,1300000.0,15584
8038875,1,1,1,10,2024,1,22,5.0,1300000.0,1699
8049622,1,1,1,10,2024,2,60,3.0,220000.0,25919
8039270,1,2,1,10,2024,2,54,9.0,170000.0,2741
8077918,1,1,1,10,2024,1,57,3.0,1000000.0,47211
8051849,1,2,1,10,2024,2,27,5.0,400000.0,31248
8076115,1,2,1,10,2024,1,51,5.0,2000000.0,43045
8042066,1,4,1,10,2024,2,20,5.0,1300000.0,8937
8041912,1,1,1,10,2024,1,53,5.0,1300000.0,8585
8048007,1,2,1,10,2024,2,31,8.0,1300000.0,22843
8084231,1,1,1,10,2024,2,45,11.0,2000000.0,60757
8083420,1,1,1,10,2024,2,46,3.0,1300000.0,59029
8043140,1,1,1,10,2024,2,53,5.0,1400000.0,11246
8084956,1,4,1,10,2024,1,31,4.0,2000000.0,62277
8043149,1,1,1,10,2024,2,48,10.0,1000000.0,11269
8055754,1,2,1,10,2024,2,47,12.0,3000000.0,39890
8077254,1,2,1,10,2024,2,34,5.0,1300000.0,45852
8081068,1,3,1,10,2024,2,28,10.0,4000000.0,54344
8043377,1,3,1,10,2024,1,22,5.0,1300000.0,11820
8056337,1,1,1,10,2024,2,41,5.0,900000.0,41097
8043309,1,1,1,10,2024,1,52,3.0,800000.0,11640
8054118,1,2,1,10,2024,2,66,3.0,800000.0,36535
8050331,1,2,1,10,2024,2,37,5.0,600000.0,27643
8052961,1,4,1,10,2024,1,56,1.0,250000.0,34040
8046692,1,1,1,10,2024,1,64,11.0,7200000.0,20206
8079156,1,1,1,10,2024,1,72,1.0,260000.0,49986
8041939,1,2,1,10,2024,2,23,4.0,900000.0,8663
8050717,1,2,1,10,2024,2,34,9.0,1450000.0,28659
8045007,1,2,1,10,2024,2,28,10.0,2500000.0,16090
8055406,1,2,1,10,2024,2,60,5.0,1300000.0,39344
8054458,1,2,1,10,2024,2,50,4.0,850000.0,37331
8039317,1,3,1,10,2024,1,22,10.0,1300000.0,2868
8080490,1,3,1,10,2024,1,21,8.0,1300000.0,53185
8044136,1,2,1,10,2024,1,45,8.0,1800000.0,13724
8052529,1,1,1,10,2024,1,24,5.0,1300000.0,33016
8049806,1,3,1,10,2024,2,24,10.0,1300000.0,26414
8047516,1,1,1,10,2024,1,51,5.0,1000000.0,21750
8080391,1,2,1,10,2024,2,38,13.0,15500000.0,53045
8084605,1,1,1,10,2024,2,45,5.0,1000000.0,61507
8081622,1,1,1,10,2024,2,55,4.0,1300000.0,55488
8049013,1,1,1,10,2024,2,49,1.0,1080000.0,24762
8082635,1,1,1,10,2024,1,22,5.0,1000000.0,57162
8042239,1,2,1,10,2024,2,59,9.0,350000.0,9399
8040837,1,2,1,10,2024,1,63,3.0,1500000.0,6133
8043281,1,2,1,10,2024,1,30,5.0,750000.0,11565
8048438,1,2,1,10,2024,1,18,9.0,1300000.0,23684
8049893,1,2,1,10,2024,1,18,10.0,350000.0,26624
8055291,1,2,1,10,2024,1,39,8.0,1300000.0,39104
8050853,1,1,1,10,2024,1,41,8.0,1300000.0,29014
8083072,1,1,1,10,2024,2,44,5.0,100000.0,58258
8052060,1,1,1,10,2024,2,63,3.0,500000.0,31729
8079383,1,1,1,10,2024,2,40,1.0,200000.0,50609
8047776,1,5,1,10,2024,2,77,1.0,210000.0,22354
8046849,1,1,1,10,2024,2,57,4.0,400000.0,20567
8042995,1,3,1,10,2024,1,48,3.0,800000.0,10903
8040850,1,2,1,10,2024,1,30,4.0,1000000.0,6181
8048492,1,3,1,10,2024,2,37,6.0,400000.0,23788
8083817,1,1,1,10,2024,1,56,3.0,1300000.0,59808
8080950,1,1,1,10,2024,1,60,12.0,6600000.0,54089
8053311,1,3,1,10,2024,1,23,8.0,360000.0,34858
8050964,1,1,1,10,2024,2,61,4.0,200000.0,29331
8052747,1,1,1,10,2024,2,58,3.0,150000.0,33497
8079115,1,1,1,10,2024,1,65,3.0,1000000.0,49886
8055859,1,2,1,10,2024,2,40,11.0,2500000.0,40137
8083646,1,1,1,10,2024,2,26,8.0,480000.0,59476
8051278,1,1,1,10,2024,1,33,5.0,600000.0,29746
8042724,1,1,1,10,2024,2,19,5.0,1200000.0,10421
8048460,1,1,1,10,2024,1,49,9.0,1300000.0,23720
8083355,1,1,1,10,2024,2,54,12.0,6570740.0,58915
8049878,1,1,1,10,2024,2,44,3.0,400000.0,26586
8051559,1,1,1,10,2024,1,61,9.0,3000000.0,30479
8038811,1,2,1,10,2024,1,66,12.0,5000000.0,1542
8052753,1,1,1,10,2024,1,43,1.0,475000.0,33509
8055161,1,1,1,10,2024,1,50,4.0,800000.0,38848
8052963,1,1,1,10,2024,2,27,5.0,700000.0,34047
8086031,1,2,1,10,2024,1,25,5.0,1200000.0,63204
8039993,1,2,1,10,2024,1,28,8.0,1460000.0,4136
8080340,1,2,1,10,2024,2,25,10.0,1500000.0,52902
8041689,1,1,1,10,2024,1,60,8.0,6500000.0,8144
8041875,1,1,1,10,2024,2,49,10.0,1300000.0,8496
8075695,1,1,1,10,2024,1,50,4.0,1650000.0,41838
8045452,1,2,1,10,2024,1,47,6.0,1500000.0,17307
8039492,1,1,1,10,2024,1,28,5.0,1300000.0,3157
8077096,1,3,1,10,2024,1,20,5.0,1000000.0,45419
8049418,1,1,1,10,2024,1,46,3.0,1300000.0,25525
8041353,1,3,1,10,2024,1,40,5.0,1300000.0,7333
8079294,1,1,1,10,2024,1,32,4.0,1200000.0,50415
8056354,1,1,1,10,2024,2,51,11.0,3500000.0,41141
8077064,1,1,1,10,2024,1,22,3.0,800000.0,45313
8048530,1,3,1,10,2024,2,28,5.0,1300000.0,23872
8082915,1,4,1,10,2024,2,35,11.0,4800000.0,57906
8041062,1,2,1,10,2024,2,30,10.0,2000000.0,6704
8084070,1,6,1,10,2024,1,56,3.0,900000.0,60431
8040083,1,1,1,10,2024,1,57,5.0,1300000.0,4323
8084961,1,1,1,10,2024,1,34,5.0,1400000.0,62295
8050137,1,1,1,10,2024,2,39,8.0,640000.0,27182
8079809,1,1,1,10,2024,1,26,8.0,750000.0,51613
8084088,1,2,1,10,2024,2,18,5.0,800000.0,60470
8080783,1,1,1,10,2024,1,70,10.0,3600000.0,53744
8080030,1,2,1,10,2024,2,49,10.0,1500000.0,52100
8081521,1,1,1,10,2024,2,41,5.0,1300000.0,55347
8053385,1,3,1,10,2024,1,39,5.0,1465000.0,35073
8086520,1,2,1,10,2024,2,35,10.0,3000000.0,63873
8084602,1,3,1,10,2024,2,35,5.0,1500000.0,61503
8040233,1,4,1,10,2024,2,50,5.0,1500000.0,4746
8086565,1,2,1,10,2024,2,24,4.0,1600000.0,63996
8046461,1,1,1,10,2024,2,31,4.0,600000.0,19596
8052951,1,2,1,10,2024,2,31,10.0,200000.0,34009
8048245,1,1,1,10,2024,2,36,4.0,0.0,23355
8042360,1,1,1,10,2024,2,42,5.0,1800000.0,9641
8077890,1,1,1,10,2024,2,33,5.0,1300000.0,47152
8077027,1,1,1,10,2024,2,47,13.0,6800000.0,45198
8086107,1,1,1,10,2024,1,38,10.0,1500000.0,63284
8048109,1,2,1,10,2024,2,39,5.0,1150000.0,23058
8085878,1,4,1,10,2024,1,37,3.0,1300000.0,62984
8044689,1,3,1,10,2024,1,19,10.0,2400000.0,15241
8079403,1,1,1,10,2024,2,42,5.0,300000.0,50650
8046398,1,3,1,10,2024,2,25,10.0,2500000.0,19459
8080550,1,2,1,10,2024,2,53,3.0,1300000.0,53299
8077235,1,2,1,10,2024,1,19,5.0,708000.0,45792
8050962,1,2,1,10,2024,2,51,10.0,5000000.0,29326
8082994,1,4,1,10,2024,1,25,5.0,350000.0,58061
8079151,1,3,1,10,2024,2,39,10.0,200000.0,49968
8048102,1,1,1,10,2024,1,41,5.0,1300000.0,23055
8055694,1,1,1,10,2024,2,45,8.0,1300000.0,39839
8084933,1,1,1,10,2024,1,42,5.0,2000000.0,62232
8077795,1,1,1,10,2024,1,29,6.0,1600000.0,46981
8076729,1,2,1,10,2024,2,55,10.0,3200000.0,44549
8044413,1,1,1,10,2024,1,57,8.0,2000000.0,14468
8050431,1,1,1,10,2024,1,46,3.0,1300000.0,27913
8050981,1,2,1,10,2024,2,32,10.0,2200000.0,29379
8080395,1,1,1,10,2024,2,33,5.0,700000.0,53058
8043909,1,1,1,10,2024,2,38,10.0,800000.0,13193
8048401,1,2,1,10,2024,1,60,9.0,2400000.0,23616
8086414,1,1,1,10,2024,1,61,9.0,3000000.0,63631
8041556,1,3,1,10,2024,1,34,8.0,1300000.0,7844
8044967,1,1,1,10,2024,2,61,10.0,450000.0,15957
8085878,1,2,1,10,2024,2,67,3.0,1200000.0,62982
8076300,1,2,1,10,2024,2,24,4.0,260000.0,43530
8079089,1,1,1,10,2024,1,38,5.0,900000.0,49832
8042653,1,2,1,10,2024,2,47,12.0,3500000.0,10233
8053469,1,2,1,10,2024,2,20,8.0,1300000.0,35216
8042799,1,1,1,10,2024,1,25,10.0,3000000.0,10583
8078051,1,2,1,10,2024,1,17,5.0,1200000.0,47535
8047023,1,2,1,10,2024,2,40,10.0,5000000.0,20851
8075836,1,1,1,10,2024,1,74,3.0,600000.0,42206
8049420,1,2,1,10,2024,2,28,10.0,4120000.0,25532
8078763,1,2,1,10,2024,2,35,5.0,1400000.0,49115
8053540,1,2,1,10,2024,2,47,5.0,2000000.0,35340
8054087,1,1,1,10,2024,2,34,3.0,900000.0,36471
8055310,1,5,1,10,2024,1,50,3.0,1000000.0,39145
8084895,1,2,1,10,2024,2,40,9.0,3000000.0,62152
8048398,1,1,1,10,2024,1,58,10.0,1000000.0,23604
8054560,1,1,1,10,2024,2,51,10.0,2400000.0,37529
8044336,1,2,1,10,2024,2,34,10.0,10000000.0,14272
8051695,1,1,1,10,2024,1,53,6.0,2400000.0,30800
8080102,1,2,1,10,2024,1,49,3.0,1200000.0,52287
8046167,1,1,1,10,2024,2,46,3.0,500000.0,18859
8082585,1,2,1,10,2024,2,57,3.0,300000.0,57054
8050843,1,1,1,10,2024,2,37,8.0,750000.0,28988
8078476,1,1,1,10,2024,1,55,5.0,2910000.0,48506
8044782,1,2,1,10,2024,1,31,5.0,800000.0,15449
8077214,1,1,1,10,2024,1,40,3.0,1000000.0,45742
8076875,1,1,1,10,2024,1,78,3.0,600000.0,44878
8046458,1,2,1,10,2024,2,20,5.0,1300000.0,19590
8052320,1,1,1,10,2024,1,33,5.0,1300000.0,32446
8046978,1,2,1,10,2024,1,36,12.0,10000000.0,20778
8082365,1,3,1,10,2024,1,33,5.0,2000000.0,56564
8054599,1,1,1,10,2024,2,37,10.0,3000000.0,37583
8046546,1,1,1,10,2024,1,47,6.0,22012000.0,19835
8081074,1,3,1,10,2024,2,25,10.0,1850000.0,54359
8081298,1,2,1,10,2024,2,34,9.0,1300000.0,54821
8053194,1,1,1,10,2024,1,52,4.0,12000000.0,34584
8078995,1,1,1,10,2024,1,69,4.0,500000.0,49626
8055386,1,1,1,10,2024,1,62,3.0,1300000.0,39305
8084590,1,1,1,10,2024,2,39,9.0,2600000.0,61485
8049909,1,3,1,10,2024,1,20,5.0,600000.0,26668
8051242,1,1,1,10,2024,1,53,5.0,1300000.0,29659
8086564,1,2,1,10,2024,2,54,10.0,52000000.0,63993
8050095,1,4,1,10,2024,2,61,3.0,450000.0,27105
8050081,1,3,1,10,2024,2,32,1.0,500000.0,27070
8042474,1,1,1,10,2024,1,50,3.0,1400000.0,9888
8080857,1,1,1,10,2024,1,56,5.0,2650000.0,53896
8040566,1,2,1,10,2024,1,56,5.0,1300000.0,5527
8044927,1,2,1,10,2024,2,54,11.0,2600000.0,15868
8079318,1,2,1,10,2024,1,67,4.0,600000.0,50486
8043828,1,2,1,10,2024,2,64,4.0,470000.0,12995
8044866,1,1,1,10,2024,1,69,5.0,3000000.0,15700
8038467,1,1,1,10,2024,1,47,5.0,1462000.0,701
8042877,1,1,1,10,2024,2,30,8.0,500000.0,10737
8045335,1,3,1,10,2024,1,25,10.0,1500000.0,16972
8085723,1,8,1,10,2024,1,64,3.0,400000.0,62713
8076699,1,2,1,10,2024,1,27,5.0,300000.0,44480
8053365,1,1,1,10,2024,1,45,10.0,3700000.0,35007
8084335,1,4,1,10,2024,2,40,6.0,1300000.0,60992
8049791,1,1,1,10,2024,2,34,3.0,1000000.0,26372
8083771,1,1,1,10,2024,2,52,10.0,1300000.0,59727
8038471,1,1,1,10,2024,1,45,10.0,2400000.0,711
8053303,1,3,1,10,2024,1,39,9.0,2500000.0,34835
8075796,1,6,1,10,2024,1,17,5.0,80000.0,42109
8039623,1,4,1,10,2024,1,44,3.0,800000.0,3389
8050378,1,1,1,10,2024,1,53,10.0,2200000.0,27803
8040919,1,1,1,10,2024,2,31,5.0,1462000.0,6358
8046293,1,3,1,10,2024,1,19,3.0,1050000.0,19201
8051958,1,1,1,10,2024,2,53,3.0,5000000.0,31509
8079804,1,1,1,10,2024,2,59,4.0,320000.0,51598
8046536,1,2,1,10,2024,2,46,3.0,30000.0,19808
8050017,1,1,1,10,2024,1,45,6.0,1300000.0,26904
8053350,1,1,1,10,2024,1,43,5.0,1000000.0,34958
8083769,1,7,1,10,2024,1,26,5.0,1400000.0,59723
8044667,1,3,1,10,2024,1,50,9.0,1300000.0,15181
8051547,1,1,1,10,2024,1,61,9.0,3000000.0,30455
8083834,1,2,1,10,2024,2,46,5.0,1500000.0,59839
8076950,1,1,1,10,2024,2,44,10.0,1300000.0,45028
8055018,1,2,1,10,2024,2,56,3.0,275000.0,38578
8040869,1,3,1,10,2024,2,47,8.0,1300000.0,6250
8053286,1,1,1,10,2024,2,31,5.0,200000.0,34789
8039857,1,1,1,10,2024,1,28,6.0,1300000.0,3846
8084444,1,2,1,10,2024,2,36,3.0,1000000.0,61221
8038501,1,1,1,10,2024,1,46,5.0,2000000.0,771
8079368,1,1,1,10,2024,1,39,5.0,1500000.0,50586
8041185,1,1,1,10,2024,1,24,5.0,2100000.0,7020
8038739,1,1,1,10,2024,1,54,8.0,1500000.0,1361
8049894,1,2,1,10,2024,2,70,3.0,,26626
8045334,1,1,1,10,2024,1,22,10.0,2000000.0,16968
8077398,1,2,1,10,2024,2,36,5.0,1600000.0,46164
8040918,1,1,1,10,2024,1,27,5.0,1462000.0,6355
8086012,1,2,1,10,2024,2,27,10.0,6300000.0,63195
8040916,1,4,1,10,2024,2,20,8.0,1300000.0,6352
8083428,1,2,1,10,2024,2,39,9.0,4000000.0,59049
8050359,1,1,1,10,2024,2,41,5.0,1300000.0,27754
8079741,1,1,1,10,2024,2,54,4.0,1465000.0,51398
8048785,1,2,1,10,2024,2,23,8.0,440000.0,24288
8051998,1,1,1,10,2024,2,67,3.0,700000.0,31589
8084425,1,2,1,10,2024,2,29,5.0,220000.0,61180
8049882,1,1,1,10,2024,1,43,5.0,1650000.0,26598
8086465,1,1,1,10,2024,1,69,3.0,500000.0,63749
8077920,1,1,1,10,2024,2,27,1.0,750000.0,47217
8049667,1,1,1,10,2024,1,39,3.0,300000.0,26026
8046136,1,2,1,10,2024,1,39,3.0,1800000.0,18783
8083763,1,3,1,10,2024,2,24,5.0,1420000.0,59701
8084942,1,1,1,10,2024,1,26,5.0,1200000.0,62251
8086495,1,1,1,10,2024,2,21,8.0,1300000.0,63809
8050041,1,1,1,10,2024,2,47,8.0,1350000.0,26969
8047614,1,3,1,10,2024,1,21,5.0,1300000.0,21985
8048685,1,2,1,10,2024,1,44,5.0,1300000.0,24125
8038356,1,4,1,10,2024,1,19,4.0,1300000.0,455
8081042,1,1,1,10,2024,1,60,11.0,4500000.0,54284
8079762,1,3,1,10,2024,1,54,10.0,3000000.0,51484
8041181,1,3,1,10,2024,2,50,5.0,200000.0,7007
8078723,1,1,1,10,2024,1,32,3.0,1300000.0,49015
8078435,1,2,1,10,2024,2,57,3.0,400000.0,48396
8082914,1,1,1,10,2024,2,32,10.0,2300000.0,57900
8080458,1,2,1,10,2024,1,44,12.0,4000000.0,53119
8077757,1,1,1,10,2024,1,34,6.0,1600000.0,46902
8052054,1,4,1,10,2024,1,18,5.0,30000.0,31713
8077746,1,2,1,10,2024,2,47,4.0,40000.0,46870
8041790,1,1,1,10,2024,1,30,10.0,1900000.0,8289
8038456,1,1,1,10,2024,1,19,10.0,200000.0,681
8052472,1,2,1,10,2024,2,19,5.0,1250000.0,32863
8081270,1,4,1,10,2024,1,18,8.0,300000.0,54752
8080481,1,1,1,10,2024,1,49,8.0,1500000.0,53163
8043957,1,1,1,10,2024,1,59,3.0,850000.0,13326
8053697,1,2,1,10,2024,2,53,4.0,500000.0,35736
8077861,1,1,1,10,2024,2,32,5.0,400000.0,47112
8079675,1,3,1,10,2024,2,30,10.0,1300000.0,51191
8054028,1,1,1,10,2024,1,49,10.0,3800000.0,36344
8055493,1,3,1,10,2024,1,23,5.0,1800000.0,39456
8076641,1,2,1,10,2024,2,52,3.0,800000.0,44346
8053104,1,2,1,10,2024,1,28,5.0,1300000.0,34401
8050883,1,2,1,10,2024,1,21,5.0,400000.0,29092
8040188,1,2,1,10,2024,2,42,11.0,3500000.0,4612
8039491,1,3,1,10,2024,1,59,3.0,1200000.0,3155
8051534,1,1,1,10,2024,1,61,9.0,3000000.0,30429
8075867,1,1,1,10,2024,1,64,3.0,1200000.0,42285
8041948,1,6,1,10,2024,2,36,9.0,1800000.0,8692
8054688,1,1,1,10,2024,1,68,4.0,600000.0,37811
8040042,1,1,1,10,2024,1,46,9.0,1300000.0,4246
8076786,1,1,1,10,2024,1,60,10.0,4500000.0,44698
8084749,1,3,1,10,2024,2,24,5.0,1300000.0,61834
8055659,1,1,1,10,2024,1,29,5.0,1700000.0,39728
8082453,1,2,1,10,2024,2,43,5.0,300000.0,56734
8081628,1,1,1,10,2024,1,33,10.0,800000.0,55498
8076008,1,1,1,10,2024,2,32,8.0,1300000.0,42723
8045761,1,1,1,10,2024,1,35,5.0,1300000.0,18123
8077844,1,2,1,10,2024,1,26,5.0,600000.0,47070
8050194,1,2,1,10,2024,1,26,5.0,300000.0,27317
8054177,3,1,3,10,2024,1,39,8.0,800000.0,36670
8039754,1,3,1,10,2024,2,31,5.0,1260000.0,3660
8045274,1,1,1,10,2024,1,56,3.0,2500000.0,16817
8085770,1,1,1,10,2024,2,34,5.0,200000.0,62814
8077068,1,1,1,10,2024,1,56,3.0,800000.0,45322
8039274,1,1,1,10,2024,1,41,8.0,1300000.0,2751
8080346,1,3,1,10,2024,2,19,10.0,1300000.0,52912
8053803,1,2,1,10,2024,1,53,10.0,1800000.0,35911
8039255,1,1,1,10,2024,1,33,3.0,1000000.0,2699
8046761,1,5,1,10,2024,2,78,3.0,1500000.0,20393
8038747,1,2,1,10,2024,2,61,10.0,5500000.0,1387
8053274,1,2,1,10,2024,2,43,10.0,1800000.0,34750
8052090,1,3,1,10,2024,1,63,3.0,400000.0,31820
8077432,1,1,1,10,2024,1,75,3.0,1300000.0,46236
8054782,1,1,1,10,2024,2,29,10.0,1600000.0,38060
8053275,1,1,1,10,2024,2,57,4.0,460000.0,34753
8078019,1,3,1,10,2024,1,40,5.0,500000.0,47477
8040368,1,2,1,10,2024,2,32,5.0,1600000.0,5049
8041253,1,1,1,10,2024,1,44,5.0,700000.0,7171
8039690,1,1,1,10,2024,2,54,3.0,1300000.0,3529
8042997,1,1,1,10,2024,1,27,6.0,1100000.0,10906
8051570,1,1,1,10,2024,1,61,9.0,3000000.0,30501
8048079,1,3,1,10,2024,2,27,10.0,1800000.0,23001
8039069,1,2,1,10,2024,2,64,9.0,1400000.0,2198
8048405,1,3,1,10,2024,1,45,8.0,1300000.0,23628
8054528,1,1,1,10,2024,2,36,9.0,2400000.0,37471
8045751,1,2,1,10,2024,2,29,10.0,8200000.0,18097
8044500,1,1,1,10,2024,1,62,3.0,1000000.0,14707
8048209,1,1,1,10,2024,1,81,4.0,30000.0,23273
8039873,1,2,1,10,2024,2,31,5.0,500000.0,3875
8041425,1,2,1,10,2024,2,50,10.0,1300000.0,7531
8040167,1,1,1,10,2024,1,58,3.0,1300000.0,4535
8075868,1,2,1,10,2024,1,49,1.0,500000.0,42288
8040576,1,2,1,10,2024,1,53,8.0,1800000.0,5568
8084217,1,1,1,10,2024,1,42,4.0,1300000.0,60730
8044573,1,1,1,10,2024,2,37,5.0,1300000.0,14927
8044384,1,2,1,10,2024,2,40,8.0,1300000.0,14400
8048057,1,1,1,10,2024,2,54,4.0,800000.0,22932
8083659,1,2,1,10,2024,2,36,5.0,1300000.0,59497
8046341,1,1,1,10,2024,2,35,11.0,10500000.0,19330
8043218,1,1,1,10,2024,1,35,3.0,1000000.0,11417
8083049,1,3,1,10,2024,2,38,5.0,280000.0,58208
8046782,1,1,1,10,2024,2,29,10.0,2400000.0,20426
8081376,1,5,1,10,2024,1,24,8.0,1000000.0,54982
8045180,1,2,1,10,2024,2,48,8.0,650000.0,16559
8075638,1,3,1,10,2024,2,25,5.0,1160000.0,41681
8043242,1,3,1,10,2024,1,30,10.0,2300000.0,11470
8086005,1,1,1,10,2024,1,64,10.0,4900000.0,63183
8084558,1,2,1,10,2024,2,35,11.0,6000000.0,61431
8039306,1,1,1,10,2024,2,26,10.0,910000.0,2841
8047037,1,1,1,10,2024,2,52,5.0,800000.0,20873
8039869,1,2,1,10,2024,1,40,4.0,500000.0,3869
8039538,1,1,1,10,2024,1,36,10.0,2349000.0,3262
8080157,1,1,1,10,2024,1,32,8.0,1300000.0,52442
8085081,1,1,1,10,2024,1,54,4.0,500000.0,62576
8041462,1,4,1,10,2024,2,29,8.0,1300000.0,7618
8086522,1,2,1,10,2024,2,28,5.0,500000.0,63884
8081702,1,2,1,10,2024,1,55,4.0,2400000.0,55640
8079839,1,1,1,10,2024,1,35,8.0,1500000.0,51717
8045180,1,3,1,10,2024,2,53,5.0,150000.0,16560
8056431,1,1,1,10,2024,2,41,8.0,1300000.0,41338
8039945,1,2,1,10,2024,1,45,3.0,1000000.0,4063
8040836,1,3,1,10,2024,2,33,10.0,2378000.0,6131
8079003,1,3,1,10,2024,1,22,5.0,800000.0,49636
8080093,1,1,1,10,2024,2,44,4.0,480000.0,52252
8053022,1,4,1,10,2024,1,28,5.0,700000.0,34244
8051053,1,2,1,10,2024,1,41,10.0,2000000.0,29572
8047700,1,4,1,10,2024,1,22,5.0,1000000.0,22167
8045186,1,1,1,10,2024,1,42,10.0,8000000.0,16577
8046083,1,2,1,10,2024,2,34,10.0,1500000.0,18680
8086578,1,2,1,10,2024,2,42,10.0,2500000.0,64036
8046573,1,1,1,10,2024,1,63,5.0,1300000.0,19926
8055760,1,1,1,10,2024,2,24,9.0,1000000.0,39898
8046344,1,1,1,10,2024,1,34,4.0,1450000.0,19338
8049589,1,1,1,10,2024,1,38,5.0,700000.0,25827
8051970,1,2,1,10,2024,1,50,8.0,1400000.0,31535
8077199,1,1,1,10,2024,1,60,3.0,500000.0,45707
8042563,1,1,1,10,2024,1,33,10.0,6400000.0,10067
8050945,1,2,1,10,2024,2,47,5.0,300000.0,29267
8047247,1,1,1,10,2024,1,28,5.0,300000.0,21287
8053842,1,1,1,10,2024,1,38,10.0,2000000.0,35989
8054427,1,1,1,10,2024,1,39,3.0,500000.0,37240
8045607,1,1,1,10,2024,2,34,10.0,1300000.0,17714
8050832,1,3,1,10,2024,2,28,4.0,600000.0,28959
8040551,1,1,1,10,2024,2,50,3.0,1200000.0,5483
8039940,1,2,1,10,2024,2,23,9.0,60000.0,4050
8083067,1,1,1,10,2024,2,31,10.0,1300000.0,58243
8051718,1,1,1,10,2024,2,42,9.0,1300000.0,30864
8051612,1,2,1,10,2024,2,35,12.0,4500000.0,30602
8050332,1,3,1,10,2024,1,19,9.0,1300000.0,27648
8084552,1,3,1,10,2024,2,26,8.0,1300000.0,61415
8042909,1,1,1,10,2024,1,48,4.0,1000000.0,10802
8077472,1,2,1,10,2024,1,45,5.0,1500000.0,46315
8041763,1,1,1,10,2024,2,76,3.0,1100000.0,8258
8040918,1,2,1,10,2024,1,25,5.0,1462000.0,6356
8038620,1,2,1,10,2024,2,40,8.0,4000000.0,1018
8053064,1,2,1,10,2024,2,47,8.0,3900000.0,34337
8079655,1,1,1,10,2024,1,55,5.0,1300000.0,51144
8079676,1,1,1,10,2024,1,53,5.0,1300000.0,51192
8078067,1,1,1,10,2024,1,36,3.0,420000.0,47568
8082471,1,1,1,10,2024,1,23,5.0,1500000.0,56781
8079304,1,2,1,10,2024,1,55,5.0,1500000.0,50448
8050093,1,1,1,10,2024,1,54,3.0,900000.0,27098
8079452,1,1,1,10,2024,2,52,3.0,2200000.0,50787
8078312,1,1,1,10,2024,2,62,3.0,1200000.0,48150
8053906,1,1,1,10,2024,2,47,10.0,3000000.0,36113
8053399,1,4,1,10,2024,1,40,5.0,300000.0,35124
8048138,1,1,1,10,2024,1,23,3.0,900000.0,23151
8039833,1,1,1,10,2024,1,20,5.0,1300000.0,3802
8041019,1,1,1,10,2024,1,47,4.0,1000000.0,6597
8076604,1,2,1,10,2024,2,21,10.0,1000000.0,44261
8086505,1,1,1,10,2024,1,57,9.0,1000000.0,63836
8051396,1,2,1,10,2024,2,59,3.0,1700000.0,30082
8082237,1,1,1,10,2024,2,33,3.0,150000.0,56334
8056270,1,1,1,10,2024,1,23,6.0,900000.0,40980
8047975,1,2,1,10,2024,1,77,1.0,250000.0,22778
8053570,1,3,1,10,2024,1,23,5.0,1500000.0,35414
8075958,1,3,1,10,2024,1,18,3.0,100000.0,42574
8041523,1,1,1,10,2024,1,27,10.0,1300000.0,7764
8083237,1,4,1,10,2024,1,22,5.0,850000.0,58633
8082682,2,2,2,10,2024,2,22,6.0,1300000.0,57316
8078794,1,1,1,10,2024,1,68,3.0,1010000.0,49175
8051687,1,5,1,10,2024,2,34,4.0,1300000.0,30775
8039906,1,1,1,10,2024,1,68,5.0,1000000.0,3957
8040469,1,1,1,10,2024,1,28,9.0,2000000.0,5306
8046700,1,1,1,10,2024,1,36,8.0,1600000.0,20232
8054754,1,3,1,10,2024,1,32,5.0,900000.0,37976
8077251,1,3,1,10,2024,1,22,5.0,1000000.0,45843
8076986,1,2,1,10,2024,2,49,3.0,200000.0,45106
8086570,1,2,1,10,2024,1,23,4.0,1300000.0,64010
8038845,1,1,1,10,2024,2,47,5.0,1600000.0,1631
8050677,1,3,1,10,2024,2,25,10.0,2000000.0,28569
8042500,1,3,1,10,2024,1,30,10.0,3700000.0,9948
8083278,1,1,1,10,2024,1,67,3.0,600000.0,58727
8051916,1,1,1,10,2024,2,38,5.0,1600000.0,31402
8045637,1,1,1,10,2024,1,68,5.0,176000.0,17796
8083787,1,2,1,10,2024,1,30,4.0,1300000.0,59757
8043730,1,2,1,10,2024,1,32,5.0,600000.0,12746
8053493,1,2,1,10,2024,2,55,12.0,45000000.0,35251
8081412,1,1,1,10,2024,2,57,5.0,1500000.0,55100
8048172,1,3,1,10,2024,2,28,10.0,,23232
8051637,1,1,1,10,2024,2,53,3.0,1000000.0,30661
8084292,1,1,1,10,2024,1,39,7.0,2200000.0,60900
8051241,1,2,1,10,2024,1,68,3.0,480000.0,29657
8076358,1,2,1,10,2024,2,45,10.0,1800000.0,43654
8077086,1,3,1,10,2024,1,51,3.0,2472000.0,45389
8079444,1,1,1,10,2024,2,37,9.0,2400000.0,50767
8054375,1,1,1,10,2024,2,25,5.0,900000.0,37112
8046149,1,2,1,10,2024,1,58,5.0,2200000.0,18818
8080824,1,1,1,10,2024,1,52,3.0,1400000.0,53828
8038737,1,2,1,10,2024,2,40,5.0,1300000.0,1358
8081961,1,4,1,10,2024,2,29,10.0,600000.0,55917
8046833,1,2,1,10,2024,2,25,9.0,50000.0,20547
8075933,1,2,1,10,2024,1,52,1.0,200000.0,42488
8077162,1,1,1,10,2024,1,82,3.0,0.0,45606
8052703,1,2,1,10,2024,2,55,4.0,200000.0,33397
8081131,1,1,1,10,2024,2,50,5.0,1800000.0,54442
8052246,1,2,1,10,2024,1,34,3.0,1200000.0,32229
8055621,1,1,1,10,2024,2,45,8.0,2000000.0,39641
8053675,1,2,1,10,2024,2,36,5.0,1600000.0,35665
8051400,1,1,1,10,2024,1,58,4.0,1500000.0,30096
8045460,1,1,1,10,2024,1,43,11.0,6000000.0,17336
8044123,1,1,1,10,2024,1,60,6.0,1300000.0,13691
8045552,1,2,1,10,2024,2,46,9.0,1300000.0,17583
8043035,1,1,1,10,2024,1,60,4.0,1200000.0,10986
8052229,1,1,1,10,2024,1,35,4.0,400000.0,32170
8076397,1,1,1,10,2024,1,39,5.0,370000.0,43767
8040970,1,4,1,10,2024,1,33,5.0,1400000.0,6471
8052152,1,2,1,10,2024,1,59,1.0,1300000.0,31979
8041270,1,1,1,10,2024,2,31,10.0,2000000.0,7210
8082832,1,1,1,10,2024,1,64,3.0,1500000.0,57693
8048137,1,2,1,10,2024,1,24,10.0,1300000.0,23150
8075815,1,4,1,10,2024,1,24,5.0,800000.0,42148
8047106,1,1,1,10,2024,1,31,10.0,15000000.0,21001
8049883,1,1,1,10,2024,2,45,9.0,1300000.0,26601
8079414,1,1,1,10,2024,2,37,5.0,650000.0,50675
8042613,1,3,1,10,2024,1,45,4.0,1300000.0,10158
8085688,1,1,1,10,2024,1,46,8.0,1300000.0,62628
8079092,1,4,1,10,2024,2,21,10.0,3000000.0,49845
8077819,1,3,1,10,2024,2,20,6.0,1050000.0,47029
8055332,1,3,1,10,2024,1,24,5.0,1300000.0,39192
8045492,1,2,1,10,2024,1,24,10.0,1600000.0,17428
8076161,1,2,1,10,2024,1,55,1.0,452000.0,43178
8075950,1,1,1,10,2024,1,26,3.0,120000.0,42541
8056151,1,1,1,10,2024,1,65,10.0,3100000.0,40705
8080943,1,2,1,10,2024,1,55,4.0,400000.0,54082
8054056,1,2,1,10,2024,2,34,10.0,2700000.0,36405
8077300,1,1,1,10,2024,1,48,4.0,1600000.0,45943
8078752,1,4,1,10,2024,2,33,5.0,1462000.0,49097
8050868,1,1,1,10,2024,2,36,5.0,1600000.0,29049
8042460,1,5,1,10,2024,1,21,5.0,200000.0,9861
8042231,1,4,1,10,2024,1,27,10.0,1200000.0,9380
8046481,1,2,1,10,2024,2,50,10.0,700000.0,19648
8052843,1,3,1,10,2024,1,21,8.0,1300000.0,33737
8053264,1,1,1,10,2024,1,59,5.0,1300000.0,34745
8046592,1,1,1,10,2024,1,35,8.0,2800000.0,19990
8079880,1,1,1,10,2024,1,44,3.0,300000.0,51834
8050946,1,1,1,10,2024,2,24,5.0,600000.0,29269
8051736,1,1,1,10,2024,2,21,5.0,1200000.0,30910
8085029,1,1,1,10,2024,1,58,5.0,2000000.0,62456
8053542,1,2,1,10,2024,1,39,10.0,4000000.0,35347
8046044,1,1,1,10,2024,2,38,5.0,1300000.0,18567
8077618,1,2,1,10,2024,1,59,6.0,1800000.0,46599
8054707,1,3,1,10,2024,2,49,5.0,1000000.0,37848
8040927,1,2,1,10,2024,1,41,5.0,1500000.0,6377
8076512,1,2,1,10,2024,2,43,10.0,2500000.0,44050
8080683,1,1,1,10,2024,2,34,8.0,1500000.0,53578
8054321,1,1,1,10,2024,2,37,9.0,400000.0,37002
8038854,1,2,1,10,2024,2,56,13.0,18900000.0,1648
8082438,1,1,1,10,2024,1,59,10.0,2300000.0,56713
8083836,1,1,1,10,2024,1,63,3.0,1300000.0,59843
8042302,1,2,1,10,2024,1,68,4.0,600000.0,9516
8078924,1,1,1,10,2024,2,48,5.0,700000.0,49458
8052900,1,2,1,10,2024,1,23,5.0,800000.0,33867
8078284,1,3,1,10,2024,1,16,4.0,400000.0,48071
8079163,1,2,1,10,2024,1,70,3.0,350000.0,50008
8045946,1,2,1,10,2024,1,43,1.0,1500000.0,18307
8086410,1,1,1,10,2024,1,61,9.0,3000000.0,63627
8076819,1,4,1,10,2024,1,20,4.0,1200000.0,44748
8040977,1,1,1,10,2024,1,81,3.0,800000.0,6486
8039031,1,4,1,10,2024,1,40,5.0,1300000.0,2079
8054733,1,1,1,10,2024,1,31,3.0,1800000.0,37922
8048174,2,1,2,10,2024,2,66,3.0,0.0,23237
8038765,1,3,1,10,2024,2,21,5.0,800000.0,1451
8050459,1,5,1,10,2024,1,24,5.0,1200000.0,27981
8081914,1,1,1,10,2024,2,51,1.0,80000.0,55848
8038915,1,2,1,10,2024,2,44,10.0,10000000.0,1807
8077995,1,3,1,10,2024,2,44,5.0,900000.0,47417
8045589,1,2,1,10,2024,2,41,5.0,1300000.0,17686
8041633,1,3,1,10,2024,1,29,3.0,1300000.0,8022
8078473,1,1,1,10,2024,2,45,5.0,900000.0,48498
8039545,1,1,1,10,2024,2,26,10.0,2300000.0,3269
8046215,1,1,1,10,2024,2,64,4.0,200000.0,18988
8075829,1,1,1,10,2024,1,59,4.0,1200000.0,42194
8038749,1,5,1,10,2024,2,30,10.0,1300000.0,1397
8053921,1,1,1,10,2024,1,28,8.0,1460000.0,36146
8044742,1,1,1,10,2024,1,64,4.0,900000.0,15369
8042164,1,1,1,10,2024,2,43,5.0,400000.0,9212
8053968,1,2,1,10,2024,1,25,4.0,1400000.0,36246
8038926,1,1,1,10,2024,1,78,4.0,600000.0,1836
8079094,1,1,1,10,2024,1,32,9.0,2800000.0,49847
8084262,1,3,1,10,2024,2,16,4.0,1150000.0,60839
8077419,1,2,1,10,2024,1,66,3.0,1500000.0,46213
8043575,1,2,1,10,2024,1,28,10.0,1300000.0,12340
8077197,1,1,1,10,2024,1,57,3.0,1300000.0,45701
8054239,1,4,1,10,2024,1,29,5.0,700000.0,36805
8078357,1,1,1,10,2024,1,35,9.0,500000.0,48269
8077169,1,1,1,10,2024,1,33,4.0,1000000.0,45627
8076450,1,2,1,10,2024,1,30,4.0,630000.0,43877
8046392,1,1,1,10,2024,2,30,5.0,1300000.0,19442
8038348,1,3,1,10,2024,1,39,9.0,2150000.0,430
8038624,1,1,1,10,2024,1,30,10.0,5000000.0,1035
8076096,1,1,1,10,2024,2,38,8.0,80000.0,42980
8043726,1,1,1,10,2024,1,32,10.0,850000.0,12732
8050114,1,1,1,10,2024,1,45,9.0,1600000.0,27133
8042301,1,1,1,10,2024,1,74,10.0,1000000.0,9513
8040588,1,2,1,10,2024,2,56,9.0,200000.0,5595
8048555,1,2,1,10,2024,1,37,11.0,5500000.0,23928
8044635,1,4,1,10,2024,2,49,5.0,200000.0,15093
8082894,1,1,1,10,2024,2,47,5.0,2400000.0,57856
8076145,1,2,1,10,2024,2,34,3.0,20000.0,43139
8079110,1,1,1,10,2024,1,69,3.0,900000.0,49881
8083604,1,1,1,10,2024,1,36,5.0,1000000.0,59395
8055162,1,1,1,10,2024,2,62,6.0,1300000.0,38849
8075622,1,2,1,10,2024,2,22,8.0,800000.0,41621
8039770,1,2,1,10,2024,2,48,10.0,3100000.0,3698
8038509,1,4,1,10,2024,1,19,9.0,650000.0,789
8052844,1,3,1,10,2024,2,21,8.0,3200000.0,33742
8041544,1,2,1,10,2024,1,17,3.0,1000000.0,7819
8080582,1,1,1,10,2024,2,41,11.0,2300000.0,53365
8051686,1,1,1,10,2024,2,56,3.0,1500000.0,30770
8043171,1,2,1,10,2024,1,38,5.0,4000000.0,11331
8051572,1,1,1,10,2024,1,61,9.0,3000000.0,30505
8049515,1,1,1,10,2024,1,28,9.0,1300000.0,25663
8050389,1,5,1,10,2024,1,18,5.0,1400000.0,27829
8053816,1,1,1,10,2024,1,37,8.0,2346000.0,35938
8046033,1,2,1,10,2024,2,37,10.0,3000000.0,18540
8082714,1,1,1,10,2024,1,26,5.0,1500000.0,57389
8075723,1,2,1,10,2024,2,44,10.0,2800000.0,41907
8078009,1,1,1,10,2024,1,39,3.0,600000.0,47455
8046877,1,1,1,10,2024,1,46,4.0,1200000.0,20626
8086367,1,1,1,10,2024,1,61,9.0,3000000.0,63543
8086356,1,1,1,10,2024,1,61,9.0,3000000.0,63521
8042956,1,1,1,10,2024,2,38,5.0,40000.0,10821
8052173,1,1,1,10,2024,1,50,5.0,1800000.0,32020
8049820,1,3,1,10,2024,1,22,4.0,800000.0,26444
8052895,1,3,1,10,2024,1,21,5.0,400000.0,33852
8053021,1,2,1,10,2024,1,40,5.0,1300000.0,34239
8077209,1,1,1,10,2024,1,45,3.0,700000.0,45727
8055997,1,1,1,10,2024,1,29,10.0,3700000.0,40405
8084295,1,1,1,10,2024,1,49,10.0,4600000.0,60906
8084807,1,1,1,10,2024,1,45,3.0,2400000.0,61946
8039425,1,1,1,10,2024,1,32,5.0,1060000.0,3020
8079858,1,1,1,10,2024,1,67,5.0,1500000.0,51757
8055810,1,1,1,10,2024,1,53,3.0,5000.0,40023
8042079,1,2,1,10,2024,2,38,3.0,200000.0,8978
8050377,1,1,1,10,2024,1,49,5.0,1300000.0,27802
8042247,1,1,1,10,2024,1,40,9.0,1700000.0,9416
8079757,1,2,1,10,2024,1,38,3.0,1000000.0,51464
8079216,1,1,1,10,2024,2,54,1.0,200000.0,50151
8038518,1,2,1,10,2024,2,51,5.0,600000.0,809
8077694,1,2,1,10,2024,2,72,4.0,300000.0,46760
8054774,1,1,1,10,2024,2,52,5.0,600000.0,38037
8055275,1,1,1,10,2024,2,34,4.0,1300000.0,39080
8040842,1,4,1,10,2024,1,32,5.0,1000000.0,6154
8041863,1,1,1,10,2024,1,34,3.0,1200000.0,8465
8054464,1,1,1,10,2024,2,49,5.0,600000.0,37347
8045382,1,1,1,10,2024,2,69,3.0,100000.0,17094
8052148,1,1,1,10,2024,2,49,4.0,1000000.0,31968
8051120,1,1,1,10,2024,2,70,3.0,450000.0,29620
8044510,1,1,1,10,2024,2,38,4.0,700000.0,14739
8045503,1,1,1,10,2024,1,56,3.0,100000.0,17460
8044199,1,2,1,10,2024,2,59,3.0,200000.0,13871
8039461,1,1,1,10,2024,2,66,5.0,1560000.0,3095
8045337,1,1,1,10,2024,1,61,8.0,1500000.0,16976
8048834,1,4,1,10,2024,1,29,3.0,600000.0,24398
8076360,1,2,1,10,2024,2,40,10.0,2600000.0,43659
8081306,1,2,1,10,2024,1,58,8.0,1500000.0,54835
8082371,1,2,1,10,2024,1,51,3.0,1300000.0,56573
8042765,1,1,1,10,2024,1,32,4.0,1600000.0,10503
8051750,1,1,1,10,2024,1,37,4.0,1200000.0,30952
8079843,1,3,1,10,2024,2,25,11.0,3500000.0,51731
8081268,1,2,1,10,2024,2,49,8.0,400000.0,54747
8043317,1,3,1,10,2024,1,52,3.0,1600000.0,11661
8044290,1,2,1,10,2024,2,35,5.0,800000.0,14141
8042561,1,1,1,10,2024,2,66,5.0,1050000.0,10062
8039818,1,2,1,10,2024,2,30,5.0,1300000.0,3777
8050752,1,2,1,10,2024,1,55,11.0,1000000.0,28741
8079575,1,3,1,10,2024,2,37,5.0,2875000.0,50999
8077113,2,2,2,10,2024,2,23,8.0,950000.0,45467
8049162,1,1,1,10,2024,1,54,10.0,10500000.0,25033
8041919,1,3,1,10,2024,2,24,4.0,1300000.0,8607
8038884,1,2,1,10,2024,1,34,5.0,800000.0,1724
8040791,1,2,1,10,2024,2,32,10.0,2600000.0,6047
8083686,1,4,1,10,2024,2,26,11.0,1300000.0,59552
8045421,1,2,1,10,2024,1,28,10.0,2500000.0,17213
8055210,1,2,1,10,2024,1,24,6.0,800000.0,38951
8080247,1,2,1,10,2024,1,76,3.0,18000.0,52675
8083535,1,4,1,10,2024,1,65,4.0,1300000.0,59259
8043216,1,1,1,10,2024,2,66,3.0,30000.0,11413
8045500,1,2,1,10,2024,2,58,1.0,150000.0,17450
8050686,1,1,1,10,2024,1,57,4.0,1200000.0,28592
8046287,1,3,1,10,2024,1,39,3.0,1300000.0,19164
8084256,1,2,1,10,2024,2,37,10.0,3300000.0,60823
8077105,1,1,1,10,2024,1,54,3.0,800000.0,45444
8038537,1,1,1,10,2024,1,25,5.0,1100000.0,865
8052765,1,1,1,10,2024,1,50,3.0,1700000.0,33536
8085907,1,2,1,10,2024,2,41,5.0,20000000.0,63043
8082964,1,1,1,10,2024,2,55,3.0,600000.0,57993
8078514,1,1,1,10,2024,2,54,5.0,1300000.0,48570
8055215,1,2,1,10,2024,2,21,10.0,1400000.0,38966
8046972,1,1,1,10,2024,2,45,10.0,1300000.0,20768
8076746,1,3,1,10,2024,2,23,10.0,1600000.0,44601
8040960,1,2,1,10,2024,2,63,5.0,1000000.0,6445
8082094,1,2,1,10,2024,1,53,1.0,0.0,56085
8083359,1,1,1,10,2024,1,35,4.0,1300000.0,58916
8076258,1,4,1,10,2024,1,18,3.0,600000.0,43438
8038419,1,1,1,10,2024,2,55,3.0,300000.0,626
8040376,1,2,1,10,2024,1,34,5.0,700000.0,5066
8082657,1,1,1,10,2024,2,71,3.0,400000.0,57240
8045387,1,2,1,10,2024,1,30,10.0,1300000.0,17110
8078916,1,1,1,10,2024,2,60,4.0,800000.0,49438
8046057,1,1,1,10,2024,1,72,1.0,380000.0,18610
8047739,1,1,1,10,2024,1,31,5.0,1200000.0,22253
8044292,1,3,1,10,2024,2,35,10.0,5600000.0,14155
8048159,1,2,1,10,2024,2,19,5.0,400000.0,23211
8051273,1,1,1,10,2024,1,75,3.0,400000.0,29734
8085774,1,3,1,10,2024,1,28,5.0,1000000.0,62832
8038894,1,3,1,10,2024,2,25,12.0,3000000.0,1749
8079755,1,2,1,10,2024,1,26,5.0,910000.0,51456
8078120,1,1,1,10,2024,1,71,3.0,1500000.0,47676
8046361,1,2,1,10,2024,2,40,5.0,1300000.0,19376
8076112,1,5,1,10,2024,1,17,5.0,750000.0,43037
8083102,1,1,1,10,2024,2,82,3.0,10000.0,58341
8052529,1,2,1,10,2024,2,28,4.0,530000.0,33017
8078093,1,3,1,10,2024,1,16,5.0,360000.0,47614
8043114,1,1,1,10,2024,2,56,3.0,150000.0,11178
8083614,1,1,1,10,2024,1,64,5.0,20000000.0,59421
8051250,1,1,1,10,2024,1,53,9.0,1300000.0,29679
8078680,1,1,1,10,2024,1,38,10.0,3000000.0,48916
8044957,1,1,1,10,2024,2,40,10.0,2500000.0,15935
8053353,1,4,1,10,2024,1,22,5.0,1200000.0,34967
8084483,1,1,1,10,2024,2,49,5.0,2000000.0,61270
8051073,1,1,1,10,2024,1,38,5.0,600000.0,29612
8086560,1,1,1,10,2024,1,56,10.0,10000000.0,63982
8080861,1,1,1,10,2024,1,46,5.0,1800000.0,53904
8085938,1,1,1,10,2024,1,68,9.0,6000000.0,63060
8043829,1,1,1,10,2024,1,67,4.0,800000.0,12996
8078650,1,1,1,10,2024,1,71,3.0,280000.0,48867
8050985,1,3,1,10,2024,2,33,10.0,3500000.0,29389
8076597,1,2,1,10,2024,1,55,3.0,1600000.0,44239
8079493,1,1,1,10,2024,1,55,8.0,1300000.0,50860
8047914,1,2,1,10,2024,2,59,5.0,680000.0,22684
8040154,1,2,1,10,2024,2,61,10.0,2500000.0,4510
8048308,1,2,1,10,2024,2,25,10.0,300000.0,23488
8038657,1,2,1,10,2024,1,44,3.0,600000.0,1108
8038428,1,3,1,10,2024,1,19,4.0,400000.0,644
8079484,1,1,1,10,2024,2,56,8.0,4200000.0,50850
8047023,1,1,1,10,2024,1,43,12.0,7500000.0,20850
8041255,1,2,1,10,2024,1,38,5.0,1300000.0,7178
8078962,1,1,1,10,2024,2,23,4.0,440000.0,49556
8086797,1,1,1,10,2024,2,40,5.0,1200000.0,64500
8085789,1,1,1,10,2024,1,35,10.0,2800000.0,62870
8040607,1,2,1,10,2024,1,25,5.0,400000.0,5640
8083463,1,2,1,10,2024,1,50,5.0,1800000.0,59127
8045265,1,1,1,10,2024,1,51,8.0,1500000.0,16797
8084303,1,1,1,10,2024,1,41,4.0,900000.0,60910
8077813,1,2,1,10,2024,1,36,5.0,1300000.0,47016
8044187,1,1,1,10,2024,1,51,8.0,1750000.0,13846
8048996,1,5,1,10,2024,1,36,5.0,1400000.0,24727
8052661,1,2,1,10,2024,1,42,5.0,1000000.0,33344
8080133,1,1,1,10,2024,2,56,3.0,1000000.0,52379
8045314,1,1,1,10,2024,2,34,5.0,1300000.0,16919
8051842,1,1,1,10,2024,1,61,4.0,900000.0,31220
8039417,1,1,1,10,2024,2,61,10.0,4000000.0,3012
8079398,1,2,1,10,2024,2,33,5.0,900000.0,50639
8077872,1,2,1,10,2024,2,51,5.0,500000.0,47127
8050419,1,1,1,10,2024,2,55,5.0,360000.0,27877
8081343,1,1,1,10,2024,1,56,1.0,1600000.0,54909
8038406,1,1,1,10,2024,2,58,9.0,1700000.0,594
8053243,1,1,1,10,2024,1,29,8.0,1300000.0,34695
8081474,1,1,1,10,2024,1,52,5.0,1300000.0,55219
8047580,1,2,1,10,2024,1,58,5.0,600000.0,21900
8082686,1,3,1,10,2024,2,52,9.0,1300000.0,57329
8038956,1,1,1,10,2024,2,50,4.0,1800000.0,1911
8076285,1,1,1,10,2024,2,49,5.0,100000.0,43488
8043468,1,2,1,10,2024,2,41,5.0,800000.0,12054
8047815,1,1,1,10,2024,2,53,5.0,840000.0,22435
8084394,1,1,1,10,2024,2,57,3.0,1000000.0,61127
8040378,1,1,1,10,2024,1,38,3.0,1300000.0,5074
8045512,1,1,1,10,2024,2,43,8.0,1300000.0,17489
8083782,1,1,1,10,2024,1,42,3.0,700000.0,59748
8042657,1,1,1,10,2024,2,21,8.0,1300000.0,10241
8078194,1,1,1,10,2024,1,53,3.0,1200000.0,47836
8050271,1,1,1,10,2024,1,44,8.0,1300000.0,27515
8075911,1,1,1,10,2024,1,51,5.0,2000000.0,42411
8043345,1,2,1,10,2024,2,72,13.0,6000000.0,11749
8078227,2,1,2,10,2024,2,56,3.0,240000.0,47938
8039714,1,1,1,10,2024,2,28,4.0,500000.0,3574
8049735,1,2,1,10,2024,1,31,5.0,1200000.0,26218
8084163,1,2,1,10,2024,2,24,10.0,3500000.0,60578
8081995,1,2,1,10,2024,2,54,3.0,100000.0,55960
8050427,1,1,1,10,2024,1,38,9.0,1500000.0,27901
8039324,1,2,1,10,2024,2,47,10.0,500000.0,2889
8077581,1,4,1,10,2024,2,33,10.0,2500000.0,46536
8052546,1,2,1,10,2024,2,20,3.0,550000.0,33056
8044611,1,1,1,10,2024,1,38,9.0,3400000.0,15033
8038335,1,2,1,10,2024,2,37,5.0,4000000.0,403
8039631,1,2,1,10,2024,1,34,4.0,1600000.0,3411
8049972,1,3,1,10,2024,1,38,5.0,3700000.0,26786
8079807,1,2,1,10,2024,2,41,11.0,3400000.0,51608
8040863,1,2,1,10,2024,1,37,8.0,600000.0,6230
8077190,1,1,1,10,2024,2,62,5.0,1700000.0,45680
8044982,1,1,1,10,2024,1,47,10.0,1700000.0,15992
8045717,1,2,1,10,2024,1,32,10.0,3000000.0,18008
8046414,1,3,1,10,2024,1,27,10.0,3500000.0,19494
8084851,1,1,1,10,2024,2,48,4.0,1900000.0,62054
8081311,1,1,1,10,2024,2,42,10.0,2200000.0,54853
8054648,1,2,1,10,2024,2,48,10.0,1600000.0,37726
8083292,1,2,1,10,2024,2,28,5.0,600000.0,58763
8081297,1,2,1,10,2024,2,45,3.0,2000000.0,54818
8050940,1,5,1,10,2024,2,21,10.0,1800000.0,29252
8047439,1,1,1,10,2024,2,38,10.0,2600000.0,21626
8038391,1,1,1,10,2024,1,26,10.0,2200000.0,549
8053308,1,1,1,10,2024,2,61,4.0,720000.0,34847
8086091,1,1,1,10,2024,2,37,5.0,1600000.0,63259
8051874,1,1,1,10,2024,1,36,10.0,2943000.0,31302
8055872,1,1,1,10,2024,2,31,11.0,8536104.0,40173
8056278,1,5,1,10,2024,2,25,3.0,250000.0,40991
8079653,1,2,1,10,2024,2,27,10.0,2100000.0,51141
8079193,1,1,1,10,2024,1,30,10.0,50000.0,50094
8047869,1,1,1,10,2024,2,50,10.0,3000000.0,22580
8040528,1,1,1,10,2024,1,59,3.0,1400000.0,5439
8085759,1,1,1,10,2024,2,28,5.0,600000.0,62793
8044672,1,1,1,10,2024,2,48,10.0,1800000.0,15191
8046372,1,2,1,10,2024,1,38,9.0,5500000.0,19406
8041178,1,2,1,10,2024,2,42,4.0,480000.0,6994
8078313,1,4,1,10,2024,1,20,4.0,70000.0,48154
8046460,1,1,1,10,2024,2,34,5.0,1300000.0,19594
8049776,1,3,1,10,2024,1,26,9.0,1100000.0,26323
8052301,1,1,1,10,2024,2,63,1.0,300000.0,32387
8055876,1,1,1,10,2024,2,53,10.0,2500000.0,40189
8040443,1,2,1,10,2024,2,22,5.0,2000000.0,5238
8053726,1,1,1,10,2024,2,36,8.0,1600000.0,35814
8083683,1,1,1,10,2024,2,54,8.0,2600000.0,59542
8042992,1,1,1,10,2024,1,69,4.0,1000000.0,10897
8077005,1,2,1,10,2024,1,40,5.0,1400000.0,45143
8077799,1,1,1,10,2024,1,56,3.0,1200000.0,46988
8086452,1,2,1,10,2024,1,53,1.0,500000.0,63718
8045228,1,1,1,10,2024,1,60,3.0,1400000.0,16709
8051340,1,3,1,10,2024,2,28,8.0,1300000.0,29931
8048405,1,4,1,10,2024,1,27,5.0,1000000.0,23629
8045006,1,1,1,10,2024,1,41,9.0,1500000.0,16084
8084031,1,2,1,10,2024,2,36,5.0,1750000.0,60286
8077266,1,1,1,10,2024,1,21,5.0,1340000.0,45883
8079218,1,2,1,10,2024,2,28,3.0,160000.0,50162
8051361,1,1,1,10,2024,2,61,5.0,750000.0,29992
8043784,1,2,1,10,2024,1,29,1.0,1200000.0,12897
8045410,1,1,1,10,2024,2,68,5.0,700000.0,17180
8077249,1,1,1,10,2024,1,33,3.0,2800000.0,45832
8077511,1,1,1,10,2024,1,66,3.0,1000000.0,46363
8051255,1,2,1,10,2024,1,32,10.0,3000000.0,29688
8047037,1,3,1,10,2024,1,22,5.0,1672000.0,20875
8043146,1,1,1,10,2024,1,52,4.0,500000.0,11258
8076831,1,1,1,10,2024,2,43,5.0,1600000.0,44786
8040441,1,2,1,10,2024,2,27,8.0,1462000.0,5232
8050073,1,1,1,10,2024,1,57,3.0,800000.0,27053
8041465,1,4,1,10,2024,1,30,5.0,1700000.0,7628
8076628,1,4,1,10,2024,1,25,5.0,1300000.0,44319
8086475,1,1,1,10,2024,1,52,4.0,2300000.0,63762
8052805,1,1,1,10,2024,2,66,3.0,400000.0,33634
8049127,1,3,1,10,2024,1,33,5.0,1400000.0,24968
8044679,1,1,1,10,2024,1,52,12.0,8000000.0,15210
8052814,1,1,1,10,2024,1,67,3.0,1300000.0,33652
8055604,1,1,1,10,2024,2,36,8.0,2400000.0,39622
8054051,1,1,1,10,2024,2,47,8.0,1400000.0,36393
8038500,1,1,1,10,2024,1,61,11.0,10400000.0,769
8044748,1,1,1,10,2024,1,55,3.0,1400000.0,15378
8042716,1,3,1,10,2024,2,25,3.0,700000.0,10392
8039689,1,2,1,10,2024,1,35,3.0,1300000.0,3526
8040366,1,3,1,10,2024,2,22,8.0,800000.0,5045
8054913,1,1,1,10,2024,1,47,5.0,1600000.0,38348
8076522,1,1,1,10,2024,1,40,4.0,800000.0,44082
8043128,1,1,1,10,2024,1,36,4.0,2000000.0,11213
8040739,1,1,1,10,2024,2,54,4.0,2000000.0,5900
8050234,1,1,1,10,2024,2,34,8.0,1462000.0,27416
8046572,1,6,1,10,2024,1,34,8.0,1465000.0,19924
8041087,1,2,1,10,2024,2,36,8.0,2500000.0,6748
8084558,1,1,1,10,2024,1,34,10.0,8000000.0,61430
8077230,1,3,1,10,2024,1,15,3.0,320000.0,45779
8040803,1,1,1,10,2024,2,62,5.0,2000000.0,6066
8077853,1,1,1,10,2024,2,49,3.0,300000.0,47097
8056074,1,3,1,10,2024,1,29,5.0,1300000.0,40537
8044098,1,2,1,10,2024,2,60,11.0,4000000.0,13658
8076781,1,2,1,10,2024,1,57,4.0,1300000.0,44686
8055258,1,2,1,10,2024,2,46,8.0,1300000.0,39052
8055152,1,1,1,10,2024,2,51,3.0,1300000.0,38818
8049806,1,2,1,10,2024,2,66,5.0,4500000.0,26413
8078474,1,3,1,10,2024,1,23,5.0,1200000.0,48504
8075885,1,1,1,10,2024,2,54,3.0,192000.0,42337
8085083,1,1,1,10,2024,2,24,5.0,600000.0,62584
8054169,1,2,1,10,2024,2,33,10.0,2200000.0,36640
8075885,1,2,1,10,2024,1,21,8.0,420000.0,42338
8038267,1,1,1,10,2024,1,36,10.0,2600000.0,220
8084741,1,1,1,10,2024,1,30,5.0,1300000.0,61808
8051261,1,2,1,10,2024,2,25,8.0,1300000.0,29704
8052699,1,2,1,10,2024,2,68,1.0,780000.0,33386
8045984,1,1,1,10,2024,2,33,5.0,720000.0,18416
8079173,1,2,1,10,2024,1,32,3.0,750000.0,50037
8081381,1,3,1,10,2024,1,48,5.0,1500000.0,55007
8046372,1,1,1,10,2024,2,37,8.0,2000000.0,19405
8046595,1,2,1,10,2024,2,54,10.0,2400000.0,19997
8040848,1,4,1,10,2024,2,20,9.0,1300000.0,6174
8079023,1,5,1,10,2024,2,24,5.0,450000.0,49690
8086708,1,1,1,10,2024,1,23,4.0,900000.0,64361
8042737,1,1,1,10,2024,2,31,5.0,1500000.0,10438
8046063,1,1,1,10,2024,1,36,3.0,1000000.0,18623
8085701,1,1,1,10,2024,1,51,3.0,1000000.0,62665
8051581,1,1,1,10,2024,2,49,3.0,1300000.0,30524
8051645,1,1,1,10,2024,2,28,8.0,1600000.0,30679
8046153,1,1,1,10,2024,1,52,3.0,800000.0,18829
8046696,1,1,1,10,2024,1,47,11.0,2100000.0,20220
8043244,1,2,1,10,2024,2,37,11.0,10000000.0,11475
8043043,1,4,1,10,2024,1,18,8.0,1200000.0,11010
8043335,1,5,1,10,2024,2,44,4.0,2350000.0,11720
8079347,1,1,1,10,2024,2,49,3.0,500000.0,50538
8078033,1,1,1,10,2024,1,72,3.0,225000.0,47502
8047936,1,3,1,10,2024,1,37,8.0,1300000.0,22713
8038281,1,1,1,10,2024,2,37,3.0,610000.0,254
8077062,1,1,1,10,2024,2,33,3.0,500000.0,45302
8053287,1,3,1,10,2024,1,53,3.0,850000.0,34793
8083624,1,2,1,10,2024,2,39,9.0,150000.0,59445
8044098,1,1,1,10,2024,1,60,10.0,7000000.0,13657
8084101,1,2,1,10,2024,1,23,9.0,1520000.0,60502
8079170,1,4,1,10,2024,1,42,5.0,1000000.0,50027
8050196,1,1,1,10,2024,2,55,1.0,80000.0,27319
8048070,1,3,1,10,2024,1,16,4.0,300000.0,22976
8054691,1,2,1,10,2024,1,50,5.0,900000.0,37821
8042153,1,3,1,10,2024,2,21,4.0,300000.0,9184
8078417,1,2,1,10,2024,2,29,5.0,3600000.0,48365
8041646,1,3,1,10,2024,2,30,5.0,1300000.0,8056
8054274,1,1,1,10,2024,2,28,8.0,1300000.0,36846
8081590,1,1,1,10,2024,2,68,4.0,700000.0,55449
8047068,1,1,1,10,2024,2,35,5.0,1300000.0,20921
8040453,1,1,1,10,2024,2,73,3.0,600000.0,5264
8081072,1,1,1,10,2024,2,26,6.0,1200000.0,54352
8079737,1,1,1,10,2024,1,67,3.0,400000.0,51372
8080474,1,1,1,10,2024,1,55,5.0,1000000.0,53144
8075761,1,1,1,10,2024,1,57,1.0,1000000.0,41997
8076252,1,2,1,10,2024,1,62,4.0,1000000.0,43411
8043718,1,1,1,10,2024,2,47,5.0,1000000.0,12709
8043189,1,2,1,10,2024,2,36,3.0,800000.0,11360
8086434,1,2,1,10,2024,2,57,3.0,350000.0,63669
8084622,1,4,1,10,2024,1,28,5.0,1300000.0,61523
8080474,1,2,1,10,2024,2,58,1.0,1300000.0,53145
8044350,1,1,1,10,2024,1,40,4.0,1300000.0,14318
8041368,1,1,1,10,2024,2,36,4.0,350000.0,7380
8052134,1,1,1,10,2024,1,49,4.0,1000000.0,31943
8044416,1,1,1,10,2024,1,56,3.0,1000000.0,14477
8043642,1,2,1,10,2024,1,34,5.0,200000.0,12518
8042954,1,2,1,10,2024,1,17,4.0,300000.0,10817
8041028,1,2,1,10,2024,2,63,5.0,0.0,6626
8050926,1,1,1,10,2024,1,57,5.0,1100000.0,29219
8039301,1,2,1,10,2024,2,20,8.0,1500000.0,2830
8052779,1,1,1,10,2024,2,44,5.0,1300000.0,33576
8043322,1,2,1,10,2024,2,21,5.0,2000000.0,11673
8043516,1,1,1,10,2024,2,22,9.0,3050000.0,12215
8047271,1,3,1,10,2024,1,41,8.0,1850000.0,21330
8052121,1,2,1,10,2024,1,20,5.0,1200000.0,31908
8055057,1,1,1,10,2024,1,34,10.0,4500000.0,38689
8038693,1,1,1,10,2024,1,54,5.0,900000.0,1247
8055007,1,2,1,10,2024,2,64,6.0,850000.0,38544
8042548,1,1,1,10,2024,1,62,5.0,1400000.0,10044
8050211,1,3,1,10,2024,1,35,10.0,3000000.0,27366
8083402,1,1,1,10,2024,1,55,5.0,5950000.0,58992
8055360,1,3,1,10,2024,1,77,3.0,200000.0,39242
8079639,1,3,1,10,2024,1,32,10.0,1670000.0,51100
8049096,1,2,1,10,2024,2,68,4.0,1495000.0,24917
8077918,1,2,1,10,2024,2,57,4.0,300000.0,47212
8049623,1,2,1,10,2024,1,41,4.0,1000000.0,25922
8041920,1,2,1,10,2024,1,42,5.0,1300000.0,8610
8053365,1,2,1,10,2024,2,46,8.0,1600000.0,35008
8045745,1,2,1,10,2024,1,32,5.0,800000.0,18077
8053385,1,2,1,10,2024,2,45,5.0,80000.0,35072
8075782,1,1,1,10,2024,1,59,4.0,800000.0,42060
8054702,1,5,1,10,2024,1,29,5.0,1300000.0,37833
8050942,1,1,1,10,2024,2,71,3.0,730000.0,29256
8038371,1,3,1,10,2024,2,28,10.0,6000000.0,501
8077581,1,1,1,10,2024,1,60,8.0,800000.0,46533
8046455,1,2,1,10,2024,1,46,4.0,1200000.0,19581
8040173,1,2,1,10,2024,2,56,3.0,18000.0,4561
8042971,1,2,1,10,2024,2,37,1.0,80000.0,10861
8040308,1,1,1,10,2024,2,42,5.0,2100000.0,4919
8083207,1,5,1,10,2024,1,36,5.0,1300000.0,58552
8055662,1,5,1,10,2024,2,23,6.0,1300000.0,39744
8048798,1,2,1,10,2024,2,60,10.0,3900000.0,24318
8040595,1,1,1,10,2024,1,30,10.0,1500000.0,5619
8085739,1,2,1,10,2024,2,51,10.0,2000000.0,62755
8050050,1,1,1,10,2024,1,54,4.0,2000000.0,26999
8046268,1,2,1,10,2024,2,61,3.0,128000.0,19095
8045283,1,1,1,10,2024,1,22,10.0,2000000.0,16836
8045975,1,2,1,10,2024,2,46,8.0,760000.0,18394
8054570,1,2,1,10,2024,1,55,5.0,1462000.0,37541
8042374,1,2,1,10,2024,2,43,5.0,1200000.0,9664
8084371,1,2,1,10,2024,2,44,4.0,800000.0,61070
8053022,1,1,1,10,2024,1,54,5.0,600000.0,34241
8079018,1,1,1,10,2024,1,42,5.0,1300000.0,49662
8075934,1,1,1,10,2024,1,25,5.0,850000.0,42493
8048128,1,3,1,10,2024,1,34,5.0,1394000.0,23124
8042655,1,1,1,10,2024,1,70,3.0,750000.0,10238
8042147,1,1,1,10,2024,1,50,3.0,1300000.0,9164
8038630,1,1,1,10,2024,1,50,10.0,2000000.0,1048
8056246,3,2,3,10,2024,1,20,5.0,1080000.0,40916
8040809,1,1,1,10,2024,1,63,9.0,2000000.0,6077
8052762,1,1,1,10,2024,1,47,4.0,1700000.0,33529
8042075,1,1,1,10,2024,1,56,5.0,1200000.0,8969
8078313,1,2,1,10,2024,2,48,3.0,60000.0,48152
8054371,1,2,1,10,2024,2,48,8.0,1300000.0,37102
8076498,1,1,1,10,2024,2,32,5.0,1300000.0,44017
8054423,1,1,1,10,2024,2,25,5.0,800000.0,37227
8041731,1,2,1,10,2024,1,41,1.0,380000.0,8206
8038757,1,5,1,10,2024,1,30,3.0,800000.0,1426
8053936,1,2,1,10,2024,1,27,10.0,1500000.0,36182
8052946,1,2,1,10,2024,2,25,5.0,1000000.0,33996
8080213,1,4,1,10,2024,1,24,8.0,1300000.0,52580
8079720,1,1,1,10,2024,1,27,5.0,600000.0,51300
8044843,1,2,1,10,2024,2,47,13.0,10000000.0,15638
8085773,1,2,1,10,2024,2,33,5.0,0.0,62827
8043412,1,1,1,10,2024,2,47,4.0,800000.0,11909
8086653,1,2,1,10,2024,1,30,5.0,600000.0,64234
8052777,1,1,1,10,2024,1,59,3.0,1450000.0,33569
8077931,1,5,1,10,2024,1,68,1.0,320000.0,47256
8049421,1,1,1,10,2024,1,29,7.0,2000000.0,25534
8076429,1,2,1,10,2024,1,36,5.0,300000.0,43824
8047195,1,2,1,10,2024,1,28,5.0,1500000.0,21169
8086051,1,1,1,10,2024,2,40,5.0,1350000.0,63229
8047021,1,1,1,10,2024,2,40,10.0,1500000.0,20848
8044336,1,1,1,10,2024,1,56,10.0,5000000.0,14271
8043356,1,1,1,10,2024,2,28,5.0,1600000.0,11774
8050538,1,3,1,10,2024,1,54,5.0,1400000.0,28250
8048850,1,5,1,10,2024,2,37,8.0,350000.0,24435
8052283,1,2,1,10,2024,1,66,3.0,600000.0,32323
8082756,1,1,1,10,2024,2,43,10.0,1200000.0,57499
8039122,1,3,1,10,2024,1,50,5.0,600000.0,2362
8054778,1,2,1,10,2024,1,34,9.0,1500000.0,38053
8048524,1,3,1,10,2024,2,26,5.0,1300000.0,23854
8041070,1,1,1,10,2024,1,38,10.0,8000000.0,6721
8051850,1,1,1,10,2024,1,63,5.0,2100000.0,31251
8080125,1,1,1,10,2024,2,41,8.0,2500000.0,52355
8039768,1,1,1,10,2024,2,37,8.0,4150000.0,3694
8079740,1,5,1,10,2024,2,22,8.0,1300000.0,51395
8040294,1,2,1,10,2024,1,41,5.0,900000.0,4884
8084918,1,1,1,10,2024,2,44,3.0,650000.0,62194
8053464,1,2,1,10,2024,2,25,11.0,3500000.0,35211
8048031,1,2,1,10,2024,2,27,5.0,300000.0,22884
8077319,1,1,1,10,2024,1,46,3.0,1300000.0,45982
8045415,1,1,1,10,2024,2,55,8.0,1600000.0,17201
8044477,1,2,1,10,2024,2,40,11.0,4900000.0,14650
8053443,1,1,1,10,2024,2,50,5.0,1700000.0,35176
8048291,1,1,1,10,2024,2,42,4.0,600000.0,23449
8050697,1,2,1,10,2024,2,27,5.0,700000.0,28616
8084111,1,1,1,10,2024,1,22,5.0,1300000.0,60531
8055457,1,1,1,10,2024,1,74,5.0,1000000.0,39401
8047689,1,2,1,10,2024,1,64,3.0,700000.0,22142
8043233,1,2,1,10,2024,1,59,1.0,1300000.0,11447
8055786,1,1,1,10,2024,1,61,4.0,550000.0,39963
8049361,1,1,1,10,2024,1,29,5.0,1300000.0,25438
8050783,1,1,1,10,2024,2,34,9.0,1300000.0,28826
8052219,1,3,1,10,2024,1,16,4.0,1500000.0,32142
8044834,1,1,1,10,2024,1,57,5.0,2600000.0,15608
8047373,1,2,1,10,2024,2,41,11.0,2000000.0,21542
8039991,1,1,1,10,2024,2,49,8.0,800000.0,4133
8084420,1,1,1,10,2024,1,27,10.0,7000000.0,61172
8040379,1,2,1,10,2024,2,35,5.0,1400000.0,5078
8081480,1,5,1,10,2024,2,67,4.0,1200000.0,55247
8040239,1,3,1,10,2024,2,31,5.0,950000.0,4769
8038808,1,1,1,10,2024,1,60,3.0,800000.0,1537
8039799,1,2,1,10,2024,1,38,2.0,1100000.0,3745
8040052,1,5,1,10,2024,2,53,3.0,1300000.0,4274
8053604,1,2,1,10,2024,1,58,5.0,2200000.0,35503
8038861,1,1,1,10,2024,2,43,5.0,200000.0,1664
8043791,1,1,1,10,2024,1,32,3.0,900000.0,12919
8043220,1,2,1,10,2024,2,51,5.0,1380000.0,11425
8083046,1,2,1,10,2024,1,41,5.0,780000.0,58198
8076012,1,2,1,10,2024,1,39,3.0,1300000.0,42741
8078417,1,1,1,10,2024,1,41,3.0,1400000.0,48364
8038604,1,3,1,10,2024,2,21,10.0,1500000.0,975
8042998,1,1,1,10,2024,2,68,3.0,700000.0,10911
8040917,1,2,1,10,2024,1,44,5.0,900000.0,6354
8045449,1,1,1,10,2024,1,39,4.0,1300000.0,17298
8078282,3,1,3,10,2024,2,18,4.0,1000000.0,48063
8043560,1,2,1,10,2024,2,51,11.0,1462000.0,12305
8082889,1,3,1,10,2024,1,43,5.0,2000000.0,57840
8086361,1,1,1,10,2024,1,61,9.0,3000000.0,63531
8041949,1,2,1,10,2024,2,45,9.0,350000.0,8694
8079082,1,2,1,10,2024,2,50,3.0,1300000.0,49824
8041023,1,2,1,10,2024,2,25,5.0,1400000.0,6614
8047991,1,1,1,10,2024,1,35,5.0,1800000.0,22808
8077810,1,3,1,10,2024,2,25,8.0,1300000.0,47011
8084518,1,2,1,10,2024,2,28,8.0,1100000.0,61344
8050633,1,2,1,10,2024,1,41,4.0,620000.0,28478
8050326,1,1,1,10,2024,2,62,5.0,200000.0,27628
8080252,1,2,1,10,2024,2,34,5.0,1300000.0,52694
8081684,1,1,1,10,2024,2,49,3.0,500000.0,55598
8054682,1,1,1,10,2024,2,73,4.0,150000.0,37794
8077195,1,1,1,10,2024,1,53,4.0,1200000.0,45695
8079442,1,2,1,10,2024,2,31,11.0,2000000.0,50762
8038267,1,3,1,10,2024,1,59,4.0,2100000.0,222
8041856,1,5,1,10,2024,1,20,5.0,1200000.0,8445
8076254,1,1,1,10,2024,1,36,5.0,1300000.0,43416
8039063,1,1,1,10,2024,1,56,6.0,900000.0,2182
8051802,1,1,1,10,2024,1,64,3.0,1800000.0,31087
8038738,1,2,1,10,2024,1,58,5.0,1500000.0,1360
8082545,1,1,1,10,2024,1,46,8.0,1400000.0,56952
8082456,1,2,1,10,2024,1,27,4.0,1300000.0,56747
8051783,1,1,1,10,2024,1,32,5.0,1800000.0,31030
8038260,1,1,1,10,2024,2,45,10.0,7000000.0,194
8054982,1,1,1,10,2024,2,49,5.0,800000.0,38495
8084680,1,1,1,10,2024,2,32,5.0,1688000.0,61676
8045639,1,3,1,10,2024,2,38,9.0,1900000.0,17805
8052187,1,1,1,10,2024,1,72,3.0,1680000.0,32050
8045037,1,2,1,10,2024,1,34,11.0,4000000.0,16169
8049277,1,1,1,10,2024,1,68,5.0,1500000.0,25259
8040866,1,1,1,10,2024,2,44,8.0,230000.0,6238
8050963,1,1,1,10,2024,2,51,10.0,2600000.0,29329
8047139,1,3,1,10,2024,2,24,12.0,4400000.0,21056
8041510,1,6,1,10,2024,2,26,8.0,1300000.0,7735
8077395,1,2,1,10,2024,1,68,1.0,150000.0,46158
8041101,1,1,1,10,2024,1,50,5.0,1000000.0,6774
8045336,1,2,1,10,2024,1,50,3.0,1600000.0,16974
8046571,1,1,1,10,2024,1,52,5.0,2600000.0,19918
8082997,1,2,1,10,2024,2,47,10.0,2000000.0,58070
8040837,1,3,1,10,2024,2,64,9.0,1000000.0,6134
8051253,1,3,1,10,2024,2,23,10.0,1300000.0,29683
8050236,1,2,1,10,2024,1,19,5.0,1000000.0,27423
8082243,1,1,1,10,2024,1,44,5.0,1100000.0,56342
8040757,1,4,1,10,2024,2,45,3.0,1300000.0,5967
8051516,1,3,1,10,2024,1,29,8.0,1200000.0,30392
8049683,1,1,1,10,2024,1,23,4.0,500000.0,26063
8043369,1,2,1,10,2024,2,51,3.0,2160000.0,11803
8056065,1,1,1,10,2024,2,52,10.0,4800000.0,40516
8046891,1,1,1,10,2024,2,22,4.0,252000.0,20670
8083288,1,1,1,10,2024,1,60,3.0,600000.0,58749
8051501,1,1,1,10,2024,1,74,5.0,1100000.0,30356
8049234,1,1,1,10,2024,2,56,3.0,1000000.0,25158
8039898,1,2,1,10,2024,1,38,3.0,500000.0,3938
8079607,1,1,1,10,2024,1,44,9.0,1300000.0,51055
8047922,1,1,1,10,2024,1,52,3.0,900000.0,22692
8056411,1,1,1,10,2024,1,30,5.0,1500000.0,41294
8048867,1,3,1,10,2024,2,17,5.0,500000.0,24476
8083982,1,1,1,10,2024,2,29,4.0,1200000.0,60143
8051759,1,1,1,10,2024,2,64,11.0,6259000.0,30982
8052599,1,3,1,10,2024,2,59,3.0,1300000.0,33208
8044828,1,2,1,10,2024,1,39,3.0,745000.0,15595
8048673,1,5,1,10,2024,2,31,5.0,1800000.0,24090
8079731,1,3,1,10,2024,1,53,5.0,1400000.0,51344
8044455,1,1,1,10,2024,2,19,5.0,1300000.0,14591
8054816,1,1,1,10,2024,1,66,3.0,600000.0,38128
8079453,1,2,1,10,2024,2,39,10.0,1600000.0,50790
8076851,1,1,1,10,2024,1,34,5.0,1300000.0,44827
8049749,1,2,1,10,2024,1,37,1.0,1410000.0,26262
8084712,1,3,1,10,2024,2,38,11.0,4600000.0,61735
8050413,1,2,1,10,2024,2,31,10.0,2500000.0,27871
8049605,1,1,1,10,2024,2,41,8.0,1800000.0,25865
8046540,1,1,1,10,2024,2,52,3.0,30000.0,19817
8080137,1,2,1,10,2024,1,33,5.0,800000.0,52393
8048834,1,3,1,10,2024,1,35,5.0,2400000.0,24397
8083136,1,3,1,10,2024,2,44,10.0,700000.0,58417
8052125,1,3,1,10,2024,2,26,10.0,600000.0,31919
8047645,1,1,1,10,2024,1,25,5.0,1000000.0,22064
8054659,1,1,1,10,2024,2,26,5.0,1500000.0,37745
8042800,1,1,1,10,2024,1,60,3.0,800000.0,10584
8055590,1,3,1,10,2024,2,40,8.0,2900000.0,39601
8044016,1,1,1,10,2024,2,54,5.0,2500000.0,13452
8054955,1,3,1,10,2024,1,20,10.0,1462000.0,38438
8048354,1,2,1,10,2024,1,32,4.0,600000.0,23559
8039127,1,1,1,10,2024,1,30,5.0,2300000.0,2386
8056346,1,2,1,10,2024,1,44,3.0,850000.0,41119
8056114,1,2,1,10,2024,1,51,5.0,1000000.0,40623
8056075,1,2,1,10,2024,2,24,8.0,1300000.0,40541
8047342,1,6,1,10,2024,1,19,5.0,834000.0,21470
8046188,1,1,1,10,2024,1,22,5.0,1300000.0,18925
8051416,1,3,1,10,2024,1,22,5.0,900000.0,30140
8077458,1,2,1,10,2024,2,40,3.0,1650000.0,46291
8056232,1,2,1,10,2024,1,38,5.0,1300000.0,40878
8053571,1,1,1,10,2024,1,43,5.0,1300000.0,35417
8052984,1,10,1,10,2024,2,37,4.0,650000.0,34109
8086558,1,1,1,10,2024,1,38,11.0,1000000.0,63980
8051606,1,2,1,10,2024,1,67,3.0,1300000.0,30587
8082308,1,1,1,10,2024,2,63,3.0,1000000.0,56440
8050989,1,2,1,10,2024,1,31,4.0,1950000.0,29401
8041266,1,1,1,10,2024,1,50,5.0,1300000.0,7199
8046334,1,3,1,10,2024,1,20,5.0,1300000.0,19313
8052568,1,1,1,10,2024,1,58,3.0,1000000.0,33120
8080121,1,1,1,10,2024,2,22,4.0,300000.0,52344
8054345,1,1,1,10,2024,2,49,5.0,1200000.0,37055
8054447,1,2,1,10,2024,2,37,5.0,350000.0,37303
8038352,1,1,1,10,2024,1,53,5.0,2000000.0,441
8038656,1,5,1,10,2024,1,23,4.0,1000000.0,1104
8055594,1,1,1,10,2024,2,45,9.0,2200000.0,39607
8084177,1,3,1,10,2024,2,18,8.0,180000.0,60627
8078592,1,2,1,10,2024,2,42,5.0,150000.0,48748
8039298,1,2,1,10,2024,2,34,11.0,1300000.0,2824
8043377,1,2,1,10,2024,1,43,3.0,1300000.0,11819
8082342,1,1,1,10,2024,1,60,5.0,1500000.0,56519
8039177,1,1,1,10,2024,2,28,10.0,1800000.0,2514
8082122,1,1,1,10,2024,2,39,5.0,400000.0,56135
8049538,1,1,1,10,2024,1,43,3.0,900000.0,25702
8053669,1,1,1,10,2024,1,21,6.0,2400000.0,35649
8082661,1,2,1,10,2024,2,32,8.0,1400000.0,57257
8055299,1,1,1,10,2024,2,51,3.0,400000.0,39124
8055702,1,1,1,10,2024,2,38,10.0,3000000.0,39865
8041465,1,1,1,10,2024,2,25,5.0,720000.0,7625
8054155,1,1,1,10,2024,2,54,3.0,400000.0,36611
8045571,1,3,1,10,2024,1,42,3.0,1600000.0,17645
8084097,1,4,1,10,2024,1,64,4.0,1300000.0,60495
8080138,1,3,1,10,2024,2,21,5.0,200000.0,52396
8077715,1,1,1,10,2024,2,68,1.0,300000.0,46797
8082831,1,1,1,10,2024,1,51,5.0,2500000.0,57691
8054435,1,1,1,10,2024,2,25,3.0,900000.0,37277
8077007,1,1,1,10,2024,1,53,3.0,700000.0,45149
8048002,1,4,1,10,2024,1,68,4.0,2000000.0,22838
8050335,1,2,1,10,2024,2,43,5.0,100000.0,27657
8055350,1,2,1,10,2024,1,22,10.0,1000000.0,39220
8047555,1,1,1,10,2024,1,39,11.0,3000000.0,21833
8040123,1,1,1,10,2024,1,41,11.0,4000000.0,4431
8040473,1,1,1,10,2024,2,51,6.0,900000.0,5318
8077452,1,1,1,10,2024,1,39,6.0,1400000.0,46274
8050069,1,1,1,10,2024,1,73,3.0,700000.0,27045
8038297,1,4,1,10,2024,2,32,9.0,1300000.0,303
8051676,1,1,1,10,2024,1,53,4.0,1000000.0,30750
8078991,1,1,1,10,2024,1,33,3.0,1000000.0,49611
8086482,1,1,1,10,2024,1,59,1.0,80000.0,63779
8051690,1,1,1,10,2024,2,60,11.0,4700000.0,30782
8043400,1,2,1,10,2024,2,29,4.0,3700000.0,11868
8080249,1,1,1,10,2024,1,54,3.0,1300000.0,52681
8045480,1,1,1,10,2024,2,64,3.0,28000.0,17395
8085790,1,1,1,10,2024,2,37,9.0,2500000.0,62873
8046523,1,3,1,10,2024,2,24,9.0,1800000.0,19772
8040123,1,2,1,10,2024,2,38,8.0,2600000.0,4432
8044625,1,1,1,10,2024,1,53,5.0,1300000.0,15064
8038270,1,1,1,10,2024,1,26,5.0,1050000.0,228
8078323,1,1,1,10,2024,2,50,3.0,1220000.0,48166
8050999,1,4,1,10,2024,2,27,10.0,1900000.0,29436
8052488,1,1,1,10,2024,1,47,3.0,1300000.0,32904
8038656,1,1,1,10,2024,1,32,8.0,800000.0,1100
8078578,1,1,1,10,2024,1,64,3.0,1000000.0,48718
8077513,1,1,1,10,2024,1,52,3.0,1500000.0,46368
8077224,1,1,1,10,2024,2,56,3.0,1980000.0,45759
8047869,1,2,1,10,2024,1,58,10.0,3600000.0,22581
8047791,1,5,1,10,2024,2,62,5.0,300000.0,22401
8041147,1,1,1,10,2024,1,49,6.0,1200000.0,6907
8040335,1,1,1,10,2024,1,32,9.0,1500000.0,4980
8084844,1,1,1,10,2024,1,59,10.0,3000000.0,62032
8041099,1,1,1,10,2024,2,34,10.0,2100000.0,6769
8052721,1,3,1,10,2024,1,18,4.0,590000.0,33434
8042136,1,1,1,10,2024,2,64,4.0,90000.0,9143
8040288,1,4,1,10,2024,1,25,5.0,750000.0,4870
8051531,1,1,1,10,2024,1,61,9.0,3000000.0,30423
8077029,1,5,1,10,2024,2,19,4.0,160000.0,45207
8054730,1,2,1,10,2024,1,39,6.0,1300000.0,37913
8046890,1,1,1,10,2024,2,45,10.0,2500000.0,20667
8048047,1,2,1,10,2024,2,28,10.0,1000000.0,22905
8086474,1,4,1,10,2024,1,26,3.0,900000.0,63761
8055018,1,3,1,10,2024,1,35,5.0,900000.0,38579
8043080,1,1,1,10,2024,2,30,4.0,600000.0,11105
8039728,1,2,1,10,2024,1,40,5.0,2000000.0,3616
8078651,1,1,1,10,2024,1,24,8.0,1400000.0,48869
8047509,1,2,1,10,2024,1,62,4.0,1400000.0,21748
8050735,1,3,1,10,2024,1,32,10.0,2000000.0,28694
8045345,1,1,1,10,2024,2,45,8.0,4500000.0,16999
8054538,1,1,1,10,2024,1,28,10.0,2600000.0,37489
8050526,1,2,1,10,2024,2,30,5.0,1300000.0,28209
8049151,1,1,1,10,2024,1,58,5.0,1200000.0,25016
8044046,1,3,1,10,2024,1,36,5.0,1300000.0,13512
8043228,1,1,1,10,2024,1,46,10.0,3000000.0,11441
8078844,1,1,1,10,2024,1,62,10.0,1000000.0,49278
8054177,1,3,1,10,2024,1,36,8.0,600000.0,36665
8050955,1,1,1,10,2024,2,47,3.0,1800000.0,29303
8042889,1,2,1,10,2024,2,46,5.0,1000000.0,10759
8080280,1,5,1,10,2024,1,36,5.0,1300000.0,52759
8055071,1,3,1,10,2024,1,18,4.0,600000.0,38707
8041940,1,2,1,10,2024,2,34,5.0,1600000.0,8667
8084964,1,2,1,10,2024,1,21,4.0,1800000.0,62305
8076020,1,1,1,10,2024,1,40,3.0,1450000.0,42763
8084631,1,1,1,10,2024,1,68,3.0,1800000.0,61543
8039541,1,1,1,10,2024,1,29,5.0,1500000.0,3265
8048047,1,1,1,10,2024,1,35,10.0,2000000.0,22904
8039986,1,2,1,10,2024,1,43,6.0,700000.0,4120
8078508,1,1,1,10,2024,1,45,8.0,1300000.0,48562
8044321,1,2,1,10,2024,2,27,8.0,3000000.0,14234
8056400,1,3,1,10,2024,1,39,3.0,1400000.0,41260
8050188,1,3,1,10,2024,1,19,10.0,1000000.0,27301
8077023,1,2,1,10,2024,1,37,5.0,1600000.0,45187
8052318,1,1,1,10,2024,2,47,4.0,1300000.0,32442
8041353,1,4,1,10,2024,2,38,4.0,600000.0,7334
8083152,1,2,1,10,2024,1,32,4.0,600000.0,58454
8045405,1,2,1,10,2024,1,31,4.0,1500000.0,17171
8080970,1,1,1,10,2024,2,27,10.0,7300000.0,54135
8056469,1,3,1,10,2024,2,26,5.0,1800000.0,41387
8053396,1,1,1,10,2024,1,54,5.0,2000000.0,35113
8047344,1,2,1,10,2024,2,50,3.0,1300000.0,21476
8049860,1,7,1,10,2024,1,18,5.0,640000.0,26536
8049821,1,2,1,10,2024,1,37,5.0,1200000.0,26447
8043717,1,1,1,10,2024,1,59,4.0,1200000.0,12707
8045960,1,1,1,10,2024,2,33,8.0,1000000.0,18343
8045671,1,1,1,10,2024,1,57,3.0,1500000.0,17893
8075854,1,1,1,10,2024,2,35,3.0,600000.0,42261
8041956,1,3,1,10,2024,1,40,3.0,1300000.0,8721
8052728,1,1,1,10,2024,1,32,3.0,1300000.0,33449
8044143,1,1,1,10,2024,2,32,11.0,8500000.0,13745
8045172,1,1,1,10,2024,1,47,10.0,1300000.0,16533
8084478,1,3,1,10,2024,1,25,5.0,1420000.0,61265
8041001,1,2,1,10,2024,1,42,4.0,800000.0,6544
8079148,1,2,1,10,2024,1,45,4.0,200000.0,49957
8079174,1,2,1,10,2024,1,54,5.0,2400000.0,50042
8053668,1,1,1,10,2024,1,26,10.0,600000.0,35648
8083461,1,1,1,10,2024,2,30,5.0,1300000.0,59122
8047279,1,2,1,10,2024,2,23,8.0,1600000.0,21349
8083672,1,4,1,10,2024,1,60,5.0,900000.0,59520
8079155,1,1,1,10,2024,1,52,3.0,720000.0,49982
8040471,1,1,1,10,2024,2,26,6.0,1300000.0,5311
8052328,1,6,1,10,2024,1,17,5.0,500000.0,32482
8044696,1,2,1,10,2024,1,33,5.0,1300000.0,15258
8048473,1,5,1,10,2024,2,74,1.0,300000.0,23752
8048916,1,1,1,10,2024,1,44,4.0,1400000.0,24584
8077929,1,3,1,10,2024,1,32,3.0,300000.0,47244
8077963,1,1,1,10,2024,2,67,1.0,200000.0,47319
8082709,1,1,1,10,2024,1,53,3.0,400000.0,57375
8082389,1,1,1,10,2024,2,68,8.0,4600000.0,56613
8086871,1,1,1,10,2024,1,34,10.0,4000000.0,64625
8051981,1,2,1,10,2024,2,36,10.0,3000000.0,31562
8054119,1,1,1,10,2024,1,34,5.0,960000.0,36536
8051286,1,1,1,10,2024,1,38,5.0,2900000.0,29766
8045116,1,1,1,10,2024,1,68,3.0,500000.0,16378
8040353,1,2,1,10,2024,2,52,5.0,500000.0,5018
8078375,1,1,1,10,2024,2,61,6.0,1000000.0,48287
8043834,1,5,1,10,2024,2,44,8.0,500000.0,13011
8047561,1,5,1,10,2024,2,19,10.0,980000.0,21847
8081442,1,1,1,10,2024,2,54,9.0,1800000.0,55166
8044607,1,2,1,10,2024,2,35,11.0,3000000.0,15020
8078514,1,2,1,10,2024,1,27,9.0,1300000.0,48571
8043699,1,4,1,10,2024,2,20,10.0,1300000.0,12663
8080179,1,2,1,10,2024,2,58,11.0,4500000.0,52496
8044520,1,2,1,10,2024,1,40,3.0,700000.0,14775
8050977,1,2,1,10,2024,2,47,11.0,5551000.0,29367
8079723,1,1,1,10,2024,2,32,5.0,1120000.0,51307
8044213,1,2,1,10,2024,2,29,11.0,3350000.0,13902
8049630,1,2,1,10,2024,2,24,8.0,1160000.0,25950
8084775,1,1,1,10,2024,2,46,5.0,2000000.0,61883
8086581,1,1,1,10,2024,2,61,9.0,812000.0,64047
8046766,1,3,1,10,2024,2,45,10.0,3200000.0,20402
8084251,1,1,1,10,2024,1,33,10.0,2800000.0,60811
8055219,1,2,1,10,2024,2,33,10.0,500000.0,38991
8052126,1,1,1,10,2024,1,54,4.0,400000.0,31920
8076912,1,1,1,10,2024,1,36,3.0,1550000.0,44955
8038443,1,1,1,10,2024,2,54,9.0,2500000.0,669
8081195,1,1,1,10,2024,1,34,11.0,1500000.0,54542
8049103,1,3,1,10,2024,1,19,4.0,350000.0,24925
8039830,1,1,1,10,2024,2,40,5.0,1500000.0,3798
8038976,1,1,1,10,2024,1,34,5.0,1300000.0,1946
8085987,1,2,1,10,2024,1,24,5.0,1300000.0,63156
8079724,1,1,1,10,2024,1,63,5.0,1700000.0,51311
8077394,1,2,1,10,2024,2,72,5.0,200000.0,46156
8046509,1,8,1,10,2024,1,59,3.0,600000.0,19723
8081061,1,1,1,10,2024,2,55,10.0,2200000.0,54328
8050364,1,3,1,10,2024,1,18,5.0,100000.0,27772
8084526,1,1,1,10,2024,2,39,4.0,80000.0,61364
8041182,1,5,1,10,2024,2,17,4.0,50000.0,7014
8051367,1,2,1,10,2024,2,53,12.0,3700000.0,30011
8049390,1,1,1,10,2024,1,63,11.0,5200000.0,25491
8045483,1,2,1,10,2024,1,24,5.0,1050000.0,17405
8079979,1,1,1,10,2024,2,66,4.0,1300000.0,52011
8044717,1,2,1,10,2024,1,58,3.0,400000.0,15313
8043211,1,2,1,10,2024,2,27,8.0,1300000.0,11399
8082486,1,2,1,10,2024,2,32,3.0,350000.0,56819
8043722,1,2,1,10,2024,1,32,5.0,390000.0,12721
8049297,1,1,1,10,2024,2,28,10.0,1300000.0,25304
8047073,1,4,1,10,2024,1,64,4.0,600000.0,20933
8084048,1,2,1,10,2024,2,54,10.0,2500000.0,60358
8053507,1,1,1,10,2024,1,48,9.0,1800000.0,35270
8050860,1,4,1,10,2024,1,41,3.0,350000.0,29031
8040264,1,1,1,10,2024,1,67,5.0,2000000.0,4794
8055071,1,1,1,10,2024,2,41,10.0,1300000.0,38705
8083974,1,1,1,10,2024,2,42,6.0,1400000.0,60115
8085797,1,1,1,10,2024,2,56,4.0,400000.0,62893
8047669,1,1,1,10,2024,1,39,10.0,6000000.0,22100
8075993,1,1,1,10,2024,1,56,4.0,1300000.0,42686
8079402,1,2,1,10,2024,2,58,4.0,600000.0,50648
8084818,1,6,1,10,2024,2,36,5.0,500000.0,61977
8038685,1,1,1,10,2024,1,62,4.0,900000.0,1208
8043955,1,1,1,10,2024,1,26,3.0,850000.0,13314
8039310,1,1,1,10,2024,2,33,8.0,1700000.0,2852
8080039,1,1,1,10,2024,2,26,11.0,6750000.0,52115
8079162,1,1,1,10,2024,1,30,5.0,1300000.0,50003
8051302,1,2,1,10,2024,2,31,3.0,1300000.0,29819
8051691,1,1,1,10,2024,2,45,11.0,4500000.0,30784
8079692,1,3,1,10,2024,2,41,11.0,4000000.0,51232
8050150,1,2,1,10,2024,2,61,5.0,300000.0,27210
8056101,1,1,1,10,2024,2,47,4.0,500000.0,40600
8052509,1,3,1,10,2024,1,19,3.0,700000.0,32964
8042255,1,3,1,10,2024,1,49,5.0,1500000.0,9436
8079734,4,2,4,10,2024,2,24,8.0,1320000.0,51366
8051656,1,1,1,10,2024,1,41,11.0,4800000.0,30706
8042678,1,1,1,10,2024,2,34,5.0,450000.0,10289
8053135,1,2,1,10,2024,2,32,9.0,2000000.0,34454
8086545,1,2,1,10,2024,1,41,4.0,2000000.0,63937
8050752,1,3,1,10,2024,2,26,10.0,2400000.0,28742
8082303,1,3,1,10,2024,1,31,3.0,1000000.0,56429
8039396,1,2,1,10,2024,2,27,5.0,1300000.0,2970
8041243,1,1,1,10,2024,1,74,4.0,160000.0,7153
8041206,1,1,1,10,2024,2,27,5.0,764000.0,7069
8054120,1,3,1,10,2024,2,59,5.0,1500000.0,36544
8050481,1,1,1,10,2024,1,29,4.0,900000.0,28051
8082363,1,2,1,10,2024,1,38,10.0,3500000.0,56556
8046874,1,1,1,10,2024,1,52,6.0,1700000.0,20621
8052453,1,1,1,10,2024,1,43,3.0,1000000.0,32819
8042845,1,2,1,10,2024,1,49,8.0,1600000.0,10680
8041856,1,3,1,10,2024,2,43,5.0,1300000.0,8443
8046749,1,2,1,10,2024,1,40,4.0,300000.0,20354
8079538,1,1,1,10,2024,2,50,3.0,2500000.0,50953
8051921,1,1,1,10,2024,1,72,11.0,3000000.0,31413
8048437,1,1,1,10,2024,2,42,10.0,1550000.0,23680
8039536,1,2,1,10,2024,1,23,10.0,350000.0,3257
8084919,1,1,1,10,2024,2,47,3.0,400000.0,62203
8083161,1,1,1,10,2024,2,45,11.0,2500000.0,58470
8042029,1,2,1,10,2024,2,28,10.0,1500000.0,8920
8086267,1,1,1,10,2024,2,35,3.0,400000.0,63361
8078816,1,2,1,10,2024,2,58,3.0,80000.0,49216
8078767,1,1,1,10,2024,1,34,5.0,1300000.0,49126
8045760,1,1,1,10,2024,1,62,8.0,2500000.0,18119
8039523,1,2,1,10,2024,2,39,6.0,800000.0,3227
8042150,1,4,1,10,2024,2,20,5.0,430000.0,9173
8076196,1,1,1,10,2024,1,62,4.0,550000.0,43293
8040355,1,1,1,10,2024,1,77,3.0,200000.0,5020
8084264,1,2,1,10,2024,2,30,10.0,2200000.0,60842
8044637,1,2,1,10,2024,1,32,3.0,300000.0,15101
8046596,1,1,1,10,2024,1,50,5.0,600000.0,20003
8043275,1,1,1,10,2024,1,51,3.0,0.0,11545
8047792,1,1,1,10,2024,2,44,3.0,340000.0,22402
8052911,1,1,1,10,2024,2,22,4.0,2050000.0,33891
8078117,1,2,1,10,2024,1,64,3.0,250000.0,47673
8050574,1,1,1,10,2024,2,70,1.0,600000.0,28347
8048798,1,3,1,10,2024,1,38,12.0,15600000.0,24319
8042191,1,4,1,10,2024,1,23,5.0,600000.0,9289
8078741,1,4,1,10,2024,2,24,8.0,900000.0,49059
8077000,1,2,1,10,2024,1,26,4.0,800000.0,45129
8041878,1,2,1,10,2024,1,25,5.0,1380000.0,8504
8051627,1,1,1,10,2024,2,64,5.0,900000.0,30637
8041982,1,3,1,10,2024,2,22,10.0,1800000.0,8791
8050466,1,2,1,10,2024,1,57,3.0,1000000.0,28005
8080148,1,1,1,10,2024,1,56,5.0,1300000.0,52419
8046785,1,2,1,10,2024,2,62,10.0,4500000.0,20430
8042071,1,5,1,10,2024,2,55,1.0,50000.0,8961
8038191,1,1,1,10,2024,2,42,8.0,1300000.0,19
8077876,1,1,1,10,2024,1,38,3.0,840000.0,47131
8078284,1,1,1,10,2024,1,56,1.0,200000.0,48069
8054706,1,3,1,10,2024,1,39,5.0,1200000.0,37845
8084179,1,4,1,10,2024,1,63,3.0,1200000.0,60639
8056389,1,4,1,10,2024,2,28,5.0,500000.0,41229
8041002,1,4,1,10,2024,1,20,5.0,1300000.0,6550
8045377,1,1,1,10,2024,1,50,3.0,1800000.0,17082
8049935,1,1,1,10,2024,2,45,5.0,750000.0,26712
8038194,1,2,1,10,2024,2,31,5.0,400000.0,29
8080297,1,1,1,10,2024,1,35,12.0,4800000.0,52789
8050962,1,1,1,10,2024,1,59,8.0,1600000.0,29325
8083068,1,1,1,10,2024,2,71,3.0,120000.0,58246
8080576,1,2,1,10,2024,1,54,3.0,2200000.0,53349
8050999,1,1,1,10,2024,1,60,5.0,1800000.0,29433
8083434,1,1,1,10,2024,1,59,10.0,1200000.0,59061
8054406,1,1,1,10,2024,1,39,5.0,1300000.0,37195
8046511,1,7,1,10,2024,1,33,11.0,1300000.0,19733
8086117,1,1,1,10,2024,2,62,11.0,3250000.0,63309
8082542,1,1,1,10,2024,1,31,9.0,2000000.0,56945
8038285,1,1,1,10,2024,1,51,11.0,3500000.0,262
8050020,1,1,1,10,2024,1,37,4.0,1350000.0,26912
8047528,1,1,1,10,2024,2,56,4.0,500000.0,21772
8051064,1,1,1,10,2024,1,26,5.0,1100000.0,29590
8078488,1,1,1,10,2024,1,46,5.0,396000.0,48524
8083228,1,1,1,10,2024,1,30,10.0,1300000.0,58607
8038441,1,4,1,10,2024,2,29,10.0,3500000.0,665
8052749,1,1,1,10,2024,1,38,5.0,1300000.0,33503
8041454,1,1,1,10,2024,1,64,5.0,3000000.0,7599
8080483,1,1,1,10,2024,2,17,5.0,1000000.0,53167
8047997,1,1,1,10,2024,1,53,5.0,1100000.0,22818
8082997,1,1,1,10,2024,1,58,9.0,2000000.0,58069
8086598,1,1,1,10,2024,1,53,3.0,1000000.0,64103
8086447,1,5,1,10,2024,1,30,3.0,60000.0,63696
8040216,1,3,1,10,2024,2,26,10.0,2500000.0,4698
8083952,1,2,1,10,2024,1,33,5.0,200000.0,60055
8080701,1,1,1,10,2024,2,57,3.0,1300000.0,53611
8040901,1,1,1,10,2024,1,47,3.0,800000.0,6315
8046709,1,1,1,10,2024,2,36,5.0,1300000.0,20257
8079780,1,2,1,10,2024,2,24,5.0,1400000.0,51550
8079377,1,2,1,10,2024,1,26,5.0,1000000.0,50601
8045398,1,1,1,10,2024,1,45,9.0,2000000.0,17146
8042388,1,2,1,10,2024,2,23,6.0,1000000.0,9693
8077121,1,1,1,10,2024,1,73,3.0,600000.0,45490
8054315,1,2,1,10,2024,1,42,1.0,400000.0,36978
8079504,1,2,1,10,2024,2,32,10.0,2500000.0,50882
8053015,1,1,1,10,2024,2,26,4.0,300000.0,34218
8080174,1,2,1,10,2024,1,64,11.0,2600000.0,52480
8083338,1,1,1,10,2024,1,51,10.0,1300000.0,58879
8053102,1,2,1,10,2024,2,24,5.0,550000.0,34397
8054881,1,2,1,10,2024,1,20,5.0,1100000.0,38277
8075620,1,2,1,10,2024,1,45,3.0,1300000.0,41614
8079868,1,2,1,10,2024,2,31,10.0,2000000.0,51789
8045454,1,1,1,10,2024,1,32,5.0,1300000.0,17316
8049620,1,2,1,10,2024,1,40,3.0,1200000.0,25911
8086036,1,2,1,10,2024,1,20,10.0,200000.0,63210
8041113,1,1,1,10,2024,2,39,5.0,600000.0,6821
8052820,1,2,1,10,2024,2,28,8.0,1462000.0,33672
8040923,1,1,1,10,2024,2,64,5.0,1300000.0,6368
8082340,1,1,1,10,2024,1,50,3.0,1300000.0,56514
8047212,1,5,1,10,2024,1,58,5.0,600000.0,21206
8040332,1,1,1,10,2024,2,35,5.0,1200000.0,4973
8042668,1,1,1,10,2024,2,60,11.0,5000000.0,10265
8082306,1,3,1,10,2024,1,21,4.0,800000.0,56434
8042059,1,1,1,10,2024,2,50,5.0,1300000.0,8927
8083550,1,1,1,10,2024,2,27,10.0,2600000.0,59289
8083143,1,1,1,10,2024,1,37,5.0,400000.0,58432
8040619,1,1,1,10,2024,1,34,5.0,1500000.0,5656
8082649,1,1,1,10,2024,2,44,5.0,500000.0,57209
8086364,1,1,1,10,2024,1,61,9.0,3000000.0,63537
8042704,1,2,1,10,2024,2,53,3.0,1200000.0,10351
8082940,1,1,1,10,2024,2,46,5.0,600000.0,57946
8041008,1,1,1,10,2024,2,53,4.0,768000.0,6558
8053873,1,3,1,10,2024,1,20,8.0,1300000.0,36060
8052895,1,2,1,10,2024,2,42,3.0,160000.0,33851
8084694,1,2,1,10,2024,2,34,9.0,1800000.0,61703
8052237,1,1,1,10,2024,2,48,8.0,360000.0,32198
8055129,1,4,1,10,2024,1,32,5.0,0.0,38760
8078225,1,1,1,10,2024,2,73,1.0,200000.0,47930
8046782,1,2,1,10,2024,1,30,10.0,4000000.0,20427
8048124,1,2,1,10,2024,2,58,10.0,4200000.0,23107
8052306,1,1,1,10,2024,1,40,3.0,1600000.0,32409
8040557,1,1,1,10,2024,2,37,4.0,300000.0,5507
8044990,1,3,1,10,2024,2,43,4.0,1200000.0,16031
8055008,1,2,1,10,2024,1,50,5.0,1500000.0,38547
8040400,1,2,1,10,2024,2,34,4.0,1168800.0,5119
8045176,1,1,1,10,2024,2,38,4.0,1450000.0,16547
8043186,1,5,1,10,2024,1,24,3.0,1300000.0,11356
8044588,1,4,1,10,2024,1,32,4.0,1000000.0,14973
8041145,1,3,1,10,2024,1,61,3.0,250000.0,6902
8048769,1,1,1,10,2024,1,62,3.0,800000.0,24257
8040175,1,7,1,10,2024,1,39,8.0,1300000.0,4570
8041396,1,5,1,10,2024,1,27,12.0,650000.0,7458
8055787,1,4,1,10,2024,2,34,5.0,250000.0,39973
8048128,1,1,1,10,2024,1,49,5.0,1300000.0,23122
8048474,1,1,1,10,2024,2,36,10.0,2200000.0,23753
8043214,1,2,1,10,2024,2,34,10.0,6000000.0,11410
8043324,1,1,1,10,2024,2,38,3.0,300000.0,11677
8039588,1,1,1,10,2024,1,49,5.0,1300000.0,3338
8082925,1,1,1,10,2024,2,26,10.0,2000000.0,57919
8047280,1,2,1,10,2024,1,38,5.0,4000000.0,21351
8076821,1,1,1,10,2024,1,26,5.0,1200000.0,44753
8047932,1,2,1,10,2024,2,24,9.0,1300000.0,22705
8083017,1,4,1,10,2024,2,34,5.0,600000.0,58136
8056424,1,2,1,10,2024,1,43,5.0,1400000.0,41317
8082746,1,1,1,10,2024,1,53,10.0,2600000.0,57479
8078762,1,1,1,10,2024,1,28,5.0,350000.0,49109
8039861,1,1,1,10,2024,1,37,12.0,4000000.0,3854
8051259,1,1,1,10,2024,1,59,3.0,550000.0,29694
8083898,1,1,1,10,2024,1,53,6.0,2200000.0,59970
8038870,1,2,1,10,2024,2,52,3.0,1500000.0,1690
8082467,1,6,1,10,2024,2,18,4.0,1050000.0,56776
8050893,1,2,1,10,2024,1,55,4.0,1680000.0,29115
8079521,1,2,1,10,2024,1,47,4.0,1300000.0,50913
8081944,1,4,1,10,2024,1,21,5.0,300000.0,55896
8039031,1,1,1,10,2024,2,36,10.0,2100000.0,2076
8077080,1,1,1,10,2024,2,26,10.0,300000.0,45367
8076839,1,1,1,10,2024,1,24,6.0,1450000.0,44809
8085976,1,2,1,10,2024,2,58,3.0,250000.0,63124
8043352,1,1,1,10,2024,2,49,4.0,1300000.0,11766
8046619,1,4,1,10,2024,1,21,5.0,1000000.0,20053
8051937,1,5,1,10,2024,2,18,6.0,1100000.0,31450
8084625,1,3,1,10,2024,1,51,4.0,1300000.0,61535
8077721,1,2,1,10,2024,1,40,5.0,2500000.0,46808
8080902,1,1,1,10,2024,1,56,11.0,6200000.0,53975
8051741,1,3,1,10,2024,1,37,5.0,1600000.0,30927
8047099,1,1,1,10,2024,2,32,5.0,1300000.0,20987
8045667,1,1,1,10,2024,1,82,3.0,800000.0,17885
8077261,1,3,1,10,2024,1,36,5.0,1300000.0,45873
8040573,1,1,1,10,2024,1,38,5.0,1300000.0,5552
8077280,1,1,1,10,2024,1,32,12.0,3000000.0,45913
8044586,1,1,1,10,2024,1,48,11.0,23000000.0,14962
8050559,1,3,1,10,2024,2,40,5.0,2300000.0,28311
8078941,1,2,1,10,2024,2,33,5.0,600000.0,49499
8080986,1,2,1,10,2024,2,31,10.0,4000000.0,54161
8044504,1,2,1,10,2024,2,38,5.0,650000.0,14719
8055372,1,1,1,10,2024,1,53,5.0,1300000.0,39269
8085693,1,1,1,10,2024,1,54,9.0,1500000.0,62647
8077705,1,1,1,10,2024,1,60,1.0,840000.0,46779
8039048,1,2,1,10,2024,1,34,5.0,1400000.0,2148
8075816,1,1,1,10,2024,2,34,5.0,1000000.0,42152
8040835,1,1,1,10,2024,2,48,4.0,350000.0,6124
8050276,1,2,1,10,2024,2,49,10.0,2500000.0,27526
8082991,1,1,1,10,2024,2,39,6.0,400000.0,58053
8038788,1,1,1,10,2024,2,46,8.0,1700000.0,1507
8080295,1,1,1,10,2024,2,51,5.0,1200000.0,52785
8048829,1,1,1,10,2024,2,46,5.0,200000.0,24387
8054222,1,1,1,10,2024,1,37,5.0,2000000.0,36766
8041553,1,1,1,10,2024,2,48,8.0,1000000.0,7836
8086448,1,1,1,10,2024,2,41,5.0,800000.0,63699
8086281,1,5,1,10,2024,1,63,3.0,400000.0,63397
8080346,1,2,1,10,2024,2,43,3.0,1300000.0,52911
8052391,1,2,1,10,2024,1,28,5.0,1300000.0,32673
8056338,1,1,1,10,2024,1,64,1.0,500000.0,41099
8040409,1,1,1,10,2024,2,42,3.0,1300000.0,5140
8043630,1,1,1,10,2024,2,32,5.0,600000.0,12480
8044981,1,2,1,10,2024,2,43,13.0,8000000.0,15990
8050463,1,1,1,10,2024,1,26,10.0,2600000.0,27995
8048912,1,1,1,10,2024,2,59,4.0,800000.0,24575
8045563,1,3,1,10,2024,2,31,10.0,2000000.0,17618
8082560,1,2,1,10,2024,1,24,3.0,300000.0,56989
8078610,1,5,1,10,2024,1,59,5.0,1300000.0,48794
8075615,1,1,1,10,2024,1,65,3.0,1400000.0,41602
8039781,1,1,1,10,2024,2,18,5.0,1200000.0,3709
8038865,1,1,1,10,2024,1,63,3.0,1200000.0,1678
8049097,1,4,1,10,2024,1,40,3.0,1300000.0,24921
8047357,1,2,1,10,2024,1,74,3.0,500000.0,21506
8080676,1,3,1,10,2024,2,35,10.0,1300000.0,53566
8083271,1,2,1,10,2024,1,22,5.0,1462000.0,58714
8040160,1,3,1,10,2024,1,22,5.0,144000.0,4515
8048311,1,2,1,10,2024,2,53,5.0,40000.0,23491
8086119,1,2,1,10,2024,1,66,10.0,2000000.0,63319
8041387,1,1,1,10,2024,2,39,8.0,1500000.0,7432
8052981,1,1,1,10,2024,1,39,5.0,500000.0,34093
8047637,1,3,1,10,2024,1,61,3.0,1000000.0,22043
8041124,1,2,1,10,2024,1,45,4.0,1300000.0,6858
8043702,1,2,1,10,2024,1,20,5.0,1300000.0,12671
8050321,1,1,1,10,2024,1,68,3.0,750000.0,27606
8078216,1,1,1,10,2024,1,39,4.0,800000.0,47909
8053638,1,3,1,10,2024,1,54,10.0,3600000.0,35601
8076138,1,1,1,10,2024,1,53,3.0,800000.0,43114
8042881,1,1,1,10,2024,2,31,8.0,2000000.0,10744
8084156,1,2,1,10,2024,1,70,3.0,400000.0,60553
8081238,1,1,1,10,2024,2,32,8.0,2800000.0,54653
8079222,1,1,1,10,2024,1,52,1.0,120000.0,50172
8049326,1,1,1,10,2024,2,41,5.0,700000.0,25362
8078873,1,2,1,10,2024,2,42,5.0,800000.0,49332
8053914,1,1,1,10,2024,2,55,10.0,150000.0,36130
8080094,1,2,1,10,2024,1,55,3.0,800000.0,52257
8054254,1,2,1,10,2024,2,30,10.0,3000000.0,36814
8044793,1,1,1,10,2024,2,34,4.0,200000.0,15478
8049377,1,1,1,10,2024,1,20,4.0,600000.0,25473
8047751,1,3,1,10,2024,1,34,10.0,900000.0,22283
8054270,1,1,1,10,2024,1,32,10.0,1700000.0,36841
8051776,1,1,1,10,2024,1,62,12.0,20000000.0,31019
8039062,1,2,1,10,2024,2,36,10.0,2800000.0,2178
8076082,1,1,1,10,2024,1,48,5.0,960000.0,42949
8082052,1,1,1,10,2024,1,55,5.0,900000.0,56026
8078063,1,2,1,10,2024,2,28,9.0,500000.0,47560
8042508,1,1,1,10,2024,2,46,5.0,1000000.0,9973
8045497,1,2,1,10,2024,1,39,3.0,400000.0,17442
8053825,1,2,1,10,2024,1,35,5.0,2400000.0,35961
8054747,1,1,1,10,2024,2,45,10.0,2100000.0,37961
8047483,1,2,1,10,2024,2,35,10.0,1300000.0,21699
8076917,1,1,1,10,2024,1,48,5.0,2300000.0,44962
8042484,1,1,1,10,2024,1,37,4.0,1300000.0,9908
8039895,1,3,1,10,2024,1,35,10.0,1300000.0,3929
8039030,1,2,1,10,2024,1,38,5.0,1800000.0,2073
8054090,1,4,1,10,2024,1,62,1.0,1300000.0,36483
8050267,1,4,1,10,2024,2,26,5.0,500000.0,27501
8048809,1,2,1,10,2024,2,49,5.0,160000.0,24337
8052472,1,1,1,10,2024,2,39,3.0,1200000.0,32862
8085872,1,1,1,10,2024,2,23,10.0,1300000.0,62976
8047480,1,2,1,10,2024,1,38,1.0,600000.0,21688
8079963,1,1,1,10,2024,1,63,10.0,1400000.0,51980
8038205,1,1,1,10,2024,1,83,3.0,350000.0,51
8078387,1,2,1,10,2024,1,26,4.0,1300000.0,48311
8044689,1,1,1,10,2024,2,48,5.0,1462000.0,15239
8084177,1,2,1,10,2024,1,52,8.0,400000.0,60626
8080081,1,1,1,10,2024,1,40,4.0,1400000.0,52218
8047317,1,1,1,10,2024,2,65,5.0,150000.0,21415
8047457,1,1,1,10,2024,1,38,11.0,5500000.0,21661
8048924,1,2,1,10,2024,1,39,5.0,1462000.0,24601
8082410,1,2,1,10,2024,2,47,3.0,200000.0,56659
8038598,1,1,1,10,2024,2,46,3.0,1300000.0,952
8043074,1,3,1,10,2024,1,29,5.0,800000.0,11087
8080031,1,1,1,10,2024,1,41,10.0,200000.0,52102
8083240,1,6,1,10,2024,1,48,5.0,800000.0,58644
8052971,1,2,1,10,2024,2,36,4.0,150000.0,34068
8044463,1,7,1,10,2024,1,23,3.0,900000.0,14615
8084789,1,1,1,10,2024,1,44,8.0,3000000.0,61916
8049512,1,2,1,10,2024,2,31,8.0,1300000.0,25650
8038320,1,3,1,10,2024,2,25,10.0,1300000.0,360
8047282,1,2,1,10,2024,2,23,10.0,1300000.0,21355
8042256,1,1,1,10,2024,2,35,10.0,1800000.0,9437
8046020,1,1,1,10,2024,2,49,4.0,700000.0,18511
8083089,1,2,1,10,2024,2,38,4.0,784000.0,58311
8083332,1,1,1,10,2024,2,60,4.0,600000.0,58861
8046354,1,3,1,10,2024,1,30,5.0,800000.0,19364
8045946,1,1,1,10,2024,2,53,3.0,240000.0,18306
8049878,1,2,1,10,2024,1,22,3.0,600000.0,26587
8053560,1,4,1,10,2024,2,29,4.0,600000.0,35380
8045501,1,1,1,10,2024,1,45,1.0,400000.0,17451
8078305,1,1,1,10,2024,1,37,3.0,500000.0,48124
8079337,1,1,1,10,2024,1,27,3.0,1380000.0,50522
8051267,1,1,1,10,2024,2,34,12.0,4000000.0,29717
8077731,1,3,1,10,2024,1,27,5.0,1620000.0,46840
8056049,1,1,1,10,2024,2,39,1.0,180000.0,40488
8083872,1,1,1,10,2024,2,60,3.0,280000.0,59938
8081766,1,1,1,10,2024,1,35,5.0,900000.0,55730
8050063,1,1,1,10,2024,1,58,3.0,1100000.0,27030
8039683,1,2,1,10,2024,1,26,10.0,3400000.0,3512
8076143,1,1,1,10,2024,1,52,5.0,1000000.0,43127
8045340,1,2,1,10,2024,2,20,5.0,1300000.0,16985
8043701,1,1,1,10,2024,1,28,4.0,1300000.0,12665
8054525,1,1,1,10,2024,1,57,5.0,1300000.0,37466
8049268,1,5,1,10,2024,1,18,6.0,1300000.0,25237
8081310,1,1,1,10,2024,1,33,6.0,1600000.0,54847
8040811,1,1,1,10,2024,1,56,3.0,800000.0,6080
8043626,1,1,1,10,2024,1,65,3.0,1000000.0,12472
8081132,1,1,1,10,2024,2,48,1.0,400000.0,54444
8045335,1,2,1,10,2024,1,52,5.0,1800000.0,16971
8085789,1,2,1,10,2024,2,34,10.0,1400000.0,62871
8041156,1,1,1,10,2024,2,50,3.0,200000.0,6927
8041805,1,2,1,10,2024,1,22,6.0,1300000.0,8308
8041072,1,1,1,10,2024,2,22,10.0,1500000.0,6722
8049963,1,2,1,10,2024,2,45,8.0,1300000.0,26761
8084691,1,2,1,10,2024,1,22,10.0,3000000.0,61698
8055315,1,2,1,10,2024,2,52,5.0,1300000.0,39150
8038620,1,1,1,10,2024,1,42,8.0,15000000.0,1017
8040409,1,2,1,10,2024,1,44,4.0,1300000.0,5141
8076764,1,1,1,10,2024,2,53,11.0,6200000.0,44643
8075877,1,1,1,10,2024,1,39,3.0,1600000.0,42311
8044487,1,1,1,10,2024,2,62,10.0,4500000.0,14668
8041669,1,1,1,10,2024,2,45,11.0,7400000.0,8111
8084111,1,2,1,10,2024,2,27,5.0,1300000.0,60532
8038967,1,1,1,10,2024,2,37,5.0,1500000.0,1931
8055004,1,3,1,10,2024,1,44,10.0,1300000.0,38537
8078608,1,1,1,10,2024,1,45,4.0,1460000.0,48785
8040600,1,1,1,10,2024,2,43,10.0,2500000.0,5631
8051952,1,1,1,10,2024,2,43,3.0,700000.0,31494
8040881,1,2,1,10,2024,1,71,3.0,600000.0,6272
8042720,1,1,1,10,2024,1,53,3.0,1600000.0,10407
8082576,1,2,1,10,2024,1,27,4.0,1300000.0,57025
8045629,1,1,1,10,2024,1,47,5.0,1300000.0,17776
8053472,1,2,1,10,2024,2,60,5.0,1300000.0,35222
8049720,1,1,1,10,2024,1,43,5.0,2600000.0,26176
8050927,1,1,1,10,2024,2,42,5.0,200000.0,29221
8048613,1,3,1,10,2024,1,37,5.0,2200000.0,24011
8076446,1,2,1,10,2024,1,49,3.0,800000.0,43866
8047597,1,9,1,10,2024,2,28,10.0,1300000.0,21949
8050223,1,1,1,10,2024,1,66,1.0,60000.0,27395
8048571,1,1,1,10,2024,2,39,8.0,2300000.0,23939
8079649,1,9,1,10,2024,2,34,5.0,1300000.0,51134
8080088,1,1,1,10,2024,1,63,12.0,9255000.0,52232
8050002,1,1,1,10,2024,2,42,3.0,900000.0,26864
8084929,1,2,1,10,2024,2,34,5.0,800000.0,62224
8078138,1,2,1,10,2024,2,35,5.0,1300000.0,47706
8042420,1,3,1,10,2024,2,63,8.0,1200000.0,9771
8049089,1,1,1,10,2024,1,25,5.0,1462000.0,24893
8086264,1,1,1,10,2024,1,72,3.0,1500000.0,63353
8039836,1,3,1,10,2024,1,39,9.0,1300000.0,3808
8050805,1,1,1,10,2024,1,37,3.0,1600000.0,28877
8040282,1,1,1,10,2024,1,59,4.0,700000.0,4844
8078582,1,4,1,10,2024,2,35,5.0,1480000.0,48731
8045989,1,2,1,10,2024,1,33,3.0,1300000.0,18436
8044617,1,2,1,10,2024,2,48,5.0,900000.0,15046
8040207,1,3,1,10,2024,1,20,8.0,600000.0,4666
8043049,1,1,1,10,2024,1,65,1.0,800000.0,11028
8042329,1,1,1,10,2024,2,29,6.0,1300000.0,9575
8083815,1,3,1,10,2024,1,35,4.0,2000000.0,59801
8080237,1,1,1,10,2024,2,38,8.0,1300000.0,52645
8052997,1,3,1,10,2024,1,60,3.0,400000.0,34172
8047860,1,1,1,10,2024,2,44,5.0,1320000.0,22559
8081707,1,1,1,10,2024,1,56,5.0,600000.0,55641
8078641,1,3,1,10,2024,1,45,8.0,1000000.0,48846
8076106,1,2,1,10,2024,2,42,3.0,960000.0,43004
8048126,1,1,1,10,2024,1,32,5.0,1300000.0,23111
8041846,1,1,1,10,2024,2,54,9.0,500000.0,8405
8083116,1,1,1,10,2024,1,50,10.0,2800000.0,58375
8052835,1,1,1,10,2024,1,87,3.0,1000000.0,33717
8046330,1,1,1,10,2024,2,39,5.0,200000.0,19298
8056165,1,1,1,10,2024,2,58,4.0,400000.0,40736
8040298,1,2,1,10,2024,2,31,5.0,1000000.0,4904
8076548,1,2,1,10,2024,2,25,5.0,550000.0,44135
8084423,1,3,1,10,2024,1,63,4.0,1300000.0,61176
8051854,1,4,1,10,2024,1,29,10.0,4000000.0,31261
8044041,1,1,1,10,2024,1,65,9.0,10000000.0,13497
8084256,1,1,1,10,2024,1,37,12.0,5300000.0,60822
8081167,1,1,1,10,2024,1,39,8.0,1800000.0,54521
8084329,1,3,1,10,2024,1,21,10.0,1500000.0,60978
8048045,1,1,1,10,2024,1,49,5.0,400000.0,22903
8043917,1,2,1,10,2024,2,61,10.0,3800000.0,13215
8039869,1,1,1,10,2024,2,61,3.0,500000.0,3868
8045369,1,2,1,10,2024,1,24,6.0,1200000.0,17063
8081521,1,4,1,10,2024,2,19,5.0,1300000.0,55350
8085004,1,2,1,10,2024,1,39,8.0,4000000.0,62414
8084867,1,1,1,10,2024,1,41,4.0,2500000.0,62088
8050273,1,2,1,10,2024,1,30,5.0,2100000.0,27519
8040586,1,2,1,10,2024,1,41,3.0,1250000.0,5589
8078736,1,1,1,10,2024,1,42,8.0,2600000.0,49043
8079234,1,1,1,10,2024,1,49,5.0,1500000.0,50227
8045029,1,2,1,10,2024,2,40,5.0,600000.0,16154
8054977,1,2,1,10,2024,2,49,3.0,500000.0,38486
8045759,1,1,1,10,2024,1,27,5.0,1500000.0,18118
8044795,1,1,1,10,2024,1,79,3.0,500000.0,15482
8080281,1,1,1,10,2024,1,64,3.0,600000.0,52761
8081243,1,1,1,10,2024,1,51,3.0,1300000.0,54670
8039573,1,4,1,10,2024,1,45,3.0,1300000.0,3316
8054821,1,1,1,10,2024,2,64,10.0,845000.0,38145
8084487,1,1,1,10,2024,1,68,3.0,700000.0,61282
8046340,1,2,1,10,2024,1,32,5.0,2000000.0,19327
8044255,1,6,1,10,2024,2,21,5.0,720000.0,14002
8043306,1,1,1,10,2024,2,75,3.0,350000.0,11634
8055021,1,2,1,10,2024,2,43,10.0,2300000.0,38590
8082849,1,1,1,10,2024,1,56,5.0,2850000.0,57735
8082857,1,1,1,10,2024,1,63,5.0,1000000.0,57747
8054302,1,1,1,10,2024,1,76,3.0,600000.0,36943
8086652,1,1,1,10,2024,1,56,5.0,1000000.0,64228
8042540,1,1,1,10,2024,1,48,5.0,13000000.0,10032
8050555,1,1,1,10,2024,1,36,5.0,1300000.0,28297
8047784,1,2,1,10,2024,2,48,10.0,1200000.0,22381
8080143,1,1,1,10,2024,1,40,9.0,5000000.0,52409
8040126,1,2,1,10,2024,1,21,5.0,1800000.0,4439
8055532,1,1,1,10,2024,1,59,5.0,1472000.0,39513
8050423,1,2,1,10,2024,2,41,4.0,1400000.0,27891
8055893,1,1,1,10,2024,2,41,5.0,500000.0,40219
8038187,1,1,1,10,2024,1,63,3.0,1300000.0,9
8045395,1,1,1,10,2024,1,32,9.0,1300000.0,17135
8053096,1,1,1,10,2024,2,35,5.0,1300000.0,34381
8082778,1,1,1,10,2024,1,42,4.0,1300000.0,57550
8053310,1,1,1,10,2024,1,59,3.0,900000.0,34852
8039247,1,2,1,10,2024,2,31,8.0,1300000.0,2682
8053450,1,1,1,10,2024,2,44,11.0,4200000.0,35185
8079941,1,2,1,10,2024,1,64,5.0,2000000.0,51952
8045795,1,1,1,10,2024,2,35,10.0,4600000.0,18196
8050950,1,1,1,10,2024,1,48,4.0,1300000.0,29280
8041872,1,1,1,10,2024,1,46,11.0,6500000.0,8488
8051006,1,2,1,10,2024,2,39,5.0,1300000.0,29452
8047052,1,1,1,10,2024,1,33,10.0,400000.0,20896
8054571,1,2,1,10,2024,2,35,5.0,400000.0,37543
8048431,1,4,1,10,2024,1,31,9.0,1300000.0,23670
8078507,1,1,1,10,2024,1,56,1.0,1350000.0,48561
8039498,1,2,1,10,2024,1,47,10.0,800000.0,3174
8082570,1,1,1,10,2024,1,49,5.0,2100000.0,57010
8046120,1,1,1,10,2024,2,34,5.0,1340000.0,18761
8041960,1,1,1,10,2024,2,29,10.0,3000000.0,8733
8039858,1,1,1,10,2024,1,54,5.0,1200000.0,3850
8040488,1,2,1,10,2024,2,58,10.0,2300000.0,5353
8078074,1,1,1,10,2024,2,60,4.0,720000.0,47584
8051837,1,1,1,10,2024,2,34,8.0,1600000.0,31207
8084031,1,1,1,10,2024,1,48,5.0,3000000.0,60285
8054261,1,2,1,10,2024,2,36,8.0,1600000.0,36827
8042504,1,1,1,10,2024,2,34,5.0,2600000.0,9958
8077253,1,3,1,10,2024,2,24,5.0,1200000.0,45848
8049227,1,1,1,10,2024,1,56,3.0,800000.0,25146
8085032,1,5,1,10,2024,1,47,5.0,1800000.0,62469
8049560,1,1,1,10,2024,2,41,5.0,200000.0,25763
8076313,1,2,1,10,2024,2,21,5.0,1000000.0,43559
8048221,1,2,1,10,2024,2,34,6.0,1400000.0,23278
8056199,1,1,1,10,2024,1,58,5.0,1300000.0,40781
8052677,1,2,1,10,2024,1,24,3.0,1200000.0,33373
8084589,1,1,1,10,2024,2,44,10.0,1300000.0,61482
8047448,1,1,1,10,2024,2,50,5.0,700000.0,21649
8084756,1,1,1,10,2024,2,32,8.0,1600000.0,61851
8056258,1,3,1,10,2024,1,27,10.0,3300000.0,40961
8078391,1,2,1,10,2024,2,30,5.0,800000.0,48322
8045700,1,1,1,10,2024,2,50,3.0,600000.0,17966
8084551,1,1,1,10,2024,1,31,10.0,5000000.0,61411
8053894,1,3,1,10,2024,1,23,9.0,1700000.0,36097
8039121,1,2,1,10,2024,2,42,9.0,1800000.0,2357
8056423,1,2,1,10,2024,1,52,5.0,3000000.0,41313
8050622,1,1,1,10,2024,1,58,10.0,9800000.0,28451
8045784,1,1,1,10,2024,1,68,1.0,600000.0,18171
8076031,1,1,1,10,2024,2,33,5.0,18000.0,42800
8040333,1,1,1,10,2024,2,46,5.0,1610000.0,4974
8054840,1,1,1,10,2024,2,36,11.0,5153000.0,38174
8084622,1,1,1,10,2024,1,53,3.0,1300000.0,61520
8043370,1,1,1,10,2024,2,35,5.0,800000.0,11804
8076025,1,1,1,10,2024,1,68,4.0,0.0,42778
8043228,1,2,1,10,2024,2,50,10.0,2000000.0,11442
8044493,1,4,1,10,2024,2,20,8.0,2000000.0,14686
8081510,1,2,1,10,2024,2,29,10.0,1600000.0,55325
8050323,1,2,1,10,2024,2,54,10.0,3900000.0,27615
8048074,1,1,1,10,2024,2,32,5.0,1300000.0,22986
8040574,1,3,1,10,2024,1,31,5.0,600000.0,5558
8047579,1,5,1,10,2024,2,26,5.0,950000.0,21898
8038380,1,4,1,10,2024,2,39,5.0,1880000.0,520
8086087,1,1,1,10,2024,2,58,8.0,700000.0,63250
8051621,1,2,1,10,2024,2,35,11.0,4400000.0,30622
8043165,1,4,1,10,2024,1,42,5.0,1800000.0,11314
8076195,1,1,1,10,2024,2,49,3.0,20000.0,43291
8077279,1,1,1,10,2024,1,37,10.0,5000000.0,45912
8055580,1,1,1,10,2024,2,27,4.0,1300000.0,39576
8038922,1,3,1,10,2024,2,25,8.0,1400000.0,1826
8045015,1,2,1,10,2024,1,37,5.0,1200000.0,16118
8084755,1,1,1,10,2024,1,56,5.0,1000000.0,61850
8046567,1,1,1,10,2024,1,49,5.0,1500000.0,19901
8047525,1,4,1,10,2024,1,36,10.0,1300000.0,21767
8039160,1,2,1,10,2024,2,42,5.0,1300000.0,2474
8077004,1,3,1,10,2024,1,24,5.0,700000.0,45139
8053226,1,1,1,10,2024,1,38,10.0,3000000.0,34650
8076063,1,1,1,10,2024,1,57,3.0,152500.0,42896
8079873,1,1,1,10,2024,1,27,5.0,320000.0,51805
8050461,1,2,1,10,2024,2,31,8.0,1900000.0,27988
8079420,1,4,1,10,2024,1,19,5.0,500000.0,50699
8078875,1,1,1,10,2024,1,76,3.0,900000.0,49341
8045229,1,1,1,10,2024,1,33,3.0,1800000.0,16713
8077058,1,2,1,10,2024,1,60,3.0,1000000.0,45291
8041535,1,1,1,10,2024,1,46,8.0,1300000.0,7806
8082626,1,1,1,10,2024,2,46,4.0,1300000.0,57139
8084109,1,4,1,10,2024,1,41,5.0,1700000.0,60525
8046730,1,3,1,10,2024,1,20,4.0,1000000.0,20311
8076737,1,1,1,10,2024,2,36,5.0,1300000.0,44575
8076746,1,1,1,10,2024,2,51,10.0,2700000.0,44599
8041344,1,1,1,10,2024,1,66,3.0,1200000.0,7302
8051297,1,1,1,10,2024,2,39,3.0,50000.0,29796
8044521,1,2,1,10,2024,2,52,5.0,400000.0,14777
8047202,1,2,1,10,2024,2,36,5.0,1200000.0,21183
8041669,1,2,1,10,2024,1,37,4.0,6500000.0,8112
8050016,1,1,1,10,2024,1,65,3.0,1500000.0,26902
8079288,1,1,1,10,2024,1,51,3.0,1200000.0,50394
8046754,1,2,1,10,2024,2,32,5.0,300000.0,20365
8079883,1,1,1,10,2024,2,70,3.0,200000.0,51848
8050344,1,1,1,10,2024,2,30,5.0,1200000.0,27695
8050012,1,4,1,10,2024,2,34,5.0,160000.0,26895
8083406,1,1,1,10,2024,2,61,3.0,640000.0,59001
8084059,1,1,1,10,2024,2,36,10.0,4500000.0,60389
8041246,1,2,1,10,2024,1,25,5.0,1300000.0,7159
8053379,1,2,1,10,2024,2,38,12.0,5400000.0,35052
8054683,1,1,1,10,2024,2,31,10.0,1700000.0,37795
8054462,1,3,1,10,2024,2,26,10.0,1300000.0,37343
8038906,1,1,1,10,2024,1,44,12.0,1800000.0,1774
8044729,1,2,1,10,2024,2,29,3.0,500000.0,15342
8082414,1,2,1,10,2024,1,40,5.0,2500000.0,56670
8077979,1,1,1,10,2024,2,43,3.0,680000.0,47364
8050389,1,1,1,10,2024,2,36,4.0,1300000.0,27825
8086369,1,1,1,10,2024,1,61,9.0,3000000.0,63547
8041991,1,1,1,10,2024,1,49,3.0,1200000.0,8811
8038460,1,1,1,10,2024,1,28,8.0,1300000.0,687
8041943,1,1,1,10,2024,2,20,5.0,1300000.0,8675
8049638,1,2,1,10,2024,2,29,11.0,1800000.0,25968
8051671,1,2,1,10,2024,2,31,10.0,2500000.0,30743
8084856,1,2,1,10,2024,2,58,5.0,1600000.0,62066
8040752,1,1,1,10,2024,1,33,5.0,1600000.0,5943
8075636,1,4,1,10,2024,1,18,1.0,500000.0,41669
8044281,1,1,1,10,2024,2,58,3.0,100000.0,14102
8051856,1,1,1,10,2024,1,43,3.0,1300000.0,31265
8042494,1,1,1,10,2024,1,59,9.0,4600000.0,9929
8043857,1,1,1,10,2024,2,39,10.0,3100000.0,13063
8042144,1,1,1,10,2024,1,61,5.0,1400000.0,9157
8041932,1,2,1,10,2024,2,23,5.0,1000000.0,8645
8041040,1,1,1,10,2024,1,62,10.0,5000000.0,6652
8044813,1,1,1,10,2024,2,64,10.0,3600000.0,15537
8043046,1,1,1,10,2024,2,55,4.0,300000.0,11015
8082560,1,8,1,10,2024,1,33,5.0,500000.0,56995
8038592,1,3,1,10,2024,1,39,8.0,2000000.0,944
8049876,1,1,1,10,2024,1,37,3.0,0.0,26577
8044429,1,1,1,10,2024,1,54,8.0,3500000.0,14527
8048061,1,3,1,10,2024,1,41,8.0,1500000.0,22951
8080340,1,1,1,10,2024,2,23,10.0,4200000.0,52901
8049841,1,1,1,10,2024,1,30,3.0,950000.0,26498
8081399,1,1,1,10,2024,2,46,5.0,950000.0,55057
8077079,1,2,1,10,2024,1,40,10.0,1700000.0,45363
8052399,1,2,1,10,2024,2,45,5.0,250000.0,32700
8055683,1,5,1,10,2024,2,26,5.0,1300000.0,39805
8054872,1,3,1,10,2024,2,23,5.0,1500000.0,38256
8052914,1,7,1,10,2024,1,48,5.0,1000000.0,33901
8043590,1,1,1,10,2024,1,47,3.0,1400000.0,12386
8082766,1,1,1,10,2024,2,49,8.0,1500000.0,57521
8084194,1,1,1,10,2024,1,29,4.0,1400000.0,60676
8046164,1,1,1,10,2024,1,77,3.0,1000000.0,18851
8044193,1,2,1,10,2024,2,46,10.0,3600000.0,13860
8056298,1,1,1,10,2024,2,31,9.0,1600000.0,41015
8045512,1,2,1,10,2024,1,44,4.0,450000.0,17490
8040339,1,3,1,10,2024,2,25,8.0,1300000.0,4991
8050870,1,1,1,10,2024,1,22,4.0,1600000.0,29053
8056078,1,1,1,10,2024,1,53,8.0,1000000.0,40547
8052020,1,2,1,10,2024,2,28,10.0,7000000.0,31642
8052972,1,1,1,10,2024,2,34,10.0,600000.0,34071
8083310,1,2,1,10,2024,2,29,6.0,1300000.0,58814
8055784,1,3,1,10,2024,2,28,8.0,1300000.0,39960
8077241,1,6,1,10,2024,1,27,4.0,1300000.0,45814
8039447,1,2,1,10,2024,2,25,10.0,1500000.0,3064
8047902,1,1,1,10,2024,1,43,10.0,1800000.0,22665
8044408,1,1,1,10,2024,2,60,10.0,5000000.0,14450
8054200,1,2,1,10,2024,1,60,3.0,1300000.0,36727
8047814,1,2,1,10,2024,1,26,6.0,1200000.0,22432
8077059,1,2,1,10,2024,1,22,4.0,800000.0,45293
8042410,1,1,1,10,2024,2,43,4.0,1100000.0,9758
8081750,1,2,1,10,2024,1,23,5.0,450000.0,55688
8046756,1,3,1,10,2024,1,35,10.0,1400000.0,20377
8049252,1,5,1,10,2024,1,51,10.0,500000.0,25200
8038520,1,1,1,10,2024,1,39,3.0,1462000.0,815
8051881,1,2,1,10,2024,2,22,5.0,1300000.0,31316
8040771,1,1,1,10,2024,2,51,3.0,1100000.0,6001
8041861,1,1,1,10,2024,1,39,9.0,1500000.0,8457
8082620,1,1,1,10,2024,1,51,3.0,1200000.0,57116
8081902,1,2,1,10,2024,1,47,5.0,1300000.0,55820
8047325,1,1,1,10,2024,1,62,5.0,600000.0,21434
8050397,1,3,1,10,2024,2,43,10.0,5000000.0,27844
8039112,1,1,1,10,2024,1,17,4.0,700000.0,2333
8054899,1,3,1,10,2024,2,33,10.0,800000.0,38319
8083340,1,1,1,10,2024,2,46,8.0,1500000.0,58884
8078038,1,2,1,10,2024,1,41,3.0,800000.0,47512
8049880,1,1,1,10,2024,1,41,3.0,1100000.0,26591
8077044,1,4,1,10,2024,1,27,3.0,650000.0,45253
8050124,1,1,1,10,2024,1,34,3.0,1300000.0,27153
8081503,1,2,1,10,2024,2,31,8.0,1300000.0,55304
8038237,1,1,1,10,2024,1,51,10.0,5200000.0,127
8079175,1,3,1,10,2024,2,20,8.0,1300000.0,50047
8079121,1,1,1,10,2024,1,72,1.0,1000000.0,49902
8044166,1,2,1,10,2024,2,28,5.0,1600000.0,13807
8053940,1,1,1,10,2024,2,48,10.0,2600000.0,36193
8076045,1,2,1,10,2024,1,21,5.0,210000.0,42834
8050339,1,1,1,10,2024,1,42,4.0,600000.0,27670
8082874,1,2,1,10,2024,2,52,10.0,4500000.0,57804
8052794,1,3,1,10,2024,2,21,5.0,1300000.0,33618
8043122,1,1,1,10,2024,1,54,3.0,1400000.0,11194
8056267,1,2,1,10,2024,2,35,10.0,88000.0,40973
8045022,1,1,1,10,2024,1,66,3.0,700000.0,16135
8039266,1,1,1,10,2024,2,68,3.0,500000.0,2726
8055863,1,3,1,10,2024,1,32,5.0,1300000.0,40150
8054433,1,2,1,10,2024,1,24,5.0,720000.0,37273
8050983,1,1,1,10,2024,1,69,12.0,5450000.0,29383
8039141,1,2,1,10,2024,2,24,5.0,1300000.0,2425
8076038,1,1,1,10,2024,2,69,8.0,1300000.0,42818
8082658,1,1,1,10,2024,2,27,5.0,500000.0,57241
8040976,1,1,1,10,2024,1,56,11.0,6250000.0,6484
8047611,1,1,1,10,2024,1,22,5.0,870000.0,21972
8083954,1,1,1,10,2024,2,27,5.0,1300000.0,60057
8082461,1,1,1,10,2024,1,60,4.0,300000.0,56752
8050125,1,1,1,10,2024,1,65,3.0,1400000.0,27158
8077962,1,2,1,10,2024,2,20,10.0,280000.0,47315
8076133,1,1,1,10,2024,1,47,3.0,50000.0,43097
8046678,1,1,1,10,2024,2,62,5.0,1800000.0,20182
8049539,1,1,1,10,2024,1,27,6.0,900000.0,25703
8055032,1,1,1,10,2024,2,49,3.0,500000.0,38618
8044342,1,2,1,10,2024,1,42,5.0,1400000.0,14287
8039794,1,1,1,10,2024,2,25,5.0,250000.0,3733
8049578,1,1,1,10,2024,1,33,10.0,1500000.0,25806
8040863,1,1,1,10,2024,2,33,8.0,856000.0,6229
8053282,1,2,1,10,2024,1,63,3.0,240000.0,34777
8083060,1,3,1,10,2024,2,51,8.0,1200000.0,58229
8047401,1,1,1,10,2024,2,37,5.0,900000.0,21586
8081279,1,3,1,10,2024,1,36,5.0,900000.0,54773
8038678,1,4,1,10,2024,1,26,8.0,2000000.0,1176
8085002,1,2,1,10,2024,2,36,8.0,1000000.0,62409
8048536,1,1,1,10,2024,2,46,1.0,450000.0,23882
8076271,1,1,1,10,2024,2,42,8.0,3386000.0,43463
8052871,1,2,1,10,2024,1,44,5.0,600000.0,33798
8039797,1,1,1,10,2024,1,72,5.0,210000.0,3739
8080710,1,3,1,10,2024,2,57,3.0,2250000.0,53623
8055761,1,1,1,10,2024,1,33,8.0,1300000.0,39900
8038350,1,2,1,10,2024,2,46,10.0,9600000.0,432
8043900,1,2,1,10,2024,2,28,10.0,3000000.0,13171
8043291,1,3,1,10,2024,2,51,3.0,300000.0,11602
8053482,1,1,1,10,2024,1,44,8.0,7900000.0,35236
8052129,1,1,1,10,2024,2,65,3.0,1000000.0,31932
8050715,1,1,1,10,2024,1,47,10.0,4000000.0,28650
8047839,1,1,1,10,2024,2,52,6.0,1800000.0,22505
8038662,1,2,1,10,2024,1,65,5.0,700000.0,1127
8048853,1,1,1,10,2024,1,33,11.0,2300000.0,24442
8079389,1,1,1,10,2024,1,30,5.0,1500000.0,50620
8083983,1,2,1,10,2024,2,63,5.0,1000000.0,60147
8041666,1,2,1,10,2024,2,48,10.0,3500000.0,8105
8050065,1,3,1,10,2024,1,23,5.0,1200000.0,27035
8040397,1,1,1,10,2024,2,40,10.0,2500000.0,5111
8052577,1,2,1,10,2024,2,48,10.0,500000.0,33148
8040583,1,1,1,10,2024,1,71,3.0,400000.0,5581
8053166,1,1,1,10,2024,1,40,11.0,7600000.0,34519
8084791,1,1,1,10,2024,1,37,12.0,5500000.0,61921
8081244,1,1,1,10,2024,1,50,5.0,2000000.0,54671
8038590,1,2,1,10,2024,1,36,5.0,2500000.0,940
8081549,1,2,1,10,2024,1,56,5.0,1500000.0,55401
8048595,1,6,1,10,2024,1,70,4.0,600000.0,23977
8082830,1,1,1,10,2024,2,55,3.0,1500000.0,57688
8076480,1,2,1,10,2024,1,55,4.0,1800000.0,43960
8085038,1,3,1,10,2024,2,39,5.0,1800000.0,62490
8044759,1,2,1,10,2024,1,36,5.0,800000.0,15403
8042070,1,1,1,10,2024,2,32,5.0,100000.0,8952
8055128,2,2,2,10,2024,2,19,5.0,150000.0,38755
8046657,1,1,1,10,2024,1,40,10.0,2200000.0,20137
8078085,1,2,1,10,2024,1,71,1.0,195000.0,47594
8049190,1,1,1,10,2024,2,30,8.0,2160000.0,25080
8083275,1,1,1,10,2024,2,31,8.0,1300000.0,58721
8052965,1,1,1,10,2024,2,49,5.0,1300000.0,34052
8046037,1,1,1,10,2024,2,34,5.0,1000000.0,18552
8048161,1,1,1,10,2024,2,45,11.0,10000000.0,23215
8042108,1,1,1,10,2024,1,35,5.0,900000.0,9052
8046722,1,2,1,10,2024,2,59,10.0,1800000.0,20285
8075666,1,1,1,10,2024,2,57,1.0,800000.0,41763
8038695,1,3,1,10,2024,2,31,5.0,1600000.0,1251
8042505,1,2,1,10,2024,1,54,10.0,6000000.0,9963
8040514,1,3,1,10,2024,1,23,5.0,1300000.0,5413
8050956,1,1,1,10,2024,1,73,3.0,100000.0,29306
8078498,1,3,1,10,2024,1,22,5.0,300000.0,48546
8079850,1,1,1,10,2024,2,42,8.0,3000000.0,51742
8048531,1,1,1,10,2024,1,65,1.0,600000.0,23873
8083723,1,1,1,10,2024,1,54,10.0,4000000.0,59622
8079662,1,1,1,10,2024,1,58,9.0,2500000.0,51157
8077180,1,1,1,10,2024,2,41,3.0,0.0,45660
8045289,1,1,1,10,2024,1,38,9.0,2500000.0,16851
8085010,1,2,1,10,2024,1,33,5.0,1600000.0,62426
8050981,1,1,1,10,2024,1,33,10.0,3500000.0,29378
8079744,1,2,1,10,2024,2,42,3.0,20000.0,51408
8048139,1,1,1,10,2024,2,62,4.0,1650000.0,23154
8053678,1,1,1,10,2024,2,27,8.0,2000000.0,35676
8049784,1,1,1,10,2024,2,62,8.0,1460000.0,26356
8043965,1,2,1,10,2024,2,44,10.0,3000000.0,13357
8047843,1,1,1,10,2024,1,46,5.0,1300000.0,22513
8048197,1,1,1,10,2024,1,61,3.0,300000.0,23262
8046323,1,1,1,10,2024,2,52,5.0,1000000.0,19280
8086722,1,1,1,10,2024,2,27,5.0,500000.0,64376
8084269,1,1,1,10,2024,1,61,10.0,1000000.0,60851
8043011,1,1,1,10,2024,1,50,3.0,1100000.0,10942
8041682,1,1,1,10,2024,2,63,5.0,700000.0,8129
8046730,1,5,1,10,2024,1,23,4.0,1000000.0,20313
8043822,1,4,1,10,2024,2,34,11.0,2200000.0,12991
8046980,1,2,1,10,2024,2,41,11.0,10000000.0,20783
8086446,1,1,1,10,2024,1,29,3.0,1900000.0,63688
8056286,1,2,1,10,2024,1,50,10.0,1440000.0,40999
8076047,1,1,1,10,2024,1,29,8.0,2000000.0,42842
8051965,1,1,1,10,2024,1,40,5.0,1000000.0,31519
8047904,1,2,1,10,2024,1,56,3.0,1200000.0,22667
8039292,1,1,1,10,2024,2,39,12.0,5700000.0,2805
8049381,1,1,1,10,2024,2,58,3.0,600000.0,25482
8045690,1,1,1,10,2024,1,35,10.0,1900000.0,17939
8076120,1,1,1,10,2024,2,27,8.0,1300000.0,43059
8084378,1,1,1,10,2024,2,35,5.0,1100000.0,61087
8046498,1,1,1,10,2024,1,45,5.0,1600000.0,19679
8052209,1,1,1,10,2024,2,48,3.0,1100000.0,32109
8051410,1,2,1,10,2024,2,57,4.0,400000.0,30124
8056238,1,2,1,10,2024,2,31,8.0,1300000.0,40892
8044740,2,2,2,10,2024,2,20,8.0,1520000.0,15367
8046912,1,1,1,10,2024,2,52,10.0,1300000.0,20717
8082232,1,1,1,10,2024,1,30,5.0,890000.0,56321
8079863,1,1,1,10,2024,1,51,5.0,0.0,51772
8044281,1,6,1,10,2024,2,27,8.0,280000.0,14107
8047561,1,3,1,10,2024,1,60,1.0,600000.0,21845
8081179,1,1,1,10,2024,2,40,11.0,4500000.0,54539
8055116,1,1,1,10,2024,2,50,5.0,1500000.0,38726
8077339,1,2,1,10,2024,1,38,8.0,1300000.0,46026
8049142,1,3,1,10,2024,1,52,3.0,2200000.0,25002
8042958,1,1,1,10,2024,1,39,3.0,1000000.0,10827
8044666,1,3,1,10,2024,1,37,10.0,3000000.0,15176
8079206,1,1,1,10,2024,2,48,4.0,200000.0,50120
8038796,1,1,1,10,2024,2,29,11.0,5000000.0,1521
8049702,1,3,1,10,2024,1,16,4.0,500000.0,26122
8079963,1,4,1,10,2024,1,40,5.0,1300000.0,51983
8048918,1,1,1,10,2024,2,40,6.0,1300000.0,24589
8086505,1,2,1,10,2024,1,24,5.0,1000000.0,63837
8054169,1,3,1,10,2024,2,27,10.0,1300000.0,36641
8044113,1,1,1,10,2024,2,42,8.0,1300000.0,13674
8050062,1,1,1,10,2024,2,25,5.0,484000.0,27028
8047078,1,1,1,10,2024,1,58,10.0,8000000.0,20947
8047566,1,1,1,10,2024,1,53,10.0,5000000.0,21864
8083120,1,2,1,10,2024,2,67,5.0,1000000.0,58388
8077698,1,1,1,10,2024,2,40,11.0,3700000.0,46764
8053069,1,2,1,10,2024,2,51,11.0,10080000.0,34343
8039869,1,3,1,10,2024,2,26,10.0,700000.0,3870
8079081,1,2,1,10,2024,1,59,5.0,1800000.0,49822
8049955,1,1,1,10,2024,2,37,3.0,100000.0,26743
8042121,1,2,1,10,2024,1,27,5.0,800000.0,9082
8052744,1,1,1,10,2024,1,53,3.0,820000.0,33486
8045351,1,1,1,10,2024,1,22,8.0,1300000.0,17007
8052401,1,1,1,10,2024,2,34,5.0,450000.0,32708
8043579,1,3,1,10,2024,2,30,9.0,1300000.0,12357
8041456,1,1,1,10,2024,2,56,8.0,1000000.0,7603
8084359,1,1,1,10,2024,1,40,3.0,1400000.0,61042
8080559,1,1,1,10,2024,1,59,3.0,3000000.0,53315
8043148,1,1,1,10,2024,1,81,1.0,320000.0,11265
8048887,1,2,1,10,2024,2,38,10.0,1200000.0,24517
8079897,1,1,1,10,2024,2,51,5.0,1300000.0,51877
8052600,1,3,1,10,2024,2,37,8.0,1300000.0,33212
8078917,1,4,1,10,2024,2,21,5.0,800000.0,49443
8076875,1,2,1,10,2024,2,52,3.0,300000.0,44879
8076061,1,6,1,10,2024,2,20,5.0,250000.0,42894
8049873,1,2,1,10,2024,1,31,3.0,900000.0,26566
8038872,1,1,1,10,2024,1,55,3.0,1890000.0,1693
8051290,1,1,1,10,2024,1,40,5.0,1300000.0,29779
8044241,1,4,1,10,2024,1,39,3.0,500000.0,13940
8041502,1,2,1,10,2024,2,36,5.0,150000.0,7716
8053978,1,2,1,10,2024,2,25,8.0,1300000.0,36261
8056469,1,1,1,10,2024,1,50,4.0,500000.0,41385
8086863,1,3,1,10,2024,1,33,10.0,6000000.0,64610
8079935,1,2,1,10,2024,1,22,10.0,1640000.0,51942
8056198,1,1,1,10,2024,1,53,10.0,1500000.0,40778
8085999,1,1,1,10,2024,1,38,6.0,2500000.0,63174
8049051,1,2,1,10,2024,1,49,3.0,1200000.0,24832
8055207,1,2,1,10,2024,1,20,8.0,0.0,38939
8049495,1,1,1,10,2024,1,43,4.0,750000.0,25604
8053022,1,2,1,10,2024,2,50,5.0,500000.0,34242
8038722,1,3,1,10,2024,2,42,10.0,1600000.0,1321
8083839,1,1,1,10,2024,1,52,3.0,2000000.0,59853
8054046,1,1,1,10,2024,1,68,11.0,7122135.0,36382
8038681,1,3,1,10,2024,2,32,5.0,430000.0,1193
8045651,1,2,1,10,2024,2,23,8.0,1462000.0,17846
8085951,1,1,1,10,2024,1,51,10.0,4200000.0,63084
8079944,1,3,1,10,2024,1,53,10.0,7000000.0,51957
8047612,1,1,1,10,2024,2,49,10.0,2000000.0,21973
8045622,1,1,1,10,2024,2,51,5.0,180000.0,17746
8083567,1,1,1,10,2024,2,29,10.0,2300000.0,59319
8055507,1,2,1,10,2024,1,59,8.0,1400000.0,39472
8043720,1,1,1,10,2024,1,38,5.0,1000000.0,12712
8050305,1,1,1,10,2024,2,57,8.0,800000.0,27569
8049176,1,2,1,10,2024,2,54,3.0,1300000.0,25057
8079836,1,1,1,10,2024,1,54,5.0,1300000.0,51710
8078606,1,1,1,10,2024,2,45,8.0,250000.0,48780
8041432,1,1,1,10,2024,2,44,11.0,2000000.0,7550
8076351,1,1,1,10,2024,1,30,4.0,1300000.0,43639
8054402,1,2,1,10,2024,1,41,6.0,1850000.0,37187
8042891,1,1,1,10,2024,2,50,9.0,1791000.0,10764
8079351,1,2,1,10,2024,2,53,3.0,300000.0,50547
8043254,1,3,1,10,2024,2,27,8.0,1300000.0,11501
8039043,1,1,1,10,2024,1,58,5.0,900000.0,2130
8080696,1,1,1,10,2024,2,30,8.0,2500000.0,53603
8043093,1,1,1,10,2024,2,67,3.0,900000.0,11131
8038655,1,2,1,10,2024,1,40,10.0,1800000.0,1099
8079780,1,1,1,10,2024,1,36,3.0,600000.0,51549
8044285,1,1,1,10,2024,1,45,3.0,1200000.0,14122
8042502,1,2,1,10,2024,1,41,5.0,1300000.0,9951
8055475,1,3,1,10,2024,2,26,6.0,1300000.0,39426
8078155,1,1,1,10,2024,1,68,3.0,1500000.0,47751
8038978,1,1,1,10,2024,2,37,5.0,1300000.0,1955
8084242,1,1,1,10,2024,1,62,3.0,700000.0,60783
8042440,1,1,1,10,2024,1,65,5.0,1200000.0,9817
8052407,1,2,1,10,2024,2,34,4.0,1600000.0,32721
8039602,1,2,1,10,2024,1,45,10.0,640000.0,3356
8050502,1,3,1,10,2024,2,30,5.0,300000.0,28137
8076202,1,1,1,10,2024,2,42,5.0,320000.0,43307
8044782,1,1,1,10,2024,2,53,3.0,640000.0,15448
8044232,1,2,1,10,2024,1,41,4.0,800000.0,13912
8084860,1,1,1,10,2024,1,45,12.0,12000000.0,62073
8045468,1,1,1,10,2024,2,46,5.0,1300000.0,17357
8053221,1,2,1,10,2024,2,39,5.0,1200000.0,34634
8040555,1,1,1,10,2024,2,28,5.0,1300000.0,5500
8052435,1,3,1,10,2024,2,23,5.0,1500000.0,32785
8077045,1,4,1,10,2024,2,42,5.0,300000.0,45260
8043979,1,2,1,10,2024,1,53,3.0,480000.0,13376
8038405,1,2,1,10,2024,1,58,5.0,600000.0,590
8083717,1,2,1,10,2024,2,30,5.0,1300000.0,59610
8082695,1,4,1,10,2024,2,24,10.0,1500000.0,57351
8051929,1,1,1,10,2024,2,44,5.0,1470000.0,31428
8076152,1,2,1,10,2024,2,52,5.0,280000.0,43159
8085908,1,2,1,10,2024,1,44,10.0,2600000.0,63046
8045319,1,1,1,10,2024,1,52,9.0,1800000.0,16934
8081225,1,3,1,10,2024,2,24,6.0,900000.0,54615
8048837,1,1,1,10,2024,1,44,5.0,500000.0,24399
8040510,1,2,1,10,2024,1,28,5.0,1300000.0,5402
8049060,1,2,1,10,2024,2,44,5.0,240000.0,24851
8044106,1,1,1,10,2024,2,45,12.0,4200000.0,13662
8041649,1,2,1,10,2024,2,50,12.0,5000000.0,8067
8076896,1,1,1,10,2024,1,64,3.0,1300000.0,44918
8056329,1,2,1,10,2024,2,28,3.0,750000.0,41077
8084026,1,4,1,10,2024,1,19,5.0,700000.0,60272
8039951,1,1,1,10,2024,1,41,5.0,1500000.0,4071
8080527,2,2,2,10,2024,1,26,9.0,1900000.0,53243
8054942,1,1,1,10,2024,1,66,11.0,3000000.0,38414
8055692,1,4,1,10,2024,1,36,10.0,7000000.0,39834
8084188,1,2,1,10,2024,1,55,5.0,1100000.0,60660
8054851,1,2,1,10,2024,2,31,5.0,300000.0,38211
8039444,1,2,1,10,2024,1,33,10.0,2400000.0,3057
8078104,1,2,1,10,2024,2,35,11.0,2789000.0,47637
8083015,1,1,1,10,2024,2,65,10.0,1000000.0,58128
8052934,1,3,1,10,2024,2,26,9.0,1300000.0,33959
8083443,1,2,1,10,2024,1,40,5.0,1300000.0,59085
8044140,1,1,1,10,2024,2,72,3.0,200000.0,13738
8041114,1,3,1,10,2024,1,22,5.0,900000.0,6827
8040154,1,1,1,10,2024,1,60,10.0,3500000.0,4509
8050327,1,1,1,10,2024,1,52,4.0,600000.0,27630
8082544,1,1,1,10,2024,1,79,1.0,240000.0,56951
8081521,1,2,1,10,2024,1,35,5.0,1000000.0,55348
8083276,1,2,1,10,2024,1,51,3.0,1000000.0,58723
8082806,1,1,1,10,2024,2,39,10.0,5000000.0,57638
8039676,1,1,1,10,2024,2,53,5.0,900000.0,3491
8051933,1,1,1,10,2024,2,38,5.0,1384000.0,31439
8050779,1,1,1,10,2024,2,59,5.0,2200000.0,28810
8038537,1,4,1,10,2024,1,22,8.0,480000.0,868
8079941,1,4,1,10,2024,1,29,10.0,1300000.0,51954
8041128,1,1,1,10,2024,1,53,5.0,1400000.0,6871
8079478,1,1,1,10,2024,1,32,9.0,2500000.0,50835
8048963,1,2,1,10,2024,1,40,12.0,2990000.0,24686
8056466,1,1,1,10,2024,2,56,5.0,2900000.0,41378
8055921,1,1,1,10,2024,1,29,5.0,1750000.0,40272
8082697,1,2,1,10,2024,2,64,10.0,1500000.0,57353
8079104,1,3,1,10,2024,1,24,4.0,960000.0,49873
8048420,1,1,1,10,2024,1,54,3.0,1100000.0,23646
8082809,1,4,1,10,2024,2,66,3.0,600000.0,57647
8081575,1,1,1,10,2024,2,35,11.0,2200000.0,55424
8046563,1,3,1,10,2024,1,26,10.0,1550000.0,19891
8045085,1,1,1,10,2024,1,30,10.0,800000.0,16291
8040606,1,1,1,10,2024,2,60,4.0,600000.0,5638
8045722,1,1,1,10,2024,2,39,11.0,3800000.0,18018
8041538,1,2,1,10,2024,2,29,8.0,1200000.0,7810
8077855,1,3,1,10,2024,2,65,4.0,700000.0,47103
8038311,1,1,1,10,2024,1,38,3.0,2400000.0,335
8076696,1,1,1,10,2024,1,54,11.0,6500000.0,44465
8049492,1,1,1,10,2024,2,82,3.0,336000.0,25596
8079713,1,1,1,10,2024,1,50,8.0,1900000.0,51274
8049881,1,3,1,10,2024,2,18,6.0,0.0,26596
8046339,1,1,1,10,2024,2,24,8.0,1533000.0,19324
8043396,1,1,1,10,2024,1,47,5.0,1250000.0,11855
8047966,1,1,1,10,2024,1,45,5.0,2200000.0,22757
8045427,1,2,1,10,2024,1,58,5.0,1300000.0,17233
8076388,1,2,1,10,2024,2,43,5.0,1300000.0,43737
8040536,1,2,1,10,2024,1,61,5.0,1300000.0,5460
8075961,1,1,1,10,2024,1,36,3.0,70000.0,42581
8040475,1,1,1,10,2024,1,49,6.0,3800000.0,5320
8049739,1,3,1,10,2024,1,37,4.0,1300000.0,26233
8081666,1,1,1,10,2024,1,45,3.0,1300000.0,55568
8054632,1,2,1,10,2024,2,24,3.0,130000.0,37682
8080150,1,2,1,10,2024,2,38,9.0,1300000.0,52424
8076185,1,3,1,10,2024,1,25,3.0,300000.0,43267
8081175,1,2,1,10,2024,1,42,5.0,1500000.0,54536
8045695,1,1,1,10,2024,1,41,5.0,2000000.0,17956
8048018,1,1,1,10,2024,2,74,5.0,1600000.0,22868
8083000,1,1,1,10,2024,1,30,5.0,800000.0,58079
8083044,1,1,1,10,2024,1,54,3.0,600000.0,58192
8078489,1,1,1,10,2024,1,29,5.0,1462000.0,48526
8038474,1,1,1,10,2024,1,37,5.0,1600000.0,714
8079526,1,2,1,10,2024,2,26,5.0,1300000.0,50925
8082546,1,1,1,10,2024,1,47,3.0,2000000.0,56956
8055029,1,1,1,10,2024,1,57,3.0,600000.0,38609
8047316,1,3,1,10,2024,1,30,10.0,1100000.0,21414
8080641,1,2,1,10,2024,1,63,3.0,200000.0,53490
8083935,1,1,1,10,2024,1,39,9.0,1000000.0,59996
8046058,1,1,1,10,2024,1,39,4.0,800000.0,18611
8052167,1,4,1,10,2024,2,21,10.0,960000.0,32009
8053795,1,3,1,10,2024,2,20,5.0,1300000.0,35887
8080702,1,5,1,10,2024,1,62,3.0,300000.0,53616
8042026,1,2,1,10,2024,2,33,5.0,1300000.0,8910
8050314,1,1,1,10,2024,1,56,3.0,1200000.0,27581
8044400,1,1,1,10,2024,2,39,5.0,1300000.0,14438
8047490,1,1,1,10,2024,1,62,3.0,1000000.0,21707
8045139,1,2,1,10,2024,1,46,5.0,600000.0,16443
8055075,1,2,1,10,2024,1,69,5.0,200000.0,38711
8042850,1,2,1,10,2024,2,44,5.0,2000000.0,10689
8042630,1,3,1,10,2024,2,21,10.0,500000.0,10203
8076136,1,4,1,10,2024,2,21,5.0,200000.0,43111
8045264,1,1,1,10,2024,2,49,5.0,1000000.0,16794
8080220,1,2,1,10,2024,2,31,9.0,1800000.0,52606
8044837,1,1,1,10,2024,1,46,4.0,1000000.0,15618
8043797,1,3,1,10,2024,1,39,4.0,1000000.0,12939
8040922,1,1,1,10,2024,2,36,5.0,1000000.0,6364
8042088,1,3,1,10,2024,2,29,8.0,140000.0,8998
8040130,1,1,1,10,2024,1,32,4.0,500000.0,4450
8053603,1,1,1,10,2024,1,43,4.0,1300000.0,35500
8043253,1,6,1,10,2024,2,51,3.0,1600000.0,11498
8081048,1,1,1,10,2024,1,70,3.0,450000.0,54308
8083156,1,1,1,10,2024,1,36,5.0,400000.0,58460
8048479,1,5,1,10,2024,1,36,5.0,2400000.0,23765
8045775,1,1,1,10,2024,1,25,5.0,1450000.0,18147
8053948,1,2,1,10,2024,1,19,4.0,1300000.0,36208
8038697,1,2,1,10,2024,2,28,8.0,450000.0,1259
8040251,1,1,1,10,2024,2,35,10.0,2600000.0,4776
8082714,1,2,1,10,2024,2,27,5.0,1200000.0,57390
8076152,1,1,1,10,2024,1,60,3.0,1200000.0,43158
8044282,1,2,1,10,2024,1,25,5.0,800000.0,14112
8039579,1,1,1,10,2024,1,53,4.0,1300000.0,3325
8085044,1,2,1,10,2024,1,28,10.0,3900000.0,62520
8053357,1,3,1,10,2024,1,19,8.0,400000.0,34987
8054441,1,1,1,10,2024,1,24,10.0,2500000.0,37294
8084689,1,2,1,10,2024,2,20,5.0,800000.0,61696
8082467,1,1,1,10,2024,1,38,10.0,1500000.0,56771
8082671,1,2,1,10,2024,2,51,10.0,1300000.0,57288
8083939,1,4,1,10,2024,2,27,11.0,6000000.0,60005
8075821,1,4,1,10,2024,2,24,10.0,1400000.0,42171
8043224,1,3,1,10,2024,2,19,8.0,1300000.0,11433
8083179,1,1,1,10,2024,1,38,3.0,380000.0,58481
8048653,1,2,1,10,2024,1,44,5.0,1300000.0,24053
8082622,1,2,1,10,2024,2,32,5.0,1300000.0,57123
8050997,1,2,1,10,2024,1,70,3.0,1300000.0,29429
8043739,1,2,1,10,2024,2,40,10.0,3000000.0,12764
8053200,1,1,1,10,2024,1,47,5.0,1500000.0,34591
8054609,1,1,1,10,2024,2,57,4.0,300000.0,37617
8051786,1,2,1,10,2024,1,48,5.0,1800000.0,31040
8075892,1,1,1,10,2024,2,81,1.0,50000.0,42358
8079265,1,1,1,10,2024,1,56,3.0,2000000.0,50325
8052119,1,7,1,10,2024,1,35,5.0,1300000.0,31898
8056086,1,2,1,10,2024,2,55,5.0,1200000.0,40569
8038881,1,1,1,10,2024,1,50,10.0,4800000.0,1717
8051550,1,1,1,10,2024,1,61,9.0,3000000.0,30461
8055670,1,2,1,10,2024,1,22,9.0,1300000.0,39765
8039757,1,1,1,10,2024,1,42,10.0,4500000.0,3667
8050429,1,4,1,10,2024,1,19,5.0,800000.0,27908
8046048,1,1,1,10,2024,1,63,3.0,0.0,18583
8082879,1,1,1,10,2024,2,40,5.0,2000000.0,57814
8076824,1,1,1,10,2024,2,30,5.0,600000.0,44764
8077021,1,2,1,10,2024,2,40,8.0,2600000.0,45181
8052416,1,2,1,10,2024,1,38,3.0,450000.0,32740
8043562,1,2,1,10,2024,2,48,11.0,4000000.0,12314
8080326,1,1,1,10,2024,2,54,5.0,1100000.0,52862
8054602,1,2,1,10,2024,2,43,10.0,1300000.0,37590
8076668,1,1,1,10,2024,1,59,3.0,1300000.0,44409
8041219,1,1,1,10,2024,2,72,5.0,250000.0,7097
8079373,1,1,1,10,2024,1,29,3.0,1000000.0,50591
8039368,1,1,1,10,2024,1,64,13.0,12911902.0,2915
8079146,1,2,1,10,2024,1,74,3.0,180000.0,49953
8048639,1,1,1,10,2024,1,68,10.0,6000000.0,24034
8049384,1,2,1,10,2024,1,51,3.0,400000.0,25485
8076523,1,1,1,10,2024,1,24,5.0,1000000.0,44085
8077607,1,1,1,10,2024,1,48,6.0,915000.0,46587
8083519,1,1,1,10,2024,2,44,5.0,1300000.0,59217
8045479,1,1,1,10,2024,1,54,11.0,4800000.0,17391
8085094,1,2,1,10,2024,1,34,9.0,2100000.0,62606
8042656,1,1,1,10,2024,1,41,5.0,1000000.0,10240
8076788,1,2,1,10,2024,2,58,10.0,9000000.0,44700
8049734,1,1,1,10,2024,2,37,4.0,5960000.0,26212
8047240,1,2,1,10,2024,1,63,3.0,300000.0,21269
8075641,1,1,1,10,2024,2,32,5.0,1000000.0,41692
8051452,1,1,1,10,2024,1,42,5.0,1300000.0,30238
8045921,1,1,1,10,2024,1,31,3.0,950000.0,18232
8084198,1,3,1,10,2024,2,16,4.0,170000.0,60684
8080723,1,1,1,10,2024,2,35,8.0,1600000.0,53640
8076374,1,1,1,10,2024,2,61,3.0,800000.0,43695
8042355,1,1,1,10,2024,2,57,6.0,250000.0,9630
8042860,1,2,1,10,2024,2,38,11.0,4200000.0,10720
8046054,1,1,1,10,2024,1,51,4.0,1000000.0,18602
8054936,1,2,1,10,2024,2,31,10.0,7200000.0,38398
8079033,1,8,1,10,2024,1,20,4.0,1300000.0,49727
8054239,1,2,1,10,2024,2,51,8.0,960000.0,36803
8047990,1,1,1,10,2024,2,22,5.0,1300000.0,22806
8038508,1,1,1,10,2024,1,43,5.0,3500000.0,785
8040608,1,4,1,10,2024,1,43,5.0,900000.0,5644
8050472,1,3,1,10,2024,1,24,5.0,400000.0,28028
8055084,1,3,1,10,2024,2,64,3.0,0.0,38718
8076760,1,2,1,10,2024,1,31,5.0,500000.0,44631
8054045,1,1,1,10,2024,2,25,5.0,1300000.0,36379
8042503,1,2,1,10,2024,2,35,8.0,800000.0,9955
8047899,1,2,1,10,2024,2,39,6.0,1300000.0,22657
8049823,1,1,1,10,2024,1,27,5.0,1250000.0,26456
8054856,1,1,1,10,2024,2,41,11.0,18000000.0,38221
8075571,1,1,1,10,2024,1,72,5.0,600000.0,41455
8085967,1,1,1,10,2024,2,31,5.0,800000.0,63110
8051835,1,2,1,10,2024,1,34,5.0,1000000.0,31200
8051983,1,1,1,10,2024,2,24,8.0,1600000.0,31565
8046226,1,2,1,10,2024,2,88,1.0,25000.0,19007
8082412,1,1,1,10,2024,1,36,10.0,1462000.0,56664
8040434,1,1,1,10,2024,2,60,10.0,2100000.0,5212
8042021,1,2,1,10,2024,1,23,8.0,1300000.0,8898
8043783,1,5,1,10,2024,1,25,4.0,800000.0,12894
8053313,1,1,1,10,2024,1,60,5.0,1900000.0,34862
8056070,1,1,1,10,2024,2,30,10.0,4500000.0,40524
8046082,1,3,1,10,2024,2,32,12.0,3200000.0,18677
8077117,1,3,1,10,2024,1,41,4.0,500000.0,45479
8084899,1,2,1,10,2024,1,26,6.0,1400000.0,62161
8044930,1,1,1,10,2024,1,38,10.0,1300000.0,15873
8052863,1,1,1,10,2024,1,54,5.0,1700000.0,33785
8039112,1,2,1,10,2024,2,19,5.0,,2334
8054902,1,2,1,10,2024,1,50,9.0,5000000.0,38326
8045139,1,1,1,10,2024,2,48,5.0,500000.0,16442
8047138,1,2,1,10,2024,1,68,4.0,600000.0,21049
8040092,1,1,1,10,2024,1,28,6.0,1500000.0,4345
8053990,1,3,1,10,2024,1,65,5.0,900000.0,36283
8077958,1,2,1,10,2024,2,25,5.0,600000.0,47310
8055816,1,1,1,10,2024,2,62,3.0,350000.0,40047
8042805,1,2,1,10,2024,2,57,9.0,1300000.0,10598
8050801,1,1,1,10,2024,2,49,8.0,500000.0,28865
8056030,1,2,1,10,2024,2,59,5.0,400000.0,40447
8053598,1,1,1,10,2024,2,42,5.0,1300000.0,35483
8055347,1,3,1,10,2024,1,31,10.0,7000000.0,39213
8075808,1,2,1,10,2024,1,47,5.0,800000.0,42127
8045198,1,2,1,10,2024,1,26,4.0,200000.0,16614
8053001,1,2,1,10,2024,1,24,8.0,720000.0,34180
8052566,1,1,1,10,2024,2,24,3.0,1000000.0,33112
8076732,1,1,1,10,2024,1,43,5.0,1300000.0,44556
8046593,1,1,1,10,2024,1,54,3.0,1300000.0,19992
8080743,1,1,1,10,2024,1,45,4.0,1200000.0,53667
8076421,1,2,1,10,2024,1,24,5.0,1100000.0,43806
8055509,1,3,1,10,2024,1,24,10.0,2900000.0,39476
8055168,1,1,1,10,2024,2,74,4.0,4000000.0,38862
8040914,1,1,1,10,2024,1,68,3.0,30000.0,6345
8045937,1,2,1,10,2024,1,25,4.0,480000.0,18282
8039778,1,2,1,10,2024,1,32,8.0,1700000.0,3707
8048140,1,1,1,10,2024,2,42,5.0,900000.0,23157
8052062,1,1,1,10,2024,1,50,3.0,1000000.0,31735
8039601,1,1,1,10,2024,2,53,10.0,700000.0,3354
8051281,1,1,1,10,2024,2,43,3.0,500000.0,29754
8046237,1,1,1,10,2024,2,65,3.0,100000.0,19021
8055031,1,1,1,10,2024,1,37,5.0,4050000.0,38615
8085072,1,4,1,10,2024,1,24,5.0,1300000.0,62562
8076649,1,1,1,10,2024,1,69,1.0,1000000.0,44360
8080960,1,1,1,10,2024,1,35,3.0,1300000.0,54117
8039994,1,1,1,10,2024,1,48,4.0,700000.0,4137
8050123,1,1,1,10,2024,1,42,5.0,1800000.0,27148
8055831,1,1,1,10,2024,2,25,10.0,1300000.0,40067
8038679,1,2,1,10,2024,1,32,4.0,1500000.0,1178
8054519,1,1,1,10,2024,2,64,4.0,800000.0,37442
8043759,1,2,1,10,2024,2,42,5.0,700000.0,12827
8055039,1,1,1,10,2024,2,60,4.0,600000.0,38641
8084191,1,1,1,10,2024,1,56,1.0,1462000.0,60669
8043429,1,1,1,10,2024,2,35,4.0,1300000.0,11947
8079359,1,2,1,10,2024,1,51,10.0,1000000.0,50567
8041970,1,1,1,10,2024,2,22,10.0,1600000.0,8765
8055506,1,1,1,10,2024,2,57,8.0,60000.0,39467
8051480,1,1,1,10,2024,1,60,8.0,700000.0,30304
8053802,1,2,1,10,2024,1,61,5.0,1300000.0,35909
8082643,1,1,1,10,2024,1,47,3.0,1000000.0,57189
8083713,1,4,1,10,2024,2,42,3.0,700000.0,59604
8043012,1,2,1,10,2024,2,74,9.0,100000.0,10947
8078407,1,3,1,10,2024,2,52,5.0,1300000.0,48345
8076642,1,1,1,10,2024,1,55,3.0,800000.0,44348
8049380,1,1,1,10,2024,2,25,5.0,600000.0,25479
8044678,1,3,1,10,2024,1,31,5.0,1300000.0,15209
8077155,1,1,1,10,2024,1,49,3.0,668000.0,45582
8043938,1,1,1,10,2024,1,58,3.0,1000000.0,13261
8038705,1,1,1,10,2024,1,38,10.0,3200000.0,1276
8039895,1,2,1,10,2024,2,60,8.0,1300000.0,3928
8053301,1,2,1,10,2024,1,41,5.0,1200000.0,34827
8050992,1,1,1,10,2024,2,30,8.0,1000000.0,29413
8081494,1,2,1,10,2024,1,28,5.0,1300000.0,55279
8041045,1,1,1,10,2024,1,33,11.0,2700000.0,6665
8080770,1,3,1,10,2024,2,20,9.0,750000.0,53725
8055040,1,1,1,10,2024,1,38,12.0,6000000.0,38646
8042896,1,2,1,10,2024,2,40,11.0,4400000.0,10779
8046321,1,1,1,10,2024,2,65,3.0,1500000.0,19276
8086618,1,1,1,10,2024,1,53,3.0,1300000.0,64136
8053298,1,2,1,10,2024,2,43,10.0,800000.0,34815
8077364,1,1,1,10,2024,2,66,7.0,200000.0,46091
8055579,1,1,1,10,2024,1,26,5.0,1300000.0,39575
8055535,1,2,1,10,2024,2,23,10.0,2200000.0,39525
8053210,1,2,1,10,2024,2,26,8.0,1300000.0,34614
8042577,1,1,1,10,2024,2,17,10.0,650000.0,10093
8080169,1,2,1,10,2024,2,54,10.0,3100000.0,52464
8084008,1,1,1,10,2024,2,46,5.0,750000.0,60214
8043456,1,1,1,10,2024,2,55,3.0,700000.0,12012
8039746,1,2,1,10,2024,2,37,5.0,700000.0,3645
8086381,1,1,1,10,2024,1,61,9.0,3000000.0,63571
8077018,1,1,1,10,2024,2,54,4.0,400000.0,45173
8055048,1,1,1,10,2024,1,46,5.0,300000.0,38668
8077184,1,1,1,10,2024,2,59,11.0,6000000.0,45672
8039119,1,3,1,10,2024,1,42,5.0,2000000.0,2350
8046661,1,1,1,10,2024,1,32,9.0,1000000.0,20143
8044345,1,1,1,10,2024,1,33,5.0,1300000.0,14298
8043446,1,1,1,10,2024,1,34,5.0,1000000.0,11994
8076025,1,3,1,10,2024,2,38,10.0,2000000.0,42780
8054122,1,1,1,10,2024,2,34,5.0,820000.0,36548
8043783,1,6,1,10,2024,1,73,3.0,300000.0,12895
8079717,1,2,1,10,2024,2,65,4.0,500000.0,51290
8040415,1,1,1,10,2024,1,44,5.0,1300000.0,5155
8045986,1,2,1,10,2024,1,48,5.0,1300000.0,18426
8045503,1,2,1,10,2024,2,52,3.0,55000.0,17461
8077672,1,2,1,10,2024,2,65,4.0,720000.0,46708
8080412,1,1,1,10,2024,2,46,5.0,1300000.0,53094
8042186,1,2,1,10,2024,2,44,8.0,1300000.0,9272
8056368,1,1,1,10,2024,1,54,8.0,1300000.0,41170
8086499,1,2,1,10,2024,2,30,5.0,1300000.0,63822
8082829,1,3,1,10,2024,2,27,5.0,1462000.0,57683
8054742,1,1,1,10,2024,1,34,5.0,1300000.0,37953
8077101,1,2,1,10,2024,1,30,3.0,500000.0,45434
8077283,1,1,1,10,2024,2,48,8.0,2000000.0,45918
8055013,1,5,1,10,2024,1,20,10.0,300000.0,38565
8039150,1,3,1,10,2024,1,46,10.0,1000000.0,2452
8049278,1,2,1,10,2024,2,66,5.0,1800000.0,25265
8041623,1,1,1,10,2024,1,44,10.0,4000000.0,7991
8086388,1,1,1,10,2024,1,61,9.0,3000000.0,63585
8040809,1,3,1,10,2024,1,35,10.0,2300000.0,6079
8083488,1,1,1,10,2024,2,49,10.0,700000.0,59182
8049820,1,2,1,10,2024,1,27,5.0,800000.0,26443
8077384,1,1,1,10,2024,1,16,4.0,1050000.0,46138
8046447,1,1,1,10,2024,1,55,11.0,23500000.0,19564
8047949,1,1,1,10,2024,2,40,10.0,1300000.0,22726
8046320,1,3,1,10,2024,1,50,4.0,2500000.0,19275
8038733,1,1,1,10,2024,1,57,8.0,2600000.0,1342
8077352,1,1,1,10,2024,1,41,8.0,1400000.0,46063
8039233,1,2,1,10,2024,1,46,5.0,900000.0,2654
8080539,1,2,1,10,2024,2,22,5.0,14700000.0,53270
8051780,1,1,1,10,2024,2,50,5.0,200000.0,31023
8051797,1,2,1,10,2024,1,56,6.0,2500000.0,31073
8085026,1,5,1,10,2024,1,28,8.0,2500000.0,62445
8077304,1,1,1,10,2024,1,26,3.0,1000000.0,45950
8078170,1,2,1,10,2024,2,35,4.0,240000.0,47793
8086661,1,1,1,10,2024,1,68,5.0,1300000.0,64268
8078566,1,1,1,10,2024,1,59,3.0,1000000.0,48685
8044560,1,2,1,10,2024,1,26,4.0,2000000.0,14895
8038726,1,3,1,10,2024,1,45,5.0,1300000.0,1334
8084779,1,1,1,10,2024,1,57,10.0,2800000.0,61894
8039746,1,1,1,10,2024,2,82,3.0,20000.0,3644
8045777,1,1,1,10,2024,2,66,3.0,20000.0,18152
8084360,1,2,1,10,2024,2,71,1.0,60000.0,61046
8041585,1,1,1,10,2024,1,49,5.0,1300000.0,7914
8081133,1,1,1,10,2024,2,39,5.0,800000.0,54447
8042500,1,1,1,10,2024,1,60,10.0,20000000.0,9946
8079069,1,1,1,10,2024,1,54,5.0,1870000.0,49800
8080291,1,2,1,10,2024,1,28,10.0,1200000.0,52773
8040664,1,1,1,10,2024,2,71,3.0,900000.0,5734
8049173,1,1,1,10,2024,1,39,8.0,2200000.0,25050
8078608,1,3,1,10,2024,1,22,9.0,1300000.0,48787
8078453,1,3,1,10,2024,1,40,3.0,600000.0,48448
8081250,1,1,1,10,2024,2,50,4.0,700000.0,54697
8043051,1,2,1,10,2024,1,21,6.0,1300000.0,11035
8054769,1,2,1,10,2024,2,50,5.0,700000.0,38025
8045173,1,1,1,10,2024,2,39,12.0,4000000.0,16535
8080541,1,2,1,10,2024,2,22,5.0,1300000.0,53278
8039953,1,1,1,10,2024,1,63,3.0,1300000.0,4078
8048701,1,2,1,10,2024,2,26,10.0,1000000.0,24143
8054603,1,1,1,10,2024,1,45,10.0,200000.0,37598
8046643,1,1,1,10,2024,2,43,11.0,7635000.0,20107
8085092,1,2,1,10,2024,1,26,5.0,500000.0,62599
8084281,1,1,1,10,2024,2,30,5.0,300000.0,60879
8042744,1,1,1,10,2024,1,27,5.0,800000.0,10452
8038876,1,1,1,10,2024,1,66,3.0,380000.0,1700
8082336,2,1,2,10,2024,1,34,10.0,2500000.0,56508
8041752,1,1,1,10,2024,2,52,5.0,1472000.0,8245
8042328,1,1,1,10,2024,1,22,5.0,1800000.0,9573
8043109,1,4,1,10,2024,1,19,6.0,900000.0,11168
8085771,1,1,1,10,2024,1,24,10.0,3000000.0,62816
8044430,1,1,1,10,2024,2,49,4.0,150000.0,14529
8076592,1,2,1,10,2024,2,40,8.0,1300000.0,44225
8055029,1,3,1,10,2024,2,28,11.0,2400000.0,38611
8048678,1,5,1,10,2024,2,41,4.0,1300000.0,24103
8041647,1,1,1,10,2024,2,52,3.0,630000.0,8058
8079025,1,2,1,10,2024,1,45,3.0,500000.0,49697
8046705,1,2,1,10,2024,2,23,10.0,2500000.0,20250
8084237,1,2,1,10,2024,1,29,9.0,1462000.0,60771
8077346,1,1,1,10,2024,2,41,3.0,1300000.0,46049
8081146,1,1,1,10,2024,2,33,9.0,180000.0,54481
8038513,2,1,2,10,2024,2,22,10.0,1830000.0,799
8078250,1,1,1,10,2024,2,28,10.0,1400000.0,47977
8081942,1,2,1,10,2024,1,52,5.0,1800000.0,55890
8042726,1,1,1,10,2024,1,55,7.0,2000000.0,10424
8039056,1,1,1,10,2024,2,50,3.0,200000.0,2166
8042887,1,1,1,10,2024,2,46,9.0,900000.0,10750
8079986,1,1,1,10,2024,1,54,5.0,1300000.0,52026
8043959,1,3,1,10,2024,1,23,8.0,1200000.0,13336
8078708,1,2,1,10,2024,2,34,4.0,1200000.0,48983
8038686,1,4,1,10,2024,1,32,5.0,1600000.0,1215
8080219,1,1,1,10,2024,2,33,5.0,1300000.0,52603
8040212,1,4,1,10,2024,2,31,5.0,1600000.0,4682
8081529,1,2,1,10,2024,2,42,8.0,1800000.0,55363
8038782,1,1,1,10,2024,2,41,5.0,1200000.0,1501
8040987,1,3,1,10,2024,2,33,5.0,1462000.0,6514
8050634,1,1,1,10,2024,1,71,13.0,1500000.0,28480
8076913,1,1,1,10,2024,1,64,1.0,1550000.0,44957
8051481,1,1,1,10,2024,2,52,10.0,5000000.0,30306
8086731,1,1,1,10,2024,2,42,3.0,150000.0,64393
8056256,1,2,1,10,2024,2,33,10.0,2500000.0,40950
8077908,1,1,1,10,2024,1,72,3.0,1100000.0,47185
8045391,1,1,1,10,2024,1,36,5.0,2600000.0,17118
8082635,1,4,1,10,2024,2,24,5.0,1300000.0,57165
8052785,1,1,1,10,2024,1,60,3.0,2200000.0,33587
8077606,1,2,1,10,2024,1,66,3.0,360000.0,46586
8086339,1,1,1,10,2024,1,61,9.0,3000000.0,63489
8038765,1,1,1,10,2024,1,41,5.0,1200000.0,1449
8041088,1,1,1,10,2024,1,59,5.0,700000.0,6749
8056085,1,3,1,10,2024,2,21,5.0,1300000.0,40566
8081085,1,1,1,10,2024,2,25,5.0,600000.0,54376
8084744,1,3,1,10,2024,1,51,5.0,350000.0,61820
8045108,1,1,1,10,2024,2,46,12.0,5700000.0,16356
8079074,1,2,1,10,2024,2,47,3.0,1462000.0,49811
8086352,1,1,1,10,2024,1,61,9.0,3000000.0,63513
8040773,1,1,1,10,2024,1,52,10.0,2200000.0,6009
8040560,1,1,1,10,2024,2,32,3.0,660000.0,5515
8038489,1,1,1,10,2024,2,36,5.0,1700000.0,752
8044700,1,1,1,10,2024,2,44,3.0,600000.0,15270
8044841,1,1,1,10,2024,2,31,4.0,1280000.0,15628
8043956,1,4,1,10,2024,1,29,4.0,850000.0,13322
8080216,1,1,1,10,2024,1,48,5.0,2600000.0,52585
8041096,1,1,1,10,2024,2,34,5.0,1300000.0,6763
8041792,1,1,1,10,2024,2,34,5.0,2800000.0,8292
8081150,1,2,1,10,2024,2,33,5.0,900000.0,54486
8047264,1,1,1,10,2024,2,34,3.0,1100000.0,21313
8084298,1,2,1,10,2024,2,24,10.0,1300000.0,60908
8077098,1,1,1,10,2024,1,67,3.0,100000.0,45426
8049863,1,2,1,10,2024,2,34,10.0,1300000.0,26541
8086342,1,1,1,10,2024,1,61,9.0,3000000.0,63495
8081108,1,1,1,10,2024,1,68,3.0,1000000.0,54408
8038488,1,3,1,10,2024,2,54,5.0,1500000.0,750
8043266,1,2,1,10,2024,1,19,6.0,1200000.0,11530
8050871,1,2,1,10,2024,2,28,10.0,1300000.0,29055
8044026,1,2,1,10,2024,2,33,6.0,1470000.0,13476
8047744,1,2,1,10,2024,2,45,5.0,1300000.0,22262
8076236,1,1,1,10,2024,1,33,5.0,400000.0,43361
8039526,1,1,1,10,2024,2,22,5.0,1300000.0,3237
8075824,1,2,1,10,2024,2,43,5.0,300000.0,42179
8084448,1,2,1,10,2024,1,25,5.0,1500000.0,61231
8043217,1,1,1,10,2024,2,72,3.0,500000.0,11415
8086475,1,3,1,10,2024,1,18,1.0,1500000.0,63764
8044585,1,2,1,10,2024,2,31,13.0,4560000.0,14960
8051771,1,2,1,10,2024,1,42,10.0,1300000.0,31009
8082926,1,3,1,10,2024,2,21,8.0,600000.0,57923
8038734,1,3,1,10,2024,2,60,5.0,1300000.0,1348
8047361,1,2,1,10,2024,2,34,10.0,400000.0,21514
8038794,1,1,1,10,2024,2,26,12.0,6681000.0,1519
8043334,1,5,1,10,2024,2,55,5.0,2300000.0,11715
8080254,1,1,1,10,2024,1,37,5.0,1300000.0,52700
8077444,1,1,1,10,2024,2,50,5.0,400000.0,46260
8049605,1,2,1,10,2024,1,44,5.0,900000.0,25866
8056011,1,1,1,10,2024,1,33,5.0,2000000.0,40422
8044100,1,1,1,10,2024,1,36,5.0,3000000.0,13659
8052208,1,1,1,10,2024,2,58,4.0,180000.0,32105
8052089,1,2,1,10,2024,2,33,9.0,2200000.0,31816
8052941,1,4,1,10,2024,1,24,3.0,600000.0,33980
8085945,1,2,1,10,2024,1,39,5.0,480000.0,63067
8038360,1,3,1,10,2024,1,26,12.0,3500000.0,468
8054913,1,4,1,10,2024,2,22,10.0,1300000.0,38351
8041214,1,1,1,10,2024,1,69,10.0,1100000.0,7090
8075614,1,1,1,10,2024,1,70,3.0,700000.0,41601
8079426,1,2,1,10,2024,1,25,4.0,200000.0,50717
8052320,1,6,1,10,2024,1,71,1.0,500000.0,32451
8054557,1,1,1,10,2024,1,38,9.0,2350000.0,37518
8041275,1,1,1,10,2024,2,31,11.0,4200000.0,7220
8044460,1,1,1,10,2024,2,56,12.0,5000000.0,14602
8054084,1,1,1,10,2024,1,39,5.0,500000.0,36463
8081270,1,3,1,10,2024,1,22,5.0,700000.0,54751
8039198,1,4,1,10,2024,1,30,10.0,2000000.0,2564
8046674,1,3,1,10,2024,2,23,5.0,1600000.0,20176
8051820,1,2,1,10,2024,2,59,3.0,300000.0,31144
8055210,1,1,1,10,2024,2,64,3.0,750000.0,38950
8040965,1,1,1,10,2024,2,59,3.0,540000.0,6455
8040652,1,1,1,10,2024,2,78,3.0,2500000.0,5721
8078713,1,1,1,10,2024,1,67,3.0,500000.0,48992
8085092,1,1,1,10,2024,2,33,5.0,600000.0,62598
8084390,1,2,1,10,2024,2,36,9.0,500000.0,61115
8040414,1,1,1,10,2024,2,66,4.0,0.0,5153
8044567,1,1,1,10,2024,1,37,6.0,5100000.0,14911
8083693,1,1,1,10,2024,1,27,10.0,1800000.0,59566
8051297,1,2,1,10,2024,1,18,5.0,700000.0,29797
8045062,1,1,1,10,2024,2,50,11.0,4000000.0,16232
8038841,1,1,1,10,2024,1,27,10.0,9000000.0,1617
8050897,1,1,1,10,2024,2,50,5.0,1300000.0,29130
8044149,1,2,1,10,2024,1,33,8.0,1800000.0,13763
8055695,1,3,1,10,2024,2,24,10.0,1300000.0,39845
8075646,1,2,1,10,2024,1,48,5.0,800000.0,41717
8078577,1,2,1,10,2024,1,25,5.0,340000.0,48717
8038930,1,1,1,10,2024,2,50,9.0,1300000.0,1841
8077127,1,1,1,10,2024,1,45,4.0,1500000.0,45510
8047222,1,1,1,10,2024,1,47,3.0,800000.0,21226
8054327,1,2,1,10,2024,1,43,10.0,3000000.0,37019
8084283,1,2,1,10,2024,2,34,5.0,1300000.0,60883
8078974,1,1,1,10,2024,1,57,3.0,680000.0,49579
8077671,1,3,1,10,2024,1,46,10.0,4000000.0,46706
8045721,1,1,1,10,2024,2,41,6.0,2000000.0,18016
8038743,1,2,1,10,2024,2,43,10.0,3500000.0,1374
8050449,1,2,1,10,2024,2,26,10.0,1300000.0,27956
8039537,1,1,1,10,2024,1,50,5.0,1300000.0,3258
8043224,1,4,1,10,2024,1,16,4.0,80000.0,11434
8039484,1,3,1,10,2024,1,43,3.0,1500000.0,3144
8084774,1,4,1,10,2024,2,28,5.0,1000000.0,61876
8044141,1,1,1,10,2024,2,31,6.0,2000000.0,13739
8043282,1,1,1,10,2024,1,72,1.0,80000.0,11567
8076444,1,2,1,10,2024,2,22,5.0,480000.0,43862
8084778,1,1,1,10,2024,1,60,5.0,1600000.0,61892
8053714,1,1,1,10,2024,2,59,8.0,1000000.0,35788
8041898,1,1,1,10,2024,2,31,10.0,2800000.0,8553
8078087,1,3,1,10,2024,1,42,3.0,1150000.0,47598
8083133,1,1,1,10,2024,2,58,10.0,3000000.0,58406
8051341,1,1,1,10,2024,1,48,3.0,1300000.0,29934
8081027,1,2,1,10,2024,2,53,5.0,1300000.0,54251
8039075,1,2,1,10,2024,2,40,4.0,1250000.0,2216
8052206,1,1,1,10,2024,1,30,4.0,900000.0,32100
8051854,1,3,1,10,2024,2,29,11.0,4000000.0,31260
8080910,1,1,1,10,2024,1,47,8.0,2000000.0,53995
8045100,1,4,1,10,2024,1,26,5.0,800000.0,16339
8055857,1,1,1,10,2024,1,47,5.0,960000.0,40127
8079948,1,3,1,10,2024,1,36,9.0,3000000.0,51967
8051288,1,2,1,10,2024,2,34,10.0,6400000.0,29775
8049095,1,6,1,10,2024,2,22,5.0,37000.0,24914
8043457,1,1,1,10,2024,1,60,5.0,2175000.0,12018
8047235,1,3,1,10,2024,1,43,10.0,1400000.0,21260
8079044,1,2,1,10,2024,1,29,8.0,1400000.0,49752
8084817,1,1,1,10,2024,1,58,3.0,600000.0,61971
8078800,1,1,1,10,2024,2,80,3.0,1500000.0,49181
8042183,1,1,1,10,2024,2,53,5.0,480000.0,9258
8040769,1,1,1,10,2024,1,32,6.0,2000000.0,5997
8050186,1,1,1,10,2024,1,62,5.0,100000.0,27290
8048778,1,2,1,10,2024,1,56,8.0,1000000.0,24272
8044890,1,1,1,10,2024,1,62,11.0,5500000.0,15761
8082511,1,1,1,10,2024,2,29,3.0,500000.0,56868
8076734,1,1,1,10,2024,2,61,5.0,1000000.0,44566
8077919,1,1,1,10,2024,1,76,3.0,1000000.0,47215
8045469,1,4,1,10,2024,1,18,3.0,980000.0,17364
8082975,1,1,1,10,2024,1,38,5.0,1200000.0,58029
8083657,1,1,1,10,2024,1,30,5.0,1200000.0,59494
8083599,1,1,1,10,2024,1,51,5.0,1900000.0,59384
8046696,1,2,1,10,2024,2,46,9.0,1850000.0,20221
8083518,1,3,1,10,2024,2,33,8.0,1800000.0,59213
8048847,1,1,1,10,2024,2,51,3.0,200000.0,24423
8038564,1,1,1,10,2024,2,37,5.0,1400000.0,915
8039694,1,1,1,10,2024,2,48,5.0,730000.0,3534
8040447,1,1,1,10,2024,1,56,3.0,2100000.0,5247
8054131,1,3,1,10,2024,2,32,5.0,840000.0,36566
8054210,1,3,1,10,2024,1,41,10.0,2600000.0,36755
8043945,1,2,1,10,2024,2,30,5.0,1444000.0,13289
8055319,1,3,1,10,2024,2,20,10.0,1300000.0,39158
8052255,1,2,1,10,2024,1,37,5.0,300000.0,32258
8045648,1,1,1,10,2024,2,36,5.0,720000.0,17837
8050692,1,3,1,10,2024,1,47,5.0,1000000.0,28606
8040433,1,2,1,10,2024,2,42,5.0,700000.0,5209
8052413,1,1,1,10,2024,1,74,1.0,100000.0,32733
8077251,1,1,1,10,2024,1,44,5.0,2500000.0,45841
8044826,1,1,1,10,2024,1,36,5.0,1500000.0,15586
8044320,1,2,1,10,2024,2,38,5.0,4000000.0,14229
8040213,1,3,1,10,2024,2,24,10.0,1300000.0,4685
8084071,1,3,1,10,2024,1,29,12.0,7000000.0,60434
8044278,1,4,1,10,2024,2,34,5.0,100000.0,14092
8084165,1,1,1,10,2024,1,73,3.0,400000.0,60585
8082280,1,1,1,10,2024,2,56,5.0,320000.0,56378
8075899,1,1,1,10,2024,1,49,3.0,900000.0,42374
8080218,2,1,2,10,2024,1,51,5.0,1800000.0,52597
8045044,1,1,1,10,2024,1,25,5.0,1900000.0,16183
8053582,1,2,1,10,2024,1,44,5.0,1300000.0,35452
8076677,1,1,1,10,2024,2,63,3.0,1500000.0,44426
8053692,1,1,1,10,2024,1,57,11.0,5000000.0,35713
8043176,1,1,1,10,2024,1,68,3.0,60000.0,11340
8086720,1,1,1,10,2024,2,44,5.0,800000.0,64369
8052756,1,1,1,10,2024,1,58,3.0,2300000.0,33513
8056498,1,1,1,10,2024,1,56,3.0,900000.0,41442
8083324,1,6,1,10,2024,2,51,10.0,3500000.0,58846
8054867,1,1,1,10,2024,1,31,10.0,3000000.0,38239
8049554,1,2,1,10,2024,1,28,10.0,2850000.0,25745
8040773,1,2,1,10,2024,2,42,11.0,3000000.0,6010
8038297,1,1,1,10,2024,1,57,5.0,1200000.0,300
8054045,1,2,1,10,2024,1,27,5.0,200000.0,36380
8040255,1,1,1,10,2024,1,60,5.0,3700000.0,4781
8082794,1,1,1,10,2024,2,49,6.0,1300000.0,57593
8039703,1,1,1,10,2024,2,65,3.0,1300000.0,3551
8053890,1,4,1,10,2024,1,20,10.0,1000000.0,36084
8040162,1,1,1,10,2024,1,23,8.0,1600000.0,4523
8078264,1,1,1,10,2024,1,60,6.0,200000.0,48016
8084772,1,3,1,10,2024,1,34,8.0,1600000.0,61869
8046797,1,2,1,10,2024,1,41,3.0,400000.0,20463
8078461,1,2,1,10,2024,2,35,8.0,600000.0,48465
8056369,1,2,1,10,2024,1,45,5.0,1500000.0,41173
8053612,1,1,1,10,2024,2,44,5.0,1300000.0,35528
8083867,1,2,1,10,2024,2,55,10.0,1300000.0,59922
8085071,1,1,1,10,2024,1,46,4.0,1000000.0,62558
8049509,1,1,1,10,2024,1,27,4.0,800000.0,25640
8083155,1,1,1,10,2024,1,30,5.0,1300000.0,58459
8047537,1,2,1,10,2024,1,31,5.0,1300000.0,21794
8051633,1,1,1,10,2024,2,44,9.0,1300000.0,30651
8086529,1,1,1,10,2024,2,27,8.0,1300000.0,63904
8084168,1,1,1,10,2024,2,25,8.0,300000.0,60593
8044896,1,2,1,10,2024,1,26,10.0,2000000.0,15785
8044458,1,1,1,10,2024,1,64,3.0,1000000.0,14597
8078347,1,1,1,10,2024,1,53,3.0,400000.0,48234
8054110,1,1,1,10,2024,1,52,3.0,600000.0,36511
8038666,1,3,1,10,2024,2,41,4.0,720000.0,1145
8079869,1,2,1,10,2024,1,56,10.0,2000000.0,51792
8084955,1,1,1,10,2024,1,24,4.0,1200000.0,62271
8079822,1,1,1,10,2024,1,32,10.0,2000000.0,51670
8052620,1,1,1,10,2024,1,45,10.0,3800000.0,33257
8076003,1,1,1,10,2024,2,39,3.0,2000000.0,42707
8077912,1,2,1,10,2024,2,37,1.0,600000.0,47192
8047169,1,2,1,10,2024,2,51,4.0,1850000.0,21093
8082762,1,3,1,10,2024,2,39,6.0,1800000.0,57516
8044960,1,1,1,10,2024,1,61,11.0,5250000.0,15943
8045008,1,2,1,10,2024,2,49,9.0,1300000.0,16095
8044351,1,1,1,10,2024,2,53,4.0,800000.0,14322
8044848,1,3,1,10,2024,1,23,3.0,600000.0,15655
8051781,1,1,1,10,2024,2,63,8.0,0.0,31027
8055928,1,1,1,10,2024,1,36,4.0,1000000.0,40280
8053634,1,1,1,10,2024,1,44,8.0,1700000.0,35585
8043196,1,1,1,10,2024,1,21,8.0,1300000.0,11378
8041950,1,2,1,10,2024,1,45,5.0,1800000.0,8697
8045343,1,2,1,10,2024,2,36,11.0,3200000.0,16994
8076662,1,5,1,10,2024,2,51,5.0,1400000.0,44397
8083518,1,2,1,10,2024,2,28,10.0,1950000.0,59212
8049625,1,2,1,10,2024,1,21,5.0,1300000.0,25933
8084310,1,1,1,10,2024,1,45,9.0,2800000.0,60940
8042322,1,2,1,10,2024,1,19,10.0,300000.0,9562
8086011,1,1,1,10,2024,1,51,4.0,200000.0,63193
8050024,1,2,1,10,2024,1,50,4.0,2000000.0,26925
8055669,1,1,1,10,2024,2,48,5.0,1980000.0,39762
8050965,1,1,1,10,2024,1,73,3.0,1500000.0,29333
8055482,1,1,1,10,2024,2,61,8.0,2200000.0,39438
8077147,1,1,1,10,2024,2,41,8.0,1800000.0,45563
8049481,1,2,1,10,2024,1,33,5.0,450000.0,25559
8050205,1,2,1,10,2024,2,30,10.0,2900000.0,27347
8046071,1,2,1,10,2024,1,59,3.0,1300000.0,18643
8041894,1,2,1,10,2024,1,38,9.0,1000000.0,8539
8082288,1,1,1,10,2024,1,49,11.0,2500000.0,56398
8081215,1,1,1,10,2024,1,67,3.0,600000.0,54587
8049300,1,1,1,10,2024,2,50,5.0,1500000.0,25307
8076731,1,2,1,10,2024,2,52,3.0,1300000.0,44555
8039946,1,1,1,10,2024,1,26,8.0,1300000.0,4067
8084081,1,1,1,10,2024,2,42,12.0,4000000.0,60458
8081974,1,2,1,10,2024,1,28,5.0,1600000.0,55936
8079039,1,1,1,10,2024,2,23,5.0,600000.0,49738
8075677,1,1,1,10,2024,1,46,4.0,1000000.0,41791
8084769,1,2,1,10,2024,2,29,9.0,1300000.0,61864
8040424,1,2,1,10,2024,2,22,3.0,800000.0,5179
8039154,1,1,1,10,2024,2,48,8.0,1300000.0,2457
8048544,1,2,1,10,2024,1,19,5.0,1200000.0,23897
8040054,1,1,1,10,2024,2,35,4.0,1300000.0,4276
8075796,1,5,1,10,2024,1,26,1.0,1000000.0,42108
8086563,1,5,1,10,2024,1,21,10.0,1460000.0,63991
8077724,1,1,1,10,2024,1,52,1.0,1000000.0,46820
8086093,1,1,1,10,2024,2,60,5.0,80000.0,63261
8077974,1,2,1,10,2024,1,54,10.0,3000000.0,47351
8078482,1,1,1,10,2024,1,63,8.0,2000000.0,48518
8077988,1,1,1,10,2024,1,53,5.0,2000000.0,47396
8038909,1,2,1,10,2024,2,42,3.0,1700000.0,1784
8046406,1,4,1,10,2024,2,34,4.0,1300000.0,19472
8080037,1,2,1,10,2024,2,36,5.0,1540000.0,52108
8079852,1,2,1,10,2024,2,54,5.0,1350000.0,51747
8046405,1,3,1,10,2024,2,34,10.0,3850000.0,19467
8085690,1,1,1,10,2024,1,56,5.0,1800000.0,62636
8076728,1,1,1,10,2024,1,59,10.0,11000000.0,44545
8052765,1,2,1,10,2024,2,45,3.0,600000.0,33537
8048388,1,1,1,10,2024,1,51,5.0,2500000.0,23599
8054402,1,1,1,10,2024,2,38,10.0,1200000.0,37186
8054815,1,1,1,10,2024,1,70,5.0,1800000.0,38126
8084159,1,5,1,10,2024,2,32,3.0,300000.0,60568
8052118,1,1,1,10,2024,1,57,3.0,600000.0,31890
8051348,1,2,1,10,2024,1,65,3.0,800000.0,29957
8084180,1,1,1,10,2024,2,65,3.0,400000.0,60640
8075757,1,1,1,10,2024,2,41,5.0,500000.0,41987
8047492,1,2,1,10,2024,2,53,8.0,1500000.0,21712
8082839,1,1,1,10,2024,2,38,10.0,4000000.0,57711
8040792,1,1,1,10,2024,1,27,5.0,2000000.0,6048
8038551,1,2,1,10,2024,1,34,12.0,5800000.0,892
8080579,1,2,1,10,2024,1,50,12.0,4000000.0,53357
8048431,1,1,1,10,2024,2,60,12.0,5600000.0,23667
8055158,1,2,1,10,2024,1,22,4.0,800000.0,38843
8043354,1,3,1,10,2024,2,31,8.0,1300000.0,11770
8044152,1,1,1,10,2024,2,41,11.0,3000000.0,13768
8084513,1,1,1,10,2024,1,32,3.0,1300000.0,61333
8055044,1,1,1,10,2024,2,30,10.0,600000.0,38658
8076453,1,1,1,10,2024,1,22,4.0,300000.0,43886
8041443,1,1,1,10,2024,2,53,5.0,2000000.0,7577
8079814,1,1,1,10,2024,1,42,5.0,5000000.0,51637
8079092,1,1,1,10,2024,1,59,3.0,500000.0,49842
8076834,1,1,1,10,2024,1,67,3.0,1550000.0,44796
8053149,1,2,1,10,2024,1,20,5.0,1300000.0,34480
8040292,1,1,1,10,2024,2,22,10.0,500000.0,4877
8046761,1,1,1,10,2024,1,54,3.0,1400000.0,20389
8044888,1,1,1,10,2024,2,25,3.0,1580000.0,15758
8055239,1,1,1,10,2024,2,45,5.0,2000000.0,39036
8048378,1,2,1,10,2024,1,72,3.0,1300000.0,23588
8048701,1,1,1,10,2024,2,55,6.0,1300000.0,24142
8083261,1,1,1,10,2024,2,51,5.0,1300000.0,58691
8044233,1,1,1,10,2024,1,37,3.0,750000.0,13916
8086631,1,1,1,10,2024,1,37,9.0,2637785.0,64173
8075790,1,1,1,10,2024,2,40,5.0,300000.0,42085
8055171,1,1,1,10,2024,2,56,5.0,1100000.0,38871
8051006,1,1,1,10,2024,1,48,5.0,1300000.0,29451
8042024,1,1,1,10,2024,1,30,10.0,1650000.0,8904
8053297,1,3,1,10,2024,2,39,10.0,1700000.0,34813
8048793,1,1,1,10,2024,2,30,8.0,731000.0,24312
8046909,1,3,1,10,2024,2,38,11.0,5400000.0,20711
8042537,1,1,1,10,2024,2,31,4.0,700000.0,10019
8040730,1,2,1,10,2024,1,35,3.0,400000.0,5882
8038939,1,1,1,10,2024,1,40,5.0,600000.0,1875
8081042,1,2,1,10,2024,2,53,12.0,7000000.0,54285
8048232,1,2,1,10,2024,1,58,1.0,1200000.0,23318
8045197,1,4,1,10,2024,1,26,4.0,1400000.0,16612
8052707,1,1,1,10,2024,1,76,3.0,1500000.0,33411
8084155,1,2,1,10,2024,1,37,5.0,900000.0,60547
8044411,1,1,1,10,2024,1,63,11.0,3000000.0,14460
8050268,1,1,1,10,2024,1,58,3.0,1300000.0,27503
8042793,1,1,1,10,2024,2,29,5.0,100000.0,10566
8082966,1,2,1,10,2024,2,21,5.0,400000.0,58003
8053739,1,1,1,10,2024,2,46,5.0,800000.0,35849
8055837,1,1,1,10,2024,1,57,10.0,5000000.0,40074
8046424,1,1,1,10,2024,2,38,5.0,1300000.0,19510
8083302,1,3,1,10,2024,1,30,5.0,1200000.0,58787
8052691,1,1,1,10,2024,2,38,5.0,1300000.0,33375
8078363,1,1,1,10,2024,2,39,10.0,8000000.0,48275
8050074,1,2,1,10,2024,1,56,3.0,1800000.0,27058
8042601,1,2,1,10,2024,2,48,5.0,800000.0,10124
8081172,1,1,1,10,2024,1,43,4.0,700000.0,54528
8041469,1,3,1,10,2024,2,27,8.0,1300000.0,7638
8040790,1,1,1,10,2024,1,35,8.0,1300000.0,6043
8054623,1,2,1,10,2024,2,54,10.0,180000.0,37659
8046377,1,4,1,10,2024,2,25,5.0,1450000.0,19420
8080417,1,2,1,10,2024,2,41,11.0,3200000.0,53103
8049974,1,1,1,10,2024,1,63,3.0,400000.0,26788
8076446,1,4,1,10,2024,1,57,1.0,500000.0,43868
8041143,1,1,1,10,2024,1,75,13.0,13000000.0,6894
8044523,1,2,1,10,2024,1,45,5.0,1300000.0,14784
8050400,1,1,1,10,2024,1,46,5.0,2200000.0,27846
8076584,1,2,1,10,2024,2,71,3.0,270000.0,44205
8077563,1,1,1,10,2024,1,35,5.0,1300000.0,46485
8084339,1,1,1,10,2024,1,59,5.0,1780000.0,60997
8050988,1,1,1,10,2024,1,47,3.0,60000.0,29394
8047342,1,3,1,10,2024,2,39,8.0,800000.0,21467
8081284,1,2,1,10,2024,2,42,5.0,1500000.0,54786
8050462,1,2,1,10,2024,2,42,10.0,3600000.0,27991
8041365,1,1,1,10,2024,1,42,5.0,800000.0,7365
8045306,1,1,1,10,2024,1,40,11.0,12000000.0,16898
8084352,1,2,1,10,2024,2,43,10.0,1000000.0,61025
8041917,1,1,1,10,2024,1,68,12.0,1000000.0,8600
8054393,1,4,1,10,2024,2,64,5.0,220000.0,37164
8052976,1,1,1,10,2024,1,53,3.0,204000.0,34080
8040843,1,1,1,10,2024,1,58,5.0,1400000.0,6155
8056347,1,2,1,10,2024,1,49,4.0,1500000.0,41123
8040085,1,1,1,10,2024,2,63,4.0,500000.0,4327
8079320,1,2,1,10,2024,1,25,5.0,1300000.0,50492
8077274,1,1,1,10,2024,2,26,5.0,1300000.0,45903
8043334,1,3,1,10,2024,1,24,11.0,4500000.0,11713
8056453,1,1,1,10,2024,2,42,12.0,4000000.0,41362
8081450,1,1,1,10,2024,2,57,9.0,1300000.0,55180
8053387,1,3,1,10,2024,1,27,10.0,2000000.0,35081
8047787,1,1,1,10,2024,2,52,4.0,1500000.0,22388
8047716,1,2,1,10,2024,2,36,10.0,2650000.0,22197
8080249,1,2,1,10,2024,2,55,4.0,200000.0,52682
8045208,1,2,1,10,2024,2,60,3.0,200000.0,16644
8077967,1,4,1,10,2024,2,42,5.0,818000.0,47331
8039821,1,1,1,10,2024,2,52,8.0,3200000.0,3783
8044378,1,1,1,10,2024,2,40,10.0,9000000.0,14381
8053240,1,1,1,10,2024,2,44,5.0,1600000.0,34686
8049510,1,1,1,10,2024,1,60,5.0,1300000.0,25643
8045707,1,1,1,10,2024,1,55,5.0,2000000.0,17980
8078725,1,2,1,10,2024,2,40,8.0,1300000.0,49022
8049093,1,2,1,10,2024,1,49,5.0,400000.0,24906
8043300,1,4,1,10,2024,1,35,3.0,1300000.0,11629
8041202,1,1,1,10,2024,2,21,10.0,1200000.0,7061
8050669,1,1,1,10,2024,1,63,10.0,2400000.0,28549
8049868,1,2,1,10,2024,2,31,8.0,1610000.0,26552
8041069,1,1,1,10,2024,1,32,5.0,1462000.0,6720
8051302,1,1,1,10,2024,2,61,3.0,1000000.0,29818
8041806,1,1,1,10,2024,1,44,8.0,1300000.0,8313
8054506,1,3,1,10,2024,1,18,5.0,710000.0,37418
8084440,1,1,1,10,2024,1,57,3.0,1000000.0,61210
8041731,1,3,1,10,2024,2,35,10.0,1300000.0,8207
8080294,1,2,1,10,2024,1,25,6.0,1200000.0,52782
8051001,1,3,1,10,2024,1,55,4.0,640000.0,29441
8039491,1,2,1,10,2024,2,63,3.0,280000.0,3154
8052731,1,2,1,10,2024,1,65,3.0,1540000.0,33459
8079329,1,1,1,10,2024,1,31,3.0,680000.0,50506
8044529,1,1,1,10,2024,2,56,5.0,800000.0,14802
8085008,1,1,1,10,2024,2,23,8.0,350000.0,62422
8080958,1,2,1,10,2024,2,25,8.0,2600000.0,54113
8082675,1,2,1,10,2024,2,61,5.0,1600000.0,57296
8078518,1,2,1,10,2024,2,41,5.0,650000.0,48582
8054831,1,1,1,10,2024,2,17,3.0,100000.0,38158
8043576,1,1,1,10,2024,2,34,4.0,1300000.0,12341
8083970,1,2,1,10,2024,2,51,10.0,1500000.0,60104
8080677,1,1,1,10,2024,2,48,5.0,1300000.0,53567
8085801,1,1,1,10,2024,2,28,5.0,500000.0,62903
8038634,1,1,1,10,2024,1,32,9.0,1000000.0,1059
8039535,1,1,1,10,2024,2,59,5.0,500000.0,3254
8048910,1,3,1,10,2024,2,25,5.0,1300000.0,24572
8051329,1,1,1,10,2024,1,46,11.0,7000000.0,29901
8047177,1,1,1,10,2024,2,51,9.0,1800000.0,21115
8045161,1,1,1,10,2024,2,24,5.0,1200000.0,16493
8039504,1,3,1,10,2024,1,44,5.0,1300000.0,3190
8086658,1,4,1,10,2024,1,23,10.0,1300000.0,64260
8047612,1,2,1,10,2024,1,45,5.0,2600000.0,21974
8076882,1,1,1,10,2024,1,45,10.0,3900000.0,44894
8043752,1,2,1,10,2024,2,39,8.0,300000.0,12804
8082866,1,2,1,10,2024,1,25,10.0,4300000.0,57773
8045682,1,1,1,10,2024,1,48,3.0,1900000.0,17918
8039449,1,3,1,10,2024,1,19,4.0,1300000.0,3070
8081961,1,3,1,10,2024,1,24,5.0,1300000.0,55916
8082306,1,2,1,10,2024,2,24,5.0,750000.0,56433
8078940,1,1,1,10,2024,1,59,1.0,500000.0,49496
8083818,1,1,1,10,2024,1,36,9.0,2600000.0,59810
8042611,1,1,1,10,2024,1,29,3.0,1300000.0,10153
8076654,1,2,1,10,2024,2,27,8.0,2200000.0,44374
8039517,1,6,1,10,2024,2,27,5.0,1300000.0,3213
8079203,1,2,1,10,2024,1,28,8.0,1300000.0,50113
8083298,1,2,1,10,2024,1,35,10.0,1600000.0,58774
8083138,1,2,1,10,2024,2,67,6.0,100000.0,58421
8086581,1,2,1,10,2024,1,59,5.0,800000.0,64048
8042512,1,1,1,10,2024,2,61,1.0,250000.0,9979
8054624,1,1,1,10,2024,2,28,8.0,1300000.0,37660
8086622,1,2,1,10,2024,1,40,10.0,3000000.0,64151
8046311,1,2,1,10,2024,2,56,10.0,1400000.0,19257
8045977,1,1,1,10,2024,2,63,10.0,100000.0,18401
8047144,1,2,1,10,2024,2,40,8.0,1300000.0,21065
8042150,1,2,1,10,2024,1,45,5.0,900000.0,9171
8079822,1,2,1,10,2024,2,56,8.0,800000.0,51671
8075688,1,1,1,10,2024,1,52,3.0,800000.0,41820
8053002,1,1,1,10,2024,1,43,3.0,1580000.0,34182
8039887,1,1,1,10,2024,2,30,5.0,1500000.0,3902
8051645,1,2,1,10,2024,1,38,3.0,2300000.0,30680
8084695,1,1,1,10,2024,1,29,9.0,2500000.0,61705
8053463,1,2,1,10,2024,2,20,5.0,1300000.0,35208
8083438,1,1,1,10,2024,2,65,3.0,600000.0,59074
8038982,1,1,1,10,2024,1,64,4.0,500000.0,1970
8080827,1,2,1,10,2024,2,29,10.0,3800000.0,53837
8038637,1,2,1,10,2024,1,58,10.0,2000000.0,1064
8044650,1,6,1,10,2024,1,25,5.0,1300000.0,15141
8052081,1,1,1,10,2024,1,67,10.0,1200000.0,31800
8054070,1,2,1,10,2024,2,45,5.0,1400000.0,36428
8052531,1,1,1,10,2024,2,57,3.0,500000.0,33021
8049603,1,1,1,10,2024,1,42,4.0,1000000.0,25863
8052110,1,4,1,10,2024,1,42,5.0,1360000.0,31870
8050024,1,3,1,10,2024,2,17,5.0,520000.0,26926
8042231,1,5,1,10,2024,1,23,10.0,1300000.0,9381
8080385,1,1,1,10,2024,1,61,11.0,9000000.0,53027
8048551,1,1,1,10,2024,1,56,5.0,900000.0,23914
8076686,1,3,1,10,2024,2,26,10.0,2800000.0,44440
8047755,1,2,1,10,2024,1,50,10.0,1300000.0,22293
8042170,1,1,1,10,2024,2,74,1.0,50000.0,9229
8049649,1,2,1,10,2024,1,70,10.0,1600000.0,25991
8042654,1,2,1,10,2024,2,20,5.0,800000.0,10237
8079394,1,1,1,10,2024,2,51,8.0,1800000.0,50627
8080069,1,1,1,10,2024,1,40,5.0,1500000.0,52185
8038864,1,3,1,10,2024,2,25,5.0,900000.0,1676
8044252,1,1,1,10,2024,1,79,1.0,170000.0,13986
8086659,1,2,1,10,2024,1,25,3.0,850000.0,64262
8039550,1,3,1,10,2024,2,27,11.0,4400000.0,3285
8045267,1,1,1,10,2024,1,50,13.0,3813000.0,16803
8050291,1,2,1,10,2024,2,49,5.0,150000.0,27554
8043852,1,1,1,10,2024,1,29,10.0,5000000.0,13052
8042187,1,1,1,10,2024,2,48,5.0,690000.0,9273
8053366,1,2,1,10,2024,2,28,10.0,1450000.0,35012
8084244,1,4,1,10,2024,1,32,5.0,740000.0,60788
8038399,1,2,1,10,2024,2,25,9.0,1500000.0,566
8047657,1,1,1,10,2024,2,44,10.0,3200000.0,22075
8048234,1,1,1,10,2024,1,37,4.0,1600000.0,23329
8053038,1,5,1,10,2024,1,24,5.0,1300000.0,34288
8084991,1,1,1,10,2024,2,31,5.0,1640000.0,62379
8078947,1,1,1,10,2024,1,40,3.0,1350000.0,49508
8044303,1,1,1,10,2024,2,36,8.0,1300000.0,14183
8078549,1,1,1,10,2024,1,71,3.0,1200000.0,48651
8047073,1,2,1,10,2024,2,60,10.0,1320000.0,20931
8043873,1,1,1,10,2024,2,48,3.0,1700000.0,13101
8085882,1,1,1,10,2024,1,33,10.0,1300000.0,62991
8078907,1,1,1,10,2024,2,71,3.0,2500000.0,49413
8050064,1,1,1,10,2024,1,54,3.0,600000.0,27031
8038958,1,1,1,10,2024,1,31,3.0,1300000.0,1914
8082625,1,1,1,10,2024,2,40,5.0,900000.0,57135
8039864,1,1,1,10,2024,2,42,8.0,1800000.0,3856
8055181,1,1,1,10,2024,2,46,3.0,500000.0,38889
8078282,1,1,1,10,2024,2,60,1.0,200000.0,48058
8076911,1,1,1,10,2024,1,64,3.0,1500000.0,44952
8039912,1,1,1,10,2024,2,38,11.0,4000000.0,3972
8086472,1,2,1,10,2024,2,45,10.0,1800000.0,63752
8043315,1,1,1,10,2024,1,50,1.0,600000.0,11657
8049846,1,1,1,10,2024,1,44,5.0,1800000.0,26501
8079722,1,2,1,10,2024,2,30,6.0,1600000.0,51306
8080314,1,1,1,10,2024,2,57,5.0,1300000.0,52833
8079778,1,2,1,10,2024,2,30,8.0,500000.0,51543
8047521,1,2,1,10,2024,1,25,10.0,1500000.0,21756
8049597,1,1,1,10,2024,2,41,8.0,1300000.0,25851
8081225,1,1,1,10,2024,1,35,6.0,1300000.0,54613
8041192,1,1,1,10,2024,1,33,5.0,700000.0,7033
8051397,1,3,1,10,2024,1,33,10.0,1200000.0,30087
8049119,1,1,1,10,2024,1,60,4.0,900000.0,24946
8082244,1,2,1,10,2024,1,31,8.0,1100000.0,56344
8042323,1,1,1,10,2024,2,41,5.0,900000.0,9564
8046771,1,1,1,10,2024,1,44,5.0,2000000.0,20415
8043127,1,2,1,10,2024,1,55,3.0,1500000.0,11206
8054305,1,1,1,10,2024,1,38,5.0,900000.0,36951
8038350,1,1,1,10,2024,1,41,10.0,3560000.0,431
8056072,1,3,1,10,2024,1,56,5.0,1400000.0,40531
8079366,1,1,1,10,2024,1,31,4.0,700000.0,50582
8053820,1,2,1,10,2024,2,61,8.0,650000.0,35947
8053693,1,1,1,10,2024,1,23,10.0,1300000.0,35717
8080985,1,1,1,10,2024,1,63,10.0,8000000.0,54159
8076989,1,3,1,10,2024,1,24,8.0,1530000.0,45112
8078230,1,1,1,10,2024,2,46,3.0,300000.0,47946
8046255,1,1,1,10,2024,1,39,5.0,800000.0,19057
8042749,1,2,1,10,2024,1,32,5.0,1500000.0,10466
8046152,1,1,1,10,2024,1,39,3.0,650000.0,18824
8049090,1,3,1,10,2024,2,42,5.0,1462000.0,24897
8080015,1,1,1,10,2024,1,60,4.0,2000000.0,52066
8042710,1,1,1,10,2024,2,65,3.0,700000.0,10377
8044666,1,1,1,10,2024,1,60,4.0,1500000.0,15174
8076317,1,1,1,10,2024,1,30,5.0,250000.0,43574
8080473,1,1,1,10,2024,1,58,12.0,8000000.0,53142
8083713,1,3,1,10,2024,1,47,5.0,700000.0,59603
8054461,1,1,1,10,2024,1,70,3.0,300000.0,37336
8053581,1,2,1,10,2024,2,58,3.0,600000.0,35450
8056123,1,2,1,10,2024,2,55,6.0,1300000.0,40645
8040599,1,1,1,10,2024,1,30,5.0,1400000.0,5630
8049236,1,1,1,10,2024,1,63,3.0,900000.0,25166
8085724,1,2,1,10,2024,2,43,3.0,700000.0,62715
8077816,1,1,1,10,2024,2,42,4.0,600000.0,47022
8039402,1,2,1,10,2024,1,34,5.0,1300000.0,2982
8081034,1,1,1,10,2024,2,36,3.0,1000000.0,54262
8083882,1,2,1,10,2024,2,62,4.0,240000.0,59952
8082743,1,1,1,10,2024,2,55,12.0,3300000.0,57475
8041560,1,1,1,10,2024,2,44,8.0,1400000.0,7851
8086099,1,5,1,10,2024,2,33,9.0,1300000.0,63278
8038399,1,4,1,10,2024,1,51,5.0,1300000.0,568
8045104,1,1,1,10,2024,1,29,9.0,1300000.0,16346
8045249,1,1,1,10,2024,2,46,9.0,1600000.0,16761
8048088,1,2,1,10,2024,1,34,11.0,4000000.0,23021
8050018,1,1,1,10,2024,1,45,8.0,1500000.0,26906
8041648,1,2,1,10,2024,1,35,8.0,1650000.0,8062
8083906,1,3,1,10,2024,2,52,5.0,960000.0,59980
8078066,1,1,1,10,2024,2,50,3.0,400000.0,47567
8041544,1,1,1,10,2024,2,45,4.0,300000.0,7818
8049353,1,1,1,10,2024,1,28,9.0,2100000.0,25419
8050623,1,1,1,10,2024,1,44,5.0,1500000.0,28455
8039791,1,1,1,10,2024,1,66,4.0,2400000.0,3729
8085906,1,2,1,10,2024,2,41,12.0,15000000.0,63039
8039403,1,2,1,10,2024,2,36,9.0,1450000.0,2986
8046410,1,5,1,10,2024,1,29,5.0,1300000.0,19480
8080621,1,2,1,10,2024,2,37,9.0,1300000.0,53443
8041986,1,1,1,10,2024,2,43,10.0,700000.0,8799
8080373,1,1,1,10,2024,2,58,10.0,5000000.0,52986
8086675,1,2,1,10,2024,2,46,12.0,2000000.0,64298
8080114,1,1,1,10,2024,1,45,8.0,1700000.0,52314
8050029,1,1,1,10,2024,2,59,5.0,1300000.0,26938
8043940,1,2,1,10,2024,1,63,1.0,400000.0,13265
8078044,1,1,1,10,2024,1,56,3.0,400000.0,47521
8076369,1,1,1,10,2024,1,42,5.0,700000.0,43682
8078903,1,3,1,10,2024,1,30,4.0,1200000.0,49403
8082942,1,1,1,10,2024,1,79,11.0,200000.0,57951
8045271,1,1,1,10,2024,1,60,5.0,1500000.0,16813
8082693,1,1,1,10,2024,1,58,5.0,1000000.0,57341
8048263,1,2,1,10,2024,2,21,5.0,1000000.0,23390
8076783,1,2,1,10,2024,2,27,5.0,1300000.0,44691
8050864,1,2,1,10,2024,1,56,3.0,170000.0,29039
8049397,1,1,1,10,2024,1,53,8.0,2500000.0,25507
8052633,1,2,1,10,2024,1,31,3.0,1000000.0,33289
8040131,1,1,1,10,2024,2,32,5.0,700000.0,4453
8077344,1,1,1,10,2024,1,29,5.0,1300000.0,46043
8047013,1,1,1,10,2024,2,64,10.0,600000.0,20838
8041181,1,5,1,10,2024,2,51,6.0,600000.0,7009
8049708,1,1,1,10,2024,1,51,4.0,2000000.0,26143
8042269,1,2,1,10,2024,1,43,4.0,1200000.0,9460
8049653,1,1,1,10,2024,1,30,3.0,800000.0,25998
8079696,1,1,1,10,2024,1,54,12.0,5400000.0,51238
8077504,1,1,1,10,2024,1,31,5.0,1800000.0,46347
8045663,1,3,1,10,2024,2,26,6.0,1300000.0,17877
8046665,1,2,1,10,2024,2,42,8.0,1300000.0,20152
8039237,1,1,1,10,2024,2,52,6.0,1300000.0,2665
8055199,1,1,1,10,2024,2,39,10.0,0.0,38921
8075894,1,1,1,10,2024,2,26,5.0,30000.0,42361
8077599,1,1,1,10,2024,2,60,5.0,600000.0,46569
8051333,1,1,1,10,2024,1,25,4.0,30000.0,29911
8042787,1,3,1,10,2024,2,22,9.0,1450000.0,10539
8081316,1,1,1,10,2024,1,72,3.0,600000.0,54864
8054909,1,3,1,10,2024,2,26,8.0,1438000.0,38341
8055874,1,2,1,10,2024,1,42,3.0,1300000.0,40181
8040379,1,1,1,10,2024,1,41,5.0,1400000.0,5077
8077786,1,2,1,10,2024,1,39,3.0,600000.0,46956
8050472,1,1,1,10,2024,2,47,3.0,50000.0,28026
8046110,1,1,1,10,2024,1,57,3.0,200000.0,18728
8056140,1,2,1,10,2024,1,36,8.0,1462000.0,40675
8042362,1,1,1,10,2024,1,61,13.0,3500000.0,9645
8076795,1,1,1,10,2024,1,30,4.0,2400000.0,44715
8044353,1,1,1,10,2024,2,52,5.0,1300000.0,14329
8039170,1,1,1,10,2024,1,49,10.0,22000000.0,2509
8053353,1,3,1,10,2024,2,23,5.0,600000.0,34966
8075608,1,2,1,10,2024,1,54,5.0,800000.0,41579
8086866,1,1,1,10,2024,2,34,5.0,600000.0,64617
8049859,1,2,1,10,2024,1,25,5.0,1200000.0,26528
8085856,1,1,1,10,2024,2,58,3.0,850000.0,62952
8047966,1,3,1,10,2024,2,26,5.0,1300000.0,22759
8043409,1,1,1,10,2024,2,56,3.0,720000.0,11894
8081501,1,1,1,10,2024,2,37,5.0,1600000.0,55297
8050216,1,1,1,10,2024,2,36,5.0,1960000.0,27375
8083074,1,2,1,10,2024,1,44,5.0,1500000.0,58262
8084660,1,1,1,10,2024,1,23,5.0,1462000.0,61633
8040914,1,2,1,10,2024,2,57,4.0,50000.0,6346
8042402,1,1,1,10,2024,1,40,9.0,3800000.0,9732
8055423,1,1,1,10,2024,1,41,8.0,2500000.0,39361
8079023,1,6,1,10,2024,1,24,3.0,1000000.0,49691
8042071,1,4,1,10,2024,1,55,1.0,600000.0,8960
8049546,1,1,1,10,2024,1,49,4.0,800000.0,25722
8077844,1,1,1,10,2024,2,41,5.0,1560000.0,47069
8053852,1,1,1,10,2024,2,65,3.0,1300000.0,36017
8085892,1,1,1,10,2024,1,28,3.0,1500000.0,63005
8080296,1,1,1,10,2024,2,40,3.0,160000.0,52787
8040227,1,1,1,10,2024,1,44,10.0,3000000.0,4729
8040071,1,3,1,10,2024,2,31,10.0,2500000.0,4300
8086516,1,2,1,10,2024,1,62,3.0,1200000.0,63858
8083093,1,1,1,10,2024,1,44,12.0,6700000.0,58320
8081381,1,2,1,10,2024,1,22,5.0,600000.0,55006
8075570,1,4,1,10,2024,1,62,4.0,120000.0,41454
8039045,1,1,1,10,2024,2,29,9.0,1600000.0,2136
8039716,1,3,1,10,2024,1,41,9.0,1300000.0,3582
8045093,1,1,1,10,2024,1,50,6.0,1500000.0,16316
8040120,1,1,1,10,2024,2,59,10.0,2800000.0,4428
8076021,1,2,1,10,2024,2,76,4.0,300000.0,42769
8081478,1,1,1,10,2024,2,40,8.0,500000.0,55235
8047610,1,2,1,10,2024,2,27,5.0,720000.0,21970
8047074,1,2,1,10,2024,2,36,5.0,400000.0,20935
8084200,1,1,1,10,2024,1,64,3.0,800000.0,60693
8053955,1,1,1,10,2024,1,55,3.0,2500000.0,36217
8084354,1,1,1,10,2024,1,66,10.0,1800000.0,61028
8050444,1,1,1,10,2024,1,50,3.0,1300000.0,27947
8050118,1,4,1,10,2024,2,15,5.0,,27140
8047794,1,1,1,10,2024,2,27,5.0,450000.0,22406
8044419,1,3,1,10,2024,1,42,5.0,1600000.0,14492
8038767,1,2,1,10,2024,2,19,8.0,400000.0,1458
8051524,1,2,1,10,2024,2,20,8.0,1300000.0,30409
8038711,1,2,1,10,2024,1,43,5.0,1100000.0,1297
8039828,1,2,1,10,2024,2,62,5.0,450000.0,3793
8050023,1,2,1,10,2024,2,55,10.0,200000.0,26921
8078410,1,2,1,10,2024,2,30,10.0,1020000.0,48347
8044999,1,1,1,10,2024,1,49,1.0,500000.0,16061
8078037,1,2,1,10,2024,2,57,5.0,960000.0,47509
8082853,1,2,1,10,2024,1,57,5.0,1300000.0,57743
8078415,1,7,1,10,2024,1,43,5.0,1600000.0,48363
8041896,1,1,1,10,2024,1,32,10.0,3154000.0,8544
8039111,1,3,1,10,2024,2,18,5.0,200000.0,2329
8084639,1,2,1,10,2024,2,36,5.0,1500000.0,61568
8051056,1,1,1,10,2024,2,39,10.0,3000000.0,29578
8040558,1,1,1,10,2024,2,38,8.0,800000.0,5510
8086575,1,1,1,10,2024,2,71,3.0,150000.0,64021
8052923,1,1,1,10,2024,1,35,5.0,1500000.0,33922
8052396,1,1,1,10,2024,1,44,2.0,780000.0,32692
8043815,1,1,1,10,2024,1,50,11.0,4000000.0,12975
8039486,1,2,1,10,2024,1,58,5.0,1300000.0,3147
8077686,1,1,1,10,2024,1,42,6.0,2600000.0,46746
8050154,1,1,1,10,2024,1,78,3.0,1000000.0,27215
8079679,1,1,1,10,2024,2,21,4.0,1300000.0,51200
8052969,1,1,1,10,2024,1,51,5.0,700000.0,34063
8041911,1,3,1,10,2024,1,20,9.0,1300000.0,8582
8083241,1,1,1,10,2024,1,78,3.0,1000000.0,58645
8052149,1,1,1,10,2024,1,25,5.0,1280000.0,31972
8039997,1,1,1,10,2024,2,27,10.0,1300000.0,4140
8049830,1,1,1,10,2024,1,19,5.0,1300000.0,26481
8039205,1,2,1,10,2024,2,47,10.0,1300000.0,2578
8045490,1,2,1,10,2024,1,20,4.0,600000.0,17421
8049821,1,3,1,10,2024,1,19,3.0,900000.0,26448
8045748,1,1,1,10,2024,1,56,5.0,1500000.0,18087
8048867,1,1,1,10,2024,2,47,3.0,800000.0,24474
8051789,1,1,1,10,2024,1,46,10.0,4800000.0,31052
8052592,1,1,1,10,2024,2,50,1.0,480000.0,33189
8047979,1,1,1,10,2024,2,55,10.0,3500000.0,22783
8040433,1,1,1,10,2024,1,33,4.0,500000.0,5208
8082528,1,1,1,10,2024,2,31,10.0,1300000.0,56916
8084173,1,2,1,10,2024,1,57,4.0,1300000.0,60606
8080181,1,3,1,10,2024,1,20,4.0,1000000.0,52504
8052881,1,2,1,10,2024,2,43,10.0,3500000.0,33819
8077378,1,1,1,10,2024,1,28,6.0,4200000.0,46123
8045051,1,1,1,10,2024,2,43,5.0,500000.0,16203
8046323,1,2,1,10,2024,2,24,9.0,1300000.0,19281
8055035,1,1,1,10,2024,1,42,5.0,700000.0,38625
8082073,1,2,1,10,2024,1,55,5.0,1500000.0,56063
8082590,1,1,1,10,2024,2,30,5.0,1050000.0,57067
8076796,1,1,1,10,2024,1,28,5.0,1800000.0,44720
8049920,1,2,1,10,2024,1,53,5.0,1900000.0,26688
8084203,1,1,1,10,2024,1,70,1.0,320000.0,60703
8080365,1,1,1,10,2024,2,41,5.0,500000.0,52968
8084006,1,1,1,10,2024,2,55,3.0,300000.0,60212
8081026,1,1,1,10,2024,1,38,3.0,500000.0,54249
8078763,1,4,1,10,2024,1,32,5.0,1800000.0,49117
8080292,1,1,1,10,2024,1,42,8.0,1400000.0,52774
8047342,1,5,1,10,2024,2,36,5.0,1900000.0,21469
8052794,1,2,1,10,2024,1,26,10.0,1400000.0,33617
8040350,1,1,1,10,2024,2,57,3.0,1800000.0,5013
8049014,1,1,1,10,2024,1,52,4.0,950000.0,24764
8048285,1,2,1,10,2024,2,41,5.0,1300000.0,23435
8083904,1,1,1,10,2024,2,43,3.0,600000.0,59973
8077953,1,3,1,10,2024,1,17,4.0,800000.0,47295
8044570,1,2,1,10,2024,1,36,3.0,1200000.0,14922
8055536,1,1,1,10,2024,2,45,8.0,1300000.0,39526
8039303,1,1,1,10,2024,2,36,10.0,2000000.0,2837
8052036,1,2,1,10,2024,2,54,8.0,23400000.0,31679
8082792,1,2,1,10,2024,2,42,10.0,700000.0,57585
8038681,1,2,1,10,2024,1,50,3.0,700000.0,1192
8056478,1,2,1,10,2024,2,22,5.0,1340000.0,41402
8042894,1,1,1,10,2024,2,60,3.0,500000.0,10776
8055201,1,1,1,10,2024,2,40,8.0,300000.0,38926
8079457,1,1,1,10,2024,1,32,5.0,1000000.0,50798
8083380,1,1,1,10,2024,1,34,12.0,9000000.0,58955
8053142,1,3,1,10,2024,1,22,5.0,1300000.0,34465
8046030,1,1,1,10,2024,2,56,4.0,350000.0,18534
8086587,1,2,1,10,2024,1,33,10.0,2500000.0,64069
8041941,1,2,1,10,2024,1,27,5.0,1300000.0,8672
8075637,1,2,1,10,2024,1,46,5.0,120000.0,41673
8043904,1,4,1,10,2024,1,22,10.0,1300000.0,13185
8048129,1,1,1,10,2024,2,47,4.0,320000.0,23126
8051264,1,2,1,10,2024,2,55,10.0,1800000.0,29711
8041653,1,1,1,10,2024,2,54,8.0,1300000.0,8072
8046245,1,1,1,10,2024,1,48,8.0,1500000.0,19038
8082835,1,2,1,10,2024,1,48,3.0,2500000.0,57702
8081675,1,2,1,10,2024,2,24,10.0,1300000.0,55586
8053989,1,1,1,10,2024,1,63,3.0,600000.0,36279
8040774,1,2,1,10,2024,2,30,10.0,3500000.0,6012
8051066,1,1,1,10,2024,2,54,1.0,400000.0,29595
8077175,1,3,1,10,2024,1,25,4.0,500000.0,45647
8048917,1,2,1,10,2024,1,37,10.0,2500000.0,24587
8039568,1,1,1,10,2024,1,37,8.0,1300000.0,3307
8054790,1,2,1,10,2024,1,33,10.0,1300000.0,38071
8077930,1,2,1,10,2024,2,38,3.0,400000.0,47248
8050174,1,2,1,10,2024,2,45,5.0,1040000.0,27277
8045665,1,1,1,10,2024,1,43,3.0,1365000.0,17882
8043383,1,2,1,10,2024,1,23,5.0,1500000.0,11834
8080663,1,2,1,10,2024,2,41,4.0,1400000.0,53540
8045703,1,2,1,10,2024,2,62,3.0,600000.0,17973
8056363,1,1,1,10,2024,2,33,4.0,1300000.0,41153
8077537,1,1,1,10,2024,2,50,4.0,1700000.0,46424
8047046,1,1,1,10,2024,1,51,10.0,4800000.0,20889
8079013,1,1,1,10,2024,1,61,3.0,650000.0,49652
8053178,1,1,1,10,2024,1,54,5.0,3000000.0,34537
8054683,1,6,1,10,2024,1,29,10.0,1500000.0,37800
8084320,1,1,1,10,2024,1,29,8.0,1300000.0,60961
8043964,1,1,1,10,2024,2,72,10.0,3500000.0,13354
8053438,1,1,1,10,2024,2,58,4.0,200000.0,35170
8077288,1,1,1,10,2024,1,30,5.0,8700000.0,45927
8056316,1,1,1,10,2024,2,54,5.0,1300000.0,41055
8053386,1,1,1,10,2024,1,33,8.0,4000000.0,35076
8079585,1,1,1,10,2024,1,64,4.0,4000000.0,51010
8082168,1,1,1,10,2024,2,64,3.0,100000.0,56239
8039050,1,1,1,10,2024,1,74,3.0,900000.0,2153
8080561,1,2,1,10,2024,2,26,9.0,1400000.0,53321
8044361,1,2,1,10,2024,1,56,5.0,3050000.0,14348
8039651,1,1,1,10,2024,2,53,4.0,150000.0,3433
8038504,1,1,1,10,2024,1,28,5.0,1300000.0,780
8040086,1,1,1,10,2024,2,47,5.0,1300000.0,4331
8038559,1,1,1,10,2024,1,62,5.0,1800000.0,903
8077038,1,1,1,10,2024,1,53,3.0,700000.0,45233
8077344,1,2,1,10,2024,2,27,5.0,200000.0,46044
8045192,1,2,1,10,2024,2,43,10.0,4200000.0,16595
8041530,1,1,1,10,2024,1,41,5.0,1400000.0,7785
8076715,1,2,1,10,2024,1,23,5.0,3000000.0,44514
8044442,1,2,1,10,2024,2,70,4.0,400000.0,14556
8076563,1,4,1,10,2024,2,33,4.0,1500000.0,44160
8040755,1,1,1,10,2024,1,41,10.0,3900000.0,5955
8084186,1,2,1,10,2024,1,32,10.0,6000000.0,60654
8081583,1,1,1,10,2024,2,51,10.0,3000000.0,55434
8086580,1,1,1,10,2024,2,47,10.0,4000000.0,64044
8082365,1,1,1,10,2024,2,48,5.0,700000.0,56562
8078993,1,1,1,10,2024,2,37,5.0,200000.0,49616
8075727,1,2,1,10,2024,1,60,9.0,3500000.0,41918
8081312,1,1,1,10,2024,1,31,3.0,1300000.0,54855
8080381,1,1,1,10,2024,2,54,10.0,3000000.0,53012
8046368,1,1,1,10,2024,1,33,5.0,500000.0,19392
8083723,1,2,1,10,2024,2,51,10.0,800000.0,59623
8048876,1,1,1,10,2024,1,62,3.0,1500000.0,24484
8079145,1,2,1,10,2024,1,27,4.0,600000.0,49948
8076532,1,1,1,10,2024,1,48,3.0,100000.0,44101
8081168,1,1,1,10,2024,1,27,5.0,2800000.0,54524
8045226,1,3,1,10,2024,1,24,3.0,1500000.0,16705
8047275,1,3,1,10,2024,1,25,10.0,1000000.0,21337
8043431,1,2,1,10,2024,1,28,6.0,2300000.0,11954
8086519,1,6,1,10,2024,2,28,5.0,1300000.0,63869
8039892,1,1,1,10,2024,2,60,3.0,390000.0,3915
8052032,1,2,1,10,2024,1,45,5.0,1400000.0,31674
8049004,1,1,1,10,2024,1,34,10.0,8000000.0,24744
8080402,1,2,1,10,2024,2,57,11.0,25000000.0,53073
8053232,1,2,1,10,2024,1,29,5.0,2829000.0,34667
8045950,1,1,1,10,2024,1,69,3.0,80000.0,18319
8044727,1,1,1,10,2024,1,54,1.0,700000.0,15335
8039418,1,1,1,10,2024,1,35,5.0,2000000.0,3013
8054853,1,3,1,10,2024,1,31,10.0,3000000.0,38220
8051624,1,1,1,10,2024,2,42,5.0,2000000.0,30628
8080070,1,1,1,10,2024,1,51,3.0,1000000.0,52189
8053349,1,4,1,10,2024,2,36,5.0,1465000.0,34954
8046913,1,3,1,10,2024,1,27,10.0,1300000.0,20721
8052915,1,1,1,10,2024,1,33,10.0,2600000.0,33902
8048337,1,1,1,10,2024,2,63,5.0,170000.0,23527
8046502,1,2,1,10,2024,1,38,5.0,600000.0,19693
8043648,1,2,1,10,2024,1,35,5.0,800000.0,12539
8051409,1,1,1,10,2024,2,53,5.0,1000000.0,30121
8076930,1,2,1,10,2024,1,51,6.0,2000000.0,44987
8050357,1,1,1,10,2024,1,39,3.0,1300000.0,27745
8041855,1,1,1,10,2024,2,60,5.0,1300000.0,8439
8054376,1,2,1,10,2024,1,31,3.0,600000.0,37117
8040549,1,1,1,10,2024,1,64,3.0,1800000.0,5474
8053871,1,2,1,10,2024,1,21,9.0,1560000.0,36053
8044959,1,2,1,10,2024,1,25,10.0,1300000.0,15940
8044490,1,1,1,10,2024,1,52,5.0,2300000.0,14676
8053920,1,1,1,10,2024,2,39,5.0,2000000.0,36143
8045728,1,1,1,10,2024,2,41,10.0,1500000.0,18031
8053846,1,2,1,10,2024,1,30,5.0,1400000.0,36002
8049706,1,2,1,10,2024,2,77,1.0,700000.0,26139
8080670,1,1,1,10,2024,2,61,3.0,600000.0,53548
8048301,1,1,1,10,2024,2,48,3.0,1600000.0,23464
8077658,1,1,1,10,2024,1,51,8.0,200000.0,46670
8077642,1,1,1,10,2024,2,44,4.0,1300000.0,46648
8056357,1,2,1,10,2024,2,61,5.0,1300000.0,41147
8048960,1,1,1,10,2024,2,35,11.0,1300000.0,24675
8049523,1,1,1,10,2024,2,65,4.0,6000000.0,25675
8044135,1,1,1,10,2024,2,59,8.0,1500000.0,13721
8077181,1,1,1,10,2024,2,35,4.0,1000000.0,45663
8079821,1,2,1,10,2024,1,36,10.0,3200000.0,51665
8045773,1,2,1,10,2024,2,18,5.0,1300000.0,18145
8080826,1,2,1,10,2024,1,32,5.0,3500000.0,53830
8045001,1,2,1,10,2024,1,42,4.0,600000.0,16068
8046426,1,1,1,10,2024,1,68,4.0,1950000.0,19517
8043136,1,1,1,10,2024,2,43,3.0,750000.0,11234
8053463,1,3,1,10,2024,2,19,5.0,1300000.0,35209
8076224,1,1,1,10,2024,2,53,3.0,530000.0,43334
8051472,1,4,1,10,2024,2,22,8.0,1300000.0,30280
8053257,1,1,1,10,2024,2,56,5.0,1300000.0,34728
8086667,1,1,1,10,2024,1,44,3.0,900000.0,64284
8050424,1,1,1,10,2024,2,50,3.0,720000.0,27895
8075973,1,1,1,10,2024,1,38,3.0,1300000.0,42628
8040315,1,3,1,10,2024,1,19,10.0,1300000.0,4934
8046472,1,4,1,10,2024,2,50,4.0,1640000.0,19630
8045984,1,2,1,10,2024,1,39,4.0,800000.0,18417
8046606,1,7,1,10,2024,1,16,4.0,500000.0,20034
8052925,1,3,1,10,2024,1,24,5.0,300000.0,33928
8040221,1,2,1,10,2024,1,34,10.0,2000000.0,4708
8040372,1,1,1,10,2024,1,34,6.0,1800000.0,5056
8081923,1,1,1,10,2024,2,74,4.0,100000.0,55851
8076746,1,2,1,10,2024,1,28,12.0,3500000.0,44600
8038615,1,2,1,10,2024,2,48,8.0,1300000.0,1011
8055040,1,2,1,10,2024,2,34,11.0,7000000.0,38647
8081403,1,2,1,10,2024,1,25,5.0,2600000.0,55078
8044631,1,1,1,10,2024,1,30,5.0,1800000.0,15082
8084419,1,1,1,10,2024,2,53,10.0,2500000.0,61170
8083030,1,1,1,10,2024,2,48,4.0,5800000.0,58164
8051689,1,1,1,10,2024,1,48,12.0,15000000.0,30780
8086652,1,4,1,10,2024,1,20,6.0,250000.0,64231
8080656,1,2,1,10,2024,1,23,10.0,1300000.0,53529
8039259,1,3,1,10,2024,1,21,8.0,1280000.0,2710
8045408,1,2,1,10,2024,1,40,8.0,1300000.0,17176
8079748,1,5,1,10,2024,1,34,8.0,1300000.0,51426
8042488,1,2,1,10,2024,1,42,9.0,1535000.0,9921
8044645,1,1,1,10,2024,1,50,3.0,1000000.0,15121
8045686,1,2,1,10,2024,2,68,8.0,700000.0,17928
8084220,1,1,1,10,2024,2,38,5.0,1300000.0,60737
8049570,1,2,1,10,2024,2,18,5.0,900000.0,25791
8050917,1,1,1,10,2024,2,49,1.0,300000.0,29186
8048111,1,2,1,10,2024,1,44,3.0,480000.0,23064
8042395,1,3,1,10,2024,1,46,8.0,1462000.0,9713
8049347,1,1,1,10,2024,2,49,5.0,2100000.0,25412
8053157,1,1,1,10,2024,2,46,8.0,1500000.0,34499
8043056,1,2,1,10,2024,2,36,5.0,700000.0,11041
8082963,1,1,1,10,2024,2,72,1.0,600000.0,57991
8046676,1,1,1,10,2024,1,54,12.0,15000000.0,20180
8049357,1,1,1,10,2024,2,45,10.0,3600000.0,25428
8044347,1,2,1,10,2024,1,44,5.0,600000.0,14310
8050817,1,1,1,10,2024,2,46,8.0,900000.0,28918
8079708,1,1,1,10,2024,1,59,9.0,2600000.0,51244
8048715,1,6,1,10,2024,2,34,5.0,1300000.0,24193
8044180,1,3,1,10,2024,1,28,8.0,1462000.0,13839
8051286,1,2,1,10,2024,2,34,5.0,950000.0,29767
8044244,1,1,1,10,2024,2,46,4.0,1000000.0,13954
8086002,1,2,1,10,2024,1,49,9.0,9300000.0,63180
8046544,1,1,1,10,2024,1,23,5.0,600000.0,19832
8045755,1,1,1,10,2024,2,56,8.0,1680000.0,18109
8044278,1,6,1,10,2024,2,30,5.0,150000.0,14094
8047338,1,1,1,10,2024,1,59,3.0,1600000.0,21459
8051828,1,2,1,10,2024,1,41,8.0,2900000.0,31175
8078705,1,1,1,10,2024,1,56,3.0,200000.0,48976
8077302,1,1,1,10,2024,1,59,4.0,1600000.0,45947
8083218,1,2,1,10,2024,1,68,3.0,1000000.0,58578
8054862,1,1,1,10,2024,1,38,10.0,10000000.0,38232
8045378,1,2,1,10,2024,1,53,3.0,1800000.0,17086
8038718,1,1,1,10,2024,2,36,10.0,2800000.0,1311
8046185,1,4,1,10,2024,1,25,5.0,300000.0,18912
8048077,1,1,1,10,2024,1,38,5.0,1500000.0,22994
8083370,1,3,1,10,2024,1,20,10.0,1400000.0,58943
8039214,1,1,1,10,2024,1,72,5.0,900000.0,2599
8050919,1,1,1,10,2024,2,47,10.0,720000.0,29197
8078255,1,2,1,10,2024,2,33,8.0,2000000.0,47993
8047825,1,3,1,10,2024,2,30,5.0,400000.0,22465
8044406,1,2,1,10,2024,2,38,5.0,900000.0,14445
8054921,1,1,1,10,2024,1,33,5.0,3000000.0,38367
8039799,1,1,1,10,2024,2,45,8.0,2000000.0,3744
8054883,1,2,1,10,2024,2,49,9.0,600000.0,38284
8048112,1,4,1,10,2024,2,20,4.0,60000.0,23068
8045432,1,1,1,10,2024,1,40,5.0,1300000.0,17244
8053366,1,1,1,10,2024,1,41,5.0,2500000.0,35011
8045710,1,1,1,10,2024,1,37,10.0,2500000.0,17987
8053343,1,2,1,10,2024,2,32,11.0,2600000.0,34933
8045686,1,3,1,10,2024,1,34,9.0,3500000.0,17929
8083061,1,1,1,10,2024,1,40,5.0,1300000.0,58233
8080800,1,6,1,10,2024,1,36,4.0,500000.0,53785
8075879,1,1,1,10,2024,1,25,5.0,0.0,42319
8040531,1,1,1,10,2024,2,59,3.0,800000.0,5446
8047674,1,1,1,10,2024,2,19,5.0,1300000.0,22114
8041993,1,2,1,10,2024,2,66,5.0,240000.0,8821
8044456,1,1,1,10,2024,2,45,3.0,1300000.0,14592
8053707,1,2,1,10,2024,2,30,8.0,1100000.0,35764
8047951,1,1,1,10,2024,2,53,11.0,4300000.0,22732
8082354,1,2,1,10,2024,2,64,11.0,5000000.0,56544
8050246,1,1,1,10,2024,2,34,5.0,750000.0,27448
8056342,1,1,1,10,2024,2,43,10.0,2600000.0,41110
8055018,1,4,1,10,2024,1,24,5.0,400000.0,38580
8080832,1,2,1,10,2024,2,27,10.0,1350000.0,53844
8081464,1,2,1,10,2024,1,49,10.0,6000000.0,55200
8042630,1,2,1,10,2024,2,25,10.0,2500000.0,10202
8046655,1,1,1,10,2024,2,57,10.0,200000.0,20132
8053351,1,1,1,10,2024,1,36,4.0,550000.0,34959
8083738,1,1,1,10,2024,1,37,9.0,2500000.0,59649
8077838,1,2,1,10,2024,2,44,6.0,1462000.0,47057
8051561,1,1,1,10,2024,1,61,9.0,3000000.0,30483
8043497,1,2,1,10,2024,2,32,10.0,2500000.0,12147
8054479,1,3,1,10,2024,2,27,10.0,3000000.0,37363
8045576,1,1,1,10,2024,1,36,10.0,2500000.0,17655
8082013,1,1,1,10,2024,2,52,5.0,800000.0,55980
8042093,1,4,1,10,2024,2,22,7.0,300000.0,9012
8080294,1,3,1,10,2024,2,29,6.0,400000.0,52783
8083844,1,2,1,10,2024,1,55,3.0,1300000.0,59869
8054027,1,1,1,10,2024,1,57,12.0,4200000.0,36343
8052437,1,1,1,10,2024,1,36,5.0,1100000.0,32789
8039754,1,1,1,10,2024,1,50,4.0,600000.0,3658
8079594,1,3,1,10,2024,1,40,5.0,24100000.0,51037
8047284,1,2,1,10,2024,2,27,10.0,1800000.0,21357
8039945,3,1,3,10,2024,1,35,11.0,2500000.0,4066
8079450,1,1,1,10,2024,1,47,5.0,1400000.0,50786
8040303,1,1,1,10,2024,1,42,11.0,3000000.0,4912
8048537,1,1,1,10,2024,1,31,4.0,1000000.0,23887
8050135,1,2,1,10,2024,1,55,3.0,2400000.0,27177
8080338,1,2,1,10,2024,1,32,4.0,1300000.0,52895
8078606,1,2,1,10,2024,2,20,8.0,1300000.0,48781
8049310,1,1,1,10,2024,1,45,3.0,900000.0,25316
8046354,1,2,1,10,2024,2,52,5.0,800000.0,19363
8044753,1,1,1,10,2024,2,45,5.0,1600000.0,15389
8083200,1,2,1,10,2024,1,63,3.0,500000.0,58526
8050321,1,3,1,10,2024,2,39,5.0,900000.0,27608
8050218,1,2,1,10,2024,2,52,5.0,1300000.0,27383
8086622,1,1,1,10,2024,2,32,10.0,3000000.0,64150
8082659,1,2,1,10,2024,1,48,5.0,600000.0,57247
8042217,1,1,1,10,2024,2,35,11.0,2500000.0,9337
8040185,1,3,1,10,2024,1,27,10.0,1300000.0,4604
8045776,1,1,1,10,2024,1,56,5.0,600000.0,18149
8084682,1,2,1,10,2024,1,40,5.0,1300000.0,61680
8038311,1,2,1,10,2024,2,36,3.0,1750000.0,336
8048708,1,2,1,10,2024,1,50,3.0,1500000.0,24162
8075616,1,1,1,10,2024,2,58,4.0,633000.0,41605
8052012,1,1,1,10,2024,2,37,8.0,1350000.0,31619
8040400,1,1,1,10,2024,1,31,4.0,1300000.0,5118
8084528,1,2,1,10,2024,1,41,8.0,1000000.0,61368
8049222,1,1,1,10,2024,2,35,5.0,1300000.0,25131
8048965,1,1,1,10,2024,1,54,3.0,1250000.0,24690
8038244,1,1,1,10,2024,1,44,10.0,2500000.0,144
8046099,1,1,1,10,2024,2,28,10.0,1200000.0,18720
8050510,1,3,1,10,2024,2,20,5.0,1300000.0,28170
8049290,1,2,1,10,2024,1,27,10.0,1600000.0,25287
8079673,1,2,1,10,2024,2,21,5.0,1300000.0,51185
8053038,1,3,1,10,2024,1,31,3.0,1500000.0,34286
8082553,1,2,1,10,2024,1,35,10.0,1000000.0,56973
8044501,1,7,1,10,2024,1,23,8.0,1300000.0,14715
8052552,1,1,1,10,2024,1,51,3.0,1000000.0,33075
8080796,1,1,1,10,2024,1,25,3.0,600000.0,53769
8085782,1,1,1,10,2024,1,43,3.0,400000.0,62851
8039052,1,1,1,10,2024,2,38,5.0,460000.0,2155
8045046,1,1,1,10,2024,2,66,3.0,100000.0,16187
8080757,1,2,1,10,2024,2,66,3.0,200000.0,53697
8078603,1,1,1,10,2024,1,68,5.0,300000.0,48770
8080915,1,1,1,10,2024,2,42,5.0,1600000.0,54003
8041947,1,1,1,10,2024,1,48,11.0,5800000.0,8684
8042482,1,2,1,10,2024,2,42,5.0,180000.0,9902
8046755,1,2,1,10,2024,2,50,5.0,600000.0,20372
8046462,1,2,1,10,2024,2,35,8.0,1500000.0,19600
8054521,1,5,1,10,2024,2,18,4.0,600000.0,37450
8040859,1,1,1,10,2024,2,61,5.0,60000.0,6215
8038691,1,2,1,10,2024,2,45,5.0,960000.0,1242
8084165,1,2,1,10,2024,2,64,3.0,750000.0,60586
8041857,1,1,1,10,2024,1,43,5.0,1300000.0,8447
8076906,1,1,1,10,2024,2,38,5.0,1200000.0,44941
8079021,1,1,1,10,2024,1,36,4.0,1020000.0,49680
8079820,1,1,1,10,2024,1,78,11.0,4000000.0,51663
8039467,1,1,1,10,2024,1,31,6.0,1300000.0,3105
8048063,1,1,1,10,2024,1,45,9.0,2500000.0,22957
8041544,1,4,1,10,2024,1,18,4.0,1300000.0,7821
8042064,1,1,1,10,2024,2,43,3.0,360000.0,8929
8050318,1,3,1,10,2024,1,63,3.0,400000.0,27598
8054184,1,1,1,10,2024,2,53,5.0,2000000.0,36693
8050520,1,1,1,10,2024,2,47,5.0,800000.0,28194
8086108,1,1,1,10,2024,1,56,10.0,3000000.0,63288
8084847,1,1,1,10,2024,1,28,6.0,1600000.0,62037
8052460,1,1,1,10,2024,2,63,3.0,250000.0,32840
8082331,1,2,1,10,2024,2,57,11.0,6000000.0,56493
8083671,1,1,1,10,2024,1,58,4.0,2000000.0,59515
8045088,1,1,1,10,2024,1,73,4.0,250000.0,16301
8049984,1,3,1,10,2024,2,20,10.0,1300000.0,26819
8051912,1,3,1,10,2024,2,17,4.0,350000.0,31394
8040626,1,1,1,10,2024,1,30,10.0,900000.0,5673
8083664,1,1,1,10,2024,1,50,5.0,1300000.0,59508
8043120,1,1,1,10,2024,1,43,3.0,3600000.0,11189
8077725,1,1,1,10,2024,1,65,3.0,750000.0,46822
8079145,1,1,1,10,2024,2,56,5.0,150000.0,49947
8051000,1,1,1,10,2024,2,61,3.0,800000.0,29438
8041935,1,1,1,10,2024,1,52,6.0,1300000.0,8652
8054486,1,1,1,10,2024,2,48,5.0,1300000.0,37371
8046444,1,1,1,10,2024,2,44,5.0,1300000.0,19558
8079080,1,1,1,10,2024,1,32,5.0,1300000.0,49817
8047238,1,1,1,10,2024,1,39,3.0,1600000.0,21263
8038953,1,3,1,10,2024,1,43,10.0,1450000.0,1903
8044907,1,2,1,10,2024,1,18,5.0,800000.0,15814
8083442,1,2,1,10,2024,1,33,5.0,1600000.0,59081
8040749,1,1,1,10,2024,1,36,6.0,1300000.0,5931
8041577,1,2,1,10,2024,1,27,5.0,1800000.0,7894
8083195,1,4,1,10,2024,1,28,3.0,900000.0,58509
8086662,1,1,1,10,2024,1,30,5.0,2300000.0,64271
8076880,1,1,1,10,2024,1,41,3.0,1750000.0,44889
8047976,1,2,1,10,2024,2,24,9.0,1450000.0,22782
8039788,1,1,1,10,2024,2,41,4.0,350000.0,3720
8052810,1,1,1,10,2024,2,53,1.0,1300000.0,33643
8045086,1,1,1,10,2024,1,56,3.0,1500000.0,16295
8077788,1,1,1,10,2024,1,49,5.0,400000.0,46958
8044799,1,1,1,10,2024,1,42,5.0,1300000.0,15491
8082109,1,1,1,10,2024,2,62,11.0,6000000.0,56112
8045165,1,2,1,10,2024,2,20,4.0,600000.0,16502
8077337,1,1,1,10,2024,1,35,8.0,4000000.0,46019
8042151,1,1,1,10,2024,1,53,5.0,1800000.0,9175
8052078,1,3,1,10,2024,1,24,10.0,1300000.0,31791
8039106,1,1,1,10,2024,1,38,8.0,1300000.0,2311
8078658,1,1,1,10,2024,1,47,3.0,1000000.0,48886
8055915,1,1,1,10,2024,1,58,5.0,4000000.0,40253
8052496,1,1,1,10,2024,1,35,3.0,1100000.0,32928
8043083,1,3,1,10,2024,1,15,3.0,350000.0,11110
8040604,1,1,1,10,2024,2,48,8.0,1000000.0,5632
8050977,1,1,1,10,2024,1,47,11.0,3700000.0,29366
8045423,1,5,1,10,2024,2,25,5.0,1300000.0,17220
8077743,1,1,1,10,2024,2,70,5.0,200000.0,46864
8055325,1,2,1,10,2024,1,46,5.0,650000.0,39172
8044828,1,1,1,10,2024,2,34,3.0,1000000.0,15594
8055218,1,2,1,10,2024,2,38,6.0,2000000.0,38981
8041422,1,3,1,10,2024,1,32,11.0,3000000.0,7516
8083404,1,2,1,10,2024,1,39,5.0,1300000.0,58998
8086426,1,1,1,10,2024,1,45,4.0,700000.0,63647
8056396,1,2,1,10,2024,1,21,4.0,1000000.0,41249
8039133,1,1,1,10,2024,1,70,5.0,700000.0,2405
8079834,1,1,1,10,2024,1,37,4.0,1300000.0,51704
8085764,1,1,1,10,2024,2,74,1.0,250000.0,62803
8054403,1,1,1,10,2024,1,58,11.0,20000000.0,37191
8079691,1,2,1,10,2024,1,44,11.0,5600000.0,51229
8077021,1,1,1,10,2024,1,36,5.0,1300000.0,45180
8046760,1,3,1,10,2024,2,29,10.0,3000000.0,20387
8038296,1,4,1,10,2024,2,29,10.0,1300000.0,299
8048342,1,2,1,10,2024,1,37,5.0,1300000.0,23536
8084391,1,1,1,10,2024,1,39,3.0,1400000.0,61117
8077372,1,2,1,10,2024,1,41,3.0,1300000.0,46106
8046395,1,1,1,10,2024,1,73,4.0,1500000.0,19450
8051348,1,1,1,10,2024,2,66,3.0,100000.0,29956
8082383,1,2,1,10,2024,2,47,10.0,3400000.0,56601
8077247,1,1,1,10,2024,1,65,3.0,1300000.0,45829
8038568,1,1,1,10,2024,1,25,4.0,1450000.0,924
8042819,1,1,1,10,2024,1,64,1.0,800000.0,10620
8041064,1,2,1,10,2024,2,47,5.0,1400000.0,6711
8081309,1,2,1,10,2024,2,45,3.0,1200000.0,54844
8043783,1,2,1,10,2024,1,37,5.0,1000000.0,12891
8046729,1,1,1,10,2024,2,48,11.0,13000000.0,20305
8086284,1,1,1,10,2024,2,33,5.0,1200000.0,63406
8041222,1,3,1,10,2024,2,30,10.0,2450000.0,7108
8056241,1,2,1,10,2024,2,49,4.0,180000.0,40898
8076373,1,1,1,10,2024,1,48,4.0,1500000.0,43693
8050011,1,2,1,10,2024,2,39,5.0,300000.0,26890
8052286,1,2,1,10,2024,1,36,5.0,750000.0,32340
8082940,1,2,1,10,2024,1,54,10.0,1518000.0,57947
8079425,1,1,1,10,2024,2,33,3.0,800000.0,50713
8077385,1,1,1,10,2024,1,54,1.0,1100000.0,46139
8052128,1,1,1,10,2024,1,46,5.0,1800000.0,31927
8042169,1,1,1,10,2024,2,66,3.0,300000.0,9222
8084194,1,2,1,10,2024,2,31,5.0,220000.0,60677
8082486,1,1,1,10,2024,1,45,4.0,500000.0,56818
8076266,1,1,1,10,2024,1,73,3.0,30000.0,43451
8084870,1,1,1,10,2024,1,67,3.0,1800000.0,62094
8048678,1,1,1,10,2024,1,67,3.0,1500000.0,24099
8054174,1,4,1,10,2024,1,37,5.0,400000.0,36654
8075875,1,1,1,10,2024,1,36,1.0,900000.0,42305
8038238,1,1,1,10,2024,1,24,8.0,1300000.0,131
8082394,1,1,1,10,2024,2,51,8.0,2500000.0,56621
8044956,1,4,1,10,2024,1,32,3.0,1200000.0,15932
8050913,1,1,1,10,2024,1,44,10.0,3000000.0,29169
8055980,1,2,1,10,2024,1,39,8.0,1300000.0,40374
8083258,1,1,1,10,2024,2,35,3.0,900000.0,58681
8052393,1,1,1,10,2024,1,32,8.0,1300000.0,32678
8051342,1,1,1,10,2024,1,66,5.0,500000.0,29937
8055891,1,2,1,10,2024,1,21,10.0,1300000.0,40213
8039987,1,2,1,10,2024,1,24,5.0,1000000.0,4124
8081134,1,1,1,10,2024,2,53,3.0,500000.0,54449
8054741,1,1,1,10,2024,1,23,4.0,1200000.0,37949
8077039,1,1,1,10,2024,1,26,5.0,800000.0,45235
8055023,1,1,1,10,2024,1,57,11.0,4100000.0,38594
8044878,1,1,1,10,2024,2,24,6.0,200000.0,15739
8055873,1,1,1,10,2024,2,46,10.0,1000000.0,40177
8079980,1,3,1,10,2024,1,45,5.0,1600000.0,52014
8053462,1,1,1,10,2024,1,44,10.0,6000000.0,35204
8083546,1,1,1,10,2024,2,37,10.0,5200000.0,59282
8081343,1,4,1,10,2024,2,32,10.0,1460000.0,54912
8051456,1,2,1,10,2024,2,27,5.0,2000000.0,30244
8047248,1,1,1,10,2024,2,34,5.0,1700000.0,21288
8083662,1,7,1,10,2024,1,7,3.0,,59507
8038687,1,2,1,10,2024,2,54,5.0,200000.0,1220
8055488,1,1,1,10,2024,2,27,8.0,2500000.0,39446
8038563,1,2,1,10,2024,1,29,5.0,1300000.0,911
8040133,1,2,1,10,2024,1,21,4.0,800000.0,4460
8053208,1,1,1,10,2024,1,42,13.0,7500000.0,34607
8050939,1,1,1,10,2024,1,41,5.0,800000.0,29244
8076679,1,2,1,10,2024,2,38,10.0,3000000.0,44434
8041074,1,1,1,10,2024,1,37,9.0,1550000.0,6724
8079455,1,2,1,10,2024,1,57,4.0,1800000.0,50795
8077453,1,1,1,10,2024,2,36,5.0,1000000.0,46278
8046923,1,1,1,10,2024,2,44,12.0,6800000.0,20749
8086449,1,1,1,10,2024,1,76,3.0,650000.0,63709
8048133,1,1,1,10,2024,2,59,5.0,600000.0,23137
8048506,1,3,1,10,2024,1,25,9.0,1600000.0,23806
8078582,1,1,1,10,2024,2,28,8.0,1420000.0,48728
8043714,1,1,1,10,2024,2,62,3.0,300000.0,12701
8048347,1,1,1,10,2024,2,31,5.0,1300000.0,23552
8075786,1,1,1,10,2024,1,43,4.0,600000.0,42070
8052939,1,1,1,10,2024,1,55,3.0,1300000.0,33970
8051495,1,2,1,10,2024,2,55,9.0,1900000.0,30339
8048090,1,1,1,10,2024,2,22,4.0,1300000.0,23023
8049718,1,3,1,10,2024,1,51,3.0,1710000.0,26171
8086326,1,1,1,10,2024,1,61,9.0,3000000.0,63465
8038285,1,4,1,10,2024,2,30,10.0,2600000.0,265
8053210,1,1,1,10,2024,1,49,5.0,1300000.0,34613
8054670,1,2,1,10,2024,2,23,10.0,300000.0,37771
8082809,1,2,1,10,2024,2,26,10.0,1300000.0,57645
8039017,1,2,1,10,2024,2,25,8.0,2000000.0,2038
8038688,1,3,1,10,2024,1,46,3.0,600000.0,1227
8047059,1,2,1,10,2024,2,52,5.0,1300000.0,20909
8043990,1,1,1,10,2024,1,49,8.0,2700000.0,13392
8040426,1,8,1,10,2024,1,45,4.0,1462000.0,5191
8078429,1,2,1,10,2024,1,62,3.0,580000.0,48382
8045096,1,1,1,10,2024,2,58,3.0,160000.0,16325
8052951,1,4,1,10,2024,1,34,4.0,1500000.0,34011
8050305,1,3,1,10,2024,1,30,5.0,1462000.0,27571
8083640,1,1,1,10,2024,1,37,10.0,4000000.0,59465
8053546,1,2,1,10,2024,2,34,10.0,3500000.0,35357
8055795,1,2,1,10,2024,2,70,3.0,500000.0,39994
8054941,1,1,1,10,2024,1,47,3.0,1300000.0,38410
8080304,1,1,1,10,2024,2,52,10.0,3000000.0,52810
8078342,1,1,1,10,2024,2,57,5.0,200000.0,48220
8054666,1,1,1,10,2024,2,46,10.0,2800000.0,37754
8053951,1,3,1,10,2024,2,26,10.0,5500000.0,36213
8076829,1,4,1,10,2024,1,29,5.0,900000.0,44780
8051602,1,3,1,10,2024,1,17,5.0,1500000.0,30579
8039372,1,1,1,10,2024,1,64,6.0,1200000.0,2922
8047034,1,3,1,10,2024,2,30,10.0,2500000.0,20867
8052019,1,1,1,10,2024,1,40,5.0,900000.0,31637
8055587,1,2,1,10,2024,1,35,10.0,4500000.0,39595
8043641,1,2,1,10,2024,1,47,10.0,280000.0,12512
8050594,1,1,1,10,2024,2,31,5.0,1300000.0,28390
8084048,1,4,1,10,2024,1,57,10.0,3000000.0,60360
8086267,1,2,1,10,2024,1,24,4.0,400000.0,63362
8047455,1,1,1,10,2024,1,22,4.0,900000.0,21657
8053653,1,2,1,10,2024,1,36,5.0,1300000.0,35617
8039971,1,2,1,10,2024,2,17,5.0,250000.0,4100
8082809,1,1,1,10,2024,1,52,11.0,6000000.0,57644
8050516,1,2,1,10,2024,1,21,9.0,1400000.0,28185
8080331,1,1,1,10,2024,1,35,5.0,1300000.0,52877
8038702,1,1,1,10,2024,2,26,10.0,1300000.0,1268
8082132,1,1,1,10,2024,2,33,8.0,1300000.0,56168
8079670,1,3,1,10,2024,1,21,5.0,3400000.0,51179
8077291,1,1,1,10,2024,2,62,1.0,400000.0,45930
8076314,1,2,1,10,2024,1,49,1.0,200000.0,43563
8047232,1,1,1,10,2024,2,41,4.0,800000.0,21251
8076125,1,1,1,10,2024,1,42,8.0,1300000.0,43075
8044516,1,5,1,10,2024,1,26,8.0,1300000.0,14761
8080187,1,1,1,10,2024,1,54,10.0,2600000.0,52521
8077611,1,1,1,10,2024,2,77,1.0,50000.0,46591
8077559,1,2,1,10,2024,1,56,3.0,1000000.0,46473
8049885,1,1,1,10,2024,1,52,5.0,350000.0,26606
8045187,1,3,1,10,2024,2,29,10.0,1300000.0,16580
8056200,1,2,1,10,2024,2,27,5.0,1540000.0,40784
8083498,1,2,1,10,2024,2,42,5.0,1300000.0,59201
8043329,1,2,1,10,2024,1,53,10.0,10000000.0,11693
8051619,1,2,1,10,2024,2,24,10.0,7000000.0,30616
8084176,1,6,1,10,2024,1,35,5.0,1300000.0,60622
8050162,1,2,1,10,2024,1,59,3.0,2500000.0,27238
8043399,1,3,1,10,2024,2,34,10.0,3500000.0,11866
8083188,1,1,1,10,2024,2,63,11.0,3700000.0,58486
8040904,1,2,1,10,2024,2,42,5.0,500000.0,6317
8078914,1,1,1,10,2024,2,37,5.0,1030000.0,49430
8048136,1,1,1,10,2024,2,67,3.0,32000.0,23144
8042755,1,1,1,10,2024,1,35,5.0,1100000.0,10483
8049217,1,5,1,10,2024,2,37,8.0,1300000.0,25123
8039187,1,1,1,10,2024,1,46,11.0,3500000.0,2528
8075962,1,1,1,10,2024,1,19,1.0,200000.0,42586
8082893,1,1,1,10,2024,2,25,5.0,1000000.0,57854
8043894,1,1,1,10,2024,1,59,11.0,3000000.0,13159
8048992,1,2,1,10,2024,1,65,3.0,400000.0,24718
8052778,1,3,1,10,2024,2,20,10.0,600000.0,33575
8043513,1,1,1,10,2024,2,47,8.0,1400000.0,12210
8082681,1,1,1,10,2024,2,70,5.0,1300000.0,57307
8081272,1,4,1,10,2024,2,16,5.0,800000.0,54759
8084809,1,1,1,10,2024,2,32,10.0,2600000.0,61952
8081402,1,2,1,10,2024,2,34,12.0,6835150.0,55075
8043850,1,4,1,10,2024,1,39,10.0,1800000.0,13046
8046043,1,2,1,10,2024,1,30,5.0,700000.0,18566
8045411,1,3,1,10,2024,2,27,10.0,1800000.0,17185
8054952,1,1,1,10,2024,1,38,9.0,2200000.0,38429
8084257,1,2,1,10,2024,2,28,8.0,0.0,60827
8054806,1,2,1,10,2024,2,38,10.0,3900000.0,38110
8051477,1,3,1,10,2024,2,21,5.0,250000.0,30294
8056468,1,1,1,10,2024,1,30,9.0,2100000.0,41384
8044079,1,1,1,10,2024,2,53,5.0,1300000.0,13611
8084785,1,1,1,10,2024,1,23,9.0,3000000.0,61908
8041710,1,2,1,10,2024,1,36,5.0,1800000.0,8179
8083815,1,1,1,10,2024,1,63,3.0,2000000.0,59799
8042514,1,1,1,10,2024,1,43,10.0,200000.0,9985
8041613,1,1,1,10,2024,2,27,10.0,1550000.0,7972
8043201,1,2,1,10,2024,2,58,11.0,4800000.0,11387
8049014,1,2,1,10,2024,2,52,3.0,700000.0,24765
8050442,1,1,1,10,2024,1,39,5.0,1600000.0,27940
8055292,1,3,1,10,2024,1,25,9.0,1300000.0,39108
8082787,1,1,1,10,2024,1,54,5.0,1400000.0,57570
8050527,1,2,1,10,2024,2,32,5.0,250000.0,28214
8084787,1,1,1,10,2024,1,28,5.0,1860000.0,61911
8079734,2,1,2,10,2024,1,36,5.0,1400000.0,51358
8082397,1,2,1,10,2024,2,45,11.0,4000000.0,56624
8076678,1,1,1,10,2024,2,38,12.0,5500000.0,44430
8047865,1,1,1,10,2024,1,45,3.0,1060000.0,22577
8076410,1,1,1,10,2024,2,43,5.0,400000.0,43786
8044084,1,4,1,10,2024,1,17,4.0,200000.0,13621
8043795,1,3,1,10,2024,1,65,4.0,250000.0,12934
8083986,1,1,1,10,2024,1,58,5.0,1200000.0,60154
8077570,1,1,1,10,2024,1,72,3.0,500000.0,46510
8079203,1,1,1,10,2024,2,27,10.0,2700000.0,50112
8085728,1,6,1,10,2024,1,39,3.0,1430000.0,62728
8056145,1,2,1,10,2024,2,40,6.0,400000.0,40691
8041170,1,2,1,10,2024,1,40,5.0,550000.0,6965
8051608,1,1,1,10,2024,1,68,3.0,1700000.0,30592
8053542,1,3,1,10,2024,2,25,10.0,200000.0,35348
8053831,1,1,1,10,2024,2,72,3.0,600000.0,35971
8045708,1,1,1,10,2024,2,48,3.0,1300000.0,17982
8045594,1,1,1,10,2024,1,57,4.0,1300000.0,17693
8044644,1,1,1,10,2024,2,38,9.0,1300000.0,15117
8086275,1,1,1,10,2024,2,27,9.0,2200000.0,63381
8055216,1,4,1,10,2024,1,57,3.0,300000.0,38972
8052705,1,1,1,10,2024,1,37,3.0,1350000.0,33402
8076106,1,1,1,10,2024,1,44,3.0,600000.0,43003
8052328,1,4,1,10,2024,1,55,8.0,3000000.0,32480
8078867,1,1,1,10,2024,2,30,3.0,1800000.0,49319
8040879,1,1,1,10,2024,1,33,6.0,1000000.0,6268
8043377,1,1,1,10,2024,2,41,10.0,1300000.0,11818
8086674,1,4,1,10,2024,1,23,5.0,800000.0,64291
8077746,1,3,1,10,2024,2,29,5.0,544000.0,46871
8084563,1,2,1,10,2024,2,53,5.0,900000.0,61449
8041131,1,1,1,10,2024,2,37,8.0,1300000.0,6879
8051026,1,1,1,10,2024,1,67,4.0,200000.0,29498
8038797,1,1,1,10,2024,2,32,10.0,2000000.0,1523
8080594,1,1,1,10,2024,1,51,3.0,1300000.0,53387
8075604,1,2,1,10,2024,1,59,5.0,1200000.0,41557
8043515,1,1,1,10,2024,1,67,3.0,700000.0,12214
8078161,1,2,1,10,2024,1,29,4.0,1300000.0,47764
8053914,1,2,1,10,2024,2,28,10.0,5759000.0,36131
8076168,1,1,1,10,2024,2,22,5.0,1090000.0,43204
8053095,1,1,1,10,2024,2,44,5.0,1300000.0,34379
8041749,1,1,1,10,2024,2,38,4.0,50000.0,8239
8053038,1,4,1,10,2024,2,44,4.0,1300000.0,34287
8040179,1,1,1,10,2024,1,46,11.0,70000000.0,4582
8044193,1,1,1,10,2024,1,49,11.0,3600000.0,13859
8052567,1,3,1,10,2024,1,23,5.0,2900000.0,33116
8050957,1,1,1,10,2024,1,30,3.0,1000000.0,29309
8084061,1,2,1,10,2024,2,56,10.0,2600000.0,60395
8044787,1,1,1,10,2024,2,51,5.0,1000000.0,15462
8050250,1,2,1,10,2024,2,50,10.0,1300000.0,27459
8046033,1,1,1,10,2024,1,37,8.0,1200000.0,18539
8080804,1,1,1,10,2024,2,74,3.0,1100000.0,53790
8052038,1,1,1,10,2024,1,26,8.0,1500000.0,31682
8047388,1,1,1,10,2024,2,47,10.0,2500000.0,21567
8080088,1,3,1,10,2024,1,31,10.0,3700000.0,52234
8078337,1,1,1,10,2024,1,39,3.0,960000.0,48207
8054541,1,1,1,10,2024,1,28,10.0,2000000.0,37493
8052277,1,2,1,10,2024,1,25,5.0,550000.0,32308
8078897,1,2,1,10,2024,2,43,10.0,4900000.0,49386
8054769,1,3,1,10,2024,1,46,1.0,600000.0,38026
8040808,1,1,1,10,2024,1,36,8.0,1900000.0,6075
8045383,1,2,1,10,2024,1,28,8.0,1000000.0,17099
8038385,1,1,1,10,2024,2,40,9.0,2000000.0,534
8043444,1,1,1,10,2024,2,43,4.0,200000.0,11985
8041912,1,3,1,10,2024,1,26,5.0,1300000.0,8587
8044208,1,1,1,10,2024,1,54,3.0,700000.0,13893
8078442,1,1,1,10,2024,1,51,4.0,500000.0,48410
8038590,1,1,1,10,2024,2,37,8.0,2000000.0,939
8045722,1,2,1,10,2024,1,40,12.0,3500000.0,18019
8045331,1,1,1,10,2024,1,42,10.0,9250000.0,16961
8077529,1,1,1,10,2024,1,54,3.0,0.0,46406
8041704,1,3,1,10,2024,1,29,10.0,2000000.0,8172
8086477,1,2,1,10,2024,2,31,8.0,700000.0,63769
8048411,1,1,1,10,2024,1,36,11.0,9700000.0,23636
8052368,1,2,1,10,2024,1,42,3.0,500000.0,32588
8041921,1,1,1,10,2024,2,30,5.0,1300000.0,8612
8052115,1,1,1,10,2024,1,64,1.0,800000.0,31883
8052044,1,3,1,10,2024,2,17,5.0,225000.0,31696
8082902,1,2,1,10,2024,1,25,5.0,1300000.0,57878
8045294,1,3,1,10,2024,1,44,3.0,920000.0,16868
8042211,1,2,1,10,2024,2,62,5.0,330000.0,9332
8044609,1,1,1,10,2024,2,37,5.0,1200000.0,15026
8047689,1,3,1,10,2024,1,23,4.0,800000.0,22143
8077729,1,2,1,10,2024,2,31,5.0,800000.0,46835
8078101,1,4,1,10,2024,1,31,10.0,1000000.0,47633
8082870,1,2,1,10,2024,1,34,8.0,1300000.0,57790
8043499,1,3,1,10,2024,2,40,5.0,1300000.0,12157
8046601,1,1,1,10,2024,1,25,9.0,30000000.0,20016
8080257,1,2,1,10,2024,1,21,5.0,1300000.0,52704
8048484,1,1,1,10,2024,1,40,5.0,1500000.0,23771
8044714,1,1,1,10,2024,2,36,8.0,750000.0,15306
8050469,1,2,1,10,2024,1,39,6.0,1300000.0,28015
8052960,1,3,1,10,2024,1,71,3.0,0.0,34033
8042182,1,2,1,10,2024,1,31,5.0,900000.0,9257
8048218,1,1,1,10,2024,2,36,5.0,800000.0,23274
8041889,1,3,1,10,2024,1,28,10.0,2000000.0,8527
8049493,1,1,1,10,2024,2,32,8.0,500000.0,25599
8053017,1,3,1,10,2024,2,24,10.0,250000.0,34227
8054627,1,2,1,10,2024,2,40,8.0,1800000.0,37665
8041631,1,2,1,10,2024,2,44,4.0,500000.0,8011
8054408,1,1,1,10,2024,1,38,10.0,3750000.0,37199
8046757,1,4,1,10,2024,1,24,4.0,800000.0,20381
8078739,1,1,1,10,2024,1,36,10.0,5135000.0,49050
8079175,1,1,1,10,2024,1,46,4.0,600000.0,50045
8084768,1,1,1,10,2024,1,61,4.0,1500000.0,61860
8082430,1,1,1,10,2024,1,29,8.0,1300000.0,56699
8040754,1,5,1,10,2024,2,56,3.0,850000.0,5954
8078105,1,1,1,10,2024,1,28,4.0,1264000.0,47639
8079380,1,1,1,10,2024,1,28,3.0,1700000.0,50605
8047458,1,1,1,10,2024,1,35,10.0,5500000.0,21665
8048679,1,1,1,10,2024,1,45,10.0,1300000.0,24104
8076447,1,1,1,10,2024,1,59,3.0,600000.0,43869
8051363,1,6,1,10,2024,1,18,5.0,240000.0,30000
8041939,1,1,1,10,2024,1,54,3.0,1420000.0,8662
8052992,1,2,1,10,2024,2,36,8.0,1300000.0,34155
8054302,1,2,1,10,2024,1,37,8.0,1300000.0,36944
8079448,1,5,1,10,2024,2,29,11.0,7000000.0,50781
8038532,1,1,1,10,2024,1,62,5.0,600000.0,852
8044695,1,1,1,10,2024,1,38,8.0,600000.0,15256
8081778,1,1,1,10,2024,1,37,3.0,600000.0,55736
8085687,1,1,1,10,2024,2,46,3.0,600000.0,62625
8083499,1,2,1,10,2024,1,34,4.0,800000.0,59203
8052025,1,1,1,10,2024,1,55,10.0,3600000.0,31651
8044951,1,1,1,10,2024,2,36,10.0,700000.0,15911
8083406,1,2,1,10,2024,2,34,5.0,1300000.0,59002
8045079,1,1,1,10,2024,1,38,4.0,1100000.0,16277
8041388,1,2,1,10,2024,1,38,5.0,1200000.0,7436
8044735,1,1,1,10,2024,1,71,10.0,800000.0,15355
8038495,1,6,1,10,2024,1,25,10.0,1100000.0,762
8040726,1,2,1,10,2024,1,24,10.0,400000.0,5871
8080974,1,3,1,10,2024,2,28,10.0,4800000.0,54141
8079925,1,1,1,10,2024,1,45,9.0,1300000.0,51932
8040555,1,2,1,10,2024,1,36,5.0,1300000.0,5501
8052658,1,2,1,10,2024,1,45,3.0,800000.0,33334
8048159,1,1,1,10,2024,2,20,4.0,1200000.0,23210
8045132,1,1,1,10,2024,1,38,8.0,3000000.0,16427
8078008,1,2,1,10,2024,1,20,5.0,800000.0,47454
8046619,1,2,1,10,2024,1,60,3.0,1200000.0,20051
8044536,1,1,1,10,2024,1,43,5.0,1200000.0,14825
8040432,1,1,1,10,2024,1,33,10.0,3000000.0,5207
8046794,1,5,1,10,2024,2,27,8.0,1500000.0,20453
8079872,1,3,1,10,2024,1,17,5.0,1000000.0,51803
8040373,1,1,1,10,2024,2,25,8.0,1000000.0,5057
8040921,1,1,1,10,2024,1,31,5.0,1300000.0,6361
8041490,1,3,1,10,2024,1,26,5.0,1300000.0,7695
8047907,1,1,1,10,2024,2,53,5.0,1300000.0,22672
8056216,1,1,1,10,2024,1,32,5.0,1300000.0,40835
8051051,1,1,1,10,2024,2,40,10.0,3500000.0,29563
8075909,1,1,1,10,2024,2,48,3.0,80000.0,42401
8046148,1,2,1,10,2024,1,29,4.0,1600000.0,18815
8046096,1,4,1,10,2024,1,30,10.0,1300000.0,18712
8050648,1,1,1,10,2024,2,55,5.0,8585000.0,28512
8086858,1,1,1,10,2024,2,45,12.0,6500000.0,64596
8052186,1,1,1,10,2024,1,46,3.0,1450000.0,32048
8052197,1,2,1,10,2024,1,55,1.0,600000.0,32082
8055513,1,1,1,10,2024,2,43,5.0,2400000.0,39486
8077078,1,4,1,10,2024,1,29,5.0,2000000.0,45361
8076194,1,1,1,10,2024,1,47,4.0,460000.0,43287
8077924,1,1,1,10,2024,1,61,3.0,100000.0,47230
8078911,1,1,1,10,2024,1,64,4.0,1300000.0,49422
8046396,1,3,1,10,2024,1,24,10.0,1700000.0,19454
8077889,1,1,1,10,2024,1,43,3.0,1700000.0,47148
8055148,1,2,1,10,2024,2,48,5.0,1700000.0,38805
8086272,1,2,1,10,2024,2,34,9.0,350000.0,63372
8053617,1,1,1,10,2024,1,37,5.0,1300000.0,35540
8053316,1,1,1,10,2024,1,57,5.0,1300000.0,34874
8046572,1,5,1,10,2024,2,31,8.0,1465000.0,19923
8083024,1,1,1,10,2024,1,54,5.0,800000.0,58151
8050803,1,1,1,10,2024,2,27,4.0,600000.0,28872
8055640,1,7,1,10,2024,1,63,5.0,1300000.0,39669
8042128,1,1,1,10,2024,1,54,3.0,700000.0,9119
8086368,1,1,1,10,2024,1,61,9.0,3000000.0,63545
8039550,1,1,1,10,2024,2,51,11.0,3600000.0,3283
8080606,1,2,1,10,2024,1,29,4.0,1300000.0,53419
8051680,1,4,1,10,2024,2,37,9.0,1900000.0,30756
8079407,1,1,1,10,2024,1,64,3.0,300000.0,50660
8050891,1,1,1,10,2024,1,27,10.0,2600000.0,29109
8054424,1,1,1,10,2024,2,46,4.0,700000.0,37231
8042670,1,1,1,10,2024,2,33,8.0,2600000.0,10270
8086090,1,1,1,10,2024,1,65,10.0,4000000.0,63257
8053483,1,1,1,10,2024,1,39,12.0,20000000.0,35237
8054007,1,2,1,10,2024,2,51,8.0,1300000.0,36317
8076849,1,2,1,10,2024,2,49,10.0,800000.0,44823
8052083,1,2,1,10,2024,2,54,4.0,800000.0,31802
8076729,1,1,1,10,2024,1,55,10.0,11200000.0,44548
8040386,1,1,1,10,2024,1,55,4.0,6000000.0,5088
8052438,1,1,1,10,2024,1,66,3.0,1650000.0,32794
8046273,1,1,1,10,2024,1,31,5.0,700000.0,19114
8047191,1,1,1,10,2024,2,66,1.0,600000.0,21155
8079305,1,1,1,10,2024,2,51,10.0,2700000.0,50450
8044056,1,3,1,10,2024,2,19,4.0,700000.0,13542
8052127,1,2,1,10,2024,1,34,9.0,1800000.0,31922
8046615,1,1,1,10,2024,2,28,5.0,1500000.0,20043
8083979,1,1,1,10,2024,2,37,5.0,1300000.0,60127
8044420,1,2,1,10,2024,1,38,5.0,1300000.0,14497
8043139,1,1,1,10,2024,1,32,5.0,1300000.0,11242
8078121,1,1,1,10,2024,1,73,3.0,0.0,47677
8078558,1,1,1,10,2024,1,70,3.0,1800000.0,48669
8082153,1,1,1,10,2024,1,62,5.0,2500000.0,56199
8042221,1,2,1,10,2024,2,40,12.0,3600000.0,9352
8053192,1,3,1,10,2024,1,23,10.0,4500000.0,34579
8078047,1,1,1,10,2024,2,47,3.0,100000.0,47527
8048308,1,1,1,10,2024,2,58,3.0,1250000.0,23487
8086399,1,1,1,10,2024,1,61,9.0,3000000.0,63605
8080981,1,1,1,10,2024,1,33,10.0,5500000.0,54152
8080250,1,3,1,10,2024,1,24,5.0,400000.0,52688
8084815,1,2,1,10,2024,1,39,5.0,1100000.0,61966
8054186,1,2,1,10,2024,1,28,5.0,1500000.0,36700
8049930,1,1,1,10,2024,2,26,5.0,300000.0,26700
8046375,1,2,1,10,2024,2,32,9.0,1300000.0,19414
8047811,1,2,1,10,2024,2,33,4.0,1290000.0,22423
8080248,1,1,1,10,2024,2,35,3.0,300000.0,52677
8047290,1,2,1,10,2024,2,31,8.0,1300000.0,21366
8053392,1,3,1,10,2024,1,42,4.0,1300000.0,35097
8046811,1,1,1,10,2024,2,46,8.0,1300000.0,20497
8053663,1,3,1,10,2024,1,25,5.0,1000000.0,35635
8081174,1,1,1,10,2024,1,41,3.0,350000.0,54534
8044840,1,4,1,10,2024,2,30,5.0,190000.0,15627
8077045,1,3,1,10,2024,1,43,3.0,1200000.0,45259
8076610,1,1,1,10,2024,1,42,11.0,5960000.0,44276
8077259,1,1,1,10,2024,2,34,4.0,575000.0,45864
8052143,1,1,1,10,2024,1,33,1.0,750000.0,31963
8041666,1,1,1,10,2024,1,47,10.0,3800000.0,8104
8054546,1,3,1,10,2024,1,29,11.0,4000000.0,37497
8075682,1,2,1,10,2024,1,16,5.0,420000.0,41806
8039932,1,1,1,10,2024,2,57,5.0,100000.0,4026
8048403,1,3,1,10,2024,1,26,4.0,2000000.0,23622
8055692,1,1,1,10,2024,1,63,10.0,15000000.0,39831
8055076,1,2,1,10,2024,1,26,5.0,900000.0,38713
8052136,1,1,1,10,2024,1,63,5.0,1600000.0,31946
8054995,1,1,1,10,2024,1,51,3.0,820000.0,38509
8038502,1,1,1,10,2024,1,36,5.0,1600000.0,775
8086325,1,1,1,10,2024,1,61,9.0,3000000.0,63463
8082177,1,2,1,10,2024,1,60,10.0,2000000.0,56244
8039254,1,1,1,10,2024,2,37,12.0,2000000.0,2693
8050474,1,2,1,10,2024,1,31,5.0,1300000.0,28036
8076285,1,3,1,10,2024,1,25,4.0,500000.0,43490
8038819,1,1,1,10,2024,2,33,11.0,3600000.0,1567
8051652,1,1,1,10,2024,1,50,4.0,1980000.0,30698
8045411,1,2,1,10,2024,1,53,3.0,1800000.0,17184
8082805,1,3,1,10,2024,1,40,5.0,0.0,57637
8047088,1,1,1,10,2024,2,65,8.0,1300000.0,20963
8053805,1,1,1,10,2024,1,32,4.0,1460000.0,35916
8056373,1,1,1,10,2024,1,70,4.0,1800000.0,41188
8041575,1,3,1,10,2024,2,44,10.0,1800000.0,7890
8082416,1,2,1,10,2024,1,47,8.0,1300000.0,56674
8053572,1,2,1,10,2024,1,22,5.0,1300000.0,35420
8038900,1,2,1,10,2024,1,50,10.0,2000000.0,1759
8079202,1,1,1,10,2024,1,31,10.0,900000.0,50109
8047632,1,1,1,10,2024,1,48,8.0,700000.0,22028
8044725,1,2,1,10,2024,2,24,5.0,1000000.0,15329
8044517,1,1,1,10,2024,1,33,9.0,1200000.0,14764
8044361,1,1,1,10,2024,2,47,5.0,1300000.0,14347
8046265,1,2,1,10,2024,1,28,3.0,1200000.0,19087
8052956,1,3,1,10,2024,1,37,5.0,200000.0,34024
8044488,1,2,1,10,2024,2,44,10.0,1750000.0,14672
8042069,1,1,1,10,2024,1,54,5.0,650000.0,8948
8050892,1,2,1,10,2024,1,46,10.0,1800000.0,29112
8051359,1,1,1,10,2024,1,35,10.0,2000000.0,29990
8076588,1,1,1,10,2024,1,53,4.0,2000000.0,44211
8084108,1,3,1,10,2024,1,25,8.0,2760000.0,60520
8079737,1,7,1,10,2024,1,22,4.0,400000.0,51378
8049669,1,1,1,10,2024,1,47,1.0,1100000.0,26030
8078133,1,1,1,10,2024,1,59,3.0,3000000.0,47695
8048934,1,1,1,10,2024,2,48,5.0,1000000.0,24618
8053275,1,3,1,10,2024,1,29,4.0,800000.0,34755
8046520,1,5,1,10,2024,1,30,5.0,1300000.0,19758
8078632,1,1,1,10,2024,2,47,12.0,4500000.0,48833
8041388,1,1,1,10,2024,2,27,9.0,1462000.0,7435
8053483,1,2,1,10,2024,2,27,10.0,5000000.0,35238
8040840,1,2,1,10,2024,1,40,5.0,800000.0,6143
8038925,1,1,1,10,2024,1,34,10.0,12000000.0,1834
8083017,1,7,1,10,2024,2,37,5.0,250000.0,58139
8080605,1,2,1,10,2024,2,18,8.0,600000.0,53413
8079833,1,1,1,10,2024,1,58,8.0,2800000.0,51700
8042658,1,2,1,10,2024,1,22,3.0,900000.0,10243
8082352,1,1,1,10,2024,1,38,10.0,5000000.0,56539
8082688,1,1,1,10,2024,2,30,8.0,1350000.0,57332
8080189,1,4,1,10,2024,2,19,10.0,1500000.0,52527
8084107,1,1,1,10,2024,1,22,5.0,9000000.0,60516
8051829,1,3,1,10,2024,1,44,8.0,430000.0,31178
8083483,1,1,1,10,2024,2,46,3.0,600000.0,59172
8048960,1,2,1,10,2024,1,36,5.0,1300000.0,24676
8076495,1,3,1,10,2024,1,25,5.0,300000.0,44009
8043546,1,1,1,10,2024,2,32,8.0,1550000.0,12294
8054047,1,1,1,10,2024,1,50,5.0,1500000.0,36386
8053953,1,1,1,10,2024,2,66,3.0,500000.0,36214
8041416,1,1,1,10,2024,1,30,5.0,1800000.0,7506
8079583,1,1,1,10,2024,1,44,13.0,9300000.0,51007
8079724,1,2,1,10,2024,2,51,5.0,1150000.0,51312
8051044,1,3,1,10,2024,1,50,5.0,1300000.0,29547
8053606,1,5,1,10,2024,1,34,5.0,1500000.0,35512
8044469,1,2,1,10,2024,1,25,5.0,800000.0,14628
8079849,1,1,1,10,2024,2,35,5.0,1900000.0,51741
8044007,1,3,1,10,2024,2,42,12.0,3200000.0,13431
8041519,1,2,1,10,2024,2,44,8.0,2000000.0,7754
8075768,1,2,1,10,2024,1,64,4.0,900000.0,42015
8080614,1,1,1,10,2024,1,60,10.0,5200000.0,53427
8075958,1,2,1,10,2024,2,24,10.0,300000.0,42573
8082770,1,2,1,10,2024,2,51,11.0,8671000.0,57526
8077556,1,1,1,10,2024,1,34,3.0,1500000.0,46465
8078949,1,1,1,10,2024,1,63,3.0,800000.0,49516
8045999,1,1,1,10,2024,1,52,1.0,300000.0,18455
8084331,1,2,1,10,2024,1,49,4.0,1000000.0,60982
8048036,1,1,1,10,2024,1,40,12.0,10000000.0,22891
8054348,1,1,1,10,2024,1,40,10.0,3000000.0,37061
8086569,1,1,1,10,2024,1,41,4.0,2300000.0,64006
8052486,1,2,1,10,2024,1,17,3.0,1000000.0,32901
8045086,1,5,1,10,2024,2,19,10.0,700000.0,16299
8077201,1,2,1,10,2024,1,23,4.0,1400000.0,45710
8054818,1,2,1,10,2024,2,26,5.0,1700000.0,38137
8079740,1,6,1,10,2024,1,29,5.0,1000000.0,51396
8079470,1,1,1,10,2024,2,48,5.0,600000.0,50823
8040127,1,2,1,10,2024,1,30,5.0,1000000.0,4443
8040910,1,1,1,10,2024,1,42,10.0,4000000.0,6333
8053039,1,1,1,10,2024,1,52,5.0,2500000.0,34293
8053358,1,3,1,10,2024,1,46,5.0,1300000.0,34991
8075696,1,1,1,10,2024,2,56,3.0,400000.0,41845
8086579,1,2,1,10,2024,2,57,8.0,720000.0,64042
8039764,1,1,1,10,2024,2,56,10.0,3000000.0,3683
8045025,1,2,1,10,2024,1,19,8.0,1300000.0,16145
8039801,1,1,1,10,2024,1,31,3.0,200000.0,3750
8050534,1,2,1,10,2024,2,36,5.0,350000.0,28239
8049332,1,1,1,10,2024,2,73,3.0,400000.0,25381
8085882,1,2,1,10,2024,2,32,11.0,1300000.0,62992
8080655,1,3,1,10,2024,1,49,10.0,3500000.0,53525
8080683,1,2,1,10,2024,1,39,8.0,1700000.0,53579
8047624,1,1,1,10,2024,2,40,6.0,600000.0,22004
8051070,1,1,1,10,2024,1,21,4.0,900000.0,29604
8048713,1,3,1,10,2024,1,37,9.0,1500000.0,24183
8084224,1,1,1,10,2024,1,32,10.0,4000000.0,60742
8050363,1,2,1,10,2024,2,27,5.0,1300000.0,27769
8041597,1,1,1,10,2024,2,32,5.0,1300000.0,7942
8040932,1,2,1,10,2024,1,30,5.0,500000.0,6386
8052968,1,1,1,10,2024,2,23,5.0,75000.0,34061
8055489,1,1,1,10,2024,1,41,5.0,3000000.0,39447
8076748,1,1,1,10,2024,2,56,9.0,1300000.0,44605
8054171,1,1,1,10,2024,1,38,10.0,2600000.0,36644
8044074,1,1,1,10,2024,2,46,5.0,1300000.0,13596
8055381,1,1,1,10,2024,2,44,5.0,1300000.0,39289
8047862,1,1,1,10,2024,1,45,1.0,600000.0,22568
8056143,1,1,1,10,2024,1,28,5.0,1500000.0,40683
8048827,1,1,1,10,2024,1,51,4.0,610000.0,24376
8044116,1,1,1,10,2024,2,44,3.0,250000.0,13677
8086487,1,5,1,10,2024,1,33,3.0,400000.0,63790
8038292,1,1,1,10,2024,1,46,9.0,2000000.0,285
8042954,1,3,1,10,2024,1,15,4.0,400000.0,10818
8038801,1,1,1,10,2024,1,67,10.0,2000000.0,1527
8042715,1,2,1,10,2024,1,51,5.0,1200000.0,10389
8054530,1,1,1,10,2024,1,54,5.0,1000000.0,37475
8052527,1,1,1,10,2024,1,42,8.0,1800000.0,33010
8045370,1,1,1,10,2024,1,55,5.0,2000000.0,17065
8054055,1,1,1,10,2024,2,59,4.0,1200000.0,36402
8080317,1,1,1,10,2024,1,43,3.0,1300000.0,52842
8040419,1,1,1,10,2024,2,37,6.0,1300000.0,5165
8077749,1,1,1,10,2024,1,70,3.0,400000.0,46878
8086312,1,1,1,10,2024,1,61,9.0,3000000.0,63447
8080869,1,7,1,10,2024,2,19,3.0,850000.0,53921
8050150,1,1,1,10,2024,1,58,3.0,1300000.0,27209
8052317,1,1,1,10,2024,1,75,4.0,0.0,32439
8078116,1,1,1,10,2024,1,39,4.0,800000.0,47668
8077090,1,1,1,10,2024,2,68,3.0,350000.0,45402
8039352,1,1,1,10,2024,1,40,10.0,1650000.0,2907
8053123,1,1,1,10,2024,1,26,5.0,1200000.0,34442
8078198,1,2,1,10,2024,1,56,5.0,900000.0,47854
8044626,1,2,1,10,2024,2,52,10.0,2200000.0,15070
8050828,1,1,1,10,2024,2,46,5.0,800000.0,28946
8044552,1,2,1,10,2024,2,57,3.0,1050000.0,14875
8050979,1,1,1,10,2024,1,40,5.0,1800000.0,29373
8042015,1,1,1,10,2024,2,50,3.0,1440000.0,8879
8081039,1,1,1,10,2024,1,24,10.0,3000000.0,54276
8056302,1,3,1,10,2024,1,26,10.0,3200000.0,41029
8056095,1,1,1,10,2024,1,25,6.0,1600000.0,40586
8049729,1,3,1,10,2024,2,16,5.0,960000.0,26205
8040043,1,2,1,10,2024,2,44,8.0,1250000.0,4249
8055466,1,2,1,10,2024,2,43,10.0,1500000.0,39406
8055086,1,2,1,10,2024,1,30,10.0,1400000.0,38722
8053201,1,2,1,10,2024,2,30,9.0,1300000.0,34593
8083070,1,2,1,10,2024,2,53,6.0,400000.0,58253
8078358,1,1,1,10,2024,1,40,4.0,2400000.0,48270
8080795,1,2,1,10,2024,1,38,3.0,1600000.0,53767
8079158,1,2,1,10,2024,1,48,5.0,700000.0,49991
8041198,1,5,1,10,2024,1,26,5.0,1300000.0,7052
8079304,1,3,1,10,2024,1,31,4.0,480000.0,50449
8043418,1,2,1,10,2024,2,58,5.0,600000.0,11925
8083001,1,3,1,10,2024,1,65,10.0,1800000.0,58082
8050008,1,1,1,10,2024,1,59,3.0,1300000.0,26883
8052996,1,3,1,10,2024,1,51,5.0,1400000.0,34168
8050540,1,1,1,10,2024,1,64,5.0,600000.0,28258
8050778,1,2,1,10,2024,2,29,9.0,750000.0,28808
8055985,1,2,1,10,2024,2,70,11.0,9100000.0,40384
8042445,1,3,1,10,2024,2,25,5.0,1350000.0,9834
8079781,1,1,1,10,2024,1,36,1.0,800000.0,51552
8048100,2,1,2,10,2024,1,44,10.0,1500000.0,23050
8040145,1,1,1,10,2024,1,50,3.0,1000000.0,4492
8054967,1,1,1,10,2024,1,32,5.0,700000.0,38451
8051005,1,1,1,10,2024,2,41,5.0,660000.0,29450
8082898,1,2,1,10,2024,1,21,10.0,1300000.0,57869
8077422,1,1,1,10,2024,2,60,3.0,200000.0,46220
8052080,1,3,1,10,2024,1,62,3.0,900000.0,31797
8038280,1,3,1,10,2024,1,44,3.0,580000.0,253
8084522,1,1,1,10,2024,2,32,9.0,520000.0,61354
8079408,1,1,1,10,2024,1,40,5.0,800000.0,50663
8044530,1,1,1,10,2024,1,70,5.0,700000.0,14807
8043943,1,2,1,10,2024,1,40,5.0,1000000.0,13276
8042905,1,1,1,10,2024,1,29,10.0,2023000.0,10796
8055047,1,1,1,10,2024,2,46,5.0,800000.0,38666
8042091,1,1,1,10,2024,2,34,8.0,300000.0,9005
8076002,1,1,1,10,2024,1,57,1.0,200000.0,42706
8048544,1,1,1,10,2024,2,49,8.0,2700000.0,23896
8049540,1,1,1,10,2024,1,69,4.0,800000.0,25707
8083055,1,1,1,10,2024,2,48,6.0,1400000.0,58220
8080466,1,3,1,10,2024,2,28,8.0,1300000.0,53129
8045702,1,2,1,10,2024,1,23,8.0,2300000.0,17970
8079578,1,1,1,10,2024,2,35,10.0,5000000.0,51003
8038856,1,1,1,10,2024,1,31,11.0,9000000.0,1652
8044724,1,1,1,10,2024,2,61,3.0,250000.0,15325
8053165,1,1,1,10,2024,1,27,5.0,1800000.0,34518
8038704,1,1,1,10,2024,2,48,5.0,1900000.0,1272
8082570,1,2,1,10,2024,2,51,9.0,2000000.0,57011
8048876,1,3,1,10,2024,2,30,10.0,1400000.0,24486
8045341,1,1,1,10,2024,2,53,3.0,1300000.0,16988
8080017,1,2,1,10,2024,2,24,11.0,4400000.0,52068
8075751,1,3,1,10,2024,1,20,3.0,200000.0,41972
8053624,1,1,1,10,2024,1,38,4.0,1600000.0,35559
8040480,1,2,1,10,2024,2,45,10.0,4500000.0,5333
8046317,1,1,1,10,2024,1,44,11.0,3600000.0,19269
8085787,1,1,1,10,2024,1,50,5.0,1700000.0,62867
8079427,1,2,1,10,2024,2,62,1.0,300000.0,50720
8082941,1,1,1,10,2024,2,25,10.0,1300000.0,57950
8079168,1,1,1,10,2024,1,60,1.0,500000.0,50017
8050331,1,1,1,10,2024,1,32,5.0,2000000.0,27642
8055494,1,3,1,10,2024,1,22,5.0,1200000.0,39459
8044151,1,1,1,10,2024,2,59,4.0,1300000.0,13766
8056124,1,1,1,10,2024,1,47,5.0,1400000.0,40648
8039062,1,1,1,10,2024,1,36,10.0,2000000.0,2177
8077017,1,1,1,10,2024,1,56,4.0,1500000.0,45168
8081463,1,2,1,10,2024,1,47,11.0,3000000.0,55198
8049548,1,2,1,10,2024,1,36,5.0,600000.0,25730
8050976,1,2,1,10,2024,1,57,5.0,3000000.0,29364
8078301,1,2,1,10,2024,1,22,8.0,600000.0,48117
8047776,1,1,1,10,2024,2,29,3.0,150000.0,22350
8051654,1,1,1,10,2024,1,41,10.0,1800000.0,30703
8056043,1,1,1,10,2024,2,21,4.0,900000.0,40472
8045982,1,3,1,10,2024,1,21,4.0,450000.0,18413
8082257,1,2,1,10,2024,2,26,4.0,500000.0,56360
8046998,1,2,1,10,2024,2,55,10.0,2200000.0,20809
8048473,1,2,1,10,2024,2,51,9.0,2600000.0,23749
8050322,1,3,1,10,2024,2,18,9.0,400000.0,27612
8041117,1,2,1,10,2024,2,51,8.0,1400000.0,6840
8078219,1,1,1,10,2024,1,37,5.0,1900000.0,47916
8082812,1,1,1,10,2024,2,69,4.0,700000.0,57653
8050729,1,1,1,10,2024,1,26,6.0,1300000.0,28681
8053671,1,1,1,10,2024,1,32,3.0,1300000.0,35652
8054277,1,2,1,10,2024,1,23,5.0,700000.0,36855
8056299,1,2,1,10,2024,2,27,4.0,900000.0,41018
8054499,1,1,1,10,2024,2,36,5.0,1500000.0,37402
8045123,1,1,1,10,2024,2,32,10.0,210000.0,16403
8076075,1,1,1,10,2024,1,31,5.0,1300000.0,42927
8050312,1,1,1,10,2024,2,63,3.0,1000000.0,27576
8045002,1,4,1,10,2024,1,29,9.0,2100000.0,16074
8049860,1,5,1,10,2024,2,46,3.0,1100000.0,26534
8044725,1,1,1,10,2024,2,50,10.0,900000.0,15328
8085697,1,1,1,10,2024,1,70,3.0,600000.0,62657
8077261,1,2,1,10,2024,1,57,1.0,300000.0,45872
8079043,1,1,1,10,2024,1,61,3.0,1000000.0,49750
8054704,1,3,1,10,2024,1,29,5.0,1000000.0,37839
8086490,1,1,1,10,2024,1,43,11.0,6500000.0,63796
8076376,1,1,1,10,2024,1,32,3.0,1380000.0,43700
8052608,1,3,1,10,2024,1,40,4.0,1300000.0,33232
8051730,1,1,1,10,2024,1,40,8.0,4000000.0,30890
8042261,1,1,1,10,2024,1,41,5.0,1000000.0,9448
8080406,1,1,1,10,2024,2,62,11.0,9200000.0,53079
8040118,1,1,1,10,2024,1,81,1.0,100000.0,4425
8083443,1,1,1,10,2024,2,27,5.0,1300000.0,59084
8039317,1,2,1,10,2024,2,50,5.0,100000.0,2867
8043340,1,1,1,10,2024,1,49,9.0,2200000.0,11737
8039971,1,1,1,10,2024,2,42,3.0,550000.0,4099
8039269,1,2,1,10,2024,2,34,10.0,350000.0,2735
8085894,1,2,1,10,2024,2,41,5.0,2600000.0,63013
8038706,1,1,1,10,2024,1,48,10.0,4000000.0,1280
8040424,1,1,1,10,2024,2,56,3.0,600000.0,5178
8079828,1,2,1,10,2024,2,38,8.0,400000.0,51692
8043141,1,1,1,10,2024,1,44,3.0,1400000.0,11248
8084048,1,3,1,10,2024,1,54,10.0,0.0,60359
8082126,1,1,1,10,2024,1,68,3.0,130000.0,56150
8040740,1,1,1,10,2024,1,45,4.0,300000.0,5905
8079298,1,1,1,10,2024,2,56,3.0,350000.0,50423
8082303,1,2,1,10,2024,1,46,4.0,1300000.0,56428
8046472,1,2,1,10,2024,2,60,5.0,1460000.0,19628
8056039,1,1,1,10,2024,2,23,5.0,1800000.0,40469
8046042,1,3,1,10,2024,2,25,6.0,600000.0,18564
8042207,1,1,1,10,2024,1,50,8.0,800000.0,9325
8078194,1,3,1,10,2024,1,32,5.0,0.0,47838
8078690,1,1,1,10,2024,1,42,5.0,1300000.0,48947
8049005,1,1,1,10,2024,1,60,10.0,9000000.0,24745
8038356,1,2,1,10,2024,1,41,3.0,500000.0,453
8044946,1,2,1,10,2024,1,38,3.0,600000.0,15901
8051723,1,1,1,10,2024,1,39,6.0,3000000.0,30875
8040011,1,5,1,10,2024,1,21,5.0,900000.0,4156
8077537,1,2,1,10,2024,1,63,4.0,1700000.0,46425
8049085,1,2,1,10,2024,2,44,8.0,2400000.0,24885
8082350,1,2,1,10,2024,2,25,10.0,600000.0,56537
8045196,1,1,1,10,2024,1,27,10.0,3000000.0,16605
8050066,1,1,1,10,2024,1,60,1.0,1000000.0,27039
8048033,1,2,1,10,2024,1,30,5.0,1400000.0,22888
8079639,1,2,1,10,2024,2,28,12.0,3000000.0,51099
8055871,1,2,1,10,2024,2,59,5.0,3000000.0,40171
8048036,1,2,1,10,2024,2,43,11.0,2500000.0,22892
8055582,1,1,1,10,2024,1,34,5.0,1400000.0,39579
8054107,1,3,1,10,2024,1,37,8.0,1300000.0,36502
8076897,1,1,1,10,2024,1,57,11.0,5000000.0,44921
8043239,1,1,1,10,2024,2,27,5.0,1300000.0,11461
8083313,1,1,1,10,2024,1,36,8.0,1200000.0,58820
8077128,1,2,1,10,2024,2,23,5.0,500000.0,45514
8040207,1,1,1,10,2024,1,46,3.0,1000000.0,4664
8043906,1,2,1,10,2024,1,48,13.0,12000000.0,13188
8075592,1,2,1,10,2024,2,39,5.0,950000.0,41516
8078251,1,3,1,10,2024,2,23,5.0,200000.0,47981
8081268,1,1,1,10,2024,1,69,10.0,1300000.0,54746
8046530,1,2,1,10,2024,1,25,5.0,1350000.0,19797
8040075,1,1,1,10,2024,2,59,11.0,8000000.0,4311
8076584,1,1,1,10,2024,1,67,3.0,500000.0,44204
8051996,1,1,1,10,2024,1,53,4.0,1500000.0,31582
8076931,1,1,1,10,2024,1,63,5.0,2000000.0,44991
8077573,1,1,1,10,2024,1,45,3.0,1600000.0,46517
8079669,1,1,1,10,2024,2,24,8.0,2200000.0,51175
8053123,1,3,1,10,2024,1,22,5.0,1300000.0,34444
8051405,1,1,1,10,2024,2,34,5.0,600000.0,30110
8079311,1,1,1,10,2024,2,63,5.0,200000.0,50463
8077013,1,1,1,10,2024,1,50,3.0,1120000.0,45157
8047766,1,2,1,10,2024,2,56,4.0,800000.0,22327
8053843,1,2,1,10,2024,2,31,5.0,1300000.0,35993
8051611,1,2,1,10,2024,2,52,9.0,2500000.0,30598
8084192,1,1,1,10,2024,2,21,10.0,350000.0,60671
8039931,1,3,1,10,2024,1,65,3.0,600000.0,4025
8084089,1,3,1,10,2024,2,27,9.0,1500000.0,60474
8046675,1,2,1,10,2024,1,55,9.0,1500000.0,20179
8076639,1,2,1,10,2024,1,25,5.0,800000.0,44342
8086068,1,1,1,10,2024,2,25,10.0,1300000.0,63241
8049783,1,3,1,10,2024,2,26,3.0,800000.0,26341
8077490,1,1,1,10,2024,2,60,10.0,6200000.0,46345
8039495,1,1,1,10,2024,2,35,5.0,1300000.0,3163
8043058,1,1,1,10,2024,2,25,10.0,480000.0,11047
8048721,1,1,1,10,2024,2,35,5.0,3700000.0,24213
8048154,1,1,1,10,2024,1,59,4.0,0.0,23196
8080169,1,1,1,10,2024,1,59,10.0,3400000.0,52463
8051685,1,2,1,10,2024,1,23,5.0,1680000.0,30768
8080024,1,3,1,10,2024,1,30,10.0,1500000.0,52082
8080910,1,2,1,10,2024,2,48,9.0,2900000.0,53996
8050778,1,1,1,10,2024,1,29,5.0,450000.0,28807
8081942,1,1,1,10,2024,2,39,5.0,1000000.0,55889
8040834,1,4,1,10,2024,1,49,5.0,1100000.0,6122
8077042,1,2,1,10,2024,1,33,5.0,600000.0,45245
8040389,1,2,1,10,2024,1,49,11.0,5000000.0,5092
8053011,1,2,1,10,2024,2,46,1.0,520000.0,34206
8078851,1,1,1,10,2024,1,64,1.0,900000.0,49290
8076970,1,6,1,10,2024,2,30,5.0,400000.0,45069
8048812,1,1,1,10,2024,2,58,5.0,120000.0,24342
8082926,1,2,1,10,2024,1,30,11.0,2500000.0,57922
8039960,1,2,1,10,2024,1,21,5.0,700000.0,4088
8056253,1,4,1,10,2024,2,26,10.0,2000000.0,40947
8052371,1,4,1,10,2024,2,18,10.0,500000.0,32601
8086816,1,1,1,10,2024,1,73,3.0,1300000.0,64537
8079766,1,1,1,10,2024,2,52,5.0,1400000.0,51501
8044966,1,1,1,10,2024,1,34,10.0,600000.0,15956
8083943,1,5,1,10,2024,1,33,6.0,800000.0,60018
8044119,1,3,1,10,2024,1,29,4.0,2000000.0,13681
8047359,1,1,1,10,2024,2,39,8.0,1000000.0,21511
8050904,1,1,1,10,2024,2,31,5.0,200000.0,29146
8039490,1,1,1,10,2024,2,36,5.0,1300000.0,3151
8054868,1,1,1,10,2024,2,49,9.0,2038000.0,38242
8039985,1,1,1,10,2024,1,70,3.0,3000000.0,4118
8054753,1,1,1,10,2024,1,46,10.0,2600000.0,37973
8041865,1,1,1,10,2024,1,31,9.0,2300000.0,8468
8055066,1,1,1,10,2024,2,73,5.0,100000.0,38704
8047641,1,2,1,10,2024,1,40,5.0,1300000.0,22054
8079064,1,2,1,10,2024,2,38,4.0,1300000.0,49796
8049918,1,2,1,10,2024,2,49,4.0,400000.0,26681
8042860,1,1,1,10,2024,1,44,9.0,2600000.0,10719
8054940,1,2,1,10,2024,2,46,4.0,800000.0,38408
8075588,1,2,1,10,2024,1,24,5.0,2000000.0,41503
8046833,1,1,1,10,2024,1,23,5.0,1000000.0,20546
8044243,1,1,1,10,2024,1,69,1.0,200000.0,13947
8050597,1,1,1,10,2024,1,60,5.0,1300000.0,28397
8040939,1,1,1,10,2024,2,29,8.0,550000.0,6399
8044556,1,1,1,10,2024,2,67,1.0,500000.0,14888
8053632,1,5,1,10,2024,1,23,10.0,1200000.0,35579
8045021,1,2,1,10,2024,1,54,9.0,800000.0,16134
8077194,1,3,1,10,2024,1,23,4.0,500000.0,45694
8047851,1,1,1,10,2024,2,48,3.0,900000.0,22533
8049093,1,1,1,10,2024,2,51,5.0,1300000.0,24905
8080263,1,2,1,10,2024,1,33,4.0,1400000.0,52718
8078613,1,3,1,10,2024,2,19,10.0,160000.0,48803
8044250,1,1,1,10,2024,1,53,3.0,1200000.0,13979
8079712,1,4,1,10,2024,1,27,8.0,300000.0,51269
8043993,1,1,1,10,2024,1,56,10.0,3200000.0,13398
8046840,1,2,1,10,2024,1,40,5.0,800000.0,20555
8051481,1,4,1,10,2024,1,35,5.0,600000.0,30309
8056018,1,1,1,10,2024,1,43,8.0,2600000.0,40434
8048450,1,1,1,10,2024,1,51,5.0,1300000.0,23699
8045495,1,3,1,10,2024,1,20,5.0,400000.0,17434
8054145,1,4,1,10,2024,2,42,8.0,1700000.0,36591
8081122,1,1,1,10,2024,2,28,10.0,4000000.0,54433
8051244,1,1,1,10,2024,2,59,4.0,1650000.0,29665
8044816,1,3,1,10,2024,1,23,5.0,800000.0,15549
8076591,1,1,1,10,2024,1,41,10.0,1300000.0,44218
8056233,1,1,1,10,2024,1,49,5.0,1300000.0,40879
8079716,1,2,1,10,2024,2,23,5.0,400000.0,51286
8056094,1,2,1,10,2024,1,36,10.0,2800000.0,40585
8043137,1,1,1,10,2024,1,51,5.0,2000000.0,11236
8047481,1,3,1,10,2024,2,22,10.0,1460000.0,21693
8042010,1,1,1,10,2024,1,34,10.0,1000000.0,8861
8049693,1,1,1,10,2024,2,44,5.0,400000.0,26089
8081364,1,2,1,10,2024,1,67,10.0,280000.0,54934
8051365,1,3,1,10,2024,1,51,4.0,900000.0,30006
8049691,1,1,1,10,2024,1,65,3.0,400000.0,26086
8055587,1,1,1,10,2024,2,34,10.0,4500000.0,39594
8082891,1,2,1,10,2024,1,55,3.0,2500000.0,57847
8076010,1,1,1,10,2024,1,31,5.0,100000.0,42733
8054180,1,2,1,10,2024,1,58,10.0,2600000.0,36682
8080269,1,2,1,10,2024,1,34,8.0,2100000.0,52738
8042242,1,1,1,10,2024,1,57,5.0,1500000.0,9403
8048886,1,3,1,10,2024,1,21,8.0,1462000.0,24513
8046189,1,4,1,10,2024,2,19,4.0,900000.0,18932
8039928,1,1,1,10,2024,2,33,9.0,1400000.0,4018
8049120,1,3,1,10,2024,2,22,9.0,100000.0,24949
8055221,1,1,1,10,2024,1,26,5.0,900000.0,38997
8083980,1,3,1,10,2024,2,48,3.0,800000.0,60135
8053256,1,1,1,10,2024,2,42,10.0,2000000.0,34724
8084730,1,3,1,10,2024,1,26,10.0,2600000.0,61773
8050121,1,1,1,10,2024,1,45,3.0,1300000.0,27144
8046607,1,2,1,10,2024,1,45,5.0,1500000.0,20037
8082816,1,2,1,10,2024,2,34,11.0,4000000.0,57664
8083312,1,2,1,10,2024,2,35,8.0,1300000.0,58818
8051520,1,2,1,10,2024,1,56,3.0,900000.0,30399
8080918,1,3,1,10,2024,2,30,12.0,2000000.0,54015
8051055,1,1,1,10,2024,1,41,10.0,3000000.0,29577
8038383,1,5,1,10,2024,2,25,5.0,1300000.0,531
8052439,1,2,1,10,2024,2,26,5.0,250000.0,32796
8045412,1,2,1,10,2024,1,30,6.0,900000.0,17189
8049808,1,1,1,10,2024,1,36,3.0,1000000.0,26415
8082517,1,1,1,10,2024,2,50,5.0,800000.0,56884
8082906,1,1,1,10,2024,2,55,8.0,2000000.0,57887
8042154,1,3,1,10,2024,1,36,10.0,1300000.0,9192
8042810,1,2,1,10,2024,1,30,5.0,1500000.0,10605
8042763,1,1,1,10,2024,1,30,8.0,2860000.0,10497
8044622,1,4,1,10,2024,2,19,8.0,1300000.0,15057
8046739,1,1,1,10,2024,1,52,3.0,1300000.0,20328
8078718,1,1,1,10,2024,1,56,3.0,1300000.0,49001
8086100,1,1,1,10,2024,2,33,10.0,4000000.0,63280
8049776,1,4,1,10,2024,1,52,5.0,1300000.0,26324
8082630,1,1,1,10,2024,1,44,4.0,1000000.0,57149
8050875,1,1,1,10,2024,2,28,5.0,1300000.0,29065
8049205,1,1,1,10,2024,1,33,12.0,5000000.0,25105
8075679,1,3,1,10,2024,1,23,4.0,1000000.0,41798
8051978,1,2,1,10,2024,1,51,5.0,900000.0,31553
8041717,1,1,1,10,2024,1,34,5.0,1300000.0,8189
8083706,1,3,1,10,2024,1,23,6.0,1400000.0,59592
8045547,1,3,1,10,2024,1,25,10.0,1300000.0,17569
8085086,1,1,1,10,2024,1,48,5.0,700000.0,62588
8048786,1,1,1,10,2024,2,57,4.0,200000.0,24291
8052993,1,2,1,10,2024,2,42,3.0,400000.0,34159
8086333,1,1,1,10,2024,1,61,9.0,3000000.0,63477
8038677,1,2,1,10,2024,2,62,10.0,500000.0,1170
8078662,1,1,1,10,2024,2,37,3.0,400000.0,48893
8042493,1,1,1,10,2024,1,64,3.0,780000.0,9928
8047972,1,1,1,10,2024,1,24,5.0,1600000.0,22769
8079855,1,4,1,10,2024,1,20,5.0,1300000.0,51753
8053390,1,1,1,10,2024,1,51,5.0,1500000.0,35088
8075980,1,1,1,10,2024,2,44,3.0,730000.0,42651
8080067,1,2,1,10,2024,2,26,5.0,0.0,52175
8053575,1,7,1,10,2024,1,28,4.0,2000000.0,35432
8054521,1,1,1,10,2024,1,57,3.0,1000000.0,37446
8039809,1,3,1,10,2024,2,83,3.0,300000.0,3759
8048285,1,3,1,10,2024,1,19,5.0,800000.0,23436
8051607,1,3,1,10,2024,1,54,5.0,1300000.0,30590
8054319,1,1,1,10,2024,2,39,10.0,8000000.0,36994
8084764,1,1,1,10,2024,1,26,3.0,850000.0,61859
8079975,1,1,1,10,2024,2,52,4.0,740000.0,52007
8056363,1,2,1,10,2024,1,29,3.0,1600000.0,41154
8079585,1,4,1,10,2024,1,32,8.0,1900000.0,51013
8043341,1,1,1,10,2024,2,55,9.0,700000.0,11741
8045247,1,1,1,10,2024,2,26,10.0,1700000.0,16757
8051562,1,1,1,10,2024,1,61,9.0,3000000.0,30485
8051715,1,1,1,10,2024,1,40,6.0,1300000.0,30852
8085721,1,5,1,10,2024,1,69,4.0,500000.0,62703
8041182,1,1,1,10,2024,2,59,3.0,400000.0,7010
8077978,1,2,1,10,2024,1,47,4.0,1584000.0,47361
8038877,1,2,1,10,2024,1,33,8.0,1300000.0,1702
8077906,1,5,1,10,2024,2,93,5.0,2100000.0,47183
8075680,1,2,1,10,2024,1,47,1.0,1000000.0,41802
8052766,1,1,1,10,2024,1,50,3.0,800000.0,33541
8080213,1,3,1,10,2024,2,32,10.0,4000000.0,52579
8049060,1,4,1,10,2024,2,21,6.0,1300000.0,24853
8046857,1,2,1,10,2024,2,46,12.0,8200000.0,20585
8042712,1,1,1,10,2024,1,53,7.0,6000000.0,10380
8039315,1,1,1,10,2024,2,43,9.0,1300000.0,2858
8078802,1,1,1,10,2024,1,53,11.0,8000000.0,49183
8082431,1,1,1,10,2024,1,43,10.0,3800000.0,56700
8084047,1,1,1,10,2024,2,35,5.0,4000000.0,60349
8040217,1,1,1,10,2024,1,37,5.0,1300000.0,4699
8075943,1,1,1,10,2024,1,56,1.0,100000.0,42520
8052236,1,1,1,10,2024,1,36,5.0,1300000.0,32195
8054111,1,5,1,10,2024,2,31,8.0,600000.0,36516
8086087,1,2,1,10,2024,1,25,9.0,800000.0,63251
8081237,1,1,1,10,2024,2,43,6.0,400000.0,54647
8043330,1,2,1,10,2024,2,62,12.0,4700000.0,11697
8078684,1,1,1,10,2024,1,42,10.0,2800000.0,48926
8048322,1,2,1,10,2024,1,36,11.0,2000000.0,23514
8043445,1,2,1,10,2024,1,46,3.0,1300000.0,11991
8051669,1,1,1,10,2024,1,48,10.0,6000000.0,30738
8047280,1,1,1,10,2024,2,41,4.0,400000.0,21350
8039460,1,4,1,10,2024,1,33,10.0,2000000.0,3094
8049374,1,1,1,10,2024,1,48,4.0,3000000.0,25461
8081599,1,1,1,10,2024,2,40,3.0,1000000.0,55460
8075914,1,1,1,10,2024,1,55,4.0,900000.0,42419
8041566,1,2,1,10,2024,1,26,8.0,1300000.0,7866
8082623,1,1,1,10,2024,1,37,5.0,2000000.0,57124
8038696,1,2,1,10,2024,1,42,5.0,1300000.0,1257
8080784,1,1,1,10,2024,1,42,8.0,400000.0,53747
8078030,1,1,1,10,2024,1,42,5.0,200000.0,47496
8075634,1,1,1,10,2024,2,70,3.0,140000.0,41654
8044694,1,1,1,10,2024,1,35,10.0,4000000.0,15255
8040056,1,2,1,10,2024,2,24,5.0,1300000.0,4283
8047990,1,2,1,10,2024,2,52,3.0,180000.0,22807
8082521,1,1,1,10,2024,1,49,9.0,2200000.0,56894
8045801,1,1,1,10,2024,1,53,11.0,3500000.0,18208
8079153,1,1,1,10,2024,2,58,5.0,120000.0,49973
8045704,1,2,1,10,2024,2,40,3.0,1000000.0,17976
8049897,1,1,1,10,2024,1,41,3.0,700000.0,26634
8076793,1,1,1,10,2024,1,53,3.0,1300000.0,44709
8047564,1,2,1,10,2024,1,64,3.0,650000.0,21857
8079406,1,1,1,10,2024,1,47,4.0,1400000.0,50658
8051601,1,1,1,10,2024,1,57,3.0,900000.0,30572
8040010,1,1,1,10,2024,1,28,4.0,1000000.0,4150
8044446,1,4,1,10,2024,2,23,5.0,1300000.0,14569
8050537,1,1,1,10,2024,2,40,12.0,4200000.0,28247
8081247,1,1,1,10,2024,1,31,5.0,900000.0,54685
8045276,1,1,1,10,2024,2,53,10.0,3000000.0,16824
8056433,1,1,1,10,2024,1,40,9.0,3000000.0,41343
8051698,1,3,1,10,2024,1,30,6.0,600000.0,30809
8039687,1,3,1,10,2024,2,17,8.0,1500000.0,3521
8044281,1,2,1,10,2024,1,35,4.0,200000.0,14103
8043138,1,1,1,10,2024,2,36,9.0,2000000.0,11240
8041374,1,1,1,10,2024,1,57,1.0,1300000.0,7404
8044860,1,1,1,10,2024,2,54,10.0,2000000.0,15683
8078534,1,1,1,10,2024,1,83,3.0,50000.0,48617
8080882,1,2,1,10,2024,1,24,10.0,1300000.0,53945
8078635,1,2,1,10,2024,2,63,3.0,1850000.0,48839
8054506,1,2,1,10,2024,2,36,3.0,1000000.0,37417
8052831,1,1,1,10,2024,1,33,3.0,1500000.0,33708
8079141,1,1,1,10,2024,1,44,10.0,6000000.0,49936
8085794,1,1,1,10,2024,2,35,5.0,1300000.0,62883
8050768,1,1,1,10,2024,2,26,11.0,1400000.0,28786
8049749,1,1,1,10,2024,2,32,3.0,1260000.0,26261
8055619,1,1,1,10,2024,2,33,3.0,300000.0,39638
8043464,1,1,1,10,2024,2,64,4.0,101500.0,12038
8080158,1,2,1,10,2024,1,26,4.0,1300000.0,52445
8046883,1,1,1,10,2024,1,43,11.0,2000000.0,20648
8040858,1,2,1,10,2024,1,62,3.0,2000000.0,6214
8078430,1,1,1,10,2024,2,54,3.0,850000.0,48383
8053352,1,1,1,10,2024,2,44,5.0,1465000.0,34960
8079767,1,1,1,10,2024,2,64,3.0,650000.0,51505
8048711,1,4,1,10,2024,1,44,5.0,1800000.0,24176
8039436,1,1,1,10,2024,2,39,10.0,2200000.0,3041
8076472,1,2,1,10,2024,1,64,3.0,180000.0,43942
8046092,1,1,1,10,2024,2,50,5.0,1300000.0,18699
8048886,1,2,1,10,2024,2,39,4.0,1300000.0,24512
8047225,1,1,1,10,2024,2,38,5.0,800000.0,21232
8043586,1,1,1,10,2024,2,47,11.0,6000000.0,12378
8047613,1,1,1,10,2024,2,48,5.0,300000.0,21978
8045785,1,1,1,10,2024,2,47,3.0,500000.0,18173
8052922,1,1,1,10,2024,2,32,5.0,1020000.0,33918
8054920,1,1,1,10,2024,2,42,11.0,7600000.0,38365
8075978,1,2,1,10,2024,2,26,8.0,2000000.0,42640
8078960,1,2,1,10,2024,2,22,5.0,750000.0,49550
8079738,1,4,1,10,2024,2,36,9.0,1700000.0,51384
8077506,1,2,1,10,2024,2,21,5.0,1300000.0,46352
8042721,1,1,1,10,2024,2,46,3.0,800000.0,10408
8049390,1,3,1,10,2024,1,38,10.0,1800000.0,25493
8044962,1,2,1,10,2024,2,53,10.0,200000.0,15948
8044090,1,1,1,10,2024,1,54,12.0,4800000.0,13637
8047854,1,1,1,10,2024,1,34,10.0,5000000.0,22537
8078173,1,1,1,10,2024,2,45,10.0,2600000.0,47799
8054315,1,1,1,10,2024,2,45,5.0,1400000.0,36977
8078816,1,1,1,10,2024,1,67,3.0,1250000.0,49215
8084093,1,2,1,10,2024,2,26,5.0,800000.0,60483
8079268,1,1,1,10,2024,1,54,5.0,300000.0,50330
8084304,1,1,1,10,2024,2,32,8.0,1700000.0,60914
8076855,1,1,1,10,2024,2,26,5.0,550000.0,44834
8082100,1,1,1,10,2024,2,65,5.0,1300000.0,56102
8046515,1,2,1,10,2024,1,46,5.0,1300000.0,19746
8054607,1,1,1,10,2024,1,50,6.0,2000000.0,37609
8079502,1,1,1,10,2024,1,60,5.0,1200000.0,50877
8043322,1,1,1,10,2024,1,26,5.0,2000000.0,11672
8075638,1,8,1,10,2024,1,49,1.0,1150000.0,41686
8050045,1,8,1,10,2024,1,15,4.0,300000.0,26989
8055122,1,2,1,10,2024,1,37,10.0,1300000.0,38734
8042770,1,1,1,10,2024,2,33,5.0,1100000.0,10510
8038306,1,1,1,10,2024,2,43,5.0,1300000.0,322
8082320,1,5,1,10,2024,1,26,4.0,1400000.0,56465
8046469,1,6,1,10,2024,2,70,10.0,80000.0,19624
8046034,1,4,1,10,2024,2,24,5.0,600000.0,18545
8045142,1,1,1,10,2024,2,42,4.0,500000.0,16449
8046027,1,1,1,10,2024,2,70,3.0,300000.0,18530
8053362,1,2,1,10,2024,1,28,10.0,10000000.0,35004
8048221,1,1,1,10,2024,1,42,6.0,1800000.0,23277
8052786,1,1,1,10,2024,1,26,5.0,1300000.0,33591
8045766,1,1,1,10,2024,1,48,5.0,2100000.0,18129
8079436,1,1,1,10,2024,1,25,4.0,350000.0,50743
8043924,1,2,1,10,2024,2,31,10.0,2431000.0,13233
8075985,1,2,1,10,2024,2,57,8.0,2000000.0,42663
8085767,1,2,1,10,2024,2,55,3.0,240000.0,62811
8077904,1,3,1,10,2024,1,15,4.0,400000.0,47178
8086395,1,1,1,10,2024,1,61,9.0,3000000.0,63597
8040859,1,2,1,10,2024,1,38,4.0,200000.0,6216
8051840,1,2,1,10,2024,2,33,10.0,800000.0,31217
8043788,1,2,1,10,2024,1,42,4.0,1200000.0,12910
8038283,1,2,1,10,2024,2,47,5.0,1650000.0,258
8043783,1,4,1,10,2024,1,28,4.0,1100000.0,12893
8075878,1,1,1,10,2024,1,56,5.0,2400000.0,42315
8044991,1,2,1,10,2024,1,49,5.0,1300000.0,16033
8079776,1,2,1,10,2024,2,42,8.0,1350000.0,51533
8046250,1,2,1,10,2024,1,31,5.0,1150000.0,19048
8042400,1,1,1,10,2024,2,66,3.0,90000.0,9727
8086335,1,1,1,10,2024,1,61,9.0,3000000.0,63481
8078583,1,3,1,10,2024,1,36,3.0,800000.0,48734
8045962,1,3,1,10,2024,1,15,4.0,600000.0,18351
8039221,1,2,1,10,2024,2,52,6.0,800000.0,2621
8039497,1,2,1,10,2024,2,42,5.0,1300000.0,3171
8081255,1,2,1,10,2024,1,38,10.0,2400000.0,54714
8054330,1,1,1,10,2024,1,23,10.0,1660000.0,37024
8050546,1,2,1,10,2024,1,29,5.0,1600000.0,28273
8079376,1,2,1,10,2024,1,67,4.0,200000.0,50597
8083712,1,2,1,10,2024,1,40,5.0,2200000.0,59599
8042211,1,3,1,10,2024,1,37,10.0,2000000.0,9333
8043811,1,1,1,10,2024,2,51,13.0,3997000.0,12968
8041596,1,1,1,10,2024,1,31,5.0,1500000.0,7938
8046632,1,2,1,10,2024,1,34,8.0,1300000.0,20088
8039911,1,2,1,10,2024,1,33,5.0,700000.0,3970
8041580,1,1,1,10,2024,1,68,3.0,1300000.0,7904
8041509,1,2,1,10,2024,1,26,10.0,3700000.0,7729
8046518,1,1,1,10,2024,1,44,12.0,4000000.0,19749
8045383,1,1,1,10,2024,1,22,9.0,1300000.0,17098
8056078,1,2,1,10,2024,2,38,8.0,1500000.0,40548
8045050,1,1,1,10,2024,1,29,5.0,1300000.0,16201
8083815,1,5,1,10,2024,1,33,5.0,1850000.0,59803
8077673,1,3,1,10,2024,1,41,5.0,1300000.0,46711
8054775,1,1,1,10,2024,2,53,6.0,1800000.0,38044
8046748,1,1,1,10,2024,1,50,11.0,7500000.0,20348
8042664,1,2,1,10,2024,2,36,5.0,1200000.0,10254
8079990,1,2,1,10,2024,2,45,10.0,1780000.0,52031
8043310,1,1,1,10,2024,1,41,5.0,960000.0,11642
8075680,1,1,1,10,2024,2,65,1.0,800000.0,41801
8045077,1,1,1,10,2024,1,38,4.0,1400000.0,16268
8045581,1,1,1,10,2024,2,27,10.0,3900000.0,17668
8079680,1,1,1,10,2024,1,77,3.0,300000.0,51204
8055955,1,2,1,10,2024,1,29,5.0,1200000.0,40329
8051554,1,1,1,10,2024,1,61,9.0,3000000.0,30469
8079024,1,1,1,10,2024,1,58,3.0,2400000.0,49694
8082780,1,1,1,10,2024,1,30,5.0,1300000.0,57555
8075611,1,3,1,10,2024,1,47,6.0,700000.0,41595
8076736,1,2,1,10,2024,2,49,9.0,1792000.0,44573
8051476,1,1,1,10,2024,1,42,4.0,1300000.0,30288
8048899,1,1,1,10,2024,2,69,3.0,1400000.0,24550
8041813,1,1,1,10,2024,2,59,3.0,150000.0,8326
8084106,1,3,1,10,2024,1,24,4.0,1800000.0,60515
8049139,1,2,1,10,2024,1,27,5.0,1000000.0,24995
8055822,1,1,1,10,2024,1,53,1.0,600000.0,40056
8078190,1,2,1,10,2024,1,38,10.0,2000000.0,47827
8075873,1,1,1,10,2024,1,39,5.0,1050000.0,42302
8039831,1,1,1,10,2024,1,45,3.0,1650000.0,3800
8078018,1,1,1,10,2024,2,54,1.0,360000.0,47473
8049039,1,1,1,10,2024,2,61,4.0,950000.0,24802
8086516,1,3,1,10,2024,1,24,5.0,1200000.0,63859
8049108,1,1,1,10,2024,2,37,6.0,1855000.0,24930
8046072,1,3,1,10,2024,2,27,10.0,1300000.0,18647
8046705,1,1,1,10,2024,1,27,10.0,3000000.0,20249
8076622,1,1,1,10,2024,2,48,3.0,1870000.0,44295
8083066,1,1,1,10,2024,1,39,5.0,1300000.0,58242
8056218,1,2,1,10,2024,1,31,5.0,1300000.0,40841
8053063,1,2,1,10,2024,2,34,9.0,2000000.0,34335
8041916,1,1,1,10,2024,2,46,5.0,1500000.0,8597
8049237,1,1,1,10,2024,2,42,5.0,900000.0,25167
8052943,1,1,1,10,2024,1,37,5.0,1300000.0,33986
8045515,1,1,1,10,2024,1,31,8.0,1300000.0,17497
8078032,1,1,1,10,2024,1,64,12.0,3600000.0,47501
8045038,1,3,1,10,2024,1,53,5.0,1500000.0,16172
8053700,1,3,1,10,2024,1,18,5.0,1300000.0,35744
8048966,1,2,1,10,2024,1,29,5.0,1300000.0,24693
8077301,1,1,1,10,2024,1,73,1.0,250000.0,45946
8041201,1,2,1,10,2024,2,31,10.0,2400000.0,7060
8048345,1,1,1,10,2024,1,21,4.0,1000000.0,23545
8041451,1,1,1,10,2024,1,46,10.0,4000000.0,7591
8046314,1,2,1,10,2024,2,54,5.0,400000.0,19263
8076158,1,1,1,10,2024,2,50,3.0,600000.0,43164
8048435,1,1,1,10,2024,1,40,10.0,1300000.0,23676
8050451,1,3,1,10,2024,1,40,10.0,3000000.0,27965
8044431,1,1,1,10,2024,2,55,4.0,200000.0,14532
8042396,1,1,1,10,2024,1,62,10.0,2000000.0,9715
8052219,1,1,1,10,2024,2,50,1.0,400000.0,32140
8044265,1,1,1,10,2024,1,43,5.0,700000.0,14041
8082666,1,1,1,10,2024,1,46,5.0,1032000.0,57273
8047438,1,2,1,10,2024,2,54,10.0,3500000.0,21625
8076929,1,1,1,10,2024,2,30,10.0,1530000.0,44984
8053909,1,1,1,10,2024,2,39,11.0,6000000.0,36117
8050690,1,1,1,10,2024,2,27,8.0,1350000.0,28598
8045719,1,1,1,10,2024,1,57,3.0,1000000.0,18014
8049788,1,1,1,10,2024,2,71,3.0,800000.0,26369
8076850,1,2,1,10,2024,2,32,10.0,3800000.0,44825
8044164,1,2,1,10,2024,2,50,5.0,1400000.0,13800
8040425,1,1,1,10,2024,1,31,5.0,1800000.0,5181
8041635,1,2,1,10,2024,2,29,8.0,2300000.0,8029
8055207,1,1,1,10,2024,2,60,3.0,26000.0,38938
8043877,1,2,1,10,2024,2,43,10.0,1300000.0,13119
8040938,1,1,1,10,2024,2,55,11.0,6259983.0,6398
8052734,1,1,1,10,2024,1,51,3.0,142000.0,33461
8050874,1,2,1,10,2024,2,24,5.0,1300000.0,29064
8051412,1,4,1,10,2024,1,51,10.0,1800000.0,30131
8044309,1,3,1,10,2024,1,39,10.0,8500000.0,14197
8042587,1,2,1,10,2024,2,49,6.0,685000.0,10103
8051972,1,1,1,10,2024,2,61,5.0,1300000.0,31539
8044614,1,1,1,10,2024,2,38,5.0,1400000.0,15036
8045422,1,1,1,10,2024,1,40,10.0,2000000.0,17215
8080319,1,3,1,10,2024,1,63,10.0,300000.0,52848
8054525,1,2,1,10,2024,1,62,5.0,1300000.0,37467
8044379,1,1,1,10,2024,1,33,10.0,4000000.0,14385
8040591,1,1,1,10,2024,1,45,5.0,1300000.0,5609
8075905,1,1,1,10,2024,1,52,3.0,330000.0,42391
8042650,1,1,1,10,2024,2,63,3.0,400000.0,10226
8047936,1,4,1,10,2024,2,23,10.0,1300000.0,22714
8084159,1,4,1,10,2024,1,38,3.0,600000.0,60567
8054388,1,1,1,10,2024,1,66,3.0,900000.0,37145
8041078,1,1,1,10,2024,1,31,10.0,3100000.0,6732
8078524,1,1,1,10,2024,1,51,3.0,1750000.0,48595
8053876,1,2,1,10,2024,1,63,5.0,1500000.0,36065
8038684,1,1,1,10,2024,1,30,5.0,1800000.0,1205
8050500,1,2,1,10,2024,2,29,9.0,2400000.0,28129
8084389,1,3,1,10,2024,2,31,10.0,1080000.0,61112
8084571,1,3,1,10,2024,1,29,9.0,1200000.0,61463
8047186,1,1,1,10,2024,1,49,8.0,1600000.0,21135
8048462,1,1,1,10,2024,2,36,5.0,1462500.0,23726
8044246,1,5,1,10,2024,1,39,4.0,750000.0,13965
8054621,1,1,1,10,2024,1,34,5.0,1500000.0,37651
8044566,1,1,1,10,2024,2,38,11.0,10000000.0,14908
8042283,1,2,1,10,2024,2,58,8.0,2000000.0,9482
8083730,1,2,1,10,2024,1,30,5.0,1300000.0,59640
8046584,1,1,1,10,2024,1,58,11.0,6000000.0,19967
8084974,1,4,1,10,2024,1,42,5.0,1500000.0,62345
8043478,1,2,1,10,2024,2,50,10.0,3500000.0,12083
8082189,1,2,1,10,2024,1,65,3.0,200000.0,56265
8055687,1,1,1,10,2024,1,55,8.0,1300000.0,39815
8082702,1,2,1,10,2024,1,26,10.0,3000000.0,57360
8051500,1,2,1,10,2024,2,65,5.0,2700000.0,30355
8077119,1,1,1,10,2024,1,48,3.0,900000.0,45484
8042518,1,1,1,10,2024,1,43,5.0,1000000.0,9986
8054494,1,1,1,10,2024,2,33,10.0,5000000.0,37395
8047717,1,2,1,10,2024,2,37,10.0,3800000.0,22200
8049129,1,1,1,10,2024,2,41,5.0,880000.0,24972
8040040,1,1,1,10,2024,1,61,8.0,1300000.0,4240
8045293,1,2,1,10,2024,2,35,5.0,1300000.0,16863
8041423,1,1,1,10,2024,1,44,4.0,800000.0,7521
8045071,1,1,1,10,2024,2,38,5.0,600000.0,16255
8082509,1,2,1,10,2024,2,44,10.0,2300000.0,56867
8084085,1,1,1,10,2024,1,35,8.0,1300000.0,60465
8039123,1,7,1,10,2024,1,27,5.0,1000000.0,2371
8041193,1,1,1,10,2024,2,64,6.0,500000.0,7035
8038324,1,1,1,10,2024,1,60,10.0,5300000.0,372
8083981,1,2,1,10,2024,1,24,5.0,2000000.0,60138
8048954,1,1,1,10,2024,2,29,6.0,1300000.0,24661
8078630,1,1,1,10,2024,1,51,9.0,2600000.0,48830
8086655,1,1,1,10,2024,1,57,12.0,7000000.0,64245
8055195,1,1,1,10,2024,1,55,9.0,2600000.0,38911
8044959,1,1,1,10,2024,2,47,8.0,700000.0,15939
8076748,1,2,1,10,2024,1,21,10.0,2520000.0,44606
8041686,1,2,1,10,2024,2,39,10.0,1500000.0,8136
8048096,1,1,1,10,2024,2,67,10.0,3000000.0,23036
8084392,1,1,1,10,2024,2,70,3.0,600000.0,61122
8050055,1,1,1,10,2024,1,33,5.0,1500000.0,27016
8084064,1,1,1,10,2024,1,54,10.0,780000.0,60404
8085728,1,5,1,10,2024,2,25,5.0,1300000.0,62727
8050642,1,1,1,10,2024,1,71,8.0,1500000.0,28499
8084159,1,3,1,10,2024,1,39,3.0,700000.0,60566
8083227,1,1,1,10,2024,1,47,5.0,1500000.0,58606
8053191,1,2,1,10,2024,2,40,5.0,1438000.0,34574
8039428,1,2,1,10,2024,2,36,5.0,1400000.0,3025
8077155,1,3,1,10,2024,2,15,5.0,400000.0,45584
8050013,1,1,1,10,2024,1,24,3.0,1500000.0,26897
8076187,1,7,1,10,2024,1,42,5.0,400000.0,43278
8052270,1,2,1,10,2024,1,64,3.0,600000.0,32294
8076051,1,1,1,10,2024,2,20,4.0,1300000.0,42855
8042551,1,1,1,10,2024,2,49,3.0,600000.0,10051
8046643,1,2,1,10,2024,1,30,9.0,1900000.0,20108
8050049,1,1,1,10,2024,1,47,1.0,500000.0,26998
8081014,1,7,1,10,2024,2,34,5.0,600000.0,54225
8079776,1,1,1,10,2024,1,41,5.0,2300000.0,51532
8048713,1,2,1,10,2024,1,60,4.0,1500000.0,24182
8046274,1,5,1,10,2024,2,40,3.0,2050000.0,19122
8050643,1,2,1,10,2024,1,31,10.0,1400000.0,28502
8050315,1,1,1,10,2024,2,19,5.0,1300000.0,27585
8076611,1,1,1,10,2024,2,74,4.0,1800000.0,44278
8086663,1,1,1,10,2024,1,28,3.0,750000.0,64275
8050629,1,1,1,10,2024,2,57,5.0,1450000.0,28467
8050564,1,1,1,10,2024,1,46,12.0,3900000.0,28327
8046303,1,1,1,10,2024,1,39,4.0,1300000.0,19231
8078165,1,2,1,10,2024,2,34,8.0,1300000.0,47779
8086632,1,2,1,10,2024,1,38,5.0,2000000.0,64177
8075624,1,1,1,10,2024,2,37,5.0,800000.0,41624
8044696,1,1,1,10,2024,2,35,5.0,100000.0,15257
8055310,1,3,1,10,2024,1,32,4.0,1300000.0,39143
8052365,1,2,1,10,2024,1,40,4.0,1300000.0,32581
8045023,1,2,1,10,2024,1,58,3.0,1600000.0,16139
8040724,1,2,1,10,2024,1,60,8.0,850000.0,5868
8046640,1,2,1,10,2024,1,27,6.0,1300000.0,20106
8054274,1,2,1,10,2024,1,32,8.0,1600000.0,36847
8051319,1,1,1,10,2024,1,41,6.0,1000000.0,29874
8053206,1,2,1,10,2024,2,34,9.0,900000.0,34604
8044518,1,2,1,10,2024,2,21,4.0,720000.0,14768
8052491,1,1,1,10,2024,1,40,5.0,1200000.0,32913
8045486,1,1,1,10,2024,1,62,8.0,700000.0,17409
8055544,1,1,1,10,2024,1,39,5.0,2000000.0,39529
8077682,1,1,1,10,2024,2,61,11.0,3600000.0,46741
8053998,1,2,1,10,2024,2,20,8.0,1300000.0,36300
8082726,1,1,1,10,2024,1,39,3.0,1300000.0,57419
8054295,1,2,1,10,2024,2,40,10.0,1300000.0,36918
8083059,1,1,1,10,2024,2,44,4.0,100000.0,58226
8039458,1,1,1,10,2024,2,44,5.0,944000.0,3086
8046997,1,1,1,10,2024,1,51,5.0,1000000.0,20806
8049626,1,1,1,10,2024,1,57,3.0,2046000.0,25935
8084010,1,1,1,10,2024,2,55,4.0,1300000.0,60221
8045068,1,1,1,10,2024,2,58,4.0,1300000.0,16246
8083484,1,1,1,10,2024,2,62,3.0,300000.0,59174
8041620,1,2,1,10,2024,2,21,8.0,1700000.0,7986
8052844,1,2,1,10,2024,2,40,3.0,1240000.0,33741
8078550,1,1,1,10,2024,1,65,3.0,1600000.0,48652
8043169,1,2,1,10,2024,1,30,5.0,2000000.0,11326
8053294,1,1,1,10,2024,1,56,5.0,1350000.0,34803
8043719,1,1,1,10,2024,2,43,5.0,1000000.0,12710
8046552,1,2,1,10,2024,1,29,10.0,1300000.0,19859
8056144,1,1,1,10,2024,2,36,8.0,1700000.0,40686
8044164,1,1,1,10,2024,1,45,8.0,1700000.0,13799
8044328,1,3,1,10,2024,1,19,4.0,1300000.0,14256
8081285,1,5,1,10,2024,1,28,5.0,1000000.0,54792
8039428,1,1,1,10,2024,1,56,4.0,2200000.0,3024
8079806,1,2,1,10,2024,2,48,10.0,2600000.0,51605
8043122,1,2,1,10,2024,2,54,6.0,1400000.0,11195
8084374,1,3,1,10,2024,2,27,10.0,3500000.0,61076
8080959,1,1,1,10,2024,2,42,5.0,1800000.0,54114
8080044,1,1,1,10,2024,2,37,3.0,1300000.0,52128
8086819,1,2,1,10,2024,1,60,1.0,500000.0,64548
8041229,2,1,2,10,2024,1,55,1.0,500000.0,7126
8053789,1,2,1,10,2024,2,47,12.0,3800000.0,35883
8076058,1,1,1,10,2024,1,31,5.0,800000.0,42878
8052776,1,2,1,10,2024,2,33,5.0,1300000.0,33566
8038375,1,2,1,10,2024,1,35,10.0,2000000.0,510
8076139,1,1,1,10,2024,2,49,8.0,200000.0,43116
8051047,1,1,1,10,2024,1,24,4.0,1300000.0,29556
8044364,1,1,1,10,2024,2,49,10.0,2000000.0,14358
8040718,1,2,1,10,2024,1,22,5.0,1300000.0,5851
8075612,1,4,1,10,2024,1,54,3.0,800000.0,41599
8047060,1,3,1,10,2024,2,19,6.0,1300000.0,20912
8079684,1,1,1,10,2024,1,61,3.0,1800000.0,51217
8039208,1,1,1,10,2024,1,23,5.0,1300000.0,2585
8043418,1,1,1,10,2024,1,60,5.0,1000000.0,11924
8075630,1,1,1,10,2024,2,43,4.0,300000.0,41645
8079472,1,3,1,10,2024,1,28,5.0,1000000.0,50827
8053266,1,1,1,10,2024,2,23,5.0,3000000.0,34748
8082358,1,3,1,10,2024,1,33,5.0,800000.0,56551
8044439,1,2,1,10,2024,2,68,4.0,300000.0,14550
8038495,1,2,1,10,2024,2,55,5.0,330000.0,758
8053111,1,4,1,10,2024,2,60,3.0,2000000.0,34429
8044107,1,1,1,10,2024,2,28,8.0,1350000.0,13663
8084072,1,1,1,10,2024,1,57,5.0,2000000.0,60436
8047438,1,1,1,10,2024,1,49,9.0,600000.0,21624
8055858,1,2,1,10,2024,1,67,3.0,1600000.0,40131
8082004,1,1,1,10,2024,1,18,4.0,1600000.0,55971
8078576,2,1,2,10,2024,1,21,4.0,1200000.0,48715
8039920,1,1,1,10,2024,1,58,8.0,1300000.0,3996
8053057,1,2,1,10,2024,1,37,5.0,1300000.0,34321
8040888,1,2,1,10,2024,2,45,8.0,500000.0,6282
8042120,1,6,1,10,2024,1,31,4.0,1100000.0,9080
8086545,1,1,1,10,2024,2,36,5.0,1300000.0,63936
8046754,1,1,1,10,2024,2,53,3.0,300000.0,20364
8051425,1,4,1,10,2024,2,21,6.0,1300000.0,30170
8081256,1,1,1,10,2024,1,51,3.0,500000.0,54716
8084503,1,1,1,10,2024,1,39,4.0,1724000.0,61319
8083432,1,3,1,10,2024,2,64,12.0,2500000.0,59059
8042016,1,1,1,10,2024,2,18,10.0,1230000.0,8884
8041957,1,1,1,10,2024,1,48,10.0,3465000.0,8722
8076110,1,2,1,10,2024,1,70,4.0,360000.0,43029
8047297,1,2,1,10,2024,2,34,5.0,3000000.0,21376
8041624,1,3,1,10,2024,1,27,10.0,1400000.0,7994
8083975,1,1,1,10,2024,1,59,5.0,1300000.0,60120
8086762,1,1,1,10,2024,2,23,5.0,1300000.0,64445
8079059,1,1,1,10,2024,2,35,8.0,2000000.0,49784
8046342,1,2,1,10,2024,2,38,11.0,18000000.0,19334
8051399,1,1,1,10,2024,2,54,3.0,120000.0,30093
8047228,1,1,1,10,2024,2,27,5.0,1450000.0,21238
8047972,1,2,1,10,2024,2,21,5.0,1300000.0,22770
8046693,1,3,1,10,2024,1,27,5.0,600000.0,20211
8047981,1,2,1,10,2024,2,46,3.0,400000.0,22787
8076577,1,1,1,10,2024,1,32,8.0,1300000.0,44184
8046258,1,2,1,10,2024,1,65,4.0,500000.0,19071
8044083,1,2,1,10,2024,2,53,5.0,1400000.0,13617
8081001,1,4,1,10,2024,1,18,5.0,600000.0,54192
8079546,1,1,1,10,2024,2,56,3.0,500000.0,50963
8042551,1,2,1,10,2024,1,29,5.0,1500000.0,10052
8049556,1,1,1,10,2024,2,42,5.0,160000.0,25750
8048595,1,5,1,10,2024,2,56,3.0,480000.0,23976
8041477,1,1,1,10,2024,1,29,3.0,1300000.0,7659
8046046,1,1,1,10,2024,2,42,3.0,200000.0,18574
8052045,1,1,1,10,2024,2,26,9.0,600000.0,31697
8079104,1,4,1,10,2024,2,22,8.0,1100000.0,49874
8076027,1,1,1,10,2024,1,68,1.0,150000.0,42786
8051993,1,1,1,10,2024,1,33,5.0,1860000.0,31578
8048540,1,1,1,10,2024,2,43,3.0,880000.0,23891
8052569,1,1,1,10,2024,1,18,5.0,1300000.0,33121
8048020,1,1,1,10,2024,1,52,9.0,3700000.0,22872
8049714,1,1,1,10,2024,1,39,6.0,1200000.0,26158
8053980,1,2,1,10,2024,2,41,11.0,8800000.0,36265
8080614,1,2,1,10,2024,2,46,10.0,1500000.0,53428
8041533,1,4,1,10,2024,2,19,5.0,1800000.0,7802
8040325,1,1,1,10,2024,2,20,9.0,1300000.0,4957
8045463,1,1,1,10,2024,2,18,3.0,820000.0,17344
8038757,1,1,1,10,2024,1,23,5.0,1100000.0,1422
8049560,1,2,1,10,2024,1,45,3.0,480000.0,25764
8039097,1,4,1,10,2024,1,24,10.0,1800000.0,2290
8046878,1,1,1,10,2024,1,53,3.0,2000000.0,20632
8048555,1,3,1,10,2024,1,31,10.0,1800000.0,23929
8077631,1,1,1,10,2024,2,20,4.0,1110000.0,46628
8051869,1,2,1,10,2024,1,35,9.0,4045000.0,31292
8086629,1,2,1,10,2024,1,76,13.0,3000000.0,64169
8044244,1,4,1,10,2024,2,22,5.0,120000.0,13957
8039849,1,1,1,10,2024,2,28,10.0,2200000.0,3832
8084869,1,1,1,10,2024,1,32,5.0,1500000.0,62091
8076992,1,1,1,10,2024,2,44,5.0,500000.0,45117
8077578,1,3,1,10,2024,1,24,4.0,600000.0,46529
8052814,1,4,1,10,2024,1,26,6.0,1300000.0,33655
8080173,1,1,1,10,2024,1,30,5.0,900000.0,52476
8056165,1,3,1,10,2024,2,29,5.0,1300000.0,40738
8045478,1,2,1,10,2024,2,52,8.0,1650000.0,17390
8076406,1,1,1,10,2024,1,40,5.0,1300000.0,43776
8083439,1,1,1,10,2024,1,33,4.0,1000000.0,59075
8080533,1,2,1,10,2024,2,32,10.0,2500000.0,53259
8055783,1,1,1,10,2024,2,60,5.0,300000.0,39957
8082464,1,3,1,10,2024,1,37,4.0,480000.0,56762
8045388,1,2,1,10,2024,2,40,5.0,1000000.0,17112
8056078,1,4,1,10,2024,1,19,6.0,1300000.0,40550
8055754,1,1,1,10,2024,1,59,11.0,8266666.0,39889
8045561,1,2,1,10,2024,1,58,3.0,1200000.0,17609
8078927,1,1,1,10,2024,1,22,3.0,500000.0,49463
8049047,1,1,1,10,2024,2,47,3.0,1330000.0,24819
8043150,1,1,1,10,2024,1,40,12.0,5960985.0,11270
8053660,1,1,1,10,2024,1,37,10.0,1300000.0,35627
8050203,1,1,1,10,2024,1,46,5.0,600000.0,27342
8048406,1,1,1,10,2024,2,52,5.0,400000.0,23631
8086756,1,1,1,10,2024,1,45,8.0,2400000.0,64435
8046361,1,1,1,10,2024,1,38,5.0,1300000.0,19375
8047887,1,3,1,10,2024,2,30,10.0,1600000.0,22627
8086366,1,1,1,10,2024,1,61,9.0,3000000.0,63541
8085719,1,3,1,10,2024,1,17,4.0,400000.0,62695
8043175,1,2,1,10,2024,1,66,3.0,0.0,11339
8075732,1,1,1,10,2024,2,26,4.0,1000000.0,41928
8052607,1,1,1,10,2024,2,47,5.0,400000.0,33228
8048904,1,1,1,10,2024,2,60,3.0,1700000.0,24559
8075974,1,1,1,10,2024,1,66,3.0,120000.0,42631
8047796,1,3,1,10,2024,1,35,5.0,1200000.0,22417
8083848,1,1,1,10,2024,2,45,5.0,1300000.0,59879
8079754,1,1,1,10,2024,1,25,5.0,1200000.0,51450
8078726,1,1,1,10,2024,1,44,4.0,1400000.0,49023
8050654,1,1,1,10,2024,2,39,5.0,1300000.0,28527
8083206,1,3,1,10,2024,2,35,5.0,500000.0,58546
8042198,1,3,1,10,2024,1,33,4.0,250000.0,9306
8041824,1,1,1,10,2024,1,48,11.0,2500000.0,8348
8083417,1,1,1,10,2024,1,25,8.0,1400000.0,59021
8083103,1,1,1,10,2024,1,66,3.0,900000.0,58342
8050858,1,2,1,10,2024,1,73,10.0,1700000.0,29025
8078090,1,2,1,10,2024,2,28,4.0,0.0,47605
8041519,1,1,1,10,2024,1,44,10.0,2200000.0,7753
8040547,1,1,1,10,2024,1,44,5.0,1462000.0,5473
8054161,1,1,1,10,2024,2,41,4.0,300000.0,36622
8080675,1,2,1,10,2024,2,23,5.0,1300000.0,53563
8047650,1,2,1,10,2024,1,44,5.0,1300000.0,22070
8041800,1,1,1,10,2024,1,62,3.0,1000000.0,8306
8079927,1,1,1,10,2024,1,61,4.0,1200000.0,51940
8055670,1,1,1,10,2024,2,28,9.0,1300000.0,39764
8085010,1,1,1,10,2024,2,36,5.0,300000.0,62425
8078660,1,1,1,10,2024,1,19,5.0,1300000.0,48889
8055681,1,2,1,10,2024,1,24,5.0,1400000.0,39796
8082498,1,1,1,10,2024,2,28,5.0,200000.0,56850
8079664,1,2,1,10,2024,1,34,5.0,1500000.0,51166
8052169,1,1,1,10,2024,1,63,3.0,1600000.0,32012
8077664,1,1,1,10,2024,1,51,10.0,4000000.0,46685
8049672,1,1,1,10,2024,1,42,3.0,1900000.0,26035
8049493,1,2,1,10,2024,1,38,8.0,800000.0,25600
8080995,1,2,1,10,2024,2,51,3.0,240000.0,54173
8053091,1,1,1,10,2024,2,49,9.0,1600000.0,34373
8083631,1,2,1,10,2024,2,51,3.0,100000.0,59454
8049531,1,1,1,10,2024,1,49,6.0,200000.0,25689
8039803,1,1,1,10,2024,1,32,10.0,2200000.0,3752
8084744,1,2,1,10,2024,2,55,3.0,500000.0,61819
8042601,1,1,1,10,2024,1,49,6.0,1600000.0,10123
8047225,1,2,1,10,2024,1,42,5.0,1400000.0,21233
8081073,1,1,1,10,2024,1,47,3.0,700000.0,54353
8055054,1,1,1,10,2024,1,48,10.0,3500000.0,38680
8053300,1,2,1,10,2024,2,40,8.0,450000.0,34820
8041843,1,5,1,10,2024,1,37,11.0,4000000.0,8394
8040256,1,2,1,10,2024,2,32,5.0,1300000.0,4784
8042729,1,1,1,10,2024,2,46,7.0,2000000.0,10429
8051237,1,3,1,10,2024,1,17,4.0,1050000.0,29647
8039711,1,1,1,10,2024,1,32,9.0,1500000.0,3563
8086357,1,1,1,10,2024,1,61,9.0,3000000.0,63523
8041086,1,2,1,10,2024,1,64,5.0,1300000.0,6745
8050565,1,2,1,10,2024,2,35,11.0,2700000.0,28329
8054614,1,2,1,10,2024,1,43,5.0,1400000.0,37630
8082521,1,2,1,10,2024,2,48,9.0,2500000.0,56895
8082942,1,2,1,10,2024,2,59,5.0,1300000.0,57952
8044265,1,2,1,10,2024,2,38,8.0,750000.0,14042
8040262,1,1,1,10,2024,1,26,8.0,1300000.0,4792
8051797,1,1,1,10,2024,2,49,8.0,1300000.0,31072
8084186,1,1,1,10,2024,1,60,5.0,6000000.0,60653
8054434,1,1,1,10,2024,1,32,5.0,800000.0,37275
8041681,1,2,1,10,2024,1,47,5.0,2400000.0,8127
8042310,1,2,1,10,2024,1,42,10.0,1500000.0,9531
8043467,1,1,1,10,2024,1,32,10.0,3500000.0,12050
8078456,1,2,1,10,2024,2,41,10.0,1500000.0,48457
8083581,1,1,1,10,2024,1,35,5.0,3550000.0,59355
8045070,1,1,1,10,2024,2,48,3.0,820000.0,16252
8042023,1,2,1,10,2024,1,28,5.0,1300000.0,8902
8041105,1,7,1,10,2024,1,24,5.0,1300000.0,6790
8044341,1,1,1,10,2024,2,35,10.0,2689000.0,14283
8042192,1,2,1,10,2024,1,46,10.0,2000000.0,9293
8040091,1,1,1,10,2024,1,22,5.0,1300000.0,4343
8077132,1,1,1,10,2024,2,33,9.0,300000.0,45517
8078161,1,1,1,10,2024,2,31,5.0,1300000.0,47763
8077131,1,1,1,10,2024,2,56,9.0,600000.0,45516
8038424,1,2,1,10,2024,2,33,10.0,3000000.0,636
8053536,1,1,1,10,2024,1,56,11.0,9000000.0,35333
8084740,1,1,1,10,2024,1,52,3.0,500000.0,61807
8077070,1,1,1,10,2024,1,49,3.0,600000.0,45326
8038371,1,1,1,10,2024,2,50,12.0,4000000.0,499
8080052,1,1,1,10,2024,1,46,12.0,10500000.0,52143
8080257,1,1,1,10,2024,2,49,4.0,350000.0,52703
8046663,1,1,1,10,2024,2,55,4.0,1000000.0,20146
8048115,1,3,1,10,2024,2,18,5.0,360000.0,23079
8045568,1,4,1,10,2024,2,31,12.0,2500000.0,17638
8084189,1,2,1,10,2024,2,51,5.0,1300000.0,60666
8050751,1,2,1,10,2024,1,42,5.0,800000.0,28738
8080906,1,1,1,10,2024,1,53,3.0,900000.0,53986
8039583,1,1,1,10,2024,1,64,4.0,300000.0,3332
8040392,1,1,1,10,2024,1,45,4.0,1300000.0,5101
8079403,1,2,1,10,2024,1,55,4.0,1000000.0,50651
8077389,1,1,1,10,2024,1,62,3.0,1150000.0,46146
8078211,1,1,1,10,2024,1,62,3.0,600000.0,47890
8041278,1,1,1,10,2024,1,59,10.0,5500000.0,7224
8046077,1,2,1,10,2024,2,48,5.0,1500000.0,18663
8045949,1,1,1,10,2024,1,21,4.0,1250000.0,18316
8078451,1,1,1,10,2024,1,36,3.0,1500000.0,48440
8045288,1,1,1,10,2024,1,22,9.0,600000.0,16850
8079984,1,1,1,10,2024,2,26,5.0,700000.0,52022
8047871,1,1,1,10,2024,1,63,6.0,1600000.0,22585
8042076,1,1,1,10,2024,2,59,3.0,450000.0,8972
8041167,1,1,1,10,2024,2,42,3.0,1500000.0,6953
8049514,1,1,1,10,2024,2,49,4.0,800000.0,25660
8044175,1,2,1,10,2024,2,28,10.0,2500000.0,13827
8055380,1,4,1,10,2024,2,40,8.0,1300000.0,39288
8042622,1,7,1,10,2024,1,21,5.0,900000.0,10187
8053240,1,2,1,10,2024,2,24,10.0,800000.0,34687
8086062,1,1,1,10,2024,1,45,10.0,5000000.0,63233
8043270,1,1,1,10,2024,2,38,5.0,1900000.0,11539
8040512,1,1,1,10,2024,2,59,5.0,1300000.0,5406
8049233,1,4,1,10,2024,1,18,4.0,900000.0,25157
8050226,1,1,1,10,2024,1,53,8.0,0.0,27400
8039316,1,2,1,10,2024,2,29,11.0,300000.0,2864
8077698,1,2,1,10,2024,1,40,10.0,1750000.0,46765
8086814,1,2,1,10,2024,2,49,5.0,200000.0,64532
8081297,1,3,1,10,2024,1,19,8.0,200000.0,54819
8045469,1,2,1,10,2024,1,64,3.0,1950000.0,17362
8039753,1,1,1,10,2024,1,36,6.0,1800000.0,3654
8079489,1,2,1,10,2024,1,48,5.0,2000000.0,50855
8050016,1,2,1,10,2024,2,23,10.0,1300000.0,26903
8054743,1,1,1,10,2024,2,39,3.0,550000.0,37957
8085085,1,1,1,10,2024,1,33,10.0,3000000.0,62587
8039884,1,1,1,10,2024,1,36,5.0,600000.0,3895
8084679,1,2,1,10,2024,2,41,5.0,1000000.0,61674
8047605,1,1,1,10,2024,2,46,10.0,2600000.0,21959
8049273,1,3,1,10,2024,2,25,10.0,1400000.0,25250
8075673,1,1,1,10,2024,1,21,4.0,2200000.0,41786
8046637,1,2,1,10,2024,2,54,11.0,5000000.0,20102
8051035,1,1,1,10,2024,1,53,8.0,6500000.0,29516
8045047,1,5,1,10,2024,2,18,5.0,1300000.0,16192
8079193,1,2,1,10,2024,2,28,4.0,120000.0,50095
8048714,1,1,1,10,2024,1,33,10.0,4000000.0,24186
8039745,1,2,1,10,2024,1,15,4.0,600000.0,3642
8038374,1,3,1,10,2024,1,30,5.0,1300000.0,508
8044833,1,1,1,10,2024,1,45,5.0,3500000.0,15605
8077066,1,1,1,10,2024,1,56,5.0,1500000.0,45318
8046164,1,4,1,10,2024,1,60,3.0,1400000.0,18854
8038917,1,1,1,10,2024,2,39,11.0,22163000.0,1813
8076784,1,2,1,10,2024,2,47,12.0,7500000.0,44694
8055405,1,1,1,10,2024,1,46,10.0,3500000.0,39341
8054926,1,1,1,10,2024,1,63,10.0,4000000.0,38379
8079750,1,1,1,10,2024,2,57,3.0,900000.0,51435
8038683,1,2,1,10,2024,2,22,8.0,1300000.0,1204
8084407,1,1,1,10,2024,2,48,4.0,1700000.0,61149
8045086,1,4,1,10,2024,2,23,6.0,800000.0,16298
8044971,1,3,1,10,2024,1,38,4.0,900000.0,15969
8085064,1,1,1,10,2024,1,31,10.0,4000000.0,62548
8052288,1,5,1,10,2024,1,24,8.0,1800000.0,32351
8086558,1,2,1,10,2024,2,40,10.0,3000000.0,63981
8053069,1,1,1,10,2024,1,51,12.0,10080000.0,34342
8052519,1,1,1,10,2024,1,53,3.0,400000.0,32988
8079046,1,3,1,10,2024,1,24,5.0,1850000.0,49759
8047589,1,1,1,10,2024,1,53,11.0,3000000.0,21933
8086605,1,1,1,10,2024,2,54,5.0,450000.0,64120
8048265,1,1,1,10,2024,1,60,8.0,3800000.0,23392
8040688,1,2,1,10,2024,1,57,5.0,5500000.0,5788
8077648,1,1,1,10,2024,1,31,5.0,1500000.0,46658
8077353,1,1,1,10,2024,1,35,3.0,1300000.0,46068
8078734,1,3,1,10,2024,2,24,5.0,1300000.0,49040
8041925,1,1,1,10,2024,1,60,3.0,800000.0,8628
8048008,1,3,1,10,2024,2,56,4.0,720000.0,22847
8055946,1,1,1,10,2024,1,41,8.0,2800000.0,40310
8053020,1,2,1,10,2024,1,51,3.0,900000.0,34234
8082915,1,3,1,10,2024,1,22,10.0,1000000.0,57905
8045508,1,1,1,10,2024,2,26,5.0,70000.0,17476
8078021,1,2,1,10,2024,2,42,3.0,400000.0,47483
8048883,1,1,1,10,2024,1,35,8.0,2000000.0,24504
8079091,1,2,1,10,2024,2,38,8.0,1600000.0,49841
8043290,1,2,1,10,2024,1,40,4.0,900000.0,11598
8046547,1,1,1,10,2024,2,35,8.0,1500000.0,19839
8086642,1,1,1,10,2024,1,52,3.0,600000.0,64199
8044771,1,2,1,10,2024,1,44,8.0,800000.0,15430
8079604,1,4,1,10,2024,1,57,5.0,1300000.0,51054
8080684,1,1,1,10,2024,2,40,5.0,1300000.0,53581
8042811,1,1,1,10,2024,2,25,10.0,1450000.0,10607
8053336,1,4,1,10,2024,1,44,10.0,3800000.0,34924
8050346,1,3,1,10,2024,1,17,5.0,700000.0,27705
8044109,1,1,1,10,2024,2,51,10.0,1500000.0,13666
8051743,1,2,1,10,2024,2,50,4.0,300000.0,30931
8086305,1,1,1,10,2024,2,60,4.0,1248000.0,63442
8086455,1,1,1,10,2024,2,46,3.0,600000.0,63725
8046526,1,2,1,10,2024,2,35,5.0,900000.0,19782
8081534,1,2,1,10,2024,2,31,5.0,1650000.0,55374
8082882,1,2,1,10,2024,2,55,4.0,400000.0,57822
8047573,1,2,1,10,2024,2,64,10.0,4296799.0,21882
8083660,1,1,1,10,2024,1,38,5.0,1100000.0,59499
8041440,1,2,1,10,2024,2,34,8.0,400000.0,7570
8053341,1,1,1,10,2024,1,76,10.0,2000000.0,34928
8041007,1,1,1,10,2024,1,64,5.0,800000.0,6555
8045644,1,3,1,10,2024,1,35,4.0,740000.0,17824
8042169,1,2,1,10,2024,2,44,5.0,400000.0,9223
8053078,1,2,1,10,2024,1,53,5.0,1650000.0,34352
8043922,1,2,1,10,2024,1,59,3.0,1800000.0,13227
8043343,1,1,1,10,2024,2,40,12.0,12000000.0,11745
8049343,1,1,1,10,2024,2,55,3.0,400000.0,25408
8048792,1,1,1,10,2024,2,53,5.0,1200000.0,24309
8048776,1,3,1,10,2024,1,34,5.0,1300000.0,24269
8043482,1,3,1,10,2024,1,29,10.0,1500000.0,12099
8079724,1,7,1,10,2024,2,27,5.0,1000000.0,51317
8048449,1,1,1,10,2024,2,63,3.0,1300000.0,23698
8083058,1,1,1,10,2024,1,23,5.0,400000.0,58225
8047290,1,3,1,10,2024,1,30,8.0,1300000.0,21367
8041402,1,1,1,10,2024,1,63,3.0,1300000.0,7474
8079279,1,1,1,10,2024,1,17,3.0,500000.0,50370
8051937,1,1,1,10,2024,1,54,3.0,750000.0,31446
8048314,1,1,1,10,2024,1,51,11.0,7000000.0,23502
8051354,1,1,1,10,2024,2,60,4.0,320000.0,29976
8042890,1,1,1,10,2024,1,59,5.0,600000.0,10761
8056205,1,1,1,10,2024,1,43,3.0,8000000.0,40800
8051393,1,2,1,10,2024,1,47,4.0,1300000.0,30068
8083730,1,3,1,10,2024,2,24,5.0,1300000.0,59641
8042562,1,2,1,10,2024,1,43,3.0,2000000.0,10064
8038910,1,1,1,10,2024,2,48,10.0,1500000.0,1785
8043599,1,1,1,10,2024,2,48,3.0,900000.0,12408
8054968,1,2,1,10,2024,1,63,3.0,1000000.0,38453
8042806,1,1,1,10,2024,2,30,5.0,1300000.0,10599
8076697,1,4,1,10,2024,1,41,4.0,700000.0,44471
8045063,1,1,1,10,2024,2,28,10.0,3100000.0,16234
8048280,1,1,1,10,2024,1,30,5.0,1000000.0,23427
8053000,1,2,1,10,2024,2,39,5.0,1300000.0,34177
8049972,1,2,1,10,2024,2,42,10.0,1300000.0,26785
8042698,1,2,1,10,2024,1,35,10.0,1800000.0,10343
8051011,1,3,1,10,2024,2,33,8.0,1500000.0,29465
8054034,1,3,1,10,2024,2,28,10.0,4000000.0,36348
8042166,1,1,1,10,2024,1,67,3.0,350000.0,9216
8052582,1,1,1,10,2024,1,56,3.0,1350000.0,33165
8054973,1,1,1,10,2024,1,55,1.0,800000.0,38466
8083119,1,3,1,10,2024,1,26,5.0,900000.0,58385
8077221,1,1,1,10,2024,1,66,3.0,280000.0,45753
8076936,1,1,1,10,2024,1,58,3.0,700000.0,45009
8044747,1,1,1,10,2024,1,72,5.0,1200000.0,15377
8041238,1,1,1,10,2024,2,43,11.0,4500000.0,7145
8040012,1,1,1,10,2024,2,33,6.0,1300000.0,4158
8041768,1,1,1,10,2024,2,47,5.0,800000.0,8261
8048865,1,2,1,10,2024,2,38,11.0,4000000.0,24471
8050446,1,1,1,10,2024,1,25,8.0,4500000.0,27950
8039042,1,1,1,10,2024,2,38,8.0,1300000.0,2126
8053296,1,3,1,10,2024,2,40,3.0,1400000.0,34810
8083974,1,2,1,10,2024,1,44,3.0,1000000.0,60116
8044326,1,1,1,10,2024,1,31,4.0,1800000.0,14246
8045090,1,2,1,10,2024,2,25,6.0,1350000.0,16311
8050757,1,3,1,10,2024,1,48,8.0,2500000.0,28754
8042215,1,1,1,10,2024,2,42,10.0,1300000.0,9336
8078213,1,4,1,10,2024,2,22,5.0,1300000.0,47899
8084129,1,1,1,10,2024,2,54,9.0,1000000.0,60538
8044938,1,2,1,10,2024,2,37,10.0,2300000.0,15889
8048927,1,2,1,10,2024,1,26,10.0,2840000.0,24605
8046294,1,2,1,10,2024,1,30,5.0,500000.0,19206
8083862,1,1,1,10,2024,2,27,5.0,1300000.0,59910
8079179,1,1,1,10,2024,2,68,1.0,50000.0,50053
8079063,1,2,1,10,2024,1,46,5.0,1400000.0,49793
8051768,1,2,1,10,2024,2,66,4.0,600000.0,31003
8056090,1,2,1,10,2024,2,35,5.0,676000.0,40576
8045797,1,1,1,10,2024,2,54,10.0,4800000.0,18198
8039479,1,1,1,10,2024,2,62,1.0,800000.0,3130
8042713,1,1,1,10,2024,2,56,3.0,1000000.0,10381
8041459,1,4,1,10,2024,2,20,5.0,1300000.0,7608
8056416,1,1,1,10,2024,1,35,5.0,2200000.0,41305
8047496,1,1,1,10,2024,1,28,9.0,500000.0,21722
8083819,1,1,1,10,2024,1,37,5.0,1300000.0,59812
8041934,1,1,1,10,2024,2,42,3.0,500000.0,8649
8086818,1,1,1,10,2024,1,62,3.0,1300000.0,64545
8039193,1,3,1,10,2024,1,25,10.0,3000000.0,2546
8079230,1,1,1,10,2024,2,26,4.0,300000.0,50213
8076185,1,1,1,10,2024,2,47,3.0,32000.0,43265
8049289,1,2,1,10,2024,1,62,4.0,1500000.0,25285
8084839,1,3,1,10,2024,2,38,4.0,1300000.0,62021
8053727,1,1,1,10,2024,1,67,6.0,1500000.0,35817
8048899,1,2,1,10,2024,2,47,5.0,1400000.0,24551
8047717,1,1,1,10,2024,1,39,11.0,5000000.0,22199
8038416,1,1,1,10,2024,1,26,4.0,1462000.0,624
8075713,1,2,1,10,2024,1,17,5.0,800000.0,41892
8043339,1,4,1,10,2024,2,30,5.0,1800000.0,11736
8049891,1,3,1,10,2024,2,31,3.0,600000.0,26616
8052024,1,1,1,10,2024,1,43,3.0,1800000.0,31648
8051294,1,2,1,10,2024,2,30,5.0,500000.0,29789
8075933,1,3,1,10,2024,1,18,3.0,300000.0,42489
8083517,1,1,1,10,2024,2,33,5.0,400000.0,59210
8047197,1,2,1,10,2024,2,30,8.0,1462000.0,21177
8040009,1,1,1,10,2024,2,56,3.0,1050000.0,4149
8047585,1,2,1,10,2024,2,39,5.0,300000.0,21917
8055257,1,2,1,10,2024,2,23,10.0,1800000.0,39050
8040043,1,1,1,10,2024,1,43,5.0,1800000.0,4248
8043426,1,1,1,10,2024,1,57,4.0,600000.0,11942
8054964,1,3,1,10,2024,1,23,5.0,1300000.0,38450
8083455,1,2,1,10,2024,1,56,10.0,1600000.0,59111
8080562,1,1,1,10,2024,1,69,8.0,7000000.0,53322
8045285,1,3,1,10,2024,1,32,5.0,1400000.0,16842
8053628,1,1,1,10,2024,1,25,10.0,1300000.0,35566
8055180,1,1,1,10,2024,1,43,3.0,1300000.0,38886
8046845,1,1,1,10,2024,2,25,9.0,1500000.0,20565
8082547,1,1,1,10,2024,2,35,10.0,1650000.0,56959
8050026,1,1,1,10,2024,2,42,5.0,950000.0,26928
8042876,1,1,1,10,2024,1,24,5.0,1920000.0,10736
8045920,1,1,1,10,2024,1,73,3.0,800000.0,18231
8041028,1,1,1,10,2024,1,56,5.0,1300000.0,6625
8079711,1,2,1,10,2024,1,69,4.0,1300000.0,51255
8056307,1,1,1,10,2024,1,37,4.0,1800000.0,41031
8081154,1,1,1,10,2024,2,60,10.0,1500000.0,54498
8044095,1,1,1,10,2024,1,30,10.0,2000000.0,13649
8042391,1,3,1,10,2024,2,56,5.0,200000.0,9707
8078256,1,1,1,10,2024,1,51,4.0,1600000.0,47994
8049524,1,1,1,10,2024,2,59,5.0,2000000.0,25676
8080750,1,1,1,10,2024,1,46,4.0,1000000.0,53681
8081524,1,1,1,10,2024,2,39,10.0,1800000.0,55354
8081060,1,1,1,10,2024,2,42,5.0,700000.0,54326
8041434,1,2,1,10,2024,1,46,4.0,1250000.0,7556
8038325,1,1,1,10,2024,2,59,8.0,3165000.0,376
8086535,1,1,1,10,2024,1,55,3.0,900000.0,63913
8040270,1,4,1,10,2024,1,33,5.0,1400000.0,4816
8045507,1,1,1,10,2024,1,34,4.0,900000.0,17472
8083301,1,3,1,10,2024,1,41,3.0,1300000.0,58783
8046353,1,7,1,10,2024,1,27,4.0,1500000.0,19360
8077982,1,2,1,10,2024,2,57,5.0,400000.0,47379
8080821,1,1,1,10,2024,1,28,10.0,1300000.0,53819
8042326,1,1,1,10,2024,1,34,5.0,4000000.0,9569
8082373,1,1,1,10,2024,1,32,5.0,1300000.0,56574
8053839,1,2,1,10,2024,2,50,8.0,2000000.0,35986
8049513,1,1,1,10,2024,1,34,3.0,700000.0,25653
8082680,1,1,1,10,2024,1,49,1.0,700000.0,57305
8083051,1,1,1,10,2024,1,29,8.0,2500000.0,58210
8054509,1,1,1,10,2024,2,39,5.0,1300000.0,37425
8046052,1,1,1,10,2024,1,61,3.0,1200000.0,18598
8080046,1,2,1,10,2024,1,24,5.0,1500000.0,52131
8040137,1,1,1,10,2024,1,33,8.0,1500000.0,4469
8043028,1,2,1,10,2024,1,64,3.0,480000.0,10976
8053398,1,2,1,10,2024,2,44,10.0,2600000.0,35119
8050100,1,1,1,10,2024,1,55,3.0,1200000.0,27111
8041896,1,3,1,10,2024,1,23,9.0,1800000.0,8546
8049051,1,1,1,10,2024,2,43,6.0,1300000.0,24831
8049712,1,2,1,10,2024,1,35,6.0,1300000.0,26152
8044882,1,2,1,10,2024,1,31,4.0,360000.0,15745
8040008,1,1,1,10,2024,1,53,4.0,400000.0,4147
8044955,1,2,1,10,2024,1,39,5.0,300000.0,15925
8056405,1,2,1,10,2024,2,39,4.0,500000.0,41281
8044703,1,1,1,10,2024,2,36,5.0,100000.0,15283
8076249,1,1,1,10,2024,2,58,1.0,60000.0,43401
8045660,1,2,1,10,2024,1,39,5.0,1400000.0,17867
8079184,1,1,1,10,2024,1,40,5.0,500000.0,50063
8044282,1,1,1,10,2024,2,59,1.0,80000.0,14111
8051260,1,1,1,10,2024,1,48,10.0,7000000.0,29699
8049541,1,1,1,10,2024,2,41,5.0,120000.0,25709
8079916,1,1,1,10,2024,2,33,5.0,1300000.0,51919
8075586,1,1,1,10,2024,2,37,5.0,400000.0,41499
8055178,1,1,1,10,2024,1,66,11.0,4700000.0,38880
8051428,1,1,1,10,2024,1,60,3.0,1300000.0,30178
8050252,1,1,1,10,2024,2,38,9.0,2100000.0,27463
8039200,1,1,1,10,2024,2,33,9.0,1300000.0,2566
8081946,1,1,1,10,2024,2,46,5.0,400000.0,55898
8049396,1,2,1,10,2024,2,30,12.0,4500000.0,25505
8082503,1,1,1,10,2024,2,67,3.0,600000.0,56859
8083222,1,4,1,10,2024,2,68,5.0,240000.0,58593
8041658,1,2,1,10,2024,2,48,5.0,300000.0,8083
8047808,1,1,1,10,2024,1,48,1.0,300000.0,22418
8041161,1,1,1,10,2024,1,23,8.0,1300000.0,6939
8084804,1,1,1,10,2024,2,47,3.0,400000.0,61941
8080089,1,1,1,10,2024,1,53,5.0,1300000.0,52236
8051537,1,1,1,10,2024,1,61,9.0,3000000.0,30435
8079494,1,2,1,10,2024,1,35,5.0,1300000.0,50865
8084198,1,4,1,10,2024,1,27,3.0,770000.0,60685
8054788,1,1,1,10,2024,1,48,12.0,3900000.0,38067
8079901,1,3,1,10,2024,1,25,10.0,4000000.0,51890
8046731,1,3,1,10,2024,1,33,10.0,3000000.0,20318
8051535,1,1,1,10,2024,1,61,9.0,3000000.0,30431
8048384,1,1,1,10,2024,1,43,5.0,2000000.0,23596
8042233,1,1,1,10,2024,1,48,10.0,1300000.0,9386
8052275,1,1,1,10,2024,2,52,1.0,1300000.0,32304
8051429,1,1,1,10,2024,1,25,5.0,800000.0,30180
8052446,1,2,1,10,2024,1,63,3.0,240000.0,32806
8050192,1,1,1,10,2024,1,52,3.0,1200000.0,27309
8051908,1,1,1,10,2024,2,51,5.0,700000.0,31382
8039509,1,2,1,10,2024,1,22,5.0,1300000.0,3198
8085791,1,3,1,10,2024,1,41,10.0,2500000.0,62878
8078950,1,1,1,10,2024,1,50,5.0,700000.0,49519
8041441,1,2,1,10,2024,2,58,5.0,950000.0,7574
8040192,1,1,1,10,2024,2,52,5.0,300000.0,4620
8055941,1,2,1,10,2024,1,49,5.0,1800000.0,40301
8044423,1,2,1,10,2024,2,35,5.0,60000.0,14507
8051317,1,1,1,10,2024,2,36,3.0,500000.0,29870
8038663,1,2,1,10,2024,1,52,3.0,1200000.0,1130
8079079,1,2,1,10,2024,2,68,3.0,1750000.0,49816
8056455,1,1,1,10,2024,1,20,5.0,1500000.0,41364
8040056,1,1,1,10,2024,1,29,5.0,1300000.0,4282
8083106,1,1,1,10,2024,1,69,11.0,5300000.0,58348
8040209,1,1,1,10,2024,2,44,5.0,200000.0,4672
8075741,1,1,1,10,2024,1,27,4.0,450000.0,41955
8055480,1,2,1,10,2024,2,39,8.0,1300000.0,39434
8084299,1,1,1,10,2024,1,35,10.0,4000000.0,60909
8083450,1,1,1,10,2024,1,64,10.0,3000000.0,59099
8043525,1,1,1,10,2024,1,50,8.0,2000000.0,12244
8046161,1,1,1,10,2024,1,55,5.0,1200000.0,18847
8080699,1,1,1,10,2024,2,23,5.0,1300000.0,53607
8042388,1,3,1,10,2024,2,65,3.0,800000.0,9694
8077950,1,2,1,10,2024,2,27,4.0,1700000.0,47289
8079453,1,1,1,10,2024,1,40,9.0,2000000.0,50789
8044632,1,2,1,10,2024,2,33,8.0,1300000.0,15084
8042373,1,4,1,10,2024,1,21,5.0,1300000.0,9662
8078839,1,1,1,10,2024,2,52,5.0,1200000.0,49269
8055787,1,3,1,10,2024,1,33,5.0,750000.0,39972
8079738,1,3,1,10,2024,1,29,8.0,1600000.0,51383
8053004,1,3,1,10,2024,2,17,8.0,600000.0,34191
8052980,1,1,1,10,2024,1,63,3.0,600000.0,34091
8046284,1,2,1,10,2024,1,66,1.0,500000.0,19156
8039970,1,1,1,10,2024,1,41,12.0,4000000.0,4094
8042184,1,1,1,10,2024,1,33,5.0,2000000.0,9262
8054865,1,1,1,10,2024,1,29,8.0,2700000.0,38238
8078687,1,2,1,10,2024,2,27,5.0,900000.0,48934
8086554,1,4,1,10,2024,1,28,8.0,1300000.0,63970
8051411,1,1,1,10,2024,1,42,11.0,4000000.0,30125
8079944,1,2,1,10,2024,2,35,10.0,3000000.0,51956
8054546,1,1,1,10,2024,1,33,10.0,14000000.0,37495
8049096,1,1,1,10,2024,2,37,6.0,580000.0,24916
8078623,1,1,1,10,2024,2,28,10.0,1500000.0,48817
8041616,1,1,1,10,2024,1,71,5.0,1300000.0,7976
8075840,1,1,1,10,2024,1,30,5.0,800000.0,42213
8081469,1,2,1,10,2024,2,35,10.0,3000000.0,55211
8043840,1,1,1,10,2024,1,43,6.0,600000.0,13028
8084618,1,1,1,10,2024,1,53,3.0,1300000.0,61513
8044244,1,2,1,10,2024,1,50,3.0,900000.0,13955
8053905,1,2,1,10,2024,2,39,4.0,2000000.0,36110
8043405,1,1,1,10,2024,2,34,10.0,5000000.0,11888
8077183,1,2,1,10,2024,1,76,3.0,350000.0,45671
8076793,1,2,1,10,2024,2,40,3.0,800000.0,44710
8043943,1,1,1,10,2024,2,36,8.0,80000.0,13275
8054900,1,2,1,10,2024,1,27,5.0,3000000.0,38323
8076492,1,1,1,10,2024,2,50,3.0,280000.0,44003
8079297,1,2,1,10,2024,1,21,3.0,800000.0,50421
8075869,1,1,1,10,2024,2,52,3.0,700000.0,42293
8080760,1,4,1,10,2024,1,22,3.0,250000.0,53705
8055125,1,2,1,10,2024,1,46,3.0,900000.0,38742
8078046,1,2,1,10,2024,1,48,5.0,800000.0,47525
8039107,1,2,1,10,2024,2,31,10.0,1600000.0,2316
8079226,1,1,1,10,2024,2,40,1.0,120000.0,50193
8081143,1,1,1,10,2024,1,57,6.0,1200000.0,54472
8045226,1,2,1,10,2024,2,56,4.0,1800000.0,16704
8044351,1,2,1,10,2024,1,31,5.0,1462000.0,14323
8041924,1,3,1,10,2024,1,40,3.0,1000000.0,8627
8084684,1,1,1,10,2024,2,42,9.0,650000.0,61682
8048313,1,1,1,10,2024,2,52,3.0,1300000.0,23498
8048794,1,2,1,10,2024,1,39,10.0,400000.0,24315
8046674,1,2,1,10,2024,2,52,10.0,3800000.0,20175
8081464,1,3,1,10,2024,2,23,5.0,1400000.0,55201
8044610,1,3,1,10,2024,2,29,8.0,1300000.0,15032
8050349,1,1,1,10,2024,1,65,3.0,500000.0,27720
8044698,1,2,1,10,2024,2,45,5.0,1100000.0,15262
8040339,1,1,1,10,2024,2,47,6.0,650000.0,4989
8052440,1,1,1,10,2024,1,22,4.0,1800000.0,32798
8086493,1,1,1,10,2024,2,40,9.0,1700000.0,63807
8049900,1,3,1,10,2024,2,40,3.0,600000.0,26645
8039916,1,1,1,10,2024,2,60,3.0,480000.0,3982
8078575,1,1,1,10,2024,1,35,3.0,1300000.0,48711
8077295,1,1,1,10,2024,1,28,5.0,1300000.0,45934
8076691,1,1,1,10,2024,1,53,3.0,400000.0,44453
8040286,1,3,1,10,2024,1,31,8.0,1300000.0,4863
8052943,1,2,1,10,2024,2,27,5.0,1300000.0,33987
8086678,1,1,1,10,2024,2,35,10.0,1300000.0,64308
8078049,1,1,1,10,2024,1,49,4.0,1100000.0,47532
8080090,1,1,1,10,2024,1,59,4.0,500000.0,52241
8054493,1,2,1,10,2024,2,30,10.0,2000000.0,37393
8078455,1,2,1,10,2024,2,32,3.0,400000.0,48453
8049126,1,6,1,10,2024,2,26,6.0,1300000.0,24963
8084941,1,1,1,10,2024,1,60,5.0,1000000.0,62250
8039507,1,1,1,10,2024,1,51,3.0,1300000.0,3192
8046743,1,2,1,10,2024,1,25,9.0,1350000.0,20341
8052311,1,1,1,10,2024,1,27,8.0,2000000.0,32418
8044822,1,1,1,10,2024,1,49,3.0,1820000.0,15574
8040256,1,1,1,10,2024,1,46,5.0,1300000.0,4783
8050549,1,1,1,10,2024,2,57,5.0,580000.0,28277
8042026,1,1,1,10,2024,1,39,5.0,1450000.0,8909
8038850,1,1,1,10,2024,2,32,10.0,7000000.0,1638
8045408,1,1,1,10,2024,2,45,10.0,1550000.0,17175
8077572,1,1,1,10,2024,1,57,9.0,13000000.0,46516
8040836,1,1,1,10,2024,2,55,9.0,1480000.0,6129
8042373,1,3,1,10,2024,1,27,10.0,2500000.0,9661
8049375,1,1,1,10,2024,1,44,8.0,1500000.0,25467
8041781,1,2,1,10,2024,2,42,4.0,1700000.0,8283
8038295,1,2,1,10,2024,1,64,5.0,3500000.0,295
8042390,1,2,1,10,2024,2,65,5.0,2150000.0,9702
8075850,1,2,1,10,2024,1,67,1.0,600000.0,42249
8079224,1,2,1,10,2024,1,29,3.0,600000.0,50182
8080136,1,2,1,10,2024,1,52,5.0,600000.0,52388
8053234,1,2,1,10,2024,1,22,6.0,1300000.0,34676
8038355,1,3,1,10,2024,2,40,8.0,1300000.0,451
8047114,1,4,1,10,2024,1,53,5.0,1300000.0,21012
8081426,1,1,1,10,2024,2,44,5.0,1300000.0,55139
8046480,1,2,1,10,2024,2,50,10.0,3500000.0,19644
8056217,1,2,1,10,2024,2,48,5.0,1300000.0,40837
8055467,1,1,1,10,2024,1,35,10.0,4500000.0,39409
8056208,1,1,1,10,2024,2,60,4.0,500000.0,40809
8081063,1,2,1,10,2024,2,22,9.0,1750000.0,54332
8079541,1,2,1,10,2024,1,47,9.0,1300000.0,50960
8078004,1,2,1,10,2024,2,48,3.0,0.0,47437
8055302,1,4,1,10,2024,1,23,5.0,1300000.0,39136
8040376,1,1,1,10,2024,2,31,10.0,780000.0,5065
8080048,1,3,1,10,2024,2,35,8.0,1300000.0,52137
8082481,1,2,1,10,2024,1,50,4.0,300000.0,56809
8051243,1,2,1,10,2024,1,28,4.0,300000.0,29662
8086124,1,1,1,10,2024,1,43,12.0,2800000.0,63328
8079691,1,1,1,10,2024,2,40,11.0,5200000.0,51228
8041679,1,2,1,10,2024,2,57,8.0,1300000.0,8123
8044255,1,1,1,10,2024,2,48,3.0,850000.0,13997
8084797,1,1,1,10,2024,2,26,10.0,2000000.0,61934
8045754,1,1,1,10,2024,2,41,8.0,3000000.0,18105
8083416,1,1,1,10,2024,2,55,4.0,250000.0,59020
8043468,1,1,1,10,2024,1,45,5.0,1300000.0,12053
8044259,1,2,1,10,2024,2,63,3.0,70000.0,14021
8078153,1,1,1,10,2024,1,30,9.0,800000.0,47750
8047001,1,2,1,10,2024,1,40,3.0,1200000.0,20816
8077549,1,1,1,10,2024,1,54,5.0,0.0,46449
8077416,1,1,1,10,2024,1,30,10.0,3900000.0,46208
8081009,1,2,1,10,2024,1,40,5.0,3800000.0,54206
8044270,1,4,1,10,2024,1,22,8.0,1300000.0,14061
8051395,1,3,1,10,2024,1,39,5.0,1000000.0,30078
8042384,1,3,1,10,2024,1,22,4.0,75000.0,9682
8050440,1,1,1,10,2024,1,29,6.0,1500000.0,27937
8081419,1,1,1,10,2024,1,51,3.0,600000.0,55115
8076065,1,1,1,10,2024,2,38,8.0,1300000.0,42903
8075703,1,1,1,10,2024,1,49,3.0,750000.0,41863
8054293,1,1,1,10,2024,2,33,5.0,1300000.0,36909
8044436,1,2,1,10,2024,2,53,3.0,860000.0,14544
8080999,1,2,1,10,2024,2,49,3.0,30000.0,54184
8051582,1,1,1,10,2024,1,56,3.0,1300000.0,30527
8054411,1,1,1,10,2024,2,36,5.0,500000.0,37206
8046346,1,1,1,10,2024,1,25,5.0,1400000.0,19341
8042165,1,1,1,10,2024,2,51,8.0,1300000.0,9213
8080179,1,1,1,10,2024,1,52,12.0,4200000.0,52495
8080217,1,1,1,10,2024,1,28,8.0,4000000.0,52589
8050889,1,2,1,10,2024,2,38,5.0,1400000.0,29107
8077326,1,2,1,10,2024,1,38,3.0,3700000.0,45992
8038870,1,1,1,10,2024,1,59,3.0,500000.0,1689
8046128,1,1,1,10,2024,1,61,3.0,900000.0,18776
8084159,1,8,1,10,2024,1,22,8.0,1300000.0,60571
8042911,1,1,1,10,2024,1,18,4.0,1500000.0,10804
8045155,1,2,1,10,2024,2,53,3.0,150000.0,16479
8079754,1,5,1,10,2024,2,54,3.0,1300000.0,51454
8052522,1,1,1,10,2024,1,39,3.0,450000.0,32997
8055776,1,2,1,10,2024,1,39,10.0,2000000.0,39943
8046622,1,2,1,10,2024,1,63,10.0,1300000.0,20059
8075834,1,1,1,10,2024,2,59,5.0,2875000.0,42203
8041459,1,2,1,10,2024,1,44,3.0,1300000.0,7606
8043002,1,3,1,10,2024,1,30,3.0,800000.0,10924
8047256,1,2,1,10,2024,1,25,3.0,800000.0,21299
8082782,1,1,1,10,2024,1,40,8.0,1000000.0,57560
8079516,1,5,1,10,2024,1,28,5.0,2250000.0,50901
8086815,1,2,1,10,2024,1,42,3.0,1000000.0,64536
8054184,1,2,1,10,2024,1,59,5.0,2000000.0,36694
8085007,1,2,1,10,2024,2,19,10.0,1000000.0,62421
8042013,1,2,1,10,2024,1,18,5.0,1000000.0,8872
8048132,1,1,1,10,2024,2,39,12.0,6000000.0,23135
8080616,1,2,1,10,2024,2,51,10.0,1800000.0,53434
8082384,1,2,1,10,2024,1,56,8.0,1462000.0,56603
8086496,1,1,1,10,2024,1,45,1.0,1200000.0,63813
8049534,1,1,1,10,2024,2,55,9.0,1400000.0,25694
8039281,1,2,1,10,2024,2,24,8.0,1300000.0,2773
8055644,1,5,1,10,2024,1,18,5.0,500000.0,39681
8052912,1,1,1,10,2024,2,27,10.0,2800000.0,33892
8083904,1,2,1,10,2024,1,58,3.0,1500000.0,59974
8047639,1,1,1,10,2024,2,53,4.0,1800000.0,22047
8083698,1,2,1,10,2024,2,29,8.0,3500000.0,59573
8079180,1,2,1,10,2024,1,73,3.0,350000.0,50056
8084666,1,3,1,10,2024,2,24,5.0,870000.0,61648
8044415,1,3,1,10,2024,2,35,10.0,1350000.0,14475
8046749,1,1,1,10,2024,2,31,6.0,420000.0,20353
8046505,1,2,1,10,2024,2,39,5.0,1300000.0,19702
8083343,1,5,1,10,2024,2,27,5.0,1500000.0,58897
8055009,1,1,1,10,2024,2,65,10.0,2500000.0,38553
8039848,1,2,1,10,2024,1,43,8.0,4500000.0,3830
8079395,1,2,1,10,2024,1,60,3.0,800000.0,50630
8077676,1,2,1,10,2024,2,40,9.0,300000.0,46718
8048573,1,1,1,10,2024,1,35,4.0,1300000.0,23943
8083482,1,1,1,10,2024,1,55,5.0,2000000.0,59170
8076710,1,1,1,10,2024,1,31,12.0,10000000.0,44506
8052316,1,1,1,10,2024,1,43,4.0,240000.0,32434
8051634,1,2,1,10,2024,2,37,5.0,1100000.0,30654
8080554,1,2,1,10,2024,2,47,8.0,1300000.0,53307
8083524,1,4,1,10,2024,2,39,5.0,1300000.0,59232
8038266,1,2,1,10,2024,2,33,3.0,1300000.0,217
8041229,1,1,1,10,2024,2,33,5.0,450000.0,7122
8056286,1,3,1,10,2024,2,24,5.0,1200000.0,41000
8049813,1,2,1,10,2024,1,67,1.0,1000000.0,26429
8044840,1,1,1,10,2024,2,35,5.0,900000.0,15624
8039070,1,3,1,10,2024,2,24,5.0,1450000.0,2206
8052381,1,1,1,10,2024,1,67,5.0,1600000.0,32623
8044392,1,2,1,10,2024,1,27,5.0,1500000.0,14423
8040568,1,1,1,10,2024,2,30,10.0,1000000.0,5536
8043602,1,1,1,10,2024,1,80,3.0,80000.0,12413
8078824,1,1,1,10,2024,1,39,3.0,1700000.0,49230
8041364,1,1,1,10,2024,2,71,3.0,400000.0,7362
8076036,1,1,1,10,2024,1,24,5.0,600000.0,42814
8085797,1,2,1,10,2024,1,40,3.0,1500000.0,62894
8043910,1,2,1,10,2024,2,39,12.0,3000000.0,13199
8052017,1,1,1,10,2024,1,58,4.0,700000.0,31631
8076442,1,1,1,10,2024,1,48,3.0,700000.0,43846
8039959,1,4,1,10,2024,1,41,10.0,3000000.0,4086
8045751,1,1,1,10,2024,2,61,5.0,1800000.0,18096
8052526,1,1,1,10,2024,1,28,4.0,1000000.0,33007
8051012,1,1,1,10,2024,2,35,5.0,1100000.0,29467
8049410,1,1,1,10,2024,2,56,3.0,600000.0,25509
8044734,1,3,1,10,2024,1,33,10.0,2500000.0,15353
8043016,1,1,1,10,2024,1,55,3.0,700000.0,10954
8045520,1,1,1,10,2024,1,46,1.0,850000.0,17512
8050551,1,1,1,10,2024,1,33,5.0,1950000.0,28281
8045616,1,1,1,10,2024,2,36,5.0,190000.0,17724
8047814,1,1,1,10,2024,2,38,4.0,1000000.0,22431
8080743,1,2,1,10,2024,2,43,5.0,1000000.0,53668
8050987,1,2,1,10,2024,1,61,10.0,5000000.0,29392
8043790,1,1,1,10,2024,1,29,3.0,900000.0,12915
8046425,1,3,1,10,2024,1,44,5.0,3000000.0,19516
8044105,1,1,1,10,2024,1,69,10.0,2500000.0,13661
8052059,1,1,1,10,2024,1,30,8.0,2300000.0,31725
8048177,1,1,1,10,2024,1,55,10.0,3500000.0,23243
8040925,1,1,1,10,2024,1,31,5.0,1000000.0,6371
8048147,1,1,1,10,2024,2,43,10.0,1000000.0,23175
8052477,1,1,1,10,2024,2,46,4.0,570000.0,32879
8040421,1,2,1,10,2024,1,28,4.0,1300000.0,5172
8080217,1,2,1,10,2024,2,25,8.0,1300000.0,52590
8041610,1,2,1,10,2024,2,33,10.0,2000000.0,7965
8046723,1,3,1,10,2024,2,25,9.0,1500000.0,20289
8083107,1,1,1,10,2024,2,44,6.0,1400000.0,58351
8076138,1,2,1,10,2024,1,18,4.0,800000.0,43115
8045476,1,1,1,10,2024,1,58,5.0,700000.0,17384
8053280,1,1,1,10,2024,1,58,10.0,1400000.0,34771
8054269,1,2,1,10,2024,1,47,8.0,1300000.0,36837
8045944,1,1,1,10,2024,1,29,5.0,1350000.0,18300
8050013,1,2,1,10,2024,2,23,3.0,30000.0,26898
8079991,1,2,1,10,2024,1,56,3.0,800000.0,52033
8080783,1,3,1,10,2024,2,26,11.0,3500000.0,53746
8040234,2,3,2,10,2024,1,34,5.0,1300000.0,4752
8080552,1,1,1,10,2024,2,36,5.0,1200000.0,53302
8054722,1,1,1,10,2024,1,65,4.0,1300000.0,37901
8078469,1,1,1,10,2024,1,62,1.0,1200000.0,48491
8055331,1,1,1,10,2024,1,32,8.0,1500000.0,39188
8051246,1,1,1,10,2024,1,46,5.0,490000.0,29669
8083688,1,4,1,10,2024,1,23,5.0,500000.0,59559
8080935,1,1,1,10,2024,2,47,5.0,600000.0,54060
8052663,1,2,1,10,2024,1,70,3.0,700000.0,33349
8048601,1,6,1,10,2024,1,19,5.0,1300000.0,23996
8052984,1,13,1,10,2024,2,31,4.0,450000.0,34112
8041218,1,1,1,10,2024,1,33,8.0,4000000.0,7096
8056035,1,2,1,10,2024,1,67,4.0,950000.0,40456
8050826,1,1,1,10,2024,1,42,10.0,1700000.0,28941
8038261,1,3,1,10,2024,2,17,6.0,600000.0,199
8043416,1,1,1,10,2024,1,34,10.0,1300000.0,11918
8076083,1,2,1,10,2024,1,72,1.0,600000.0,42954
8054683,1,5,1,10,2024,1,30,10.0,1300000.0,37799
8075929,1,1,1,10,2024,1,67,1.0,350000.0,42471
8050547,1,1,1,10,2024,1,42,10.0,3600000.0,28275
8056099,1,2,1,10,2024,2,49,8.0,1600000.0,40596
8086860,1,1,1,10,2024,1,59,5.0,2500000.0,64600
8085785,1,1,1,10,2024,1,61,11.0,4000000.0,62860
8049740,1,2,1,10,2024,1,44,3.0,1600000.0,26237
8050104,1,1,1,10,2024,1,52,5.0,1502000.0,27117
8054879,1,1,1,10,2024,2,42,5.0,1200000.0,38270
8039657,1,2,1,10,2024,1,47,5.0,3000000.0,3449
8084549,1,2,1,10,2024,2,37,12.0,3200000.0,61404
8051964,1,1,1,10,2024,1,61,4.0,2600000.0,31517
8053068,1,1,1,10,2024,2,27,10.0,5200000.0,34341
8052141,1,5,1,10,2024,1,37,5.0,1300000.0,31961
8083110,1,2,1,10,2024,1,48,3.0,440000.0,58360
8053855,1,2,1,10,2024,1,20,10.0,960000.0,36022
8047750,1,3,1,10,2024,1,52,5.0,600000.0,22278
8045952,1,3,1,10,2024,1,22,5.0,750000.0,18326
8046518,1,2,1,10,2024,2,45,10.0,4000000.0,19750
8045126,1,2,1,10,2024,2,64,3.0,650000.0,16414
8083145,1,1,1,10,2024,2,53,5.0,1200000.0,58437
8053543,1,1,1,10,2024,1,69,5.0,1300000.0,35350
8048477,1,2,1,10,2024,2,34,5.0,1200000.0,23758
8048197,1,2,1,10,2024,2,55,3.0,300000.0,23263
8079998,1,2,1,10,2024,1,54,4.0,1300000.0,52047
8077404,1,5,1,10,2024,1,46,8.0,1300000.0,46183
8049077,1,1,1,10,2024,1,60,3.0,1400000.0,24868
8077296,1,1,1,10,2024,1,61,3.0,1500000.0,45935
8080097,1,4,1,10,2024,2,28,5.0,500000.0,52266
8046518,1,4,1,10,2024,2,29,8.0,1850000.0,19752
8053274,1,1,1,10,2024,1,43,10.0,2500000.0,34749
8039731,1,1,1,10,2024,1,53,5.0,1200000.0,3623
8055013,1,2,1,10,2024,2,67,4.0,150000.0,38562
8038307,1,1,1,10,2024,1,56,4.0,1300000.0,324
8086389,1,1,1,10,2024,1,61,9.0,3000000.0,63587
8039404,1,1,1,10,2024,1,48,8.0,0.0,2989
8045389,1,1,1,10,2024,1,51,5.0,2000000.0,17115
8080484,1,3,1,10,2024,1,23,6.0,1300000.0,53171
8079874,1,4,1,10,2024,1,25,5.0,1300000.0,51812
8083653,1,1,1,10,2024,1,53,3.0,500000.0,59488
8048005,1,2,1,10,2024,1,33,10.0,4200000.0,22841
8045768,1,4,1,10,2024,1,21,5.0,1500000.0,18137
8055422,1,2,1,10,2024,1,54,5.0,2000000.0,39360
8077386,1,1,1,10,2024,2,59,3.0,150000.0,46140
8078715,1,1,1,10,2024,1,55,3.0,1300000.0,48995
8084915,1,1,1,10,2024,2,58,4.0,900000.0,62193
8046410,1,1,1,10,2024,1,65,1.0,240000.0,19476
8044883,1,1,1,10,2024,2,20,8.0,1300000.0,15746
8084222,1,2,1,10,2024,2,22,5.0,300000.0,60741
8084054,1,3,1,10,2024,1,27,10.0,3622700.0,60378
8038602,1,1,1,10,2024,1,54,9.0,1600000.0,967
8078652,1,1,1,10,2024,1,21,5.0,1700000.0,48871
8076074,1,2,1,10,2024,1,30,5.0,1300000.0,42925
8049582,1,2,1,10,2024,1,67,3.0,1300000.0,25813
8039041,1,1,1,10,2024,1,53,4.0,500000.0,2123
8079402,1,1,1,10,2024,1,68,3.0,500000.0,50647
8042188,1,1,1,10,2024,1,33,5.0,1300000.0,9279
8052407,1,1,1,10,2024,1,34,5.0,800000.0,32720
8079721,1,2,1,10,2024,2,30,5.0,45000.0,51302
8076585,1,1,1,10,2024,2,58,10.0,100000.0,44206
8044951,1,2,1,10,2024,1,27,10.0,1000000.0,15912
8052085,1,1,1,10,2024,2,56,8.0,1300000.0,31806
8076107,1,7,1,10,2024,2,28,5.0,240000.0,43017
8050495,1,3,1,10,2024,1,28,5.0,2800000.0,28108
8078729,1,2,1,10,2024,1,39,3.0,1000000.0,49030
8079439,1,1,1,10,2024,1,54,1.0,1000000.0,50750
8044024,1,4,1,10,2024,2,19,5.0,1300000.0,13468
8044412,1,4,1,10,2024,2,45,10.0,250000.0,14467
8050757,1,1,1,10,2024,1,68,11.0,3800000.0,28752
8047623,1,4,1,10,2024,1,52,5.0,1300000.0,22003
8053860,1,1,1,10,2024,1,49,5.0,1500000.0,36031
8075772,1,1,1,10,2024,2,54,8.0,1800000.0,42030
8052961,1,2,1,10,2024,2,26,10.0,0.0,34038
8038442,1,1,1,10,2024,1,62,3.0,2000000.0,667
8045089,1,1,1,10,2024,2,46,3.0,870000.0,16306
8039147,1,1,1,10,2024,1,56,8.0,1300000.0,2438
8055260,1,1,1,10,2024,1,35,5.0,3400000.0,39057
8082574,1,1,1,10,2024,1,27,4.0,780000.0,57015
8047402,1,1,1,10,2024,1,64,4.0,600000.0,21587
8041208,1,3,1,10,2024,1,30,5.0,360000.0,7076
8051305,1,1,1,10,2024,1,27,6.0,1300000.0,29831
8056469,1,5,1,10,2024,1,21,10.0,650000.0,41389
8041756,1,1,1,10,2024,2,58,3.0,120000.0,8255
8077471,1,1,1,10,2024,1,34,4.0,1200000.0,46312
8082345,1,2,1,10,2024,2,51,5.0,1300000.0,56529
8041635,1,1,1,10,2024,1,27,10.0,2300000.0,8028
8042191,1,5,1,10,2024,1,21,5.0,700000.0,9290
8047403,1,1,1,10,2024,2,36,10.0,2500000.0,21589
8041847,1,2,1,10,2024,2,29,9.0,1300000.0,8409
8039069,1,4,1,10,2024,2,30,5.0,1300000.0,2200
8049783,3,3,3,10,2024,1,26,4.0,900000.0,26350
8082316,1,2,1,10,2024,2,20,10.0,700000.0,56453
8076706,1,1,1,10,2024,1,42,5.0,600000.0,44498
8051471,1,1,1,10,2024,2,47,3.0,1300000.0,30274
8043403,1,1,1,10,2024,1,42,12.0,6000000.0,11881
8084328,1,1,1,10,2024,2,51,10.0,1000000.0,60973
8051511,1,1,1,10,2024,2,28,10.0,6000000.0,30378
8045923,1,1,1,10,2024,1,65,3.0,1280000.0,18238
8038383,1,6,1,10,2024,1,52,4.0,2400000.0,532
8053310,1,2,1,10,2024,2,49,5.0,700000.0,34853
8075843,1,1,1,10,2024,1,37,4.0,2000000.0,42220
8081139,1,2,1,10,2024,1,55,5.0,1200000.0,54459
8078020,1,1,1,10,2024,2,51,3.0,360000.0,47478
8083584,1,1,1,10,2024,2,45,12.0,6500000.0,59362
8045464,1,1,1,10,2024,1,45,10.0,6000000.0,17349
8078853,1,1,1,10,2024,2,43,3.0,1250000.0,49293
8040948,1,2,1,10,2024,1,32,5.0,1300000.0,6423
8085835,1,2,1,10,2024,1,48,4.0,1100000.0,62946
8054312,1,1,1,10,2024,1,73,1.0,600000.0,36971
8044730,1,3,1,10,2024,2,32,3.0,400000.0,15347
8085750,1,1,1,10,2024,1,86,3.0,300000.0,62782
8083178,1,1,1,10,2024,2,54,12.0,4200000.0,58480
8044760,1,2,1,10,2024,2,75,10.0,3800000.0,15407
8077244,1,1,1,10,2024,1,25,4.0,1300000.0,45824
8056351,1,1,1,10,2024,2,46,11.0,5000000.0,41133
8051788,1,1,1,10,2024,1,46,12.0,7800000.0,31047
8050043,1,2,1,10,2024,1,48,3.0,800000.0,26977
8046578,1,5,1,10,2024,1,34,5.0,1470000.0,19945
8055867,1,1,1,10,2024,1,61,5.0,700000.0,40161
8079739,1,1,1,10,2024,2,41,5.0,1300000.0,51387
8041345,1,1,1,10,2024,2,53,3.0,820000.0,7309
8040368,1,1,1,10,2024,2,56,5.0,1600000.0,5048
8048197,1,3,1,10,2024,1,21,3.0,100000.0,23264
8044909,1,2,1,10,2024,1,28,3.0,1300000.0,15819
8052671,1,2,1,10,2024,2,38,4.0,120000.0,33368
8051247,1,2,1,10,2024,2,30,5.0,1000000.0,29672
8043697,1,1,1,10,2024,1,56,3.0,1000000.0,12653
8044800,1,3,1,10,2024,2,30,4.0,600000.0,15496
8043276,1,2,1,10,2024,1,34,5.0,1300000.0,11548
8084559,1,6,1,10,2024,2,22,4.0,1285000.0,61437
8050869,1,1,1,10,2024,2,37,5.0,400000.0,29052
8077024,1,1,1,10,2024,1,56,3.0,1300000.0,45191
8044438,1,1,1,10,2024,1,33,5.0,1300000.0,14546
8041041,1,2,1,10,2024,2,35,5.0,1300000.0,6654
8079896,1,1,1,10,2024,1,31,8.0,2400000.0,51874
8039031,1,6,1,10,2024,2,34,10.0,3000000.0,2081
8044895,1,2,1,10,2024,2,28,10.0,1300000.0,15781
8040212,1,2,1,10,2024,2,42,11.0,4500000.0,4680
8083116,1,2,1,10,2024,2,52,9.0,1600000.0,58376
8038399,1,1,1,10,2024,1,26,8.0,1000000.0,565
8078423,1,1,1,10,2024,2,33,4.0,700000.0,48373
8055786,1,2,1,10,2024,2,54,4.0,180000.0,39964
8079266,1,1,1,10,2024,1,36,4.0,300000.0,50328
8049200,1,1,1,10,2024,2,40,6.0,620000.0,25092
8043376,1,1,1,10,2024,1,31,5.0,400000.0,11816
8040710,1,1,1,10,2024,1,62,6.0,3000000.0,5824
8076628,1,1,1,10,2024,1,33,5.0,2000000.0,44316
8055007,1,1,1,10,2024,1,61,6.0,2000000.0,38543
8050192,1,3,1,10,2024,1,25,5.0,300000.0,27311
8041483,1,3,1,10,2024,2,21,5.0,200000.0,7674
8052954,1,1,1,10,2024,2,21,5.0,800000.0,34018
8049985,1,6,1,10,2024,2,27,3.0,500000.0,26826
8043758,1,2,1,10,2024,1,30,5.0,1500000.0,12824
8043786,1,1,1,10,2024,1,52,5.0,900000.0,12902
8046096,1,1,1,10,2024,1,61,4.0,1400000.0,18709
8077720,1,2,1,10,2024,1,38,6.0,2400000.0,46801
8051954,1,1,1,10,2024,1,56,10.0,6700000.0,31502
8054054,1,3,1,10,2024,1,42,5.0,1200000.0,36399
8054202,1,1,1,10,2024,1,27,8.0,500000.0,36731
8079810,1,4,1,10,2024,1,53,1.0,1300000.0,51618
8046703,1,1,1,10,2024,1,55,12.0,5600000.0,20241
8075678,1,1,1,10,2024,2,46,3.0,1000000.0,41794
8056473,1,1,1,10,2024,1,41,5.0,700000.0,41396
8053538,1,1,1,10,2024,1,62,5.0,2400000.0,35337
8041648,1,4,1,10,2024,1,20,5.0,1680000.0,8064
8055445,1,2,1,10,2024,2,37,5.0,700000.0,39384
8055617,1,1,1,10,2024,2,28,8.0,1500000.0,39636
8044022,1,1,1,10,2024,2,55,3.0,300000.0,13462
8039396,1,1,1,10,2024,1,34,10.0,1900000.0,2969
8046159,1,1,1,10,2024,2,62,3.0,1000000.0,18842
8077317,1,1,1,10,2024,1,54,1.0,1830000.0,45980
8046007,1,1,1,10,2024,1,72,5.0,700000.0,18477
8045130,1,1,1,10,2024,2,49,5.0,1300000.0,16423
8075723,1,3,1,10,2024,2,29,10.0,1800000.0,41908
8045757,1,2,1,10,2024,1,34,8.0,2000000.0,18115
8084810,1,1,1,10,2024,2,42,11.0,3800000.0,61953
8046046,1,2,1,10,2024,1,43,3.0,0.0,18575
8038199,1,1,1,10,2024,1,37,3.0,1200000.0,38
8038390,1,1,1,10,2024,1,33,4.0,1200000.0,544
8084156,1,5,1,10,2024,1,20,5.0,850000.0,60556
8083215,1,1,1,10,2024,1,37,5.0,2500000.0,58570
8076764,1,2,1,10,2024,1,27,12.0,2600000.0,44644
8044800,1,6,1,10,2024,2,24,4.0,900000.0,15499
8077680,1,1,1,10,2024,2,54,4.0,1150000.0,46732
8080410,1,1,1,10,2024,2,45,10.0,3000000.0,53089
8049506,1,3,1,10,2024,2,25,4.0,900000.0,25631
8084435,1,2,1,10,2024,1,56,3.0,1300000.0,61202
8040194,1,3,1,10,2024,1,23,5.0,1420000.0,4632
8048125,1,1,1,10,2024,1,55,10.0,1500000.0,23108
8051326,1,1,1,10,2024,1,38,5.0,500000.0,29892
8044680,1,2,1,10,2024,2,55,5.0,1300000.0,15217
8079330,1,1,1,10,2024,1,21,4.0,1250000.0,50508
8054371,1,1,1,10,2024,1,51,8.0,4000000.0,37101
8078751,1,2,1,10,2024,2,40,5.0,1300000.0,49085
8085681,1,1,1,10,2024,1,60,3.0,850000.0,62620
8078826,1,1,1,10,2024,2,44,4.0,1100000.0,49237
8039277,1,3,1,10,2024,2,35,11.0,2500000.0,2761
8083288,1,2,1,10,2024,2,22,5.0,300000.0,58750
8078233,1,1,1,10,2024,1,51,5.0,1100000.0,47950
8044547,1,2,1,10,2024,2,28,10.0,1600000.0,14861
8085093,1,2,1,10,2024,1,28,4.0,1000000.0,62602
8085798,1,1,1,10,2024,1,33,10.0,1462000.0,62895
8047365,1,1,1,10,2024,1,30,8.0,3000000.0,21518
8049827,1,3,1,10,2024,1,21,5.0,1200000.0,26472
8040476,1,1,1,10,2024,2,56,5.0,500000.0,5323
8053392,1,4,1,10,2024,2,23,9.0,50000.0,35098
8043797,1,2,1,10,2024,1,58,4.0,1000000.0,12938
8054390,1,1,1,10,2024,1,45,5.0,400000.0,37152
8045555,1,3,1,10,2024,2,30,9.0,1462000.0,17594
8049972,1,1,1,10,2024,2,62,5.0,1300000.0,26784
8040970,1,5,1,10,2024,1,42,5.0,1100000.0,6472
8047621,1,3,1,10,2024,1,24,5.0,1800000.0,21998
8081415,1,1,1,10,2024,2,56,5.0,5000000.0,55110
8043003,1,1,1,10,2024,1,57,8.0,1300000.0,10925
8044539,1,2,1,10,2024,2,38,11.0,9000000.0,14837
8054299,1,3,1,10,2024,2,34,5.0,750000.0,36930
8046352,1,2,1,10,2024,1,20,9.0,1300000.0,19352
8052172,1,1,1,10,2024,2,51,4.0,1200000.0,32019
8076370,1,1,1,10,2024,1,43,5.0,780000.0,43685
8048208,1,1,1,10,2024,1,35,5.0,920000.0,23272
8078551,1,1,1,10,2024,1,64,1.0,280000.0,48654
8050966,1,2,1,10,2024,1,66,10.0,2000000.0,29337
8049852,1,2,1,10,2024,1,44,5.0,1462000.0,26510
8083644,1,2,1,10,2024,1,24,5.0,1200000.0,59473
8050953,1,1,1,10,2024,2,45,3.0,1000000.0,29296
8041079,1,1,1,10,2024,1,18,5.0,1200000.0,6734
8052717,1,2,1,10,2024,2,40,3.0,1375000.0,33425
8042179,1,3,1,10,2024,1,20,5.0,550000.0,9250
8078356,1,1,1,10,2024,1,47,4.0,500000.0,48265
8083877,1,2,1,10,2024,1,29,8.0,1000000.0,59945
8083440,1,1,1,10,2024,2,34,5.0,1600000.0,59078
8082897,1,1,1,10,2024,2,45,5.0,1520000.0,57867
8078350,1,1,1,10,2024,1,75,3.0,180000.0,48247
8043313,1,1,1,10,2024,2,39,5.0,250000.0,11653
8053616,1,2,1,10,2024,2,48,10.0,1800000.0,35539
8054111,1,4,1,10,2024,1,36,5.0,600000.0,36515
8080608,1,1,1,10,2024,2,42,4.0,1000000.0,53422
8078778,1,3,1,10,2024,1,46,3.0,1300000.0,49139
8079805,1,1,1,10,2024,1,52,9.0,1300000.0,51600
8084334,1,1,1,10,2024,1,50,5.0,1000000.0,60988
8047211,1,1,1,10,2024,2,53,1.0,600000.0,21201
8040023,1,1,1,10,2024,2,46,5.0,1300000.0,4189
8041026,1,2,1,10,2024,1,54,3.0,1800000.0,6622
8082947,1,3,1,10,2024,2,26,10.0,1800000.0,57966
8052248,1,2,1,10,2024,1,37,4.0,450000.0,32238
8082902,1,1,1,10,2024,1,56,3.0,600000.0,57877
8040767,1,1,1,10,2024,1,72,3.0,1200000.0,5991
8050608,1,1,1,10,2024,2,55,9.0,1000000.0,28426
8051060,1,2,1,10,2024,1,44,5.0,1200000.0,29582
8082611,1,1,1,10,2024,2,55,5.0,1200000.0,57101
8044642,1,2,1,10,2024,2,32,8.0,1400000.0,15114
8046182,1,3,1,10,2024,1,15,3.0,1200000.0,18903
8078946,1,1,1,10,2024,2,65,3.0,1500000.0,49507
8040828,1,1,1,10,2024,1,45,11.0,3900000.0,6112
8042569,1,2,1,10,2024,2,62,5.0,200000.0,10079
8054647,1,1,1,10,2024,1,20,5.0,1300000.0,37724
8044426,1,3,1,10,2024,2,64,1.0,920000.0,14518
8081585,1,2,1,10,2024,1,76,3.0,300000.0,55441
8078931,1,1,1,10,2024,1,53,3.0,1500000.0,49471
8043039,1,1,1,10,2024,2,55,5.0,2200000.0,10994
8048231,1,2,1,10,2024,2,41,5.0,800000.0,23314
8052773,1,2,1,10,2024,2,51,3.0,480000.0,33557
8079208,1,1,1,10,2024,1,44,5.0,600000.0,50124
8078115,1,1,1,10,2024,1,75,3.0,500000.0,47667
8077605,1,1,1,10,2024,2,24,6.0,688000.0,46583
8041574,1,1,1,10,2024,1,72,1.0,500000.0,7887
8053728,1,2,1,10,2024,1,39,4.0,1300000.0,35821
8043288,1,1,1,10,2024,1,21,5.0,1300000.0,11588
8051633,1,2,1,10,2024,1,43,10.0,1300000.0,30652
8053434,1,1,1,10,2024,1,42,9.0,1300000.0,35169
8046684,1,1,1,10,2024,2,54,9.0,1760000.0,20186
8077725,1,2,1,10,2024,2,52,5.0,400000.0,46823
8083520,1,1,1,10,2024,1,56,5.0,1300000.0,59221
8055567,1,2,1,10,2024,1,50,4.0,1720000.0,39554
8055318,1,1,1,10,2024,2,38,3.0,1300000.0,39153
8053330,1,3,1,10,2024,1,32,8.0,2000000.0,34906
8039292,1,2,1,10,2024,1,49,11.0,3700000.0,2806
8052297,1,1,1,10,2024,2,43,4.0,768000.0,32375
8042131,1,2,1,10,2024,1,41,4.0,800000.0,9132
8085036,1,1,1,10,2024,2,67,3.0,500000.0,62483
8051458,1,3,1,10,2024,2,33,9.0,1600000.0,30248
8051979,1,1,1,10,2024,1,55,5.0,1400000.0,31555
8050364,1,1,1,10,2024,1,42,5.0,1950000.0,27770
8038404,1,3,1,10,2024,2,25,5.0,2080000.0,587
8083553,1,1,1,10,2024,2,58,8.0,1300000.0,59292
8080877,1,2,1,10,2024,1,62,3.0,300000.0,53935
8053261,1,1,1,10,2024,1,44,5.0,140000.0,34735
8082919,1,1,1,10,2024,2,32,5.0,1300000.0,57912
8038536,1,3,1,10,2024,1,30,5.0,1300000.0,862
8044651,1,1,1,10,2024,2,49,8.0,2500000.0,15143
8055027,1,3,1,10,2024,2,36,12.0,3400000.0,38606
8053631,1,1,1,10,2024,2,35,5.0,1450000.0,35573
8054752,1,1,1,10,2024,1,54,11.0,3900000.0,37972
8075640,1,1,1,10,2024,1,31,5.0,1600000.0,41691
8080129,1,1,1,10,2024,1,54,3.0,300000.0,52365
8076451,1,2,1,10,2024,1,39,5.0,1800000.0,43881
8079650,1,1,1,10,2024,1,54,5.0,1000000.0,51136
8039324,1,1,1,10,2024,1,47,10.0,3000000.0,2888
8076118,1,1,1,10,2024,2,47,8.0,1800000.0,43057
8040284,1,2,1,10,2024,1,48,5.0,1300000.0,4854
8044012,1,2,1,10,2024,1,33,5.0,600000.0,13441
8051909,1,4,1,10,2024,2,43,8.0,1600000.0,31388
8043963,1,2,1,10,2024,1,33,10.0,500000.0,13352
8046753,1,1,1,10,2024,1,29,5.0,2500000.0,20361
8043267,1,2,1,10,2024,1,53,1.0,800000.0,11532
8042790,1,4,1,10,2024,1,29,5.0,600000.0,10552
8053844,1,1,1,10,2024,2,44,5.0,1540000.0,35996
8044075,1,1,1,10,2024,2,56,3.0,1300000.0,13599
8076200,1,4,1,10,2024,1,72,1.0,500000.0,43306
8055041,1,1,1,10,2024,1,41,10.0,17000000.0,38649
8076452,1,1,1,10,2024,1,29,9.0,1300000.0,43883
8083208,1,1,1,10,2024,1,49,3.0,500000.0,58553
8042068,1,3,1,10,2024,1,19,10.0,0.0,8944
8044836,1,1,1,10,2024,2,29,5.0,600000.0,15614
8050187,3,2,3,10,2024,2,19,5.0,70000.0,27297
8040957,1,2,1,10,2024,2,55,10.0,600000.0,6436
8053402,1,3,1,10,2024,2,20,8.0,1600000.0,35129
8046199,1,2,1,10,2024,2,23,10.0,730000.0,18949
8047192,1,1,1,10,2024,2,33,3.0,1040000.0,21157
8076081,1,1,1,10,2024,1,44,5.0,1500000.0,42943
8052876,1,2,1,10,2024,1,42,8.0,300000.0,33811
8047842,1,1,1,10,2024,1,53,5.0,3000000.0,22509
8083820,1,1,1,10,2024,1,47,5.0,1800000.0,59815
8038667,1,1,1,10,2024,1,42,8.0,2000000.0,1150
8048673,1,1,1,10,2024,1,33,9.0,2924776.0,24086
8056031,1,3,1,10,2024,1,30,5.0,3000000.0,40453
8053180,1,1,1,10,2024,1,67,5.0,2000000.0,34542
8052665,1,1,1,10,2024,1,51,3.0,500000.0,33352
8052656,1,1,1,10,2024,2,44,5.0,150000.0,33327
8048087,1,2,1,10,2024,2,26,10.0,1300000.0,23018
8049148,1,1,1,10,2024,2,63,3.0,480000.0,25011
8049622,1,2,1,10,2024,2,26,5.0,150000.0,25920
8041670,1,1,1,10,2024,1,77,5.0,3000000.0,8115
8055660,1,2,1,10,2024,2,64,4.0,1300000.0,39734
8044274,1,2,1,10,2024,2,40,8.0,,14072
8052585,1,2,1,10,2024,1,46,5.0,1200000.0,33177
8045353,1,1,1,10,2024,2,37,9.0,1300000.0,17012
8052521,1,1,1,10,2024,1,44,3.0,800000.0,32994
8054161,1,2,1,10,2024,2,23,9.0,1300000.0,36623
8053788,1,3,1,10,2024,1,31,5.0,1300000.0,35879
8038844,1,3,1,10,2024,1,42,5.0,1300000.0,1627
8082973,1,1,1,10,2024,2,44,5.0,1000000.0,58022
8052967,1,1,1,10,2024,2,43,4.0,200000.0,34058
8085714,1,1,1,10,2024,1,70,1.0,520000.0,62682
8038818,1,2,1,10,2024,2,34,5.0,2000000.0,1566
8046047,1,1,1,10,2024,1,40,3.0,0.0,18578
8049702,1,2,1,10,2024,2,18,4.0,500000.0,26121
8050682,1,3,1,10,2024,2,24,5.0,500000.0,28582
8078866,1,1,1,10,2024,1,49,5.0,1500000.0,49315
8045041,1,1,1,10,2024,2,39,10.0,1338000.0,16177
8043547,1,1,1,10,2024,2,55,4.0,1400000.0,12296
8079482,1,1,1,10,2024,1,52,11.0,5000000.0,50844
8084277,1,1,1,10,2024,1,51,3.0,1800000.0,60866
8078810,1,1,1,10,2024,2,44,3.0,500000.0,49198
8052439,1,1,1,10,2024,1,29,5.0,400000.0,32795
8043392,1,1,1,10,2024,2,48,5.0,1300000.0,11851
8040217,1,2,1,10,2024,2,31,10.0,2720000.0,4700
8040444,1,2,1,10,2024,1,33,5.0,1200000.0,5241
8081523,1,2,1,10,2024,2,53,3.0,1300000.0,55353
8046113,1,2,1,10,2024,1,49,3.0,600000.0,18743
8043254,1,1,1,10,2024,1,59,1.0,3050000.0,11499
8049121,1,2,1,10,2024,1,37,5.0,2000000.0,24952
8042664,1,1,1,10,2024,1,44,9.0,4000000.0,10253
8045266,1,2,1,10,2024,1,60,4.0,800000.0,16799
8077882,1,2,1,10,2024,2,60,3.0,100000.0,47137
8078056,1,4,1,10,2024,2,27,10.0,600000.0,47545
8075932,1,2,1,10,2024,1,46,1.0,300000.0,42480
8046362,1,2,1,10,2024,1,35,10.0,3200000.0,19379
8086624,1,2,1,10,2024,2,23,6.0,600000.0,64158
8075860,1,1,1,10,2024,2,60,5.0,2000000.0,42278
8044056,1,1,1,10,2024,1,22,5.0,1400000.0,13540
8049333,1,1,1,10,2024,1,30,4.0,1000000.0,25382
8084657,1,2,1,10,2024,2,50,3.0,640000.0,61624
8080233,1,3,1,10,2024,1,51,5.0,900000.0,52638
8044676,1,1,1,10,2024,1,61,8.0,2500000.0,15201
8041641,1,2,1,10,2024,2,67,5.0,1000000.0,8041
8045303,1,2,1,10,2024,1,73,3.0,1500000.0,16893
8076894,1,1,1,10,2024,1,44,5.0,1450000.0,44911
8043528,1,1,1,10,2024,2,49,3.0,1300000.0,12249
8045330,1,1,1,10,2024,2,42,5.0,1300000.0,16959
8051430,1,1,1,10,2024,1,58,3.0,2000000.0,30181
8084624,1,1,1,10,2024,1,40,5.0,1400000.0,61529
8051313,1,1,1,10,2024,2,41,3.0,1300000.0,29860
8039966,1,1,1,10,2024,2,50,9.0,2600000.0,4093
8046857,1,1,1,10,2024,1,46,10.0,8500000.0,20584
8045035,1,2,1,10,2024,2,29,5.0,1300000.0,16165
8080639,1,5,1,10,2024,1,29,9.0,1460000.0,53484
8045488,1,4,1,10,2024,1,63,3.0,25000.0,17418
8048141,1,2,1,10,2024,1,25,4.0,200000.0,23161
8055321,1,1,1,10,2024,1,60,5.0,1500000.0,39163
8045086,1,3,1,10,2024,1,31,6.0,2100000.0,16297
8077028,1,1,1,10,2024,2,53,5.0,1300000.0,45199
8040567,1,2,1,10,2024,1,47,1.0,500000.0,5532
8042475,1,2,1,10,2024,2,57,4.0,450000.0,9892
8039944,1,1,1,10,2024,2,49,5.0,1020000.0,4059
8079889,1,2,1,10,2024,1,65,10.0,1500000.0,51862
8055573,1,1,1,10,2024,2,44,13.0,7000000.0,39568
8076697,1,2,1,10,2024,1,63,3.0,300000.0,44469
8043520,1,1,1,10,2024,2,52,8.0,350000.0,12229
8048780,1,1,1,10,2024,1,42,4.0,1462000.0,24273
8042578,1,1,1,10,2024,1,41,6.0,1650000.0,10094
8053962,1,3,1,10,2024,2,18,5.0,1300000.0,36236
8078805,1,1,1,10,2024,1,39,3.0,1600000.0,49187
8055486,1,1,1,10,2024,2,28,8.0,2300000.0,39443
8044155,1,1,1,10,2024,1,41,5.0,1600000.0,13774
8053484,1,1,1,10,2024,1,64,3.0,1300000.0,35239
8084560,1,1,1,10,2024,2,51,11.0,2800000.0,61442
8039724,1,1,1,10,2024,1,55,3.0,900000.0,3602
8049251,1,2,1,10,2024,1,24,5.0,800000.0,25194
8081281,1,2,1,10,2024,1,50,5.0,500000.0,54779
8052595,1,1,1,10,2024,2,35,10.0,1800000.0,33200
8038779,1,1,1,10,2024,1,36,5.0,900000.0,1494
8081118,1,1,1,10,2024,2,56,3.0,400000.0,54428
8044497,1,1,1,10,2024,2,67,8.0,1300000.0,14697
8039944,1,2,1,10,2024,1,51,5.0,500000.0,4060
8055814,1,2,1,10,2024,2,37,11.0,5000000.0,40040
8085772,1,2,1,10,2024,1,53,3.0,1300000.0,62821
8044418,1,2,1,10,2024,1,39,4.0,1300000.0,14487
8041933,1,1,1,10,2024,1,28,5.0,1000000.0,8647
8040937,1,1,1,10,2024,2,42,4.0,130000.0,6394
8052270,1,1,1,10,2024,2,55,8.0,350000.0,32293
8086653,2,1,2,10,2024,2,51,4.0,542000.0,64237
8050742,1,1,1,10,2024,2,52,11.0,4800000.0,28715
8077029,1,3,1,10,2024,1,21,5.0,600000.0,45205
8045778,1,2,1,10,2024,1,43,3.0,800000.0,18156
8039202,1,3,1,10,2024,2,30,10.0,1600000.0,2573
8055690,1,1,1,10,2024,1,41,10.0,4680000.0,39826
8085036,1,2,1,10,2024,1,35,5.0,2000000.0,62484
8078711,1,1,1,10,2024,1,42,10.0,4000000.0,48988
8046480,1,4,1,10,2024,2,24,3.0,2100000.0,19646
8040418,1,2,1,10,2024,1,64,3.0,1200000.0,5164
8077078,1,1,1,10,2024,1,89,3.0,1300000.0,45358
8053656,1,1,1,10,2024,1,51,4.0,1500000.0,35625
8050873,1,1,1,10,2024,2,47,5.0,2000000.0,29060
8041120,1,1,1,10,2024,2,39,5.0,700000.0,6847
8084786,1,1,1,10,2024,2,62,3.0,1200000.0,61910
8047207,1,2,1,10,2024,1,43,3.0,1300000.0,21192
8083287,1,1,1,10,2024,1,39,11.0,6000000.0,58746
8053575,1,2,1,10,2024,1,18,5.0,1500000.0,35427
8056096,1,1,1,10,2024,2,35,5.0,1300000.0,40590
8082303,1,1,1,10,2024,2,49,4.0,300000.0,56427
8040956,1,2,1,10,2024,2,21,5.0,1400000.0,6433
8038623,1,1,1,10,2024,1,53,11.0,4500000.0,1032
8055447,1,2,1,10,2024,1,41,5.0,1200000.0,39391
8082183,1,2,1,10,2024,2,46,5.0,1100000.0,56254
8055324,1,1,1,10,2024,1,62,4.0,450000.0,39167
8080382,1,1,1,10,2024,1,55,3.0,2000000.0,53014
8055382,1,3,1,10,2024,1,27,12.0,2400000.0,39293
8047762,1,2,1,10,2024,1,33,10.0,3400000.0,22313
8051775,1,2,1,10,2024,2,30,9.0,1800000.0,31018
8045393,1,1,1,10,2024,1,47,9.0,1500000.0,17126
8082522,1,1,1,10,2024,1,40,10.0,3300000.0,56898
8045787,1,1,1,10,2024,1,35,9.0,2000000.0,18178
8048520,1,2,1,10,2024,1,51,3.0,1300000.0,23843
8048125,1,3,1,10,2024,1,34,10.0,5000000.0,23110
8043911,1,2,1,10,2024,2,35,5.0,1300000.0,13202
8049287,1,3,1,10,2024,1,31,10.0,6000000.0,25282
8046018,1,1,1,10,2024,2,53,3.0,200000.0,18507
8043136,1,2,1,10,2024,1,20,4.0,1150000.0,11235
8078005,1,2,1,10,2024,2,59,3.0,400000.0,47441
8045460,1,2,1,10,2024,2,35,12.0,6000000.0,17337
8043640,1,2,1,10,2024,1,46,5.0,1300000.0,12507
8086241,1,2,1,10,2024,2,18,5.0,1000000.0,63344
8045343,1,1,1,10,2024,1,30,12.0,4600000.0,16993
8084130,1,1,1,10,2024,1,21,10.0,2400000.0,60539
8039198,1,2,1,10,2024,2,52,9.0,3400000.0,2562
8077100,1,2,1,10,2024,1,28,8.0,1800000.0,45432
8083033,1,2,1,10,2024,1,43,10.0,2800000.0,58176
8052898,1,1,1,10,2024,1,47,3.0,960000.0,33860
8045082,1,1,1,10,2024,2,70,5.0,150000.0,16287
8045300,1,3,1,10,2024,1,21,5.0,1360000.0,16885
8076163,1,2,1,10,2024,2,46,1.0,180000.0,43185
8051327,1,2,1,10,2024,2,34,8.0,1000000.0,29895
8077539,1,1,1,10,2024,1,56,3.0,250000.0,46428
8049120,1,2,1,10,2024,2,38,5.0,1300000.0,24948
8052400,1,3,1,10,2024,1,20,4.0,400000.0,32705
8049045,1,3,1,10,2024,2,40,8.0,1300000.0,24813
8076758,1,1,1,10,2024,2,36,10.0,2000000.0,44624
8086371,1,1,1,10,2024,1,61,9.0,3000000.0,63551
8077421,1,1,1,10,2024,2,20,5.0,1540000.0,46218
8082734,1,1,1,10,2024,1,27,5.0,800000.0,57448
8078990,1,1,1,10,2024,1,60,8.0,1000000.0,49610
8046795,1,2,1,10,2024,1,27,3.0,2000000.0,20455
8086585,1,4,1,10,2024,1,38,10.0,1500000.0,64061
8041052,1,2,1,10,2024,1,34,5.0,1500000.0,6682
8042852,1,1,1,10,2024,1,62,3.0,400000.0,10699
8042782,1,1,1,10,2024,1,62,11.0,6000000.0,10523
8041114,1,2,1,10,2024,2,28,5.0,1300000.0,6826
8086733,1,2,1,10,2024,1,31,4.0,1000000.0,64402
8043486,1,4,1,10,2024,1,52,3.0,450000.0,12113
8078197,1,1,1,10,2024,2,44,6.0,1300000.0,47848
8041559,1,3,1,10,2024,2,38,5.0,1500000.0,7849
8051290,1,2,1,10,2024,2,43,5.0,5240000.0,29780
8053932,1,1,1,10,2024,2,49,5.0,800000.0,36167
8052253,1,1,1,10,2024,1,25,3.0,1050000.0,32251
8082864,1,1,1,10,2024,2,40,5.0,500000.0,57770
8084524,1,2,1,10,2024,1,22,5.0,120000.0,61358
8078720,1,1,1,10,2024,1,51,4.0,1900000.0,49007
8055208,1,2,1,10,2024,1,72,3.0,720000.0,38949
8050383,1,3,1,10,2024,2,26,10.0,3000000.0,27817
8076527,1,2,1,10,2024,1,33,8.0,1000000.0,44094
8056457,1,1,1,10,2024,1,47,5.0,3200000.0,41365
8044618,1,1,1,10,2024,1,36,11.0,3900000.0,15048
8086363,1,1,1,10,2024,1,61,9.0,3000000.0,63535
8044873,1,1,1,10,2024,1,60,4.0,600000.0,15728
8047626,1,1,1,10,2024,1,52,8.0,1500000.0,22010
8055662,1,2,1,10,2024,2,39,8.0,1300000.0,39741
8079221,1,1,1,10,2024,2,23,5.0,90000.0,50169
8052092,1,1,1,10,2024,2,63,3.0,600000.0,31825
8078307,1,4,1,10,2024,1,16,3.0,600000.0,48138
8051003,1,1,1,10,2024,1,57,5.0,2000000.0,29443
8076835,1,1,1,10,2024,1,47,5.0,1300000.0,44798
8048566,1,2,1,10,2024,2,44,4.0,1000000.0,23932
8080561,1,1,1,10,2024,2,56,5.0,1420000.0,53320
8039376,1,1,1,10,2024,2,35,8.0,2000000.0,2926
8079057,1,1,1,10,2024,1,58,3.0,1500000.0,49776
8052778,1,2,1,10,2024,1,23,6.0,2600000.0,33574
8050194,1,1,1,10,2024,2,29,8.0,100000.0,27316
8081139,1,3,1,10,2024,1,21,5.0,600000.0,54460
8085799,1,1,1,10,2024,1,35,5.0,3000000.0,62896
8082647,1,6,1,10,2024,2,55,8.0,800000.0,57205
8044523,1,1,1,10,2024,2,77,4.0,400000.0,14783
8079901,1,1,1,10,2024,1,64,11.0,25000000.0,51888
8078961,1,2,1,10,2024,2,43,3.0,840000.0,49555
8053263,1,2,1,10,2024,2,33,8.0,1500000.0,34743
8047346,1,1,1,10,2024,1,36,4.0,800000.0,21479
8048824,1,1,1,10,2024,2,45,5.0,1200000.0,24368
8049547,1,2,1,10,2024,1,72,3.0,100000.0,25728
8044096,1,2,1,10,2024,2,42,9.0,3500000.0,13651
8052184,1,1,1,10,2024,1,44,5.0,750000.0,32043
8049492,1,2,1,10,2024,1,62,1.0,980000.0,25597
8083399,1,1,1,10,2024,2,35,9.0,1200000.0,58983
8040426,1,2,1,10,2024,2,29,8.0,700000.0,5185
8056020,1,1,1,10,2024,1,23,10.0,1300000.0,40439
8039893,1,3,1,10,2024,2,29,5.0,250000.0,3919
8052010,1,1,1,10,2024,2,60,4.0,1400000.0,31618
8041818,1,2,1,10,2024,1,42,9.0,1600000.0,8333
8083808,1,2,1,10,2024,1,60,3.0,800000.0,59787
8045258,1,1,1,10,2024,1,65,5.0,1500000.0,16778
8084701,1,2,1,10,2024,2,47,5.0,1800000.0,61715
8050141,1,1,1,10,2024,1,38,5.0,1300000.0,27188
8082379,1,1,1,10,2024,2,46,3.0,720000.0,56591
8052283,1,3,1,10,2024,2,40,5.0,400000.0,32324
8051536,1,1,1,10,2024,1,61,9.0,3000000.0,30433
8045541,1,2,1,10,2024,2,54,10.0,5000000.0,17561
8054528,1,2,1,10,2024,1,29,10.0,2054000.0,37472
8047836,1,1,1,10,2024,1,62,9.0,2000000.0,22496
8040160,1,1,1,10,2024,1,51,5.0,1000000.0,4513
8075821,1,1,1,10,2024,1,57,3.0,1500000.0,42168
8041107,1,1,1,10,2024,2,37,8.0,600000.0,6795
8056376,1,2,1,10,2024,2,58,5.0,1300000.0,41198
8052405,1,2,1,10,2024,1,48,3.0,10000000.0,32716
8079937,1,1,1,10,2024,1,43,5.0,1300000.0,51944
8053521,1,2,1,10,2024,2,44,4.0,1500000.0,35302
8041905,1,1,1,10,2024,1,22,9.0,1300000.0,8568
8050279,1,1,1,10,2024,1,29,5.0,1650000.0,27534
8083248,1,2,1,10,2024,1,39,3.0,1250000.0,58659
8081929,1,2,1,10,2024,1,32,10.0,2200000.0,55871
8056011,1,2,1,10,2024,2,56,10.0,3600000.0,40423
8046913,1,2,1,10,2024,2,45,9.0,1300000.0,20720
8079810,1,6,1,10,2024,1,39,8.0,700000.0,51620
8044908,1,3,1,10,2024,1,4,1.0,,15817
8077929,1,2,1,10,2024,2,37,3.0,280000.0,47243
8050583,1,1,1,10,2024,2,30,5.0,330000.0,28364
8050217,1,1,1,10,2024,1,46,3.0,2100000.0,27378
8045947,1,1,1,10,2024,1,39,10.0,3200000.0,18309
8038332,1,3,1,10,2024,1,31,4.0,1600000.0,397
8053933,1,1,1,10,2024,2,35,10.0,3000000.0,36170
8044650,1,7,1,10,2024,2,63,3.0,120000.0,15142
8083037,1,1,1,10,2024,1,26,10.0,2000000.0,58180
8044383,1,1,1,10,2024,1,54,5.0,1300000.0,14395
8038334,1,2,1,10,2024,2,28,10.0,3000000.0,401
8038631,1,2,1,10,2024,2,39,9.0,1600000.0,1053
8038234,1,1,1,10,2024,1,53,3.0,1300000.0,124
8047271,1,2,1,10,2024,2,39,10.0,1400000.0,21329
8084559,1,2,1,10,2024,1,43,4.0,980000.0,61433
8050961,1,1,1,10,2024,1,60,4.0,1300000.0,29322
8055605,1,1,1,10,2024,1,33,10.0,2000000.0,39625
8055126,1,1,1,10,2024,2,44,5.0,600000.0,38745
8047007,1,3,1,10,2024,1,25,11.0,1300000.0,20828
8050946,1,4,1,10,2024,2,27,5.0,1300000.0,29272
8053633,1,2,1,10,2024,1,24,3.0,1000000.0,35581
8081009,1,1,1,10,2024,2,34,8.0,1800000.0,54205
8042723,1,1,1,10,2024,2,37,5.0,1800000.0,10415
8042731,1,1,1,10,2024,1,31,6.0,1500000.0,10434
8082185,1,2,1,10,2024,1,42,3.0,1600000.0,56256
8042172,1,2,1,10,2024,2,36,10.0,3200000.0,9235
8052935,1,1,1,10,2024,1,55,3.0,600000.0,33961
8081540,1,2,1,10,2024,1,39,9.0,2600000.0,55384
8080313,1,1,1,10,2024,2,47,10.0,3500000.0,52831
8083392,1,2,1,10,2024,2,34,5.0,1300000.0,58965
8053465,1,1,1,10,2024,2,23,11.0,2000000.0,35212
8049279,1,1,1,10,2024,2,67,5.0,1300000.0,25266
8076779,1,2,1,10,2024,2,41,3.0,1300000.0,44681
8054363,1,1,1,10,2024,1,30,5.0,2000000.0,37092
8086534,1,1,1,10,2024,1,31,4.0,960000.0,63910
8076059,1,5,1,10,2024,1,24,6.0,1500000.0,42885
8085949,1,1,1,10,2024,2,51,5.0,300000.0,63079
8084722,1,1,1,10,2024,1,38,4.0,1300000.0,61753
8075889,1,1,1,10,2024,1,21,4.0,300000.0,42353
8044002,1,3,1,10,2024,2,25,7.0,700000.0,13418
8044386,1,5,1,10,2024,2,27,9.0,1950000.0,14409
8084077,1,1,1,10,2024,2,63,5.0,100000.0,60449
8078824,1,5,1,10,2024,1,24,4.0,1300000.0,49234
8041270,1,2,1,10,2024,1,33,5.0,1300000.0,7211
8045646,2,1,2,10,2024,1,31,6.0,700000.0,17831
8046785,1,4,1,10,2024,1,31,10.0,3600000.0,20432
8081888,1,4,1,10,2024,2,29,10.0,200000.0,55793
8046875,1,1,1,10,2024,2,30,8.0,1700000.0,20625
8078594,1,1,1,10,2024,1,65,4.0,600000.0,48750
8049508,1,2,1,10,2024,1,60,3.0,1200000.0,25638
8040259,1,2,1,10,2024,2,27,8.0,500000.0,4791
8079821,1,1,1,10,2024,2,42,5.0,3000000.0,51664
8076520,1,1,1,10,2024,1,23,5.0,900000.0,44077
8076780,1,2,1,10,2024,1,24,4.0,1300000.0,44684
8055058,1,2,1,10,2024,1,24,10.0,1300000.0,38692
8050636,1,1,1,10,2024,1,56,5.0,1600000.0,28486
8076555,1,2,1,10,2024,2,34,10.0,1300000.0,44142
8038774,1,2,1,10,2024,2,25,8.0,1300000.0,1476
8081669,1,1,1,10,2024,1,46,3.0,200000.0,55569
8041889,1,2,1,10,2024,2,62,5.0,150000.0,8526
8048307,1,2,1,10,2024,1,44,3.0,1000000.0,23483
8043494,1,1,1,10,2024,1,63,10.0,1000000.0,12142
8055530,1,1,1,10,2024,2,30,10.0,2600000.0,39509
8076932,1,1,1,10,2024,2,36,8.0,1530000.0,44994
8039456,1,2,1,10,2024,2,60,5.0,1200000.0,3082
8054490,1,1,1,10,2024,2,33,4.0,1300000.0,37385
8080029,1,2,1,10,2024,2,65,10.0,0.0,52097
8051374,1,3,1,10,2024,2,26,10.0,2000000.0,30025
8042275,1,2,1,10,2024,1,77,3.0,900000.0,9468
8043153,1,1,1,10,2024,1,45,3.0,800000.0,11280
8075791,1,2,1,10,2024,1,52,5.0,700000.0,42089
8048889,1,2,1,10,2024,2,66,3.0,280000.0,24525
8051478,1,2,1,10,2024,2,56,9.0,800000.0,30297
8055691,1,1,1,10,2024,2,35,10.0,2225000.0,39828
8051687,1,2,1,10,2024,2,31,4.0,1300000.0,30772
8080295,1,2,1,10,2024,1,21,10.0,800000.0,52786
8081602,1,2,1,10,2024,1,49,5.0,300000.0,55463
8083720,1,1,1,10,2024,1,24,10.0,600000.0,59619
8084662,1,3,1,10,2024,1,22,10.0,600000.0,61638
8076974,1,1,1,10,2024,2,51,3.0,400000.0,45077
8078987,1,2,1,10,2024,2,21,5.0,970000.0,49603
8052222,1,1,1,10,2024,1,49,1.0,600000.0,32150
8045222,1,3,1,10,2024,1,19,3.0,1200000.0,16687
8079494,1,3,1,10,2024,2,29,5.0,1300000.0,50866
8076091,1,1,1,10,2024,2,47,9.0,1300000.0,42973
8046210,1,1,1,10,2024,1,64,10.0,2000000.0,18978
8051704,1,3,1,10,2024,1,18,6.0,1300000.0,30827
8043211,1,1,1,10,2024,1,28,9.0,2500000.0,11398
8078041,1,1,1,10,2024,2,45,3.0,280000.0,47515
8081166,1,1,1,10,2024,2,56,3.0,500000.0,54519
8052541,1,1,1,10,2024,1,40,5.0,1800000.0,33045
8044816,1,1,1,10,2024,2,52,4.0,300000.0,15547
8082862,1,2,1,10,2024,2,24,4.0,1350000.0,57764
8043785,1,2,1,10,2024,1,33,5.0,1000000.0,12901
8043397,1,1,1,10,2024,2,45,9.0,4500000.0,11858
8079758,1,2,1,10,2024,1,21,4.0,800000.0,51468
8079664,1,1,1,10,2024,2,62,4.0,200000.0,51165
8040620,1,1,1,10,2024,1,54,3.0,750000.0,5659
8038392,1,1,1,10,2024,2,63,12.0,8000000.0,551
8054532,1,1,1,10,2024,2,31,10.0,6000000.0,37481
8040518,1,1,1,10,2024,2,56,8.0,1300000.0,5415
8056253,1,1,1,10,2024,1,66,10.0,4266000.0,40944
8045641,1,2,1,10,2024,1,35,3.0,1300000.0,17812
8047073,1,1,1,10,2024,1,61,5.0,2800000.0,20930
8047904,1,1,1,10,2024,2,54,6.0,1300000.0,22666
8082828,1,1,1,10,2024,1,54,5.0,1300000.0,57677
8053058,1,1,1,10,2024,1,35,4.0,1500000.0,34323
8086521,1,1,1,10,2024,1,40,3.0,2000000.0,63878
8084326,1,1,1,10,2024,1,52,3.0,1500000.0,60968
8084725,1,1,1,10,2024,1,31,5.0,1500000.0,61755
8079551,1,3,1,10,2024,2,28,10.0,2700000.0,50970
8038970,1,1,1,10,2024,2,50,4.0,1640000.0,1933
8044300,1,4,1,10,2024,2,26,10.0,2600000.0,14175
8082839,1,3,1,10,2024,2,60,3.0,1800000.0,57713
8043368,1,1,1,10,2024,1,28,5.0,1520000.0,11801
8078162,1,1,1,10,2024,2,36,4.0,900000.0,47770
8077922,1,1,1,10,2024,1,62,1.0,1000000.0,47223
8045093,1,3,1,10,2024,1,28,11.0,2540000.0,16318
8083751,1,2,1,10,2024,2,47,5.0,1800000.0,59674
8084253,1,1,1,10,2024,1,67,12.0,5000000.0,60818
8056336,1,1,1,10,2024,1,40,11.0,5800000.0,41096
8078842,1,1,1,10,2024,2,46,5.0,1300000.0,49273
8045482,1,2,1,10,2024,2,30,5.0,400000.0,17402
8038792,1,2,1,10,2024,2,29,10.0,2400000.0,1516
8055377,1,1,1,10,2024,2,22,10.0,680000.0,39277
8076462,1,1,1,10,2024,2,64,3.0,1200000.0,43909
8039782,1,1,1,10,2024,2,57,3.0,1200000.0,3710
8045268,1,1,1,10,2024,2,38,9.0,1800000.0,16805
8082290,1,1,1,10,2024,2,63,4.0,400000.0,56400
8045377,1,3,1,10,2024,2,26,10.0,1300000.0,17084
8043925,1,2,1,10,2024,2,37,10.0,1300000.0,13237
8078165,1,1,1,10,2024,1,57,3.0,900000.0,47778
8050622,1,2,1,10,2024,2,55,12.0,6000000.0,28452
8075607,1,1,1,10,2024,1,41,5.0,1400000.0,41569
8047340,1,1,1,10,2024,2,21,8.0,1300000.0,21462
8048253,1,1,1,10,2024,1,36,5.0,2000000.0,23377
8048117,1,1,1,10,2024,2,57,3.0,500000.0,23084
8045091,1,1,1,10,2024,1,59,5.0,300000.0,16313
8076383,1,1,1,10,2024,2,32,5.0,300000.0,43716
8050683,1,1,1,10,2024,2,29,10.0,1900000.0,28585
8045147,1,1,1,10,2024,2,39,12.0,5000000.0,16463
8047901,1,1,1,10,2024,2,62,3.0,600000.0,22664
8038851,1,1,1,10,2024,1,34,11.0,3300000.0,1639
8051871,1,2,1,10,2024,1,19,4.0,200000.0,31298
8079024,1,2,1,10,2024,2,51,3.0,280000.0,49695
8084880,1,2,1,10,2024,2,56,5.0,300000.0,62114
8083543,1,1,1,10,2024,2,47,12.0,5200000.0,59276
8051861,1,2,1,10,2024,1,45,10.0,1000000.0,31280
8051623,1,1,1,10,2024,1,41,10.0,1600000.0,30627
8081023,1,2,1,10,2024,1,63,3.0,600000.0,54247
8075692,1,2,1,10,2024,2,62,4.0,300000.0,41832
8044969,1,1,1,10,2024,2,52,8.0,3000000.0,15962
8077511,1,2,1,10,2024,2,62,3.0,250000.0,46364
8045178,1,1,1,10,2024,1,39,3.0,1200000.0,16553
8048059,1,2,1,10,2024,1,34,5.0,1700000.0,22943
8047190,1,1,1,10,2024,2,35,10.0,600000.0,21152
8047856,1,1,1,10,2024,2,53,3.0,500000.0,22542
8044816,1,2,1,10,2024,1,24,5.0,700000.0,15548
8039305,1,2,1,10,2024,1,57,3.0,400000.0,2840
8084990,1,1,1,10,2024,2,30,8.0,1040000.0,62374
8053163,1,1,1,10,2024,2,35,10.0,6200000.0,34513
8038606,1,3,1,10,2024,1,19,10.0,1420000.0,981
8043617,1,2,1,10,2024,2,46,3.0,1300000.0,12457
8084536,1,2,1,10,2024,1,39,10.0,3200000.0,61385
8078699,1,1,1,10,2024,1,31,5.0,1600000.0,48962
8044919,1,1,1,10,2024,2,62,10.0,5500000.0,15848
8083775,1,2,1,10,2024,1,31,10.0,2000000.0,59735
8054715,1,3,1,10,2024,2,24,5.0,800000.0,37873
8044263,1,1,1,10,2024,2,55,3.0,350000.0,14034
8039673,1,1,1,10,2024,2,75,3.0,200000.0,3485
8044064,1,2,1,10,2024,2,23,5.0,1500000.0,13560
8046464,1,1,1,10,2024,2,69,11.0,6800000.0,19605
8084554,1,2,1,10,2024,2,51,10.0,1600000.0,61421
8040468,1,1,1,10,2024,2,52,3.0,320000.0,5305
8081654,1,1,1,10,2024,2,60,3.0,150000.0,55556
8081267,1,1,1,10,2024,1,49,5.0,1300000.0,54743
8047206,1,1,1,10,2024,1,23,6.0,1500000.0,21188
8079416,1,1,1,10,2024,1,43,3.0,300000.0,50682
8049233,1,1,1,10,2024,1,47,4.0,1000000.0,25154
8046474,1,2,1,10,2024,1,38,11.0,11000000.0,19636
8048345,1,2,1,10,2024,2,19,4.0,1500000.0,23546
8053530,1,1,1,10,2024,2,25,4.0,400000.0,35324
8041654,1,4,1,10,2024,1,33,10.0,2800000.0,8076
8048174,1,2,1,10,2024,2,42,5.0,1200000.0,23235
8083071,1,2,1,10,2024,2,46,10.0,2600000.0,58256
8086094,1,1,1,10,2024,2,26,12.0,3000000.0,63262
8039241,1,2,1,10,2024,1,42,4.0,750000.0,2672
8044629,1,1,1,10,2024,1,58,4.0,600000.0,15078
8082385,1,1,1,10,2024,1,29,4.0,1200000.0,56606
8050276,1,1,1,10,2024,1,56,12.0,4000000.0,27525
8052815,1,2,1,10,2024,1,56,4.0,1000000.0,33659
8041957,1,2,1,10,2024,2,56,11.0,5000000.0,8723
8082729,1,1,1,10,2024,1,35,5.0,1700000.0,57435
8085984,1,2,1,10,2024,2,46,1.0,200000.0,63142
8077921,1,1,1,10,2024,1,26,4.0,840000.0,47219
8038356,1,3,1,10,2024,1,21,5.0,1300000.0,454
8080152,1,1,1,10,2024,1,52,9.0,1100000.0,52429
8045075,1,1,1,10,2024,1,43,10.0,1200000.0,16264
8045694,1,1,1,10,2024,1,22,6.0,800000.0,17955
8078291,1,1,1,10,2024,1,57,3.0,200000.0,48090
8086418,1,1,1,10,2024,1,61,9.0,3000000.0,63637
8039313,1,1,1,10,2024,2,30,11.0,8400000.0,2856
8052813,1,1,1,10,2024,1,59,3.0,1000000.0,33647
8043156,1,2,1,10,2024,1,32,3.0,1000000.0,11288
8076838,1,1,1,10,2024,1,55,3.0,1450000.0,44806
8051573,1,1,1,10,2024,1,61,9.0,3000000.0,30507
8043320,1,1,1,10,2024,1,53,4.0,650000.0,11667
8044343,1,1,1,10,2024,1,36,9.0,3100000.0,14290
8044534,1,1,1,10,2024,1,44,8.0,1300000.0,14817
8079144,1,1,1,10,2024,1,49,12.0,5500000.0,49945
8076949,1,1,1,10,2024,1,65,3.0,200000.0,45026
8050192,1,2,1,10,2024,2,46,4.0,450000.0,27310
8043574,1,1,1,10,2024,1,71,3.0,1000000.0,12337
8056031,1,2,1,10,2024,1,51,3.0,1300000.0,40452
8046168,1,1,1,10,2024,1,27,5.0,1000000.0,18861
8044022,1,2,1,10,2024,1,23,6.0,1300000.0,13463
8046628,1,1,1,10,2024,1,39,5.0,950000.0,20078
8051478,1,1,1,10,2024,1,65,8.0,1000000.0,30296
8053826,1,1,1,10,2024,1,30,5.0,1300000.0,35964
8082497,1,2,1,10,2024,1,41,8.0,1000000.0,56847
8045961,1,1,1,10,2024,1,54,3.0,800000.0,18345
8078814,1,1,1,10,2024,1,48,4.0,1300000.0,49208
8056086,1,1,1,10,2024,1,41,10.0,1200000.0,40568
8077902,1,1,1,10,2024,1,64,3.0,540000.0,47169
8047962,1,1,1,10,2024,1,64,4.0,800000.0,22744
8078098,1,1,1,10,2024,1,50,6.0,400000.0,47625
8054758,1,1,1,10,2024,2,39,5.0,900000.0,37987
8038216,1,1,1,10,2024,1,33,6.0,1500000.0,75
8053243,1,2,1,10,2024,2,27,8.0,1300000.0,34696
8039114,1,1,1,10,2024,1,44,8.0,2000000.0,2340
8076483,1,1,1,10,2024,2,60,3.0,570000.0,43967
8084219,1,4,1,10,2024,1,33,9.0,1300000.0,60736
8052886,1,1,1,10,2024,1,72,5.0,35000.0,33828
8039229,1,1,1,10,2024,1,21,4.0,1300000.0,2643
8078695,1,1,1,10,2024,1,53,5.0,1300000.0,48954
8046264,1,1,1,10,2024,1,64,7.0,500000.0,19084
8083140,1,1,1,10,2024,1,38,8.0,2800000.0,58425
8081403,1,1,1,10,2024,2,22,8.0,150000.0,55077
8042195,1,2,1,10,2024,2,57,10.0,2000000.0,9300
8051477,1,1,1,10,2024,1,54,3.0,1200000.0,30292
8051906,1,1,1,10,2024,1,21,4.0,1540000.0,31380
8049598,1,2,1,10,2024,2,64,11.0,5864200.0,25856
8083686,1,3,1,10,2024,2,32,10.0,1300000.0,59551
8041044,1,1,1,10,2024,1,34,5.0,1500000.0,6663
8054971,1,2,1,10,2024,1,24,5.0,1500000.0,38462
8042469,1,3,1,10,2024,2,30,5.0,1742000.0,9883
8053565,1,3,1,10,2024,1,42,5.0,900000.0,35403
8038689,1,5,1,10,2024,2,35,4.0,1280000.0,1234
8084733,1,3,1,10,2024,2,17,4.0,800000.0,61783
8050351,1,1,1,10,2024,1,49,8.0,1200000.0,27725
8047305,1,2,1,10,2024,1,40,6.0,1670000.0,21390
8044182,1,1,1,10,2024,1,70,5.0,1600000.0,13840
8055688,1,2,1,10,2024,2,40,5.0,300000.0,39820
8082326,1,1,1,10,2024,1,66,10.0,5000000.0,56478
8075598,1,1,1,10,2024,1,54,3.0,800000.0,41531
8084519,1,1,1,10,2024,2,39,5.0,1300000.0,61347
8049783,1,1,1,10,2024,1,68,3.0,1050000.0,26339
8038355,1,1,1,10,2024,1,20,8.0,1300000.0,449
8054417,1,2,1,10,2024,1,39,5.0,2000000.0,37218
8045302,2,1,2,10,2024,1,38,5.0,1300000.0,16890
8082331,1,3,1,10,2024,1,29,10.0,5000000.0,56494
8056309,1,2,1,10,2024,1,54,3.0,1700000.0,41038
8040518,1,2,1,10,2024,1,52,5.0,1300000.0,5416
8053719,1,1,1,10,2024,1,41,3.0,1500000.0,35795
8049814,1,1,1,10,2024,1,27,5.0,1100000.0,26431
8049301,1,2,1,10,2024,1,20,5.0,1462000.0,25309
8051944,1,3,1,10,2024,1,24,10.0,2500000.0,31470
8082887,1,3,1,10,2024,1,25,10.0,6000000.0,57833
8038610,1,2,1,10,2024,1,27,10.0,3000000.0,993
8055233,1,1,1,10,2024,1,31,5.0,1300000.0,39029
8078027,1,1,1,10,2024,1,75,3.0,250000.0,47487
8044189,1,1,1,10,2024,1,27,8.0,1600000.0,13853
8046443,1,2,1,10,2024,2,56,10.0,4000000.0,19555
8079090,1,4,1,10,2024,1,23,5.0,1200000.0,49838
8054768,1,2,1,10,2024,2,50,5.0,300000.0,38020
8055700,1,1,1,10,2024,1,75,3.0,1300000.0,39863
8052161,1,1,1,10,2024,1,39,3.0,1000000.0,31990
8080102,1,4,1,10,2024,2,45,5.0,600000.0,52289
8079216,1,2,1,10,2024,1,63,3.0,150000.0,50152
8055411,1,1,1,10,2024,1,57,5.0,1400000.0,39348
8082286,1,2,1,10,2024,1,36,10.0,1800000.0,56395
8054050,1,1,1,10,2024,1,60,4.0,2800000.0,36391
8047545,1,2,1,10,2024,2,30,10.0,1350000.0,21811
8083078,1,1,1,10,2024,2,38,3.0,1100000.0,58273
8054237,1,1,1,10,2024,2,53,3.0,200000.0,36796
8045615,1,1,1,10,2024,1,51,3.0,800000.0,17720
8052089,1,1,1,10,2024,2,59,5.0,320000.0,31815
8051778,1,1,1,10,2024,1,35,5.0,2500000.0,31022
8038644,1,1,1,10,2024,1,39,10.0,2300000.0,1078
8050920,1,2,1,10,2024,2,18,8.0,1200000.0,29200
8047171,1,1,1,10,2024,2,32,5.0,350000.0,21099
8045305,1,2,1,10,2024,2,49,3.0,1300000.0,16896
8055261,1,3,1,10,2024,1,23,9.0,1300000.0,39063
8084306,1,2,1,10,2024,2,43,9.0,2268000.0,60923
8053618,1,1,1,10,2024,1,49,5.0,1000000.0,35543
8041648,1,3,1,10,2024,1,26,8.0,1726000.0,8063
8076808,1,2,1,10,2024,1,39,9.0,1500000.0,44729
8051483,1,2,1,10,2024,1,53,5.0,1200000.0,30312
8076923,1,2,1,10,2024,1,52,3.0,800000.0,44979
8079765,1,7,1,10,2024,2,21,9.0,300000.0,51499
8078071,1,1,1,10,2024,2,71,3.0,20000.0,47577
8052629,1,1,1,10,2024,1,33,10.0,1500000.0,33274
8049980,1,1,1,10,2024,1,43,9.0,2500000.0,26804
8052556,1,1,1,10,2024,1,42,3.0,1200000.0,33089
8039276,1,2,1,10,2024,2,20,6.0,1700000.0,2755
8055023,1,3,1,10,2024,1,30,10.0,1462000.0,38596
8053457,1,2,1,10,2024,2,37,5.0,1800000.0,35195
8051325,1,1,1,10,2024,1,39,3.0,0.0,29891
8051004,1,2,1,10,2024,1,30,5.0,1600000.0,29446
8038613,1,1,1,10,2024,2,48,10.0,10000000.0,1004
8080713,1,1,1,10,2024,2,34,12.0,10000000.0,53624
8082478,1,3,1,10,2024,1,25,10.0,1200000.0,56800
8054975,1,3,1,10,2024,2,32,5.0,600000.0,38480
8084646,1,3,1,10,2024,1,26,5.0,1070000.0,61587
8076775,1,3,1,10,2024,1,23,10.0,1300000.0,44671
8046121,1,1,1,10,2024,2,36,3.0,650000.0,18765
8080280,1,4,1,10,2024,1,37,5.0,1000000.0,52758
8083813,1,1,1,10,2024,2,42,8.0,1980000.0,59795
8054642,1,2,1,10,2024,1,23,5.0,600000.0,37703
8042024,1,2,1,10,2024,1,30,9.0,2500000.0,8905
8078097,1,1,1,10,2024,1,58,4.0,600000.0,47624
8077610,1,1,1,10,2024,1,62,5.0,1600000.0,46590
8045734,1,3,1,10,2024,1,44,5.0,1800000.0,18045
8048069,1,1,1,10,2024,2,37,10.0,2400000.0,22972
8041658,1,1,1,10,2024,1,53,3.0,1800000.0,8082
8051581,1,3,1,10,2024,1,21,5.0,800000.0,30526
8083145,1,3,1,10,2024,2,19,5.0,1358000.0,58439
8039952,1,2,1,10,2024,2,36,5.0,1300000.0,4076
8038388,1,3,1,10,2024,2,39,4.0,1850000.0,543
8083196,1,1,1,10,2024,1,33,5.0,1500000.0,58511
8078204,1,1,1,10,2024,1,61,4.0,800000.0,47869
8078934,1,1,1,10,2024,1,38,3.0,400000.0,49483
8053220,1,2,1,10,2024,1,29,8.0,2400000.0,34632
8080436,1,1,1,10,2024,2,46,11.0,2800000.0,53115
8041951,1,4,1,10,2024,1,30,5.0,800000.0,8704
8080967,1,1,1,10,2024,2,42,10.0,2100000.0,54130
8051721,1,1,1,10,2024,1,38,8.0,2800000.0,30870
8049966,1,2,1,10,2024,1,50,5.0,1300000.0,26766
8078567,1,2,1,10,2024,1,65,1.0,1650000.0,48687
8040289,1,2,1,10,2024,1,26,4.0,1040000.0,4874
8044264,1,3,1,10,2024,1,29,5.0,700000.0,14040
8079500,1,3,1,10,2024,2,34,12.0,1300000.0,50874
8047925,1,1,1,10,2024,1,74,3.0,500000.0,22695
8053212,1,1,1,10,2024,1,50,3.0,1400000.0,34617
8048900,1,1,1,10,2024,1,56,4.0,600000.0,24553
8086486,1,1,1,10,2024,1,64,3.0,1200000.0,63785
8083310,1,1,1,10,2024,1,28,3.0,1600000.0,58813
8084491,1,1,1,10,2024,1,38,6.0,1300000.0,61295
8050503,1,1,1,10,2024,1,61,5.0,1600000.0,28140
8040842,1,3,1,10,2024,2,36,8.0,1000000.0,6153
8048573,1,2,1,10,2024,2,39,5.0,1300000.0,23944
8039343,1,2,1,10,2024,2,49,8.0,1400000.0,2897
8080411,1,2,1,10,2024,1,32,5.0,1000000.0,53093
8045539,1,1,1,10,2024,1,53,9.0,3700000.0,17556
8047837,1,2,1,10,2024,2,26,8.0,1300000.0,22498
8041358,1,1,1,10,2024,2,58,3.0,400000.0,7353
8054555,1,2,1,10,2024,2,23,5.0,1462000.0,37514
8041389,1,1,1,10,2024,2,36,4.0,400000.0,7438
8080388,1,2,1,10,2024,2,54,10.0,6000000.0,53036
8081676,1,3,1,10,2024,1,22,10.0,4000000.0,55590
8053691,1,1,1,10,2024,2,33,5.0,1700000.0,35710
8086813,1,2,1,10,2024,2,47,11.0,1500000.0,64529
8079905,1,1,1,10,2024,1,58,11.0,55000000.0,51897
8044137,1,1,1,10,2024,1,57,4.0,1462000.0,13730
8079831,1,1,1,10,2024,1,27,10.0,3000000.0,51698
8040926,1,1,1,10,2024,1,68,5.0,1600000.0,6373
8039778,1,1,1,10,2024,2,41,8.0,600000.0,3706
8048375,1,2,1,10,2024,2,37,10.0,1200000.0,23583
8052400,1,4,1,10,2024,2,22,3.0,100000.0,32706
8084670,1,1,1,10,2024,1,43,5.0,1300000.0,61655
8053195,1,1,1,10,2024,1,33,5.0,2000000.0,34587
8053461,1,1,1,10,2024,2,36,12.0,5000000.0,35203
8048127,1,6,1,10,2024,2,20,10.0,1100000.0,23119
8050992,1,2,1,10,2024,1,34,5.0,1300000.0,29414
8078305,1,4,1,10,2024,1,17,5.0,1000000.0,48127
8053632,1,1,1,10,2024,2,53,11.0,5000000.0,35575
8080182,1,1,1,10,2024,2,57,4.0,650000.0,52507
8056208,1,4,1,10,2024,2,41,5.0,1600000.0,40812
8078011,1,1,1,10,2024,1,16,4.0,1000000.0,47460
8049758,1,1,1,10,2024,2,52,3.0,600000.0,26281
8086554,1,3,1,10,2024,2,57,4.0,1420000.0,63969
8049621,1,2,1,10,2024,1,23,4.0,450000.0,25916
8078683,1,1,1,10,2024,1,49,3.0,1500000.0,48924
8078914,1,2,1,10,2024,1,17,4.0,480000.0,49431
8049413,1,2,1,10,2024,2,30,11.0,5000000.0,25516
8078708,1,3,1,10,2024,2,17,5.0,400000.0,48984
8078928,1,2,1,10,2024,2,54,3.0,300000.0,49468
8053890,1,1,1,10,2024,1,65,5.0,1300000.0,36081
8038690,1,2,1,10,2024,1,32,5.0,1300000.0,1238
8044559,1,1,1,10,2024,2,32,10.0,2800000.0,14893
8043135,1,3,1,10,2024,1,29,5.0,1300000.0,11232
8049718,1,5,1,10,2024,1,35,4.0,1710000.0,26173
8044346,1,3,1,10,2024,1,23,5.0,1300000.0,14304
8075739,1,1,1,10,2024,1,60,3.0,1300000.0,41949
8079728,1,1,1,10,2024,1,37,5.0,2000000.0,51331
8077418,1,1,1,10,2024,2,73,3.0,600000.0,46211
8077555,1,3,1,10,2024,1,22,3.0,280000.0,46464
8050477,1,1,1,10,2024,1,28,9.0,1300000.0,28038
8054116,1,2,1,10,2024,1,32,5.0,900000.0,36526
8086122,1,1,1,10,2024,2,52,5.0,1300000.0,63321
8077196,1,1,1,10,2024,2,42,9.0,900000.0,45698
8056132,1,3,1,10,2024,1,26,10.0,4400000.0,40657
8080056,1,1,1,10,2024,1,35,5.0,1300000.0,52153
8051675,1,3,1,10,2024,2,27,4.0,1450000.0,30749
8050318,1,2,1,10,2024,1,35,5.0,1800000.0,27597
8055937,1,1,1,10,2024,1,42,5.0,1300000.0,40292
8047318,1,2,1,10,2024,1,45,5.0,1700000.0,21419
8053861,1,2,1,10,2024,2,21,10.0,1300000.0,36033
8045428,1,2,1,10,2024,2,67,4.0,0.0,17237
8040113,1,4,1,10,2024,1,42,5.0,1500000.0,4405
8048716,1,2,1,10,2024,2,56,4.0,1000000.0,24198
8076126,1,1,1,10,2024,1,71,1.0,100000.0,43081
8082327,1,1,1,10,2024,1,32,10.0,3200000.0,56481
8079686,1,1,1,10,2024,1,33,5.0,1000000.0,51222
8053704,2,2,2,10,2024,1,18,5.0,900000.0,35757
8045235,1,3,1,10,2024,2,46,5.0,1300000.0,16735
8042597,1,2,1,10,2024,2,59,10.0,2000000.0,10119
8045780,1,2,1,10,2024,1,24,8.0,2100000.0,18164
8053562,1,2,1,10,2024,1,29,5.0,1200000.0,35389
8077284,1,1,1,10,2024,2,20,10.0,4200000.0,45921
8039376,1,2,1,10,2024,1,38,8.0,1500000.0,2927
8084222,1,1,1,10,2024,1,54,5.0,2000000.0,60740
8075734,1,1,1,10,2024,1,51,4.0,1200000.0,41935
8082636,1,2,1,10,2024,2,32,5.0,250000.0,57168
8047195,1,1,1,10,2024,2,35,5.0,600000.0,21168
8054008,1,1,1,10,2024,2,43,8.0,1300000.0,36319
8041894,1,1,1,10,2024,2,31,10.0,2000000.0,8538
8079585,1,3,1,10,2024,2,48,8.0,1500000.0,51012
8052719,1,2,1,10,2024,1,59,3.0,1400000.0,33429
8054796,1,1,1,10,2024,1,46,3.0,1900000.0,38078
8053427,1,2,1,10,2024,2,30,10.0,5000000.0,35160
8045442,1,2,1,10,2024,1,24,9.0,1800000.0,17273
8040489,1,3,1,10,2024,1,32,5.0,1300000.0,5357
8044995,1,1,1,10,2024,2,43,8.0,1300000.0,16044
8084887,1,1,1,10,2024,1,28,8.0,3400000.0,62127
8079396,1,1,1,10,2024,1,44,5.0,1500000.0,50631
8049250,1,1,1,10,2024,1,32,10.0,1600000.0,25192
8080655,1,4,1,10,2024,1,48,10.0,2000000.0,53526
8040581,1,1,1,10,2024,1,48,3.0,1800000.0,5575
8047398,1,1,1,10,2024,1,42,9.0,400000.0,21581
8038842,1,1,1,10,2024,2,42,10.0,7700000.0,1620
8051519,1,3,1,10,2024,1,39,3.0,1500000.0,30397
8041625,1,2,1,10,2024,1,35,9.0,1300000.0,7996
8046147,1,1,1,10,2024,2,43,3.0,1100000.0,18811
8044130,1,4,1,10,2024,2,32,10.0,2800000.0,13708
8048677,1,1,1,10,2024,2,56,10.0,3900000.0,24095
8085055,1,1,1,10,2024,2,36,5.0,600000.0,62540
8077847,1,1,1,10,2024,2,48,1.0,1000000.0,47079
8081016,1,1,1,10,2024,1,60,3.0,900000.0,54231
8080752,1,1,1,10,2024,2,52,3.0,1100000.0,53687
8041619,1,1,1,10,2024,2,38,5.0,1300000.0,7981
8084878,1,1,1,10,2024,1,61,4.0,2000000.0,62110
8083843,1,3,1,10,2024,1,74,3.0,840000.0,59866
8081397,1,4,1,10,2024,1,24,5.0,150000.0,55053
8047779,1,2,1,10,2024,1,47,5.0,800000.0,22363
8044346,1,4,1,10,2024,2,26,5.0,2500000.0,14305
8045922,1,3,1,10,2024,1,36,4.0,900000.0,18236
8047062,1,2,1,10,2024,1,38,8.0,2000000.0,20914
8039314,1,1,1,10,2024,2,35,12.0,2700000.0,2857
8054995,1,3,1,10,2024,1,26,11.0,1313000.0,38511
8042083,1,2,1,10,2024,1,50,3.0,900000.0,8985
8042367,1,1,1,10,2024,1,58,11.0,7650000.0,9649
8086607,1,1,1,10,2024,2,65,8.0,1300000.0,64130
8050134,1,2,1,10,2024,2,38,8.0,1300000.0,27174
8050526,1,1,1,10,2024,1,35,5.0,1800000.0,28208
8077212,1,2,1,10,2024,1,30,3.0,600000.0,45739
8044537,1,1,1,10,2024,2,51,9.0,1300000.0,14827
8051748,1,1,1,10,2024,2,52,3.0,1760000.0,30944
8046850,1,1,1,10,2024,1,54,10.0,5500000.0,20573
8079654,1,1,1,10,2024,1,61,5.0,500000.0,51142
8077404,1,3,1,10,2024,2,49,10.0,2400000.0,46181
8043671,1,1,1,10,2024,1,23,5.0,1500000.0,12607
8086853,1,1,1,10,2024,1,45,10.0,2200000.0,64578
8041819,1,2,1,10,2024,1,61,1.0,200000.0,8335
8084730,1,4,1,10,2024,1,29,6.0,2600000.0,61774
8047133,1,2,1,10,2024,1,33,4.0,1300000.0,21035
8076698,1,2,1,10,2024,1,54,5.0,1700000.0,44476
8053752,1,2,1,10,2024,2,34,10.0,2000000.0,35862
8040761,1,2,1,10,2024,1,53,5.0,1200000.0,5974
8081298,1,1,1,10,2024,1,35,11.0,2500000.0,54820
8045791,1,1,1,10,2024,1,35,4.0,2000000.0,18189
8042187,1,5,1,10,2024,2,20,5.0,100000.0,9277
8050596,1,1,1,10,2024,1,54,5.0,1300000.0,28395
8052491,1,3,1,10,2024,1,17,5.0,400000.0,32915
8039352,1,2,1,10,2024,2,40,11.0,2000000.0,2908
8080641,1,3,1,10,2024,1,30,5.0,600000.0,53491
8040609,1,1,1,10,2024,1,47,5.0,1200000.0,5645
8041089,1,1,1,10,2024,2,53,10.0,3985600.0,6750
8039923,1,1,1,10,2024,1,55,3.0,600000.0,4007
8046081,1,3,1,10,2024,1,27,11.0,4500000.0,18672
8083428,1,1,1,10,2024,1,53,5.0,2000000.0,59048
8048016,1,1,1,10,2024,2,60,5.0,7000000.0,22862
8075776,1,1,1,10,2024,1,53,10.0,2400000.0,42042
8038316,1,1,1,10,2024,1,33,5.0,2230000.0,348
8053088,1,2,1,10,2024,2,58,9.0,1500000.0,34368
8048994,1,1,1,10,2024,2,45,10.0,2000000.0,24721
8084485,1,2,1,10,2024,1,52,4.0,1800000.0,61277
8076188,1,1,1,10,2024,1,71,4.0,1000000.0,43281
8041973,1,1,1,10,2024,1,70,10.0,2000000.0,8770
8082578,1,1,1,10,2024,2,61,1.0,420000.0,57030
8045443,1,1,1,10,2024,1,43,5.0,1500000.0,17276
8049573,1,1,1,10,2024,1,60,3.0,700000.0,25794
8086652,1,3,1,10,2024,1,25,10.0,400000.0,64230
8079215,1,1,1,10,2024,2,58,1.0,150000.0,50150
8040797,1,2,1,10,2024,1,30,8.0,1600000.0,6058
8048453,1,1,1,10,2024,2,25,5.0,1300000.0,23704
8080203,1,1,1,10,2024,2,45,3.0,200000.0,52551
8076667,1,1,1,10,2024,2,30,10.0,1700000.0,44408
8044363,1,4,1,10,2024,1,47,9.0,2120000.0,14356
8081164,1,1,1,10,2024,1,50,11.0,6000000.0,54516
8051888,1,2,1,10,2024,1,23,6.0,2300000.0,31337
8084507,1,1,1,10,2024,2,50,5.0,1000000.0,61331
8040978,1,1,1,10,2024,2,48,9.0,1300000.0,6490
8049318,1,1,1,10,2024,2,26,5.0,1100000.0,25347
8084652,1,1,1,10,2024,2,37,10.0,640000.0,61608
8040496,1,1,1,10,2024,2,40,11.0,5000000.0,5369
8053466,1,2,1,10,2024,2,45,11.0,4500000.0,35214
8076112,1,1,1,10,2024,1,43,3.0,720000.0,43033
8039987,1,1,1,10,2024,2,43,10.0,2500000.0,4123
8080348,1,1,1,10,2024,1,57,3.0,900000.0,52915
8052371,1,2,1,10,2024,2,49,4.0,100000.0,32599
8044253,1,1,1,10,2024,1,39,5.0,200000.0,13991
8048634,1,2,1,10,2024,1,42,5.0,1200000.0,24029
8044054,1,2,1,10,2024,1,40,3.0,1150000.0,13534
8077659,1,1,1,10,2024,2,32,5.0,1500000.0,46671
8041512,1,1,1,10,2024,1,59,3.0,1500000.0,7737
8050786,2,1,2,10,2024,1,32,5.0,700000.0,28836
8078918,1,1,1,10,2024,1,52,5.0,1300000.0,49445
8050755,1,1,1,10,2024,2,72,3.0,120000.0,28747
8079768,1,2,1,10,2024,2,32,8.0,1350000.0,51510
8042237,1,2,1,10,2024,1,89,3.0,2400000.0,9394
8042899,1,1,1,10,2024,1,33,9.0,1423000.0,10782
8038653,1,1,1,10,2024,1,27,10.0,1300000.0,1092
8082855,1,1,1,10,2024,1,46,5.0,1300000.0,57745
8040014,1,1,1,10,2024,1,51,3.0,750000.0,4167
8079885,1,1,1,10,2024,2,55,8.0,1300000.0,51853
8038977,1,2,1,10,2024,1,29,3.0,1500000.0,1952
8053428,1,1,1,10,2024,2,52,5.0,1510000.0,35161
8082873,1,3,1,10,2024,2,23,5.0,200000.0,57801
8046866,1,3,1,10,2024,1,19,6.0,1300000.0,20604
8050381,1,1,1,10,2024,2,50,12.0,24000000.0,27808
8039688,1,1,1,10,2024,2,30,5.0,1300000.0,3523
8042103,1,3,1,10,2024,1,31,5.0,1300000.0,9035
8084603,1,1,1,10,2024,1,65,4.0,0.0,61506
8045189,1,5,1,10,2024,1,30,6.0,1200000.0,16588
8055054,1,2,1,10,2024,2,43,12.0,6000000.0,38681
8047316,1,1,1,10,2024,2,61,8.0,1380000.0,21412
8082211,1,1,1,10,2024,2,45,5.0,1200000.0,56286
8045182,1,2,1,10,2024,2,21,10.0,600000.0,16568
8039145,1,1,1,10,2024,2,38,8.0,1600000.0,2434
8038486,1,3,1,10,2024,2,19,5.0,318000.0,746
8082660,1,2,1,10,2024,2,22,4.0,1110000.0,57251
8045625,1,3,1,10,2024,1,19,6.0,900000.0,17760
8042389,1,5,1,10,2024,1,24,9.0,1300000.0,9700
8044863,1,2,1,10,2024,2,49,10.0,1800000.0,15690
8053041,1,1,1,10,2024,1,35,10.0,4000000.0,34298
8043764,1,2,1,10,2024,2,47,3.0,610000.0,12839
8045614,1,1,1,10,2024,2,40,5.0,1300000.0,17716
8053156,1,1,1,10,2024,2,56,10.0,6300000.0,34497
8053676,1,1,1,10,2024,1,54,11.0,2150000.0,35670
8039044,1,1,1,10,2024,1,30,4.0,1100000.0,2132
8053123,1,2,1,10,2024,2,22,5.0,1300000.0,34443
8045740,1,2,1,10,2024,1,36,9.0,1500000.0,18057
8046997,1,2,1,10,2024,2,41,5.0,1000000.0,20807
8076459,1,1,1,10,2024,2,39,5.0,500000.0,43901
8039674,1,1,1,10,2024,1,26,5.0,1300000.0,3490
8039398,1,2,1,10,2024,2,27,8.0,1500000.0,2976
8077036,1,1,1,10,2024,1,40,4.0,1300000.0,45226
8081206,1,3,1,10,2024,1,23,10.0,1300000.0,54565
8051519,1,2,1,10,2024,1,41,3.0,1500000.0,30396
8044908,1,1,1,10,2024,1,26,4.0,400000.0,15815
8082488,1,1,1,10,2024,1,40,8.0,1100000.0,56828
8039006,1,1,1,10,2024,2,52,10.0,1300000.0,2019
8055972,1,1,1,10,2024,2,37,5.0,1300000.0,40359
8042011,1,2,1,10,2024,2,29,9.0,200000.0,8865
8046268,1,3,1,10,2024,2,46,4.0,88000.0,19096
8079677,1,3,1,10,2024,1,57,4.0,1700000.0,51196
8053198,1,1,1,10,2024,2,23,8.0,600000.0,34588
8053005,1,1,1,10,2024,2,29,5.0,50000.0,34193
8051276,1,1,1,10,2024,1,39,10.0,600000.0,29740
8053912,1,1,1,10,2024,1,27,10.0,2100000.0,36124
8046849,1,2,1,10,2024,2,27,5.0,1200000.0,20568
8053432,1,1,1,10,2024,2,52,8.0,2000000.0,35168
8050877,1,2,1,10,2024,2,34,10.0,1300000.0,29070
8086351,1,1,1,10,2024,1,61,9.0,3000000.0,63511
8045965,1,2,1,10,2024,2,46,4.0,100000.0,18364
8076775,1,1,1,10,2024,1,56,5.0,1300000.0,44669
8044569,1,3,1,10,2024,2,28,10.0,800000.0,14919
8049641,1,1,1,10,2024,1,71,3.0,0.0,25973
8080573,1,1,1,10,2024,1,51,11.0,3600000.0,53341
8080691,1,3,1,10,2024,2,41,3.0,1300000.0,53595
8082576,1,1,1,10,2024,2,21,5.0,180000.0,57024
8056204,1,2,1,10,2024,1,58,5.0,1926000.0,40799
8052947,1,1,1,10,2024,1,71,1.0,800000.0,33998
8044120,1,1,1,10,2024,2,28,6.0,1400000.0,13682
8055039,1,2,1,10,2024,2,42,11.0,2200000.0,38642
8056231,1,1,1,10,2024,2,59,3.0,120000.0,40875
8053954,1,1,1,10,2024,1,62,3.0,1300000.0,36215
8079752,1,4,1,10,2024,1,21,5.0,360000.0,51443
8046300,1,1,1,10,2024,2,36,4.0,320000.0,19221
8050968,1,2,1,10,2024,2,27,10.0,1500000.0,29343
8054504,1,1,1,10,2024,1,43,5.0,1300000.0,37408
8054737,1,1,1,10,2024,1,27,3.0,1200000.0,37935
8041913,1,1,1,10,2024,2,39,5.0,1200000.0,8589
8046534,1,1,1,10,2024,1,31,10.0,3259000.0,19803
8039384,1,3,1,10,2024,1,42,9.0,1300000.0,2944
8042679,1,2,1,10,2024,1,25,3.0,1200000.0,10294
8045078,1,2,1,10,2024,1,33,5.0,1300000.0,16272
8047844,1,2,1,10,2024,1,39,5.0,4000000.0,22517
8084518,1,4,1,10,2024,1,57,3.0,1400000.0,61346
8038942,1,1,1,10,2024,2,34,8.0,1300000.0,1884
8050404,1,1,1,10,2024,1,60,5.0,1300000.0,27860
8083243,1,1,1,10,2024,2,55,5.0,1000000.0,58646
8051867,1,1,1,10,2024,1,75,4.0,1200000.0,31287
8052316,1,2,1,10,2024,2,44,5.0,220000.0,32435
8077133,1,3,1,10,2024,1,27,5.0,400000.0,45523
8047907,1,3,1,10,2024,1,29,5.0,700000.0,22674
8053936,1,1,1,10,2024,2,34,12.0,4000000.0,36181
8052637,1,2,1,10,2024,2,54,5.0,1300000.0,33305
8054242,1,2,1,10,2024,2,46,5.0,600000.0,36808
8045509,1,2,1,10,2024,2,49,11.0,5600000.0,17480
8050436,1,3,1,10,2024,2,20,10.0,1300000.0,27928
8078340,1,1,1,10,2024,2,33,4.0,1180000.0,48215
8049346,1,1,1,10,2024,1,28,5.0,2300000.0,25410
8080850,1,2,1,10,2024,2,57,5.0,1300000.0,53884
8047307,1,2,1,10,2024,2,76,6.0,430000.0,21398
8082177,1,1,1,10,2024,2,57,11.0,3000000.0,56243
8051929,1,2,1,10,2024,2,25,5.0,1350000.0,31429
8041108,1,4,1,10,2024,2,31,5.0,700000.0,6803
8077366,1,2,1,10,2024,1,24,10.0,1720000.0,46094
8078028,1,6,1,10,2024,2,27,5.0,600000.0,47493
8076818,1,1,1,10,2024,1,19,4.0,1200000.0,44744
8076706,1,2,1,10,2024,2,40,5.0,300000.0,44499
8052770,1,2,1,10,2024,2,25,8.0,2000000.0,33553
8044789,1,1,1,10,2024,1,36,8.0,7796000.0,15468
8041604,1,2,1,10,2024,2,32,9.0,600000.0,7952
8075791,1,3,1,10,2024,1,25,5.0,1340000.0,42090
8075847,1,2,1,10,2024,1,51,1.0,800000.0,42237
8055292,1,2,1,10,2024,2,52,5.0,840000.0,39107
8045294,1,2,1,10,2024,1,46,3.0,1000000.0,16867
8051280,1,2,1,10,2024,2,21,5.0,800000.0,29753
8081963,1,2,1,10,2024,1,39,5.0,500000.0,55924
8046548,1,3,1,10,2024,2,22,5.0,100000.0,19846
8041850,3,2,3,10,2024,2,21,5.0,1300000.0,8420
8055565,1,2,1,10,2024,1,27,5.0,1462000.0,39546
8050217,1,2,1,10,2024,2,37,4.0,1300000.0,27379
8044537,1,3,1,10,2024,1,20,10.0,1000000.0,14829
8084366,1,2,1,10,2024,1,35,10.0,2500000.0,61060
8042482,1,1,1,10,2024,1,45,3.0,1400000.0,9901
8046998,1,1,1,10,2024,1,49,5.0,3000000.0,20808
8078678,1,1,1,10,2024,1,49,3.0,1200000.0,48914
8047890,1,2,1,10,2024,1,60,4.0,1300000.0,22633
8048070,1,1,1,10,2024,2,38,10.0,1300000.0,22974
8041018,1,1,1,10,2024,1,22,4.0,1000000.0,6593
8043251,1,1,1,10,2024,2,45,10.0,8000000.0,11489
8039550,1,2,1,10,2024,1,61,4.0,1400000.0,3284
8054609,1,2,1,10,2024,2,34,10.0,1400000.0,37618
8052420,1,1,1,10,2024,1,46,1.0,400000.0,32754
8042206,1,1,1,10,2024,2,44,10.0,2000000.0,9323
8076332,1,1,1,10,2024,1,52,3.0,450000.0,43604
8051628,1,2,1,10,2024,2,46,3.0,1300000.0,30640
8052824,1,1,1,10,2024,1,64,4.0,400000.0,33684
8046794,1,1,1,10,2024,1,67,8.0,1800000.0,20449
8052106,1,1,1,10,2024,1,50,1.0,1330000.0,31858
8043317,1,2,1,10,2024,1,25,1.0,720000.0,11660
8079468,1,1,1,10,2024,2,21,4.0,1300000.0,50812
8079497,1,1,1,10,2024,2,60,12.0,6000000.0,50870
8080350,1,1,1,10,2024,1,49,5.0,1500000.0,52923
8053300,1,7,1,10,2024,1,65,4.0,600000.0,34825
8053827,1,1,1,10,2024,1,50,5.0,1300000.0,35966
8078167,1,1,1,10,2024,1,59,8.0,1500000.0,47784
8055570,1,2,1,10,2024,2,64,4.0,15000000.0,39562
8049964,1,1,1,10,2024,1,60,8.0,1500000.0,26763
8078229,1,1,1,10,2024,1,52,3.0,400000.0,47945
8040104,1,1,1,10,2024,1,51,4.0,900000.0,4382
8044575,1,2,1,10,2024,1,22,4.0,1300000.0,14936
8038629,1,4,1,10,2024,1,37,10.0,2000000.0,1047
8080689,1,1,1,10,2024,2,30,5.0,1300000.0,53589
8075635,1,1,1,10,2024,2,55,4.0,1000000.0,41658
8081040,1,3,1,10,2024,1,20,10.0,1120000.0,54279
8055842,1,2,1,10,2024,2,47,9.0,1300000.0,40081
8051897,1,1,1,10,2024,2,59,11.0,3550000.0,31358
8082145,1,1,1,10,2024,2,21,10.0,1300000.0,56186
8084876,1,1,1,10,2024,1,64,4.0,2500000.0,62107
8081436,1,1,1,10,2024,1,36,10.0,4500000.0,55160
8047436,1,2,1,10,2024,2,28,5.0,1200000.0,21619
8055949,1,2,1,10,2024,2,65,4.0,700000.0,40318
8038714,1,1,1,10,2024,1,62,3.0,300000.0,1301
8076080,1,1,1,10,2024,1,36,5.0,960000.0,42940
8049743,1,5,1,10,2024,2,23,9.0,1270000.0,26247
8044697,1,1,1,10,2024,1,29,8.0,1462000.0,15260
8086385,1,1,1,10,2024,1,61,9.0,3000000.0,63579
8086478,1,1,1,10,2024,1,74,1.0,2000000.0,63771
8051357,1,1,1,10,2024,1,48,5.0,700000.0,29983
8043218,1,2,1,10,2024,2,35,4.0,165000.0,11418
8049621,1,1,1,10,2024,2,31,5.0,200000.0,25915
8077982,1,1,1,10,2024,1,57,5.0,800000.0,47378
8083012,1,3,1,10,2024,2,15,4.0,400000.0,58121
8039260,1,1,1,10,2024,1,67,3.0,700000.0,2711
8079170,1,1,1,10,2024,2,41,10.0,5000000.0,50024
8054162,1,1,1,10,2024,2,46,11.0,3600000.0,36626
8044134,1,2,1,10,2024,1,65,5.0,1400000.0,13717
8083726,1,1,1,10,2024,1,50,3.0,1000000.0,59628
8076253,1,2,1,10,2024,2,62,3.0,300000.0,43415
8043127,1,3,1,10,2024,1,26,4.0,1300000.0,11207
8044758,1,2,1,10,2024,1,24,5.0,1300000.0,15401
8082284,1,1,1,10,2024,1,60,10.0,1800000.0,56392
8044201,1,1,1,10,2024,1,37,4.0,1500000.0,13876
8052520,1,1,1,10,2024,1,51,5.0,550000.0,32992
8086740,1,2,1,10,2024,1,39,5.0,1700000.0,64412
8040851,1,5,1,10,2024,1,71,1.0,1100000.0,6187
8054197,1,1,1,10,2024,2,62,3.0,700000.0,36725
8051279,1,1,1,10,2024,2,26,7.0,1300000.0,29748
8048907,1,1,1,10,2024,2,58,4.0,1200000.0,24563
8050155,1,2,1,10,2024,2,64,3.0,20000.0,27219
8081227,1,1,1,10,2024,1,53,3.0,1500000.0,54621
8038997,1,1,1,10,2024,1,54,5.0,1500000.0,1998
8086240,1,1,1,10,2024,1,36,10.0,1000000.0,63339
8046593,1,2,1,10,2024,2,50,5.0,1300000.0,19993
8052116,1,1,1,10,2024,1,58,4.0,1600000.0,31887
8042774,1,1,1,10,2024,1,32,5.0,1300000.0,10520
8046275,1,1,1,10,2024,1,68,3.0,1000000.0,19127
8043126,1,1,1,10,2024,2,57,3.0,100000.0,11202
8053251,1,1,1,10,2024,2,34,5.0,900000.0,34713
8043427,1,2,1,10,2024,1,36,4.0,700000.0,11944
8050084,1,1,1,10,2024,1,64,3.0,1000000.0,27082
8049479,1,2,1,10,2024,2,56,3.0,200000.0,25552
8045478,1,1,1,10,2024,1,74,1.0,300000.0,17389
8044084,1,1,1,10,2024,1,27,4.0,2200000.0,13618
8045115,1,3,1,10,2024,1,25,6.0,900000.0,16375
8053631,1,2,1,10,2024,2,25,8.0,1300000.0,35574
8076918,1,1,1,10,2024,1,23,5.0,1680000.0,44964
8044961,1,2,1,10,2024,2,55,4.0,600000.0,15946
8050499,1,1,1,10,2024,2,66,3.0,200000.0,28122
8040466,1,1,1,10,2024,1,47,5.0,1300000.0,5300
8042345,1,1,1,10,2024,2,54,3.0,400000.0,9605
8040336,1,1,1,10,2024,2,32,3.0,500000.0,4982
8076092,1,3,1,10,2024,1,29,10.0,0.0,42976
8053431,1,1,1,10,2024,1,28,10.0,2200000.0,35167
8042773,1,1,1,10,2024,2,52,4.0,2000000.0,10515
8084851,1,2,1,10,2024,1,54,4.0,1600000.0,62055
8077199,1,2,1,10,2024,2,50,3.0,450000.0,45708
8044893,1,1,1,10,2024,2,56,11.0,4000000.0,15775
8048628,1,1,1,10,2024,1,30,5.0,1300000.0,24018
8075573,1,1,1,10,2024,2,60,10.0,250000.0,41462
8053380,1,1,1,10,2024,2,42,5.0,1400000.0,35056
8040598,1,2,1,10,2024,2,37,8.0,1300000.0,5628
8050760,1,2,1,10,2024,1,62,5.0,400000.0,28762
8049994,1,1,1,10,2024,2,55,4.0,600000.0,26845
8050603,1,1,1,10,2024,2,38,10.0,1500000.0,28414
8043703,1,2,1,10,2024,1,33,3.0,1200000.0,12675
8085983,1,1,1,10,2024,1,48,4.0,400000.0,63140
8050816,1,1,1,10,2024,2,36,8.0,1000000.0,28915
8039192,1,1,1,10,2024,1,44,10.0,1300000.0,2540
8083834,1,1,1,10,2024,1,18,5.0,1300000.0,59838
8046308,1,2,1,10,2024,1,40,8.0,2020000.0,19247
8047913,1,1,1,10,2024,1,42,5.0,1200000.0,22681
8040237,1,4,1,10,2024,2,44,10.0,2000000.0,4763
8048125,1,2,1,10,2024,2,58,5.0,1300000.0,23109
8056166,1,2,1,10,2024,2,49,5.0,1300000.0,40741
8084789,1,2,1,10,2024,2,43,3.0,800000.0,61917
8038827,1,1,1,10,2024,1,66,13.0,16000000.0,1587
8044192,1,1,1,10,2024,1,28,8.0,2460000.0,13858
8051954,1,2,1,10,2024,2,56,10.0,6700000.0,31503
8038555,1,2,1,10,2024,2,25,10.0,1300000.0,896
8076511,1,1,1,10,2024,2,78,3.0,500000.0,44048
8047850,1,2,1,10,2024,1,78,5.0,1800000.0,22528
8082549,1,1,1,10,2024,1,40,8.0,1300000.0,56962
8042437,1,3,1,10,2024,1,21,5.0,500000.0,9810
8080178,1,1,1,10,2024,1,60,5.0,2000000.0,52492
8045236,1,3,1,10,2024,2,21,8.0,1300000.0,16739
8043772,1,1,1,10,2024,1,26,5.0,1200000.0,12864
8075672,1,1,1,10,2024,1,65,1.0,800000.0,41784
8044462,1,1,1,10,2024,2,28,11.0,4800000.0,14608
8042009,1,2,1,10,2024,2,52,3.0,250000.0,8859
8049565,1,2,1,10,2024,2,56,10.0,1280000.0,25778
8077583,1,1,1,10,2024,2,39,6.0,2000000.0,46540
8046271,1,1,1,10,2024,1,56,5.0,800000.0,19110
8082048,1,1,1,10,2024,2,62,5.0,1500000.0,56023
8082976,1,1,1,10,2024,2,62,3.0,1200000.0,58030
8046194,1,1,1,10,2024,1,19,6.0,1680000.0,18937
8077753,1,1,1,10,2024,1,64,10.0,3000000.0,46885
8055679,1,1,1,10,2024,2,45,5.0,280000.0,39788
8079617,1,1,1,10,2024,1,42,10.0,1250000.0,51075
8039480,1,3,1,10,2024,1,49,10.0,3000000.0,3134
8042805,1,1,1,10,2024,1,54,9.0,3000000.0,10597
8041410,1,2,1,10,2024,1,53,5.0,1000000.0,7497
8042999,1,1,1,10,2024,2,48,5.0,1080000.0,10912
8047096,1,1,1,10,2024,1,48,3.0,1300000.0,20979
8045809,1,1,1,10,2024,1,29,12.0,17000000.0,18230
8049315,1,1,1,10,2024,1,60,3.0,1000000.0,25341
8080817,1,1,1,10,2024,1,21,5.0,1300000.0,53810
8054550,1,1,1,10,2024,2,39,12.0,5000000.0,37502
8045205,1,1,1,10,2024,2,38,4.0,1000000.0,16631
8048331,1,1,1,10,2024,2,52,5.0,800000.0,23520
8084043,1,2,1,10,2024,2,50,5.0,1500000.0,60331
8086660,1,1,1,10,2024,2,25,8.0,1500000.0,64265
8082312,1,2,1,10,2024,1,36,5.0,1500000.0,56447
8039877,1,1,1,10,2024,1,56,5.0,50000.0,3885
8045308,1,2,1,10,2024,1,35,4.0,1300000.0,16903
8044652,1,1,1,10,2024,2,34,10.0,1767200.0,15145
8083986,1,3,1,10,2024,1,26,10.0,1800000.0,60156
8084881,1,1,1,10,2024,2,52,10.0,0.0,62115
8077933,1,2,1,10,2024,2,25,3.0,50000.0,47261
8044207,1,1,1,10,2024,1,62,5.0,800000.0,13891
8050554,1,2,1,10,2024,1,43,8.0,1800000.0,28294
8081173,1,1,1,10,2024,2,32,5.0,300000.0,54529
8079952,1,1,1,10,2024,1,27,10.0,7000000.0,51969
8053864,1,1,1,10,2024,2,27,10.0,1300000.0,36038
8040182,1,1,1,10,2024,2,48,3.0,450000.0,4593
8085072,1,5,1,10,2024,2,26,9.0,1923000.0,62563
8056350,1,2,1,10,2024,2,34,10.0,2000000.0,41130
8042512,1,4,1,10,2024,1,16,4.0,200000.0,9982
8042087,1,1,1,10,2024,1,44,3.0,800000.0,8992
8077210,1,2,1,10,2024,1,36,4.0,1400000.0,45731
8084383,1,2,1,10,2024,2,37,11.0,4000000.0,61096
8083035,1,1,1,10,2024,2,38,10.0,1800000.0,58178
8082999,1,2,1,10,2024,2,54,11.0,2000000.0,58076
8045210,1,2,1,10,2024,1,25,4.0,1000000.0,16649
8053698,1,2,1,10,2024,2,45,3.0,800000.0,35738
8076385,1,1,1,10,2024,1,24,5.0,1300000.0,43724
8054255,1,1,1,10,2024,2,31,6.0,1300000.0,36815
8042134,1,1,1,10,2024,1,50,5.0,800000.0,9138
8054071,1,2,1,10,2024,1,27,10.0,1400000.0,36432
8080602,1,1,1,10,2024,2,36,10.0,3000000.0,53407
8041824,1,2,1,10,2024,2,46,8.0,1500000.0,8349
8080385,1,2,1,10,2024,2,61,10.0,8000000.0,53028
8081584,1,2,1,10,2024,1,43,10.0,11999690.0,55436
8055170,1,1,1,10,2024,1,28,3.0,1900000.0,38868
8041487,1,1,1,10,2024,1,55,5.0,1500000.0,7684
8045018,1,1,1,10,2024,1,43,5.0,1200000.0,16124
8044263,1,4,1,10,2024,1,57,3.0,300000.0,14037
8086428,1,1,1,10,2024,1,58,3.0,1400000.0,63652
8077277,1,1,1,10,2024,1,39,11.0,3500000.0,45908
8039216,1,1,1,10,2024,2,39,5.0,1550000.0,2605
8052777,1,4,1,10,2024,1,16,4.0,0.0,33572
8042330,1,2,1,10,2024,1,22,5.0,350000.0,9578
8086681,1,3,1,10,2024,1,26,4.0,800000.0,64316
8055492,1,1,1,10,2024,2,45,10.0,1900000.0,39452
8076751,1,1,1,10,2024,2,52,3.0,1362000.0,44612
8053192,1,1,1,10,2024,2,48,8.0,1500000.0,34577
8045693,1,1,1,10,2024,1,52,3.0,1300000.0,17951
8050160,1,4,1,10,2024,2,22,5.0,1200000.0,27232
8050344,1,2,1,10,2024,2,23,8.0,360000.0,27696
8038779,1,2,1,10,2024,2,26,5.0,70000.0,1495
8084750,1,1,1,10,2024,1,32,5.0,1000000.0,61836
8048334,1,1,1,10,2024,2,71,4.0,500000.0,23525
8049612,1,1,1,10,2024,1,56,12.0,6000000.0,25888
8050226,1,2,1,10,2024,2,47,5.0,720000.0,27401
8041282,1,3,1,10,2024,2,38,11.0,3696000.0,7239
8077285,1,1,1,10,2024,1,34,5.0,1400000.0,45922
8084253,1,2,1,10,2024,2,67,12.0,5000000.0,60819
8079088,1,1,1,10,2024,2,69,3.0,500000.0,49831
8048535,1,3,1,10,2024,1,29,3.0,500000.0,23878
8054523,1,1,1,10,2024,1,60,8.0,1200000.0,37459
8078941,1,1,1,10,2024,1,31,5.0,700000.0,49498
8078697,1,1,1,10,2024,1,42,5.0,250000.0,48958
8054275,1,4,1,10,2024,1,38,6.0,1300000.0,36853
8076181,1,1,1,10,2024,2,59,1.0,640000.0,43248
8077951,1,2,1,10,2024,2,17,4.0,720000.0,47291
8076632,1,2,1,10,2024,2,20,5.0,1300000.0,44328
8055767,1,1,1,10,2024,1,32,10.0,1300000.0,39915
8050755,1,2,1,10,2024,2,45,12.0,5500000.0,28748
8050722,1,1,1,10,2024,1,43,5.0,1000000.0,28667
8053825,1,3,1,10,2024,2,29,5.0,1300000.0,35962
8040763,1,1,1,10,2024,1,67,3.0,1440000.0,5979
8041699,1,1,1,10,2024,1,51,10.0,7800000.0,8160
8049834,1,1,1,10,2024,1,50,3.0,600000.0,26492
8085893,1,1,1,10,2024,1,36,5.0,1600000.0,63008
8053463,1,1,1,10,2024,2,40,5.0,1300000.0,35207
8085020,1,1,1,10,2024,1,44,5.0,1800000.0,62430
8042732,1,1,1,10,2024,2,18,5.0,900000.0,10435
8086086,1,1,1,10,2024,1,35,4.0,1300000.0,63248
8043961,1,1,1,10,2024,2,31,5.0,800000.0,13341
8047519,1,1,1,10,2024,2,52,10.0,1900000.0,21753
8043781,1,1,1,10,2024,1,25,5.0,1500000.0,12885
8079646,1,1,1,10,2024,1,30,8.0,1300000.0,51122
8084557,1,1,1,10,2024,1,23,5.0,1500000.0,61429
8076075,1,2,1,10,2024,2,29,5.0,16000.0,42928
8076179,1,2,1,10,2024,1,39,4.0,1000000.0,43241
8077478,1,1,1,10,2024,1,54,3.0,600000.0,46331
8049918,1,3,1,10,2024,1,29,5.0,300000.0,26682
8046434,1,2,1,10,2024,2,44,11.0,4500000.0,19531
8078785,1,1,1,10,2024,1,58,3.0,1720000.0,49156
8043098,1,1,1,10,2024,1,70,5.0,680000.0,11145
8042811,1,2,1,10,2024,2,23,5.0,1200000.0,10608
8052917,1,3,1,10,2024,2,31,9.0,400000.0,33909
8040483,1,1,1,10,2024,2,50,10.0,2600000.0,5341
8079669,1,2,1,10,2024,1,37,10.0,2200000.0,51176
8053632,1,3,1,10,2024,2,29,10.0,2000000.0,35577
8078655,1,1,1,10,2024,1,26,8.0,1300000.0,48878
8079734,4,1,4,10,2024,1,35,5.0,1200000.0,51365
8082295,1,1,1,10,2024,1,44,8.0,1300000.0,56407
8082793,1,3,1,10,2024,2,18,5.0,800000.0,57591
8045138,1,2,1,10,2024,2,42,3.0,1300000.0,16439
8075810,1,1,1,10,2024,1,45,4.0,1200000.0,42132
8079765,1,2,1,10,2024,2,59,5.0,150000.0,51494
8084894,1,1,1,10,2024,1,53,8.0,3000000.0,62149
8045405,1,1,1,10,2024,2,30,5.0,1600000.0,17170
8042428,1,2,1,10,2024,2,30,8.0,1800000.0,9783
8047638,1,3,1,10,2024,1,20,9.0,1300000.0,22046
8038687,1,1,1,10,2024,1,57,1.0,1000000.0,1219
8051953,1,1,1,10,2024,1,38,5.0,1700000.0,31498
8082641,1,3,1,10,2024,2,21,9.0,1300000.0,57188
8076071,1,2,1,10,2024,1,42,5.0,900000.0,42918
8054369,1,1,1,10,2024,2,34,11.0,1500000.0,37100
8083115,1,3,1,10,2024,2,44,10.0,1800000.0,58372
8078915,1,2,1,10,2024,2,76,3.0,200000.0,49434
8050348,1,1,1,10,2024,1,30,4.0,900000.0,27717
8045451,1,1,1,10,2024,2,57,11.0,3800000.0,17303
8039980,1,2,1,10,2024,2,25,10.0,1300000.0,4114
8048858,1,1,1,10,2024,2,58,4.0,150000.0,24454
8045426,1,5,1,10,2024,2,25,6.0,1300000.0,17231
8038468,1,2,1,10,2024,2,21,10.0,1852000.0,705
8038509,1,3,1,10,2024,1,35,9.0,2700000.0,788
8041776,1,3,1,10,2024,1,20,10.0,1800000.0,8273
8086099,1,1,1,10,2024,2,65,4.0,580000.0,63274
8043013,1,1,1,10,2024,2,64,11.0,6000000.0,10948
8046470,1,1,1,10,2024,1,29,10.0,2700000.0,19625
8084543,1,1,1,10,2024,1,37,10.0,4000000.0,61400
8043059,1,2,1,10,2024,2,28,6.0,600000.0,11051
8042120,1,2,1,10,2024,1,59,4.0,750000.0,9076
8044016,2,1,2,10,2024,2,29,9.0,2000000.0,13456
8040607,1,1,1,10,2024,2,58,3.0,560000.0,5639
8081393,1,1,1,10,2024,1,32,10.0,1500000.0,55034
8055584,1,3,1,10,2024,1,48,5.0,5500000.0,39586
8055639,1,2,1,10,2024,2,37,5.0,1300000.0,39659
8077593,1,3,1,10,2024,1,21,5.0,1150000.0,46561
8081249,1,2,1,10,2024,2,40,3.0,500000.0,54693
8045803,1,1,1,10,2024,2,33,11.0,3809000.0,18215
8077869,1,1,1,10,2024,1,56,9.0,1800000.0,47122
8042119,1,1,1,10,2024,1,61,3.0,800000.0,9074
8050323,1,1,1,10,2024,1,54,8.0,5200000.0,27614
8077728,1,2,1,10,2024,1,35,5.0,1300000.0,46832
8050814,1,1,1,10,2024,1,50,10.0,1300000.0,28909
8048962,1,2,1,10,2024,2,48,4.0,1200000.0,24682
8079779,1,1,1,10,2024,2,36,5.0,1200000.0,51546
8040947,1,1,1,10,2024,1,42,5.0,1000000.0,6418
8054571,1,1,1,10,2024,1,48,5.0,1500000.0,37542
8078118,1,1,1,10,2024,2,52,3.0,800000.0,47674
8047480,1,1,1,10,2024,2,32,3.0,350000.0,21687
8053343,1,4,1,10,2024,2,43,8.0,1300000.0,34935
8039054,1,3,1,10,2024,2,25,5.0,300000.0,2162
8052830,1,1,1,10,2024,1,68,3.0,200000.0,33706
8083555,1,1,1,10,2024,1,52,10.0,1300000.0,59296
8084176,1,1,1,10,2024,2,83,5.0,800000.0,60617
8055864,1,1,1,10,2024,1,56,5.0,1000000.0,40152
8049232,1,1,1,10,2024,2,33,8.0,1300000.0,25153
8080904,1,2,1,10,2024,2,47,4.0,300000.0,53979
8041171,1,1,1,10,2024,1,42,5.0,1000000.0,6968
8042279,1,2,1,10,2024,2,45,3.0,2400000.0,9473
8045155,1,1,1,10,2024,1,56,3.0,1200000.0,16478
8076256,1,2,1,10,2024,1,36,4.0,900000.0,43428
8052852,1,2,1,10,2024,1,28,5.0,800000.0,33761
8080421,1,1,1,10,2024,1,46,11.0,11000000.0,53105
8081484,1,3,1,10,2024,1,28,3.0,230000.0,55259
8050256,1,1,1,10,2024,2,43,10.0,3900000.0,27474
8040922,1,2,1,10,2024,1,44,5.0,1300000.0,6365
8051269,1,1,1,10,2024,1,63,9.0,3000000.0,29724
8041355,1,1,1,10,2024,1,41,5.0,1300000.0,7346
8083487,1,1,1,10,2024,1,26,5.0,960000.0,59179
8047311,1,2,1,10,2024,1,52,5.0,800000.0,21406
8084666,1,2,1,10,2024,2,44,5.0,1020000.0,61647
8041957,1,3,1,10,2024,1,24,5.0,1300000.0,8724
8038220,1,1,1,10,2024,1,39,3.0,1000000.0,90
8046183,1,1,1,10,2024,1,37,5.0,1200000.0,18905
8079777,1,1,1,10,2024,1,45,5.0,2500000.0,51536
8050236,1,1,1,10,2024,2,38,5.0,1300000.0,27422
8039790,1,2,1,10,2024,2,27,8.0,800000.0,3727
8050489,1,1,1,10,2024,1,46,4.0,1400000.0,28078
8044243,1,7,1,10,2024,1,44,5.0,500000.0,13953
8083306,1,2,1,10,2024,1,44,1.0,960000.0,58796
8077630,1,1,1,10,2024,1,68,1.0,400000.0,46627
8075629,1,1,1,10,2024,1,29,5.0,640000.0,41641
8044989,1,1,1,10,2024,1,50,5.0,1700000.0,16025
8048173,1,1,1,10,2024,2,26,5.0,900000.0,23233
8046155,1,1,1,10,2024,1,62,5.0,1000000.0,18834
8052372,1,3,1,10,2024,2,25,5.0,300000.0,32604
8055190,1,1,1,10,2024,1,33,5.0,2900000.0,38906
8043373,1,2,1,10,2024,1,24,5.0,300000.0,11813
8083307,1,4,1,10,2024,1,21,3.0,500000.0,58802
8054159,1,1,1,10,2024,1,40,5.0,1200000.0,36618
8055039,1,4,1,10,2024,2,24,5.0,700000.0,38644
8042954,1,1,1,10,2024,1,57,3.0,1400000.0,10816
8040719,1,1,1,10,2024,1,58,3.0,450000.0,5853
8081424,1,1,1,10,2024,2,59,3.0,350000.0,55130
8050484,1,1,1,10,2024,2,30,4.0,720000.0,28060
8041464,1,2,1,10,2024,2,52,3.0,1432000.0,7624
8078761,1,1,1,10,2024,2,42,9.0,1300000.0,49107
8046326,1,1,1,10,2024,1,46,3.0,1500000.0,19290
8039531,1,2,1,10,2024,2,40,10.0,1900000.0,3250
8078956,1,3,1,10,2024,2,37,3.0,700000.0,49535
8053262,1,5,1,10,2024,2,52,5.0,2300000.0,34741
8078345,1,2,1,10,2024,1,25,3.0,2000000.0,48231
8053959,1,1,1,10,2024,1,40,5.0,2400000.0,36227
8049487,1,1,1,10,2024,1,62,3.0,700000.0,25581
8075740,1,2,1,10,2024,1,29,4.0,1600000.0,41954
8046484,1,1,1,10,2024,2,55,11.0,5300000.0,19652
8086350,1,1,1,10,2024,1,61,9.0,3000000.0,63509
8042771,1,1,1,10,2024,1,29,9.0,1600000.0,10511
8046139,1,3,1,10,2024,1,29,5.0,1300000.0,18791
8052266,1,2,1,10,2024,1,55,5.0,800000.0,32290
8045392,1,1,1,10,2024,2,50,3.0,1300000.0,17123
8082628,1,5,1,10,2024,2,66,4.0,1500000.0,57147
8054349,1,2,1,10,2024,2,56,5.0,1460000.0,37066
8046498,1,3,1,10,2024,1,40,5.0,800000.0,19681
8040550,1,2,1,10,2024,1,23,4.0,900000.0,5479
8043246,1,2,1,10,2024,2,53,8.0,2400000.0,11479
8044899,1,2,1,10,2024,2,41,10.0,3800000.0,15791
8081514,1,3,1,10,2024,1,29,8.0,1500000.0,55337
8044973,1,1,1,10,2024,2,41,10.0,1450000.0,15972
8045368,1,3,1,10,2024,2,41,10.0,1300000.0,17060
8076714,1,2,1,10,2024,2,43,11.0,4000000.0,44512
8043214,1,1,1,10,2024,1,44,4.0,5000000.0,11409
8081676,1,1,1,10,2024,2,45,10.0,3800000.0,55588
8045936,1,1,1,10,2024,1,28,5.0,1000000.0,18279
8043109,1,3,1,10,2024,1,26,6.0,900000.0,11167
8046406,1,3,1,10,2024,1,35,4.0,2000000.0,19471
8079061,1,1,1,10,2024,1,68,3.0,1300000.0,49789
8042021,1,1,1,10,2024,1,50,3.0,1300000.0,8897
8042842,1,3,1,10,2024,1,39,10.0,4000000.0,10675
8043456,1,4,1,10,2024,1,58,1.0,650000.0,12015
8079737,1,3,1,10,2024,1,17,4.0,700000.0,51374
8045354,1,2,1,10,2024,1,35,12.0,3000000.0,17017
8051716,1,1,1,10,2024,2,56,11.0,5600000.0,30856
8045779,1,1,1,10,2024,1,31,3.0,1450000.0,18159
8043716,1,1,1,10,2024,1,44,10.0,3000000.0,12704
8052995,1,2,1,10,2024,2,51,5.0,743000.0,34164
8039032,1,2,1,10,2024,2,50,5.0,3000000.0,2083
8049631,1,1,1,10,2024,1,55,3.0,250000.0,25952
8044592,1,1,1,10,2024,2,38,3.0,400000.0,14981
8076083,1,1,1,10,2024,2,66,3.0,200000.0,42953
8085931,1,2,1,10,2024,2,25,10.0,2500000.0,63054
8039597,1,2,1,10,2024,1,24,8.0,1100000.0,3352
8076624,1,5,1,10,2024,1,27,5.0,1300000.0,44305
8082283,1,3,1,10,2024,1,30,10.0,1500000.0,56388
8044245,1,1,1,10,2024,2,22,5.0,600000.0,13960
8047671,1,2,1,10,2024,1,33,4.0,1000000.0,22105
8050342,1,1,1,10,2024,1,42,5.0,1300000.0,27689
8082793,1,2,1,10,2024,1,25,10.0,1700000.0,57590
8042967,1,2,1,10,2024,1,39,6.0,2000000.0,10853
8038342,1,4,1,10,2024,2,36,9.0,1300000.0,415
8040659,1,1,1,10,2024,2,35,10.0,1300000.0,5724
8077998,1,1,1,10,2024,2,49,3.0,700000.0,47424
8038888,1,1,1,10,2024,2,52,5.0,200000.0,1733
8043659,1,2,1,10,2024,2,34,10.0,1300000.0,12569
8078028,1,3,1,10,2024,2,22,10.0,1600000.0,47490
8052288,1,4,1,10,2024,2,26,10.0,2800000.0,32350
8052115,1,2,1,10,2024,1,29,1.0,900000.0,31884
8045403,1,1,1,10,2024,2,43,5.0,600000.0,17164
8038379,1,1,1,10,2024,1,60,10.0,7800000.0,516
8078349,1,1,1,10,2024,2,40,4.0,300000.0,48244
8041213,1,2,1,10,2024,2,49,5.0,1300000.0,7085
8056093,1,1,1,10,2024,1,29,9.0,1300000.0,40582
8050081,1,2,1,10,2024,2,55,3.0,400000.0,27069
8052416,1,1,1,10,2024,2,40,3.0,40000.0,32739
8054912,1,1,1,10,2024,1,59,3.0,1300000.0,38345
8038990,1,1,1,10,2024,2,52,1.0,600000.0,1988
8046589,1,4,1,10,2024,1,24,5.0,1300000.0,19982
8076112,1,3,1,10,2024,1,21,5.0,720000.0,43035
8039074,1,1,1,10,2024,2,43,5.0,800000.0,2213
8044248,1,1,1,10,2024,1,36,4.0,800000.0,13972
8052351,1,2,1,10,2024,1,23,8.0,1000000.0,32549
8080530,1,1,1,10,2024,1,31,5.0,1300000.0,53251
8052174,1,1,1,10,2024,2,43,5.0,1250000.0,32023
8079293,1,2,1,10,2024,1,63,3.0,480000.0,50413
8050638,1,1,1,10,2024,2,33,10.0,2400000.0,28489
8047863,1,2,1,10,2024,2,29,3.0,1350000.0,22574
8077516,1,3,1,10,2024,1,21,5.0,1300000.0,46376
8038898,1,3,1,10,2024,2,27,10.0,1300000.0,1755
8075684,1,1,1,10,2024,1,61,3.0,1280000.0,41812
8039302,1,3,1,10,2024,2,40,8.0,1100000.0,2835
8079828,1,5,1,10,2024,1,41,3.0,1200000.0,51695
8076485,1,2,1,10,2024,1,71,3.0,1200000.0,43983
8078398,1,2,1,10,2024,1,21,4.0,1000000.0,48337
8043855,1,1,1,10,2024,1,30,10.0,8000000.0,13060
8054800,1,1,1,10,2024,1,39,5.0,1500000.0,38091
8076852,1,1,1,10,2024,1,30,10.0,3500000.0,44828
8046736,1,4,1,10,2024,1,28,5.0,1300000.0,20324
8078602,1,1,1,10,2024,1,52,10.0,2000000.0,48767
8078114,1,2,1,10,2024,2,33,3.0,480000.0,47663
8077110,1,1,1,10,2024,2,16,5.0,1000000.0,45456
8053663,1,1,1,10,2024,2,45,3.0,700000.0,35633
8040574,1,1,1,10,2024,1,58,4.0,320000.0,5556
8082584,1,2,1,10,2024,1,35,5.0,1500000.0,57049
8038922,1,2,1,10,2024,2,47,3.0,1000000.0,1825
8045692,1,3,1,10,2024,1,27,6.0,1300000.0,17948
8050288,1,2,1,10,2024,2,33,9.0,1900000.0,27548
8077873,1,1,1,10,2024,2,58,3.0,200000.0,47128
8079225,1,1,1,10,2024,1,46,1.0,300000.0,50185
8078930,1,1,1,10,2024,1,40,4.0,950000.0,49470
8038737,1,1,1,10,2024,1,29,8.0,1700000.0,1357
8086620,1,1,1,10,2024,1,66,5.0,4000000.0,64144
8086404,1,1,1,10,2024,1,61,9.0,3000000.0,63615
8083023,1,2,1,10,2024,2,41,11.0,2500000.0,58149
8051257,1,1,1,10,2024,1,42,3.0,1300000.0,29691
8078546,1,1,1,10,2024,1,75,3.0,800000.0,48645
8079594,1,2,1,10,2024,1,41,8.0,1700000.0,51036
8084209,1,2,1,10,2024,2,28,8.0,1500000.0,60718
8042743,1,1,1,10,2024,2,34,4.0,900000.0,10447
8054196,1,1,1,10,2024,1,38,9.0,500000.0,36722
8082932,1,2,1,10,2024,1,35,10.0,3500000.0,57935
8046514,1,1,1,10,2024,1,48,3.0,500000.0,19740
8044937,1,1,1,10,2024,1,53,5.0,2000000.0,15887
8078072,1,1,1,10,2024,1,62,3.0,1300000.0,47580
8054768,1,3,1,10,2024,1,20,5.0,200000.0,38021
8042469,1,4,1,10,2024,1,31,5.0,1462000.0,9884
8049182,1,1,1,10,2024,1,33,5.0,1600000.0,25064
8048454,1,1,1,10,2024,2,26,5.0,450000.0,23706
8041699,1,2,1,10,2024,2,43,11.0,5200000.0,8161
8055200,1,2,1,10,2024,2,44,4.0,400000.0,38924
8040164,1,1,1,10,2024,2,51,3.0,1040000.0,4527
8086242,1,2,1,10,2024,2,22,5.0,800000.0,63346
8076769,1,2,1,10,2024,2,30,5.0,1000000.0,44654
8075679,1,1,1,10,2024,2,45,5.0,1200000.0,41796
8078246,1,1,1,10,2024,1,36,5.0,2000000.0,47969
8045400,1,1,1,10,2024,1,52,5.0,3400000.0,17153
8045434,1,1,1,10,2024,1,24,12.0,4100000.0,17249
8043501,1,2,1,10,2024,2,25,9.0,1300000.0,12165
8077405,1,2,1,10,2024,1,56,3.0,1300000.0,46185
8084214,1,1,1,10,2024,1,38,4.0,1100000.0,60728
8042769,1,1,1,10,2024,1,42,8.0,2000000.0,10509
8084099,1,1,1,10,2024,1,40,9.0,2200000.0,60498
8078881,1,2,1,10,2024,2,65,3.0,600000.0,49355
8077082,1,3,1,10,2024,1,26,10.0,800000.0,45374
8051285,1,3,1,10,2024,1,45,4.0,1500000.0,29765
8048767,1,2,1,10,2024,1,17,5.0,530000.0,24252
8085932,1,2,1,10,2024,2,41,10.0,4000000.0,63057
8077431,1,1,1,10,2024,2,67,3.0,600000.0,46235
8041807,1,2,1,10,2024,2,20,6.0,1300000.0,8317
8039458,1,2,1,10,2024,1,16,5.0,80000.0,3087
8045575,1,2,1,10,2024,1,37,10.0,2500000.0,17654
8046574,1,2,1,10,2024,1,25,5.0,200000.0,19930
8047505,1,4,1,10,2024,1,25,10.0,1500000.0,21739
8082409,1,1,1,10,2024,1,45,5.0,2000000.0,56654
8052854,1,1,1,10,2024,1,36,3.0,1400000.0,33765
8039578,1,2,1,10,2024,2,33,11.0,4000000.0,3323
8039398,1,1,1,10,2024,1,42,9.0,3500000.0,2975
8049093,1,4,1,10,2024,2,44,5.0,100000.0,24908
8077172,1,3,1,10,2024,1,16,5.0,400000.0,45637
8045280,1,1,1,10,2024,2,45,9.0,1300000.0,16831
8046301,1,2,1,10,2024,1,58,3.0,1300000.0,19225
8054779,1,1,1,10,2024,1,34,12.0,3200000.0,38055
8077601,1,1,1,10,2024,1,30,5.0,1196000.0,46574
8052041,1,2,1,10,2024,1,63,3.0,980000.0,31690
8053494,1,2,1,10,2024,1,42,13.0,7500000.0,35255
8076919,1,1,1,10,2024,1,22,3.0,1450000.0,44967
8045164,1,1,1,10,2024,1,70,3.0,360000.0,16499
8053321,1,1,1,10,2024,1,57,10.0,3000000.0,34889
8046840,1,3,1,10,2024,2,23,10.0,700000.0,20556
8077237,1,3,1,10,2024,1,45,9.0,2600000.0,45799
8053888,1,1,1,10,2024,2,35,10.0,1100000.0,36077
8046610,1,1,1,10,2024,1,36,8.0,1800000.0,20040
8046119,1,3,1,10,2024,1,40,4.0,3000000.0,18760
8079510,1,1,1,10,2024,1,35,8.0,2240000.0,50883
8083195,1,1,1,10,2024,2,59,3.0,500000.0,58506
8082624,1,2,1,10,2024,2,48,10.0,2600000.0,57132
8082812,1,5,1,10,2024,1,30,10.0,2800000.0,57657
8086319,1,1,1,10,2024,1,61,9.0,3000000.0,63453
8041748,1,2,1,10,2024,2,48,8.0,1462000.0,8237
8083851,1,1,1,10,2024,1,45,5.0,1350000.0,59886
8044815,1,2,1,10,2024,1,42,6.0,2100000.0,15542
8039137,1,2,1,10,2024,1,27,9.0,1500000.0,2415
8048708,1,1,1,10,2024,2,67,3.0,250000.0,24161
8079041,1,2,1,10,2024,1,61,4.0,300000.0,49744
8050874,1,1,1,10,2024,1,41,8.0,2600000.0,29063
8076596,1,3,1,10,2024,1,20,8.0,900000.0,44236
8056259,1,1,1,10,2024,2,57,10.0,3000000.0,40962
8043919,1,2,1,10,2024,2,31,8.0,1500000.0,13220
8047975,1,3,1,10,2024,1,53,5.0,600000.0,22779
8043641,1,1,1,10,2024,2,51,4.0,350000.0,12511
8050396,1,3,1,10,2024,1,38,11.0,10000000.0,27841
8044452,1,1,1,10,2024,1,38,3.0,1300000.0,14584
8045652,1,2,1,10,2024,2,38,10.0,1300000.0,17849
8075579,1,3,1,10,2024,1,23,5.0,1300000.0,41478
8084686,1,2,1,10,2024,1,38,9.0,2000000.0,61690
8045100,1,1,1,10,2024,2,44,5.0,1340000.0,16336
8048706,1,2,1,10,2024,1,43,10.0,2000000.0,24156
8084284,1,3,1,10,2024,2,33,10.0,3800000.0,60888
8048864,1,2,1,10,2024,2,38,5.0,1300000.0,24468
8083080,1,2,1,10,2024,1,30,5.0,1000000.0,58280
8075669,1,1,1,10,2024,2,72,1.0,600000.0,41774
8046139,1,1,1,10,2024,1,62,3.0,1920000.0,18789
8053546,1,1,1,10,2024,1,37,10.0,8000000.0,35356
8078140,1,2,1,10,2024,2,58,5.0,400000.0,47711
8049784,1,2,1,10,2024,2,32,10.0,2500000.0,26357
8052051,1,1,1,10,2024,1,26,9.0,2600000.0,31705
8083003,1,1,1,10,2024,1,57,5.0,1500000.0,58087
8047673,1,1,1,10,2024,1,33,10.0,2250000.0,22113
8080883,1,1,1,10,2024,2,65,3.0,1000000.0,53946
8042519,1,2,1,10,2024,2,48,6.0,150000.0,9991
8050818,1,1,1,10,2024,1,46,3.0,1300000.0,28922
8080377,1,3,1,10,2024,2,37,9.0,1300000.0,52999
8043140,1,2,1,10,2024,1,53,3.0,200000.0,11247
8048930,1,2,1,10,2024,2,35,5.0,1200000.0,24614
8047090,1,1,1,10,2024,2,39,10.0,4400000.0,20968
8047568,1,1,1,10,2024,1,46,10.0,3000000.0,21872
8051301,1,4,1,10,2024,2,19,5.0,500000.0,29817
8083286,1,2,1,10,2024,1,21,5.0,650000.0,58743
8083650,1,1,1,10,2024,2,57,4.0,800000.0,59481
8045587,1,1,1,10,2024,1,45,5.0,2400000.0,17680
8049191,1,1,1,10,2024,1,43,10.0,6000000.0,25084
8082933,1,2,1,10,2024,1,63,5.0,1500000.0,57937
8077316,1,1,1,10,2024,2,50,5.0,850000.0,45979
8039279,1,1,1,10,2024,2,34,5.0,360000.0,2765
8045638,1,3,1,10,2024,1,23,10.0,1300000.0,17802
8049971,1,1,1,10,2024,1,37,6.0,2000000.0,26779
8084971,1,1,1,10,2024,1,62,3.0,900000.0,62332
8052661,1,3,1,10,2024,1,20,9.0,400000.0,33345
8048292,1,2,1,10,2024,2,42,5.0,600000.0,23453
8050906,1,2,1,10,2024,1,29,5.0,400000.0,29152
8054264,1,1,1,10,2024,1,61,5.0,250000.0,36832
8078704,1,1,1,10,2024,1,55,3.0,1380000.0,48974
8083148,1,1,1,10,2024,2,32,8.0,1300000.0,58446
8054155,1,2,1,10,2024,1,33,10.0,600000.0,36612
8052856,1,1,1,10,2024,1,61,3.0,1300000.0,33770
8044516,1,6,1,10,2024,1,24,5.0,1300000.0,14762
8086856,1,1,1,10,2024,1,56,11.0,4000000.0,64587
8056366,1,1,1,10,2024,1,55,5.0,800000.0,41164
8046000,1,2,1,10,2024,1,28,3.0,400000.0,18462
8039187,1,2,1,10,2024,2,37,10.0,800000.0,2529
8040463,1,1,1,10,2024,1,28,3.0,1300000.0,5295
8046448,1,2,1,10,2024,2,55,11.0,24000000.0,19566
8047509,1,1,1,10,2024,2,63,4.0,800000.0,21747
8080943,1,1,1,10,2024,2,39,4.0,500000.0,54081
8040194,1,1,1,10,2024,1,30,5.0,1462000.0,4630
8039317,1,1,1,10,2024,1,52,5.0,1300000.0,2866
8045374,1,2,1,10,2024,1,35,5.0,1300000.0,17072
8050886,1,1,1,10,2024,1,45,5.0,1300000.0,29098
8043468,1,4,1,10,2024,1,26,5.0,1300000.0,12056
8047640,1,1,1,10,2024,1,36,5.0,400000.0,22049
8081419,1,4,1,10,2024,1,23,5.0,1300000.0,55118
8047277,1,1,1,10,2024,1,39,13.0,5000000.0,21344
8044096,1,1,1,10,2024,1,44,11.0,5000000.0,13650
8080072,1,2,1,10,2024,2,33,5.0,1300000.0,52194
8084918,1,5,1,10,2024,1,33,5.0,1000000.0,62198
8076920,1,3,1,10,2024,2,18,5.0,1080000.0,44971
8054947,1,1,1,10,2024,1,59,5.0,1200000.0,38423
8042653,1,1,1,10,2024,2,69,11.0,1000000.0,10232
8045168,1,1,1,10,2024,2,62,3.0,720000.0,16515
8079532,1,1,1,10,2024,1,58,5.0,100000.0,50939
8047684,1,1,1,10,2024,1,45,5.0,800000.0,22137
8050014,1,1,1,10,2024,1,68,5.0,800000.0,26900
8039068,1,2,1,10,2024,2,42,5.0,100000.0,2194
8076609,1,2,1,10,2024,1,43,1.0,400000.0,44275
8041223,1,1,1,10,2024,1,34,5.0,1200000.0,7110
8053185,1,1,1,10,2024,1,53,5.0,1200000.0,34559
8041959,1,5,1,10,2024,1,44,5.0,1300000.0,8732
8045054,1,1,1,10,2024,1,34,5.0,1462000.0,16212
8046459,1,2,1,10,2024,1,30,4.0,1300000.0,19592
8082931,1,1,1,10,2024,1,37,9.0,2600000.0,57933
8078503,1,1,1,10,2024,1,33,3.0,1480000.0,48554
8051462,1,1,1,10,2024,1,35,5.0,1300000.0,30258
8048372,1,1,1,10,2024,2,47,8.0,1800000.0,23576
8043323,1,1,1,10,2024,1,70,3.0,120000.0,11676
8052894,1,2,1,10,2024,1,33,10.0,1300000.0,33849
8047311,1,4,1,10,2024,1,25,9.0,1000000.0,21408
8048535,1,4,1,10,2024,2,29,5.0,1000000.0,23879
8086488,1,1,1,10,2024,2,29,5.0,125000.0,63793
8086526,1,1,1,10,2024,1,50,3.0,1000000.0,63893
8047726,1,6,1,10,2024,2,30,4.0,1200000.0,22219
8078001,1,2,1,10,2024,2,21,5.0,840000.0,47429
8045222,1,2,1,10,2024,2,41,3.0,150000.0,16686
8078944,1,1,1,10,2024,1,34,3.0,1300000.0,49504
8056482,1,1,1,10,2024,1,31,8.0,1300000.0,41412
8050553,1,1,1,10,2024,2,47,8.0,2150000.0,28289
8050126,1,1,1,10,2024,1,62,3.0,1500000.0,27160
8040550,1,1,1,10,2024,2,31,3.0,300000.0,5478
8042076,1,2,1,10,2024,1,68,3.0,400000.0,8973
8040097,1,3,1,10,2024,1,28,10.0,1170000.0,4359
8051793,1,1,1,10,2024,2,74,3.0,50000.0,31062
8083616,1,1,1,10,2024,1,21,4.0,1600000.0,59424
8040427,1,2,1,10,2024,1,26,5.0,1300000.0,5195
8042419,1,2,1,10,2024,2,53,5.0,800000.0,9768
8080213,1,1,1,10,2024,2,63,8.0,4500000.0,52577
8039642,1,1,1,10,2024,1,52,3.0,400000.0,3425
8077241,1,2,1,10,2024,2,37,5.0,800000.0,45810
8076134,1,1,1,10,2024,1,67,1.0,950000.0,43099
8079967,1,1,1,10,2024,1,38,5.0,1300000.0,51993
8084362,1,2,1,10,2024,1,29,5.0,1300000.0,61048
8052836,1,2,1,10,2024,2,41,3.0,1462000.0,33721
8082315,1,1,1,10,2024,2,44,3.0,1300000.0,56451
8047818,1,4,1,10,2024,1,25,5.0,1300000.0,22445
8043690,1,1,1,10,2024,1,65,3.0,300000.0,12638
8079531,1,3,1,10,2024,2,33,8.0,600000.0,50936
8053560,1,2,1,10,2024,1,67,3.0,550000.0,35378
8086241,1,1,1,10,2024,2,60,3.0,1000000.0,63343
8056310,1,1,1,10,2024,1,30,5.0,2600000.0,41039
8079490,1,3,1,10,2024,2,30,10.0,4600000.0,50859
8049202,1,1,1,10,2024,1,59,8.0,3000000.0,25098
8050659,1,1,1,10,2024,1,38,12.0,19000000.0,28534
8076231,1,2,1,10,2024,1,48,1.0,400000.0,43350
8078008,1,1,1,10,2024,2,53,3.0,500000.0,47453
8086593,1,2,1,10,2024,2,56,3.0,200000.0,64093
8046867,1,3,1,10,2024,1,54,6.0,1300000.0,20607
8047813,1,1,1,10,2024,2,35,3.0,1300000.0,22425
8055805,1,1,1,10,2024,1,66,4.0,400000.0,40012
8050092,1,1,1,10,2024,1,73,3.0,1200000.0,27096
8042355,1,2,1,10,2024,1,64,10.0,6365930.0,9631
8043464,1,2,1,10,2024,2,38,5.0,600000.0,12039
8050201,1,2,1,10,2024,1,42,5.0,2000000.0,27337
8078248,1,2,1,10,2024,2,55,5.0,2000000.0,47974
8084477,1,3,1,10,2024,1,18,5.0,1500000.0,61261
8056038,1,2,1,10,2024,1,69,3.0,100000.0,40464
8045785,1,3,1,10,2024,1,22,5.0,300000.0,18175
8044627,1,1,1,10,2024,2,44,4.0,200000.0,15071
8052849,1,2,1,10,2024,1,24,5.0,750000.0,33754
8084104,1,1,1,10,2024,1,58,8.0,2800000.0,60508
8049123,1,1,1,10,2024,1,44,3.0,250000.0,24956
8042375,1,1,1,10,2024,2,47,9.0,1300000.0,9666
8051566,1,1,1,10,2024,1,61,9.0,3000000.0,30493
8053674,1,1,1,10,2024,1,55,6.0,1300000.0,35659
8049490,1,1,1,10,2024,1,45,5.0,3008000.0,25586
8044281,1,4,1,10,2024,2,31,3.0,180000.0,14105
8047423,1,1,1,10,2024,2,62,3.0,600000.0,21595
8046550,1,1,1,10,2024,1,77,3.0,200000.0,19851
8079624,1,1,1,10,2024,2,67,9.0,4000000.0,51081
8084389,1,4,1,10,2024,2,24,10.0,1080000.0,61113
8076299,1,2,1,10,2024,1,63,1.0,600000.0,43527
8049286,1,1,1,10,2024,1,72,5.0,11000000.0,25279
8082799,1,4,1,10,2024,1,38,4.0,1400000.0,57618
8044046,1,1,1,10,2024,1,59,5.0,6000000.0,13510
8044767,1,2,1,10,2024,2,64,3.0,1200000.0,15418
8052160,1,1,1,10,2024,1,23,1.0,1050000.0,31989
8050010,1,1,1,10,2024,2,52,3.0,650000.0,26887
8038571,1,1,1,10,2024,1,28,10.0,1100000.0,929
8085820,1,1,1,10,2024,2,24,8.0,2000000.0,62923
8077028,1,4,1,10,2024,1,54,3.0,1300000.0,45202
8052425,1,1,1,10,2024,1,24,5.0,3000000.0,32769
8047318,1,1,1,10,2024,2,43,9.0,1350000.0,21418
8039164,1,1,1,10,2024,2,27,4.0,600000.0,2484
8083605,1,1,1,10,2024,1,29,9.0,2000000.0,59399
8046411,1,1,1,10,2024,1,52,9.0,1300000.0,19484
8051485,1,1,1,10,2024,2,28,8.0,1800000.0,30315
8041086,1,1,1,10,2024,2,38,11.0,1300000.0,6744
8047269,1,1,1,10,2024,1,61,10.0,3400000.0,21327
8076312,1,1,1,10,2024,2,54,3.0,600000.0,43557
8045537,1,3,1,10,2024,1,18,10.0,160000.0,17551
8084598,1,1,1,10,2024,1,47,10.0,3500000.0,61493
8048064,1,1,1,10,2024,1,50,5.0,1300000.0,22961
8049762,1,1,1,10,2024,1,39,4.0,1200000.0,26291
8085833,1,1,1,10,2024,1,41,11.0,4000000.0,62941
8084495,1,1,1,10,2024,1,22,8.0,1100000.0,61307
8042685,1,1,1,10,2024,1,44,10.0,1600000.0,10307
8047983,1,3,1,10,2024,1,20,10.0,400000.0,22794
8051735,1,5,1,10,2024,1,42,3.0,950000.0,30907
8075972,1,1,1,10,2024,1,32,11.0,1300000.0,42624
8081611,1,2,1,10,2024,1,56,4.0,200000.0,55477
8080229,1,2,1,10,2024,1,42,5.0,1500000.0,52628
8077828,1,1,1,10,2024,2,43,4.0,600000.0,47035
8040871,1,1,1,10,2024,2,37,8.0,2000000.0,6254
8041172,1,1,1,10,2024,2,44,5.0,800000.0,6975
8075812,1,3,1,10,2024,1,33,5.0,1400000.0,42137
8045181,1,1,1,10,2024,2,50,10.0,2500000.0,16564
8075785,1,1,1,10,2024,2,30,11.0,3600000.0,42067
8079559,1,1,1,10,2024,1,31,10.0,4000000.0,50986
8082631,1,2,1,10,2024,1,38,3.0,550000.0,57154
8084348,1,2,1,10,2024,1,18,4.0,350000.0,61016
8046760,1,4,1,10,2024,1,28,5.0,1300000.0,20388
8048640,1,1,1,10,2024,2,40,8.0,0.0,24037
8076924,1,1,1,10,2024,2,64,10.0,6000000.0,44980
8082967,1,1,1,10,2024,2,54,10.0,2800000.0,58006
8044138,1,1,1,10,2024,1,34,5.0,3000000.0,13732
8040785,1,1,1,10,2024,1,27,8.0,3000000.0,6035
8081230,1,5,1,10,2024,2,44,4.0,850000.0,54635
8041064,1,1,1,10,2024,1,45,4.0,1400000.0,6710
8078476,1,2,1,10,2024,2,51,5.0,700000.0,48507
8047087,1,1,1,10,2024,1,69,10.0,5000000.0,20962
8046112,1,5,1,10,2024,1,34,3.0,1500000.0,18739
8042888,1,2,1,10,2024,1,36,8.0,2500000.0,10755
8076416,1,2,1,10,2024,2,52,3.0,400000.0,43793
8048521,1,3,1,10,2024,2,20,8.0,1300000.0,23846
8076943,1,1,1,10,2024,1,60,6.0,2000000.0,45017
8044278,1,2,1,10,2024,2,51,1.0,150000.0,14090
8055147,1,1,1,10,2024,2,52,5.0,300000.0,38801
8080982,1,2,1,10,2024,2,43,8.0,1400000.0,54154
8051694,1,1,1,10,2024,1,64,1.0,400000.0,30798
8046276,1,2,1,10,2024,1,49,5.0,1300000.0,19129
8038360,1,1,1,10,2024,1,58,10.0,5000000.0,466
8046580,1,4,1,10,2024,1,36,3.0,1000000.0,19953
8076110,1,4,1,10,2024,2,26,3.0,200000.0,43031
8075909,1,8,1,10,2024,2,21,5.0,100000.0,42408
8048957,1,1,1,10,2024,1,24,5.0,1300000.0,24669
8052795,1,1,1,10,2024,1,56,5.0,1700000.0,33621
8048727,1,1,1,10,2024,2,49,10.0,4000000.0,24234
8048160,1,1,1,10,2024,2,33,5.0,2300000.0,23212
8042570,1,1,1,10,2024,1,51,5.0,1300000.0,10082
8043944,1,6,1,10,2024,2,23,5.0,900000.0,13284
8038215,1,1,1,10,2024,1,54,3.0,800000.0,71
8080928,1,1,1,10,2024,2,23,5.0,900000.0,54043
8082884,1,3,1,10,2024,2,22,5.0,480000.0,57826
8086644,1,1,1,10,2024,1,34,9.0,1900000.0,64205
8051070,1,2,1,10,2024,2,19,4.0,400000.0,29605
8053309,1,1,1,10,2024,2,28,8.0,1500000.0,34850
8076651,1,1,1,10,2024,1,46,3.0,1300000.0,44367
8083493,1,1,1,10,2024,1,38,5.0,1300000.0,59192
8082890,1,1,1,10,2024,2,35,8.0,250000.0,57841
8049302,1,1,1,10,2024,1,23,8.0,1462000.0,25311
8044054,1,3,1,10,2024,2,24,5.0,1000000.0,13535
8086008,1,1,1,10,2024,2,34,12.0,4200000.0,63190
8051649,1,1,1,10,2024,2,47,11.0,6500000.0,30694
8048790,1,2,1,10,2024,2,27,8.0,150000.0,24301
8040158,1,1,1,10,2024,1,31,9.0,1300000.0,4511
8054721,1,1,1,10,2024,1,32,9.0,1300000.0,37898
8084062,1,1,1,10,2024,2,45,10.0,4500000.0,60398
8049834,1,3,1,10,2024,2,24,10.0,5000000.0,26494
8053112,1,1,1,10,2024,1,55,4.0,1300000.0,34430
8044627,1,2,1,10,2024,1,20,4.0,1460000.0,15072
8050061,1,2,1,10,2024,1,67,3.0,400000.0,27027
8055323,1,1,1,10,2024,1,68,4.0,1200000.0,39165
8080558,1,1,1,10,2024,2,19,8.0,1300000.0,53314
8081002,1,2,1,10,2024,1,43,4.0,700000.0,54194
8077324,1,1,1,10,2024,1,49,5.0,3180000.0,45990
8044062,1,2,1,10,2024,2,25,4.0,1000000.0,13556
8046591,1,2,1,10,2024,1,48,5.0,1500000.0,19989
8076004,1,3,1,10,2024,1,17,4.0,240000.0,42712
8086573,1,1,1,10,2024,1,58,10.0,1300000.0,64015
8046329,1,2,1,10,2024,2,44,3.0,1300000.0,19296
8040964,1,2,1,10,2024,2,40,5.0,1300000.0,6452
8045649,1,1,1,10,2024,2,67,3.0,200000.0,17840
8043591,1,1,1,10,2024,2,49,1.0,100000.0,12388
8077089,1,1,1,10,2024,1,32,3.0,1390000.0,45397
8042752,1,2,1,10,2024,1,46,5.0,1500000.0,10475
8047888,1,1,1,10,2024,2,61,3.0,1000000.0,22629
8039910,1,4,1,10,2024,1,23,10.0,350000.0,3965
8050491,1,1,1,10,2024,2,58,4.0,1040000.0,28083
8077988,1,2,1,10,2024,2,50,4.0,1500000.0,47397
8043401,1,5,1,10,2024,2,31,10.0,1700000.0,11873
8040462,1,4,1,10,2024,2,22,5.0,1300000.0,5294
8043204,1,1,1,10,2024,1,57,9.0,4000000.0,11388
8045781,1,1,1,10,2024,1,35,5.0,1600000.0,18166
8052322,1,6,1,10,2024,2,20,5.0,60000.0,32464
8039770,1,1,1,10,2024,1,43,10.0,2200000.0,3697
8076361,1,2,1,10,2024,2,25,10.0,1600000.0,43661
8076319,1,1,1,10,2024,1,59,4.0,500000.0,43577
8078593,1,1,1,10,2024,2,49,3.0,1450000.0,48749
8079528,1,1,1,10,2024,2,34,5.0,1300000.0,50930
8040935,1,1,1,10,2024,1,39,5.0,700000.0,6388
8056062,1,1,1,10,2024,2,24,10.0,1300000.0,40514
8077870,1,1,1,10,2024,2,73,3.0,200000.0,47125
8047962,1,3,1,10,2024,2,31,10.0,1800000.0,22746
8049244,1,1,1,10,2024,1,48,5.0,1600000.0,25187
8042456,1,1,1,10,2024,1,32,4.0,900000.0,9848
8084187,1,1,1,10,2024,1,42,5.0,1300000.0,60657
8049597,1,2,1,10,2024,1,49,10.0,2100000.0,25852
8079982,1,2,1,10,2024,2,27,8.0,1000000.0,52016
8053460,1,1,1,10,2024,1,43,10.0,6500000.0,35201
8084505,1,1,1,10,2024,1,20,4.0,1520000.0,61328
8082951,1,1,1,10,2024,1,41,3.0,1600000.0,57968
8076034,1,2,1,10,2024,2,68,1.0,180000.0,42813
8048499,1,1,1,10,2024,2,43,10.0,4100000.0,23796
8048297,1,2,1,10,2024,1,36,3.0,1300000.0,23460
8041897,1,1,1,10,2024,2,37,9.0,2200000.0,8547
8040326,1,1,1,10,2024,2,43,12.0,2600000.0,4959
8050143,1,2,1,10,2024,1,63,1.0,1200000.0,27191
8076791,1,1,1,10,2024,1,19,5.0,700000.0,44705
8078270,1,1,1,10,2024,1,49,3.0,0.0,48029
8046761,1,4,1,10,2024,2,29,5.0,800000.0,20392
8051395,1,4,1,10,2024,2,42,10.0,2900000.0,30079
8082081,1,2,1,10,2024,1,31,5.0,1000000.0,56070
8040799,1,1,1,10,2024,2,25,5.0,1300000.0,6060
8044516,1,3,1,10,2024,2,51,5.0,600000.0,14759
8041950,1,3,1,10,2024,2,25,5.0,2300000.0,8698
8038674,1,1,1,10,2024,2,41,5.0,1350000.0,1158
8083529,1,2,1,10,2024,1,28,10.0,1800000.0,59245
8083487,1,2,1,10,2024,2,34,5.0,1300000.0,59180
8054751,1,1,1,10,2024,1,57,10.0,4000000.0,37970
8045290,1,3,1,10,2024,2,44,5.0,500000.0,16855
8047128,1,2,1,10,2024,2,34,10.0,2600000.0,21026
8083098,1,1,1,10,2024,2,50,3.0,752000.0,58335
8076167,1,2,1,10,2024,1,34,3.0,500000.0,43199
8048553,1,2,1,10,2024,2,34,8.0,1300000.0,23921
8045502,1,2,1,10,2024,2,35,8.0,300000.0,17457
8053517,1,2,1,10,2024,2,55,10.0,1800000.0,35291
8081241,1,2,1,10,2024,1,57,5.0,1300000.0,54662
8078218,1,1,1,10,2024,2,44,8.0,1300000.0,47913
8044984,1,3,1,10,2024,1,19,9.0,800000.0,16007
8038489,1,2,1,10,2024,2,19,10.0,1300000.0,753
8075781,1,1,1,10,2024,1,47,5.0,900000.0,42057
8084692,1,1,1,10,2024,2,44,8.0,2000000.0,61699
8043911,1,1,1,10,2024,1,50,10.0,2600000.0,13201
8043357,1,1,1,10,2024,1,66,3.0,1200000.0,11775
8077569,1,3,1,10,2024,1,26,5.0,1300000.0,46506
8054454,1,2,1,10,2024,1,65,1.0,900000.0,37319
8048250,1,1,1,10,2024,1,45,3.0,1000000.0,23370
8049191,1,2,1,10,2024,2,36,10.0,9000000.0,25085
8050536,1,1,1,10,2024,2,26,6.0,2100000.0,28245
8075685,1,1,1,10,2024,1,37,1.0,750000.0,41814
8086291,1,2,1,10,2024,2,48,11.0,4000000.0,63427
8050433,1,1,1,10,2024,2,47,5.0,1000000.0,27918
8084045,1,1,1,10,2024,1,66,3.0,1800000.0,60337
8044012,1,1,1,10,2024,2,36,9.0,1300000.0,13440
8077841,1,3,1,10,2024,1,28,6.0,800000.0,47061
8086394,1,1,1,10,2024,1,61,9.0,3000000.0,63595
8085994,1,1,1,10,2024,1,62,8.0,1500000.0,63167
8081277,1,1,1,10,2024,2,29,4.0,75000.0,54764
8076454,1,2,1,10,2024,1,33,5.0,1600000.0,43889
8083099,1,1,1,10,2024,1,53,5.0,1400000.0,58336
8045744,1,4,1,10,2024,2,25,6.0,2000000.0,18074
8056265,1,1,1,10,2024,1,51,3.0,800000.0,40968
8052386,1,3,1,10,2024,1,51,3.0,1500000.0,32656
8056267,1,4,1,10,2024,2,30,6.0,1350000.0,40975
8041604,1,1,1,10,2024,1,30,9.0,400000.0,7951
8082059,1,1,1,10,2024,1,51,8.0,1300000.0,56042
8085898,1,2,1,10,2024,2,50,8.0,1300000.0,63023
8043277,1,3,1,10,2024,1,21,5.0,1300000.0,11552
8051374,1,1,1,10,2024,2,52,11.0,6259983.0,30023
8038634,1,2,1,10,2024,2,33,10.0,1800000.0,1060
8075661,1,1,1,10,2024,1,53,3.0,740000.0,41751
8046630,1,3,1,10,2024,2,31,10.0,2800000.0,20084
8048174,2,2,2,10,2024,1,46,5.0,1300000.0,23238
8081285,1,1,1,10,2024,2,46,3.0,30000.0,54788
8041831,1,1,1,10,2024,1,61,1.0,400000.0,8356
8043607,1,1,1,10,2024,1,32,5.0,800000.0,12426
8084912,1,1,1,10,2024,2,28,5.0,1462000.0,62190
8053638,1,2,1,10,2024,1,58,11.0,3000000.0,35600
8048344,1,1,1,10,2024,1,68,1.0,180000.0,23543
8082750,1,1,1,10,2024,1,45,5.0,2300000.0,57490
8039618,1,1,1,10,2024,2,44,5.0,150000.0,3377
8080325,1,1,1,10,2024,1,37,4.0,1000000.0,52861
8050886,1,3,1,10,2024,1,20,4.0,150000.0,29100
8078441,1,1,1,10,2024,1,23,5.0,1200000.0,48408
8080232,1,1,1,10,2024,1,31,10.0,1800000.0,52635
8082876,1,1,1,10,2024,2,46,3.0,400000.0,57809
8079040,1,2,1,10,2024,1,18,5.0,1500000.0,49741
8076487,1,1,1,10,2024,1,67,3.0,1200000.0,43991
8038861,1,2,1,10,2024,2,23,5.0,104000.0,1665
8086602,1,1,1,10,2024,2,32,5.0,650000.0,64111
8080792,1,1,1,10,2024,1,40,10.0,200000.0,53764
8083713,1,1,1,10,2024,2,45,5.0,700000.0,59601
8050428,1,1,1,10,2024,2,29,10.0,2300000.0,27902
8052899,1,1,1,10,2024,2,27,5.0,240000.0,33865
8079811,1,3,1,10,2024,1,34,10.0,1300000.0,51627
8038975,1,2,1,10,2024,2,33,10.0,2600000.0,1945
8054885,1,3,1,10,2024,2,38,4.0,1000000.0,38292
8040182,1,5,1,10,2024,1,19,5.0,1300000.0,4597
8054644,1,1,1,10,2024,1,72,3.0,500000.0,37712
8054761,1,1,1,10,2024,2,40,4.0,400000.0,38000
8085975,1,2,1,10,2024,1,17,3.0,150000.0,63116
8055998,1,1,1,10,2024,1,44,8.0,2000000.0,40407
8076149,1,1,1,10,2024,2,84,3.0,100000.0,43155
8055992,1,2,1,10,2024,2,51,10.0,6000000.0,40397
8076235,1,1,1,10,2024,2,43,3.0,700000.0,43358
8038412,1,2,1,10,2024,1,43,5.0,3800000.0,609
8045397,1,2,1,10,2024,1,50,10.0,1800000.0,17142
8077342,1,1,1,10,2024,2,34,8.0,1800000.0,46035
8052450,1,2,1,10,2024,2,58,3.0,100000.0,32812
8076550,1,1,1,10,2024,2,22,5.0,400000.0,44138
8086549,1,1,1,10,2024,1,58,5.0,1300000.0,63952
8078730,1,2,1,10,2024,1,23,8.0,1200000.0,49033
8044628,1,2,1,10,2024,2,35,10.0,2800000.0,15075
8077831,1,2,1,10,2024,1,25,4.0,900000.0,47044
8053356,1,3,1,10,2024,2,20,5.0,40000.0,34982
8043261,1,2,1,10,2024,2,35,3.0,2000000.0,11521
8075825,1,4,1,10,2024,1,22,5.0,1000000.0,42185
8041339,1,1,1,10,2024,1,34,5.0,2000000.0,7287
8053030,1,6,1,10,2024,2,38,5.0,200000.0,34271
8043731,1,1,1,10,2024,2,48,8.0,600000.0,12748
8082646,1,1,1,10,2024,1,75,1.0,1400000.0,57198
8040982,1,4,1,10,2024,2,50,6.0,1300000.0,6500
8043704,1,1,1,10,2024,2,41,3.0,600000.0,12679
8044481,1,3,1,10,2024,2,24,5.0,1300000.0,14660
8043861,1,1,1,10,2024,2,58,5.0,,13071
8044704,1,1,1,10,2024,1,42,10.0,1500000.0,15287
8086279,1,3,1,10,2024,1,27,10.0,3600000.0,63390
8080818,1,1,1,10,2024,2,35,5.0,1500000.0,53813
8047893,1,2,1,10,2024,1,32,9.0,1300000.0,22639
8040215,1,4,1,10,2024,2,39,10.0,2000000.0,4693
8083257,1,2,1,10,2024,1,53,3.0,400000.0,58680
8041228,1,1,1,10,2024,1,23,10.0,700000.0,7121
8053393,1,1,1,10,2024,2,67,4.0,240000.0,35100
8075918,1,1,1,10,2024,2,48,4.0,150000.0,42431
8041907,1,2,1,10,2024,2,28,5.0,1500000.0,8572
8045374,1,3,1,10,2024,1,34,5.0,540000.0,17073
8078232,1,1,1,10,2024,1,37,10.0,3000000.0,47949
8053986,1,3,1,10,2024,1,34,10.0,2700000.0,36276
8044203,1,1,1,10,2024,2,57,5.0,2600000.0,13882
8050770,2,1,2,10,2024,1,36,10.0,2000000.0,28793
8077692,1,2,1,10,2024,2,33,5.0,1300000.0,46755
8077195,1,3,1,10,2024,1,17,3.0,1200000.0,45697
8046582,1,4,1,10,2024,2,22,10.0,2500000.0,19963
8038249,1,1,1,10,2024,2,37,10.0,1950000.0,161
8038864,1,2,1,10,2024,1,23,5.0,1300000.0,1675
8083644,1,1,1,10,2024,2,26,10.0,1300000.0,59472
8040682,1,1,1,10,2024,1,35,12.0,5454000.0,5773
8081047,1,2,1,10,2024,1,34,3.0,1000000.0,54303
8077525,1,1,1,10,2024,1,60,4.0,600000.0,46399
8041251,1,2,1,10,2024,2,21,5.0,450000.0,7167
8047219,1,1,1,10,2024,2,26,9.0,1300000.0,21222
8075700,1,1,1,10,2024,1,30,3.0,1100000.0,41854
8055348,1,2,1,10,2024,2,34,10.0,900000.0,39216
8053368,1,8,1,10,2024,2,50,5.0,50000.0,35021
8078267,1,1,1,10,2024,2,19,6.0,2900000.0,48023
8084781,1,1,1,10,2024,1,31,11.0,4600000.0,61901
8042370,1,2,1,10,2024,2,52,11.0,8700000.0,9655
8050855,1,1,1,10,2024,2,44,10.0,5018599.0,29020
8082868,1,1,1,10,2024,1,42,12.0,13500000.0,57780
8084475,1,1,1,10,2024,1,53,3.0,300000.0,61253
8079988,1,2,1,10,2024,2,52,8.0,1640000.0,52029
8053724,1,2,1,10,2024,1,50,8.0,1300000.0,35811
8076085,1,2,1,10,2024,2,54,3.0,900000.0,42957
8046656,1,2,1,10,2024,2,36,5.0,1300000.0,20134
8055507,1,1,1,10,2024,2,48,8.0,800000.0,39471
8049203,1,2,1,10,2024,2,31,10.0,1300000.0,25101
8083351,1,3,1,10,2024,2,49,10.0,2500000.0,58913
8041588,1,1,1,10,2024,2,57,10.0,2600000.0,7923
8050277,1,2,1,10,2024,2,53,12.0,3600000.0,27529
8041620,1,1,1,10,2024,2,46,4.0,900000.0,7985
8047106,1,2,1,10,2024,2,28,10.0,5000000.0,21002
8039547,1,1,1,10,2024,2,43,10.0,2000000.0,3274
8043485,1,2,1,10,2024,2,58,5.0,400000.0,12107
8043766,1,2,1,10,2024,1,55,3.0,1300000.0,12845
8078213,1,3,1,10,2024,1,21,5.0,1080000.0,47898
8040941,1,3,1,10,2024,1,22,5.0,300000.0,6406
8046283,1,1,1,10,2024,2,43,4.0,700000.0,19149
8046581,1,1,1,10,2024,1,51,5.0,1300000.0,19957
8082747,1,2,1,10,2024,2,33,10.0,2600000.0,57485
8086688,1,1,1,10,2024,1,27,10.0,600000.0,64328
8078596,1,2,1,10,2024,1,52,4.0,1200000.0,48752
8086563,1,4,1,10,2024,1,47,5.0,1700000.0,63990
8054413,1,1,1,10,2024,2,51,5.0,1300000.0,37209
8042484,1,2,1,10,2024,2,35,4.0,1300000.0,9909
8077334,1,2,1,10,2024,1,24,5.0,1300000.0,46012
8075970,1,2,1,10,2024,2,73,3.0,60000.0,42619
8079670,1,2,1,10,2024,1,48,5.0,1800000.0,51178
8046202,1,1,1,10,2024,1,34,10.0,1800000.0,18956
8076097,1,1,1,10,2024,1,52,3.0,900000.0,42982
8040774,1,1,1,10,2024,1,32,10.0,1000000.0,6011
8040080,1,1,1,10,2024,1,52,1.0,1500000.0,4317
8041660,1,4,1,10,2024,1,17,4.0,1500000.0,8091
8038752,1,1,1,10,2024,1,37,12.0,4000000.0,1405
8051063,1,1,1,10,2024,1,25,5.0,1500000.0,29589
8054006,1,2,1,10,2024,2,41,5.0,1900000.0,36312
8079679,1,2,1,10,2024,1,31,4.0,1300000.0,51201
8075880,1,1,1,10,2024,1,53,3.0,2500000.0,42322
8082775,1,3,1,10,2024,2,21,10.0,648000.0,57542
8042714,1,3,1,10,2024,1,19,3.0,700000.0,10384
8041198,1,4,1,10,2024,1,27,5.0,1300000.0,7051
8050450,1,2,1,10,2024,2,47,9.0,1400000.0,27959
8039308,1,1,1,10,2024,1,30,10.0,2800000.0,2847
8079476,1,2,1,10,2024,1,40,5.0,1462000.0,50833
8054938,1,2,1,10,2024,2,30,10.0,7000000.0,38402
8081419,1,2,1,10,2024,2,53,4.0,500000.0,55116
8050322,1,2,1,10,2024,1,39,5.0,1000000.0,27611
8077444,1,3,1,10,2024,1,29,5.0,1300000.0,46262
8050346,1,4,1,10,2024,1,22,5.0,1000000.0,27706
8038746,1,2,1,10,2024,2,19,5.0,1441000.0,1384
8075692,1,1,1,10,2024,1,54,3.0,1200000.0,41831
8082323,1,1,1,10,2024,2,53,3.0,200000.0,56472
8046725,1,2,1,10,2024,1,19,5.0,1300000.0,20294
8082798,1,3,1,10,2024,2,23,11.0,1300000.0,57612
8079998,1,4,1,10,2024,1,52,5.0,1300000.0,52049
8049816,1,1,1,10,2024,2,26,10.0,5000000.0,26434
8038753,1,4,1,10,2024,2,34,8.0,1300000.0,1412
8083219,1,1,1,10,2024,2,46,5.0,700000.0,58579
8046411,1,2,1,10,2024,2,53,8.0,1300000.0,19485
8083186,1,2,1,10,2024,1,18,5.0,800000.0,58484
8049757,1,1,1,10,2024,1,35,3.0,1000000.0,26277
8054948,1,1,1,10,2024,1,41,10.0,6000000.0,38424
8042858,1,2,1,10,2024,2,39,5.0,800000.0,10714
8053279,1,2,1,10,2024,1,46,9.0,1800000.0,34769
8076285,1,2,1,10,2024,2,52,5.0,400000.0,43489
8045361,1,1,1,10,2024,2,33,9.0,1900000.0,17033
8045634,1,3,1,10,2024,1,27,5.0,1700000.0,17790
8081119,1,1,1,10,2024,1,46,8.0,800000.0,54429
8054204,1,4,1,10,2024,2,28,8.0,1300000.0,36738
8054576,1,1,1,10,2024,1,33,10.0,2600000.0,37547
8084200,1,4,1,10,2024,2,41,5.0,300000.0,60696
8081625,1,1,1,10,2024,1,25,5.0,1300000.0,55493
8080363,1,2,1,10,2024,2,34,5.0,1300000.0,52958
8084841,1,1,1,10,2024,2,62,8.0,3000000.0,62026
8051851,1,1,1,10,2024,2,47,4.0,150000.0,31252
8081435,1,1,1,10,2024,1,47,10.0,1400000.0,55156
8077288,1,2,1,10,2024,2,21,5.0,1200000.0,45928
8048493,1,2,1,10,2024,1,35,9.0,3500000.0,23790
8045620,1,1,1,10,2024,1,41,4.0,750000.0,17739
8049926,1,2,1,10,2024,2,71,3.0,70000.0,26696
8086650,1,1,1,10,2024,1,41,5.0,1800000.0,64220
8075896,1,1,1,10,2024,1,21,4.0,1050000.0,42367
8047197,1,1,1,10,2024,1,37,8.0,1462000.0,21176
8050434,1,1,1,10,2024,2,31,10.0,2000000.0,27920
8046727,1,2,1,10,2024,2,48,5.0,420000.0,20298
8054381,1,5,1,10,2024,2,59,3.0,1500000.0,37131
8086818,1,2,1,10,2024,2,65,3.0,600000.0,64546
8052139,1,1,1,10,2024,1,26,5.0,1450000.0,31953
8080751,1,1,1,10,2024,2,36,5.0,1500000.0,53684
8045402,1,2,1,10,2024,1,38,8.0,1300000.0,17162
8051395,1,1,1,10,2024,1,71,3.0,400000.0,30076
8076653,1,1,1,10,2024,1,68,4.0,0.0,44372
8049127,1,2,1,10,2024,1,40,4.0,1984000.0,24967
8053323,1,1,1,10,2024,2,47,10.0,1800000.0,34892
8053478,1,1,1,10,2024,1,23,5.0,1850000.0,35230
8086382,1,1,1,10,2024,1,61,9.0,3000000.0,63573
8042795,1,1,1,10,2024,2,36,9.0,1300000.0,10572
8046633,1,1,1,10,2024,2,54,4.0,400000.0,20090
8046268,1,1,1,10,2024,1,69,1.0,200000.0,19094
8046358,1,3,1,10,2024,2,34,5.0,600000.0,19370
8084970,1,1,1,10,2024,1,26,5.0,1300000.0,62330
8047643,1,1,1,10,2024,1,41,5.0,900000.0,22062
8051261,1,1,1,10,2024,2,43,8.0,1300000.0,29703
8082426,1,2,1,10,2024,2,54,10.0,1300000.0,56690
8053673,1,1,1,10,2024,2,54,8.0,1300000.0,35657
8045129,1,3,1,10,2024,1,20,5.0,130000.0,16422
8079314,1,1,1,10,2024,1,58,3.0,1200000.0,50470
8041108,1,1,1,10,2024,1,54,1.0,1100000.0,6800
8085882,1,4,1,10,2024,2,64,5.0,1080000.0,62994
8081509,1,2,1,10,2024,2,31,8.0,1000000.0,55317
8043386,1,1,1,10,2024,1,58,3.0,700000.0,11838
8043673,1,2,1,10,2024,2,58,5.0,1300000.0,12610
8042373,1,2,1,10,2024,2,49,10.0,1800000.0,9660
8040822,1,1,1,10,2024,1,47,5.0,2000000.0,6104
8051926,1,2,1,10,2024,1,38,3.0,1500000.0,31421
8045009,1,2,1,10,2024,2,21,5.0,700000.0,16098
8038677,1,4,1,10,2024,1,29,8.0,720000.0,1172
8075907,1,1,1,10,2024,1,54,3.0,960000.0,42396
8083202,1,1,1,10,2024,1,54,5.0,700000.0,58531
8046531,1,1,1,10,2024,1,31,9.0,1700000.0,19799
8041445,1,3,1,10,2024,1,34,3.0,2500000.0,7582
8080204,1,3,1,10,2024,2,23,10.0,1600000.0,52556
8056069,1,2,1,10,2024,2,44,10.0,1200000.0,40522
8083013,1,1,1,10,2024,1,66,3.0,400000.0,58123
8046569,1,2,1,10,2024,1,36,5.0,1300000.0,19911
8078093,1,1,1,10,2024,1,76,1.0,395000.0,47612
8041281,1,1,1,10,2024,1,37,10.0,8000000.0,7235
8046922,1,1,1,10,2024,1,44,10.0,3200000.0,20746
8046864,1,2,1,10,2024,2,36,9.0,1300000.0,20598
8055674,1,1,1,10,2024,2,32,5.0,1300000.0,39771
8041182,1,2,1,10,2024,1,38,5.0,1000000.0,7011
8043014,1,1,1,10,2024,1,46,3.0,500000.0,10950
8044574,1,1,1,10,2024,2,31,8.0,800000.0,14931
8086431,1,2,1,10,2024,1,66,4.0,1100000.0,63660
8040765,1,3,1,10,2024,2,19,5.0,400000.0,5985
8052211,1,1,1,10,2024,1,40,5.0,1850000.0,32113
8048243,1,2,1,10,2024,1,32,5.0,800000.0,23348
8056227,1,1,1,10,2024,1,50,10.0,8400000.0,40861
8080987,1,2,1,10,2024,2,43,10.0,1200000.0,54163
8080304,1,2,1,10,2024,1,58,10.0,3500000.0,52811
8083768,1,1,1,10,2024,2,59,3.0,150000.0,59715
8050680,1,3,1,10,2024,1,21,8.0,1000000.0,28573
8049678,1,1,1,10,2024,1,23,5.0,800000.0,26051
8038207,1,1,1,10,2024,1,47,3.0,1000000.0,55
8038568,1,2,1,10,2024,2,24,5.0,120000.0,925
8049871,1,1,1,10,2024,1,42,3.0,600000.0,26556
8043721,1,2,1,10,2024,1,26,4.0,1200000.0,12716
8044444,1,2,1,10,2024,2,64,3.0,500000.0,14561
8045194,1,1,1,10,2024,2,48,10.0,3300000.0,16600
8047523,1,1,1,10,2024,1,36,10.0,1500000.0,21760
8084910,1,1,1,10,2024,2,35,5.0,1800000.0,62187
8053348,1,1,1,10,2024,2,46,1.0,400000.0,34943
8084842,1,2,1,10,2024,1,32,8.0,1600000.0,62028
8049423,1,2,1,10,2024,1,49,5.0,1000000.0,25538
8051558,1,1,1,10,2024,1,61,9.0,3000000.0,30477
8084341,1,4,1,10,2024,1,34,6.0,350000.0,61008
8039453,1,1,1,10,2024,1,66,3.0,1300000.0,3076
8081498,1,1,1,10,2024,2,41,10.0,2800000.0,55289
8052218,1,3,1,10,2024,1,34,5.0,1300000.0,32138
8076861,1,2,1,10,2024,1,21,5.0,700000.0,44848
8079825,1,4,1,10,2024,2,46,5.0,1100000.0,51681
8040569,1,2,1,10,2024,1,23,4.0,1300000.0,5540
8055849,1,4,1,10,2024,2,27,10.0,1300000.0,40104
8046730,1,4,1,10,2024,1,19,4.0,700000.0,20312
8045500,1,1,1,10,2024,1,58,3.0,600000.0,17449
8077907,1,1,1,10,2024,1,65,3.0,1080000.0,47184
8055655,1,3,1,10,2024,1,28,5.0,1200000.0,39714
8045197,1,3,1,10,2024,1,50,3.0,0.0,16611
8038627,1,1,1,10,2024,2,60,9.0,3500000.0,1041
8055150,1,1,1,10,2024,1,42,5.0,1200000.0,38811
8046418,1,1,1,10,2024,1,51,3.0,1500000.0,19499
8048662,1,2,1,10,2024,1,33,5.0,1300000.0,24072
8046995,1,1,1,10,2024,2,59,5.0,0.0,20801
8075995,1,2,1,10,2024,1,51,1.0,420000.0,42694
8082283,1,4,1,10,2024,2,29,10.0,1300000.0,56389
8050848,1,1,1,10,2024,1,24,10.0,3500000.0,29002
8045220,1,2,1,10,2024,2,31,5.0,1300000.0,16677
8043649,1,1,1,10,2024,2,42,5.0,1300000.0,12542
8048823,1,3,1,10,2024,2,23,5.0,900000.0,24367
8038767,1,1,1,10,2024,2,23,8.0,2000000.0,1457
8044094,1,1,1,10,2024,2,41,3.0,800000.0,13646
8078989,1,1,1,10,2024,1,50,3.0,1500000.0,49607
8086393,1,1,1,10,2024,1,61,9.0,3000000.0,63593
8051380,1,5,1,10,2024,2,39,9.0,4100000.0,30042
8046736,1,1,1,10,2024,2,47,5.0,500000.0,20321
8077703,1,2,1,10,2024,1,28,5.0,630000.0,46777
8043962,1,2,1,10,2024,2,32,11.0,3200000.0,13349
8078504,1,1,1,10,2024,1,58,3.0,1300000.0,48555
8076743,1,1,1,10,2024,1,50,11.0,14000000.0,44591
8054350,1,1,1,10,2024,2,37,8.0,1300000.0,37067
8041895,1,1,1,10,2024,2,36,10.0,7860000.0,8542
8038883,1,2,1,10,2024,1,32,10.0,1800000.0,1720
8083987,1,2,1,10,2024,1,52,3.0,1500000.0,60160
8051067,1,1,1,10,2024,1,78,1.0,200000.0,29596
8076278,1,2,1,10,2024,2,29,5.0,1300000.0,43476
8045339,1,1,1,10,2024,2,39,10.0,750000.0,16981
8051825,1,1,1,10,2024,2,70,1.0,50000.0,31161
8041021,1,1,1,10,2024,2,39,5.0,600000.0,6604
8079592,1,1,1,10,2024,1,47,5.0,1300000.0,51029
8038474,1,3,1,10,2024,2,19,5.0,265000.0,716
8048601,1,4,1,10,2024,1,27,8.0,1300000.0,23994
8044143,1,2,1,10,2024,1,35,12.0,5000000.0,13746
8038958,1,2,1,10,2024,2,30,5.0,1500000.0,1915
8075646,1,1,1,10,2024,2,68,3.0,200000.0,41716
8084225,1,1,1,10,2024,1,75,5.0,3000000.0,60746
8054591,1,2,1,10,2024,1,39,5.0,1300000.0,37569
8084808,1,1,1,10,2024,1,28,10.0,3500000.0,61949
8053106,1,3,1,10,2024,1,23,5.0,1300000.0,34408
8055519,1,1,1,10,2024,1,56,5.0,1950000.0,39499
8039834,1,1,1,10,2024,1,21,10.0,1300000.0,3803
8051784,1,3,1,10,2024,1,29,10.0,3500000.0,31035
8054867,1,2,1,10,2024,2,49,5.0,2325000.0,38240
8078768,1,2,1,10,2024,1,29,10.0,2800000.0,49130
8051363,1,1,1,10,2024,1,51,3.0,700000.0,29995
8077255,1,2,1,10,2024,1,36,3.0,1300000.0,45855
8077282,1,2,1,10,2024,2,36,5.0,1500000.0,45916
8043008,1,1,1,10,2024,2,43,5.0,800000.0,10932
8046741,1,3,1,10,2024,2,20,8.0,1300000.0,20335
8055814,1,4,1,10,2024,2,29,5.0,1650000.0,40042
8075984,1,1,1,10,2024,1,40,12.0,3200000.0,42657
8042185,1,6,1,10,2024,1,22,5.0,1000000.0,9268
8045375,1,2,1,10,2024,1,32,5.0,1300000.0,17076
8086480,1,1,1,10,2024,1,64,4.0,245000.0,63775
8054822,1,3,1,10,2024,2,28,10.0,2600000.0,38150
8045185,1,1,1,10,2024,1,70,10.0,3100000.0,16576
8053866,1,2,1,10,2024,2,50,10.0,1500000.0,36043
8039145,1,2,1,10,2024,1,44,6.0,1900000.0,2435
8048486,1,2,1,10,2024,2,62,5.0,720000.0,23773
8080538,1,1,1,10,2024,2,76,3.0,200000.0,53267
8043861,1,2,1,10,2024,2,24,10.0,1300000.0,13072
8040025,1,1,1,10,2024,1,37,5.0,1300000.0,4195
8043967,1,1,1,10,2024,2,55,4.0,750000.0,13361
8040567,1,1,1,10,2024,2,47,3.0,850000.0,5531
8044512,1,2,1,10,2024,1,37,3.0,1300000.0,14748
8044552,1,4,1,10,2024,2,28,10.0,1300000.0,14877
8056293,1,2,1,10,2024,2,50,10.0,1300000.0,41007
8048847,1,2,1,10,2024,1,29,4.0,400000.0,24424
8079892,1,3,1,10,2024,1,45,9.0,6750000.0,51870
8038780,1,2,1,10,2024,2,40,5.0,7000000.0,1499
8046171,1,3,1,10,2024,1,23,5.0,1400000.0,18871
8056198,1,3,1,10,2024,1,26,10.0,2200000.0,40780
8051435,1,1,1,10,2024,2,59,10.0,4500000.0,30194
8050706,1,1,1,10,2024,1,64,4.0,300000.0,28632
8080937,1,1,1,10,2024,2,20,10.0,1500000.0,54067
8080833,1,1,1,10,2024,1,40,1.0,1200000.0,53845
8050324,1,1,1,10,2024,1,68,10.0,16000000.0,27618
8043258,1,1,1,10,2024,1,54,3.0,2200000.0,11512
8085057,1,1,1,10,2024,1,27,8.0,2900000.0,62541
8038528,1,1,1,10,2024,1,60,12.0,9500000.0,835
8042093,1,2,1,10,2024,1,55,5.0,200000.0,9010
8052784,1,1,1,10,2024,1,54,4.0,2200000.0,33583
8042459,1,1,1,10,2024,2,35,3.0,100000.0,9853
8041411,1,1,1,10,2024,1,62,3.0,1500000.0,7498
8040411,1,3,1,10,2024,2,36,5.0,500000.0,5148
8049343,1,2,1,10,2024,1,20,5.0,300000.0,25409
8038270,1,5,1,10,2024,1,19,4.0,800000.0,232
8042590,1,1,1,10,2024,1,53,4.0,2400000.0,10107
8050056,1,1,1,10,2024,1,66,3.0,400000.0,27018
8040552,1,1,1,10,2024,1,32,3.0,1300000.0,5485
8053182,1,1,1,10,2024,1,53,5.0,2000000.0,34550
8076354,1,1,1,10,2024,1,40,5.0,1196000.0,43646
8042708,1,1,1,10,2024,2,29,5.0,1000000.0,10367
8043519,1,2,1,10,2024,1,64,5.0,400000.0,12225
8077439,1,1,1,10,2024,1,68,3.0,1000000.0,46252
8041459,1,3,1,10,2024,2,24,8.0,1300000.0,7607
8056338,1,2,1,10,2024,2,58,3.0,600000.0,41100
8084703,1,1,1,10,2024,1,33,5.0,1600000.0,61719
8047855,1,1,1,10,2024,2,22,10.0,1000000.0,22541
8082123,1,1,1,10,2024,1,40,1.0,250000.0,56138
8083674,1,4,1,10,2024,1,25,5.0,1300000.0,59525
8080279,1,2,1,10,2024,1,35,4.0,1000000.0,52753
8078923,1,2,1,10,2024,1,47,3.0,500000.0,49456
8083309,1,3,1,10,2024,2,42,4.0,1000000.0,58811
8056221,1,2,1,10,2024,1,50,5.0,1450000.0,40846
8050528,1,2,1,10,2024,1,47,3.0,700000.0,28218
8075829,1,2,1,10,2024,1,65,3.0,1200000.0,42195
8052281,1,2,1,10,2024,2,55,8.0,120000.0,32318
8082939,1,1,1,10,2024,1,24,5.0,1350000.0,57945
8078963,1,2,1,10,2024,2,21,6.0,480000.0,49560
8041903,1,2,1,10,2024,2,45,10.0,1800000.0,8561
8048891,1,1,1,10,2024,1,59,3.0,1700000.0,24532
8038982,1,2,1,10,2024,2,64,4.0,500000.0,1971
8086099,1,4,1,10,2024,1,19,5.0,200000.0,63277
8055149,1,2,1,10,2024,2,37,10.0,3000000.0,38808
8081242,1,4,1,10,2024,1,32,5.0,1300000.0,54668
8038902,1,2,1,10,2024,2,25,5.0,1300000.0,1765
8040477,1,1,1,10,2024,1,56,3.0,1000000.0,5326
8052338,1,4,1,10,2024,1,30,3.0,700000.0,32497
8080241,1,2,1,10,2024,1,54,11.0,14000000.0,52658
8084814,1,1,1,10,2024,2,90,3.0,200000.0,61964
8050083,1,1,1,10,2024,1,62,3.0,1000000.0,27076
8055462,1,2,1,10,2024,2,41,5.0,3000000.0,39404
8048611,1,2,1,10,2024,2,29,8.0,500000.0,24007
8050579,1,5,1,10,2024,2,10,3.0,,28359
8053518,1,1,1,10,2024,1,32,10.0,2200000.0,35293
8038911,1,1,1,10,2024,2,44,11.0,12000000.0,1791
8039309,1,1,1,10,2024,2,27,9.0,1300000.0,2848
8082583,1,1,1,10,2024,2,38,10.0,200000.0,57046
8039243,1,1,1,10,2024,1,69,6.0,500000.0,2676
8052891,1,1,1,10,2024,1,68,1.0,0.0,33842
8083879,1,1,1,10,2024,2,63,3.0,1500000.0,59949
8040941,1,2,1,10,2024,1,47,3.0,500000.0,6405
8039940,1,1,1,10,2024,1,27,9.0,1450000.0,4049
8039873,1,3,1,10,2024,1,28,3.0,1200000.0,3876
8083282,1,2,1,10,2024,1,38,5.0,1500000.0,58737
8076218,1,1,1,10,2024,1,46,3.0,600000.0,43323
8049147,1,1,1,10,2024,1,41,3.0,1440000.0,25007
8039297,1,1,1,10,2024,1,51,3.0,1000000.0,2819
8045070,1,2,1,10,2024,1,20,5.0,1300000.0,16253
8086850,1,1,1,10,2024,1,27,4.0,1500000.0,64565
8080630,1,1,1,10,2024,1,26,8.0,1300000.0,53458
8048886,1,1,1,10,2024,1,35,5.0,1300000.0,24511
8047968,1,4,1,10,2024,1,20,5.0,600000.0,22764
8044902,1,1,1,10,2024,2,45,12.0,5500000.0,15798
8049148,1,2,1,10,2024,1,34,5.0,150000.0,25012
8039549,1,1,1,10,2024,2,52,11.0,4000000.0,3280
8053736,1,1,1,10,2024,1,65,3.0,700000.0,35842
8042074,1,2,1,10,2024,2,62,5.0,80000.0,8968
8081404,1,1,1,10,2024,1,43,10.0,3800000.0,55080
8043836,1,2,1,10,2024,2,54,6.0,1400000.0,13020
8050243,1,3,1,10,2024,2,23,8.0,1300000.0,27441
8083780,1,1,1,10,2024,1,30,11.0,3200000.0,59742
8082121,1,1,1,10,2024,2,47,3.0,1020000.0,56131
8078978,1,1,1,10,2024,1,38,3.0,800000.0,49588
8041561,1,2,1,10,2024,2,33,5.0,400000.0,7854
8077415,1,4,1,10,2024,2,43,3.0,500000.0,46205
8083492,1,2,1,10,2024,2,22,5.0,1300000.0,59191
8043242,1,1,1,10,2024,1,56,3.0,2500000.0,11468
8085796,1,1,1,10,2024,1,45,3.0,1700000.0,62890
8054192,1,1,1,10,2024,1,39,8.0,650000.0,36711
8083990,1,1,1,10,2024,2,44,3.0,800000.0,60167
8086681,1,2,1,10,2024,1,46,5.0,800000.0,64315
8042813,1,2,1,10,2024,1,38,4.0,1500000.0,10611
8038400,1,1,1,10,2024,1,69,3.0,3000000.0,570
8041431,1,1,1,10,2024,1,39,5.0,1300000.0,7547
8038922,1,1,1,10,2024,1,34,3.0,1700000.0,1824
8075698,1,1,1,10,2024,1,38,8.0,500000.0,41850
8040706,1,2,1,10,2024,2,38,10.0,3000000.0,5813
8054457,1,2,1,10,2024,1,55,5.0,850000.0,37329
8084088,1,1,1,10,2024,2,38,4.0,800000.0,60469
8080743,1,3,1,10,2024,1,21,10.0,1300000.0,53669
8050478,1,1,1,10,2024,1,37,8.0,1400000.0,28041
8077912,1,3,1,10,2024,1,20,5.0,1100000.0,47193
8050630,1,1,1,10,2024,1,36,10.0,3000000.0,28470
8039047,1,4,1,10,2024,2,38,3.0,600000.0,2145
8055838,1,1,1,10,2024,2,19,8.0,450000.0,40075
8083999,1,1,1,10,2024,1,26,9.0,1300000.0,60195
8054206,1,1,1,10,2024,1,51,5.0,500000.0,36743
8046914,1,1,1,10,2024,1,27,8.0,230000.0,20723
8049969,1,3,1,10,2024,1,40,5.0,1200000.0,26773
8048908,1,2,1,10,2024,2,39,3.0,1300000.0,24565
8045347,1,1,1,10,2024,1,55,3.0,2300000.0,17004
8038372,1,2,1,10,2024,1,66,3.0,1300000.0,504
8047104,1,2,1,10,2024,1,36,5.0,1800000.0,21000
8040579,1,1,1,10,2024,2,32,4.0,1000000.0,5571
8053036,1,1,1,10,2024,1,36,11.0,5200000.0,34278
8075938,1,1,1,10,2024,1,26,3.0,200000.0,42507
8038789,1,3,1,10,2024,1,49,3.0,550000.0,1512
8051943,1,2,1,10,2024,1,22,5.0,1200000.0,31466
8040301,1,1,1,10,2024,2,30,11.0,3000000.0,4908
8077375,1,1,1,10,2024,1,54,3.0,800000.0,46112
8049390,1,4,1,10,2024,2,41,8.0,2100000.0,25494
8083469,1,3,1,10,2024,2,29,10.0,3000000.0,59135
8045682,1,3,1,10,2024,1,18,5.0,800000.0,17920
8050358,1,1,1,10,2024,1,59,5.0,1300000.0,27752
8038814,1,3,1,10,2024,1,29,12.0,10300000.0,1554
8079228,1,1,1,10,2024,1,18,5.0,100000.0,50202
8051490,1,1,1,10,2024,1,48,5.0,1500000.0,30327
8082614,1,2,1,10,2024,2,22,5.0,1300000.0,57105
8083413,1,1,1,10,2024,1,33,5.0,1300000.0,59014
8049558,1,1,1,10,2024,1,47,9.0,600000.0,25757
8080097,1,2,1,10,2024,1,64,3.0,1000000.0,52264
8051931,1,2,1,10,2024,2,20,10.0,1350000.0,31436
8084280,1,1,1,10,2024,2,41,10.0,1462000.0,60876
8076750,1,2,1,10,2024,2,60,11.0,3500000.0,44611
8043822,1,1,1,10,2024,1,72,3.0,250000.0,12988
8078200,1,1,1,10,2024,2,39,3.0,300000.0,47860
8080988,1,1,1,10,2024,2,59,3.0,400000.0,54166
8039444,1,1,1,10,2024,1,37,10.0,1680000.0,3056
8044265,1,3,1,10,2024,2,19,10.0,900000.0,14043
8053973,1,1,1,10,2024,1,27,8.0,2500000.0,36252
8041254,1,2,1,10,2024,2,42,5.0,1300000.0,7175
8078453,1,1,1,10,2024,2,65,3.0,500000.0,48446
8079772,1,2,1,10,2024,2,26,6.0,240000.0,51525
8078975,1,3,1,10,2024,1,20,4.0,450000.0,49584
8077282,1,1,1,10,2024,1,42,3.0,1462000.0,45915
8042760,1,1,1,10,2024,1,24,5.0,2200000.0,10489
8083838,1,2,1,10,2024,2,33,9.0,2600000.0,59851
8085040,1,2,1,10,2024,1,54,5.0,3000000.0,62499
8084896,1,1,1,10,2024,1,62,8.0,3000000.0,62154
8078414,1,3,1,10,2024,2,31,10.0,1600000.0,48356
8052558,1,3,1,10,2024,2,25,5.0,500000.0,33097
8050545,1,7,1,10,2024,1,29,10.0,800000.0,28269
8047614,1,1,1,10,2024,2,47,5.0,1300000.0,21983
8076180,1,2,1,10,2024,2,61,4.0,420000.0,43247
8044071,1,1,1,10,2024,1,77,3.0,1200000.0,13584
8049126,1,4,1,10,2024,1,47,5.0,1300000.0,24961
8050227,1,2,1,10,2024,1,53,3.0,600000.0,27404
8054634,1,1,1,10,2024,2,32,5.0,300000.0,37687
8044337,1,1,1,10,2024,2,43,5.0,1954800.0,14273
8048518,1,1,1,10,2024,2,52,5.0,1000000.0,23837
8047625,1,1,1,10,2024,1,41,8.0,1300000.0,22007
8052940,1,1,1,10,2024,1,24,9.0,2800000.0,33975
8052155,1,1,1,10,2024,1,28,4.0,960000.0,31983
8081364,1,3,1,10,2024,2,46,10.0,1900000.0,54935
8040358,1,1,1,10,2024,2,39,9.0,2336000.0,5025
8042728,1,1,1,10,2024,2,40,7.0,3000000.0,10426
8086501,1,1,1,10,2024,2,67,13.0,70000.0,63825
8084968,1,1,1,10,2024,1,44,3.0,1600000.0,62317
8043034,1,1,1,10,2024,2,63,1.0,1000000.0,10985
8046274,1,2,1,10,2024,2,59,1.0,600000.0,19119
8039007,1,1,1,10,2024,2,29,12.0,3500000.0,2021
8077904,1,2,1,10,2024,2,42,4.0,50000.0,47177
8086552,1,2,1,10,2024,1,52,8.0,1500000.0,63965
8047293,1,1,1,10,2024,1,36,5.0,2100000.0,21368
8040804,1,1,1,10,2024,2,30,8.0,2000000.0,6067
8054125,1,2,1,10,2024,1,50,3.0,700000.0,36554
8052982,1,1,1,10,2024,1,44,3.0,300000.0,34095
8050887,1,1,1,10,2024,1,38,5.0,1300000.0,29103
8052282,1,1,1,10,2024,1,45,8.0,1300000.0,32319
8080100,1,3,1,10,2024,1,27,10.0,2500000.0,52279
8047402,1,2,1,10,2024,2,57,5.0,750000.0,21588
8041175,1,1,1,10,2024,2,56,5.0,500000.0,6983
8045998,1,1,1,10,2024,1,72,1.0,400000.0,18454
8040329,1,1,1,10,2024,1,49,4.0,800000.0,4964
8084798,1,1,1,10,2024,2,56,11.0,5800000.0,61935
8080522,1,3,1,10,2024,2,33,12.0,1000000.0,53232
8055917,1,2,1,10,2024,1,61,3.0,1100000.0,40260
8083875,1,2,1,10,2024,1,30,5.0,2500000.0,59941
8049034,1,1,1,10,2024,2,38,10.0,2000000.0,24792
8055977,1,2,1,10,2024,1,25,5.0,1000000.0,40368
8076766,1,1,1,10,2024,1,42,5.0,2000000.0,44648
8040554,1,2,1,10,2024,2,37,8.0,480000.0,5496
8080840,1,2,1,10,2024,2,53,3.0,400000.0,53865
8048434,1,1,1,10,2024,1,29,8.0,2500000.0,23673
8055325,2,1,2,10,2024,1,63,3.0,1600000.0,39173
8076064,1,1,1,10,2024,1,34,3.0,1000000.0,42900
8049108,1,4,1,10,2024,2,24,5.0,1300000.0,24933
8086554,1,1,1,10,2024,2,26,8.0,1662000.0,63967
8054224,1,1,1,10,2024,1,28,8.0,1400000.0,36768
8055899,1,1,1,10,2024,2,42,9.0,2000000.0,40230
8056403,1,1,1,10,2024,2,45,3.0,1000000.0,41272
8052721,1,2,1,10,2024,2,38,3.0,450000.0,33433
8052877,1,1,1,10,2024,1,67,3.0,600000.0,33813
8048092,1,2,1,10,2024,1,55,3.0,3000000.0,23028
8043798,1,1,1,10,2024,2,51,4.0,1700000.0,12940
8053183,1,1,1,10,2024,1,69,1.0,500000.0,34553
8047457,1,2,1,10,2024,2,37,11.0,3200000.0,21662
8077366,1,1,1,10,2024,2,33,11.0,5700000.0,46093
8039379,1,3,1,10,2024,1,24,10.0,2500000.0,2931
8079349,1,1,1,10,2024,2,62,3.0,200000.0,50541
8050824,1,2,1,10,2024,1,48,5.0,1300000.0,28937
8081206,1,1,1,10,2024,1,45,6.0,1700000.0,54563
8053738,1,2,1,10,2024,1,39,4.0,1600000.0,35847
8077536,1,1,1,10,2024,1,57,3.0,1000000.0,46421
8045199,1,1,1,10,2024,1,34,5.0,1600000.0,16617
8079030,1,4,1,10,2024,1,81,3.0,400000.0,49718
8038835,1,1,1,10,2024,1,48,10.0,70000000.0,1602
8039019,1,2,1,10,2024,1,35,8.0,2500000.0,2042
8076842,1,2,1,10,2024,1,36,9.0,2156000.0,44814
8038536,1,1,1,10,2024,1,56,3.0,1400000.0,860
8082660,1,1,1,10,2024,1,50,10.0,2000000.0,57250
8042168,1,1,1,10,2024,1,44,8.0,2800000.0,9218
8081466,1,2,1,10,2024,1,38,5.0,1300000.0,55203
8055235,1,1,1,10,2024,2,29,8.0,1450000.0,39031
8078127,1,1,1,10,2024,1,45,3.0,388000.0,47686
8041259,1,1,1,10,2024,2,44,10.0,2300000.0,7187
8077171,1,2,1,10,2024,1,57,3.0,800000.0,45634
8081396,1,2,1,10,2024,2,33,10.0,4000000.0,55045
8076516,1,3,1,10,2024,1,42,4.0,600000.0,44065
8043469,1,2,1,10,2024,1,24,10.0,2400000.0,12058
8051283,1,1,1,10,2024,2,28,8.0,1400000.0,29760
8045647,1,2,1,10,2024,2,52,4.0,480000.0,17834
8075637,1,3,1,10,2024,1,24,5.0,750000.0,41674
8039058,1,2,1,10,2024,1,29,5.0,1550000.0,2168
8048469,1,2,1,10,2024,2,19,5.0,1040000.0,23740
8044365,1,2,1,10,2024,2,56,5.0,1500000.0,14360
8076709,1,1,1,10,2024,1,62,12.0,8400000.0,44505
8046511,1,2,1,10,2024,1,69,3.0,500000.0,19728
8079733,1,1,1,10,2024,1,54,3.0,1400000.0,51351
8081781,1,1,1,10,2024,1,55,3.0,1400000.0,55739
8039527,1,1,1,10,2024,1,24,9.0,3000000.0,3239
8050773,1,3,1,10,2024,1,27,10.0,1300000.0,28799
8040172,1,3,1,10,2024,1,32,10.0,2000000.0,4559
8045681,1,1,1,10,2024,2,44,5.0,1150000.0,17915
8040998,1,1,1,10,2024,2,36,4.0,150000.0,6538
8052361,1,1,1,10,2024,2,64,3.0,200000.0,32564
8043637,1,1,1,10,2024,2,40,10.0,1600000.0,12503
8050971,1,1,1,10,2024,1,50,5.0,1300000.0,29351
8083606,1,1,1,10,2024,1,54,10.0,3300000.0,59402
8080473,1,2,1,10,2024,2,53,10.0,1800000.0,53143
8048715,1,1,1,10,2024,2,37,9.0,1600000.0,24188
8043749,1,1,1,10,2024,1,29,5.0,900000.0,12790
8043573,1,1,1,10,2024,2,33,5.0,2190000.0,12336
8080795,1,1,1,10,2024,2,55,3.0,1400000.0,53766
8054375,1,2,1,10,2024,1,46,3.0,1300000.0,37113
8083837,1,4,1,10,2024,1,59,5.0,1400000.0,59849
8083240,1,4,1,10,2024,2,43,8.0,1300000.0,58642
8047330,1,6,1,10,2024,1,36,3.0,800000.0,21442
8054455,1,1,1,10,2024,1,44,5.0,1300000.0,37325
8048067,1,2,1,10,2024,2,18,5.0,300000.0,22967
8079218,1,1,1,10,2024,1,30,3.0,1500000.0,50161
8040950,1,1,1,10,2024,1,36,9.0,3800000.0,6426
8077872,1,1,1,10,2024,1,75,5.0,500000.0,47126
8046291,1,2,1,10,2024,1,52,3.0,750000.0,19190
8046145,1,1,1,10,2024,2,29,4.0,1250000.0,18807
8080520,1,3,1,10,2024,2,54,4.0,650000.0,53223
8080956,1,1,1,10,2024,2,47,3.0,1000000.0,54106
8084244,1,1,1,10,2024,2,56,3.0,590000.0,60785
8039309,1,2,1,10,2024,1,30,9.0,1300000.0,2849
8043469,1,1,1,10,2024,2,45,7.0,1800000.0,12057
8052035,1,1,1,10,2024,2,41,9.0,3200000.0,31677
8075678,1,2,1,10,2024,1,40,1.0,2100000.0,41795
8078285,1,1,1,10,2024,2,37,8.0,1300000.0,48075
8044624,1,3,1,10,2024,1,36,5.0,1300000.0,15063
8042486,1,1,1,10,2024,1,33,5.0,1300000.0,9916
8080067,1,1,1,10,2024,1,29,5.0,1300000.0,52174
8046241,1,3,1,10,2024,2,19,5.0,1300000.0,19034
8041083,1,1,1,10,2024,1,33,5.0,2000000.0,6741
8075737,1,1,1,10,2024,1,43,5.0,1000000.0,41939
8045323,1,1,1,10,2024,1,28,9.0,3000000.0,16943
8077371,1,2,1,10,2024,1,53,3.0,1300000.0,46101
8043441,1,1,1,10,2024,1,67,3.0,1500000.0,11980
8081430,1,1,1,10,2024,2,50,10.0,2800000.0,55147
8052543,1,2,1,10,2024,1,43,10.0,900000.0,33050
8051040,1,1,1,10,2024,2,43,4.0,500000.0,29532
8082798,1,1,1,10,2024,1,46,5.0,3200000.0,57610
8054584,1,3,1,10,2024,1,50,5.0,2000000.0,37555
8049648,1,1,1,10,2024,2,37,9.0,1300000.0,25989
8046569,1,1,1,10,2024,2,61,4.0,800000.0,19910
8046621,1,1,1,10,2024,2,40,10.0,10500000.0,20056
8052285,1,1,1,10,2024,1,56,5.0,230000.0,32333
8052608,1,4,1,10,2024,2,26,4.0,900000.0,33233
8042389,1,4,1,10,2024,1,26,8.0,1300000.0,9699
8046043,1,1,1,10,2024,2,22,5.0,700000.0,18565
8050835,1,4,1,10,2024,2,24,5.0,700000.0,28964
8085966,1,1,1,10,2024,1,32,5.0,2100000.0,63109
8054553,1,1,1,10,2024,2,73,5.0,2000000.0,37505
8050914,1,5,1,10,2024,2,22,5.0,500000.0,29178
8055856,1,1,1,10,2024,1,40,5.0,2000000.0,40123
8083944,1,2,1,10,2024,2,54,9.0,2000000.0,60025
8078128,1,1,1,10,2024,1,85,1.0,0.0,47690
8052342,1,1,1,10,2024,2,40,8.0,1720000.0,32509
8084590,1,3,1,10,2024,2,28,8.0,1300000.0,61487
8080902,1,2,1,10,2024,2,42,12.0,5000000.0,53976
8050522,1,1,1,10,2024,1,50,5.0,1300000.0,28199
8054735,1,1,1,10,2024,1,31,5.0,1000000.0,37927
8084193,1,2,1,10,2024,1,59,4.0,500000.0,60674
8052394,1,3,1,10,2024,1,23,4.0,150000.0,32684
8052715,1,1,1,10,2024,1,76,1.0,1500000.0,33421
8049734,1,5,1,10,2024,2,28,5.0,1300000.0,26216
8047885,1,2,1,10,2024,2,59,10.0,3000000.0,22623
8054301,1,3,1,10,2024,1,35,8.0,1300000.0,36941
8043579,1,2,1,10,2024,1,56,3.0,1300000.0,12356
8041144,1,2,1,10,2024,2,50,12.0,7500000.0,6897
8054827,1,1,1,10,2024,1,66,11.0,4000000.0,38153
8043224,1,1,1,10,2024,2,44,4.0,1440000.0,11431
8077562,1,1,1,10,2024,1,34,3.0,1500000.0,46481
8052248,1,1,1,10,2024,2,71,3.0,600000.0,32237
8046725,1,1,1,10,2024,2,52,5.0,2000000.0,20293
8046615,1,2,1,10,2024,1,35,5.0,1500000.0,20044
8085059,1,1,1,10,2024,2,26,9.0,1300000.0,62547
8048307,1,1,1,10,2024,2,44,5.0,100000.0,23482
8047196,1,1,1,10,2024,1,45,8.0,2000000.0,21172
8044992,1,2,1,10,2024,2,37,10.0,900000.0,16036
8040023,1,2,1,10,2024,1,35,5.0,1750000.0,4190
8052059,1,2,1,10,2024,2,25,8.0,2300000.0,31726
8084178,1,1,1,10,2024,1,55,4.0,800000.0,60630
8055199,1,2,1,10,2024,1,45,11.0,3000000.0,38922
8054582,1,2,1,10,2024,2,41,5.0,800000.0,37552
8052979,1,1,1,10,2024,1,50,5.0,1270000.0,34087
8046283,1,6,1,10,2024,2,3,1.0,,19154
8040526,1,2,1,10,2024,2,38,10.0,3000000.0,5432
8079719,1,2,1,10,2024,1,28,5.0,600000.0,51298
8084493,2,2,2,10,2024,2,53,8.0,500000.0,61304
8047666,1,1,1,10,2024,2,31,10.0,1300000.0,22099
8039669,1,4,1,10,2024,2,20,4.0,650000.0,3478
8054054,1,2,1,10,2024,2,43,10.0,2800000.0,36398
8086813,1,1,1,10,2024,1,56,10.0,1300000.0,64528
8055134,1,1,1,10,2024,2,37,4.0,1250000.0,38771
8052734,1,2,1,10,2024,2,44,3.0,200000.0,33462
8041529,1,2,1,10,2024,1,36,9.0,800000.0,7782
8046898,1,2,1,10,2024,2,29,11.0,4000000.0,20692
8040546,1,1,1,10,2024,2,45,5.0,1500000.0,5472
8079357,1,1,1,10,2024,1,85,3.0,150000.0,50560
8040095,1,2,1,10,2024,2,29,6.0,1700000.0,4353
8052984,1,6,1,10,2024,1,22,5.0,600000.0,34105
8045180,1,4,1,10,2024,2,62,3.0,1200000.0,16561
8044127,1,1,1,10,2024,1,26,6.0,1400000.0,13700
8054580,1,1,1,10,2024,1,62,5.0,1800000.0,37548
8039950,1,1,1,10,2024,2,42,4.0,460000.0,4070
8050389,1,2,1,10,2024,1,40,3.0,1300000.0,27826
8076118,1,2,1,10,2024,1,58,8.0,3000000.0,43058
8077166,1,3,1,10,2024,1,22,4.0,420000.0,45617
8039817,1,1,1,10,2024,1,65,5.0,3000000.0,3774
8081537,1,1,1,10,2024,1,45,5.0,1000000.0,55381
8080375,1,2,1,10,2024,2,25,5.0,2000000.0,52991
8083871,1,2,1,10,2024,1,41,4.0,2700000.0,59931
8051571,1,1,1,10,2024,1,61,9.0,3000000.0,30503
8041977,1,2,1,10,2024,1,48,10.0,3500000.0,8780
8040439,1,4,1,10,2024,1,19,5.0,800000.0,5227
8042567,1,1,1,10,2024,2,32,12.0,13800000.0,10073
8042546,1,1,1,10,2024,1,44,6.0,1300000.0,10042
8082104,1,2,1,10,2024,1,40,10.0,200000.0,56110
8039416,1,1,1,10,2024,2,57,10.0,150000.0,3011
8051413,1,2,1,10,2024,2,40,9.0,1300000.0,30133
8043111,1,2,1,10,2024,2,51,5.0,100000.0,11174
8086819,1,1,1,10,2024,2,49,5.0,150000.0,64547
8047916,1,1,1,10,2024,2,33,12.0,4000000.0,22685
8077455,1,1,1,10,2024,2,51,3.0,800000.0,46285
8046039,1,1,1,10,2024,2,47,3.0,1000000.0,18555
8051435,1,2,1,10,2024,1,51,4.0,1800000.0,30195
8039753,1,2,1,10,2024,2,38,6.0,1400000.0,3655
8077102,1,1,1,10,2024,2,36,5.0,1300000.0,45438
8051296,1,1,1,10,2024,2,53,3.0,300000.0,29794
8077957,1,1,1,10,2024,2,52,4.0,1100000.0,47305
8039687,1,1,1,10,2024,2,38,5.0,1462000.0,3519
8049813,1,3,1,10,2024,1,18,3.0,800000.0,26430
8077571,1,3,1,10,2024,1,22,8.0,1300000.0,46514
8055126,1,3,1,10,2024,1,19,5.0,1200000.0,38747
8043850,1,3,1,10,2024,2,42,8.0,1500000.0,13045
8044754,1,1,1,10,2024,1,37,9.0,4200000.0,15391
8039541,1,2,1,10,2024,2,32,5.0,2400000.0,3266
8043478,1,1,1,10,2024,1,57,10.0,2200000.0,12082
8083612,1,3,1,10,2024,2,29,9.0,1300000.0,59414
8044254,1,1,1,10,2024,1,69,3.0,150000.0,13995
8077637,1,2,1,10,2024,1,18,4.0,1000000.0,46637
8080342,1,1,1,10,2024,2,61,5.0,1000000.0,52904
8076566,1,2,1,10,2024,1,66,3.0,500000.0,44167
8046302,1,1,1,10,2024,1,43,10.0,3500000.0,19229
8083862,1,2,1,10,2024,1,43,3.0,1100000.0,59911
8052907,1,1,1,10,2024,1,62,3.0,120000.0,33880
8079763,1,2,1,10,2024,1,28,4.0,800000.0,51486
8055415,1,1,1,10,2024,2,57,11.0,6500000.0,39350
8039992,1,1,1,10,2024,1,34,11.0,3000000.0,4134
8052085,1,2,1,10,2024,2,21,10.0,640000.0,31807
8053429,1,1,1,10,2024,1,32,5.0,2500000.0,35162
8047398,1,2,1,10,2024,2,36,8.0,800000.0,21582
8083026,1,1,1,10,2024,1,63,9.0,3100000.0,58156
8086409,1,1,1,10,2024,1,61,9.0,3000000.0,63625
8041920,1,1,1,10,2024,2,38,5.0,1300000.0,8609
8077379,1,1,1,10,2024,1,67,3.0,1300000.0,46126
8055635,1,1,1,10,2024,1,35,8.0,2000000.0,39648
8056077,1,2,1,10,2024,2,54,11.0,1300000.0,40545
8048101,1,1,1,10,2024,2,59,10.0,2800000.0,23054
8051619,1,1,1,10,2024,2,43,8.0,1300000.0,30615
8055769,1,4,1,10,2024,1,28,5.0,700000.0,39923
8045988,1,2,1,10,2024,2,50,5.0,200000.0,18432
8042222,1,2,1,10,2024,2,50,10.0,4000000.0,9354
8038383,1,3,1,10,2024,1,45,4.0,2000000.0,529
8044519,1,2,1,10,2024,1,39,3.0,2000000.0,14772
8044721,1,3,1,10,2024,2,53,3.0,1462000.0,15319
8076214,1,2,1,10,2024,1,51,1.0,400000.0,43315
8040285,1,2,1,10,2024,2,23,10.0,1240000.0,4859
8076175,1,2,1,10,2024,2,51,5.0,2200000.0,43227
8045168,1,4,1,10,2024,1,37,5.0,1450000.0,16518
8076236,1,2,1,10,2024,2,26,4.0,300000.0,43362
8041471,1,1,1,10,2024,1,37,10.0,200000.0,7641
8038708,1,3,1,10,2024,1,23,10.0,4000000.0,1286
8079487,1,1,1,10,2024,2,48,11.0,6000000.0,50852
8055513,1,4,1,10,2024,1,53,5.0,1600000.0,39489
8085739,1,1,1,10,2024,1,64,8.0,1300000.0,62754
8044897,1,1,1,10,2024,2,48,5.0,1000000.0,15786
8082299,1,1,1,10,2024,1,48,3.0,1300000.0,56419
8054387,1,1,1,10,2024,2,31,9.0,1500000.0,37143
8040312,1,1,1,10,2024,1,41,5.0,960000.0,4928
8083564,1,2,1,10,2024,1,32,10.0,1300000.0,59314
8077538,1,1,1,10,2024,1,47,3.0,1400000.0,46426
8051791,1,1,1,10,2024,2,48,5.0,1300000.0,31057
8047212,1,3,1,10,2024,1,39,5.0,600000.0,21204
8050138,1,1,1,10,2024,1,49,5.0,1800000.0,27184
8039638,1,1,1,10,2024,2,38,8.0,1462000.0,3420
8042847,1,2,1,10,2024,1,25,8.0,1300000.0,10684
8039381,1,3,1,10,2024,1,32,10.0,1300000.0,2937
8038410,1,1,1,10,2024,1,45,10.0,3000000.0,601
8053064,1,1,1,10,2024,1,46,5.0,1300000.0,34336
8080185,1,3,1,10,2024,2,25,4.0,1300000.0,52519
8054562,1,1,1,10,2024,1,22,5.0,1300000.0,37533
8047614,1,4,1,10,2024,2,18,8.0,1900000.0,21986
8042187,1,2,1,10,2024,2,21,5.0,100000.0,9274
8054400,1,1,1,10,2024,2,52,6.0,2200000.0,37184
8044055,1,1,1,10,2024,1,62,6.0,1300000.0,13537
8039231,1,1,1,10,2024,1,44,5.0,1300000.0,2648
8050132,1,1,1,10,2024,1,60,3.0,800000.0,27170
8075719,1,4,1,10,2024,1,22,5.0,800000.0,41902
8040325,1,2,1,10,2024,1,20,5.0,1000000.0,4958
8041125,1,2,1,10,2024,1,18,1.0,800000.0,6862
8047565,1,1,1,10,2024,1,26,10.0,1500000.0,21862
8044851,1,4,1,10,2024,2,37,10.0,2589510.0,15662
8042132,1,1,1,10,2024,1,44,4.0,1200000.0,9133
8080168,1,2,1,10,2024,2,31,9.0,1300000.0,52460
8050426,1,1,1,10,2024,1,37,5.0,2000000.0,27897
8038818,1,1,1,10,2024,1,30,5.0,1200000.0,1565
8053260,1,1,1,10,2024,1,30,5.0,2000000.0,34734
8043491,1,2,1,10,2024,1,31,5.0,900000.0,12134
8055807,1,1,1,10,2024,1,56,10.0,8000000.0,40013
8046893,1,3,1,10,2024,1,29,12.0,8000000.0,20680
8050396,1,1,1,10,2024,2,64,9.0,10000000.0,27839
8055292,1,4,1,10,2024,2,31,5.0,824000.0,39109
8042358,1,1,1,10,2024,2,49,10.0,2500000.0,9639
8045725,1,2,1,10,2024,1,34,10.0,4000000.0,18026
8047242,1,2,1,10,2024,1,61,3.0,800000.0,21276
8050711,1,2,1,10,2024,1,20,5.0,1400000.0,28641
8054839,1,2,1,10,2024,1,40,3.0,3000000.0,38172
8043474,1,1,1,10,2024,1,33,5.0,800000.0,12069
8080074,1,1,1,10,2024,2,45,6.0,1300000.0,52199
8055142,1,1,1,10,2024,2,49,5.0,900000.0,38792
8053632,1,2,1,10,2024,1,60,10.0,6000000.0,35576
8046457,1,3,1,10,2024,1,48,5.0,1300000.0,19587
8044390,1,1,1,10,2024,1,32,5.0,1100000.0,14418
8047998,1,2,1,10,2024,1,24,4.0,1400000.0,22823
8038849,1,1,1,10,2024,2,41,12.0,4000000.0,1635
8055058,1,1,1,10,2024,1,52,10.0,2400000.0,38691
8043217,1,2,1,10,2024,1,20,4.0,40000.0,11416
8080236,1,2,1,10,2024,2,35,9.0,1300000.0,52643
8055043,1,1,1,10,2024,1,61,10.0,1870000.0,38654
8079898,1,3,1,10,2024,2,43,5.0,2700000.0,51882
8052321,1,3,1,10,2024,1,24,8.0,150000.0,32454
8044949,1,1,1,10,2024,1,38,5.0,1000000.0,15907
8054484,1,2,1,10,2024,1,31,5.0,2000000.0,37365
8081125,1,2,1,10,2024,1,68,3.0,100000.0,54437
8043059,1,1,1,10,2024,1,35,3.0,1300000.0,11050
8086619,1,2,1,10,2024,1,26,4.0,1300000.0,64141
8075599,1,2,1,10,2024,1,33,4.0,550000.0,41534
8038331,1,2,1,10,2024,1,52,3.0,1000000.0,391
8048274,1,2,1,10,2024,2,31,12.0,6000000.0,23408
8040395,1,2,1,10,2024,2,69,3.0,1500000.0,5108
8041854,1,2,1,10,2024,2,54,5.0,300000.0,8437
8084796,1,1,1,10,2024,1,45,5.0,3500000.0,61932
8082515,1,2,1,10,2024,1,53,5.0,1000000.0,56876
8043744,1,1,1,10,2024,2,52,5.0,400000.0,12777
8039897,1,1,1,10,2024,2,31,5.0,650000.0,3934
8043983,1,1,1,10,2024,2,45,5.0,300000.0,13383
8081377,1,2,1,10,2024,1,39,5.0,900000.0,54984
8056323,1,2,1,10,2024,1,40,10.0,4000000.0,41075
8042128,1,2,1,10,2024,2,42,3.0,250000.0,9120
8053696,1,1,1,10,2024,2,37,4.0,1300000.0,35730
8082332,1,1,1,10,2024,2,39,5.0,500000.0,56495
8044429,1,2,1,10,2024,1,33,8.0,2520000.0,14528
8078782,1,1,1,10,2024,2,36,5.0,1500000.0,49147
8081807,1,1,1,10,2024,2,47,3.0,800000.0,55769
8084027,1,2,1,10,2024,1,38,10.0,7000000.0,60276
8044567,1,2,1,10,2024,2,34,6.0,2200000.0,14912
8042512,1,3,1,10,2024,1,58,1.0,300000.0,9981
8054107,1,8,1,10,2024,1,47,4.0,700000.0,36507
8084795,1,2,1,10,2024,1,39,10.0,6200000.0,61931
8076637,1,2,1,10,2024,2,32,5.0,700000.0,44335
8046320,1,1,1,10,2024,1,55,3.0,800000.0,19273
8043178,1,1,1,10,2024,1,46,4.0,1200000.0,11342
8046531,1,2,1,10,2024,2,30,8.0,30000.0,19800
8045793,1,1,1,10,2024,2,37,11.0,8400000.0,18192
8041884,1,2,1,10,2024,2,37,11.0,3900000.0,8518
8050802,1,4,1,10,2024,1,47,4.0,1000000.0,28871
8047074,1,1,1,10,2024,1,49,5.0,2000000.0,20934
8053344,1,1,1,10,2024,2,71,5.0,400000.0,34937
8042666,1,1,1,10,2024,2,58,3.0,1250000.0,10260
8055324,1,3,1,10,2024,1,28,10.0,3000000.0,39169
8050703,1,1,1,10,2024,2,21,6.0,1450000.0,28626
8041109,1,1,1,10,2024,2,40,8.0,1200000.0,6806
8051583,1,1,1,10,2024,2,60,3.0,800000.0,30529
8049590,1,4,1,10,2024,1,56,8.0,1400000.0,25832
8047279,1,1,1,10,2024,1,29,11.0,6000000.0,21348
8081152,1,1,1,10,2024,2,44,5.0,1300000.0,54492
8044371,1,2,1,10,2024,2,25,5.0,1462000.0,14374
8044478,1,1,1,10,2024,2,41,5.0,500000.0,14652
8080051,1,1,1,10,2024,2,68,12.0,4000000.0,52142
8051522,1,2,1,10,2024,2,28,5.0,1300000.0,30404
8078705,1,3,1,10,2024,1,55,1.0,120000.0,48978
8044177,1,1,1,10,2024,2,62,5.0,1462000.0,13830
8051054,1,2,1,10,2024,2,42,5.0,1300000.0,29575
8076747,1,2,1,10,2024,1,26,9.0,1362000.0,44603
8079578,1,2,1,10,2024,1,34,10.0,6000000.0,51004
8049831,1,1,1,10,2024,2,35,3.0,500000.0,26484
8040286,1,1,1,10,2024,1,60,3.0,1200000.0,4861
8048979,1,1,1,10,2024,1,24,5.0,1400000.0,24707
8050795,1,1,1,10,2024,1,63,10.0,8700000.0,28851
8053293,1,1,1,10,2024,1,56,5.0,2250000.0,34800
8055863,1,2,1,10,2024,2,56,8.0,400000.0,40149
8077177,1,2,1,10,2024,1,36,8.0,857000.0,45654
8044535,1,1,1,10,2024,2,43,5.0,100000.0,14821
8043242,1,2,1,10,2024,2,49,10.0,700000.0,11469
8051874,1,2,1,10,2024,2,39,5.0,1300000.0,31303
8041784,1,2,1,10,2024,1,42,5.0,1800000.0,8286
8082812,1,3,1,10,2024,1,26,10.0,3000000.0,57655
8076751,1,2,1,10,2024,1,42,3.0,2040000.0,44613
8084079,1,1,1,10,2024,2,45,10.0,3000000.0,60453
8044241,1,3,1,10,2024,2,34,4.0,150000.0,13939
8075971,1,1,1,10,2024,1,58,3.0,1300000.0,42620
8054162,1,2,1,10,2024,1,52,10.0,4000000.0,36627
8080181,1,2,1,10,2024,1,41,4.0,1150000.0,52503
8084935,1,1,1,10,2024,2,57,3.0,500000.0,62235
8038401,1,2,1,10,2024,2,35,10.0,10000000.0,575
8038469,1,2,1,10,2024,2,29,11.0,2800000.0,708
8055786,1,5,1,10,2024,1,35,5.0,850000.0,39967
8048846,1,1,1,10,2024,2,30,5.0,400000.0,24418
8043351,1,1,1,10,2024,2,37,9.0,1300000.0,11764
8080739,1,2,1,10,2024,2,39,5.0,1300000.0,53665
8038286,1,1,1,10,2024,2,57,12.0,4200000.0,267
8052314,1,1,1,10,2024,2,70,5.0,500000.0,32431
8048592,1,1,1,10,2024,2,61,11.0,7000000.0,23967
8047578,1,1,1,10,2024,1,42,5.0,2162000.0,21889
8044053,1,1,1,10,2024,1,60,3.0,1000000.0,13528
8082392,1,1,1,10,2024,1,47,4.0,700000.0,56616
8049905,1,2,1,10,2024,1,34,4.0,800000.0,26658
8075579,1,1,1,10,2024,1,58,5.0,1100000.0,41476
8078943,1,1,1,10,2024,1,64,4.0,1500000.0,49503
8053262,1,3,1,10,2024,1,43,10.0,2000000.0,34739
8041200,1,4,1,10,2024,2,54,10.0,900000.0,7057
8045446,1,3,1,10,2024,1,21,6.0,1300000.0,17287
8044463,1,3,1,10,2024,1,29,3.0,500000.0,14611
8053370,1,1,1,10,2024,1,40,10.0,1800000.0,35028
8076027,1,4,1,10,2024,1,24,3.0,1300000.0,42789
8050244,1,1,1,10,2024,2,64,10.0,1000000.0,27442
8045750,1,2,1,10,2024,1,24,6.0,1500000.0,18093
8053230,1,1,1,10,2024,1,47,8.0,1300000.0,34662
8039181,1,2,1,10,2024,1,21,10.0,1800000.0,2521
8083016,1,2,1,10,2024,2,40,10.0,1900000.0,58130
8079475,1,2,1,10,2024,1,43,10.0,2600000.0,50830
8045189,1,4,1,10,2024,2,21,4.0,800000.0,16587
8081004,1,2,1,10,2024,1,16,5.0,750000.0,54198
8043569,1,1,1,10,2024,2,42,4.0,800000.0,12326
8082833,1,1,1,10,2024,2,41,8.0,1100000.0,57698
8081424,1,2,1,10,2024,2,41,3.0,150000.0,55131
8082429,1,7,1,10,2024,1,40,3.0,1200000.0,56697
8052075,1,2,1,10,2024,1,65,3.0,300000.0,31777
8050510,1,2,1,10,2024,1,29,5.0,1500000.0,28169
8048628,1,2,1,10,2024,2,30,9.0,1300000.0,24019
8084657,1,1,1,10,2024,1,60,4.0,1000000.0,61623
8086869,1,1,1,10,2024,2,43,11.0,3800000.0,64621
8078850,1,1,1,10,2024,1,44,3.0,1200000.0,49288
8045133,1,1,1,10,2024,1,32,10.0,1000000.0,16428
8086040,1,3,1,10,2024,2,34,8.0,1200000.0,63216
8055018,1,1,1,10,2024,1,59,5.0,1240000.0,38577
8043613,1,1,1,10,2024,1,34,5.0,2600000.0,12443
8084106,1,1,1,10,2024,1,59,3.0,12130000.0,60513
8044984,1,1,1,10,2024,1,45,9.0,4000000.0,16005
8078442,1,2,1,10,2024,2,43,3.0,300000.0,48411
8043934,1,1,1,10,2024,1,49,3.0,1300000.0,13256
8083793,1,1,1,10,2024,1,25,9.0,1300000.0,59761
8055689,1,2,1,10,2024,1,25,10.0,2000000.0,39824
8079123,1,2,1,10,2024,2,28,8.0,1000000.0,49905
8075911,1,2,1,10,2024,2,54,10.0,3835604.0,42412
8043365,1,1,1,10,2024,2,43,5.0,1300000.0,11793
8041713,1,1,1,10,2024,1,32,10.0,3400000.0,8184
8046258,1,1,1,10,2024,2,63,4.0,660000.0,19070
8085041,1,1,1,10,2024,1,56,7.0,3200000.0,62501
8051444,1,1,1,10,2024,1,23,5.0,2800000.0,30218
8045552,1,1,1,10,2024,1,53,5.0,1300000.0,17582
8080073,1,1,1,10,2024,2,42,5.0,1500000.0,52195
8077158,1,3,1,10,2024,1,20,5.0,500000.0,45595
8052490,1,1,1,10,2024,1,22,3.0,1600000.0,32909
8039406,1,1,1,10,2024,2,46,10.0,4400000.0,2993
8081456,1,2,1,10,2024,1,51,10.0,4000000.0,55189
8049900,1,1,1,10,2024,1,63,1.0,700000.0,26643
8042485,1,2,1,10,2024,2,35,5.0,1300000.0,9913
8048142,1,3,1,10,2024,2,30,10.0,3500000.0,23165
8055888,1,1,1,10,2024,2,29,12.0,2000000.0,40205
8047323,1,1,1,10,2024,2,38,11.0,4000000.0,21426
8054107,1,5,1,10,2024,2,33,8.0,1800000.0,36504
8086094,1,2,1,10,2024,1,31,5.0,1300000.0,63263
8078506,1,1,1,10,2024,1,28,4.0,1200000.0,48557
8075856,1,2,1,10,2024,2,46,10.0,2100000.0,42268
8080752,1,3,1,10,2024,2,30,8.0,2000000.0,53689
8082841,1,1,1,10,2024,2,29,5.0,1300000.0,57718
8079778,1,1,1,10,2024,1,45,5.0,700000.0,51542
8038567,1,3,1,10,2024,1,21,5.0,1700000.0,923
8047754,1,1,1,10,2024,1,37,5.0,800000.0,22288
8043966,1,1,1,10,2024,1,59,1.0,600000.0,13360
8083437,1,2,1,10,2024,1,23,5.0,160000.0,59072
8050780,1,1,1,10,2024,1,51,9.0,4150000.0,28814
8085082,1,2,1,10,2024,2,44,11.0,2800000.0,62582
8083002,1,3,1,10,2024,1,39,12.0,4200000.0,58086
8084402,1,1,1,10,2024,1,46,9.0,2500000.0,61141
8054178,1,1,1,10,2024,1,42,3.0,1000000.0,36677
8053369,1,1,1,10,2024,1,43,5.0,1300000.0,35023
8056352,1,1,1,10,2024,1,53,5.0,1200000.0,41134
8048123,1,1,1,10,2024,1,32,8.0,3700000.0,23103
8086851,1,2,1,10,2024,1,50,3.0,1400000.0,64570
8085871,1,1,1,10,2024,2,37,6.0,2200000.0,62973
8077094,1,2,1,10,2024,1,74,3.0,390000.0,45414
8049273,1,1,1,10,2024,1,56,9.0,2200000.0,25248
8045175,1,1,1,10,2024,1,64,3.0,500000.0,16544
8054703,1,1,1,10,2024,1,61,10.0,2300000.0,37835
8084782,1,1,1,10,2024,2,26,12.0,4000000.0,61903
8050216,1,2,1,10,2024,1,39,5.0,1600000.0,27376
8078455,1,1,1,10,2024,1,39,3.0,1300000.0,48452
8053388,1,2,1,10,2024,1,28,8.0,1400000.0,35084
8043087,1,1,1,10,2024,2,39,5.0,270000.0,11116
8045749,1,1,1,10,2024,2,50,5.0,1300000.0,18090
8081054,1,1,1,10,2024,2,70,5.0,200000.0,54317
8042007,1,1,1,10,2024,1,80,1.0,500000.0,8854
8077167,1,1,1,10,2024,2,32,3.0,600000.0,45620
8049808,1,2,1,10,2024,2,29,6.0,420000.0,26416
8045126,1,1,1,10,2024,1,70,3.0,800000.0,16413
8048670,1,1,1,10,2024,1,32,5.0,1800000.0,24080
8049755,1,1,1,10,2024,1,52,3.0,1250000.0,26276
8044540,1,4,1,10,2024,1,48,10.0,3000000.0,14843
8048469,1,1,1,10,2024,1,26,5.0,1180000.0,23739
8046013,1,1,1,10,2024,1,22,3.0,1000000.0,18494
8079374,1,2,1,10,2024,2,57,4.0,150000.0,50593
8038868,1,1,1,10,2024,2,29,10.0,2200000.0,1688
8042341,1,1,1,10,2024,2,44,5.0,1200000.0,9595
8056379,1,2,1,10,2024,2,37,10.0,2000000.0,41211
8081070,1,2,1,10,2024,1,49,5.0,1100000.0,54349
8053575,1,1,1,10,2024,2,40,3.0,480000.0,35426
8078737,1,1,1,10,2024,1,54,5.0,1200000.0,49044
8076639,1,1,1,10,2024,2,55,3.0,600000.0,44341
8083135,1,1,1,10,2024,2,63,5.0,400000.0,58412
8044797,1,2,1,10,2024,2,22,10.0,500000.0,15489
8054602,1,3,1,10,2024,2,49,5.0,800000.0,37591
8047994,1,2,1,10,2024,1,28,6.0,1300000.0,22816
8077785,1,1,1,10,2024,1,73,1.0,476000.0,46952
8080976,1,1,1,10,2024,1,42,8.0,3000000.0,54143
8039020,1,4,1,10,2024,1,26,5.0,1300000.0,2048
8038800,1,1,1,10,2024,1,31,4.0,2500000.0,1525
8048355,1,1,1,10,2024,2,54,3.0,1300000.0,23563
8043645,1,2,1,10,2024,1,79,5.0,280000.0,12528
8078728,1,1,1,10,2024,2,61,4.0,500000.0,49026
8042496,1,2,1,10,2024,2,52,3.0,1300000.0,9938
8047700,1,2,1,10,2024,2,42,5.0,1300000.0,22165
8075595,1,1,1,10,2024,1,47,5.0,1300000.0,41520
8053043,1,1,1,10,2024,2,42,10.0,5800000.0,34302
8041531,1,3,1,10,2024,2,21,5.0,1600000.0,7788
8040203,1,1,1,10,2024,1,33,5.0,900000.0,4650
8046579,1,1,1,10,2024,2,49,3.0,900000.0,19946
8040985,1,4,1,10,2024,1,56,5.0,3000000.0,6508
8044214,1,1,1,10,2024,1,37,9.0,3400000.0,13903
8053711,1,2,1,10,2024,1,35,3.0,1400000.0,35778
8051300,1,1,1,10,2024,2,30,10.0,300000.0,29810
8084954,1,2,1,10,2024,1,36,10.0,900000.0,62268
8085096,1,1,1,10,2024,1,30,8.0,1475000.0,62609
8080588,1,2,1,10,2024,1,33,3.0,1300000.0,53376
8041076,1,1,1,10,2024,1,46,3.0,500000.0,6729
8076006,1,2,1,10,2024,2,50,4.0,450000.0,42717
8082281,1,1,1,10,2024,1,36,5.0,1200000.0,56383
8039922,1,2,1,10,2024,1,44,9.0,1400000.0,4004
8052237,1,2,1,10,2024,1,44,5.0,1040000.0,32199
8050872,1,1,1,10,2024,1,24,5.0,1300000.0,29057
8054206,1,2,1,10,2024,2,45,5.0,500000.0,36744
8080089,1,2,1,10,2024,2,52,3.0,200000.0,52237
8077194,1,2,1,10,2024,1,23,3.0,400000.0,45693
8077310,1,2,1,10,2024,1,23,5.0,1700000.0,45959
8082799,1,2,1,10,2024,1,27,5.0,800000.0,57616
8051565,1,1,1,10,2024,1,61,9.0,3000000.0,30491
8055026,1,3,1,10,2024,1,26,10.0,400000.0,38602
8083723,1,3,1,10,2024,2,22,10.0,500000.0,59624
8052576,1,2,1,10,2024,2,29,9.0,1900000.0,33145
8078150,1,5,1,10,2024,1,29,5.0,3140000.0,47740
8043058,1,2,1,10,2024,1,30,5.0,1300000.0,11048
8076307,1,1,1,10,2024,1,47,1.0,1300000.0,43547
8051355,1,4,1,10,2024,1,61,5.0,800000.0,29980
8053496,1,1,1,10,2024,2,78,5.0,6000000.0,35258
8082408,1,1,1,10,2024,1,43,8.0,1800000.0,56651
8048275,1,3,1,10,2024,2,37,5.0,400000.0,23413
8055880,1,2,1,10,2024,2,24,10.0,1300000.0,40196
8043449,1,1,1,10,2024,2,34,10.0,1300000.0,12003
8052659,1,1,1,10,2024,2,31,8.0,480000.0,33335
8084108,1,2,1,10,2024,2,35,10.0,3022700.0,60519
8039625,1,2,1,10,2024,1,32,5.0,1650000.0,3393
8055446,1,3,1,10,2024,1,46,10.0,1300000.0,39389
8054899,1,2,1,10,2024,1,31,9.0,1200000.0,38318
8083519,1,4,1,10,2024,1,23,8.0,1300000.0,59220
8083121,1,1,1,10,2024,1,63,9.0,1300000.0,58390
8078956,1,4,1,10,2024,1,50,4.0,300000.0,49536
8055184,1,2,1,10,2024,2,25,4.0,1800000.0,38899
8041392,1,1,1,10,2024,2,31,3.0,700000.0,7446
8051600,1,1,1,10,2024,1,59,5.0,2980000.0,30569
8053811,1,1,1,10,2024,2,60,5.0,1700000.0,35930
8045141,1,1,1,10,2024,2,53,5.0,1358000.0,16446
8084853,1,1,1,10,2024,1,67,5.0,1400000.0,62058
8085078,1,1,1,10,2024,1,21,5.0,1600000.0,62569
8078328,1,1,1,10,2024,1,42,5.0,400000.0,48179
8083756,1,1,1,10,2024,2,32,5.0,1300000.0,59683
8038325,1,2,1,10,2024,2,35,10.0,3800000.0,377
8044751,1,2,1,10,2024,1,70,4.0,840000.0,15385
8077065,1,1,1,10,2024,1,64,3.0,2500000.0,45316
8052670,1,1,1,10,2024,1,28,5.0,1200000.0,33365
8044148,1,3,1,10,2024,2,60,10.0,4000000.0,13761
8080040,1,1,1,10,2024,1,31,5.0,1700000.0,52116
8047075,1,2,1,10,2024,2,29,5.0,1400000.0,20939
8041793,1,1,1,10,2024,1,42,4.0,3000000.0,8296
8082294,1,3,1,10,2024,1,23,9.0,1300000.0,56405
8079096,1,1,1,10,2024,1,74,3.0,1000000.0,49855
8079448,1,3,1,10,2024,2,32,9.0,600000.0,50779
8045583,1,2,1,10,2024,2,44,10.0,1000000.0,17672
8080185,1,2,1,10,2024,1,60,4.0,1500000.0,52518
8050970,1,1,1,10,2024,2,51,3.0,1000000.0,29349
8045269,1,1,1,10,2024,1,35,10.0,1300000.0,16806
8081642,1,1,1,10,2024,1,48,5.0,1300000.0,55536
8039359,1,1,1,10,2024,2,42,11.0,2200000.0,2914
8039586,1,1,1,10,2024,1,48,4.0,1300000.0,3336
8053151,1,3,1,10,2024,1,51,11.0,7000000.0,34485
8044989,1,2,1,10,2024,2,51,8.0,1300000.0,16026
8052138,1,3,1,10,2024,2,28,8.0,1400000.0,31952
8050270,1,2,1,10,2024,2,54,8.0,1700000.0,27513
8042231,1,1,1,10,2024,1,56,5.0,900000.0,9377
8041738,1,1,1,10,2024,2,57,10.0,2250000.0,8219
8044968,1,1,1,10,2024,2,41,8.0,2000000.0,15958
8078437,1,2,1,10,2024,1,32,5.0,1300000.0,48400
8047653,1,1,1,10,2024,1,55,4.0,1000000.0,22073
8043965,1,1,1,10,2024,1,42,11.0,12000000.0,13356
8043996,1,1,1,10,2024,1,43,3.0,1920000.0,13406
8078987,1,1,1,10,2024,1,41,5.0,3120000.0,49602
8052198,1,2,1,10,2024,1,72,4.0,1850000.0,32084
8075807,1,1,1,10,2024,1,49,3.0,2100000.0,42124
8048837,1,2,1,10,2024,2,50,5.0,100000.0,24400
8055128,2,1,2,10,2024,1,28,4.0,300000.0,38754
8038953,1,1,1,10,2024,1,70,10.0,4000000.0,1901
8079779,1,3,1,10,2024,1,20,5.0,1100000.0,51548
8051796,1,2,1,10,2024,1,28,5.0,1300000.0,31071
8053818,1,1,1,10,2024,1,42,5.0,1300000.0,35945
8047608,1,3,1,10,2024,2,32,8.0,1300000.0,21967
8086593,1,1,1,10,2024,1,56,3.0,1500000.0,64092
8042170,1,2,1,10,2024,1,80,3.0,250000.0,9230
8039207,1,1,1,10,2024,1,58,10.0,1300000.0,2583
8083526,1,3,1,10,2024,1,47,8.0,1000000.0,59239
8049617,1,2,1,10,2024,1,60,3.0,400000.0,25901
8080548,1,1,1,10,2024,1,24,5.0,1300000.0,53294
8082847,1,4,1,10,2024,2,39,4.0,500000.0,57733
8040188,1,1,1,10,2024,1,43,12.0,10014000.0,4611
8042252,1,1,1,10,2024,1,56,10.0,3326701.0,9428
8083409,1,1,1,10,2024,2,51,10.0,4000000.0,59009
8055668,1,2,1,10,2024,2,33,10.0,1500000.0,39761
8047053,1,2,1,10,2024,1,39,5.0,1300000.0,20899
8047630,1,1,1,10,2024,1,59,5.0,1300000.0,22023
8044877,1,1,1,10,2024,2,37,5.0,800000.0,15736
8044027,1,3,1,10,2024,2,27,5.0,1300000.0,13480
8048400,1,1,1,10,2024,1,20,5.0,1600000.0,23612
8043316,1,1,1,10,2024,2,67,1.0,26000.0,11658
8038932,1,7,1,10,2024,1,35,4.0,1300000.0,1852
8054756,1,1,1,10,2024,1,48,8.0,2400000.0,37978
8038210,1,1,1,10,2024,1,35,5.0,400000.0,64
8083453,1,1,1,10,2024,1,59,10.0,2500000.0,59106
8044551,1,2,1,10,2024,1,47,3.0,280000.0,14871
8052149,1,2,1,10,2024,1,54,4.0,1200000.0,31973
8079631,1,1,1,10,2024,2,65,3.0,28000.0,51082
8085001,1,1,1,10,2024,1,26,8.0,800000.0,62407
8051930,1,1,1,10,2024,2,35,5.0,500000.0,31431
8075823,1,2,1,10,2024,1,20,8.0,500000.0,42175
8045962,1,1,1,10,2024,1,56,5.0,800000.0,18349
8043509,1,1,1,10,2024,1,44,3.0,1000000.0,12196
8086502,1,3,1,10,2024,2,45,8.0,1300000.0,63829
8042685,1,2,1,10,2024,2,35,8.0,1300000.0,10308
8038629,1,2,1,10,2024,2,71,4.0,60000.0,1045
8046695,1,1,1,10,2024,1,37,5.0,400000.0,20216
8049257,1,1,1,10,2024,1,29,10.0,3200000.0,25213
8086637,1,1,1,10,2024,1,48,8.0,1500000.0,64186
8050378,1,2,1,10,2024,2,53,11.0,4000000.0,27804
8083993,1,2,1,10,2024,1,58,5.0,1800000.0,60175
8052119,1,4,1,10,2024,1,41,5.0,1300000.0,31895
8047257,1,2,1,10,2024,1,42,3.0,100000.0,21303
8078323,1,2,1,10,2024,1,53,3.0,1200000.0,48167
8055678,1,1,1,10,2024,2,35,5.0,1300000.0,39786
8055320,1,2,1,10,2024,2,37,5.0,1300000.0,39161
8078735,1,1,1,10,2024,1,77,3.0,300000.0,49042
8045417,1,2,1,10,2024,2,55,3.0,1300000.0,17207
8045295,1,1,1,10,2024,2,63,3.0,125000.0,16869
8044818,1,1,1,10,2024,1,43,5.0,700000.0,15561
8046070,1,1,1,10,2024,1,58,8.0,1300000.0,18639
8044808,1,3,1,10,2024,1,28,8.0,1300000.0,15524
8076579,1,1,1,10,2024,1,41,5.0,1300000.0,44186
8077996,1,2,1,10,2024,1,22,5.0,900000.0,47421
8049120,1,1,1,10,2024,1,45,8.0,1700000.0,24947
8050157,1,1,1,10,2024,1,66,1.0,1000000.0,27223
8077862,1,1,1,10,2024,2,50,11.0,6400000.0,47115
8055509,1,1,1,10,2024,1,59,10.0,10000000.0,39474
8084952,1,2,1,10,2024,1,46,3.0,1500000.0,62262
8086149,1,1,1,10,2024,1,61,9.0,3000000.0,63333
8039571,1,1,1,10,2024,1,58,4.0,1700000.0,3310
8056005,1,2,1,10,2024,2,49,5.0,1300000.0,40415
8052990,1,2,1,10,2024,2,49,5.0,1200000.0,34147
8042484,1,3,1,10,2024,2,15,4.0,50000.0,9910
8078641,1,5,1,10,2024,2,43,5.0,200000.0,48848
8045808,1,1,1,10,2024,1,35,11.0,3500000.0,18227
8053560,1,11,1,10,2024,1,22,3.0,1200000.0,35387
8042404,1,2,1,10,2024,1,40,3.0,1600000.0,9739
8040841,1,3,1,10,2024,1,36,10.0,1300000.0,6149
8050493,2,1,2,10,2024,2,68,1.0,300000.0,28094
8040727,1,1,1,10,2024,1,50,6.0,1600000.0,5873
8054308,1,3,1,10,2024,1,30,5.0,1300000.0,36955
8044526,1,1,1,10,2024,1,27,5.0,1200000.0,14796
8040013,1,3,1,10,2024,1,46,3.0,1300000.0,4163
8083340,1,3,1,10,2024,2,24,5.0,1000000.0,58886
8044302,1,3,1,10,2024,1,35,5.0,2500000.0,14182
8083726,1,2,1,10,2024,2,56,5.0,1300000.0,59629
8077338,1,2,1,10,2024,1,55,3.0,1600000.0,46024
8041870,1,3,1,10,2024,2,33,10.0,4000000.0,8483
8077056,1,3,1,10,2024,1,34,5.0,1050000.0,45285
8042094,1,2,1,10,2024,2,66,7.0,0.0,9014
8082668,1,2,1,10,2024,1,31,10.0,2200000.0,57276
8052346,1,1,1,10,2024,1,24,5.0,1500000.0,32521
8084780,1,1,1,10,2024,2,39,5.0,1450000.0,61899
8047818,1,1,1,10,2024,1,61,3.0,900000.0,22442
8078923,1,1,1,10,2024,2,49,3.0,450000.0,49455
8079764,1,3,1,10,2024,2,64,5.0,900000.0,51491
8044989,1,4,1,10,2024,2,30,12.0,750000.0,16028
8038525,1,1,1,10,2024,1,21,8.0,2000000.0,833
8077663,1,1,1,10,2024,1,42,5.0,1300000.0,46681
8054661,1,1,1,10,2024,1,47,3.0,1300000.0,37748
8048014,1,1,1,10,2024,1,45,8.0,4000000.0,22856
8042478,1,4,1,10,2024,2,26,10.0,3800000.0,9899
8076455,1,1,1,10,2024,1,23,10.0,700000.0,43892
8052354,1,1,1,10,2024,1,52,8.0,600000.0,32558
8081113,1,1,1,10,2024,2,57,10.0,900000.0,54417
8080882,1,1,1,10,2024,2,23,10.0,500000.0,53944
8044321,1,1,1,10,2024,1,26,5.0,1700000.0,14233
8053577,1,2,1,10,2024,2,46,5.0,1300000.0,35438
8049863,1,1,1,10,2024,1,33,5.0,1300000.0,26540
8053607,1,1,1,10,2024,2,57,9.0,2600000.0,35517
8077797,1,1,1,10,2024,1,56,5.0,1300000.0,46986
8048819,1,1,1,10,2024,2,56,11.0,6200000.0,24351
8040624,1,1,1,10,2024,1,42,9.0,4200000.0,5670
8048189,1,4,1,10,2024,2,32,5.0,1350000.0,23258
8046513,1,1,1,10,2024,1,46,4.0,800000.0,19736
8079749,1,3,1,10,2024,1,20,3.0,600000.0,51429
8052195,1,1,1,10,2024,1,35,5.0,750000.0,32076
8040359,1,1,1,10,2024,2,35,5.0,700000.0,5028
8042669,1,1,1,10,2024,2,26,5.0,1200000.0,10268
8040439,1,2,1,10,2024,1,51,3.0,1300000.0,5225
8050324,1,2,1,10,2024,2,37,12.0,5800000.0,27619
8082091,1,1,1,10,2024,2,65,3.0,400000.0,56083
8050704,1,1,1,10,2024,1,45,5.0,1000000.0,28628
8045541,1,1,1,10,2024,1,62,10.0,11000000.0,17560
8084264,1,1,1,10,2024,1,33,11.0,6380000.0,60841
8077726,1,1,1,10,2024,1,71,3.0,800000.0,46826
8084198,1,2,1,10,2024,2,49,4.0,150000.0,60683
8081418,1,1,1,10,2024,1,59,5.0,1300000.0,55112
8083031,1,1,1,10,2024,1,35,9.0,2000000.0,58170
8042485,1,1,1,10,2024,1,34,5.0,1600000.0,9912
8046034,1,1,1,10,2024,1,54,3.0,1000000.0,18542
8045634,1,2,1,10,2024,2,26,6.0,1300000.0,17789
8079397,1,2,1,10,2024,1,49,5.0,2000000.0,50637
8042027,1,3,1,10,2024,1,25,10.0,1300000.0,8915
8045150,1,1,1,10,2024,1,58,5.0,1300000.0,16467
8055127,1,2,1,10,2024,1,49,4.0,1000000.0,38750
8044892,1,6,1,10,2024,1,24,5.0,1000000.0,15772
8045057,1,2,1,10,2024,2,39,10.0,3700000.0,16221
8047045,1,1,1,10,2024,2,67,8.0,3000000.0,20887
8056029,1,1,1,10,2024,1,47,5.0,800000.0,40442
8054173,1,1,1,10,2024,2,38,5.0,700000.0,36649
8038429,1,3,1,10,2024,2,44,10.0,3200000.0,648
8048767,1,1,1,10,2024,2,47,3.0,500000.0,24251
8076308,1,2,1,10,2024,1,39,5.0,800000.0,43551
8077789,1,2,1,10,2024,1,47,5.0,600000.0,46961
8041976,1,1,1,10,2024,1,50,10.0,2000000.0,8777
8079795,1,1,1,10,2024,2,74,10.0,1500000.0,51586
8050360,1,3,1,10,2024,1,24,5.0,150000.0,27760
8076656,1,2,1,10,2024,2,51,5.0,350000.0,44379
8081147,1,1,1,10,2024,1,75,3.0,500000.0,54483
8047829,1,2,1,10,2024,1,29,5.0,850000.0,22483
8045537,1,1,1,10,2024,2,44,11.0,4100000.0,17549
8038894,1,1,1,10,2024,1,58,11.0,5000000.0,1747
8047047,1,2,1,10,2024,1,38,8.0,3500000.0,20891
8042319,1,1,1,10,2024,2,51,5.0,720000.0,9551
8085987,1,1,1,10,2024,2,44,3.0,860000.0,63155
8079523,1,2,1,10,2024,1,36,4.0,1300000.0,50916
8084828,1,2,1,10,2024,1,54,5.0,1200000.0,62000
8076630,1,1,1,10,2024,2,44,4.0,900000.0,44324
8078498,1,1,1,10,2024,1,53,3.0,1300000.0,48544
8080100,1,2,1,10,2024,1,50,5.0,800000.0,52278
8081153,1,1,1,10,2024,1,36,10.0,1600000.0,54495
8053686,1,1,1,10,2024,2,32,11.0,2500000.0,35696
8041841,1,1,1,10,2024,1,53,10.0,2000000.0,8388
8045558,1,1,1,10,2024,2,44,4.0,900000.0,17606
8075673,1,2,1,10,2024,2,18,5.0,1000000.0,41787
8052791,1,8,1,10,2024,2,26,4.0,1300000.0,33609
8076050,1,1,1,10,2024,1,33,5.0,1300000.0,42850
8077794,1,1,1,10,2024,1,36,5.0,800000.0,46976
8051854,1,1,1,10,2024,1,57,3.0,1300000.0,31258
8076582,1,1,1,10,2024,2,30,10.0,1000000.0,44195
8077725,1,3,1,10,2024,1,32,10.0,1200000.0,46824
8048951,1,1,1,10,2024,1,40,8.0,1600000.0,24655
8039603,1,2,1,10,2024,2,33,8.0,1300000.0,3358
8052773,1,3,1,10,2024,1,77,1.0,320000.0,33558
8044097,1,2,1,10,2024,2,24,5.0,400000.0,13654
8077894,1,1,1,10,2024,2,65,1.0,1080000.0,47160
8052464,1,1,1,10,2024,1,58,1.0,450000.0,32847
8076258,1,1,1,10,2024,2,76,3.0,150000.0,43435
8042955,1,1,1,10,2024,1,23,4.0,1400000.0,10819
8039450,1,1,1,10,2024,2,47,8.0,2000000.0,3072
8054288,1,1,1,10,2024,2,28,5.0,1300000.0,36886
8044902,1,2,1,10,2024,2,23,10.0,500000.0,15799
8048322,1,1,1,10,2024,2,58,3.0,1000000.0,23513
8040084,1,1,1,10,2024,1,35,8.0,1300000.0,4324
8038752,1,2,1,10,2024,2,36,11.0,2200000.0,1406
8052780,1,1,1,10,2024,1,65,5.0,2500000.0,33581
8078320,1,1,1,10,2024,2,25,5.0,1120000.0,48159
8083289,1,5,1,10,2024,2,26,5.0,1300000.0,58757
8048766,1,2,1,10,2024,1,33,5.0,1300000.0,24248
8044874,1,1,1,10,2024,1,47,5.0,920000.0,15730
8077662,1,1,1,10,2024,2,41,4.0,1600000.0,46680
8043689,1,1,1,10,2024,2,75,3.0,50000.0,12637
8079996,1,1,1,10,2024,1,43,12.0,2500000.0,52043
8055021,1,1,1,10,2024,1,42,5.0,1300000.0,38589
8049496,1,1,1,10,2024,1,50,4.0,800000.0,25606
8084054,1,2,1,10,2024,1,28,10.0,2222700.0,60377
8077952,1,1,1,10,2024,2,47,3.0,1170000.0,47292
8085993,1,1,1,10,2024,2,53,4.0,3450000.0,63165
8076608,1,1,1,10,2024,1,46,3.0,1600000.0,44271
8054121,1,2,1,10,2024,1,32,9.0,1700000.0,36546
8044803,1,2,1,10,2024,2,30,10.0,3500000.0,15507
8049882,1,2,1,10,2024,2,26,5.0,1200000.0,26599
8038287,1,1,1,10,2024,1,34,10.0,3000000.0,274
8077702,1,1,1,10,2024,1,54,5.0,2000000.0,46774
8044647,1,1,1,10,2024,1,55,11.0,37800000.0,15127
8052231,1,2,1,10,2024,1,38,5.0,600000.0,32180
8084623,1,1,1,10,2024,2,26,9.0,950000.0,61525
8077016,1,3,1,10,2024,2,26,8.0,2200000.0,45166
8050339,1,2,1,10,2024,2,39,8.0,1300000.0,27671
8042284,1,1,1,10,2024,1,71,13.0,400000.0,9484
8039355,1,1,1,10,2024,1,35,11.0,3500000.0,2909
8053872,1,2,1,10,2024,2,28,8.0,900000.0,36057
8041572,1,2,1,10,2024,1,33,5.0,1300000.0,7883
8078394,1,2,1,10,2024,1,46,3.0,800000.0,48326
8043510,1,1,1,10,2024,2,45,3.0,600000.0,12200
8077161,1,1,1,10,2024,1,81,3.0,650000.0,45604
8075780,1,2,1,10,2024,1,41,3.0,1500000.0,42054
8082589,1,1,1,10,2024,1,59,3.0,500000.0,57066
8052372,1,1,1,10,2024,1,62,1.0,500000.0,32602
8039828,1,1,1,10,2024,1,60,5.0,1400000.0,3792
8085793,1,2,1,10,2024,2,46,5.0,300000.0,62880
8083012,1,2,1,10,2024,2,34,10.0,150000.0,58120
8082158,1,1,1,10,2024,1,47,12.0,4000000.0,56206
8046114,1,3,1,10,2024,1,20,4.0,1000000.0,18746
8077598,1,1,1,10,2024,2,32,5.0,1300000.0,46564
8041526,1,1,1,10,2024,1,39,9.0,2700000.0,7771
8044356,1,5,1,10,2024,2,29,10.0,1450000.0,14339
8050242,1,1,1,10,2024,2,38,5.0,840000.0,27436
8055339,1,3,1,10,2024,1,30,5.0,1500000.0,39201
8049981,1,1,1,10,2024,1,43,3.0,1400000.0,26806
8042455,1,1,1,10,2024,1,41,6.0,1600000.0,9847
8052240,1,2,1,10,2024,1,30,5.0,1600000.0,32210
8052072,1,1,1,10,2024,1,40,5.0,1800000.0,31764
8080953,1,1,1,10,2024,2,41,5.0,1462000.0,54098
8052379,1,3,1,10,2024,1,50,3.0,80000.0,32620
8054973,1,6,1,10,2024,2,29,4.0,800000.0,38471
8056382,1,1,1,10,2024,2,38,5.0,1300000.0,41219
8053395,1,1,1,10,2024,1,69,4.0,1600000.0,35110
8050238,1,1,1,10,2024,2,31,10.0,3300000.0,27427
8053597,1,1,1,10,2024,2,39,8.0,1400000.0,35478
8049570,1,1,1,10,2024,2,41,3.0,580000.0,25790
8049102,1,1,1,10,2024,2,32,10.0,3500000.0,24922
8038396,1,1,1,10,2024,2,41,10.0,250000.0,558
8047825,1,5,1,10,2024,1,35,5.0,800000.0,22467
8038243,1,3,1,10,2024,2,20,10.0,160000.0,143
8054709,1,1,1,10,2024,1,56,8.0,1300000.0,37857
8076629,1,2,1,10,2024,2,52,3.0,1300000.0,44321
8078206,1,1,1,10,2024,1,41,5.0,2000000.0,47874
8056191,1,1,1,10,2024,2,25,9.0,1300000.0,40769
8054567,1,1,1,10,2024,2,36,5.0,1300000.0,37537
8039518,1,2,1,10,2024,2,48,5.0,1300000.0,3216
8077358,1,1,1,10,2024,2,61,4.0,100000.0,46081
8080745,1,1,1,10,2024,1,59,3.0,1200000.0,53675
8039842,1,2,1,10,2024,1,39,10.0,2500000.0,3821
8051611,1,1,1,10,2024,1,45,10.0,5698000.0,30597
8084058,1,3,1,10,2024,1,19,5.0,800000.0,60388
8076286,1,1,1,10,2024,1,62,4.0,1650000.0,43494
8043401,1,1,1,10,2024,1,69,8.0,1000000.0,11869
8079537,1,1,1,10,2024,2,48,5.0,27000000.0,50949
8081407,1,1,1,10,2024,2,42,4.0,700000.0,55087
8043401,1,2,1,10,2024,2,62,10.0,2000000.0,11870
8077971,1,1,1,10,2024,2,30,6.0,100000.0,47341
8043547,1,2,1,10,2024,1,55,3.0,500000.0,12297
8049036,1,1,1,10,2024,2,38,5.0,1000000.0,24796
8045120,1,2,1,10,2024,2,38,5.0,300000.0,16389
8055027,1,1,1,10,2024,1,68,3.0,1300000.0,38604
8050186,1,2,1,10,2024,2,34,3.0,150000.0,27291
8079281,1,1,1,10,2024,1,54,3.0,1000000.0,50375
8082281,1,2,1,10,2024,1,62,3.0,1300000.0,56384
8040633,1,1,1,10,2024,2,39,10.0,2400000.0,5682
8053527,1,1,1,10,2024,1,45,8.0,1200000.0,35315
8043848,1,2,1,10,2024,1,41,3.0,1800000.0,13038
8077218,1,1,1,10,2024,2,26,5.0,800000.0,45749
8085724,1,1,1,10,2024,1,48,5.0,1500000.0,62714
8075874,1,2,1,10,2024,2,60,1.0,900000.0,42304
8041164,1,1,1,10,2024,1,32,8.0,2000000.0,6946
8052840,1,1,1,10,2024,1,50,4.0,1500000.0,33729
8038733,1,2,1,10,2024,2,55,10.0,3200000.0,1343
8049314,1,7,1,10,2024,2,30,5.0,1200000.0,25340
8084294,1,1,1,10,2024,1,29,11.0,4000000.0,60905
8041866,1,2,1,10,2024,2,27,10.0,4000000.0,8471
8084978,1,1,1,10,2024,1,36,5.0,1850000.0,62359
8047863,1,1,1,10,2024,1,30,5.0,1500000.0,22573
8043257,1,2,1,10,2024,2,46,3.0,950000.0,11509
8044179,1,1,1,10,2024,1,31,8.0,1000000.0,13832
8050785,1,1,1,10,2024,2,38,8.0,1300000.0,28831
8045664,1,1,1,10,2024,2,48,4.0,400000.0,17879
8053938,1,3,1,10,2024,2,35,12.0,3400000.0,36188
8078610,1,3,1,10,2024,1,57,11.0,3900000.0,48792
8050705,1,1,1,10,2024,2,43,5.0,120000.0,28629
8076863,1,2,1,10,2024,2,30,5.0,400000.0,44852
8054314,1,3,1,10,2024,2,34,5.0,800000.0,36974
8076546,1,1,1,10,2024,1,82,1.0,200000.0,44129
8082119,1,2,1,10,2024,1,33,5.0,0.0,56129
8045111,1,1,1,10,2024,2,68,3.0,500000.0,16362
8051448,1,1,1,10,2024,2,64,1.0,250000.0,30230
8043877,1,1,1,10,2024,1,39,5.0,2000000.0,13118
8078807,1,1,1,10,2024,1,55,3.0,1300000.0,49191
8083695,1,1,1,10,2024,1,29,10.0,1710000.0,59568
8086396,1,1,1,10,2024,1,61,9.0,3000000.0,63599
8045195,1,1,1,10,2024,1,40,5.0,1300000.0,16601
8043523,1,1,1,10,2024,1,61,9.0,1300000.0,12238
8077198,1,1,1,10,2024,1,47,3.0,1400000.0,45702
8045452,1,1,1,10,2024,2,44,5.0,200000.0,17306
8042622,1,2,1,10,2024,1,53,5.0,3000000.0,10182
8077748,1,1,1,10,2024,2,70,3.0,400000.0,46876
8055655,1,4,1,10,2024,2,22,5.0,1300000.0,39715
8077135,1,1,1,10,2024,1,29,5.0,1800000.0,45526
8053037,1,1,1,10,2024,1,50,9.0,2500000.0,34280
8055843,1,1,1,10,2024,1,38,5.0,1800000.0,40086
8040745,1,2,1,10,2024,1,60,3.0,1200000.0,5924
8077581,1,3,1,10,2024,1,30,10.0,2300000.0,46535
8045527,1,1,1,10,2024,1,29,8.0,1462000.0,17534
8048769,1,4,1,10,2024,1,37,8.0,1300000.0,24260
8042721,1,2,1,10,2024,1,47,3.0,1000000.0,10409
8047005,1,1,1,10,2024,1,43,5.0,1700000.0,20825
8041367,1,3,1,10,2024,1,22,5.0,1200000.0,7376
8055186,1,2,1,10,2024,1,32,5.0,1200000.0,38904
8040667,1,1,1,10,2024,2,54,1.0,300000.0,5741
8044025,1,3,1,10,2024,1,32,6.0,800000.0,13472
8042837,1,1,1,10,2024,1,41,11.0,5000000.0,10652
8048826,1,1,1,10,2024,1,42,10.0,800000.0,24371
8077548,1,1,1,10,2024,1,65,3.0,500000.0,46448
8045033,1,1,1,10,2024,2,30,8.0,700000.0,16161
8040077,1,2,1,10,2024,2,39,8.0,1000000.0,4315
8038314,1,1,1,10,2024,1,37,10.0,2000000.0,345
8046592,1,2,1,10,2024,1,25,10.0,3000000.0,19991
8082935,1,2,1,10,2024,1,35,8.0,1600000.0,57942
8042832,1,2,1,10,2024,1,34,10.0,5000000.0,10637
8045058,1,3,1,10,2024,2,78,3.0,1300000.0,16226
8045263,1,1,1,10,2024,1,40,10.0,3200000.0,16789
8047483,1,1,1,10,2024,2,63,4.0,500000.0,21698
8049626,1,3,1,10,2024,2,34,5.0,100000.0,25937
8077714,1,2,1,10,2024,1,33,5.0,1000000.0,46796
8086479,1,1,1,10,2024,1,57,3.0,1700000.0,63772
8077957,1,3,1,10,2024,2,21,5.0,160000.0,47307
8039578,1,1,1,10,2024,1,33,11.0,3000000.0,3322
8051267,1,2,1,10,2024,1,36,12.0,18000000.0,29718
8044885,1,1,1,10,2024,2,33,5.0,1300000.0,15750
8044714,1,2,1,10,2024,1,40,3.0,960000.0,15307
8079128,1,3,1,10,2024,1,21,9.0,1300000.0,49919
8041951,1,3,1,10,2024,1,38,5.0,800000.0,8703
8083043,1,2,1,10,2024,2,26,5.0,1300000.0,58191
8077980,1,2,1,10,2024,2,20,6.0,1120000.0,47368
8051241,1,1,1,10,2024,2,63,3.0,202500.0,29656
8080727,1,1,1,10,2024,2,46,10.0,2500000.0,53646
8042960,1,1,1,10,2024,1,66,3.0,200000.0,10833
8053015,1,2,1,10,2024,1,28,4.0,500000.0,34219
8086355,1,1,1,10,2024,1,61,9.0,3000000.0,63519
8038622,1,3,1,10,2024,1,30,10.0,1800000.0,1030
8048366,1,1,1,10,2024,1,65,10.0,2500000.0,23574
8086283,1,2,1,10,2024,2,48,10.0,2500000.0,63403
8083387,1,2,1,10,2024,1,57,10.0,5000000.0,58957
8039887,1,2,1,10,2024,1,37,3.0,2000000.0,3903
8055167,1,1,1,10,2024,1,49,3.0,1200000.0,38861
8048526,1,3,1,10,2024,2,35,5.0,1300000.0,23862
8044426,1,1,1,10,2024,1,55,3.0,160000.0,14516
8076908,1,1,1,10,2024,1,40,3.0,2000000.0,44944
8051396,1,4,1,10,2024,1,58,3.0,1800000.0,30084
8077974,1,3,1,10,2024,2,38,5.0,570000.0,47352
8047052,1,2,1,10,2024,2,27,10.0,3500000.0,20897
8048389,1,2,1,10,2024,2,24,5.0,1300000.0,23601
8077004,1,2,1,10,2024,2,48,3.0,300000.0,45138
8080405,1,1,1,10,2024,2,36,11.0,4800000.0,53077
8084777,1,3,1,10,2024,1,52,4.0,1400000.0,61890
8053853,1,1,1,10,2024,2,61,4.0,200000.0,36018
8075645,1,2,1,10,2024,1,57,5.0,600000.0,41711
8043654,1,2,1,10,2024,1,72,3.0,600000.0,12554
8055505,1,2,1,10,2024,2,35,11.0,4400000.0,39466
8083435,1,1,1,10,2024,1,59,11.0,4500000.0,59066
8047604,1,1,1,10,2024,2,32,9.0,5000000.0,21955
8080059,1,1,1,10,2024,2,27,10.0,1400000.0,52162
8083446,1,1,1,10,2024,2,78,10.0,2500000.0,59091
8075935,1,1,1,10,2024,1,39,3.0,50000.0,42496
8052372,1,4,1,10,2024,1,38,8.0,860000.0,32605
8046330,1,2,1,10,2024,1,35,3.0,150000.0,19299
8084131,1,1,1,10,2024,2,38,3.0,700000.0,60541
8080914,1,2,1,10,2024,2,21,5.0,1300000.0,54001
8083279,1,1,1,10,2024,1,28,8.0,1000000.0,58729
8078659,1,1,1,10,2024,1,71,3.0,0.0,48888
8051370,1,1,1,10,2024,2,45,6.0,960000.0,30016
8056312,1,2,1,10,2024,1,43,4.0,1100000.0,41045
8051901,1,1,1,10,2024,2,32,3.0,350000.0,31367
8047556,1,1,1,10,2024,1,68,11.0,1000000.0,21837
8045626,2,1,2,10,2024,1,59,3.0,800000.0,17764
8039403,1,1,1,10,2024,1,38,8.0,1450000.0,2985
8086584,1,1,1,10,2024,2,56,8.0,1300000.0,64053
8050607,1,2,1,10,2024,2,53,6.0,2100000.0,28424
8055596,1,3,1,10,2024,2,26,5.0,1300000.0,39613
8043157,1,3,1,10,2024,1,18,3.0,800000.0,11293
8076583,1,3,1,10,2024,2,35,9.0,1300000.0,44200
8078177,1,1,1,10,2024,2,52,5.0,1500000.0,47803
8082705,1,1,1,10,2024,1,45,4.0,1000000.0,57367
8078063,1,3,1,10,2024,2,21,5.0,480000.0,47561
8052337,1,2,1,10,2024,1,28,8.0,1500000.0,32493
8077150,1,2,1,10,2024,1,25,4.0,1000000.0,45571
8052109,1,1,1,10,2024,1,56,3.0,800000.0,31865
8052397,1,2,1,10,2024,1,35,5.0,900000.0,32696
8038359,1,1,1,10,2024,2,43,4.0,1300000.0,462
8086847,1,7,1,10,2024,1,27,5.0,1300000.0,64556
8043273,1,1,1,10,2024,2,33,5.0,1100000.0,11542
8043215,1,1,1,10,2024,2,25,10.0,2600000.0,11411
8080724,1,1,1,10,2024,1,50,4.0,1300000.0,53642
8084490,1,1,1,10,2024,1,57,5.0,1000000.0,61289
8075949,1,1,1,10,2024,2,49,1.0,390000.0,42540
8052761,1,1,1,10,2024,1,45,5.0,2200000.0,33524
8084304,1,2,1,10,2024,1,28,5.0,1300000.0,60915
8043378,1,1,1,10,2024,1,48,3.0,2000000.0,11821
8084495,1,2,1,10,2024,2,28,8.0,1100000.0,61308
8084559,1,7,1,10,2024,1,31,3.0,980000.0,61438
8045302,2,2,2,10,2024,2,27,5.0,1300000.0,16891
8076483,1,3,1,10,2024,2,40,3.0,400000.0,43969
8056257,1,2,1,10,2024,2,32,4.0,800000.0,40954
8047974,1,3,1,10,2024,2,19,5.0,650000.0,22776
8049914,1,2,1,10,2024,2,37,6.0,5000000.0,26671
8050696,1,1,1,10,2024,2,54,5.0,1000000.0,28611
8078562,1,1,1,10,2024,1,65,3.0,1000000.0,48675
8043584,1,2,1,10,2024,1,38,8.0,4000000.0,12372
8040533,1,1,1,10,2024,1,62,5.0,4300000.0,5453
8046249,1,1,1,10,2024,1,56,5.0,1800000.0,19046
8053822,1,1,1,10,2024,1,53,8.0,1300000.0,35954
8079767,1,3,1,10,2024,1,45,5.0,1464000.0,51507
8054005,1,3,1,10,2024,2,42,10.0,2900000.0,36310
8052610,1,1,1,10,2024,2,39,3.0,400000.0,33239
8041700,1,1,1,10,2024,1,43,10.0,7000000.0,8164
8048523,1,2,1,10,2024,1,22,4.0,840000.0,23850
8052124,1,2,1,10,2024,1,61,3.0,1400000.0,31914
8039445,1,1,1,10,2024,2,52,11.0,3000000.0,3058
8049572,1,2,1,10,2024,2,29,4.0,1050000.0,25793
8076563,1,5,1,10,2024,1,19,5.0,800000.0,44161
8038589,1,2,1,10,2024,1,25,5.0,1300000.0,937
8043481,1,2,1,10,2024,1,39,10.0,2000000.0,12095
8080375,1,1,1,10,2024,1,29,8.0,2000000.0,52990
8084848,1,2,1,10,2024,2,51,9.0,1400000.0,62041
8086000,1,1,1,10,2024,1,55,3.0,1300000.0,63175
8078565,1,2,1,10,2024,2,36,3.0,700000.0,48682
8051317,1,2,1,10,2024,1,47,5.0,1500000.0,29871
8052945,1,2,1,10,2024,1,44,3.0,1600000.0,33992
8038598,1,2,1,10,2024,1,22,5.0,1300000.0,953
8077480,1,3,1,10,2024,1,39,11.0,4500000.0,46336
8053418,1,4,1,10,2024,2,26,10.0,2200000.0,35149
8080018,1,1,1,10,2024,1,43,5.0,1700000.0,52069
8043888,1,1,1,10,2024,2,38,8.0,1300000.0,13146
8078091,1,1,1,10,2024,1,69,3.0,350000.0,47607
8076198,1,2,1,10,2024,2,48,3.0,600000.0,43298
8040915,1,1,1,10,2024,2,65,3.0,100000.0,6347
8078244,1,1,1,10,2024,2,59,3.0,150000.0,47967
8076465,1,2,1,10,2024,2,18,5.0,0.0,43918
8053368,1,7,1,10,2024,2,58,3.0,400000.0,35020
8044507,1,2,1,10,2024,1,31,9.0,1700000.0,14730
8041041,1,1,1,10,2024,1,29,5.0,800000.0,6653
8076981,1,2,1,10,2024,1,62,3.0,1200000.0,45094
8045593,1,1,1,10,2024,2,48,10.0,5000000.0,17692
8043041,1,4,1,10,2024,2,54,10.0,800000.0,11002
8041003,1,1,1,10,2024,1,50,4.0,200000.0,6551
8044093,1,1,1,10,2024,1,32,9.0,2700000.0,13645
8080329,1,1,1,10,2024,2,38,10.0,1500000.0,52870
8080341,1,1,1,10,2024,2,68,5.0,2000000.0,52903
8051635,1,1,1,10,2024,1,23,5.0,1300000.0,30656
8051533,1,1,1,10,2024,1,61,9.0,3000000.0,30427
8076733,1,2,1,10,2024,2,37,5.0,1100000.0,44563
8080324,1,1,1,10,2024,2,28,5.0,500000.0,52858
8049700,1,2,1,10,2024,2,19,4.0,400000.0,26111
8038953,1,4,1,10,2024,1,40,10.0,2300000.0,1904
8039039,1,2,1,10,2024,1,33,9.0,1400000.0,2119
8080700,1,1,1,10,2024,2,57,4.0,1200000.0,53608
8046757,1,2,1,10,2024,1,52,3.0,600000.0,20379
8040743,1,1,1,10,2024,1,28,5.0,2000000.0,5912
8076308,1,3,1,10,2024,1,23,5.0,0.0,43552
8041617,1,2,1,10,2024,2,22,5.0,1300000.0,7979
8046792,1,2,1,10,2024,1,33,5.0,700000.0,20447
8041538,1,1,1,10,2024,1,28,10.0,1000000.0,7809
8045567,1,1,1,10,2024,2,28,10.0,1300000.0,17631
8076166,1,1,1,10,2024,1,42,3.0,600000.0,43195
8038285,1,2,1,10,2024,2,57,9.0,2200000.0,263
8078859,1,1,1,10,2024,1,44,5.0,800000.0,49305
8053416,1,2,1,10,2024,2,48,8.0,2000000.0,35145
8044910,1,1,1,10,2024,2,35,10.0,1500000.0,15823
8050657,1,1,1,10,2024,1,37,10.0,8200000.0,28533
8053629,1,2,1,10,2024,2,24,8.0,1300000.0,35569
8052978,1,1,1,10,2024,2,57,3.0,350000.0,34086
8076544,1,1,1,10,2024,1,81,1.0,1000000.0,44123
8049876,1,3,1,10,2024,1,15,3.0,600000.0,26579
8041140,1,2,1,10,2024,2,43,5.0,1300000.0,6888
8080241,1,1,1,10,2024,2,48,11.0,12000000.0,52657
8079873,1,2,1,10,2024,2,21,5.0,400000.0,51806
8042570,1,2,1,10,2024,2,52,3.0,1300000.0,10083
8050951,1,1,1,10,2024,1,57,3.0,1300000.0,29285
8052842,1,1,1,10,2024,1,55,3.0,1400000.0,33733
8054503,1,1,1,10,2024,1,45,10.0,1500000.0,37404
8080901,1,2,1,10,2024,1,55,3.0,1300000.0,53973
8081672,1,5,1,10,2024,1,32,4.0,300000.0,55581
8050721,1,2,1,10,2024,1,48,3.0,300000.0,28666
8078314,1,2,1,10,2024,2,19,4.0,300000.0,48157
8083680,1,2,1,10,2024,1,56,3.0,1400000.0,59538
8052850,1,1,1,10,2024,2,58,3.0,1120000.0,33756
8042502,1,1,1,10,2024,2,45,5.0,560000.0,9950
8050776,1,1,1,10,2024,1,73,11.0,2000000.0,28805
8040744,1,4,1,10,2024,2,34,5.0,1000000.0,5919
8055364,1,3,1,10,2024,2,21,5.0,750000.0,39249
8081622,1,3,1,10,2024,1,23,3.0,500000.0,55490
8085011,1,1,1,10,2024,2,39,8.0,1350000.0,62427
8045176,1,2,1,10,2024,1,40,5.0,1300000.0,16548
8077838,1,1,1,10,2024,1,45,6.0,1300000.0,47056
8080089,1,3,1,10,2024,2,30,10.0,2600000.0,52238
8054980,1,1,1,10,2024,2,39,5.0,600000.0,38492
8050624,1,1,1,10,2024,1,36,9.0,1300000.0,28456
8040122,1,2,1,10,2024,2,26,11.0,1300000.0,4430
8050185,1,2,1,10,2024,2,55,3.0,200000.0,27289
8043486,2,1,2,10,2024,2,38,5.0,1300000.0,12114
8042901,1,1,1,10,2024,1,58,5.0,600000.0,10790
8076163,1,4,1,10,2024,1,20,3.0,700000.0,43187
8038393,1,4,1,10,2024,2,52,3.0,2362000.0,555
8085692,1,2,1,10,2024,2,24,5.0,800000.0,62646
8077170,1,1,1,10,2024,1,30,4.0,1440000.0,45631
8053827,1,2,1,10,2024,2,43,6.0,1300000.0,35967
8056163,1,1,1,10,2024,1,28,5.0,1150000.0,40730
8042532,1,1,1,10,2024,2,51,5.0,1400000.0,10012
8051744,1,4,1,10,2024,1,34,9.0,1500000.0,30935
8081093,1,1,1,10,2024,1,62,5.0,2150000.0,54391
8080320,1,1,1,10,2024,2,58,5.0,1400000.0,52849
8043484,1,1,1,10,2024,1,28,5.0,1000000.0,12102
8050913,1,2,1,10,2024,2,44,11.0,2600000.0,29170
8048322,1,3,1,10,2024,1,38,10.0,1800000.0,23515
8048479,1,1,1,10,2024,1,42,5.0,1800000.0,23761
8056100,1,1,1,10,2024,2,47,5.0,600000.0,40597
8076185,1,4,1,10,2024,2,22,5.0,40000.0,43268
8055056,1,1,1,10,2024,1,66,3.0,600000.0,38686
8080551,1,1,1,10,2024,1,66,5.0,600000.0,53300
8047493,1,3,1,10,2024,2,38,10.0,1700000.0,21717
8079817,1,1,1,10,2024,2,38,10.0,2600000.0,51652
8040610,1,1,1,10,2024,2,59,4.0,500000.0,5646
8051807,1,1,1,10,2024,2,30,10.0,1800000.0,31102
8048098,1,2,1,10,2024,2,32,8.0,1100000.0,23045
8077174,1,1,1,10,2024,1,43,3.0,1232000.0,45642
8077915,1,1,1,10,2024,2,50,1.0,450000.0,47201
8085956,1,3,1,10,2024,1,46,5.0,1700000.0,63095
8052026,1,3,1,10,2024,1,33,5.0,3000000.0,31655
8054235,1,1,1,10,2024,1,75,4.0,500000.0,36792
8052499,1,1,1,10,2024,1,48,3.0,900000.0,32938
8080541,1,1,1,10,2024,2,37,3.0,1300000.0,53277
8050397,1,1,1,10,2024,1,44,10.0,5000000.0,27842
8085853,1,1,1,10,2024,1,49,10.0,2000000.0,62951
8047628,1,2,1,10,2024,1,64,3.0,1600000.0,22016
8050106,1,1,1,10,2024,1,62,5.0,1000000.0,27118
8080568,1,2,1,10,2024,2,51,5.0,800000.0,53332
8079367,1,1,1,10,2024,1,49,3.0,1000000.0,50583
8041844,1,2,1,10,2024,2,58,8.0,1300000.0,8399
8043334,1,4,1,10,2024,2,22,10.0,6800000.0,11714
8041429,1,1,1,10,2024,1,42,8.0,3500000.0,7542
8078139,1,1,1,10,2024,1,30,4.0,720000.0,47708
8043293,1,3,1,10,2024,1,19,5.0,490000.0,11606
8042537,1,2,1,10,2024,1,34,4.0,900000.0,10020
8038670,1,1,1,10,2024,2,46,3.0,1460000.0,1154
8047561,1,4,1,10,2024,1,23,10.0,1300000.0,21846
8038563,1,1,1,10,2024,2,32,5.0,250000.0,910
8046509,1,5,1,10,2024,1,47,3.0,500000.0,19720
8054846,1,1,1,10,2024,1,40,11.0,6108000.0,38188
8046394,1,2,1,10,2024,2,31,5.0,1500000.0,19448
8042318,1,1,1,10,2024,2,54,3.0,900000.0,9547
8046755,1,3,1,10,2024,1,28,10.0,650000.0,20373
8075633,1,2,1,10,2024,1,27,10.0,2250000.0,41652
8045924,1,1,1,10,2024,1,74,1.0,900000.0,18239
8075946,1,1,1,10,2024,1,36,4.0,500000.0,42531
8047986,1,1,1,10,2024,2,33,5.0,1300000.0,22801
8041562,1,1,1,10,2024,1,21,5.0,1300000.0,7857
8080124,1,5,1,10,2024,2,31,5.0,1600000.0,52353
8086378,1,1,1,10,2024,1,61,9.0,3000000.0,63565
8078043,1,1,1,10,2024,1,24,3.0,400000.0,47519
8078586,1,1,1,10,2024,2,68,8.0,1120000.0,48740
8052939,1,4,1,10,2024,2,31,5.0,350000.0,33973
8041338,1,2,1,10,2024,1,46,5.0,1300000.0,7282
8038686,1,2,1,10,2024,2,55,5.0,1350000.0,1213
8076187,1,3,1,10,2024,1,44,5.0,600000.0,43274
8076721,1,4,1,10,2024,1,21,5.0,1300000.0,44527
8042190,1,1,1,10,2024,2,57,8.0,3400000.0,9283
8050878,1,3,1,10,2024,1,28,5.0,800000.0,29074
8039517,1,2,1,10,2024,1,44,5.0,450000.0,3209
8043165,1,3,1,10,2024,2,37,4.0,1300000.0,11313
8056162,1,2,1,10,2024,1,24,5.0,1500000.0,40729
8077451,1,1,1,10,2024,2,71,3.0,160000.0,46273
8045589,1,1,1,10,2024,1,42,3.0,1300000.0,17685
8043282,1,4,1,10,2024,1,58,3.0,0.0,11570
8055910,1,1,1,10,2024,1,52,8.0,800000.0,40246
8052557,1,4,1,10,2024,1,41,5.0,700000.0,33093
8043891,1,1,1,10,2024,1,62,4.0,1400000.0,13154
8051980,1,1,1,10,2024,1,39,5.0,1000000.0,31557
8045753,1,1,1,10,2024,1,37,6.0,4000000.0,18101
8042314,1,2,1,10,2024,2,28,3.0,300000.0,9542
8050716,1,1,1,10,2024,2,41,11.0,3500000.0,28653
8052941,1,5,1,10,2024,1,23,5.0,1600000.0,33981
8081924,1,1,1,10,2024,2,45,10.0,4360000.0,55852
8079483,1,2,1,10,2024,2,29,9.0,2000000.0,50848
8044844,1,2,1,10,2024,2,44,8.0,1300000.0,15641
8085795,1,1,1,10,2024,2,39,5.0,800000.0,62887
8044954,1,3,1,10,2024,1,43,8.0,3000000.0,15921
8042535,1,1,1,10,2024,1,62,3.0,1200000.0,10016
8076817,1,1,1,10,2024,1,47,11.0,2900000.0,44742
8052289,1,2,1,10,2024,1,38,5.0,950000.0,32353
8083364,1,1,1,10,2024,1,37,5.0,6500000.0,58931
8084055,1,1,1,10,2024,1,39,10.0,1800000.0,60379
8082961,2,2,2,10,2024,1,36,5.0,1200000.0,57986
8079781,1,2,1,10,2024,2,33,4.0,50000.0,51553
8078485,1,1,1,10,2024,2,56,5.0,3256000.0,48521
8076380,1,1,1,10,2024,1,39,3.0,1600000.0,43710
8078524,1,3,1,10,2024,2,19,5.0,1300000.0,48597
8076544,1,3,1,10,2024,1,37,5.0,1500000.0,44125
8047660,1,1,1,10,2024,1,44,5.0,1462000.0,22082
8044278,1,1,1,10,2024,1,59,3.0,550000.0,14089
8077722,1,1,1,10,2024,2,34,8.0,780000.0,46811
8054777,1,1,1,10,2024,1,37,4.0,1300000.0,38046
8049362,1,1,1,10,2024,1,33,9.0,1300000.0,25439
8076684,1,1,1,10,2024,2,30,11.0,5000000.0,44437
8043035,1,4,1,10,2024,2,20,8.0,1040000.0,10989
8055840,1,1,1,10,2024,2,30,10.0,1300000.0,40076
8080481,1,2,1,10,2024,2,44,8.0,1500000.0,53164
8051322,1,2,1,10,2024,2,19,5.0,2180000.0,29885
8054142,1,2,1,10,2024,2,70,3.0,1200000.0,36582
8044596,1,3,1,10,2024,1,23,8.0,700000.0,14996
8054997,1,3,1,10,2024,1,40,4.0,700000.0,38517
8080098,1,1,1,10,2024,2,57,5.0,600000.0,52271
8050020,1,2,1,10,2024,2,36,5.0,150000.0,26913
8086603,1,1,1,10,2024,2,31,8.0,1500000.0,64114
8080093,1,2,1,10,2024,1,28,5.0,1700000.0,52253
8077206,1,3,1,10,2024,1,28,5.0,650000.0,45720
8046578,1,1,1,10,2024,1,35,8.0,1900000.0,19941
8078630,1,2,1,10,2024,2,48,8.0,1700000.0,48831
8079661,1,1,1,10,2024,1,68,3.0,300000.0,51156
8042093,1,1,1,10,2024,2,46,3.0,812000.0,9009
8053937,1,2,1,10,2024,2,31,8.0,1300000.0,36184
8079074,1,3,1,10,2024,1,40,4.0,1500000.0,49812
8051345,1,1,1,10,2024,2,57,3.0,600000.0,29949
8041772,1,2,1,10,2024,2,20,4.0,1050000.0,8265
8041955,1,2,1,10,2024,1,61,3.0,1300000.0,8718
8079559,1,2,1,10,2024,2,35,11.0,3800000.0,50987
8050771,1,1,1,10,2024,1,38,10.0,1300000.0,28794
8047714,1,1,1,10,2024,2,26,6.0,1462000.0,22192
8079610,1,5,1,10,2024,2,54,10.0,500000.0,51065
8075813,1,1,1,10,2024,1,40,10.0,1300000.0,42139
8080389,1,1,1,10,2024,1,62,10.0,1500000.0,53039
8038487,1,1,1,10,2024,2,56,12.0,22000000.0,747
8055022,1,2,1,10,2024,2,44,5.0,480000.0,38592
8083820,1,2,1,10,2024,2,50,5.0,1300000.0,59816
8084742,1,1,1,10,2024,1,32,3.0,1300000.0,61812
8046373,1,1,1,10,2024,2,55,5.0,40000.0,19409
8076017,1,1,1,10,2024,1,50,3.0,3000000.0,42751
8076120,1,2,1,10,2024,1,20,1.0,300000.0,43060
8038483,1,1,1,10,2024,1,59,5.0,2132000.0,737
8079803,1,2,1,10,2024,2,29,10.0,3900000.0,51596
8079071,1,1,1,10,2024,1,72,3.0,800000.0,49806
8040126,1,1,1,10,2024,2,38,10.0,2500000.0,4438
8051734,1,2,1,10,2024,1,46,3.0,1000000.0,30900
8082754,1,2,1,10,2024,2,34,5.0,1300000.0,57497
8084433,1,2,1,10,2024,1,61,3.0,1000000.0,61195
8085910,1,1,1,10,2024,1,78,4.0,700000.0,63048
8041531,1,9,1,10,2024,2,27,4.0,1080000.0,7794
8080638,1,1,1,10,2024,1,41,1.0,800000.0,53479
8038192,1,1,1,10,2024,1,36,4.0,1300000.0,20
8053104,1,1,1,10,2024,2,25,9.0,1300000.0,34400
8052826,1,2,1,10,2024,2,37,5.0,1300000.0,33690
8042862,1,1,1,10,2024,1,41,5.0,2000000.0,10722
8082398,1,1,1,10,2024,1,58,10.0,2500000.0,56626
8044334,1,1,1,10,2024,2,40,12.0,15000000.0,14268
8077592,1,3,1,10,2024,1,34,6.0,1200000.0,46558
8076904,1,1,1,10,2024,1,63,1.0,1300000.0,44939
8077954,1,1,1,10,2024,2,47,3.0,1604000.0,47296
8046060,1,3,1,10,2024,1,34,3.0,1000000.0,18615
8050273,1,1,1,10,2024,2,29,5.0,0.0,27518
8053342,1,1,1,10,2024,2,55,5.0,1000000.0,34930
8042435,1,2,1,10,2024,2,42,4.0,800000.0,9802
8052218,1,4,1,10,2024,1,33,3.0,500000.0,32139
8053586,1,2,1,10,2024,1,44,8.0,1300000.0,35459
8039407,1,2,1,10,2024,1,38,10.0,2300000.0,2997
8083905,1,1,1,10,2024,1,46,5.0,1300000.0,59977
8038710,1,4,1,10,2024,2,49,10.0,2500000.0,1295
8050187,1,1,1,10,2024,1,49,1.0,300000.0,27292
8049877,1,1,1,10,2024,1,34,3.0,800000.0,26582
8075752,1,1,1,10,2024,1,43,1.0,900000.0,41974
8076085,1,5,1,10,2024,1,28,5.0,700000.0,42960
8051489,1,1,1,10,2024,2,43,5.0,1300000.0,30324
8039125,1,1,1,10,2024,1,65,9.0,800000.0,2376
8047203,1,1,1,10,2024,1,24,10.0,1462000.0,21187
8042855,1,1,1,10,2024,1,29,10.0,3000000.0,10705
8038886,1,3,1,10,2024,1,21,9.0,3000000.0,1730
8085075,1,1,1,10,2024,1,23,4.0,1000000.0,62568
8056404,1,2,1,10,2024,2,52,3.0,540000.0,41278
8044441,1,1,1,10,2024,1,69,10.0,4900000.0,14554
8048839,1,2,1,10,2024,1,18,5.0,900000.0,24406
8086242,1,1,1,10,2024,1,24,5.0,700000.0,63345
8055375,1,1,1,10,2024,1,39,9.0,1300000.0,39272
8078196,1,1,1,10,2024,1,37,8.0,1600000.0,47844
8046266,1,2,1,10,2024,1,30,5.0,600000.0,19092
8076005,1,1,1,10,2024,1,40,3.0,1300000.0,42713
8082587,1,1,1,10,2024,1,34,5.0,250000.0,57058
8081386,1,1,1,10,2024,2,32,5.0,450000.0,55019
8052327,1,2,1,10,2024,2,52,10.0,4200000.0,32475
8040351,1,1,1,10,2024,2,49,10.0,1300000.0,5015
8050187,2,1,2,10,2024,2,27,5.0,240000.0,27294
8043384,1,1,1,10,2024,1,48,5.0,2100000.0,11835
8075643,1,1,1,10,2024,2,52,5.0,1400000.0,41701
8039195,1,2,1,10,2024,1,58,5.0,4000000.0,2549
8056357,1,1,1,10,2024,1,58,4.0,1300000.0,41146
8043103,1,1,1,10,2024,2,51,3.0,400000.0,11156
8076487,1,2,1,10,2024,2,61,3.0,1000000.0,43992
8045114,1,1,1,10,2024,1,46,5.0,1300000.0,16370
8048143,1,2,1,10,2024,2,27,8.0,1400000.0,23167
8043575,1,1,1,10,2024,2,58,3.0,200000.0,12339
8076922,1,1,1,10,2024,2,64,3.0,200000.0,44977
8083781,1,1,1,10,2024,1,32,4.0,1600000.0,59743
8044544,1,2,1,10,2024,1,62,5.0,1600000.0,14855
8055136,1,1,1,10,2024,2,31,8.0,200000.0,38774
8052159,1,1,1,10,2024,1,36,1.0,780000.0,31988
8079827,1,2,1,10,2024,2,58,12.0,5000000.0,51689
8052791,1,3,1,10,2024,2,50,3.0,1300000.0,33604
8081481,1,4,1,10,2024,1,64,5.0,1200000.0,55253
8078968,1,1,1,10,2024,1,58,5.0,1200000.0,49569
8048127,1,3,1,10,2024,2,31,5.0,1400000.0,23116
8042618,1,2,1,10,2024,1,26,4.0,300000.0,10169
8082146,1,1,1,10,2024,1,35,5.0,1300000.0,56187
8077272,1,1,1,10,2024,1,42,3.0,3000000.0,45896
8040171,1,1,1,10,2024,2,42,11.0,5000000.0,4554
8053632,1,4,1,10,2024,1,26,10.0,1500000.0,35578
8075596,1,2,1,10,2024,1,59,3.0,600000.0,41525
8051720,1,1,1,10,2024,1,36,6.0,1300000.0,30867
8042897,1,1,1,10,2024,2,19,7.0,1200000.0,10780
8043746,1,3,1,10,2024,1,30,5.0,1300000.0,12786
8079840,1,1,1,10,2024,1,50,10.0,2300000.0,51720
8053480,1,2,1,10,2024,2,44,10.0,1800000.0,35234
8044344,1,2,1,10,2024,1,29,10.0,1420000.0,14293
8048805,1,1,1,10,2024,2,55,3.0,120000.0,24329
8086392,1,1,1,10,2024,1,61,9.0,3000000.0,63591
8046138,1,1,1,10,2024,2,78,3.0,700000.0,18787
8048230,1,2,1,10,2024,2,25,5.0,1300000.0,23307
8052942,1,1,1,10,2024,1,24,6.0,1800000.0,33982
8075924,1,2,1,10,2024,1,41,3.0,500000.0,42455
8078042,1,1,1,10,2024,1,18,4.0,1880000.0,47518
8046233,1,1,1,10,2024,2,68,3.0,6700000.0,19017
8047981,1,1,1,10,2024,1,36,3.0,1000000.0,22786
8056202,1,3,1,10,2024,1,38,8.0,1000000.0,40794
8043100,1,1,1,10,2024,1,63,1.0,420000.0,11148
8086110,1,2,1,10,2024,2,30,10.0,4000000.0,63298
8048189,1,2,1,10,2024,2,28,5.0,1140000.0,23256
8050329,1,1,1,10,2024,1,43,5.0,1100000.0,27637
8047900,1,1,1,10,2024,1,66,3.0,1300000.0,22662
8054314,1,2,1,10,2024,1,34,4.0,900000.0,36973
8080038,1,3,1,10,2024,1,23,10.0,2500000.0,52113
8054921,1,2,1,10,2024,2,32,5.0,2000000.0,38368
8053379,1,1,1,10,2024,1,47,5.0,2800000.0,35051
8039084,1,1,1,10,2024,1,28,5.0,1300000.0,2248
8042871,1,1,1,10,2024,2,50,4.0,800000.0,10730
8085772,1,5,1,10,2024,1,19,4.0,1340000.0,62824
8044712,1,1,1,10,2024,1,22,5.0,1462000.0,15302
8044257,1,1,1,10,2024,2,43,4.0,476000.0,14013
8085032,1,1,1,10,2024,2,53,3.0,500000.0,62465
8079756,1,2,1,10,2024,2,20,9.0,360000.0,51460
8084025,1,1,1,10,2024,2,52,4.0,1300000.0,60266
8043106,1,1,1,10,2024,1,76,1.0,0.0,11161
8077141,1,6,1,10,2024,1,33,5.0,900000.0,45549
8054556,1,1,1,10,2024,2,46,5.0,2000000.0,37516
8038669,1,2,1,10,2024,1,43,5.0,1600000.0,1153
8086523,1,2,1,10,2024,2,60,11.0,4000000.0,63887
8078882,1,1,1,10,2024,1,28,4.0,1600000.0,49356
8049679,1,1,1,10,2024,1,63,1.0,1000000.0,26053
8043145,1,1,1,10,2024,1,24,4.0,1800000.0,11254
8085087,1,1,1,10,2024,1,67,11.0,8132000.0,62589
8038425,1,1,1,10,2024,1,69,4.0,100000.0,638
8039061,1,2,1,10,2024,2,54,5.0,120000.0,2176
8044560,1,1,1,10,2024,2,24,10.0,1300000.0,14894
8039723,1,4,1,10,2024,2,33,5.0,800000.0,3599
8077853,1,2,1,10,2024,1,23,4.0,0.0,47098
8047481,1,1,1,10,2024,1,56,5.0,1600000.0,21691
8052373,1,2,1,10,2024,1,31,3.0,800000.0,32608
8053619,1,2,1,10,2024,2,56,4.0,300000.0,35548
8043597,1,1,1,10,2024,2,40,5.0,550000.0,12402
8079493,1,4,1,10,2024,2,30,10.0,1500000.0,50863
8080122,1,2,1,10,2024,1,32,4.0,980000.0,52348
8077109,1,1,1,10,2024,1,57,3.0,450000.0,45452
8052968,1,2,1,10,2024,1,26,5.0,86000.0,34062
8039963,1,1,1,10,2024,1,40,5.0,2600000.0,4090
8048172,1,1,1,10,2024,2,55,10.0,2600000.0,23230
8043269,1,1,1,10,2024,2,31,9.0,1300000.0,11536
8046483,1,1,1,10,2024,2,62,10.0,3000000.0,19651
8042122,1,1,1,10,2024,2,50,4.0,756000.0,9085
8050357,1,2,1,10,2024,2,39,3.0,400000.0,27746
8045983,1,2,1,10,2024,1,66,1.0,350000.0,18415
8039223,1,1,1,10,2024,2,52,5.0,500000.0,2627
8078189,1,2,1,10,2024,2,35,10.0,500000.0,47823
8080479,1,2,1,10,2024,2,57,10.0,1300000.0,53157
8051662,1,2,1,10,2024,1,47,8.0,2380000.0,30720
8041516,1,1,1,10,2024,2,26,4.0,1200000.0,7742
8050074,1,3,1,10,2024,1,19,4.0,900000.0,27059
8042608,1,1,1,10,2024,1,31,3.0,800000.0,10147
8049901,1,1,1,10,2024,1,47,4.0,1300000.0,26648
8055262,1,1,1,10,2024,2,64,5.0,550000.0,39064
8053667,1,1,1,10,2024,2,38,5.0,1350000.0,35646
8051912,1,1,1,10,2024,2,32,8.0,1800000.0,31392
8038265,1,1,1,10,2024,2,41,5.0,850000.0,212
8081756,1,1,1,10,2024,2,39,4.0,200000.0,55695
8056451,1,1,1,10,2024,1,44,9.0,3000000.0,41356
8084820,1,1,1,10,2024,2,59,11.0,5000000.0,61983
8078090,1,1,1,10,2024,1,25,5.0,1300000.0,47604
8076658,1,1,1,10,2024,1,21,4.0,1300000.0,44382
8076600,1,2,1,10,2024,2,34,3.0,900000.0,44246
8055153,1,7,1,10,2024,2,23,5.0,1500000.0,38826
8040990,1,1,1,10,2024,2,40,5.0,400000.0,6520
8041160,1,1,1,10,2024,2,51,5.0,600000.0,6938
8084371,1,1,1,10,2024,1,47,3.0,1300000.0,61069
8048148,1,2,1,10,2024,2,45,5.0,1300000.0,23179
8043370,1,2,1,10,2024,2,19,6.0,1300000.0,11805
8056091,1,2,1,10,2024,2,35,4.0,250000.0,40580
8052351,1,1,1,10,2024,1,50,3.0,1000000.0,32548
8084073,1,1,1,10,2024,1,71,10.0,4500000.0,60438
8043901,1,3,1,10,2024,2,22,10.0,1900000.0,13176
8040206,1,2,1,10,2024,1,51,4.0,1300000.0,4661
8084618,1,3,1,10,2024,2,20,10.0,1300000.0,61515
8056070,1,2,1,10,2024,1,26,5.0,1600000.0,40525
8084992,1,1,1,10,2024,1,40,4.0,1700000.0,62382
8040146,1,4,1,10,2024,2,68,3.0,350000.0,4496
8039516,1,1,1,10,2024,2,28,5.0,1300000.0,3205
8080974,1,1,1,10,2024,2,58,11.0,6000000.0,54139
8051280,1,1,1,10,2024,1,21,5.0,1350000.0,29752
8041142,1,2,1,10,2024,2,59,10.0,5000000.0,6893
8075862,1,1,1,10,2024,1,35,5.0,3000000.0,42280
8051071,1,1,1,10,2024,1,23,10.0,900000.0,29607
8049981,1,3,1,10,2024,2,18,10.0,400000.0,26808
8049161,1,1,1,10,2024,1,53,4.0,1462000.0,25031
8045367,1,2,1,10,2024,2,45,6.0,900000.0,17057
8077974,1,4,1,10,2024,1,20,10.0,252000.0,47353
8048140,1,3,1,10,2024,2,32,9.0,1300000.0,23159
8086641,1,1,1,10,2024,2,57,3.0,1300000.0,64197
8051894,1,2,1,10,2024,2,42,11.0,3000000.0,31351
8084178,1,3,1,10,2024,1,21,4.0,350000.0,60632
8051617,1,1,1,10,2024,1,35,8.0,1700000.0,30611
8086525,1,1,1,10,2024,1,49,4.0,1200000.0,63890
8053087,1,4,1,10,2024,2,27,8.0,1400000.0,34364
8080149,1,2,1,10,2024,2,52,4.0,1100000.0,52422
8043665,1,3,1,10,2024,1,50,5.0,500000.0,12585
8049906,1,1,1,10,2024,1,63,3.0,700000.0,26662
8047344,1,1,1,10,2024,1,32,10.0,2000000.0,21475
8078830,1,1,1,10,2024,2,29,3.0,270000.0,49249
8043856,1,1,1,10,2024,1,58,3.0,1400000.0,13061
8056069,1,1,1,10,2024,1,44,10.0,1500000.0,40521
8052857,1,1,1,10,2024,2,34,5.0,1300000.0,33772
8040450,1,2,1,10,2024,2,36,5.0,1300000.0,5255
8038733,1,4,1,10,2024,1,21,10.0,2600000.0,1345
8075840,1,2,1,10,2024,2,21,5.0,600000.0,42214
8040440,1,1,1,10,2024,1,23,8.0,1300000.0,5228
8084504,1,2,1,10,2024,1,56,9.0,1300000.0,61323
8051920,1,1,1,10,2024,2,60,10.0,2500000.0,31411
8084696,1,1,1,10,2024,1,28,9.0,2200000.0,61706
8083288,1,4,1,10,2024,1,38,1.0,800000.0,58752
8050713,1,2,1,10,2024,1,49,10.0,5326000.0,28646
8051945,1,1,1,10,2024,2,26,8.0,1300000.0,31475
8041510,1,1,1,10,2024,2,71,3.0,65000.0,7730
8050266,1,2,1,10,2024,1,70,3.0,1200000.0,27497
8044646,1,1,1,10,2024,2,30,5.0,1300000.0,15124
8084967,1,3,1,10,2024,1,30,4.0,1300000.0,62315
8084556,1,1,1,10,2024,2,50,6.0,1300000.0,61424
8083211,1,1,1,10,2024,2,53,8.0,150000.0,58562
8082867,1,2,1,10,2024,2,42,9.0,1000000.0,57776
8049748,1,3,1,10,2024,1,29,5.0,1300000.0,26259
8049292,1,1,1,10,2024,1,41,11.0,4000000.0,25291
8042984,1,1,1,10,2024,1,82,3.0,800000.0,10883
8047055,1,2,1,10,2024,1,26,10.0,1500000.0,20903
8054731,1,1,1,10,2024,2,48,3.0,800000.0,37915
8053294,1,2,1,10,2024,2,52,4.0,400000.0,34804
8084793,1,2,1,10,2024,2,17,10.0,1200000.0,61927
8046608,1,1,1,10,2024,1,35,5.0,1300000.0,20038
8080378,1,2,1,10,2024,2,54,1.0,800000.0,53003
8081229,1,1,1,10,2024,1,40,6.0,1000000.0,54625
8076528,1,2,1,10,2024,1,29,4.0,600000.0,44096
8075569,1,1,1,10,2024,1,45,10.0,1500000.0,41448
8052618,1,1,1,10,2024,1,48,5.0,2500000.0,33254
8040147,1,1,1,10,2024,1,49,5.0,900000.0,4497
8079835,1,2,1,10,2024,1,47,8.0,2800000.0,51708
8048992,1,1,1,10,2024,2,64,3.0,216000.0,24717
8080103,1,1,1,10,2024,2,48,3.0,600000.0,52292
8081155,1,1,1,10,2024,1,42,5.0,1300000.0,54499
8078106,1,2,1,10,2024,2,53,5.0,80000.0,47643
8080612,1,2,1,10,2024,2,28,10.0,2100000.0,53424
8079016,1,1,1,10,2024,1,54,3.0,800000.0,49658
8047874,1,2,1,10,2024,1,35,6.0,1800000.0,22602
8080654,1,1,1,10,2024,2,52,5.0,1300000.0,53522
8044339,1,1,1,10,2024,2,57,3.0,2000000.0,14276
8082896,1,4,1,10,2024,2,19,8.0,0.0,57863
8082908,1,1,1,10,2024,2,54,6.0,1200000.0,57890
8077793,1,1,1,10,2024,1,50,3.0,1600000.0,46972
8041193,1,2,1,10,2024,2,45,6.0,1500000.0,7036
8082048,1,2,1,10,2024,1,35,10.0,1400000.0,56024
8042333,1,2,1,10,2024,1,65,3.0,800000.0,9582
8042070,1,2,1,10,2024,1,35,3.0,500000.0,8953
8039909,1,1,1,10,2024,1,43,4.0,500000.0,3961
8055841,1,1,1,10,2024,1,62,10.0,4942000.0,40078
8083484,1,2,1,10,2024,1,38,9.0,2000000.0,59175
8048116,1,1,1,10,2024,1,24,10.0,800000.0,23081
8043118,1,1,1,10,2024,1,55,3.0,1600000.0,11185
8039093,1,1,1,10,2024,2,43,5.0,650000.0,2276
8079036,1,1,1,10,2024,1,60,3.0,1300000.0,49729
8039658,1,1,1,10,2024,1,52,5.0,800000.0,3452
8039496,1,1,1,10,2024,2,48,3.0,700000.0,3167
8043753,1,1,1,10,2024,1,28,5.0,1000000.0,12808
8079771,1,2,1,10,2024,1,67,5.0,1500000.0,51522
8081284,1,1,1,10,2024,1,44,5.0,1300000.0,54785
8046273,1,2,1,10,2024,2,25,4.0,1000000.0,19115
8083562,1,1,1,10,2024,2,63,3.0,2500000.0,59310
8077692,1,1,1,10,2024,1,50,5.0,987500.0,46754
8041030,1,1,1,10,2024,2,60,3.0,500000.0,6632
8039913,1,2,1,10,2024,2,64,10.0,1620000.0,3976
8081407,1,2,1,10,2024,1,22,5.0,150000.0,55088
8043570,1,3,1,10,2024,1,26,10.0,3000000.0,12331
8046141,1,2,1,10,2024,1,35,5.0,1300000.0,18796
8080209,1,2,1,10,2024,2,56,8.0,1300000.0,52567
8039085,1,1,1,10,2024,1,61,3.0,1200000.0,2249
8048938,1,1,1,10,2024,1,44,8.0,1400000.0,24629
8046212,1,1,1,10,2024,1,48,10.0,3000000.0,18983
8083114,1,1,1,10,2024,2,54,12.0,2074000.0,58368
8080697,1,1,1,10,2024,1,57,5.0,1500000.0,53604
8053289,1,1,1,10,2024,1,38,8.0,1500000.0,34798
8052832,1,1,1,10,2024,1,31,5.0,1300000.0,33711
8043540,1,1,1,10,2024,2,31,11.0,4200000.0,12275
8052223,1,1,1,10,2024,1,23,4.0,1350000.0,32153
8045056,1,2,1,10,2024,2,69,3.0,350000.0,16218
8045373,1,1,1,10,2024,1,69,10.0,5200000.0,17069
8046850,1,4,1,10,2024,1,60,5.0,600000.0,20576
8038232,1,2,1,10,2024,2,28,5.0,1300000.0,118
8049680,1,2,1,10,2024,1,38,3.0,1500000.0,26059
8041585,1,2,1,10,2024,2,47,5.0,1300000.0,7915
8080212,1,3,1,10,2024,2,41,10.0,1300000.0,52573
8045798,1,2,1,10,2024,2,36,5.0,1600000.0,18202
8039149,1,1,1,10,2024,1,55,8.0,2600000.0,2446
8079217,1,1,1,10,2024,1,44,4.0,180000.0,50156
8045575,1,1,1,10,2024,1,42,10.0,2000000.0,17653
8086639,1,1,1,10,2024,1,25,10.0,6000000.0,64195
8040775,1,2,1,10,2024,1,55,5.0,1850000.0,6016
8054430,1,2,1,10,2024,2,46,5.0,1300000.0,37258
8047060,1,2,1,10,2024,2,45,10.0,2615000.0,20911
8081435,1,2,1,10,2024,2,39,10.0,3400000.0,55157
8077526,1,3,1,10,2024,2,30,10.0,1200000.0,46402
8079517,1,2,1,10,2024,1,30,10.0,1800000.0,50904
8040011,1,2,1,10,2024,1,29,5.0,1300000.0,4153
8075882,1,1,1,10,2024,1,30,4.0,600000.0,42329
8050152,1,1,1,10,2024,1,75,10.0,4000000.0,27211
8085874,1,1,1,10,2024,1,43,5.0,3000000.0,62977
8079926,1,1,1,10,2024,2,42,5.0,1640000.0,51937
8052951,1,1,1,10,2024,1,64,3.0,1500000.0,34008
8076725,1,1,1,10,2024,1,36,5.0,1300000.0,44539
8050689,1,2,1,10,2024,2,37,5.0,1000000.0,28595
8077635,1,1,1,10,2024,2,40,8.0,760000.0,46632
8043839,1,1,1,10,2024,1,20,5.0,1300000.0,13025
8054441,1,3,1,10,2024,1,23,5.0,2000000.0,37296
8075745,1,1,1,10,2024,1,63,3.0,1450000.0,41961
8053549,1,1,1,10,2024,2,53,8.0,1300000.0,35361
8045531,1,2,1,10,2024,2,33,9.0,1000000.0,17540
8084518,1,1,1,10,2024,1,30,9.0,1600000.0,61343
8077722,1,2,1,10,2024,1,33,4.0,2200000.0,46812
8076856,1,1,1,10,2024,1,22,4.0,1000000.0,44837
8055210,1,4,1,10,2024,1,17,4.0,0.0,38953
8084193,1,1,1,10,2024,2,61,4.0,350000.0,60673
8053918,1,1,1,10,2024,1,38,11.0,6500000.0,36137
8047384,1,1,1,10,2024,1,42,5.0,800000.0,21559
8055830,1,2,1,10,2024,1,30,10.0,2000000.0,40066
8038542,1,1,1,10,2024,2,55,4.0,1500000.0,879
8046606,1,3,1,10,2024,1,32,5.0,1300000.0,20030
8045088,1,4,1,10,2024,2,35,5.0,600000.0,16304
8080604,1,1,1,10,2024,1,42,8.0,1500000.0,53409
8075985,1,1,1,10,2024,1,54,3.0,500000.0,42662
8051054,1,1,1,10,2024,1,35,5.0,1300000.0,29574
8083582,1,2,1,10,2024,1,45,5.0,1430000.0,59357
8050823,1,1,1,10,2024,1,40,13.0,15500000.0,28935
8047756,1,2,1,10,2024,2,19,8.0,400000.0,22296
8081896,1,2,1,10,2024,1,41,8.0,2000000.0,55810
8082948,1,1,1,10,2024,2,35,11.0,3900000.0,57967
8082661,1,1,1,10,2024,1,34,5.0,1200000.0,57256
8081944,1,3,1,10,2024,1,22,5.0,300000.0,55895
8052722,1,3,1,10,2024,1,18,5.0,1050000.0,33439
8054572,1,1,1,10,2024,2,26,10.0,3000000.0,37546
8076088,1,4,1,10,2024,2,17,4.0,240000.0,42970
8077393,1,1,1,10,2024,1,61,3.0,2700000.0,46152
8082861,1,5,1,10,2024,1,55,3.0,1200000.0,57761
8041442,1,2,1,10,2024,2,43,11.0,400000.0,7576
8056393,1,1,1,10,2024,1,37,3.0,1200000.0,41243
8054511,1,2,1,10,2024,2,24,4.0,1000000.0,37427
8049294,1,1,1,10,2024,2,44,11.0,8000000.0,25295
8078422,1,1,1,10,2024,1,72,3.0,180000.0,48371
8053112,1,2,1,10,2024,2,48,5.0,450000.0,34431
8039032,1,3,1,10,2024,1,30,10.0,1700000.0,2084
8038883,1,4,1,10,2024,2,47,9.0,1350000.0,1722
8051352,1,1,1,10,2024,2,48,10.0,400000.0,29974
8051757,1,2,1,10,2024,2,44,5.0,1300000.0,30979
8080134,1,1,1,10,2024,1,68,5.0,400000.0,52382
8042080,1,1,1,10,2024,2,52,4.0,50000.0,8979
8079008,1,1,1,10,2024,1,42,3.0,1140000.0,49642
8078005,1,1,1,10,2024,1,64,3.0,1000000.0,47440
8075602,1,1,1,10,2024,2,52,3.0,850000.0,41544
8048613,1,1,1,10,2024,1,38,5.0,2200000.0,24009
8051757,1,1,1,10,2024,1,35,9.0,1300000.0,30978
8052791,1,4,1,10,2024,2,27,6.0,1300000.0,33605
8080730,1,1,1,10,2024,2,25,8.0,800000.0,53647
8046295,1,3,1,10,2024,1,36,3.0,400000.0,19212
8056246,1,3,1,10,2024,2,35,5.0,1300000.0,40908
8078105,1,3,1,10,2024,1,61,3.0,750000.0,47641
8078353,1,1,1,10,2024,1,46,5.0,400000.0,48256
8045464,1,3,1,10,2024,2,25,10.0,2600000.0,17351
8042723,1,2,1,10,2024,1,42,4.0,1500000.0,10416
8054435,1,2,1,10,2024,1,38,5.0,1000000.0,37278
8082857,1,3,1,10,2024,2,45,10.0,2500000.0,57749
8041589,1,1,1,10,2024,2,48,5.0,1300000.0,7924
8046160,1,1,1,10,2024,1,39,3.0,1280000.0,18844
8042966,1,1,1,10,2024,1,41,3.0,800000.0,10850
8050257,1,1,1,10,2024,2,37,8.0,1462000.0,27479
8084434,1,2,1,10,2024,1,34,5.0,1300000.0,61197
8050568,1,1,1,10,2024,2,71,3.0,1400000.0,28336
8085896,1,2,1,10,2024,2,55,5.0,900000.0,63020
8045507,1,2,1,10,2024,2,35,5.0,240000.0,17473
8047289,1,1,1,10,2024,1,47,9.0,4500000.0,21364
8039667,1,2,1,10,2024,2,50,5.0,900000.0,3471
8049669,1,2,1,10,2024,2,40,3.0,700000.0,26031
8040143,1,2,1,10,2024,2,35,5.0,1460000.0,4485
8043352,1,2,1,10,2024,1,21,9.0,1300000.0,11767
8050249,1,1,1,10,2024,2,45,5.0,105000.0,27456
8042690,1,1,1,10,2024,1,24,5.0,1500000.0,10321
8041780,1,1,1,10,2024,2,21,8.0,1450000.0,8278
8056071,1,1,1,10,2024,1,45,11.0,5000000.0,40526
8050345,1,1,1,10,2024,2,44,5.0,400000.0,27701
8082118,1,1,1,10,2024,2,38,5.0,1000000.0,56122
8042165,1,2,1,10,2024,1,58,10.0,0.0,9214
8084210,1,1,1,10,2024,2,54,8.0,1300000.0,60721
8039261,1,2,1,10,2024,2,22,8.0,1500000.0,2713
8078087,1,2,1,10,2024,1,73,3.0,430000.0,47597
8053296,1,1,1,10,2024,1,49,10.0,2000000.0,34808
8084245,1,2,1,10,2024,1,32,10.0,700000.0,60792
8079818,1,1,1,10,2024,1,47,11.0,7000000.0,51654
8076101,1,1,1,10,2024,1,47,1.0,1300000.0,42984
8051316,1,3,1,10,2024,1,26,5.0,1200000.0,29868
8039323,1,2,1,10,2024,2,65,5.0,1000000.0,2887
8078107,1,1,1,10,2024,2,61,3.0,160000.0,47644
8049575,1,2,1,10,2024,2,54,7.0,2600000.0,25800
8040032,1,1,1,10,2024,1,26,5.0,1200000.0,4216
8082819,1,1,1,10,2024,1,68,3.0,900000.0,57668
8041382,1,1,1,10,2024,2,50,1.0,500000.0,7425
8053741,1,1,1,10,2024,2,23,5.0,1300000.0,35855
8083525,1,1,1,10,2024,1,39,8.0,1300000.0,59234
8049113,1,1,1,10,2024,1,60,5.0,1200000.0,24940
8083769,1,6,1,10,2024,1,20,5.0,1460000.0,59722
8052962,1,3,1,10,2024,1,28,4.0,1462000.0,34043
8051402,1,1,1,10,2024,1,36,8.0,1600000.0,30100
8085712,1,1,1,10,2024,2,52,4.0,0.0,62677
8075611,1,1,1,10,2024,2,72,3.0,250000.0,41593
8045784,1,2,1,10,2024,2,53,3.0,50000.0,18172
8084579,1,1,1,10,2024,1,62,3.0,1500000.0,61477
8077804,1,1,1,10,2024,2,28,5.0,1300000.0,46997
8046205,1,1,1,10,2024,2,39,6.0,1800000.0,18965
8084305,1,3,1,10,2024,2,24,10.0,150000.0,60919
8047356,1,1,1,10,2024,1,19,10.0,90000.0,21504
8084858,1,1,1,10,2024,1,35,8.0,1600000.0,62068
8052706,1,2,1,10,2024,2,33,5.0,500000.0,33408
8053858,1,2,1,10,2024,1,58,5.0,1500000.0,36028
8055699,1,1,1,10,2024,1,36,4.0,1300000.0,39860
8078734,1,1,1,10,2024,1,55,1.0,1000000.0,49038
8046349,1,2,1,10,2024,2,51,5.0,1300000.0,19343
8038690,1,4,1,10,2024,1,20,10.0,300000.0,1240
8040017,1,1,1,10,2024,1,74,3.0,300000.0,4171
8077660,1,2,1,10,2024,2,37,5.0,240000.0,46674
8080305,1,2,1,10,2024,1,48,3.0,800000.0,52813
8040572,1,2,1,10,2024,1,39,4.0,2000000.0,5549
8039281,1,1,1,10,2024,1,26,5.0,1300000.0,2772
8048240,1,2,1,10,2024,2,35,8.0,1300000.0,23337
8082795,1,1,1,10,2024,2,63,3.0,900000.0,57597
8041845,1,1,1,10,2024,1,43,9.0,5450000.0,8400
8078464,1,1,1,10,2024,1,42,3.0,1600000.0,48472
8086313,1,1,1,10,2024,1,61,9.0,3000000.0,63449
8056098,1,2,1,10,2024,1,39,8.0,1540000.0,40594
8050073,1,3,1,10,2024,1,25,5.0,800000.0,27055
8043806,1,2,1,10,2024,1,24,6.0,800000.0,12956
8086584,1,4,1,10,2024,2,23,8.0,1300000.0,64056
8055123,1,3,1,10,2024,1,22,6.0,1200000.0,38738
8048145,1,1,1,10,2024,1,46,11.0,4000000.0,23170
8082413,1,1,1,10,2024,2,70,5.0,1300000.0,56667
8054737,1,2,1,10,2024,1,21,4.0,1200000.0,37936
8054968,1,1,1,10,2024,2,51,5.0,300000.0,38452
8049084,1,1,1,10,2024,1,60,3.0,1480000.0,24878
8055907,1,2,1,10,2024,1,27,10.0,2500000.0,40241
8053235,1,1,1,10,2024,1,52,5.0,1500000.0,34677
8043816,1,2,1,10,2024,2,41,10.0,50000000.0,12978
8055565,1,3,1,10,2024,1,26,5.0,1462000.0,39547
8039272,1,2,1,10,2024,1,21,5.0,1300000.0,2749
8077512,1,1,1,10,2024,2,27,6.0,600000.0,46365
8044516,1,7,1,10,2024,1,22,9.0,800000.0,14763
8079870,1,1,1,10,2024,1,42,10.0,4500000.0,51794
8080349,1,1,1,10,2024,2,52,8.0,1300000.0,52920
8038343,1,1,1,10,2024,1,44,5.0,1830000.0,418
8039101,1,3,1,10,2024,2,19,9.0,1300000.0,2304
8054339,1,1,1,10,2024,1,36,8.0,1300000.0,37041
8044420,1,1,1,10,2024,2,57,5.0,400000.0,14496
8053700,1,1,1,10,2024,1,50,4.0,1200000.0,35742
8044277,1,2,1,10,2024,1,36,5.0,800000.0,14085
8081249,1,3,1,10,2024,1,20,5.0,1000000.0,54694
8044058,1,3,1,10,2024,2,38,5.0,600000.0,13549
8042086,1,2,1,10,2024,2,49,10.0,2000000.0,8990
8056317,1,1,1,10,2024,2,48,5.0,1800000.0,41057
8048165,1,1,1,10,2024,1,72,12.0,3000000.0,23220
8039945,2,1,2,10,2024,2,62,3.0,750000.0,4065
8053420,1,1,1,10,2024,1,22,8.0,1700000.0,35152
8078046,1,1,1,10,2024,2,46,3.0,200000.0,47524
8079236,1,1,1,10,2024,1,34,3.0,720000.0,50234
8038754,1,3,1,10,2024,1,27,9.0,900000.0,1416
8086651,1,2,1,10,2024,1,35,10.0,1200000.0,64224
8055029,1,4,1,10,2024,2,31,8.0,1300000.0,38612
8081020,1,3,1,10,2024,1,27,5.0,600000.0,54241
8047619,1,1,1,10,2024,2,39,11.0,3300000.0,21993
8082160,1,2,1,10,2024,2,44,5.0,1100000.0,56215
8048679,1,2,1,10,2024,2,42,8.0,1000000.0,24105
8049752,1,1,1,10,2024,1,52,3.0,1300000.0,26269
8041196,1,1,1,10,2024,2,47,11.0,6300000.0,7042
8040149,1,4,1,10,2024,1,71,1.0,800000.0,4503
8047916,1,2,1,10,2024,2,28,10.0,6500000.0,22686
8048186,1,1,1,10,2024,2,51,3.0,400000.0,23249
8081281,1,1,1,10,2024,2,41,10.0,3892000.0,54778
8083079,1,1,1,10,2024,1,46,10.0,600000.0,58276
8039457,1,2,1,10,2024,2,22,9.0,2400000.0,3084
8039756,1,1,1,10,2024,1,21,10.0,200000.0,3666
8078202,1,1,1,10,2024,2,32,8.0,600000.0,47864
8042072,1,1,1,10,2024,1,48,5.0,1300000.0,8962
8081369,1,1,1,10,2024,2,47,10.0,1800000.0,54952
8046605,1,2,1,10,2024,2,43,3.0,18000.0,20025
8045624,1,3,1,10,2024,1,31,10.0,4000000.0,17756
8054516,1,2,1,10,2024,2,43,3.0,1300000.0,37435
8054562,1,2,1,10,2024,2,23,5.0,1462000.0,37534
8086039,1,1,1,10,2024,2,48,9.0,2800000.0,63211
8043287,1,1,1,10,2024,2,46,5.0,1150000.0,11586
8040139,1,1,1,10,2024,2,39,6.0,1300000.0,4475
8040970,1,1,1,10,2024,1,64,5.0,700000.0,6468
8042093,1,3,1,10,2024,1,28,8.0,400000.0,9011
8041343,1,1,1,10,2024,1,29,5.0,2000000.0,7301
8042692,1,3,1,10,2024,1,31,10.0,2600000.0,10325
8050277,1,1,1,10,2024,1,55,10.0,4000000.0,27528
8056038,1,6,1,10,2024,1,24,3.0,600000.0,40468
8079153,1,2,1,10,2024,1,39,5.0,1100000.0,49974
8081142,1,2,1,10,2024,2,54,5.0,1300000.0,54470
8084976,1,1,1,10,2024,1,28,4.0,1300000.0,62355
8050027,1,1,1,10,2024,2,36,5.0,1350000.0,26932
8077564,1,1,1,10,2024,1,43,4.0,800000.0,46489
8079656,1,1,1,10,2024,1,26,8.0,1400000.0,51148
8045665,1,2,1,10,2024,1,22,4.0,1570000.0,17883
8046366,1,1,1,10,2024,2,56,11.0,3700000.0,19389
8080409,1,2,1,10,2024,1,58,9.0,2000000.0,53086
8084884,1,1,1,10,2024,2,32,5.0,500000.0,62120
8044165,1,2,1,10,2024,2,36,8.0,4500000.0,13802
8044720,1,2,1,10,2024,2,18,5.0,1300000.0,15316
8040050,1,2,1,10,2024,1,35,5.0,4800000.0,4267
8053063,1,1,1,10,2024,1,37,10.0,5690000.0,34334
8085035,1,1,1,10,2024,2,49,4.0,500000.0,62478
8055041,1,2,1,10,2024,2,39,12.0,3500000.0,38650
8046685,1,3,1,10,2024,2,24,10.0,240000.0,20192
8084009,1,2,1,10,2024,2,42,5.0,500000.0,60218
8053138,1,1,1,10,2024,2,59,10.0,12000000.0,34459
8046582,1,2,1,10,2024,2,53,12.0,6000000.0,19961
8042289,1,1,1,10,2024,1,33,5.0,2500000.0,9493
8083296,1,2,1,10,2024,1,50,8.0,2000000.0,58771
8082080,1,1,1,10,2024,2,55,8.0,1300000.0,56068
8086765,1,1,1,10,2024,2,31,5.0,1300000.0,64454
8051069,1,3,1,10,2024,2,22,5.0,720000.0,29602
8038529,1,1,1,10,2024,2,66,3.0,500000.0,836
8052571,1,2,1,10,2024,1,35,5.0,1400000.0,33126
8046056,1,1,1,10,2024,1,68,3.0,240000.0,18608
8085754,1,1,1,10,2024,2,55,3.0,250000.0,62785
8050429,1,1,1,10,2024,1,39,5.0,2100000.0,27905
8038941,1,2,1,10,2024,2,55,8.0,500000.0,1882
8047827,1,1,1,10,2024,1,21,6.0,1000000.0,22475
8049686,1,1,1,10,2024,1,30,5.0,820000.0,26070
8043940,1,1,1,10,2024,2,81,1.0,20000.0,13264
8051893,1,1,1,10,2024,1,47,5.0,1300000.0,31347
8045776,1,2,1,10,2024,2,54,9.0,0.0,18150
8040821,1,2,1,10,2024,1,45,10.0,2500000.0,6103
8040137,1,2,1,10,2024,2,30,5.0,500000.0,4470
8041606,1,2,1,10,2024,2,26,8.0,1500000.0,7957
8044586,1,2,1,10,2024,2,41,11.0,10000000.0,14963
8055951,1,2,1,10,2024,1,47,10.0,2500000.0,40322
8077708,1,1,1,10,2024,1,43,5.0,2800000.0,46788
8040805,1,1,1,10,2024,1,53,5.0,1200000.0,6071
8082342,1,4,1,10,2024,2,28,5.0,1462000.0,56522
8039228,1,2,1,10,2024,1,22,5.0,150000.0,2640
8075906,1,1,1,10,2024,1,53,3.0,1200000.0,42392
8085994,1,3,1,10,2024,2,47,5.0,1300000.0,63169
8047576,1,1,1,10,2024,2,27,10.0,1800000.0,21887
8041371,1,1,1,10,2024,1,41,5.0,1462000.0,7390
8080595,1,4,1,10,2024,1,65,3.0,650000.0,53392
8050663,1,1,1,10,2024,1,60,11.0,4500000.0,28540
8050763,1,6,1,10,2024,2,22,5.0,500000.0,28772
8075638,1,2,1,10,2024,1,62,3.0,800000.0,41680
8082807,1,1,1,10,2024,2,44,9.0,1894000.0,57640
8043213,1,1,1,10,2024,2,54,3.0,600000.0,11407
8080358,1,1,1,10,2024,1,25,3.0,1000000.0,52948
8052300,1,2,1,10,2024,1,55,1.0,900000.0,32386
8054836,1,1,1,10,2024,2,33,5.0,400000.0,38163
8042607,1,1,1,10,2024,1,63,6.0,1500000.0,10142
8051521,1,1,1,10,2024,1,22,3.0,1300000.0,30400
8048118,2,1,2,10,2024,2,45,3.0,820000.0,23088
8051522,1,1,1,10,2024,1,31,4.0,700000.0,30403
8054289,1,1,1,10,2024,1,39,9.0,1300000.0,36888
8086243,1,2,1,10,2024,1,54,3.0,2000000.0,63349
8052435,1,1,1,10,2024,2,44,3.0,1500000.0,32783
8038938,1,2,1,10,2024,2,60,4.0,800000.0,1869
8076082,1,3,1,10,2024,1,20,5.0,240000.0,42951
8082575,1,2,1,10,2024,1,22,3.0,50000.0,57020
8048158,1,1,1,10,2024,1,33,11.0,7000000.0,23209
8055944,1,2,1,10,2024,1,57,5.0,1300000.0,40305
8056483,1,1,1,10,2024,2,23,8.0,2800000.0,41416
8051254,1,1,1,10,2024,1,54,8.0,1738000.0,29684
8053262,1,4,1,10,2024,1,33,3.0,1300000.0,34740
8052868,1,1,1,10,2024,1,38,5.0,1300000.0,33790
8051997,1,2,1,10,2024,2,73,3.0,1600000.0,31587
8048978,1,1,1,10,2024,2,29,10.0,3500000.0,24705
8080087,1,3,1,10,2024,2,18,8.0,50000.0,52230
8049563,1,3,1,10,2024,1,40,3.0,400000.0,25774
8077645,1,1,1,10,2024,1,67,3.0,0.0,46654
8049614,1,1,1,10,2024,1,43,4.0,800000.0,25893
8077080,1,2,1,10,2024,2,21,10.0,500000.0,45368
8048566,1,1,1,10,2024,1,41,4.0,2500000.0,23931
8045412,1,3,1,10,2024,1,25,6.0,1200000.0,17190
8052512,1,1,1,10,2024,1,32,3.0,1680000.0,32971
8040104,1,3,1,10,2024,1,33,1.0,800000.0,4384
8041170,1,4,1,10,2024,1,21,5.0,200000.0,6967
8078110,1,1,1,10,2024,2,53,3.0,225000.0,47651
8050251,1,1,1,10,2024,1,75,3.0,150000.0,27462
8043654,1,5,1,10,2024,2,22,5.0,60000.0,12557
8056072,1,4,1,10,2024,2,55,8.0,760000.0,40532
8082722,1,2,1,10,2024,1,32,8.0,1300000.0,57405
8080081,1,2,1,10,2024,2,37,5.0,1300000.0,52219
8040542,1,2,1,10,2024,1,36,3.0,1300000.0,5466
8047049,1,1,1,10,2024,2,28,10.0,1300000.0,20892
8082460,1,1,1,10,2024,1,40,5.0,1300000.0,56750
8078703,1,1,1,10,2024,1,31,3.0,1300000.0,48970
8049522,1,1,1,10,2024,2,41,5.0,1500000.0,25673
8041067,1,3,1,10,2024,2,24,10.0,4200000.0,6718
8044621,1,1,1,10,2024,2,46,5.0,200000.0,15052
8078872,1,1,1,10,2024,1,76,1.0,600000.0,49329
8077959,1,1,1,10,2024,2,46,5.0,400000.0,47312
8044685,1,2,1,10,2024,1,50,4.0,1500000.0,15233
8083785,1,1,1,10,2024,1,43,5.0,8000000.0,59751
8084549,1,1,1,10,2024,1,35,8.0,2600000.0,61403
8040928,1,1,1,10,2024,2,44,10.0,2500000.0,6379
8041948,1,5,1,10,2024,2,42,9.0,1800000.0,8691
8081326,1,1,1,10,2024,1,45,1.0,1500000.0,54878
8039411,1,1,1,10,2024,2,73,1.0,1230000.0,3007
8082850,1,1,1,10,2024,1,40,4.0,1000000.0,57738
8038935,1,2,1,10,2024,1,37,4.0,480000.0,1860
8076436,1,1,1,10,2024,2,35,10.0,600000.0,43832
8081584,1,1,1,10,2024,2,42,10.0,1900000.0,55435
8076068,1,1,1,10,2024,1,40,1.0,400000.0,42907
8051344,1,2,1,10,2024,2,27,10.0,2000000.0,29947
8053562,1,3,1,10,2024,1,28,5.0,1080000.0,35390
8050240,1,1,1,10,2024,1,28,11.0,4600000.0,27431
8076545,1,1,1,10,2024,2,61,3.0,200000.0,44126
8082960,1,1,1,10,2024,1,49,4.0,900000.0,57980
8076139,1,2,1,10,2024,1,53,5.0,500000.0,43117
8056412,1,3,1,10,2024,1,20,5.0,1000000.0,41298
8051334,1,2,1,10,2024,2,60,3.0,1000000.0,29914
8080184,1,1,1,10,2024,1,42,10.0,2800000.0,52513
8038291,1,2,1,10,2024,2,42,5.0,1680000.0,283
8050466,1,1,1,10,2024,2,53,4.0,600000.0,28004
8038905,1,2,1,10,2024,2,34,10.0,1800000.0,1772
8055033,1,1,1,10,2024,1,47,5.0,1300000.0,38619
8083623,1,3,1,10,2024,2,39,5.0,1300000.0,59439
8077239,1,1,1,10,2024,1,57,3.0,600000.0,45805
8078834,1,1,1,10,2024,2,38,11.0,6200000.0,49259
8050803,1,2,1,10,2024,1,23,4.0,800000.0,28873
8053515,1,1,1,10,2024,1,35,4.0,2000000.0,35286
8055515,1,3,1,10,2024,1,27,10.0,2600000.0,39493
8081252,1,2,1,10,2024,2,47,5.0,850000.0,54705
8080200,1,3,1,10,2024,1,34,8.0,1800000.0,52547
8048905,1,1,1,10,2024,2,33,5.0,1300000.0,24560
8084506,1,1,1,10,2024,2,44,8.0,623000.0,61329
8050974,1,1,1,10,2024,1,48,5.0,2000000.0,29356
8076677,1,3,1,10,2024,1,33,11.0,4000000.0,44428
8056286,1,4,1,10,2024,1,22,5.0,500000.0,41001
8079103,1,1,1,10,2024,1,55,1.0,900000.0,49869
8042003,1,1,1,10,2024,2,39,5.0,200000.0,8844
8042439,1,1,1,10,2024,2,57,4.0,1200000.0,9811
8078303,1,1,1,10,2024,1,36,3.0,1300000.0,48121
8055756,1,3,1,10,2024,1,24,5.0,800000.0,39894
8038705,1,2,1,10,2024,2,34,10.0,3000000.0,1277
8049624,1,1,1,10,2024,1,41,3.0,1000000.0,25927
8040436,1,1,1,10,2024,1,53,3.0,1300000.0,5216
8038910,1,2,1,10,2024,1,49,5.0,1500000.0,1786
8082325,1,3,1,10,2024,2,29,5.0,1462000.0,56476
8076984,1,1,1,10,2024,1,45,4.0,800000.0,45101
8041396,1,3,1,10,2024,2,55,10.0,1300000.0,7456
8049716,1,1,1,10,2024,2,40,5.0,1300000.0,26163
8050315,1,2,1,10,2024,1,23,5.0,1300000.0,27586
8043667,1,1,1,10,2024,2,52,11.0,2500000.0,12592
8077343,1,1,1,10,2024,1,38,3.0,1000000.0,46039
8046701,1,1,1,10,2024,1,62,5.0,2000000.0,20236
8050410,1,1,1,10,2024,2,55,11.0,6000000.0,27866
8043818,1,1,1,10,2024,2,28,10.0,1800000.0,12984
8041418,1,1,1,10,2024,1,79,3.0,300000.0,7511
8042815,1,1,1,10,2024,1,36,10.0,2700000.0,10615
8040090,1,2,1,10,2024,2,54,8.0,1300000.0,4342
8044864,1,1,1,10,2024,1,49,5.0,3000000.0,15693
8045382,1,3,1,10,2024,2,48,5.0,300000.0,17096
8080521,1,4,1,10,2024,2,34,8.0,1400000.0,53227
8053960,1,1,1,10,2024,1,38,11.0,2000000.0,36231
8045434,1,2,1,10,2024,2,24,10.0,2000000.0,17250
8085094,1,1,1,10,2024,2,56,5.0,1800000.0,62605
8046466,1,1,1,10,2024,1,58,5.0,8000000.0,19609
8052217,1,3,1,10,2024,1,22,5.0,900000.0,32134
8040979,1,1,1,10,2024,1,67,5.0,5000000.0,6493
8086575,1,3,1,10,2024,2,43,5.0,1000000.0,64023
8052735,1,2,1,10,2024,2,37,3.0,1000000.0,33466
8052109,1,2,1,10,2024,2,60,3.0,120000.0,31866
8050928,1,1,1,10,2024,2,56,5.0,1400000.0,29223
8043225,1,2,1,10,2024,2,30,10.0,2500000.0,11436
8038811,1,1,1,10,2024,2,62,11.0,4000000.0,1541
8047604,1,4,1,10,2024,2,40,5.0,1250000.0,21958
8051855,1,3,1,10,2024,2,53,3.0,360000.0,31264
8077800,1,2,1,10,2024,1,27,8.0,1300000.0,46992
8054872,1,1,1,10,2024,2,44,8.0,1462000.0,38254
8083499,1,1,1,10,2024,2,64,3.0,820000.0,59202
8079867,1,3,1,10,2024,1,31,11.0,3200000.0,51786
8052218,1,1,1,10,2024,1,67,1.0,800000.0,32136
8047122,1,2,1,10,2024,1,24,5.0,740000.0,21020
8080535,1,4,1,10,2024,2,21,10.0,2300000.0,53263
8086287,1,1,1,10,2024,1,32,9.0,3000000.0,63412
8054517,1,1,1,10,2024,2,55,8.0,1000000.0,37438
8051393,1,1,1,10,2024,2,72,3.0,200000.0,30067
8084818,1,1,1,10,2024,2,30,8.0,350000.0,61972
8046551,1,2,1,10,2024,1,74,3.0,360000.0,19856
8044087,1,1,1,10,2024,2,44,8.0,1300000.0,13628
8053027,1,1,1,10,2024,1,48,5.0,1300000.0,34254
8082287,1,1,1,10,2024,2,53,8.0,1300000.0,56396
8044508,1,1,1,10,2024,1,40,9.0,1800000.0,14731
8086802,1,1,1,10,2024,2,34,3.0,1000000.0,64516
8085796,1,2,1,10,2024,2,35,5.0,1600000.0,62891
8082888,1,1,1,10,2024,2,25,5.0,300000.0,57835
8080264,1,1,1,10,2024,1,51,3.0,1200000.0,52719
8052609,1,1,1,10,2024,1,24,5.0,1000000.0,33236
8080403,1,2,1,10,2024,2,27,10.0,4000000.0,53075
8076563,1,3,1,10,2024,1,40,3.0,2500000.0,44159
8040892,1,1,1,10,2024,2,38,5.0,700000.0,6292
8052345,1,3,1,10,2024,1,19,4.0,300000.0,32517
8049373,1,2,1,10,2024,2,43,3.0,800000.0,25457
8044447,1,2,1,10,2024,1,43,5.0,40000.0,14571
8039414,1,1,1,10,2024,1,65,5.0,1200000.0,3008
8055039,1,3,1,10,2024,2,19,5.0,1300000.0,38643
8051604,1,1,1,10,2024,1,53,11.0,8000000.0,30583
8052008,1,2,1,10,2024,1,46,8.0,1500000.0,31616
8052810,1,3,1,10,2024,1,18,5.0,1300000.0,33645
8054832,1,1,1,10,2024,1,44,3.0,1000000.0,38159
8039042,1,2,1,10,2024,1,53,5.0,1300000.0,2127
8085819,1,1,1,10,2024,2,45,5.0,1800000.0,62921
8056332,1,2,1,10,2024,2,26,10.0,1700000.0,41090
8054861,1,4,1,10,2024,1,20,5.0,1000000.0,38231
8042298,1,1,1,10,2024,2,35,8.0,1300000.0,9508
8042265,1,1,1,10,2024,1,60,9.0,2300000.0,9455
8045436,1,2,1,10,2024,2,57,5.0,1300000.0,17254
8084167,1,1,1,10,2024,1,28,5.0,2000000.0,60590
8081235,1,1,1,10,2024,1,61,3.0,600000.0,54642
8055847,1,2,1,10,2024,1,39,4.0,700000.0,40094
8085772,1,3,1,10,2024,2,21,5.0,1800000.0,62822
8080806,1,3,1,10,2024,1,39,8.0,2000000.0,53794
8079104,1,1,1,10,2024,1,51,3.0,1200000.0,49871
8054636,1,1,1,10,2024,1,26,5.0,1400000.0,37690
8075681,1,1,1,10,2024,1,55,3.0,950000.0,41804
8055605,1,2,1,10,2024,2,21,5.0,1300000.0,39626
8045011,1,3,1,10,2024,1,39,4.0,1300000.0,16106
8045220,1,1,1,10,2024,1,35,5.0,1800000.0,16676
8055272,1,1,1,10,2024,2,24,5.0,1300000.0,39075
8083350,1,2,1,10,2024,1,35,5.0,1500000.0,58910
8077858,1,1,1,10,2024,1,25,5.0,700000.0,47106
8039943,1,1,1,10,2024,1,44,5.0,1800000.0,4056
8048461,1,1,1,10,2024,1,63,3.0,600000.0,23724
8046334,1,1,1,10,2024,2,50,5.0,1300000.0,19311
8043075,1,3,1,10,2024,2,24,5.0,400000.0,11090
8050518,1,1,1,10,2024,1,73,8.0,1000000.0,28189
8039102,1,2,1,10,2024,1,33,8.0,1300000.0,2307
8055002,1,1,1,10,2024,1,33,6.0,1320000.0,38528
8042406,1,2,1,10,2024,1,43,5.0,1600000.0,9746
8040634,1,2,1,10,2024,1,31,3.0,1900000.0,5685
8041236,1,1,1,10,2024,1,36,13.0,3500000.0,7140
8082464,1,4,1,10,2024,2,20,8.0,750000.0,56763
8054119,1,2,1,10,2024,2,36,5.0,900000.0,36537
8040454,1,3,1,10,2024,1,41,5.0,1300000.0,5267
8077009,1,1,1,10,2024,1,50,5.0,1300000.0,45150
8040838,1,1,1,10,2024,1,39,8.0,1300000.0,6135
8039282,1,1,1,10,2024,1,35,6.0,1680000.0,2775
8041027,1,1,1,10,2024,1,55,9.0,1200000.0,6623
8040377,1,2,1,10,2024,2,27,10.0,1400000.0,5072
8046387,1,3,1,10,2024,1,46,11.0,5000000.0,19433
8049869,1,1,1,10,2024,2,44,5.0,1000000.0,26553
8049748,1,2,1,10,2024,2,31,8.0,1300000.0,26258
8048524,1,6,1,10,2024,2,25,5.0,1300000.0,23857
8053800,1,1,1,10,2024,2,70,3.0,500000.0,35906
8083326,1,1,1,10,2024,1,34,10.0,2000000.0,58852
8048588,1,2,1,10,2024,2,48,10.0,3000000.0,23962
8078643,1,1,1,10,2024,1,58,3.0,1300000.0,48854
8049745,1,1,1,10,2024,2,51,10.0,1550000.0,26251
8040472,1,2,1,10,2024,1,34,5.0,1300000.0,5314
8080630,1,2,1,10,2024,2,24,5.0,1100000.0,53459
8041627,1,3,1,10,2024,1,23,10.0,1000000.0,8002
8048902,1,1,1,10,2024,2,23,8.0,1500000.0,24554
8079560,1,1,1,10,2024,1,43,9.0,1800000.0,50988
8041599,1,1,1,10,2024,1,62,5.0,0.0,7945
8050532,1,1,1,10,2024,1,51,1.0,1500000.0,28231
8047345,1,1,1,10,2024,2,32,5.0,900000.0,21477
8039557,1,1,1,10,2024,1,52,10.0,3500000.0,3296
8078931,1,2,1,10,2024,2,49,5.0,0.0,49472
8078908,1,1,1,10,2024,1,32,1.0,1850000.0,49414
8053945,1,1,1,10,2024,2,63,5.0,1300000.0,36201
8045521,1,2,1,10,2024,1,40,4.0,700000.0,17514
8050019,1,1,1,10,2024,2,35,6.0,1800000.0,26908
8048083,1,1,1,10,2024,2,41,10.0,800000.0,23010
8046705,1,3,1,10,2024,1,29,10.0,1300000.0,20251
8054080,1,3,1,10,2024,1,17,10.0,1200000.0,36453
8053994,1,1,1,10,2024,2,42,10.0,2000000.0,36289
8084889,1,3,1,10,2024,2,26,6.0,1500000.0,62132
8054224,1,2,1,10,2024,2,26,10.0,1300000.0,36769
8075991,1,2,1,10,2024,2,31,8.0,1300000.0,42682
8040371,1,2,1,10,2024,1,36,4.0,1500000.0,5053
8038470,1,1,1,10,2024,1,23,5.0,1462000.0,709
8055982,1,1,1,10,2024,1,26,5.0,1200000.0,40378
8043925,1,1,1,10,2024,1,33,5.0,2000000.0,13236
8045285,1,1,1,10,2024,2,50,1.0,1190000.0,16840
8085029,1,4,1,10,2024,2,26,5.0,800000.0,62459
8082685,1,3,1,10,2024,1,40,10.0,2800000.0,57325
8085955,1,1,1,10,2024,1,61,5.0,1200000.0,63092
8052292,1,4,1,10,2024,2,28,5.0,30000.0,32367
8050245,1,3,1,10,2024,1,39,5.0,1300000.0,27446
8078515,1,3,1,10,2024,1,60,4.0,1122000.0,48575
8082995,1,1,1,10,2024,1,53,5.0,350000.0,58065
8048435,1,2,1,10,2024,2,39,10.0,1500000.0,23677
8056217,1,3,1,10,2024,1,26,10.0,1900000.0,40838
8053229,1,2,1,10,2024,2,41,5.0,1000000.0,34660
8084532,1,1,1,10,2024,1,54,4.0,1300000.0,61377
8038825,1,1,1,10,2024,2,50,5.0,130000.0,1581
8040973,1,1,1,10,2024,2,41,8.0,1600000.0,6479
8052305,1,2,1,10,2024,1,40,4.0,1300000.0,32407
8052077,1,2,1,10,2024,1,32,4.0,600000.0,31784
8076109,1,1,1,10,2024,2,43,4.0,700000.0,43021
8047526,1,1,1,10,2024,1,34,6.0,1400000.0,21769
8084771,1,1,1,10,2024,2,23,10.0,1400000.0,61866
8084018,1,2,1,10,2024,2,29,5.0,900000.0,60247
8038708,1,2,1,10,2024,2,54,5.0,1300000.0,1285
8052581,1,3,1,10,2024,2,22,10.0,1500000.0,33163
8044269,1,2,1,10,2024,1,41,5.0,2200000.0,14055
8076535,1,2,1,10,2024,2,29,5.0,850000.0,44108
8044667,1,4,1,10,2024,2,25,5.0,1300000.0,15182
8051387,1,1,1,10,2024,1,33,12.0,5500000.0,30054
8076686,1,4,1,10,2024,1,24,10.0,1000000.0,44441
8047597,1,8,1,10,2024,2,51,8.0,1300000.0,21948
8055008,1,5,1,10,2024,2,40,10.0,1700000.0,38550
8056148,1,1,1,10,2024,1,58,5.0,1600000.0,40696
8044853,1,1,1,10,2024,2,43,11.0,2500000.0,15666
8045118,1,3,1,10,2024,2,30,5.0,700000.0,16384
8078993,1,2,1,10,2024,1,37,3.0,900000.0,49617
8054898,1,1,1,10,2024,2,28,5.0,1300000.0,38312
8055575,1,1,1,10,2024,1,30,11.0,8000000.0,39570
8052030,1,1,1,10,2024,1,45,3.0,1300000.0,31666
8053572,1,3,1,10,2024,1,20,5.0,1300000.0,35421
8083471,1,2,1,10,2024,1,33,8.0,1600000.0,59141
8043407,1,1,1,10,2024,1,59,1.0,150000.0,11892
8045756,1,2,1,10,2024,2,22,9.0,1462000.0,18112
8047621,1,2,1,10,2024,1,48,5.0,1000000.0,21997
8083620,1,1,1,10,2024,1,39,5.0,1300000.0,59432
8051970,1,1,1,10,2024,2,47,8.0,1350000.0,31534
8086477,1,1,1,10,2024,1,33,9.0,1300000.0,63768
8078548,1,2,1,10,2024,2,47,4.0,230000.0,48649
8076327,1,1,1,10,2024,1,57,3.0,300000.0,43596
8083341,1,1,1,10,2024,1,66,4.0,1800000.0,58888
8051505,1,3,1,10,2024,1,67,1.0,650000.0,30366
8082805,1,1,1,10,2024,1,66,5.0,400000.0,57635
8047019,1,1,1,10,2024,2,50,10.0,1000000.0,20847
8038497,1,1,1,10,2024,2,51,8.0,1900000.0,765
8044819,1,2,1,10,2024,2,30,4.0,400000.0,15567
8055809,1,2,1,10,2024,1,57,3.0,1000000.0,40021
8077977,1,1,1,10,2024,2,62,3.0,150000.0,47359
8054225,1,1,1,10,2024,1,59,5.0,700000.0,36770
8078327,1,1,1,10,2024,2,32,6.0,600000.0,48175
8042602,1,3,1,10,2024,1,27,6.0,1300000.0,10129
8056215,1,1,1,10,2024,1,62,5.0,1960000.0,40831
8042246,1,1,1,10,2024,1,44,10.0,3100000.0,9412
8046421,1,3,1,10,2024,2,29,8.0,2000000.0,19507
8081112,1,1,1,10,2024,1,29,4.0,1000000.0,54413
8050735,1,1,1,10,2024,1,56,8.0,2100000.0,28692
8076779,1,3,1,10,2024,2,20,5.0,1300000.0,44682
8042406,1,1,1,10,2024,2,39,5.0,1400000.0,9745
8083781,1,2,1,10,2024,2,36,5.0,2500000.0,59744
8048163,1,1,1,10,2024,1,32,10.0,1500000.0,23217
8046854,1,1,1,10,2024,1,51,5.0,2000000.0,20581
8053298,1,1,1,10,2024,2,69,5.0,600000.0,34814
8051682,1,2,1,10,2024,1,28,10.0,2033000.0,30761
8039065,1,1,1,10,2024,1,31,10.0,1500000.0,2187
8039726,1,6,1,10,2024,2,52,3.0,600000.0,3612
8078296,1,1,1,10,2024,1,45,6.0,300000.0,48099
8040013,1,1,1,10,2024,2,62,3.0,1460000.0,4161
8038552,1,2,1,10,2024,1,20,5.0,1300000.0,894
8049386,1,1,1,10,2024,2,60,8.0,3300000.0,25488
8081249,1,1,1,10,2024,1,39,5.0,1000000.0,54692
8045967,1,1,1,10,2024,1,32,5.0,1200000.0,18371
8083191,1,2,1,10,2024,2,49,8.0,1800000.0,58495
8080337,1,2,1,10,2024,2,23,10.0,800000.0,52891
8077775,1,1,1,10,2024,1,39,5.0,1300000.0,46931
8056381,1,2,1,10,2024,1,27,6.0,1300000.0,41217
8077535,1,1,1,10,2024,1,69,1.0,1500000.0,46417
8042177,1,1,1,10,2024,1,40,5.0,900000.0,9242
8077271,1,1,1,10,2024,1,68,1.0,500000.0,45895
8044977,1,1,1,10,2024,2,51,3.0,350000.0,15983
8048722,1,1,1,10,2024,1,63,10.0,5000000.0,24215
8040239,1,1,1,10,2024,2,44,10.0,3000000.0,4767
8040202,1,2,1,10,2024,1,29,10.0,2500000.0,4649
8050388,1,1,1,10,2024,1,44,5.0,1300000.0,27824
8050660,1,2,1,10,2024,2,34,11.0,4000000.0,28537
8054238,1,1,1,10,2024,1,35,4.0,1000000.0,36798
8054364,1,1,1,10,2024,2,49,4.0,700000.0,37095
8052201,1,1,1,10,2024,2,74,1.0,100000.0,32090
8079743,1,1,1,10,2024,1,38,4.0,800000.0,51402
8048144,1,1,1,10,2024,1,65,9.0,500000.0,23168
8042152,1,2,1,10,2024,1,56,5.0,1300000.0,9181
8055283,1,2,1,10,2024,1,53,3.0,960000.0,39095
8078916,1,2,1,10,2024,1,21,5.0,1400000.0,49439
8078945,1,1,1,10,2024,1,81,3.0,3000000.0,49505
8052213,1,2,1,10,2024,2,35,5.0,1000000.0,32118
8040734,1,1,1,10,2024,2,62,1.0,60000.0,5890
8077909,1,1,1,10,2024,1,68,1.0,1480000.0,47187
8084257,1,1,1,10,2024,2,44,10.0,1900000.0,60826
8084515,1,1,1,10,2024,2,22,5.0,1300000.0,61339
8040317,1,1,1,10,2024,1,60,3.0,500000.0,4938
8054095,1,1,1,10,2024,1,26,8.0,1800000.0,36488
8042476,1,1,1,10,2024,2,51,3.0,1300000.0,9893
8045368,1,4,1,10,2024,1,31,10.0,1300000.0,17061
8078954,1,1,1,10,2024,1,59,3.0,300000.0,49530
8048030,1,1,1,10,2024,1,41,5.0,1400000.0,22880
8075675,1,1,1,10,2024,1,29,5.0,1000000.0,41789
8084131,1,2,1,10,2024,1,49,3.0,1500000.0,60542
8048644,1,1,1,10,2024,2,63,11.0,5400000.0,24044
8077303,1,1,1,10,2024,1,57,3.0,1300000.0,45949
8043984,1,1,1,10,2024,2,68,5.0,800000.0,13390
8054886,1,2,1,10,2024,2,35,5.0,1462000.0,38294
8044673,1,1,1,10,2024,1,55,5.0,1300000.0,15192
8040478,1,1,1,10,2024,2,54,3.0,250000.0,5329
8052534,1,1,1,10,2024,2,41,5.0,1800000.0,33029
8044628,1,3,1,10,2024,1,29,9.0,1460000.0,15076
8084940,1,1,1,10,2024,1,52,8.0,2000000.0,62248
8085070,1,2,1,10,2024,2,20,10.0,1300000.0,62556
8079903,1,1,1,10,2024,1,65,3.0,1300000.0,51893
8078085,1,1,1,10,2024,2,66,3.0,80000.0,47593
8084456,1,2,1,10,2024,1,52,4.0,1600000.0,61236
8076612,1,1,1,10,2024,1,60,3.0,1700000.0,44279
8054933,1,1,1,10,2024,1,62,5.0,2000000.0,38389
8086457,1,1,1,10,2024,1,41,5.0,2000000.0,63728
8043238,1,3,1,10,2024,1,29,5.0,1350000.0,11458
8041130,1,1,1,10,2024,1,27,5.0,1200000.0,6877
8042191,1,1,1,10,2024,2,48,3.0,860000.0,9286
8079764,1,1,1,10,2024,1,67,3.0,750000.0,51489
8044668,1,1,1,10,2024,2,50,3.0,600000.0,15183
8047591,1,2,1,10,2024,1,29,10.0,1300000.0,21937
8045306,1,2,1,10,2024,2,36,11.0,5000000.0,16899
8053895,1,1,1,10,2024,1,34,10.0,2800000.0,36099
8078474,1,1,1,10,2024,1,51,3.0,1700000.0,48502
8080720,1,2,1,10,2024,2,43,8.0,1300000.0,53638
8077894,1,2,1,10,2024,1,45,3.0,920000.0,47161
8086117,1,3,1,10,2024,2,57,11.0,3900000.0,63311
8048411,1,2,1,10,2024,2,31,10.0,3600000.0,23637
8038229,1,1,1,10,2024,1,28,5.0,1300000.0,113
8039189,1,4,1,10,2024,2,25,10.0,1300000.0,2535
8075777,1,1,1,10,2024,2,37,7.0,1643000.0,42046
8086643,1,2,1,10,2024,2,50,11.0,16900000.0,64203
8046656,1,4,1,10,2024,1,47,5.0,1980000.0,20136
8048242,1,1,1,10,2024,1,28,5.0,1500000.0,23346
8076182,1,2,1,10,2024,2,27,5.0,516000.0,43254
8038778,1,1,1,10,2024,1,51,5.0,1700000.0,1489
8084429,1,1,1,10,2024,2,37,5.0,1300000.0,61187
8042448,1,1,1,10,2024,1,50,3.0,1300000.0,9838
8042200,1,1,1,10,2024,1,57,11.0,4000000.0,9307
8053444,1,1,1,10,2024,2,40,5.0,600000.0,35178
8045240,1,1,1,10,2024,2,57,5.0,840000.0,16749
8052409,1,1,1,10,2024,2,52,4.0,750000.0,32724
8045250,1,2,1,10,2024,2,33,10.0,700000.0,16763
8044920,1,1,1,10,2024,1,31,10.0,2000000.0,15849
8041212,1,1,1,10,2024,2,65,5.0,200000.0,7081
8086520,1,1,1,10,2024,1,38,10.0,3000000.0,63872
8076737,1,3,1,10,2024,1,31,12.0,2000000.0,44577
8079920,1,1,1,10,2024,2,27,10.0,2500000.0,51929
8051614,1,2,1,10,2024,1,31,4.0,1100000.0,30606
8046455,1,1,1,10,2024,1,34,9.0,1500000.0,19580
8076413,1,1,1,10,2024,2,51,10.0,5000000.0,43789
8084905,1,1,1,10,2024,1,40,10.0,1600000.0,62172
8084182,1,1,1,10,2024,1,53,10.0,5970000.0,60645
8052423,1,3,1,10,2024,2,25,5.0,1600000.0,32765
8049314,1,5,1,10,2024,1,35,5.0,800000.0,25338
8046182,1,2,1,10,2024,1,64,1.0,1800000.0,18902
8050162,1,1,1,10,2024,2,52,8.0,1400000.0,27237
8076501,1,1,1,10,2024,2,56,3.0,400000.0,44022
8049574,1,2,1,10,2024,2,27,10.0,4000000.0,25797
8040381,1,3,1,10,2024,1,31,10.0,2500000.0,5084
8052002,1,2,1,10,2024,1,56,4.0,1800000.0,31599
8045934,1,1,1,10,2024,2,44,3.0,1000000.0,18272
8080921,1,1,1,10,2024,1,40,5.0,600000.0,54024
8050479,1,3,1,10,2024,2,24,9.0,1300000.0,28047
8046893,1,1,1,10,2024,1,59,10.0,14000000.0,20678
8050752,1,4,1,10,2024,1,25,10.0,300000.0,28743
8047485,1,1,1,10,2024,1,76,1.0,250000.0,21704
8048806,1,4,1,10,2024,1,61,10.0,800000.0,24335
8044790,1,1,1,10,2024,1,62,1.0,1300000.0,15471
8048113,1,1,1,10,2024,1,68,4.0,900000.0,23070
8040300,1,1,1,10,2024,2,33,5.0,1300000.0,4905
8038500,1,2,1,10,2024,2,47,12.0,8000000.0,770
8086498,1,1,1,10,2024,1,30,9.0,5000000.0,63819
8075788,1,2,1,10,2024,2,50,3.0,70000.0,42081
8080362,1,1,1,10,2024,1,19,10.0,1200000.0,52956
8083190,1,2,1,10,2024,2,63,5.0,480000.0,58493
8076070,1,2,1,10,2024,2,47,3.0,68500.0,42913
8081460,1,1,1,10,2024,2,53,11.0,5800000.0,55193
8038985,1,2,1,10,2024,2,41,5.0,1300000.0,1976
8048913,1,1,1,10,2024,2,42,4.0,1300000.0,24576
8041189,1,1,1,10,2024,1,50,10.0,1500000.0,7028
8049864,1,1,1,10,2024,1,35,6.0,1300000.0,26544
8043668,1,1,1,10,2024,1,61,3.0,1300000.0,12594
8048964,1,1,1,10,2024,1,28,5.0,1462000.0,24689
8051809,1,1,1,10,2024,2,27,5.0,1300000.0,31109
8041586,1,2,1,10,2024,1,45,5.0,2200000.0,7917
8079760,1,2,1,10,2024,2,44,3.0,400000.0,51472
8043969,1,2,1,10,2024,2,63,3.0,600000.0,13364
8041210,1,2,1,10,2024,1,42,5.0,450000.0,7080
8039660,1,1,1,10,2024,2,26,5.0,700000.0,3456
8042445,1,1,1,10,2024,2,42,6.0,0.0,9832
8080499,1,1,1,10,2024,2,54,10.0,3000000.0,53198
8079118,1,3,1,10,2024,1,34,5.0,1600000.0,49893
8077644,1,1,1,10,2024,1,42,5.0,2500000.0,46651
8049379,1,1,1,10,2024,1,63,5.0,1200000.0,25476
8054195,1,2,1,10,2024,1,60,5.0,1200000.0,36721
8083094,1,1,1,10,2024,2,62,3.0,200000.0,58325
8056088,1,2,1,10,2024,2,49,5.0,1300000.0,40574
8049423,1,1,1,10,2024,2,48,10.0,4300000.0,25537
8053622,1,2,1,10,2024,1,37,5.0,1300000.0,35555
8053998,1,1,1,10,2024,1,22,8.0,1300000.0,36299
8046053,1,1,1,10,2024,1,64,3.0,0.0,18600
8053030,1,2,1,10,2024,2,62,3.0,180000.0,34267
8047861,1,1,1,10,2024,2,44,10.0,1800000.0,22565
8053241,1,2,1,10,2024,2,36,10.0,4700000.0,34690
8078073,1,1,1,10,2024,2,79,1.0,65000.0,47583
8079636,1,3,1,10,2024,1,39,4.0,1300000.0,51093
8048015,1,1,1,10,2024,1,57,11.0,5323000.0,22859
8042560,1,1,1,10,2024,2,32,5.0,1000000.0,10061
8082728,1,3,1,10,2024,1,26,5.0,1000000.0,57433
8043514,1,1,1,10,2024,2,52,3.0,800000.0,12212
8053916,1,1,1,10,2024,2,52,8.0,2400000.0,36133
8039004,1,2,1,10,2024,1,53,5.0,1500000.0,2016
8051332,1,1,1,10,2024,2,56,5.0,500000.0,29909
8038693,1,2,1,10,2024,2,53,3.0,500000.0,1248
8052219,1,2,1,10,2024,1,62,1.0,700000.0,32141
8044972,1,1,1,10,2024,2,54,8.0,1800000.0,15970
8077729,1,1,1,10,2024,2,68,3.0,480000.0,46834
8047086,1,1,1,10,2024,2,64,4.0,250000.0,20959
8084024,1,5,1,10,2024,2,27,5.0,1600000.0,60263
8080886,1,2,1,10,2024,2,35,11.0,4100000.0,53948
8079813,1,1,1,10,2024,1,59,5.0,1200000.0,51636
8047234,1,1,1,10,2024,1,65,5.0,2200000.0,21255
8052816,1,2,1,10,2024,1,47,5.0,1200000.0,33661
8043759,1,1,1,10,2024,1,58,5.0,2138000.0,12826
8044770,1,1,1,10,2024,1,40,12.0,2000000.0,15425
8038355,1,2,1,10,2024,2,24,5.0,2000000.0,450
8043380,1,2,1,10,2024,1,19,5.0,2000000.0,11825
8047180,1,2,1,10,2024,1,60,10.0,4200000.0,21122
8040707,1,2,1,10,2024,2,57,13.0,4000000.0,5817
8045020,1,1,1,10,2024,2,25,5.0,600000.0,16130
8076754,1,1,1,10,2024,2,64,5.0,300000.0,44617
8042231,1,3,1,10,2024,2,31,8.0,450000.0,9379
8048902,1,2,1,10,2024,1,30,5.0,1300000.0,24555
8075943,1,3,1,10,2024,1,18,4.0,500000.0,42522
8048232,1,3,1,10,2024,2,25,8.0,1300000.0,23319
8080177,1,1,1,10,2024,1,48,8.0,1200000.0,52489
8050625,1,1,1,10,2024,2,60,6.0,200000.0,28459
8044592,1,2,1,10,2024,1,57,3.0,1000000.0,14982
8045747,1,2,1,10,2024,2,26,8.0,1600000.0,18083
8050943,1,5,1,10,2024,1,45,3.0,1300000.0,29262
8081075,1,1,1,10,2024,2,54,4.0,650000.0,54360
8081309,1,1,1,10,2024,1,39,3.0,720000.0,54843
8075900,1,1,1,10,2024,1,46,1.0,200000.0,42375
8039033,1,3,1,10,2024,2,38,10.0,200000.0,2090
8038811,1,3,1,10,2024,1,44,11.0,3800000.0,1543
8080745,1,2,1,10,2024,2,56,3.0,200000.0,53676
8056246,1,4,1,10,2024,1,41,5.0,1080000.0,40909
8049958,1,1,1,10,2024,2,57,3.0,1300000.0,26750
8043454,1,3,1,10,2024,2,20,9.0,1300000.0,12011
8051746,1,1,1,10,2024,1,47,3.0,1300000.0,30939
8046370,1,1,1,10,2024,2,43,12.0,2000000.0,19395
8052792,1,2,1,10,2024,1,60,3.0,1300000.0,33613
8051461,1,1,1,10,2024,1,42,11.0,3500000.0,30255
8081058,1,2,1,10,2024,1,67,5.0,1500000.0,54324
8041043,1,2,1,10,2024,1,36,5.0,1500000.0,6660
8050155,1,3,1,10,2024,1,42,3.0,960000.0,27220
8080166,1,2,1,10,2024,2,24,8.0,1300000.0,52458
8051693,1,1,1,10,2024,1,47,1.0,600000.0,30791
8038731,1,2,1,10,2024,2,34,5.0,200000.0,1337
8038791,1,2,1,10,2024,1,45,10.0,3200000.0,1514
8046313,1,1,1,10,2024,1,49,5.0,1800000.0,19259
8039111,1,2,1,10,2024,1,20,8.0,480000.0,2328
8085860,1,1,1,10,2024,1,46,5.0,1800000.0,62960
8054838,1,1,1,10,2024,2,41,10.0,2000000.0,38169
8040169,1,3,1,10,2024,2,43,11.0,2200000.0,4550
8083423,1,1,1,10,2024,2,22,5.0,2000000.0,59038
8044736,1,2,1,10,2024,1,38,5.0,1300000.0,15357
8056177,1,1,1,10,2024,2,38,5.0,1500000.0,40753
8049054,1,1,1,10,2024,2,46,6.0,1300000.0,24837
8054439,1,3,1,10,2024,2,41,10.0,5000000.0,37289
8056074,1,4,1,10,2024,2,25,5.0,1400000.0,40538
8083724,1,3,1,10,2024,1,30,10.0,3000000.0,59627
8081152,1,2,1,10,2024,1,48,5.0,1500000.0,54493
8040426,1,9,1,10,2024,1,20,10.0,1462000.0,5192
8044875,1,1,1,10,2024,2,32,10.0,2600000.0,15733
8047224,1,1,1,10,2024,2,36,5.0,1350000.0,21229
8086546,1,3,1,10,2024,2,25,10.0,4000000.0,63944
8085699,1,1,1,10,2024,1,56,5.0,1500000.0,62659
8038955,1,1,1,10,2024,1,41,8.0,1300000.0,1907
8084278,1,5,1,10,2024,1,54,8.0,1800000.0,60871
8054806,1,3,1,10,2024,1,39,10.0,2600000.0,38111
8079422,1,1,1,10,2024,1,41,10.0,300000.0,50702
8049481,1,1,1,10,2024,1,77,3.0,450000.0,25558
8044820,1,1,1,10,2024,1,67,4.0,950000.0,15572
8052836,1,1,1,10,2024,1,42,3.0,1500000.0,33720
8038640,1,3,1,10,2024,2,48,10.0,1800000.0,1073
8085976,1,1,1,10,2024,1,68,1.0,280000.0,63123
8079125,1,3,1,10,2024,1,31,5.0,1000000.0,49912
8045318,1,1,1,10,2024,2,39,8.0,1300000.0,16931
8039734,1,2,1,10,2024,2,32,8.0,1400000.0,3628
8051397,1,4,1,10,2024,1,64,4.0,1000000.0,30088
8040324,1,3,1,10,2024,1,41,5.0,1300000.0,4956
8078263,1,1,1,10,2024,1,37,4.0,1080000.0,48012
8045647,1,4,1,10,2024,1,30,5.0,700000.0,17836
8043793,1,1,1,10,2024,1,44,5.0,5227000.0,12928
8081594,1,1,1,10,2024,2,49,3.0,300000.0,55457
8079512,1,3,1,10,2024,2,60,5.0,2000000.0,50890
8042314,1,1,1,10,2024,1,31,5.0,2500000.0,9541
8076822,1,1,1,10,2024,2,39,4.0,1400000.0,44756
8084493,1,2,1,10,2024,2,49,5.0,400000.0,61300
8046187,1,2,1,10,2024,1,30,5.0,800000.0,18921
8050670,1,1,1,10,2024,1,60,4.0,800000.0,28551
8040747,1,1,1,10,2024,1,51,5.0,800000.0,5928
8043042,1,2,1,10,2024,1,24,5.0,1100000.0,11005
8054177,2,2,2,10,2024,1,30,10.0,2500000.0,36667
8048112,1,3,1,10,2024,1,20,5.0,40000.0,23067
8077328,1,1,1,10,2024,1,42,10.0,5000000.0,45996
8048463,1,1,1,10,2024,1,52,5.0,1300000.0,23727
8077233,1,1,1,10,2024,1,52,4.0,1300000.0,45787
8044795,1,2,1,10,2024,2,62,3.0,600000.0,15483
8042801,1,1,1,10,2024,2,45,4.0,200000.0,10586
8077619,1,2,1,10,2024,1,49,3.0,3000000.0,46604
8075740,1,1,1,10,2024,2,43,4.0,480000.0,41953
8052140,1,1,1,10,2024,2,40,5.0,900000.0,31956
8049373,1,1,1,10,2024,1,40,5.0,1700000.0,25456
8082568,1,1,1,10,2024,1,70,10.0,2000000.0,57006
8041525,1,1,1,10,2024,1,42,9.0,3500000.0,7767
8079384,1,1,1,10,2024,1,57,1.0,800000.0,50610
8078688,1,4,1,10,2024,2,26,5.0,1600000.0,48942
8040421,1,1,1,10,2024,2,28,4.0,1300000.0,5171
8047433,1,2,1,10,2024,2,52,10.0,6500000.0,21610
8050956,1,2,1,10,2024,2,53,3.0,800000.0,29307
8049770,1,1,1,10,2024,1,44,10.0,4000000.0,26309
8084730,1,2,1,10,2024,2,54,5.0,1000000.0,61772
8042818,1,1,1,10,2024,2,48,11.0,3800000.0,10619
8053186,1,1,1,10,2024,2,19,5.0,2000000.0,34561
8075868,1,1,1,10,2024,2,36,4.0,500000.0,42287
8048681,1,1,1,10,2024,1,46,8.0,3921600.0,24107
8077061,1,2,1,10,2024,2,39,3.0,400000.0,45300
8048060,1,1,1,10,2024,2,56,3.0,600000.0,22947
8040392,1,2,1,10,2024,2,44,5.0,1300000.0,5102
8056412,1,1,1,10,2024,1,44,5.0,2400000.0,41296
8077339,1,5,1,10,2024,2,33,8.0,1300000.0,46029
8050335,1,3,1,10,2024,1,23,8.0,1460000.0,27658
8049942,1,1,1,10,2024,1,26,5.0,1300000.0,26728
8053368,1,4,1,10,2024,1,25,5.0,2000000.0,35017
8039465,1,2,1,10,2024,2,29,10.0,1460000.0,3103
8077057,1,1,1,10,2024,1,63,3.0,800000.0,45288
8078805,1,2,1,10,2024,2,32,5.0,1300000.0,49188
8078951,1,1,1,10,2024,1,67,3.0,600000.0,49523
8043832,1,1,1,10,2024,1,67,4.0,300000.0,13003
8040141,1,2,1,10,2024,1,28,4.0,1300000.0,4483
8051307,1,1,1,10,2024,1,45,12.0,6700000.0,29837
8042791,1,3,1,10,2024,1,21,5.0,1300000.0,10558
8046742,1,2,1,10,2024,2,55,3.0,700000.0,20338
8043253,1,3,1,10,2024,1,19,5.0,1400000.0,11495
8050258,1,2,1,10,2024,1,51,5.0,3500000.0,27484
8079391,1,1,1,10,2024,1,42,5.0,400000.0,50624
8039381,1,2,1,10,2024,1,62,1.0,200000.0,2936
8048549,1,1,1,10,2024,1,26,5.0,1300000.0,23910
8040327,1,2,1,10,2024,2,33,10.0,1300000.0,4963
8052258,1,2,1,10,2024,2,56,3.0,100000.0,32268
8081014,1,3,1,10,2024,2,43,5.0,600000.0,54221
8048924,1,1,1,10,2024,2,58,3.0,530000.0,24600
8041048,1,1,1,10,2024,1,41,10.0,8000000.0,6674
8047563,1,1,1,10,2024,1,45,11.0,4000000.0,21855
8079033,1,1,1,10,2024,1,83,3.0,640000.0,49720
8076987,1,1,1,10,2024,1,73,3.0,200000.0,45107
8047479,1,1,1,10,2024,2,64,6.0,250000.0,21684
8086320,1,1,1,10,2024,1,61,9.0,3000000.0,63455
8040208,1,2,1,10,2024,1,22,4.0,200000.0,4669
8082845,1,1,1,10,2024,1,42,4.0,1600000.0,57725
8049012,1,1,1,10,2024,1,45,4.0,700000.0,24758
8042011,1,1,1,10,2024,1,31,9.0,1300000.0,8864
8084022,1,1,1,10,2024,1,31,3.0,1350000.0,60257
8054070,1,4,1,10,2024,1,18,4.0,1200000.0,36430
8048131,1,2,1,10,2024,1,30,10.0,1500000.0,23132
8039130,1,2,1,10,2024,2,58,10.0,6000000.0,2398
8039014,1,1,1,10,2024,1,43,5.0,950000.0,2029
8084252,1,1,1,10,2024,2,40,8.0,1300000.0,60815
8076870,1,1,1,10,2024,1,48,8.0,1650000.0,44865
8081032,1,2,1,10,2024,2,45,10.0,1200000.0,54259
8041170,1,3,1,10,2024,1,44,10.0,800000.0,6966
8077465,1,1,1,10,2024,2,36,3.0,600000.0,46300
8044087,1,2,1,10,2024,1,21,10.0,2400000.0,13629
8051403,1,2,1,10,2024,2,31,5.0,1000000.0,30106
8039196,1,2,1,10,2024,1,60,4.0,1300000.0,2555
8080927,1,2,1,10,2024,2,36,5.0,800000.0,54041
8077991,1,5,1,10,2024,2,78,3.0,300000.0,47408
8051842,1,2,1,10,2024,2,60,4.0,0.0,31221
8049638,1,1,1,10,2024,1,31,9.0,4500000.0,25967
8038186,1,2,1,10,2024,2,32,3.0,600000.0,6
8056167,1,2,1,10,2024,2,30,9.0,1300000.0,40744
8044399,1,1,1,10,2024,2,21,10.0,1300000.0,14437
8039014,1,3,1,10,2024,1,25,5.0,1300000.0,2031
8079119,1,3,1,10,2024,1,41,5.0,1500000.0,49897
8086760,1,1,1,10,2024,2,24,5.0,800000.0,64440
8082773,1,3,1,10,2024,1,17,5.0,600000.0,57534
8078201,1,1,1,10,2024,2,60,3.0,500000.0,47862
8053162,1,2,1,10,2024,1,38,9.0,5000000.0,34512
8080773,1,1,1,10,2024,1,32,8.0,1800000.0,53729
8043077,1,1,1,10,2024,1,61,3.0,600000.0,11096
8079815,1,1,1,10,2024,2,50,10.0,1500000.0,51641
8044425,1,2,1,10,2024,2,34,8.0,1300000.0,14512
8039701,1,1,1,10,2024,2,40,5.0,600000.0,3544
8081038,1,1,1,10,2024,2,35,10.0,600000.0,54275
8056388,1,1,1,10,2024,1,31,5.0,2400000.0,41225
8052093,1,1,1,10,2024,2,61,3.0,120000.0,31827
8055011,1,3,1,10,2024,2,41,3.0,200000.0,38559
8048506,1,1,1,10,2024,2,56,3.0,1500000.0,23804
8054641,1,3,1,10,2024,1,22,1.0,700000.0,37696
8047562,1,3,1,10,2024,1,28,5.0,1300000.0,21850
8047876,1,3,1,10,2024,2,45,5.0,2000000.0,22605
8077813,1,1,1,10,2024,2,36,10.0,1300000.0,47015
8040230,1,3,1,10,2024,2,18,5.0,900000.0,4741
8052925,1,1,1,10,2024,1,58,3.0,360000.0,33926
8040758,1,2,1,10,2024,1,55,5.0,600000.0,5969
8085034,1,1,1,10,2024,1,38,4.0,1400000.0,62474
8048936,1,4,1,10,2024,1,27,5.0,1300000.0,24626
8083168,1,1,1,10,2024,2,39,10.0,3000000.0,58478
8038776,1,2,1,10,2024,1,27,5.0,400000.0,1482
8076598,1,1,1,10,2024,2,55,3.0,40000.0,44241
8050831,1,1,1,10,2024,1,26,8.0,1300000.0,28955
8052786,1,2,1,10,2024,2,32,5.0,6180000.0,33592
8075621,1,1,1,10,2024,1,30,5.0,1000000.0,41616
8054858,1,1,1,10,2024,1,38,8.0,10000000.0,38223
8048918,1,2,1,10,2024,1,26,5.0,1000000.0,24590
8080130,1,1,1,10,2024,1,53,3.0,1200000.0,52371
8043432,1,1,1,10,2024,1,46,1.0,300000.0,11957
8041822,1,1,1,10,2024,1,42,6.0,350000.0,8342
8076516,1,9,1,10,2024,1,23,4.0,850000.0,44071
8049378,1,1,1,10,2024,1,70,3.0,400000.0,25475
8081377,1,12,1,10,2024,1,71,5.0,750000.0,54994
8039382,1,1,1,10,2024,1,26,8.0,1300000.0,2938
8050810,1,1,1,10,2024,1,35,8.0,2800000.0,28897
8077919,1,2,1,10,2024,2,74,3.0,80000.0,47216
8053281,1,1,1,10,2024,1,62,4.0,300000.0,34774
8042849,1,1,1,10,2024,2,48,13.0,5400000.0,10686
8080621,1,4,1,10,2024,1,19,10.0,55000.0,53445
8050689,1,1,1,10,2024,1,37,4.0,1700000.0,28594
8041184,1,2,1,10,2024,2,63,3.0,618000.0,7019
8079696,1,2,1,10,2024,2,50,11.0,4600000.0,51239
8077330,1,2,1,10,2024,2,29,5.0,300000.0,46001
8044474,1,2,1,10,2024,2,31,10.0,2500000.0,14639
8047898,1,2,1,10,2024,2,47,3.0,900000.0,22650
8038513,1,1,1,10,2024,2,88,3.0,1000000.0,798
8041998,1,3,1,10,2024,1,48,4.0,1300000.0,8836
8043500,1,1,1,10,2024,2,43,10.0,3985000.0,12162
8086430,1,2,1,10,2024,2,37,1.0,200000.0,63656
8040136,1,1,1,10,2024,1,62,5.0,2000000.0,4466
8082801,1,1,1,10,2024,2,53,12.0,7200000.0,57625
8053948,1,1,1,10,2024,2,71,3.0,100000.0,36207
8041618,1,1,1,10,2024,1,41,5.0,1300000.0,7980
8052190,1,1,1,10,2024,1,64,3.0,800000.0,32061
8039996,1,1,1,10,2024,2,68,3.0,800000.0,4139
8076293,1,2,1,10,2024,1,36,5.0,1000000.0,43515
8051725,1,1,1,10,2024,1,57,10.0,2100000.0,30881
8078212,1,1,1,10,2024,1,59,6.0,1075000.0,47893
8056132,1,4,1,10,2024,1,22,10.0,1200000.0,40658
8078123,1,1,1,10,2024,2,57,3.0,400000.0,47681
8049014,1,3,1,10,2024,1,25,5.0,1500000.0,24766
8049865,1,1,1,10,2024,1,49,3.0,1757000.0,26547
8050458,1,1,1,10,2024,1,44,8.0,1000000.0,27973
8040206,1,1,1,10,2024,2,43,5.0,350000.0,4660
8041051,1,4,1,10,2024,1,25,4.0,1200000.0,6680
8043497,1,3,1,10,2024,1,41,9.0,2200000.0,12148
8081715,1,1,1,10,2024,1,56,3.0,2000000.0,55646
8049644,1,1,1,10,2024,2,75,3.0,800000.0,25979
8083676,1,1,1,10,2024,2,59,4.0,1000000.0,59527
8052101,1,2,1,10,2024,2,41,1.0,30000.0,31847
8082798,1,2,1,10,2024,2,45,6.0,1680000.0,57611
8039269,1,1,1,10,2024,1,36,5.0,1300000.0,2734
8045431,1,2,1,10,2024,1,32,8.0,1300000.0,17243
8045640,1,5,1,10,2024,1,52,3.0,1500000.0,17810
8041245,1,1,1,10,2024,2,53,12.0,8800000.0,7157
8047700,1,3,1,10,2024,1,50,5.0,1300000.0,22166
8053675,1,1,1,10,2024,1,45,9.0,1900000.0,35664
8038574,1,1,1,10,2024,1,45,4.0,1000000.0,934
8051878,1,1,1,10,2024,2,20,5.0,1440000.0,31310
8043991,1,1,1,10,2024,2,55,3.0,100000.0,13396
8041403,1,1,1,10,2024,1,51,12.0,6000000.0,7480
8078271,1,1,1,10,2024,1,59,3.0,2500000.0,48036
8083236,1,1,1,10,2024,1,55,11.0,700000.0,58627
8056198,1,2,1,10,2024,2,51,5.0,1500000.0,40779
8050215,1,3,1,10,2024,1,39,4.0,1000000.0,27373
8084863,1,1,1,10,2024,1,45,4.0,2500000.0,62081
8055569,1,2,1,10,2024,1,61,4.0,1500000.0,39559
8050572,1,1,1,10,2024,2,46,10.0,7000000.0,28343
8054325,1,1,1,10,2024,2,57,11.0,5000000.0,37011
8053028,1,1,1,10,2024,2,30,5.0,240000.0,34259
8053362,1,1,1,10,2024,2,53,11.0,3700000.0,35003
8042798,1,1,1,10,2024,1,75,5.0,30000.0,10581
8050438,1,2,1,10,2024,1,57,5.0,1300000.0,27932
8053314,1,3,1,10,2024,1,48,9.0,800000.0,34866
8038830,1,1,1,10,2024,1,67,10.0,15000000.0,1594
8038866,1,1,1,10,2024,2,34,8.0,1800000.0,1684
8045642,1,2,1,10,2024,1,24,6.0,1300000.0,17819
8044825,1,2,1,10,2024,2,25,8.0,1200000.0,15585
8042465,1,2,1,10,2024,2,42,5.0,1300000.0,9873
8038415,1,4,1,10,2024,1,19,5.0,1300000.0,613
8045502,1,1,1,10,2024,1,38,8.0,1462000.0,17456
8042809,1,1,1,10,2024,1,41,8.0,3800000.0,10603
8056406,1,1,1,10,2024,2,35,8.0,1800000.0,41285
8078975,1,1,1,10,2024,1,42,3.0,1900000.0,49582
8043293,1,2,1,10,2024,1,54,3.0,1300000.0,11605
8041103,1,1,1,10,2024,2,28,10.0,1500000.0,6779
8049356,1,2,1,10,2024,1,40,10.0,4800000.0,25425
8054740,1,2,1,10,2024,1,39,3.0,900000.0,37945
8038524,1,2,1,10,2024,2,30,4.0,520000.0,830
8082335,1,3,1,10,2024,2,38,4.0,500000.0,56504
8047926,1,1,1,10,2024,2,40,5.0,800000.0,22696
8083476,1,1,1,10,2024,2,55,8.0,1800000.0,59152
8052957,1,2,1,10,2024,2,18,5.0,200000.0,34026
8050136,1,2,1,10,2024,1,30,5.0,1500000.0,27181
8046740,1,2,1,10,2024,1,31,5.0,800000.0,20332
8081343,1,5,1,10,2024,1,30,5.0,1600000.0,54913
8080835,1,1,1,10,2024,1,29,5.0,1300000.0,53854
8042011,1,4,1,10,2024,2,28,6.0,1300000.0,8867
8081715,1,2,1,10,2024,2,23,5.0,1200000.0,55647
8040176,1,2,1,10,2024,1,30,5.0,1300000.0,4573
8051810,1,3,1,10,2024,2,54,10.0,900000.0,31113
8077115,1,2,1,10,2024,1,28,5.0,1800000.0,45471
8084411,1,2,1,10,2024,2,25,10.0,1600000.0,61158
8043507,1,1,1,10,2024,1,48,5.0,1300000.0,12189
8041937,1,1,1,10,2024,1,46,13.0,12700000.0,8660
8076774,1,1,1,10,2024,1,53,5.0,1300000.0,44664
8041796,1,2,1,10,2024,1,33,9.0,2780000.0,8303
8039131,1,1,1,10,2024,1,31,9.0,1300000.0,2400
8038593,1,1,1,10,2024,2,26,10.0,2000000.0,945
8085907,1,3,1,10,2024,1,22,5.0,1300000.0,63044
8076691,1,2,1,10,2024,2,51,5.0,1300000.0,44454
8083449,1,1,1,10,2024,1,62,10.0,4000000.0,59096
8040866,2,1,2,10,2024,2,41,8.0,1200000.0,6242
8079890,1,1,1,10,2024,1,29,5.0,1400000.0,51864
8046452,1,1,1,10,2024,2,64,8.0,2000000.0,19572
8039440,1,3,1,10,2024,1,54,4.0,600000.0,3051
8047375,1,1,1,10,2024,1,80,3.0,1300000.0,21545
8085870,1,1,1,10,2024,1,31,5.0,3000000.0,62971
8056222,1,1,1,10,2024,1,42,3.0,1080000.0,40848
8082924,1,2,1,10,2024,2,27,8.0,1300000.0,57918
8045485,1,1,1,10,2024,1,61,4.0,750000.0,17408
8044935,1,3,1,10,2024,1,24,10.0,1300000.0,15883
8040497,1,2,1,10,2024,2,54,10.0,4500000.0,5373
8055619,1,2,1,10,2024,1,38,5.0,1300000.0,39639
8080017,1,1,1,10,2024,1,24,11.0,3500000.0,52067
8045391,1,2,1,10,2024,2,39,10.0,2400000.0,17119
8055071,1,2,1,10,2024,1,44,5.0,1200000.0,38706
8039348,1,2,1,10,2024,2,26,10.0,600000.0,2904
8079803,1,1,1,10,2024,1,31,10.0,4500000.0,51595
8038313,1,1,1,10,2024,1,39,3.0,2100000.0,341
8042015,1,5,1,10,2024,2,22,5.0,1300000.0,8883
8039462,1,1,1,10,2024,1,35,10.0,4000000.0,3097
8086545,1,4,1,10,2024,2,22,5.0,1300000.0,63939
8053894,1,1,1,10,2024,1,44,3.0,2200000.0,36095
8043866,1,1,1,10,2024,2,35,8.0,1800000.0,13083
8081497,1,1,1,10,2024,1,52,5.0,1300000.0,55288
8082896,1,1,1,10,2024,2,52,3.0,850000.0,57860
8052727,1,2,1,10,2024,1,43,3.0,800000.0,33448
8044154,1,1,1,10,2024,1,68,3.0,4000000.0,13772
8079672,1,1,1,10,2024,1,49,5.0,1300000.0,51182
8045207,1,1,1,10,2024,1,24,9.0,1300000.0,16638
8049846,1,2,1,10,2024,2,54,5.0,780000.0,26502
8050490,1,2,1,10,2024,1,20,4.0,850000.0,28081
8038516,1,2,1,10,2024,2,39,5.0,1300000.0,804
8082840,1,1,1,10,2024,1,39,8.0,1600000.0,57714
8039837,1,1,1,10,2024,2,64,3.0,500000.0,3811
8043432,1,2,1,10,2024,1,21,4.0,1400000.0,11958
8046495,1,1,1,10,2024,2,43,10.0,3500000.0,19674
8049832,1,2,1,10,2024,1,39,4.0,1100000.0,26488
8083125,1,1,1,10,2024,1,55,11.0,3000000.0,58397
8044491,1,1,1,10,2024,2,39,5.0,850000.0,14678
8082399,1,2,1,10,2024,1,44,10.0,1800000.0,56629
8049763,1,1,1,10,2024,1,59,4.0,1000000.0,26295
8051504,1,2,1,10,2024,2,56,4.0,400000.0,30363
8080136,1,1,1,10,2024,2,52,5.0,200000.0,52387
8044542,1,2,1,10,2024,1,27,10.0,2000000.0,14848
8051411,1,2,1,10,2024,2,43,10.0,4000000.0,30126
8077258,1,1,1,10,2024,1,60,5.0,833000.0,45862
8039224,1,1,1,10,2024,2,50,10.0,2800000.0,2629
8044257,1,2,1,10,2024,1,48,4.0,600000.0,14014
8082360,1,1,1,10,2024,2,23,8.0,800000.0,56554
8050268,1,3,1,10,2024,1,17,5.0,250000.0,27505
8051007,1,1,1,10,2024,1,42,8.0,1600000.0,29455
8038545,1,1,1,10,2024,1,61,11.0,3900000.0,885
8082086,1,1,1,10,2024,2,52,1.0,700000.0,56080
8047890,1,4,1,10,2024,2,18,4.0,850000.0,22635
8085962,1,1,1,10,2024,1,64,4.0,2000000.0,63104
8079365,1,1,1,10,2024,2,51,3.0,1000000.0,50579
8053910,1,2,1,10,2024,2,20,5.0,150000.0,36119
8047257,1,1,1,10,2024,2,26,5.0,50000.0,21302
8079033,1,4,1,10,2024,1,24,4.0,1200000.0,49723
8084788,1,1,1,10,2024,1,31,9.0,2000000.0,61913
8084714,1,2,1,10,2024,1,62,10.0,4000000.0,61740
8052606,1,2,1,10,2024,1,25,4.0,1200000.0,33227
8080622,1,1,1,10,2024,1,56,3.0,1300000.0,53447
8043435,1,2,1,10,2024,1,43,5.0,1300000.0,11969
8052785,1,2,1,10,2024,2,46,3.0,1450000.0,33588
8044329,1,1,1,10,2024,2,42,11.0,10400000.0,14258
8041681,1,3,1,10,2024,1,21,9.0,1300000.0,8128
8047062,1,3,1,10,2024,2,32,8.0,1600000.0,20915
8083087,1,1,1,10,2024,1,64,12.0,500000.0,58304
8081676,1,2,1,10,2024,1,50,10.0,2000000.0,55589
8079214,1,2,1,10,2024,2,25,4.0,30000.0,50146
8052933,1,1,1,10,2024,1,64,5.0,1000000.0,33953
8044415,1,2,1,10,2024,1,61,5.0,1500000.0,14474
8083134,1,1,1,10,2024,2,44,10.0,2100000.0,58408
8081063,1,1,1,10,2024,1,30,6.0,1000000.0,54331
8050225,1,2,1,10,2024,2,44,5.0,1300000.0,27398
8081044,1,4,1,10,2024,1,38,11.0,4500000.0,54293
8080948,1,1,1,10,2024,2,50,11.0,3500000.0,54087
8046567,1,2,1,10,2024,2,40,5.0,1600000.0,19902
8041180,1,1,1,10,2024,2,44,5.0,1500000.0,6999
8083631,1,1,1,10,2024,1,53,1.0,200000.0,59453
8050600,1,1,1,10,2024,2,31,8.0,1300000.0,28405
8083104,1,1,1,10,2024,1,65,3.0,300000.0,58343
8075820,1,2,1,10,2024,2,35,5.0,1300000.0,42166
8048128,1,4,1,10,2024,1,25,5.0,1300000.0,23125
8052189,1,5,1,10,2024,1,32,5.0,700000.0,32058
8049997,1,1,1,10,2024,1,73,3.0,200000.0,26851
8040069,1,2,1,10,2024,2,70,4.0,2000000.0,4296
8052371,1,1,1,10,2024,1,54,5.0,600000.0,32598
8079619,1,1,1,10,2024,2,44,8.0,1300000.0,51077
8049886,1,1,1,10,2024,2,60,3.0,350000.0,26610
8055421,1,1,1,10,2024,1,34,6.0,2000000.0,39358
8077063,1,2,1,10,2024,1,31,5.0,1300000.0,45309
8048778,1,1,1,10,2024,2,67,5.0,19000.0,24271
8075711,1,2,1,10,2024,2,21,5.0,330000.0,41886
8044862,1,1,1,10,2024,1,36,5.0,1000000.0,15687
8083841,1,1,1,10,2024,1,44,1.0,1300000.0,59858
8054622,1,2,1,10,2024,1,19,4.0,500000.0,37656
8044049,1,1,1,10,2024,1,65,10.0,3000000.0,13520
8044927,1,1,1,10,2024,1,53,10.0,3900000.0,15867
8039316,1,1,1,10,2024,1,35,10.0,3000000.0,2863
8048530,1,2,1,10,2024,1,36,5.0,1300000.0,23871
8044630,1,1,1,10,2024,1,59,5.0,1800000.0,15080
8079908,1,2,1,10,2024,2,62,3.0,1300000.0,51908
8077903,1,1,1,10,2024,1,56,3.0,400000.0,47171
8040041,1,1,1,10,2024,2,46,9.0,3000000.0,4243
8084642,1,2,1,10,2024,1,36,5.0,1500000.0,61575
8076680,1,2,1,10,2024,1,30,8.0,1300000.0,44436
8078986,1,1,1,10,2024,1,21,5.0,2640000.0,49601
8048488,1,1,1,10,2024,1,24,8.0,1300000.0,23778
8044306,1,1,1,10,2024,1,71,4.0,2000000.0,14189
8056285,1,1,1,10,2024,2,75,1.0,1300000.0,40997
8045342,1,2,1,10,2024,2,60,10.0,3400000.0,16991
8084003,1,4,1,10,2024,1,65,5.0,1500000.0,60205
8077006,1,1,1,10,2024,2,50,4.0,700000.0,45145
8044564,1,1,1,10,2024,1,35,8.0,4000000.0,14903
8044266,1,2,1,10,2024,1,35,3.0,800000.0,14046
8050635,1,1,1,10,2024,1,33,6.0,1300000.0,28483
8042469,1,2,1,10,2024,1,38,5.0,560000.0,9882
8053799,1,1,1,10,2024,2,46,8.0,1000000.0,35905
8086112,1,1,1,10,2024,2,49,10.0,1900000.0,63302
8045633,1,1,1,10,2024,1,40,5.0,1700000.0,17785
8044068,1,4,1,10,2024,1,31,5.0,1500000.0,13572
8049029,1,2,1,10,2024,1,71,5.0,2700000.0,24789
8083636,1,1,1,10,2024,2,44,10.0,4000000.0,59461
8050807,1,1,1,10,2024,2,39,4.0,850000.0,28884
8044079,1,2,1,10,2024,2,32,5.0,1350000.0,13612
8083481,1,1,1,10,2024,1,53,3.0,1500000.0,59166
8040233,1,2,1,10,2024,2,52,3.0,150000.0,4744
8049217,1,1,1,10,2024,2,42,8.0,500000.0,25119
8050313,1,1,1,10,2024,2,70,4.0,100000.0,27579
8047366,1,1,1,10,2024,2,37,10.0,2000000.0,21522
8040852,1,1,1,10,2024,2,34,9.0,1500000.0,6188
8048394,1,1,1,10,2024,1,36,10.0,1300000.0,23603
8044608,1,1,1,10,2024,2,55,11.0,4500000.0,15023
8047675,1,2,1,10,2024,1,52,5.0,1300000.0,22116
8048232,1,4,1,10,2024,1,28,9.0,1700000.0,23320
8044317,1,2,1,10,2024,1,70,3.0,240000.0,14218
8079446,1,1,1,10,2024,1,28,10.0,2600000.0,50773
8079510,1,2,1,10,2024,2,34,5.0,1400000.0,50884
8040904,1,1,1,10,2024,1,45,3.0,1300000.0,6316
8083137,1,2,1,10,2024,2,22,5.0,700000.0,58419
8039062,1,5,1,10,2024,2,59,5.0,400000.0,2181
8045967,1,2,1,10,2024,2,38,5.0,400000.0,18372
8078499,1,1,1,10,2024,1,63,3.0,400000.0,48547
8056206,1,3,1,10,2024,1,21,6.0,75000.0,40805
8050548,1,1,1,10,2024,1,69,4.0,450000.0,28276
8053501,1,1,1,10,2024,1,57,10.0,2800000.0,35263
8044734,1,1,1,10,2024,1,57,10.0,1300000.0,15351
8075891,1,1,1,10,2024,1,36,5.0,800000.0,42357
8051395,1,2,1,10,2024,2,44,5.0,800000.0,30077
8077257,1,1,1,10,2024,1,45,4.0,800000.0,45861
8047150,1,2,1,10,2024,1,18,5.0,1300000.0,21073
8078082,1,1,1,10,2024,1,54,3.0,250000.0,47585
8083006,1,4,1,10,2024,1,30,4.0,2000000.0,58098
8078604,1,4,1,10,2024,1,49,3.0,3000000.0,48777
8045401,1,1,1,10,2024,1,30,9.0,2500000.0,17156
8044577,1,1,1,10,2024,2,49,8.0,3000000.0,14942
8081484,1,1,1,10,2024,2,60,1.0,490000.0,55257
8043598,1,1,1,10,2024,1,69,3.0,320000.0,12406
8053645,1,2,1,10,2024,1,30,10.0,3150000.0,35608
8079454,1,1,1,10,2024,2,62,4.0,600000.0,50792
8085821,1,1,1,10,2024,1,54,8.0,0.0,62924
8082673,1,1,1,10,2024,1,44,5.0,500000.0,57291
8079724,1,4,1,10,2024,2,29,5.0,500000.0,51314
8084407,1,2,1,10,2024,2,18,10.0,220000.0,61150
8083220,1,1,1,10,2024,1,50,5.0,1300000.0,58582
8044495,1,2,1,10,2024,1,64,3.0,450000.0,14692
8085743,1,3,1,10,2024,1,26,5.0,1100000.0,62765
8053226,1,2,1,10,2024,2,43,8.0,1500000.0,34651
8051324,1,2,1,10,2024,2,30,6.0,850000.0,29889
8053100,1,1,1,10,2024,2,31,5.0,1500000.0,34392
8082103,1,1,1,10,2024,1,43,5.0,500000.0,56106
8080806,1,1,1,10,2024,1,63,5.0,1915000.0,53792
8052898,1,2,1,10,2024,1,25,5.0,900000.0,33861
8079684,1,4,1,10,2024,2,25,9.0,3280000.0,51220
8076840,1,1,1,10,2024,1,27,4.0,1750000.0,44811
8054133,1,1,1,10,2024,2,35,3.0,1000000.0,36567
8050162,1,3,1,10,2024,2,28,10.0,1400000.0,27239
8076753,1,2,1,10,2024,2,31,11.0,7000000.0,44616
8078693,1,1,1,10,2024,1,28,5.0,1800000.0,48950
8051497,1,1,1,10,2024,2,31,10.0,2000000.0,30343
8084844,1,2,1,10,2024,2,49,12.0,2000000.0,62033
8040526,1,1,1,10,2024,1,42,10.0,2000000.0,5431
8050449,1,3,1,10,2024,1,41,5.0,1300000.0,27957
8043015,1,2,1,10,2024,2,57,4.0,400000.0,10952
8042750,1,1,1,10,2024,2,60,3.0,800000.0,10471
8045315,1,2,1,10,2024,1,52,5.0,2500000.0,16923
8038966,1,2,1,10,2024,2,42,11.0,4000000.0,1930
8048921,1,1,1,10,2024,2,34,10.0,1700000.0,24595
8041179,1,1,1,10,2024,2,64,5.0,4000000.0,6997
8055815,1,3,1,10,2024,2,55,10.0,2000000.0,40045
8078575,1,2,1,10,2024,2,21,5.0,1300000.0,48712
8046459,1,1,1,10,2024,2,33,5.0,1300000.0,19591
8040739,1,4,1,10,2024,1,16,5.0,1050000.0,5903
8076955,1,1,1,10,2024,1,38,6.0,800000.0,45035
8048852,1,2,1,10,2024,1,39,4.0,1500000.0,24439
8056486,1,8,1,10,2024,1,24,8.0,2300000.0,41429
8085978,1,1,1,10,2024,2,21,1.0,70000.0,63129
8050990,1,1,1,10,2024,1,35,10.0,6000000.0,29405
8054738,1,1,1,10,2024,2,44,3.0,600000.0,37938
8042704,1,1,1,10,2024,1,55,5.0,2500000.0,10350
8053323,1,2,1,10,2024,2,18,10.0,1800000.0,34893
8052341,1,1,1,10,2024,2,47,8.0,800000.0,32506
8056160,1,1,1,10,2024,1,51,5.0,1462000.0,40723
8080267,1,4,1,10,2024,1,50,5.0,1000000.0,52731
8046173,1,1,1,10,2024,2,50,3.0,300000.0,18876
8052822,1,2,1,10,2024,2,31,5.0,1300000.0,33678
8080760,1,3,1,10,2024,1,61,3.0,1300000.0,53704
8084247,1,2,1,10,2024,2,67,1.0,150000.0,60797
8040745,1,1,1,10,2024,2,55,5.0,800000.0,5923
8080360,1,1,1,10,2024,1,36,10.0,3000000.0,52953
8052827,1,2,1,10,2024,2,26,5.0,1300000.0,33696
8076058,1,2,1,10,2024,2,29,5.0,250000.0,42879
8047488,1,1,1,10,2024,1,25,10.0,800000.0,21706
8044072,1,5,1,10,2024,1,41,5.0,1000000.0,13591
8083316,1,1,1,10,2024,1,24,5.0,1600000.0,58831
8083719,1,4,1,10,2024,2,49,8.0,2000000.0,59617
8055291,1,1,1,10,2024,2,40,10.0,2300000.0,39103
8083106,1,3,1,10,2024,2,35,10.0,3500000.0,58350
8053912,1,2,1,10,2024,2,30,10.0,4000000.0,36125
8078694,1,1,1,10,2024,1,52,3.0,1000000.0,48951
8079602,1,1,1,10,2024,2,56,4.0,3000000.0,51046
8045790,1,2,1,10,2024,2,48,4.0,400000.0,18185
8085932,1,1,1,10,2024,1,55,5.0,1300000.0,63056
8042978,1,1,1,10,2024,1,70,3.0,800000.0,10874
8054559,1,4,1,10,2024,2,34,10.0,1300000.0,37527
8043163,1,1,1,10,2024,2,72,5.0,500000.0,11305
8040271,1,1,1,10,2024,2,62,5.0,1300000.0,4817
8051543,1,1,1,10,2024,1,61,9.0,3000000.0,30447
8043570,1,2,1,10,2024,1,54,5.0,1300000.0,12330
8078355,1,1,1,10,2024,1,77,3.0,400000.0,48263
8050482,1,2,1,10,2024,1,43,4.0,600000.0,28055
8055595,1,1,1,10,2024,2,30,10.0,1300000.0,39609
8051502,1,2,1,10,2024,1,31,5.0,900000.0,30359
8048821,1,3,1,10,2024,1,28,10.0,200000.0,24357
8038976,1,2,1,10,2024,2,39,5.0,1300000.0,1947
8040300,1,2,1,10,2024,1,40,5.0,800000.0,4906
8079670,1,1,1,10,2024,2,45,11.0,5400000.0,51177
8044189,1,2,1,10,2024,2,23,8.0,900000.0,13854
8054882,1,1,1,10,2024,2,27,5.0,200000.0,38279
8041843,1,4,1,10,2024,1,53,10.0,5000000.0,8393
8054378,1,1,1,10,2024,2,31,5.0,840000.0,37122
8043277,1,1,1,10,2024,1,69,3.0,500000.0,11550
8080606,1,1,1,10,2024,2,43,5.0,1500000.0,53418
8081030,1,2,1,10,2024,1,35,4.0,400000.0,54257
8048667,1,1,1,10,2024,2,39,5.0,1300000.0,24076
8052503,1,1,1,10,2024,1,27,3.0,1200000.0,32948
8047645,1,2,1,10,2024,2,25,8.0,1462000.0,22065
8043919,1,1,1,10,2024,1,34,8.0,960000.0,13219
8051372,1,1,1,10,2024,1,75,10.0,400000.0,30019
8078812,1,1,1,10,2024,1,61,3.0,1450000.0,49203
8053189,1,2,1,10,2024,1,27,9.0,2000000.0,34571
8040729,1,1,1,10,2024,2,38,5.0,300000.0,5877
8040410,1,1,1,10,2024,1,54,4.0,1300000.0,5144
8038380,1,1,1,10,2024,1,39,11.0,5000000.0,517
8076124,1,1,1,10,2024,1,42,3.0,1850000.0,43073
8077796,1,1,1,10,2024,2,64,3.0,600000.0,46984
8049518,1,1,1,10,2024,2,67,4.0,700000.0,25668
8053673,1,2,1,10,2024,1,58,8.0,600000.0,35658
8040347,1,1,1,10,2024,1,34,5.0,1300000.0,5010
8083973,2,1,2,10,2024,1,35,5.0,2300000.0,60114
8041232,1,1,1,10,2024,1,48,11.0,6000000.0,7132
8080978,1,1,1,10,2024,1,50,10.0,3000000.0,54144
8078007,1,5,1,10,2024,2,30,5.0,400000.0,47451
8049276,1,1,1,10,2024,1,32,8.0,2900000.0,25256
8084060,1,1,1,10,2024,2,39,12.0,4300000.0,60391
8076558,1,1,1,10,2024,1,27,8.0,1600000.0,44147
8046020,1,2,1,10,2024,1,52,4.0,1300000.0,18512
8052071,1,2,1,10,2024,2,23,5.0,1500000.0,31758
8053873,1,1,1,10,2024,2,49,5.0,1500000.0,36058
8051436,1,1,1,10,2024,2,20,10.0,1600000.0,30198
8052375,1,2,1,10,2024,1,44,4.0,1000000.0,32612
8047661,1,1,1,10,2024,1,53,8.0,2000000.0,22086
8078780,1,1,1,10,2024,2,75,1.0,600000.0,49146
8081145,1,2,1,10,2024,2,37,10.0,800000.0,54478
8047974,1,1,1,10,2024,1,46,8.0,2500000.0,22774
8076837,1,1,1,10,2024,1,32,5.0,1760000.0,44804
8041880,1,1,1,10,2024,2,43,6.0,1300000.0,8508
8085706,1,2,1,10,2024,2,67,5.0,1200000.0,62671
8050373,1,2,1,10,2024,1,57,5.0,1300000.0,27796
8051773,1,1,1,10,2024,1,40,13.0,3500000.0,31011
8082816,1,1,1,10,2024,1,36,10.0,5700000.0,57663
8056312,1,1,1,10,2024,2,35,5.0,1300000.0,41044
8043221,1,2,1,10,2024,1,23,5.0,1400000.0,11428
8079827,1,1,1,10,2024,1,62,9.0,3600000.0,51688
8044314,1,2,1,10,2024,2,47,10.0,4000000.0,14208
8046669,1,1,1,10,2024,1,41,5.0,4800000.0,20164
8054793,1,2,1,10,2024,1,31,8.0,3000000.0,38074
8056206,1,2,1,10,2024,2,43,8.0,2000000.0,40804
8052194,1,1,1,10,2024,1,65,3.0,600000.0,32068
8045009,1,1,1,10,2024,1,30,5.0,2000000.0,16097
8041289,1,1,1,10,2024,2,55,10.0,2500000.0,7253
8080331,1,2,1,10,2024,2,44,8.0,1400000.0,52878
8086375,1,1,1,10,2024,1,61,9.0,3000000.0,63559
8079149,1,2,1,10,2024,1,62,8.0,3000000.0,49961
8044916,1,1,1,10,2024,1,47,5.0,1300000.0,15835
8079326,1,1,1,10,2024,1,51,1.0,1000000.0,50501
8045019,1,1,1,10,2024,1,45,8.0,1500000.0,16126
8046065,1,1,1,10,2024,1,71,3.0,500000.0,18631
8051642,1,2,1,10,2024,1,22,10.0,1800000.0,30674
8050005,1,2,1,10,2024,2,38,5.0,1200000.0,26874
8077545,1,2,1,10,2024,1,36,3.0,1400000.0,46440
8045156,1,4,1,10,2024,1,60,3.0,1300000.0,16484
8038833,1,3,1,10,2024,2,68,5.0,300000.0,1600
8046978,1,1,1,10,2024,1,36,11.0,800000.0,20777
8080828,1,2,1,10,2024,1,28,3.0,300000.0,53840
8045549,1,1,1,10,2024,2,40,4.0,3000000.0,17573
8039712,1,1,1,10,2024,2,40,11.0,3000000.0,3569
8082387,1,1,1,10,2024,2,52,5.0,2162000.0,56611
8076347,1,1,1,10,2024,1,37,3.0,1400000.0,43625
8079682,1,1,1,10,2024,1,36,10.0,2600000.0,51209
8052757,1,1,1,10,2024,1,38,5.0,1800000.0,33514
8080124,1,3,1,10,2024,1,24,8.0,1200000.0,52351
8077791,1,1,1,10,2024,1,55,3.0,6600000.0,46966
8084904,1,2,1,10,2024,1,21,5.0,1800000.0,62170
8055888,1,2,1,10,2024,1,30,5.0,2000000.0,40206
8055765,1,1,1,10,2024,1,30,10.0,1462000.0,39911
8039048,1,1,1,10,2024,2,29,5.0,100000.0,2147
8081099,1,4,1,10,2024,2,27,5.0,280000.0,54400
8048238,1,1,1,10,2024,2,44,3.0,1000000.0,23332
8046711,1,1,1,10,2024,1,46,10.0,5000000.0,20261
8038317,1,1,1,10,2024,1,35,5.0,2800000.0,352
8050994,1,1,1,10,2024,2,55,10.0,5000000.0,29419
8042180,1,3,1,10,2024,1,59,5.0,850000.0,9254
8045698,1,2,1,10,2024,1,29,5.0,1300000.0,17962
8049875,1,1,1,10,2024,1,43,3.0,800000.0,26572
8082706,1,3,1,10,2024,1,24,10.0,3000000.0,57370
8076815,1,1,1,10,2024,1,47,10.0,3000000.0,44736
8084597,1,1,1,10,2024,2,32,10.0,4500000.0,61491
8047399,1,1,1,10,2024,1,65,3.0,100000.0,21584
8052292,1,2,1,10,2024,2,58,8.0,600000.0,32365
8054540,1,1,1,10,2024,2,59,5.0,1000000.0,37491
8048919,1,2,1,10,2024,2,40,5.0,1300000.0,24593
8080374,1,1,1,10,2024,1,41,8.0,2300000.0,52989
8080568,1,1,1,10,2024,1,54,5.0,2000000.0,53331
8084348,1,1,1,10,2024,2,42,8.0,1000000.0,61015
8078410,1,1,1,10,2024,2,53,3.0,1480000.0,48346
8084358,1,1,1,10,2024,1,77,3.0,700000.0,61040
8049160,1,1,1,10,2024,2,41,10.0,3500000.0,25029
8039823,1,1,1,10,2024,1,52,3.0,1300000.0,3788
8079539,1,1,1,10,2024,1,53,10.0,6000000.0,50955
8045159,1,1,1,10,2024,2,51,3.0,800000.0,16490
8051710,1,2,1,10,2024,1,17,4.0,200000.0,30843
8077983,1,1,1,10,2024,2,28,4.0,400000.0,47381
8040844,1,1,1,10,2024,2,41,9.0,930000.0,6159
8038293,1,2,1,10,2024,1,33,9.0,3300000.0,288
8085009,1,1,1,10,2024,1,30,5.0,4000000.0,62423
8084818,1,4,1,10,2024,1,28,8.0,1300000.0,61975
8044307,1,1,1,10,2024,2,61,10.0,5400000.0,14191
8046256,1,2,1,10,2024,2,41,5.0,450000.0,19064
8051568,1,1,1,10,2024,1,61,9.0,3000000.0,30497
8050969,1,3,1,10,2024,2,25,10.0,1462000.0,29347
8076107,1,1,1,10,2024,1,36,3.0,320000.0,43011
8041009,1,1,1,10,2024,2,47,3.0,630000.0,6559
8051390,1,2,1,10,2024,2,37,5.0,200000.0,30061
8081493,1,1,1,10,2024,2,70,1.0,250000.0,55277
8079729,1,1,1,10,2024,1,52,4.0,700000.0,51332
8045730,1,2,1,10,2024,2,66,3.0,450000.0,18036
8039555,1,2,1,10,2024,2,33,10.0,1800000.0,3295
8044243,1,3,1,10,2024,1,30,5.0,800000.0,13949
8081978,1,1,1,10,2024,2,34,5.0,900000.0,55938
8039730,1,1,1,10,2024,2,26,10.0,3259000.0,3621
8045470,1,1,1,10,2024,2,22,3.0,950000.0,17367
8041077,1,2,1,10,2024,2,24,10.0,2300000.0,6731
8050579,1,4,1,10,2024,1,20,5.0,800000.0,28358
8041882,1,1,1,10,2024,2,23,10.0,3000000.0,8512
8041641,1,3,1,10,2024,2,43,10.0,1300000.0,8042
8049809,1,2,1,10,2024,1,39,3.0,1000000.0,26420
8084752,1,2,1,10,2024,1,31,5.0,1300000.0,61842
8053729,1,2,1,10,2024,2,44,3.0,400000.0,35824
8049422,1,1,1,10,2024,2,56,5.0,1400000.0,25536
8054279,1,1,1,10,2024,2,25,3.0,1000000.0,36861
8053654,1,1,1,10,2024,1,43,4.0,850000.0,35619
8040483,1,2,1,10,2024,1,54,4.0,3000000.0,5342
8052858,1,1,1,10,2024,1,64,9.0,1500000.0,33774
8084009,1,1,1,10,2024,1,24,5.0,2000000.0,60217
8077253,1,4,1,10,2024,1,20,6.0,2200000.0,45849
8042400,1,2,1,10,2024,1,21,5.0,1300000.0,9728
8081686,1,1,1,10,2024,2,29,10.0,200000.0,55603
8077001,1,2,1,10,2024,1,57,3.0,600000.0,45133
8048228,1,3,1,10,2024,2,37,5.0,1038000.0,23296
8053928,1,2,1,10,2024,2,39,5.0,1560000.0,36160
8043517,1,1,1,10,2024,2,45,5.0,1300000.0,12217
8079787,1,1,1,10,2024,1,68,3.0,600000.0,51567
8084437,1,1,1,10,2024,2,56,3.0,1300000.0,61208
8054902,1,1,1,10,2024,2,45,12.0,6400000.0,38325
8042281,1,2,1,10,2024,2,69,10.0,5000000.0,9475
8082713,1,2,1,10,2024,2,22,10.0,22600000.0,57386
8045426,1,1,1,10,2024,1,40,10.0,15000000.0,17227
8053665,1,1,1,10,2024,2,39,8.0,1000000.0,35640
8047228,1,2,1,10,2024,1,26,4.0,1000000.0,21239
8047272,1,1,1,10,2024,1,65,4.0,800000.0,21332
8084329,1,1,1,10,2024,1,51,10.0,1500000.0,60976
8078602,1,3,1,10,2024,2,25,8.0,1200000.0,48769
8040793,1,1,1,10,2024,1,34,5.0,1300000.0,6049
8046724,1,1,1,10,2024,1,27,10.0,2000000.0,20291
8055643,1,1,1,10,2024,1,43,5.0,1300000.0,39676
8079811,1,5,1,10,2024,1,38,10.0,3900000.0,51629
8053908,1,3,1,10,2024,1,37,10.0,1300000.0,36116
8081043,1,1,1,10,2024,2,48,5.0,600000.0,54287
8077041,1,1,1,10,2024,1,37,3.0,650000.0,45240
8086304,1,1,1,10,2024,2,53,9.0,500000.0,63439
8045379,1,1,1,10,2024,1,32,12.0,4000000.0,17088
8041521,1,1,1,10,2024,1,50,10.0,3300000.0,7758
8081509,1,5,1,10,2024,2,34,10.0,690000.0,55320
8039910,1,2,1,10,2024,2,61,7.0,3100000.0,3963
8042389,1,3,1,10,2024,1,29,6.0,1500000.0,9698
8041094,1,1,1,10,2024,2,39,5.0,1300000.0,6756
8051245,1,1,1,10,2024,1,22,5.0,700000.0,29668
8053080,1,2,1,10,2024,2,26,8.0,2300000.0,34354
8039896,1,2,1,10,2024,2,46,11.0,2800000.0,3932
8055808,1,2,1,10,2024,1,61,10.0,3000000.0,40017
8051542,1,1,1,10,2024,1,61,9.0,3000000.0,30445
8082680,1,2,1,10,2024,2,59,3.0,700000.0,57306
8045703,1,3,1,10,2024,1,26,4.0,1300000.0,17974
8039494,1,4,1,10,2024,1,19,9.0,1000000.0,3162
8082751,1,1,1,10,2024,2,35,6.0,1800000.0,57494
8076483,1,4,1,10,2024,2,35,3.0,350000.0,43970
8044171,1,1,1,10,2024,1,38,6.0,1600000.0,13814
8042845,1,1,1,10,2024,2,46,5.0,1300000.0,10679
8079737,1,2,1,10,2024,2,40,5.0,400000.0,51373
8040184,1,1,1,10,2024,2,38,10.0,1100000.0,4598
8048840,1,3,1,10,2024,1,22,8.0,1300000.0,24409
8046884,1,1,1,10,2024,1,55,10.0,2000000.0,20651
8040049,1,3,1,10,2024,1,34,6.0,1000000.0,4264
8080932,1,4,1,10,2024,1,22,4.0,1200000.0,54055
8051254,1,2,1,10,2024,2,46,8.0,1900000.0,29685
8052939,1,2,1,10,2024,2,49,3.0,1300000.0,33971
8041624,1,1,1,10,2024,2,28,10.0,1200000.0,7992
8084923,1,1,1,10,2024,1,57,5.0,2000000.0,62210
8079953,1,1,1,10,2024,1,70,10.0,1000000.0,51970
8038989,1,1,1,10,2024,1,54,5.0,1300000.0,1986
8046522,1,1,1,10,2024,2,49,3.0,1200000.0,19764
8052102,1,1,1,10,2024,1,67,3.0,1100000.0,31851
8050054,1,2,1,10,2024,1,60,3.0,2000000.0,27015
8079553,1,1,1,10,2024,2,39,12.0,8300000.0,50972
8082407,1,1,1,10,2024,2,56,4.0,1462000.0,56648
8052827,1,1,1,10,2024,1,30,4.0,1700000.0,33695
8046062,1,1,1,10,2024,1,34,4.0,600000.0,18621
8056148,1,3,1,10,2024,2,33,10.0,1400000.0,40698
8046911,1,1,1,10,2024,1,28,10.0,1300000.0,20715
8044475,1,1,1,10,2024,1,60,5.0,3500000.0,14641
8044016,1,2,1,10,2024,1,54,5.0,1800000.0,13453
8045556,1,2,1,10,2024,2,24,4.0,960000.0,17596
8053345,1,2,1,10,2024,2,39,10.0,2800000.0,34940
8083267,1,1,1,10,2024,1,20,5.0,600000.0,58707
8052411,1,2,1,10,2024,1,41,5.0,1300000.0,32728
8050420,1,1,1,10,2024,2,56,5.0,1300000.0,27879
8039748,1,1,1,10,2024,2,31,8.0,200000.0,3650
8048099,1,1,1,10,2024,2,73,4.0,500000.0,23046
8042319,1,3,1,10,2024,1,20,6.0,900000.0,9553
8055196,1,1,1,10,2024,2,30,10.0,800000.0,38914
8056006,1,1,1,10,2024,1,37,5.0,1300000.0,40417
8050980,1,1,1,10,2024,1,37,3.0,1600000.0,29374
8038887,1,1,1,10,2024,2,60,8.0,1000000.0,1731
8075625,1,1,1,10,2024,1,59,5.0,1300000.0,41628
8075832,1,1,1,10,2024,1,33,5.0,1200000.0,42199
8075940,1,1,1,10,2024,1,59,3.0,200000.0,42516
8078716,1,1,1,10,2024,1,60,3.0,850000.0,48998
8048701,1,3,1,10,2024,1,27,10.0,1300000.0,24144
8044350,1,2,1,10,2024,2,37,4.0,1400000.0,14319
8082741,1,4,1,10,2024,2,26,5.0,1500000.0,57471
8076812,1,1,1,10,2024,2,38,11.0,8600000.0,44732
8044194,1,2,1,10,2024,2,31,9.0,2800000.0,13862
8083524,1,5,1,10,2024,2,21,10.0,3000000.0,59233
8080389,1,2,1,10,2024,2,50,10.0,1000000.0,53040
8045780,1,1,1,10,2024,2,51,5.0,250000.0,18163
8044425,1,3,1,10,2024,1,48,5.0,1300000.0,14513
8038341,1,1,1,10,2024,2,30,11.0,8000000.0,411
8045458,1,4,1,10,2024,1,60,3.0,700000.0,17329
8043964,1,2,1,10,2024,1,37,5.0,1300000.0,13355
8055347,1,2,1,10,2024,1,61,5.0,3000000.0,39212
8042100,1,1,1,10,2024,2,42,8.0,800000.0,9027
8053358,1,1,1,10,2024,1,70,3.0,900000.0,34989
8081221,1,1,1,10,2024,1,27,5.0,800000.0,54604
8086624,1,1,1,10,2024,1,25,5.0,1400000.0,64157
8046354,1,1,1,10,2024,1,55,10.0,800000.0,19362
8080318,1,1,1,10,2024,2,58,3.0,1500000.0,52845
8048464,1,1,1,10,2024,1,29,8.0,800000.0,23728
8044760,1,1,1,10,2024,1,78,10.0,800000.0,15406
8046355,1,1,1,10,2024,1,28,5.0,1000000.0,19365
8047333,1,2,1,10,2024,2,45,11.0,5600000.0,21455
8081388,1,1,1,10,2024,1,51,5.0,900000.0,55021
8080813,1,1,1,10,2024,2,36,8.0,1300000.0,53804
8045955,1,1,1,10,2024,1,76,1.0,160000.0,18333
8039925,1,2,1,10,2024,2,29,8.0,900000.0,4012
8052220,1,1,1,10,2024,1,57,5.0,250000.0,32145
8040936,1,1,1,10,2024,1,57,3.0,1200000.0,6391
8078353,1,3,1,10,2024,1,18,8.0,0.0,48258
8082375,1,1,1,10,2024,2,50,4.0,800000.0,56581
8082440,1,1,1,10,2024,1,65,5.0,1500000.0,56718
8048861,1,1,1,10,2024,1,63,5.0,1500000.0,24459
8076153,1,2,1,10,2024,1,47,3.0,500000.0,43163
8078017,1,3,1,10,2024,2,26,5.0,360000.0,47472
8078544,1,2,1,10,2024,2,46,1.0,360000.0,48643
8051472,1,3,1,10,2024,1,22,5.0,1300000.0,30279
8039049,1,1,1,10,2024,2,64,1.0,200000.0,2152
8054683,1,4,1,10,2024,1,35,5.0,700000.0,37798
8046723,1,1,1,10,2024,1,47,5.0,1600000.0,20287
8081447,1,1,1,10,2024,2,29,5.0,600000.0,55177
8041606,1,1,1,10,2024,2,51,10.0,2359000.0,7956
8076548,1,1,1,10,2024,1,34,5.0,850000.0,44134
8076315,1,1,1,10,2024,1,35,4.0,1000000.0,43566
8082522,1,2,1,10,2024,2,37,10.0,1000000.0,56899
8039459,1,1,1,10,2024,1,64,10.0,1000000.0,3089
8076391,1,1,1,10,2024,1,25,5.0,1300000.0,43748
8048441,1,1,1,10,2024,1,36,10.0,3500000.0,23689
8039000,1,1,1,10,2024,2,29,5.0,2500000.0,2005
8038651,1,1,1,10,2024,1,59,12.0,15000000.0,1089
8046286,1,1,1,10,2024,2,47,5.0,600000.0,19160
8086858,1,2,1,10,2024,1,50,12.0,2100000.0,64597
8045404,1,2,1,10,2024,1,53,3.0,1200000.0,17169
8055876,1,2,1,10,2024,1,55,5.0,1400000.0,40190
8082963,1,2,1,10,2024,1,49,1.0,1000000.0,57992
8084697,1,3,1,10,2024,1,31,8.0,1000000.0,61710
8076650,1,2,1,10,2024,2,38,3.0,1300000.0,44365
8082754,1,1,1,10,2024,2,41,10.0,2000000.0,57496
8056200,1,5,1,10,2024,1,25,4.0,240000.0,40787
8083948,1,3,1,10,2024,1,24,6.0,1300000.0,60038
8053473,1,2,1,10,2024,1,56,8.0,1000000.0,35224
8044440,1,1,1,10,2024,1,53,5.0,800000.0,14552
8081593,1,2,1,10,2024,1,68,3.0,387000.0,55456
8050515,1,1,1,10,2024,1,37,5.0,1800000.0,28181
8039400,1,2,1,10,2024,2,37,5.0,1600000.0,2979
8042370,1,1,1,10,2024,1,52,8.0,2300000.0,9654
8054975,1,2,1,10,2024,2,29,5.0,1200000.0,38479
8045114,1,2,1,10,2024,2,47,5.0,1360000.0,16371
8045124,1,1,1,10,2024,1,54,3.0,1500000.0,16405
8047725,1,1,1,10,2024,1,34,5.0,1300000.0,22211
8050308,1,1,1,10,2024,2,72,4.0,60000.0,27575
8040284,1,1,1,10,2024,2,38,8.0,1300000.0,4853
8055851,1,1,1,10,2024,1,36,10.0,2851200.0,40109
8086282,1,3,1,10,2024,2,19,5.0,400000.0,63401
8039665,1,1,1,10,2024,1,34,5.0,1400000.0,3467
8051532,1,1,1,10,2024,1,61,9.0,3000000.0,30425
8049374,1,3,1,10,2024,1,23,5.0,800000.0,25463
8075782,1,2,1,10,2024,2,52,10.0,2400000.0,42061
8040729,2,1,2,10,2024,1,48,5.0,800000.0,5879
8045388,1,1,1,10,2024,1,40,5.0,2000000.0,17111
8082774,1,2,1,10,2024,1,40,8.0,1300000.0,57537
8042431,1,2,1,10,2024,2,41,8.0,1000000.0,9792
8086509,1,1,1,10,2024,2,70,11.0,3800000.0,63842
8047856,1,3,1,10,2024,2,37,9.0,1300000.0,22544
8077051,1,2,1,10,2024,2,35,3.0,500000.0,45274
8046241,1,2,1,10,2024,1,24,5.0,1300000.0,19033
8078418,1,1,1,10,2024,1,19,5.0,1600000.0,48367
8082653,1,1,1,10,2024,1,28,5.0,600000.0,57218
8042741,1,1,1,10,2024,1,35,5.0,1300000.0,10441
8083971,1,1,1,10,2024,1,53,3.0,3000000.0,60106
8038724,1,2,1,10,2024,2,36,8.0,1300000.0,1326
8042609,1,1,1,10,2024,2,83,3.0,400000.0,10150
8084842,1,3,1,10,2024,2,28,8.0,2080000.0,62029
8048619,1,1,1,10,2024,2,46,3.0,1300000.0,24014
8048547,1,5,1,10,2024,1,67,3.0,1300000.0,23908
8078611,1,1,1,10,2024,1,64,12.0,4300000.0,48795
8052531,1,2,1,10,2024,1,52,3.0,800000.0,33022
8045328,1,1,1,10,2024,1,45,8.0,4000000.0,16953
8084053,1,1,1,10,2024,2,34,10.0,3900000.0,60373
8051556,1,1,1,10,2024,1,61,9.0,3000000.0,30473
8055371,1,1,1,10,2024,2,53,4.0,550000.0,39268
8042429,1,1,1,10,2024,1,33,10.0,2800000.0,9785
8044275,1,1,1,10,2024,2,39,8.0,1500000.0,14075
8084920,1,1,1,10,2024,1,40,5.0,2500000.0,62206
8080900,1,1,1,10,2024,2,26,3.0,1000000.0,53969
8049095,1,2,1,10,2024,2,30,3.0,1450000.0,24910
8077141,1,2,1,10,2024,2,38,5.0,600000.0,45545
8079836,1,2,1,10,2024,2,54,1.0,400000.0,51711
8050634,1,2,1,10,2024,2,57,5.0,1300000.0,28481
8084423,1,1,1,10,2024,1,36,10.0,3500000.0,61174
8044382,1,1,1,10,2024,2,56,5.0,1600000.0,14392
8077666,1,1,1,10,2024,1,64,4.0,1200000.0,46692
8044901,1,1,1,10,2024,1,35,10.0,2500000.0,15796
8039989,1,1,1,10,2024,2,40,10.0,2000000.0,4130
8038747,1,3,1,10,2024,1,26,10.0,2800000.0,1388
8079945,1,1,1,10,2024,1,27,10.0,1500000.0,51958
8041168,1,1,1,10,2024,1,25,5.0,400000.0,6956
8056210,1,2,1,10,2024,1,25,6.0,1300000.0,40817
8047681,1,3,1,10,2024,1,41,12.0,7424000.0,22133
8046543,1,2,1,10,2024,1,46,5.0,1300000.0,19829
8085749,1,1,1,10,2024,2,53,5.0,700000.0,62781
8052623,1,1,1,10,2024,2,61,4.0,500000.0,33260
8044112,1,2,1,10,2024,1,45,5.0,1400000.0,13673
8047988,1,1,1,10,2024,2,73,1.0,105000.0,22805
8046623,1,5,1,10,2024,1,21,10.0,1500000.0,20066
8044746,1,2,1,10,2024,1,62,3.0,1300000.0,15376
8054083,1,1,1,10,2024,1,23,5.0,1800000.0,36461
8054765,1,2,1,10,2024,2,65,5.0,1200000.0,38012
8044854,1,1,1,10,2024,2,31,9.0,1600000.0,15671
8077243,1,1,1,10,2024,1,38,3.0,500000.0,45820
8050423,1,1,1,10,2024,1,41,3.0,1300000.0,27890
8054670,1,1,1,10,2024,2,42,5.0,700000.0,37770
8051808,1,1,1,10,2024,1,67,5.0,,31105
8056340,1,1,1,10,2024,2,41,12.0,5200000.0,41103
8050255,1,2,1,10,2024,2,42,5.0,2000000.0,27472
8083273,1,2,1,10,2024,2,23,5.0,600000.0,58720
8054702,1,1,1,10,2024,1,52,5.0,3100000.0,37829
8076302,1,1,1,10,2024,1,52,3.0,1200000.0,43534
8051326,1,2,1,10,2024,2,51,4.0,200000.0,29893
8045951,1,1,1,10,2024,1,61,1.0,950000.0,18322
8043297,1,5,1,10,2024,1,39,5.0,900000.0,11618
8047151,1,1,1,10,2024,1,48,5.0,0.0,21074
8083743,1,1,1,10,2024,1,41,5.0,6000000.0,59657
8052157,1,1,1,10,2024,2,66,5.0,1100000.0,31985
8079105,1,1,1,10,2024,1,63,3.0,800000.0,49875
8082803,1,1,1,10,2024,1,41,5.0,1500000.0,57628
8040342,1,2,1,10,2024,2,26,9.0,1362000.0,4998
8083165,1,1,1,10,2024,1,42,11.0,3000000.0,58474
8081605,1,1,1,10,2024,1,47,3.0,5000000.0,55471
8082748,1,1,1,10,2024,1,60,4.0,2000000.0,57486
8077640,1,1,1,10,2024,1,35,5.0,5400000.0,46644
8085718,1,1,1,10,2024,1,37,3.0,860000.0,62688
8056428,1,1,1,10,2024,2,46,5.0,1400000.0,41330
8077323,1,1,1,10,2024,1,74,5.0,1350000.0,45988
8084018,1,1,1,10,2024,1,62,3.0,1500000.0,60246
8077198,1,2,1,10,2024,2,44,5.0,50000.0,45703
8053854,1,1,1,10,2024,2,38,3.0,1500000.0,36019
8076489,1,2,1,10,2024,1,32,3.0,1000000.0,43999
8046525,1,1,1,10,2024,2,69,4.0,300000.0,19779
8054459,1,1,1,10,2024,2,26,10.0,1300000.0,37333
8055420,1,2,1,10,2024,1,38,5.0,2000000.0,39357
8045504,1,1,1,10,2024,1,54,3.0,800000.0,17464
8075751,1,1,1,10,2024,1,53,1.0,450000.0,41970
8038823,1,1,1,10,2024,2,55,5.0,1760000.0,1575
8051269,1,2,1,10,2024,2,55,5.0,800000.0,29725
8038513,3,1,3,10,2024,2,26,9.0,1936000.0,800
8050439,1,1,1,10,2024,1,50,4.0,2200000.0,27933
8044891,1,1,1,10,2024,2,31,5.0,680000.0,15763
8038892,1,1,1,10,2024,2,56,8.0,3000000.0,1742
8078531,1,1,1,10,2024,1,21,4.0,1000000.0,48611
8038748,1,2,1,10,2024,1,51,5.0,1500000.0,1390
8043656,1,1,1,10,2024,1,27,5.0,3000000.0,12561
8053378,1,1,1,10,2024,1,53,3.0,600000.0,35050
8043707,1,1,1,10,2024,1,59,10.0,8500000.0,12688
8046525,1,2,1,10,2024,2,44,10.0,1300000.0,19780
8051871,1,1,1,10,2024,1,44,3.0,800000.0,31297
8076066,1,1,1,10,2024,1,49,3.0,200000.0,42905
8049163,1,3,1,10,2024,1,25,10.0,4000000.0,25037
8040582,1,2,1,10,2024,2,29,10.0,600000.0,5580
8039159,1,1,1,10,2024,1,53,11.0,2600000.0,2470
8086515,1,4,1,10,2024,1,39,5.0,1500000.0,63856
8079351,1,1,1,10,2024,1,52,10.0,700000.0,50546
8048001,1,2,1,10,2024,2,42,5.0,1300000.0,22830
8044392,1,1,1,10,2024,2,24,5.0,1300000.0,14422
8043597,1,2,1,10,2024,1,22,4.0,600000.0,12403
8083445,1,1,1,10,2024,1,18,4.0,800000.0,59090
8043212,1,1,1,10,2024,1,51,5.0,1500000.0,11404
8050617,1,2,1,10,2024,1,55,10.0,2050000.0,28443
8040900,1,2,1,10,2024,1,62,6.0,700000.0,6312
8043381,1,3,1,10,2024,2,30,11.0,4000000.0,11830
8045548,1,2,1,10,2024,1,52,4.0,1000000.0,17571
8085002,1,1,1,10,2024,1,33,8.0,1200000.0,62408
8047265,1,1,1,10,2024,2,25,4.0,2000000.0,21318
8039194,1,1,1,10,2024,2,56,10.0,2500000.0,2547
8039038,1,3,1,10,2024,1,26,5.0,1200000.0,2113
8043739,1,1,1,10,2024,1,39,11.0,5400000.0,12763
8082579,1,1,1,10,2024,1,33,4.0,700000.0,57032
8041162,1,1,1,10,2024,2,39,5.0,105000.0,6942
8048972,1,1,1,10,2024,1,34,5.0,1500000.0,24697
8077981,1,5,1,10,2024,1,82,1.0,300000.0,47376
8080591,1,2,1,10,2024,1,29,5.0,130000.0,53382
8049261,1,1,1,10,2024,1,34,5.0,850000.0,25217
8083700,1,1,1,10,2024,1,55,4.0,1300000.0,59577
8040611,1,1,1,10,2024,1,59,8.0,2000000.0,5647
8085830,1,1,1,10,2024,1,48,5.0,780000.0,62934
8078214,1,1,1,10,2024,1,35,5.0,1300000.0,47901
8048409,1,1,1,10,2024,1,43,10.0,3500000.0,23634
8045580,1,1,1,10,2024,1,54,11.0,6400000.0,17665
8050042,1,1,1,10,2024,1,45,9.0,1800000.0,26970
8076978,1,2,1,10,2024,1,20,5.0,600000.0,45089
8080387,1,1,1,10,2024,2,58,4.0,400000.0,53033
8045158,1,1,1,10,2024,2,56,12.0,6000000.0,16486
8055675,1,1,1,10,2024,1,29,4.0,700000.0,39776
8048707,1,1,1,10,2024,1,28,5.0,1300000.0,24159
8041168,1,4,1,10,2024,2,29,4.0,600000.0,6959
8082295,1,2,1,10,2024,2,44,5.0,1300000.0,56408
8039811,1,1,1,10,2024,1,54,3.0,700000.0,3761
8082121,1,3,1,10,2024,2,21,10.0,1000000.0,56133
8047775,1,2,1,10,2024,1,25,4.0,150000.0,22347
8050866,1,2,1,10,2024,2,35,5.0,1300000.0,29043
8039107,1,1,1,10,2024,1,36,10.0,2400000.0,2315
8050883,1,3,1,10,2024,1,66,3.0,1000000.0,29093
8047837,1,3,1,10,2024,1,29,8.0,1600000.0,22499
8050459,1,4,1,10,2024,1,50,5.0,1400000.0,27980
8054847,1,3,1,10,2024,1,33,5.0,2000000.0,38193
8040532,1,1,1,10,2024,1,56,5.0,1650000.0,5452
8077901,1,3,1,10,2024,1,37,4.0,380000.0,47168
8046657,1,2,1,10,2024,2,32,10.0,3000000.0,20138
8055893,1,3,1,10,2024,2,19,5.0,1300000.0,40221
8040692,1,1,1,10,2024,1,52,5.0,1300000.0,5801
8076966,1,4,1,10,2024,1,48,3.0,1400000.0,45058
8042969,1,1,1,10,2024,1,40,4.0,1700000.0,10858
8048266,1,1,1,10,2024,1,33,6.0,3500000.0,23394
8075935,1,2,1,10,2024,2,23,4.0,50000.0,42497
8040090,1,1,1,10,2024,1,69,3.0,1300000.0,4341
8045137,1,1,1,10,2024,2,33,3.0,380000.0,16436
8084727,1,1,1,10,2024,2,40,5.0,2400000.0,61762
8080823,1,2,1,10,2024,1,58,3.0,1950000.0,53825
8050472,1,2,1,10,2024,1,43,5.0,600000.0,28027
8086347,1,1,1,10,2024,1,61,9.0,3000000.0,63505
8051702,1,1,1,10,2024,1,46,9.0,5150000.0,30818
8051416,1,1,1,10,2024,1,39,4.0,960000.0,30138
8054204,1,1,1,10,2024,2,56,3.0,900000.0,36735
8052779,1,3,1,10,2024,2,22,5.0,1000000.0,33578
8054927,1,1,1,10,2024,1,53,11.0,15000000.0,38384
8049891,1,5,1,10,2024,2,26,3.0,600000.0,26618
8055217,1,2,1,10,2024,2,50,5.0,200000.0,38976
8042851,1,2,1,10,2024,1,49,8.0,2200000.0,10696
8046493,1,2,1,10,2024,1,68,10.0,4000000.0,19669
8054398,1,3,1,10,2024,1,33,5.0,450000.0,37179
8080859,1,2,1,10,2024,1,49,3.0,1000000.0,53899
8079487,1,2,1,10,2024,1,51,11.0,4500000.0,50853
8051015,1,1,1,10,2024,2,73,5.0,1300000.0,29474
8078111,1,1,1,10,2024,2,70,11.0,3600000.0,47652
8086265,1,1,1,10,2024,1,53,4.0,900000.0,63354
8038848,1,1,1,10,2024,2,64,5.0,2000000.0,1633
8083642,1,1,1,10,2024,2,31,5.0,400000.0,59469
8043267,1,3,1,10,2024,1,26,5.0,1300000.0,11533
8075772,1,2,1,10,2024,1,68,4.0,800000.0,42031
8075605,1,4,1,10,2024,1,21,5.0,750000.0,41565
8052294,1,1,1,10,2024,2,35,5.0,250000.0,32370
8049855,1,3,1,10,2024,1,26,5.0,900000.0,26520
8048928,1,3,1,10,2024,1,20,5.0,1000000.0,24608
8075628,1,3,1,10,2024,1,21,8.0,1300000.0,41639
8040376,1,3,1,10,2024,1,28,4.0,1600000.0,5067
8084011,1,2,1,10,2024,1,38,5.0,1300000.0,60224
8046686,1,1,1,10,2024,1,72,9.0,3700000.0,20194
8048406,2,1,2,10,2024,2,54,5.0,600000.0,23632
8082366,1,1,1,10,2024,2,58,5.0,0.0,56565
8050159,1,1,1,10,2024,1,56,3.0,800000.0,27227
8054181,1,2,1,10,2024,1,47,10.0,6000000.0,36686
8040204,1,1,1,10,2024,1,29,5.0,1800000.0,4652
8038466,1,2,1,10,2024,1,31,5.0,1462000.0,698
8054608,1,1,1,10,2024,1,59,3.0,600000.0,37612
8051768,1,3,1,10,2024,1,37,6.0,1300000.0,31004
8049336,1,2,1,10,2024,2,26,4.0,700000.0,25393
8054116,3,1,3,10,2024,1,28,5.0,1400000.0,36530
8082058,1,1,1,10,2024,2,38,4.0,900000.0,56038
8054429,1,3,1,10,2024,2,21,5.0,1300000.0,37255
8038516,1,1,1,10,2024,1,43,3.0,1300000.0,803
8041114,1,1,1,10,2024,2,48,3.0,500000.0,6825
8049265,1,2,1,10,2024,2,38,8.0,1500000.0,25225
8083528,1,1,1,10,2024,1,54,5.0,1300000.0,59241
8038573,1,1,1,10,2024,1,71,3.0,600000.0,932
8085768,1,1,1,10,2024,1,42,5.0,400000.0,62812
8076148,1,4,1,10,2024,1,43,3.0,200000.0,43153
8042878,1,1,1,10,2024,1,39,10.0,2800000.0,10738
8040173,1,3,1,10,2024,1,26,5.0,400000.0,4562
8048601,1,1,1,10,2024,1,45,5.0,1000000.0,23991
8086656,1,2,1,10,2024,1,62,5.0,1500000.0,64248
8045937,1,1,1,10,2024,2,37,3.0,150000.0,18281
8056074,1,5,1,10,2024,1,23,5.0,2200000.0,40539
8077388,1,1,1,10,2024,2,40,5.0,800000.0,46145
8079224,1,1,1,10,2024,2,21,4.0,200000.0,50181
8075787,1,1,1,10,2024,1,61,3.0,0.0,42075
8080370,1,2,1,10,2024,1,46,10.0,3000000.0,52981
8043147,1,2,1,10,2024,2,31,5.0,750000.0,11262
8083532,1,1,1,10,2024,1,59,4.0,1300000.0,59249
8038206,1,1,1,10,2024,2,54,1.0,100000.0,52
8054680,1,1,1,10,2024,1,59,1.0,300000.0,37787
8078647,1,1,1,10,2024,1,45,3.0,0.0,48861
8048710,1,1,1,10,2024,1,69,3.0,20000000.0,24170
8047648,1,1,1,10,2024,1,72,1.0,300000.0,22068
8044650,1,2,1,10,2024,2,35,10.0,2000000.0,15137
8046363,1,3,1,10,2024,1,41,9.0,4760000.0,19382
8054285,1,1,1,10,2024,1,29,5.0,1200000.0,36875
8040391,1,1,1,10,2024,2,50,5.0,1300000.0,5099
8083010,1,2,1,10,2024,1,59,4.0,400000.0,58112
8050846,1,1,1,10,2024,1,30,4.0,6350000.0,28996
8039509,1,1,1,10,2024,2,60,3.0,300000.0,3197
8079655,1,3,1,10,2024,1,32,10.0,1200000.0,51146
8053006,1,1,1,10,2024,2,48,5.0,950000.0,34195
8083582,1,1,1,10,2024,2,38,5.0,1300000.0,59356
8052061,1,2,1,10,2024,2,28,5.0,400000.0,31733
8051974,1,2,1,10,2024,2,67,5.0,1800000.0,31545
8050253,1,1,1,10,2024,1,52,5.0,1462000.0,27465
8050921,1,1,1,10,2024,2,52,12.0,4000000.0,29202
8051890,1,1,1,10,2024,1,68,3.0,650000.0,31342
8045313,1,1,1,10,2024,2,35,10.0,1300000.0,16917
8041292,1,2,1,10,2024,2,49,12.0,6000000.0,7261
8051972,1,2,1,10,2024,1,32,5.0,1350000.0,31540
8086644,1,2,1,10,2024,2,31,9.0,1600000.0,64206
8041282,1,1,1,10,2024,1,66,5.0,1300000.0,7237
8053278,1,1,1,10,2024,1,54,8.0,2500000.0,34765
8084404,1,1,1,10,2024,2,42,6.0,1450000.0,61146
8056249,1,1,1,10,2024,1,37,3.0,1300000.0,40926
8039064,1,3,1,10,2024,1,28,9.0,2100000.0,2185
8082647,1,1,1,10,2024,1,33,8.0,950000.0,57200
8075602,1,2,1,10,2024,1,53,3.0,800000.0,41545
8078750,1,4,1,10,2024,2,26,5.0,1300000.0,49083
8046151,1,1,1,10,2024,1,55,3.0,1800000.0,18822
8077697,1,1,1,10,2024,1,46,4.0,3000000.0,46762
8043657,1,2,1,10,2024,2,37,10.0,12000000.0,12565
8084319,1,1,1,10,2024,2,44,5.0,250000.0,60957
8047136,1,1,1,10,2024,2,35,5.0,200000.0,21041
8044206,1,2,1,10,2024,2,37,10.0,6000000.0,13890
8039289,1,1,1,10,2024,2,47,5.0,1300000.0,2798
8080299,1,1,1,10,2024,2,40,5.0,1400000.0,52794
8053144,1,1,1,10,2024,2,54,10.0,6000000.0,34468
8042843,1,1,1,10,2024,1,18,5.0,400000.0,10677
8078094,1,3,1,10,2024,1,75,3.0,500000.0,47619
8054625,1,2,1,10,2024,1,45,5.0,700000.0,37663
8044365,1,3,1,10,2024,1,23,5.0,1436000.0,14361
8083054,1,1,1,10,2024,2,48,3.0,900000.0,58219
8051052,1,1,1,10,2024,2,39,8.0,1300000.0,29566
8076907,1,1,1,10,2024,1,56,3.0,1100000.0,44942
8042544,1,1,1,10,2024,2,34,5.0,1300000.0,10036
8044046,1,4,1,10,2024,1,24,10.0,800000.0,13513
8046549,1,1,1,10,2024,2,47,8.0,150000.0,19847
8049040,1,2,1,10,2024,1,62,4.0,1200000.0,24806
8051715,1,2,1,10,2024,2,41,6.0,1300000.0,30853
8086738,1,1,1,10,2024,2,56,5.0,1100000.0,64408
8048765,1,1,1,10,2024,1,51,1.0,700000.0,24242
8081549,1,1,1,10,2024,2,57,4.0,600000.0,55400
8082961,1,1,1,10,2024,2,53,5.0,700000.0,57981
8050256,1,2,1,10,2024,1,39,5.0,2000000.0,27475
8056176,1,1,1,10,2024,2,51,5.0,1300000.0,40751
8046309,1,2,1,10,2024,1,54,5.0,1800000.0,19251
8044698,1,1,1,10,2024,1,52,3.0,1100000.0,15261
8055756,1,2,1,10,2024,2,67,3.0,60000.0,39893
8041914,1,4,1,10,2024,1,42,5.0,1300000.0,8595
8043923,1,1,1,10,2024,2,24,5.0,2000000.0,13229
8042786,1,1,1,10,2024,2,67,5.0,105000.0,10535
8038565,1,1,1,10,2024,1,26,4.0,1300000.0,917
8079818,1,2,1,10,2024,2,50,10.0,2400000.0,51655
8040668,1,1,1,10,2024,1,54,5.0,200000.0,5743
8039095,1,1,1,10,2024,1,75,1.0,2000000.0,2282
8052853,1,1,1,10,2024,2,67,3.0,480000.0,33763
8075761,1,2,1,10,2024,2,52,5.0,1300000.0,41998
8051750,1,2,1,10,2024,2,40,5.0,800000.0,30953
8052557,1,1,1,10,2024,2,71,3.0,1000000.0,33090
8048244,1,2,1,10,2024,2,26,5.0,600000.0,23352
8076055,1,3,1,10,2024,2,27,9.0,500000.0,42872
8055468,1,1,1,10,2024,1,35,3.0,1500000.0,39411
8055907,1,1,1,10,2024,2,28,11.0,3800000.0,40240
8082096,1,2,1,10,2024,2,29,5.0,600000.0,56089
8079041,1,3,1,10,2024,1,62,3.0,500000.0,49745
8045805,1,1,1,10,2024,1,26,9.0,2000000.0,18222
8083991,1,1,1,10,2024,2,66,5.0,1050000.0,60169
8052111,1,1,1,10,2024,1,60,5.0,900000.0,31871
8038257,1,1,1,10,2024,2,38,12.0,9500000.0,187
8051379,1,2,1,10,2024,2,39,8.0,1300000.0,30035
8077332,1,2,1,10,2024,1,30,4.0,1300000.0,46006
8050173,1,1,1,10,2024,2,41,3.0,1300000.0,27271
8046322,1,1,1,10,2024,2,74,3.0,300000.0,19279
8080660,1,3,1,10,2024,1,38,10.0,3000000.0,53535
8045189,1,1,1,10,2024,2,31,10.0,1600000.0,16584
8080521,1,1,1,10,2024,1,58,3.0,800000.0,53224
8040576,1,1,1,10,2024,2,51,8.0,1500000.0,5567
8051438,1,2,1,10,2024,1,51,4.0,900000.0,30202
8077373,1,2,1,10,2024,1,40,4.0,950000.0,46108
8045090,1,1,1,10,2024,2,49,3.0,900000.0,16310
8050467,1,1,1,10,2024,1,34,5.0,1000000.0,28007
8040235,1,1,1,10,2024,1,57,3.0,500000.0,4757
8082903,1,2,1,10,2024,2,32,8.0,1350000.0,57880
8043792,1,1,1,10,2024,1,57,3.0,800000.0,12923
8079165,1,4,1,10,2024,2,91,1.0,30000.0,50013
8081617,1,2,1,10,2024,1,39,10.0,2000000.0,55483
8038594,1,1,1,10,2024,2,32,8.0,1300000.0,947
8080409,1,3,1,10,2024,1,29,11.0,4800000.0,53087
8047838,1,1,1,10,2024,2,36,6.0,650000.0,22501
8078195,1,1,1,10,2024,2,44,8.0,1450000.0,47840
8056359,1,1,1,10,2024,1,40,3.0,2000000.0,41150
8040687,1,1,1,10,2024,2,26,4.0,50000.0,5784
8048440,1,2,1,10,2024,2,34,5.0,1300000.0,23688
8084995,1,1,1,10,2024,2,41,3.0,1000000.0,62390
8080726,1,1,1,10,2024,2,24,10.0,2000000.0,53645
8038403,1,3,1,10,2024,1,42,5.0,1500000.0,584
8083435,1,3,1,10,2024,1,23,10.0,1700000.0,59068
8049371,1,1,1,10,2024,1,66,1.0,300000.0,25446
8054727,1,2,1,10,2024,1,45,5.0,1600000.0,37905
8054111,1,2,1,10,2024,1,44,3.0,400000.0,36513
8050509,1,2,1,10,2024,1,32,5.0,1600000.0,28163
8044435,1,2,1,10,2024,2,34,10.0,3000000.0,14542
8051255,1,1,1,10,2024,1,22,10.0,1300000.0,29687
8042409,1,1,1,10,2024,2,62,5.0,2000000.0,9755
8078869,1,4,1,10,2024,1,51,3.0,1000000.0,49325
8040711,1,2,1,10,2024,1,25,10.0,2000000.0,5828
8054254,1,1,1,10,2024,1,29,10.0,3000000.0,36813
8047149,1,1,1,10,2024,2,36,10.0,3100000.0,21070
8043949,1,3,1,10,2024,1,24,5.0,200000.0,13302
8049962,1,3,1,10,2024,1,40,10.0,2000000.0,26758
8076152,1,3,1,10,2024,1,30,8.0,200000.0,43160
8055136,1,2,1,10,2024,1,36,4.0,1300000.0,38775
8054103,1,1,1,10,2024,1,35,9.0,3000000.0,36495
8077504,1,2,1,10,2024,2,27,5.0,500000.0,46348
8045006,1,2,1,10,2024,2,38,9.0,200000.0,16085
8055758,1,2,1,10,2024,2,27,11.0,4000000.0,39896
8055304,1,1,1,10,2024,1,42,8.0,1300000.0,39138
8083069,1,2,1,10,2024,2,39,5.0,4000000.0,58248
8051552,1,1,1,10,2024,1,61,9.0,3000000.0,30465
8051567,1,1,1,10,2024,1,61,9.0,3000000.0,30495
8079458,1,2,1,10,2024,2,55,7.0,1300000.0,50801
8086291,1,1,1,10,2024,1,62,11.0,7000000.0,63426
8044432,1,1,1,10,2024,2,30,5.0,600000.0,14533
8054836,1,6,1,10,2024,1,18,5.0,400000.0,38168
8051299,1,1,1,10,2024,2,45,5.0,1500000.0,29806
8054051,1,2,1,10,2024,1,45,8.0,1600000.0,36394
8042247,1,2,1,10,2024,2,29,9.0,1700000.0,9417
8077756,1,1,1,10,2024,1,45,4.0,1300000.0,46897
8041903,1,1,1,10,2024,1,45,10.0,5106000.0,8560
8080763,1,1,1,10,2024,1,51,4.0,1462000.0,53708
8040175,1,2,1,10,2024,2,45,8.0,100000.0,4565
8082840,1,2,1,10,2024,2,43,8.0,3000000.0,57715
8049354,1,2,1,10,2024,1,56,5.0,2500000.0,25421
8076420,1,2,1,10,2024,1,34,5.0,1300000.0,43802
8045012,1,2,1,10,2024,1,22,5.0,900000.0,16109
8055996,1,2,1,10,2024,2,50,10.0,3500000.0,40404
8054000,1,1,1,10,2024,1,54,5.0,1300000.0,36303
8050506,1,7,1,10,2024,1,33,5.0,1300000.0,28154
8045198,1,1,1,10,2024,2,37,5.0,200000.0,16613
8045013,1,1,1,10,2024,1,27,5.0,1300000.0,16111
8083906,1,2,1,10,2024,1,54,5.0,960000.0,59979
8047820,1,3,1,10,2024,2,27,6.0,1000000.0,22451
8038688,1,2,1,10,2024,1,54,5.0,1300000.0,1226
8047608,1,1,1,10,2024,2,31,8.0,1300000.0,21965
8041260,1,2,1,10,2024,2,70,12.0,10000000.0,7190
8039573,1,1,1,10,2024,1,39,3.0,1300000.0,3313
8079867,1,1,1,10,2024,1,64,8.0,4500000.0,51784
8086050,1,1,1,10,2024,1,32,11.0,2300000.0,63228
8049587,1,3,1,10,2024,1,20,8.0,500000.0,25821
8039218,1,1,1,10,2024,2,36,9.0,900000.0,2613
8049647,1,2,1,10,2024,1,58,3.0,1200000.0,25988
8047920,1,1,1,10,2024,1,29,3.0,1000000.0,22689
8043565,1,2,1,10,2024,2,58,10.0,12000000.0,12319
8046075,1,1,1,10,2024,1,39,5.0,1000000.0,18655
8041475,1,1,1,10,2024,1,44,4.0,1700000.0,7655
8044385,1,1,1,10,2024,1,61,3.0,1000000.0,14402
8076932,1,2,1,10,2024,1,47,5.0,800000.0,44995
8049532,1,3,1,10,2024,1,19,10.0,600000.0,25692
8079758,1,1,1,10,2024,2,58,4.0,200000.0,51467
8086423,1,1,1,10,2024,1,57,8.0,3500000.0,63641
8047101,1,3,1,10,2024,2,60,5.0,1300000.0,20992
8045399,1,1,1,10,2024,1,61,5.0,1300000.0,17150
8055782,1,1,1,10,2024,1,68,5.0,200000.0,39954
8075601,1,2,1,10,2024,1,37,5.0,1300000.0,41540
8051820,1,1,1,10,2024,1,63,5.0,1000000.0,31143
8044155,1,3,1,10,2024,1,19,8.0,1600000.0,13776
8055224,1,5,1,10,2024,1,23,5.0,1300000.0,39011
8078783,1,1,1,10,2024,2,26,8.0,2000000.0,49150
8081761,1,2,1,10,2024,2,29,10.0,1300000.0,55718
8079773,1,1,1,10,2024,2,42,4.0,240000.0,51527
8042846,1,1,1,10,2024,1,50,12.0,4000000.0,10682
8042232,1,4,1,10,2024,1,18,10.0,600000.0,9385
8044557,1,1,1,10,2024,2,64,8.0,2100000.0,14890
8080940,1,1,1,10,2024,1,56,4.0,1500000.0,54074
8047678,1,1,1,10,2024,1,52,10.0,1300000.0,22121
8080590,1,1,1,10,2024,1,33,6.0,1300000.0,53380
8079533,1,1,1,10,2024,2,78,3.0,300000.0,50941
8040167,1,5,1,10,2024,2,25,5.0,1300000.0,4539
8055965,1,1,1,10,2024,2,22,4.0,600000.0,40345
8048709,1,2,1,10,2024,1,62,4.0,1300000.0,24166
8041485,1,1,1,10,2024,2,34,5.0,300000.0,7679
8047042,1,2,1,10,2024,2,38,10.0,2400000.0,20880
8038689,1,2,1,10,2024,1,38,5.0,1920000.0,1231
8045424,1,1,1,10,2024,1,41,3.0,1500000.0,17221
8049121,1,3,1,10,2024,2,26,11.0,4000000.0,24953
8079591,1,3,1,10,2024,2,64,8.0,4250000.0,51028
8039766,1,2,1,10,2024,1,19,10.0,1462000.0,3690
8047716,1,1,1,10,2024,1,33,10.0,2900000.0,22196
8054762,1,2,1,10,2024,2,57,4.0,700000.0,38002
8077917,1,2,1,10,2024,1,42,3.0,750000.0,47206
8047743,1,2,1,10,2024,1,31,5.0,700000.0,22259
8053325,1,1,1,10,2024,1,40,10.0,2500000.0,34894
8050123,1,5,1,10,2024,1,21,3.0,2100000.0,27152
8049026,1,4,1,10,2024,1,28,10.0,1540000.0,24783
8049504,1,3,1,10,2024,1,33,5.0,1400000.0,25627
8050672,1,1,1,10,2024,1,27,6.0,1700000.0,28556
8044271,1,3,1,10,2024,1,66,1.0,500000.0,14065
8084417,1,1,1,10,2024,2,49,10.0,2000000.0,61167
8054502,1,1,1,10,2024,2,62,10.0,1400000.0,37403
8079020,2,1,2,10,2024,1,29,5.0,750000.0,49676
8082473,1,1,1,10,2024,1,24,5.0,1200000.0,56784
8044940,1,3,1,10,2024,1,24,11.0,2500000.0,15893
8053277,1,1,1,10,2024,1,62,3.0,700000.0,34759
8076032,1,2,1,10,2024,2,34,5.0,155000.0,42805
8041541,1,1,1,10,2024,2,42,5.0,1300000.0,7811
8051540,1,1,1,10,2024,1,61,9.0,3000000.0,30441
8045755,1,2,1,10,2024,1,33,8.0,2000000.0,18110
8049855,1,1,1,10,2024,1,46,3.0,1200000.0,26518
8051675,1,2,1,10,2024,1,28,6.0,1300000.0,30748
8084893,1,2,1,10,2024,2,43,5.0,1462000.0,62145
8046162,1,1,1,10,2024,1,54,1.0,800000.0,18849
8055141,1,1,1,10,2024,1,46,3.0,200000.0,38785
8038606,1,1,1,10,2024,2,46,10.0,3400000.0,979
8076620,1,1,1,10,2024,1,79,1.0,500000.0,44293
8080952,1,1,1,10,2024,2,28,5.0,800000.0,54095
8039122,1,2,1,10,2024,1,54,5.0,650000.0,2361
8047131,1,1,1,10,2024,1,64,11.0,10000000.0,21030
8078181,1,2,1,10,2024,1,34,5.0,1600000.0,47815
8075833,1,1,1,10,2024,2,57,8.0,2800000.0,42201
8079385,1,2,1,10,2024,1,56,3.0,800000.0,50612
8080984,1,1,1,10,2024,1,31,9.0,3000000.0,54158
8054406,1,2,1,10,2024,2,41,8.0,1300000.0,37196
8040192,1,7,1,10,2024,1,22,5.0,2000000.0,4626
8049664,1,1,1,10,2024,1,34,5.0,2000000.0,26022
8080150,1,1,1,10,2024,1,39,8.0,1300000.0,52423
8046418,1,2,1,10,2024,2,47,5.0,360000.0,19500
8080691,1,2,1,10,2024,1,24,10.0,2800000.0,53594
8041542,1,1,1,10,2024,1,34,5.0,1300000.0,7814
8081424,1,3,1,10,2024,1,40,5.0,1300000.0,55132
8046276,1,1,1,10,2024,1,75,3.0,0.0,19128
8082901,1,1,1,10,2024,1,42,8.0,1000000.0,57874
8082998,1,3,1,10,2024,1,28,10.0,2400000.0,58074
8083044,1,3,1,10,2024,2,25,5.0,900000.0,58194
8040766,1,1,1,10,2024,1,60,10.0,2000000.0,5986
8083968,1,1,1,10,2024,1,60,10.0,5000000.0,60099
8078341,1,1,1,10,2024,1,72,1.0,400000.0,48218
8075742,1,1,1,10,2024,1,70,3.0,1300000.0,41957
8086679,1,2,1,10,2024,2,63,10.0,6300000.0,64311
8046398,1,2,1,10,2024,2,45,9.0,1800000.0,19458
8085982,1,1,1,10,2024,1,59,3.0,700000.0,63139
8045945,1,1,1,10,2024,2,65,3.0,200000.0,18304
8049954,1,1,1,10,2024,2,61,3.0,120000.0,26741
8050716,1,3,1,10,2024,2,27,10.0,280000.0,28655
8055793,1,1,1,10,2024,2,25,8.0,1462000.0,39988
8084239,1,1,1,10,2024,1,50,5.0,900000.0,60777
8043676,1,1,1,10,2024,2,19,5.0,900000.0,12613
8079469,1,3,1,10,2024,2,32,10.0,2000000.0,50821
8086517,1,3,1,10,2024,2,32,5.0,1300000.0,63863
8078565,1,1,1,10,2024,1,25,4.0,1200000.0,48681
8041157,1,2,1,10,2024,2,52,3.0,240000.0,6929
8047032,1,1,1,10,2024,2,42,10.0,1500000.0,20862
8042552,1,1,1,10,2024,1,33,5.0,1300000.0,10054
8076070,1,1,1,10,2024,1,66,1.0,1200000.0,42912
8077642,1,2,1,10,2024,1,29,4.0,1600000.0,46649
8078604,1,2,1,10,2024,1,69,4.0,300000.0,48775
8043618,1,1,1,10,2024,1,36,5.0,800000.0,12459
8039883,1,1,1,10,2024,1,43,3.0,700000.0,3891
8080357,1,1,1,10,2024,2,44,3.0,1000000.0,52943
8053394,1,4,1,10,2024,1,65,4.0,700000.0,35108
8050522,1,3,1,10,2024,2,25,5.0,1000000.0,28201
8053134,1,1,1,10,2024,1,58,10.0,10000000.0,34450
8049825,1,4,1,10,2024,2,49,5.0,650000.0,26466
8043745,1,2,1,10,2024,1,32,9.0,1300000.0,12781
8050278,1,1,1,10,2024,1,39,9.0,3500000.0,27532
8047137,1,1,1,10,2024,2,52,13.0,6200000.0,21045
8084792,1,1,1,10,2024,1,26,4.0,1580000.0,61922
8044445,1,1,1,10,2024,2,24,5.0,1300000.0,14565
8052166,1,4,1,10,2024,2,38,4.0,200000.0,32004
8038536,1,4,1,10,2024,1,29,10.0,7000000.0,863
8083339,1,2,1,10,2024,2,41,5.0,1700000.0,58882
8077973,1,1,1,10,2024,2,41,5.0,850000.0,47348
8041722,1,1,1,10,2024,1,29,10.0,3900000.0,8192
8053205,1,1,1,10,2024,1,33,5.0,3000000.0,34601
8077934,1,1,1,10,2024,1,32,4.0,810000.0,47264
8049057,1,1,1,10,2024,1,29,5.0,600000.0,24842
8075683,1,1,1,10,2024,1,26,3.0,1600000.0,41807
8049334,1,2,1,10,2024,1,35,5.0,2000000.0,25384
8050576,1,1,1,10,2024,1,67,3.0,900000.0,28349
8038905,1,1,1,10,2024,1,55,8.0,1300000.0,1771
8047380,1,2,1,10,2024,1,32,10.0,1300000.0,21550
8041656,1,2,1,10,2024,2,28,10.0,2300000.0,8080
8076632,1,1,1,10,2024,2,50,4.0,1300000.0,44327
8050519,1,1,1,10,2024,2,67,1.0,400000.0,28192
8039472,1,1,1,10,2024,2,43,8.0,300000.0,3109
8054346,1,3,1,10,2024,1,43,10.0,1300000.0,37059
8054316,1,1,1,10,2024,2,30,3.0,300000.0,36983
8043276,1,3,1,10,2024,1,33,4.0,600000.0,11549
8039795,1,1,1,10,2024,1,54,4.0,1500000.0,3734
8042718,1,1,1,10,2024,1,27,5.0,1500000.0,10402
8042185,1,1,1,10,2024,2,28,8.0,1358000.0,9263
8039822,1,1,1,10,2024,1,33,10.0,2000000.0,3787
8078102,1,1,1,10,2024,1,63,4.0,500000.0,47634
8043707,1,2,1,10,2024,2,61,10.0,17000000.0,12689
8076006,1,1,1,10,2024,1,51,3.0,1300000.0,42716
8050506,1,5,1,10,2024,1,57,4.0,1200000.0,28152
8046457,1,4,1,10,2024,1,44,5.0,1500000.0,19588
8050413,1,1,1,10,2024,1,32,11.0,8000000.0,27870
8078037,1,3,1,10,2024,1,17,5.0,350000.0,47510
8053223,1,3,1,10,2024,2,45,8.0,1300000.0,34643
8042602,1,1,1,10,2024,1,59,4.0,1200000.0,10127
8049857,1,1,1,10,2024,1,54,3.0,2500000.0,26523
8045776,1,3,1,10,2024,1,29,8.0,1900000.0,18151
8042174,1,1,1,10,2024,1,52,4.0,700000.0,9239
8048135,1,2,1,10,2024,2,38,8.0,100000.0,23143
8051337,1,1,1,10,2024,2,32,4.0,180000.0,29921
8048076,1,3,1,10,2024,1,19,5.0,400000.0,22992
8075855,1,3,1,10,2024,1,42,5.0,700000.0,42266
8051944,1,4,1,10,2024,2,37,10.0,200000.0,31471
8043229,1,1,1,10,2024,1,73,10.0,1000000.0,11443
8040426,1,1,1,10,2024,1,37,5.0,1400000.0,5184
8040775,1,1,1,10,2024,2,44,6.0,1600000.0,6015
8086110,1,1,1,10,2024,1,31,10.0,2800000.0,63297
8041473,1,3,1,10,2024,2,25,5.0,1300000.0,7651
8083077,1,3,1,10,2024,2,55,5.0,120000.0,58271
8055930,1,4,1,10,2024,1,18,5.0,1200000.0,40284
8052974,1,2,1,10,2024,1,49,4.0,476000.0,34075
8038666,1,2,1,10,2024,1,42,5.0,1580000.0,1144
8040976,1,2,1,10,2024,2,43,12.0,4600000.0,6485
8046019,1,1,1,10,2024,1,56,3.0,500000.0,18509
8078443,1,1,1,10,2024,1,25,5.0,1400000.0,48414
8079890,1,3,1,10,2024,1,25,5.0,1400000.0,51866
8043259,1,1,1,10,2024,1,58,3.0,1120000.0,11513
8076136,1,3,1,10,2024,1,23,3.0,1300000.0,43110
8086485,1,1,1,10,2024,2,50,12.0,4600000.0,63782
8081203,1,1,1,10,2024,2,66,10.0,3000000.0,54553
8077022,1,1,1,10,2024,2,29,8.0,600000.0,45184
8078915,1,3,1,10,2024,2,49,3.0,900000.0,49435
8055612,1,1,1,10,2024,2,32,5.0,1300000.0,39631
8075825,1,2,1,10,2024,1,58,1.0,1000000.0,42183
8043603,1,1,1,10,2024,1,25,10.0,1000000.0,12414
8038894,1,2,1,10,2024,2,55,10.0,2500000.0,1748
8039032,1,1,1,10,2024,1,50,5.0,2850000.0,2082
8043366,1,2,1,10,2024,1,32,10.0,1300000.0,11796
8080091,1,2,1,10,2024,2,46,4.0,800000.0,52247
8049419,1,1,1,10,2024,2,26,9.0,3330000.0,25529
8044963,1,2,1,10,2024,2,52,5.0,450000.0,15951
8049890,1,1,1,10,2024,1,67,1.0,0.0,26612
8075881,1,2,1,10,2024,1,58,5.0,600000.0,42326
8078642,1,1,1,10,2024,1,36,5.0,1200000.0,48850
8079723,1,2,1,10,2024,1,42,3.0,900000.0,51308
8040426,1,7,1,10,2024,2,48,8.0,1462000.0,5190
8053438,1,2,1,10,2024,1,23,5.0,3000000.0,35171
8079042,1,4,1,10,2024,1,71,3.0,400000.0,49749
8050480,1,1,1,10,2024,2,37,5.0,120000.0,28049
8079219,1,1,1,10,2024,1,30,3.0,480000.0,50166
8050991,1,2,1,10,2024,1,54,10.0,3500000.0,29409
8046769,1,1,1,10,2024,2,36,8.0,1500000.0,20410
8042903,1,1,1,10,2024,2,28,5.0,700000.0,10793
8078108,1,2,1,10,2024,2,38,5.0,560000.0,47646
8047704,1,1,1,10,2024,1,52,5.0,2000000.0,22171
8084823,1,1,1,10,2024,1,35,11.0,3500000.0,61990
8081389,1,1,1,10,2024,1,65,8.0,1500000.0,55024
8078021,1,3,1,10,2024,1,19,5.0,500000.0,47484
8043464,1,9,1,10,2024,1,21,4.0,1300000.0,12046
8040598,1,1,1,10,2024,2,60,5.0,800000.0,5627
8047665,1,3,1,10,2024,1,30,10.0,2500000.0,22098
8051447,1,1,1,10,2024,1,58,4.0,1600000.0,30226
8044603,1,1,1,10,2024,2,36,5.0,1300000.0,15010
8051638,1,1,1,10,2024,1,37,5.0,1300000.0,30664
8045586,1,1,1,10,2024,2,61,3.0,960000.0,17677
8045105,1,1,1,10,2024,2,53,5.0,540000.0,16348
8041144,1,1,1,10,2024,1,48,10.0,3200000.0,6896
8049134,1,1,1,10,2024,1,28,5.0,2500000.0,24979
8040033,1,1,1,10,2024,1,49,5.0,1500000.0,4217
8040638,1,1,1,10,2024,2,26,5.0,400000.0,5694
8079120,1,1,1,10,2024,2,35,3.0,920000.0,49898
8075796,1,2,1,10,2024,1,53,3.0,1000000.0,42105
8053498,1,1,1,10,2024,1,28,12.0,5000000.0,35260
8082489,1,1,1,10,2024,1,45,4.0,960000.0,56831
8083261,1,3,1,10,2024,1,26,5.0,2000000.0,58693
8047486,1,1,1,10,2024,1,48,5.0,1300000.0,21705
8049281,1,2,1,10,2024,2,51,10.0,3500000.0,25271
8081528,1,1,1,10,2024,1,23,4.0,500000.0,55361
8039135,1,2,1,10,2024,1,46,5.0,500000.0,2410
8038769,1,3,1,10,2024,1,20,5.0,1420000.0,1466
8081099,1,3,1,10,2024,1,27,5.0,1000000.0,54399
8050573,1,1,1,10,2024,1,27,11.0,2800000.0,28345
8045414,1,2,1,10,2024,1,44,3.0,1300000.0,17198
8077014,1,1,1,10,2024,1,36,10.0,1800000.0,45158
8077667,1,2,1,10,2024,2,30,6.0,1500000.0,46695
8079841,1,1,1,10,2024,1,35,10.0,2815000.0,51723
8050632,1,1,1,10,2024,1,32,5.0,1300000.0,28475
8038245,1,3,1,10,2024,2,22,10.0,300000.0,150
8044659,1,1,1,10,2024,1,47,12.0,5000000.0,15163
8040274,1,2,1,10,2024,1,44,5.0,800000.0,4826
8046175,1,1,1,10,2024,1,41,5.0,1500000.0,18881
8055166,1,1,1,10,2024,2,35,4.0,0.0,38857
8083085,1,1,1,10,2024,1,64,3.0,300000.0,58300
8044008,1,2,1,10,2024,1,57,4.0,700000.0,13434
8040839,1,1,1,10,2024,1,34,10.0,2500000.0,6139
8076250,1,2,1,10,2024,1,48,3.0,1500000.0,43403
8044582,1,1,1,10,2024,1,60,10.0,6400000.0,14955
8043359,1,3,1,10,2024,2,43,10.0,1300000.0,11779
8041254,1,1,1,10,2024,1,45,5.0,1700000.0,7174
8051944,1,1,1,10,2024,1,48,12.0,5300000.0,31468
8055148,1,1,1,10,2024,1,50,3.0,1300000.0,38804
8083649,1,1,1,10,2024,2,38,5.0,720000.0,59479
8048888,1,2,1,10,2024,2,57,10.0,3000000.0,24522
8080580,1,2,1,10,2024,2,45,10.0,4500000.0,53360
8082410,1,1,1,10,2024,1,42,5.0,1300000.0,56658
8079769,1,2,1,10,2024,2,32,6.0,50000.0,51513
8039993,1,1,1,10,2024,2,24,5.0,1460000.0,4135
8079833,1,2,1,10,2024,2,56,8.0,2000000.0,51701
8042387,1,2,1,10,2024,1,39,9.0,4000000.0,9691
8054065,1,2,1,10,2024,1,25,5.0,1400000.0,36416
8055762,1,1,1,10,2024,1,57,3.0,600000.0,39904
8042359,1,1,1,10,2024,2,59,11.0,8735104.0,9640
8042499,1,1,1,10,2024,2,53,10.0,3500000.0,9944
8052909,1,1,1,10,2024,1,38,4.0,1300000.0,33884
8078221,1,2,1,10,2024,2,19,8.0,1150000.0,47919
8038283,1,3,1,10,2024,1,29,11.0,1730000.0,259
8083686,1,1,1,10,2024,1,55,5.0,2000000.0,59549
8078161,1,5,1,10,2024,2,39,5.0,1000000.0,47767
8077051,1,1,1,10,2024,1,44,3.0,600000.0,45273
8045597,1,2,1,10,2024,1,45,6.0,1200000.0,17698
8082644,1,2,1,10,2024,1,37,3.0,1200000.0,57191
8050317,1,1,1,10,2024,2,58,5.0,1000000.0,27593
8049625,1,1,1,10,2024,2,36,5.0,1300000.0,25932
8053136,1,2,1,10,2024,1,36,11.0,6700000.0,34458
8082624,1,3,1,10,2024,2,21,5.0,1500000.0,57133
8047628,1,4,1,10,2024,1,30,6.0,1400000.0,22018
8044504,1,1,1,10,2024,1,46,5.0,1800000.0,14718
8083919,1,1,1,10,2024,2,31,8.0,1880000.0,59985
8038368,1,1,1,10,2024,1,65,3.0,1400000.0,489
8054166,1,1,1,10,2024,1,43,3.0,400000.0,36634
8075876,1,2,1,10,2024,1,26,5.0,480000.0,42310
8052086,1,1,1,10,2024,1,55,4.0,1300000.0,31809
8086576,1,1,1,10,2024,1,42,10.0,5200000.0,64025
8050458,1,2,1,10,2024,2,41,10.0,1300000.0,27974
8081145,1,1,1,10,2024,1,41,3.0,1100000.0,54477
8047363,1,1,1,10,2024,2,46,11.0,8000000.0,21515
8086658,1,3,1,10,2024,2,29,10.0,1300000.0,64259
8084728,1,1,1,10,2024,2,50,3.0,600000.0,61767
8050896,1,1,1,10,2024,1,39,10.0,1700000.0,29126
8055363,1,1,1,10,2024,2,30,5.0,800000.0,39245
8041231,1,1,1,10,2024,1,64,4.0,700000.0,7129
8054604,1,3,1,10,2024,1,28,10.0,120000.0,37603
8078273,1,2,1,10,2024,1,24,3.0,1000000.0,48042
8040364,1,2,1,10,2024,1,49,5.0,2400000.0,5038
8051447,1,2,1,10,2024,2,55,3.0,300000.0,30227
8085037,1,1,1,10,2024,2,60,5.0,300000.0,62487
8084068,1,1,1,10,2024,2,41,4.0,1400000.0,60419
8084775,1,2,1,10,2024,1,36,10.0,2000000.0,61884
8083742,1,1,1,10,2024,1,64,4.0,1500000.0,59655
8079638,1,2,1,10,2024,2,42,5.0,1300000.0,51096
8044173,1,1,1,10,2024,2,59,4.0,1300000.0,13818
8078396,1,1,1,10,2024,1,47,3.0,2100000.0,48331
8056117,1,1,1,10,2024,2,41,6.0,1100000.0,40626
8043073,1,1,1,10,2024,2,34,5.0,120000.0,11082
8049243,1,1,1,10,2024,2,47,12.0,5500000.0,25185
8082928,1,1,1,10,2024,2,33,8.0,1300000.0,57924
8086097,1,2,1,10,2024,1,31,5.0,1800000.0,63272
8045598,1,2,1,10,2024,2,47,10.0,2400000.0,17702
8076964,1,1,1,10,2024,2,71,3.0,400000.0,45054
8041010,1,1,1,10,2024,2,44,3.0,320000.0,6561
8051315,1,1,1,10,2024,1,69,3.0,700000.0,29865
8077336,1,1,1,10,2024,2,55,3.0,0.0,46017
8079644,1,1,1,10,2024,1,29,5.0,600000.0,51116
8040119,1,1,1,10,2024,1,63,4.0,2000000.0,4426
8077837,1,1,1,10,2024,1,54,4.0,1000000.0,47055
8076570,1,2,1,10,2024,2,47,4.0,280000.0,44172
8083770,1,2,1,10,2024,1,56,5.0,1300000.0,59726
8079767,1,2,1,10,2024,1,66,1.0,900000.0,51506
8055657,1,1,1,10,2024,1,47,12.0,3000000.0,39723
8039282,1,2,1,10,2024,2,34,5.0,100000.0,2776
8055570,1,1,1,10,2024,1,67,10.0,6000000.0,39561
8041507,1,1,1,10,2024,2,61,6.0,2000000.0,7726
8043238,1,2,1,10,2024,2,47,3.0,320000.0,11457
8079529,1,1,1,10,2024,1,31,5.0,2140000.0,50932
8039783,1,2,1,10,2024,1,29,10.0,1200000.0,3713
8080612,1,1,1,10,2024,1,35,10.0,2000000.0,53423
8081763,1,1,1,10,2024,2,40,4.0,400000.0,55724
8041431,1,2,1,10,2024,2,33,5.0,840000.0,7548
8078757,1,1,1,10,2024,1,24,5.0,1500000.0,49103
8052349,1,1,1,10,2024,1,56,5.0,1550000.0,32536
8077586,1,1,1,10,2024,1,59,3.0,1300000.0,46544
8084375,1,3,1,10,2024,1,21,4.0,1300000.0,61081
8076752,1,1,1,10,2024,2,43,5.0,2500000.0,44614
8080651,1,1,1,10,2024,1,43,4.0,3000000.0,53514
8046567,1,3,1,10,2024,1,21,8.0,1300000.0,19903
8051025,1,1,1,10,2024,2,60,9.0,2200000.0,29494
8046251,1,1,1,10,2024,1,64,6.0,1200000.0,19049
8050437,1,2,1,10,2024,2,65,3.0,200000.0,27930
8083475,1,3,1,10,2024,2,40,5.0,1000000.0,59151
8039003,1,3,1,10,2024,2,64,3.0,3350000.0,2014
8083008,1,3,1,10,2024,2,57,10.0,1200000.0,58105
8047000,1,2,1,10,2024,2,25,9.0,1300000.0,20813
8042245,1,3,1,10,2024,2,29,10.0,1800000.0,9410
8044037,1,3,1,10,2024,2,23,8.0,1020000.0,13488
8084248,1,1,1,10,2024,2,28,8.0,0.0,60800
8047443,1,1,1,10,2024,2,32,3.0,100000.0,21631
8083279,1,2,1,10,2024,2,28,5.0,0.0,58730
8052167,1,1,1,10,2024,1,51,3.0,1200000.0,32006
8046552,1,4,1,10,2024,1,62,4.0,1200000.0,19861
8083571,1,3,1,10,2024,1,32,8.0,1300000.0,59332
8039678,1,2,1,10,2024,2,31,8.0,1500000.0,3499
8050745,1,2,1,10,2024,1,44,8.0,1800000.0,28725
8038938,2,2,2,10,2024,2,33,8.0,1600000.0,1872
8039137,1,1,1,10,2024,1,27,9.0,1600000.0,2414
8056144,1,2,1,10,2024,1,31,5.0,1400000.0,40687
8083464,1,1,1,10,2024,1,31,9.0,1300000.0,59128
8039461,1,2,1,10,2024,1,36,5.0,1668000.0,3096
8086454,1,1,1,10,2024,1,44,10.0,900000.0,63719
8075622,1,1,1,10,2024,2,46,3.0,300000.0,41620
8039167,1,1,1,10,2024,1,59,5.0,1200000.0,2495
8082707,1,1,1,10,2024,1,40,4.0,1200000.0,57372
8045675,1,2,1,10,2024,1,52,4.0,1080000.0,17901
8056330,1,2,1,10,2024,1,27,5.0,3500000.0,41082
8081016,1,3,1,10,2024,1,25,10.0,1300000.0,54233
8050865,1,2,1,10,2024,2,48,10.0,1000000.0,29041
8046473,1,2,1,10,2024,1,39,10.0,2000000.0,19632
8049329,1,2,1,10,2024,2,35,5.0,600000.0,25374
8038240,1,1,1,10,2024,2,44,5.0,1000000.0,137
8041850,4,1,4,10,2024,1,41,3.0,1300000.0,8424
8054844,1,2,1,10,2024,1,44,10.0,1300000.0,38182
8053357,1,1,1,10,2024,2,42,5.0,700000.0,34985
8082518,1,1,1,10,2024,2,29,4.0,60000.0,56887
8084743,1,2,1,10,2024,1,69,3.0,1400000.0,61816
8084024,1,6,1,10,2024,2,27,5.0,1400000.0,60264
8048616,1,1,1,10,2024,1,75,3.0,180000.0,24012
8053836,1,2,1,10,2024,2,54,3.0,450000.0,35982
8044875,1,2,1,10,2024,1,40,5.0,2000000.0,15734
8044483,1,2,1,10,2024,2,53,5.0,600000.0,14666
8052900,1,1,1,10,2024,2,23,5.0,400000.0,33866
8051841,1,1,1,10,2024,1,83,1.0,350000.0,31219
8042242,1,2,1,10,2024,2,49,9.0,1500000.0,9404
8084689,1,1,1,10,2024,1,30,5.0,1200000.0,61695
8082867,1,1,1,10,2024,1,45,10.0,3000000.0,57775
8038300,1,1,1,10,2024,1,43,10.0,4800000.0,310
8038757,1,6,1,10,2024,2,32,8.0,300000.0,1427
8038679,1,1,1,10,2024,2,55,5.0,1200000.0,1177
8080120,1,1,1,10,2024,2,45,3.0,300000.0,52332
8051688,1,1,1,10,2024,1,49,5.0,3000000.0,30778
8039290,1,1,1,10,2024,2,39,8.0,1300000.0,2800
8052560,1,1,1,10,2024,1,70,3.0,400000.0,33100
8042223,1,1,1,10,2024,1,63,11.0,6500000.0,9357
8050235,1,1,1,10,2024,2,30,4.0,1200000.0,27417
8056416,1,2,1,10,2024,2,34,8.0,2200000.0,41306
8039148,1,3,1,10,2024,1,19,5.0,700000.0,2444
8044163,1,1,1,10,2024,1,34,8.0,1638000.0,13796
8079125,1,2,1,10,2024,2,36,3.0,900000.0,49911
8052932,1,1,1,10,2024,1,53,5.0,1500000.0,33948
8082100,1,2,1,10,2024,1,49,5.0,1800000.0,56103
8056353,1,1,1,10,2024,2,31,8.0,950000.0,41137
8048689,1,1,1,10,2024,1,43,10.0,3500000.0,24134
8076009,1,1,1,10,2024,1,31,4.0,1040000.0,42726
8044921,1,1,1,10,2024,2,39,5.0,1500000.0,15852
8050663,1,3,1,10,2024,2,59,5.0,1300000.0,28542
8079191,1,1,1,10,2024,1,53,3.0,300000.0,50086
8085073,1,1,1,10,2024,2,39,9.0,1923000.0,62565
8076139,1,3,1,10,2024,1,26,8.0,1300000.0,43118
8080094,1,4,1,10,2024,1,29,3.0,200000.0,52259
8050534,1,1,1,10,2024,1,52,5.0,1800000.0,28238
8040024,1,2,1,10,2024,1,32,5.0,1000000.0,4193
8051346,1,3,1,10,2024,2,28,10.0,2100000.0,29952
8080691,1,6,1,10,2024,2,22,5.0,1300000.0,53598
8046805,1,4,1,10,2024,2,36,10.0,2500000.0,20489
8049553,1,2,1,10,2024,1,51,5.0,480000.0,25743
8038986,1,2,1,10,2024,1,35,5.0,1300000.0,1980
8082873,1,1,1,10,2024,2,43,5.0,1300000.0,57799
8038247,1,2,1,10,2024,2,55,3.0,1300000.0,155
8052872,1,1,1,10,2024,2,43,3.0,300000.0,33800
8084440,1,2,1,10,2024,2,56,3.0,500000.0,61211
8080084,1,1,1,10,2024,2,55,5.0,1800000.0,52222
8039641,1,1,1,10,2024,2,71,4.0,360000.0,3423
8085777,1,1,1,10,2024,1,55,10.0,5000000.0,62839
8038395,1,1,1,10,2024,1,60,3.0,800000.0,556
8047683,1,1,1,10,2024,2,40,5.0,1300000.0,22135
8048001,1,3,1,10,2024,2,24,5.0,1500000.0,22831
8077215,1,1,1,10,2024,1,50,3.0,400000.0,45746
8054107,1,1,1,10,2024,1,56,5.0,1300000.0,36500
8042309,1,3,1,10,2024,1,22,5.0,1300000.0,9529
8056407,1,1,1,10,2024,1,72,3.0,800000.0,41288
8078657,1,2,1,10,2024,2,30,4.0,1300000.0,48883
8048229,1,1,1,10,2024,2,37,10.0,1300000.0,23302
8076028,1,2,1,10,2024,1,61,1.0,1300000.0,42794
8046332,1,1,1,10,2024,2,38,3.0,1200000.0,19304
8043863,1,1,1,10,2024,1,65,12.0,7000000.0,13075
8077914,1,1,1,10,2024,2,77,3.0,1000000.0,47199
8082823,1,1,1,10,2024,2,30,3.0,1200000.0,57675
8081173,1,2,1,10,2024,1,31,5.0,1300000.0,54530
8086796,1,1,1,10,2024,1,75,3.0,500000.0,64496
8077975,1,1,1,10,2024,1,24,10.0,200000.0,47355
8051832,1,1,1,10,2024,2,66,5.0,1300000.0,31190
8043635,1,2,1,10,2024,2,24,10.0,1200000.0,12500
8076344,1,1,1,10,2024,1,30,11.0,3717200.0,43616
8083626,1,1,1,10,2024,1,60,3.0,400000.0,59448
8084092,1,1,1,10,2024,2,37,10.0,3000000.0,60480
8054385,1,2,1,10,2024,2,26,10.0,2100000.0,37142
8078240,1,1,1,10,2024,1,78,7.0,600000.0,47965
8050877,1,1,1,10,2024,1,41,5.0,1300000.0,29069
8078113,1,4,1,10,2024,1,28,4.0,250000.0,47660
8078150,1,3,1,10,2024,1,31,5.0,1500000.0,47738
8041404,1,1,1,10,2024,1,44,9.0,1300000.0,7486
8077302,1,2,1,10,2024,2,48,5.0,1300000.0,45948
8079883,1,2,1,10,2024,2,70,1.0,200000.0,51849
8043193,1,2,1,10,2024,1,66,3.0,1200000.0,11375
8079587,1,1,1,10,2024,1,42,5.0,1800000.0,51016
8082913,1,1,1,10,2024,2,54,9.0,4100000.0,57899
8080893,1,1,1,10,2024,2,45,3.0,1400000.0,53961
8055642,1,1,1,10,2024,1,31,4.0,1500000.0,39671
8047122,1,1,1,10,2024,2,48,5.0,2100000.0,21019
8077230,1,1,1,10,2024,1,52,3.0,1300000.0,45777
8080645,1,2,1,10,2024,1,41,5.0,1460000.0,53500
8082381,1,1,1,10,2024,2,38,8.0,1862000.0,56597
8047934,1,1,1,10,2024,2,44,10.0,2600000.0,22707
8050368,1,4,1,10,2024,1,37,9.0,600000.0,27783
8077398,1,3,1,10,2024,2,32,5.0,600000.0,46165
8051836,1,2,1,10,2024,2,53,8.0,480000.0,31204
8086587,1,1,1,10,2024,2,56,5.0,600000.0,64068
8050242,1,2,1,10,2024,2,21,5.0,1300000.0,27437
8083146,1,2,1,10,2024,2,36,6.0,1300000.0,58441
8048093,1,1,1,10,2024,1,47,4.0,1200000.0,23031
8054672,1,1,1,10,2024,1,42,5.0,200000.0,37774
8040085,1,2,1,10,2024,2,41,8.0,700000.0,4328
8055335,1,1,1,10,2024,1,52,4.0,2000000.0,39197
8084065,1,2,1,10,2024,1,53,5.0,1500000.0,60409
8046595,1,5,1,10,2024,1,31,10.0,1300000.0,20000
8045632,1,1,1,10,2024,2,62,8.0,1462000.0,17784
8045110,1,1,1,10,2024,2,64,3.0,200000.0,16361
8043765,1,2,1,10,2024,2,18,10.0,850000.0,12843
8086495,1,2,1,10,2024,1,45,5.0,1800000.0,63810
8077678,1,1,1,10,2024,1,69,3.0,0.0,46723
8048180,1,1,1,10,2024,2,41,6.0,600000.0,23247
8077815,1,2,1,10,2024,1,35,5.0,1300000.0,47021
8079764,1,2,1,10,2024,1,68,4.0,800000.0,51490
8048306,1,3,1,10,2024,1,33,6.0,2300000.0,23481
8041204,1,3,1,10,2024,2,25,10.0,3000000.0,7065
8041752,1,2,1,10,2024,1,24,8.0,1472000.0,8246
8083875,1,1,1,10,2024,2,67,3.0,1300000.0,59940
8084386,1,2,1,10,2024,1,21,10.0,5000000.0,61103
8047108,1,1,1,10,2024,1,54,4.0,1300000.0,21003
8055859,1,1,1,10,2024,1,47,12.0,1500000.0,40136
8046754,1,4,1,10,2024,2,22,4.0,300000.0,20367
8084570,1,2,1,10,2024,1,32,11.0,7400000.0,61460
8041502,1,3,1,10,2024,1,24,4.0,800000.0,7717
8078189,1,1,1,10,2024,1,36,10.0,2600000.0,47822
8079223,1,1,1,10,2024,2,54,1.0,300000.0,50178
8056374,1,3,1,10,2024,1,49,11.0,3000000.0,41191
8076174,1,1,1,10,2024,1,61,5.0,600000.0,43225
8038544,1,2,1,10,2024,1,25,5.0,0.0,884
8084033,1,1,1,10,2024,1,44,5.0,1400000.0,60291
8053494,1,1,1,10,2024,2,41,13.0,7100000.0,35254
8049290,1,3,1,10,2024,2,24,8.0,1000000.0,25288
8040284,1,3,1,10,2024,1,22,8.0,1000000.0,4855
8084524,1,1,1,10,2024,2,48,5.0,1300000.0,61357
8040957,1,1,1,10,2024,1,59,5.0,1300000.0,6435
8038530,1,11,1,10,2024,1,20,4.0,320000.0,848
8054269,1,1,1,10,2024,2,39,9.0,2000000.0,36836
8054322,1,1,1,10,2024,1,47,11.0,4000000.0,37004
8043720,1,2,1,10,2024,2,39,4.0,1000000.0,12713
8040717,1,1,1,10,2024,1,61,3.0,3000000.0,5847
8055640,1,4,1,10,2024,1,30,5.0,1300000.0,39666
8079028,1,1,1,10,2024,2,52,3.0,200000.0,49712
8046291,1,4,1,10,2024,1,20,4.0,1450000.0,19192
8041242,1,1,1,10,2024,2,36,12.0,2800000.0,7152
8043688,1,1,1,10,2024,1,49,1.0,1200000.0,12633
8052309,1,1,1,10,2024,1,66,3.0,1300000.0,32416
8050135,1,3,1,10,2024,2,29,8.0,1200000.0,27178
8038748,1,3,1,10,2024,1,28,9.0,1600000.0,1391
8054719,1,1,1,10,2024,1,68,4.0,1300000.0,37886
8056246,1,2,1,10,2024,1,69,3.0,600000.0,40907
8084260,1,1,1,10,2024,2,39,5.0,500000.0,60832
8046840,1,4,1,10,2024,1,21,5.0,500000.0,20557
8046811,1,4,1,10,2024,1,37,5.0,1300000.0,20500
8038802,1,1,1,10,2024,2,37,10.0,2500000.0,1528
8038878,1,9,1,10,2024,1,28,5.0,1600000.0,1713
8042068,1,4,1,10,2024,2,52,5.0,860000.0,8945
8048089,1,1,1,10,2024,1,37,11.0,7000000.0,23022
8078169,1,1,1,10,2024,1,46,8.0,1600000.0,47791
8078584,1,2,1,10,2024,1,37,10.0,0.0,48736
8049046,1,1,1,10,2024,2,29,4.0,450000.0,24815
8084503,1,2,1,10,2024,1,16,3.0,1000000.0,61320
8084906,1,3,1,10,2024,1,23,5.0,1600000.0,62178
8050938,1,3,1,10,2024,2,29,8.0,1300000.0,29242
8038739,1,4,1,10,2024,2,28,10.0,300000.0,1364
8080545,1,2,1,10,2024,1,27,5.0,1300000.0,53289
8039243,1,2,1,10,2024,2,65,5.0,1300000.0,2677
8040225,1,2,1,10,2024,2,33,8.0,192000.0,4722
8042020,1,1,1,10,2024,1,56,3.0,1300000.0,8894
8051988,1,2,1,10,2024,1,30,4.0,1600000.0,31571
8077262,1,1,1,10,2024,1,43,5.0,2200000.0,45875
8052777,1,2,1,10,2024,2,41,3.0,800000.0,33570
8077569,1,1,1,10,2024,1,47,5.0,500000.0,46504
8080644,1,2,1,10,2024,1,24,5.0,1600000.0,53498
8084968,1,10,1,10,2024,2,23,5.0,1300000.0,62326
8044912,1,2,1,10,2024,2,48,5.0,1300000.0,15827
8084833,1,1,1,10,2024,2,27,10.0,1850000.0,62008
8082654,1,2,1,10,2024,1,51,5.0,880000.0,57221
8076049,1,1,1,10,2024,1,71,1.0,400000.0,42848
8043167,1,4,1,10,2024,2,57,3.0,400000.0,11320
8078897,1,1,1,10,2024,1,36,12.0,5500000.0,49385
8084218,1,1,1,10,2024,2,38,5.0,600000.0,60731
8084504,1,1,1,10,2024,2,50,5.0,250000.0,61322
8040777,1,3,1,10,2024,1,31,10.0,1600000.0,6027
8046928,1,1,1,10,2024,1,57,5.0,1200000.0,20755
8043170,1,1,1,10,2024,1,58,3.0,800000.0,11328
8080292,1,2,1,10,2024,2,41,10.0,1900000.0,52775
8038916,1,2,1,10,2024,2,18,5.0,200000.0,1811
8080465,1,2,1,10,2024,1,35,5.0,1800000.0,53125
8053368,1,9,1,10,2024,1,51,5.0,900000.0,35022
8042539,1,1,1,10,2024,1,39,3.0,1950000.0,10026
8078869,1,2,1,10,2024,1,60,3.0,1300000.0,49323
8051306,1,1,1,10,2024,1,43,8.0,2200000.0,29834
8048519,1,2,1,10,2024,2,59,5.0,1300000.0,23841
8046316,1,2,1,10,2024,1,27,10.0,2200000.0,19268
8049081,1,3,1,10,2024,1,47,5.0,400000.0,24873
8082210,1,1,1,10,2024,2,43,5.0,850000.0,56284
8039814,1,2,1,10,2024,2,54,5.0,2000000.0,3770
8081658,1,1,1,10,2024,2,60,1.0,400000.0,55558
8045640,1,2,1,10,2024,2,50,5.0,1300000.0,17807
8083335,1,3,1,10,2024,1,40,5.0,1300000.0,58871
8051763,1,1,1,10,2024,2,50,10.0,10200000.0,30991
8047764,1,1,1,10,2024,1,66,12.0,12500000.0,22323
8048783,1,1,1,10,2024,1,61,5.0,600000.0,24283
8050209,1,6,1,10,2024,2,32,10.0,2000000.0,27359
8041605,1,1,1,10,2024,1,62,11.0,3000000.0,7955
8054358,1,1,1,10,2024,2,29,5.0,900000.0,37077
8040891,1,2,1,10,2024,1,34,5.0,1200000.0,6290
8051293,1,2,1,10,2024,2,49,3.0,200000.0,29787
8084646,2,2,2,10,2024,1,32,6.0,1300000.0,61589
8041832,1,2,1,10,2024,1,24,6.0,1300000.0,8360
8042460,1,2,1,10,2024,1,34,5.0,1500000.0,9858
8046540,1,3,1,10,2024,1,23,5.0,1462000.0,19819
8052766,1,3,1,10,2024,2,23,4.0,700000.0,33543
8051068,1,1,1,10,2024,1,28,8.0,700000.0,29597
8040482,1,2,1,10,2024,2,54,12.0,5800000.0,5340
8049725,1,3,1,10,2024,1,34,3.0,1000000.0,26194
8080274,1,1,1,10,2024,2,56,10.0,4800000.0,52747
8048250,1,2,1,10,2024,2,38,5.0,500000.0,23371
8046375,1,1,1,10,2024,1,37,8.0,1300000.0,19413
8051711,1,2,1,10,2024,1,30,6.0,3000000.0,30847
8051440,1,1,1,10,2024,1,33,10.0,4000000.0,30209
8042808,1,1,1,10,2024,2,52,8.0,2200000.0,10602
8049359,1,2,1,10,2024,2,43,8.0,2000000.0,25433
8050169,1,2,1,10,2024,1,40,3.0,300000.0,27262
8044799,1,2,1,10,2024,2,42,6.0,800000.0,15492
8053162,1,1,1,10,2024,2,30,10.0,4000000.0,34511
8056185,1,1,1,10,2024,2,45,9.0,1500000.0,40757
8084293,1,1,1,10,2024,1,60,3.0,1600000.0,60903
8043257,1,1,1,10,2024,1,58,3.0,1600000.0,11508
8051819,1,1,1,10,2024,1,41,4.0,850000.0,31137
8051930,1,2,1,10,2024,1,55,3.0,600000.0,31432
8050301,1,1,1,10,2024,2,63,5.0,900000.0,27562
8044289,1,5,1,10,2024,2,29,5.0,300000.0,14138
8038208,1,2,1,10,2024,1,36,5.0,900000.0,61
8080060,1,1,1,10,2024,1,24,10.0,2000000.0,52163
8055258,1,1,1,10,2024,1,46,5.0,3300000.0,39051
8048459,1,1,1,10,2024,2,42,5.0,1300000.0,23716
8049092,1,1,1,10,2024,2,42,5.0,270000.0,24903
8042403,1,1,1,10,2024,1,48,11.0,4700000.0,9736
8050738,1,3,1,10,2024,1,49,10.0,4200000.0,28706
8084957,1,2,1,10,2024,1,45,3.0,1300000.0,62282
8042090,1,1,1,10,2024,1,54,3.0,600000.0,9001
8054959,1,1,1,10,2024,2,33,10.0,4000000.0,38440
8049341,1,2,1,10,2024,1,38,5.0,1200000.0,25402
8056082,1,2,1,10,2024,2,56,5.0,1600000.0,40558
8048702,1,2,1,10,2024,1,64,3.0,1300000.0,24146
8044340,1,1,1,10,2024,2,36,5.0,1700000.0,14278
8078310,1,1,1,10,2024,1,57,1.0,1500000.0,48146
8046568,1,1,1,10,2024,1,56,3.0,1460000.0,19905
8047453,1,1,1,10,2024,1,20,5.0,600000.0,21655
8082596,1,1,1,10,2024,1,36,9.0,1300000.0,57083
8078354,1,1,1,10,2024,1,58,3.0,500000.0,48259
8084318,1,1,1,10,2024,1,62,5.0,445000.0,60956
8047276,1,2,1,10,2024,1,45,4.0,1400000.0,21341
8048486,1,1,1,10,2024,1,75,4.0,800000.0,23772
8075893,1,1,1,10,2024,2,54,5.0,900000.0,42359
8055049,1,2,1,10,2024,2,48,10.0,1000000.0,38673
8053421,1,2,1,10,2024,1,24,9.0,1780000.0,35155
8080671,1,1,1,10,2024,2,35,5.0,500000.0,53551
8085084,1,1,1,10,2024,2,56,3.0,500000.0,62586
8086577,1,1,1,10,2024,2,31,5.0,1500000.0,64030
8052284,1,1,1,10,2024,2,35,10.0,120000.0,32329
8075637,1,4,1,10,2024,1,21,5.0,900000.0,41675
8048684,1,2,1,10,2024,1,55,3.0,2400000.0,24115
8051351,3,1,3,10,2024,2,53,4.0,900000.0,29973
8047527,1,1,1,10,2024,1,67,4.0,500000.0,21770
8038356,1,1,1,10,2024,2,43,5.0,640000.0,452
8086114,1,1,1,10,2024,2,29,5.0,500000.0,63307
8046288,1,1,1,10,2024,2,50,3.0,50000.0,19173
8045487,1,1,1,10,2024,2,36,9.0,300000.0,17411
8046522,1,2,1,10,2024,1,47,4.0,1020000.0,19765
8084110,1,1,1,10,2024,1,59,5.0,1200000.0,60527
8047137,1,2,1,10,2024,1,50,11.0,5800000.0,21046
8044356,1,3,1,10,2024,2,32,10.0,3889000.0,14337
8075848,1,2,1,10,2024,1,22,5.0,750000.0,42241
8041013,1,1,1,10,2024,2,33,5.0,1500000.0,6575
8041712,1,1,1,10,2024,1,26,5.0,1600000.0,8183
8054364,1,2,1,10,2024,1,22,5.0,910000.0,37096
8077967,1,6,1,10,2024,1,58,3.0,100000.0,47333
8079111,1,1,1,10,2024,1,69,1.0,500000.0,49882
8042402,1,2,1,10,2024,2,39,11.0,5200000.0,9733
8047663,1,1,1,10,2024,2,44,5.0,1462000.0,22090
8078960,1,3,1,10,2024,1,16,4.0,500000.0,49551
8086650,1,2,1,10,2024,2,37,10.0,1300000.0,64221
8040039,1,2,1,10,2024,2,49,10.0,1460000.0,4234
8049206,1,1,1,10,2024,2,34,8.0,2000000.0,25107
8050533,1,3,1,10,2024,1,65,3.0,600000.0,28237
8042858,1,1,1,10,2024,1,59,4.0,3000000.0,10713
8050583,1,5,1,10,2024,1,33,8.0,1200000.0,28368
8041016,1,1,1,10,2024,1,55,5.0,800000.0,6586
8040545,1,1,1,10,2024,2,44,5.0,1300000.0,5470
8055494,1,2,1,10,2024,2,40,4.0,950000.0,39458
8039841,1,1,1,10,2024,2,26,6.0,500000.0,3818
8041216,1,1,1,10,2024,2,43,4.0,240000.0,7093
8048162,1,1,1,10,2024,2,43,12.0,1300000.0,23216
8050280,1,1,1,10,2024,2,32,8.0,1200000.0,27537
8041534,1,2,1,10,2024,1,31,8.0,3000000.0,7804
8044335,1,1,1,10,2024,2,47,10.0,4000000.0,14269
8050772,1,1,1,10,2024,1,39,5.0,800000.0,28796
8041909,1,1,1,10,2024,1,39,6.0,1300000.0,8575
8043166,1,1,1,10,2024,1,29,5.0,200000.0,11316
8048705,1,3,1,10,2024,1,29,10.0,3000000.0,24153
8050158,1,1,1,10,2024,2,42,3.0,200000.0,27225
8053692,1,2,1,10,2024,2,45,10.0,1300000.0,35714
8054450,1,1,1,10,2024,1,52,3.0,1000000.0,37312
8055418,1,1,1,10,2024,1,55,5.0,1800000.0,39352
8076386,1,1,1,10,2024,2,24,9.0,1300000.0,43726
8044301,1,1,1,10,2024,1,43,5.0,3500000.0,14176
8044666,1,2,1,10,2024,2,58,5.0,700000.0,15175
8040190,1,3,1,10,2024,1,29,10.0,2500000.0,4619
8077812,1,1,1,10,2024,2,23,8.0,1300000.0,47013
8081027,1,1,1,10,2024,1,58,5.0,1550000.0,54250
8044021,1,1,1,10,2024,2,44,8.0,1300000.0,13460
8076641,1,3,1,10,2024,1,25,5.0,1300000.0,44347
8044950,1,1,1,10,2024,2,50,10.0,700000.0,15908
8038316,1,2,1,10,2024,2,32,5.0,1770000.0,349
8077071,1,1,1,10,2024,1,31,4.0,700000.0,45330
8052471,1,1,1,10,2024,2,43,10.0,2700000.0,32861
8038709,1,1,1,10,2024,1,56,5.0,2500000.0,1289
8052290,1,3,1,10,2024,2,44,8.0,1300000.0,32357
8083283,1,1,1,10,2024,1,57,3.0,1500000.0,58739
8053712,1,2,1,10,2024,1,26,11.0,3600000.0,35782
8043695,1,2,1,10,2024,2,60,3.0,1300000.0,12647
8076516,1,8,1,10,2024,1,24,6.0,2300000.0,44070
8042118,1,1,1,10,2024,1,35,1.0,1000000.0,9071
8082861,1,6,1,10,2024,1,27,4.0,1470000.0,57762
8039548,1,2,1,10,2024,2,38,12.0,9000000.0,3277
8082608,1,1,1,10,2024,2,77,4.0,350000.0,57089
8039150,1,2,1,10,2024,1,50,5.0,1500000.0,2451
8081786,1,1,1,10,2024,1,43,10.0,1300000.0,55744
8043949,1,1,1,10,2024,1,33,5.0,1300000.0,13300
8051014,1,2,1,10,2024,1,68,4.0,1800000.0,29473
8043236,1,1,1,10,2024,2,29,4.0,1300000.0,11450
8080886,1,1,1,10,2024,1,40,12.0,4168000.0,53947
8076176,1,1,1,10,2024,2,30,10.0,1097000.0,43232
8079185,1,1,1,10,2024,1,70,9.0,1500000.0,50064
8049795,1,1,1,10,2024,1,53,4.0,1000000.0,26387
8046730,1,2,1,10,2024,2,48,4.0,1300000.0,20310
8077655,1,1,1,10,2024,1,69,5.0,1200000.0,46666
8039755,1,2,1,10,2024,2,34,10.0,500000.0,3663
8084655,1,2,1,10,2024,2,46,5.0,1200000.0,61615
8083660,1,2,1,10,2024,1,71,3.0,300000.0,59500
8075644,1,3,1,10,2024,2,24,8.0,800000.0,41709
8077991,1,2,1,10,2024,2,53,11.0,1000000.0,47405
8042211,1,1,1,10,2024,1,65,11.0,46000000.0,9331
8047826,1,2,1,10,2024,1,26,9.0,1800000.0,22472
8077557,1,1,1,10,2024,1,26,4.0,1050000.0,46469
8047976,1,1,1,10,2024,2,26,9.0,2000000.0,22781
8076212,1,2,1,10,2024,1,76,1.0,300000.0,43310
8047012,1,2,1,10,2024,1,24,5.0,1300000.0,20837
8046897,1,2,1,10,2024,1,44,6.0,1300000.0,20690
8047938,1,2,1,10,2024,2,26,10.0,1600000.0,22717
8044061,1,1,1,10,2024,1,59,4.0,1300000.0,13553
8043958,1,1,1,10,2024,2,33,8.0,1300000.0,13330
8081282,1,1,1,10,2024,1,36,8.0,500000.0,54781
8086473,1,1,1,10,2024,1,31,5.0,1600000.0,63755
8050237,1,1,1,10,2024,1,33,5.0,2500000.0,27425
8084375,1,1,1,10,2024,1,43,5.0,1200000.0,61079
8080955,1,1,1,10,2024,1,28,5.0,1200000.0,54105
8045673,1,1,1,10,2024,2,29,5.0,1300000.0,17896
8050714,1,2,1,10,2024,1,48,3.0,350000.0,28648
8040445,1,1,1,10,2024,2,36,5.0,500000.0,5243
8041961,1,1,1,10,2024,1,58,6.0,1300000.0,8736
8053580,1,1,1,10,2024,2,34,5.0,500000.0,35444
8076159,1,1,1,10,2024,1,28,5.0,1000000.0,43168
8079895,1,1,1,10,2024,2,23,10.0,1300000.0,51873
8078238,1,1,1,10,2024,2,32,8.0,1300000.0,47958
8042095,1,2,1,10,2024,1,35,5.0,750000.0,9017
8050594,1,2,1,10,2024,1,38,5.0,1200000.0,28391
8053181,1,5,1,10,2024,2,30,5.0,1300000.0,34548
8043078,1,2,1,10,2024,1,40,3.0,500000.0,11098
8085783,1,1,1,10,2024,2,74,1.0,400000.0,62857
8053333,1,1,1,10,2024,2,38,10.0,1400000.0,34914
8081047,1,1,1,10,2024,2,39,3.0,400000.0,54302
8044585,1,1,1,10,2024,1,35,11.0,5500000.0,14959
8083855,1,1,1,10,2024,2,30,5.0,1300000.0,59898
8041123,1,2,1,10,2024,1,21,4.0,1100000.0,6856
8043800,1,1,1,10,2024,2,34,5.0,740000.0,12944
8079802,1,1,1,10,2024,1,43,10.0,6500000.0,51592
8038323,1,4,1,10,2024,1,24,5.0,1300000.0,370
8079663,1,3,1,10,2024,2,36,5.0,1300000.0,51162
8044060,1,1,1,10,2024,2,33,5.0,600000.0,13551
8045065,1,1,1,10,2024,1,58,12.0,17000000.0,16238
8049568,1,1,1,10,2024,2,41,7.0,2500000.0,25786
8054985,1,1,1,10,2024,2,38,8.0,400000.0,38502
8085718,1,3,1,10,2024,1,18,5.0,350000.0,62690
8055364,1,2,1,10,2024,1,44,3.0,1300000.0,39248
8050148,1,1,1,10,2024,1,47,5.0,1300000.0,27204
8047930,1,1,1,10,2024,2,32,5.0,1000000.0,22699
8039704,1,2,1,10,2024,1,58,3.0,400000.0,3553
8076059,1,4,1,10,2024,2,24,9.0,300000.0,42884
8047846,1,1,1,10,2024,1,41,5.0,1300000.0,22522
8082871,1,1,1,10,2024,2,45,5.0,700000.0,57793
8040860,1,2,1,10,2024,1,65,5.0,1040000.0,6218
8080087,1,2,1,10,2024,1,45,4.0,900000.0,52229
8050287,1,2,1,10,2024,2,27,10.0,2000000.0,27546
8053812,1,3,1,10,2024,2,22,7.0,1300000.0,35935
8080489,1,1,1,10,2024,2,40,4.0,1300000.0,53177
8084061,1,1,1,10,2024,1,60,10.0,5400000.0,60394
8044863,1,1,1,10,2024,1,52,11.0,4600000.0,15689
8081928,1,3,1,10,2024,2,29,10.0,600000.0,55867
8050007,1,2,1,10,2024,1,36,3.0,1000000.0,26881
8079189,1,1,1,10,2024,1,60,4.0,350000.0,50078
8044800,1,2,1,10,2024,1,22,3.0,800000.0,15495
8043290,1,1,1,10,2024,2,58,3.0,250000.0,11597
8044884,1,2,1,10,2024,2,59,3.0,500000.0,15748
8079862,1,2,1,10,2024,1,44,3.0,1300000.0,51770
8040677,1,1,1,10,2024,1,30,5.0,1900000.0,5757
8050493,2,2,2,10,2024,1,41,5.0,400000.0,28095
8040055,1,1,1,10,2024,2,52,8.0,1800000.0,4280
8044274,1,1,1,10,2024,1,41,4.0,1650000.0,14071
8049242,1,4,1,10,2024,1,29,4.0,1200000.0,25184
8046342,1,1,1,10,2024,1,39,10.0,5000000.0,19333
8055017,1,2,1,10,2024,2,29,5.0,1760000.0,38576
8077383,1,2,1,10,2024,1,49,3.0,1600000.0,46136
8056021,1,1,1,10,2024,2,54,3.0,700000.0,40440
8056002,1,1,1,10,2024,2,50,5.0,1300000.0,40410
8080556,1,1,1,10,2024,2,70,4.0,700000.0,53311
8049502,1,1,1,10,2024,2,42,8.0,400000.0,25618
8053466,1,1,1,10,2024,1,56,11.0,6000000.0,35213
8038648,1,1,1,10,2024,2,52,10.0,2600000.0,1085
8040440,1,2,1,10,2024,2,23,5.0,1300000.0,5229
8053353,1,5,1,10,2024,1,29,5.0,1465000.0,34968
8046423,1,1,1,10,2024,1,70,10.0,2000000.0,19509
8054314,1,1,1,10,2024,1,60,4.0,900000.0,36972
8044780,1,1,1,10,2024,2,67,3.0,250000.0,15443
8042107,1,1,1,10,2024,1,60,10.0,3000000.0,9048
8041837,1,1,1,10,2024,1,50,6.0,1300000.0,8375
8045204,1,1,1,10,2024,1,25,5.0,1600000.0,16629
8040756,1,1,1,10,2024,1,51,3.0,300000.0,5960
8048135,1,1,1,10,2024,1,44,8.0,4131000.0,23142
8046819,1,2,1,10,2024,1,80,11.0,2500000.0,20522
8051256,1,1,1,10,2024,1,54,11.0,8300000.0,29689
8054800,1,2,1,10,2024,2,32,5.0,600000.0,38092
8053392,1,5,1,10,2024,1,37,9.0,1600000.0,35099
8078429,1,1,1,10,2024,2,57,3.0,290000.0,48381
8076451,1,3,1,10,2024,1,34,5.0,400000.0,43882
8083709,1,1,1,10,2024,1,42,9.0,900000.0,59597
8078264,1,3,1,10,2024,1,21,6.0,690000.0,48018
8050958,1,2,1,10,2024,1,40,4.0,1300000.0,29313
8040888,1,1,1,10,2024,1,48,5.0,2200000.0,6281
8039087,1,4,1,10,2024,2,40,5.0,500000.0,2256
8048297,1,3,1,10,2024,1,16,4.0,500000.0,23461
8054922,1,3,1,10,2024,1,26,10.0,2600000.0,38371
8081911,1,2,1,10,2024,2,46,5.0,1300000.0,55842
8084019,1,1,1,10,2024,2,40,5.0,1200000.0,60248
8050245,1,1,1,10,2024,2,56,3.0,600000.0,27444
8052227,1,1,1,10,2024,2,48,3.0,50000.0,32161
8041428,1,5,1,10,2024,1,35,5.0,1680000.0,7541
8043095,1,2,1,10,2024,2,44,5.0,300000.0,11137
8050416,1,3,1,10,2024,2,20,5.0,360000.0,27875
8042784,1,1,1,10,2024,2,34,4.0,300000.0,10527
8081689,1,1,1,10,2024,2,87,3.0,30000.0,55608
8050580,1,1,1,10,2024,1,32,6.0,4500000.0,28360
8054900,1,1,1,10,2024,2,22,6.0,2000000.0,38322
8045311,1,2,1,10,2024,1,49,5.0,1300000.0,16912
8050943,1,3,1,10,2024,1,46,4.0,1300000.0,29260
8078599,1,2,1,10,2024,2,22,10.0,850000.0,48761
8083106,1,2,1,10,2024,1,45,12.0,4800000.0,58349
8052916,1,1,1,10,2024,1,51,12.0,4000000.0,33905
8042486,1,2,1,10,2024,2,28,5.0,1200000.0,9917
8084739,1,2,1,10,2024,2,23,5.0,1100000.0,61806
8055808,1,1,1,10,2024,2,57,10.0,3000000.0,40016
8077061,1,1,1,10,2024,1,40,3.0,800000.0,45299
8054203,1,1,1,10,2024,1,69,3.0,840000.0,36733
8048489,1,3,1,10,2024,1,25,8.0,1700000.0,23781
8038495,1,4,1,10,2024,1,30,10.0,1500000.0,760
8048222,1,3,1,10,2024,1,29,6.0,600000.0,23281
8039713,1,1,1,10,2024,2,39,4.0,1020000.0,3571
8052558,1,1,1,10,2024,1,50,3.0,700000.0,33095
8040929,1,2,1,10,2024,1,54,3.0,1200000.0,6381
8086530,1,2,1,10,2024,1,20,4.0,1300000.0,63906
8054559,1,1,1,10,2024,1,29,5.0,1300000.0,37524
8040175,1,1,1,10,2024,1,48,8.0,1300000.0,4564
8078193,1,1,1,10,2024,1,50,6.0,5841000.0,47832
8075888,1,1,1,10,2024,2,59,10.0,2648000.0,42350
8052579,1,2,1,10,2024,1,50,10.0,1500000.0,33156
8084748,1,2,1,10,2024,2,36,10.0,2000000.0,61829
8078625,1,1,1,10,2024,1,63,4.0,1300000.0,48822
8044277,1,1,1,10,2024,2,69,3.0,120000.0,14084
8039009,1,1,1,10,2024,1,48,9.0,2500000.0,2024
8044097,1,1,1,10,2024,1,35,4.0,1300000.0,13653
8083769,1,5,1,10,2024,2,18,4.0,500000.0,59721
8086460,1,2,1,10,2024,1,64,3.0,1500000.0,63740
8083060,1,1,1,10,2024,2,29,10.0,5000000.0,58227
8041659,1,3,1,10,2024,2,25,10.0,2000000.0,8086
8055220,1,1,1,10,2024,1,50,11.0,2300000.0,38993
8084530,1,1,1,10,2024,1,82,1.0,20000.0,61370
8081640,1,2,1,10,2024,2,38,3.0,400000.0,55525
8042031,1,1,1,10,2024,1,35,8.0,1300000.0,8924
8082607,1,1,1,10,2024,2,27,10.0,2700000.0,57088
8077638,1,2,1,10,2024,1,17,5.0,600000.0,46640
8054249,1,2,1,10,2024,2,40,12.0,4800000.0,36810
8046261,1,1,1,10,2024,1,66,10.0,2600000.0,19076
8038345,1,1,1,10,2024,2,77,5.0,500000.0,424
8051904,1,2,1,10,2024,1,28,10.0,2200000.0,31376
8055662,1,3,1,10,2024,1,20,6.0,1300000.0,39742
8039166,1,2,1,10,2024,1,48,4.0,1500000.0,2493
8086599,1,1,1,10,2024,1,67,5.0,1460000.0,64105
8077986,1,1,1,10,2024,1,45,4.0,1000000.0,47389
8039722,1,1,1,10,2024,2,50,12.0,3600000.0,3593
8050670,1,3,1,10,2024,1,42,10.0,1400000.0,28553
8083706,1,2,1,10,2024,1,30,10.0,2600000.0,59591
8043499,1,6,1,10,2024,1,27,8.0,250000.0,12160
8043256,1,2,1,10,2024,2,68,4.0,700000.0,11507
8081212,1,2,1,10,2024,2,38,10.0,3000000.0,54582
8039135,1,1,1,10,2024,2,44,9.0,1750000.0,2409
8081221,1,2,1,10,2024,2,25,3.0,0.0,54605
8080939,1,1,1,10,2024,1,38,8.0,2000000.0,54071
8086549,1,3,1,10,2024,1,29,10.0,1500000.0,63954
8051564,1,1,1,10,2024,1,61,9.0,3000000.0,30489
8049135,1,4,1,10,2024,2,29,8.0,1300000.0,24983
8042410,1,2,1,10,2024,1,53,3.0,1100000.0,9759
8078686,1,2,1,10,2024,1,58,4.0,2000000.0,48932
8043875,1,1,1,10,2024,2,31,5.0,1300000.0,13111
8041980,1,3,1,10,2024,1,24,10.0,2500000.0,8786
8041869,1,2,1,10,2024,2,53,10.0,1000000.0,8480
8086551,1,2,1,10,2024,1,45,4.0,1000000.0,63960
8044039,1,1,1,10,2024,2,53,3.0,200000.0,13492
8049526,1,1,1,10,2024,2,38,3.0,700000.0,25679
8044865,1,3,1,10,2024,1,28,10.0,1300000.0,15699
8043277,1,6,1,10,2024,2,23,9.0,1300000.0,11555
8078574,1,1,1,10,2024,1,38,9.0,1300000.0,48705
8082999,1,1,1,10,2024,1,60,10.0,2500000.0,58075
8045450,1,1,1,10,2024,2,24,11.0,2000000.0,17302
8056167,1,1,1,10,2024,2,37,8.0,1500000.0,40743
8046617,1,2,1,10,2024,2,41,10.0,4000000.0,20048
8039037,1,1,1,10,2024,2,56,5.0,200000.0,2109
8082773,1,2,1,10,2024,2,40,8.0,500000.0,57533
8047397,1,2,1,10,2024,1,23,5.0,1300000.0,21579
8045429,1,2,1,10,2024,2,53,5.0,1300000.0,17239
8083238,1,4,1,10,2024,1,34,5.0,1300000.0,58637
8084700,1,2,1,10,2024,2,41,11.0,1850000.0,61712
8047597,1,1,1,10,2024,2,44,10.0,1300000.0,21941
8051061,1,1,1,10,2024,2,32,9.0,1800000.0,29583
8053859,1,1,1,10,2024,1,68,4.0,800000.0,36030
8049896,1,3,1,10,2024,1,20,5.0,500000.0,26633
8051017,1,1,1,10,2024,1,27,5.0,4000000.0,29479
8043831,1,1,1,10,2024,1,44,5.0,1300000.0,13001
8078653,1,1,1,10,2024,2,40,4.0,1700000.0,48872
8050403,1,1,1,10,2024,2,24,5.0,1500000.0,27857
8084637,1,1,1,10,2024,1,31,5.0,1000000.0,61563
8081564,1,1,1,10,2024,2,44,3.0,250000.0,55413
8049628,1,1,1,10,2024,1,66,1.0,1200000.0,25944
8042762,1,2,1,10,2024,1,29,9.0,3500000.0,10495
8085746,1,1,1,10,2024,2,40,10.0,4255000.0,62773
8084289,1,1,1,10,2024,1,66,3.0,400000.0,60897
8052307,1,1,1,10,2024,1,33,5.0,1700000.0,32412
8050028,1,1,1,10,2024,2,43,3.0,300000.0,26934
8053310,1,4,1,10,2024,2,21,5.0,500000.0,34855
8082561,1,1,1,10,2024,2,35,6.0,400000.0,56996
8083087,1,4,1,10,2024,1,37,10.0,500000.0,58307
8053689,1,2,1,10,2024,2,33,10.0,1800000.0,35704
8077241,1,1,1,10,2024,1,58,3.0,1000000.0,45809
8080275,1,2,1,10,2024,1,34,11.0,9000000.0,52749
8080685,1,1,1,10,2024,2,34,5.0,1300000.0,53585
8083039,1,1,1,10,2024,2,55,11.0,4500000.0,58183
8076781,1,1,1,10,2024,2,51,4.0,1300000.0,44685
8081254,1,1,1,10,2024,2,49,3.0,500000.0,54709
8085997,1,1,1,10,2024,1,47,5.0,350000.0,63171
8086638,1,3,1,10,2024,2,42,8.0,300000.0,64193
8052039,1,1,1,10,2024,1,56,4.0,2500000.0,31685
8052370,1,1,1,10,2024,1,47,3.0,1000000.0,32596
8076055,1,2,1,10,2024,1,28,10.0,250000.0,42871
8086592,1,1,1,10,2024,1,44,1.0,1300000.0,64086
8040505,1,1,1,10,2024,2,40,8.0,1500000.0,5384
8075719,1,3,1,10,2024,1,27,5.0,800000.0,41901
8077122,1,1,1,10,2024,1,79,3.0,408000.0,45492
8038955,1,2,1,10,2024,2,41,5.0,800000.0,1908
8056357,1,3,1,10,2024,1,25,8.0,1300000.0,41148
8047672,1,3,1,10,2024,2,33,10.0,1300000.0,22111
8055144,1,1,1,10,2024,1,52,8.0,1800000.0,38794
8045531,1,1,1,10,2024,1,35,5.0,1500000.0,17539
8048634,1,1,1,10,2024,2,33,10.0,1000000.0,24028
8055769,1,5,1,10,2024,2,25,5.0,800000.0,39924
8086530,1,1,1,10,2024,2,39,5.0,600000.0,63905
8052087,1,1,1,10,2024,1,53,5.0,2520000.0,31814
8082511,1,2,1,10,2024,1,28,4.0,600000.0,56869
8077229,1,3,1,10,2024,1,29,5.0,634000.0,45776
8053363,1,1,1,10,2024,1,57,4.0,3500000.0,35005
8054758,1,2,1,10,2024,1,21,5.0,1000000.0,37988
8048672,1,1,1,10,2024,1,47,10.0,2600000.0,24083
8046445,1,2,1,10,2024,2,38,12.0,4000000.0,19560
8046200,1,1,1,10,2024,1,39,6.0,1800000.0,18950
8084014,1,1,1,10,2024,2,34,4.0,200000.0,60230
8084618,1,2,1,10,2024,2,52,5.0,1800000.0,61514
8052482,1,1,1,10,2024,1,36,5.0,1000000.0,32889
8053180,1,2,1,10,2024,2,57,5.0,1300000.0,34543
8042993,1,2,1,10,2024,1,41,5.0,700000.0,10900
8039995,1,1,1,10,2024,2,50,9.0,1300000.0,4138
8040851,1,1,1,10,2024,1,54,4.0,2000000.0,6183
8076366,1,1,1,10,2024,2,22,5.0,200000.0,43675
8083939,1,1,1,10,2024,1,61,11.0,14000000.0,60002
8082208,1,1,1,10,2024,2,42,10.0,900000.0,56278
8082556,1,2,1,10,2024,2,43,10.0,3900000.0,56981
8052849,1,1,1,10,2024,2,42,5.0,600000.0,33753
8053458,1,1,1,10,2024,2,59,12.0,5100000.0,35196
8047179,1,1,1,10,2024,2,41,8.0,1900000.0,21117
8055003,1,3,1,10,2024,2,35,10.0,1300000.0,38532
8078344,1,1,1,10,2024,2,38,3.0,800000.0,48225
8077956,1,2,1,10,2024,2,41,5.0,350000.0,47304
8048198,1,1,1,10,2024,1,42,5.0,800000.0,23265
8076644,1,1,1,10,2024,1,62,3.0,250000.0,44353
8052220,1,2,1,10,2024,2,49,5.0,80000.0,32146
8039465,1,1,1,10,2024,2,46,8.0,1460000.0,3102
8076925,1,1,1,10,2024,1,57,3.0,1200000.0,44981
8080773,1,2,1,10,2024,2,23,10.0,1418000.0,53730
8077583,1,2,1,10,2024,1,58,5.0,2450000.0,46541
8042066,1,5,1,10,2024,2,28,5.0,500000.0,8938
8077202,1,2,1,10,2024,1,24,5.0,1300000.0,45713
8038502,1,2,1,10,2024,1,31,5.0,500000.0,776
8078502,1,2,1,10,2024,2,36,8.0,900000.0,48551
8076186,1,1,1,10,2024,2,58,4.0,600000.0,43270
8042707,1,1,1,10,2024,2,18,5.0,1000000.0,10366
8045628,1,1,1,10,2024,1,48,8.0,3800000.0,17772
8055411,1,2,1,10,2024,2,43,5.0,1300000.0,39349
8053490,1,1,1,10,2024,2,60,9.0,2500000.0,35245
8055952,1,1,1,10,2024,1,32,5.0,1500000.0,40325
8081019,1,2,1,10,2024,2,26,8.0,150000.0,54237
8039296,1,2,1,10,2024,2,46,4.0,100000.0,2814
8050622,1,4,1,10,2024,1,31,10.0,4000000.0,28454
8050037,1,2,1,10,2024,1,27,3.0,1200000.0,26957
8048856,1,1,1,10,2024,1,36,5.0,1300000.0,24449
8041378,1,2,1,10,2024,1,38,6.0,1300000.0,7417
8082592,1,2,1,10,2024,2,47,11.0,1500000.0,57076
8076105,1,2,1,10,2024,2,49,3.0,0.0,43001
8040285,1,1,1,10,2024,2,43,5.0,450000.0,4858
8044322,1,1,1,10,2024,1,30,4.0,1720000.0,14237
8039883,1,2,1,10,2024,2,34,4.0,400000.0,3892
8039046,1,2,1,10,2024,1,23,5.0,250000.0,2139
8042797,1,1,1,10,2024,1,31,5.0,1450000.0,10577
8080175,1,1,1,10,2024,1,34,9.0,2000000.0,52483
8053099,1,1,1,10,2024,2,48,5.0,1500000.0,34390
8040112,1,1,1,10,2024,2,60,3.0,760000.0,4401
8042810,1,1,1,10,2024,2,49,8.0,1600000.0,10604
8047567,1,2,1,10,2024,1,40,10.0,5400000.0,21869
8049007,1,2,1,10,2024,1,34,3.0,1000000.0,24748
8040835,1,4,1,10,2024,1,33,4.0,700000.0,6127
8055586,1,4,1,10,2024,1,22,5.0,1300000.0,39593
8050038,1,2,1,10,2024,1,65,3.0,200000.0,26963
8051629,1,1,1,10,2024,2,42,5.0,2000000.0,30641
8041965,1,2,1,10,2024,1,64,11.0,2000000.0,8752
8084734,1,1,1,10,2024,1,34,5.0,1600000.0,61784
8076355,1,1,1,10,2024,1,27,5.0,1000000.0,43647
8075887,1,1,1,10,2024,2,42,3.0,80000.0,42344
8076579,1,3,1,10,2024,1,72,5.0,500000.0,44188
8078002,1,1,1,10,2024,1,64,3.0,500000.0,47431
8084720,1,2,1,10,2024,1,37,6.0,2200000.0,61747
8039721,1,2,1,10,2024,2,32,4.0,1500000.0,3590
8043523,1,2,1,10,2024,2,60,9.0,2600000.0,12239
8076688,1,2,1,10,2024,1,58,3.0,600000.0,44447
8055504,1,1,1,10,2024,2,28,10.0,1850000.0,39463
8045292,1,1,1,10,2024,1,47,5.0,1300000.0,16858
8047490,1,3,1,10,2024,2,31,10.0,1900000.0,21709
8043300,1,2,1,10,2024,2,55,4.0,600000.0,11627
8076103,1,1,1,10,2024,2,55,3.0,700000.0,42993
8054781,1,2,1,10,2024,1,60,10.0,1300000.0,38059
8084533,1,2,1,10,2024,2,38,5.0,180000.0,61380
8051038,1,1,1,10,2024,2,55,10.0,1300000.0,29525
8044680,1,1,1,10,2024,2,64,5.0,1300000.0,15216
8047172,1,1,1,10,2024,1,47,4.0,1462000.0,21100
8046350,1,1,1,10,2024,2,58,10.0,1300000.0,19346
8077108,1,1,1,10,2024,1,26,5.0,1700000.0,45449
8052509,1,1,1,10,2024,1,48,1.0,900000.0,32962
8040283,1,1,1,10,2024,1,41,10.0,1300000.0,4847
8079779,1,2,1,10,2024,1,24,5.0,1300000.0,51547
8086286,1,1,1,10,2024,1,43,12.0,6000000.0,63411
8078821,1,1,1,10,2024,1,32,4.0,1900000.0,49224
8043695,1,1,1,10,2024,1,55,3.0,1300000.0,12646
8053666,1,1,1,10,2024,1,55,3.0,600000.0,35643
8040362,1,1,1,10,2024,2,42,5.0,1600000.0,5029
8080142,1,2,1,10,2024,2,60,4.0,700000.0,52404
8038803,1,3,1,10,2024,1,59,5.0,2800000.0,1532
8046154,1,1,1,10,2024,1,44,3.0,1550000.0,18832
8045646,1,2,1,10,2024,2,60,3.0,250000.0,17829
8040221,1,3,1,10,2024,1,64,5.0,2000000.0,4709
8053008,1,1,1,10,2024,1,28,5.0,900000.0,34200
8076859,1,2,1,10,2024,1,45,1.0,1360000.0,44844
8041837,1,2,1,10,2024,2,51,3.0,100000.0,8376
8041461,1,1,1,10,2024,1,43,4.0,500000.0,7611
8079466,1,1,1,10,2024,1,22,5.0,1300000.0,50811
8077128,1,1,1,10,2024,1,33,5.0,1500000.0,45513
8040706,1,1,1,10,2024,1,43,12.0,4000000.0,5812
8086626,1,1,1,10,2024,1,52,10.0,1800000.0,64163
8044781,1,1,1,10,2024,2,24,5.0,2000000.0,15446
8081640,1,1,1,10,2024,1,55,5.0,200000.0,55524
8080528,2,3,2,10,2024,1,26,9.0,1460000.0,53249
8084966,1,1,1,10,2024,1,48,5.0,1300000.0,62308
8055120,1,1,1,10,2024,1,76,3.0,1680000.0,38730
8075942,1,2,1,10,2024,1,19,5.0,150000.0,42519
8039001,1,1,1,10,2024,2,38,10.0,3000000.0,2007
8081295,1,2,1,10,2024,1,24,10.0,1850000.0,54812
8047436,1,1,1,10,2024,1,29,4.0,600000.0,21618
8077944,1,1,1,10,2024,2,57,11.0,3000000.0,47273
8039487,1,1,1,10,2024,2,35,8.0,1300000.0,3149
8079003,1,2,1,10,2024,1,57,3.0,1000000.0,49635
8039475,1,1,1,10,2024,2,28,8.0,2500000.0,3120
8052301,1,5,1,10,2024,2,32,3.0,300000.0,32391
8086307,1,1,1,10,2024,2,36,10.0,2300000.0,63445
8076004,1,2,1,10,2024,1,21,4.0,1000000.0,42711
8084525,1,1,1,10,2024,1,25,4.0,500000.0,61361
8045109,1,1,1,10,2024,1,54,5.0,900000.0,16358
8040395,1,1,1,10,2024,1,63,12.0,7000000.0,5107
8052629,1,2,1,10,2024,2,36,10.0,2000000.0,33275
8038270,1,6,1,10,2024,1,17,4.0,500000.0,233
8043382,1,2,1,10,2024,1,23,5.0,15000000.0,11832
8085020,1,5,1,10,2024,2,40,9.0,700000.0,62434
8050468,1,1,1,10,2024,2,41,4.0,900000.0,28009
8044960,1,2,1,10,2024,2,55,10.0,2000000.0,15944
8051310,1,1,1,10,2024,2,56,5.0,550000.0,29848
8051269,1,3,1,10,2024,1,27,10.0,4300000.0,29726
8046511,1,4,1,10,2024,1,52,8.0,1300000.0,19730
8038842,1,2,1,10,2024,1,35,11.0,7700000.0,1621
8083896,1,1,1,10,2024,2,36,5.0,1300000.0,59967
8044542,1,3,1,10,2024,1,24,10.0,1500000.0,14849
8042374,1,1,1,10,2024,1,52,5.0,1250000.0,9663
8084599,1,1,1,10,2024,2,33,5.0,1300000.0,61497
8054447,1,1,1,10,2024,1,42,5.0,700000.0,37302
8038293,1,3,1,10,2024,2,27,9.0,2400000.0,289
8045474,1,2,1,10,2024,1,33,4.0,1000000.0,17380
8076762,1,2,1,10,2024,2,47,3.0,1300000.0,44639
8051638,1,2,1,10,2024,2,47,5.0,1480000.0,30665
8082368,1,2,1,10,2024,1,30,10.0,1900000.0,56569
8054827,1,2,1,10,2024,2,55,11.0,3000000.0,38154
8083339,1,1,1,10,2024,1,40,5.0,2700000.0,58881
8039515,1,1,1,10,2024,1,43,5.0,2600000.0,3203
8038483,1,2,1,10,2024,1,30,4.0,1600000.0,738
8044901,1,2,1,10,2024,2,33,5.0,1200000.0,15797
8038332,1,1,1,10,2024,1,58,3.0,1500000.0,395
8079440,1,4,1,10,2024,1,23,10.0,3500000.0,50755
8077767,1,2,1,10,2024,1,33,6.0,1300000.0,46923
8084420,1,2,1,10,2024,2,26,10.0,6000000.0,61173
8056219,1,1,1,10,2024,1,35,5.0,1300000.0,40842
8078704,1,2,1,10,2024,2,54,3.0,1100000.0,48975
8040459,1,1,1,10,2024,1,33,10.0,1400000.0,5282
8055369,1,1,1,10,2024,2,54,5.0,2000000.0,39261
8055705,1,2,1,10,2024,1,42,5.0,1700000.0,39874
8040229,1,1,1,10,2024,2,38,5.0,800000.0,4736
8077362,1,2,1,10,2024,1,42,5.0,1400000.0,46088
8046527,1,1,1,10,2024,1,34,5.0,700000.0,19784
8049314,1,1,1,10,2024,2,35,4.0,600000.0,25334
8039563,1,1,1,10,2024,2,46,3.0,6000000.0,3302
8054360,1,1,1,10,2024,2,32,5.0,800000.0,37079
8081261,1,3,1,10,2024,1,25,5.0,1300000.0,54727
8047659,1,2,1,10,2024,1,42,5.0,1300000.0,22081
8046633,3,2,3,10,2024,2,27,10.0,1300000.0,20093
8077483,1,2,1,10,2024,2,36,10.0,800000.0,46340
8040667,1,2,1,10,2024,1,68,5.0,300000.0,5742
8038403,1,1,1,10,2024,2,59,3.0,300000.0,582
8039069,1,3,1,10,2024,1,35,9.0,400000.0,2199
8076106,1,7,1,10,2024,2,18,4.0,1200000.0,43009
8046430,1,2,1,10,2024,2,28,9.0,1300000.0,19528
8079202,1,2,1,10,2024,2,25,5.0,1300000.0,50110
8040831,1,1,1,10,2024,2,59,10.0,5000000.0,6117
8083981,1,6,1,10,2024,1,22,5.0,1200000.0,60142
8046343,1,1,1,10,2024,1,40,10.0,15000000.0,19336
8048943,1,1,1,10,2024,2,53,5.0,2500000.0,24638
8046768,1,1,1,10,2024,1,76,4.0,200000.0,20408
8078509,1,1,1,10,2024,1,56,5.0,1350000.0,48566
8043144,1,1,1,10,2024,1,42,5.0,3000000.0,11252
8044909,1,1,1,10,2024,2,45,3.0,800000.0,15818
8080390,1,1,1,10,2024,1,61,5.0,1000000.0,53041
8084658,1,1,1,10,2024,1,54,5.0,1300000.0,61625
8053689,1,1,1,10,2024,1,33,9.0,2200000.0,35703
8050447,1,2,1,10,2024,2,40,3.0,1300000.0,27952
8049296,1,1,1,10,2024,1,62,5.0,1462000.0,25302
8040309,1,1,1,10,2024,1,38,5.0,1300000.0,4921
8051667,1,4,1,10,2024,2,29,10.0,1300000.0,30733
8081077,1,3,1,10,2024,1,32,5.0,500000.0,54364
8083852,1,3,1,10,2024,2,20,10.0,1300000.0,59890
8042395,1,4,1,10,2024,2,30,5.0,1462000.0,9714
8084999,1,1,1,10,2024,1,51,11.0,6000000.0,62405
8049174,1,1,1,10,2024,1,37,8.0,1800000.0,25053
8045219,1,2,1,10,2024,1,58,3.0,1100000.0,16673
8084447,1,2,1,10,2024,1,18,5.0,450000.0,61229
8050006,1,1,1,10,2024,2,73,3.0,900000.0,26878
8078904,1,1,1,10,2024,1,84,3.0,400000.0,49406
8043017,1,2,1,10,2024,1,20,5.0,600000.0,10956
8041236,1,2,1,10,2024,2,35,10.0,1300000.0,7141
8041807,1,1,1,10,2024,1,21,6.0,1000000.0,8316
8052315,1,1,1,10,2024,1,66,5.0,50000.0,32433
8080354,1,2,1,10,2024,2,20,8.0,700000.0,52936
8052557,1,5,1,10,2024,1,36,5.0,600000.0,33094
8048456,1,1,1,10,2024,1,56,4.0,900000.0,23711
8042335,1,2,1,10,2024,1,31,10.0,3000000.0,9588
8081494,1,5,1,10,2024,1,30,5.0,1300000.0,55282
8084408,1,2,1,10,2024,2,24,10.0,1300000.0,61152
8049506,1,2,1,10,2024,1,47,3.0,800000.0,25630
8038386,1,1,1,10,2024,1,30,5.0,3400000.0,536
8046480,1,1,1,10,2024,1,58,10.0,4000000.0,19643
8043883,1,1,1,10,2024,2,65,3.0,1240000.0,13134
8048591,1,1,1,10,2024,1,72,10.0,3000000.0,23966
8075606,1,2,1,10,2024,1,35,4.0,1200000.0,41568
8038601,1,2,1,10,2024,1,34,5.0,2000000.0,964
8046142,1,1,1,10,2024,1,51,5.0,1000000.0,18801
8045376,1,1,1,10,2024,1,23,5.0,1900000.0,17081
8084492,1,2,1,10,2024,2,24,8.0,1500000.0,61297
8038309,2,1,2,10,2024,1,46,9.0,2600000.0,330
8050369,1,1,1,10,2024,1,58,3.0,1300000.0,27787
8080307,1,1,1,10,2024,2,61,5.0,100000.0,52817
8078009,1,2,1,10,2024,2,34,3.0,640000.0,47456
8044686,1,1,1,10,2024,1,35,4.0,500000.0,15234
8075745,1,2,1,10,2024,2,48,4.0,900000.0,41962
8041354,1,1,1,10,2024,2,44,5.0,1300000.0,7338
8045411,1,1,1,10,2024,2,44,3.0,920000.0,17183
8075780,1,1,1,10,2024,2,56,3.0,600000.0,42053
8085980,1,1,1,10,2024,1,30,3.0,1000000.0,63134
8048311,1,3,1,10,2024,1,30,5.0,1300000.0,23492
8078536,1,2,1,10,2024,2,48,5.0,0.0,48623
8038931,1,1,1,10,2024,1,68,10.0,700000.0,1844
8055061,1,2,1,10,2024,2,44,5.0,0.0,38698
8055645,1,2,1,10,2024,2,65,5.0,150000.0,39683
8084451,1,1,1,10,2024,1,34,10.0,2600000.0,61234
8046144,1,1,1,10,2024,1,52,3.0,1200000.0,18805
8047490,1,4,1,10,2024,1,27,5.0,1000000.0,21710
8049898,1,1,1,10,2024,1,44,3.0,500000.0,26638
8054801,1,2,1,10,2024,1,52,5.0,1600000.0,38096
8075860,1,2,1,10,2024,1,57,5.0,1100000.0,42279
8055860,1,1,1,10,2024,1,55,5.0,1100000.0,40140
8046054,1,4,1,10,2024,2,24,8.0,300000.0,18605
8044554,1,1,1,10,2024,1,51,3.0,1500000.0,14879
8039092,1,2,1,10,2024,2,29,9.0,300000.0,2274
8046626,1,2,1,10,2024,2,26,8.0,200000.0,20073
8049773,1,1,1,10,2024,2,62,3.0,900000.0,26317
8047841,1,2,1,10,2024,2,46,5.0,1300000.0,22508
8040827,1,1,1,10,2024,1,50,11.0,5200000.0,6108
8046510,1,1,1,10,2024,2,36,5.0,800000.0,19724
8083435,1,2,1,10,2024,2,45,11.0,3500000.0,59067
8051340,1,1,1,10,2024,1,70,3.0,2480000.0,29929
8053315,1,6,1,10,2024,1,50,5.0,1500000.0,34872
8048343,1,2,1,10,2024,1,25,4.0,900000.0,23538
8050322,1,1,1,10,2024,2,39,9.0,1300000.0,27610
8046834,1,1,1,10,2024,1,49,10.0,2700000.0,20549
8051860,1,1,1,10,2024,2,36,9.0,1800000.0,31278
8047349,1,1,1,10,2024,2,39,10.0,2000000.0,21487
8046117,1,1,1,10,2024,1,58,3.0,440000.0,18752
8075968,1,1,1,10,2024,2,46,4.0,900000.0,42610
8078431,1,1,1,10,2024,1,57,3.0,500000.0,48384
8083662,1,2,1,10,2024,1,20,5.0,1000000.0,59502
8047505,1,1,1,10,2024,1,59,4.0,2000000.0,21736
8083805,1,2,1,10,2024,2,57,8.0,2000000.0,59782
8042974,1,1,1,10,2024,1,29,9.0,2000000.0,10864
8077034,1,3,1,10,2024,1,28,4.0,1300000.0,45221
8040406,1,2,1,10,2024,1,32,5.0,1400000.0,5134
8048530,1,1,1,10,2024,2,62,3.0,420000.0,23870
8042209,1,2,1,10,2024,1,43,11.0,4000000.0,9327
8077211,1,1,1,10,2024,1,40,5.0,800000.0,45733
8082786,1,1,1,10,2024,1,41,4.0,1300000.0,57567
8054630,1,1,1,10,2024,1,29,5.0,500000.0,37675
8050226,1,3,1,10,2024,2,30,10.0,2500000.0,27402
8047773,1,2,1,10,2024,1,56,5.0,1700000.0,22340
8055122,1,1,1,10,2024,2,32,10.0,1500000.0,38733
8042506,1,2,1,10,2024,2,24,8.0,1240000.0,9967
8043696,1,1,1,10,2024,1,56,3.0,900000.0,12650
8079810,1,2,1,10,2024,1,55,3.0,2500000.0,51616
8086039,1,2,1,10,2024,1,53,10.0,20000000.0,63212
8045232,1,1,1,10,2024,1,70,1.0,280000.0,16724
8043590,1,2,1,10,2024,2,20,5.0,1300000.0,12387
8078010,1,1,1,10,2024,1,37,3.0,1400000.0,47459
8080302,1,1,1,10,2024,1,33,9.0,2000000.0,52806
8081212,1,3,1,10,2024,2,37,8.0,2000000.0,54583
8048097,1,1,1,10,2024,1,50,9.0,2500000.0,23039
8050726,1,1,1,10,2024,1,65,4.0,500000.0,28676
8041950,1,1,1,10,2024,2,47,5.0,1800000.0,8696
8075585,1,1,1,10,2024,1,32,9.0,1800000.0,41495
8054234,1,1,1,10,2024,1,52,5.0,500000.0,36789
8080769,1,1,1,10,2024,1,52,4.0,1400000.0,53719
8049392,1,1,1,10,2024,2,26,5.0,700000.0,25502
8052365,1,1,1,10,2024,1,68,4.0,1200000.0,32580
8081963,1,1,1,10,2024,2,38,5.0,650000.0,55923
8047921,1,1,1,10,2024,2,23,5.0,300000.0,22691
8042143,1,1,1,10,2024,2,60,5.0,340000.0,9156
8049527,1,1,1,10,2024,2,47,8.0,150000.0,25681
8076758,1,2,1,10,2024,1,38,11.0,6000000.0,44625
8075679,1,2,1,10,2024,1,25,5.0,900000.0,41797
8039597,1,1,1,10,2024,1,54,5.0,2000000.0,3351
8046524,1,1,1,10,2024,2,27,4.0,1000000.0,19775
8078765,1,1,1,10,2024,2,37,5.0,1800000.0,49121
8038652,1,1,1,10,2024,2,24,10.0,1800000.0,1090
8047769,1,2,1,10,2024,1,42,10.0,800000.0,22335
8049045,1,1,1,10,2024,2,40,6.0,1300000.0,24811
8040812,1,2,1,10,2024,2,54,8.0,2000000.0,6084
8053980,1,1,1,10,2024,1,39,12.0,5800000.0,36264
8077639,1,2,1,10,2024,2,36,5.0,1100000.0,46642
8039028,1,1,1,10,2024,1,54,10.0,1500000.0,2067
8046885,1,1,1,10,2024,1,50,11.0,9000000.0,20654
8038936,1,3,1,10,2024,1,32,10.0,1300000.0,1865
8054059,1,2,1,10,2024,1,52,5.0,100000.0,36409
8052408,1,1,1,10,2024,1,58,4.0,667000.0,32723
8078093,1,4,1,10,2024,1,15,5.0,270000.0,47615
8077152,1,2,1,10,2024,1,40,3.0,2000000.0,45575
8086648,1,1,1,10,2024,1,61,9.0,3000000.0,64216
8079248,1,3,1,10,2024,1,23,3.0,500000.0,50272
8048088,1,1,1,10,2024,2,36,11.0,2800000.0,23020
8045197,1,1,1,10,2024,1,72,1.0,300000.0,16609
8048843,1,2,1,10,2024,2,24,4.0,400000.0,24413
8076436,1,2,1,10,2024,1,39,12.0,5000000.0,43833
8046580,1,3,1,10,2024,1,37,3.0,100000.0,19952
8078752,1,2,1,10,2024,2,31,5.0,1462000.0,49095
8050424,1,2,1,10,2024,1,27,10.0,1600000.0,27896
8053890,1,2,1,10,2024,2,43,3.0,500000.0,36082
8055646,1,2,1,10,2024,1,50,3.0,1000000.0,39685
8053298,1,3,1,10,2024,1,40,10.0,800000.0,34816
8046564,1,1,1,10,2024,1,30,5.0,1460000.0,19892
8054923,1,1,1,10,2024,1,32,12.0,6995200.0,38372
8076482,1,1,1,10,2024,1,51,1.0,1600000.0,43963
8084024,1,1,1,10,2024,1,29,5.0,1300000.0,60259
8055026,1,2,1,10,2024,1,31,10.0,3780000.0,38601
8079248,1,1,1,10,2024,1,60,4.0,2000000.0,50270
8050487,1,1,1,10,2024,2,53,4.0,160000.0,28070
8078573,1,1,1,10,2024,1,40,1.0,1700000.0,48701
8075811,1,1,1,10,2024,2,51,5.0,1000000.0,42133
8082308,1,2,1,10,2024,1,56,3.0,1300000.0,56441
8044499,1,2,1,10,2024,1,28,5.0,1300000.0,14704
8055060,1,1,1,10,2024,1,51,10.0,6180000.0,38694
8043723,1,1,1,10,2024,2,62,8.0,1280000.0,12724
8048966,1,1,1,10,2024,1,27,5.0,1300000.0,24692
8046186,1,1,1,10,2024,2,43,5.0,2100000.0,18917
8042513,1,1,1,10,2024,2,42,3.0,560000.0,9983
8045337,1,3,1,10,2024,2,26,10.0,1900000.0,16978
8054783,1,1,1,10,2024,1,35,6.0,1600000.0,38061
8053493,1,1,1,10,2024,1,60,12.0,3000000.0,35250
8049152,1,1,1,10,2024,2,44,8.0,1300000.0,25019
8079564,1,2,1,10,2024,1,47,5.0,1300000.0,50992
8041985,1,1,1,10,2024,1,34,10.0,2000000.0,8798
8040288,1,1,1,10,2024,2,50,3.0,250000.0,4867
8048723,1,1,1,10,2024,1,41,10.0,3500000.0,24219
8046137,1,1,1,10,2024,1,64,3.0,1850000.0,18785
8043782,1,1,1,10,2024,1,52,4.0,1600000.0,12888
8051939,1,1,1,10,2024,2,30,5.0,800000.0,31452
8046370,1,2,1,10,2024,1,33,5.0,1300000.0,19396
8086627,1,1,1,10,2024,2,54,12.0,3600000.0,64164
8055772,1,4,1,10,2024,2,39,10.0,1800000.0,39933
8083635,1,2,1,10,2024,2,46,10.0,3800000.0,59459
8045618,1,1,1,10,2024,2,44,10.0,3100000.0,17732
8077408,1,1,1,10,2024,1,31,5.0,1200000.0,46190
8049701,1,1,1,10,2024,1,43,10.0,1800000.0,26114
8041785,1,1,1,10,2024,2,53,3.0,900000.0,8287
8042222,1,1,1,10,2024,1,54,10.0,4000000.0,9353
8080403,1,1,1,10,2024,1,37,10.0,3000000.0,53074
8077327,1,1,1,10,2024,1,55,3.0,2000000.0,45995
8038770,1,3,1,10,2024,2,52,11.0,6000000.0,1471
8046364,1,3,1,10,2024,1,21,8.0,1800000.0,19385
8038211,1,1,1,10,2024,1,74,1.0,500000.0,65
8079711,1,11,1,10,2024,1,20,5.0,1000000.0,51264
8077357,1,1,1,10,2024,1,33,4.0,1400000.0,46077
8083077,1,1,1,10,2024,2,33,10.0,1300000.0,58269
8076135,1,1,1,10,2024,2,41,4.0,750000.0,43105
8055065,1,1,1,10,2024,1,44,5.0,600000.0,38703
8043458,1,1,1,10,2024,1,67,5.0,1300000.0,12021
8086627,1,2,1,10,2024,1,57,6.0,1600000.0,64165
8039111,1,4,1,10,2024,1,16,4.0,360000.0,2330
8048713,1,1,1,10,2024,2,56,8.0,800000.0,24181
8044601,1,1,1,10,2024,1,53,10.0,3600000.0,15008
8049716,1,2,1,10,2024,1,29,5.0,1100000.0,26164
8038611,1,2,1,10,2024,1,41,10.0,3600000.0,1000
8044699,1,1,1,10,2024,1,60,3.0,300000.0,15267
8038682,1,2,1,10,2024,1,39,4.0,900000.0,1199
8082655,1,1,1,10,2024,1,63,3.0,1400000.0,57227
8046306,1,2,1,10,2024,1,50,5.0,6000000.0,19244
8040585,1,1,1,10,2024,1,63,3.0,280000.0,5587
8044215,1,1,1,10,2024,1,48,5.0,600000.0,13904
8040193,1,1,1,10,2024,2,65,3.0,550000.0,4628
8050465,1,1,1,10,2024,2,51,3.0,500000.0,28001
8046069,1,4,1,10,2024,1,34,1.0,1300000.0,18638
8049654,1,2,1,10,2024,1,51,4.0,1200000.0,26002
8049214,1,1,1,10,2024,2,30,10.0,1800000.0,25114
8043634,1,1,1,10,2024,1,40,5.0,1300000.0,12495
8044739,1,1,1,10,2024,1,30,3.0,3000000.0,15359
8040666,1,1,1,10,2024,2,43,4.0,100000.0,5737
8077275,1,1,1,10,2024,1,59,1.0,900000.0,45906
8047058,1,1,1,10,2024,2,44,5.0,1400000.0,20906
8045392,1,2,1,10,2024,1,32,5.0,1700000.0,17124
8076629,1,1,1,10,2024,1,49,3.0,1300000.0,44320
8084988,1,1,1,10,2024,2,59,8.0,5000000.0,62371
8080068,1,2,1,10,2024,1,25,5.0,2100000.0,52180
8078738,1,2,1,10,2024,2,25,9.0,700000.0,49049
8052810,1,2,1,10,2024,1,29,10.0,1700000.0,33644
8038835,1,2,1,10,2024,2,48,12.0,6000000.0,1603
8047917,1,1,1,10,2024,1,56,12.0,3900000.0,22687
8041424,1,3,1,10,2024,2,41,9.0,1000000.0,7528
8083473,1,1,1,10,2024,1,54,3.0,1800000.0,59145
8041175,1,3,1,10,2024,2,27,5.0,400000.0,6985
8078604,1,3,1,10,2024,2,42,10.0,2800000.0,48776
8079970,1,2,1,10,2024,1,58,9.0,1300000.0,52002
8086334,1,1,1,10,2024,1,61,9.0,3000000.0,63479
8076169,1,1,1,10,2024,2,58,4.0,210000.0,43207
8051906,1,2,1,10,2024,2,28,5.0,800000.0,31381
8043151,1,1,1,10,2024,1,51,3.0,2300000.0,11273
8081715,1,3,1,10,2024,1,18,3.0,700000.0,55648
8076903,1,2,1,10,2024,1,32,5.0,1280000.0,44938
8043585,1,1,1,10,2024,1,26,10.0,4000000.0,12375
8039009,1,2,1,10,2024,2,48,5.0,650000.0,2025
8053034,1,3,1,10,2024,2,33,10.0,3800000.0,34275
8055475,1,1,1,10,2024,2,36,5.0,2600000.0,39424
8039018,1,1,1,10,2024,2,59,5.0,800000.0,2040
8052086,1,4,1,10,2024,1,31,6.0,400000.0,31812
8084487,1,2,1,10,2024,2,57,4.0,220000.0,61283
8051417,1,2,1,10,2024,1,54,3.0,800000.0,30145
8039435,1,1,1,10,2024,2,35,5.0,900000.0,3039
8052130,1,1,1,10,2024,2,54,4.0,1200000.0,31933
8041867,1,2,1,10,2024,1,39,5.0,1200000.0,8474
8083305,1,2,1,10,2024,1,58,1.0,180000.0,58792
8054538,1,2,1,10,2024,2,25,8.0,1800000.0,37490
8054485,1,2,1,10,2024,1,49,5.0,1000000.0,37369
8050466,1,3,1,10,2024,1,32,1.0,1000000.0,28006
8056413,1,1,1,10,2024,2,60,5.0,2000000.0,41302
8045121,1,3,1,10,2024,1,41,5.0,2500000.0,16394
8050033,1,1,1,10,2024,2,54,3.0,900000.0,26950
8084122,1,1,1,10,2024,1,53,5.0,1900000.0,60537
8086653,1,1,1,10,2024,2,30,5.0,592000.0,64233
8041093,1,1,1,10,2024,1,71,1.0,1200000.0,6754
8048834,1,1,1,10,2024,2,52,4.0,200000.0,24395
8039091,1,1,1,10,2024,1,44,8.0,1300000.0,2270
8044291,1,2,1,10,2024,1,37,5.0,1980000.0,14147
8040364,1,3,1,10,2024,1,27,5.0,1300000.0,5039
8055471,1,1,1,10,2024,1,42,5.0,1300000.0,39419
8053607,1,3,1,10,2024,1,52,8.0,1800000.0,35519
8054271,1,1,1,10,2024,1,60,5.0,3000000.0,36844
8044318,1,2,1,10,2024,2,46,10.0,4500000.0,14221
8078028,1,2,1,10,2024,2,60,3.0,600000.0,47489
8043758,1,1,1,10,2024,2,40,5.0,600000.0,12823
8079878,1,1,1,10,2024,2,44,5.0,1500000.0,51825
8085776,1,1,1,10,2024,1,45,10.0,3400000.0,62838
8048320,1,2,1,10,2024,1,24,6.0,1200000.0,23509
8046296,1,1,1,10,2024,2,44,8.0,450000.0,19214
8086331,1,1,1,10,2024,1,61,9.0,3000000.0,63475
8077103,1,1,1,10,2024,2,82,3.0,150000.0,45440
8052069,1,1,1,10,2024,1,33,8.0,1400000.0,31749
8052773,1,1,1,10,2024,1,53,3.0,1000000.0,33556
8053817,1,3,1,10,2024,2,33,10.0,1800000.0,35942
8084226,1,1,1,10,2024,1,70,3.0,700000.0,60748
8080214,1,1,1,10,2024,1,38,5.0,1400000.0,52581
8053070,1,1,1,10,2024,2,38,11.0,7800000.0,34344
8079381,1,1,1,10,2024,1,83,3.0,800000.0,50606
8049351,1,1,1,10,2024,1,43,5.0,1300000.0,25415
8038722,1,1,1,10,2024,2,77,5.0,50000.0,1319
8048524,1,4,1,10,2024,1,26,5.0,1100000.0,23855
8079069,1,4,1,10,2024,2,23,10.0,1600000.0,49803
8053457,1,1,1,10,2024,1,37,10.0,1000000.0,35194
8053629,1,1,1,10,2024,1,35,9.0,1300000.0,35568
8052381,1,4,1,10,2024,1,34,5.0,600000.0,32626
8056209,1,1,1,10,2024,2,56,5.0,700000.0,40814
8047973,1,2,1,10,2024,1,27,10.0,2200000.0,22772
8086679,1,1,1,10,2024,1,68,10.0,6300000.0,64310
8049846,1,3,1,10,2024,1,33,3.0,1000000.0,26503
8043137,1,2,1,10,2024,2,35,7.0,1462000.0,11237
8044482,1,1,1,10,2024,2,39,11.0,2600000.0,14661
8083746,1,1,1,10,2024,1,68,3.0,200000.0,59663
8045669,2,1,2,10,2024,1,45,4.0,1300000.0,17890
8045789,1,2,1,10,2024,2,29,10.0,850000.0,18182
8082968,1,1,1,10,2024,1,65,3.0,1300000.0,58009
8046011,1,3,1,10,2024,1,18,5.0,800000.0,18487
8042230,1,1,1,10,2024,2,45,11.0,8536104.0,9376
8045516,1,2,1,10,2024,1,56,4.0,400000.0,17502
8043043,1,1,1,10,2024,1,38,8.0,3000000.0,11007
8084045,1,3,1,10,2024,1,46,5.0,1300000.0,60339
8079131,1,1,1,10,2024,2,49,3.0,500000.0,49927
8076604,1,1,1,10,2024,2,41,10.0,3200000.0,44260
8052441,1,1,1,10,2024,1,25,5.0,1500000.0,32799
8082682,1,2,1,10,2024,2,50,9.0,2000000.0,57311
8040209,1,4,1,10,2024,2,20,5.0,1320000.0,4675
8042293,1,1,1,10,2024,2,48,9.0,1000000.0,9502
8076781,1,3,1,10,2024,2,26,10.0,1400000.0,44687
8053823,1,1,1,10,2024,1,26,10.0,1560000.0,35956
8050210,1,1,1,10,2024,1,57,3.0,2300000.0,27361
8075655,1,1,1,10,2024,2,66,4.0,850000.0,41739
8076958,1,2,1,10,2024,1,36,5.0,800000.0,45047
8078375,1,2,1,10,2024,1,63,5.0,2800000.0,48288
8045322,1,2,1,10,2024,1,48,1.0,480000.0,16942
8080989,1,1,1,10,2024,1,42,11.0,4000000.0,54168
8052430,1,1,1,10,2024,1,59,5.0,1000000.0,32776
8047308,1,1,1,10,2024,1,66,4.0,1300000.0,21399
8048546,1,1,1,10,2024,1,68,3.0,1500000.0,23902
8041198,1,2,1,10,2024,2,58,5.0,500000.0,7049
8040357,1,1,1,10,2024,1,21,10.0,1000000.0,5024
8086051,1,2,1,10,2024,1,32,10.0,1800000.0,63230
8039829,1,2,1,10,2024,2,28,10.0,1600000.0,3796
8055556,1,1,1,10,2024,2,44,10.0,7000000.0,39537
8054457,1,1,1,10,2024,2,41,4.0,300000.0,37328
8078099,1,2,1,10,2024,2,22,5.0,210000.0,47629
8082161,1,1,1,10,2024,2,30,5.0,1300000.0,56217
8086863,1,2,1,10,2024,2,67,12.0,15000000.0,64609
8075616,1,3,1,10,2024,1,36,4.0,850000.0,41607
8047822,1,1,1,10,2024,1,47,5.0,1600000.0,22458
8082384,1,3,1,10,2024,2,23,10.0,2000000.0,56604
8080840,1,1,1,10,2024,1,57,5.0,1750000.0,53864
8042348,1,2,1,10,2024,2,51,10.0,3200000.0,9611
8039239,1,1,1,10,2024,2,48,5.0,800000.0,2668
8047913,1,2,1,10,2024,1,64,6.0,450000.0,22682
8083135,1,2,1,10,2024,2,34,10.0,2500000.0,58413
8076396,1,1,1,10,2024,1,58,5.0,1300000.0,43763
8040787,1,1,1,10,2024,1,35,10.0,2600000.0,6037
8055352,1,5,1,10,2024,1,36,8.0,1500000.0,39226
8055607,1,1,1,10,2024,2,41,11.0,5000000.0,39628
8078281,1,3,1,10,2024,2,22,5.0,1200000.0,48056
8047610,1,1,1,10,2024,1,36,5.0,1300000.0,21969
8077831,1,3,1,10,2024,1,20,5.0,1600000.0,47045
8038761,1,2,1,10,2024,2,20,10.0,950000.0,1440
8053371,1,1,1,10,2024,1,47,5.0,1300000.0,35033
8054176,1,2,1,10,2024,2,36,3.0,900000.0,36660
8077273,1,1,1,10,2024,1,32,5.0,1300000.0,45899
8050559,1,1,1,10,2024,2,46,10.0,3500000.0,28309
8052125,1,2,1,10,2024,1,61,5.0,2800000.0,31918
8047540,1,1,1,10,2024,1,33,8.0,1460000.0,21798
8051675,1,1,1,10,2024,1,63,4.0,1000000.0,30747
8050164,1,2,1,10,2024,2,45,8.0,3500000.0,27246
8053590,1,1,1,10,2024,1,40,9.0,1300000.0,35466
8084003,1,1,1,10,2024,1,60,3.0,500000.0,60202
8053107,1,5,1,10,2024,1,21,9.0,1300000.0,34416
8050539,1,1,1,10,2024,2,44,4.0,1200000.0,28251
8044786,1,1,1,10,2024,1,23,8.0,2200000.0,15460
8040993,1,1,1,10,2024,1,45,11.0,3500000.0,6526
8052165,1,1,1,10,2024,1,44,4.0,1000000.0,31997
8082908,1,2,1,10,2024,2,54,5.0,1100000.0,57891
8042217,1,2,1,10,2024,1,39,10.0,1500000.0,9338
8078666,1,1,1,10,2024,1,62,3.0,1300000.0,48897
8052102,1,3,1,10,2024,2,42,4.0,700000.0,31853
8077313,1,2,1,10,2024,1,46,5.0,1800000.0,45965
8048998,1,1,1,10,2024,1,29,10.0,1300000.0,24734
8056248,1,2,1,10,2024,2,63,3.0,580000.0,40922
8077886,1,1,1,10,2024,1,60,3.0,650000.0,47141
8051680,1,3,1,10,2024,2,43,8.0,1000000.0,30755
8080842,1,1,1,10,2024,1,32,10.0,3000000.0,53871
8083192,1,1,1,10,2024,2,80,3.0,80000.0,58497
8083224,1,1,1,10,2024,2,56,10.0,2500000.0,58600
8041563,1,1,1,10,2024,2,43,5.0,300000.0,7859
8055919,1,1,1,10,2024,2,44,5.0,900000.0,40267
8050965,1,3,1,10,2024,1,34,5.0,1300000.0,29335
8080393,1,2,1,10,2024,1,51,10.0,2300000.0,53053
8050924,1,2,1,10,2024,1,45,3.0,1200000.0,29206
8042229,1,1,1,10,2024,1,44,8.0,1450000.0,9372
8040684,1,1,1,10,2024,1,48,5.0,1500000.0,5777
8076220,1,1,1,10,2024,1,24,5.0,300000.0,43330
8050326,1,2,1,10,2024,1,32,5.0,800000.0,27629
8052530,1,1,1,10,2024,1,50,3.0,1200000.0,33020
8047927,1,1,1,10,2024,1,62,3.0,1200000.0,22697
8049141,1,2,1,10,2024,1,41,5.0,1300000.0,24998
8049976,1,3,1,10,2024,2,29,10.0,2500000.0,26795
8085939,1,1,1,10,2024,2,54,11.0,4900000.0,63063
8045644,1,1,1,10,2024,1,59,6.0,750000.0,17822
8052810,1,4,1,10,2024,1,54,3.0,1400000.0,33646
8077794,1,5,1,10,2024,2,23,5.0,1300000.0,46980
8047472,1,1,1,10,2024,1,42,10.0,1300000.0,21680
8055684,1,1,1,10,2024,1,57,10.0,2500000.0,39806
8050861,1,1,1,10,2024,2,43,5.0,1300000.0,29032
8046393,1,1,1,10,2024,2,34,9.0,1800000.0,19445
8050830,1,4,1,10,2024,2,22,5.0,500000.0,28953
8038351,1,2,1,10,2024,2,50,4.0,700000.0,435
8046916,1,2,1,10,2024,1,35,5.0,2000000.0,20727
8078306,1,2,1,10,2024,2,50,1.0,0.0,48130
8046538,1,1,1,10,2024,1,47,5.0,1000000.0,19813
8047588,1,1,1,10,2024,2,43,10.0,1650000.0,21932
8078141,1,1,1,10,2024,1,54,5.0,1000000.0,47712
8042987,1,1,1,10,2024,2,62,3.0,100000.0,10893
8054656,1,1,1,10,2024,2,33,11.0,5000000.0,37738
8039605,1,1,1,10,2024,1,35,5.0,1300000.0,3362
8056271,1,2,1,10,2024,1,35,5.0,1300000.0,40983
8050763,1,1,1,10,2024,2,51,4.0,150000.0,28767
8042784,1,2,1,10,2024,1,40,5.0,4000000.0,10528
8053356,1,2,1,10,2024,1,41,5.0,950000.0,34981
8054446,1,4,1,10,2024,2,36,5.0,1000000.0,37301
8076272,1,1,1,10,2024,1,63,4.0,800000.0,43464
8038330,1,2,1,10,2024,2,37,10.0,5800000.0,388
8075919,1,1,1,10,2024,1,24,4.0,40000.0,42434
8053913,1,1,1,10,2024,1,40,9.0,1560000.0,36126
8086502,1,1,1,10,2024,1,76,3.0,0.0,63827
8049033,1,1,1,10,2024,1,60,4.0,610000.0,24791
8076041,1,1,1,10,2024,2,53,5.0,300000.0,42822
8047646,1,1,1,10,2024,2,67,3.0,600000.0,22066
8079396,1,3,1,10,2024,2,19,5.0,300000.0,50633
8046920,1,2,1,10,2024,2,42,10.0,11000000.0,20741
8085079,1,1,1,10,2024,2,25,8.0,400000.0,62572
8081140,1,1,1,10,2024,2,66,1.0,840000.0,54461
8083645,1,1,1,10,2024,1,68,3.0,1000000.0,59474
8079855,1,2,1,10,2024,2,22,5.0,1300000.0,51751
8084712,1,2,1,10,2024,2,67,3.0,420000.0,61734
8053915,1,1,1,10,2024,2,35,10.0,4800000.0,36132
8080031,1,2,1,10,2024,2,43,8.0,1000000.0,52103
8055220,1,2,1,10,2024,2,42,11.0,3000000.0,38994
8076643,1,2,1,10,2024,1,24,5.0,1800000.0,44351
8079158,1,3,1,10,2024,1,17,5.0,140000.0,49992
8055480,1,1,1,10,2024,1,38,9.0,1300000.0,39433
8038279,1,1,1,10,2024,2,40,5.0,1750000.0,248
8047834,1,1,1,10,2024,1,43,5.0,1300000.0,22490
8045804,1,2,1,10,2024,1,27,4.0,700000.0,18218
8052875,1,3,1,10,2024,2,60,5.0,1300000.0,33808
8075631,1,1,1,10,2024,1,61,3.0,650000.0,41650
8040401,1,1,1,10,2024,2,22,10.0,1000000.0,5122
8050593,1,1,1,10,2024,1,44,4.0,1300000.0,28386
8078688,1,1,1,10,2024,2,43,4.0,1600000.0,48939
8052346,1,2,1,10,2024,2,32,5.0,600000.0,32522
8040040,1,3,1,10,2024,2,24,10.0,600000.0,4242
8045217,1,3,1,10,2024,1,20,8.0,1200000.0,16666
8052587,1,1,1,10,2024,1,58,8.0,1300000.0,33179
8040327,1,1,1,10,2024,1,35,10.0,1300000.0,4962
8077751,1,2,1,10,2024,2,64,5.0,200000.0,46882
8048156,1,1,1,10,2024,1,47,11.0,6000000.0,23204
8076702,1,1,1,10,2024,2,36,5.0,1600000.0,44484
8054785,1,1,1,10,2024,2,61,5.0,950000.0,38062
8040341,1,1,1,10,2024,1,38,5.0,4000000.0,4993
8049977,1,3,1,10,2024,1,22,5.0,1300000.0,26798
8076916,1,1,1,10,2024,1,85,3.0,1700000.0,44960
8077186,1,2,1,10,2024,1,45,5.0,800000.0,45677
8046553,1,1,1,10,2024,1,55,5.0,450000.0,19863
8080139,1,2,1,10,2024,1,26,8.0,1300000.0,52399
8075636,1,2,1,10,2024,1,48,1.0,800000.0,41667
8047968,1,2,1,10,2024,1,23,5.0,1613000.0,22762
8040192,1,3,1,10,2024,1,33,5.0,2500000.0,4622
8044163,1,2,1,10,2024,2,30,8.0,2700000.0,13797
8040136,1,2,1,10,2024,2,45,5.0,1000000.0,4467
8039785,1,1,1,10,2024,1,22,9.0,1500000.0,3716
8040777,1,1,1,10,2024,2,56,10.0,3000000.0,6025
8083120,1,3,1,10,2024,1,34,10.0,2400000.0,58389
8075642,1,1,1,10,2024,2,76,1.0,250000.0,41698
8082790,1,2,1,10,2024,1,51,5.0,1500000.0,57579
8045462,1,1,1,10,2024,1,28,9.0,1500000.0,17341
8078471,1,1,1,10,2024,2,44,3.0,1100000.0,48494
8078959,1,2,1,10,2024,2,32,3.0,580000.0,49546
8084674,1,1,1,10,2024,2,50,10.0,2000000.0,61660
8076689,1,1,1,10,2024,1,56,3.0,1500000.0,44448
8080846,1,1,1,10,2024,1,59,12.0,8900000.0,53882
8040366,1,1,1,10,2024,1,40,4.0,1300000.0,5043
8075960,1,2,1,10,2024,1,23,4.0,400000.0,42579
8050617,1,1,1,10,2024,2,49,10.0,2000000.0,28442
8051792,1,1,1,10,2024,2,42,10.0,4000000.0,31059
8084305,1,1,1,10,2024,1,58,1.0,850000.0,60917
8054119,1,5,1,10,2024,1,38,9.0,1800000.0,36540
8041443,1,2,1,10,2024,1,22,5.0,0.0,7578
8078313,1,5,1,10,2024,1,13,4.0,,48155
8050578,1,1,1,10,2024,1,62,10.0,2600000.0,28353
8077782,1,1,1,10,2024,1,30,4.0,1300000.0,46948
8046917,1,1,1,10,2024,1,40,3.0,1500000.0,20730
8078750,1,2,1,10,2024,1,27,5.0,1500000.0,49081
8046818,1,1,1,10,2024,1,69,11.0,4000000.0,20519
8053674,1,5,1,10,2024,2,75,3.0,1300000.0,35663
8040363,1,3,1,10,2024,1,27,10.0,800000.0,5034
8052655,1,1,1,10,2024,1,62,3.0,800000.0,33322
8077209,1,2,1,10,2024,2,47,3.0,400000.0,45728
8075783,1,1,1,10,2024,1,67,3.0,600000.0,42063
8078681,1,1,1,10,2024,2,69,3.0,100000.0,48919
8045556,1,1,1,10,2024,1,34,5.0,1462000.0,17595
8082944,1,1,1,10,2024,1,40,8.0,1300000.0,57959
8082915,1,1,1,10,2024,1,63,4.0,2000000.0,57903
8077345,1,1,1,10,2024,1,21,5.0,1300000.0,46047
8078347,1,2,1,10,2024,2,50,3.0,800000.0,48235
8083492,1,1,1,10,2024,2,40,10.0,2000000.0,59190
8050996,1,3,1,10,2024,1,32,3.0,980000.0,29427
8056009,1,1,1,10,2024,1,28,4.0,1300000.0,40421
8044953,1,1,1,10,2024,2,55,3.0,100000.0,15917
8045557,1,1,1,10,2024,2,50,3.0,1300000.0,17599
8039705,1,1,1,10,2024,1,36,5.0,800000.0,3554
8047742,1,1,1,10,2024,2,30,5.0,180000.0,22254
8083555,1,2,1,10,2024,2,46,10.0,1300000.0,59297
8048171,1,1,1,10,2024,2,26,10.0,4000000.0,23229
8049295,1,2,1,10,2024,2,45,11.0,15000000.0,25299
8086113,1,1,1,10,2024,1,25,5.0,1200000.0,63304
8055490,1,2,1,10,2024,2,51,8.0,3100000.0,39450
8048840,1,2,1,10,2024,1,51,5.0,1300000.0,24408
8050460,1,2,1,10,2024,2,33,12.0,13000000.0,27985
8038411,1,1,1,10,2024,1,42,5.0,1500000.0,604
8081374,1,1,1,10,2024,1,34,8.0,1300000.0,54968
8049204,1,1,1,10,2024,2,25,5.0,1300000.0,25103
8046259,1,1,1,10,2024,1,45,4.0,650000.0,19072
8077095,1,1,1,10,2024,1,54,3.0,750000.0,45415
8040873,1,3,1,10,2024,1,54,10.0,3200000.0,6261
8051592,1,2,1,10,2024,1,29,10.0,2000000.0,30546
8038901,1,2,1,10,2024,2,40,11.0,3900000.0,1762
8054470,1,1,1,10,2024,2,29,5.0,1300000.0,37354
8053513,1,2,1,10,2024,1,36,10.0,3500000.0,35284
8047954,1,2,1,10,2024,2,58,9.0,6000000.0,22737
8078003,1,2,1,10,2024,2,74,1.0,720000.0,47434
8039267,1,2,1,10,2024,2,40,10.0,3500000.0,2729
8044990,1,1,1,10,2024,2,21,5.0,150000.0,16029
8076733,1,3,1,10,2024,2,21,9.0,400000.0,44564
8038980,1,2,1,10,2024,1,34,3.0,1000000.0,1962
8042960,1,3,1,10,2024,2,21,5.0,1300000.0,10835
8039537,1,3,1,10,2024,1,26,5.0,1300000.0,3260
8038804,1,1,1,10,2024,1,53,10.0,8500000.0,1533
8076638,1,2,1,10,2024,2,50,10.0,2175000.0,44339
8051030,1,1,1,10,2024,2,58,3.0,700000.0,29503
8049360,1,1,1,10,2024,1,40,4.0,1300000.0,25436
8077033,1,1,1,10,2024,1,54,3.0,700000.0,45215
8046468,1,4,1,10,2024,2,42,3.0,2000000.0,19618
8038430,1,1,1,10,2024,2,57,5.0,1300000.0,649
8085052,1,1,1,10,2024,2,59,3.0,1800000.0,62528
8047423,1,3,1,10,2024,2,30,5.0,1300000.0,21597
8084664,1,2,1,10,2024,1,35,6.0,1462000.0,61645
8050845,1,1,1,10,2024,1,62,3.0,1200000.0,28994
8080222,1,2,1,10,2024,1,42,4.0,1400000.0,52611
8048522,1,1,1,10,2024,1,62,4.0,1300000.0,23847
8043658,1,1,1,10,2024,1,65,3.0,800000.0,12566
8043125,1,1,1,10,2024,1,55,3.0,1100000.0,11199
8050491,1,2,1,10,2024,1,34,3.0,1200000.0,28084
8075895,1,1,1,10,2024,1,56,1.0,150000.0,42366
8041404,1,2,1,10,2024,2,42,5.0,1450000.0,7487
8053719,1,3,1,10,2024,1,29,11.0,1800000.0,35797
8039078,1,1,1,10,2024,1,42,5.0,900000.0,2231
8054303,1,1,1,10,2024,2,29,6.0,1200000.0,36945
8078231,1,1,1,10,2024,2,48,8.0,1580000.0,47947
8053311,1,1,1,10,2024,1,58,4.0,800000.0,34856
8078953,1,1,1,10,2024,1,52,3.0,2500000.0,49529
8044304,1,1,1,10,2024,2,25,9.0,2000000.0,14185
8044505,1,2,1,10,2024,1,33,8.0,1300000.0,14723
8045365,1,1,1,10,2024,1,23,9.0,1300000.0,17053
8052985,1,1,1,10,2024,2,37,5.0,920000.0,34119
8078722,1,3,1,10,2024,2,32,10.0,1200000.0,49014
8053603,1,2,1,10,2024,1,21,5.0,1000000.0,35501
8078130,1,2,1,10,2024,2,32,11.0,1200000.0,47692
8076496,1,2,1,10,2024,2,42,5.0,800000.0,44012
8050695,1,1,1,10,2024,2,67,3.0,1000000.0,28610
8040470,1,3,1,10,2024,2,24,10.0,1300000.0,5309
8080238,1,2,1,10,2024,1,36,10.0,1300000.0,52650
8080027,1,2,1,10,2024,2,42,12.0,300000.0,52092
8077505,1,1,1,10,2024,2,43,5.0,800000.0,46350
8080376,1,2,1,10,2024,2,52,10.0,3000000.0,52993
8084176,1,8,1,10,2024,1,70,3.0,200000.0,60624
8084770,1,1,1,10,2024,2,21,6.0,2000000.0,61865
8080273,1,1,1,10,2024,2,60,12.0,4240000.0,52746
8077868,1,1,1,10,2024,1,30,3.0,1000000.0,47119
8086751,1,1,1,10,2024,2,32,10.0,1000000.0,64424
8080348,1,3,1,10,2024,2,29,10.0,2600000.0,52917
8050667,1,1,1,10,2024,2,66,13.0,13000000.0,28548
8043700,1,1,1,10,2024,1,39,10.0,1000000.0,12664
8047617,1,1,1,10,2024,2,44,8.0,1700000.0,21987
8047035,1,2,1,10,2024,2,22,10.0,1500000.0,20869
8054323,1,1,1,10,2024,2,58,8.0,2000000.0,37008
8075662,1,2,1,10,2024,2,41,10.0,1760000.0,41753
8080417,1,1,1,10,2024,1,40,11.0,5230000.0,53102
8044270,1,1,1,10,2024,1,61,5.0,1300000.0,14058
8050081,1,1,1,10,2024,1,62,3.0,1400000.0,27068
8080040,1,2,1,10,2024,2,36,9.0,850000.0,52117
8043391,1,1,1,10,2024,1,59,5.0,1000000.0,11848
8082740,1,2,1,10,2024,1,41,5.0,2500000.0,57467
8039678,1,1,1,10,2024,1,34,8.0,1200000.0,3498
8054193,1,2,1,10,2024,1,29,9.0,2700000.0,36716
8049372,1,5,1,10,2024,1,72,4.0,1200000.0,25454
8038909,1,1,1,10,2024,2,25,5.0,1800000.0,1783
8051295,1,2,1,10,2024,2,32,10.0,2100000.0,29792
8053701,1,1,1,10,2024,1,50,5.0,1200000.0,35746
8039918,1,3,1,10,2024,2,35,9.0,500000.0,3991
8078374,1,3,1,10,2024,2,41,6.0,1400000.0,48284
8056150,1,1,1,10,2024,1,48,11.0,10000000.0,40702
8082573,1,1,1,10,2024,1,65,4.0,300000.0,57013
8079725,1,2,1,10,2024,2,21,5.0,600000.0,51321
8042836,1,1,1,10,2024,2,23,5.0,1300000.0,10650
8053735,1,2,1,10,2024,2,62,1.0,150000.0,35838
8081108,1,2,1,10,2024,2,60,3.0,800000.0,54409
8082098,1,2,1,10,2024,1,28,1.0,1200000.0,56096
8078684,1,2,1,10,2024,2,39,11.0,2800000.0,48927
8052671,1,1,1,10,2024,1,45,3.0,800000.0,33367
8050147,1,2,1,10,2024,1,54,3.0,1000000.0,27202
8053216,1,4,1,10,2024,1,18,10.0,180000.0,34626
8048723,1,2,1,10,2024,2,35,8.0,1300000.0,24220
8050916,1,2,1,10,2024,1,30,10.0,2000000.0,29184
8043001,1,1,1,10,2024,1,35,3.0,900000.0,10917
8045779,1,2,1,10,2024,2,28,5.0,1100000.0,18160
8081702,1,1,1,10,2024,2,54,4.0,2000000.0,55639
8081399,1,2,1,10,2024,1,40,3.0,1200000.0,55058
8053232,1,1,1,10,2024,2,27,8.0,2820000.0,34666
8038230,1,1,1,10,2024,1,43,5.0,700000.0,114
8050545,1,4,1,10,2024,2,48,10.0,1300000.0,28266
8043642,1,1,1,10,2024,2,50,3.0,400000.0,12517
8040102,1,2,1,10,2024,1,40,3.0,1000000.0,4375
8039296,1,1,1,10,2024,1,47,3.0,1300000.0,2813
8076739,1,1,1,10,2024,1,57,5.0,3600000.0,44582
8038538,1,1,1,10,2024,2,28,5.0,1200000.0,869
8055639,1,4,1,10,2024,2,23,5.0,600000.0,39661
8038286,1,3,1,10,2024,2,29,9.0,2300000.0,269
8083011,1,1,1,10,2024,1,49,6.0,1800000.0,58115
8040915,1,2,1,10,2024,2,18,5.0,900000.0,6348
8050470,1,2,1,10,2024,1,53,3.0,800000.0,28019
8040531,1,3,1,10,2024,1,44,5.0,2050000.0,5448
8055692,1,3,1,10,2024,2,38,10.0,1300000.0,39833
8054286,1,1,1,10,2024,2,28,5.0,1200000.0,36879
8043851,1,1,1,10,2024,1,43,5.0,1400000.0,13048
8038468,1,1,1,10,2024,2,54,4.0,2130000.0,704
8042107,1,2,1,10,2024,2,46,10.0,3000000.0,9049
8050359,1,2,1,10,2024,1,62,4.0,1500000.0,27755
8045169,1,2,1,10,2024,1,44,8.0,1500000.0,16523
8078544,1,1,1,10,2024,1,64,3.0,1400000.0,48642
8084939,1,1,1,10,2024,2,34,5.0,1000000.0,62247
8042895,1,1,1,10,2024,1,32,5.0,1400000.0,10777
8051541,1,1,1,10,2024,1,61,9.0,3000000.0,30443
8046741,1,1,1,10,2024,1,53,5.0,1400000.0,20333
8049121,1,1,1,10,2024,2,46,8.0,2000000.0,24951
8076541,1,3,1,10,2024,1,28,5.0,400000.0,44118
8077182,1,3,1,10,2024,1,32,10.0,3000000.0,45667
8040811,1,2,1,10,2024,1,61,3.0,300000.0,6081
8086674,1,5,1,10,2024,1,37,5.0,1400000.0,64292
8044581,1,1,1,10,2024,2,39,5.0,300000.0,14950
8044156,1,5,1,10,2024,2,25,9.0,2000000.0,13782
8052183,1,3,1,10,2024,1,23,5.0,1100000.0,32040
8045432,1,2,1,10,2024,2,49,5.0,1440000.0,17245
8045663,1,2,1,10,2024,2,45,5.0,100000.0,17876
8075663,1,1,1,10,2024,1,65,1.0,1500000.0,41759
8055260,1,2,1,10,2024,2,35,5.0,1000000.0,39058
8079389,1,2,1,10,2024,2,33,10.0,1000000.0,50621
8044858,1,1,1,10,2024,1,50,10.0,3200000.0,15677
8052762,1,2,1,10,2024,1,15,5.0,240000.0,33530
8082655,1,6,1,10,2024,1,19,4.0,1000000.0,57232
8050508,1,1,1,10,2024,1,46,10.0,1860000.0,28160
8045058,1,1,1,10,2024,2,60,10.0,4165000.0,16224
8052506,1,1,1,10,2024,1,20,3.0,1900000.0,32956
8038756,1,2,1,10,2024,2,65,11.0,3600000.0,1421
8077597,1,1,1,10,2024,2,53,4.0,1000000.0,46562
8076187,1,6,1,10,2024,1,2,,,43277
8039867,1,1,1,10,2024,1,52,5.0,10000000.0,3862
8077931,1,1,1,10,2024,1,36,1.0,900000.0,47252
8040407,1,1,1,10,2024,1,35,5.0,1300000.0,5135
8054011,1,1,1,10,2024,2,41,8.0,1600000.0,36324
8052049,1,1,1,10,2024,1,18,4.0,300000.0,31702
8046520,1,9,1,10,2024,1,29,5.0,1300000.0,19762
8046598,1,3,1,10,2024,2,40,8.0,600000.0,20011
8038884,1,3,1,10,2024,2,28,5.0,600000.0,1725
8050188,1,2,1,10,2024,1,40,10.0,5200000.0,27300
8076490,1,1,1,10,2024,1,71,10.0,1450000.0,44001
8052142,1,1,1,10,2024,2,67,3.0,600000.0,31962
8049528,1,1,1,10,2024,1,52,5.0,700000.0,25683
8050620,1,3,1,10,2024,1,34,12.0,1300000.0,28449
8042840,1,2,1,10,2024,2,45,7.0,2300000.0,10663
8055120,1,2,1,10,2024,2,63,3.0,240000.0,38731
8051312,1,2,1,10,2024,1,48,3.0,1500000.0,29856
8041541,1,2,1,10,2024,1,21,8.0,1600000.0,7812
8051777,1,1,1,10,2024,2,68,5.0,6000000.0,31021
8039446,1,1,1,10,2024,1,41,9.0,2200000.0,3060
8047949,1,2,1,10,2024,1,40,9.0,1600000.0,22727
8049744,1,1,1,10,2024,2,66,3.0,500000.0,26248
8079128,1,4,1,10,2024,2,24,8.0,1300000.0,49920
8044145,1,1,1,10,2024,2,57,4.0,1300000.0,13750
8040970,1,3,1,10,2024,1,40,5.0,1200000.0,6470
8082637,1,2,1,10,2024,2,56,5.0,900000.0,57172
8040257,1,2,1,10,2024,2,40,11.0,4447662.0,4786
8053009,1,1,1,10,2024,1,51,1.0,150000.0,34201
8052367,1,2,1,10,2024,1,28,4.0,1300000.0,32586
8053929,1,1,1,10,2024,1,46,10.0,3400000.0,36161
8049352,1,1,1,10,2024,1,32,8.0,1300000.0,25416
8056155,1,1,1,10,2024,1,40,9.0,4200000.0,40708
8043483,1,2,1,10,2024,1,60,3.0,400000.0,12101
8076931,1,3,1,10,2024,1,58,5.0,1300000.0,44993
8044072,1,4,1,10,2024,2,41,5.0,600000.0,13590
8047324,1,2,1,10,2024,1,48,8.0,700000.0,21431
8048768,1,2,1,10,2024,2,57,3.0,130000.0,24256
8041772,1,1,1,10,2024,1,25,5.0,1900000.0,8264
8075819,1,2,1,10,2024,1,43,3.0,1200000.0,42163
8082622,1,1,1,10,2024,2,59,4.0,800000.0,57122
8050336,1,2,1,10,2024,2,29,4.0,150000.0,27661
8054977,1,1,1,10,2024,1,50,4.0,600000.0,38485
8079423,1,1,1,10,2024,2,22,3.0,400000.0,50705
8082909,1,1,1,10,2024,2,32,5.0,1300000.0,57892
8080800,1,1,1,10,2024,1,31,4.0,2500000.0,53780
8075605,1,1,1,10,2024,1,60,3.0,600000.0,41562
8081637,1,2,1,10,2024,2,59,10.0,3500000.0,55516
8040674,1,6,1,10,2024,2,55,10.0,4500000.0,5754
8038375,1,1,1,10,2024,1,31,10.0,1300000.0,509
8053595,1,1,1,10,2024,1,61,5.0,1500000.0,35473
8040529,1,1,1,10,2024,2,41,10.0,1500000.0,5441
8077087,1,1,1,10,2024,1,43,4.0,0.0,45390
8040742,1,3,1,10,2024,1,29,1.0,400000.0,5910
8050529,1,2,1,10,2024,2,50,4.0,1000000.0,28223
8040354,1,1,1,10,2024,1,44,8.0,900000.0,5019
8079811,1,4,1,10,2024,2,36,10.0,2600000.0,51628
8039676,1,2,1,10,2024,1,35,8.0,1500000.0,3492
8045635,1,1,1,10,2024,1,50,10.0,900000.0,17791
8040818,1,1,1,10,2024,1,40,5.0,800000.0,6094
8040292,1,2,1,10,2024,1,20,10.0,1300000.0,4878
8038917,1,2,1,10,2024,1,44,12.0,8000000.0,1814
8051342,1,2,1,10,2024,2,59,3.0,18000.0,29938
8039792,1,1,1,10,2024,2,33,9.0,1800000.0,3730
8080031,1,3,1,10,2024,1,23,10.0,1800000.0,52104
8049643,1,1,1,10,2024,1,30,4.0,1300000.0,25976
8052124,1,3,1,10,2024,1,26,5.0,1500000.0,31915
8052846,2,1,2,10,2024,2,48,3.0,300000.0,33748
8077475,1,1,1,10,2024,2,38,3.0,700000.0,46323
8048139,1,3,1,10,2024,1,33,10.0,1500000.0,23156
8048307,1,3,1,10,2024,1,23,5.0,1300000.0,23484
8042179,1,2,1,10,2024,2,40,3.0,180000.0,9249
8076960,1,1,1,10,2024,2,69,11.0,3600000.0,45049
8043103,1,3,1,10,2024,1,29,5.0,1300000.0,11158
8078586,1,2,1,10,2024,1,71,9.0,3100000.0,48741
8040518,1,6,1,10,2024,2,63,5.0,400000.0,5420
8039870,1,2,1,10,2024,2,58,8.0,2200000.0,3872
8077580,1,2,1,10,2024,1,35,5.0,1000000.0,46532
8043180,1,1,1,10,2024,2,44,5.0,1300000.0,11347
8040235,1,2,1,10,2024,2,61,4.0,250000.0,4758
8079018,1,2,1,10,2024,2,36,5.0,200000.0,49663
8043332,1,3,1,10,2024,2,48,5.0,2230000.0,11706
8076389,1,1,1,10,2024,1,64,3.0,1500000.0,43740
8048174,1,3,1,10,2024,1,21,5.0,1200000.0,23236
8039507,1,3,1,10,2024,2,26,6.0,1300000.0,3194
8052848,1,1,1,10,2024,2,67,3.0,200000.0,33752
8082893,1,2,1,10,2024,2,23,5.0,1600000.0,57855
8055390,1,1,1,10,2024,1,35,5.0,1300000.0,39314
8077191,1,1,1,10,2024,2,33,4.0,600000.0,45683
8079470,1,2,1,10,2024,1,41,8.0,2150000.0,50824
8041747,1,1,1,10,2024,1,41,12.0,27000000.0,8233
8084784,1,2,1,10,2024,1,54,3.0,3000000.0,61906
8048075,1,1,1,10,2024,1,40,5.0,2074000.0,22989
8081389,1,3,1,10,2024,1,31,10.0,1700000.0,55026
8077982,1,3,1,10,2024,1,31,10.0,800000.0,47380
8048014,1,2,1,10,2024,2,38,5.0,2000000.0,22857
8040268,1,1,1,10,2024,2,51,4.0,600000.0,4804
8039307,1,2,1,10,2024,2,39,5.0,520000.0,2843
8080291,1,1,1,10,2024,1,27,10.0,800000.0,52772
8080797,1,1,1,10,2024,2,51,3.0,200000.0,53772
8044451,1,4,1,10,2024,2,36,10.0,1300000.0,14581
8038388,1,2,1,10,2024,2,51,10.0,3100000.0,542
8041251,1,1,1,10,2024,2,41,9.0,0.0,7166
8045647,1,1,1,10,2024,1,51,3.0,800000.0,17833
8046661,1,2,1,10,2024,2,30,10.0,1300000.0,20144
8048567,1,3,1,10,2024,1,36,5.0,1300000.0,23937
8041072,1,2,1,10,2024,1,25,10.0,1900000.0,6723
8054546,1,4,1,10,2024,2,20,8.0,2600000.0,37498
8078297,1,1,1,10,2024,1,41,5.0,720000.0,48103
8043156,1,1,1,10,2024,2,30,4.0,700000.0,11287
8044388,1,2,1,10,2024,2,56,3.0,1385000.0,14413
8039348,1,1,1,10,2024,1,26,10.0,800000.0,2903
8086847,1,2,1,10,2024,1,28,5.0,1300000.0,64551
8084189,1,1,1,10,2024,1,59,3.0,700000.0,60665
8082829,1,1,1,10,2024,2,73,3.0,200000.0,57681
8039516,1,2,1,10,2024,1,30,5.0,1900000.0,3206
8045736,1,1,1,10,2024,1,41,11.0,3200000.0,18048
8078501,1,1,1,10,2024,1,67,3.0,1200000.0,48549
8042742,1,1,1,10,2024,1,27,5.0,1200000.0,10445
8083240,1,3,1,10,2024,1,42,5.0,500000.0,58641
8040164,1,2,1,10,2024,1,31,5.0,1200000.0,4528
8077910,1,2,1,10,2024,2,42,4.0,200000.0,47189
8046337,1,1,1,10,2024,1,37,5.0,6000000.0,19315
8049497,1,1,1,10,2024,1,27,5.0,1200000.0,25607
8076059,1,2,1,10,2024,2,42,6.0,3000000.0,42882
8043095,1,1,1,10,2024,1,39,5.0,1550000.0,11136
8045217,1,2,1,10,2024,1,21,6.0,750000.0,16665
8054646,1,1,1,10,2024,1,46,8.0,1300000.0,37719
8044879,1,1,1,10,2024,2,27,5.0,800000.0,15740
8056484,1,1,1,10,2024,2,38,10.0,3400000.0,41418
8049187,1,3,1,10,2024,2,30,10.0,1500000.0,25075
8052371,1,3,1,10,2024,2,25,8.0,800000.0,32600
8043043,1,2,1,10,2024,2,45,8.0,1200000.0,11008
8043486,1,3,1,10,2024,1,24,5.0,700000.0,12112
8082783,1,1,1,10,2024,1,45,10.0,2300000.0,57563
8081587,1,1,1,10,2024,1,59,3.0,900000.0,55442
8040476,1,2,1,10,2024,2,34,9.0,700000.0,5324
8043780,1,1,1,10,2024,1,57,3.0,900000.0,12883
8055051,1,1,1,10,2024,2,53,3.0,1000000.0,38676
8083952,1,1,1,10,2024,2,32,9.0,1500000.0,60054
8051586,1,1,1,10,2024,2,30,8.0,1500000.0,30534
8075984,1,5,1,10,2024,1,62,3.0,50000.0,42661
8046076,1,2,1,10,2024,2,33,5.0,1000000.0,18658
8054946,1,2,1,10,2024,1,37,12.0,4500000.0,38422
8077887,1,2,1,10,2024,1,31,4.0,300000.0,47144
8038305,1,2,1,10,2024,2,26,10.0,4000000.0,321
8046028,1,1,1,10,2024,2,66,1.0,40000.0,18531
8083686,1,2,1,10,2024,2,55,5.0,800000.0,59550
8053353,1,1,1,10,2024,1,48,5.0,700000.0,34964
8048655,1,1,1,10,2024,1,50,11.0,5000000.0,24059
8038824,1,1,1,10,2024,1,57,5.0,2000000.0,1578
8079161,1,1,1,10,2024,1,67,3.0,600000.0,50001
8085835,1,1,1,10,2024,2,41,8.0,2300000.0,62945
8080834,1,1,1,10,2024,1,41,4.0,250000.0,53849
8048130,1,1,1,10,2024,2,35,10.0,1358000.0,23129
8050072,1,1,1,10,2024,1,67,3.0,192000.0,27051
8043092,1,2,1,10,2024,1,35,5.0,640000.0,11128
8054449,2,2,2,10,2024,1,36,1.0,800000.0,37311
8082764,1,1,1,10,2024,1,41,12.0,3900000.0,57518
8079280,1,1,1,10,2024,1,49,1.0,1200000.0,50371
8076018,1,2,1,10,2024,1,58,5.0,1000000.0,42758
8038849,1,2,1,10,2024,1,40,8.0,2500000.0,1636
8053728,1,1,1,10,2024,2,39,5.0,1300000.0,35820
8050172,1,1,1,10,2024,1,68,3.0,850000.0,27269
8042008,1,1,1,10,2024,2,63,3.0,1000000.0,8856
8083415,1,2,1,10,2024,2,20,4.0,1300000.0,59019
8038878,1,2,1,10,2024,1,31,5.0,1600000.0,1706
8051403,1,1,1,10,2024,1,28,5.0,1400000.0,30105
8042880,1,1,1,10,2024,1,26,11.0,6800000.0,10742
8038746,1,1,1,10,2024,2,43,10.0,2000000.0,1383
8079919,1,2,1,10,2024,1,28,6.0,1300000.0,51925
8041897,1,5,1,10,2024,1,37,5.0,800000.0,8551
8078004,1,1,1,10,2024,1,47,3.0,800000.0,47436
8084727,1,3,1,10,2024,2,19,5.0,1300000.0,61764
8079872,1,1,1,10,2024,1,25,5.0,1200000.0,51801
8046713,1,1,1,10,2024,2,49,11.0,7500000.0,20264
8055007,1,3,1,10,2024,1,34,10.0,1500000.0,38545
8084322,1,1,1,10,2024,1,48,12.0,3000000.0,60964
8043238,1,1,1,10,2024,1,50,3.0,2300000.0,11456
8081484,1,2,1,10,2024,1,25,4.0,130000.0,55258
8038184,1,1,1,10,2024,1,50,3.0,0.0,1
8050886,1,4,1,10,2024,1,19,4.0,800000.0,29101
8085088,1,1,1,10,2024,2,37,10.0,2000000.0,62590
8041206,1,2,1,10,2024,1,27,5.0,3240000.0,7070
8045807,1,1,1,10,2024,1,60,13.0,5700000.0,18225
8084768,1,3,1,10,2024,2,26,10.0,1400000.0,61862
8047697,1,1,1,10,2024,1,42,5.0,1662000.0,22157
8047968,1,1,1,10,2024,2,44,5.0,1400000.0,22761
8042824,1,1,1,10,2024,2,32,10.0,5000000.0,10623
8052304,1,1,1,10,2024,1,66,3.0,0.0,32402
8047923,1,1,1,10,2024,2,45,3.0,1000000.0,22693
8075577,1,1,1,10,2024,1,39,7.0,1500000.0,41471
8077520,1,1,1,10,2024,1,49,3.0,1600000.0,46386
8054731,1,3,1,10,2024,1,26,5.0,1000000.0,37917
8051823,1,1,1,10,2024,2,42,5.0,100000.0,31152
8054156,1,2,1,10,2024,1,45,3.0,700000.0,36614
8051240,1,1,1,10,2024,1,26,4.0,1200000.0,29653
8083079,1,2,1,10,2024,2,34,10.0,700000.0,58277
8056426,1,1,1,10,2024,1,42,10.0,4150000.0,41327
8045528,1,2,1,10,2024,2,24,5.0,200000.0,17536
8045528,1,1,1,10,2024,1,30,9.0,900000.0,17535
8053851,1,4,1,10,2024,2,28,12.0,4200000.0,36015
8078759,1,1,1,10,2024,2,44,5.0,1500000.0,49105
8078196,1,2,1,10,2024,2,35,5.0,1300000.0,47845
8038676,1,1,1,10,2024,1,23,4.0,1300000.0,1165
8081535,1,2,1,10,2024,1,40,3.0,1000000.0,55378
8043461,1,1,1,10,2024,1,45,8.0,1500000.0,12027
8085958,1,1,1,10,2024,2,23,10.0,400000.0,63099
8081509,1,1,1,10,2024,1,24,5.0,600000.0,55316
8048543,1,1,1,10,2024,2,44,13.0,4700000.0,23894
8050240,1,2,1,10,2024,2,27,10.0,5000000.0,27432
8084002,1,1,1,10,2024,2,46,5.0,1500000.0,60200
8076059,1,1,1,10,2024,1,52,3.0,2000000.0,42881
8078751,1,9,1,10,2024,2,34,5.0,750000.0,49092
8052937,1,2,1,10,2024,2,44,5.0,1000000.0,33964
8075707,1,1,1,10,2024,1,52,1.0,750000.0,41875
8080974,1,2,1,10,2024,2,30,10.0,400000.0,54140
8044318,1,1,1,10,2024,1,46,8.0,2000000.0,14220
8045565,1,2,1,10,2024,2,56,4.0,700000.0,17624
8052992,1,1,1,10,2024,1,42,10.0,100000.0,34154
8079864,1,1,1,10,2024,2,60,3.0,220000.0,51775
8084975,1,1,1,10,2024,1,36,5.0,1300000.0,62351
8077099,1,2,1,10,2024,1,24,4.0,2480000.0,45430
8045483,1,1,1,10,2024,1,36,5.0,1100000.0,17404
8080357,1,2,1,10,2024,1,46,3.0,3500000.0,52944
8077913,1,1,1,10,2024,1,51,3.0,1000000.0,47195
8043178,1,3,1,10,2024,2,22,8.0,1300000.0,11344
8044506,1,1,1,10,2024,2,68,3.0,300000.0,14726
8047884,1,3,1,10,2024,1,18,5.0,300000.0,22621
8053107,1,1,1,10,2024,2,45,4.0,1300000.0,34412
8044851,1,2,1,10,2024,1,69,1.0,1200000.0,15660
8080808,1,1,1,10,2024,1,67,3.0,1800000.0,53799
8038625,1,2,1,10,2024,2,51,10.0,3000000.0,1039
8041914,1,3,1,10,2024,1,16,4.0,480000.0,8594
8051001,1,2,1,10,2024,1,70,1.0,700000.0,29440
8079693,1,2,1,10,2024,1,40,10.0,3000000.0,51234
8040935,1,3,1,10,2024,2,18,6.0,100000.0,6390
8079557,1,1,1,10,2024,1,30,5.0,1832000.0,50982
8039687,1,2,1,10,2024,1,19,8.0,1300000.0,3520
8042132,1,2,1,10,2024,2,48,8.0,2500000.0,9134
8041928,1,2,1,10,2024,2,50,3.0,1150000.0,8634
8052501,1,1,1,10,2024,1,49,5.0,1000000.0,32943
8053564,1,1,1,10,2024,1,39,5.0,700000.0,35397
8055898,1,1,1,10,2024,1,28,5.0,1300000.0,40227
8040293,1,1,1,10,2024,1,34,5.0,800000.0,4879
8081651,1,1,1,10,2024,1,44,5.0,13000000.0,55553
8055296,1,2,1,10,2024,1,21,5.0,1450000.0,39119
8051301,1,1,1,10,2024,2,43,5.0,2000000.0,29814
8039572,1,1,1,10,2024,1,55,5.0,2000000.0,3311
8042488,1,5,1,10,2024,2,21,10.0,656000.0,9924
8052247,1,2,1,10,2024,2,44,1.0,80000.0,32233
8055076,1,1,1,10,2024,2,49,5.0,600000.0,38712
8043490,1,1,1,10,2024,1,38,4.0,700000.0,12128
8050470,1,5,1,10,2024,1,23,3.0,900000.0,28022
8082282,1,1,1,10,2024,1,61,4.0,800000.0,56385
8039473,1,3,1,10,2024,1,40,8.0,1800000.0,3116
8043548,1,2,1,10,2024,2,27,5.0,700000.0,12299
8047249,1,2,1,10,2024,1,42,5.0,200000.0,21292
8054933,1,2,1,10,2024,1,35,10.0,2500000.0,38390
8038841,1,2,1,10,2024,2,30,12.0,3800000.0,1618
8041527,1,5,1,10,2024,1,20,5.0,1800000.0,7776
8083668,1,4,1,10,2024,1,28,11.0,1700000.0,59514
8077852,1,1,1,10,2024,1,29,10.0,2000000.0,47095
8054495,1,1,1,10,2024,2,34,9.0,16000000.0,37396
8044508,1,4,1,10,2024,1,43,6.0,1300000.0,14734
8047256,1,1,1,10,2024,2,29,5.0,800000.0,21298
8041740,1,2,1,10,2024,1,59,12.0,4500000.0,8222
8050163,1,1,1,10,2024,2,30,3.0,900000.0,27241
8054075,1,1,1,10,2024,2,52,5.0,1950000.0,36442
8045165,1,1,1,10,2024,2,41,4.0,1500000.0,16501
8040313,1,1,1,10,2024,1,32,10.0,5200000.0,4931
8055676,1,1,1,10,2024,1,33,9.0,1300000.0,39777
8042483,1,1,1,10,2024,2,59,3.0,1000000.0,9905
8051740,1,1,1,10,2024,1,65,3.0,500000.0,30923
8053944,1,2,1,10,2024,2,44,5.0,1300000.0,36199
8040846,1,1,1,10,2024,1,53,12.0,5000000.0,6165
8052256,1,1,1,10,2024,1,34,8.0,2400000.0,32261
8040315,1,2,1,10,2024,1,36,11.0,9500000.0,4933
8083737,1,1,1,10,2024,1,41,10.0,6000000.0,59648
8051389,1,1,1,10,2024,1,30,10.0,1000000.0,30056
8053098,1,1,1,10,2024,2,32,10.0,3500000.0,34388
8084525,1,2,1,10,2024,2,25,4.0,30000.0,61362
8040946,1,1,1,10,2024,1,43,5.0,1000000.0,6416
8039372,1,2,1,10,2024,2,58,11.0,4300000.0,2923
8078328,1,2,1,10,2024,2,34,3.0,170000.0,48180
8053216,1,1,1,10,2024,2,54,5.0,1300000.0,34623
8039677,1,1,1,10,2024,2,36,10.0,1700000.0,3494
8040488,1,3,1,10,2024,1,31,10.0,2000000.0,5354
8054861,1,2,1,10,2024,1,44,5.0,1200000.0,38229
8046589,1,3,1,10,2024,1,25,5.0,1300000.0,19981
8045997,1,1,1,10,2024,1,62,5.0,800000.0,18453
8079530,1,1,1,10,2024,1,43,5.0,1950000.0,50933
8047660,1,3,1,10,2024,1,22,8.0,1462000.0,22084
8045448,1,1,1,10,2024,2,38,5.0,1800000.0,17291
8077139,1,2,1,10,2024,2,18,5.0,200000.0,45540
8075613,1,1,1,10,2024,1,50,1.0,850000.0,41600
8084033,1,4,1,10,2024,1,22,5.0,1300000.0,60294
8045295,1,2,1,10,2024,1,67,1.0,120000.0,16870
8050713,1,1,1,10,2024,2,55,11.0,5326000.0,28645
8042983,1,1,1,10,2024,1,33,9.0,150000.0,10882
8053159,1,2,1,10,2024,1,40,11.0,13100000.0,34508
8039204,1,2,1,10,2024,1,42,12.0,4000000.0,2576
8052665,1,4,1,10,2024,2,27,5.0,0.0,33355
8080762,1,1,1,10,2024,2,45,4.0,1200000.0,53707
8052764,1,1,1,10,2024,1,58,3.0,3900000.0,33534
8039058,1,1,1,10,2024,2,34,5.0,1500000.0,2167
8084095,1,2,1,10,2024,1,40,5.0,1300000.0,60487
8053242,1,2,1,10,2024,2,35,10.0,1300000.0,34693
8040189,1,1,1,10,2024,2,54,4.0,400000.0,4615
8052879,1,1,1,10,2024,2,39,12.0,3800000.0,33816
8055473,1,1,1,10,2024,2,34,5.0,1200000.0,39422
8044468,1,1,1,10,2024,1,52,5.0,2000000.0,14624
8045176,1,3,1,10,2024,2,21,10.0,1300000.0,16549
8050491,1,4,1,10,2024,1,32,8.0,1800000.0,28086
8041695,1,3,1,10,2024,2,61,10.0,3125000.0,8153
8043502,1,1,1,10,2024,1,45,10.0,4000000.0,12167
8076121,1,1,1,10,2024,2,56,7.0,3000000.0,43063
8076473,1,2,1,10,2024,1,44,5.0,1300000.0,43947
8042153,1,5,1,10,2024,1,19,4.0,500000.0,9186
8049237,1,2,1,10,2024,1,24,3.0,1400000.0,25168
8046292,1,3,1,10,2024,1,35,3.0,1200000.0,19198
8044119,1,1,1,10,2024,1,68,4.0,2400000.0,13679
8053848,1,1,1,10,2024,1,59,3.0,1600000.0,36005
8052288,1,1,1,10,2024,1,62,5.0,700000.0,32347
8038264,1,1,1,10,2024,1,23,5.0,1000000.0,208
8044089,1,2,1,10,2024,2,41,8.0,1500000.0,13634
8078260,1,1,1,10,2024,1,59,3.0,600000.0,48006
8078749,1,2,1,10,2024,2,41,5.0,1440000.0,49077
8045966,1,1,1,10,2024,2,49,5.0,320000.0,18367
8079168,1,2,1,10,2024,2,49,3.0,500000.0,50018
8048264,1,1,1,10,2024,1,26,8.0,3200000.0,23391
8038292,1,2,1,10,2024,2,42,12.0,6000000.0,286
8051942,1,2,1,10,2024,1,32,6.0,1800000.0,31461
8048517,1,1,1,10,2024,2,43,8.0,1440000.0,23832
8078360,1,2,1,10,2024,1,43,3.0,800000.0,48274
8085066,1,3,1,10,2024,2,35,10.0,1300000.0,62553
8040507,1,4,1,10,2024,1,35,3.0,1300000.0,5391
8041161,1,3,1,10,2024,1,21,8.0,1300000.0,6941
8051968,1,3,1,10,2024,1,28,10.0,2200000.0,31531
8045737,1,1,1,10,2024,2,34,8.0,1462000.0,18052
8083830,1,1,1,10,2024,1,45,5.0,1300000.0,59833
8043754,1,1,1,10,2024,1,59,9.0,1400000.0,12812
8076595,1,1,1,10,2024,1,59,3.0,600000.0,44233
8076705,1,1,1,10,2024,1,37,4.0,2000000.0,44494
8086391,1,1,1,10,2024,1,61,9.0,3000000.0,63589
8054498,1,1,1,10,2024,2,42,3.0,823000.0,37398
8048523,1,1,1,10,2024,2,42,3.0,1300000.0,23849
8050389,1,3,1,10,2024,2,20,6.0,1300000.0,27827
8086852,1,1,1,10,2024,1,41,5.0,1300000.0,64574
8044634,1,1,1,10,2024,2,60,4.0,480000.0,15089
8055211,1,2,1,10,2024,2,42,5.0,320000.0,38956
8042198,1,1,1,10,2024,1,57,3.0,750000.0,9304
8044874,1,2,1,10,2024,2,46,5.0,1300000.0,15731
8045407,1,2,1,10,2024,2,20,6.0,1500000.0,17174
8053851,1,3,1,10,2024,1,34,10.0,4000000.0,36014
8084571,1,1,1,10,2024,1,60,10.0,3700000.0,61461
8054526,1,1,1,10,2024,2,39,11.0,6000000.0,37468
8043506,1,1,1,10,2024,1,54,5.0,600000.0,12184
8049740,1,1,1,10,2024,2,44,5.0,1100000.0,26236
8082853,1,1,1,10,2024,2,54,5.0,100000.0,57742
8078526,1,1,1,10,2024,1,35,9.0,2000000.0,48600
8048593,1,3,1,10,2024,1,58,1.0,1200000.0,23971
8053625,1,1,1,10,2024,1,29,5.0,1300000.0,35564
8053142,1,1,1,10,2024,1,28,5.0,1300000.0,34463
8083265,1,1,1,10,2024,2,51,3.0,900000.0,58699
8053470,1,1,1,10,2024,1,39,8.0,1800000.0,35217
8042253,1,2,1,10,2024,2,51,10.0,2500000.0,9431
8078982,1,1,1,10,2024,1,53,3.0,1000000.0,49598
8077856,1,1,1,10,2024,1,55,3.0,2000000.0,47104
8079874,1,3,1,10,2024,2,31,5.0,1300000.0,51811
8042782,1,2,1,10,2024,2,58,5.0,0.0,10524
8055925,1,2,1,10,2024,2,55,10.0,1500000.0,40277
8086606,1,2,1,10,2024,2,38,8.0,1300000.0,64124
8076224,1,2,1,10,2024,1,56,3.0,500000.0,43335
8046122,1,1,1,10,2024,2,55,13.0,8000000.0,18768
8046906,1,4,1,10,2024,2,56,5.0,100000.0,20704
8054898,1,2,1,10,2024,1,27,3.0,1600000.0,38313
8049283,1,2,1,10,2024,2,29,10.0,2200000.0,25277
8049251,1,1,1,10,2024,2,54,5.0,400000.0,25193
8082317,1,1,1,10,2024,2,46,5.0,1300000.0,56454
8078346,1,1,1,10,2024,1,52,3.0,1200000.0,48232
8038469,1,1,1,10,2024,1,34,9.0,2500000.0,707
8078528,1,1,1,10,2024,2,21,4.0,720000.0,48603
8079749,1,4,1,10,2024,1,19,3.0,550000.0,51430
8038893,1,1,1,10,2024,2,64,5.0,1300000.0,1744
8052239,1,1,1,10,2024,2,23,4.0,150000.0,32206
8079083,1,1,1,10,2024,1,64,3.0,1500000.0,49825
8085937,1,1,1,10,2024,2,49,12.0,2500000.0,63058
8078295,1,1,1,10,2024,2,59,11.0,2621000.0,48098
8080168,1,1,1,10,2024,2,56,11.0,2900000.0,52459
8043997,1,1,1,10,2024,2,65,5.0,400000.0,13407
8040955,1,1,1,10,2024,2,65,3.0,900000.0,6431
8055378,1,1,1,10,2024,1,51,4.0,1500000.0,39278
8038915,1,1,1,10,2024,1,50,10.0,50000000.0,1806
8047614,1,2,1,10,2024,2,23,8.0,180000.0,21984
8078423,1,2,1,10,2024,1,17,5.0,1020000.0,48374
8044669,1,2,1,10,2024,2,42,8.0,1900000.0,15186
8049314,1,4,1,10,2024,1,25,4.0,600000.0,25337
8079044,1,1,1,10,2024,2,55,3.0,1000000.0,49751
8044848,1,1,1,10,2024,2,46,5.0,700000.0,15653
8039499,1,1,1,10,2024,2,42,3.0,1300000.0,3175
8079818,1,5,1,10,2024,2,67,10.0,1500000.0,51658
8051412,1,3,1,10,2024,1,22,10.0,1600000.0,30130
8045362,1,7,1,10,2024,2,38,4.0,500000.0,17042
8044739,1,2,1,10,2024,2,43,3.0,1000000.0,15360
8052937,1,4,1,10,2024,2,36,5.0,2000000.0,33966
8047627,1,2,1,10,2024,2,40,9.0,1800000.0,22012
8076362,1,3,1,10,2024,2,18,5.0,840000.0,43667
8077994,1,1,1,10,2024,2,49,5.0,1750000.0,47413
8048015,1,2,1,10,2024,2,53,10.0,5000000.0,22860
8041921,1,2,1,10,2024,1,29,5.0,1800000.0,8613
8041876,1,1,1,10,2024,2,42,12.0,5000000.0,8500
8046237,1,3,1,10,2024,1,17,4.0,40000.0,19023
8079258,1,2,1,10,2024,1,25,4.0,1200000.0,50304
8042194,1,2,1,10,2024,1,44,5.0,320000.0,9297
8076543,1,1,1,10,2024,2,69,3.0,300000.0,44121
8043983,1,2,1,10,2024,1,46,5.0,1300000.0,13384
8081123,1,1,1,10,2024,2,29,5.0,1300000.0,54434
8084089,1,4,1,10,2024,1,29,8.0,1300000.0,60475
8086306,1,1,1,10,2024,2,61,5.0,100000000.0,63443
8077116,1,2,1,10,2024,1,70,3.0,550000.0,45475
8046083,1,1,1,10,2024,1,42,5.0,1600000.0,18679
8080198,1,1,1,10,2024,1,60,5.0,1400000.0,52541
8082844,1,2,1,10,2024,1,24,10.0,1462000.0,57724
8080400,1,1,1,10,2024,2,31,10.0,1300000.0,53070
8042465,1,1,1,10,2024,1,38,5.0,2500000.0,9872
8083272,1,2,1,10,2024,1,31,10.0,1800000.0,58717
8038632,1,2,1,10,2024,1,66,1.0,350000.0,1057
8041576,1,1,1,10,2024,2,41,6.0,1500000.0,7891
8052385,1,2,1,10,2024,2,43,3.0,550000.0,32650
8055281,1,2,1,10,2024,1,76,3.0,300000.0,39093
8076998,1,1,1,10,2024,2,34,10.0,2600000.0,45121
8076841,1,1,1,10,2024,1,51,5.0,1550000.0,44812
8044038,1,2,1,10,2024,2,22,5.0,2300000.0,13491
8055058,1,3,1,10,2024,1,23,5.0,1200000.0,38693
8084655,1,5,1,10,2024,2,37,5.0,1000000.0,61618
8076310,1,1,1,10,2024,1,61,5.0,400000.0,43555
8054301,1,4,1,10,2024,1,24,10.0,1300000.0,36942
8046520,1,1,1,10,2024,2,61,1.0,20000.0,19754
8082435,1,1,1,10,2024,2,32,8.0,1300000.0,56706
8041252,1,1,1,10,2024,1,40,3.0,430000.0,7168
8077980,1,1,1,10,2024,2,40,4.0,336000.0,47367
8086031,1,1,1,10,2024,1,49,4.0,500000.0,63203
8086383,1,1,1,10,2024,1,61,9.0,3000000.0,63575
8051417,1,1,1,10,2024,2,55,3.0,600000.0,30144
8048848,1,1,1,10,2024,1,35,5.0,1300000.0,24425
8046248,1,1,1,10,2024,1,54,10.0,8000000.0,19044
8080713,1,2,1,10,2024,1,58,11.0,7000000.0,53625
8041052,1,1,1,10,2024,2,41,5.0,1510000.0,6681
8081329,1,2,1,10,2024,2,54,3.0,1100000.0,54883
8041923,1,2,1,10,2024,1,63,1.0,240000.0,8623
8049271,1,2,1,10,2024,2,35,8.0,2100000.0,25243
8051463,1,2,1,10,2024,2,28,9.0,1550000.0,30263
8082509,1,1,1,10,2024,1,44,10.0,2300000.0,56866
8039574,1,1,1,10,2024,1,60,3.0,1500000.0,3317
8076566,1,1,1,10,2024,2,59,4.0,50000.0,44166
8081271,1,2,1,10,2024,2,29,8.0,1300000.0,54755
8084091,1,1,1,10,2024,1,21,10.0,1400000.0,60479
8079604,1,2,1,10,2024,1,29,9.0,2000000.0,51052
8082916,1,2,1,10,2024,2,24,10.0,2200000.0,57909
8043238,1,4,1,10,2024,1,21,5.0,1462000.0,11459
8083641,1,1,1,10,2024,1,68,3.0,1300000.0,59468
8078254,1,1,1,10,2024,2,58,3.0,300000.0,47989
8078020,1,2,1,10,2024,2,26,5.0,1800000.0,47479
8053830,1,1,1,10,2024,1,56,4.0,1500000.0,35970
8045925,1,1,1,10,2024,1,23,4.0,1350000.0,18242
8077969,1,3,1,10,2024,1,25,5.0,1300000.0,47338
8053208,1,2,1,10,2024,2,26,10.0,5300000.0,34608
8080130,1,2,1,10,2024,2,40,3.0,600000.0,52372
8044580,1,1,1,10,2024,2,71,3.0,600000.0,14948
8047405,1,1,1,10,2024,2,42,9.0,450000.0,21590
8080261,1,1,1,10,2024,1,62,4.0,600000.0,52712
8041796,1,1,1,10,2024,2,34,8.0,1400000.0,8302
8040996,1,1,1,10,2024,2,42,1.0,810000.0,6536
8052941,1,1,1,10,2024,2,27,5.0,1400000.0,33977
8044598,1,2,1,10,2024,1,43,5.0,1200000.0,15002
8081701,1,1,1,10,2024,1,22,5.0,1450000.0,55638
8076768,1,1,1,10,2024,2,25,5.0,1456000.0,44649
8046315,1,1,1,10,2024,1,57,5.0,1700000.0,19264
8046630,1,1,1,10,2024,1,65,3.0,900000.0,20082
8044516,1,4,1,10,2024,1,67,5.0,1000000.0,14760
8076899,1,1,1,10,2024,1,66,3.0,1500000.0,44925
8075815,1,1,1,10,2024,1,55,5.0,1600000.0,42145
8080092,1,1,1,10,2024,2,47,4.0,600000.0,52248
8086589,1,2,1,10,2024,1,57,4.0,1000000.0,64072
8050031,1,1,1,10,2024,1,56,10.0,1200000.0,26940
8045117,1,2,1,10,2024,1,45,3.0,600000.0,16381
8047152,1,1,1,10,2024,1,37,11.0,11000000.0,21076
8050441,1,1,1,10,2024,2,40,5.0,1300000.0,27938
8055705,1,1,1,10,2024,2,46,3.0,780000.0,39873
8040342,1,1,1,10,2024,2,54,5.0,3488000.0,4997
8079046,1,1,1,10,2024,1,59,3.0,1200000.0,49757
8039890,1,1,1,10,2024,2,22,5.0,1700000.0,3908
8054548,1,1,1,10,2024,1,51,5.0,2340000.0,37501
8081035,1,1,1,10,2024,2,38,5.0,230000.0,54265
8046085,1,1,1,10,2024,2,42,9.0,400000.0,18684
8077175,1,1,1,10,2024,1,71,3.0,800000.0,45645
8046039,1,2,1,10,2024,1,23,12.0,1800000.0,18556
8040527,1,3,1,10,2024,1,43,5.0,900000.0,5438
8080621,1,1,1,10,2024,1,61,9.0,1800000.0,53442
8085045,1,1,1,10,2024,1,50,11.0,8000000.0,62521
8043836,1,3,1,10,2024,1,34,6.0,800000.0,13021
8051529,1,1,1,10,2024,1,61,9.0,3000000.0,30419
8051427,1,2,1,10,2024,1,27,5.0,920000.0,30173
8047670,1,1,1,10,2024,1,41,3.0,800000.0,22101
8039443,1,1,1,10,2024,2,76,3.0,500000.0,3055
8049293,1,1,1,10,2024,1,61,10.0,5000000.0,25293
8054780,1,1,1,10,2024,1,25,10.0,2600000.0,38056
8049590,1,3,1,10,2024,1,58,8.0,1500000.0,25831
8052754,1,1,1,10,2024,1,57,3.0,1600000.0,33511
8080957,1,1,1,10,2024,1,47,4.0,1000000.0,54111
8043539,1,1,1,10,2024,2,43,8.0,1300000.0,12272
8055416,1,1,1,10,2024,2,66,3.0,1300000.0,39351
8045192,1,1,1,10,2024,1,52,8.0,4200000.0,16594
8047678,1,2,1,10,2024,2,40,5.0,1200000.0,22122
8053280,1,2,1,10,2024,2,50,5.0,1000000.0,34772
8081066,1,1,1,10,2024,2,59,3.0,400000.0,54339
8044006,1,1,1,10,2024,1,36,8.0,1300000.0,13424
8078498,1,2,1,10,2024,2,50,3.0,200000.0,48545
8054361,1,2,1,10,2024,1,28,5.0,710000.0,37085
8047186,1,2,1,10,2024,2,34,10.0,1000000.0,21136
8041594,1,1,1,10,2024,2,33,5.0,1300000.0,7932
8041017,1,1,1,10,2024,2,61,3.0,150000.0,6591
8052853,1,2,1,10,2024,1,55,3.0,400000.0,33764
8045072,1,2,1,10,2024,1,33,5.0,1700000.0,16259
8039036,1,4,1,10,2024,2,40,4.0,360000.0,2107
8050107,1,2,1,10,2024,1,21,8.0,1600000.0,27122
8082631,1,1,1,10,2024,2,30,5.0,300000.0,57153
8078084,1,1,1,10,2024,1,64,3.0,250000.0,47591
8084425,1,5,1,10,2024,1,19,4.0,500000.0,61183
8044068,1,3,1,10,2024,1,22,4.0,2500000.0,13571
8046501,1,2,1,10,2024,2,54,4.0,200000.0,19690
8040448,1,1,1,10,2024,2,40,3.0,1000000.0,5251
8041776,1,2,1,10,2024,2,43,10.0,2000000.0,8272
8086405,1,1,1,10,2024,1,61,9.0,3000000.0,63617
8044206,1,1,1,10,2024,1,66,10.0,2600000.0,13889
8081210,1,1,1,10,2024,1,42,5.0,2000000.0,54573
8046413,1,2,1,10,2024,1,43,8.0,1300000.0,19490
8077996,1,1,1,10,2024,2,47,4.0,450000.0,47420
8041198,1,1,1,10,2024,1,59,3.0,3000000.0,7048
8038736,1,2,1,10,2024,2,35,8.0,1300000.0,1353
8080706,1,1,1,10,2024,2,62,11.0,10000000.0,53619
8046570,1,2,1,10,2024,2,30,4.0,120000.0,19913
8076756,1,3,1,10,2024,1,24,10.0,600000.0,44622
8044637,1,1,1,10,2024,2,48,4.0,120000.0,15100
8044145,1,2,1,10,2024,1,57,4.0,1000000.0,13751
8079769,1,6,1,10,2024,1,30,5.0,1100000.0,51517
8078998,1,2,1,10,2024,1,23,5.0,1050000.0,49630
8039433,1,2,1,10,2024,2,27,5.0,1500000.0,3035
8040995,1,1,1,10,2024,1,35,3.0,500000.0,6531
8046625,1,3,1,10,2024,1,40,10.0,2000000.0,20071
8078899,1,1,1,10,2024,1,43,8.0,2250000.0,49391
8079695,1,1,1,10,2024,1,34,8.0,2345000.0,51237
8082788,1,2,1,10,2024,2,37,10.0,2000000.0,57573
8083107,1,4,1,10,2024,1,18,5.0,700000.0,58354
8056208,1,3,1,10,2024,1,34,5.0,800000.0,40811
8080758,1,2,1,10,2024,1,29,5.0,2500000.0,53699
8078873,1,1,1,10,2024,1,48,4.0,1600000.0,49331
8083475,1,2,1,10,2024,2,60,3.0,2000000.0,59150
8077720,1,1,1,10,2024,2,39,3.0,800000.0,46800
8076796,1,2,1,10,2024,2,26,8.0,1700000.0,44721
8076016,1,1,1,10,2024,2,52,3.0,1300000.0,42750
8042407,1,1,1,10,2024,1,33,5.0,1500000.0,9751
8038462,1,1,1,10,2024,1,72,8.0,1300000.0,690
8040898,1,2,1,10,2024,2,32,5.0,1500000.0,6307
8046736,1,6,1,10,2024,1,24,5.0,1700000.0,20326
8086604,1,1,1,10,2024,2,38,5.0,1300000.0,64117
8044241,1,2,1,10,2024,2,36,3.0,300000.0,13938
8041476,1,1,1,10,2024,1,55,5.0,1000000.0,7658
8043339,1,3,1,10,2024,1,40,10.0,7450000.0,11735
8083154,1,2,1,10,2024,2,25,6.0,700000.0,58458
8038993,1,2,1,10,2024,1,20,9.0,1462000.0,1994
8042074,1,1,1,10,2024,1,68,3.0,80000.0,8967
8043219,1,3,1,10,2024,1,53,4.0,1500000.0,11423
8038657,1,1,1,10,2024,2,50,3.0,350000.0,1107
8041182,1,6,1,10,2024,1,59,3.0,1200000.0,7015
8043608,1,3,1,10,2024,2,27,5.0,1300000.0,12429
8048200,1,1,1,10,2024,1,64,3.0,500000.0,23268
8042975,1,1,1,10,2024,1,31,5.0,1500000.0,10868
8056267,1,1,1,10,2024,1,46,6.0,1300000.0,40972
8044682,1,1,1,10,2024,1,37,8.0,1300000.0,15223
8054310,1,5,1,10,2024,1,27,3.0,800000.0,36967
8080091,1,1,1,10,2024,1,50,4.0,2500000.0,52246
8048403,1,5,1,10,2024,2,20,4.0,1200000.0,23624
8038844,1,2,1,10,2024,1,77,3.0,1000000.0,1626
8050189,1,3,1,10,2024,1,23,5.0,300000.0,27305
8046584,1,2,1,10,2024,2,51,11.0,1500000.0,19968
8044690,1,3,1,10,2024,1,23,4.0,800000.0,15246
8053957,1,3,1,10,2024,2,22,10.0,800000.0,36225
8052228,1,1,1,10,2024,2,40,4.0,700000.0,32164
8083370,1,1,1,10,2024,2,55,3.0,1600000.0,58941
8047597,1,7,1,10,2024,1,25,10.0,1300000.0,21947
8083452,1,2,1,10,2024,2,53,5.0,2000000.0,59105
8041277,1,1,1,10,2024,2,27,5.0,1300000.0,7223
8044997,1,3,1,10,2024,1,40,8.0,1200000.0,16052
8038604,1,1,1,10,2024,1,48,11.0,5800000.0,973
8055368,1,1,1,10,2024,2,39,5.0,1300000.0,39259
8054072,1,2,1,10,2024,1,25,11.0,3000000.0,36437
8081287,1,2,1,10,2024,1,24,6.0,1300000.0,54797
8050347,1,6,1,10,2024,1,23,8.0,1100000.0,27714
8084486,1,1,1,10,2024,2,43,4.0,1144000.0,61278
8046207,1,1,1,10,2024,2,53,4.0,1000000.0,18971
8054504,1,2,1,10,2024,2,44,5.0,1460000.0,37409
8056253,1,2,1,10,2024,2,58,12.0,7000000.0,40945
8041409,1,1,1,10,2024,2,84,10.0,700000.0,7495
8045272,1,1,1,10,2024,2,32,9.0,1500000.0,16815
8078982,1,2,1,10,2024,2,49,5.0,800000.0,49599
8083305,1,4,1,10,2024,1,34,3.0,1400000.0,58794
8041237,1,1,1,10,2024,2,27,11.0,2800000.0,7144
8044887,1,2,1,10,2024,2,29,3.0,800000.0,15754
8050290,1,1,1,10,2024,2,53,10.0,3000000.0,27552
8040895,1,1,1,10,2024,1,51,11.0,6300000.0,6299
8084635,1,2,1,10,2024,1,30,5.0,1500000.0,61556
8081638,1,2,1,10,2024,1,50,10.0,1000000.0,55519
8083971,1,3,1,10,2024,2,46,5.0,1750000.0,60108
8047721,1,1,1,10,2024,1,58,4.0,2100000.0,22201
8076663,1,1,1,10,2024,1,44,10.0,2300000.0,44398
8081140,4,1,4,10,2024,2,20,4.0,160000.0,54467
8056082,1,1,1,10,2024,1,57,9.0,1700000.0,40557
8045382,1,4,1,10,2024,1,38,5.0,900000.0,17097
8044832,1,1,1,10,2024,1,38,5.0,1000000.0,15601
8050164,1,3,1,10,2024,2,27,8.0,1600000.0,27247
8044454,1,2,1,10,2024,2,28,5.0,1300000.0,14590
8044615,1,1,1,10,2024,1,61,12.0,7000000.0,15038
8054111,1,3,1,10,2024,1,42,5.0,500000.0,36514
8085778,1,1,1,10,2024,1,46,3.0,1300000.0,62840
8076721,1,1,1,10,2024,2,51,4.0,1200000.0,44524
8053022,1,3,1,10,2024,2,19,5.0,80000.0,34243
8049732,1,1,1,10,2024,2,42,5.0,1250000.0,26209
8082891,1,4,1,10,2024,2,30,5.0,1300000.0,57849
8050918,1,4,1,10,2024,1,24,4.0,1250000.0,29193
8045355,1,1,1,10,2024,1,31,9.0,3000000.0,17018
8042153,1,2,1,10,2024,1,36,4.0,600000.0,9183
8055203,1,1,1,10,2024,2,50,8.0,1300000.0,38932
8046015,1,1,1,10,2024,1,38,3.0,900000.0,18497
8080209,1,1,1,10,2024,1,32,8.0,1300000.0,52566
8054909,1,1,1,10,2024,1,52,5.0,1300000.0,38339
8080480,1,2,1,10,2024,1,57,5.0,2200000.0,53160
8077626,1,1,1,10,2024,1,62,3.0,3050000.0,46623
8042086,1,1,1,10,2024,1,59,10.0,2500000.0,8989
8044388,1,3,1,10,2024,2,32,8.0,1300000.0,14414
8078486,1,1,1,10,2024,1,42,3.0,350000.0,48523
8051069,1,1,1,10,2024,2,41,4.0,600000.0,29600
8041724,1,1,1,10,2024,2,28,8.0,1828000.0,8194
8047348,1,1,1,10,2024,2,26,6.0,830000.0,21486
8054158,1,1,1,10,2024,1,40,10.0,4500000.0,36617
8039463,1,1,1,10,2024,1,70,4.0,30000.0,3101
8053817,1,1,1,10,2024,1,61,10.0,700000.0,35940
8081695,1,1,1,10,2024,2,39,5.0,30000.0,55620
8043317,1,1,1,10,2024,2,21,5.0,70000.0,11659
8050747,1,1,1,10,2024,1,63,8.0,500000.0,28729
8077728,1,1,1,10,2024,2,33,5.0,1300000.0,46831
8082259,1,2,1,10,2024,1,70,11.0,7000000.0,56363
8047249,1,3,1,10,2024,1,35,5.0,0.0,21293
8039618,1,3,1,10,2024,1,29,5.0,1500000.0,3379
8046340,1,1,1,10,2024,2,40,5.0,1300000.0,19326
8051684,1,2,1,10,2024,1,58,10.0,1800000.0,30765
8038666,1,7,1,10,2024,1,23,5.0,1200000.0,1149
8046754,1,6,1,10,2024,1,41,4.0,600000.0,20369
8080783,1,2,1,10,2024,2,56,6.0,1000000.0,53745
8052003,1,2,1,10,2024,2,23,5.0,1700000.0,31604
8081305,1,1,1,10,2024,1,45,4.0,2500000.0,54833
8079867,1,2,1,10,2024,2,62,8.0,2800000.0,51785
8079192,1,2,1,10,2024,1,45,5.0,1300000.0,50091
8051421,1,1,1,10,2024,2,55,11.0,6000000.0,30158
8080046,1,1,1,10,2024,2,21,5.0,1400000.0,52130
8042189,1,2,1,10,2024,1,60,10.0,4000000.0,9282
8077706,1,2,1,10,2024,1,46,3.0,800000.0,46782
8056389,1,1,1,10,2024,1,45,1.0,800000.0,41226
8079816,1,7,1,10,2024,1,48,4.0,650000.0,51651
8047494,1,2,1,10,2024,1,32,5.0,1300000.0,21721
8055636,1,1,1,10,2024,2,63,3.0,500000.0,39650
8052384,1,1,1,10,2024,1,58,3.0,1200000.0,32643
8041252,1,2,1,10,2024,2,40,5.0,770000.0,7169
8076864,1,1,1,10,2024,1,47,3.0,1300000.0,44855
8056467,1,2,1,10,2024,1,18,5.0,700000.0,41383
8050567,1,2,1,10,2024,2,34,10.0,3400000.0,28335
8083552,1,2,1,10,2024,2,50,10.0,5000000.0,59291
8050920,1,1,1,10,2024,2,36,5.0,1200000.0,29199
8077910,1,1,1,10,2024,1,44,4.0,400000.0,47188
8047973,1,1,1,10,2024,2,47,5.0,800000.0,22771
8053356,1,1,1,10,2024,2,39,5.0,400000.0,34980
8054344,1,1,1,10,2024,2,46,5.0,500000.0,37051
8080936,1,2,1,10,2024,2,30,5.0,900000.0,54063
8050474,1,1,1,10,2024,2,29,8.0,1300000.0,28035
8077893,1,4,1,10,2024,1,35,3.0,100000.0,47158
8049007,1,5,1,10,2024,1,41,5.0,1300000.0,24751
8083429,1,1,1,10,2024,1,44,5.0,1300000.0,59052
8038484,1,1,1,10,2024,2,34,9.0,1300000.0,740
8048639,1,2,1,10,2024,2,63,10.0,1300000.0,24035
8048429,1,1,1,10,2024,2,56,11.0,6200000.0,23659
8081030,1,1,1,10,2024,1,59,3.0,300000.0,54256
8051637,1,2,1,10,2024,2,30,5.0,1800000.0,30662
8043103,1,2,1,10,2024,1,56,3.0,0.0,11157
8055226,1,1,1,10,2024,1,44,1.0,1200000.0,39019
8079994,1,1,1,10,2024,1,63,3.0,1000000.0,52039
8041385,1,1,1,10,2024,1,49,3.0,1800000.0,7429
8080367,1,1,1,10,2024,2,61,10.0,5000000.0,52971
8076679,1,1,1,10,2024,1,51,10.0,17000000.0,44433
8051806,1,1,1,10,2024,1,56,3.0,1300000.0,31097
8079715,1,1,1,10,2024,1,35,5.0,1300000.0,51281
8086550,1,1,1,10,2024,2,41,10.0,1300000.0,63955
8053108,1,1,1,10,2024,1,34,5.0,2100000.0,34417
8043406,1,1,1,10,2024,1,48,8.0,1000000.0,11891
8082096,1,1,1,10,2024,2,62,1.0,200000.0,56088
8053529,1,3,1,10,2024,2,22,5.0,360000.0,35320
8052766,1,2,1,10,2024,2,40,3.0,192500.0,33542
8079187,1,1,1,10,2024,2,39,4.0,130000.0,50074
8077710,1,1,1,10,2024,1,38,5.0,5650000.0,46791
8052277,1,3,1,10,2024,2,29,5.0,550000.0,32309
8048707,1,2,1,10,2024,2,26,5.0,1300000.0,24160
8056257,1,1,1,10,2024,2,53,4.0,360000.0,40953
8077118,1,1,1,10,2024,1,55,9.0,250000.0,45480
8053966,1,1,1,10,2024,1,64,3.0,2000000.0,36244
8077912,1,1,1,10,2024,1,37,1.0,200000.0,47191
8055062,1,1,1,10,2024,2,54,8.0,900000.0,38701
8040269,1,6,1,10,2024,1,49,3.0,0.0,4811
8044300,1,3,1,10,2024,1,27,10.0,3000000.0,14174
8039510,1,1,1,10,2024,1,28,10.0,1600000.0,3199
8046413,1,3,1,10,2024,2,46,5.0,1300000.0,19491
8047159,1,2,1,10,2024,2,25,9.0,1200000.0,21083
8050872,1,2,1,10,2024,1,22,5.0,1300000.0,29058
8079201,1,1,1,10,2024,1,69,3.0,700000.0,50108
8051445,1,1,1,10,2024,2,29,8.0,3500000.0,30222
8048399,1,3,1,10,2024,2,33,6.0,1300000.0,23608
8080956,1,3,1,10,2024,1,15,4.0,1000000.0,54108
8049319,1,2,1,10,2024,1,64,5.0,600000.0,25350
8055512,1,2,1,10,2024,1,48,3.0,1500000.0,39484
8049335,1,3,1,10,2024,1,28,3.0,900000.0,25389
8076590,1,1,1,10,2024,2,47,5.0,3000000.0,44216
8084663,1,1,1,10,2024,2,65,1.0,1540000.0,61639
8040367,1,1,1,10,2024,1,63,4.0,1300000.0,5046
8039422,1,1,1,10,2024,2,56,5.0,1450000.0,3017
8050001,1,2,1,10,2024,1,25,5.0,1300000.0,26863
8081199,1,4,1,10,2024,2,30,10.0,3000000.0,54548
8077349,1,3,1,10,2024,1,53,3.0,1300000.0,46060
8045337,1,2,1,10,2024,2,57,8.0,1500000.0,16977
8040879,1,2,1,10,2024,2,33,11.0,3500000.0,6269
8039551,1,1,1,10,2024,1,35,11.0,3400000.0,3286
8044037,1,2,1,10,2024,2,39,5.0,1570000.0,13487
8078808,1,1,1,10,2024,1,63,3.0,800000.0,49193
8054561,1,1,1,10,2024,2,25,8.0,1300000.0,37532
8044072,1,2,1,10,2024,2,26,5.0,600000.0,13588
8050127,1,3,1,10,2024,1,20,3.0,1000000.0,27163
8038725,1,3,1,10,2024,2,30,8.0,1300000.0,1331
8051938,1,1,1,10,2024,1,52,5.0,2000000.0,31451
8051427,1,1,1,10,2024,2,26,4.0,1000000.0,30172
8049783,3,1,3,10,2024,1,57,1.0,900000.0,26348
8046141,1,3,1,10,2024,1,36,5.0,1300000.0,18797
8044449,1,1,1,10,2024,2,54,3.0,250000.0,14575
8081396,1,1,1,10,2024,1,38,10.0,2515149.0,55044
8038715,1,2,1,10,2024,2,43,5.0,800000.0,1303
8043269,1,2,1,10,2024,1,40,9.0,1000000.0,11537
8043335,1,2,1,10,2024,2,39,12.0,30000000.0,11717
8050086,1,2,1,10,2024,2,39,4.0,300000.0,27087
8042574,1,2,1,10,2024,1,24,5.0,2000000.0,10086
8046072,1,2,1,10,2024,2,49,8.0,1800000.0,18646
8080853,1,3,1,10,2024,2,22,5.0,1300000.0,53889
8077328,1,2,1,10,2024,2,36,10.0,7000000.0,45997
8048422,1,1,1,10,2024,1,66,4.0,700000.0,23648
8076783,1,1,1,10,2024,1,29,5.0,2000000.0,44690
8086065,1,1,1,10,2024,1,41,5.0,6000000.0,63238
8052007,1,2,1,10,2024,1,35,4.0,1400000.0,31614
8038405,1,3,1,10,2024,1,30,8.0,1380000.0,591
8044755,1,1,1,10,2024,1,31,3.0,700000.0,15395
8043011,1,2,1,10,2024,2,45,5.0,1500000.0,10943
8047277,1,2,1,10,2024,2,41,11.0,7000000.0,21345
8055197,1,1,1,10,2024,2,32,5.0,1300000.0,38916
8038435,1,1,1,10,2024,1,66,3.0,100000.0,653
8048404,1,1,1,10,2024,2,62,8.0,700000.0,23625
8047284,1,1,1,10,2024,2,52,8.0,1300000.0,21356
8040250,1,1,1,10,2024,2,69,5.0,1500000.0,4774
8044317,1,3,1,10,2024,1,22,5.0,1300000.0,14219
8053010,1,1,1,10,2024,1,33,3.0,0.0,34202
8050494,1,1,1,10,2024,1,41,5.0,1300000.0,28101
8044327,1,1,1,10,2024,2,49,12.0,9100000.0,14252
8046501,1,1,1,10,2024,1,65,1.0,500000.0,19689
8054328,1,1,1,10,2024,1,33,10.0,1500000.0,37020
8052594,1,2,1,10,2024,2,41,4.0,850000.0,33196
8041155,1,1,1,10,2024,2,46,6.0,1300000.0,6925
8076613,1,1,1,10,2024,2,24,10.0,4400000.0,44282
8051661,1,2,1,10,2024,1,62,12.0,2000000.0,30717
8054074,1,1,1,10,2024,1,38,10.0,2000000.0,36439
8040769,1,2,1,10,2024,2,25,8.0,1300000.0,5998
8038991,1,1,1,10,2024,1,31,5.0,1400000.0,1990
8082883,1,1,1,10,2024,2,29,9.0,860000.0,57823
8049035,1,2,1,10,2024,2,19,5.0,1000000.0,24794
8038459,1,2,1,10,2024,2,22,8.0,1300000.0,686
8041413,1,2,1,10,2024,2,48,4.0,1840000.0,7503
8056374,1,4,1,10,2024,2,28,8.0,1500000.0,41192
8044576,1,2,1,10,2024,1,44,4.0,1300000.0,14938
8081530,1,1,1,10,2024,2,43,9.0,2400000.0,55365
8043473,1,2,1,10,2024,1,33,5.0,1000000.0,12066
8076148,1,5,1,10,2024,1,20,4.0,1300000.0,43154
8050619,1,1,1,10,2024,2,53,10.0,3500000.0,28445
8040294,1,1,1,10,2024,2,39,5.0,350000.0,4883
8052296,1,1,1,10,2024,2,50,3.0,300000.0,32374
8043568,1,2,1,10,2024,2,40,11.0,7000000.0,12323
8052583,1,3,1,10,2024,2,43,8.0,1650000.0,33169
8047778,1,1,1,10,2024,1,19,8.0,1000000.0,22358
8082995,1,2,1,10,2024,2,61,5.0,700000.0,58066
8079388,1,2,1,10,2024,1,49,4.0,1000000.0,50618
8050430,1,2,1,10,2024,2,30,10.0,5000000.0,27911
8042753,1,3,1,10,2024,1,64,3.0,600000.0,10478
8048340,1,1,1,10,2024,1,62,4.0,1500000.0,23531
8078495,1,1,1,10,2024,1,44,8.0,1500000.0,48535
8040661,1,1,1,10,2024,1,22,3.0,780000.0,5729
8053184,1,1,1,10,2024,2,49,8.0,1300000.0,34555
8047894,1,2,1,10,2024,1,42,5.0,2000000.0,22642
8055843,1,2,1,10,2024,2,49,8.0,1300000.0,40087
8045409,1,3,1,10,2024,1,19,5.0,900000.0,17179
8038400,1,3,1,10,2024,1,46,10.0,2000000.0,572
8046320,1,2,1,10,2024,1,61,4.0,1400000.0,19274
8077220,1,1,1,10,2024,1,22,5.0,1450000.0,45752
8038283,1,1,1,10,2024,1,53,5.0,1320000.0,257
8045351,1,2,1,10,2024,2,25,10.0,1300000.0,17008
8048850,1,4,1,10,2024,2,38,10.0,1100000.0,24434
8039110,1,5,1,10,2024,1,36,5.0,1200000.0,2326
8047617,1,3,1,10,2024,2,26,10.0,1600000.0,21989
8077601,1,2,1,10,2024,2,19,4.0,100000.0,46575
8051709,1,1,1,10,2024,1,37,10.0,3500000.0,30840
8055773,1,2,1,10,2024,1,63,3.0,2500000.0,39936
8040738,1,1,1,10,2024,2,23,6.0,1300000.0,5897
8040246,1,1,1,10,2024,2,44,11.0,3800000.0,4771
8079887,1,2,1,10,2024,2,54,5.0,1000000.0,51857
8043062,1,1,1,10,2024,2,52,5.0,350000.0,11057
8077817,1,1,1,10,2024,2,51,3.0,1300000.0,47024
8053496,1,2,1,10,2024,1,40,10.0,2500000.0,35259
8079734,3,2,3,10,2024,1,31,5.0,1400000.0,51363
8040276,1,1,1,10,2024,2,65,3.0,850000.0,4838
8041352,1,1,1,10,2024,1,52,12.0,4820000.0,7328
8044645,1,3,1,10,2024,1,20,10.0,200000.0,15123
8044740,1,2,1,10,2024,2,24,8.0,300000.0,15363
8082024,1,1,1,10,2024,2,41,7.0,400000.0,55993
8082822,1,1,1,10,2024,1,29,4.0,1300000.0,57674
8048720,1,1,1,10,2024,2,42,3.0,1950000.0,24210
8084919,1,2,1,10,2024,1,21,4.0,200000.0,62204
8078098,1,2,1,10,2024,2,23,6.0,1000000.0,47626
8044038,1,1,1,10,2024,1,44,8.0,3000000.0,13490
8042113,1,1,1,10,2024,2,35,5.0,400000.0,9064
8086644,1,3,1,10,2024,1,23,5.0,1400000.0,64207
8048057,1,3,1,10,2024,1,31,4.0,700000.0,22934
8046996,1,1,1,10,2024,2,41,5.0,1300000.0,20802
8078302,1,2,1,10,2024,2,31,5.0,640000.0,48119
8038911,1,2,1,10,2024,1,46,12.0,4900000.0,1792
8076136,1,2,1,10,2024,2,53,3.0,80000.0,43109
8045426,1,2,1,10,2024,2,37,10.0,1300000.0,17228
8050540,2,1,2,10,2024,1,60,4.0,300000.0,28259
8048581,1,1,1,10,2024,2,29,8.0,1300000.0,23953
8079609,1,1,1,10,2024,1,67,4.0,1300000.0,51058
8079815,1,3,1,10,2024,2,26,12.0,4000000.0,51643
8077004,1,1,1,10,2024,1,48,3.0,900000.0,45137
8081887,1,1,1,10,2024,2,44,11.0,5000000.0,55786
8048086,1,1,1,10,2024,1,63,5.0,1900000.0,23015
8084566,1,3,1,10,2024,1,25,5.0,1820000.0,61455
8055908,1,1,1,10,2024,1,34,12.0,12000000.0,40242
8082676,1,1,1,10,2024,2,23,5.0,1300000.0,57297
8078654,1,1,1,10,2024,2,48,5.0,0.0,48876
8048293,1,2,1,10,2024,1,59,5.0,1300000.0,23458
8040346,1,4,1,10,2024,1,23,9.0,1360000.0,5009
8082721,1,3,1,10,2024,2,21,10.0,200000.0,57403
8086429,1,1,1,10,2024,1,27,4.0,300000.0,63654
8082477,1,1,1,10,2024,1,43,5.0,1900000.0,56793
8043709,1,1,1,10,2024,1,48,11.0,3400000.0,12693
8081252,1,1,1,10,2024,1,46,6.0,1300000.0,54704
8053526,1,2,1,10,2024,2,38,12.0,4300000.0,35311
8050306,1,1,1,10,2024,1,63,8.0,1600000.0,27573
8043285,1,1,1,10,2024,2,66,1.0,100000.0,11585
8076122,1,5,1,10,2024,1,23,4.0,350000.0,43068
8042841,1,1,1,10,2024,2,27,10.0,768000.0,10671
8053469,1,1,1,10,2024,1,23,5.0,2000000.0,35215
8081165,1,1,1,10,2024,1,65,4.0,1000000.0,54517
8076189,1,1,1,10,2024,2,51,3.0,800000.0,43282
8053107,1,2,1,10,2024,1,21,10.0,1300000.0,34413
8051849,1,1,1,10,2024,2,24,5.0,900000.0,31247
8042790,1,2,1,10,2024,2,22,5.0,200000.0,10550
8046570,1,1,1,10,2024,1,44,3.0,1600000.0,19912
8053061,1,1,1,10,2024,1,53,3.0,1300000.0,34328
8053202,1,1,1,10,2024,1,32,8.0,2000000.0,34595
8078835,1,1,1,10,2024,1,53,5.0,2000000.0,49261
8077140,1,1,1,10,2024,2,41,8.0,900000.0,45542
8042862,1,2,1,10,2024,2,39,8.0,2000000.0,10723
8054088,1,2,1,10,2024,2,43,4.0,400000.0,36474
8051394,1,2,1,10,2024,1,48,3.0,900000.0,30071
8084969,1,1,1,10,2024,1,25,4.0,1800000.0,62327
8086555,1,1,1,10,2024,1,40,3.0,1300000.0,63971
8082302,1,2,1,10,2024,1,40,4.0,1300000.0,56424
8052901,1,1,1,10,2024,2,30,4.0,948000.0,33869
8052423,1,2,1,10,2024,1,52,3.0,800000.0,32764
8080053,1,2,1,10,2024,2,32,4.0,1000000.0,52145
8042349,1,2,1,10,2024,2,38,5.0,1400000.0,9615
8054825,1,1,1,10,2024,1,35,11.0,2500000.0,38151
8052369,1,1,1,10,2024,1,63,1.0,350000.0,32594
8078646,1,1,1,10,2024,1,72,3.0,140000.0,48858
8051826,1,1,1,10,2024,1,50,4.0,100000.0,31165
8046219,1,1,1,10,2024,1,51,5.0,1300000.0,18991
8038753,1,1,1,10,2024,1,64,5.0,100000.0,1409
8079939,1,1,1,10,2024,2,36,8.0,1850000.0,51947
8052760,1,1,1,10,2024,1,54,3.0,1700000.0,33521
8052201,1,2,1,10,2024,1,42,8.0,800000.0,32091
8043340,1,2,1,10,2024,2,50,11.0,8500000.0,11738
8040441,1,1,1,10,2024,1,54,3.0,1800000.0,5231
8079756,1,1,1,10,2024,2,37,4.0,1200000.0,51459
8084807,1,3,1,10,2024,1,29,4.0,1600000.0,61948
8047746,1,1,1,10,2024,2,31,10.0,1450000.0,22270
8085786,1,1,1,10,2024,1,52,5.0,1600000.0,62863
8040757,1,2,1,10,2024,1,48,3.0,1000000.0,5965
8038360,1,2,1,10,2024,2,57,10.0,6000000.0,467
8047319,1,1,1,10,2024,1,65,5.0,1000000.0,21421
8083963,1,1,1,10,2024,1,35,9.0,6500000.0,60081
8078179,1,2,1,10,2024,2,43,9.0,1600000.0,47810
8045990,1,1,1,10,2024,1,47,4.0,500000.0,18439
8048507,1,1,1,10,2024,1,39,10.0,2500000.0,23808
8082777,1,1,1,10,2024,2,43,8.0,1200000.0,57545
8041991,1,3,1,10,2024,2,22,5.0,900000.0,8813
8041473,1,1,1,10,2024,2,51,3.0,1300000.0,7649
8043661,1,1,1,10,2024,2,78,3.0,600000.0,12574
8043443,1,2,1,10,2024,1,44,5.0,1920000.0,11982
8053109,1,2,1,10,2024,2,57,4.0,2000000.0,34419
8042115,1,1,1,10,2024,1,51,3.0,1200000.0,9068
8048677,1,2,1,10,2024,1,64,10.0,2600000.0,24096
8038497,2,1,2,10,2024,1,20,5.0,1300000.0,768
8042610,1,1,1,10,2024,1,47,4.0,1600000.0,10152
8055302,1,2,1,10,2024,1,56,1.0,750000.0,39134
8077803,1,1,1,10,2024,2,37,5.0,1200000.0,46994
8040714,1,1,1,10,2024,1,37,5.0,1300000.0,5837
8076704,1,1,1,10,2024,1,37,3.0,400000.0,44489
8052237,1,4,1,10,2024,2,19,5.0,380000.0,32201
8082934,1,2,1,10,2024,1,26,8.0,2000000.0,57940
8078251,1,2,1,10,2024,1,27,1.0,400000.0,47980
8047528,1,3,1,10,2024,2,31,5.0,500000.0,21774
8077990,1,1,1,10,2024,2,55,5.0,700000.0,47403
8077687,1,1,1,10,2024,2,60,5.0,1300000.0,46747
8044342,1,1,1,10,2024,2,46,5.0,1060000.0,14286
8079791,1,1,1,10,2024,1,62,10.0,3900000.0,51572
8086354,1,1,1,10,2024,1,61,9.0,3000000.0,63517
8045073,1,1,1,10,2024,2,64,5.0,250000.0,16260
8048895,1,1,1,10,2024,2,54,5.0,1000000.0,24542
8082012,1,2,1,10,2024,2,21,8.0,600000.0,55978
8085081,1,3,1,10,2024,1,18,1.0,750000.0,62578
8079718,1,4,1,10,2024,2,25,4.0,200000.0,51295
8047658,1,1,1,10,2024,2,40,11.0,4000000.0,22078
8052356,1,1,1,10,2024,1,49,3.0,1000000.0,32561
8047330,1,3,1,10,2024,2,44,5.0,800000.0,21439
8086283,1,1,1,10,2024,1,48,10.0,4000000.0,63402
8044558,1,2,1,10,2024,1,61,3.0,1000000.0,14892
8052235,1,2,1,10,2024,1,75,1.0,360000.0,32194
8044386,1,2,1,10,2024,2,39,10.0,2600000.0,14406
8039131,1,2,1,10,2024,2,30,9.0,1300000.0,2401
8052455,1,1,1,10,2024,1,49,3.0,1100000.0,32824
8080469,1,2,1,10,2024,2,30,12.0,5000000.0,53137
8085728,1,2,1,10,2024,1,44,3.0,700000.0,62724
8080618,1,1,1,10,2024,1,43,10.0,2000000.0,53437
8077899,1,1,1,10,2024,2,73,1.0,350000.0,47164
8049137,1,1,1,10,2024,1,50,6.0,1500000.0,24987
8084938,1,2,1,10,2024,2,42,5.0,700000.0,62244
8080932,1,2,1,10,2024,1,20,4.0,1500000.0,54053
8081479,1,2,1,10,2024,1,39,5.0,2322000.0,55239
8051417,1,5,1,10,2024,1,26,5.0,1200000.0,30148
8085859,1,2,1,10,2024,1,30,5.0,1400000.0,62959
8051072,1,1,1,10,2024,2,26,4.0,300000.0,29610
8054757,1,2,1,10,2024,1,47,3.0,1500000.0,37982
8078149,1,2,1,10,2024,2,47,5.0,1300000.0,47733
8053551,1,2,1,10,2024,2,49,8.0,2000000.0,35366
8038351,1,4,1,10,2024,2,27,4.0,1000000.0,437
8041836,1,1,1,10,2024,2,24,4.0,900000.0,8372
8051886,1,1,1,10,2024,2,35,11.0,4000000.0,31329
8077082,1,1,1,10,2024,1,60,5.0,1200000.0,45372
8084055,1,2,1,10,2024,2,44,10.0,2200000.0,60380
8050812,1,2,1,10,2024,2,31,8.0,0.0,28905
8082118,1,2,1,10,2024,1,22,3.0,600000.0,56123
8045171,1,2,1,10,2024,1,33,5.0,500000.0,16530
8043167,1,2,1,10,2024,2,27,5.0,350000.0,11318
8078762,1,2,1,10,2024,2,25,5.0,2100000.0,49110
8053369,1,3,1,10,2024,1,20,10.0,1300000.0,35025
8047503,1,1,1,10,2024,1,60,9.0,3500000.0,21729
8052388,1,1,1,10,2024,1,49,10.0,2200000.0,32661
8049309,1,1,1,10,2024,1,51,5.0,1400000.0,25315
8043448,1,1,1,10,2024,1,61,4.0,900000.0,12000
8055494,1,1,1,10,2024,1,42,3.0,1300000.0,39457
8080647,1,1,1,10,2024,2,67,3.0,1300000.0,53503
8076528,1,1,1,10,2024,2,24,5.0,200000.0,44095
8084671,1,2,1,10,2024,2,33,6.0,2367000.0,61657
8077019,1,3,1,10,2024,1,22,5.0,700000.0,45179
8050160,1,1,1,10,2024,1,33,3.0,1800000.0,27229
8080940,1,2,1,10,2024,2,46,10.0,2800000.0,54075
8044478,1,3,1,10,2024,2,19,4.0,150000.0,14654
8078737,1,3,1,10,2024,1,60,3.0,200000.0,49046
8056311,1,1,1,10,2024,1,49,3.0,1600000.0,41042
8052321,1,5,1,10,2024,1,22,5.0,400000.0,32456
8038703,1,1,1,10,2024,2,33,11.0,3000000.0,1269
8080063,1,1,1,10,2024,2,33,5.0,1640000.0,52168
8079082,1,1,1,10,2024,1,56,3.0,1300000.0,49823
8038221,1,1,1,10,2024,1,38,3.0,900000.0,94
8076534,1,1,1,10,2024,2,40,5.0,200000.0,44105
8079364,1,1,1,10,2024,1,25,4.0,120000.0,50577
8054393,1,1,1,10,2024,2,38,8.0,1600000.0,37161
8076536,1,1,1,10,2024,1,47,5.0,4300000.0,44109
8085880,1,1,1,10,2024,1,21,10.0,600000.0,62989
8054760,1,1,1,10,2024,1,51,3.0,1000000.0,37995
8081776,1,1,1,10,2024,2,76,3.0,300000.0,55735
8049335,1,1,1,10,2024,1,39,3.0,1000000.0,25387
8081525,1,1,1,10,2024,2,63,5.0,180000.0,55357
8044859,1,1,1,10,2024,2,22,5.0,900000.0,15681
8044509,1,2,1,10,2024,2,37,5.0,1300000.0,14736
8054441,1,2,1,10,2024,1,25,5.0,1500000.0,37295
8075627,1,1,1,10,2024,1,55,5.0,1200000.0,41635
8047625,1,2,1,10,2024,2,42,9.0,600000.0,22008
8078626,1,2,1,10,2024,1,49,10.0,1400000.0,48824
8045115,1,1,1,10,2024,1,45,3.0,1300000.0,16373
8044906,1,1,1,10,2024,2,29,9.0,1300000.0,15812
8051381,1,1,1,10,2024,1,61,3.0,240000.0,30044
8083668,1,2,1,10,2024,2,57,11.0,5000000.0,59512
8044176,1,1,1,10,2024,1,20,5.0,2000000.0,13828
8049671,1,1,1,10,2024,1,25,4.0,2200000.0,26034
8043419,1,1,1,10,2024,2,58,10.0,1600000.0,11926
8038981,1,1,1,10,2024,2,43,5.0,1700000.0,1967
8041634,1,4,1,10,2024,1,46,4.0,3500000.0,8027
8082766,1,2,1,10,2024,1,50,10.0,1300000.0,57522
8050200,1,1,1,10,2024,1,55,5.0,700000.0,27332
8044180,1,2,1,10,2024,2,44,5.0,2300000.0,13838
8084899,1,1,1,10,2024,2,26,8.0,1500000.0,62160
8046167,1,2,1,10,2024,1,27,5.0,1000000.0,18860
8053563,1,5,1,10,2024,1,28,8.0,1450000.0,35396
8082475,1,1,1,10,2024,2,40,8.0,1450000.0,56789
8055585,1,1,1,10,2024,1,52,5.0,1300000.0,39589
8053867,1,3,1,10,2024,2,34,12.0,2500000.0,36048
8041074,1,2,1,10,2024,2,32,8.0,1462000.0,6725
8047791,1,2,1,10,2024,1,65,3.0,1000000.0,22398
8045996,1,1,1,10,2024,1,30,4.0,700000.0,18449
8053447,1,1,1,10,2024,2,79,3.0,250000.0,35181
8038601,1,3,1,10,2024,2,30,8.0,1700000.0,965
8043178,1,2,1,10,2024,2,43,3.0,1300000.0,11343
8043261,1,1,1,10,2024,1,38,5.0,2800000.0,11520
8042350,1,1,1,10,2024,2,49,3.0,150000.0,9618
8052138,1,1,1,10,2024,1,57,5.0,1600000.0,31950
8084101,1,1,1,10,2024,2,56,3.0,900000.0,60501
8052266,1,1,1,10,2024,2,49,9.0,500000.0,32289
8056149,1,2,1,10,2024,2,40,8.0,1300000.0,40701
8041728,1,1,1,10,2024,1,30,10.0,1000000.0,8202
8038202,1,1,1,10,2024,1,45,3.0,1200000.0,42
8048881,1,1,1,10,2024,1,32,3.0,1400000.0,24493
8042424,1,2,1,10,2024,2,26,5.0,1300000.0,9775
8043056,1,1,1,10,2024,1,43,3.0,1500000.0,11040
8052634,1,1,1,10,2024,1,68,11.0,3500000.0,33291
8050500,1,1,1,10,2024,2,56,10.0,2600000.0,28128
8080810,1,2,1,10,2024,2,52,5.0,1300000.0,53803
8084882,1,2,1,10,2024,1,74,3.0,1300000.0,62117
8054861,1,1,1,10,2024,2,41,5.0,900000.0,38228
8043704,1,2,1,10,2024,1,19,4.0,900000.0,12680
8079831,1,2,1,10,2024,2,27,10.0,4600000.0,51699
8076753,1,1,1,10,2024,1,40,11.0,6000000.0,44615
8039972,1,1,1,10,2024,2,29,9.0,1400000.0,4103
8051422,1,2,1,10,2024,1,67,3.0,1000000.0,30163
8082728,1,1,1,10,2024,1,48,5.0,2600000.0,57431
8049779,1,3,1,10,2024,1,23,5.0,980000.0,26331
8055329,1,1,1,10,2024,2,42,5.0,0.0,39178
8041878,1,3,1,10,2024,1,40,10.0,3700000.0,8505
8047142,1,4,1,10,2024,1,22,5.0,1300000.0,21061
8050506,1,6,1,10,2024,2,52,6.0,360000.0,28153
8082970,1,3,1,10,2024,2,30,5.0,400000.0,58016
8076780,1,1,1,10,2024,1,43,5.0,1300000.0,44683
8080914,1,1,1,10,2024,1,28,5.0,1300000.0,54000
8055620,1,1,1,10,2024,2,75,3.0,700000.0,39640
8052745,1,1,1,10,2024,1,28,3.0,1400000.0,33490
8086315,1,1,1,10,2024,1,61,9.0,3000000.0,63451
8045966,1,2,1,10,2024,1,45,5.0,1300000.0,18368
8054608,1,3,1,10,2024,1,19,10.0,30000.0,37614
8038692,1,3,1,10,2024,2,27,10.0,1300000.0,1246
8039261,1,1,1,10,2024,1,25,6.0,800000.0,2712
8052141,1,2,1,10,2024,2,37,8.0,2400000.0,31958
8044605,1,1,1,10,2024,2,46,10.0,4200000.0,15016
8038769,1,2,1,10,2024,2,30,10.0,1300000.0,1465
8047656,1,1,1,10,2024,1,71,4.0,800000.0,22074
8050497,1,3,1,10,2024,1,24,10.0,600000.0,28112
8042908,1,3,1,10,2024,1,20,5.0,2150000.0,10801
8044031,1,1,1,10,2024,1,63,3.0,1300000.0,13485
8083995,1,4,1,10,2024,1,53,3.0,1300000.0,60184
8052384,1,3,1,10,2024,1,33,8.0,1300000.0,32645
8056247,1,2,1,10,2024,1,61,3.0,1200000.0,40918
8075833,1,2,1,10,2024,1,24,11.0,2000000.0,42202
8050050,1,2,1,10,2024,2,48,3.0,1000000.0,27000
8078151,1,1,1,10,2024,1,46,6.0,800000.0,47745
8041751,1,1,1,10,2024,2,41,5.0,1300000.0,8242
8051854,1,2,1,10,2024,2,51,8.0,1800000.0,31259
8042960,1,2,1,10,2024,2,64,3.0,30000.0,10834
8051636,1,1,1,10,2024,2,35,8.0,100000.0,30659
8045122,1,1,1,10,2024,1,37,5.0,1800000.0,16398
8055131,1,1,1,10,2024,1,47,3.0,250000.0,38765
8046292,1,1,1,10,2024,1,27,3.0,1300000.0,19196
8038189,1,1,1,10,2024,1,33,3.0,1300000.0,15
8080589,1,1,1,10,2024,1,61,1.0,80000.0,53379
8085906,1,1,1,10,2024,1,39,12.0,10000000.0,63038
8048048,1,4,1,10,2024,2,25,5.0,0.0,22909
8050610,1,1,1,10,2024,2,47,10.0,1500000.0,28432
8046205,1,2,1,10,2024,1,31,5.0,1000000.0,18966
8079879,1,2,1,10,2024,1,46,4.0,1300000.0,51831
8051738,1,2,1,10,2024,1,26,4.0,1700000.0,30918
8045206,1,2,1,10,2024,2,55,4.0,1000000.0,16637
8081140,1,2,1,10,2024,1,62,3.0,70000.0,54462
8053660,1,2,1,10,2024,1,45,10.0,2000000.0,35628
8084578,1,2,1,10,2024,2,35,9.0,1300000.0,61475
8054664,1,1,1,10,2024,1,45,10.0,7000000.0,37752
8048822,1,3,1,10,2024,1,36,8.0,1300000.0,24361
8042114,1,1,1,10,2024,1,59,3.0,300000.0,9066
8080642,1,1,1,10,2024,1,67,3.0,1000000.0,53493
8045982,1,1,1,10,2024,1,69,1.0,800000.0,18411
8051322,1,1,1,10,2024,2,50,5.0,1312000.0,29884
8049582,1,1,1,10,2024,2,65,3.0,80000.0,25812
8048656,1,1,1,10,2024,1,30,5.0,1800000.0,24061
8044114,1,1,1,10,2024,1,47,5.0,1300000.0,13676
8039238,1,2,1,10,2024,2,27,8.0,1300000.0,2667
8083205,1,1,1,10,2024,1,57,3.0,600000.0,58541
8086519,1,5,1,10,2024,1,31,5.0,1500000.0,63868
8079515,1,1,1,10,2024,2,44,5.0,1300000.0,50895
8076580,1,1,1,10,2024,1,37,5.0,1300000.0,44190
8050646,1,1,1,10,2024,2,28,10.0,5000000.0,28508
8049714,1,2,1,10,2024,2,29,10.0,1800000.0,26159
8050925,1,6,1,10,2024,1,19,3.0,200000.0,29217
8082815,1,2,1,10,2024,1,28,10.0,2200000.0,57662
8051811,1,1,1,10,2024,1,63,5.0,1200000.0,31114
8040224,1,7,1,10,2024,1,29,8.0,1300000.0,4718
8049853,1,1,1,10,2024,1,50,3.0,2500000.0,26513
8086859,1,1,1,10,2024,1,50,3.0,1600000.0,64598
8052060,1,2,1,10,2024,1,31,10.0,3500000.0,31730
8045167,1,2,1,10,2024,1,26,3.0,1200000.0,16512
8084192,1,2,1,10,2024,1,25,5.0,800000.0,60672
8047607,1,1,1,10,2024,2,54,6.0,600000.0,21963
8084443,1,1,1,10,2024,1,53,5.0,2400000.0,61215
8054643,1,1,1,10,2024,1,58,5.0,700000.0,37706
8056286,1,1,1,10,2024,2,48,10.0,1200000.0,40998
8046755,1,1,1,10,2024,1,55,5.0,3800000.0,20371
8049765,1,1,1,10,2024,1,70,8.0,1000000.0,26299
8043544,1,4,1,10,2024,2,28,10.0,1300000.0,12289
8045421,1,1,1,10,2024,2,24,10.0,2000000.0,17212
8041234,1,2,1,10,2024,1,41,5.0,2000000.0,7137
8081111,1,1,1,10,2024,2,36,9.0,800000.0,54410
8047210,1,1,1,10,2024,2,34,5.0,90000.0,21198
8056087,1,2,1,10,2024,2,45,5.0,640000.0,40571
8050633,1,1,1,10,2024,2,30,10.0,1300000.0,28477
8049507,1,2,1,10,2024,2,44,5.0,1150000.0,25634
8077991,1,4,1,10,2024,1,26,10.0,1300000.0,47407
8045943,1,5,1,10,2024,2,37,5.0,450000.0,18298
8038318,1,3,1,10,2024,1,39,5.0,1300000.0,355
8039429,1,1,1,10,2024,2,31,5.0,1300000.0,3029
8039076,1,1,1,10,2024,1,30,5.0,1300000.0,2222
8082727,1,1,1,10,2024,1,39,10.0,1700000.0,57428
8054922,1,1,1,10,2024,1,66,9.0,5000000.0,38369
8046759,1,1,1,10,2024,2,68,4.0,100000.0,20384
8085042,1,1,1,10,2024,1,40,10.0,2500000.0,62506
8055528,1,1,1,10,2024,1,30,5.0,1000000.0,39506
8051625,1,2,1,10,2024,1,45,10.0,1800000.0,30635
8044404,1,1,1,10,2024,1,31,9.0,2000000.0,14441
8052322,1,1,1,10,2024,2,49,4.0,600000.0,32459
8079472,1,1,1,10,2024,1,29,10.0,2500000.0,50825
8038678,1,2,1,10,2024,2,63,5.0,100000.0,1174
8079816,1,1,1,10,2024,2,22,4.0,400000.0,51645
8041114,1,7,1,10,2024,2,20,5.0,500000.0,6831
8040226,1,1,1,10,2024,1,41,3.0,600000.0,4726
8051432,1,2,1,10,2024,2,35,5.0,400000.0,30188
8082459,1,1,1,10,2024,1,24,10.0,1300000.0,56749
8077790,1,1,1,10,2024,2,55,3.0,200000.0,46963
8078126,1,1,1,10,2024,2,52,3.0,360000.0,47685
8075852,1,1,1,10,2024,1,24,5.0,800000.0,42254
8079020,1,1,1,10,2024,1,51,5.0,500000.0,49672
8046453,1,3,1,10,2024,1,34,10.0,2560000.0,19576
8086649,1,1,1,10,2024,1,61,9.0,3000000.0,64218
8050168,1,1,1,10,2024,1,44,3.0,1500000.0,27259
8043342,1,1,1,10,2024,1,46,10.0,6500000.0,11742
8083083,1,1,1,10,2024,2,54,3.0,1200000.0,58291
8045360,1,1,1,10,2024,1,33,6.0,800000.0,17031
8051936,1,1,1,10,2024,2,51,3.0,800000.0,31444
8044890,1,2,1,10,2024,2,59,11.0,3000000.0,15762
8046072,1,1,1,10,2024,1,47,5.0,2500000.0,18645
8049307,1,1,1,10,2024,1,25,5.0,1800000.0,25312
8051489,1,2,1,10,2024,1,54,5.0,900000.0,30325
8082395,1,1,1,10,2024,2,26,10.0,3500000.0,56622
8051942,1,5,1,10,2024,1,21,6.0,1400000.0,31464
8050171,1,3,1,10,2024,1,18,6.0,184000.0,27268
8085775,1,2,1,10,2024,2,31,4.0,688000.0,62835
8056134,1,1,1,10,2024,1,51,4.0,1462000.0,40660
8043279,1,1,1,10,2024,1,53,3.0,550000.0,11557
8038573,1,2,1,10,2024,2,21,8.0,1300000.0,933
8044954,1,4,1,10,2024,2,30,10.0,2200000.0,15922
8051382,1,1,1,10,2024,2,32,4.0,320000.0,30045
8078972,1,1,1,10,2024,1,71,1.0,900000.0,49577
8052215,1,1,1,10,2024,2,40,4.0,240000.0,32121
8049729,1,2,1,10,2024,2,33,5.0,1300000.0,26204
8039482,1,3,1,10,2024,2,53,8.0,1300000.0,3141
8050800,1,1,1,10,2024,1,30,10.0,3500000.0,28864
8080934,1,1,1,10,2024,1,52,3.0,1300000.0,54059
8040269,1,2,1,10,2024,1,38,5.0,1000000.0,4807
8080268,1,2,1,10,2024,1,36,5.0,3800000.0,52734
8082429,1,5,1,10,2024,1,38,3.0,1000000.0,56695
8079610,1,1,1,10,2024,1,49,12.0,8000000.0,51061
8038957,1,2,1,10,2024,2,62,9.0,3000000.0,1913
8075958,1,1,1,10,2024,2,26,10.0,300000.0,42572
8043928,1,1,1,10,2024,2,33,5.0,1300000.0,13245
8043610,1,3,1,10,2024,2,24,8.0,1300000.0,12437
8078333,1,1,1,10,2024,1,71,3.0,800000.0,48196
8048010,1,2,1,10,2024,2,35,9.0,1820000.0,22851
8043915,1,1,1,10,2024,1,24,5.0,2500000.0,13210
8049396,1,1,1,10,2024,2,51,5.0,1000000.0,25504
8044421,1,1,1,10,2024,1,58,10.0,1500000.0,14500
8042437,1,1,1,10,2024,2,44,3.0,1450000.0,9808
8038665,1,1,1,10,2024,1,42,4.0,1300000.0,1139
8042812,1,1,1,10,2024,1,27,8.0,2000000.0,10609
8044552,1,3,1,10,2024,1,30,10.0,100000.0,14876
8048305,1,2,1,10,2024,2,33,5.0,600000.0,23475
8041679,1,3,1,10,2024,2,28,12.0,3000000.0,8124
8083749,1,2,1,10,2024,1,30,5.0,1300000.0,59667
8081743,1,2,1,10,2024,2,46,10.0,,55675
8077285,1,2,1,10,2024,2,37,10.0,4300000.0,45923
8077172,1,2,1,10,2024,1,41,3.0,400000.0,45636
8084096,1,1,1,10,2024,1,59,5.0,2100000.0,60490
8048110,1,1,1,10,2024,1,46,10.0,1800000.0,23059
8081308,1,1,1,10,2024,1,82,1.0,280000.0,54841
8081208,1,1,1,10,2024,1,62,4.0,3000000.0,54571
8054153,1,1,1,10,2024,1,29,10.0,4000000.0,36605
8079138,1,1,1,10,2024,2,51,10.0,3800000.0,49930
8077849,1,1,1,10,2024,1,38,5.0,500000.0,47085
8056133,1,1,1,10,2024,1,52,5.0,1188000.0,40659
8051499,1,1,1,10,2024,2,33,9.0,2135000.0,30352
8043102,1,3,1,10,2024,1,45,3.0,450000.0,11154
8042225,1,2,1,10,2024,1,35,10.0,2000000.0,9365
8081477,1,1,1,10,2024,1,57,8.0,3000000.0,55228
8046179,1,1,1,10,2024,1,56,3.0,1526666.0,18895
8052513,1,3,1,10,2024,2,44,3.0,900000.0,32975
8082296,1,1,1,10,2024,1,53,5.0,2000000.0,56410
8042142,1,3,1,10,2024,1,33,4.0,1800000.0,9155
8056139,1,1,1,10,2024,2,28,5.0,1400000.0,40669
8076176,1,2,1,10,2024,1,57,8.0,3600000.0,43233
8050236,1,3,1,10,2024,1,16,5.0,785000.0,27424
8083046,1,1,1,10,2024,2,41,5.0,500000.0,58197
8042676,1,2,1,10,2024,1,33,5.0,1200000.0,10285
8051061,1,4,1,10,2024,2,67,5.0,1500000.0,29586
8076146,1,2,1,10,2024,2,36,5.0,500000.0,43144
8075582,1,2,1,10,2024,1,74,3.0,300000.0,41486
8043647,1,2,1,10,2024,2,61,4.0,75000.0,12537
8049794,1,3,1,10,2024,2,27,5.0,650000.0,26386
8077543,1,1,1,10,2024,1,62,3.0,1000000.0,46437
8083973,1,1,1,10,2024,1,49,5.0,2200000.0,60113
8044871,1,1,1,10,2024,1,37,8.0,1300000.0,15721
8082809,1,3,1,10,2024,2,18,5.0,980000.0,57646
8043074,1,1,1,10,2024,1,60,3.0,2500000.0,11085
8045446,1,1,1,10,2024,1,34,4.0,900000.0,17285
8045039,1,2,1,10,2024,2,50,5.0,300000.0,16174
8040680,1,2,1,10,2024,1,46,4.0,800000.0,5769
8042424,1,1,1,10,2024,1,28,5.0,1300000.0,9774
8039180,1,1,1,10,2024,1,43,10.0,3800000.0,2516
8076418,1,2,1,10,2024,2,57,3.0,1200000.0,43797
8050269,1,1,1,10,2024,1,28,4.0,500000.0,27506
8083524,1,1,1,10,2024,2,61,5.0,1300000.0,59229
8086416,1,1,1,10,2024,1,61,9.0,3000000.0,63633
8054533,1,1,1,10,2024,1,34,9.0,2500000.0,37482
8083087,1,3,1,10,2024,1,41,11.0,5000000.0,58306
8045308,1,4,1,10,2024,1,21,5.0,1300000.0,16905
8045465,1,1,1,10,2024,2,42,5.0,1200000.0,17353
8044543,1,1,1,10,2024,2,42,5.0,1300000.0,14850
8083837,1,3,1,10,2024,1,60,3.0,1200000.0,59848
8076820,1,1,1,10,2024,1,72,3.0,1000000.0,44750
8054154,1,1,1,10,2024,2,42,6.0,700000.0,36607
8080137,1,1,1,10,2024,2,52,5.0,1000000.0,52392
8079027,1,3,1,10,2024,1,30,5.0,1000000.0,49708
8051630,1,1,1,10,2024,1,71,1.0,900000.0,30644
8075875,1,2,1,10,2024,2,32,3.0,600000.0,42306
8053720,1,2,1,10,2024,2,44,10.0,1500000.0,35802
8046983,1,2,1,10,2024,1,47,5.0,1800000.0,20786
8046788,1,1,1,10,2024,1,44,5.0,1300000.0,20437
8079645,1,1,1,10,2024,2,52,4.0,1400000.0,51118
8085078,1,2,1,10,2024,2,24,9.0,650000.0,62570
8080938,1,2,1,10,2024,1,28,6.0,1700000.0,54069
8047370,1,3,1,10,2024,1,45,10.0,2600000.0,21539
8048112,1,2,1,10,2024,1,24,5.0,130000.0,23066
8084909,1,1,1,10,2024,2,34,8.0,1300000.0,62185
8045981,1,1,1,10,2024,1,22,5.0,200000.0,18409
8049969,1,1,1,10,2024,2,72,3.0,500000.0,26771
8080407,1,1,1,10,2024,2,53,11.0,5500000.0,53080
8081376,1,2,1,10,2024,1,45,3.0,1300000.0,54979
8077267,1,1,1,10,2024,1,45,4.0,1084000.0,45885
8055379,1,2,1,10,2024,1,41,10.0,1400000.0,39282
8054492,1,2,1,10,2024,2,38,5.0,1300000.0,37389
8053704,2,1,2,10,2024,1,22,9.0,1300000.0,35756
8054859,1,2,1,10,2024,1,51,3.0,1300000.0,38225
8080554,1,1,1,10,2024,1,49,5.0,1800000.0,53306
8052273,1,1,1,10,2024,2,31,5.0,2540000.0,32297
8054080,1,2,1,10,2024,2,28,5.0,800000.0,36452
8081670,1,1,1,10,2024,1,48,5.0,1000000.0,55575
8055223,1,1,1,10,2024,2,74,3.0,1000000.0,39006
8040794,1,4,1,10,2024,1,21,8.0,1300000.0,6054
8045248,1,2,1,10,2024,2,27,5.0,1300000.0,16760
8050052,1,2,1,10,2024,1,50,3.0,420000.0,27009
8039762,1,1,1,10,2024,1,42,8.0,2800000.0,3681
8047545,1,1,1,10,2024,1,30,10.0,2487000.0,21810
8041139,1,2,1,10,2024,2,21,10.0,1500000.0,6886
8052417,1,2,1,10,2024,1,38,1.0,600000.0,32746
8049969,1,2,1,10,2024,1,70,3.0,1300000.0,26772
8048798,1,5,1,10,2024,2,32,10.0,1100000.0,24321
8056367,1,1,1,10,2024,1,35,5.0,1800000.0,41167
8044578,1,1,1,10,2024,1,21,8.0,1320000.0,14944
8041163,1,1,1,10,2024,1,57,5.0,0.0,6945
8085023,1,2,1,10,2024,2,54,5.0,2300000.0,62437
8085879,1,1,1,10,2024,1,44,3.0,500000.0,62987
8056301,1,1,1,10,2024,1,32,8.0,2000000.0,41024
8051859,1,1,1,10,2024,2,57,3.0,1100000.0,31276
8045716,1,1,1,10,2024,1,52,5.0,1900000.0,18003
8055825,1,1,1,10,2024,1,45,11.0,4000000.0,40059
8045541,1,3,1,10,2024,1,24,10.0,2300000.0,17562
8047828,1,1,1,10,2024,1,53,5.0,2000000.0,22478
8076884,1,1,1,10,2024,2,25,4.0,900000.0,44896
8042162,1,1,1,10,2024,1,50,5.0,700000.0,9210
8079226,1,3,1,10,2024,1,19,3.0,130000.0,50195
8054373,1,1,1,10,2024,2,28,8.0,1000000.0,37109
8051826,1,2,1,10,2024,2,59,4.0,40000.0,31166
8051486,1,1,1,10,2024,1,67,3.0,1500000.0,30316
8052071,1,6,1,10,2024,2,23,5.0,1200000.0,31762
8080184,1,2,1,10,2024,2,38,11.0,2100000.0,52514
8076973,1,1,1,10,2024,1,24,3.0,700000.0,45074
8083301,1,2,1,10,2024,2,60,3.0,900000.0,58782
8078573,1,3,1,10,2024,1,16,5.0,800000.0,48703
8045277,1,3,1,10,2024,1,24,5.0,1300000.0,16827
8043789,1,1,1,10,2024,1,53,1.0,900000.0,12913
8053578,1,1,1,10,2024,2,21,5.0,1300000.0,35441
8050940,1,2,1,10,2024,2,27,8.0,200000.0,29249
8043706,1,2,1,10,2024,2,40,10.0,1800000.0,12685
8041469,1,1,1,10,2024,1,54,3.0,200000.0,7636
8081265,1,3,1,10,2024,1,37,9.0,1300000.0,54733
8042371,1,2,1,10,2024,2,57,9.0,1300000.0,9657
8039195,1,1,1,10,2024,2,54,11.0,5400000.0,2548
8079037,1,2,1,10,2024,2,27,4.0,400000.0,49732
8084385,1,1,1,10,2024,1,58,10.0,2600000.0,61099
8043958,1,2,1,10,2024,1,36,4.0,1100000.0,13331
8039259,1,1,1,10,2024,2,34,10.0,960000.0,2708
8045743,1,2,1,10,2024,1,61,3.0,1200000.0,18066
8048954,1,2,1,10,2024,1,45,3.0,270000.0,24662
8044013,1,2,1,10,2024,2,48,6.0,1000000.0,13445
8044204,1,1,1,10,2024,1,28,11.0,7200000.0,13884
8076015,1,3,1,10,2024,1,73,1.0,840000.0,42749
8076594,1,3,1,10,2024,1,22,5.0,1300000.0,44230
8046062,1,2,1,10,2024,1,29,5.0,500000.0,18622
8049923,1,2,1,10,2024,1,30,5.0,1300000.0,26693
8039299,1,1,1,10,2024,1,57,10.0,2000000.0,2826
8040942,1,1,1,10,2024,1,71,4.0,520000.0,6408
8048050,1,1,1,10,2024,1,20,4.0,1600000.0,22917
8044480,1,1,1,10,2024,2,48,4.0,600000.0,14657
8045135,1,2,1,10,2024,1,31,10.0,1000000.0,16431
8049256,1,1,1,10,2024,1,32,10.0,5800000.0,25208
8077222,1,1,1,10,2024,1,50,3.0,900000.0,45755
8044414,1,1,1,10,2024,2,52,8.0,1800000.0,14471
8083221,1,1,1,10,2024,1,65,3.0,1000000.0,58587
8080394,1,1,1,10,2024,2,42,10.0,1300000.0,53055
8038997,1,3,1,10,2024,2,31,12.0,5000000.0,2000
8040309,1,2,1,10,2024,2,36,5.0,1300000.0,4922
8044667,1,1,1,10,2024,1,36,10.0,1550000.0,15179
8076852,1,2,1,10,2024,2,27,10.0,3000000.0,44829
8046640,1,1,1,10,2024,2,47,10.0,1400000.0,20105
8042709,1,2,1,10,2024,1,35,5.0,1200000.0,10372
8040689,1,1,1,10,2024,2,37,5.0,600000.0,5789
8039128,1,3,1,10,2024,1,36,10.0,1500000.0,2391
8039973,1,1,1,10,2024,2,38,10.0,1350000.0,4104
8038380,1,2,1,10,2024,2,32,10.0,3000000.0,518
8042397,1,1,1,10,2024,1,49,10.0,6000000.0,9718
8042559,1,1,1,10,2024,1,35,4.0,1000000.0,10059
8077351,1,1,1,10,2024,1,23,9.0,600000.0,46062
8084658,1,3,1,10,2024,2,24,8.0,1300000.0,61627
8049805,1,1,1,10,2024,1,69,3.0,1500000.0,26410
8078112,1,1,1,10,2024,1,44,5.0,1060000.0,47653
8038934,1,1,1,10,2024,1,61,3.0,600000.0,1857
8056486,1,7,1,10,2024,2,31,5.0,500000.0,41428
8080475,1,1,1,10,2024,2,31,8.0,1300000.0,53150
8053813,1,1,1,10,2024,1,50,4.0,1500000.0,35937
8076501,1,2,1,10,2024,1,63,1.0,600000.0,44023
8044587,1,2,1,10,2024,1,37,10.0,1462000.0,14967
8050364,1,2,1,10,2024,2,42,5.0,1300000.0,27771
8039277,1,4,1,10,2024,2,28,10.0,2500000.0,2762
8039098,1,1,1,10,2024,2,36,5.0,1600000.0,2291
8054592,1,1,1,10,2024,1,35,8.0,1800000.0,37572
8045173,1,2,1,10,2024,1,43,5.0,1300000.0,16536
8086282,1,2,1,10,2024,2,41,3.0,300000.0,63400
8055277,1,1,1,10,2024,1,41,5.0,1300000.0,39087
8044498,1,2,1,10,2024,1,60,5.0,1400000.0,14702
8080048,1,2,1,10,2024,1,44,4.0,1300000.0,52136
8077035,1,1,1,10,2024,1,41,3.0,1000000.0,45223
8053287,1,5,1,10,2024,1,67,3.0,800000.0,34795
8076619,1,1,1,10,2024,1,34,5.0,3200000.0,44292
8050879,1,1,1,10,2024,1,54,10.0,2000000.0,29075
8043699,1,1,1,10,2024,1,43,5.0,1300000.0,12660
8055332,1,2,1,10,2024,2,52,3.0,1300000.0,39191
8053507,1,2,1,10,2024,2,48,8.0,400000.0,35271
8046549,1,2,1,10,2024,1,48,6.0,1560000.0,19848
8080844,1,1,1,10,2024,1,37,10.0,2900000.0,53875
8038945,1,3,1,10,2024,2,29,10.0,2600000.0,1891
8047445,1,2,1,10,2024,1,25,3.0,1000000.0,21639
8083840,1,1,1,10,2024,2,48,5.0,1300000.0,59856
8080598,1,1,1,10,2024,2,47,5.0,1650000.0,53399
8077665,1,2,1,10,2024,1,46,3.0,1200000.0,46688
8056308,1,2,1,10,2024,1,39,3.0,1300000.0,41035
8052201,1,4,1,10,2024,1,39,3.0,500000.0,32093
8051653,1,1,1,10,2024,2,27,10.0,5000000.0,30702
8049829,1,3,1,10,2024,1,23,5.0,500000.0,26480
8038517,1,2,1,10,2024,1,36,5.0,1300000.0,807
8048612,1,1,1,10,2024,1,29,4.0,2600000.0,24008
8052083,1,5,1,10,2024,1,58,4.0,2700000.0,31805
8078088,1,1,1,10,2024,1,72,3.0,0.0,47599
8054891,1,2,1,10,2024,2,28,10.0,2100000.0,38301
8041016,1,3,1,10,2024,1,29,5.0,1300000.0,6588
8045050,1,2,1,10,2024,2,26,5.0,1300000.0,16202
8040519,1,1,1,10,2024,2,50,8.0,1300000.0,5421
8043429,1,2,1,10,2024,1,31,5.0,1300000.0,11948
8039884,1,6,1,10,2024,1,37,5.0,600000.0,3900
8078826,1,3,1,10,2024,1,22,5.0,900000.0,49239
8086348,1,1,1,10,2024,1,61,9.0,3000000.0,63507
8046896,2,1,2,10,2024,2,52,3.0,420000.0,20687
8047458,1,2,1,10,2024,2,32,10.0,2000000.0,21666
8081285,1,3,1,10,2024,1,21,4.0,900000.0,54790
8054959,1,2,1,10,2024,1,32,10.0,4500000.0,38441
8039397,1,1,1,10,2024,1,53,3.0,2500000.0,2971
8038780,1,1,1,10,2024,1,54,5.0,2000000.0,1498
8041231,1,3,1,10,2024,1,29,5.0,1300000.0,7131
8076672,1,1,1,10,2024,1,68,3.0,150000.0,44420
8045655,1,2,1,10,2024,2,45,3.0,960000.0,17860
8049806,1,1,1,10,2024,1,56,5.0,1300000.0,26412
8039716,1,1,1,10,2024,1,72,5.0,400000.0,3580
8039441,1,3,1,10,2024,1,25,5.0,1300000.0,3054
8086555,1,3,1,10,2024,1,18,4.0,1400000.0,63973
8054861,1,3,1,10,2024,1,22,5.0,1400000.0,38230
8041566,1,1,1,10,2024,2,44,5.0,2600000.0,7865
8048595,1,7,1,10,2024,2,26,5.0,1000000.0,23978
8081338,1,1,1,10,2024,1,57,1.0,1200000.0,54898
8049694,1,2,1,10,2024,1,43,3.0,1850000.0,26093
8040956,1,1,1,10,2024,1,31,10.0,2200000.0,6432
8045963,1,1,1,10,2024,1,55,1.0,1480000.0,18353
8038713,1,1,1,10,2024,1,50,4.0,800000.0,1300
8054301,1,1,1,10,2024,1,55,4.0,800000.0,36939
8041747,1,2,1,10,2024,2,37,10.0,4000000.0,8234
8053532,1,1,1,10,2024,2,42,5.0,1300000.0,35328
8041551,1,1,1,10,2024,2,50,5.0,1800000.0,7830
8052818,1,2,1,10,2024,1,45,3.0,1200000.0,33668
8038685,1,2,1,10,2024,2,53,5.0,900000.0,1209
8045120,1,1,1,10,2024,1,33,3.0,500000.0,16388
8053220,1,1,1,10,2024,2,27,8.0,3300000.0,34631
8044343,1,2,1,10,2024,2,29,8.0,2465000.0,14291
8083119,1,1,1,10,2024,1,58,5.0,600000.0,58383
8048164,1,2,1,10,2024,2,68,3.0,300000.0,23219
8079810,1,10,1,10,2024,2,21,8.0,1300000.0,51624
8053679,1,2,1,10,2024,1,33,10.0,200000.0,35678
8055644,1,1,1,10,2024,1,65,3.0,1400000.0,39677
8076710,1,2,1,10,2024,2,38,11.0,6000000.0,44507
8039191,1,2,1,10,2024,2,33,11.0,3100000.0,2539
8041181,1,1,1,10,2024,1,74,3.0,800000.0,7005
8082397,1,1,1,10,2024,1,46,10.0,3000000.0,56623
8048154,1,3,1,10,2024,1,28,5.0,1300000.0,23198
8055824,1,2,1,10,2024,1,71,5.0,1300000.0,40058
8079859,1,1,1,10,2024,2,40,11.0,9000000.0,51760
8082729,1,5,1,10,2024,1,29,5.0,1300000.0,57439
8047688,1,1,1,10,2024,1,66,11.0,4000000.0,22138
8052963,1,2,1,10,2024,1,29,5.0,450000.0,34048
8084255,1,2,1,10,2024,2,39,10.0,2000000.0,60821
8046219,1,3,1,10,2024,1,23,5.0,1300000.0,18993
8040807,1,1,1,10,2024,1,25,9.0,3000000.0,6074
8077846,1,1,1,10,2024,1,45,3.0,300000.0,47077
8080226,1,2,1,10,2024,1,34,5.0,800000.0,52623
8045971,1,2,1,10,2024,1,46,5.0,950000.0,18384
8040748,1,1,1,10,2024,1,65,3.0,1300000.0,5929
8042229,1,2,1,10,2024,2,29,10.0,800000.0,9373
8056200,1,4,1,10,2024,1,33,4.0,150000.0,40786
8053345,1,1,1,10,2024,1,40,10.0,3500000.0,34939
8042694,1,1,1,10,2024,2,40,12.0,3200000.0,10333
8052581,1,1,1,10,2024,1,44,5.0,3600000.0,33161
8042580,1,1,1,10,2024,1,43,3.0,800000.0,10097
8043686,1,1,1,10,2024,1,27,5.0,950000.0,12627
8039319,1,2,1,10,2024,1,38,9.0,1300000.0,2873
8052123,1,1,1,10,2024,1,64,5.0,960000.0,31912
8045572,1,2,1,10,2024,2,31,9.0,1300000.0,17647
8080222,1,1,1,10,2024,2,42,5.0,900000.0,52610
8044045,1,4,1,10,2024,2,35,9.0,2500000.0,13508
8055685,1,1,1,10,2024,1,38,9.0,2000000.0,39809
8076497,1,1,1,10,2024,2,38,5.0,300000.0,44014
8043511,1,1,1,10,2024,1,39,9.0,1900000.0,12204
8042665,1,1,1,10,2024,1,55,8.0,1300000.0,10257
8082778,1,2,1,10,2024,2,39,10.0,1657000.0,57551
8078203,1,1,1,10,2024,1,65,3.0,100000.0,47868
8084065,1,1,1,10,2024,2,60,5.0,13000000.0,60408
8086583,1,1,1,10,2024,2,53,5.0,600000.0,64051
8048111,1,1,1,10,2024,2,31,5.0,480000.0,23063
8052387,1,2,1,10,2024,1,37,5.0,500000.0,32660
8054118,1,1,1,10,2024,1,73,3.0,800000.0,36534
8039497,1,1,1,10,2024,1,52,5.0,1300000.0,3170
8077515,1,1,1,10,2024,1,54,3.0,800000.0,46372
8078057,1,3,1,10,2024,1,47,3.0,630000.0,47549
8046231,1,1,1,10,2024,2,31,5.0,900000.0,19013
8040707,1,3,1,10,2024,1,22,10.0,1800000.0,5818
8078167,1,3,1,10,2024,1,22,5.0,1600000.0,47786
8050357,1,5,1,10,2024,1,18,5.0,1000000.0,27749
8084283,1,4,1,10,2024,1,31,5.0,2600000.0,60885
8084054,1,1,1,10,2024,2,45,10.0,1822700.0,60376
8078877,1,1,1,10,2024,2,40,5.0,750000.0,49344
8076527,1,1,1,10,2024,1,64,1.0,400000.0,44093
8082322,1,1,1,10,2024,2,59,3.0,1300000.0,56470
8076724,1,1,1,10,2024,1,37,10.0,5500000.0,44535
8049482,1,1,1,10,2024,1,31,5.0,450000.0,25565
8053089,1,3,1,10,2024,1,64,10.0,1500000.0,34372
8080544,1,1,1,10,2024,2,49,5.0,1000000.0,53285
8045461,1,3,1,10,2024,1,20,9.0,1300000.0,17340
8041626,1,1,1,10,2024,2,33,12.0,5500000.0,7998
8044669,1,1,1,10,2024,1,49,5.0,1300000.0,15185
8080250,1,2,1,10,2024,1,64,3.0,700000.0,52687
8086417,1,1,1,10,2024,1,61,9.0,3000000.0,63635
8054175,1,3,1,10,2024,2,27,5.0,900000.0,36657
8046009,1,1,1,10,2024,1,50,3.0,1500000.0,18482
8049090,1,1,1,10,2024,1,64,3.0,1000000.0,24895
8052204,1,1,1,10,2024,2,23,10.0,1300000.0,32099
8086569,1,2,1,10,2024,2,37,5.0,700000.0,64007
8082013,1,2,1,10,2024,2,31,10.0,800000.0,55981
8045653,1,1,1,10,2024,1,59,5.0,2600000.0,17852
8078238,1,2,1,10,2024,1,36,5.0,500000.0,47959
8084093,1,1,1,10,2024,1,27,5.0,1200000.0,60482
8043090,1,1,1,10,2024,2,54,5.0,260000.0,11121
8040849,1,1,1,10,2024,2,31,5.0,1000000.0,6175
8050442,1,2,1,10,2024,2,33,8.0,1300000.0,27941
8086675,1,1,1,10,2024,1,59,8.0,1600000.0,64297
8045055,1,3,1,10,2024,1,19,5.0,1462000.0,16215
8055317,1,2,1,10,2024,2,62,3.0,1800000.0,39152
8051948,1,2,1,10,2024,1,58,4.0,1300000.0,31484
8054338,1,1,1,10,2024,1,39,10.0,500000.0,37038
8080693,1,1,1,10,2024,1,36,5.0,1600000.0,53601
8046622,1,3,1,10,2024,1,31,10.0,3800000.0,20060
8047089,1,1,1,10,2024,1,35,5.0,1500000.0,20967
8054079,1,1,1,10,2024,2,49,10.0,3800000.0,36447
8041292,1,1,1,10,2024,1,54,10.0,3200000.0,7260
8054022,1,1,1,10,2024,1,29,5.0,1300000.0,36335
8041741,1,2,1,10,2024,1,33,9.0,1300000.0,8224
8040405,1,1,1,10,2024,1,61,5.0,4000000.0,5130
8047479,1,3,1,10,2024,1,35,10.0,2500000.0,21686
8076032,1,1,1,10,2024,2,66,3.0,500000.0,42804
8084053,1,2,1,10,2024,1,38,3.0,2000000.0,60374
8052890,1,1,1,10,2024,1,56,3.0,600000.0,33839
8054374,1,2,1,10,2024,1,41,4.0,800000.0,37111
8042838,1,1,1,10,2024,1,50,5.0,1300000.0,10655
8052586,1,1,1,10,2024,1,60,5.0,1000000.0,33178
8042320,2,1,2,10,2024,1,29,3.0,1200000.0,9556
8075986,1,1,1,10,2024,1,56,3.0,1300000.0,42665
8079214,1,1,1,10,2024,1,35,3.0,500000.0,50145
8080500,1,1,1,10,2024,2,24,10.0,2000000.0,53199
8082846,1,1,1,10,2024,1,42,5.0,1500000.0,57729
8086095,1,1,1,10,2024,1,64,10.0,3000000.0,63265
8047213,1,3,1,10,2024,1,22,10.0,600000.0,21209
8052406,1,2,1,10,2024,1,69,5.0,800000.0,32719
8082159,1,1,1,10,2024,1,28,5.0,800000.0,56211
8054799,1,1,1,10,2024,2,34,5.0,300000.0,38086
8077701,1,1,1,10,2024,1,37,6.0,1800000.0,46773
8082650,1,1,1,10,2024,1,38,5.0,900000.0,57212
8047450,1,1,1,10,2024,2,56,3.0,200000.0,21653
8050740,1,1,1,10,2024,1,43,11.0,2500000.0,28709
8045024,1,2,1,10,2024,2,44,10.0,495000.0,16143
8048893,1,1,1,10,2024,2,39,8.0,2000000.0,24537
8046419,1,2,1,10,2024,2,50,4.0,300000.0,19503
8056278,1,1,1,10,2024,1,35,6.0,1900000.0,40987
8045467,1,1,1,10,2024,1,42,3.0,1500000.0,17356
8084840,1,3,1,10,2024,1,30,5.0,1300000.0,62025
8040975,1,1,1,10,2024,1,34,11.0,3126000.0,6482
8053885,1,2,1,10,2024,1,23,5.0,1300000.0,36074
8075608,1,3,1,10,2024,1,26,5.0,750000.0,41580
8041351,1,2,1,10,2024,2,40,5.0,300000.0,7326
8045672,1,1,1,10,2024,2,44,5.0,2380000.0,17895
8038893,1,2,1,10,2024,1,19,5.0,1300000.0,1745
8043243,1,3,1,10,2024,2,42,10.0,2500000.0,11473
8048068,1,2,1,10,2024,2,37,5.0,1100000.0,22969
8077755,1,2,1,10,2024,1,31,6.0,1400000.0,46895
8042784,1,3,1,10,2024,1,16,5.0,600000.0,10529
8084073,1,2,1,10,2024,2,47,5.0,3000000.0,60439
8078072,1,2,1,10,2024,2,59,3.0,100000.0,47581
8047692,1,2,1,10,2024,1,22,5.0,1800000.0,22151
8055294,1,1,1,10,2024,2,42,10.0,2400000.0,39114
8049588,1,1,1,10,2024,1,47,4.0,2000000.0,25824
8042564,1,1,1,10,2024,1,26,4.0,1440000.0,10068
8053635,1,4,1,10,2024,1,50,9.0,3000000.0,35589
8041100,1,1,1,10,2024,1,60,9.0,1200000.0,6772
8044651,1,2,1,10,2024,2,18,8.0,480000.0,15144
8043517,1,2,1,10,2024,1,33,10.0,1300000.0,12218
8038941,1,1,1,10,2024,1,52,8.0,1800000.0,1881
8080280,1,2,1,10,2024,1,57,4.0,900000.0,52756
8048885,1,1,1,10,2024,1,57,5.0,1462000.0,24506
8052966,1,1,1,10,2024,2,54,3.0,300000.0,34055
8043131,1,1,1,10,2024,1,52,3.0,1500000.0,11221
8041473,1,4,1,10,2024,1,21,5.0,1300000.0,7652
8080684,1,2,1,10,2024,1,21,5.0,1500000.0,53582
8079188,1,1,1,10,2024,2,62,1.0,70000.0,50076
8052571,1,3,1,10,2024,1,20,5.0,800000.0,33127
8043380,1,4,1,10,2024,1,67,3.0,1800000.0,11827
8078305,1,2,1,10,2024,2,37,1.0,1200000.0,48125
8051692,1,2,1,10,2024,2,52,4.0,650000.0,30788
8051045,1,2,1,10,2024,1,44,9.0,1300000.0,29550
8082817,1,2,1,10,2024,1,34,11.0,6200000.0,57666
8046911,1,2,1,10,2024,1,23,5.0,1300000.0,20716
8040013,1,4,1,10,2024,2,22,5.0,1460000.0,4164
8040660,1,1,1,10,2024,2,40,5.0,1800000.0,5726
8052221,1,1,1,10,2024,1,50,3.0,900000.0,32147
8056381,1,1,1,10,2024,2,23,8.0,1500000.0,41216
8051544,1,1,1,10,2024,1,61,9.0,3000000.0,30449
8077624,1,2,1,10,2024,2,44,5.0,790000.0,46617
8046765,1,1,1,10,2024,1,41,5.0,1000000.0,20396
8083882,1,1,1,10,2024,1,66,4.0,1900000.0,59951
8053403,1,1,1,10,2024,2,33,10.0,1300000.0,35131
8055333,1,1,1,10,2024,1,49,9.0,2000000.0,39195
8038278,1,2,1,10,2024,2,33,9.0,1300000.0,245
8041289,1,2,1,10,2024,1,51,10.0,6500000.0,7254
8040555,1,3,1,10,2024,1,30,5.0,1300000.0,5502
8083342,1,2,1,10,2024,1,51,10.0,4000000.0,58892
8040649,1,2,1,10,2024,1,37,3.0,2400000.0,5716
8083387,1,1,1,10,2024,2,48,10.0,5000000.0,58956
8075881,1,1,1,10,2024,2,41,3.0,70000.0,42325
8082406,1,3,1,10,2024,2,39,10.0,3300000.0,56642
8055919,1,4,1,10,2024,2,22,5.0,800000.0,40270
8085007,1,1,1,10,2024,1,21,5.0,1200000.0,62420
8055266,1,2,1,10,2024,2,40,12.0,3500000.0,39070
8077477,1,1,1,10,2024,2,34,3.0,1200000.0,46327
8079518,1,2,1,10,2024,2,38,9.0,1500000.0,50906
8039918,1,1,1,10,2024,1,57,3.0,900000.0,3989
8046888,1,1,1,10,2024,1,57,3.0,1000000.0,20661
8053201,1,3,1,10,2024,1,24,5.0,2200000.0,34594
8042231,1,2,1,10,2024,2,53,8.0,1600000.0,9378
8043660,1,1,1,10,2024,1,60,3.0,1300000.0,12572
8042500,1,4,1,10,2024,1,27,10.0,2800000.0,9949
8051809,1,2,1,10,2024,1,21,5.0,1500000.0,31110
8044744,1,1,1,10,2024,1,25,5.0,1300000.0,15373
8077237,1,1,1,10,2024,1,48,6.0,500000.0,45797
8040665,1,1,1,10,2024,1,57,3.0,300000.0,5735
8084493,1,4,1,10,2024,2,21,10.0,1300000.0,61302
8053608,1,4,1,10,2024,2,40,5.0,600000.0,35523
8083009,1,2,1,10,2024,2,48,3.0,850000.0,58109
8039007,1,3,1,10,2024,2,60,5.0,280000.0,2023
8053738,1,1,1,10,2024,2,55,3.0,600000.0,35846
8051900,1,1,1,10,2024,2,41,5.0,1040000.0,31363
8050701,1,1,1,10,2024,2,34,8.0,200000.0,28622
8055892,1,1,1,10,2024,2,56,4.0,500000.0,40216
8038792,1,1,1,10,2024,1,30,10.0,2800000.0,1515
8080600,1,1,1,10,2024,1,36,10.0,5000000.0,53405
8047845,1,1,1,10,2024,1,46,3.0,900000.0,22518
8049790,1,1,1,10,2024,1,68,3.0,900000.0,26371
8050563,1,2,1,10,2024,1,55,10.0,2000000.0,28324
8044046,1,2,1,10,2024,2,59,4.0,800000.0,13511
8046324,1,2,1,10,2024,1,27,5.0,2000000.0,19284
8083309,1,2,1,10,2024,1,44,3.0,650000.0,58810
8055801,1,2,1,10,2024,1,37,5.0,5500000.0,40005
8081299,1,1,1,10,2024,2,38,10.0,2200000.0,54824
8053349,1,3,1,10,2024,1,41,5.0,600000.0,34953
8052616,1,1,1,10,2024,2,38,6.0,800000.0,33251
8082294,1,1,1,10,2024,1,43,5.0,4500000.0,56403
8046476,1,1,1,10,2024,1,70,10.0,2500000.0,19639
8083026,1,2,1,10,2024,2,63,11.0,4500000.0,58157
8045444,1,2,1,10,2024,2,35,9.0,1500000.0,17281
8043850,1,5,1,10,2024,1,36,8.0,1300000.0,13047
8085093,1,1,1,10,2024,1,57,8.0,1500000.0,62601
8078003,1,3,1,10,2024,1,50,3.0,2000000.0,47435
8045130,1,2,1,10,2024,2,28,10.0,0.0,16424
8043488,1,1,1,10,2024,2,68,3.0,0.0,12125
8086328,1,1,1,10,2024,1,61,9.0,3000000.0,63469
8079165,1,1,1,10,2024,2,51,3.0,200000.0,50010
8047138,1,3,1,10,2024,1,23,5.0,1300000.0,21050
8040647,1,1,1,10,2024,2,60,10.0,2000000.0,5709
8039920,1,3,1,10,2024,2,26,10.0,1600000.0,3998
8050098,1,1,1,10,2024,1,68,3.0,700000.0,27108
8051812,1,1,1,10,2024,1,36,9.0,2400000.0,31115
8052896,1,1,1,10,2024,1,78,3.0,100000.0,33854
8076515,2,1,2,10,2024,1,37,5.0,500000.0,44062
8082670,1,4,1,10,2024,1,44,6.0,1300000.0,57286
8041637,1,1,1,10,2024,1,36,10.0,12000000.0,8034
8038921,1,1,1,10,2024,2,41,10.0,2100000.0,1822
8084414,1,2,1,10,2024,1,74,3.0,1400000.0,61163
8046374,1,1,1,10,2024,2,65,4.0,600000.0,19411
8075589,1,1,1,10,2024,2,38,4.0,480000.0,41504
8050539,1,2,1,10,2024,1,34,5.0,600000.0,28252
8053997,1,1,1,10,2024,2,30,5.0,300000.0,36296
8041257,1,1,1,10,2024,1,60,5.0,600000.0,7183
8080099,1,1,1,10,2024,1,60,8.0,1300000.0,52274
8044256,1,2,1,10,2024,1,34,8.0,1000000.0,14005
8080260,1,1,1,10,2024,1,62,3.0,500000.0,52710
8050370,1,1,1,10,2024,1,32,5.0,400000.0,27788
8077164,1,2,1,10,2024,1,53,3.0,400000.0,45609
8083189,1,2,1,10,2024,2,43,10.0,2400000.0,58490
8050797,1,1,1,10,2024,1,46,8.0,1800000.0,28856
8039370,1,3,1,10,2024,1,32,10.0,3000000.0,2919
8080868,1,1,1,10,2024,1,32,9.0,2250000.0,53911
8045431,1,1,1,10,2024,2,30,10.0,3000000.0,17242
8041354,1,4,1,10,2024,1,33,3.0,1300000.0,7341
8049419,1,2,1,10,2024,1,26,5.0,2833000.0,25530
8050271,1,2,1,10,2024,2,46,5.0,2000000.0,27516
8081488,1,2,1,10,2024,1,57,3.0,300000.0,55265
8054034,1,2,1,10,2024,1,31,10.0,3700000.0,36347
8050476,1,1,1,10,2024,2,55,4.0,1100000.0,28037
8045785,1,2,1,10,2024,1,46,3.0,500000.0,18174
8080096,1,1,1,10,2024,2,28,11.0,700000.0,52260
8077124,1,1,1,10,2024,1,47,3.0,300000.0,45500
8084794,1,2,1,10,2024,2,63,5.0,1300000.0,61929
8075731,1,3,1,10,2024,1,30,3.0,1000000.0,41926
8085821,1,2,1,10,2024,2,51,4.0,700000.0,62925
8055186,1,1,1,10,2024,1,30,10.0,1200000.0,38903
8054169,1,1,1,10,2024,2,53,5.0,300000.0,36639
8082872,1,2,1,10,2024,1,20,10.0,480000.0,57798
8075838,1,1,1,10,2024,1,53,1.0,600000.0,42209
8051035,1,3,1,10,2024,2,25,10.0,4800000.0,29518
8078282,2,2,2,10,2024,1,42,5.0,1200000.0,48060
8084879,1,1,1,10,2024,1,39,5.0,2500000.0,62112
8084628,1,1,1,10,2024,1,56,5.0,2000000.0,61541
8048399,1,4,1,10,2024,1,28,6.0,800000.0,23609
8055515,1,4,1,10,2024,2,20,8.0,1300000.0,39494
8075760,1,1,1,10,2024,1,45,5.0,920000.0,41993
8044295,1,2,1,10,2024,2,38,5.0,2200000.0,14166
8076920,1,1,1,10,2024,1,53,3.0,1900000.0,44969
8041210,1,1,1,10,2024,1,69,5.0,280000.0,7079
8083131,1,1,1,10,2024,1,43,10.0,2160000.0,58405
8077945,1,1,1,10,2024,1,38,1.0,730000.0,47274
8047191,1,2,1,10,2024,2,16,4.0,300000.0,21156
8050120,1,1,1,10,2024,1,45,3.0,1300000.0,27142
8052157,1,2,1,10,2024,1,31,4.0,1300000.0,31986
8043489,1,1,1,10,2024,2,60,5.0,200000.0,12126
8084897,1,2,1,10,2024,2,26,8.0,1400000.0,62156
8040721,1,1,1,10,2024,1,36,6.0,1300000.0,5858
8054799,1,2,1,10,2024,1,37,5.0,600000.0,38087
8054204,1,2,1,10,2024,1,57,3.0,800000.0,36736
8082225,1,2,1,10,2024,1,53,3.0,1200000.0,56314
8050402,1,1,1,10,2024,2,50,3.0,900000.0,27850
8083822,1,1,1,10,2024,2,54,5.0,1300000.0,59818
8052698,1,4,1,10,2024,2,21,4.0,120000.0,33383
8053710,1,1,1,10,2024,1,40,5.0,1300000.0,35773
8039851,1,2,1,10,2024,2,34,10.0,1600000.0,3836
8048002,1,1,1,10,2024,2,38,10.0,1000000.0,22835
8086665,1,1,1,10,2024,1,24,3.0,600000.0,64281
8086721,1,1,1,10,2024,1,54,5.0,1000000.0,64374
8048471,1,1,1,10,2024,1,63,4.0,1300000.0,23742
8040916,1,3,1,10,2024,2,38,8.0,1300000.0,6351
8043148,1,4,1,10,2024,1,30,8.0,375000.0,11268
8050830,1,3,1,10,2024,2,47,4.0,2300000.0,28952
8044588,1,2,1,10,2024,2,21,4.0,300000.0,14971
8083772,1,2,1,10,2024,1,33,5.0,1800000.0,59730
8041893,1,1,1,10,2024,1,43,4.0,2000000.0,8535
8043852,1,2,1,10,2024,2,28,10.0,3500000.0,13053
8079915,1,1,1,10,2024,1,47,5.0,2000000.0,51917
8084322,1,3,1,10,2024,2,48,5.0,700000.0,60966
8080599,1,1,1,10,2024,1,56,12.0,4500000.0,53401
8077911,1,1,1,10,2024,1,51,3.0,300000.0,47190
8042077,1,3,1,10,2024,2,24,8.0,1300000.0,8976
8043560,1,4,1,10,2024,2,37,5.0,1800000.0,12307
8084001,1,1,1,10,2024,2,33,5.0,1560000.0,60196
8047650,1,3,1,10,2024,1,40,5.0,1300000.0,22071
8080744,1,1,1,10,2024,1,35,8.0,1800000.0,53670
8084083,1,1,1,10,2024,1,80,12.0,3000000.0,60462
8082800,1,2,1,10,2024,2,61,8.0,950000.0,57624
8046523,1,1,1,10,2024,1,45,11.0,3120000.0,19770
8051430,1,3,1,10,2024,1,22,4.0,1200000.0,30183
8056415,1,1,1,10,2024,2,41,3.0,1150000.0,41304
8046774,1,1,1,10,2024,2,27,5.0,1300000.0,20419
8076275,1,1,1,10,2024,1,69,4.0,180000.0,43470
8078108,1,1,1,10,2024,1,35,5.0,600000.0,47645
8039321,1,4,1,10,2024,2,24,10.0,1300000.0,2880
8040698,1,3,1,10,2024,2,52,3.0,1200000.0,5805
8044023,1,1,1,10,2024,2,20,5.0,2100000.0,13464
8053995,1,2,1,10,2024,2,43,8.0,1800000.0,36292
8055553,1,1,1,10,2024,1,41,5.0,1300000.0,39533
8084886,1,1,1,10,2024,2,38,5.0,1400000.0,62125
8078387,1,3,1,10,2024,2,28,4.0,1100000.0,48312
8076600,1,6,1,10,2024,1,18,3.0,560000.0,44250
8078281,1,2,1,10,2024,1,26,3.0,1480000.0,48055
8044162,1,1,1,10,2024,1,63,5.0,1800000.0,13793
8080402,1,1,1,10,2024,1,65,10.0,6000000.0,53072
8082288,1,2,1,10,2024,2,44,11.0,3000000.0,56399
8044376,1,1,1,10,2024,1,33,10.0,2658000.0,14379
8054582,1,1,1,10,2024,1,25,5.0,1300000.0,37551
8046261,1,2,1,10,2024,2,53,10.0,5500000.0,19077
8043237,1,1,1,10,2024,2,31,5.0,1300000.0,11453
8040365,1,2,1,10,2024,2,22,9.0,1950000.0,5042
8047838,1,2,1,10,2024,1,42,5.0,1400000.0,22502
8055315,1,1,1,10,2024,1,39,4.0,1700000.0,39149
8055084,1,4,1,10,2024,1,61,3.0,300000.0,38719
8044352,1,1,1,10,2024,1,61,5.0,1300000.0,14324
8048303,1,1,1,10,2024,1,59,3.0,1300000.0,23470
8079523,1,1,1,10,2024,2,54,3.0,150000.0,50915
8044422,1,2,1,10,2024,2,30,6.0,1460000.0,14502
8040834,1,2,1,10,2024,2,25,8.0,900000.0,6120
8083688,1,2,1,10,2024,1,37,4.0,700000.0,59557
8038200,1,1,1,10,2024,2,75,1.0,400000.0,39
8048290,1,2,1,10,2024,1,29,5.0,950000.0,23446
8075604,1,3,1,10,2024,2,45,3.0,360000.0,41558
8075666,1,3,1,10,2024,1,20,1.0,800000.0,41765
8083244,1,1,1,10,2024,1,32,8.0,1300000.0,58651
8052322,1,3,1,10,2024,1,24,4.0,336000.0,32461
8048272,1,2,1,10,2024,2,30,11.0,3700000.0,23405
8039033,1,2,1,10,2024,1,18,5.0,380000.0,2089
8086373,1,1,1,10,2024,1,61,9.0,3000000.0,63555
8084339,1,2,1,10,2024,2,58,10.0,1800000.0,60998
8084963,1,4,1,10,2024,1,30,5.0,1500000.0,62303
8050586,1,1,1,10,2024,1,39,8.0,3100000.0,28372
8043851,1,2,1,10,2024,2,42,3.0,1300000.0,13049
8055647,1,1,1,10,2024,1,62,3.0,600000.0,39687
8083769,1,2,1,10,2024,1,36,5.0,1460000.0,59718
8039038,1,2,1,10,2024,1,48,4.0,800000.0,2112
8078293,1,1,1,10,2024,1,36,3.0,600000.0,48093
8038760,1,2,1,10,2024,1,21,5.0,1600000.0,1437
8038836,1,2,1,10,2024,2,38,10.0,4300000.0,1608
8046527,1,2,1,10,2024,2,27,6.0,1300000.0,19785
8077632,1,2,1,10,2024,2,57,3.0,100000.0,46630
8080309,1,1,1,10,2024,1,34,10.0,2200000.0,52822
8054010,1,1,1,10,2024,2,35,5.0,1420000.0,36322
8053601,1,3,1,10,2024,2,30,5.0,500000.0,35496
8051947,1,3,1,10,2024,2,25,8.0,2100000.0,31481
8049854,1,1,1,10,2024,1,64,3.0,400000.0,26515
8050284,1,1,1,10,2024,2,33,5.0,2100000.0,27541
8051488,1,1,1,10,2024,2,54,10.0,6000000.0,30323
8081984,1,3,1,10,2024,1,39,5.0,2000000.0,55949
8047016,1,3,1,10,2024,2,22,10.0,1800000.0,20843
8038695,1,4,1,10,2024,1,27,4.0,1300000.0,1252
8039632,1,1,1,10,2024,2,28,5.0,300000.0,3412
8085874,1,2,1,10,2024,2,38,5.0,500000.0,62978
8047853,1,1,1,10,2024,1,56,3.0,800000.0,22535
8050382,1,1,1,10,2024,1,67,3.0,1300000.0,27811
8046583,1,3,1,10,2024,1,54,5.0,300000.0,19966
8053060,1,1,1,10,2024,1,54,3.0,1300000.0,34324
8052073,1,3,1,10,2024,1,31,10.0,200000.0,31770
8079167,1,1,1,10,2024,2,48,4.0,300000.0,50014
8052791,1,7,1,10,2024,1,24,3.0,1300000.0,33608
8042896,1,1,1,10,2024,2,62,11.0,4500000.0,10778
8083223,1,1,1,10,2024,1,39,5.0,1300000.0,58595
8046823,1,2,1,10,2024,1,50,10.0,1600000.0,20527
8043544,1,3,1,10,2024,2,30,3.0,280000.0,12288
8054343,1,2,1,10,2024,2,46,8.0,0.0,37050
8053030,1,3,1,10,2024,2,41,5.0,600000.0,34268
8077368,1,2,1,10,2024,1,28,10.0,2200000.0,46097
8075724,1,1,1,10,2024,2,31,5.0,900000.0,41911
8041468,1,1,1,10,2024,2,46,4.0,600000.0,7634
8080853,1,1,1,10,2024,1,70,3.0,300000.0,53887
8043652,1,3,1,10,2024,2,23,10.0,1500000.0,12549
8042839,1,3,1,10,2024,1,35,9.0,1300000.0,10658
8051831,1,2,1,10,2024,1,30,5.0,1300000.0,31187
8038562,1,1,1,10,2024,2,26,3.0,660000.0,908
8044146,1,1,1,10,2024,2,42,5.0,3500000.0,13753
8048244,1,1,1,10,2024,1,29,5.0,500000.0,23351
8075774,1,1,1,10,2024,1,68,1.0,0.0,42033
8047132,1,1,1,10,2024,1,52,8.0,3000000.0,21031
8055656,1,3,1,10,2024,1,31,10.0,2000000.0,39721
8043678,1,1,1,10,2024,2,36,5.0,600000.0,12616
8078144,1,2,1,10,2024,2,38,5.0,1300000.0,47723
8044679,1,2,1,10,2024,2,51,10.0,3300000.0,15211
8051262,1,1,1,10,2024,2,52,3.0,450000.0,29705
8086632,1,1,1,10,2024,2,40,4.0,1300000.0,64176
8055057,1,2,1,10,2024,1,41,12.0,4800000.0,38690
8051283,1,2,1,10,2024,1,24,8.0,1300000.0,29761
8081453,1,1,1,10,2024,2,34,10.0,2500000.0,55183
8080921,1,2,1,10,2024,2,40,5.0,70000.0,54025
8038518,1,4,1,10,2024,1,26,4.0,200000.0,811
8040461,1,1,1,10,2024,2,45,4.0,800000.0,5286
8077920,1,2,1,10,2024,1,23,1.0,800000.0,47218
8043956,1,1,1,10,2024,1,64,5.0,850000.0,13319
8040346,1,1,1,10,2024,1,61,4.0,3000000.0,5006
8046590,1,1,1,10,2024,2,43,8.0,700000.0,19983
8052243,1,1,1,10,2024,1,28,9.0,1300000.0,32215
8039591,1,3,1,10,2024,2,28,10.0,2000000.0,3343
8054290,1,1,1,10,2024,1,51,4.0,1300000.0,36892
8052099,1,5,1,10,2024,1,38,1.0,800000.0,31841
8048882,1,1,1,10,2024,1,38,4.0,3000000.0,24498
8079151,1,1,1,10,2024,1,77,1.0,400000.0,49966
8051127,1,1,1,10,2024,2,39,8.0,950000.0,29622
8039052,1,2,1,10,2024,1,21,4.0,600000.0,2156
8078150,1,2,1,10,2024,1,46,4.0,250000.0,47737
8079443,1,1,1,10,2024,1,29,9.0,1601000.0,50764
8053127,1,2,1,10,2024,2,39,8.0,1600000.0,34446
8054754,1,4,1,10,2024,2,27,5.0,1300000.0,37977
8078432,1,2,1,10,2024,1,49,3.0,1600000.0,48386
8082916,1,1,1,10,2024,2,56,8.0,500000.0,57908
8075727,1,4,1,10,2024,1,45,10.0,3000000.0,41920
8051372,1,3,1,10,2024,2,34,11.0,900000.0,30021
8051692,1,4,1,10,2024,2,48,5.0,650000.0,30790
8050485,1,1,1,10,2024,1,31,4.0,1000000.0,28063
8039226,1,1,1,10,2024,1,55,5.0,500000.0,2635
8047884,1,1,1,10,2024,2,42,5.0,550000.0,22619
8079761,1,2,1,10,2024,1,66,3.0,700000.0,51477
8077737,1,3,1,10,2024,1,23,9.0,700000.0,46855
8078697,1,2,1,10,2024,2,45,10.0,3500000.0,48959
8079761,1,5,1,10,2024,1,25,5.0,1200000.0,51480
8053681,1,1,1,10,2024,2,45,10.0,2600000.0,35683
8045441,1,1,1,10,2024,1,20,5.0,1700000.0,17271
8076488,1,1,1,10,2024,1,74,1.0,220000.0,43995
8052297,1,6,1,10,2024,2,37,3.0,250000.0,32380
8075805,1,2,1,10,2024,2,29,3.0,450000.0,42120
8048714,1,2,1,10,2024,2,31,10.0,4200000.0,24187
8075628,1,1,1,10,2024,2,54,5.0,600000.0,41637
8049792,1,1,1,10,2024,1,29,3.0,1200000.0,26376
8083752,1,1,1,10,2024,2,66,3.0,700000.0,59678
8044674,1,1,1,10,2024,1,52,5.0,1500000.0,15196
8076037,1,1,1,10,2024,2,55,5.0,600000.0,42815
8080535,1,1,1,10,2024,1,74,3.0,1400000.0,53260
8054021,1,2,1,10,2024,1,24,8.0,1300000.0,36332
8078018,1,2,1,10,2024,1,24,10.0,1300000.0,47474
8044499,1,1,1,10,2024,2,22,5.0,800000.0,14703
8054686,1,1,1,10,2024,2,42,8.0,1200000.0,37806
8042293,1,2,1,10,2024,1,28,10.0,1600000.0,9503
8080881,1,1,1,10,2024,2,61,9.0,50000.0,53940
8043916,1,1,1,10,2024,2,31,10.0,2800000.0,13213
8040501,1,1,1,10,2024,2,27,10.0,3000000.0,5379
8055202,1,2,1,10,2024,1,28,4.0,600000.0,38929
8043423,1,1,1,10,2024,1,43,4.0,600000.0,11931
8048122,1,1,1,10,2024,1,29,5.0,1300000.0,23100
8041907,1,1,1,10,2024,1,55,5.0,4000000.0,8571
8038464,1,2,1,10,2024,2,55,5.0,1200000.0,692
8043465,1,2,1,10,2024,1,41,5.0,1000000.0,12048
8051357,1,3,1,10,2024,1,25,10.0,400000.0,29985
8084394,1,4,1,10,2024,1,30,10.0,700000.0,61130
8075838,1,2,1,10,2024,2,45,1.0,500000.0,42210
8083853,1,1,1,10,2024,2,59,10.0,4000000.0,59892
8081348,1,2,1,10,2024,1,40,5.0,1800000.0,54916
8076117,1,1,1,10,2024,1,32,8.0,1500000.0,43052
8044727,1,2,1,10,2024,2,56,3.0,300000.0,15336
8039836,1,2,1,10,2024,2,61,3.0,850000.0,3807
8049491,1,1,1,10,2024,1,42,5.0,700000.0,25591
8081499,1,1,1,10,2024,1,66,3.0,1400000.0,55292
8045495,1,4,1,10,2024,1,37,3.0,1000000.0,17435
8048228,1,1,1,10,2024,2,51,3.0,500000.0,23294
8048465,1,1,1,10,2024,1,28,3.0,1300000.0,23729
8084726,1,2,1,10,2024,2,30,10.0,3000000.0,61760
8076184,1,2,1,10,2024,1,30,3.0,500000.0,43259
8086713,1,1,1,10,2024,2,36,10.0,1300000.0,64366
8053941,1,1,1,10,2024,1,23,5.0,450000.0,36196
8056384,1,1,1,10,2024,2,44,8.0,2100000.0,41222
8050964,1,2,1,10,2024,1,24,10.0,1800000.0,29332
8056338,1,4,1,10,2024,1,31,4.0,960000.0,41102
8053007,1,2,1,10,2024,1,56,3.0,500000.0,34197
8042704,1,5,1,10,2024,2,28,5.0,1500000.0,10354
8054289,1,2,1,10,2024,2,31,9.0,1300000.0,36889
8053553,1,2,1,10,2024,1,30,8.0,980000.0,35368
8049630,1,1,1,10,2024,1,44,3.0,1000000.0,25949
8050368,1,1,1,10,2024,1,67,3.0,1300000.0,27780
8076969,1,1,1,10,2024,1,19,5.0,900000.0,45062
8051843,1,1,1,10,2024,2,33,11.0,3500000.0,31223
8078291,1,2,1,10,2024,2,52,3.0,0.0,48091
8076225,1,1,1,10,2024,1,50,1.0,200000.0,43336
8043951,1,1,1,10,2024,1,52,5.0,1000000.0,13305
8042900,1,1,1,10,2024,1,53,9.0,3500000.0,10786
8039484,1,1,1,10,2024,2,52,5.0,1000000.0,3142
8041011,1,2,1,10,2024,2,35,3.0,500000.0,6566
8045322,1,1,1,10,2024,2,47,3.0,1600000.0,16941
8084852,1,1,1,10,2024,1,22,6.0,1400000.0,62057
8083585,1,1,1,10,2024,1,56,11.0,60000000.0,59364
8077588,1,1,1,10,2024,1,58,3.0,1600000.0,46546
8076199,1,1,1,10,2024,1,58,3.0,700000.0,43300
8083282,1,3,1,10,2024,1,29,5.0,1680000.0,58738
8081231,1,1,1,10,2024,1,65,3.0,800000.0,54636
8041995,1,1,1,10,2024,1,68,3.0,1400000.0,8825
8048596,1,1,1,10,2024,1,53,4.0,1000000.0,23981
8056372,1,2,1,10,2024,2,37,10.0,3000000.0,41184
8040088,1,1,1,10,2024,1,59,5.0,1300000.0,4337
8041704,1,1,1,10,2024,1,65,5.0,2000000.0,8170
8039700,1,1,1,10,2024,2,23,5.0,200000.0,3542
8040211,1,2,1,10,2024,1,33,5.0,2020000.0,4677
8044922,1,1,1,10,2024,1,51,5.0,1600000.0,15853
8077167,1,2,1,10,2024,1,17,4.0,400000.0,45621
8052292,1,3,1,10,2024,1,36,5.0,600000.0,32366
8042243,1,1,1,10,2024,1,62,3.0,600000.0,9405
8054182,1,1,1,10,2024,2,41,5.0,0.0,36689
8053430,1,2,1,10,2024,2,25,10.0,3000000.0,35165
8050849,1,1,1,10,2024,1,31,10.0,6500000.0,29004
8040438,1,3,1,10,2024,1,29,5.0,900000.0,5221
8039228,1,1,1,10,2024,2,41,5.0,160000.0,2639
8040417,1,1,1,10,2024,2,23,5.0,1500000.0,5160
8081494,1,1,1,10,2024,1,52,3.0,1000000.0,55278
8083293,1,3,1,10,2024,1,41,5.0,1200000.0,58769
8076774,1,2,1,10,2024,2,42,8.0,1100000.0,44665
8044566,1,2,1,10,2024,1,38,8.0,4000000.0,14909
8054431,1,4,1,10,2024,1,27,4.0,1300000.0,37266
8052348,1,3,1,10,2024,1,21,4.0,1300000.0,32533
8084571,1,4,1,10,2024,1,24,10.0,1300000.0,61464
8051630,1,2,1,10,2024,2,68,3.0,800000.0,30645
8041208,1,2,1,10,2024,1,47,4.0,1200000.0,7075
8047367,1,2,1,10,2024,2,61,12.0,4000000.0,21527
8053523,1,1,1,10,2024,2,66,10.0,637500.0,35304
8047215,1,2,1,10,2024,1,50,3.0,1300000.0,21215
8055866,1,1,1,10,2024,2,51,5.0,280000.0,40158
8042507,1,1,1,10,2024,1,32,3.0,1200000.0,9971
8045557,1,2,1,10,2024,1,51,3.0,1000000.0,17600
8040177,1,1,1,10,2024,1,74,1.0,720000.0,4576
8043596,1,1,1,10,2024,2,23,5.0,800000.0,12400
8053062,1,1,1,10,2024,2,48,10.0,1800000.0,34332
8051745,1,1,1,10,2024,2,56,3.0,1300000.0,30936
8044974,1,2,1,10,2024,1,46,11.0,7000000.0,15974
8084658,1,2,1,10,2024,2,48,3.0,1300000.0,61626
8055647,1,3,1,10,2024,2,30,5.0,400000.0,39689
8077178,1,1,1,10,2024,2,47,3.0,400000.0,45656
8040346,1,2,1,10,2024,2,53,4.0,1360000.0,5007
8056260,1,1,1,10,2024,1,56,5.0,6000000.0,40965
8082892,1,2,1,10,2024,2,35,10.0,1000000.0,57851
8043834,1,3,1,10,2024,2,32,8.0,1300000.0,13009
8082399,1,1,1,10,2024,2,49,8.0,5000000.0,56628
8053829,1,1,1,10,2024,1,68,4.0,600000.0,35969
8054879,1,2,1,10,2024,1,26,5.0,1300000.0,38271
8083403,1,1,1,10,2024,1,33,8.0,1800000.0,58996
8041489,1,1,1,10,2024,1,49,4.0,1400000.0,7690
8084752,1,1,1,10,2024,2,56,4.0,1300000.0,61841
8053464,1,1,1,10,2024,1,42,12.0,9000000.0,35210
8083950,1,1,1,10,2024,2,31,11.0,3542000.0,60044
8046096,1,3,1,10,2024,1,34,5.0,1000000.0,18711
8050479,1,1,1,10,2024,2,68,3.0,120000.0,28045
8047069,1,1,1,10,2024,2,65,3.0,500000.0,20923
8084365,1,1,1,10,2024,1,59,5.0,1300000.0,61056
8076368,1,2,1,10,2024,2,46,4.0,700000.0,43681
8084219,1,1,1,10,2024,1,47,4.0,600000.0,60733
8055688,1,1,1,10,2024,1,38,5.0,2000000.0,39819
8049578,1,2,1,10,2024,2,41,11.0,4500000.0,25807
8050158,1,2,1,10,2024,1,49,3.0,1000000.0,27226
8053600,1,5,1,10,2024,2,24,5.0,1300000.0,35493
8051357,1,4,1,10,2024,2,21,5.0,800000.0,29986
8039255,1,2,1,10,2024,2,43,3.0,600000.0,2700
8052758,1,1,1,10,2024,1,48,3.0,1550000.0,33515
8079198,1,1,1,10,2024,1,28,5.0,2400000.0,50102
8047831,1,1,1,10,2024,1,28,11.0,2300000.0,22487
8055207,1,3,1,10,2024,1,47,3.0,1200000.0,38940
8048058,1,4,1,10,2024,1,20,5.0,1300000.0,22940
8048438,1,1,1,10,2024,2,52,5.0,1300000.0,23683
8040801,1,1,1,10,2024,2,26,9.0,1400000.0,6064
8083719,1,3,1,10,2024,1,29,5.0,1300000.0,59616
8051563,1,1,1,10,2024,1,61,9.0,3000000.0,30487
8077165,1,1,1,10,2024,1,29,5.0,800000.0,45612
8077394,1,1,1,10,2024,1,74,5.0,1700000.0,46155
8055640,1,3,1,10,2024,2,35,5.0,1300000.0,39665
8044892,1,5,1,10,2024,2,22,9.0,1000000.0,15771
8080212,1,2,1,10,2024,1,34,8.0,800000.0,52572
8048709,1,1,1,10,2024,1,66,4.0,800000.0,24165
8041490,1,1,1,10,2024,2,54,3.0,400000.0,7693
8053772,1,1,1,10,2024,1,35,11.0,2809000.0,35869
8083345,1,1,1,10,2024,1,43,11.0,2400000.0,58900
8082641,1,1,1,10,2024,1,53,3.0,1000000.0,57186
8045540,1,1,1,10,2024,1,61,11.0,4000000.0,17559
8047751,1,2,1,10,2024,2,29,10.0,1300000.0,22282
8051253,1,2,1,10,2024,2,67,10.0,500000.0,29682
8076715,1,1,1,10,2024,2,27,10.0,4000000.0,44513
8043256,1,1,1,10,2024,1,67,3.0,3200000.0,11506
8051358,1,1,1,10,2024,2,34,10.0,3700000.0,29987
8078750,1,1,1,10,2024,2,49,3.0,640000.0,49080
8046698,1,1,1,10,2024,1,36,10.0,3000000.0,20226
8080391,1,1,1,10,2024,1,52,8.0,2600000.0,53044
8043808,1,4,1,10,2024,1,49,12.0,5800000.0,12962
8045437,1,1,1,10,2024,1,38,5.0,500000.0,17255
8044983,1,1,1,10,2024,2,29,8.0,700000.0,15997
8038510,1,2,1,10,2024,2,46,5.0,1462000.0,792
8085892,1,2,1,10,2024,2,23,5.0,80000.0,63006
8048840,1,1,1,10,2024,2,46,5.0,300000.0,24407
8052984,1,17,1,10,2024,2,24,4.0,60000.0,34116
8043962,1,1,1,10,2024,1,45,8.0,2332204.0,13348
8078145,1,2,1,10,2024,2,46,3.0,600000.0,47726
8081012,1,2,1,10,2024,1,56,5.0,4500000.0,54213
8077342,1,2,1,10,2024,1,16,5.0,600000.0,46036
8080372,1,1,1,10,2024,2,25,8.0,1500000.0,52984
8050727,1,1,1,10,2024,2,34,3.0,500000.0,28678
8038960,1,1,1,10,2024,2,32,5.0,1400000.0,1922
8039681,1,1,1,10,2024,1,62,3.0,2000000.0,3507
8041208,1,1,1,10,2024,2,53,3.0,300000.0,7074
8049771,1,1,1,10,2024,2,56,10.0,1300000.0,26313
8050699,1,1,1,10,2024,2,32,5.0,150000.0,28617
8081592,1,2,1,10,2024,1,31,4.0,300000.0,55453
8054308,1,2,1,10,2024,2,27,5.0,1200000.0,36954
8055216,1,2,1,10,2024,1,59,3.0,600000.0,38970
8055832,1,2,1,10,2024,1,61,5.0,250000.0,40069
8041188,1,2,1,10,2024,2,44,6.0,300000.0,7026
8052829,1,1,1,10,2024,1,36,4.0,1100000.0,33701
8047691,1,1,1,10,2024,2,49,5.0,1462000.0,22149
8055706,1,1,1,10,2024,1,40,3.0,1625000.0,39877
8046054,1,2,1,10,2024,2,51,3.0,600000.0,18603
8086343,1,1,1,10,2024,1,61,9.0,3000000.0,63497
8078288,1,1,1,10,2024,1,59,3.0,3000000.0,48084
8082416,1,1,1,10,2024,2,30,5.0,150000.0,56673
8040266,1,1,1,10,2024,1,41,5.0,750000.0,4798
8045166,1,4,1,10,2024,2,31,9.0,1300000.0,16509
8041506,1,2,1,10,2024,2,26,5.0,200000.0,7721
8080844,1,2,1,10,2024,2,29,10.0,3000000.0,53876
8055652,1,1,1,10,2024,1,49,5.0,1300000.0,39703
8084417,1,3,1,10,2024,2,21,8.0,1600000.0,61169
8041967,1,1,1,10,2024,2,59,3.0,1250000.0,8756
8047613,1,2,1,10,2024,1,47,5.0,1800000.0,21979
8052797,1,1,1,10,2024,1,46,5.0,1000000.0,33625
8079454,2,1,2,10,2024,2,38,8.0,1400000.0,50793
8042633,1,1,1,10,2024,1,38,11.0,6000000.0,10210
8080262,1,2,1,10,2024,2,35,8.0,1400000.0,52715
8084895,1,1,1,10,2024,1,53,11.0,8000000.0,62151
8083540,1,3,1,10,2024,1,33,5.0,1300000.0,59269
8039069,1,1,1,10,2024,1,67,4.0,1500000.0,2197
8084082,1,2,1,10,2024,1,41,10.0,1800000.0,60460
8083945,1,2,1,10,2024,2,37,6.0,1300000.0,60028
8075670,1,1,1,10,2024,1,67,1.0,850000.0,41775
8042649,1,1,1,10,2024,2,48,5.0,2000000.0,10223
8086362,1,1,1,10,2024,1,61,9.0,3000000.0,63533
8054424,1,3,1,10,2024,2,22,5.0,850000.0,37233
8042135,1,2,1,10,2024,2,25,5.0,700000.0,9141
8083880,1,1,1,10,2024,2,30,12.0,2000000.0,59950
8050452,1,1,1,10,2024,2,29,8.0,1300000.0,27967
8081236,1,2,1,10,2024,1,52,5.0,1000000.0,54644
8056194,1,1,1,10,2024,1,30,6.0,360000.0,40776
8043308,1,1,1,10,2024,1,75,3.0,1250000.0,11638
8083998,1,1,1,10,2024,2,42,5.0,700000.0,60190
8046353,1,4,1,10,2024,1,31,5.0,1700000.0,19357
8041868,1,1,1,10,2024,2,61,5.0,3500000.0,8477
8078489,1,2,1,10,2024,2,28,5.0,720000.0,48527
8052937,1,1,1,10,2024,1,55,5.0,1300000.0,33963
8048489,1,2,1,10,2024,2,47,9.0,1300000.0,23780
8076856,1,2,1,10,2024,2,28,6.0,150000.0,44838
8045774,1,1,1,10,2024,1,23,3.0,1300000.0,18146
8075609,1,1,1,10,2024,1,42,6.0,350000.0,41584
8052054,1,1,1,10,2024,1,56,5.0,700000.0,31710
8039496,1,2,1,10,2024,1,19,6.0,1350000.0,3168
8084531,1,1,1,10,2024,2,35,4.0,50000.0,61374
8056377,1,3,1,10,2024,1,35,10.0,2600000.0,41203
8084333,1,1,1,10,2024,2,59,8.0,1800000.0,60986
8076768,1,3,1,10,2024,2,29,8.0,1500000.0,44651
8049933,1,1,1,10,2024,1,51,5.0,1300000.0,26708
8079442,1,3,1,10,2024,1,27,8.0,4000000.0,50763
8046835,1,1,1,10,2024,1,50,10.0,1300000.0,20550
8045956,1,1,1,10,2024,1,63,3.0,750000.0,18335
8047047,1,1,1,10,2024,2,30,5.0,2000000.0,20890
8047324,1,1,1,10,2024,2,44,9.0,1300000.0,21430
8049412,1,1,1,10,2024,1,30,5.0,3654210.0,25514
8040712,1,2,1,10,2024,2,50,10.0,2000000.0,5830
8078308,1,1,1,10,2024,2,64,3.0,1000000.0,48142
8086266,1,2,1,10,2024,1,36,8.0,800000.0,63357
8051032,1,1,1,10,2024,1,54,10.0,1300000.0,29507
8052122,1,1,1,10,2024,1,59,3.0,1000000.0,31910
8049135,1,2,1,10,2024,2,78,4.0,250000.0,24981
8048141,1,1,1,10,2024,1,58,3.0,360000.0,23160
8079759,1,1,1,10,2024,1,66,3.0,2300000.0,51470
8052409,1,2,1,10,2024,1,61,4.0,200000.0,32725
8055274,1,1,1,10,2024,2,47,5.0,480000.0,39079
8050748,1,1,1,10,2024,1,57,8.0,1300000.0,28731
8051688,1,2,1,10,2024,2,46,10.0,3000000.0,30779
8083186,1,1,1,10,2024,2,60,5.0,60000.0,58483
8054684,1,2,1,10,2024,1,79,10.0,1200000.0,37804
8086503,1,1,1,10,2024,1,32,13.0,2100000.0,63831
8050569,1,1,1,10,2024,1,53,10.0,4000000.0,28337
8042733,1,1,1,10,2024,2,31,7.0,2000000.0,10436
8083580,1,1,1,10,2024,1,67,4.0,1100000.0,59353
8044988,1,2,1,10,2024,1,34,5.0,1500000.0,16021
8050638,1,2,1,10,2024,1,30,5.0,1300000.0,28490
8051632,1,2,1,10,2024,1,29,4.0,1400000.0,30648
8043876,1,2,1,10,2024,1,41,4.0,1700000.0,13115
8056079,1,1,1,10,2024,2,42,9.0,1300000.0,40552
8041914,1,2,1,10,2024,2,43,5.0,1300000.0,8593
8048725,1,3,1,10,2024,1,20,6.0,1300000.0,24229
8047251,1,1,1,10,2024,2,52,3.0,150000.0,21294
8055318,1,2,1,10,2024,2,23,5.0,1300000.0,39154
8050975,1,1,1,10,2024,2,64,5.0,1000000.0,29359
8081090,1,3,1,10,2024,1,54,8.0,1300000.0,54386
8039395,1,1,1,10,2024,1,33,10.0,1300000.0,2965
8039921,1,1,1,10,2024,1,65,5.0,3500000.0,4001
8086554,1,2,1,10,2024,1,59,3.0,1300000.0,63968
8079520,1,1,1,10,2024,2,45,5.0,1300000.0,50909
8043224,1,2,1,10,2024,2,25,10.0,480000.0,11432
8044211,1,1,1,10,2024,1,29,8.0,3200000.0,13899
8052244,1,1,1,10,2024,1,37,3.0,800000.0,32219
8084663,1,2,1,10,2024,2,45,5.0,840000.0,61640
8081032,1,3,1,10,2024,1,23,10.0,300000.0,54260
8054892,1,1,1,10,2024,2,40,5.0,650000.0,38302
8051263,1,3,1,10,2024,2,41,4.0,600000.0,29709
8043941,1,2,1,10,2024,2,30,3.0,50000.0,13267
8082664,1,2,1,10,2024,1,69,1.0,900000.0,57269
8082738,1,3,1,10,2024,1,57,10.0,1300000.0,57460
8044476,1,1,1,10,2024,1,45,8.0,2000000.0,14645
8081638,1,5,1,10,2024,1,26,5.0,2400000.0,55522
8055450,1,1,1,10,2024,1,75,3.0,1600000.0,39399
8079456,1,1,1,10,2024,2,42,8.0,1300000.0,50796
8051697,1,1,1,10,2024,2,43,6.0,600000.0,30804
8043430,1,4,1,10,2024,1,40,8.0,750000.0,11952
8086504,1,3,1,10,2024,2,46,8.0,960000.0,63834
8084185,1,2,1,10,2024,1,43,3.0,800000.0,60652
8078747,1,2,1,10,2024,2,52,5.0,80000.0,49071
8038664,1,2,1,10,2024,1,54,5.0,800000.0,1134
8046954,1,1,1,10,2024,1,34,10.0,1500000.0,20766
8083870,1,3,1,10,2024,2,25,5.0,1300000.0,59929
8076570,1,1,1,10,2024,1,52,3.0,450000.0,44171
8082557,1,1,1,10,2024,1,65,10.0,1300000.0,56986
8038646,1,2,1,10,2024,1,30,8.0,1300000.0,1083
8050248,1,1,1,10,2024,2,38,6.0,400000.0,27454
8043251,1,2,1,10,2024,1,51,11.0,9000000.0,11490
8082625,1,2,1,10,2024,1,19,8.0,1500000.0,57136
8054819,1,1,1,10,2024,1,64,10.0,3900000.0,38141
8040110,1,2,1,10,2024,2,71,3.0,250000.0,4395
8048072,1,1,1,10,2024,1,28,4.0,2200000.0,22980
8079155,1,2,1,10,2024,2,52,4.0,100000.0,49983
8083407,1,2,1,10,2024,1,53,5.0,2600000.0,59005
8041104,1,2,1,10,2024,2,46,8.0,600000.0,6782
8054896,1,1,1,10,2024,2,48,5.0,1300000.0,38310
8081396,1,5,1,10,2024,2,57,5.0,1970000.0,55048
8042759,1,2,1,10,2024,1,29,3.0,1500000.0,10488
8045209,1,1,1,10,2024,1,70,5.0,1200000.0,16646
8047778,1,2,1,10,2024,2,33,8.0,250000.0,22359
8038666,1,1,1,10,2024,2,70,5.0,300000.0,1143
8082123,1,2,1,10,2024,2,32,5.0,250000.0,56139
8044397,1,1,1,10,2024,1,41,5.0,1300000.0,14433
8045316,1,1,1,10,2024,1,50,5.0,2600000.0,16925
8043956,1,2,1,10,2024,2,54,1.0,642000.0,13320
8040891,1,1,1,10,2024,2,21,5.0,1462000.0,6289
8042554,1,1,1,10,2024,1,32,5.0,1500000.0,10057
8084787,1,2,1,10,2024,1,26,8.0,600000.0,61912
8078571,1,1,1,10,2024,1,50,3.0,1300000.0,48693
8056434,1,1,1,10,2024,1,42,5.0,5000000.0,41344
8052837,1,2,1,10,2024,2,53,10.0,3000000.0,33726
8043873,1,2,1,10,2024,2,28,5.0,1700000.0,13102
8077010,1,2,1,10,2024,2,29,8.0,200000.0,45153
8080959,1,2,1,10,2024,2,22,10.0,600000.0,54115
8052422,1,1,1,10,2024,1,48,3.0,600000.0,32757
8084531,1,2,1,10,2024,2,21,4.0,32000.0,61375
8051662,1,1,1,10,2024,2,49,10.0,1580000.0,30719
8053734,1,2,1,10,2024,1,24,10.0,1300000.0,35834
8045681,1,2,1,10,2024,1,57,5.0,700000.0,17916
8077339,1,1,1,10,2024,2,51,5.0,200000.0,46025
8080322,1,2,1,10,2024,1,31,5.0,1300000.0,52853
8044362,1,1,1,10,2024,1,36,9.0,3600000.0,14350
8051412,1,1,1,10,2024,2,62,8.0,1800000.0,30128
8050566,1,2,1,10,2024,1,48,9.0,1300000.0,28333
8055010,1,1,1,10,2024,2,38,10.0,2800000.0,38555
8055762,1,2,1,10,2024,2,52,3.0,400000.0,39905
8084399,1,1,1,10,2024,1,49,9.0,1300000.0,61138
8043503,1,2,1,10,2024,2,66,4.0,500000.0,12173
8041706,1,1,1,10,2024,2,42,8.0,1300000.0,8174
8039305,1,1,1,10,2024,2,44,3.0,400000.0,2839
8039558,1,1,1,10,2024,1,65,11.0,6000000.0,3297
8079673,1,1,1,10,2024,1,22,5.0,1300000.0,51184
8083421,1,1,1,10,2024,2,51,9.0,1300000.0,59033
8082636,1,1,1,10,2024,1,36,5.0,500000.0,57167
8076464,1,2,1,10,2024,2,52,4.0,1550000.0,43916
8077602,1,3,1,10,2024,1,25,5.0,760000.0,46579
8044191,1,1,1,10,2024,1,48,8.0,1430000.0,13857
8083613,1,1,1,10,2024,1,27,5.0,1200000.0,59416
8046081,1,4,1,10,2024,2,32,10.0,5600000.0,18673
8084478,1,1,1,10,2024,1,61,3.0,1300000.0,61263
8045484,1,2,1,10,2024,1,34,5.0,1300000.0,17407
8046526,1,1,1,10,2024,1,38,4.0,1350000.0,19781
8052191,1,1,1,10,2024,1,23,5.0,600000.0,32063
8049369,1,1,1,10,2024,1,42,3.0,1600000.0,25440
8039142,2,1,2,10,2024,1,48,5.0,1200000.0,2427
8083424,1,2,1,10,2024,1,29,10.0,1500000.0,59040
8050641,1,1,1,10,2024,2,36,5.0,1300000.0,28497
8084205,1,2,1,10,2024,1,36,8.0,900000.0,60708
8038557,1,1,1,10,2024,2,40,5.0,1350000.0,898
8044998,1,2,1,10,2024,1,72,4.0,800000.0,16056
8054526,1,2,1,10,2024,1,43,8.0,1800000.0,37469
8043283,1,1,1,10,2024,1,69,3.0,600000.0,11571
8049384,1,1,1,10,2024,2,39,5.0,1060000.0,25484
8085028,1,1,1,10,2024,2,34,5.0,600000.0,62452
8051284,1,1,1,10,2024,2,81,4.0,120000.0,29762
8055027,1,4,1,10,2024,2,32,12.0,1920000.0,38607
8048935,1,1,1,10,2024,1,60,3.0,1000000.0,24621
8043047,1,9,1,10,2024,1,30,1.0,1400000.0,11025
8076078,1,3,1,10,2024,1,19,3.0,200000.0,42937
8077084,1,1,1,10,2024,1,33,8.0,800000.0,45379
8084744,1,1,1,10,2024,1,46,8.0,700000.0,61818
8084199,1,1,1,10,2024,1,47,5.0,1500000.0,60688
8047818,1,3,1,10,2024,2,23,5.0,1300000.0,22444
8077214,1,2,1,10,2024,2,42,4.0,180000.0,45743
8047942,1,1,1,10,2024,2,26,5.0,1620000.0,22723
8055061,1,1,1,10,2024,1,48,5.0,600000.0,38697
8054919,1,3,1,10,2024,2,33,10.0,3000000.0,38363
8048601,1,5,1,10,2024,2,21,8.0,1000000.0,23995
8077779,1,1,1,10,2024,1,27,5.0,1400000.0,46940
8041045,1,2,1,10,2024,2,32,9.0,2400000.0,6666
8054348,1,2,1,10,2024,2,46,10.0,1000000.0,37062
8054555,1,1,1,10,2024,1,26,5.0,1700000.0,37513
8083112,1,4,1,10,2024,1,57,5.0,1600000.0,58365
8046566,1,1,1,10,2024,2,36,8.0,1465000.0,19899
8081036,1,2,1,10,2024,1,57,5.0,1300000.0,54270
8040266,1,2,1,10,2024,2,37,5.0,1300000.0,4799
8043121,1,1,1,10,2024,1,38,6.0,1300000.0,11190
8049804,1,1,1,10,2024,1,70,4.0,1100000.0,26409
8048990,1,2,1,10,2024,1,76,4.0,1000000.0,24713
8052400,1,2,1,10,2024,1,62,1.0,500000.0,32704
8052050,1,1,1,10,2024,1,40,10.0,5500000.0,31703
8040941,1,1,1,10,2024,2,45,5.0,500000.0,6404
8049279,1,2,1,10,2024,2,36,10.0,1800000.0,25267
8043479,1,2,1,10,2024,2,66,8.0,2200000.0,12088
8079693,1,4,1,10,2024,2,36,8.0,1300000.0,51236
8076741,1,1,1,10,2024,1,47,8.0,10000000.0,44585
8076659,1,1,1,10,2024,1,41,12.0,2000000.0,44385
8052484,1,1,1,10,2024,1,67,1.0,300000.0,32894
8080910,1,3,1,10,2024,2,22,12.0,3000000.0,53997
8048718,1,2,1,10,2024,1,68,3.0,1300000.0,24205
8049777,1,1,1,10,2024,1,49,5.0,1200000.0,26326
8056079,1,5,1,10,2024,1,61,9.0,1400000.0,40556
8076650,1,1,1,10,2024,1,38,3.0,2100000.0,44364
8043619,1,3,1,10,2024,1,24,5.0,400000.0,12464
8052363,1,4,1,10,2024,1,22,5.0,750000.0,32575
8078676,1,1,1,10,2024,1,28,10.0,1600000.0,48910
8056318,1,2,1,10,2024,2,28,10.0,2800000.0,41060
8080280,1,6,1,10,2024,1,31,5.0,900000.0,52760
8054615,1,3,1,10,2024,2,31,5.0,240000.0,37636
8042904,1,1,1,10,2024,1,27,10.0,1000000.0,10795
8043512,1,1,1,10,2024,2,64,4.0,150000.0,12208
8081219,1,2,1,10,2024,1,43,6.0,1000000.0,54601
8038826,1,2,1,10,2024,2,25,5.0,1300000.0,1584
8046797,1,1,1,10,2024,2,34,5.0,800000.0,20462
8086753,1,1,1,10,2024,1,24,5.0,1700000.0,64427
8047769,1,1,1,10,2024,2,45,11.0,2800000.0,22334
8044976,1,2,1,10,2024,1,50,8.0,300000.0,15981
8081392,1,2,1,10,2024,2,33,5.0,200000.0,55033
8053222,1,1,1,10,2024,1,53,3.0,1000000.0,34636
8083499,1,3,1,10,2024,1,30,3.0,1200000.0,59204
8082594,1,1,1,10,2024,1,37,5.0,2000000.0,57082
8077236,1,1,1,10,2024,1,24,5.0,2400000.0,45794
8054080,1,4,1,10,2024,2,26,3.0,800000.0,36454
8055383,1,2,1,10,2024,2,37,5.0,650000.0,39295
8053974,1,1,1,10,2024,1,43,5.0,1300000.0,36254
8039379,1,4,1,10,2024,2,32,8.0,1600000.0,2932
8056260,1,2,1,10,2024,2,48,5.0,3000000.0,40966
8045170,1,2,1,10,2024,1,27,4.0,1050000.0,16527
8084779,1,3,1,10,2024,2,28,9.0,1350000.0,61896
8053404,1,2,1,10,2024,2,60,10.0,2500000.0,35133
8038470,1,2,1,10,2024,2,62,3.0,400000.0,710
8077087,1,2,1,10,2024,2,40,5.0,500000.0,45391
8039143,1,1,1,10,2024,1,76,8.0,300000.0,2430
8046913,1,1,1,10,2024,1,54,10.0,4000000.0,20719
8048936,1,1,1,10,2024,1,59,5.0,1500000.0,24623
8048649,1,2,1,10,2024,2,59,10.0,2900000.0,24048
8078804,1,1,1,10,2024,1,46,11.0,2700000.0,49186
8047877,1,3,1,10,2024,1,24,10.0,1300000.0,22608
8086051,1,3,1,10,2024,1,25,5.0,1300000.0,63231
8043803,1,1,1,10,2024,2,34,5.0,180000.0,12950
8075574,1,2,1,10,2024,2,55,5.0,900000.0,41464
8038768,1,2,1,10,2024,1,50,5.0,1000000.0,1460
8038784,1,1,1,10,2024,2,25,5.0,300000.0,1504
8044434,1,1,1,10,2024,1,51,5.0,500000.0,14539
8044454,1,1,1,10,2024,1,34,5.0,1900000.0,14589
8077474,1,1,1,10,2024,1,31,5.0,1300000.0,46319
8047218,1,1,1,10,2024,2,57,3.0,0.0,21220
8040459,1,2,1,10,2024,2,37,9.0,1462000.0,5283
8079735,1,1,1,10,2024,2,35,5.0,80000.0,51368
8086677,1,2,1,10,2024,2,26,11.0,2500000.0,64307
8082887,1,1,1,10,2024,1,57,4.0,0.0,57831
8076530,1,2,1,10,2024,1,59,3.0,800000.0,44099
8047898,1,1,1,10,2024,1,44,4.0,1500000.0,22649
8044367,1,1,1,10,2024,1,74,3.0,800000.0,14364
8046907,1,1,1,10,2024,2,31,4.0,1000000.0,20705
8049536,1,2,1,10,2024,2,25,10.0,120000.0,25698
8086684,1,2,1,10,2024,2,48,5.0,4000000.0,64325
8077986,1,3,1,10,2024,1,78,3.0,1000000.0,47391
8042435,1,1,1,10,2024,1,43,3.0,2800000.0,9801
8040094,1,1,1,10,2024,2,58,10.0,1900000.0,4349
8038813,1,2,1,10,2024,2,43,8.0,1300000.0,1550
8042506,1,1,1,10,2024,1,36,3.0,1300000.0,9966
8078523,1,2,1,10,2024,2,55,5.0,300000.0,48594
8042879,1,1,1,10,2024,2,52,4.0,800000.0,10739
8046287,1,5,1,10,2024,1,36,3.0,200000.0,19166
8052209,1,2,1,10,2024,1,42,4.0,1400000.0,32110
8052657,1,1,1,10,2024,1,68,10.0,5000000.0,33332
8084795,1,1,1,10,2024,2,38,10.0,6800000.0,61930
8048425,1,2,1,10,2024,2,38,8.0,1300000.0,23655
8078661,1,1,1,10,2024,1,53,1.0,400000.0,48892
8081553,1,2,1,10,2024,1,33,5.0,4000000.0,55403
8040864,1,1,1,10,2024,2,42,5.0,1300000.0,6233
8038873,1,2,1,10,2024,2,44,5.0,800000.0,1696
8080319,1,1,1,10,2024,2,66,5.0,300000.0,52846
8084576,1,2,1,10,2024,1,46,12.0,5525000.0,61472
8079632,1,2,1,10,2024,1,48,3.0,1300000.0,51084
8082783,1,2,1,10,2024,2,37,8.0,2400000.0,57564
8047117,1,1,1,10,2024,1,21,5.0,1600000.0,21013
8052516,1,1,1,10,2024,2,38,8.0,2490000.0,32981
8049271,1,1,1,10,2024,1,35,5.0,3200000.0,25242
8075603,1,2,1,10,2024,2,67,3.0,800000.0,41551
8082584,1,1,1,10,2024,2,31,5.0,180000.0,57048
8042841,1,2,1,10,2024,2,25,5.0,1400000.0,10672
8084183,1,1,1,10,2024,1,42,4.0,900000.0,60646
8080009,1,1,1,10,2024,1,31,10.0,8000000.0,52063
8084262,1,1,1,10,2024,2,44,4.0,650000.0,60837
8041062,1,1,1,10,2024,1,44,10.0,20000000.0,6703
8040800,1,1,1,10,2024,2,41,6.0,700000.0,6061
8053553,1,1,1,10,2024,1,58,11.0,6000000.0,35367
8049127,1,4,1,10,2024,2,27,6.0,1500000.0,24969
8041046,1,2,1,10,2024,1,39,3.0,1500000.0,6668
8055384,1,1,1,10,2024,1,30,5.0,1800000.0,39298
8054934,1,1,1,10,2024,2,44,10.0,5700000.0,38392
8076623,1,1,1,10,2024,2,27,5.0,400000.0,44298
8050988,1,2,1,10,2024,2,44,3.0,1700000.0,29395
8054716,1,1,1,10,2024,2,32,10.0,1300000.0,37875
8079894,1,1,1,10,2024,2,55,5.0,1800000.0,51871
8079875,1,1,1,10,2024,1,45,4.0,1300000.0,51815
8042568,1,1,1,10,2024,1,74,3.0,300000.0,10076
8046622,1,1,1,10,2024,2,63,10.0,400000.0,20058
8046713,1,2,1,10,2024,1,52,12.0,5370000.0,20265
8053368,1,1,1,10,2024,1,55,4.0,600000.0,35014
8043198,1,1,1,10,2024,1,63,5.0,1000000.0,11380
8055716,1,1,1,10,2024,2,32,8.0,1300000.0,39880
8040575,1,1,1,10,2024,2,43,5.0,1500000.0,5563
8048458,1,1,1,10,2024,1,35,5.0,1300000.0,23715
8045550,1,1,1,10,2024,2,40,5.0,1300000.0,17576
8075975,1,1,1,10,2024,2,28,5.0,800000.0,42632
8050665,1,1,1,10,2024,2,35,8.0,1500000.0,28544
8083870,1,2,1,10,2024,1,26,9.0,1670000.0,59928
8048198,1,2,1,10,2024,2,45,10.0,2600000.0,23266
8084074,1,1,1,10,2024,1,38,5.0,1500000.0,60441
8044635,1,6,1,10,2024,1,57,5.0,3000000.0,15095
8038524,1,1,1,10,2024,1,30,4.0,1800000.0,829
8052070,1,1,1,10,2024,1,36,3.0,1200000.0,31750
8045960,1,2,1,10,2024,1,45,3.0,1500000.0,18344
8044740,1,4,1,10,2024,1,41,5.0,800000.0,15365
8047579,1,1,1,10,2024,1,28,5.0,1500000.0,21894
8053630,1,2,1,10,2024,2,46,9.0,1300000.0,35571
8046111,1,3,1,10,2024,1,35,5.0,1300000.0,18734
8051040,1,2,1,10,2024,1,46,5.0,300000.0,29533
8082162,1,3,1,10,2024,1,29,8.0,1900000.0,56223
8079199,1,1,1,10,2024,1,72,4.0,120000.0,50105
8080547,1,1,1,10,2024,1,47,5.0,2000000.0,53291
8052171,1,2,1,10,2024,1,32,5.0,1300000.0,32017
8079411,1,1,1,10,2024,1,37,5.0,800000.0,50669
8054222,1,2,1,10,2024,2,36,10.0,2262000.0,36767
8085043,1,7,1,10,2024,2,19,5.0,1500000.0,62518
8084046,1,2,1,10,2024,2,38,4.0,1500000.0,60345
8076231,1,1,1,10,2024,2,50,3.0,30000.0,43349
8052669,1,2,1,10,2024,1,42,5.0,1800000.0,33363
8076116,1,1,1,10,2024,1,40,5.0,720000.0,43047
8051761,1,1,1,10,2024,1,29,11.0,7000000.0,30984
8041922,1,1,1,10,2024,2,31,3.0,960000.0,8615
8045352,1,1,1,10,2024,2,38,6.0,1300000.0,17009
8047565,1,2,1,10,2024,2,26,10.0,2000000.0,21863
8076289,1,1,1,10,2024,1,27,5.0,1500000.0,43500
8046898,1,1,1,10,2024,2,36,11.0,5000000.0,20691
8085747,1,1,1,10,2024,1,59,9.0,5460000.0,62775
8077350,1,1,1,10,2024,2,68,4.0,120000.0,46061
8045451,1,3,1,10,2024,2,30,12.0,6000000.0,17305
8039755,1,1,1,10,2024,1,58,10.0,2400000.0,3662
8056035,1,1,1,10,2024,2,57,4.0,280000.0,40455
8055472,1,1,1,10,2024,1,54,3.0,1200000.0,39421
8052349,1,5,1,10,2024,1,23,8.0,1300000.0,32540
8042595,1,1,1,10,2024,2,50,3.0,180000.0,10112
8045238,1,1,1,10,2024,1,56,4.0,50000.0,16744
8079810,1,5,1,10,2024,2,42,4.0,1450000.0,51619
8044693,1,1,1,10,2024,1,54,4.0,1462000.0,15251
8047170,1,1,1,10,2024,2,32,8.0,1750000.0,21096
8049786,1,1,1,10,2024,1,57,4.0,900000.0,26364
8084570,1,1,1,10,2024,1,38,10.0,9172000.0,61459
8051624,1,2,1,10,2024,1,37,8.0,1400000.0,30629
8084493,2,1,2,10,2024,1,58,4.0,2000000.0,61303
8080669,1,2,1,10,2024,1,47,3.0,400000.0,53547
8040167,1,4,1,10,2024,1,31,5.0,1500000.0,4538
8040666,1,3,1,10,2024,1,20,10.0,320000.0,5739
8042622,1,6,1,10,2024,2,39,10.0,500000.0,10186
8051814,1,2,1,10,2024,1,44,11.0,7000000.0,31121
8044391,1,1,1,10,2024,1,43,5.0,600000.0,14420
8049503,1,1,1,10,2024,2,63,8.0,350000.0,25623
8041488,1,1,1,10,2024,2,53,5.0,600000.0,7689
8055466,1,1,1,10,2024,1,54,10.0,4500000.0,39405
8082316,1,1,1,10,2024,2,51,5.0,600000.0,56452
8049822,1,1,1,10,2024,1,29,3.0,900000.0,26453
8038887,1,2,1,10,2024,1,58,5.0,1000000.0,1732
8043980,1,1,1,10,2024,1,43,3.0,1558500.0,13377
8084377,1,1,1,10,2024,2,64,3.0,900000.0,61086
8046351,1,1,1,10,2024,2,26,8.0,1300000.0,19349
8039988,1,1,1,10,2024,1,35,5.0,1500000.0,4126
8080593,1,1,1,10,2024,2,81,3.0,,53386
8052787,1,2,1,10,2024,2,32,5.0,1300000.0,33594
8084237,1,1,1,10,2024,2,28,10.0,1462000.0,60770
8080135,1,1,1,10,2024,1,46,9.0,1200000.0,52383
8075687,1,1,1,10,2024,1,25,4.0,1050000.0,41818
8043291,1,1,1,10,2024,2,50,3.0,150000.0,11600
8082675,1,1,1,10,2024,1,62,10.0,4000000.0,57295
8045297,1,2,1,10,2024,1,50,4.0,700000.0,16875
8055119,1,1,1,10,2024,2,34,5.0,1300000.0,38727
8041367,1,1,1,10,2024,2,44,4.0,320000.0,7374
8039130,1,3,1,10,2024,1,33,10.0,3800000.0,2399
8079317,1,2,1,10,2024,1,51,4.0,600000.0,50482
8039926,1,3,1,10,2024,2,22,5.0,450000.0,4016
8053287,1,2,1,10,2024,2,54,3.0,900000.0,34792
8084918,1,8,1,10,2024,1,26,5.0,1000000.0,62201
8041963,1,2,1,10,2024,1,15,4.0,75000.0,8745
8086629,1,1,1,10,2024,2,63,10.0,5000000.0,64168
8084476,1,1,1,10,2024,1,44,5.0,330000.0,61258
8083800,1,2,1,10,2024,2,44,12.0,7000000.0,59769
8053731,1,2,1,10,2024,2,57,5.0,100000.0,35829
8052774,1,2,1,10,2024,2,22,5.0,1300000.0,33560
8083291,1,1,1,10,2024,2,36,5.0,1300000.0,58759
8052960,1,2,1,10,2024,2,65,5.0,100000.0,34032
8051863,1,1,1,10,2024,2,35,10.0,2943000.0,31282
8048506,1,4,1,10,2024,2,22,5.0,1300000.0,23807
8081224,1,1,1,10,2024,2,45,3.0,800000.0,54611
8077923,1,1,1,10,2024,1,25,3.0,750000.0,47224
8077192,1,1,1,10,2024,1,42,10.0,1420000.0,45688
8048846,1,5,1,10,2024,2,58,5.0,350000.0,24422
8050691,1,1,1,10,2024,1,26,10.0,3800000.0,28600
8050486,1,1,1,10,2024,2,53,4.0,800000.0,28065
8039647,1,2,1,10,2024,1,62,4.0,500000.0,3431
8044190,1,1,1,10,2024,1,26,5.0,1700000.0,13856
8082747,1,1,1,10,2024,1,52,6.0,2600000.0,57484
8080810,1,1,1,10,2024,1,44,9.0,1300000.0,53802
8044481,1,1,1,10,2024,1,30,5.0,1300000.0,14658
8050070,1,1,1,10,2024,1,37,4.0,900000.0,27046
8038776,1,1,1,10,2024,2,35,5.0,150000.0,1481
8083286,1,3,1,10,2024,1,23,5.0,1300000.0,58744
8053231,1,2,1,10,2024,1,62,8.0,1800000.0,34665
8079961,1,1,1,10,2024,2,43,5.0,600000.0,51976
8046085,1,2,1,10,2024,1,49,9.0,2500000.0,18685
8056399,1,1,1,10,2024,1,23,5.0,1000000.0,41256
8077401,1,1,1,10,2024,1,63,3.0,800000.0,46174
8075584,1,1,1,10,2024,2,53,11.0,5200000.0,41489
8054394,1,1,1,10,2024,1,28,8.0,16000000.0,37165
8043972,1,2,1,10,2024,1,48,3.0,500000.0,13369
8045203,1,1,1,10,2024,1,44,9.0,3000000.0,16627
8082439,1,1,1,10,2024,2,67,11.0,5000000.0,56715
8083325,1,1,1,10,2024,2,27,3.0,1700000.0,58847
8055814,1,1,1,10,2024,1,36,11.0,4000000.0,40039
8051594,1,1,1,10,2024,2,24,5.0,1300000.0,30551
8038987,1,1,1,10,2024,1,43,8.0,1350000.0,1981
8040355,1,2,1,10,2024,2,58,5.0,200000.0,5021
8085721,1,1,1,10,2024,1,32,5.0,400000.0,62699
8041929,1,1,1,10,2024,1,45,10.0,2000000.0,8636
8044496,1,2,1,10,2024,2,29,7.0,1300000.0,14694
8049054,1,2,1,10,2024,1,45,10.0,1300000.0,24838
8075583,1,1,1,10,2024,1,62,4.0,900000.0,41487
8054629,1,2,1,10,2024,2,59,4.0,850000.0,37673
8050325,1,1,1,10,2024,1,52,3.0,1300000.0,27622
8084892,1,5,1,10,2024,1,22,9.0,1300000.0,62143
8046186,1,2,1,10,2024,2,22,5.0,1000000.0,18918
8080178,1,2,1,10,2024,2,59,5.0,100000.0,52493
8078205,1,1,1,10,2024,1,42,10.0,2200000.0,47870
8084774,1,10,1,10,2024,1,48,5.0,1000000.0,61882
8048076,1,2,1,10,2024,2,37,5.0,700000.0,22991
8082321,1,2,1,10,2024,1,61,3.0,1300000.0,56469
8076515,1,1,1,10,2024,1,46,3.0,2000000.0,44055
8055792,1,2,1,10,2024,2,42,5.0,90000.0,39984
8084080,1,1,1,10,2024,2,49,5.0,3000000.0,60454
8084824,1,2,1,10,2024,1,36,11.0,3200000.0,61993
8050125,1,2,1,10,2024,1,59,3.0,1000000.0,27159
8083080,1,3,1,10,2024,2,48,10.0,800000.0,58281
8084889,1,1,1,10,2024,2,65,5.0,500000.0,62130
8045724,1,2,1,10,2024,2,54,10.0,4000000.0,18024
8076072,1,1,1,10,2024,2,55,1.0,160000.0,42921
8039987,1,3,1,10,2024,2,17,5.0,800000.0,4125
8040597,1,1,1,10,2024,1,52,10.0,1500000.0,5623
8050405,1,1,1,10,2024,1,61,5.0,1300000.0,27861
8040551,1,2,1,10,2024,1,61,4.0,600000.0,5484
8079516,1,1,1,10,2024,1,54,3.0,1000000.0,50897
8053619,1,3,1,10,2024,2,48,5.0,1300000.0,35549
8049210,1,3,1,10,2024,2,19,5.0,200000.0,25112
8052036,1,1,1,10,2024,1,61,5.0,2000000.0,31678
8040111,1,2,1,10,2024,1,45,6.0,1368000.0,4397
8047998,1,1,1,10,2024,2,30,5.0,1300000.0,22822
8077166,1,2,1,10,2024,1,25,4.0,960000.0,45616
8082844,1,1,1,10,2024,2,25,5.0,700000.0,57723
8053836,1,1,1,10,2024,1,57,3.0,1500000.0,35981
8049234,1,5,1,10,2024,2,52,3.0,800000.0,25162
8086702,1,2,1,10,2024,1,37,4.0,900000.0,64352
8044074,2,1,2,10,2024,2,26,8.0,900000.0,13597
8077550,1,2,1,10,2024,1,24,8.0,0.0,46451
8042704,1,3,1,10,2024,1,25,5.0,1000000.0,10352
8078162,1,2,1,10,2024,1,32,5.0,1600000.0,47771
8078790,1,1,1,10,2024,1,66,3.0,2100000.0,49167
8083266,1,4,1,10,2024,2,62,5.0,600000.0,58706
8078378,1,1,1,10,2024,1,69,1.0,1000000.0,48290
8042227,1,1,1,10,2024,1,63,11.0,4200000.0,9366
8041460,1,2,1,10,2024,1,59,5.0,1500000.0,7610
8054039,1,2,1,10,2024,1,43,5.0,1700000.0,36361
8048528,1,1,1,10,2024,2,62,3.0,1200000.0,23867
8043632,1,1,1,10,2024,1,34,3.0,700000.0,12485
8077962,1,4,1,10,2024,1,17,5.0,500000.0,47317
8083451,1,2,1,10,2024,2,42,10.0,5200000.0,59102
8084996,1,1,1,10,2024,1,41,10.0,4000000.0,62392
8041822,1,2,1,10,2024,2,36,8.0,1380000.0,8343
8045644,1,4,1,10,2024,1,24,5.0,1300000.0,17825
8085731,1,2,1,10,2024,2,32,5.0,1100000.0,62731
8050288,1,3,1,10,2024,2,29,10.0,2300000.0,27549
8078623,1,2,1,10,2024,1,29,10.0,750000.0,48818
8077800,1,1,1,10,2024,2,24,8.0,1000000.0,46991
8082633,1,1,1,10,2024,1,40,5.0,1500000.0,57155
8043185,1,1,1,10,2024,2,55,3.0,300000.0,11351
8052736,1,1,1,10,2024,1,55,1.0,800000.0,33467
8049075,1,1,1,10,2024,1,44,4.0,1300000.0,24867
8050775,1,1,1,10,2024,2,42,9.0,700000.0,28802
8041175,1,2,1,10,2024,1,52,4.0,600000.0,6984
8043310,1,3,1,10,2024,1,20,5.0,480000.0,11644
8054291,1,3,1,10,2024,1,30,5.0,1300000.0,36899
8045071,1,2,1,10,2024,1,38,5.0,1462000.0,16256
8077037,1,1,1,10,2024,2,39,3.0,400000.0,45230
8079484,1,2,1,10,2024,2,28,10.0,3864000.0,50851
8083022,1,1,1,10,2024,2,65,3.0,180000.0,58147
8047159,1,3,1,10,2024,1,52,10.0,1500000.0,21084
8039157,1,1,1,10,2024,2,48,10.0,3250000.0,2467
8079493,1,3,1,10,2024,2,54,8.0,1300000.0,50862
8079211,1,3,1,10,2024,2,24,10.0,1300000.0,50133
8081120,1,1,1,10,2024,1,61,10.0,1300000.0,54430
8053677,1,2,1,10,2024,2,39,12.0,2300000.0,35673
8044665,1,2,1,10,2024,1,63,6.0,1000000.0,15173
8050053,1,1,1,10,2024,1,46,3.0,2500000.0,27012
8080357,1,3,1,10,2024,2,19,10.0,400000.0,52945
8041993,1,3,1,10,2024,1,36,5.0,1300000.0,8822
8052136,1,3,1,10,2024,1,68,3.0,250000.0,31948
8047000,1,1,1,10,2024,1,32,8.0,1300000.0,20812
8041061,1,1,1,10,2024,2,51,5.0,1000000.0,6700
8041019,1,3,1,10,2024,2,24,5.0,1300000.0,6599
8039521,1,1,1,10,2024,1,44,5.0,2400000.0,3224
8051855,1,1,1,10,2024,1,63,1.0,60000.0,31262
8051591,1,1,1,10,2024,1,29,10.0,900000.0,30543
8043254,1,2,1,10,2024,2,45,5.0,1980000.0,11500
8043808,1,3,1,10,2024,2,39,13.0,5600000.0,12961
8047287,1,1,1,10,2024,1,35,5.0,3200000.0,21361
8046400,1,1,1,10,2024,2,48,10.0,2600000.0,19461
8083825,1,4,1,10,2024,2,34,5.0,1462000.0,59824
8044845,1,1,1,10,2024,1,56,5.0,1050000.0,15645
8048856,1,2,1,10,2024,2,37,5.0,1500000.0,24450
8081809,1,2,1,10,2024,1,29,5.0,600000.0,55773
8043706,1,1,1,10,2024,1,46,11.0,4100000.0,12684
8054641,1,1,1,10,2024,2,56,1.0,728000.0,37694
8079664,1,3,1,10,2024,1,26,5.0,1300000.0,51167
8040912,1,1,1,10,2024,1,41,8.0,2000000.0,6337
8077918,1,4,1,10,2024,1,28,5.0,800000.0,47214
8049188,1,1,1,10,2024,2,36,10.0,5035408.0,25077
8039655,1,1,1,10,2024,2,44,10.0,2800000.0,3438
8043646,1,1,1,10,2024,1,34,5.0,700000.0,12531
8078045,1,1,1,10,2024,2,46,3.0,300000.0,47522
8077600,1,2,1,10,2024,1,39,6.0,2200000.0,46571
8080469,1,1,1,10,2024,1,31,12.0,5000000.0,53136
8041529,1,1,1,10,2024,2,43,5.0,1300000.0,7781
8041300,1,1,1,10,2024,2,32,5.0,1300000.0,7266
8082310,1,1,1,10,2024,1,40,5.0,1300000.0,56444
8075965,1,1,1,10,2024,1,44,1.0,350000.0,42595
8054938,1,1,1,10,2024,1,28,10.0,10000000.0,38401
8046711,1,2,1,10,2024,2,47,11.0,3300000.0,20262
8048057,1,2,1,10,2024,2,34,6.0,400000.0,22933
8047782,1,3,1,10,2024,2,22,8.0,1000000.0,22374
8053371,1,2,1,10,2024,2,43,5.0,700000.0,35034
8079209,1,4,1,10,2024,1,38,8.0,900000.0,50130
8040720,1,2,1,10,2024,1,35,3.0,1200000.0,5855
8080662,1,3,1,10,2024,1,41,8.0,3000000.0,53538
8079991,1,1,1,10,2024,2,55,5.0,1450000.0,52032
8050022,1,2,1,10,2024,1,33,10.0,1600000.0,26919
8076723,1,2,1,10,2024,1,37,12.0,8400000.0,44534
8045417,1,1,1,10,2024,1,54,3.0,1300000.0,17206
8043941,1,1,1,10,2024,1,33,3.0,400000.0,13266
8053544,1,2,1,10,2024,2,58,10.0,1500000.0,35353
8048079,1,4,1,10,2024,1,21,8.0,1600000.0,23002
8045591,1,1,1,10,2024,1,32,11.0,4400000.0,17690
8052570,1,1,1,10,2024,1,63,3.0,1000000.0,33123
8078125,1,1,1,10,2024,1,85,3.0,300000.0,47683
8040574,1,4,1,10,2024,1,22,4.0,600000.0,5559
8048065,1,1,1,10,2024,1,55,8.0,3000000.0,22962
8052404,1,2,1,10,2024,2,59,1.0,100000.0,32714
8043463,1,1,1,10,2024,2,71,1.0,600000.0,12035
8079798,1,1,1,10,2024,2,64,10.0,160000.0,51588
8041483,1,2,1,10,2024,1,21,5.0,600000.0,7673
8052897,1,2,1,10,2024,2,45,3.0,600000.0,33857
8038395,1,2,1,10,2024,2,57,3.0,1280000.0,557
8076505,1,1,1,10,2024,1,35,9.0,3600000.0,44036
8047276,1,1,1,10,2024,2,37,10.0,1500000.0,21340
8050095,1,1,1,10,2024,1,45,3.0,1300000.0,27102
8046248,1,2,1,10,2024,2,51,9.0,6000000.0,19045
8045633,1,2,1,10,2024,2,43,5.0,1300000.0,17786
8043605,1,2,1,10,2024,2,28,5.0,400000.0,12423
8080842,1,2,1,10,2024,2,36,10.0,3000000.0,53872
8075742,1,3,1,10,2024,1,36,5.0,650000.0,41959
8038676,1,4,1,10,2024,1,25,5.0,1300000.0,1168
8046610,1,2,1,10,2024,2,40,5.0,750000.0,20041
8081003,1,1,1,10,2024,1,56,5.0,2000000.0,54196
8077211,1,3,1,10,2024,1,16,4.0,400000.0,45735
8050103,1,1,1,10,2024,1,71,3.0,450000.0,27116
8038679,1,3,1,10,2024,1,33,4.0,1300000.0,1179
8076084,1,1,1,10,2024,1,78,1.0,440000.0,42955
8054684,1,1,1,10,2024,2,68,11.0,1300000.0,37803
8079042,1,2,1,10,2024,2,58,3.0,800000.0,49747
8085779,1,1,1,10,2024,1,36,5.0,1300000.0,62844
8080300,1,2,1,10,2024,2,46,10.0,1300000.0,52799
8054849,1,2,1,10,2024,2,23,5.0,800000.0,38195
8050109,1,2,1,10,2024,2,26,4.0,400000.0,27125
8044643,1,1,1,10,2024,2,58,3.0,200000.0,15116
8054599,1,2,1,10,2024,1,47,10.0,1000000.0,37584
8083257,1,1,1,10,2024,2,65,6.0,60000.0,58679
8083089,1,1,1,10,2024,1,43,5.0,1300000.0,58310
8041853,1,2,1,10,2024,2,36,5.0,1500000.0,8434
8052744,1,3,1,10,2024,1,24,5.0,1200000.0,33488
8054177,1,1,1,10,2024,2,67,5.0,150000.0,36663
8049390,1,8,1,10,2024,2,30,10.0,1400000.0,25498
8039002,1,2,1,10,2024,2,53,12.0,4000000.0,2010
8076763,1,2,1,10,2024,1,67,3.0,500000.0,44642
8081495,1,3,1,10,2024,1,45,5.0,1000000.0,55285
8054006,1,1,1,10,2024,1,43,5.0,1300000.0,36311
8040535,1,3,1,10,2024,1,24,10.0,1300000.0,5458
8083835,1,1,1,10,2024,1,61,5.0,1800000.0,59841
8043582,1,2,1,10,2024,1,26,5.0,800000.0,12368
8041402,1,3,1,10,2024,1,32,5.0,900000.0,7476
8079097,1,1,1,10,2024,1,51,3.0,1280000.0,49856
8046252,1,3,1,10,2024,1,31,8.0,2600000.0,19052
8054746,1,2,1,10,2024,2,58,10.0,2850000.0,37960
8079783,1,1,1,10,2024,1,27,5.0,1300000.0,51560
8084777,1,4,1,10,2024,2,64,4.0,1350000.0,61891
8079458,1,3,1,10,2024,1,30,9.0,1000000.0,50802
8043164,1,1,1,10,2024,1,71,3.0,1500000.0,11308
8040776,1,5,1,10,2024,1,39,3.0,800000.0,6024
8054678,1,2,1,10,2024,1,47,1.0,600000.0,37780
8084077,1,2,1,10,2024,1,63,4.0,1500000.0,60450
8050573,1,2,1,10,2024,2,26,10.0,3000000.0,28346
8078197,1,2,1,10,2024,2,23,6.0,1300000.0,47849
8044470,1,1,1,10,2024,1,36,3.0,2400000.0,14630
8077699,1,1,1,10,2024,1,57,5.0,3800000.0,46768
8044846,1,3,1,10,2024,2,54,8.0,1300000.0,15651
8082859,1,1,1,10,2024,2,43,3.0,550000.0,57752
8080584,1,2,1,10,2024,1,39,4.0,1300000.0,53370
8083970,1,1,1,10,2024,1,54,10.0,1350000.0,60103
8052508,1,1,1,10,2024,1,29,5.0,1200000.0,32959
8083167,1,2,1,10,2024,2,35,12.0,3800000.0,58476
8083519,1,2,1,10,2024,1,40,10.0,1300000.0,59218
8040213,1,1,1,10,2024,2,52,10.0,3500000.0,4683
8085757,1,1,1,10,2024,2,50,12.0,4255000.0,62789
8050372,1,4,1,10,2024,2,27,10.0,3500000.0,27794
8045705,1,1,1,10,2024,2,42,10.0,1300000.0,17977
8052511,1,1,1,10,2024,1,54,1.0,290000.0,32969
8080953,1,2,1,10,2024,1,66,3.0,300000.0,54099
8046671,1,1,1,10,2024,1,67,3.0,500000.0,20168
8044549,1,2,1,10,2024,2,55,5.0,500000.0,14866
8044456,1,3,1,10,2024,2,20,5.0,300000.0,14594
8039181,1,1,1,10,2024,2,44,8.0,2000000.0,2520
8044555,1,1,1,10,2024,2,44,8.0,1800000.0,14883
8051992,1,1,1,10,2024,1,71,3.0,300000.0,31576
8054349,1,1,1,10,2024,1,55,5.0,1460000.0,37065
8079745,1,3,1,10,2024,2,21,5.0,1440000.0,51417
8050596,1,2,1,10,2024,2,56,10.0,1800000.0,28396
8049086,1,1,1,10,2024,2,49,4.0,1120000.0,24886
8038336,1,1,1,10,2024,2,33,10.0,2590000.0,404
8049340,1,1,1,10,2024,2,45,8.0,2500000.0,25400
8051795,1,1,1,10,2024,1,46,5.0,3500000.0,31067
8082204,1,4,1,10,2024,1,68,8.0,2000000.0,56275
8043260,1,1,1,10,2024,1,45,3.0,1700000.0,11514
8084285,1,2,1,10,2024,2,38,8.0,1300000.0,60892
8056379,1,1,1,10,2024,1,51,8.0,7200000.0,41210
8053479,1,2,1,10,2024,1,45,12.0,15000000.0,35232
8082534,1,1,1,10,2024,1,66,4.0,2000000.0,56922
8054310,1,1,1,10,2024,1,57,3.0,1900000.0,36963
8040780,1,1,1,10,2024,1,53,5.0,1300000.0,6030
8053732,1,1,1,10,2024,2,25,5.0,600000.0,35830
8046495,1,4,1,10,2024,2,2,,,19677
8075797,1,1,1,10,2024,2,39,1.0,500000.0,42110
8082591,1,1,1,10,2024,2,48,5.0,60000.0,57071
8043486,1,1,1,10,2024,1,59,4.0,400000.0,12110
8083060,1,4,1,10,2024,1,22,10.0,450000.0,58230
8053917,1,1,1,10,2024,1,70,3.0,100000.0,36135
8083888,1,3,1,10,2024,1,29,5.0,1300000.0,59961
8044842,1,3,1,10,2024,1,40,5.0,1300000.0,15635
8047618,1,2,1,10,2024,2,22,9.0,1300000.0,21991
8044792,1,1,1,10,2024,2,68,3.0,300000.0,15477
8083773,1,2,1,10,2024,1,51,3.0,1472000.0,59733
8039725,1,2,1,10,2024,1,59,5.0,900000.0,3604
8049504,1,1,1,10,2024,1,55,4.0,1200000.0,25625
8046582,1,1,1,10,2024,1,57,12.0,6500000.0,19960
8075769,1,1,1,10,2024,2,60,3.0,800000.0,42020
8045636,1,1,1,10,2024,1,62,5.0,1200000.0,17794
8054147,1,1,1,10,2024,2,27,3.0,900000.0,36594
8077949,1,3,1,10,2024,1,18,4.0,900000.0,47286
8045626,1,2,1,10,2024,1,53,3.0,200000.0,17763
8044502,1,1,1,10,2024,1,35,5.0,1550000.0,14716
8080355,1,1,1,10,2024,1,38,3.0,1450000.0,52937
8049984,1,1,1,10,2024,1,59,3.0,1400000.0,26817
8041416,1,2,1,10,2024,1,24,5.0,0.0,7507
8086358,1,1,1,10,2024,1,61,9.0,3000000.0,63525
8052846,2,2,2,10,2024,1,44,3.0,1000000.0,33749
8082779,1,1,1,10,2024,2,20,4.0,1450000.0,57554
8081141,1,1,1,10,2024,1,20,4.0,900000.0,54468
8043367,1,1,1,10,2024,2,34,5.0,1210000.0,11798
8079636,1,4,1,10,2024,2,24,4.0,200000.0,51094
8044121,1,2,1,10,2024,2,21,6.0,1400000.0,13686
8040710,1,2,1,10,2024,2,58,10.0,3000000.0,5825
8041020,1,1,1,10,2024,2,46,4.0,800000.0,6601
8044803,1,1,1,10,2024,1,42,10.0,5500000.0,15506
8042754,1,2,1,10,2024,1,43,5.0,1800000.0,10481
8038459,1,1,1,10,2024,1,27,3.0,2000000.0,685
8056252,1,2,1,10,2024,2,29,10.0,1000000.0,40943
8079097,1,3,1,10,2024,2,23,5.0,720000.0,49858
8082804,1,1,1,10,2024,1,50,5.0,5000000.0,57631
8044933,1,1,1,10,2024,1,59,4.0,3000000.0,15879
8039586,1,2,1,10,2024,2,32,5.0,1300000.0,3337
8042796,1,1,1,10,2024,2,52,9.0,1450000.0,10575
8082406,1,7,1,10,2024,1,30,5.0,1300000.0,56646
8044112,1,1,1,10,2024,2,51,3.0,800000.0,13672
8042478,1,2,1,10,2024,2,56,10.0,6200000.0,9897
8083145,1,2,1,10,2024,2,21,10.0,200000.0,58438
8044750,1,1,1,10,2024,2,49,8.0,1200000.0,15381
8046204,1,2,1,10,2024,2,66,3.0,250000.0,18963
8076980,1,1,1,10,2024,1,57,10.0,200000.0,45092
8083939,1,3,1,10,2024,1,29,11.0,3000000.0,60004
8054156,1,1,1,10,2024,2,40,5.0,700000.0,36613
8054397,1,1,1,10,2024,1,43,5.0,1200000.0,37173
8053905,1,3,1,10,2024,1,20,9.0,500000.0,36111
8055696,1,1,1,10,2024,2,30,8.0,1300000.0,39848
8050117,1,1,1,10,2024,1,48,3.0,1000000.0,27134
8084285,1,1,1,10,2024,1,39,8.0,1300000.0,60891
8040670,1,1,1,10,2024,1,52,3.0,200000.0,5748
8041533,1,1,1,10,2024,2,43,5.0,2000000.0,7799
8049035,1,1,1,10,2024,2,38,5.0,1300000.0,24793
8047199,1,1,1,10,2024,1,37,4.0,200000.0,21178
8076429,1,1,1,10,2024,2,35,5.0,100000.0,43823
8077604,1,2,1,10,2024,2,35,5.0,1200000.0,46581
8077060,1,3,1,10,2024,1,24,4.0,800000.0,45297
8086376,1,1,1,10,2024,1,61,9.0,3000000.0,63561
8077623,1,1,1,10,2024,1,56,3.0,1200000.0,46612
8046819,1,3,1,10,2024,2,48,5.0,1200000.0,20523
8076629,1,3,1,10,2024,1,20,4.0,1500000.0,44322
8038307,1,2,1,10,2024,2,58,3.0,1300000.0,325
8046116,1,1,1,10,2024,1,28,5.0,800000.0,18751
8086402,1,1,1,10,2024,1,61,9.0,3000000.0,63611
8050684,1,1,1,10,2024,2,58,3.0,400000.0,28586
8077194,1,1,1,10,2024,2,41,3.0,100000.0,45692
8077069,1,1,1,10,2024,1,44,4.0,1300000.0,45324
8082962,1,1,1,10,2024,1,53,3.0,1000000.0,57989
8077204,1,1,1,10,2024,1,62,3.0,1200000.0,45716
8056486,1,1,1,10,2024,2,50,8.0,1600000.0,41422
8076956,1,1,1,10,2024,1,53,3.0,1100000.0,45040
8081329,1,1,1,10,2024,1,55,5.0,1900000.0,54882
8042530,1,3,1,10,2024,1,22,10.0,1462000.0,10010
8040531,1,2,1,10,2024,2,38,10.0,1600000.0,5447
8055680,1,1,1,10,2024,1,33,5.0,1400000.0,39791
8083305,1,3,1,10,2024,1,35,8.0,1300000.0,58793
8078198,1,1,1,10,2024,2,52,5.0,500000.0,47853
8042396,1,2,1,10,2024,2,42,8.0,4200000.0,9716
8053798,1,1,1,10,2024,2,32,5.0,1300000.0,35900
8039080,1,2,1,10,2024,1,40,3.0,1500000.0,2240
8043415,1,1,1,10,2024,2,34,9.0,1900000.0,11915
8079809,1,2,1,10,2024,1,48,8.0,1300000.0,51614
8042621,1,1,1,10,2024,2,41,5.0,900000.0,10177
8038844,1,5,1,10,2024,1,21,10.0,1740000.0,1629
8046345,1,1,1,10,2024,1,25,5.0,1600000.0,19339
8078433,1,1,1,10,2024,1,61,3.0,1000000.0,48387
8053302,1,2,1,10,2024,1,51,8.0,1300000.0,34830
8051020,1,1,1,10,2024,1,33,5.0,1300000.0,29488
8044964,1,1,1,10,2024,2,24,8.0,2100000.0,15953
8046367,1,2,1,10,2024,2,49,3.0,1800000.0,19391
8048685,1,1,1,10,2024,2,42,5.0,1300000.0,24124
8046082,1,1,1,10,2024,1,58,9.0,3000000.0,18675
8078952,1,1,1,10,2024,1,21,3.0,5000000.0,49525
8050361,1,2,1,10,2024,1,27,5.0,1600000.0,27762
8044195,1,1,1,10,2024,2,41,5.0,1300000.0,13863
8075979,1,2,1,10,2024,1,53,4.0,500000.0,42644
8046337,1,6,1,10,2024,2,47,4.0,1900000.0,19320
8052202,1,1,1,10,2024,2,78,1.0,200000.0,32095
8076377,1,1,1,10,2024,1,59,4.0,1000000.0,43701
8076143,2,2,2,10,2024,1,26,5.0,1460000.0,43132
8048510,1,1,1,10,2024,2,37,5.0,540000.0,23815
8083735,1,1,1,10,2024,1,75,1.0,500000.0,59646
8048642,1,2,1,10,2024,1,64,10.0,4000000.0,24041
8052859,1,1,1,10,2024,1,52,8.0,1000000.0,33777
8052042,1,1,1,10,2024,1,56,11.0,3500000.0,31692
8048962,1,1,1,10,2024,1,51,5.0,1800000.0,24681
8044487,1,2,1,10,2024,1,59,5.0,1500000.0,14669
8052861,1,1,1,10,2024,2,69,3.0,31000.0,33780
8047952,1,1,1,10,2024,1,51,10.0,100000000.0,22734
8048928,1,2,1,10,2024,2,41,3.0,500000.0,24607
8052735,1,1,1,10,2024,1,49,1.0,1770000.0,33465
8076936,1,3,1,10,2024,1,34,8.0,800000.0,45011
8041416,1,3,1,10,2024,1,29,5.0,1300000.0,7508
8077454,1,1,1,10,2024,1,42,10.0,6000000.0,46281
8078178,1,2,1,10,2024,2,57,3.0,1000000.0,47808
8075654,1,1,1,10,2024,1,73,3.0,2000000.0,41737
8050851,1,2,1,10,2024,1,51,10.0,2000000.0,29009
8078105,1,2,1,10,2024,2,56,3.0,160000.0,47640
8083806,1,2,1,10,2024,2,44,3.0,60000.0,59784
8049947,1,1,1,10,2024,1,22,6.0,1200000.0,26730
8080006,1,1,1,10,2024,1,46,12.0,20000000.0,52062
8043917,1,1,1,10,2024,1,74,11.0,1800000.0,13214
8076337,1,1,1,10,2024,1,63,3.0,600000.0,43611
8043733,1,1,1,10,2024,2,67,1.0,200000.0,12751
8046054,1,3,1,10,2024,1,26,10.0,900000.0,18604
8054941,1,4,1,10,2024,1,25,5.0,1300000.0,38413
8048515,1,1,1,10,2024,2,62,5.0,600000.0,23829
8045583,1,1,1,10,2024,1,45,10.0,1000000.0,17671
8048098,1,1,1,10,2024,1,46,9.0,1800000.0,23044
8076445,1,1,1,10,2024,1,33,3.0,1200000.0,43864
8054041,1,3,1,10,2024,1,33,5.0,1650000.0,36371
8053354,1,5,1,10,2024,2,36,5.0,550000.0,34973
8043385,1,1,1,10,2024,1,36,1.0,1462000.0,11836
8075777,1,2,1,10,2024,1,43,5.0,0.0,42047
8041182,1,4,1,10,2024,1,36,5.0,1000000.0,7013
8086341,1,1,1,10,2024,1,61,9.0,3000000.0,63493
8076110,1,3,1,10,2024,1,28,3.0,720000.0,43030
8043670,1,2,1,10,2024,1,66,4.0,1300000.0,12604
8077646,1,1,1,10,2024,1,63,3.0,800000.0,46656
8040644,1,3,1,10,2024,1,27,10.0,1300000.0,5702
8050011,1,1,1,10,2024,1,38,6.0,2000000.0,26889
8044110,1,1,1,10,2024,2,50,3.0,950000.0,13668
8083894,1,1,1,10,2024,2,26,5.0,1300000.0,59965
8050477,1,2,1,10,2024,2,26,8.0,1300000.0,28039
8044503,1,1,1,10,2024,1,23,5.0,1300000.0,14717
8041728,1,2,1,10,2024,2,60,3.0,500000.0,8203
8054355,1,1,1,10,2024,1,26,10.0,1300000.0,37073
8077663,1,2,1,10,2024,2,32,5.0,1300000.0,46682
8044881,1,1,1,10,2024,1,47,8.0,1400000.0,15743
8077560,1,1,1,10,2024,1,53,3.0,1600000.0,46474
8055663,1,1,1,10,2024,1,51,10.0,3000000.0,39745
8083978,1,1,1,10,2024,1,31,5.0,1200000.0,60125
8083760,1,1,1,10,2024,2,28,11.0,1900000.0,59694
8076127,1,4,1,10,2024,2,30,5.0,750000.0,43085
8048062,1,1,1,10,2024,1,34,5.0,2000000.0,22953
8043651,1,1,1,10,2024,1,69,1.0,200000.0,12546
8045453,1,1,1,10,2024,2,33,5.0,700000.0,17310
8083201,1,4,1,10,2024,1,22,5.0,1600000.0,58530
8052750,1,1,1,10,2024,2,48,3.0,660000.0,33506
8053609,1,2,1,10,2024,1,57,5.0,1200000.0,35526
8045350,1,1,1,10,2024,2,26,9.0,1300000.0,17006
8078613,1,2,1,10,2024,1,49,5.0,200000.0,48802
8080649,1,1,1,10,2024,2,49,3.0,1300000.0,53507
8049884,1,1,1,10,2024,1,60,5.0,3500000.0,26603
8045141,1,2,1,10,2024,1,31,10.0,1358000.0,16447
8055016,1,1,1,10,2024,2,38,12.0,6883000.0,38574
8054822,1,1,1,10,2024,1,54,6.0,1200000.0,38148
8077906,1,1,1,10,2024,1,74,3.0,3500000.0,47179
8052033,1,2,1,10,2024,2,41,4.0,1400000.0,31676
8045584,1,2,1,10,2024,2,53,5.0,2000000.0,17676
8050468,1,3,1,10,2024,1,22,5.0,1500000.0,28011
8050865,1,1,1,10,2024,1,62,11.0,2800000.0,29040
8044839,1,3,1,10,2024,1,47,3.0,700000.0,15623
8050784,1,1,1,10,2024,2,43,3.0,960000.0,28828
8038986,1,1,1,10,2024,2,32,5.0,1300000.0,1979
8054794,1,1,1,10,2024,1,61,10.0,3000000.0,38075
8077756,1,5,1,10,2024,1,42,6.0,800000.0,46901
8049926,1,1,1,10,2024,1,70,3.0,1120000.0,26695
8042381,1,1,1,10,2024,2,63,11.0,5300000.0,9678
8050539,1,3,1,10,2024,1,22,4.0,1000000.0,28253
8054096,1,1,1,10,2024,2,55,3.0,600000.0,36489
8044042,1,1,1,10,2024,1,25,5.0,1300000.0,13501
8083003,1,4,1,10,2024,2,24,10.0,1580000.0,58090
8043362,1,1,1,10,2024,2,37,8.0,1300000.0,11787
8055813,1,2,1,10,2024,1,51,5.0,400000.0,40034
8039295,1,1,1,10,2024,1,48,5.0,1300000.0,2809
8043867,1,1,1,10,2024,2,67,3.0,300000.0,13086
8047564,1,3,1,10,2024,1,38,5.0,700000.0,21858
8085686,1,1,1,10,2024,2,58,3.0,700000.0,62624
8086859,1,2,1,10,2024,2,54,4.0,1200000.0,64599
8076123,1,1,1,10,2024,1,59,5.0,500000.0,43071
8079149,1,1,1,10,2024,2,60,5.0,1300000.0,49960
8044785,1,2,1,10,2024,1,31,4.0,1200000.0,15458
8038302,1,1,1,10,2024,2,42,10.0,5180000.0,314
8048997,1,1,1,10,2024,1,50,12.0,6500000.0,24730
8075957,1,1,1,10,2024,2,59,3.0,250000.0,42569
8050985,1,1,1,10,2024,2,54,10.0,2600000.0,29387
8044234,1,1,1,10,2024,2,36,5.0,720000.0,13917
8053834,1,1,1,10,2024,1,48,5.0,30000000.0,35977
8045931,1,2,1,10,2024,1,37,5.0,1100000.0,18262
8084854,1,2,1,10,2024,2,63,5.0,1500000.0,62063
8042401,1,1,1,10,2024,2,49,10.0,3600000.0,9729
8047857,1,1,1,10,2024,1,38,3.0,1400000.0,22547
8054507,1,1,1,10,2024,2,45,4.0,800000.0,37420
8083675,1,1,1,10,2024,2,69,3.0,140000.0,59526
8078516,1,1,1,10,2024,2,42,5.0,1000000.0,48576
8075909,1,2,1,10,2024,1,55,4.0,340000.0,42402
8055869,1,1,1,10,2024,1,56,5.0,1000000.0,40166
8084586,1,1,1,10,2024,2,38,5.0,1300000.0,61479
8077113,2,1,2,10,2024,1,22,5.0,400000.0,45466
8049743,1,3,1,10,2024,1,26,9.0,1800000.0,26245
8053956,1,1,1,10,2024,2,42,8.0,1300000.0,36222
8078130,1,1,1,10,2024,1,27,5.0,1400000.0,47691
8078692,1,1,1,10,2024,1,65,6.0,1800000.0,48949
8076903,1,1,1,10,2024,2,60,3.0,1000000.0,44937
8043755,1,1,1,10,2024,2,34,8.0,2200000.0,12814
8040573,1,3,1,10,2024,1,2,,,5554
8046579,1,2,1,10,2024,2,32,8.0,80000.0,19947
8048228,1,6,1,10,2024,1,32,5.0,1300000.0,23299
8052415,1,2,1,10,2024,1,35,10.0,1300000.0,32736
8053387,1,1,1,10,2024,1,59,5.0,300000.0,35079
8046303,1,6,1,10,2024,1,50,3.0,1200000.0,19236
8049780,1,1,1,10,2024,2,66,4.0,900000.0,26332
8054463,1,1,1,10,2024,1,34,11.0,3500000.0,37344
8047448,1,2,1,10,2024,1,25,4.0,800000.0,21650
8042172,1,1,1,10,2024,1,52,5.0,1600000.0,9234
8048806,1,2,1,10,2024,2,47,5.0,300000.0,24333
8044588,1,1,1,10,2024,1,29,5.0,1200000.0,14970
8054144,1,1,1,10,2024,1,52,3.0,500000.0,36585
8048875,1,1,1,10,2024,1,64,4.0,1300000.0,24483
8048450,1,3,1,10,2024,2,18,8.0,480000.0,23701
8084238,1,1,1,10,2024,2,40,10.0,4500000.0,60774
8042753,1,1,1,10,2024,2,30,5.0,1200000.0,10476
8082518,1,2,1,10,2024,1,35,5.0,1050000.0,56888
8041197,1,1,1,10,2024,2,60,5.0,600000.0,7046
8083600,1,1,1,10,2024,2,43,8.0,1900000.0,59386
8050993,1,1,1,10,2024,2,49,10.0,2500000.0,29417
8051967,1,3,1,10,2024,2,37,9.0,1600000.0,31527
8039515,1,2,1,10,2024,2,22,5.0,1800000.0,3204
8054469,1,1,1,10,2024,2,27,10.0,2800000.0,37350
8082334,1,1,1,10,2024,1,29,11.0,2500000.0,56498
8080196,1,1,1,10,2024,1,60,11.0,10000000.0,52537
8044646,1,3,1,10,2024,1,22,5.0,250000.0,15126
8046456,1,3,1,10,2024,1,33,5.0,1500000.0,19584
8076050,1,2,1,10,2024,2,34,5.0,1300000.0,42851
8079428,1,1,1,10,2024,1,33,3.0,2000000.0,50721
8043437,1,1,1,10,2024,1,62,1.0,120000.0,11970
8079475,1,1,1,10,2024,2,40,11.0,6900000.0,50829
8086816,1,4,1,10,2024,2,37,10.0,1700000.0,64540
8078037,1,1,1,10,2024,1,64,3.0,300000.0,47508
8083199,1,2,1,10,2024,2,35,5.0,600000.0,58521
8041904,1,2,1,10,2024,2,30,5.0,1000000.0,8563
8054850,1,1,1,10,2024,1,36,5.0,2200000.0,38207
8042760,1,2,1,10,2024,2,47,3.0,1000000.0,10490
8082727,1,3,1,10,2024,1,50,5.0,1800000.0,57430
8082464,1,2,1,10,2024,1,75,4.0,200000.0,56761
8052265,1,2,1,10,2024,2,34,9.0,800000.0,32285
8042183,1,2,1,10,2024,1,26,10.0,2000000.0,9259
8040813,1,1,1,10,2024,1,68,4.0,900000.0,6085
8076372,1,2,1,10,2024,2,35,3.0,150000.0,43689
8083966,1,2,1,10,2024,1,27,9.0,1300000.0,60093
8038815,1,2,1,10,2024,2,60,3.0,930000.0,1556
8045563,1,1,1,10,2024,1,62,5.0,400000.0,17616
8077190,1,2,1,10,2024,1,30,5.0,1200000.0,45681
8046674,1,1,1,10,2024,1,57,5.0,2800000.0,20174
8048020,1,2,1,10,2024,2,52,10.0,3500000.0,22873
8082791,1,3,1,10,2024,1,41,3.0,1300000.0,57583
8041641,1,1,1,10,2024,1,45,9.0,4500000.0,8040
8081512,1,3,1,10,2024,1,39,8.0,800000.0,55331
8040744,1,2,1,10,2024,1,46,5.0,1300000.0,5917
8048127,1,7,1,10,2024,2,36,5.0,1400000.0,23120
8053594,1,1,1,10,2024,2,62,8.0,2000000.0,35472
8079116,1,1,1,10,2024,2,26,5.0,1000000.0,49887
8038609,1,1,1,10,2024,1,55,10.0,1800000.0,988
8044681,1,4,1,10,2024,2,28,5.0,1300000.0,15221
8050881,1,2,1,10,2024,1,35,4.0,1300000.0,29081
8039946,1,2,1,10,2024,2,26,11.0,1600000.0,4068
8040788,1,2,1,10,2024,1,30,6.0,1200000.0,6039
8082135,1,1,1,10,2024,2,48,5.0,1300000.0,56177
8055276,1,1,1,10,2024,2,36,5.0,850000.0,39083
8045680,1,2,1,10,2024,2,26,10.0,2000000.0,17913
8041700,1,2,1,10,2024,2,45,11.0,8000000.0,8165
8054413,1,2,1,10,2024,1,25,5.0,1300000.0,37210
8076631,1,1,1,10,2024,1,49,10.0,6000000.0,44326
8049209,1,1,1,10,2024,2,40,12.0,2350000.0,25108
8043167,1,5,1,10,2024,1,31,5.0,200000.0,11321
8080306,1,1,1,10,2024,2,59,3.0,1200000.0,52816
8084654,1,1,1,10,2024,2,55,3.0,150000.0,61611
8053305,1,2,1,10,2024,1,22,10.0,2000000.0,34840
8054142,1,1,1,10,2024,1,81,5.0,1000000.0,36581
8047181,1,2,1,10,2024,1,53,5.0,300000.0,21125
8086674,1,2,1,10,2024,1,53,3.0,1000000.0,64289
8046281,1,1,1,10,2024,1,37,8.0,380000.0,19143
8054403,1,2,1,10,2024,2,52,11.0,3200000.0,37192
8045402,1,1,1,10,2024,2,42,10.0,2100000.0,17161
8078104,1,1,1,10,2024,1,32,11.0,320000.0,47636
8076794,1,2,1,10,2024,2,50,11.0,3500000.0,44714
8047862,1,3,1,10,2024,1,24,4.0,900000.0,22570
8077158,1,1,1,10,2024,1,47,3.0,800000.0,45593
8052131,1,2,1,10,2024,2,27,8.0,2400000.0,31935
8040630,1,1,1,10,2024,2,44,4.0,660000.0,5677
8084162,1,1,1,10,2024,1,60,10.0,3000000.0,60574
8075920,1,1,1,10,2024,1,28,5.0,250000.0,42436
8055698,1,1,1,10,2024,1,51,5.0,1500000.0,39857
8045097,1,1,1,10,2024,2,47,3.0,400000.0,16327
8080253,1,1,1,10,2024,2,53,5.0,480000.0,52698
8077764,1,1,1,10,2024,1,60,9.0,1300000.0,46915
8045932,1,1,1,10,2024,1,35,5.0,1200000.0,18264
8052427,1,1,1,10,2024,1,61,3.0,1600000.0,32771
8085809,1,1,1,10,2024,2,47,11.0,4200000.0,62913
8042859,1,1,1,10,2024,2,21,8.0,1600000.0,10717
8041474,1,2,1,10,2024,1,30,5.0,800000.0,7654
8080854,1,1,1,10,2024,2,53,3.0,1000000.0,53892
8043742,1,1,1,10,2024,2,54,5.0,1000000.0,12772
8079331,1,1,1,10,2024,1,43,3.0,580000.0,50509
8079081,1,1,1,10,2024,2,53,5.0,3000000.0,49821
8042607,1,4,1,10,2024,2,23,5.0,1300000.0,10145
8086618,1,3,1,10,2024,2,20,8.0,1300000.0,64138
8055937,1,2,1,10,2024,2,31,5.0,1300000.0,40293
8084651,1,1,1,10,2024,1,29,5.0,1300000.0,61602
8040363,1,2,1,10,2024,1,50,5.0,1000000.0,5033
8086585,1,3,1,10,2024,2,38,5.0,1350000.0,64060
8075603,1,4,1,10,2024,1,44,3.0,900000.0,41553
8084783,1,1,1,10,2024,1,32,10.0,1300000.0,61904
8076589,1,2,1,10,2024,2,40,8.0,2000000.0,44213
8045718,1,1,1,10,2024,2,48,5.0,2600000.0,18012
8055048,1,2,1,10,2024,2,44,5.0,900000.0,38669
8085931,1,1,1,10,2024,2,25,10.0,2500000.0,63053
8041371,1,5,1,10,2024,1,18,4.0,1000000.0,7394
8082943,1,4,1,10,2024,2,39,3.0,700000.0,57958
8046442,1,3,1,10,2024,1,45,8.0,1462000.0,19552
8045794,1,1,1,10,2024,2,29,10.0,5600000.0,18195
8051925,1,1,1,10,2024,1,33,10.0,1300000.0,31419
8046208,1,2,1,10,2024,1,58,3.0,0.0,18973
8075682,1,1,1,10,2024,2,34,3.0,1200000.0,41805
8053888,1,2,1,10,2024,1,65,5.0,1300000.0,36078
8044246,1,2,1,10,2024,1,40,5.0,600000.0,13962
8049729,1,1,1,10,2024,1,39,1.0,1800000.0,26203
8054707,1,2,1,10,2024,1,49,6.0,1600000.0,37847
8052717,1,1,1,10,2024,1,50,3.0,1375000.0,33424
8046812,1,2,1,10,2024,2,36,8.0,1300000.0,20504
8049545,1,2,1,10,2024,1,43,3.0,1200000.0,25720
8043390,1,1,1,10,2024,1,45,3.0,1462000.0,11845
8038357,1,1,1,10,2024,1,57,3.0,1000000.0,458
8044428,1,1,1,10,2024,1,48,5.0,700000.0,14524
8054822,1,2,1,10,2024,2,30,10.0,2600000.0,38149
8051955,1,1,1,10,2024,2,59,11.0,9000000.0,31506
8052746,1,1,1,10,2024,1,61,3.0,500000.0,33496
8078533,1,1,1,10,2024,1,47,3.0,1500000.0,48615
8043318,1,2,1,10,2024,1,23,3.0,1600000.0,11664
8049504,1,2,1,10,2024,2,53,4.0,300000.0,25626
8047477,1,1,1,10,2024,2,40,10.0,2500000.0,21683
8053831,1,2,1,10,2024,1,30,5.0,1300000.0,35972
8056293,1,3,1,10,2024,1,55,6.0,1300000.0,41008
8040718,1,1,1,10,2024,2,37,5.0,1300000.0,5850
8084846,1,1,1,10,2024,1,44,10.0,3500000.0,62036
8082682,1,3,1,10,2024,1,60,5.0,1800000.0,57312
8077993,1,1,1,10,2024,2,40,5.0,640000.0,47411
8083728,1,2,1,10,2024,1,61,3.0,2800000.0,59636
8050080,1,1,1,10,2024,1,59,4.0,600000.0,27066
8045277,1,4,1,10,2024,1,19,5.0,1300000.0,16828
8079335,1,1,1,10,2024,1,40,3.0,1000000.0,50516
8039726,1,3,1,10,2024,2,28,4.0,1500000.0,3609
8076382,1,3,1,10,2024,1,49,4.0,750000.0,43715
8084845,1,2,1,10,2024,1,80,5.0,3000000.0,62035
8056296,1,1,1,10,2024,1,54,3.0,1000000.0,41010
8086403,1,1,1,10,2024,1,61,9.0,3000000.0,63613
8044126,1,1,1,10,2024,1,30,5.0,1400000.0,13696
8049921,1,1,1,10,2024,2,86,1.0,300000.0,26690
8044255,1,2,1,10,2024,1,20,5.0,650000.0,13998
8043208,1,1,1,10,2024,2,30,10.0,3000000.0,11393
8041564,1,1,1,10,2024,1,50,5.0,1500000.0,7862
8039848,1,1,1,10,2024,2,43,8.0,800000.0,3829
8084340,1,1,1,10,2024,1,33,11.0,7388000.0,61001
8042173,1,1,1,10,2024,1,51,8.0,1300000.0,9238
8081495,1,1,1,10,2024,2,71,3.0,120000.0,55283
8047643,1,2,1,10,2024,2,32,10.0,1462000.0,22063
8077117,1,1,1,10,2024,1,64,3.0,900000.0,45477
8079243,1,1,1,10,2024,2,50,5.0,2000000.0,50257
8038891,1,1,1,10,2024,2,47,4.0,1450000.0,1739
8048127,1,5,1,10,2024,2,23,9.0,960000.0,23118
8041904,1,5,1,10,2024,2,25,5.0,1000000.0,8566
8083333,1,2,1,10,2024,1,34,4.0,900000.0,58866
8084838,1,1,1,10,2024,1,33,1.0,2200000.0,62016
8041922,1,7,1,10,2024,1,53,3.0,1300000.0,8621
8042738,1,1,1,10,2024,1,45,3.0,1100000.0,10440
8039109,1,1,1,10,2024,1,59,5.0,2500000.0,2320
8079168,1,4,1,10,2024,1,36,5.0,700000.0,50020
8081903,1,1,1,10,2024,2,36,5.0,500000.0,55824
8041945,1,2,1,10,2024,1,61,4.0,1400000.0,8680
8082326,1,2,1,10,2024,2,63,10.0,4800000.0,56479
8042205,1,2,1,10,2024,2,42,8.0,600000.0,9320
8083190,1,1,1,10,2024,1,60,3.0,800000.0,58492
8041464,1,1,1,10,2024,1,64,3.0,1200000.0,7623
8083206,1,2,1,10,2024,2,24,9.0,1300000.0,58545
8049045,1,4,1,10,2024,2,32,5.0,1300000.0,24814
8044988,1,1,1,10,2024,2,34,10.0,400000.0,16020
8046015,1,2,1,10,2024,1,17,4.0,1000000.0,18498
8054399,1,1,1,10,2024,2,49,5.0,450000.0,37181
8043401,1,3,1,10,2024,2,70,10.0,300000.0,11871
8043728,1,3,1,10,2024,2,32,8.0,600000.0,12740
8041373,1,2,1,10,2024,2,31,5.0,500000.0,7401
8040175,1,4,1,10,2024,1,29,3.0,600000.0,4567
8045131,1,1,1,10,2024,1,31,5.0,200000.0,16426
8055153,1,2,1,10,2024,1,25,5.0,2000000.0,38821
8053713,1,1,1,10,2024,1,37,5.0,500000.0,35784
8082312,1,1,1,10,2024,2,28,5.0,900000.0,56446
8044721,1,4,1,10,2024,2,49,4.0,350000.0,15320
8076087,1,1,1,10,2024,1,65,3.0,600000.0,42963
8076092,1,1,1,10,2024,1,52,3.0,1200000.0,42974
8049321,1,1,1,10,2024,1,45,5.0,1300000.0,25355
8040480,1,1,1,10,2024,1,48,10.0,2200000.0,5332
8056334,1,3,1,10,2024,2,67,7.0,2600000.0,41094
8044945,1,1,1,10,2024,1,57,8.0,2500000.0,15899
8051279,1,2,1,10,2024,1,32,8.0,1300000.0,29749
8038690,1,3,1,10,2024,2,26,5.0,1300000.0,1239
8044013,1,1,1,10,2024,1,50,3.0,1500000.0,13444
8077213,1,1,1,10,2024,1,57,3.0,1120000.0,45741
8044077,1,1,1,10,2024,2,57,4.0,900000.0,13606
8046511,1,6,1,10,2024,2,29,8.0,1300000.0,19732
8041573,1,2,1,10,2024,1,26,5.0,1300000.0,7885
8078601,1,3,1,10,2024,1,23,10.0,900000.0,48766
8086492,1,3,1,10,2024,1,24,4.0,1500000.0,63804
8048051,1,2,1,10,2024,2,29,4.0,1200000.0,22919
8045224,1,2,1,10,2024,1,22,5.0,800000.0,16699
8082836,1,1,1,10,2024,2,49,5.0,1300000.0,57705
8043019,1,2,1,10,2024,1,45,3.0,500000.0,10960
8051353,1,1,1,10,2024,2,42,10.0,380000.0,29975
8078559,1,1,1,10,2024,1,42,5.0,1200000.0,48671
8046637,1,1,1,10,2024,1,50,9.0,1600000.0,20101
8084930,1,1,1,10,2024,1,58,5.0,1500000.0,62227
8043591,1,2,1,10,2024,1,45,3.0,700000.0,12389
8079468,1,3,1,10,2024,2,27,4.0,1300000.0,50814
8082922,1,1,1,10,2024,1,69,4.0,1000000.0,57916
8078826,1,2,1,10,2024,1,70,1.0,900000.0,49238
8049568,1,2,1,10,2024,1,29,3.0,1200000.0,25787
8046498,1,2,1,10,2024,2,41,4.0,800000.0,19680
8043762,1,1,1,10,2024,1,42,10.0,4800000.0,12832
8079440,1,3,1,10,2024,2,24,10.0,4250000.0,50754
8077365,1,1,1,10,2024,1,54,5.0,1600000.0,46092
8055213,1,1,1,10,2024,2,24,8.0,1300000.0,38960
8048048,1,1,1,10,2024,1,55,3.0,200000.0,22906
8079212,1,2,1,10,2024,2,50,1.0,160000.0,50136
8083977,1,2,1,10,2024,1,44,5.0,1700000.0,60124
8084196,1,2,1,10,2024,1,34,3.0,500000.0,60681
8050839,1,2,1,10,2024,1,40,8.0,1300000.0,28974
8044623,1,2,1,10,2024,1,56,5.0,1300000.0,15060
8078536,1,1,1,10,2024,1,56,3.0,1000000.0,48622
8084805,1,1,1,10,2024,1,28,10.0,2000000.0,61942
8038814,1,2,1,10,2024,2,78,3.0,200000.0,1553
8050394,1,2,1,10,2024,2,49,5.0,3000000.0,27836
8044411,1,2,1,10,2024,2,51,11.0,3000000.0,14461
8086103,1,2,1,10,2024,2,42,10.0,2500000.0,63282
8075723,1,1,1,10,2024,1,60,10.0,2800000.0,41906
8051011,1,1,1,10,2024,1,65,3.0,1500000.0,29463
8041043,1,1,1,10,2024,2,26,5.0,1462000.0,6659
8077312,1,1,1,10,2024,1,54,4.0,1300000.0,45963
8039525,1,2,1,10,2024,1,24,5.0,1300000.0,3235
8075901,1,2,1,10,2024,1,46,3.0,1600000.0,42381
8052113,1,1,1,10,2024,1,37,5.0,900000.0,31875
8040098,1,2,1,10,2024,1,30,6.0,1100000.0,4361
8077438,1,1,1,10,2024,2,81,3.0,1200000.0,46249
8076641,1,1,1,10,2024,1,57,3.0,1300000.0,44345
8084602,1,1,1,10,2024,2,64,3.0,200000.0,61501
8082407,1,2,1,10,2024,2,36,10.0,1562000.0,56649
8084432,1,1,1,10,2024,1,27,10.0,1300000.0,61191
8044892,1,3,1,10,2024,2,40,5.0,400000.0,15769
8085766,1,1,1,10,2024,1,38,5.0,500000.0,62806
8040168,1,4,1,10,2024,2,19,5.0,1000000.0,4546
8083888,1,4,1,10,2024,2,22,10.0,800000.0,59962
8055224,1,1,1,10,2024,1,64,3.0,1600000.0,39007
8055648,1,2,1,10,2024,1,25,10.0,280000.0,39693
8041340,1,2,1,10,2024,2,57,3.0,600000.0,7292
8055042,1,2,1,10,2024,2,50,5.0,500000.0,38653
8040022,1,1,1,10,2024,1,27,5.0,1200000.0,4185
8038839,1,1,1,10,2024,2,41,11.0,5200000.0,1613
8052793,1,1,1,10,2024,1,47,4.0,1300000.0,33614
8040882,1,1,1,10,2024,2,31,10.0,3700000.0,6274
8054294,1,1,1,10,2024,2,35,5.0,300000.0,36913
8054851,1,1,1,10,2024,1,35,5.0,1400000.0,38210
8052007,1,1,1,10,2024,2,50,4.0,1300000.0,31613
8077143,1,2,1,10,2024,2,49,4.0,900000.0,45554
8042900,1,3,1,10,2024,2,24,10.0,1300000.0,10788
8038518,1,3,1,10,2024,1,28,4.0,300000.0,810
8052208,1,4,1,10,2024,2,20,8.0,1300000.0,32108
8083048,1,4,1,10,2024,2,24,10.0,2600000.0,58205
8043485,1,1,1,10,2024,1,58,3.0,1800000.0,12106
8083674,1,3,1,10,2024,2,29,5.0,300000.0,59524
8043621,1,1,1,10,2024,2,25,11.0,7300000.0,12467
8049375,1,3,1,10,2024,2,21,8.0,400000.0,25469
8056299,1,1,1,10,2024,1,33,6.0,1000000.0,41017
8042667,1,2,1,10,2024,2,54,10.0,3500000.0,10264
8079880,1,4,1,10,2024,2,32,10.0,400000.0,51837
8053735,1,1,1,10,2024,1,64,3.0,1200000.0,35837
8056246,3,1,3,10,2024,1,40,4.0,1200000.0,40915
8051613,1,2,1,10,2024,2,67,3.0,900000.0,30604
8053910,1,1,1,10,2024,1,32,5.0,1400000.0,36118
8043253,1,1,1,10,2024,1,36,5.0,3500000.0,11493
8043337,1,6,1,10,2024,2,64,3.0,2300000.0,11730
8086659,1,1,1,10,2024,2,21,9.0,1600000.0,64261
8055771,1,1,1,10,2024,2,37,10.0,800000.0,39927
8078581,1,1,1,10,2024,2,52,3.0,300000.0,48726
8048700,1,1,1,10,2024,2,50,4.0,600000.0,24137
8045278,1,1,1,10,2024,2,27,9.0,4000000.0,16829
8042473,1,1,1,10,2024,1,34,5.0,1300000.0,9887
8049028,1,2,1,10,2024,1,37,5.0,800000.0,24787
8084349,1,2,1,10,2024,2,45,5.0,1300000.0,61019
8056480,1,2,1,10,2024,1,38,8.0,1300000.0,41407
8048119,1,2,1,10,2024,2,38,4.0,200000.0,23092
8049258,1,1,1,10,2024,1,31,5.0,1650000.0,25215
8076145,1,1,1,10,2024,1,44,3.0,500000.0,43138
8083974,1,3,1,10,2024,2,20,5.0,1300000.0,60117
8055357,1,2,1,10,2024,2,55,5.0,1300000.0,39234
8075798,1,2,1,10,2024,1,30,3.0,1000000.0,42114
8078694,1,2,1,10,2024,2,39,3.0,600000.0,48952
8054295,1,1,1,10,2024,1,50,12.0,4000000.0,36917
8046628,1,2,1,10,2024,2,37,10.0,1300000.0,20079
8082073,1,1,1,10,2024,2,54,5.0,1300000.0,56062
8049135,1,1,1,10,2024,1,65,3.0,150000.0,24980
8043438,1,1,1,10,2024,1,24,4.0,850000.0,11971
8048551,1,2,1,10,2024,2,56,5.0,1000000.0,23915
8041010,1,2,1,10,2024,2,25,4.0,420000.0,6562
8046298,1,1,1,10,2024,1,64,3.0,30000.0,19217
8056078,1,3,1,10,2024,2,22,10.0,1300000.0,40549
8046458,1,1,1,10,2024,1,19,5.0,1300000.0,19589
8050672,1,2,1,10,2024,2,27,6.0,1700000.0,28557
8076238,1,2,1,10,2024,1,21,4.0,500000.0,43371
8079675,1,2,1,10,2024,2,55,5.0,500000.0,51190
8084656,1,1,1,10,2024,1,45,4.0,400000.0,61619
8049717,1,2,1,10,2024,1,53,3.0,1675000.0,26168
8051735,1,1,1,10,2024,2,29,5.0,1500000.0,30903
8044563,1,1,1,10,2024,1,59,6.0,1900000.0,14902
8083372,1,1,1,10,2024,2,48,9.0,1000000.0,58945
8082039,1,2,1,10,2024,1,56,10.0,1300000.0,56014
8082703,1,1,1,10,2024,1,29,8.0,1500000.0,57361
8045592,1,1,1,10,2024,1,45,13.0,7811000.0,17691
8041207,1,1,1,10,2024,1,24,8.0,1500000.0,7072
8084794,1,1,1,10,2024,1,61,5.0,1800000.0,61928
8042764,1,1,1,10,2024,1,61,5.0,1900000.0,10498
8048490,1,1,1,10,2024,1,72,6.0,1200000.0,23783
8041426,1,1,1,10,2024,2,41,10.0,1800000.0,7533
8040481,1,2,1,10,2024,2,27,10.0,1200000.0,5337
8040417,1,2,1,10,2024,1,26,5.0,1300000.0,5161
8083214,1,2,1,10,2024,1,54,5.0,1300000.0,58569
8038852,1,3,1,10,2024,2,28,11.0,5000000.0,1643
8076088,1,3,1,10,2024,1,22,6.0,250000.0,42969
8079763,1,3,1,10,2024,2,23,4.0,550000.0,51487
8049046,1,2,1,10,2024,1,33,1.0,1300000.0,24816
8084169,1,3,1,10,2024,1,32,8.0,800000.0,60597
8048382,1,1,1,10,2024,2,24,10.0,2000000.0,23593
8076388,1,1,1,10,2024,1,47,5.0,500000.0,43736
8083302,1,2,1,10,2024,1,49,4.0,2000000.0,58786
8050659,1,2,1,10,2024,2,37,8.0,1000000.0,28535
8047982,1,2,1,10,2024,1,28,3.0,160000.0,22789
8040422,1,1,1,10,2024,2,41,10.0,2500000.0,5174
8079910,1,1,1,10,2024,2,24,10.0,2500000.0,51911
8050493,2,3,2,10,2024,2,45,4.0,450000.0,28096
8049929,1,1,1,10,2024,1,25,9.0,800000.0,26699
8039207,1,2,1,10,2024,2,59,10.0,1300000.0,2584
8040087,1,1,1,10,2024,1,63,3.0,1000000.0,4333
8038410,1,2,1,10,2024,2,44,10.0,4000000.0,602
8085018,1,1,1,10,2024,1,58,5.0,2500000.0,62429
8083346,1,1,1,10,2024,1,62,8.0,1000000.0,58903
8046873,1,1,1,10,2024,2,64,3.0,500000.0,20617
8055633,1,1,1,10,2024,1,34,4.0,2000000.0,39647
8076082,1,2,1,10,2024,2,44,4.0,700000.0,42950
8086521,1,3,1,10,2024,1,15,5.0,600000.0,63880
8083476,1,2,1,10,2024,1,31,5.0,1100000.0,59153
8055265,1,2,1,10,2024,2,43,8.0,1000000.0,39067
8045219,1,1,1,10,2024,1,29,9.0,1100000.0,16672
8080380,1,1,1,10,2024,2,31,11.0,3000000.0,53008
8086119,1,1,1,10,2024,2,61,11.0,4000000.0,63318
8038221,1,2,1,10,2024,2,26,6.0,700000.0,95
8042675,1,1,1,10,2024,2,51,8.0,500000.0,10282
8084381,1,1,1,10,2024,1,44,10.0,3500000.0,61093
8080669,1,1,1,10,2024,1,54,5.0,400000.0,53546
8042902,1,1,1,10,2024,1,30,9.0,1350000.0,10792
8079749,1,1,1,10,2024,2,47,3.0,750000.0,51427
8048145,1,3,1,10,2024,1,20,10.0,1300000.0,23172
8044521,1,3,1,10,2024,1,53,5.0,800000.0,14778
8086124,1,2,1,10,2024,2,33,11.0,5526000.0,63329
8040994,1,1,1,10,2024,2,62,4.0,300000.0,6530
8053839,1,1,1,10,2024,1,55,5.0,1800000.0,35985
8078647,1,2,1,10,2024,1,22,5.0,0.0,48862
8038959,1,1,1,10,2024,1,41,11.0,4000000.0,1918
8049052,1,1,1,10,2024,1,38,10.0,3180000.0,24834
8041531,1,7,1,10,2024,1,47,5.0,1680000.0,7792
8077376,1,3,1,10,2024,2,23,8.0,1300000.0,46117
8080382,1,5,1,10,2024,2,29,10.0,1300000.0,53018
8051377,1,1,1,10,2024,2,61,3.0,1060000.0,30030
8038381,1,1,1,10,2024,2,42,8.0,600000.0,521
8039319,1,1,1,10,2024,2,33,8.0,1300000.0,2872
8041698,1,3,1,10,2024,2,24,5.0,800000.0,8159
8038496,1,2,1,10,2024,1,22,5.0,1300000.0,764
8039510,1,2,1,10,2024,1,32,9.0,4500000.0,3200
8078552,1,1,1,10,2024,1,57,3.0,4000000.0,48655
8084864,1,1,1,10,2024,1,54,8.0,1400000.0,62082
8084802,1,1,1,10,2024,1,26,10.0,2700000.0,61939
8038232,1,3,1,10,2024,1,34,3.0,1300000.0,119
8043872,1,3,1,10,2024,1,67,8.0,1400000.0,13099
8050543,1,1,1,10,2024,2,64,3.0,600000.0,28262
8040998,1,2,1,10,2024,1,34,3.0,1000000.0,6539
8086007,1,1,1,10,2024,1,44,5.0,900000.0,63186
8047285,1,3,1,10,2024,1,42,5.0,1200000.0,21360
8038458,1,1,1,10,2024,2,53,9.0,1900000.0,683
8080535,1,3,1,10,2024,1,29,10.0,1700000.0,53262
8041111,1,1,1,10,2024,2,58,3.0,900000.0,6815
8055273,1,1,1,10,2024,1,62,3.0,1000000.0,39076
8041095,1,2,1,10,2024,1,36,10.0,2200000.0,6760
8076338,1,1,1,10,2024,1,57,5.0,1540000.0,43612
8043890,1,1,1,10,2024,1,21,5.0,500000.0,13151
8055770,1,2,1,10,2024,2,21,4.0,150000.0,39926
8053856,1,1,1,10,2024,2,45,4.0,1300000.0,36024
8082669,1,1,1,10,2024,2,31,4.0,1300000.0,57279
8083070,1,1,1,10,2024,1,52,10.0,1300000.0,58252
8049768,1,1,1,10,2024,2,58,3.0,300000.0,26306
8081502,1,1,1,10,2024,1,48,5.0,3500000.0,55301
8044934,1,1,1,10,2024,2,43,5.0,1200000.0,15880
8044153,1,1,1,10,2024,2,35,5.0,1462000.0,13770
8050300,1,1,1,10,2024,2,52,5.0,1300000.0,27560
8080384,1,2,1,10,2024,2,41,10.0,3000000.0,53023
8077807,1,1,1,10,2024,1,38,12.0,2600000.0,46999
8045439,1,2,1,10,2024,1,45,5.0,1300000.0,17262
8044819,1,3,1,10,2024,1,33,5.0,1200000.0,15568
8050255,1,1,1,10,2024,1,43,5.0,2000000.0,27471
8039551,1,2,1,10,2024,2,27,11.0,3000000.0,3287
8054454,1,3,1,10,2024,1,20,5.0,300000.0,37320
8082609,1,2,1,10,2024,2,37,5.0,900000.0,57094
8080323,1,1,1,10,2024,2,44,8.0,1300000.0,52854
8043794,1,1,1,10,2024,1,32,10.0,1700000.0,12929
8043147,1,1,1,10,2024,1,46,3.0,1550000.0,11261
8081523,1,1,1,10,2024,2,32,10.0,2600000.0,55352
8079548,1,1,1,10,2024,2,62,3.0,1050000.0,50964
8048939,1,1,1,10,2024,2,49,3.0,1300000.0,24635
8083574,1,2,1,10,2024,1,26,6.0,1300000.0,59340
8075814,1,1,1,10,2024,2,47,3.0,500000.0,42143
8046631,1,1,1,10,2024,2,26,10.0,2500000.0,20086
8080173,1,2,1,10,2024,2,23,5.0,1000000.0,52477
8077995,1,1,1,10,2024,1,76,3.0,1000000.0,47415
8082821,1,1,1,10,2024,2,28,6.0,1200000.0,57671
8076828,1,1,1,10,2024,1,53,3.0,3000000.0,44774
8045561,1,3,1,10,2024,1,31,5.0,1200000.0,17610
8046254,1,1,1,10,2024,2,24,5.0,150000.0,19054
8043692,1,1,1,10,2024,2,57,3.0,900000.0,12641
8081933,1,2,1,10,2024,1,27,5.0,1300000.0,55878
8054114,1,1,1,10,2024,1,59,3.0,1500000.0,36520
8050997,1,3,1,10,2024,1,46,4.0,1500000.0,29430
8042914,1,1,1,10,2024,1,66,8.0,3000000.0,10808
8043681,1,2,1,10,2024,2,36,10.0,3500000.0,12621
8052393,1,2,1,10,2024,2,28,5.0,250000.0,32679
8052791,1,5,1,10,2024,1,29,5.0,1200000.0,33606
8038480,1,1,1,10,2024,1,38,5.0,2700000.0,727
8045746,1,1,1,10,2024,1,55,4.0,1000000.0,18079
8080255,1,1,1,10,2024,1,31,5.0,1300000.0,52701
8054053,1,1,1,10,2024,1,27,6.0,1400000.0,36396
8086578,1,3,1,10,2024,2,32,5.0,500000.0,64037
8042696,1,1,1,10,2024,2,39,3.0,800000.0,10337
8049502,1,4,1,10,2024,2,35,8.0,400000.0,25621
8054498,1,2,1,10,2024,2,26,9.0,2000000.0,37399
8078326,1,1,1,10,2024,2,34,8.0,1100000.0,48173
8038749,1,2,1,10,2024,1,32,5.0,1020000.0,1394
8050754,1,1,1,10,2024,1,62,5.0,150000.0,28746
8043190,1,1,1,10,2024,1,53,10.0,5800000.0,11366
8056350,1,1,1,10,2024,1,35,5.0,1300000.0,41129
8084758,1,2,1,10,2024,1,29,3.0,700000.0,61855
8044826,1,2,1,10,2024,2,28,5.0,700000.0,15587
8086370,1,1,1,10,2024,1,61,9.0,3000000.0,63549
8044740,2,1,2,10,2024,2,25,8.0,150000.0,15366
8052424,1,1,1,10,2024,2,42,9.0,3000000.0,32767
8055205,1,1,1,10,2024,1,45,12.0,6000000.0,38936
8054901,1,1,1,10,2024,1,53,10.0,12000000.0,38324
8056259,1,3,1,10,2024,2,26,10.0,4000000.0,40964
8048120,1,1,1,10,2024,1,37,3.0,500000.0,23093
8078071,1,3,1,10,2024,1,31,5.0,440000.0,47579
8039195,1,3,1,10,2024,1,34,12.0,5000000.0,2550
8079419,1,2,1,10,2024,1,30,3.0,1000000.0,50694
8043225,1,1,1,10,2024,1,44,8.0,1500000.0,11435
8045144,1,1,1,10,2024,1,69,3.0,0.0,16453
8082291,1,1,1,10,2024,2,47,5.0,1080000.0,56401
8043740,1,2,1,10,2024,2,21,5.0,1800000.0,12768
8043561,1,1,1,10,2024,1,60,11.0,20000000.0,12308
8046109,1,1,1,10,2024,2,39,6.0,2000000.0,18725
8077740,1,1,1,10,2024,1,43,10.0,13000000.0,46859
8077981,1,3,1,10,2024,2,26,5.0,1800000.0,47374
8040646,1,1,1,10,2024,1,36,5.0,2800000.0,5707
8081911,1,1,1,10,2024,1,46,5.0,1300000.0,55841
8077963,1,2,1,10,2024,1,73,1.0,600000.0,47320
8050790,1,1,1,10,2024,2,23,10.0,2500000.0,28846
8051673,1,1,1,10,2024,1,42,3.0,1500000.0,30745
8079187,1,2,1,10,2024,1,32,1.0,600000.0,50075
8045215,1,2,1,10,2024,2,32,10.0,1300000.0,16663
8081496,1,1,1,10,2024,2,43,5.0,240000.0,55286
8054619,1,2,1,10,2024,2,30,5.0,800000.0,37647
8077598,1,2,1,10,2024,1,33,5.0,1700000.0,46565
8045927,1,1,1,10,2024,2,57,5.0,400000.0,18247
8055445,1,1,1,10,2024,1,41,10.0,2800000.0,39383
8075951,1,1,1,10,2024,2,38,3.0,160000.0,42542
8081375,1,3,1,10,2024,2,52,10.0,3328000.0,54975
8052394,1,1,1,10,2024,1,54,4.0,900000.0,32682
8083136,1,2,1,10,2024,2,62,4.0,300000.0,58416
8050876,1,1,1,10,2024,2,46,10.0,1300000.0,29066
8039707,1,1,1,10,2024,1,28,4.0,400000.0,3555
8049870,1,1,1,10,2024,2,35,10.0,2800000.0,26554
8056200,1,1,1,10,2024,1,32,5.0,2340000.0,40783
8046422,1,1,1,10,2024,2,43,9.0,1652000.0,19508
8076524,1,1,1,10,2024,1,58,3.0,400000.0,44088
8044479,1,1,1,10,2024,1,40,5.0,1300000.0,14656
8039670,1,1,1,10,2024,1,49,10.0,2800000.0,3480
8041351,1,1,1,10,2024,1,53,5.0,2000000.0,7325
8039790,1,1,1,10,2024,1,35,5.0,200000.0,3726
8055866,1,2,1,10,2024,2,26,10.0,1300000.0,40159
8084308,1,2,1,10,2024,1,18,3.0,250000.0,60930
8055184,1,1,1,10,2024,1,28,5.0,1300000.0,38898
8048033,1,3,1,10,2024,1,34,5.0,1300000.0,22889
8082307,1,1,1,10,2024,1,40,5.0,1300000.0,56437
8078554,1,1,1,10,2024,1,50,6.0,1200000.0,48658
8048122,1,3,1,10,2024,1,21,10.0,12000.0,23102
8042908,1,1,1,10,2024,1,40,4.0,1500000.0,10799
8042804,1,1,1,10,2024,1,30,4.0,800000.0,10596
8077223,1,1,1,10,2024,2,62,3.0,1400000.0,45758
8043999,1,1,1,10,2024,2,41,5.0,300000.0,13413
8080961,1,1,1,10,2024,1,41,5.0,6000000.0,54121
8081220,1,1,1,10,2024,2,56,10.0,534000.0,54603
8085745,1,2,1,10,2024,1,34,4.0,600000.0,62772
8043387,1,1,1,10,2024,2,37,4.0,1300000.0,11840
8043998,1,1,1,10,2024,2,39,5.0,1000000.0,13409
8041968,1,1,1,10,2024,2,44,3.0,1780000.0,8758
8038871,1,1,1,10,2024,2,29,4.0,500000.0,1691
8044609,1,2,1,10,2024,1,22,10.0,650000.0,15027
8082049,1,1,1,10,2024,1,25,5.0,900000.0,56025
8045208,1,1,1,10,2024,1,60,1.0,288000.0,16643
8050557,1,2,1,10,2024,2,41,10.0,2450000.0,28301
8046529,1,1,1,10,2024,2,52,8.0,1300000.0,19793
8077134,1,1,1,10,2024,2,20,5.0,720000.0,45524
8052347,1,1,1,10,2024,1,45,4.0,1000000.0,32525
8080236,1,1,1,10,2024,1,43,8.0,3480000.0,52642
8084173,1,1,1,10,2024,2,54,4.0,1092000.0,60605
8048455,1,2,1,10,2024,2,22,10.0,1300000.0,23709
8078936,1,1,1,10,2024,1,71,1.0,6000000.0,49489
8053601,1,2,1,10,2024,1,32,5.0,1600000.0,35495
8046171,1,1,1,10,2024,2,37,3.0,1000000.0,18869
8040296,1,3,1,10,2024,1,45,5.0,800000.0,4892
8043333,1,4,1,10,2024,2,29,10.0,4800000.0,11710
8084250,1,1,1,10,2024,1,66,4.0,120000.0,60809
8082023,1,1,1,10,2024,2,51,3.0,550000.0,55991
8084064,1,3,1,10,2024,1,32,10.0,3000000.0,60406
8081638,1,1,1,10,2024,2,48,11.0,3200000.0,55518
8045183,1,1,1,10,2024,1,43,10.0,3700000.0,16569
8043404,1,2,1,10,2024,1,43,11.0,5500000.0,11885
8046326,1,2,1,10,2024,2,45,5.0,600000.0,19291
8051233,1,1,1,10,2024,1,55,9.0,1600000.0,29634
8084947,1,1,1,10,2024,2,39,1.0,1000000.0,62259
8038600,1,3,1,10,2024,1,56,4.0,900000.0,961
8077904,1,1,1,10,2024,1,47,3.0,1000000.0,47176
8080379,1,2,1,10,2024,2,40,10.0,1300000.0,53007
8040179,1,2,1,10,2024,2,45,11.0,2000000.0,4583
8077083,1,2,1,10,2024,2,23,10.0,2000000.0,45378
8044341,1,2,1,10,2024,1,34,9.0,2235000.0,14284
8086278,1,1,1,10,2024,1,67,10.0,4500000.0,63386
8077984,1,1,1,10,2024,2,28,4.0,600000.0,47384
8043289,1,1,1,10,2024,2,43,5.0,1200000.0,11591
8080013,1,2,1,10,2024,2,28,10.0,2900000.0,52065
8040592,1,1,1,10,2024,1,43,8.0,1500000.0,5611
8075817,1,2,1,10,2024,1,64,5.0,800000.0,42157
8081652,1,2,1,10,2024,1,40,4.0,250000.0,55555
8040493,1,1,1,10,2024,1,27,5.0,3000000.0,5365
8080172,1,1,1,10,2024,2,60,12.0,4500000.0,52473
8052767,1,1,1,10,2024,1,32,5.0,1300000.0,33546
8040064,1,1,1,10,2024,1,35,8.0,1300000.0,4293
8052990,1,1,1,10,2024,1,43,5.0,1200000.0,34146
8081599,1,2,1,10,2024,1,23,3.0,400000.0,55461
8077591,1,2,1,10,2024,1,23,5.0,700000.0,46552
8054453,1,4,1,10,2024,1,25,3.0,700000.0,37316
8050127,1,1,1,10,2024,1,50,3.0,1700000.0,27161
8038699,1,2,1,10,2024,1,53,5.0,1300000.0,1263
8085090,1,1,1,10,2024,2,46,8.0,800000.0,62594
8082483,1,2,1,10,2024,1,38,4.0,250000.0,56813
8050423,1,3,1,10,2024,2,22,5.0,1200000.0,27892
8077551,1,1,1,10,2024,1,52,3.0,1000000.0,46452
8049552,1,1,1,10,2024,1,47,5.0,1400000.0,25740
8052474,1,2,1,10,2024,2,22,3.0,200000.0,32868
8047633,1,1,1,10,2024,2,56,5.0,1460000.0,22031
8049727,1,2,1,10,2024,2,35,4.0,1150000.0,26199
8052831,1,2,1,10,2024,2,30,4.0,800000.0,33709
8079681,1,1,1,10,2024,1,44,5.0,1500000.0,51206
8079525,1,3,1,10,2024,2,27,5.0,1300000.0,50920
8050060,1,1,1,10,2024,1,52,4.0,2160000.0,27024
8080105,1,1,1,10,2024,1,50,10.0,2300000.0,52296
8046827,1,1,1,10,2024,1,25,5.0,1200000.0,20537
8081514,1,1,1,10,2024,2,77,3.0,,55335
8050464,1,2,1,10,2024,1,60,4.0,500000.0,27997
8052945,1,3,1,10,2024,2,40,5.0,900000.0,33993
8055925,1,1,1,10,2024,1,59,9.0,1000000.0,40276
8079069,1,3,1,10,2024,1,26,9.0,1700000.0,49802
8086513,1,3,1,10,2024,2,36,5.0,1300000.0,63852
8042146,1,1,1,10,2024,1,59,3.0,450000.0,9162
8055267,1,1,1,10,2024,2,43,10.0,4000000.0,39073
8044136,1,6,1,10,2024,2,30,8.0,1694000.0,13728
8084109,1,3,1,10,2024,2,40,5.0,1300000.0,60524
8082350,1,1,1,10,2024,1,30,10.0,3200000.0,56536
8077933,1,1,1,10,2024,1,30,3.0,900000.0,47260
8046126,1,1,1,10,2024,2,50,10.0,2400000.0,18772
8052924,1,1,1,10,2024,1,61,1.0,400000.0,33925
8083943,1,4,1,10,2024,2,30,6.0,1000000.0,60017
8041872,1,2,1,10,2024,2,45,11.0,5664000.0,8489
8053996,1,1,1,10,2024,2,55,5.0,1300000.0,36295
8051803,1,2,1,10,2024,2,32,10.0,1900000.0,31093
8078836,1,2,1,10,2024,1,34,8.0,2000000.0,49267
8053222,1,4,1,10,2024,1,23,9.0,0.0,34639
8041207,1,2,1,10,2024,1,24,5.0,780000.0,7073
8045508,1,2,1,10,2024,1,27,8.0,400000.0,17477
8042310,1,3,1,10,2024,1,72,8.0,300000.0,9532
8076516,1,5,1,10,2024,2,39,5.0,1000000.0,44067
8055406,1,1,1,10,2024,1,56,5.0,3500000.0,39343
8046465,1,1,1,10,2024,2,36,10.0,1600000.0,19606
8042420,1,1,1,10,2024,1,25,8.0,2000000.0,9769
8053205,1,2,1,10,2024,1,32,5.0,1800000.0,34602
8041176,1,1,1,10,2024,2,41,5.0,1300000.0,6988
8077320,1,1,1,10,2024,2,63,3.0,1600000.0,45985
8056088,1,1,1,10,2024,1,35,5.0,1400000.0,40573
8080149,1,1,1,10,2024,1,50,8.0,1800000.0,52421
8056392,1,1,1,10,2024,2,30,4.0,700000.0,41239
8039789,1,1,1,10,2024,1,37,4.0,1000000.0,3721
8081480,1,6,1,10,2024,2,40,10.0,180000.0,55248
8077380,1,1,1,10,2024,1,45,1.0,1300000.0,46128
8041444,1,1,1,10,2024,1,60,4.0,1300000.0,7579
8039015,1,1,1,10,2024,1,35,8.0,1600000.0,2034
8076356,1,2,1,10,2024,1,50,5.0,1000000.0,43649
8054116,2,1,2,10,2024,2,65,5.0,1300000.0,36527
8047872,1,1,1,10,2024,1,44,10.0,2500000.0,22588
8075844,1,1,1,10,2024,2,61,10.0,4600000.0,42225
8049817,1,1,1,10,2024,1,68,3.0,1100000.0,26437
8046752,1,1,1,10,2024,1,50,10.0,1500000.0,20358
8044974,1,1,1,10,2024,2,43,11.0,8000000.0,15973
8080251,1,4,1,10,2024,1,21,5.0,350000.0,52692
8046731,1,2,1,10,2024,2,30,10.0,2100000.0,20317
8043152,1,1,1,10,2024,1,26,5.0,1300000.0,11276
8038689,1,1,1,10,2024,1,63,1.0,1500000.0,1230
8050565,1,1,1,10,2024,1,41,11.0,8000000.0,28328
8053384,1,1,1,10,2024,2,61,3.0,500000.0,35068
8052390,1,2,1,10,2024,1,45,4.0,1300000.0,32669
8078252,1,1,1,10,2024,2,40,6.0,300000.0,47985
8048683,1,1,1,10,2024,2,43,5.0,1300000.0,24110
8055382,1,1,1,10,2024,1,56,5.0,1800000.0,39291
8078378,1,2,1,10,2024,2,57,1.0,1300000.0,48291
8046082,1,2,1,10,2024,2,54,8.0,2000000.0,18676
8078152,1,1,1,10,2024,1,30,5.0,1300000.0,47746
8054802,1,1,1,10,2024,1,57,5.0,1000000.0,38100
8047964,1,1,1,10,2024,1,25,5.0,1300000.0,22750
8084066,1,2,1,10,2024,2,27,8.0,3500000.0,60411
8041129,1,1,1,10,2024,1,62,3.0,1200000.0,6874
8041146,1,3,1,10,2024,2,52,3.0,1700000.0,6906
8048151,1,1,1,10,2024,1,77,3.0,640000.0,23188
8046635,1,1,1,10,2024,1,55,9.0,4200000.0,20095
8051747,1,1,1,10,2024,2,49,5.0,1300000.0,30941
8084268,1,1,1,10,2024,1,46,11.0,650000.0,60849
8077088,1,1,1,10,2024,1,44,6.0,800000.0,45393
8054759,1,1,1,10,2024,2,53,3.0,750000.0,37991
8038709,1,3,1,10,2024,2,19,9.0,300000.0,1291
8082871,1,2,1,10,2024,2,25,5.0,1300000.0,57794
8055423,1,2,1,10,2024,2,30,10.0,2500000.0,39362
8078577,1,1,1,10,2024,2,19,10.0,1500000.0,48716
8045113,1,1,1,10,2024,2,58,3.0,600000.0,16367
8038605,1,1,1,10,2024,1,44,9.0,12000000.0,978
8054999,1,2,1,10,2024,2,25,6.0,1700000.0,38522
8045635,1,2,1,10,2024,2,55,10.0,1600000.0,17792
8080521,1,3,1,10,2024,1,29,4.0,1300000.0,53226
8054754,1,2,1,10,2024,1,59,4.0,1000000.0,37975
8042220,1,2,1,10,2024,2,64,5.0,3000000.0,9348
8077957,1,2,1,10,2024,1,22,4.0,700000.0,47306
8079703,1,3,1,10,2024,2,28,10.0,2000000.0,51243
8081784,1,2,1,10,2024,1,28,5.0,1000000.0,55742
8077287,1,1,1,10,2024,2,34,8.0,1300000.0,45926
8049176,1,1,1,10,2024,1,56,3.0,1000000.0,25056
8081337,1,3,1,10,2024,1,27,5.0,900000.0,54892
8045710,1,2,1,10,2024,2,37,10.0,2200000.0,17988
8052929,1,1,1,10,2024,1,34,4.0,800000.0,33938
8076378,1,1,1,10,2024,1,44,3.0,1170000.0,43703
8045020,1,3,1,10,2024,1,23,4.0,1300000.0,16132
8052553,1,3,1,10,2024,1,35,5.0,700000.0,33079
8044346,1,2,1,10,2024,1,25,3.0,1300000.0,14303
8045524,1,1,1,10,2024,1,31,5.0,1600000.0,17523
8045624,1,4,1,10,2024,1,28,10.0,2000000.0,17757
8038365,1,1,1,10,2024,2,43,4.0,1000000.0,478
8041571,1,1,1,10,2024,1,34,5.0,1500000.0,7880
8040181,1,2,1,10,2024,2,42,5.0,1000000.0,4591
8038519,1,3,1,10,2024,1,25,12.0,1300000.0,814
8044501,1,3,1,10,2024,2,29,4.0,140000.0,14711
8084209,1,4,1,10,2024,2,28,9.0,700000.0,60720
8042636,1,1,1,10,2024,2,47,3.0,500000.0,10212
8043161,1,1,1,10,2024,1,46,4.0,1300000.0,11301
8054014,1,1,1,10,2024,1,30,11.0,2000000.0,36330
8039206,1,1,1,10,2024,1,18,5.0,1300000.0,2581
8085761,1,1,1,10,2024,1,73,3.0,350000.0,62795
8086809,1,1,1,10,2024,1,27,6.0,1400000.0,64525
8040854,1,1,1,10,2024,1,32,9.0,2600000.0,6193
8077584,1,1,1,10,2024,1,60,4.0,1800000.0,46542
8046931,1,2,1,10,2024,2,49,8.0,600000.0,20763
8050630,1,2,1,10,2024,2,29,10.0,1300000.0,28471
8048813,1,1,1,10,2024,1,48,8.0,1200000.0,24344
8043516,1,2,1,10,2024,1,42,8.0,2400000.0,12216
8040589,1,6,1,10,2024,1,21,5.0,300000.0,5603
8077810,1,1,1,10,2024,1,66,4.0,1300000.0,47009
8052005,1,2,1,10,2024,2,25,8.0,1600000.0,31611
8039565,1,1,1,10,2024,2,69,5.0,1300000.0,3305
8045230,1,1,1,10,2024,2,70,3.0,560000.0,16718
8056472,1,1,1,10,2024,2,21,5.0,1200000.0,41393
8078030,1,2,1,10,2024,2,34,5.0,400000.0,47497
8043899,1,1,1,10,2024,2,55,12.0,3900000.0,13169
8046930,1,1,1,10,2024,2,26,10.0,200000.0,20759
8075959,1,1,1,10,2024,1,63,3.0,300000.0,42575
8053939,1,4,1,10,2024,2,39,8.0,1300000.0,36192
8082309,1,2,1,10,2024,2,37,5.0,1500000.0,56443
8050599,1,1,1,10,2024,1,27,9.0,1300000.0,28402
8082692,1,4,1,10,2024,1,29,5.0,1520000.0,57338
8042159,1,1,1,10,2024,1,46,10.0,1800000.0,9205
8048834,1,2,1,10,2024,1,53,3.0,1000000.0,24396
8045517,1,1,1,10,2024,2,56,10.0,5943000.0,17505
8045808,1,2,1,10,2024,2,31,10.0,2700000.0,18228
8083950,1,2,1,10,2024,1,38,6.0,1300000.0,60045
8084232,1,1,1,10,2024,2,48,10.0,900000.0,60761
8083481,1,3,1,10,2024,1,20,5.0,1400000.0,59168
8083673,1,1,1,10,2024,1,36,8.0,1300000.0,59521
8077150,1,1,1,10,2024,1,52,3.0,800000.0,45570
8040711,1,1,1,10,2024,2,56,10.0,3700000.0,5827
8047134,1,2,1,10,2024,2,32,9.0,1300000.0,21037
8082645,1,2,1,10,2024,2,59,5.0,1200000.0,57194
8050822,1,1,1,10,2024,1,56,10.0,8500000.0,28934
8045614,1,2,1,10,2024,1,49,5.0,1600000.0,17717
8078994,1,4,1,10,2024,2,15,4.0,600000.0,49624
8082454,1,1,1,10,2024,2,32,4.0,500000.0,56736
8039654,1,1,1,10,2024,2,29,10.0,4600000.0,3437
8048971,1,1,1,10,2024,2,25,11.0,3500000.0,24695
8043347,1,1,1,10,2024,2,64,10.0,12000000.0,11754
8082501,1,1,1,10,2024,2,78,3.0,20000.0,56858
8045262,1,2,1,10,2024,1,33,5.0,1300000.0,16785
8084789,1,3,1,10,2024,2,24,11.0,1500000.0,61918
8082776,1,1,1,10,2024,2,46,5.0,500000.0,57543
8077067,1,1,1,10,2024,1,78,3.0,500000.0,45320
8050044,1,1,1,10,2024,1,31,4.0,1500000.0,26978
8075691,1,1,1,10,2024,1,47,1.0,1200000.0,41830
8075639,1,2,1,10,2024,1,38,4.0,900000.0,41688
8080038,1,4,1,10,2024,2,60,5.0,2300000.0,52114
8085054,1,1,1,10,2024,1,40,8.0,3200000.0,62535
8048949,1,1,1,10,2024,1,78,3.0,1300000.0,24653
8039113,1,1,1,10,2024,1,50,8.0,1000000.0,2335
8082378,1,1,1,10,2024,2,30,8.0,1000000.0,56590
8083878,1,1,1,10,2024,1,30,10.0,3000000.0,59947
8040635,1,1,1,10,2024,2,36,5.0,240000.0,5689
8046311,1,3,1,10,2024,1,32,5.0,1400000.0,19258
8083844,1,3,1,10,2024,2,38,9.0,2400000.0,59870
8052578,1,1,1,10,2024,1,31,5.0,2200000.0,33151
8040972,1,3,1,10,2024,1,25,5.0,1500000.0,6478
8050316,1,1,1,10,2024,1,62,4.0,1400000.0,27589
8083531,1,1,1,10,2024,1,65,4.0,1200000.0,59247
8044301,1,2,1,10,2024,2,41,5.0,3500000.0,14177
8043254,1,5,1,10,2024,1,24,5.0,1300000.0,11503
8084280,1,2,1,10,2024,1,34,10.0,4000000.0,60877
8082965,1,2,1,10,2024,1,41,3.0,1400000.0,58001
8039546,1,1,1,10,2024,1,24,10.0,1300000.0,3272
8079138,1,4,1,10,2024,2,43,9.0,1500000.0,49933
8076772,1,1,1,10,2024,1,46,11.0,5000000.0,44658
8053011,1,1,1,10,2024,1,46,3.0,500000.0,34205
8046333,1,1,1,10,2024,2,40,5.0,1300000.0,19309
8045743,1,3,1,10,2024,2,36,5.0,1300000.0,18067
8040317,1,4,1,10,2024,2,20,5.0,650000.0,4941
8056041,1,1,1,10,2024,1,51,3.0,400000.0,40471
8047086,1,2,1,10,2024,2,45,8.0,350000.0,20960
8042390,1,3,1,10,2024,2,26,5.0,1300000.0,9703
8038304,1,1,1,10,2024,2,39,8.0,1300000.0,319
8083225,1,2,1,10,2024,1,26,5.0,1300000.0,58603
8079318,1,1,1,10,2024,2,53,5.0,600000.0,50485
8084812,1,1,1,10,2024,1,29,11.0,2500000.0,61957
8055156,1,3,1,10,2024,1,40,5.0,900000.0,38832
8049085,1,1,1,10,2024,1,53,5.0,3000000.0,24884
8050601,1,2,1,10,2024,2,32,10.0,1900000.0,28408
8086407,1,1,1,10,2024,1,61,9.0,3000000.0,63621
8042203,1,1,1,10,2024,2,60,10.0,0.0,9313
8044361,1,3,1,10,2024,1,27,8.0,2800000.0,14349
8086819,1,3,1,10,2024,2,18,4.0,150000.0,64549
8049895,1,3,1,10,2024,1,20,5.0,500000.0,26630
8080588,1,1,1,10,2024,2,26,8.0,1300000.0,53375
8044447,1,3,1,10,2024,1,33,1.0,60000.0,14572
8076514,1,2,1,10,2024,2,50,3.0,50000.0,44053
8056129,1,1,1,10,2024,2,48,8.0,1300000.0,40653
8043268,1,1,1,10,2024,1,42,4.0,1350000.0,11534
8041337,1,1,1,10,2024,2,28,5.0,800000.0,7278
8049183,1,6,1,10,2024,2,44,8.0,1300000.0,25071
8047562,1,7,1,10,2024,2,38,10.0,4800000.0,21854
8045588,1,2,1,10,2024,1,34,10.0,1462000.0,17684
8084868,1,1,1,10,2024,2,35,6.0,1400000.0,62089
8049872,1,4,1,10,2024,1,18,3.0,600000.0,26562
8039507,1,4,1,10,2024,2,25,5.0,1300000.0,3195
8043843,1,1,1,10,2024,2,59,12.0,5700000.0,13036
8038719,1,1,1,10,2024,2,32,5.0,400000.0,1313
8080072,1,1,1,10,2024,1,38,5.0,1500000.0,52193
8083299,1,2,1,10,2024,1,43,5.0,600000.0,58778
8079770,1,1,1,10,2024,1,59,5.0,700000.0,51518
8080510,1,1,1,10,2024,2,47,4.0,1300000.0,53211
8055699,1,2,1,10,2024,2,32,5.0,1300000.0,39861
8040645,1,1,1,10,2024,1,39,8.0,900000.0,5703
8077263,1,2,1,10,2024,1,66,3.0,933000.0,45877
8051259,1,4,1,10,2024,2,19,5.0,900000.0,29697
8076961,1,1,1,10,2024,1,60,3.0,800000.0,45050
8077264,1,1,1,10,2024,1,55,1.0,1680000.0,45880
8055772,1,2,1,10,2024,1,28,10.0,1300000.0,39931
8038685,1,4,1,10,2024,2,19,10.0,1400000.0,1211
8077850,1,3,1,10,2024,1,23,6.0,1300000.0,47091
8078795,1,1,1,10,2024,2,72,4.0,1200000.0,49177
8049532,1,1,1,10,2024,2,48,10.0,420000.0,25690
8054311,1,1,1,10,2024,1,53,5.0,1350000.0,36969
8048376,1,1,1,10,2024,2,57,3.0,1200000.0,23584
8046930,1,2,1,10,2024,1,38,6.0,1000000.0,20760
8080310,1,2,1,10,2024,1,33,6.0,2200000.0,52826
8084084,1,1,1,10,2024,2,27,10.0,5000000.0,60464
8051423,1,1,1,10,2024,1,73,3.0,240000.0,30164
8083992,1,1,1,10,2024,1,37,10.0,3000000.0,60170
8080001,1,3,1,10,2024,1,37,13.0,1500000.0,52057
8076624,1,2,1,10,2024,1,37,5.0,1300000.0,44302
8042212,1,2,1,10,2024,2,78,8.0,350000.0,9335
8052790,1,1,1,10,2024,2,56,8.0,1800000.0,33600
8076889,1,1,1,10,2024,1,48,10.0,3200000.0,44904
8077326,1,1,1,10,2024,2,29,10.0,2880000.0,45991
8049317,1,1,1,10,2024,1,32,8.0,1800000.0,25344
8040627,1,1,1,10,2024,2,56,10.0,160000.0,5674
8082400,1,2,1,10,2024,2,55,10.0,4000000.0,56632
8053402,1,2,1,10,2024,1,48,8.0,1800000.0,35128
8050523,1,1,1,10,2024,1,28,5.0,1250000.0,28202
8050267,1,3,1,10,2024,2,42,5.0,1300000.0,27500
8079489,1,1,1,10,2024,2,39,5.0,1800000.0,50854
8049633,1,1,1,10,2024,1,26,5.0,800000.0,25958
8081262,1,1,1,10,2024,1,29,8.0,700000.0,54729
8040027,1,1,1,10,2024,2,21,8.0,900000.0,4206
8045980,1,1,1,10,2024,2,26,5.0,230000.0,18407
8082748,1,3,1,10,2024,2,32,10.0,1500000.0,57488
8076905,1,1,1,10,2024,1,49,4.0,1400000.0,44940
8039374,1,1,1,10,2024,1,56,10.0,300000.0,2924
8083481,1,2,1,10,2024,2,21,10.0,1100000.0,59167
8041856,1,4,1,10,2024,1,44,5.0,1500000.0,8444
8052375,1,1,1,10,2024,2,29,10.0,1100000.0,32611
8084021,1,1,1,10,2024,1,30,10.0,2200000.0,60254
8055586,1,1,1,10,2024,1,46,3.0,1300000.0,39590
8077521,1,3,1,10,2024,1,17,4.0,900000.0,46390
8075580,1,1,1,10,2024,1,36,5.0,1600000.0,41481
8044250,1,3,1,10,2024,1,22,10.0,600000.0,13981
8042260,1,2,1,10,2024,2,62,11.0,4000000.0,9446
8038769,1,1,1,10,2024,2,55,5.0,200000.0,1464
8048959,1,1,1,10,2024,1,29,5.0,900000.0,24672
8049328,1,2,1,10,2024,2,51,3.0,1000000.0,25372
8083545,1,2,1,10,2024,2,32,11.0,4000000.0,59280
8053404,1,1,1,10,2024,1,60,10.0,1500000.0,35132
8075648,1,1,1,10,2024,1,51,5.0,1300000.0,41723
8047761,1,1,1,10,2024,1,58,10.0,1000000.0,22307
8075579,1,2,1,10,2024,2,53,5.0,800000.0,41477
8054777,1,6,1,10,2024,1,43,4.0,1500000.0,38051
8040949,1,1,1,10,2024,1,56,11.0,3200000.0,6425
8083858,1,1,1,10,2024,1,29,5.0,1700000.0,59902
8043096,1,1,1,10,2024,1,40,5.0,800000.0,11138
8079874,1,2,1,10,2024,1,67,1.0,1450000.0,51810
8054256,1,3,1,10,2024,2,29,10.0,700000.0,36819
8052364,1,2,1,10,2024,2,31,4.0,180000.0,32577
8050189,1,1,1,10,2024,1,42,5.0,800000.0,27303
8050787,1,2,1,10,2024,1,57,3.0,450000.0,28841
8055008,1,1,1,10,2024,2,52,5.0,1300000.0,38546
8041922,1,2,1,10,2024,1,28,4.0,1300000.0,8616
8084068,1,2,1,10,2024,2,19,6.0,1300000.0,60420
8079823,1,2,1,10,2024,1,51,10.0,4000000.0,51675
8051019,1,2,1,10,2024,2,49,3.0,1300000.0,29485
8047628,1,1,1,10,2024,2,58,3.0,1300000.0,22015
8084004,1,3,1,10,2024,1,40,3.0,1300000.0,60208
8050882,1,1,1,10,2024,1,18,4.0,400000.0,29090
8081150,1,1,1,10,2024,1,35,3.0,1500000.0,54485
8054277,1,1,1,10,2024,2,61,4.0,700000.0,36854
8076578,1,1,1,10,2024,1,55,9.0,3000000.0,44185
8048547,1,4,1,10,2024,1,59,4.0,1500000.0,23907
8053704,1,1,1,10,2024,1,53,3.0,2200000.0,35755
8084087,1,2,1,10,2024,2,21,10.0,1300000.0,60468
8054353,1,2,1,10,2024,1,55,3.0,900000.0,37069
8082904,1,1,1,10,2024,1,78,3.0,200000.0,57884
8079828,1,1,1,10,2024,1,38,8.0,1350000.0,51691
8046271,1,2,1,10,2024,2,58,10.0,3000000.0,19111
8081254,1,2,1,10,2024,1,28,5.0,1300000.0,54710
8038585,1,1,1,10,2024,1,71,3.0,480000.0,935
8043819,1,1,1,10,2024,2,66,3.0,200000.0,12985
8041968,1,2,1,10,2024,1,42,5.0,1300000.0,8759
8047134,1,1,1,10,2024,1,43,5.0,1300000.0,21036
8044128,1,1,1,10,2024,2,65,5.0,1600000.0,13702
8042088,1,4,1,10,2024,1,30,5.0,1200000.0,8999
8054108,1,3,1,10,2024,2,66,8.0,2300000.0,36510
8040439,1,3,1,10,2024,1,25,5.0,900000.0,5226
8076110,1,1,1,10,2024,2,49,3.0,100000.0,43028
8076540,1,2,1,10,2024,1,40,3.0,3600000.0,44113
8052986,1,2,1,10,2024,2,59,1.0,240000.0,34122
8052054,1,2,1,10,2024,2,53,5.0,120000.0,31711
8084737,1,1,1,10,2024,1,41,10.0,1870000.0,61793
8048889,1,3,1,10,2024,2,41,8.0,1500000.0,24526
8048798,1,1,1,10,2024,1,61,5.0,1462000.0,24317
8079307,1,1,1,10,2024,2,69,3.0,300000.0,50456
8042565,1,1,1,10,2024,1,32,9.0,4156000.0,10070
8049737,1,1,1,10,2024,1,34,5.0,2100000.0,26223
8077981,1,1,1,10,2024,2,53,3.0,1500000.0,47372
8082556,1,1,1,10,2024,1,51,10.0,3500000.0,56980
8079429,1,1,1,10,2024,2,21,4.0,600000.0,50722
8049735,1,1,1,10,2024,2,51,5.0,1300000.0,26217
8040686,1,1,1,10,2024,2,37,10.0,2200000.0,5781
8081540,1,1,1,10,2024,2,38,10.0,5000000.0,55383
8083395,1,2,1,10,2024,1,53,5.0,1300000.0,58978
8076449,1,1,1,10,2024,2,19,5.0,500000.0,43873
8041364,1,2,1,10,2024,1,46,5.0,1000000.0,7363
8055589,1,3,1,10,2024,1,23,10.0,,39598
8043325,1,1,1,10,2024,2,32,5.0,850000.0,11682
8055661,1,2,1,10,2024,2,61,5.0,1500000.0,39737
8039147,1,2,1,10,2024,2,56,5.0,300000.0,2439
8047576,1,2,1,10,2024,2,27,10.0,2300000.0,21888
8042794,1,1,1,10,2024,2,39,5.0,300000.0,10569
8078966,1,1,1,10,2024,1,72,1.0,900000.0,49565
8040225,1,3,1,10,2024,2,30,5.0,862000.0,4723
8080951,1,2,1,10,2024,1,39,4.0,500000.0,54093
8038678,1,1,1,10,2024,1,65,5.0,2000000.0,1173
8055127,1,3,1,10,2024,2,29,10.0,2600000.0,38751
8048909,1,1,1,10,2024,1,52,4.0,1700000.0,24568
8053335,1,1,1,10,2024,2,33,9.0,2600000.0,34918
8042084,1,1,1,10,2024,1,63,5.0,600000.0,8986
8075793,1,1,1,10,2024,1,60,1.0,450000.0,42098
8048121,1,3,1,10,2024,1,36,5.0,1622400.0,23098
8056199,1,2,1,10,2024,2,53,3.0,1500000.0,40782
8045138,1,1,1,10,2024,1,54,3.0,1300000.0,16438
8045252,1,1,1,10,2024,1,38,10.0,1600000.0,16767
8040456,1,1,1,10,2024,2,52,3.0,1500000.0,5270
8082861,1,2,1,10,2024,1,28,5.0,1800000.0,57758
8052962,1,1,1,10,2024,2,53,5.0,1462000.0,34041
8081232,1,1,1,10,2024,1,23,6.0,1600000.0,54640
8048511,1,1,1,10,2024,2,71,5.0,500000.0,23819
8076256,1,1,1,10,2024,2,48,3.0,80000.0,43427
8078277,1,2,1,10,2024,1,43,5.0,300000.0,48046
8046456,1,2,1,10,2024,1,43,5.0,1500000.0,19583
8077820,1,1,1,10,2024,1,59,3.0,1300000.0,47030
8076695,1,1,1,10,2024,1,37,5.0,1300000.0,44462
8042015,1,2,1,10,2024,2,30,5.0,1300000.0,8880
8049431,1,1,1,10,2024,1,32,9.0,1500000.0,25549
8056091,1,1,1,10,2024,1,49,5.0,1350000.0,40579
8046703,1,3,1,10,2024,2,26,11.0,2300000.0,20243
8082064,1,2,1,10,2024,2,21,10.0,1300000.0,56050
8083092,1,1,1,10,2024,1,27,5.0,1720000.0,58319
8044822,1,3,1,10,2024,1,24,5.0,1300000.0,15576
8051737,1,1,1,10,2024,1,49,5.0,1300000.0,30913
8082758,1,1,1,10,2024,2,38,5.0,1500000.0,57506
8055787,1,1,1,10,2024,1,62,3.0,700000.0,39970
8084015,1,2,1,10,2024,1,43,5.0,1600000.0,60236
8081513,1,2,1,10,2024,2,33,8.0,500000.0,55333
8039766,1,1,1,10,2024,2,51,3.0,500000.0,3689
8079907,1,1,1,10,2024,1,51,3.0,1500000.0,51906
8047705,1,1,1,10,2024,2,47,12.0,5300000.0,22176
8076014,1,1,1,10,2024,1,49,1.0,4700000.0,42745
8041274,1,1,1,10,2024,2,32,12.0,3100000.0,7218
8080862,1,1,1,10,2024,1,49,4.0,2000000.0,53906
8054123,1,1,1,10,2024,1,67,10.0,1200000.0,36552
8080868,1,2,1,10,2024,2,36,8.0,1350000.0,53912
8047342,1,2,1,10,2024,1,50,4.0,300000.0,21466
8085902,1,3,1,10,2024,1,20,5.0,1300000.0,63031
8041155,1,2,1,10,2024,1,28,8.0,1300000.0,6926
8053718,1,3,1,10,2024,2,33,10.0,1800000.0,35793
8054102,1,1,1,10,2024,1,54,8.0,1462000.0,36492
8044295,1,1,1,10,2024,1,38,10.0,4600000.0,14165
8046269,1,2,1,10,2024,1,69,1.0,960000.0,19102
8053736,1,2,1,10,2024,2,62,5.0,700000.0,35843
8042567,1,2,1,10,2024,1,30,10.0,2300000.0,10074
8076823,1,2,1,10,2024,1,66,3.0,700000.0,44763
8056401,1,2,1,10,2024,2,35,5.0,800000.0,41265
8053475,1,1,1,10,2024,1,50,5.0,1300000.0,35227
8077018,1,3,1,10,2024,2,31,8.0,2200000.0,45175
8076159,1,2,1,10,2024,2,27,8.0,500000.0,43169
8041704,1,2,1,10,2024,2,56,3.0,720000.0,8171
8080690,1,1,1,10,2024,2,26,4.0,1500000.0,53591
8045513,1,2,1,10,2024,1,32,5.0,650000.0,17493
8052052,1,2,1,10,2024,2,28,10.0,5200000.0,31707
8077461,1,1,1,10,2024,2,36,8.0,1800000.0,46296
8046213,1,1,1,10,2024,1,44,11.0,3500000.0,18987
8045952,1,1,1,10,2024,1,55,3.0,195000.0,18324
8080369,1,1,1,10,2024,1,40,10.0,3000000.0,52976
8041246,1,1,1,10,2024,2,28,10.0,1800000.0,7158
8042704,1,4,1,10,2024,1,31,5.0,1200000.0,10353
8039318,1,2,1,10,2024,2,56,3.0,1020000.0,2870
8043439,1,1,1,10,2024,1,23,4.0,720000.0,11975
8039456,1,1,1,10,2024,1,64,5.0,1200000.0,3081
8076421,1,1,1,10,2024,2,23,5.0,300000.0,43805
8050325,1,4,1,10,2024,2,27,10.0,1300000.0,27625
8086125,1,2,1,10,2024,2,39,11.0,2600000.0,63331
8054833,1,2,1,10,2024,1,48,4.0,1000000.0,38161
8083149,1,1,1,10,2024,1,37,9.0,1330000.0,58449
8039196,1,3,1,10,2024,2,29,11.0,2700000.0,2556
8038691,1,1,1,10,2024,1,44,4.0,1500000.0,1241
8054068,1,1,1,10,2024,2,78,3.0,0.0,36422
8084659,1,1,1,10,2024,1,42,5.0,1300000.0,61629
8039836,1,4,1,10,2024,2,31,5.0,900000.0,3809
8041999,1,1,1,10,2024,2,66,3.0,1000000.0,8838
8054597,1,1,1,10,2024,1,39,9.0,1800000.0,37575
8045160,1,1,1,10,2024,1,49,3.0,800000.0,16492
8044075,1,3,1,10,2024,1,32,10.0,3900000.0,13601
8080854,1,2,1,10,2024,1,16,3.0,800000.0,53893
8049387,1,1,1,10,2024,2,31,9.0,3300000.0,25489
8050595,1,2,1,10,2024,1,31,10.0,1500000.0,28394
8056071,1,2,1,10,2024,2,41,9.0,2800000.0,40527
8040444,1,1,1,10,2024,2,28,10.0,2000000.0,5240
8082842,1,1,1,10,2024,1,25,5.0,1300000.0,57720
8075711,1,1,1,10,2024,1,33,4.0,700000.0,41885
8047261,1,1,1,10,2024,1,44,3.0,200000.0,21309
8052031,1,1,1,10,2024,1,34,9.0,2100000.0,31670
8041838,1,2,1,10,2024,1,29,6.0,1300000.0,8380
8051029,1,1,1,10,2024,1,55,11.0,3000000.0,29500
8042187,1,3,1,10,2024,1,20,4.0,260000.0,9275
8051767,1,1,1,10,2024,2,40,5.0,200000.0,30999
8054026,1,3,1,10,2024,2,28,6.0,400000.0,36340
8075922,1,2,1,10,2024,2,80,1.0,150000.0,42445
8047233,1,1,1,10,2024,1,31,10.0,4000000.0,21254
8083867,1,1,1,10,2024,1,59,11.0,3800000.0,59921
8081581,1,1,1,10,2024,2,27,10.0,1100000.0,55431
8043687,1,1,1,10,2024,2,39,4.0,600000.0,12629
8050229,1,2,1,10,2024,2,56,5.0,1300000.0,27409
8048051,1,1,1,10,2024,1,32,4.0,200000.0,22918
8052386,1,2,1,10,2024,2,44,8.0,1400000.0,32655
8086752,1,1,1,10,2024,1,21,5.0,1200000.0,64426
8050037,1,1,1,10,2024,2,27,4.0,200000.0,26956
8076607,1,1,1,10,2024,1,51,1.0,500000.0,44266
8042868,1,1,1,10,2024,1,31,10.0,4800000.0,10729
8044398,1,1,1,10,2024,2,51,3.0,1000000.0,14436
8039405,1,1,1,10,2024,1,39,5.0,1300000.0,2992
8043186,1,1,1,10,2024,1,24,5.0,200000.0,11352
8076895,1,1,1,10,2024,1,58,3.0,800000.0,44916
8054278,1,1,1,10,2024,2,61,5.0,1300000.0,36856
8045522,1,1,1,10,2024,2,25,4.0,550000.0,17517
8046310,1,2,1,10,2024,2,45,11.0,1300000.0,19253
8056383,1,1,1,10,2024,1,34,8.0,2500000.0,41221
8086567,1,2,1,10,2024,1,35,8.0,3000000.0,64001
8051747,1,2,1,10,2024,1,48,9.0,1300000.0,30942
8043917,1,3,1,10,2024,1,25,10.0,1600000.0,13216
8046541,1,3,1,10,2024,1,28,9.0,1300000.0,19824
8050529,1,1,1,10,2024,1,52,3.0,1300000.0,28222
8044740,1,3,1,10,2024,1,23,5.0,1025000.0,15364
8046431,1,1,1,10,2024,1,48,1.0,1500000.0,19529
8045409,1,2,1,10,2024,1,20,10.0,1260000.0,17178
8078830,1,2,1,10,2024,1,35,4.0,1300000.0,49250
8043872,1,4,1,10,2024,1,59,8.0,1600000.0,13100
8053179,1,1,1,10,2024,1,39,10.0,1700000.0,34540
8053297,1,2,1,10,2024,1,46,9.0,150000.0,34812
8051514,1,2,1,10,2024,1,30,5.0,1300000.0,30385
8044845,1,3,1,10,2024,1,59,5.0,700000.0,15647
8084229,1,2,1,10,2024,2,47,8.0,1500000.0,60756
8076745,1,2,1,10,2024,1,52,12.0,9500000.0,44597
8041441,1,1,1,10,2024,2,48,5.0,1300000.0,7573
8077987,1,1,1,10,2024,1,38,10.0,3000000.0,47392
8041250,1,1,1,10,2024,1,48,6.0,1700000.0,7164
8045058,1,2,1,10,2024,1,67,5.0,1300000.0,16225
8041811,1,3,1,10,2024,2,28,10.0,1300000.0,8322
8081535,1,1,1,10,2024,2,59,5.0,1460000.0,55377
8083191,1,1,1,10,2024,1,49,9.0,1000000.0,58494
8042105,1,1,1,10,2024,1,41,5.0,100000.0,9040
8038615,1,3,1,10,2024,1,54,5.0,1800000.0,1012
8049651,1,1,1,10,2024,1,44,3.0,1300000.0,25995
8084504,1,5,1,10,2024,1,31,4.0,885000.0,61326
8048944,1,3,1,10,2024,2,25,10.0,500000.0,24643
8053209,1,1,1,10,2024,1,34,10.0,1300000.0,34609
8050789,1,1,1,10,2024,2,41,11.0,4200000.0,28845
8038885,1,1,1,10,2024,2,42,12.0,9000000.0,1726
8078208,1,1,1,10,2024,1,51,12.0,6950000.0,47880
8051350,1,1,1,10,2024,1,78,3.0,200000.0,29961
8047033,1,1,1,10,2024,1,65,10.0,4000000.0,20863
8052479,1,1,1,10,2024,1,29,3.0,800000.0,32882
8056002,1,3,1,10,2024,1,25,10.0,2200000.0,40412
8040389,1,1,1,10,2024,2,41,10.0,2500000.0,5091
8078557,1,1,1,10,2024,1,34,3.0,1500000.0,48667
8041647,1,2,1,10,2024,1,31,3.0,1300000.0,8059
8081169,1,2,1,10,2024,2,23,8.0,1400000.0,54526
8046827,1,2,1,10,2024,1,29,5.0,1000000.0,20538
8076176,1,6,1,10,2024,2,20,5.0,1000000.0,43237
8051739,1,1,1,10,2024,1,61,3.0,500000.0,30921
8056284,1,1,1,10,2024,2,36,5.0,720000.0,40992
8048813,1,2,1,10,2024,2,45,10.0,800000.0,24345
8076873,1,1,1,10,2024,1,37,3.0,500000.0,44873
8076628,1,2,1,10,2024,2,30,8.0,1300000.0,44317
8046396,1,4,1,10,2024,2,21,10.0,1300000.0,19455
8044616,1,1,1,10,2024,1,68,5.0,200000.0,15041
8050400,1,2,1,10,2024,1,23,5.0,1900000.0,27847
8077091,1,1,1,10,2024,1,31,4.0,600000.0,45404
8048072,1,2,1,10,2024,2,34,5.0,1300000.0,22981
8078112,1,2,1,10,2024,2,38,5.0,200000.0,47654
8051460,1,4,1,10,2024,1,23,9.0,2000000.0,30253
8048084,1,1,1,10,2024,1,58,9.0,600000.0,23011
8083401,1,1,1,10,2024,1,45,9.0,2000000.0,58989
8050284,1,2,1,10,2024,1,36,5.0,1462000.0,27542
8052537,1,1,1,10,2024,2,63,3.0,800000.0,33036
8081479,1,5,1,10,2024,2,26,10.0,1300000.0,55242
8078289,1,1,1,10,2024,1,45,5.0,0.0,48086
8050538,1,1,1,10,2024,2,67,5.0,200000.0,28248
8081301,1,1,1,10,2024,1,52,5.0,1200000.0,54828
8081672,1,1,1,10,2024,1,36,3.0,650000.0,55577
8055649,1,1,1,10,2024,1,43,3.0,1300000.0,39695
8086772,1,1,1,10,2024,2,43,5.0,1150000.0,64472
8040030,1,2,1,10,2024,1,41,5.0,1200000.0,4211
8077745,1,2,1,10,2024,2,25,6.0,800000.0,46868
8056102,1,2,1,10,2024,2,36,5.0,1462000.0,40605
8045404,1,1,1,10,2024,2,48,3.0,200000.0,17168
8081337,1,5,1,10,2024,1,22,5.0,950000.0,54894
8078299,1,2,1,10,2024,1,33,1.0,350000.0,48113
8039192,1,4,1,10,2024,2,62,3.0,600000.0,2543
8051680,1,6,1,10,2024,1,68,5.0,450000.0,30758
8083444,1,1,1,10,2024,2,26,10.0,600000.0,59086
8083263,1,1,1,10,2024,2,47,5.0,800000.0,58694
8041532,1,1,1,10,2024,1,64,3.0,1200000.0,7796
8077578,1,1,1,10,2024,1,47,3.0,600000.0,46527
8049512,1,1,1,10,2024,2,58,5.0,1150000.0,25649
8054767,1,1,1,10,2024,1,24,5.0,850000.0,38018
8078572,1,1,1,10,2024,1,33,5.0,1300000.0,48698
8042528,1,1,1,10,2024,1,36,11.0,2000000.0,10005
8049331,1,1,1,10,2024,2,51,3.0,600000.0,25379
8053075,1,1,1,10,2024,1,51,5.0,1500000.0,34348
8052523,1,1,1,10,2024,1,51,3.0,1200000.0,33000
8056404,1,1,1,10,2024,1,56,3.0,1200000.0,41277
8056201,1,3,1,10,2024,2,33,10.0,5000000.0,40790
8038540,1,2,1,10,2024,2,29,10.0,1800000.0,872
8044607,1,1,1,10,2024,1,41,12.0,6000000.0,15019
8077249,1,2,1,10,2024,2,29,3.0,300000.0,45833
8042133,1,2,1,10,2024,2,60,5.0,300000.0,9137
8083657,1,2,1,10,2024,2,25,5.0,1300000.0,59495
8082320,1,2,1,10,2024,1,59,3.0,1300000.0,56462
8039672,1,2,1,10,2024,1,56,5.0,1000000.0,3483
8043207,1,3,1,10,2024,2,27,10.0,2500000.0,11392
8084070,1,2,1,10,2024,2,22,4.0,300000.0,60427
8044636,1,1,1,10,2024,1,44,3.0,1300000.0,15096
8079941,1,3,1,10,2024,1,42,9.0,2000000.0,51953
8084004,1,1,1,10,2024,1,63,3.0,1300000.0,60206
8049566,1,1,1,10,2024,1,46,4.0,300000.0,25782
8049225,1,2,1,10,2024,2,33,5.0,1500000.0,25143
8049592,1,1,1,10,2024,2,38,4.0,150000.0,25835
8040052,1,1,1,10,2024,1,44,6.0,1300000.0,4270
8043360,1,2,1,10,2024,1,38,4.0,1462000.0,11782
8053567,1,1,1,10,2024,1,75,3.0,700000.0,35406
8079797,1,1,1,10,2024,1,37,10.0,4200000.0,51587
8051987,1,1,1,10,2024,1,48,3.0,1462000.0,31569
8047754,1,2,1,10,2024,2,28,5.0,1000000.0,22289
8050078,1,1,1,10,2024,2,39,5.0,600000.0,27061
8081128,1,1,1,10,2024,2,51,5.0,1100000.0,54438
8049175,1,1,1,10,2024,1,34,8.0,1800000.0,25054
8044549,1,3,1,10,2024,1,29,10.0,2000000.0,14867
8084276,1,1,1,10,2024,1,22,8.0,1200000.0,60865
8041371,1,2,1,10,2024,2,34,5.0,1462000.0,7391
8076069,1,1,1,10,2024,1,36,5.0,3000000.0,42910
8039479,1,2,1,10,2024,1,41,5.0,800000.0,3131
8080113,1,1,1,10,2024,1,45,9.0,2600000.0,52310
8048951,1,2,1,10,2024,2,40,5.0,1462000.0,24656
8084953,1,2,1,10,2024,1,42,3.0,2500000.0,62265
8056259,1,2,1,10,2024,2,28,10.0,3500000.0,40963
8038865,1,4,1,10,2024,1,20,5.0,1600000.0,1681
8052280,1,1,1,10,2024,2,32,8.0,50000.0,32315
8041828,1,1,1,10,2024,1,38,3.0,1300000.0,8350
8079100,1,1,1,10,2024,1,64,5.0,1000000.0,49865
8048704,1,1,1,10,2024,1,60,11.0,3000000.0,24148
8053099,1,2,1,10,2024,1,25,5.0,1300000.0,34391
8044561,1,1,1,10,2024,2,64,3.0,300000.0,14896
8047162,1,1,1,10,2024,1,39,4.0,1300000.0,21085
8044381,1,1,1,10,2024,2,39,5.0,1518000.0,14391
8048430,1,4,1,10,2024,1,66,1.0,1300000.0,23666
8050889,1,1,1,10,2024,1,38,3.0,1400000.0,29106
8056409,1,1,1,10,2024,2,40,5.0,2000000.0,41293
8078689,1,1,1,10,2024,2,44,3.0,1900000.0,48945
8077592,1,1,1,10,2024,1,43,6.0,650000.0,46556
8049551,1,1,1,10,2024,1,62,3.0,800000.0,25736
8079935,1,1,1,10,2024,1,45,11.0,3800000.0,51941
8052660,1,1,1,10,2024,1,41,5.0,1000000.0,33337
8045477,1,1,1,10,2024,1,57,4.0,650000.0,17385
8078381,1,2,1,10,2024,1,54,4.0,2500000.0,48293
8081116,1,3,1,10,2024,2,23,10.0,480000.0,54423
8084769,1,1,1,10,2024,1,25,9.0,1300000.0,61863
8046437,1,1,1,10,2024,2,53,10.0,1300000.0,19536
8050362,1,2,1,10,2024,1,41,5.0,1000000.0,27765
8077176,1,1,1,10,2024,1,34,3.0,800000.0,45648
8039038,1,6,1,10,2024,1,21,3.0,300000.0,2116
8044289,1,2,1,10,2024,2,39,5.0,940000.0,14135
8084865,1,1,1,10,2024,1,58,3.0,800000.0,62083
8042503,1,1,1,10,2024,1,37,6.0,1400000.0,9954
8050893,1,1,1,10,2024,2,49,5.0,1100000.0,29114
8079302,1,2,1,10,2024,1,35,4.0,600000.0,50439
8045218,1,1,1,10,2024,1,34,4.0,1300000.0,16668
8080221,1,2,1,10,2024,1,34,9.0,1700000.0,52609
8052942,1,2,1,10,2024,2,28,5.0,1600000.0,33983
8081925,1,1,1,10,2024,2,37,10.0,2000000.0,55854
8077844,1,3,1,10,2024,1,24,4.0,450000.0,47071
8075771,1,2,1,10,2024,2,60,4.0,250000.0,42027
8040487,1,1,1,10,2024,1,43,10.0,5800000.0,5347
8042409,1,2,1,10,2024,1,61,3.0,1000000.0,9756
8083586,1,3,1,10,2024,1,55,10.0,1500000.0,59369
8049229,1,3,1,10,2024,1,29,5.0,500000.0,25152
8041126,1,1,1,10,2024,1,63,5.0,1200000.0,6864
8039903,1,2,1,10,2024,2,37,6.0,700000.0,3946
8048115,1,1,1,10,2024,1,44,10.0,2400000.0,23077
8041158,1,1,1,10,2024,2,31,5.0,800000.0,6931
8044638,1,1,1,10,2024,1,62,5.0,2400000.0,15103
8081199,1,1,1,10,2024,1,62,10.0,6800000.0,54545
8083647,1,1,1,10,2024,2,29,5.0,1300000.0,59477
8080732,1,1,1,10,2024,2,62,3.0,1300000.0,53649
8055701,1,1,1,10,2024,2,28,10.0,4000000.0,39864
8041075,1,1,1,10,2024,1,52,3.0,3000000.0,6728
8054939,1,1,1,10,2024,1,60,11.0,0.0,38405
8044182,1,3,1,10,2024,1,39,10.0,3200000.0,13842
8076864,1,2,1,10,2024,1,21,4.0,1300000.0,44856
8082498,1,2,1,10,2024,1,35,5.0,980000.0,56851
8043083,1,1,1,10,2024,2,50,3.0,300000.0,11108
8050222,1,2,1,10,2024,2,52,5.0,1300000.0,27393
8084807,1,2,1,10,2024,2,49,3.0,700000.0,61947
8048885,1,3,1,10,2024,2,27,8.0,1462000.0,24508
8084685,1,2,1,10,2024,2,30,5.0,1400000.0,61686
8076448,1,1,1,10,2024,1,44,5.0,800000.0,43870
8079206,1,2,1,10,2024,1,52,5.0,700000.0,50121
8043810,1,1,1,10,2024,2,44,5.0,1300000.0,12966
8040782,1,1,1,10,2024,2,54,5.0,1300000.0,6034
8084177,1,1,1,10,2024,2,40,5.0,300000.0,60625
8056271,1,1,1,10,2024,2,31,10.0,1300000.0,40982
8078388,1,3,1,10,2024,1,20,5.0,800000.0,48316
8076624,1,1,1,10,2024,2,32,8.0,1300000.0,44301
8041082,1,2,1,10,2024,1,45,5.0,3600000.0,6738
8080837,1,2,1,10,2024,2,48,8.0,1500000.0,53862
8049892,1,1,1,10,2024,1,64,3.0,1000000.0,26621
8038749,1,3,1,10,2024,2,27,5.0,400000.0,1395
8054341,1,1,1,10,2024,2,65,5.0,400000.0,37045
8048945,1,2,1,10,2024,1,56,3.0,2000000.0,24646
8084838,1,3,1,10,2024,1,20,5.0,2500000.0,62018
8086113,1,2,1,10,2024,2,23,5.0,1300000.0,63305
8043734,1,1,1,10,2024,2,49,3.0,350000.0,12752
8056321,1,2,1,10,2024,1,57,3.0,1800000.0,41070
8049762,1,2,1,10,2024,2,39,9.0,400000.0,26292
8079782,1,1,1,10,2024,2,57,5.0,970000.0,51558
8047387,1,1,1,10,2024,1,26,5.0,900000.0,21563
8051439,1,1,1,10,2024,1,47,5.0,1300000.0,30204
8039696,1,1,1,10,2024,1,72,3.0,250000.0,3539
8053304,1,2,1,10,2024,2,46,11.0,5200000.0,34837
8078596,1,5,1,10,2024,1,31,4.0,1000000.0,48755
8042803,1,1,1,10,2024,1,41,3.0,750000.0,10594
8040470,1,1,1,10,2024,1,57,8.0,1400000.0,5307
8080392,1,1,1,10,2024,2,40,5.0,800000.0,53049
8049052,1,2,1,10,2024,2,30,12.0,4000000.0,24835
8039164,1,2,1,10,2024,1,28,5.0,900000.0,2485
8056002,1,2,1,10,2024,1,57,5.0,1500000.0,40411
8077956,1,1,1,10,2024,1,41,5.0,1000000.0,47303
8051931,1,1,1,10,2024,1,38,3.0,2000000.0,31435
8042594,1,1,1,10,2024,1,56,6.0,2130000.0,10111
8084110,1,2,1,10,2024,2,57,9.0,1750000.0,60528
8052952,1,3,1,10,2024,1,23,4.0,1300000.0,34014
8055234,1,1,1,10,2024,2,57,8.0,1300000.0,39030
8080691,1,4,1,10,2024,1,33,3.0,1300000.0,53596
8047963,1,1,1,10,2024,1,40,4.0,1300000.0,22747
8082686,1,2,1,10,2024,2,42,10.0,3000000.0,57328
8084274,1,1,1,10,2024,1,62,10.0,2500000.0,60863
8044606,1,1,1,10,2024,2,53,11.0,3000000.0,15017
8075941,1,1,1,10,2024,1,47,1.0,160000.0,42517
8051404,1,1,1,10,2024,1,52,4.0,500000.0,30107
8055878,1,1,1,10,2024,1,33,5.0,1800000.0,40194
8077678,1,3,1,10,2024,1,31,6.0,1600000.0,46725
8039318,1,3,1,10,2024,2,23,5.0,800000.0,2871
8084374,1,4,1,10,2024,2,41,5.0,400000.0,61077
8079472,1,2,1,10,2024,2,28,9.0,1700000.0,50826
8052044,1,2,1,10,2024,2,20,10.0,400000.0,31695
8081744,1,1,1,10,2024,1,41,8.0,1600000.0,55679
8084338,1,1,1,10,2024,1,45,3.0,1462000.0,60994
8049800,1,3,1,10,2024,1,32,5.0,1200000.0,26399
8047872,1,6,1,10,2024,1,59,4.0,1300000.0,22593
8078302,1,1,1,10,2024,1,32,3.0,1000000.0,48118
8079872,1,2,1,10,2024,2,51,5.0,1200000.0,51802
8046915,1,2,1,10,2024,2,22,10.0,1300000.0,20725
8055324,1,4,1,10,2024,1,21,10.0,2100000.0,39170
8082470,1,2,1,10,2024,1,31,8.0,600000.0,56780
8039246,1,1,1,10,2024,2,63,8.0,800000.0,2680
8054131,1,1,1,10,2024,1,69,4.0,720000.0,36564
8055684,1,3,1,10,2024,1,23,10.0,1300000.0,39808
8052862,1,1,1,10,2024,1,49,8.0,400000.0,33781
8086338,1,1,1,10,2024,1,61,9.0,3000000.0,63487
8047162,1,3,1,10,2024,1,18,5.0,1300000.0,21087
8055653,1,2,1,10,2024,1,45,5.0,1300000.0,39709
8052328,1,5,1,10,2024,1,24,10.0,500000.0,32481
8040039,1,5,1,10,2024,1,46,5.0,1300000.0,4237
8046448,1,1,1,10,2024,1,56,11.0,7141000.0,19565
8045118,1,1,1,10,2024,1,57,5.0,400000.0,16382
8040408,1,3,1,10,2024,1,64,3.0,200000.0,5139
8077250,1,1,1,10,2024,1,35,6.0,700000.0,45837
8045792,1,1,1,10,2024,2,43,5.0,1500000.0,18190
8048915,1,3,1,10,2024,1,39,10.0,1300000.0,24582
8056297,1,1,1,10,2024,1,66,4.0,800000.0,41013
8039588,1,2,1,10,2024,2,33,4.0,960000.0,3339
8044358,1,1,1,10,2024,1,63,5.0,1500000.0,14341
8043559,1,2,1,10,2024,2,58,10.0,8000000.0,12302
8043255,1,1,1,10,2024,1,67,4.0,2300000.0,11504
8050048,1,1,1,10,2024,1,23,5.0,800000.0,26995
8054128,1,2,1,10,2024,1,20,5.0,1300000.0,36560
8054846,1,2,1,10,2024,2,34,11.0,4000000.0,38189
8076545,1,2,1,10,2024,2,22,5.0,800000.0,44127
8083997,1,2,1,10,2024,2,18,5.0,1400000.0,60189
8055616,1,1,1,10,2024,2,45,5.0,1869000.0,39635
8082904,1,2,1,10,2024,1,45,5.0,1300000.0,57885
8051951,1,1,1,10,2024,1,39,10.0,1300000.0,31493
8044845,1,4,1,10,2024,1,53,5.0,1300000.0,15648
8043876,1,1,1,10,2024,2,37,5.0,1300000.0,13114
8053455,1,1,1,10,2024,1,34,3.0,1300000.0,35190
8078515,1,2,1,10,2024,1,57,3.0,1300000.0,48574
8083751,1,5,1,10,2024,1,43,5.0,1800000.0,59677
8041205,1,1,1,10,2024,1,58,5.0,900000.0,7068
8051948,1,1,1,10,2024,2,49,5.0,500000.0,31483
8043545,1,4,1,10,2024,1,22,4.0,1500000.0,12293
8049722,1,2,1,10,2024,1,30,3.0,600000.0,26183
8052352,1,1,1,10,2024,1,58,3.0,650000.0,32555
8080932,1,1,1,10,2024,2,53,11.0,6300000.0,54052
8038988,1,1,1,10,2024,1,36,5.0,1300000.0,1984
8052787,1,1,1,10,2024,1,58,3.0,1300000.0,33593
8044463,1,6,1,10,2024,1,62,3.0,1000000.0,14614
8079124,1,1,1,10,2024,1,72,3.0,880000.0,49908
8039452,1,1,1,10,2024,1,38,8.0,4000000.0,3073
8051714,1,2,1,10,2024,1,48,3.0,800000.0,30851
8046507,1,2,1,10,2024,1,35,5.0,1000000.0,19710
8082811,1,2,1,10,2024,2,46,8.0,1900000.0,57649
8048668,1,1,1,10,2024,2,39,5.0,1530000.0,24079
8084409,1,2,1,10,2024,2,22,5.0,884000.0,61154
8049339,1,1,1,10,2024,2,68,3.0,200000.0,25398
8055680,1,2,1,10,2024,2,30,5.0,1300000.0,39792
8043299,1,1,1,10,2024,1,36,5.0,700000.0,11625
8047343,1,1,1,10,2024,1,28,5.0,1000000.0,21472
8041020,1,2,1,10,2024,1,29,3.0,1300000.0,6602
8081935,1,2,1,10,2024,2,62,5.0,800000.0,55886
8077459,1,1,1,10,2024,1,63,3.0,900000.0,46294
8051512,1,2,1,10,2024,1,52,4.0,1200000.0,30380
8046280,1,1,1,10,2024,2,37,4.0,920000.0,19140
8051513,1,3,1,10,2024,1,19,8.0,1300000.0,30383
8052112,1,1,1,10,2024,1,38,5.0,1500000.0,31873
8044745,1,1,1,10,2024,2,62,3.0,500000.0,15374
8082736,1,1,1,10,2024,2,40,6.0,1200000.0,57451
8045624,1,1,1,10,2024,1,56,4.0,1500000.0,17754
8045191,1,2,1,10,2024,1,31,5.0,1300000.0,16593
8042013,1,4,1,10,2024,2,42,3.0,800000.0,8874
8043616,1,1,1,10,2024,2,31,10.0,2000000.0,12455
8079765,1,6,1,10,2024,1,27,5.0,1200000.0,51498
8038816,1,3,1,10,2024,2,26,11.0,3000000.0,1560
8053255,1,1,1,10,2024,1,44,5.0,3000000.0,34721
8054633,1,1,1,10,2024,2,38,5.0,1500000.0,37686
8050517,1,1,1,10,2024,1,68,4.0,1600000.0,28186
8039449,1,2,1,10,2024,1,36,5.0,1300000.0,3069
8044202,1,4,1,10,2024,1,30,8.0,100000.0,13881
8078742,1,1,1,10,2024,1,49,5.0,420000.0,49060
8041353,1,1,1,10,2024,2,58,3.0,500000.0,7331
8056206,1,1,1,10,2024,1,43,5.0,1600000.0,40803
8041372,1,2,1,10,2024,1,38,5.0,1300000.0,7397
8076196,1,3,1,10,2024,2,28,4.0,350000.0,43295
8041111,1,2,1,10,2024,1,53,5.0,900000.0,6816
8086096,1,1,1,10,2024,2,29,5.0,1500000.0,63269
8054410,1,2,1,10,2024,1,33,5.0,1500000.0,37204
8051862,1,1,1,10,2024,1,40,6.0,1650000.0,31281
8041398,1,1,1,10,2024,1,42,5.0,700000.0,7464
8084851,1,3,1,10,2024,1,26,5.0,1300000.0,62056
8078743,1,1,1,10,2024,2,41,5.0,300000.0,49061
8046595,1,1,1,10,2024,1,55,8.0,1550000.0,19996
8084102,1,2,1,10,2024,1,49,5.0,1300000.0,60505
8047347,1,2,1,10,2024,1,45,6.0,1000000.0,21483
8086036,1,1,1,10,2024,2,44,10.0,3800000.0,63209
8038486,1,1,1,10,2024,1,63,3.0,100000.0,744
8080378,1,4,1,10,2024,1,20,3.0,1260000.0,53005
8055045,1,3,1,10,2024,2,21,7.0,300000.0,38663
8080204,1,1,1,10,2024,1,49,5.0,1300000.0,52554
8042855,1,2,1,10,2024,2,25,9.0,3300000.0,10706
8044523,2,2,2,10,2024,1,33,5.0,500000.0,14787
8078932,1,1,1,10,2024,1,48,5.0,1800000.0,49476
8084799,1,2,1,10,2024,2,46,3.0,1100000.0,61937
8080305,1,1,1,10,2024,2,46,3.0,650000.0,52812
8083549,1,1,1,10,2024,1,66,4.0,1300000.0,59285
8038431,1,1,1,10,2024,2,36,12.0,6000000.0,650
8038446,1,2,1,10,2024,2,67,8.0,4000000.0,675
8053986,1,1,1,10,2024,2,64,3.0,320000.0,36274
8051363,1,2,1,10,2024,2,55,3.0,500000.0,29996
8076826,1,1,1,10,2024,2,23,4.0,1100000.0,44771
8043560,1,1,1,10,2024,1,54,11.0,20000000.0,12304
8054296,1,1,1,10,2024,1,42,8.0,2000000.0,36922
8045797,1,2,1,10,2024,1,34,10.0,4400000.0,18199
8047264,1,2,1,10,2024,2,18,4.0,900000.0,21314
8076163,1,1,1,10,2024,1,56,1.0,336000.0,43184
8086099,1,3,1,10,2024,1,29,5.0,500000.0,63276
8040712,1,1,1,10,2024,1,47,10.0,2000000.0,5829
8039942,1,1,1,10,2024,2,69,8.0,350000.0,4053
8076663,1,2,1,10,2024,2,38,11.0,2200000.0,44399
8048861,1,3,1,10,2024,1,24,10.0,1500000.0,24461
8082739,1,1,1,10,2024,2,38,10.0,2600000.0,57462
8084154,1,1,1,10,2024,2,53,8.0,400000.0,60544
8084164,1,3,1,10,2024,1,25,5.0,750000.0,60584
8047383,1,1,1,10,2024,1,44,9.0,2000000.0,21555
8050327,1,3,1,10,2024,2,29,8.0,300000.0,27632
8040371,1,1,1,10,2024,2,35,5.0,1300000.0,5052
8048838,1,1,1,10,2024,2,51,5.0,1300000.0,24404
8046036,1,1,1,10,2024,1,40,3.0,30000000.0,18549
8055640,1,2,1,10,2024,1,59,5.0,1300000.0,39664
8048545,1,3,1,10,2024,2,30,9.0,900000.0,23900
8053373,1,2,1,10,2024,2,47,10.0,1300000.0,35042
8080281,1,3,1,10,2024,1,44,4.0,1000000.0,52763
8038715,1,1,1,10,2024,2,59,4.0,400000.0,1302
8086041,1,3,1,10,2024,1,43,8.0,1300000.0,63220
8041817,1,1,1,10,2024,1,60,6.0,1300000.0,8328
8083410,1,1,1,10,2024,2,65,3.0,900000.0,59010
8050395,1,1,1,10,2024,2,46,8.0,4500000.0,27838
8083861,1,1,1,10,2024,2,33,8.0,1430000.0,59909
8080887,1,1,1,10,2024,1,28,10.0,2070000.0,53952
8080189,1,3,1,10,2024,2,37,10.0,2200000.0,52526
8082031,1,1,1,10,2024,1,63,3.0,300000.0,56002
8053491,1,1,1,10,2024,1,69,4.0,1360000.0,35247
8045440,1,1,1,10,2024,2,47,5.0,1300000.0,17266
8082885,1,2,1,10,2024,2,61,8.0,4000000.0,57829
8041722,1,2,1,10,2024,2,30,10.0,1800000.0,8193
8082626,1,2,1,10,2024,1,50,4.0,1300000.0,57140
8038973,1,2,1,10,2024,1,49,8.0,600000.0,1941
8077251,1,2,1,10,2024,2,44,5.0,800000.0,45842
8041997,1,2,1,10,2024,2,36,9.0,800000.0,8831
8048516,1,1,1,10,2024,2,34,5.0,1300000.0,23830
8052338,1,2,1,10,2024,2,49,8.0,250000.0,32495
8082830,1,2,1,10,2024,1,57,5.0,2000000.0,57689
8078294,1,1,1,10,2024,1,57,4.0,0.0,48095
8079548,1,3,1,10,2024,1,25,4.0,1300000.0,50966
8041599,1,2,1,10,2024,2,53,4.0,1000000.0,7946
8053439,1,1,1,10,2024,2,28,10.0,1800000.0,35173
8055259,1,1,1,10,2024,2,38,9.0,1300000.0,39054
8081046,1,1,1,10,2024,1,42,5.0,1400000.0,54299
8044962,1,1,1,10,2024,1,49,10.0,1450000.0,15947
8052549,1,3,1,10,2024,1,34,5.0,800000.0,33062
8043425,1,2,1,10,2024,2,24,5.0,1300000.0,11939
8041145,1,1,1,10,2024,2,28,10.0,1300000.0,6900
8076582,1,2,1,10,2024,1,30,5.0,1300000.0,44196
8040834,1,5,1,10,2024,2,41,5.0,950000.0,6123
8078300,1,2,1,10,2024,1,20,6.0,800000.0,48115
8051527,1,1,1,10,2024,1,61,9.0,3000000.0,30415
8051937,1,2,1,10,2024,2,40,5.0,1550000.0,31447
8054146,1,1,1,10,2024,2,26,5.0,500000.0,36592
8046401,1,2,1,10,2024,2,61,8.0,900000.0,19463
8039478,1,5,1,10,2024,1,59,10.0,6000000.0,3129
8054979,1,1,1,10,2024,1,28,5.0,1100000.0,38489
8047016,1,1,1,10,2024,1,55,5.0,1300000.0,20841
8048153,1,1,1,10,2024,1,45,10.0,1000000.0,23192
8055845,1,1,1,10,2024,2,19,5.0,1000000.0,40090
8052939,1,3,1,10,2024,2,33,8.0,1300000.0,33972
8043767,1,1,1,10,2024,2,36,5.0,600000.0,12849
8079753,1,1,1,10,2024,1,50,3.0,600000.0,51444
8053687,1,1,1,10,2024,2,60,11.0,6000000.0,35697
8078532,1,1,1,10,2024,2,47,3.0,1000000.0,48612
8043044,1,1,1,10,2024,2,31,8.0,500000.0,11012
8042829,1,1,1,10,2024,2,52,5.0,2500000.0,10630
8056214,1,2,1,10,2024,1,34,5.0,1300000.0,40830
8080982,1,1,1,10,2024,1,47,10.0,1500000.0,54153
8043869,1,2,1,10,2024,2,44,10.0,1800000.0,13090
8040312,1,2,1,10,2024,2,40,5.0,500000.0,4929
8082364,1,1,1,10,2024,2,36,5.0,1300000.0,56559
8050499,1,2,1,10,2024,1,50,3.0,800000.0,28123
8086508,1,2,1,10,2024,1,41,3.0,1300000.0,63839
8049486,1,2,1,10,2024,2,42,5.0,1750000.0,25576
8082990,1,1,1,10,2024,1,26,9.0,1300000.0,58051
8041009,1,2,1,10,2024,2,30,5.0,150000.0,6560
8055527,1,2,1,10,2024,2,25,5.0,1400000.0,39505
8053683,1,1,1,10,2024,1,57,3.0,1300000.0,35690
8046812,1,1,1,10,2024,1,39,9.0,8000000.0,20503
8040705,1,1,1,10,2024,1,28,3.0,800000.0,5811
8044451,1,3,1,10,2024,1,30,5.0,1300000.0,14580
8079846,1,2,1,10,2024,1,39,8.0,1670000.0,51733
8040860,1,1,1,10,2024,2,68,4.0,1300000.0,6217
8046176,1,2,1,10,2024,1,45,3.0,1200000.0,18887
8043430,1,1,1,10,2024,2,45,5.0,800000.0,11949
8040406,1,1,1,10,2024,2,50,3.0,1000000.0,5133
8078286,1,1,1,10,2024,1,34,4.0,300000.0,48077
8086864,1,1,1,10,2024,1,71,3.0,400000.0,64611
8051393,1,3,1,10,2024,2,38,5.0,1300000.0,30069
8076638,1,1,1,10,2024,1,65,13.0,10175000.0,44338
8079946,2,3,2,10,2024,1,23,10.0,1800000.0,51964
8051302,1,7,1,10,2024,1,23,3.0,1200000.0,29824
8046155,1,3,1,10,2024,1,60,3.0,1550000.0,18836
8075957,1,2,1,10,2024,1,55,3.0,200000.0,42570
8055515,1,1,1,10,2024,1,51,3.0,2000000.0,39491
8039123,1,6,1,10,2024,2,23,8.0,1300000.0,2370
8051031,1,2,1,10,2024,2,49,10.0,3300000.0,29505
8054488,1,1,1,10,2024,1,31,5.0,1300000.0,37378
8041684,1,2,1,10,2024,2,29,5.0,1300000.0,8132
8049380,1,3,1,10,2024,1,30,5.0,400000.0,25481
8049182,1,2,1,10,2024,2,33,9.0,1250000.0,25065
8084426,1,2,1,10,2024,2,44,10.0,2200000.0,61185
8045713,1,1,1,10,2024,1,39,5.0,1800000.0,17996
8043971,1,2,1,10,2024,1,29,10.0,1300000.0,13367
8054436,1,1,1,10,2024,1,29,5.0,1200000.0,37281
8080739,1,1,1,10,2024,1,59,5.0,1300000.0,53664
8051933,1,2,1,10,2024,1,29,4.0,1300000.0,31440
8048535,1,1,1,10,2024,2,29,4.0,10000000.0,23876
8081571,1,1,1,10,2024,1,37,10.0,200000.0,55423
8049794,1,2,1,10,2024,1,75,3.0,800000.0,26385
8048292,1,1,1,10,2024,1,40,5.0,1550000.0,23452
8040980,1,1,1,10,2024,2,45,5.0,1462000.0,6494
8083802,1,2,1,10,2024,2,24,10.0,120000.0,59775
8077252,1,1,1,10,2024,1,78,1.0,200000.0,45844
8082469,1,1,1,10,2024,1,27,5.0,1200000.0,56778
8083544,1,1,1,10,2024,1,48,5.0,1248000.0,59277
8084647,1,6,1,10,2024,1,20,5.0,700000.0,61599
8075594,1,1,1,10,2024,1,60,4.0,720000.0,41517
8078823,1,1,1,10,2024,1,24,4.0,1390000.0,49229
8076042,1,2,1,10,2024,1,66,1.0,350000.0,42828
8077400,1,1,1,10,2024,1,30,5.0,3840000.0,46170
8053110,1,2,1,10,2024,2,40,10.0,4132000.0,34422
8038680,1,2,1,10,2024,1,57,4.0,300000.0,1188
8054485,1,3,1,10,2024,1,26,5.0,700000.0,37370
8085984,1,1,1,10,2024,1,54,1.0,600000.0,63141
8045013,1,2,1,10,2024,2,26,5.0,1300000.0,16112
8048240,1,1,1,10,2024,1,36,8.0,1300000.0,23336
8079768,1,3,1,10,2024,1,34,6.0,1000000.0,51511
8038529,1,2,1,10,2024,1,29,5.0,700000.0,837
8045492,1,1,1,10,2024,1,57,10.0,5000000.0,17427
8082994,1,6,1,10,2024,2,33,5.0,400000.0,58063
8082421,1,1,1,10,2024,1,50,5.0,1800000.0,56682
8044161,1,2,1,10,2024,1,36,5.0,1550000.0,13791
8048785,1,1,1,10,2024,2,41,4.0,330000.0,24287
8078281,1,1,1,10,2024,1,59,5.0,300000.0,48054
8045459,1,2,1,10,2024,1,28,4.0,750000.0,17331
8083418,1,1,1,10,2024,1,51,3.0,1300000.0,59022
8050374,1,1,1,10,2024,1,35,6.0,1300000.0,27797
8042467,1,3,1,10,2024,2,22,9.0,1400000.0,9877
8078138,1,3,1,10,2024,1,18,5.0,175000.0,47707
8039736,1,1,1,10,2024,1,55,5.0,1300000.0,3632
8055152,1,2,1,10,2024,1,30,5.0,600000.0,38819
8046368,1,2,1,10,2024,2,27,8.0,1300000.0,19393
8053326,1,1,1,10,2024,1,30,10.0,8000000.0,34895
8053234,1,1,1,10,2024,2,45,5.0,1300000.0,34675
8050676,1,1,1,10,2024,2,37,5.0,500000.0,28564
8041518,1,3,1,10,2024,2,68,4.0,1200000.0,7751
8046300,1,2,1,10,2024,1,37,5.0,900000.0,19222
8050185,1,1,1,10,2024,2,74,1.0,60000.0,27288
8041143,1,2,1,10,2024,2,68,10.0,1000000.0,6895
8078352,1,1,1,10,2024,1,52,3.0,300000.0,48252
8044702,1,3,1,10,2024,1,24,4.0,500000.0,15278
8050315,1,3,1,10,2024,2,20,5.0,800000.0,27587
8084675,1,2,1,10,2024,2,38,8.0,1700000.0,61662
8046362,1,1,1,10,2024,2,58,5.0,600000.0,19378
8042619,1,1,1,10,2024,1,30,5.0,700000.0,10170
8043900,1,1,1,10,2024,1,30,9.0,5000000.0,13170
8047911,1,1,1,10,2024,2,46,8.0,1200000.0,22676
8078262,1,1,1,10,2024,1,27,6.0,1200000.0,48009
8049854,1,3,1,10,2024,1,40,3.0,960000.0,26517
8043963,1,1,1,10,2024,2,62,8.0,400000.0,13351
8077073,1,1,1,10,2024,1,55,4.0,800000.0,45336
8084458,1,1,1,10,2024,1,45,5.0,1300000.0,61241
8078963,1,1,1,10,2024,2,38,6.0,1020000.0,49559
8083349,1,3,1,10,2024,1,21,6.0,800000.0,58908
8042889,1,1,1,10,2024,1,52,11.0,1000000.0,10758
8047536,1,1,1,10,2024,1,53,6.0,1300000.0,21790
8055203,1,2,1,10,2024,2,30,10.0,3000000.0,38933
8049810,1,2,1,10,2024,2,45,8.0,2200000.0,26422
8038858,1,1,1,10,2024,1,66,3.0,1800000.0,1654
8042344,1,2,1,10,2024,1,25,5.0,1200000.0,9602
8049137,1,5,1,10,2024,1,54,4.0,1912000.0,24991
8043874,1,1,1,10,2024,2,40,5.0,1300000.0,13107
8046425,1,2,1,10,2024,1,45,9.0,2130000.0,19515
8038497,1,3,1,10,2024,1,25,8.0,1300000.0,767
8050589,1,2,1,10,2024,1,26,5.0,1000000.0,28380
8038454,1,1,1,10,2024,2,55,5.0,1600000.0,679
8050731,1,1,1,10,2024,2,32,5.0,800000.0,28684
8045625,1,1,1,10,2024,1,42,5.0,900000.0,17758
8043724,1,2,1,10,2024,1,30,5.0,1200000.0,12728
8049234,1,2,1,10,2024,1,37,4.0,1800000.0,25159
8038480,1,2,1,10,2024,2,46,5.0,1880000.0,728
8041401,1,1,1,10,2024,1,57,10.0,3500000.0,7472
8042850,1,1,1,10,2024,1,51,9.0,3200000.0,10688
8081343,1,3,1,10,2024,1,34,5.0,800000.0,54911
8052952,1,2,1,10,2024,2,44,3.0,20000.0,34013
8041931,1,2,1,10,2024,1,41,5.0,1950000.0,8642
8055045,1,1,1,10,2024,1,50,5.0,800000.0,38661
8046724,1,2,1,10,2024,2,27,11.0,2000000.0,20292
8053928,1,1,1,10,2024,1,36,4.0,1500000.0,36159
8050328,1,1,1,10,2024,1,63,5.0,1000000.0,27635
8048929,1,2,1,10,2024,2,29,5.0,2500000.0,24611
8082436,1,2,1,10,2024,1,63,4.0,2000000.0,56709
8084562,1,3,1,10,2024,2,38,10.0,2000000.0,61447
8044568,1,2,1,10,2024,2,27,10.0,2000000.0,14915
8051400,1,2,1,10,2024,2,54,5.0,1500000.0,30097
8084199,1,2,1,10,2024,2,44,5.0,400000.0,60689
8051915,1,2,1,10,2024,1,41,1.0,1000000.0,31401
8049018,1,1,1,10,2024,1,64,3.0,1240000.0,24773
8050113,1,1,1,10,2024,1,39,5.0,800000.0,27130
8076052,1,1,1,10,2024,2,34,8.0,0.0,42863
8080999,1,3,1,10,2024,1,26,5.0,1300000.0,54185
8041663,1,1,1,10,2024,1,31,8.0,8500000.0,8096
8039025,1,2,1,10,2024,1,41,5.0,1600000.0,2058
8053223,1,2,1,10,2024,2,46,8.0,1300000.0,34642
8045930,1,1,1,10,2024,2,39,3.0,420000.0,18256
8040895,1,3,1,10,2024,1,26,11.0,3200000.0,6301
8075976,1,1,1,10,2024,2,28,5.0,1300000.0,42635
8079603,1,1,1,10,2024,2,41,10.0,3000000.0,51050
8053004,1,1,1,10,2024,2,39,5.0,1300000.0,34189
8079261,1,1,1,10,2024,1,25,4.0,800000.0,50312
8038506,1,1,1,10,2024,2,33,10.0,3000000.0,782
8077735,1,1,1,10,2024,2,24,5.0,800000.0,46849
8044523,2,1,2,10,2024,2,37,8.0,1300000.0,14786
8044867,1,2,1,10,2024,1,58,3.0,650000.0,15705
8079134,1,1,1,10,2024,1,67,3.0,800000.0,49928
8083493,1,2,1,10,2024,2,34,5.0,450000.0,59193
8075664,1,2,1,10,2024,1,56,3.0,1000000.0,41762
8050651,1,3,1,10,2024,1,24,10.0,1800000.0,28521
8051065,1,2,1,10,2024,1,37,5.0,400000.0,29592
8049660,1,1,1,10,2024,1,36,3.0,1000000.0,26010
8048116,1,2,1,10,2024,2,28,10.0,2000000.0,23082
8077733,1,1,1,10,2024,2,32,3.0,600000.0,46845
8083556,1,1,1,10,2024,1,67,3.0,2000000.0,59301
8079456,1,2,1,10,2024,1,37,5.0,1300000.0,50797
8083460,1,1,1,10,2024,1,32,5.0,2500000.0,59119
8084931,1,2,1,10,2024,1,51,4.0,1000000.0,62230
8084042,1,2,1,10,2024,2,43,10.0,1700000.0,60327
8041244,1,1,1,10,2024,2,76,10.0,1000000.0,7156
8038289,1,2,1,10,2024,1,24,5.0,1300000.0,279
8046272,1,1,1,10,2024,1,67,3.0,120000.0,19113
8052536,1,1,1,10,2024,2,42,3.0,500000.0,33034
8047688,1,2,1,10,2024,2,44,10.0,1400000.0,22139
8045162,1,2,1,10,2024,2,23,9.0,700000.0,16495
8054083,1,2,1,10,2024,2,19,3.0,900000.0,36462
8040804,1,2,1,10,2024,1,31,4.0,800000.0,6068
8050160,1,2,1,10,2024,2,48,3.0,700000.0,27230
8050453,1,1,1,10,2024,1,69,5.0,100000.0,27968
8083396,1,1,1,10,2024,2,54,4.0,850000.0,58979
8040068,1,1,1,10,2024,2,44,8.0,950000.0,4294
8046557,1,1,1,10,2024,2,38,3.0,1800000.0,19877
8050582,1,1,1,10,2024,2,52,4.0,1380000.0,28362
8043300,1,3,1,10,2024,1,50,3.0,1300000.0,11628
8038993,1,1,1,10,2024,2,54,5.0,1462000.0,1993
8044854,1,2,1,10,2024,1,40,10.0,2874928.0,15672
8042597,1,1,1,10,2024,1,54,10.0,3000000.0,10118
8077286,1,1,1,10,2024,1,24,5.0,1800000.0,45925
8041104,1,1,1,10,2024,1,49,10.0,2600000.0,6781
8082856,1,1,1,10,2024,1,24,10.0,1500000.0,57746
8042801,1,2,1,10,2024,1,18,5.0,600000.0,10587
8076601,1,2,1,10,2024,1,66,3.0,1000000.0,44252
8039020,1,1,1,10,2024,2,51,8.0,1000000.0,2045
8041698,1,2,1,10,2024,2,43,3.0,1200000.0,8158
8080022,1,3,1,10,2024,2,42,3.0,1600000.0,52077
8048314,1,2,1,10,2024,2,34,10.0,3000000.0,23503
8048082,1,1,1,10,2024,2,50,3.0,160000.0,23006
8050628,1,1,1,10,2024,2,64,6.0,1800000.0,28465
8051903,1,1,1,10,2024,1,56,5.0,1000000.0,31373
8038620,1,6,1,10,2024,2,33,5.0,2050000.0,1022
8080201,1,2,1,10,2024,2,47,5.0,940000.0,52549
8050806,1,2,1,10,2024,1,28,5.0,1400000.0,28882
8048513,1,1,1,10,2024,1,35,9.0,700000.0,23823
8051974,1,1,1,10,2024,1,63,5.0,1800000.0,31544
8082379,1,2,1,10,2024,2,29,3.0,720000.0,56592
8053624,1,5,1,10,2024,2,60,4.0,200000.0,35563
8082256,1,2,1,10,2024,1,49,10.0,3500000.0,56356
8049088,1,2,1,10,2024,2,26,5.0,1300000.0,24892
8044440,1,2,1,10,2024,2,54,5.0,1600000.0,14553
8040589,1,2,1,10,2024,1,36,9.0,500000.0,5599
8042432,1,1,1,10,2024,1,64,5.0,3200000.0,9795
8083981,1,5,1,10,2024,2,54,3.0,1100000.0,60141
8041994,1,1,1,10,2024,1,61,5.0,1600000.0,8824
8046813,1,3,1,10,2024,1,59,11.0,12000000.0,20511
8076521,1,1,1,10,2024,1,76,3.0,200000.0,44080
8052278,1,1,1,10,2024,2,55,3.0,500000.0,32310
8084688,1,1,1,10,2024,1,47,11.0,16900000.0,61694
8049963,1,1,1,10,2024,1,45,10.0,1300000.0,26760
8043408,1,1,1,10,2024,1,58,4.0,1300000.0,11893
8040403,1,1,1,10,2024,1,75,3.0,2600000.0,5124
8077989,1,1,1,10,2024,2,54,8.0,700000.0,47401
8048953,1,2,1,10,2024,1,42,3.0,1300000.0,24660
8047950,1,1,1,10,2024,1,80,11.0,8000000.0,22730
8041105,1,1,1,10,2024,1,47,1.0,1400000.0,6784
8055662,1,1,1,10,2024,1,43,5.0,1800000.0,39740
8043503,1,3,1,10,2024,1,49,8.0,1450000.0,12174
8049783,1,5,1,10,2024,1,20,5.0,1050000.0,26343
8044261,1,2,1,10,2024,1,46,5.0,900000.0,14029
8049336,1,4,1,10,2024,2,24,5.0,840000.0,25395
8082873,1,2,1,10,2024,2,26,10.0,1200000.0,57800
8046979,1,1,1,10,2024,1,48,10.0,8000000.0,20779
8078210,1,1,1,10,2024,2,45,5.0,650000.0,47886
8050780,1,3,1,10,2024,1,22,9.0,2613000.0,28816
8082820,1,1,1,10,2024,1,28,5.0,1500000.0,57669
8077244,1,2,1,10,2024,1,59,1.0,1500000.0,45825
8045453,1,2,1,10,2024,1,45,5.0,1500000.0,17311
8038330,1,1,1,10,2024,1,38,5.0,1500000.0,387
8052928,1,1,1,10,2024,1,27,4.0,0.0,33935
8052487,1,1,1,10,2024,1,34,3.0,700000.0,32903
8043282,1,3,1,10,2024,1,34,5.0,50000.0,11569
8038768,1,3,1,10,2024,1,13,4.0,,1461
8083700,1,3,1,10,2024,2,54,3.0,800000.0,59579
8077805,1,1,1,10,2024,1,26,5.0,1300000.0,46998
8038736,1,1,1,10,2024,1,38,8.0,2600000.0,1352
8040343,1,2,1,10,2024,2,30,9.0,1300000.0,5000
8041659,1,1,1,10,2024,2,42,8.0,1500000.0,8084
8078864,1,1,1,10,2024,2,38,5.0,735000.0,49313
8083350,1,1,1,10,2024,1,30,10.0,2000000.0,58909
8042106,1,3,1,10,2024,1,22,4.0,3500000.0,9046
8048913,1,2,1,10,2024,2,24,9.0,1300000.0,24577
8050946,1,3,1,10,2024,1,34,5.0,1300000.0,29271
8048600,1,2,1,10,2024,2,37,8.0,1300000.0,23987
8076597,1,1,1,10,2024,2,66,3.0,2300000.0,44238
8086639,1,2,1,10,2024,2,47,10.0,2700000.0,64196
8040034,1,2,1,10,2024,2,35,10.0,2000000.0,4223
8084803,1,1,1,10,2024,1,52,5.0,800000.0,61940
8054768,1,1,1,10,2024,1,50,3.0,500000.0,38019
8044809,1,1,1,10,2024,1,26,3.0,1200000.0,15527
8042124,1,3,1,10,2024,1,27,10.0,1300000.0,9105
8078325,1,2,1,10,2024,1,28,4.0,400000.0,48169
8086461,1,1,1,10,2024,1,39,3.0,1600000.0,63741
8076977,1,1,1,10,2024,1,43,3.0,700000.0,45083
8038603,1,1,1,10,2024,2,49,5.0,150000.0,970
8052323,1,1,1,10,2024,1,25,8.0,300000.0,32466
8040195,1,1,1,10,2024,1,29,5.0,1300000.0,4633
8052571,1,1,1,10,2024,2,38,5.0,800000.0,33125
8079362,1,2,1,10,2024,1,33,5.0,1000000.0,50575
8056120,1,3,1,10,2024,1,23,8.0,1462000.0,40636
8047121,1,3,1,10,2024,1,34,5.0,1300000.0,21018
8050449,1,1,1,10,2024,2,47,5.0,1300000.0,27955
8046816,1,2,1,10,2024,2,26,10.0,2600000.0,20517
8051470,1,2,1,10,2024,1,33,5.0,900000.0,30273
8080372,1,2,1,10,2024,1,24,8.0,1100000.0,52985
8043409,1,3,1,10,2024,2,26,5.0,1300000.0,11896
8079846,1,1,1,10,2024,2,44,4.0,1600000.0,51732
8084184,1,1,1,10,2024,1,54,5.0,200000.0,60648
8045012,1,1,1,10,2024,2,21,9.0,1300000.0,16108
8039234,1,1,1,10,2024,2,57,5.0,1000000.0,2659
8045948,1,1,1,10,2024,1,47,5.0,400000.0,18311
8051943,1,3,1,10,2024,1,19,5.0,1000000.0,31467
8044956,1,1,1,10,2024,2,53,3.0,750000.0,15929
8078343,1,1,1,10,2024,1,27,4.0,200000.0,48223
8084305,1,4,1,10,2024,1,29,5.0,800000.0,60920
8054667,1,1,1,10,2024,2,27,9.0,1300000.0,37756
8051557,1,1,1,10,2024,1,61,9.0,3000000.0,30475
8045975,1,1,1,10,2024,1,47,4.0,1300000.0,18393
8051840,1,1,1,10,2024,1,33,13.0,7300000.0,31216
8056460,1,1,1,10,2024,1,34,5.0,1200000.0,41368
8054309,1,1,1,10,2024,1,28,4.0,1200000.0,36958
8081504,1,1,1,10,2024,2,27,5.0,900000.0,55307
8040827,1,4,1,10,2024,2,28,8.0,1000000.0,6111
8041945,1,3,1,10,2024,1,31,10.0,3000000.0,8681
8082211,1,2,1,10,2024,2,26,10.0,1300000.0,56287
8075570,1,1,1,10,2024,1,66,4.0,950000.0,41451
8049612,1,2,1,10,2024,2,53,12.0,5325000.0,25889
8053375,1,1,1,10,2024,1,70,5.0,1000000.0,35044
8055663,1,2,1,10,2024,2,47,11.0,3900000.0,39746
8055703,1,1,1,10,2024,1,39,3.0,1000000.0,39866
8078514,1,3,1,10,2024,2,25,10.0,1300000.0,48572
8084287,1,1,1,10,2024,2,34,8.0,1500000.0,60893
8050439,1,3,1,10,2024,1,25,5.0,1200000.0,27935
8050769,1,2,1,10,2024,2,33,11.0,6419581.0,28788
8046306,1,1,1,10,2024,2,53,11.0,13000000.0,19243
8054491,1,1,1,10,2024,2,54,3.0,1300000.0,37386
8053541,1,1,1,10,2024,1,69,10.0,2000000.0,35343
8075988,1,1,1,10,2024,1,30,8.0,1800000.0,42669
8045475,1,1,1,10,2024,1,35,9.0,1700000.0,17381
8042219,1,4,1,10,2024,1,27,10.0,1462000.0,9345
8053174,1,1,1,10,2024,2,53,3.0,3090000.0,34534
8040951,1,1,1,10,2024,1,23,5.0,1500000.0,6428
8079882,1,4,1,10,2024,2,35,5.0,1550000.0,51846
8043044,1,2,1,10,2024,1,27,5.0,900000.0,11013
8056371,1,1,1,10,2024,2,38,8.0,2000000.0,41180
8055137,1,2,1,10,2024,1,31,5.0,600000.0,38780
8049734,1,2,1,10,2024,1,68,5.0,5960000.0,26213
8043342,1,2,1,10,2024,2,34,10.0,4200000.0,11743
8082811,1,1,1,10,2024,1,47,4.0,1500000.0,57648
8085691,1,1,1,10,2024,1,38,5.0,1100000.0,62641
8085052,1,2,1,10,2024,1,33,10.0,4000000.0,62529
8051615,1,1,1,10,2024,1,53,3.0,1600000.0,30607
8049936,1,2,1,10,2024,1,40,5.0,1300000.0,26715
8076722,1,1,1,10,2024,1,33,5.0,1300000.0,44530
8044256,1,6,1,10,2024,1,34,5.0,1300000.0,14009
8078461,1,1,1,10,2024,1,39,3.0,1600000.0,48464
8049602,1,1,1,10,2024,2,44,10.0,800000.0,25862
8076371,1,1,1,10,2024,1,29,5.0,900000.0,43687
8046441,1,1,1,10,2024,1,57,5.0,5000000.0,19546
8075886,1,2,1,10,2024,1,29,5.0,250000.0,42341
8053331,1,1,1,10,2024,1,35,5.0,2700000.0,34908
8045577,1,1,1,10,2024,1,31,10.0,1890000.0,17659
8077088,1,2,1,10,2024,2,40,10.0,560000.0,45394
8047354,1,1,1,10,2024,1,43,8.0,1200000.0,21499
8052099,1,1,1,10,2024,1,58,3.0,1100000.0,31837
8051969,1,1,1,10,2024,2,30,8.0,6000000.0,31532
8081687,1,1,1,10,2024,2,57,10.0,3500000.0,55606
8082794,1,2,1,10,2024,2,25,6.0,1300000.0,57594
8076568,1,1,1,10,2024,2,77,1.0,21000.0,44169
8084082,2,1,2,10,2024,1,23,5.0,1400000.0,60461
8049311,1,1,1,10,2024,2,53,3.0,700000.0,25322
8077569,1,4,1,10,2024,1,24,9.0,1300000.0,46507
8079108,1,1,1,10,2024,2,23,10.0,1400000.0,49880
8047441,1,2,1,10,2024,1,57,1.0,650000.0,21630
8081263,1,1,1,10,2024,1,46,5.0,900000.0,54730
8044108,1,2,1,10,2024,2,42,10.0,2600000.0,13665
8077430,1,1,1,10,2024,2,79,1.0,480000.0,46234
8043177,1,1,1,10,2024,2,60,5.0,300000.0,11341
8044358,1,2,1,10,2024,1,31,3.0,900000.0,14342
8040479,1,1,1,10,2024,2,51,3.0,700000.0,5330
8046289,1,1,1,10,2024,1,37,3.0,1300000.0,19175
8083996,1,1,1,10,2024,2,32,10.0,1500000.0,60185
8056097,1,2,1,10,2024,2,70,3.0,300000.0,40592
8086344,1,1,1,10,2024,1,61,9.0,3000000.0,63499
8076470,1,1,1,10,2024,2,45,5.0,4550000.0,43938
8082859,1,2,1,10,2024,1,18,3.0,1000000.0,57753
8053227,1,2,1,10,2024,1,54,9.0,1450000.0,34654
8047984,1,1,1,10,2024,1,63,4.0,1200000.0,22799
8039320,1,1,1,10,2024,2,24,9.0,1000000.0,2876
8044197,1,1,1,10,2024,1,33,5.0,500000.0,13867
8043609,1,1,1,10,2024,2,35,4.0,600000.0,12432
8046453,1,4,1,10,2024,2,28,10.0,2436000.0,19577
8080992,1,1,1,10,2024,2,44,11.0,3500000.0,54170
8084708,1,1,1,10,2024,2,40,9.0,2000000.0,61725
8052888,1,1,1,10,2024,1,45,5.0,600000.0,33829
8044331,1,3,1,10,2024,1,30,10.0,6000000.0,14262
8075998,1,1,1,10,2024,2,28,8.0,100000.0,42701
8085070,1,1,1,10,2024,1,37,8.0,2000000.0,62555
8052176,1,2,1,10,2024,2,55,4.0,1100000.0,32031
8038535,1,1,1,10,2024,1,32,9.0,1300000.0,857
8046880,1,2,1,10,2024,2,48,10.0,3500000.0,20637
8043165,1,2,1,10,2024,2,48,3.0,200000.0,11312
8054969,1,1,1,10,2024,1,48,8.0,1300000.0,38456
8049138,1,1,1,10,2024,1,68,3.0,1500000.0,24992
8039027,1,1,1,10,2024,1,42,8.0,4500000.0,2063
8046802,1,1,1,10,2024,1,42,10.0,6600000.0,20476
8083124,1,1,1,10,2024,2,59,5.0,400000.0,58396
8086029,1,1,1,10,2024,1,33,9.0,1500000.0,63197
8038743,1,1,1,10,2024,1,34,10.0,700000.0,1373
8082971,1,2,1,10,2024,1,37,10.0,2100000.0,58020
8047084,1,1,1,10,2024,2,51,5.0,600000.0,20954
8084411,1,1,1,10,2024,1,25,9.0,1300000.0,61157
8056405,1,1,1,10,2024,1,40,4.0,800000.0,41280
8054318,1,2,1,10,2024,1,42,6.0,1200000.0,36988
8076455,1,2,1,10,2024,2,46,5.0,700000.0,43893
8045411,1,4,1,10,2024,1,24,9.0,1300000.0,17186
8047301,1,1,1,10,2024,1,32,6.0,1600000.0,21382
8043404,1,1,1,10,2024,2,43,10.0,3000000.0,11884
8039476,1,1,1,10,2024,2,41,8.0,2500000.0,3121
8084668,1,2,1,10,2024,1,44,6.0,2700000.0,61653
8040990,1,2,1,10,2024,1,43,5.0,800000.0,6521
8077305,1,1,1,10,2024,1,28,4.0,1500000.0,45952
8076541,1,1,1,10,2024,1,67,3.0,300000.0,44116
8043659,1,1,1,10,2024,1,39,5.0,1300000.0,12568
8053584,1,1,1,10,2024,1,27,4.0,1080000.0,35456
8083063,1,1,1,10,2024,1,44,8.0,600000.0,58236
8077636,1,1,1,10,2024,2,48,3.0,1344000.0,46634
8038266,1,4,1,10,2024,1,15,4.0,100000.0,219
8039125,1,3,1,10,2024,2,36,9.0,1300000.0,2378
8082030,1,2,1,10,2024,1,49,5.0,500000.0,55999
8040026,1,1,1,10,2024,1,32,10.0,1300000.0,4201
8046326,1,3,1,10,2024,1,18,10.0,60000.0,19292
8054160,1,2,1,10,2024,1,33,5.0,1300000.0,36620
8049820,1,1,1,10,2024,1,57,3.0,1200000.0,26442
8044057,1,1,1,10,2024,2,30,9.0,1300000.0,13544
8085961,1,1,1,10,2024,2,70,3.0,200000.0,63102
8082234,1,1,1,10,2024,1,39,3.0,900000.0,56323
8038540,1,1,1,10,2024,1,31,5.0,2400000.0,871
8080925,1,1,1,10,2024,1,35,5.0,1600000.0,54032
8045586,1,2,1,10,2024,2,26,5.0,1300000.0,17678
8051549,1,1,1,10,2024,1,61,9.0,3000000.0,30459
8048076,1,1,1,10,2024,1,41,5.0,1500000.0,22990
8041820,1,1,1,10,2024,2,28,10.0,1300000.0,8337
8047373,1,1,1,10,2024,1,38,5.0,2500000.0,21541
8054357,1,1,1,10,2024,1,44,1.0,900000.0,37076
8041338,1,3,1,10,2024,2,22,8.0,1300000.0,7283
8077923,1,6,1,10,2024,1,17,4.0,500000.0,47229
8056372,1,3,1,10,2024,2,31,8.0,2000000.0,41185
8052576,1,1,1,10,2024,1,28,5.0,1500000.0,33144
8080474,1,3,1,10,2024,1,22,5.0,1300000.0,53146
8053245,1,1,1,10,2024,2,26,5.0,1300000.0,34699
8080859,1,1,1,10,2024,2,42,5.0,400000.0,53898
8078135,1,3,1,10,2024,2,40,6.0,220000.0,47699
8040720,1,1,1,10,2024,2,44,1.0,600000.0,5854
8044555,1,3,1,10,2024,2,27,10.0,1500000.0,14885
8055181,1,2,1,10,2024,1,57,3.0,1200000.0,38890
8039094,1,2,1,10,2024,1,36,5.0,400000.0,2281
8079152,1,1,1,10,2024,2,55,5.0,2100000.0,49970
8078900,1,2,1,10,2024,1,49,5.0,2500000.0,49397
8051486,1,4,1,10,2024,1,37,5.0,1500000.0,30319
8043459,1,1,1,10,2024,2,55,4.0,800000.0,12023
8081510,1,1,1,10,2024,2,59,5.0,200000.0,55324
8079476,1,3,1,10,2024,1,61,5.0,1600000.0,50834
8042745,1,2,1,10,2024,1,62,3.0,900000.0,10456
8054188,1,4,1,10,2024,2,32,11.0,3000000.0,36705
8077776,1,3,1,10,2024,1,39,3.0,1800000.0,46937
8038569,1,1,1,10,2024,1,61,1.0,1450000.0,927
8053540,1,1,1,10,2024,1,42,5.0,2000000.0,35339
8056058,1,1,1,10,2024,1,45,3.0,600000.0,40506
8042159,1,2,1,10,2024,2,46,10.0,1300000.0,9206
8083967,1,1,1,10,2024,1,47,3.0,1200000.0,60096
8040590,1,1,1,10,2024,1,63,4.0,800000.0,5604
8053800,1,2,1,10,2024,1,39,4.0,2000000.0,35907
8083778,1,3,1,10,2024,2,38,10.0,1500000.0,59739
8086042,1,2,1,10,2024,2,55,10.0,3900000.0,63223
8084029,1,3,1,10,2024,2,36,10.0,3500000.0,60281
8046171,1,2,1,10,2024,1,37,5.0,1400000.0,18870
8048595,1,1,1,10,2024,2,34,4.0,540000.0,23972
8040978,1,2,1,10,2024,1,18,10.0,1300000.0,6491
8079866,1,1,1,10,2024,1,51,5.0,1300000.0,51779
8080958,1,1,1,10,2024,1,27,5.0,3600000.0,54112
8048337,1,2,1,10,2024,2,33,8.0,1875000.0,23528
8076848,1,2,1,10,2024,2,56,10.0,1800000.0,44821
8044419,1,5,1,10,2024,2,21,8.0,1400000.0,14494
8048233,1,1,1,10,2024,1,47,3.0,700000.0,23324
8043799,1,2,1,10,2024,1,36,3.0,1300000.0,12943
8078221,1,1,1,10,2024,1,25,6.0,1300000.0,47918
8052044,1,1,1,10,2024,2,47,5.0,1300000.0,31694
8081379,1,1,1,10,2024,1,41,5.0,1300000.0,54997
8081199,1,3,1,10,2024,1,34,10.0,3000000.0,54547
8047031,1,2,1,10,2024,2,39,11.0,3500000.0,20859
8038387,1,2,1,10,2024,1,21,5.0,1300000.0,540
8077854,1,1,1,10,2024,1,76,3.0,100000.0,47099
8047617,1,2,1,10,2024,1,38,5.0,800000.0,21988
8048809,1,1,1,10,2024,1,52,5.0,800000.0,24336
8049059,1,2,1,10,2024,2,27,4.0,1300000.0,24847
8046761,1,3,1,10,2024,2,31,11.0,4000000.0,20391
8040190,1,2,1,10,2024,1,63,10.0,700000.0,4618
8052133,1,1,1,10,2024,2,36,8.0,550000.0,31940
8038889,1,1,1,10,2024,1,42,3.0,500000.0,1735
8042628,1,2,1,10,2024,1,24,6.0,1600000.0,10198
8049576,1,2,1,10,2024,1,56,8.0,1400000.0,25802
8038906,1,2,1,10,2024,2,38,12.0,1800000.0,1775
8052466,1,3,1,10,2024,1,21,4.0,1000000.0,32853
8040281,1,1,1,10,2024,2,40,3.0,1100000.0,4841
8076129,1,1,1,10,2024,1,57,1.0,500000.0,43089
8076562,1,3,1,10,2024,1,29,8.0,1300000.0,44156
8078384,1,1,1,10,2024,1,60,3.0,800000.0,48300
8079273,1,2,1,10,2024,1,60,3.0,1000000.0,50350
8078961,1,1,1,10,2024,1,48,3.0,600000.0,49554
8053858,1,1,1,10,2024,2,54,3.0,1300000.0,36027
8051356,1,1,1,10,2024,1,22,5.0,200000.0,29982
8039977,1,2,1,10,2024,1,34,5.0,1300000.0,4110
8038472,1,1,1,10,2024,2,47,9.0,1300000.0,712
8080529,1,1,1,10,2024,1,35,5.0,1300000.0,53250
8045298,1,2,1,10,2024,2,43,3.0,1300000.0,16878
8046815,1,1,1,10,2024,1,54,8.0,6000000.0,20514
8076966,1,1,1,10,2024,1,78,3.0,700000.0,45055
8086040,1,2,1,10,2024,2,62,10.0,2000000.0,63215
8044422,1,3,1,10,2024,1,41,4.0,1000000.0,14503
8042028,1,3,1,10,2024,1,19,5.0,1300000.0,8918
8047629,1,1,1,10,2024,2,42,10.0,2500000.0,22019
8050312,1,2,1,10,2024,1,26,5.0,2000000.0,27577
8046785,1,1,1,10,2024,1,61,10.0,5200000.0,20429
8076670,1,3,1,10,2024,1,24,9.0,2100000.0,44416
8079440,1,1,1,10,2024,1,50,10.0,4000000.0,50752
8078542,1,2,1,10,2024,1,70,3.0,1200000.0,48640
8049604,1,1,1,10,2024,2,54,5.0,150000.0,25864
8052739,1,2,1,10,2024,2,26,5.0,1000000.0,33478
8039124,1,3,1,10,2024,1,24,4.0,400000.0,2375
8076463,1,2,1,10,2024,1,25,5.0,400000.0,43912
8054283,1,1,1,10,2024,2,22,4.0,1200000.0,36869
8046140,1,1,1,10,2024,2,43,4.0,2020000.0,18792
8078654,1,2,1,10,2024,1,54,3.0,0.0,48877
8040499,1,1,1,10,2024,1,30,5.0,1300000.0,5377
8083984,1,1,1,10,2024,1,25,10.0,1900000.0,60148
8081029,1,1,1,10,2024,2,27,5.0,2500000.0,54255
8043164,1,3,1,10,2024,1,30,5.0,1000000.0,11310
8086552,1,1,1,10,2024,2,44,10.0,900000.0,63964
8055703,1,2,1,10,2024,2,39,4.0,1300000.0,39867
8080327,1,2,1,10,2024,2,45,10.0,1300000.0,52865
8039501,1,4,1,10,2024,2,21,8.0,180000.0,3181
8078020,1,3,1,10,2024,2,19,5.0,360000.0,47480
8038530,1,3,1,10,2024,2,27,5.0,2100000.0,840
8054233,1,1,1,10,2024,2,30,4.0,1030000.0,36783
8085780,1,3,1,10,2024,1,21,5.0,1300000.0,62850
8077851,1,3,1,10,2024,1,46,5.0,500000.0,47094
8049682,1,1,1,10,2024,2,29,5.0,900000.0,26061
8079527,1,2,1,10,2024,1,31,5.0,2000000.0,50928
8040511,1,2,1,10,2024,1,21,4.0,2000000.0,5404
8045510,1,1,1,10,2024,1,27,10.0,1300000.0,17483
8041875,1,3,1,10,2024,2,51,9.0,1650000.0,8498
8051248,1,1,1,10,2024,1,40,5.0,1800000.0,29675
8044366,1,2,1,10,2024,2,54,5.0,1300000.0,14363
8084101,1,3,1,10,2024,2,54,5.0,1400000.0,60503
8082474,1,2,1,10,2024,2,46,10.0,1800000.0,56786
8048684,1,8,1,10,2024,1,38,5.0,2870000.0,24121
8080904,1,1,1,10,2024,1,50,3.0,900000.0,53978
8041912,1,4,1,10,2024,2,20,9.0,1500000.0,8588
8043211,1,6,1,10,2024,1,66,3.0,1600000.0,11403
8049940,1,1,1,10,2024,1,66,1.0,1300000.0,26721
8049144,1,2,1,10,2024,2,57,3.0,430000.0,25006
8050336,1,1,1,10,2024,1,41,4.0,1000000.0,27660
8050809,1,2,1,10,2024,1,27,10.0,1460000.0,28893
8079711,1,1,1,10,2024,2,55,4.0,140000.0,51254
8049169,1,1,1,10,2024,2,45,5.0,2000000.0,25041
8046298,1,3,1,10,2024,1,41,9.0,1300000.0,19219
8077797,1,2,1,10,2024,2,54,1.0,700000.0,46987
8048717,2,1,2,10,2024,1,63,3.0,500000.0,24203
8054681,1,1,1,10,2024,1,45,1.0,120000.0,37792
8054477,1,1,1,10,2024,2,29,11.0,4000000.0,37360
8043707,1,3,1,10,2024,1,27,10.0,6000000.0,12690
8046203,1,1,1,10,2024,1,38,9.0,1700000.0,18959
8043075,1,2,1,10,2024,2,55,1.0,200000.0,11089
8078658,1,2,1,10,2024,2,49,1.0,400000.0,48887
8075643,1,2,1,10,2024,1,48,5.0,2000000.0,41702
8050561,1,1,1,10,2024,1,42,10.0,1800000.0,28315
8045182,1,1,1,10,2024,2,37,10.0,2600000.0,16567
8052177,1,2,1,10,2024,2,41,10.0,2600000.0,32033
8048974,1,1,1,10,2024,1,21,10.0,2000000.0,24702
8039457,1,1,1,10,2024,2,48,5.0,1460000.0,3083
8047353,1,1,1,10,2024,2,77,3.0,200000.0,21496
8052593,1,2,1,10,2024,2,19,10.0,840000.0,33192
8085722,1,1,1,10,2024,2,42,4.0,13000000.0,62704
8081673,1,2,1,10,2024,1,23,5.0,300000.0,55584
8055361,1,1,1,10,2024,1,56,4.0,1800000.0,39244
8041177,1,1,1,10,2024,2,50,3.0,400000.0,6992
8042483,1,2,1,10,2024,2,39,4.0,1300000.0,9906
8078290,1,1,1,10,2024,1,30,1.0,400000.0,48088
8043390,1,3,1,10,2024,2,38,5.0,2062000.0,11847
8086727,1,2,1,10,2024,1,35,5.0,1500000.0,64385
8052597,1,1,1,10,2024,1,41,10.0,3500000.0,33203
8084997,1,2,1,10,2024,2,36,8.0,250000.0,62398
8040722,1,4,1,10,2024,1,51,1.0,1200000.0,5862
8043608,1,2,1,10,2024,1,29,8.0,400000.0,12428
8045459,1,1,1,10,2024,2,30,5.0,500000.0,17330
8078215,1,1,1,10,2024,1,32,6.0,1200000.0,47904
8079122,1,1,1,10,2024,1,82,3.0,500000.0,49903
8052751,1,1,1,10,2024,1,25,4.0,900000.0,33508
8086447,1,1,1,10,2024,1,54,3.0,280000.0,63692
8079447,1,1,1,10,2024,1,52,5.0,1720000.0,50775
8083394,1,3,1,10,2024,2,35,4.0,1100000.0,58975
8038758,1,1,1,10,2024,1,58,4.0,1500000.0,1430
8079721,1,1,1,10,2024,1,33,5.0,1465000.0,51301
8056226,1,2,1,10,2024,2,78,11.0,2000000.0,40860
8082555,1,1,1,10,2024,2,48,5.0,350000.0,56977
8051975,1,1,1,10,2024,1,49,9.0,1400000.0,31546
8084017,1,2,1,10,2024,2,31,5.0,900000.0,60245
8076362,1,1,1,10,2024,1,51,3.0,1300000.0,43665
8083414,1,3,1,10,2024,1,17,8.0,975000.0,59017
8046704,1,1,1,10,2024,1,37,11.0,3000000.0,20245
8084238,1,2,1,10,2024,1,40,12.0,4500000.0,60775
8053549,1,2,1,10,2024,2,26,5.0,1500000.0,35362
8041527,1,1,1,10,2024,1,47,4.0,1300000.0,7772
8041285,1,2,1,10,2024,1,46,12.0,1300000.0,7246
8079037,1,1,1,10,2024,1,29,4.0,1300000.0,49731
8038556,1,1,1,10,2024,2,52,3.0,1400000.0,897
8082665,1,1,1,10,2024,1,69,3.0,1600000.0,57271
8042318,1,2,1,10,2024,1,55,3.0,500000.0,9548
8075841,1,1,1,10,2024,2,27,3.0,750000.0,42216
8079186,1,4,1,10,2024,1,41,4.0,300000.0,50069
8055420,1,1,1,10,2024,1,79,6.0,2000000.0,39356
8043043,1,3,1,10,2024,1,28,9.0,1200000.0,11009
8040100,1,1,1,10,2024,2,43,5.0,250000.0,4367
8043146,1,3,1,10,2024,2,16,6.0,200000.0,11260
8055848,1,1,1,10,2024,1,38,8.0,2000000.0,40097
8080817,1,3,1,10,2024,1,21,5.0,1400000.0,53812
8083083,1,2,1,10,2024,2,23,5.0,1200000.0,58292
8045679,1,2,1,10,2024,2,18,6.0,1300000.0,17910
8085951,1,2,1,10,2024,2,58,5.0,3000000.0,63085
8083577,1,1,1,10,2024,1,53,5.0,1300000.0,59348
8052716,1,1,1,10,2024,1,46,3.0,1470000.0,33423
8045310,1,1,1,10,2024,2,61,4.0,470000.0,16908
8084871,1,3,1,10,2024,2,27,5.0,1600000.0,62100
8076559,1,1,1,10,2024,2,20,5.0,1000000.0,44150
8050065,1,5,1,10,2024,1,27,4.0,1300000.0,27037
8076184,1,1,1,10,2024,2,38,9.0,150000.0,43258
8082964,1,3,1,10,2024,2,22,5.0,560000.0,57995
8044188,1,1,1,10,2024,1,29,8.0,2500000.0,13849
8051607,1,2,1,10,2024,1,58,4.0,1300000.0,30589
8081641,1,3,1,10,2024,2,30,10.0,450000.0,55531
8077424,1,1,1,10,2024,1,44,4.0,1400000.0,46223
8042152,1,1,1,10,2024,2,54,5.0,140000.0,9180
8041659,1,2,1,10,2024,1,39,9.0,1400000.0,8085
8086541,1,1,1,10,2024,1,55,5.0,1300000.0,63927
8086007,1,2,1,10,2024,2,47,10.0,1400000.0,63187
8077969,1,2,1,10,2024,2,56,5.0,70000.0,47337
8078051,1,1,1,10,2024,2,56,3.0,1200000.0,47534
8039283,1,2,1,10,2024,2,29,12.0,17370000.0,2781
8053257,1,2,1,10,2024,1,24,9.0,1300000.0,34729
8055868,1,2,1,10,2024,2,33,10.0,2400000.0,40164
8043746,1,2,1,10,2024,1,53,5.0,900000.0,12785
8076372,1,1,1,10,2024,1,41,3.0,1800000.0,43688
8083877,1,1,1,10,2024,2,25,8.0,1300000.0,59944
8049112,1,2,1,10,2024,1,15,4.0,120000.0,24937
8082723,1,4,1,10,2024,2,25,5.0,1000000.0,57410
8048268,1,1,1,10,2024,1,36,9.0,1600000.0,23398
8052561,1,1,1,10,2024,1,35,5.0,600000.0,33101
8039618,1,2,1,10,2024,2,26,8.0,1462000.0,3378
8076593,1,1,1,10,2024,2,55,4.0,1300000.0,44227
8076076,1,2,1,10,2024,2,21,3.0,160000.0,42933
8042719,1,1,1,10,2024,1,39,5.0,650000.0,10405
8050941,1,2,1,10,2024,2,34,5.0,480000.0,29254
8044320,1,1,1,10,2024,1,55,3.0,1300000.0,14228
8049632,1,1,1,10,2024,1,66,3.0,640000.0,25954
8049555,1,2,1,10,2024,2,26,5.0,1300000.0,25748
8083813,1,2,1,10,2024,1,41,8.0,2900000.0,59796
8043970,1,1,1,10,2024,2,57,5.0,1300000.0,13365
8046339,1,2,1,10,2024,1,29,8.0,1300000.0,19325
8080581,1,1,1,10,2024,1,17,4.0,730000.0,53362
8083065,1,1,1,10,2024,1,29,10.0,2500000.0,58241
8049190,1,2,1,10,2024,2,59,3.0,1400000.0,25081
8085690,1,3,1,10,2024,2,25,10.0,2200000.0,62638
8049928,1,2,1,10,2024,1,26,10.0,1500000.0,26698
8080919,1,2,1,10,2024,2,41,5.0,600000.0,54018
8053344,1,2,1,10,2024,1,24,10.0,1500000.0,34938
8041984,1,1,1,10,2024,1,44,10.0,9000000.0,8795
8056097,1,1,1,10,2024,1,60,3.0,300000.0,40591
8045375,1,4,1,10,2024,1,23,5.0,1450000.0,17078
8083951,1,1,1,10,2024,1,32,8.0,900000.0,60048
8079816,1,6,1,10,2024,2,44,4.0,300000.0,51650
8048917,1,1,1,10,2024,2,68,3.0,700000.0,24586
8039400,1,1,1,10,2024,1,45,3.0,1600000.0,2978
8081310,1,6,1,10,2024,1,70,1.0,1500000.0,54852
8040566,1,1,1,10,2024,2,54,5.0,50000.0,5526
8075945,1,1,1,10,2024,1,22,4.0,600000.0,42528
8048504,1,1,1,10,2024,2,53,5.0,1300000.0,23802
8052791,1,2,1,10,2024,1,50,3.0,1300000.0,33603
8040772,1,4,1,10,2024,1,56,4.0,625000.0,6007
8086870,1,2,1,10,2024,1,35,10.0,3500000.0,64623
8046826,1,1,1,10,2024,2,63,4.0,300000.0,20534
8055426,1,1,1,10,2024,1,53,11.0,4000000.0,39366
8050884,1,1,1,10,2024,1,34,5.0,2950000.0,29094
8084365,1,3,1,10,2024,1,35,10.0,1300000.0,61058
8040715,1,3,1,10,2024,2,19,5.0,900000.0,5842
8045101,1,2,1,10,2024,1,28,10.0,7000000.0,16342
8055528,1,2,1,10,2024,2,25,5.0,1000000.0,39507
8055969,1,2,1,10,2024,1,44,3.0,500000.0,40348
8050939,1,2,1,10,2024,2,39,5.0,1300000.0,29245
8054702,1,3,1,10,2024,1,24,8.0,1900000.0,37831
8041961,1,2,1,10,2024,1,27,5.0,2000000.0,8737
8055397,1,1,1,10,2024,1,39,5.0,1300000.0,39326
8043541,1,2,1,10,2024,1,52,5.0,1300000.0,12277
8083315,1,1,1,10,2024,2,32,5.0,1200000.0,58829
8047095,1,3,1,10,2024,1,37,5.0,1300000.0,20978
8077947,1,1,1,10,2024,1,47,7.0,2000000.0,47279
8040926,1,2,1,10,2024,2,70,5.0,1300000.0,6374
8051752,1,2,1,10,2024,2,26,9.0,2000000.0,30959
8048521,1,1,1,10,2024,2,41,3.0,900000.0,23844
8054731,1,2,1,10,2024,1,48,5.0,1500000.0,37916
8049000,1,2,1,10,2024,1,24,10.0,2400000.0,24741
8050340,1,3,1,10,2024,1,37,5.0,1200000.0,27679
8080986,1,1,1,10,2024,1,31,10.0,5500000.0,54160
8047635,1,4,1,10,2024,1,21,5.0,1300000.0,22037
8045228,1,2,1,10,2024,2,36,5.0,1600000.0,16710
8053997,1,2,1,10,2024,1,36,4.0,1200000.0,36297
8043853,1,1,1,10,2024,1,34,10.0,3100000.0,13054
8045409,1,1,1,10,2024,2,38,5.0,1300000.0,17177
8079235,1,1,1,10,2024,2,28,5.0,300000.0,50229
8042704,1,11,1,10,2024,1,58,3.0,700000.0,10360
8052755,1,1,1,10,2024,1,39,3.0,1600000.0,33512
8078592,1,1,1,10,2024,1,45,5.0,1400000.0,48747
8077976,1,3,1,10,2024,1,27,5.0,900000.0,47358
8077089,1,2,1,10,2024,2,25,3.0,60000.0,45398
8046508,1,2,1,10,2024,1,33,5.0,500000.0,19715
8043220,1,1,1,10,2024,1,51,3.0,800000.0,11424
8076909,1,1,1,10,2024,1,44,3.0,1650000.0,44948
8077111,1,1,1,10,2024,1,23,3.0,800000.0,45457
8052570,1,2,1,10,2024,2,61,3.0,800000.0,33124
8080820,1,2,1,10,2024,1,58,3.0,1500000.0,53817
8041859,1,1,1,10,2024,2,34,10.0,2600000.0,8454
8051414,1,1,1,10,2024,1,69,3.0,800000.0,30136
8038615,1,1,1,10,2024,1,59,8.0,2400000.0,1010
8084524,1,3,1,10,2024,2,20,5.0,800000.0,61359
8054414,1,1,1,10,2024,2,40,8.0,350000.0,37213
8039162,1,2,1,10,2024,2,35,8.0,1500000.0,2478
8081897,1,2,1,10,2024,1,30,4.0,800000.0,55815
8053454,1,1,1,10,2024,1,50,11.0,6000000.0,35187
8078841,1,1,1,10,2024,2,27,5.0,1500000.0,49270
8051408,1,2,1,10,2024,2,35,5.0,2300000.0,30119
8053488,1,1,1,10,2024,2,31,10.0,20000000.0,35241
8040742,1,1,1,10,2024,2,45,4.0,300000.0,5908
8084888,1,2,1,10,2024,2,22,10.0,1300000.0,62129
8076278,1,1,1,10,2024,2,48,4.0,480000.0,43475
8079169,1,1,1,10,2024,1,60,1.0,450000.0,50022
8039191,1,1,1,10,2024,2,66,10.0,2300000.0,2538
8051845,1,1,1,10,2024,2,34,3.0,500000.0,31230
8079868,1,1,1,10,2024,1,27,10.0,1600000.0,51788
8056430,1,1,1,10,2024,1,48,3.0,1300000.0,41334
8052085,1,3,1,10,2024,2,30,10.0,1800000.0,31808
8082036,1,2,1,10,2024,1,33,4.0,1120000.0,56007
8054462,1,2,1,10,2024,2,24,5.0,1300000.0,37342
8077535,1,2,1,10,2024,2,29,5.0,400000.0,46418
8043125,1,3,1,10,2024,1,30,5.0,1400000.0,11201
8046069,1,1,1,10,2024,2,38,5.0,800000.0,18635
8046050,1,1,1,10,2024,1,69,3.0,400000.0,18591
8076179,1,1,1,10,2024,2,42,4.0,90000.0,43240
8048361,1,1,1,10,2024,2,43,4.0,1300000.0,23567
8045209,1,2,1,10,2024,1,40,5.0,1300000.0,16647
8079793,1,1,1,10,2024,1,27,10.0,3900000.0,51581
8053265,1,1,1,10,2024,2,44,10.0,3500000.0,34746
8078359,1,1,1,10,2024,2,73,3.0,2000000.0,48271
8078532,1,2,1,10,2024,1,17,6.0,800000.0,48613
8042168,1,2,1,10,2024,2,41,10.0,750000.0,9219
8083758,1,2,1,10,2024,2,31,8.0,1300000.0,59689
8050083,1,6,1,10,2024,1,18,4.0,600000.0,27081
8056112,1,1,1,10,2024,1,63,3.0,1000000.0,40619
8039811,1,2,1,10,2024,2,53,3.0,1000000.0,3762
8081350,1,1,1,10,2024,1,46,8.0,1460000.0,54921
8078937,1,1,1,10,2024,1,54,3.0,2150000.0,49492
8082829,1,2,1,10,2024,2,56,5.0,300000.0,57682
8086579,1,1,1,10,2024,1,64,5.0,2800000.0,64041
8046653,1,1,1,10,2024,2,33,5.0,450000.0,20127
8083491,1,2,1,10,2024,1,63,3.0,950000.0,59189
8047453,1,2,1,10,2024,2,18,5.0,1000000.0,21656
8042691,1,1,1,10,2024,1,30,8.0,1300000.0,10322
8040458,1,4,1,10,2024,2,24,5.0,1300000.0,5280
8085963,1,1,1,10,2024,2,21,5.0,3000000.0,63106
8083687,1,2,1,10,2024,1,29,9.0,1800000.0,59554
8076365,1,1,1,10,2024,2,29,10.0,2000000.0,43673
8038762,1,2,1,10,2024,1,66,4.0,1000000.0,1442
8052101,1,1,1,10,2024,1,61,4.0,350000.0,31846
8084158,1,2,1,10,2024,2,36,8.0,400000.0,60561
8038456,1,2,1,10,2024,2,22,10.0,600000.0,682
8043050,1,1,1,10,2024,2,37,5.0,800000.0,11029
8047397,1,1,1,10,2024,2,45,5.0,1300000.0,21578
8052322,1,5,1,10,2024,1,22,5.0,392000.0,32463
8078015,1,1,1,10,2024,1,76,1.0,1000000.0,47468
8082774,1,1,1,10,2024,2,36,10.0,2200000.0,57536
8055376,1,1,1,10,2024,2,40,12.0,6500000.0,39275
8045357,1,2,1,10,2024,2,32,10.0,2000000.0,17025
8080995,1,1,1,10,2024,1,58,3.0,1300000.0,54172
8038619,1,2,1,10,2024,1,40,10.0,1900000.0,1015
8039202,1,1,1,10,2024,2,33,11.0,3000000.0,2571
8041085,1,1,1,10,2024,2,36,10.0,2000000.0,6742
8048724,1,2,1,10,2024,2,29,10.0,2600000.0,24224
8046761,1,2,1,10,2024,2,53,8.0,1300000.0,20390
8081468,1,1,1,10,2024,1,64,3.0,1300000.0,55206
8053734,1,1,1,10,2024,2,46,5.0,900000.0,35833
8045941,1,2,1,10,2024,1,45,5.0,300000.0,18287
8051884,1,3,1,10,2024,2,55,3.0,1300000.0,31327
8080715,1,2,1,10,2024,1,54,11.0,10000000.0,53631
8038497,1,2,1,10,2024,1,25,8.0,1300000.0,766
8039743,1,1,1,10,2024,1,36,10.0,3200000.0,3640
8046331,1,1,1,10,2024,1,25,8.0,3000000.0,19301
8076163,1,7,1,10,2024,1,45,3.0,700000.0,43190
8041986,1,2,1,10,2024,1,44,10.0,7500000.0,8800
8043614,1,4,1,10,2024,2,19,10.0,900000.0,12450
8039911,1,1,1,10,2024,2,33,8.0,820000.0,3969
8083787,1,1,1,10,2024,2,27,5.0,1300000.0,59756
8083611,1,1,1,10,2024,1,29,10.0,3200000.0,59410
8077240,1,1,1,10,2024,1,25,3.0,1100000.0,45806
8086856,1,3,1,10,2024,2,29,12.0,3000000.0,64589
8076686,1,2,1,10,2024,2,44,5.0,300000.0,44439
8046700,1,2,1,10,2024,2,33,8.0,1200000.0,20233
8054736,1,1,1,10,2024,1,24,5.0,1000000.0,37932
8084392,1,2,1,10,2024,1,24,4.0,700000.0,61123
8078516,1,2,1,10,2024,1,22,5.0,1300000.0,48577
8056076,1,2,1,10,2024,2,67,6.0,260000.0,40543
8079192,1,1,1,10,2024,2,39,5.0,160000.0,50090
8040138,1,2,1,10,2024,2,51,6.0,700000.0,4474
8042433,1,2,1,10,2024,1,34,5.0,1300000.0,9798
8048453,1,2,1,10,2024,1,31,10.0,600000.0,23705
8080409,1,1,1,10,2024,2,48,8.0,2200000.0,53085
8077781,1,2,1,10,2024,1,34,5.0,1300000.0,46945
8077026,1,3,1,10,2024,1,51,5.0,1500000.0,45197
8080863,1,1,1,10,2024,1,32,5.0,200000.0,53908
8041015,1,2,1,10,2024,1,61,3.0,800000.0,6583
8079892,1,1,1,10,2024,1,58,5.0,1300000.0,51868
8043237,1,2,1,10,2024,1,31,5.0,2000000.0,11454
8050473,1,2,1,10,2024,2,19,5.0,1300000.0,28034
8086862,1,1,1,10,2024,2,62,3.0,1400000.0,64607
8083525,1,2,1,10,2024,2,35,5.0,500000.0,59235
8056141,1,1,1,10,2024,1,31,8.0,1300000.0,40677
8045679,1,1,1,10,2024,2,26,6.0,1300000.0,17909
8045436,1,1,1,10,2024,1,60,5.0,1300000.0,17253
8053939,1,3,1,10,2024,1,49,8.0,600000.0,36191
8049932,1,1,1,10,2024,1,31,5.0,960000.0,26703
8053474,1,1,1,10,2024,2,36,10.0,1300000.0,35225
8083691,1,1,1,10,2024,2,35,10.0,2200000.0,59562
8076509,1,2,1,10,2024,2,46,12.0,6000000.0,44044
8041854,1,3,1,10,2024,1,21,5.0,800000.0,8438
8085899,1,1,1,10,2024,1,45,12.0,6000000.0,63024
8077354,1,1,1,10,2024,2,34,10.0,3000000.0,46070
8045745,1,1,1,10,2024,2,33,9.0,1900000.0,18076
8084507,1,2,1,10,2024,1,21,4.0,1000000.0,61332
8043363,1,2,1,10,2024,2,24,5.0,1800000.0,11792
8049799,1,2,1,10,2024,1,73,3.0,550000.0,26394
8051634,1,1,1,10,2024,1,42,5.0,2500000.0,30653
8056490,1,1,1,10,2024,2,19,4.0,700000.0,41436
8049311,1,5,1,10,2024,2,21,4.0,1200000.0,25326
8052520,1,2,1,10,2024,2,52,5.0,550000.0,32993
8052874,1,2,1,10,2024,1,39,5.0,1300000.0,33804
8053664,1,1,1,10,2024,1,55,10.0,5000000.0,35636
8055014,1,2,1,10,2024,2,35,6.0,900000.0,38567
8048867,1,2,1,10,2024,2,20,10.0,1300000.0,24475
8042681,1,1,1,10,2024,2,56,4.0,800000.0,10297
8041867,1,3,1,10,2024,1,35,6.0,1200000.0,8475
8081588,1,2,1,10,2024,2,31,10.0,2000000.0,55444
8041404,1,3,1,10,2024,1,22,5.0,1000000.0,7488
8049698,1,1,1,10,2024,1,27,5.0,1300000.0,26104
8078313,1,3,1,10,2024,1,24,5.0,80000.0,48153
8045042,1,1,1,10,2024,2,65,10.0,5000000.0,16180
8082306,1,4,1,10,2024,2,30,5.0,600000.0,56435
8085947,1,1,1,10,2024,2,31,8.0,1300000.0,63076
8083459,1,1,1,10,2024,2,52,10.0,2400000.0,59118
8052014,1,1,1,10,2024,2,37,5.0,1600000.0,31624
8080628,1,2,1,10,2024,2,45,5.0,1300000.0,53454
8077204,1,2,1,10,2024,1,29,4.0,1500000.0,45717
8040045,1,1,1,10,2024,1,38,5.0,800000.0,4254
8045619,1,2,1,10,2024,2,42,8.0,300000.0,17737
8075696,1,2,1,10,2024,1,63,3.0,700000.0,41846
8047785,1,1,1,10,2024,2,48,10.0,1650000.0,22384
8043663,1,1,1,10,2024,1,48,4.0,300000.0,12577
8076468,1,1,1,10,2024,2,40,5.0,1350000.0,43928
8051927,1,2,1,10,2024,1,67,3.0,250000.0,31425
8045626,2,2,2,10,2024,2,59,3.0,600000.0,17765
8080605,1,6,1,10,2024,2,55,4.0,400000.0,53417
8052147,1,1,1,10,2024,2,45,3.0,1000000.0,31966
8078298,1,1,1,10,2024,2,38,4.0,500000.0,48108
8051944,1,6,1,10,2024,2,19,6.0,1480000.0,31473
8077935,1,2,1,10,2024,1,26,1.0,500000.0,47270
8053277,1,6,1,10,2024,1,32,9.0,1300000.0,34764
8051303,1,1,1,10,2024,2,30,9.0,1500000.0,29825
8050501,1,3,1,10,2024,1,23,5.0,1300000.0,28133
8086502,1,4,1,10,2024,1,33,10.0,1800000.0,63830
8051602,1,2,1,10,2024,2,20,10.0,1300000.0,30578
8080538,1,2,1,10,2024,1,30,5.0,1300000.0,53268
8045767,1,1,1,10,2024,1,29,8.0,1430000.0,18133
8042122,1,4,1,10,2024,1,22,5.0,600000.0,9088
8048436,1,1,1,10,2024,2,23,9.0,1460000.0,23679
8084908,1,2,1,10,2024,1,32,8.0,1500000.0,62184
8086566,1,1,1,10,2024,1,61,10.0,5500000.0,63999
8040575,1,3,1,10,2024,2,26,9.0,1600000.0,5565
8040498,1,3,1,10,2024,2,43,10.0,4200000.0,5376
8052517,1,2,1,10,2024,2,16,3.0,400000.0,32986
8076395,1,3,1,10,2024,1,30,9.0,600000.0,43762
8053001,1,1,1,10,2024,2,51,3.0,220000.0,34179
8040452,1,1,1,10,2024,2,51,3.0,900000.0,5261
8047841,1,1,1,10,2024,1,51,9.0,1600000.0,22507
8082625,1,3,1,10,2024,1,19,8.0,1500000.0,57137
8056382,1,2,1,10,2024,1,28,8.0,2000000.0,41220
8048026,1,1,1,10,2024,2,22,5.0,2000000.0,22876
8051735,1,6,1,10,2024,1,36,3.0,1300000.0,30908
8084271,1,2,1,10,2024,2,37,8.0,2200000.0,60858
8052555,1,1,1,10,2024,1,43,5.0,700000.0,33084
8052574,1,1,1,10,2024,1,70,3.0,1220000.0,33141
8053154,1,2,1,10,2024,2,41,5.0,900000.0,34488
8043501,1,1,1,10,2024,1,42,9.0,1600000.0,12164
8050278,1,2,1,10,2024,2,46,11.0,4200000.0,27533
8054183,1,1,1,10,2024,2,55,11.0,2950000.0,36690
8042899,1,2,1,10,2024,2,34,5.0,1500000.0,10783
8043422,1,1,1,10,2024,1,51,10.0,10000000.0,11930
8050812,1,1,1,10,2024,1,44,5.0,1460000.0,28904
8041148,1,2,1,10,2024,2,26,10.0,200000.0,6913
8041833,1,1,1,10,2024,2,22,6.0,450000.0,8362
8081049,1,1,1,10,2024,1,61,8.0,0.0,54310
8081367,1,2,1,10,2024,2,28,5.0,1300000.0,54943
8046352,1,1,1,10,2024,2,43,5.0,1300000.0,19351
8038721,1,2,1,10,2024,2,41,10.0,2000000.0,1318
8082884,1,2,1,10,2024,2,22,5.0,1300000.0,57825
8045208,1,3,1,10,2024,2,28,5.0,1000000.0,16645
8046554,1,1,1,10,2024,1,27,3.0,350000.0,19866
8079745,1,1,1,10,2024,2,42,5.0,700000.0,51415
8053229,1,1,1,10,2024,1,48,5.0,1000000.0,34659
8051380,1,4,1,10,2024,2,40,9.0,1300000.0,30041
8086633,1,2,1,10,2024,2,24,8.0,1300000.0,64182
8051553,1,1,1,10,2024,1,61,9.0,3000000.0,30467
8078309,1,2,1,10,2024,2,24,5.0,280000.0,48144
8084105,1,1,1,10,2024,1,57,9.0,1500000.0,60511
8050901,1,1,1,10,2024,2,24,8.0,2000000.0,29139
8054292,1,1,1,10,2024,2,39,6.0,900000.0,36904
8043538,1,1,1,10,2024,2,38,10.0,4200000.0,12270
8078939,1,1,1,10,2024,2,62,3.0,300000.0,49495
8044439,1,1,1,10,2024,1,71,3.0,150000.0,14549
8077368,1,1,1,10,2024,2,24,10.0,1300000.0,46096
8045065,1,2,1,10,2024,2,56,11.0,7000000.0,16239
8043057,1,1,1,10,2024,1,49,3.0,700000.0,11043
8038367,1,2,1,10,2024,1,62,3.0,700000.0,488
8052635,1,4,1,10,2024,1,54,5.0,1300000.0,33298
8083656,1,1,1,10,2024,1,53,5.0,1300000.0,59492
8055847,1,4,1,10,2024,1,37,3.0,700000.0,40096
8084492,1,1,1,10,2024,2,41,3.0,800000.0,61296
8053233,1,1,1,10,2024,1,65,3.0,1500000.0,34670
8038878,1,8,1,10,2024,2,28,10.0,1600000.0,1712
8040388,1,1,1,10,2024,2,63,11.0,1300000.0,5089
8082930,1,2,1,10,2024,1,36,5.0,1300000.0,57929
8083940,1,1,1,10,2024,1,44,11.0,3000000.0,60006
8039814,1,1,1,10,2024,1,55,10.0,500000.0,3769
8052584,1,3,1,10,2024,2,43,10.0,2250000.0,33172
8050051,1,5,1,10,2024,1,33,3.0,400000.0,27006
8042448,1,3,1,10,2024,1,24,10.0,1000000.0,9840
8042156,1,2,1,10,2024,2,30,4.0,750000.0,9198
8082097,1,1,1,10,2024,2,22,5.0,320000.0,56092
8054072,1,1,1,10,2024,2,46,5.0,1700000.0,36436
8075904,1,2,1,10,2024,1,62,1.0,500000.0,42390
8044604,1,1,1,10,2024,2,27,5.0,2000000.0,15013
8048961,1,2,1,10,2024,1,65,9.0,3500000.0,24678
8039115,1,1,1,10,2024,1,29,8.0,1500000.0,2344
8050109,1,1,1,10,2024,1,23,3.0,800000.0,27124
8079726,1,1,1,10,2024,2,65,4.0,100000.0,51324
8047696,1,1,1,10,2024,2,40,5.0,1500000.0,22155
8046740,1,1,1,10,2024,2,27,5.0,1300000.0,20331
8048007,1,1,1,10,2024,1,30,5.0,1500000.0,22842
8056332,1,1,1,10,2024,1,24,5.0,2600000.0,41089
8042112,1,1,1,10,2024,1,34,5.0,800000.0,9059
8048593,1,1,1,10,2024,1,30,5.0,1400000.0,23969
8083690,1,1,1,10,2024,1,42,11.0,3500000.0,59560
8048536,1,3,1,10,2024,1,27,3.0,1300000.0,23884
8077582,1,1,1,10,2024,1,62,3.0,1300000.0,46538
8040541,1,1,1,10,2024,1,35,10.0,2500000.0,5462
8083875,1,3,1,10,2024,2,28,10.0,1300000.0,59942
8040232,1,1,1,10,2024,1,40,11.0,5514000.0,4742
8086512,1,1,1,10,2024,1,43,9.0,3300000.0,63849
8078393,1,1,1,10,2024,1,46,3.0,800000.0,48324
8042180,1,2,1,10,2024,1,48,5.0,850000.0,9253
8050347,1,2,1,10,2024,1,43,3.0,1700000.0,27710
8053386,1,2,1,10,2024,2,33,8.0,2400000.0,35077
8083469,1,2,1,10,2024,2,48,10.0,2400000.0,59134
8055572,1,1,1,10,2024,2,55,11.0,6200000.0,39565
8081045,1,1,1,10,2024,1,29,4.0,800000.0,54295
8052275,1,2,1,10,2024,1,45,8.0,800000.0,32305
8048805,1,3,1,10,2024,1,30,10.0,2680000.0,24331
8045084,1,1,1,10,2024,2,76,3.0,100000.0,16289
8056414,1,1,1,10,2024,2,45,7.0,2300000.0,41303
8055583,1,1,1,10,2024,1,42,3.0,1500000.0,39580
8083490,1,1,1,10,2024,1,25,5.0,1300000.0,59185
8039851,1,1,1,10,2024,1,44,9.0,1800000.0,3835
8077852,1,2,1,10,2024,1,26,10.0,1200000.0,47096
8046012,1,1,1,10,2024,1,40,3.0,1320000.0,18489
8077434,1,2,1,10,2024,1,17,4.0,1200000.0,46240
8050363,1,1,1,10,2024,2,24,10.0,1300000.0,27768
8080650,1,1,1,10,2024,2,44,9.0,1300000.0,53511
8084105,1,2,1,10,2024,2,51,10.0,1200000.0,60512
8052018,1,2,1,10,2024,1,46,5.0,3500000.0,31634
8053194,1,2,1,10,2024,2,64,4.0,640000.0,34585
8053530,1,2,1,10,2024,1,27,5.0,1400000.0,35325
8048849,1,2,1,10,2024,2,22,10.0,1000000.0,24428
8044846,1,4,1,10,2024,1,58,5.0,350000.0,15652
8082710,1,3,1,10,2024,1,31,4.0,900000.0,57378
8086408,1,1,1,10,2024,1,61,9.0,3000000.0,63623
8083247,1,1,1,10,2024,2,69,6.0,1200000.0,58656
8053486,1,1,1,10,2024,2,35,10.0,8000000.0,35240
8080531,1,1,1,10,2024,2,63,4.0,1000000.0,53253
8086545,1,5,1,10,2024,1,19,5.0,1300000.0,63940
8052062,1,3,1,10,2024,2,31,5.0,1800000.0,31737
8049133,1,1,1,10,2024,2,41,8.0,1700000.0,24975
8042893,1,2,1,10,2024,2,38,8.0,1500000.0,10773
8078199,1,3,1,10,2024,1,26,4.0,800000.0,47858
8053740,1,3,1,10,2024,1,30,9.0,2500000.0,35854
8075712,1,1,1,10,2024,1,66,1.0,500000.0,41888
8052765,1,5,1,10,2024,1,23,5.0,1600000.0,33540
8038400,1,4,1,10,2024,2,42,10.0,4000000.0,573
8045399,1,3,1,10,2024,1,25,8.0,1300000.0,17152
8038415,2,5,2,10,2024,2,31,4.0,800000.0,618
8040323,1,1,1,10,2024,1,38,5.0,1300000.0,4952
8045674,1,1,1,10,2024,2,66,5.0,1450000.0,17899
8081218,1,1,1,10,2024,1,38,8.0,1300000.0,54595
8084827,1,2,1,10,2024,1,53,3.0,450000.0,61998
8081241,1,1,1,10,2024,2,47,5.0,1300000.0,54661
8043662,1,1,1,10,2024,2,55,11.0,5800000.0,12575
8048711,1,3,1,10,2024,1,26,10.0,1300000.0,24175
8084298,1,1,1,10,2024,2,49,8.0,500000.0,60907
8045628,1,2,1,10,2024,2,48,10.0,3000000.0,17773
8050302,1,4,1,10,2024,1,25,5.0,1300000.0,27566
8083570,1,1,1,10,2024,1,41,3.0,1300000.0,59326
8080258,1,2,1,10,2024,2,50,5.0,1300000.0,52707
8078980,1,3,1,10,2024,1,38,4.0,1150000.0,49597
8079948,1,4,1,10,2024,1,30,8.0,2500000.0,51968
8043205,1,1,1,10,2024,2,66,9.0,2000000.0,11389
8056449,1,1,1,10,2024,1,22,9.0,1670000.0,41352
8047558,1,2,1,10,2024,1,25,8.0,1200000.0,21841
8045189,1,3,1,10,2024,2,16,5.0,0.0,16586
8078334,1,2,1,10,2024,1,36,3.0,900000.0,48200
8050133,1,2,1,10,2024,1,45,3.0,350000.0,27172
8042963,1,1,1,10,2024,2,50,3.0,700000.0,10841
8051923,1,1,1,10,2024,1,32,5.0,1500000.0,31417
8040756,1,2,1,10,2024,2,49,5.0,1300000.0,5961
8078561,1,1,1,10,2024,1,66,1.0,1600000.0,48674
8083749,1,5,1,10,2024,2,44,8.0,1300000.0,59670
8048810,1,1,1,10,2024,2,33,5.0,1300000.0,24339
8054249,1,1,1,10,2024,1,52,11.0,4200000.0,36809
8040514,1,1,1,10,2024,2,47,4.0,700000.0,5411
8041885,1,1,1,10,2024,1,60,5.0,1500000.0,8519
8042478,1,1,1,10,2024,1,74,10.0,5300000.0,9896
8050257,1,2,1,10,2024,1,32,9.0,1462000.0,27480
8047968,1,3,1,10,2024,2,21,10.0,1000000.0,22763
8078007,1,3,1,10,2024,2,35,5.0,750000.0,47449
8079992,1,1,1,10,2024,1,33,10.0,3500000.0,52035
8054131,1,2,1,10,2024,2,62,4.0,1000000.0,36565
8075802,1,1,1,10,2024,1,60,3.0,1200000.0,42116
8050833,1,1,1,10,2024,1,43,5.0,600000.0,28960
8075858,1,1,1,10,2024,2,39,5.0,1500000.0,42274
8038401,1,1,1,10,2024,1,37,11.0,5000000.0,574
8081066,1,3,1,10,2024,2,26,10.0,1150000.0,54341
8077812,1,2,1,10,2024,1,23,5.0,1300000.0,47014
8080037,1,1,1,10,2024,1,35,5.0,1300000.0,52107
8039908,1,1,1,10,2024,1,20,10.0,600000.0,3960
8045481,1,2,1,10,2024,1,31,5.0,850000.0,17398
8079807,1,1,1,10,2024,1,39,9.0,4800000.0,51607
8053560,1,8,1,10,2024,2,26,3.0,400000.0,35384
8080346,1,1,1,10,2024,1,47,10.0,1000000.0,52910
8078935,1,1,1,10,2024,1,39,3.0,1200000.0,49486
8047221,1,1,1,10,2024,2,71,3.0,50000.0,21225
8052870,1,1,1,10,2024,1,22,5.0,1600000.0,33796
8043234,1,2,1,10,2024,2,55,4.0,1420000.0,11449
8083027,1,2,1,10,2024,2,34,11.0,3000000.0,58160
8078069,1,2,1,10,2024,1,35,5.0,500000.0,47574
8081157,1,1,1,10,2024,1,43,3.0,1500000.0,54502
8077962,1,1,1,10,2024,2,39,1.0,1280000.0,47314
8084349,1,1,1,10,2024,1,55,4.0,1300000.0,61018
8041308,1,1,1,10,2024,2,21,5.0,1300000.0,7268
8082453,1,1,1,10,2024,1,43,5.0,1300000.0,56733
8048944,1,1,1,10,2024,1,56,9.0,1100000.0,24641
8043542,1,3,1,10,2024,1,37,5.0,950000.0,12281
8052907,1,2,1,10,2024,2,54,3.0,150000.0,33881
8040297,1,6,1,10,2024,1,28,5.0,800000.0,4900
8041846,1,2,1,10,2024,1,56,6.0,1300000.0,8406
8080338,1,1,1,10,2024,2,61,3.0,1000000.0,52894
8051934,1,1,1,10,2024,1,59,3.0,1500000.0,31441
8046436,1,1,1,10,2024,1,43,9.0,8000000.0,19532
8046792,1,1,1,10,2024,2,32,8.0,300000.0,20446
8049700,1,3,1,10,2024,2,25,3.0,500000.0,26112
8046701,1,4,1,10,2024,2,32,10.0,1800000.0,20239
8078207,1,4,1,10,2024,1,63,3.0,540000.0,47879
8076473,1,1,1,10,2024,2,42,5.0,700000.0,43946
8048053,1,1,1,10,2024,1,53,5.0,500000.0,22929
8080249,1,3,1,10,2024,2,25,5.0,1200000.0,52683
8055217,1,3,1,10,2024,2,40,5.0,1300000.0,38977
8042579,1,1,1,10,2024,2,42,5.0,800000.0,10095
8052631,1,2,1,10,2024,1,21,5.0,1300000.0,33281
8043213,1,2,1,10,2024,1,25,10.0,3000000.0,11408
8047794,1,2,1,10,2024,1,32,5.0,1200000.0,22407
8052165,1,2,1,10,2024,2,36,4.0,240000.0,31998
8053373,1,1,1,10,2024,1,48,5.0,1300000.0,35041
8050042,1,2,1,10,2024,2,35,5.0,1280000.0,26971
8076723,1,1,1,10,2024,2,37,11.0,6200000.0,44533
8048431,1,6,1,10,2024,1,24,5.0,1300000.0,23672
8054788,1,2,1,10,2024,2,47,10.0,2600000.0,38068
8054679,1,1,1,10,2024,2,60,5.0,300000.0,37785
8083942,1,2,1,10,2024,2,44,11.0,5000000.0,60011
8051323,1,1,1,10,2024,1,67,3.0,400000.0,29886
8084200,1,3,1,10,2024,1,23,5.0,1600000.0,60695
8053897,1,2,1,10,2024,1,39,6.0,1300000.0,36101
8079244,1,1,1,10,2024,2,38,5.0,1000000.0,50259
8046925,1,1,1,10,2024,1,29,10.0,1000000.0,20752
8045576,1,2,1,10,2024,2,35,10.0,4700000.0,17656
8051762,1,5,1,10,2024,2,24,5.0,1300000.0,30989
8050135,1,1,1,10,2024,2,47,3.0,1300000.0,27176
8084329,1,2,1,10,2024,2,43,10.0,3000000.0,60977
8083989,1,2,1,10,2024,1,74,4.0,1000000.0,60166
8045156,1,2,1,10,2024,1,66,4.0,1200000.0,16482
8043363,1,1,1,10,2024,1,24,10.0,2000000.0,11791
8051496,1,3,1,10,2024,2,35,9.0,1500000.0,30342
8084229,1,1,1,10,2024,2,25,10.0,2500000.0,60755
8077114,1,1,1,10,2024,2,62,3.0,200000.0,45468
8041013,1,2,1,10,2024,1,33,5.0,1500000.0,6576
8077768,1,2,1,10,2024,1,37,4.0,1300000.0,46925
8082639,1,2,1,10,2024,2,45,5.0,1300000.0,57182
8080106,1,1,1,10,2024,2,32,11.0,2000000.0,52299
8038362,1,1,1,10,2024,1,24,5.0,1300000.0,470
8054038,1,2,1,10,2024,1,70,3.0,200000.0,36359
8082608,1,2,1,10,2024,2,52,9.0,2500000.0,57090
8046376,1,1,1,10,2024,1,25,8.0,1300000.0,19416
